bundle	variable_name	qsirecon_suffix	source_file	zero_proportion	mean	stdev	median	masked_mean	masked_median	masked_stdev	weighted_mean	masked_weighted_mean	subject_id	session_id	task_id	dir_id	acq_id	space_id	rec_id	run_id	bundle_source	bundle_params_id
Association_ArcuateFasciculusL	dki_ad	DIPYDKI	/scratch/grmpy/SLURM_11194840_22/job-11194840-22-sub-112028/ds/inputs/data/qsiprep/qsiprep/sub-112028/ses-1/dwi/sub-112028_ses-1_acq-multiband_dir-AP_space-ACPC_desc-preproc_dwi.nii.gz	0.0060070081762055	0.001248744665645	0.0003649418649729	0.0012025081086903	0.0012562912888824	0.0012042190646752	0.0003528551605995	0.0013747920747846	0.001375213265419	sub-112028	ses-1		dir-AP	acq-multiband	space-ACPC			DSIStudio	autotrackgqi
Association_ArcuateFasciculusL	dki_ak	DIPYDKI	/scratch/grmpy/SLURM_11194840_22/job-11194840-22-sub-112028/ds/inputs/data/qsiprep/qsiprep/sub-112028/ses-1/dwi/sub-112028_ses-1_acq-multiband_dir-AP_space-ACPC_desc-preproc_dwi.nii.gz	0.00967795761722	0.7688966949297138	0.2144785101795531	0.780885245437043	0.776410765410914	0.7829767675692146	0.2015355374143422	0.8267223677950323	0.8275082832524012	sub-112028	ses-1		dir-AP	acq-multiband	space-ACPC			DSIStudio	autotrackgqi
Association_ArcuateFasciculusL	dki_fa	DIPYDKI	/scratch/grmpy/SLURM_11194840_22/job-11194840-22-sub-112028/ds/inputs/data/qsiprep/qsiprep/sub-112028/ses-1/dwi/sub-112028_ses-1_acq-multiband_dir-AP_space-ACPC_desc-preproc_dwi.nii.gz	0.0063407308526614	0.3386568129062652	0.1815731525421142	0.3243029713630676	0.3408178389072418	0.3265084326267242	0.1801184862852096	0.4763200283050537	0.4764682054519653	sub-112028	ses-1		dir-AP	acq-multiband	space-ACPC			DSIStudio	autotrackgqi
Association_ArcuateFasciculusL	dki_kfa	DIPYDKI	/scratch/grmpy/SLURM_11194840_22/job-11194840-22-sub-112028/ds/inputs/data/qsiprep/qsiprep/sub-112028/ses-1/dwi/sub-112028_ses-1_acq-multiband_dir-AP_space-ACPC_desc-preproc_dwi.nii.gz	0.0280327048222926	0.5029137134552002	0.1834270507097244	0.5065732598304749	0.5174183249473572	0.511936604976654	0.164653867483139	0.5507738590240479	0.5530726909637451	sub-112028	ses-1		dir-AP	acq-multiband	space-ACPC			DSIStudio	autotrackgqi
Association_ArcuateFasciculusL	dki_linearity	DIPYDKI	/scratch/grmpy/SLURM_11194840_22/job-11194840-22-sub-112028/ds/inputs/data/qsiprep/qsiprep/sub-112028/ses-1/dwi/sub-112028_ses-1_acq-multiband_dir-AP_space-ACPC_desc-preproc_dwi.nii.gz	0.0063407308526614	0.1385642141103744	0.1092053279280662	0.1067692711949348	0.1394484192132949	0.1076092422008514	0.1089890003204345	0.2180941700935363	0.2181620001792907	sub-112028	ses-1		dir-AP	acq-multiband	space-ACPC			DSIStudio	autotrackgqi
Association_ArcuateFasciculusL	dki_md	DIPYDKI	/scratch/grmpy/SLURM_11194840_22/job-11194840-22-sub-112028/ds/inputs/data/qsiprep/qsiprep/sub-112028/ses-1/dwi/sub-112028_ses-1_acq-multiband_dir-AP_space-ACPC_desc-preproc_dwi.nii.gz	0.0060070081762055	0.00091445480939	0.0002726535603869	0.000872059375979	0.0009199811611324	0.0008726519881747	0.0002640172315295	0.0008809351129457	0.0008812049636617	sub-112028	ses-1		dir-AP	acq-multiband	space-ACPC			DSIStudio	autotrackgqi
Association_ArcuateFasciculusL	dki_mk	DIPYDKI	/scratch/grmpy/SLURM_11194840_22/job-11194840-22-sub-112028/ds/inputs/data/qsiprep/qsiprep/sub-112028/ses-1/dwi/sub-112028_ses-1_acq-multiband_dir-AP_space-ACPC_desc-preproc_dwi.nii.gz	0.00967795761722	0.8389532524202832	0.3597883373931945	0.8723872624997883	0.8471519531179035	0.8778815769129635	0.3518055346172656	1.083409700460175	1.0844396330489203	sub-112028	ses-1		dir-AP	acq-multiband	space-ACPC			DSIStudio	autotrackgqi
Association_ArcuateFasciculusL	dki_mkt	DIPYDKI	/scratch/grmpy/SLURM_11194840_22/job-11194840-22-sub-112028/ds/inputs/data/qsiprep/qsiprep/sub-112028/ses-1/dwi/sub-112028_ses-1_acq-multiband_dir-AP_space-ACPC_desc-preproc_dwi.nii.gz	0.0060070081762055	0.8463586749234874	0.3197797010754966	0.8934440092595821	0.851473483098281	0.8967390549577691	0.3138820111300549	1.038876979331072	1.0391951689747565	sub-112028	ses-1		dir-AP	acq-multiband	space-ACPC			DSIStudio	autotrackgqi
Association_ArcuateFasciculusL	dki_planarity	DIPYDKI	/scratch/grmpy/SLURM_11194840_22/job-11194840-22-sub-112028/ds/inputs/data/qsiprep/qsiprep/sub-112028/ses-1/dwi/sub-112028_ses-1_acq-multiband_dir-AP_space-ACPC_desc-preproc_dwi.nii.gz	0.0065075921908893	0.1996412873268127	0.1361066848039627	0.1706960350275039	0.2009489685297012	0.1717167347669601	0.1355860978364944	0.2528219223022461	0.2529007196426391	sub-112028	ses-1		dir-AP	acq-multiband	space-ACPC			DSIStudio	autotrackgqi
Association_ArcuateFasciculusL	dki_rd	DIPYDKI	/scratch/grmpy/SLURM_11194840_22/job-11194840-22-sub-112028/ds/inputs/data/qsiprep/qsiprep/sub-112028/ses-1/dwi/sub-112028_ses-1_acq-multiband_dir-AP_space-ACPC_desc-preproc_dwi.nii.gz	0.0060070081762055	0.0007473098812624	0.0002816756314132	0.0007064515957608	0.0007518260972574	0.0007075981120578	0.0002764511446002	0.0006340066902339	0.0006342008709907	sub-112028	ses-1		dir-AP	acq-multiband	space-ACPC			DSIStudio	autotrackgqi
Association_ArcuateFasciculusL	dki_rk	DIPYDKI	/scratch/grmpy/SLURM_11194840_22/job-11194840-22-sub-112028/ds/inputs/data/qsiprep/qsiprep/sub-112028/ses-1/dwi/sub-112028_ses-1_acq-multiband_dir-AP_space-ACPC_desc-preproc_dwi.nii.gz	0.00967795761722	0.985773773657132	0.6046535009625557	0.9343260616896408	0.995407283155382	0.9418734001192458	0.5996578082787672	1.5052469496546452	1.5066778972942725	sub-112028	ses-1		dir-AP	acq-multiband	space-ACPC			DSIStudio	autotrackgqi
Association_ArcuateFasciculusL	dki_sphericity	DIPYDKI	/scratch/grmpy/SLURM_11194840_22/job-11194840-22-sub-112028/ds/inputs/data/qsiprep/qsiprep/sub-112028/ses-1/dwi/sub-112028_ses-1_acq-multiband_dir-AP_space-ACPC_desc-preproc_dwi.nii.gz	0.0060070081762055	0.6557875275611877	0.1964741349220276	0.678436815738678	0.6597506403923035	0.6820054054260254	0.1903173625469207	0.5287777781486511	0.5289397239685059	sub-112028	ses-1		dir-AP	acq-multiband	space-ACPC			DSIStudio	autotrackgqi
Association_CingulumR	dki_ad	DIPYDKI	/scratch/grmpy/SLURM_11194840_22/job-11194840-22-sub-112028/ds/inputs/data/qsiprep/qsiprep/sub-112028/ses-1/dwi/sub-112028_ses-1_acq-multiband_dir-AP_space-ACPC_desc-preproc_dwi.nii.gz	0.0001151410477835	0.0013926454121246	0.0006237846100702	0.0012349700555205	0.0013928057160228	0.001235025585629	0.0006236414192244	0.0013938621850684	0.0013938642805442	sub-112028	ses-1		dir-AP	acq-multiband	space-ACPC			DSIStudio	autotrackgqi
Association_CingulumR	dki_ak	DIPYDKI	/scratch/grmpy/SLURM_11194840_22/job-11194840-22-sub-112028/ds/inputs/data/qsiprep/qsiprep/sub-112028/ses-1/dwi/sub-112028_ses-1_acq-multiband_dir-AP_space-ACPC_desc-preproc_dwi.nii.gz	0.0013816925734024	0.7476289022396392	0.1747352250003221	0.7598015624054391	0.7486633247954879	0.7599964275795547	0.1726273714797971	0.7888291120645482	0.7888793303844255	sub-112028	ses-1		dir-AP	acq-multiband	space-ACPC			DSIStudio	autotrackgqi
Association_CingulumR	dki_fa	DIPYDKI	/scratch/grmpy/SLURM_11194840_22/job-11194840-22-sub-112028/ds/inputs/data/qsiprep/qsiprep/sub-112028/ses-1/dwi/sub-112028_ses-1_acq-multiband_dir-AP_space-ACPC_desc-preproc_dwi.nii.gz	0.0001151410477835	0.285028338432312	0.1689013093709945	0.2395058572292328	0.2850611805915832	0.2395320236682891	0.1688833236694336	0.4188733994960785	0.4188739955425262	sub-112028	ses-1		dir-AP	acq-multiband	space-ACPC			DSIStudio	autotrackgqi
Association_CingulumR	dki_kfa	DIPYDKI	/scratch/grmpy/SLURM_11194840_22/job-11194840-22-sub-112028/ds/inputs/data/qsiprep/qsiprep/sub-112028/ses-1/dwi/sub-112028_ses-1_acq-multiband_dir-AP_space-ACPC_desc-preproc_dwi.nii.gz	0.0047207829591249	0.4849704504013061	0.1740419715642929	0.4861157238483429	0.4872707426548004	0.4868341088294983	0.1712116152048111	0.5665075778961182	0.5680923461914062	sub-112028	ses-1		dir-AP	acq-multiband	space-ACPC			DSIStudio	autotrackgqi
Association_CingulumR	dki_linearity	DIPYDKI	/scratch/grmpy/SLURM_11194840_22/job-11194840-22-sub-112028/ds/inputs/data/qsiprep/qsiprep/sub-112028/ses-1/dwi/sub-112028_ses-1_acq-multiband_dir-AP_space-ACPC_desc-preproc_dwi.nii.gz	0.0001151410477835	0.1222565621137619	0.1085051000118255	0.0858866199851036	0.1222706362605094	0.0859053507447242	0.1085034161806106	0.2056701928377151	0.2056705057621002	sub-112028	ses-1		dir-AP	acq-multiband	space-ACPC			DSIStudio	autotrackgqi
Association_CingulumR	dki_md	DIPYDKI	/scratch/grmpy/SLURM_11194840_22/job-11194840-22-sub-112028/ds/inputs/data/qsiprep/qsiprep/sub-112028/ses-1/dwi/sub-112028_ses-1_acq-multiband_dir-AP_space-ACPC_desc-preproc_dwi.nii.gz	0.0001151410477835	0.001074003521353	0.0005291074048727	0.0009216900216415	0.0010741271544247	0.0009216957259923	0.0005290123517625	0.0009329531458206	0.0009329545428045	sub-112028	ses-1		dir-AP	acq-multiband	space-ACPC			DSIStudio	autotrackgqi
Association_CingulumR	dki_mk	DIPYDKI	/scratch/grmpy/SLURM_11194840_22/job-11194840-22-sub-112028/ds/inputs/data/qsiprep/qsiprep/sub-112028/ses-1/dwi/sub-112028_ses-1_acq-multiband_dir-AP_space-ACPC_desc-preproc_dwi.nii.gz	0.0013816925734024	0.7910195536501371	0.2527291453833435	0.776730724615445	0.7921140116973874	0.7771832266698471	0.2511841136972339	0.9317540983451345	0.9318134153224048	sub-112028	ses-1		dir-AP	acq-multiband	space-ACPC			DSIStudio	autotrackgqi
Association_CingulumR	dki_mkt	DIPYDKI	/scratch/grmpy/SLURM_11194840_22/job-11194840-22-sub-112028/ds/inputs/data/qsiprep/qsiprep/sub-112028/ses-1/dwi/sub-112028_ses-1_acq-multiband_dir-AP_space-ACPC_desc-preproc_dwi.nii.gz	0.0001151410477835	0.7972091158990589	0.2422035901560111	0.7916118591768622	0.7973009179621519	0.7916596863478018	0.2420663968086319	0.9148306383204112	0.9148320017578556	sub-112028	ses-1		dir-AP	acq-multiband	space-ACPC			DSIStudio	autotrackgqi
Association_CingulumR	dki_planarity	DIPYDKI	/scratch/grmpy/SLURM_11194840_22/job-11194840-22-sub-112028/ds/inputs/data/qsiprep/qsiprep/sub-112028/ses-1/dwi/sub-112028_ses-1_acq-multiband_dir-AP_space-ACPC_desc-preproc_dwi.nii.gz	0.0005757052389176	0.148737221956253	0.104924701154232	0.1222816705703735	0.1488229036331176	0.1223118528723716	0.1048941537737846	0.1867182403802871	0.1867229640483856	sub-112028	ses-1		dir-AP	acq-multiband	space-ACPC			DSIStudio	autotrackgqi
Association_CingulumR	dki_rd	DIPYDKI	/scratch/grmpy/SLURM_11194840_22/job-11194840-22-sub-112028/ds/inputs/data/qsiprep/qsiprep/sub-112028/ses-1/dwi/sub-112028_ses-1_acq-multiband_dir-AP_space-ACPC_desc-preproc_dwi.nii.gz	0.0001151410477835	0.0009146825177595	0.0005140109569765	0.000784148403909	0.0009147878736257	0.0007841610349714	0.0005139468121342	0.0007024985970929	0.0007024996448308	sub-112028	ses-1		dir-AP	acq-multiband	space-ACPC			DSIStudio	autotrackgqi
Association_CingulumR	dki_rk	DIPYDKI	/scratch/grmpy/SLURM_11194840_22/job-11194840-22-sub-112028/ds/inputs/data/qsiprep/qsiprep/sub-112028/ses-1/dwi/sub-112028_ses-1_acq-multiband_dir-AP_space-ACPC_desc-preproc_dwi.nii.gz	0.0013816925734024	0.8925894783304106	0.5012491247397703	0.7918884411241489	0.8938244689610996	0.7925374475794522	0.5004942074921892	1.2405887313212185	1.2406677079597654	sub-112028	ses-1		dir-AP	acq-multiband	space-ACPC			DSIStudio	autotrackgqi
Association_CingulumR	dki_sphericity	DIPYDKI	/scratch/grmpy/SLURM_11194840_22/job-11194840-22-sub-112028/ds/inputs/data/qsiprep/qsiprep/sub-112028/ses-1/dwi/sub-112028_ses-1_acq-multiband_dir-AP_space-ACPC_desc-preproc_dwi.nii.gz	0.0001151410477835	0.7288910746574402	0.1632621586322784	0.7730638980865479	0.7289749979972839	0.7731156349182129	0.1630840748548507	0.6076099276542664	0.6076108813285828	sub-112028	ses-1		dir-AP	acq-multiband	space-ACPC			DSIStudio	autotrackgqi
Association_FrontalAslantTractR	dki_ad	DIPYDKI	/scratch/grmpy/SLURM_11194840_22/job-11194840-22-sub-112028/ds/inputs/data/qsiprep/qsiprep/sub-112028/ses-1/dwi/sub-112028_ses-1_acq-multiband_dir-AP_space-ACPC_desc-preproc_dwi.nii.gz	0.0	0.001310171210207	0.0003517918521538	0.0012630685232579	0.001310171210207	0.0012630685232579	0.0003517918521538	0.0013553992612287	0.0013553992612287	sub-112028	ses-1		dir-AP	acq-multiband	space-ACPC			DSIStudio	autotrackgqi
Association_FrontalAslantTractR	dki_ak	DIPYDKI	/scratch/grmpy/SLURM_11194840_22/job-11194840-22-sub-112028/ds/inputs/data/qsiprep/qsiprep/sub-112028/ses-1/dwi/sub-112028_ses-1_acq-multiband_dir-AP_space-ACPC_desc-preproc_dwi.nii.gz	0.0	0.7745324320834429	0.1714109520951638	0.7668917464086494	0.7745324320834429	0.7668917464086494	0.1714109520951638	0.8208245788926783	0.8208245788926783	sub-112028	ses-1		dir-AP	acq-multiband	space-ACPC			DSIStudio	autotrackgqi
Association_FrontalAslantTractR	dki_fa	DIPYDKI	/scratch/grmpy/SLURM_11194840_22/job-11194840-22-sub-112028/ds/inputs/data/qsiprep/qsiprep/sub-112028/ses-1/dwi/sub-112028_ses-1_acq-multiband_dir-AP_space-ACPC_desc-preproc_dwi.nii.gz	0.0	0.3544775247573852	0.1709500849246978	0.3564378619194031	0.3544775247573852	0.3564378619194031	0.1709500849246978	0.438407301902771	0.438407301902771	sub-112028	ses-1		dir-AP	acq-multiband	space-ACPC			DSIStudio	autotrackgqi
Association_FrontalAslantTractR	dki_kfa	DIPYDKI	/scratch/grmpy/SLURM_11194840_22/job-11194840-22-sub-112028/ds/inputs/data/qsiprep/qsiprep/sub-112028/ses-1/dwi/sub-112028_ses-1_acq-multiband_dir-AP_space-ACPC_desc-preproc_dwi.nii.gz	0.0022309936502488	0.4606936573982239	0.1390703469514846	0.4664541482925415	0.4617237448692322	0.4668638408184051	0.1375070363283157	0.4926120042800903	0.4929676353931427	sub-112028	ses-1		dir-AP	acq-multiband	space-ACPC			DSIStudio	autotrackgqi
Association_FrontalAslantTractR	dki_linearity	DIPYDKI	/scratch/grmpy/SLURM_11194840_22/job-11194840-22-sub-112028/ds/inputs/data/qsiprep/qsiprep/sub-112028/ses-1/dwi/sub-112028_ses-1_acq-multiband_dir-AP_space-ACPC_desc-preproc_dwi.nii.gz	0.0	0.1551464200019836	0.1071081459522247	0.1311201155185699	0.1551464200019836	0.1311201155185699	0.1071081459522247	0.2013706266880035	0.2013706266880035	sub-112028	ses-1		dir-AP	acq-multiband	space-ACPC			DSIStudio	autotrackgqi
Association_FrontalAslantTractR	dki_md	DIPYDKI	/scratch/grmpy/SLURM_11194840_22/job-11194840-22-sub-112028/ds/inputs/data/qsiprep/qsiprep/sub-112028/ses-1/dwi/sub-112028_ses-1_acq-multiband_dir-AP_space-ACPC_desc-preproc_dwi.nii.gz	0.0	0.0009459213470108	0.0002939415862783	0.0008900747052393	0.0009459213470108	0.0008900747052393	0.0002939415862783	0.0008978645782917	0.0008978645782917	sub-112028	ses-1		dir-AP	acq-multiband	space-ACPC			DSIStudio	autotrackgqi
Association_FrontalAslantTractR	dki_mk	DIPYDKI	/scratch/grmpy/SLURM_11194840_22/job-11194840-22-sub-112028/ds/inputs/data/qsiprep/qsiprep/sub-112028/ses-1/dwi/sub-112028_ses-1_acq-multiband_dir-AP_space-ACPC_desc-preproc_dwi.nii.gz	0.0	0.9766203554443064	0.2714796197963687	1.0196381181223275	0.9766203554443064	1.0196381181223275	0.2714796197963687	1.124261641467026	1.124261641467026	sub-112028	ses-1		dir-AP	acq-multiband	space-ACPC			DSIStudio	autotrackgqi
Association_FrontalAslantTractR	dki_mkt	DIPYDKI	/scratch/grmpy/SLURM_11194840_22/job-11194840-22-sub-112028/ds/inputs/data/qsiprep/qsiprep/sub-112028/ses-1/dwi/sub-112028_ses-1_acq-multiband_dir-AP_space-ACPC_desc-preproc_dwi.nii.gz	0.0	0.946383294127988	0.2411597716057064	0.9785035818655176	0.946383294127988	0.9785035818655176	0.2411597716057064	1.0742117576183206	1.0742117576183206	sub-112028	ses-1		dir-AP	acq-multiband	space-ACPC			DSIStudio	autotrackgqi
Association_FrontalAslantTractR	dki_planarity	DIPYDKI	/scratch/grmpy/SLURM_11194840_22/job-11194840-22-sub-112028/ds/inputs/data/qsiprep/qsiprep/sub-112028/ses-1/dwi/sub-112028_ses-1_acq-multiband_dir-AP_space-ACPC_desc-preproc_dwi.nii.gz	0.0	0.1863542944192886	0.1210092455148696	0.1621451377868652	0.1863542944192886	0.1621451377868652	0.1210092455148696	0.2195176184177398	0.2195176184177398	sub-112028	ses-1		dir-AP	acq-multiband	space-ACPC			DSIStudio	autotrackgqi
Association_FrontalAslantTractR	dki_rd	DIPYDKI	/scratch/grmpy/SLURM_11194840_22/job-11194840-22-sub-112028/ds/inputs/data/qsiprep/qsiprep/sub-112028/ses-1/dwi/sub-112028_ses-1_acq-multiband_dir-AP_space-ACPC_desc-preproc_dwi.nii.gz	0.0	0.0007637963281013	0.0003158079925924	0.0007098969072103	0.0007637963281013	0.0007098969072103	0.0003158079925924	0.0006690972368232	0.0006690972368232	sub-112028	ses-1		dir-AP	acq-multiband	space-ACPC			DSIStudio	autotrackgqi
Association_FrontalAslantTractR	dki_rk	DIPYDKI	/scratch/grmpy/SLURM_11194840_22/job-11194840-22-sub-112028/ds/inputs/data/qsiprep/qsiprep/sub-112028/ses-1/dwi/sub-112028_ses-1_acq-multiband_dir-AP_space-ACPC_desc-preproc_dwi.nii.gz	0.0	1.2484266911273538	0.5077456146153685	1.2856729739048105	1.2484266911273538	1.2856729739048105	0.5077456146153685	1.5231305354119065	1.5231305354119065	sub-112028	ses-1		dir-AP	acq-multiband	space-ACPC			DSIStudio	autotrackgqi
Association_FrontalAslantTractR	dki_sphericity	DIPYDKI	/scratch/grmpy/SLURM_11194840_22/job-11194840-22-sub-112028/ds/inputs/data/qsiprep/qsiprep/sub-112028/ses-1/dwi/sub-112028_ses-1_acq-multiband_dir-AP_space-ACPC_desc-preproc_dwi.nii.gz	0.0	0.6584993004798889	0.1733564734458923	0.6659786701202393	0.6584993004798889	0.6659786701202393	0.1733564734458923	0.5791117548942566	0.5791117548942566	sub-112028	ses-1		dir-AP	acq-multiband	space-ACPC			DSIStudio	autotrackgqi
Association_HippocampusAlveusR	dki_ad	DIPYDKI	/scratch/grmpy/SLURM_11194840_22/job-11194840-22-sub-112028/ds/inputs/data/qsiprep/qsiprep/sub-112028/ses-1/dwi/sub-112028_ses-1_acq-multiband_dir-AP_space-ACPC_desc-preproc_dwi.nii.gz	0.0	0.0015919933794066	0.000818172993604	0.0013442088384181	0.0015919933794066	0.0013442088384181	0.000818172993604	0.0017564659938216	0.0017564659938216	sub-112028	ses-1		dir-AP	acq-multiband	space-ACPC			DSIStudio	autotrackgqi
Association_HippocampusAlveusR	dki_ak	DIPYDKI	/scratch/grmpy/SLURM_11194840_22/job-11194840-22-sub-112028/ds/inputs/data/qsiprep/qsiprep/sub-112028/ses-1/dwi/sub-112028_ses-1_acq-multiband_dir-AP_space-ACPC_desc-preproc_dwi.nii.gz	0.0004840271055179	0.745216374623636	0.1623229493971785	0.7560068888027067	0.745577254223938	0.7562521449974119	0.1615315324010759	0.7403858997167858	0.7403966669570063	sub-112028	ses-1		dir-AP	acq-multiband	space-ACPC			DSIStudio	autotrackgqi
Association_HippocampusAlveusR	dki_fa	DIPYDKI	/scratch/grmpy/SLURM_11194840_22/job-11194840-22-sub-112028/ds/inputs/data/qsiprep/qsiprep/sub-112028/ses-1/dwi/sub-112028_ses-1_acq-multiband_dir-AP_space-ACPC_desc-preproc_dwi.nii.gz	0.0	0.2947447299957275	0.1524661183357238	0.2659319639205932	0.2947447299957275	0.2659319639205932	0.1524661183357238	0.3224003911018371	0.3224003911018371	sub-112028	ses-1		dir-AP	acq-multiband	space-ACPC			DSIStudio	autotrackgqi
Association_HippocampusAlveusR	dki_kfa	DIPYDKI	/scratch/grmpy/SLURM_11194840_22/job-11194840-22-sub-112028/ds/inputs/data/qsiprep/qsiprep/sub-112028/ses-1/dwi/sub-112028_ses-1_acq-multiband_dir-AP_space-ACPC_desc-preproc_dwi.nii.gz	0.0038722168441432	0.4819737374782562	0.1817909181118011	0.486249178647995	0.4838472902774811	0.4871383905410766	0.1796382069587707	0.4561019837856293	0.456351637840271	sub-112028	ses-1		dir-AP	acq-multiband	space-ACPC			DSIStudio	autotrackgqi
Association_HippocampusAlveusR	dki_linearity	DIPYDKI	/scratch/grmpy/SLURM_11194840_22/job-11194840-22-sub-112028/ds/inputs/data/qsiprep/qsiprep/sub-112028/ses-1/dwi/sub-112028_ses-1_acq-multiband_dir-AP_space-ACPC_desc-preproc_dwi.nii.gz	0.0	0.1259351372718811	0.101121187210083	0.0959118753671646	0.1259351372718811	0.0959118753671646	0.101121187210083	0.1509770900011062	0.1509770900011062	sub-112028	ses-1		dir-AP	acq-multiband	space-ACPC			DSIStudio	autotrackgqi
Association_HippocampusAlveusR	dki_md	DIPYDKI	/scratch/grmpy/SLURM_11194840_22/job-11194840-22-sub-112028/ds/inputs/data/qsiprep/qsiprep/sub-112028/ses-1/dwi/sub-112028_ses-1_acq-multiband_dir-AP_space-ACPC_desc-preproc_dwi.nii.gz	0.0	0.0012203509686514	0.0006957714795134	0.0009914771653711	0.0012203509686514	0.0009914771653711	0.0006957714795134	0.0013028670800849	0.0013028670800849	sub-112028	ses-1		dir-AP	acq-multiband	space-ACPC			DSIStudio	autotrackgqi
Association_HippocampusAlveusR	dki_mk	DIPYDKI	/scratch/grmpy/SLURM_11194840_22/job-11194840-22-sub-112028/ds/inputs/data/qsiprep/qsiprep/sub-112028/ses-1/dwi/sub-112028_ses-1_acq-multiband_dir-AP_space-ACPC_desc-preproc_dwi.nii.gz	0.0004840271055179	0.7578094390855267	0.2089874413233754	0.7860584270954833	0.7581764170221298	0.7860658520463994	0.2083714642132131	0.7975720869820707	0.7975836858246141	sub-112028	ses-1		dir-AP	acq-multiband	space-ACPC			DSIStudio	autotrackgqi
Association_HippocampusAlveusR	dki_mkt	DIPYDKI	/scratch/grmpy/SLURM_11194840_22/job-11194840-22-sub-112028/ds/inputs/data/qsiprep/qsiprep/sub-112028/ses-1/dwi/sub-112028_ses-1_acq-multiband_dir-AP_space-ACPC_desc-preproc_dwi.nii.gz	0.0	0.7778687657844708	0.1914964863853442	0.804013541429025	0.7778687657844708	0.804013541429025	0.1914964863853442	0.8092384408402304	0.8092384408402304	sub-112028	ses-1		dir-AP	acq-multiband	space-ACPC			DSIStudio	autotrackgqi
Association_HippocampusAlveusR	dki_planarity	DIPYDKI	/scratch/grmpy/SLURM_11194840_22/job-11194840-22-sub-112028/ds/inputs/data/qsiprep/qsiprep/sub-112028/ses-1/dwi/sub-112028_ses-1_acq-multiband_dir-AP_space-ACPC_desc-preproc_dwi.nii.gz	0.0	0.1509642601013183	0.0999908000230789	0.1311530768871307	0.1509642601013183	0.1311530768871307	0.0999908000230789	0.1405756473541259	0.1405756473541259	sub-112028	ses-1		dir-AP	acq-multiband	space-ACPC			DSIStudio	autotrackgqi
Association_HippocampusAlveusR	dki_rd	DIPYDKI	/scratch/grmpy/SLURM_11194840_22/job-11194840-22-sub-112028/ds/inputs/data/qsiprep/qsiprep/sub-112028/ses-1/dwi/sub-112028_ses-1_acq-multiband_dir-AP_space-ACPC_desc-preproc_dwi.nii.gz	0.0	0.0010345297632738	0.000660873716697	0.0008416624041274	0.0010345297632738	0.0008416624041274	0.000660873716697	0.0010760676814243	0.0010760676814243	sub-112028	ses-1		dir-AP	acq-multiband	space-ACPC			DSIStudio	autotrackgqi
Association_HippocampusAlveusR	dki_rk	DIPYDKI	/scratch/grmpy/SLURM_11194840_22/job-11194840-22-sub-112028/ds/inputs/data/qsiprep/qsiprep/sub-112028/ses-1/dwi/sub-112028_ses-1_acq-multiband_dir-AP_space-ACPC_desc-preproc_dwi.nii.gz	0.0004840271055179	0.8084213080568349	0.3833760971615023	0.8102852017637178	0.8088127953730851	0.810451174841453	0.3830558279665349	0.8972329000252066	0.8972459482721442	sub-112028	ses-1		dir-AP	acq-multiband	space-ACPC			DSIStudio	autotrackgqi
Association_HippocampusAlveusR	dki_sphericity	DIPYDKI	/scratch/grmpy/SLURM_11194840_22/job-11194840-22-sub-112028/ds/inputs/data/qsiprep/qsiprep/sub-112028/ses-1/dwi/sub-112028_ses-1_acq-multiband_dir-AP_space-ACPC_desc-preproc_dwi.nii.gz	0.0	0.7231006026268005	0.1437543630599975	0.746475338935852	0.7231006026268005	0.746475338935852	0.1437543630599975	0.7084472179412842	0.7084472179412842	sub-112028	ses-1		dir-AP	acq-multiband	space-ACPC			DSIStudio	autotrackgqi
Association_InferiorFrontoOccipitalFasciculusR	dki_ad	DIPYDKI	/scratch/grmpy/SLURM_11194840_22/job-11194840-22-sub-112028/ds/inputs/data/qsiprep/qsiprep/sub-112028/ses-1/dwi/sub-112028_ses-1_acq-multiband_dir-AP_space-ACPC_desc-preproc_dwi.nii.gz	0.0003951788184153	0.0013422260526567	0.000377031363314	0.0012770884204655	0.0013427566736936	0.001277242321521	0.0003761600237339	0.0015278372447937	0.0015278431819751	sub-112028	ses-1		dir-AP	acq-multiband	space-ACPC			DSIStudio	autotrackgqi
Association_InferiorFrontoOccipitalFasciculusR	dki_ak	DIPYDKI	/scratch/grmpy/SLURM_11194840_22/job-11194840-22-sub-112028/ds/inputs/data/qsiprep/qsiprep/sub-112028/ses-1/dwi/sub-112028_ses-1_acq-multiband_dir-AP_space-ACPC_desc-preproc_dwi.nii.gz	0.0018770993874728	0.7939571515027748	0.1746686670219449	0.7971922256941784	0.7954502907563186	0.7975386773653167	0.1714024550032324	0.7669444256327608	0.7671037237256598	sub-112028	ses-1		dir-AP	acq-multiband	space-ACPC			DSIStudio	autotrackgqi
Association_InferiorFrontoOccipitalFasciculusR	dki_fa	DIPYDKI	/scratch/grmpy/SLURM_11194840_22/job-11194840-22-sub-112028/ds/inputs/data/qsiprep/qsiprep/sub-112028/ses-1/dwi/sub-112028_ses-1_acq-multiband_dir-AP_space-ACPC_desc-preproc_dwi.nii.gz	0.0003951788184153	0.3544210195541382	0.176907792687416	0.3466584682464599	0.3545611500740051	0.3467615842819214	0.176802322268486	0.4869009852409363	0.4869029223918915	sub-112028	ses-1		dir-AP	acq-multiband	space-ACPC			DSIStudio	autotrackgqi
Association_InferiorFrontoOccipitalFasciculusR	dki_kfa	DIPYDKI	/scratch/grmpy/SLURM_11194840_22/job-11194840-22-sub-112028/ds/inputs/data/qsiprep/qsiprep/sub-112028/ses-1/dwi/sub-112028_ses-1_acq-multiband_dir-AP_space-ACPC_desc-preproc_dwi.nii.gz	0.0096818810511756	0.4727426469326019	0.1522800177335739	0.4697546362876892	0.4773644208908081	0.4717206060886383	0.1456352919340133	0.5305916666984558	0.5312219262123108	sub-112028	ses-1		dir-AP	acq-multiband	space-ACPC			DSIStudio	autotrackgqi
Association_InferiorFrontoOccipitalFasciculusR	dki_linearity	DIPYDKI	/scratch/grmpy/SLURM_11194840_22/job-11194840-22-sub-112028/ds/inputs/data/qsiprep/qsiprep/sub-112028/ses-1/dwi/sub-112028_ses-1_acq-multiband_dir-AP_space-ACPC_desc-preproc_dwi.nii.gz	0.0003951788184153	0.1587278693914413	0.1186102703213691	0.1256270110607147	0.1587906181812286	0.1256425678730011	0.1185917034745216	0.2500990033149719	0.2500999867916107	sub-112028	ses-1		dir-AP	acq-multiband	space-ACPC			DSIStudio	autotrackgqi
Association_InferiorFrontoOccipitalFasciculusR	dki_md	DIPYDKI	/scratch/grmpy/SLURM_11194840_22/job-11194840-22-sub-112028/ds/inputs/data/qsiprep/qsiprep/sub-112028/ses-1/dwi/sub-112028_ses-1_acq-multiband_dir-AP_space-ACPC_desc-preproc_dwi.nii.gz	0.0003951788184153	0.0009599467739462	0.0002684269566088	0.0009167384123429	0.0009603262878954	0.0009167880634777	0.0002678004384506	0.0009560972102917	0.0009561010519973	sub-112028	ses-1		dir-AP	acq-multiband	space-ACPC			DSIStudio	autotrackgqi
Association_InferiorFrontoOccipitalFasciculusR	dki_mk	DIPYDKI	/scratch/grmpy/SLURM_11194840_22/job-11194840-22-sub-112028/ds/inputs/data/qsiprep/qsiprep/sub-112028/ses-1/dwi/sub-112028_ses-1_acq-multiband_dir-AP_space-ACPC_desc-preproc_dwi.nii.gz	0.0018770993874728	0.9359584322481324	0.2630985465893573	0.980504105011114	0.9377186233015536	0.9810979124225064	0.2601931206829029	1.0435088308423628	1.0437255727911572	sub-112028	ses-1		dir-AP	acq-multiband	space-ACPC			DSIStudio	autotrackgqi
Association_InferiorFrontoOccipitalFasciculusR	dki_mkt	DIPYDKI	/scratch/grmpy/SLURM_11194840_22/job-11194840-22-sub-112028/ds/inputs/data/qsiprep/qsiprep/sub-112028/ses-1/dwi/sub-112028_ses-1_acq-multiband_dir-AP_space-ACPC_desc-preproc_dwi.nii.gz	0.0003951788184153	0.9207177951274748	0.234561731003139	0.9675592674576649	0.9210817871397806	0.9677329514806556	0.2338924758477955	0.9957284205833996	0.995732336837905	sub-112028	ses-1		dir-AP	acq-multiband	space-ACPC			DSIStudio	autotrackgqi
Association_InferiorFrontoOccipitalFasciculusR	dki_planarity	DIPYDKI	/scratch/grmpy/SLURM_11194840_22/job-11194840-22-sub-112028/ds/inputs/data/qsiprep/qsiprep/sub-112028/ses-1/dwi/sub-112028_ses-1_acq-multiband_dir-AP_space-ACPC_desc-preproc_dwi.nii.gz	0.0004939735230191	0.1791576594114303	0.1121722534298896	0.158566266298294	0.1792462021112442	0.1586174666881561	0.1121292263269424	0.1981112509965896	0.1981248259544372	sub-112028	ses-1		dir-AP	acq-multiband	space-ACPC			DSIStudio	autotrackgqi
Association_InferiorFrontoOccipitalFasciculusR	dki_rd	DIPYDKI	/scratch/grmpy/SLURM_11194840_22/job-11194840-22-sub-112028/ds/inputs/data/qsiprep/qsiprep/sub-112028/ses-1/dwi/sub-112028_ses-1_acq-multiband_dir-AP_space-ACPC_desc-preproc_dwi.nii.gz	0.0003951788184153	0.000768807309214	0.0002813570026773	0.0007337681017816	0.0007691112114116	0.0007338091963902	0.0002809969882946	0.0006702272803522	0.000670229899697	sub-112028	ses-1		dir-AP	acq-multiband	space-ACPC			DSIStudio	autotrackgqi
Association_InferiorFrontoOccipitalFasciculusR	dki_rk	DIPYDKI	/scratch/grmpy/SLURM_11194840_22/job-11194840-22-sub-112028/ds/inputs/data/qsiprep/qsiprep/sub-112028/ses-1/dwi/sub-112028_ses-1_acq-multiband_dir-AP_space-ACPC_desc-preproc_dwi.nii.gz	0.0018770993874728	1.1500961536989265	0.5188792453353759	1.1363385020260972	1.152259058471794	1.137282690836117	0.5169620655065036	1.4826773699097275	1.4829853293465969	sub-112028	ses-1		dir-AP	acq-multiband	space-ACPC			DSIStudio	autotrackgqi
Association_InferiorFrontoOccipitalFasciculusR	dki_sphericity	DIPYDKI	/scratch/grmpy/SLURM_11194840_22/job-11194840-22-sub-112028/ds/inputs/data/qsiprep/qsiprep/sub-112028/ses-1/dwi/sub-112028_ses-1_acq-multiband_dir-AP_space-ACPC_desc-preproc_dwi.nii.gz	0.0003951788184153	0.6617193222045898	0.1709217280149459	0.6700003743171692	0.661980926990509	0.6701817512512207	0.1704482585191726	0.5517857670783997	0.5517879724502563	sub-112028	ses-1		dir-AP	acq-multiband	space-ACPC			DSIStudio	autotrackgqi
Association_ArcuateFasciculusR	dki_ad	DIPYDKI	/scratch/grmpy/SLURM_11194840_22/job-11194840-22-sub-112028/ds/inputs/data/qsiprep/qsiprep/sub-112028/ses-1/dwi/sub-112028_ses-1_acq-multiband_dir-AP_space-ACPC_desc-preproc_dwi.nii.gz	0.002163331530557	0.0012984175700694	0.0003813565708696	0.0012375765945762	0.0013012326089665	0.0012384791625663	0.0003769418690353	0.0014115327503532	0.0014116598758846	sub-112028	ses-1		dir-AP	acq-multiband	space-ACPC			DSIStudio	autotrackgqi
Association_ArcuateFasciculusR	dki_ak	DIPYDKI	/scratch/grmpy/SLURM_11194840_22/job-11194840-22-sub-112028/ds/inputs/data/qsiprep/qsiprep/sub-112028/ses-1/dwi/sub-112028_ses-1_acq-multiband_dir-AP_space-ACPC_desc-preproc_dwi.nii.gz	0.0025238867856499	0.764506535332814	0.1878160283850496	0.7676512347617969	0.7664409455071605	0.7679496016858842	0.1840692923309376	0.836380989466246	0.8364624556344455	sub-112028	ses-1		dir-AP	acq-multiband	space-ACPC			DSIStudio	autotrackgqi
Association_ArcuateFasciculusR	dki_fa	DIPYDKI	/scratch/grmpy/SLURM_11194840_22/job-11194840-22-sub-112028/ds/inputs/data/qsiprep/qsiprep/sub-112028/ses-1/dwi/sub-112028_ses-1_acq-multiband_dir-AP_space-ACPC_desc-preproc_dwi.nii.gz	0.002163331530557	0.3410991728305816	0.1811129748821258	0.3199183642864227	0.3418386876583099	0.3207233548164367	0.1806107312440872	0.4867241084575653	0.4867679476737976	sub-112028	ses-1		dir-AP	acq-multiband	space-ACPC			DSIStudio	autotrackgqi
Association_ArcuateFasciculusR	dki_kfa	DIPYDKI	/scratch/grmpy/SLURM_11194840_22/job-11194840-22-sub-112028/ds/inputs/data/qsiprep/qsiprep/sub-112028/ses-1/dwi/sub-112028_ses-1_acq-multiband_dir-AP_space-ACPC_desc-preproc_dwi.nii.gz	0.0064899945916711	0.4771885275840759	0.1609465777873993	0.4796293675899505	0.4803057312965393	0.4808743298053741	0.1567667424678802	0.5539650917053223	0.5544066429138184	sub-112028	ses-1		dir-AP	acq-multiband	space-ACPC			DSIStudio	autotrackgqi
Association_ArcuateFasciculusR	dki_linearity	DIPYDKI	/scratch/grmpy/SLURM_11194840_22/job-11194840-22-sub-112028/ds/inputs/data/qsiprep/qsiprep/sub-112028/ses-1/dwi/sub-112028_ses-1_acq-multiband_dir-AP_space-ACPC_desc-preproc_dwi.nii.gz	0.002163331530557	0.1513922810554504	0.1145438477396965	0.1183918192982673	0.1517205089330673	0.1186446249485015	0.114450603723526	0.246055006980896	0.2460771948099136	sub-112028	ses-1		dir-AP	acq-multiband	space-ACPC			DSIStudio	autotrackgqi
Association_ArcuateFasciculusR	dki_md	DIPYDKI	/scratch/grmpy/SLURM_11194840_22/job-11194840-22-sub-112028/ds/inputs/data/qsiprep/qsiprep/sub-112028/ses-1/dwi/sub-112028_ses-1_acq-multiband_dir-AP_space-ACPC_desc-preproc_dwi.nii.gz	0.002163331530557	0.0009440392605029	0.0003008519415743	0.0008859476074576	0.0009460859000682	0.0008863091934472	0.000297945953207	0.0008861061069183	0.0008861860260367	sub-112028	ses-1		dir-AP	acq-multiband	space-ACPC			DSIStudio	autotrackgqi
Association_ArcuateFasciculusR	dki_mk	DIPYDKI	/scratch/grmpy/SLURM_11194840_22/job-11194840-22-sub-112028/ds/inputs/data/qsiprep/qsiprep/sub-112028/ses-1/dwi/sub-112028_ses-1_acq-multiband_dir-AP_space-ACPC_desc-preproc_dwi.nii.gz	0.0025238867856499	0.9061172971804174	0.2960745581250081	0.9129895057659824	0.9084100212289492	0.91471796746963	0.2929150295814752	1.1310491461714065	1.131159314020139	sub-112028	ses-1		dir-AP	acq-multiband	space-ACPC			DSIStudio	autotrackgqi
Association_ArcuateFasciculusR	dki_mkt	DIPYDKI	/scratch/grmpy/SLURM_11194840_22/job-11194840-22-sub-112028/ds/inputs/data/qsiprep/qsiprep/sub-112028/ses-1/dwi/sub-112028_ses-1_acq-multiband_dir-AP_space-ACPC_desc-preproc_dwi.nii.gz	0.002163331530557	0.8881171132202864	0.2563033757291444	0.9069247234215562	0.8900425703763196	0.9077519765647764	0.253219473969723	1.073366396028164	1.0734631365659548	sub-112028	ses-1		dir-AP	acq-multiband	space-ACPC			DSIStudio	autotrackgqi
Association_ArcuateFasciculusR	dki_planarity	DIPYDKI	/scratch/grmpy/SLURM_11194840_22/job-11194840-22-sub-112028/ds/inputs/data/qsiprep/qsiprep/sub-112028/ses-1/dwi/sub-112028_ses-1_acq-multiband_dir-AP_space-ACPC_desc-preproc_dwi.nii.gz	0.0023436091581034	0.1756589859724044	0.1192206293344497	0.1476613879203796	0.1760716289281845	0.1479540765285492	0.119055837392807	0.2075875252485275	0.2076065987348556	sub-112028	ses-1		dir-AP	acq-multiband	space-ACPC			DSIStudio	autotrackgqi
Association_ArcuateFasciculusR	dki_rd	DIPYDKI	/scratch/grmpy/SLURM_11194840_22/job-11194840-22-sub-112028/ds/inputs/data/qsiprep/qsiprep/sub-112028/ses-1/dwi/sub-112028_ses-1_acq-multiband_dir-AP_space-ACPC_desc-preproc_dwi.nii.gz	0.002163331530557	0.0007668499019928	0.0003155022859573	0.0007211430347524	0.0007685124874114	0.0007217906531877	0.0003138149040751	0.0006233928725123	0.0006234489846974	sub-112028	ses-1		dir-AP	acq-multiband	space-ACPC			DSIStudio	autotrackgqi
Association_ArcuateFasciculusR	dki_rk	DIPYDKI	/scratch/grmpy/SLURM_11194840_22/job-11194840-22-sub-112028/ds/inputs/data/qsiprep/qsiprep/sub-112028/ses-1/dwi/sub-112028_ses-1_acq-multiband_dir-AP_space-ACPC_desc-preproc_dwi.nii.gz	0.0025238867856499	1.1307729007080607	0.5661401519873154	1.060545554110848	1.1336340647438303	1.0624516991341388	0.5639877199610411	1.6307301587188547	1.630888996820548	sub-112028	ses-1		dir-AP	acq-multiband	space-ACPC			DSIStudio	autotrackgqi
Association_ArcuateFasciculusR	dki_sphericity	DIPYDKI	/scratch/grmpy/SLURM_11194840_22/job-11194840-22-sub-112028/ds/inputs/data/qsiprep/qsiprep/sub-112028/ses-1/dwi/sub-112028_ses-1_acq-multiband_dir-AP_space-ACPC_desc-preproc_dwi.nii.gz	0.002163331530557	0.6707854270935059	0.1824892312288284	0.6945101022720337	0.6722396612167358	0.6948275566101074	0.1799913793802261	0.5462673306465149	0.5463166236877441	sub-112028	ses-1		dir-AP	acq-multiband	space-ACPC			DSIStudio	autotrackgqi
Association_HippocampusAlveusL	dki_ad	DIPYDKI	/scratch/grmpy/SLURM_11194840_22/job-11194840-22-sub-112028/ds/inputs/data/qsiprep/qsiprep/sub-112028/ses-1/dwi/sub-112028_ses-1_acq-multiband_dir-AP_space-ACPC_desc-preproc_dwi.nii.gz	0.0	0.0015410567866638	0.0007294326205737	0.0013551091542467	0.0015410567866638	0.0013551091542467	0.0007294326205737	0.0017661696765571	0.0017661696765571	sub-112028	ses-1		dir-AP	acq-multiband	space-ACPC			DSIStudio	autotrackgqi
Association_HippocampusAlveusL	dki_ak	DIPYDKI	/scratch/grmpy/SLURM_11194840_22/job-11194840-22-sub-112028/ds/inputs/data/qsiprep/qsiprep/sub-112028/ses-1/dwi/sub-112028_ses-1_acq-multiband_dir-AP_space-ACPC_desc-preproc_dwi.nii.gz	0.0	0.754824092467914	0.1675513740361152	0.7646133836037379	0.754824092467914	0.7646133836037379	0.1675513740361152	0.7341115957059113	0.7341115957059113	sub-112028	ses-1		dir-AP	acq-multiband	space-ACPC			DSIStudio	autotrackgqi
Association_HippocampusAlveusL	dki_fa	DIPYDKI	/scratch/grmpy/SLURM_11194840_22/job-11194840-22-sub-112028/ds/inputs/data/qsiprep/qsiprep/sub-112028/ses-1/dwi/sub-112028_ses-1_acq-multiband_dir-AP_space-ACPC_desc-preproc_dwi.nii.gz	0.0	0.3262486755847931	0.1667966544628143	0.2962542474269867	0.3262486755847931	0.2962542474269867	0.1667966544628143	0.3719272017478943	0.3719272017478943	sub-112028	ses-1		dir-AP	acq-multiband	space-ACPC			DSIStudio	autotrackgqi
Association_HippocampusAlveusL	dki_kfa	DIPYDKI	/scratch/grmpy/SLURM_11194840_22/job-11194840-22-sub-112028/ds/inputs/data/qsiprep/qsiprep/sub-112028/ses-1/dwi/sub-112028_ses-1_acq-multiband_dir-AP_space-ACPC_desc-preproc_dwi.nii.gz	0.007158836689038	0.521195650100708	0.1948441565036773	0.524630606174469	0.5249537229537964	0.5268383026123047	0.1904341727495193	0.4970100522041321	0.4980176985263824	sub-112028	ses-1		dir-AP	acq-multiband	space-ACPC			DSIStudio	autotrackgqi
Association_HippocampusAlveusL	dki_linearity	DIPYDKI	/scratch/grmpy/SLURM_11194840_22/job-11194840-22-sub-112028/ds/inputs/data/qsiprep/qsiprep/sub-112028/ses-1/dwi/sub-112028_ses-1_acq-multiband_dir-AP_space-ACPC_desc-preproc_dwi.nii.gz	0.0	0.1470121145248413	0.1183885112404823	0.1132670044898986	0.1470121145248413	0.1132670044898986	0.1183885112404823	0.1874993741512298	0.1874993741512298	sub-112028	ses-1		dir-AP	acq-multiband	space-ACPC			DSIStudio	autotrackgqi
Association_HippocampusAlveusL	dki_md	DIPYDKI	/scratch/grmpy/SLURM_11194840_22/job-11194840-22-sub-112028/ds/inputs/data/qsiprep/qsiprep/sub-112028/ses-1/dwi/sub-112028_ses-1_acq-multiband_dir-AP_space-ACPC_desc-preproc_dwi.nii.gz	0.0	0.0011408310383558	0.0005840446101501	0.0009639132185839	0.0011408310383558	0.0009639132185839	0.0005840446101501	0.0012462002923712	0.0012462002923712	sub-112028	ses-1		dir-AP	acq-multiband	space-ACPC			DSIStudio	autotrackgqi
Association_HippocampusAlveusL	dki_mk	DIPYDKI	/scratch/grmpy/SLURM_11194840_22/job-11194840-22-sub-112028/ds/inputs/data/qsiprep/qsiprep/sub-112028/ses-1/dwi/sub-112028_ses-1_acq-multiband_dir-AP_space-ACPC_desc-preproc_dwi.nii.gz	0.0	0.7587773104309691	0.2459212252257587	0.7982950533401799	0.7587773104309691	0.7982950533401799	0.2459212252257587	0.795099284921223	0.795099284921223	sub-112028	ses-1		dir-AP	acq-multiband	space-ACPC			DSIStudio	autotrackgqi
Association_HippocampusAlveusL	dki_mkt	DIPYDKI	/scratch/grmpy/SLURM_11194840_22/job-11194840-22-sub-112028/ds/inputs/data/qsiprep/qsiprep/sub-112028/ses-1/dwi/sub-112028_ses-1_acq-multiband_dir-AP_space-ACPC_desc-preproc_dwi.nii.gz	0.0	0.7913640407672108	0.2091387936926768	0.8235551335391667	0.7913640407672108	0.8235551335391667	0.2091387936926768	0.8312385213750859	0.8312385213750859	sub-112028	ses-1		dir-AP	acq-multiband	space-ACPC			DSIStudio	autotrackgqi
Association_HippocampusAlveusL	dki_planarity	DIPYDKI	/scratch/grmpy/SLURM_11194840_22/job-11194840-22-sub-112028/ds/inputs/data/qsiprep/qsiprep/sub-112028/ses-1/dwi/sub-112028_ses-1_acq-multiband_dir-AP_space-ACPC_desc-preproc_dwi.nii.gz	0.0	0.1580714434385299	0.1022852733731269	0.1339217573404312	0.1580714434385299	0.1339217573404312	0.1022852733731269	0.1461078226566314	0.1461078226566314	sub-112028	ses-1		dir-AP	acq-multiband	space-ACPC			DSIStudio	autotrackgqi
Association_HippocampusAlveusL	dki_rd	DIPYDKI	/scratch/grmpy/SLURM_11194840_22/job-11194840-22-sub-112028/ds/inputs/data/qsiprep/qsiprep/sub-112028/ses-1/dwi/sub-112028_ses-1_acq-multiband_dir-AP_space-ACPC_desc-preproc_dwi.nii.gz	0.0	0.0009407179895788	0.0005463544512167	0.0007951637962833	0.0009407179895788	0.0007951637962833	0.0005463544512167	0.0009862156584858	0.0009862156584858	sub-112028	ses-1		dir-AP	acq-multiband	space-ACPC			DSIStudio	autotrackgqi
Association_HippocampusAlveusL	dki_rk	DIPYDKI	/scratch/grmpy/SLURM_11194840_22/job-11194840-22-sub-112028/ds/inputs/data/qsiprep/qsiprep/sub-112028/ses-1/dwi/sub-112028_ses-1_acq-multiband_dir-AP_space-ACPC_desc-preproc_dwi.nii.gz	0.0	0.8122978623841816	0.4529730566146445	0.82792343889995	0.8122978623841816	0.82792343889995	0.4529730566146445	0.8971671864984171	0.8971671864984171	sub-112028	ses-1		dir-AP	acq-multiband	space-ACPC			DSIStudio	autotrackgqi
Association_HippocampusAlveusL	dki_sphericity	DIPYDKI	/scratch/grmpy/SLURM_11194840_22/job-11194840-22-sub-112028/ds/inputs/data/qsiprep/qsiprep/sub-112028/ses-1/dwi/sub-112028_ses-1_acq-multiband_dir-AP_space-ACPC_desc-preproc_dwi.nii.gz	0.0	0.6949164271354675	0.1578254550695419	0.7252597212791443	0.6949164271354675	0.7252597212791443	0.1578254550695419	0.6663928031921387	0.6663928031921387	sub-112028	ses-1		dir-AP	acq-multiband	space-ACPC			DSIStudio	autotrackgqi
Association_InferiorLongitudinalFasciculusR	dki_ad	DIPYDKI	/scratch/grmpy/SLURM_11194840_22/job-11194840-22-sub-112028/ds/inputs/data/qsiprep/qsiprep/sub-112028/ses-1/dwi/sub-112028_ses-1_acq-multiband_dir-AP_space-ACPC_desc-preproc_dwi.nii.gz	0.0005143503754757	0.0013427822850644	0.0003990450350102	0.0012775730574503	0.0013434733264148	0.001277829054743	0.0003979831235483	0.0015152432024478	0.0015152794076129	sub-112028	ses-1		dir-AP	acq-multiband	space-ACPC			DSIStudio	autotrackgqi
Association_InferiorLongitudinalFasciculusR	dki_ak	DIPYDKI	/scratch/grmpy/SLURM_11194840_22/job-11194840-22-sub-112028/ds/inputs/data/qsiprep/qsiprep/sub-112028/ses-1/dwi/sub-112028_ses-1_acq-multiband_dir-AP_space-ACPC_desc-preproc_dwi.nii.gz	0.0028803621026643	0.7793325115418225	0.1752381588859353	0.7830569653686981	0.7815837557720062	0.7837460802119552	0.1704041761932967	0.7660073122193453	0.7661203316003857	sub-112028	ses-1		dir-AP	acq-multiband	space-ACPC			DSIStudio	autotrackgqi
Association_InferiorLongitudinalFasciculusR	dki_fa	DIPYDKI	/scratch/grmpy/SLURM_11194840_22/job-11194840-22-sub-112028/ds/inputs/data/qsiprep/qsiprep/sub-112028/ses-1/dwi/sub-112028_ses-1_acq-multiband_dir-AP_space-ACPC_desc-preproc_dwi.nii.gz	0.0005143503754757	0.3492088317871094	0.1742427349090576	0.3320096433162689	0.3493885397911072	0.3321433365345001	0.1741073429584503	0.4741946458816528	0.4742059707641601	sub-112028	ses-1		dir-AP	acq-multiband	space-ACPC			DSIStudio	autotrackgqi
Association_InferiorLongitudinalFasciculusR	dki_kfa	DIPYDKI	/scratch/grmpy/SLURM_11194840_22/job-11194840-22-sub-112028/ds/inputs/data/qsiprep/qsiprep/sub-112028/ses-1/dwi/sub-112028_ses-1_acq-multiband_dir-AP_space-ACPC_desc-preproc_dwi.nii.gz	0.0085382162328978	0.4903744757175445	0.1571110039949417	0.4846630692481994	0.4945974349975586	0.4861356616020202	0.1510223895311355	0.5307469964027405	0.5315900444984436	sub-112028	ses-1		dir-AP	acq-multiband	space-ACPC			DSIStudio	autotrackgqi
Association_InferiorLongitudinalFasciculusR	dki_linearity	DIPYDKI	/scratch/grmpy/SLURM_11194840_22/job-11194840-22-sub-112028/ds/inputs/data/qsiprep/qsiprep/sub-112028/ses-1/dwi/sub-112028_ses-1_acq-multiband_dir-AP_space-ACPC_desc-preproc_dwi.nii.gz	0.0005143503754757	0.1524946689605713	0.1172658056020736	0.1182771995663642	0.1525731384754181	0.1183670461177825	0.1172449216246604	0.2364727705717086	0.2364783883094787	sub-112028	ses-1		dir-AP	acq-multiband	space-ACPC			DSIStudio	autotrackgqi
Association_InferiorLongitudinalFasciculusR	dki_md	DIPYDKI	/scratch/grmpy/SLURM_11194840_22/job-11194840-22-sub-112028/ds/inputs/data/qsiprep/qsiprep/sub-112028/ses-1/dwi/sub-112028_ses-1_acq-multiband_dir-AP_space-ACPC_desc-preproc_dwi.nii.gz	0.0005143503754757	0.0009656244073994	0.0002786765689961	0.0009227240807376	0.0009661213844083	0.0009227643022313	0.0002778857888188	0.0009624019730836	0.0009624250233173	sub-112028	ses-1		dir-AP	acq-multiband	space-ACPC			DSIStudio	autotrackgqi
Association_InferiorLongitudinalFasciculusR	dki_mk	DIPYDKI	/scratch/grmpy/SLURM_11194840_22/job-11194840-22-sub-112028/ds/inputs/data/qsiprep/qsiprep/sub-112028/ses-1/dwi/sub-112028_ses-1_acq-multiband_dir-AP_space-ACPC_desc-preproc_dwi.nii.gz	0.0028803621026643	0.8847664484070413	0.2741927493552979	0.9244756261022432	0.8873222578112915	0.925458498510962	0.270427463820765	1.0228023274031326	1.0229532354833382	sub-112028	ses-1		dir-AP	acq-multiband	space-ACPC			DSIStudio	autotrackgqi
Association_InferiorLongitudinalFasciculusR	dki_mkt	DIPYDKI	/scratch/grmpy/SLURM_11194840_22/job-11194840-22-sub-112028/ds/inputs/data/qsiprep/qsiprep/sub-112028/ses-1/dwi/sub-112028_ses-1_acq-multiband_dir-AP_space-ACPC_desc-preproc_dwi.nii.gz	0.0005143503754757	0.8808839245396128	0.2490625982819389	0.9249288289741652	0.8813372406802775	0.9250451347765908	0.2483235312245015	0.9789922634431144	0.9790156043427282	sub-112028	ses-1		dir-AP	acq-multiband	space-ACPC			DSIStudio	autotrackgqi
Association_InferiorLongitudinalFasciculusR	dki_planarity	DIPYDKI	/scratch/grmpy/SLURM_11194840_22/job-11194840-22-sub-112028/ds/inputs/data/qsiprep/qsiprep/sub-112028/ses-1/dwi/sub-112028_ses-1_acq-multiband_dir-AP_space-ACPC_desc-preproc_dwi.nii.gz	0.0009258306758563	0.1842944025993347	0.1148332953453064	0.1633575409650802	0.1844651848077774	0.1634387969970703	0.1147492974996566	0.2061484158039093	0.2061570137739181	sub-112028	ses-1		dir-AP	acq-multiband	space-ACPC			DSIStudio	autotrackgqi
Association_InferiorLongitudinalFasciculusR	dki_rd	DIPYDKI	/scratch/grmpy/SLURM_11194840_22/job-11194840-22-sub-112028/ds/inputs/data/qsiprep/qsiprep/sub-112028/ses-1/dwi/sub-112028_ses-1_acq-multiband_dir-AP_space-ACPC_desc-preproc_dwi.nii.gz	0.0005143503754757	0.0007770454394631	0.0002816519117914	0.000745665107388	0.0007774453260935	0.0007457528845407	0.0002811720769386	0.0006859814166091	0.0006859977147541	sub-112028	ses-1		dir-AP	acq-multiband	space-ACPC			DSIStudio	autotrackgqi
Association_InferiorLongitudinalFasciculusR	dki_rk	DIPYDKI	/scratch/grmpy/SLURM_11194840_22/job-11194840-22-sub-112028/ds/inputs/data/qsiprep/qsiprep/sub-112028/ses-1/dwi/sub-112028_ses-1_acq-multiband_dir-AP_space-ACPC_desc-preproc_dwi.nii.gz	0.0028803621026643	1.0527927096281022	0.5262741520243727	1.0169014523359885	1.0558338935618263	1.0184901074489896	0.5239785878122162	1.4142197863987618	1.4144284459194214	sub-112028	ses-1		dir-AP	acq-multiband	space-ACPC			DSIStudio	autotrackgqi
Association_InferiorLongitudinalFasciculusR	dki_sphericity	DIPYDKI	/scratch/grmpy/SLURM_11194840_22/job-11194840-22-sub-112028/ds/inputs/data/qsiprep/qsiprep/sub-112028/ses-1/dwi/sub-112028_ses-1_acq-multiband_dir-AP_space-ACPC_desc-preproc_dwi.nii.gz	0.0005143503754757	0.6626965403556824	0.171214073896408	0.6784848570823669	0.6630375981330872	0.6785013675689697	0.1705966889858245	0.5573549270629883	0.5573682188987732	sub-112028	ses-1		dir-AP	acq-multiband	space-ACPC			DSIStudio	autotrackgqi
Association_ExtremeCapsuleL	dki_ad	DIPYDKI	/scratch/grmpy/SLURM_11194840_22/job-11194840-22-sub-112028/ds/inputs/data/qsiprep/qsiprep/sub-112028/ses-1/dwi/sub-112028_ses-1_acq-multiband_dir-AP_space-ACPC_desc-preproc_dwi.nii.gz	0.0	0.0013717861147597	0.0006628301925957	0.0012527754297479	0.0013717861147597	0.0012527754297479	0.0006628301925957	0.001302782446146	0.001302782446146	sub-112028	ses-1		dir-AP	acq-multiband	space-ACPC			DSIStudio	autotrackgqi
Association_ExtremeCapsuleL	dki_ak	DIPYDKI	/scratch/grmpy/SLURM_11194840_22/job-11194840-22-sub-112028/ds/inputs/data/qsiprep/qsiprep/sub-112028/ses-1/dwi/sub-112028_ses-1_acq-multiband_dir-AP_space-ACPC_desc-preproc_dwi.nii.gz	0.0	0.7821059254434852	0.1849841463632562	0.7817402987786141	0.7821059254434852	0.7817402987786141	0.1849841463632562	0.8172516929059437	0.8172516929059437	sub-112028	ses-1		dir-AP	acq-multiband	space-ACPC			DSIStudio	autotrackgqi
Association_ExtremeCapsuleL	dki_fa	DIPYDKI	/scratch/grmpy/SLURM_11194840_22/job-11194840-22-sub-112028/ds/inputs/data/qsiprep/qsiprep/sub-112028/ses-1/dwi/sub-112028_ses-1_acq-multiband_dir-AP_space-ACPC_desc-preproc_dwi.nii.gz	0.0	0.3409045040607452	0.1672647446393966	0.3237372040748596	0.3409045040607452	0.3237372040748596	0.1672647446393966	0.3739907443523407	0.3739907443523407	sub-112028	ses-1		dir-AP	acq-multiband	space-ACPC			DSIStudio	autotrackgqi
Association_ExtremeCapsuleL	dki_kfa	DIPYDKI	/scratch/grmpy/SLURM_11194840_22/job-11194840-22-sub-112028/ds/inputs/data/qsiprep/qsiprep/sub-112028/ses-1/dwi/sub-112028_ses-1_acq-multiband_dir-AP_space-ACPC_desc-preproc_dwi.nii.gz	0.001736714136853	0.5041074156761169	0.1537904888391494	0.5136903524398804	0.504984438419342	0.5140975713729858	0.1524787843227386	0.5249490737915039	0.5252392292022705	sub-112028	ses-1		dir-AP	acq-multiband	space-ACPC			DSIStudio	autotrackgqi
Association_ExtremeCapsuleL	dki_linearity	DIPYDKI	/scratch/grmpy/SLURM_11194840_22/job-11194840-22-sub-112028/ds/inputs/data/qsiprep/qsiprep/sub-112028/ses-1/dwi/sub-112028_ses-1_acq-multiband_dir-AP_space-ACPC_desc-preproc_dwi.nii.gz	0.0	0.1483798921108245	0.1066150963306427	0.1236454173922538	0.1483798921108245	0.1236454173922538	0.1066150963306427	0.1556186527013778	0.1556186527013778	sub-112028	ses-1		dir-AP	acq-multiband	space-ACPC			DSIStudio	autotrackgqi
Association_ExtremeCapsuleL	dki_md	DIPYDKI	/scratch/grmpy/SLURM_11194840_22/job-11194840-22-sub-112028/ds/inputs/data/qsiprep/qsiprep/sub-112028/ses-1/dwi/sub-112028_ses-1_acq-multiband_dir-AP_space-ACPC_desc-preproc_dwi.nii.gz	0.0	0.0010083519155159	0.0005581593140959	0.0008924707071855	0.0010083519155159	0.0008924707071855	0.0005581593140959	0.000923705403693	0.000923705403693	sub-112028	ses-1		dir-AP	acq-multiband	space-ACPC			DSIStudio	autotrackgqi
Association_ExtremeCapsuleL	dki_mk	DIPYDKI	/scratch/grmpy/SLURM_11194840_22/job-11194840-22-sub-112028/ds/inputs/data/qsiprep/qsiprep/sub-112028/ses-1/dwi/sub-112028_ses-1_acq-multiband_dir-AP_space-ACPC_desc-preproc_dwi.nii.gz	0.0	0.8840946523628407	0.2530203550422089	0.8944261216781297	0.8840946523628407	0.8944261216781297	0.2530203550422089	0.937059584134016	0.937059584134016	sub-112028	ses-1		dir-AP	acq-multiband	space-ACPC			DSIStudio	autotrackgqi
Association_ExtremeCapsuleL	dki_mkt	DIPYDKI	/scratch/grmpy/SLURM_11194840_22/job-11194840-22-sub-112028/ds/inputs/data/qsiprep/qsiprep/sub-112028/ses-1/dwi/sub-112028_ses-1_acq-multiband_dir-AP_space-ACPC_desc-preproc_dwi.nii.gz	0.0	0.8807979374238877	0.2277333115646864	0.9014001206785984	0.8807979374238877	0.9014001206785984	0.2277333115646864	0.93882276074029	0.93882276074029	sub-112028	ses-1		dir-AP	acq-multiband	space-ACPC			DSIStudio	autotrackgqi
Association_ExtremeCapsuleL	dki_planarity	DIPYDKI	/scratch/grmpy/SLURM_11194840_22/job-11194840-22-sub-112028/ds/inputs/data/qsiprep/qsiprep/sub-112028/ses-1/dwi/sub-112028_ses-1_acq-multiband_dir-AP_space-ACPC_desc-preproc_dwi.nii.gz	0.0	0.1786132752895355	0.1126660704612732	0.1554387062788009	0.1786132752895355	0.1554387062788009	0.1126660704612732	0.2146299183368683	0.2146299183368683	sub-112028	ses-1		dir-AP	acq-multiband	space-ACPC			DSIStudio	autotrackgqi
Association_ExtremeCapsuleL	dki_rd	DIPYDKI	/scratch/grmpy/SLURM_11194840_22/job-11194840-22-sub-112028/ds/inputs/data/qsiprep/qsiprep/sub-112028/ses-1/dwi/sub-112028_ses-1_acq-multiband_dir-AP_space-ACPC_desc-preproc_dwi.nii.gz	0.0	0.0008266346994787	0.0005349501152522	0.0007192139164544	0.0008266346994787	0.0007192139164544	0.0005349501152522	0.0007341668242588	0.0007341668242588	sub-112028	ses-1		dir-AP	acq-multiband	space-ACPC			DSIStudio	autotrackgqi
Association_ExtremeCapsuleL	dki_rk	DIPYDKI	/scratch/grmpy/SLURM_11194840_22/job-11194840-22-sub-112028/ds/inputs/data/qsiprep/qsiprep/sub-112028/ses-1/dwi/sub-112028_ses-1_acq-multiband_dir-AP_space-ACPC_desc-preproc_dwi.nii.gz	0.0	1.0526309738195558	0.4781687362442777	1.013568101749251	1.0526309738195558	1.013568101749251	0.4781687362442777	1.1053413202936844	1.1053413202936844	sub-112028	ses-1		dir-AP	acq-multiband	space-ACPC			DSIStudio	autotrackgqi
Association_ExtremeCapsuleL	dki_sphericity	DIPYDKI	/scratch/grmpy/SLURM_11194840_22/job-11194840-22-sub-112028/ds/inputs/data/qsiprep/qsiprep/sub-112028/ses-1/dwi/sub-112028_ses-1_acq-multiband_dir-AP_space-ACPC_desc-preproc_dwi.nii.gz	0.0	0.6730068325996399	0.1660862118005752	0.6932460069656372	0.6730068325996399	0.6932460069656372	0.1660862118005752	0.629751443862915	0.629751443862915	sub-112028	ses-1		dir-AP	acq-multiband	space-ACPC			DSIStudio	autotrackgqi
Association_FrontalAslantTractL	dki_ad	DIPYDKI	/scratch/grmpy/SLURM_11194840_22/job-11194840-22-sub-112028/ds/inputs/data/qsiprep/qsiprep/sub-112028/ses-1/dwi/sub-112028_ses-1_acq-multiband_dir-AP_space-ACPC_desc-preproc_dwi.nii.gz	0.0	0.0013229805044829	0.0003937695000786	0.0012593450956046	0.0013229805044829	0.0012593450956046	0.0003937695000786	0.0013524903915822	0.0013524903915822	sub-112028	ses-1		dir-AP	acq-multiband	space-ACPC			DSIStudio	autotrackgqi
Association_FrontalAslantTractL	dki_ak	DIPYDKI	/scratch/grmpy/SLURM_11194840_22/job-11194840-22-sub-112028/ds/inputs/data/qsiprep/qsiprep/sub-112028/ses-1/dwi/sub-112028_ses-1_acq-multiband_dir-AP_space-ACPC_desc-preproc_dwi.nii.gz	0.0	0.7830154200736275	0.1711324495441101	0.7787602169101114	0.7830154200736275	0.7787602169101114	0.1711324495441101	0.8127747945519666	0.8127747945519666	sub-112028	ses-1		dir-AP	acq-multiband	space-ACPC			DSIStudio	autotrackgqi
Association_FrontalAslantTractL	dki_fa	DIPYDKI	/scratch/grmpy/SLURM_11194840_22/job-11194840-22-sub-112028/ds/inputs/data/qsiprep/qsiprep/sub-112028/ses-1/dwi/sub-112028_ses-1_acq-multiband_dir-AP_space-ACPC_desc-preproc_dwi.nii.gz	0.0	0.3302432596683502	0.1706982403993606	0.3151176571846008	0.3302432596683502	0.3151176571846008	0.1706982403993606	0.4186094999313354	0.4186094999313354	sub-112028	ses-1		dir-AP	acq-multiband	space-ACPC			DSIStudio	autotrackgqi
Association_FrontalAslantTractL	dki_kfa	DIPYDKI	/scratch/grmpy/SLURM_11194840_22/job-11194840-22-sub-112028/ds/inputs/data/qsiprep/qsiprep/sub-112028/ses-1/dwi/sub-112028_ses-1_acq-multiband_dir-AP_space-ACPC_desc-preproc_dwi.nii.gz	0.0022110552763819	0.4607314765453338	0.1453859359025955	0.4646152555942535	0.4617524445056915	0.4652082920074463	0.143918290734291	0.4929946064949035	0.4936499297618866	sub-112028	ses-1		dir-AP	acq-multiband	space-ACPC			DSIStudio	autotrackgqi
Association_FrontalAslantTractL	dki_linearity	DIPYDKI	/scratch/grmpy/SLURM_11194840_22/job-11194840-22-sub-112028/ds/inputs/data/qsiprep/qsiprep/sub-112028/ses-1/dwi/sub-112028_ses-1_acq-multiband_dir-AP_space-ACPC_desc-preproc_dwi.nii.gz	0.0	0.1389093250036239	0.1043300777673721	0.1118936762213707	0.1389093250036239	0.1118936762213707	0.1043300777673721	0.1892871856689453	0.1892871856689453	sub-112028	ses-1		dir-AP	acq-multiband	space-ACPC			DSIStudio	autotrackgqi
Association_FrontalAslantTractL	dki_md	DIPYDKI	/scratch/grmpy/SLURM_11194840_22/job-11194840-22-sub-112028/ds/inputs/data/qsiprep/qsiprep/sub-112028/ses-1/dwi/sub-112028_ses-1_acq-multiband_dir-AP_space-ACPC_desc-preproc_dwi.nii.gz	0.0	0.0009816208621487	0.000341850623954	0.0009011474903672	0.0009816208621487	0.0009011474903672	0.000341850623954	0.0009129265672527	0.0009129265672527	sub-112028	ses-1		dir-AP	acq-multiband	space-ACPC			DSIStudio	autotrackgqi
Association_FrontalAslantTractL	dki_mk	DIPYDKI	/scratch/grmpy/SLURM_11194840_22/job-11194840-22-sub-112028/ds/inputs/data/qsiprep/qsiprep/sub-112028/ses-1/dwi/sub-112028_ses-1_acq-multiband_dir-AP_space-ACPC_desc-preproc_dwi.nii.gz	0.0	0.9422092780762528	0.269384157824719	0.956019018677836	0.9422092780762528	0.956019018677836	0.269384157824719	1.082533988538732	1.082533988538732	sub-112028	ses-1		dir-AP	acq-multiband	space-ACPC			DSIStudio	autotrackgqi
Association_FrontalAslantTractL	dki_mkt	DIPYDKI	/scratch/grmpy/SLURM_11194840_22/job-11194840-22-sub-112028/ds/inputs/data/qsiprep/qsiprep/sub-112028/ses-1/dwi/sub-112028_ses-1_acq-multiband_dir-AP_space-ACPC_desc-preproc_dwi.nii.gz	0.0	0.9218334381302437	0.2369488881542	0.9446815743337234	0.9218334381302437	0.9446815743337234	0.2369488881542	1.0435588876078787	1.0435588876078787	sub-112028	ses-1		dir-AP	acq-multiband	space-ACPC			DSIStudio	autotrackgqi
Association_FrontalAslantTractL	dki_planarity	DIPYDKI	/scratch/grmpy/SLURM_11194840_22/job-11194840-22-sub-112028/ds/inputs/data/qsiprep/qsiprep/sub-112028/ses-1/dwi/sub-112028_ses-1_acq-multiband_dir-AP_space-ACPC_desc-preproc_dwi.nii.gz	0.0	0.1826128661632537	0.1193763092160224	0.1585669517517089	0.1826128661632537	0.1585669517517089	0.1193763092160224	0.2125525772571563	0.2125525772571563	sub-112028	ses-1		dir-AP	acq-multiband	space-ACPC			DSIStudio	autotrackgqi
Association_FrontalAslantTractL	dki_rd	DIPYDKI	/scratch/grmpy/SLURM_11194840_22/job-11194840-22-sub-112028/ds/inputs/data/qsiprep/qsiprep/sub-112028/ses-1/dwi/sub-112028_ses-1_acq-multiband_dir-AP_space-ACPC_desc-preproc_dwi.nii.gz	0.0	0.0008109410991892	0.0003598122275434	0.0007338492432609	0.0008109410991892	0.0007338492432609	0.0003598122275434	0.0006931447423994	0.0006931447423994	sub-112028	ses-1		dir-AP	acq-multiband	space-ACPC			DSIStudio	autotrackgqi
Association_FrontalAslantTractL	dki_rk	DIPYDKI	/scratch/grmpy/SLURM_11194840_22/job-11194840-22-sub-112028/ds/inputs/data/qsiprep/qsiprep/sub-112028/ses-1/dwi/sub-112028_ses-1_acq-multiband_dir-AP_space-ACPC_desc-preproc_dwi.nii.gz	0.0	1.1530064451533375	0.5070242308927568	1.1346268871438054	1.1530064451533375	1.1346268871438054	0.5070242308927568	1.408364720982496	1.408364720982496	sub-112028	ses-1		dir-AP	acq-multiband	space-ACPC			DSIStudio	autotrackgqi
Association_FrontalAslantTractL	dki_sphericity	DIPYDKI	/scratch/grmpy/SLURM_11194840_22/job-11194840-22-sub-112028/ds/inputs/data/qsiprep/qsiprep/sub-112028/ses-1/dwi/sub-112028_ses-1_acq-multiband_dir-AP_space-ACPC_desc-preproc_dwi.nii.gz	0.0	0.6784778237342834	0.1717739403247833	0.6965095400810242	0.6784778237342834	0.6965095400810242	0.1717739403247833	0.5981602668762207	0.5981602668762207	sub-112028	ses-1		dir-AP	acq-multiband	space-ACPC			DSIStudio	autotrackgqi
Association_MiddleLongitudinalFasciculusR	dki_ad	DIPYDKI	/scratch/grmpy/SLURM_11194840_22/job-11194840-22-sub-112028/ds/inputs/data/qsiprep/qsiprep/sub-112028/ses-1/dwi/sub-112028_ses-1_acq-multiband_dir-AP_space-ACPC_desc-preproc_dwi.nii.gz	0.0	0.0013072892324998	0.0003092594270128	0.0012644962407648	0.0013072892324998	0.0012644962407648	0.0003092594270128	0.0014498827513307	0.0014498827513307	sub-112028	ses-1		dir-AP	acq-multiband	space-ACPC			DSIStudio	autotrackgqi
Association_MiddleLongitudinalFasciculusR	dki_ak	DIPYDKI	/scratch/grmpy/SLURM_11194840_22/job-11194840-22-sub-112028/ds/inputs/data/qsiprep/qsiprep/sub-112028/ses-1/dwi/sub-112028_ses-1_acq-multiband_dir-AP_space-ACPC_desc-preproc_dwi.nii.gz	0.0	0.7515526963491325	0.1560116312850255	0.7570541840426223	0.7515526963491325	0.7570541840426223	0.1560116312850255	0.7763731116467986	0.7763731116467986	sub-112028	ses-1		dir-AP	acq-multiband	space-ACPC			DSIStudio	autotrackgqi
Association_MiddleLongitudinalFasciculusR	dki_fa	DIPYDKI	/scratch/grmpy/SLURM_11194840_22/job-11194840-22-sub-112028/ds/inputs/data/qsiprep/qsiprep/sub-112028/ses-1/dwi/sub-112028_ses-1_acq-multiband_dir-AP_space-ACPC_desc-preproc_dwi.nii.gz	0.0	0.3524196743965149	0.1761493980884552	0.3500663638114929	0.3524196743965149	0.3500663638114929	0.1761493980884552	0.4600907266139984	0.4600907266139984	sub-112028	ses-1		dir-AP	acq-multiband	space-ACPC			DSIStudio	autotrackgqi
Association_MiddleLongitudinalFasciculusR	dki_kfa	DIPYDKI	/scratch/grmpy/SLURM_11194840_22/job-11194840-22-sub-112028/ds/inputs/data/qsiprep/qsiprep/sub-112028/ses-1/dwi/sub-112028_ses-1_acq-multiband_dir-AP_space-ACPC_desc-preproc_dwi.nii.gz	0.0013781697905181	0.4809201061725616	0.1358047723770141	0.4838340878486633	0.481583833694458	0.4841924011707306	0.1347173303365707	0.5022884607315063	0.5024272799491882	sub-112028	ses-1		dir-AP	acq-multiband	space-ACPC			DSIStudio	autotrackgqi
Association_MiddleLongitudinalFasciculusR	dki_linearity	DIPYDKI	/scratch/grmpy/SLURM_11194840_22/job-11194840-22-sub-112028/ds/inputs/data/qsiprep/qsiprep/sub-112028/ses-1/dwi/sub-112028_ses-1_acq-multiband_dir-AP_space-ACPC_desc-preproc_dwi.nii.gz	0.0	0.151829108595848	0.1105003431439399	0.1215328946709632	0.151829108595848	0.1215328946709632	0.1105003431439399	0.2257444262504577	0.2257444262504577	sub-112028	ses-1		dir-AP	acq-multiband	space-ACPC			DSIStudio	autotrackgqi
Association_MiddleLongitudinalFasciculusR	dki_md	DIPYDKI	/scratch/grmpy/SLURM_11194840_22/job-11194840-22-sub-112028/ds/inputs/data/qsiprep/qsiprep/sub-112028/ses-1/dwi/sub-112028_ses-1_acq-multiband_dir-AP_space-ACPC_desc-preproc_dwi.nii.gz	0.0	0.0009373588254675	0.0001966809941222	0.000910744885914	0.0009373588254675	0.000910744885914	0.0001966809941222	0.0009329594904556	0.0009329594904556	sub-112028	ses-1		dir-AP	acq-multiband	space-ACPC			DSIStudio	autotrackgqi
Association_MiddleLongitudinalFasciculusR	dki_mk	DIPYDKI	/scratch/grmpy/SLURM_11194840_22/job-11194840-22-sub-112028/ds/inputs/data/qsiprep/qsiprep/sub-112028/ses-1/dwi/sub-112028_ses-1_acq-multiband_dir-AP_space-ACPC_desc-preproc_dwi.nii.gz	0.0	0.8986199774938423	0.2344185866675412	0.9266684159750752	0.8986199774938423	0.9266684159750752	0.2344185866675412	1.0468556085454208	1.0468556085454208	sub-112028	ses-1		dir-AP	acq-multiband	space-ACPC			DSIStudio	autotrackgqi
Association_MiddleLongitudinalFasciculusR	dki_mkt	DIPYDKI	/scratch/grmpy/SLURM_11194840_22/job-11194840-22-sub-112028/ds/inputs/data/qsiprep/qsiprep/sub-112028/ses-1/dwi/sub-112028_ses-1_acq-multiband_dir-AP_space-ACPC_desc-preproc_dwi.nii.gz	0.0	0.8790731715944615	0.2041756116710005	0.9159909585502756	0.8790731715944615	0.9159909585502756	0.2041756116710005	1.0038331054215792	1.0038331054215792	sub-112028	ses-1		dir-AP	acq-multiband	space-ACPC			DSIStudio	autotrackgqi
Association_MiddleLongitudinalFasciculusR	dki_planarity	DIPYDKI	/scratch/grmpy/SLURM_11194840_22/job-11194840-22-sub-112028/ds/inputs/data/qsiprep/qsiprep/sub-112028/ses-1/dwi/sub-112028_ses-1_acq-multiband_dir-AP_space-ACPC_desc-preproc_dwi.nii.gz	0.0	0.1908665299415588	0.1223058179020881	0.1673480123281479	0.1908665299415588	0.1673480123281479	0.1223058179020881	0.2012606710195541	0.2012606710195541	sub-112028	ses-1		dir-AP	acq-multiband	space-ACPC			DSIStudio	autotrackgqi
Association_MiddleLongitudinalFasciculusR	dki_rd	DIPYDKI	/scratch/grmpy/SLURM_11194840_22/job-11194840-22-sub-112028/ds/inputs/data/qsiprep/qsiprep/sub-112028/ses-1/dwi/sub-112028_ses-1_acq-multiband_dir-AP_space-ACPC_desc-preproc_dwi.nii.gz	0.0	0.000752393680159	0.0002196962595917	0.0007251795032061	0.000752393680159	0.0007251795032061	0.0002196962595917	0.0006744979764334	0.0006744979764334	sub-112028	ses-1		dir-AP	acq-multiband	space-ACPC			DSIStudio	autotrackgqi
Association_MiddleLongitudinalFasciculusR	dki_rk	DIPYDKI	/scratch/grmpy/SLURM_11194840_22/job-11194840-22-sub-112028/ds/inputs/data/qsiprep/qsiprep/sub-112028/ses-1/dwi/sub-112028_ses-1_acq-multiband_dir-AP_space-ACPC_desc-preproc_dwi.nii.gz	0.0	1.1157119236578998	0.4785268921618626	1.091354174034603	1.1157119236578998	1.091354174034603	0.4785268921618626	1.423241725763955	1.423241725763955	sub-112028	ses-1		dir-AP	acq-multiband	space-ACPC			DSIStudio	autotrackgqi
Association_MiddleLongitudinalFasciculusR	dki_sphericity	DIPYDKI	/scratch/grmpy/SLURM_11194840_22/job-11194840-22-sub-112028/ds/inputs/data/qsiprep/qsiprep/sub-112028/ses-1/dwi/sub-112028_ses-1_acq-multiband_dir-AP_space-ACPC_desc-preproc_dwi.nii.gz	0.0	0.6573043465614319	0.1763128787279129	0.6578261852264404	0.6573043465614319	0.6578261852264404	0.1763128787279129	0.5729949474334717	0.5729949474334717	sub-112028	ses-1		dir-AP	acq-multiband	space-ACPC			DSIStudio	autotrackgqi
Association_CingulumL	dki_ad	DIPYDKI	/scratch/grmpy/SLURM_11194840_22/job-11194840-22-sub-112028/ds/inputs/data/qsiprep/qsiprep/sub-112028/ses-1/dwi/sub-112028_ses-1_acq-multiband_dir-AP_space-ACPC_desc-preproc_dwi.nii.gz	0.0	0.0013637529918923	0.0005163035821169	0.0012661372311413	0.0013637529918923	0.0012661372311413	0.0005163035821169	0.0014676869614049	0.0014676869614049	sub-112028	ses-1		dir-AP	acq-multiband	space-ACPC			DSIStudio	autotrackgqi
Association_CingulumL	dki_ak	DIPYDKI	/scratch/grmpy/SLURM_11194840_22/job-11194840-22-sub-112028/ds/inputs/data/qsiprep/qsiprep/sub-112028/ses-1/dwi/sub-112028_ses-1_acq-multiband_dir-AP_space-ACPC_desc-preproc_dwi.nii.gz	0.0007072135785007	0.7419207913236283	0.1851223239822255	0.7527973767755697	0.7424458591164971	0.7530807346874473	0.1841322730651984	0.7903217050300259	0.7903808756556889	sub-112028	ses-1		dir-AP	acq-multiband	space-ACPC			DSIStudio	autotrackgqi
Association_CingulumL	dki_fa	DIPYDKI	/scratch/grmpy/SLURM_11194840_22/job-11194840-22-sub-112028/ds/inputs/data/qsiprep/qsiprep/sub-112028/ses-1/dwi/sub-112028_ses-1_acq-multiband_dir-AP_space-ACPC_desc-preproc_dwi.nii.gz	0.0001178689297501	0.3404057323932647	0.1838060468435287	0.3096000254154205	0.3404458463191986	0.3096116781234741	0.1837797164916992	0.475684106349945	0.4756857454776764	sub-112028	ses-1		dir-AP	acq-multiband	space-ACPC			DSIStudio	autotrackgqi
Association_CingulumL	dki_kfa	DIPYDKI	/scratch/grmpy/SLURM_11194840_22/job-11194840-22-sub-112028/ds/inputs/data/qsiprep/qsiprep/sub-112028/ses-1/dwi/sub-112028_ses-1_acq-multiband_dir-AP_space-ACPC_desc-preproc_dwi.nii.gz	0.0097831211692597	0.5225728154182434	0.1768939048051834	0.516811728477478	0.527735710144043	0.51842200756073	0.1699292808771133	0.5787541270256042	0.5810799598693848	sub-112028	ses-1		dir-AP	acq-multiband	space-ACPC			DSIStudio	autotrackgqi
Association_CingulumL	dki_linearity	DIPYDKI	/scratch/grmpy/SLURM_11194840_22/job-11194840-22-sub-112028/ds/inputs/data/qsiprep/qsiprep/sub-112028/ses-1/dwi/sub-112028_ses-1_acq-multiband_dir-AP_space-ACPC_desc-preproc_dwi.nii.gz	0.0001178689297501	0.1555622816085815	0.131862536072731	0.1139833405613899	0.1555806249380111	0.1139887645840644	0.1318594813346862	0.2468872666358947	0.246888130903244	sub-112028	ses-1		dir-AP	acq-multiband	space-ACPC			DSIStudio	autotrackgqi
Association_CingulumL	dki_md	DIPYDKI	/scratch/grmpy/SLURM_11194840_22/job-11194840-22-sub-112028/ds/inputs/data/qsiprep/qsiprep/sub-112028/ses-1/dwi/sub-112028_ses-1_acq-multiband_dir-AP_space-ACPC_desc-preproc_dwi.nii.gz	0.0	0.0009879162535071	0.0003930664970539	0.0009115905268117	0.0009879162535071	0.0009115905268117	0.0003930664970539	0.0009249749127775	0.0009249749127775	sub-112028	ses-1		dir-AP	acq-multiband	space-ACPC			DSIStudio	autotrackgqi
Association_CingulumL	dki_mk	DIPYDKI	/scratch/grmpy/SLURM_11194840_22/job-11194840-22-sub-112028/ds/inputs/data/qsiprep/qsiprep/sub-112028/ses-1/dwi/sub-112028_ses-1_acq-multiband_dir-AP_space-ACPC_desc-preproc_dwi.nii.gz	0.0007072135785007	0.8268184119123733	0.3079130871348324	0.8263751752727619	0.8274035629469892	0.826651225194766	0.307235108479381	0.9927372465422504	0.9928115720107796	sub-112028	ses-1		dir-AP	acq-multiband	space-ACPC			DSIStudio	autotrackgqi
Association_CingulumL	dki_mkt	DIPYDKI	/scratch/grmpy/SLURM_11194840_22/job-11194840-22-sub-112028/ds/inputs/data/qsiprep/qsiprep/sub-112028/ses-1/dwi/sub-112028_ses-1_acq-multiband_dir-AP_space-ACPC_desc-preproc_dwi.nii.gz	0.0	0.8246330740945943	0.2554868094747916	0.8429492887341383	0.8246330740945943	0.8429492887341383	0.2554868094747916	0.970932422530466	0.970932422530466	sub-112028	ses-1		dir-AP	acq-multiband	space-ACPC			DSIStudio	autotrackgqi
Association_CingulumL	dki_planarity	DIPYDKI	/scratch/grmpy/SLURM_11194840_22/job-11194840-22-sub-112028/ds/inputs/data/qsiprep/qsiprep/sub-112028/ses-1/dwi/sub-112028_ses-1_acq-multiband_dir-AP_space-ACPC_desc-preproc_dwi.nii.gz	0.0001178689297501	0.1669860035181045	0.1075466871261596	0.1449695229530334	0.1670056879520416	0.1449698805809021	0.1075377464294433	0.1989551782608032	0.1989558637142181	sub-112028	ses-1		dir-AP	acq-multiband	space-ACPC			DSIStudio	autotrackgqi
Association_CingulumL	dki_rd	DIPYDKI	/scratch/grmpy/SLURM_11194840_22/job-11194840-22-sub-112028/ds/inputs/data/qsiprep/qsiprep/sub-112028/ses-1/dwi/sub-112028_ses-1_acq-multiband_dir-AP_space-ACPC_desc-preproc_dwi.nii.gz	0.0	0.0007999978843145	0.0003869642678182	0.000741617870517	0.0007999978843145	0.000741617870517	0.0003869642678182	0.0006536187720485	0.0006536187720485	sub-112028	ses-1		dir-AP	acq-multiband	space-ACPC			DSIStudio	autotrackgqi
Association_CingulumL	dki_rk	DIPYDKI	/scratch/grmpy/SLURM_11194840_22/job-11194840-22-sub-112028/ds/inputs/data/qsiprep/qsiprep/sub-112028/ses-1/dwi/sub-112028_ses-1_acq-multiband_dir-AP_space-ACPC_desc-preproc_dwi.nii.gz	0.0007072135785007	1.0046613160610949	0.6738980031570533	0.8826170357166283	1.005372329023629	0.8832956759947985	0.673606031836469	1.392104420165322	1.392208645722229	sub-112028	ses-1		dir-AP	acq-multiband	space-ACPC			DSIStudio	autotrackgqi
Association_CingulumL	dki_sphericity	DIPYDKI	/scratch/grmpy/SLURM_11194840_22/job-11194840-22-sub-112028/ds/inputs/data/qsiprep/qsiprep/sub-112028/ses-1/dwi/sub-112028_ses-1_acq-multiband_dir-AP_space-ACPC_desc-preproc_dwi.nii.gz	0.0	0.6774516701698303	0.1750271171331405	0.7078984379768372	0.6774516701698303	0.7078984379768372	0.1750271171331405	0.554157555103302	0.554157555103302	sub-112028	ses-1		dir-AP	acq-multiband	space-ACPC			DSIStudio	autotrackgqi
Association_MiddleLongitudinalFasciculusL	dki_ad	DIPYDKI	/scratch/grmpy/SLURM_11194840_22/job-11194840-22-sub-112028/ds/inputs/data/qsiprep/qsiprep/sub-112028/ses-1/dwi/sub-112028_ses-1_acq-multiband_dir-AP_space-ACPC_desc-preproc_dwi.nii.gz	0.0	0.0012820189585909	0.0003417367988731	0.0012363162823021	0.0012820189585909	0.0012363162823021	0.0003417367988731	0.0013407194055616	0.0013407194055616	sub-112028	ses-1		dir-AP	acq-multiband	space-ACPC			DSIStudio	autotrackgqi
Association_MiddleLongitudinalFasciculusL	dki_ak	DIPYDKI	/scratch/grmpy/SLURM_11194840_22/job-11194840-22-sub-112028/ds/inputs/data/qsiprep/qsiprep/sub-112028/ses-1/dwi/sub-112028_ses-1_acq-multiband_dir-AP_space-ACPC_desc-preproc_dwi.nii.gz	0.0003631082062454	0.7770118913591705	0.1728411388886152	0.7863120695876824	0.7772941332376155	0.7863290952300596	0.1722368305339483	0.8174013471921595	0.8174939769239069	sub-112028	ses-1		dir-AP	acq-multiband	space-ACPC			DSIStudio	autotrackgqi
Association_MiddleLongitudinalFasciculusL	dki_fa	DIPYDKI	/scratch/grmpy/SLURM_11194840_22/job-11194840-22-sub-112028/ds/inputs/data/qsiprep/qsiprep/sub-112028/ses-1/dwi/sub-112028_ses-1_acq-multiband_dir-AP_space-ACPC_desc-preproc_dwi.nii.gz	0.0	0.3538651168346405	0.175397902727127	0.3470689654350281	0.3538651168346405	0.3470689654350281	0.175397902727127	0.4276367425918579	0.4276367425918579	sub-112028	ses-1		dir-AP	acq-multiband	space-ACPC			DSIStudio	autotrackgqi
Association_MiddleLongitudinalFasciculusL	dki_kfa	DIPYDKI	/scratch/grmpy/SLURM_11194840_22/job-11194840-22-sub-112028/ds/inputs/data/qsiprep/qsiprep/sub-112028/ses-1/dwi/sub-112028_ses-1_acq-multiband_dir-AP_space-ACPC_desc-preproc_dwi.nii.gz	0.0029048656499636	0.5169258713722229	0.1487351506948471	0.5208121538162231	0.5184318423271179	0.5213878154754639	0.1463073790073394	0.5178463459014893	0.5179994106292725	sub-112028	ses-1		dir-AP	acq-multiband	space-ACPC			DSIStudio	autotrackgqi
Association_MiddleLongitudinalFasciculusL	dki_linearity	DIPYDKI	/scratch/grmpy/SLURM_11194840_22/job-11194840-22-sub-112028/ds/inputs/data/qsiprep/qsiprep/sub-112028/ses-1/dwi/sub-112028_ses-1_acq-multiband_dir-AP_space-ACPC_desc-preproc_dwi.nii.gz	0.0	0.1460870802402496	0.1089368015527725	0.1174646839499473	0.1460870802402496	0.1174646839499473	0.1089368015527725	0.1914998441934585	0.1914998441934585	sub-112028	ses-1		dir-AP	acq-multiband	space-ACPC			DSIStudio	autotrackgqi
Association_MiddleLongitudinalFasciculusL	dki_md	DIPYDKI	/scratch/grmpy/SLURM_11194840_22/job-11194840-22-sub-112028/ds/inputs/data/qsiprep/qsiprep/sub-112028/ses-1/dwi/sub-112028_ses-1_acq-multiband_dir-AP_space-ACPC_desc-preproc_dwi.nii.gz	0.0	0.0009269982692785	0.0002647352230269	0.0008816139306873	0.0009269982692785	0.0008816139306873	0.0002647352230269	0.0008970807539299	0.0008970807539299	sub-112028	ses-1		dir-AP	acq-multiband	space-ACPC			DSIStudio	autotrackgqi
Association_MiddleLongitudinalFasciculusL	dki_mk	DIPYDKI	/scratch/grmpy/SLURM_11194840_22/job-11194840-22-sub-112028/ds/inputs/data/qsiprep/qsiprep/sub-112028/ses-1/dwi/sub-112028_ses-1_acq-multiband_dir-AP_space-ACPC_desc-preproc_dwi.nii.gz	0.0003631082062454	0.883205545452015	0.2611308282838681	0.9134597229542012	0.8835263611241734	0.9138295403439818	0.2606350503453368	1.0381074769686849	1.038225117939336	sub-112028	ses-1		dir-AP	acq-multiband	space-ACPC			DSIStudio	autotrackgqi
Association_MiddleLongitudinalFasciculusL	dki_mkt	DIPYDKI	/scratch/grmpy/SLURM_11194840_22/job-11194840-22-sub-112028/ds/inputs/data/qsiprep/qsiprep/sub-112028/ses-1/dwi/sub-112028_ses-1_acq-multiband_dir-AP_space-ACPC_desc-preproc_dwi.nii.gz	0.0	0.883733172284088	0.2295293047103603	0.9258551572849636	0.883733172284088	0.9258551572849636	0.2295293047103603	1.0199181579170409	1.0199181579170409	sub-112028	ses-1		dir-AP	acq-multiband	space-ACPC			DSIStudio	autotrackgqi
Association_MiddleLongitudinalFasciculusL	dki_planarity	DIPYDKI	/scratch/grmpy/SLURM_11194840_22/job-11194840-22-sub-112028/ds/inputs/data/qsiprep/qsiprep/sub-112028/ses-1/dwi/sub-112028_ses-1_acq-multiband_dir-AP_space-ACPC_desc-preproc_dwi.nii.gz	0.0	0.2063492238521576	0.1285378783941269	0.1849524080753326	0.2063492238521576	0.1849524080753326	0.1285378783941269	0.2264334559440612	0.2264334559440612	sub-112028	ses-1		dir-AP	acq-multiband	space-ACPC			DSIStudio	autotrackgqi
Association_MiddleLongitudinalFasciculusL	dki_rd	DIPYDKI	/scratch/grmpy/SLURM_11194840_22/job-11194840-22-sub-112028/ds/inputs/data/qsiprep/qsiprep/sub-112028/ses-1/dwi/sub-112028_ses-1_acq-multiband_dir-AP_space-ACPC_desc-preproc_dwi.nii.gz	0.0	0.0007494880119338	0.0002836315252352	0.0007036120514385	0.0007494880119338	0.0007036120514385	0.0002836315252352	0.000675261428114	0.000675261428114	sub-112028	ses-1		dir-AP	acq-multiband	space-ACPC			DSIStudio	autotrackgqi
Association_MiddleLongitudinalFasciculusL	dki_rk	DIPYDKI	/scratch/grmpy/SLURM_11194840_22/job-11194840-22-sub-112028/ds/inputs/data/qsiprep/qsiprep/sub-112028/ses-1/dwi/sub-112028_ses-1_acq-multiband_dir-AP_space-ACPC_desc-preproc_dwi.nii.gz	0.0003631082062454	1.038951252598504	0.5118815014638622	1.014606260242226	1.0393286413571667	1.0148325607153446	0.511591260418856	1.3088470232564453	1.308995345304108	sub-112028	ses-1		dir-AP	acq-multiband	space-ACPC			DSIStudio	autotrackgqi
Association_MiddleLongitudinalFasciculusL	dki_sphericity	DIPYDKI	/scratch/grmpy/SLURM_11194840_22/job-11194840-22-sub-112028/ds/inputs/data/qsiprep/qsiprep/sub-112028/ses-1/dwi/sub-112028_ses-1_acq-multiband_dir-AP_space-ACPC_desc-preproc_dwi.nii.gz	0.0	0.6475636959075928	0.1818612664937973	0.6591256856918335	0.6475636959075928	0.6591256856918335	0.1818612664937973	0.5820667147636414	0.5820667147636414	sub-112028	ses-1		dir-AP	acq-multiband	space-ACPC			DSIStudio	autotrackgqi
Association_InferiorFrontoOccipitalFasciculusL	dki_ad	DIPYDKI	/scratch/grmpy/SLURM_11194840_22/job-11194840-22-sub-112028/ds/inputs/data/qsiprep/qsiprep/sub-112028/ses-1/dwi/sub-112028_ses-1_acq-multiband_dir-AP_space-ACPC_desc-preproc_dwi.nii.gz	0.002002002002002	0.0013523269444704	0.0004223446303512	0.0013013482093811	0.0013550396542996	0.0013023605570197	0.0004183979472145	0.001526485546492	0.0015265370020642	sub-112028	ses-1		dir-AP	acq-multiband	space-ACPC			DSIStudio	autotrackgqi
Association_InferiorFrontoOccipitalFasciculusL	dki_ak	DIPYDKI	/scratch/grmpy/SLURM_11194840_22/job-11194840-22-sub-112028/ds/inputs/data/qsiprep/qsiprep/sub-112028/ses-1/dwi/sub-112028_ses-1_acq-multiband_dir-AP_space-ACPC_desc-preproc_dwi.nii.gz	0.0065065065065065	0.7878736688051203	0.1792825708254875	0.7910438089833323	0.7930335467368416	0.7920806304273056	0.1681094501841229	0.7728376049348904	0.7734421706225088	sub-112028	ses-1		dir-AP	acq-multiband	space-ACPC			DSIStudio	autotrackgqi
Association_InferiorFrontoOccipitalFasciculusL	dki_fa	DIPYDKI	/scratch/grmpy/SLURM_11194840_22/job-11194840-22-sub-112028/ds/inputs/data/qsiprep/qsiprep/sub-112028/ses-1/dwi/sub-112028_ses-1_acq-multiband_dir-AP_space-ACPC_desc-preproc_dwi.nii.gz	0.002002002002002	0.3738309741020202	0.1846791803836822	0.3670964241027832	0.3745808899402618	0.367829829454422	0.1841029822826385	0.5149103999137878	0.5149277448654175	sub-112028	ses-1		dir-AP	acq-multiband	space-ACPC			DSIStudio	autotrackgqi
Association_InferiorFrontoOccipitalFasciculusL	dki_kfa	DIPYDKI	/scratch/grmpy/SLURM_11194840_22/job-11194840-22-sub-112028/ds/inputs/data/qsiprep/qsiprep/sub-112028/ses-1/dwi/sub-112028_ses-1_acq-multiband_dir-AP_space-ACPC_desc-preproc_dwi.nii.gz	0.0173923923923923	0.4949702620506286	0.1583470553159713	0.4959326684474945	0.503731369972229	0.4993272721767425	0.1452734172344207	0.5713996887207031	0.5729089379310608	sub-112028	ses-1		dir-AP	acq-multiband	space-ACPC			DSIStudio	autotrackgqi
Association_InferiorFrontoOccipitalFasciculusL	dki_linearity	DIPYDKI	/scratch/grmpy/SLURM_11194840_22/job-11194840-22-sub-112028/ds/inputs/data/qsiprep/qsiprep/sub-112028/ses-1/dwi/sub-112028_ses-1_acq-multiband_dir-AP_space-ACPC_desc-preproc_dwi.nii.gz	0.002002002002002	0.1726817190647125	0.1311415731906891	0.1398056894540786	0.1730281114578247	0.1402424871921539	0.1310445517301559	0.2738881707191467	0.2738974392414093	sub-112028	ses-1		dir-AP	acq-multiband	space-ACPC			DSIStudio	autotrackgqi
Association_InferiorFrontoOccipitalFasciculusL	dki_md	DIPYDKI	/scratch/grmpy/SLURM_11194840_22/job-11194840-22-sub-112028/ds/inputs/data/qsiprep/qsiprep/sub-112028/ses-1/dwi/sub-112028_ses-1_acq-multiband_dir-AP_space-ACPC_desc-preproc_dwi.nii.gz	0.002002002002002	0.0009503202163614	0.0003003379388246	0.0009130240650847	0.000952226575464	0.0009132209233939	0.0002976046816911	0.0009276901837438	0.0009277214994654	sub-112028	ses-1		dir-AP	acq-multiband	space-ACPC			DSIStudio	autotrackgqi
Association_InferiorFrontoOccipitalFasciculusL	dki_mk	DIPYDKI	/scratch/grmpy/SLURM_11194840_22/job-11194840-22-sub-112028/ds/inputs/data/qsiprep/qsiprep/sub-112028/ses-1/dwi/sub-112028_ses-1_acq-multiband_dir-AP_space-ACPC_desc-preproc_dwi.nii.gz	0.0065065065065065	0.9213652141305748	0.2897433438468694	0.965012961770886	0.9273993439964175	0.9670875448266548	0.2809002734187604	1.036076344219384	1.0368868331407624	sub-112028	ses-1		dir-AP	acq-multiband	space-ACPC			DSIStudio	autotrackgqi
Association_InferiorFrontoOccipitalFasciculusL	dki_mkt	DIPYDKI	/scratch/grmpy/SLURM_11194840_22/job-11194840-22-sub-112028/ds/inputs/data/qsiprep/qsiprep/sub-112028/ses-1/dwi/sub-112028_ses-1_acq-multiband_dir-AP_space-ACPC_desc-preproc_dwi.nii.gz	0.002002002002002	0.9108829904677648	0.2571630683507492	0.9619032289197716	0.9127102381918724	0.9624570605983872	0.2541608933265475	1.0040799993603573	1.00411387442686	sub-112028	ses-1		dir-AP	acq-multiband	space-ACPC			DSIStudio	autotrackgqi
Association_InferiorFrontoOccipitalFasciculusL	dki_planarity	DIPYDKI	/scratch/grmpy/SLURM_11194840_22/job-11194840-22-sub-112028/ds/inputs/data/qsiprep/qsiprep/sub-112028/ses-1/dwi/sub-112028_ses-1_acq-multiband_dir-AP_space-ACPC_desc-preproc_dwi.nii.gz	0.0033783783783783	0.1834852844476699	0.1141082197427749	0.1619999408721923	0.1841072738170623	0.162522405385971	0.113799437880516	0.2023753225803375	0.2024540305137634	sub-112028	ses-1		dir-AP	acq-multiband	space-ACPC			DSIStudio	autotrackgqi
Association_InferiorFrontoOccipitalFasciculusL	dki_rd	DIPYDKI	/scratch/grmpy/SLURM_11194840_22/job-11194840-22-sub-112028/ds/inputs/data/qsiprep/qsiprep/sub-112028/ses-1/dwi/sub-112028_ses-1_acq-multiband_dir-AP_space-ACPC_desc-preproc_dwi.nii.gz	0.002002002002002	0.0007493168814107	0.000302772707073	0.0007218781393021	0.0007508200360462	0.0007222171407192	0.0003012085799127	0.0006282925605773	0.0006283137481659	sub-112028	ses-1		dir-AP	acq-multiband	space-ACPC			DSIStudio	autotrackgqi
Association_InferiorFrontoOccipitalFasciculusL	dki_rk	DIPYDKI	/scratch/grmpy/SLURM_11194840_22/job-11194840-22-sub-112028/ds/inputs/data/qsiprep/qsiprep/sub-112028/ses-1/dwi/sub-112028_ses-1_acq-multiband_dir-AP_space-ACPC_desc-preproc_dwi.nii.gz	0.0065065065065065	1.1349956961276926	0.5614637551428342	1.1119784115454936	1.1424289173114004	1.1168236533525715	0.5557105143246018	1.4689753417524836	1.4701244738163315	sub-112028	ses-1		dir-AP	acq-multiband	space-ACPC			DSIStudio	autotrackgqi
Association_InferiorFrontoOccipitalFasciculusL	dki_sphericity	DIPYDKI	/scratch/grmpy/SLURM_11194840_22/job-11194840-22-sub-112028/ds/inputs/data/qsiprep/qsiprep/sub-112028/ses-1/dwi/sub-112028_ses-1_acq-multiband_dir-AP_space-ACPC_desc-preproc_dwi.nii.gz	0.002002002002002	0.6418309807777405	0.1810075789690017	0.6508042812347412	0.6431185007095337	0.651218056678772	0.1788894534111023	0.5237027406692505	0.5237204432487488	sub-112028	ses-1		dir-AP	acq-multiband	space-ACPC			DSIStudio	autotrackgqi
Association_VerticalOccipitalFasciculusR	dki_ad	DIPYDKI	/scratch/grmpy/SLURM_11194840_22/job-11194840-22-sub-112028/ds/inputs/data/qsiprep/qsiprep/sub-112028/ses-1/dwi/sub-112028_ses-1_acq-multiband_dir-AP_space-ACPC_desc-preproc_dwi.nii.gz	0.000845665961945	0.0012565443757921	0.0002462136908434	0.0012107950169593	0.001257607829757	0.0012109469389542	0.0002435877686366	0.0013354425318539	0.0013354959664866	sub-112028	ses-1		dir-AP	acq-multiband	space-ACPC			DSIStudio	autotrackgqi
Association_VerticalOccipitalFasciculusR	dki_ak	DIPYDKI	/scratch/grmpy/SLURM_11194840_22/job-11194840-22-sub-112028/ds/inputs/data/qsiprep/qsiprep/sub-112028/ses-1/dwi/sub-112028_ses-1_acq-multiband_dir-AP_space-ACPC_desc-preproc_dwi.nii.gz	0.0033826638477801	0.8320404414350995	0.1854991606974775	0.8375054847258597	0.8348645074221512	0.8380009080017171	0.1793572370572411	0.8464900226262089	0.8468526925280593	sub-112028	ses-1		dir-AP	acq-multiband	space-ACPC			DSIStudio	autotrackgqi
Association_VerticalOccipitalFasciculusR	dki_fa	DIPYDKI	/scratch/grmpy/SLURM_11194840_22/job-11194840-22-sub-112028/ds/inputs/data/qsiprep/qsiprep/sub-112028/ses-1/dwi/sub-112028_ses-1_acq-multiband_dir-AP_space-ACPC_desc-preproc_dwi.nii.gz	0.000845665961945	0.3379737734794616	0.1716281771659851	0.3233438432216644	0.3382598459720611	0.3235711455345154	0.1714187860488891	0.4136488437652588	0.4136653542518616	sub-112028	ses-1		dir-AP	acq-multiband	space-ACPC			DSIStudio	autotrackgqi
Association_VerticalOccipitalFasciculusR	dki_kfa	DIPYDKI	/scratch/grmpy/SLURM_11194840_22/job-11194840-22-sub-112028/ds/inputs/data/qsiprep/qsiprep/sub-112028/ses-1/dwi/sub-112028_ses-1_acq-multiband_dir-AP_space-ACPC_desc-preproc_dwi.nii.gz	0.013953488372093	0.4604133367538452	0.1600853651762008	0.4507988393306732	0.466928631067276	0.4531668424606323	0.1514853239059448	0.4704012870788574	0.4723434150218963	sub-112028	ses-1		dir-AP	acq-multiband	space-ACPC			DSIStudio	autotrackgqi
Association_VerticalOccipitalFasciculusR	dki_linearity	DIPYDKI	/scratch/grmpy/SLURM_11194840_22/job-11194840-22-sub-112028/ds/inputs/data/qsiprep/qsiprep/sub-112028/ses-1/dwi/sub-112028_ses-1_acq-multiband_dir-AP_space-ACPC_desc-preproc_dwi.nii.gz	0.000845665961945	0.1475936770439148	0.1121221184730529	0.1170503124594688	0.1477185934782028	0.1171367615461349	0.1120872721076011	0.1974761188030243	0.197484016418457	sub-112028	ses-1		dir-AP	acq-multiband	space-ACPC			DSIStudio	autotrackgqi
Association_VerticalOccipitalFasciculusR	dki_md	DIPYDKI	/scratch/grmpy/SLURM_11194840_22/job-11194840-22-sub-112028/ds/inputs/data/qsiprep/qsiprep/sub-112028/ses-1/dwi/sub-112028_ses-1_acq-multiband_dir-AP_space-ACPC_desc-preproc_dwi.nii.gz	0.000845665961945	0.0009123485651798	0.0001366817887173	0.000891053059604	0.0009131207480095	0.0008913027122616	0.0001341365568805	0.0008994764648377	0.0008995123789645	sub-112028	ses-1		dir-AP	acq-multiband	space-ACPC			DSIStudio	autotrackgqi
Association_VerticalOccipitalFasciculusR	dki_mk	DIPYDKI	/scratch/grmpy/SLURM_11194840_22/job-11194840-22-sub-112028/ds/inputs/data/qsiprep/qsiprep/sub-112028/ses-1/dwi/sub-112028_ses-1_acq-multiband_dir-AP_space-ACPC_desc-preproc_dwi.nii.gz	0.0033826638477801	0.945039108630788	0.2939362762169031	0.9934305755602112	0.9482467084903748	0.9936589183234528	0.2892234216478088	1.0865415701710712	1.0870070876664393	sub-112028	ses-1		dir-AP	acq-multiband	space-ACPC			DSIStudio	autotrackgqi
Association_VerticalOccipitalFasciculusR	dki_mkt	DIPYDKI	/scratch/grmpy/SLURM_11194840_22/job-11194840-22-sub-112028/ds/inputs/data/qsiprep/qsiprep/sub-112028/ses-1/dwi/sub-112028_ses-1_acq-multiband_dir-AP_space-ACPC_desc-preproc_dwi.nii.gz	0.000845665961945	0.937563710458418	0.2521125485014225	0.9882749387119438	0.9383572472425556	0.9883792010020742	0.2507387340747678	1.0558995443553425	1.0559417137046458	sub-112028	ses-1		dir-AP	acq-multiband	space-ACPC			DSIStudio	autotrackgqi
Association_VerticalOccipitalFasciculusR	dki_planarity	DIPYDKI	/scratch/grmpy/SLURM_11194840_22/job-11194840-22-sub-112028/ds/inputs/data/qsiprep/qsiprep/sub-112028/ses-1/dwi/sub-112028_ses-1_acq-multiband_dir-AP_space-ACPC_desc-preproc_dwi.nii.gz	0.000845665961945	0.1770523637533188	0.1062411740422248	0.1602808088064193	0.1772022247314453	0.1603081673383712	0.1061611324548721	0.1873372495174408	0.1873447299003601	sub-112028	ses-1		dir-AP	acq-multiband	space-ACPC			DSIStudio	autotrackgqi
Association_VerticalOccipitalFasciculusR	dki_rd	DIPYDKI	/scratch/grmpy/SLURM_11194840_22/job-11194840-22-sub-112028/ds/inputs/data/qsiprep/qsiprep/sub-112028/ses-1/dwi/sub-112028_ses-1_acq-multiband_dir-AP_space-ACPC_desc-preproc_dwi.nii.gz	0.000845665961945	0.0007402507471852	0.0001742158056003	0.0007314134272746	0.0007408772944472	0.0007317240815609	0.0001729527430143	0.0006814933149144	0.0006815205560997	sub-112028	ses-1		dir-AP	acq-multiband	space-ACPC			DSIStudio	autotrackgqi
Association_VerticalOccipitalFasciculusR	dki_rk	DIPYDKI	/scratch/grmpy/SLURM_11194840_22/job-11194840-22-sub-112028/ds/inputs/data/qsiprep/qsiprep/sub-112028/ses-1/dwi/sub-112028_ses-1_acq-multiband_dir-AP_space-ACPC_desc-preproc_dwi.nii.gz	0.0033826638477801	1.1163254440948642	0.5346917852571549	1.1148830846242896	1.1201144146306128	1.1159629255846086	0.5316216651501579	1.369163319547666	1.3697499235733688	sub-112028	ses-1		dir-AP	acq-multiband	space-ACPC			DSIStudio	autotrackgqi
Association_VerticalOccipitalFasciculusR	dki_sphericity	DIPYDKI	/scratch/grmpy/SLURM_11194840_22/job-11194840-22-sub-112028/ds/inputs/data/qsiprep/qsiprep/sub-112028/ses-1/dwi/sub-112028_ses-1_acq-multiband_dir-AP_space-ACPC_desc-preproc_dwi.nii.gz	0.000845665961945	0.6745083332061768	0.1665178686380386	0.6834349036216736	0.6750792264938354	0.6836604475975037	0.1654275357723236	0.6151466369628906	0.6151711940765381	sub-112028	ses-1		dir-AP	acq-multiband	space-ACPC			DSIStudio	autotrackgqi
Association_UncinateFasciculusR	dki_ad	DIPYDKI	/scratch/grmpy/SLURM_11194840_22/job-11194840-22-sub-112028/ds/inputs/data/qsiprep/qsiprep/sub-112028/ses-1/dwi/sub-112028_ses-1_acq-multiband_dir-AP_space-ACPC_desc-preproc_dwi.nii.gz	0.001025641025641	0.00139547791332	0.0006416977848857	0.0012933439575135	0.0013969106366857	0.0012937311548739	0.0006404665764421	0.001415483886376	0.0014155497774481	sub-112028	ses-1		dir-AP	acq-multiband	space-ACPC			DSIStudio	autotrackgqi
Association_UncinateFasciculusR	dki_ak	DIPYDKI	/scratch/grmpy/SLURM_11194840_22/job-11194840-22-sub-112028/ds/inputs/data/qsiprep/qsiprep/sub-112028/ses-1/dwi/sub-112028_ses-1_acq-multiband_dir-AP_space-ACPC_desc-preproc_dwi.nii.gz	0.0097435897435897	0.7237544455936439	0.231521357913923	0.7455239256348503	0.730875799537859	0.747364959416886	0.2211893534799454	0.7116092733079881	0.713385208794656	sub-112028	ses-1		dir-AP	acq-multiband	space-ACPC			DSIStudio	autotrackgqi
Association_UncinateFasciculusR	dki_fa	DIPYDKI	/scratch/grmpy/SLURM_11194840_22/job-11194840-22-sub-112028/ds/inputs/data/qsiprep/qsiprep/sub-112028/ses-1/dwi/sub-112028_ses-1_acq-multiband_dir-AP_space-ACPC_desc-preproc_dwi.nii.gz	0.0015384615384615	0.316550612449646	0.159213900566101	0.2904647290706634	0.317038357257843	0.2909676432609558	0.1588505208492279	0.4132682383060455	0.4133743643760681	sub-112028	ses-1		dir-AP	acq-multiband	space-ACPC			DSIStudio	autotrackgqi
Association_UncinateFasciculusR	dki_kfa	DIPYDKI	/scratch/grmpy/SLURM_11194840_22/job-11194840-22-sub-112028/ds/inputs/data/qsiprep/qsiprep/sub-112028/ses-1/dwi/sub-112028_ses-1_acq-multiband_dir-AP_space-ACPC_desc-preproc_dwi.nii.gz	0.0389743589743589	0.4917312562465668	0.2060767561197281	0.4856421649456024	0.5116733908653259	0.4945341348648071	0.1843530237674713	0.5458535552024841	0.5520544648170471	sub-112028	ses-1		dir-AP	acq-multiband	space-ACPC			DSIStudio	autotrackgqi
Association_UncinateFasciculusR	dki_linearity	DIPYDKI	/scratch/grmpy/SLURM_11194840_22/job-11194840-22-sub-112028/ds/inputs/data/qsiprep/qsiprep/sub-112028/ses-1/dwi/sub-112028_ses-1_acq-multiband_dir-AP_space-ACPC_desc-preproc_dwi.nii.gz	0.0015384615384615	0.1354246735572815	0.1098488122224807	0.1065435111522674	0.1356333494186401	0.1068359166383743	0.1098046153783798	0.2022469639778137	0.202298879623413	sub-112028	ses-1		dir-AP	acq-multiband	space-ACPC			DSIStudio	autotrackgqi
Association_UncinateFasciculusR	dki_md	DIPYDKI	/scratch/grmpy/SLURM_11194840_22/job-11194840-22-sub-112028/ds/inputs/data/qsiprep/qsiprep/sub-112028/ses-1/dwi/sub-112028_ses-1_acq-multiband_dir-AP_space-ACPC_desc-preproc_dwi.nii.gz	0.001025641025641	0.0010498362826183	0.0005429357988759	0.000945002771914	0.0010509140556678	0.0009451990481466	0.0005421707755886	0.0009542870684526	0.0009543314808979	sub-112028	ses-1		dir-AP	acq-multiband	space-ACPC			DSIStudio	autotrackgqi
Association_UncinateFasciculusR	dki_mk	DIPYDKI	/scratch/grmpy/SLURM_11194840_22/job-11194840-22-sub-112028/ds/inputs/data/qsiprep/qsiprep/sub-112028/ses-1/dwi/sub-112028_ses-1_acq-multiband_dir-AP_space-ACPC_desc-preproc_dwi.nii.gz	0.0097435897435897	0.7353994724917499	0.3500903909966061	0.8023911201430791	0.7426354072288515	0.8049715635431514	0.3440865838874131	0.8251995630857176	0.8272589815376828	sub-112028	ses-1		dir-AP	acq-multiband	space-ACPC			DSIStudio	autotrackgqi
Association_UncinateFasciculusR	dki_mkt	DIPYDKI	/scratch/grmpy/SLURM_11194840_22/job-11194840-22-sub-112028/ds/inputs/data/qsiprep/qsiprep/sub-112028/ses-1/dwi/sub-112028_ses-1_acq-multiband_dir-AP_space-ACPC_desc-preproc_dwi.nii.gz	0.001025641025641	0.7547419422999992	0.3388440847739749	0.8180901727861087	0.7555168313578021	0.8182366851595484	0.3381534448437083	0.8296225654143318	0.82966113670648	sub-112028	ses-1		dir-AP	acq-multiband	space-ACPC			DSIStudio	autotrackgqi
Association_UncinateFasciculusR	dki_planarity	DIPYDKI	/scratch/grmpy/SLURM_11194840_22/job-11194840-22-sub-112028/ds/inputs/data/qsiprep/qsiprep/sub-112028/ses-1/dwi/sub-112028_ses-1_acq-multiband_dir-AP_space-ACPC_desc-preproc_dwi.nii.gz	0.003076923076923	0.1673023104667663	0.1125717610120773	0.1435276567935943	0.1678186804056167	0.1439115703105926	0.1123603954911232	0.1718875169754028	0.1720161586999893	sub-112028	ses-1		dir-AP	acq-multiband	space-ACPC			DSIStudio	autotrackgqi
Association_UncinateFasciculusR	dki_rd	DIPYDKI	/scratch/grmpy/SLURM_11194840_22/job-11194840-22-sub-112028/ds/inputs/data/qsiprep/qsiprep/sub-112028/ses-1/dwi/sub-112028_ses-1_acq-multiband_dir-AP_space-ACPC_desc-preproc_dwi.nii.gz	0.001025641025641	0.0008770154672674	0.0005198257858864	0.0007833511917851	0.0008779158815741	0.0007835632422938	0.0005193320102989	0.0007236886303871	0.0007237223326228	sub-112028	ses-1		dir-AP	acq-multiband	space-ACPC			DSIStudio	autotrackgqi
Association_UncinateFasciculusR	dki_rk	DIPYDKI	/scratch/grmpy/SLURM_11194840_22/job-11194840-22-sub-112028/ds/inputs/data/qsiprep/qsiprep/sub-112028/ses-1/dwi/sub-112028_ses-1_acq-multiband_dir-AP_space-ACPC_desc-preproc_dwi.nii.gz	0.0097435897435897	0.8031574685345844	0.541945202028612	0.8416576155330158	0.8110601054595751	0.8460738218538362	0.5386882062603631	1.0062026200035796	1.008713761009951	sub-112028	ses-1		dir-AP	acq-multiband	space-ACPC			DSIStudio	autotrackgqi
Association_UncinateFasciculusR	dki_sphericity	DIPYDKI	/scratch/grmpy/SLURM_11194840_22/job-11194840-22-sub-112028/ds/inputs/data/qsiprep/qsiprep/sub-112028/ses-1/dwi/sub-112028_ses-1_acq-multiband_dir-AP_space-ACPC_desc-preproc_dwi.nii.gz	0.001025641025641	0.696247398853302	0.1612682193517685	0.7229342460632324	0.6969621777534485	0.7230245471000671	0.1597996652126312	0.6258190870285034	0.6258481740951538	sub-112028	ses-1		dir-AP	acq-multiband	space-ACPC			DSIStudio	autotrackgqi
Association_SuperiorLongitudinalFasciculusL	dki_ad	DIPYDKI	/scratch/grmpy/SLURM_11194840_22/job-11194840-22-sub-112028/ds/inputs/data/qsiprep/qsiprep/sub-112028/ses-1/dwi/sub-112028_ses-1_acq-multiband_dir-AP_space-ACPC_desc-preproc_dwi.nii.gz	0.000243991704282	0.0012629191624	0.0003642217488959	0.0011940615950152	0.0012632273137569	0.0011941423872485	0.0003637313784565	0.0013101608492434	0.0013101806398481	sub-112028	ses-1		dir-AP	acq-multiband	space-ACPC			DSIStudio	autotrackgqi
Association_SuperiorLongitudinalFasciculusL	dki_ak	DIPYDKI	/scratch/grmpy/SLURM_11194840_22/job-11194840-22-sub-112028/ds/inputs/data/qsiprep/qsiprep/sub-112028/ses-1/dwi/sub-112028_ses-1_acq-multiband_dir-AP_space-ACPC_desc-preproc_dwi.nii.gz	0.0010979626692692	0.7817874739681147	0.1749273545156334	0.7803815514488375	0.7826467909277768	0.7805231052193351	0.1730915128532087	0.8186786883446322	0.8187672650117508	sub-112028	ses-1		dir-AP	acq-multiband	space-ACPC			DSIStudio	autotrackgqi
Association_SuperiorLongitudinalFasciculusL	dki_fa	DIPYDKI	/scratch/grmpy/SLURM_11194840_22/job-11194840-22-sub-112028/ds/inputs/data/qsiprep/qsiprep/sub-112028/ses-1/dwi/sub-112028_ses-1_acq-multiband_dir-AP_space-ACPC_desc-preproc_dwi.nii.gz	0.000365987556423	0.3139990270137787	0.1668893247842788	0.2915975749492645	0.3141140043735504	0.2917100191116333	0.1668116748332977	0.401882916688919	0.4018902778625488	sub-112028	ses-1		dir-AP	acq-multiband	space-ACPC			DSIStudio	autotrackgqi
Association_SuperiorLongitudinalFasciculusL	dki_kfa	DIPYDKI	/scratch/grmpy/SLURM_11194840_22/job-11194840-22-sub-112028/ds/inputs/data/qsiprep/qsiprep/sub-112028/ses-1/dwi/sub-112028_ses-1_acq-multiband_dir-AP_space-ACPC_desc-preproc_dwi.nii.gz	0.0034158838599487	0.4715181291103363	0.1436488032341003	0.4713329076766968	0.473134309053421	0.4718264043331146	0.1412127465009689	0.5006731748580933	0.5011003613471985	sub-112028	ses-1		dir-AP	acq-multiband	space-ACPC			DSIStudio	autotrackgqi
Association_SuperiorLongitudinalFasciculusL	dki_linearity	DIPYDKI	/scratch/grmpy/SLURM_11194840_22/job-11194840-22-sub-112028/ds/inputs/data/qsiprep/qsiprep/sub-112028/ses-1/dwi/sub-112028_ses-1_acq-multiband_dir-AP_space-ACPC_desc-preproc_dwi.nii.gz	0.000365987556423	0.1306515336036682	0.1013823747634887	0.1005042493343353	0.1306993663311004	0.1005201637744903	0.1013701036572456	0.1757648438215255	0.1757680475711822	sub-112028	ses-1		dir-AP	acq-multiband	space-ACPC			DSIStudio	autotrackgqi
Association_SuperiorLongitudinalFasciculusL	dki_md	DIPYDKI	/scratch/grmpy/SLURM_11194840_22/job-11194840-22-sub-112028/ds/inputs/data/qsiprep/qsiprep/sub-112028/ses-1/dwi/sub-112028_ses-1_acq-multiband_dir-AP_space-ACPC_desc-preproc_dwi.nii.gz	0.000243991704282	0.0009463799069635	0.0002929916081484	0.0008838557405397	0.000946610874962	0.0008838615613058	0.0002926540328189	0.0009004607563838	0.0009004743187688	sub-112028	ses-1		dir-AP	acq-multiband	space-ACPC			DSIStudio	autotrackgqi
Association_SuperiorLongitudinalFasciculusL	dki_mk	DIPYDKI	/scratch/grmpy/SLURM_11194840_22/job-11194840-22-sub-112028/ds/inputs/data/qsiprep/qsiprep/sub-112028/ses-1/dwi/sub-112028_ses-1_acq-multiband_dir-AP_space-ACPC_desc-preproc_dwi.nii.gz	0.0010979626692692	0.8919544382459109	0.2620657410207079	0.8896352453365921	0.8929348473744176	0.8900767257671945	0.2605350272089197	1.0244253948743107	1.024536231948488	sub-112028	ses-1		dir-AP	acq-multiband	space-ACPC			DSIStudio	autotrackgqi
Association_SuperiorLongitudinalFasciculusL	dki_mkt	DIPYDKI	/scratch/grmpy/SLURM_11194840_22/job-11194840-22-sub-112028/ds/inputs/data/qsiprep/qsiprep/sub-112028/ses-1/dwi/sub-112028_ses-1_acq-multiband_dir-AP_space-ACPC_desc-preproc_dwi.nii.gz	0.000243991704282	0.8817971622026685	0.2377030169234506	0.8910250146901206	0.882012365903023	0.8911188132607217	0.2373324703662255	0.9991666302416672	0.9991816981540208	sub-112028	ses-1		dir-AP	acq-multiband	space-ACPC			DSIStudio	autotrackgqi
Association_SuperiorLongitudinalFasciculusL	dki_planarity	DIPYDKI	/scratch/grmpy/SLURM_11194840_22/job-11194840-22-sub-112028/ds/inputs/data/qsiprep/qsiprep/sub-112028/ses-1/dwi/sub-112028_ses-1_acq-multiband_dir-AP_space-ACPC_desc-preproc_dwi.nii.gz	0.0007319751128461	0.174759954214096	0.1162225678563118	0.1493689119815826	0.1748879700899124	0.1494433432817459	0.1161688044667244	0.2131712436676025	0.2131915837526321	sub-112028	ses-1		dir-AP	acq-multiband	space-ACPC			DSIStudio	autotrackgqi
Association_SuperiorLongitudinalFasciculusL	dki_rd	DIPYDKI	/scratch/grmpy/SLURM_11194840_22/job-11194840-22-sub-112028/ds/inputs/data/qsiprep/qsiprep/sub-112028/ses-1/dwi/sub-112028_ses-1_acq-multiband_dir-AP_space-ACPC_desc-preproc_dwi.nii.gz	0.000243991704282	0.0007881104829721	0.0003030736406799	0.0007318058633245	0.0007883028010837	0.0007318098796531	0.000302860426018	0.0006956107681617	0.0006956212455406	sub-112028	ses-1		dir-AP	acq-multiband	space-ACPC			DSIStudio	autotrackgqi
Association_SuperiorLongitudinalFasciculusL	dki_rk	DIPYDKI	/scratch/grmpy/SLURM_11194840_22/job-11194840-22-sub-112028/ds/inputs/data/qsiprep/qsiprep/sub-112028/ses-1/dwi/sub-112028_ses-1_acq-multiband_dir-AP_space-ACPC_desc-preproc_dwi.nii.gz	0.0010979626692692	1.060484381534061	0.4854982322680611	0.9960526000729034	1.0616500336388248	0.9971922758194528	0.4844895278269571	1.2989653796582312	1.2991059203084871	sub-112028	ses-1		dir-AP	acq-multiband	space-ACPC			DSIStudio	autotrackgqi
Association_SuperiorLongitudinalFasciculusL	dki_sphericity	DIPYDKI	/scratch/grmpy/SLURM_11194840_22/job-11194840-22-sub-112028/ds/inputs/data/qsiprep/qsiprep/sub-112028/ses-1/dwi/sub-112028_ses-1_acq-multiband_dir-AP_space-ACPC_desc-preproc_dwi.nii.gz	0.000243991704282	0.6943445205688477	0.1682554185390472	0.7190777063369751	0.6945139765739441	0.7190868854522705	0.1679258942604065	0.6110488772392273	0.6110581755638123	sub-112028	ses-1		dir-AP	acq-multiband	space-ACPC			DSIStudio	autotrackgqi
Association_ParietalAslantTractL	dki_ad	DIPYDKI	/scratch/grmpy/SLURM_11194840_22/job-11194840-22-sub-112028/ds/inputs/data/qsiprep/qsiprep/sub-112028/ses-1/dwi/sub-112028_ses-1_acq-multiband_dir-AP_space-ACPC_desc-preproc_dwi.nii.gz	0.0064285714285714	0.0011991455685347	0.0003068236692342	0.0011431926395744	0.0012069043004885	0.0011454704217612	0.0002922086569014	0.0012953378027305	0.0012962415348738	sub-112028	ses-1		dir-AP	acq-multiband	space-ACPC			DSIStudio	autotrackgqi
Association_ParietalAslantTractL	dki_ak	DIPYDKI	/scratch/grmpy/SLURM_11194840_22/job-11194840-22-sub-112028/ds/inputs/data/qsiprep/qsiprep/sub-112028/ses-1/dwi/sub-112028_ses-1_acq-multiband_dir-AP_space-ACPC_desc-preproc_dwi.nii.gz	0.0083928571428571	0.7524908402579334	0.1999536003248727	0.7718565704304836	0.7588598425075503	0.7728904243693417	0.188379035202709	0.7951605994996701	0.7958204598413068	sub-112028	ses-1		dir-AP	acq-multiband	space-ACPC			DSIStudio	autotrackgqi
Association_ParietalAslantTractL	dki_fa	DIPYDKI	/scratch/grmpy/SLURM_11194840_22/job-11194840-22-sub-112028/ds/inputs/data/qsiprep/qsiprep/sub-112028/ses-1/dwi/sub-112028_ses-1_acq-multiband_dir-AP_space-ACPC_desc-preproc_dwi.nii.gz	0.0066071428571428	0.2904349565505981	0.1679959148168563	0.2508744299411773	0.2923666834831238	0.2529846727848053	0.1668699234724044	0.4004017412662506	0.4006836116313934	sub-112028	ses-1		dir-AP	acq-multiband	space-ACPC			DSIStudio	autotrackgqi
Association_ParietalAslantTractL	dki_kfa	DIPYDKI	/scratch/grmpy/SLURM_11194840_22/job-11194840-22-sub-112028/ds/inputs/data/qsiprep/qsiprep/sub-112028/ses-1/dwi/sub-112028_ses-1_acq-multiband_dir-AP_space-ACPC_desc-preproc_dwi.nii.gz	0.0180357142857142	0.4800632894039154	0.164963886141777	0.4777728915214538	0.4888806045055389	0.4814771115779876	0.1529780924320221	0.4964168667793274	0.4978029131889343	sub-112028	ses-1		dir-AP	acq-multiband	space-ACPC			DSIStudio	autotrackgqi
Association_ParietalAslantTractL	dki_linearity	DIPYDKI	/scratch/grmpy/SLURM_11194840_22/job-11194840-22-sub-112028/ds/inputs/data/qsiprep/qsiprep/sub-112028/ses-1/dwi/sub-112028_ses-1_acq-multiband_dir-AP_space-ACPC_desc-preproc_dwi.nii.gz	0.0066071428571428	0.1174980625510215	0.0988459438085556	0.0846482589840889	0.1182795464992523	0.0856409594416618	0.0987069904804229	0.1711476445198059	0.1712681353092193	sub-112028	ses-1		dir-AP	acq-multiband	space-ACPC			DSIStudio	autotrackgqi
Association_ParietalAslantTractL	dki_md	DIPYDKI	/scratch/grmpy/SLURM_11194840_22/job-11194840-22-sub-112028/ds/inputs/data/qsiprep/qsiprep/sub-112028/ses-1/dwi/sub-112028_ses-1_acq-multiband_dir-AP_space-ACPC_desc-preproc_dwi.nii.gz	0.0064285714285714	0.0009127518278546	0.0002157906419597	0.0008808579295873	0.0009186574607156	0.0008812615415081	0.0002035721263382	0.0008924846188165	0.0008931073825806	sub-112028	ses-1		dir-AP	acq-multiband	space-ACPC			DSIStudio	autotrackgqi
Association_ParietalAslantTractL	dki_mk	DIPYDKI	/scratch/grmpy/SLURM_11194840_22/job-11194840-22-sub-112028/ds/inputs/data/qsiprep/qsiprep/sub-112028/ses-1/dwi/sub-112028_ses-1_acq-multiband_dir-AP_space-ACPC_desc-preproc_dwi.nii.gz	0.0083928571428571	0.8032380471916583	0.2938314446366469	0.8034770629139087	0.8100365683906513	0.8059872339625314	0.2855881887325585	0.974459421344881	0.9752680719915544	sub-112028	ses-1		dir-AP	acq-multiband	space-ACPC			DSIStudio	autotrackgqi
Association_ParietalAslantTractL	dki_mkt	DIPYDKI	/scratch/grmpy/SLURM_11194840_22/job-11194840-22-sub-112028/ds/inputs/data/qsiprep/qsiprep/sub-112028/ses-1/dwi/sub-112028_ses-1_acq-multiband_dir-AP_space-ACPC_desc-preproc_dwi.nii.gz	0.0064285714285714	0.8094609868181759	0.275917755780431	0.8169079709415945	0.814698333246187	0.8190296604144283	0.2689913161626951	0.959225623703101	0.9598949149953035	sub-112028	ses-1		dir-AP	acq-multiband	space-ACPC			DSIStudio	autotrackgqi
Association_ParietalAslantTractL	dki_planarity	DIPYDKI	/scratch/grmpy/SLURM_11194840_22/job-11194840-22-sub-112028/ds/inputs/data/qsiprep/qsiprep/sub-112028/ses-1/dwi/sub-112028_ses-1_acq-multiband_dir-AP_space-ACPC_desc-preproc_dwi.nii.gz	0.0069642857142857	0.1669874191284179	0.1195601299405098	0.1364673227071762	0.1681585162878036	0.1374200880527496	0.1191551238298416	0.2212378829717636	0.2213960587978363	sub-112028	ses-1		dir-AP	acq-multiband	space-ACPC			DSIStudio	autotrackgqi
Association_ParietalAslantTractL	dki_rd	DIPYDKI	/scratch/grmpy/SLURM_11194840_22/job-11194840-22-sub-112028/ds/inputs/data/qsiprep/qsiprep/sub-112028/ses-1/dwi/sub-112028_ses-1_acq-multiband_dir-AP_space-ACPC_desc-preproc_dwi.nii.gz	0.0064285714285714	0.0007695548702031	0.0002282248169649	0.0007451918208971	0.0007745340117253	0.0007461699424311	0.0002203793555963	0.0006910579977557	0.0006915401900187	sub-112028	ses-1		dir-AP	acq-multiband	space-ACPC			DSIStudio	autotrackgqi
Association_ParietalAslantTractL	dki_rk	DIPYDKI	/scratch/grmpy/SLURM_11194840_22/job-11194840-22-sub-112028/ds/inputs/data/qsiprep/qsiprep/sub-112028/ses-1/dwi/sub-112028_ses-1_acq-multiband_dir-AP_space-ACPC_desc-preproc_dwi.nii.gz	0.0083928571428571	0.9100985379840476	0.4925330445962024	0.8391152016139332	0.9178015149848132	0.8431141207608942	0.487413830127144	1.2036233991135836	1.2046222202131658	sub-112028	ses-1		dir-AP	acq-multiband	space-ACPC			DSIStudio	autotrackgqi
Association_ParietalAslantTractL	dki_sphericity	DIPYDKI	/scratch/grmpy/SLURM_11194840_22/job-11194840-22-sub-112028/ds/inputs/data/qsiprep/qsiprep/sub-112028/ses-1/dwi/sub-112028_ses-1_acq-multiband_dir-AP_space-ACPC_desc-preproc_dwi.nii.gz	0.0064285714285714	0.7090859413146973	0.1790976822376251	0.756057858467102	0.7136738300323486	0.7575781345367432	0.1703210175037384	0.6069172620773315	0.6073406934738159	sub-112028	ses-1		dir-AP	acq-multiband	space-ACPC			DSIStudio	autotrackgqi
Association_ParietalAslantTractR	dki_ad	DIPYDKI	/scratch/grmpy/SLURM_11194840_22/job-11194840-22-sub-112028/ds/inputs/data/qsiprep/qsiprep/sub-112028/ses-1/dwi/sub-112028_ses-1_acq-multiband_dir-AP_space-ACPC_desc-preproc_dwi.nii.gz	0.0003618599601954	0.0012387459864839	0.0002713807043619	0.0011797347106039	0.0012391944183036	0.0011799565982073	0.0002704042999539	0.0013846611836925	0.0013846920337527	sub-112028	ses-1		dir-AP	acq-multiband	space-ACPC			DSIStudio	autotrackgqi
Association_ParietalAslantTractR	dki_ak	DIPYDKI	/scratch/grmpy/SLURM_11194840_22/job-11194840-22-sub-112028/ds/inputs/data/qsiprep/qsiprep/sub-112028/ses-1/dwi/sub-112028_ses-1_acq-multiband_dir-AP_space-ACPC_desc-preproc_dwi.nii.gz	0.0005427899402931	0.7515163601646145	0.1671193432912962	0.7587291345444845	0.7519244972175642	0.7587595037523283	0.1662442612513864	0.7786570213078008	0.7786853799073907	sub-112028	ses-1		dir-AP	acq-multiband	space-ACPC			DSIStudio	autotrackgqi
Association_ParietalAslantTractR	dki_fa	DIPYDKI	/scratch/grmpy/SLURM_11194840_22/job-11194840-22-sub-112028/ds/inputs/data/qsiprep/qsiprep/sub-112028/ses-1/dwi/sub-112028_ses-1_acq-multiband_dir-AP_space-ACPC_desc-preproc_dwi.nii.gz	0.0003618599601954	0.3113395571708679	0.1717520207166671	0.2803610563278198	0.3114522397518158	0.2804392576217651	0.1716808974742889	0.4274437427520752	0.4274532496929168	sub-112028	ses-1		dir-AP	acq-multiband	space-ACPC			DSIStudio	autotrackgqi
Association_ParietalAslantTractR	dki_kfa	DIPYDKI	/scratch/grmpy/SLURM_11194840_22/job-11194840-22-sub-112028/ds/inputs/data/qsiprep/qsiprep/sub-112028/ses-1/dwi/sub-112028_ses-1_acq-multiband_dir-AP_space-ACPC_desc-preproc_dwi.nii.gz	0.0039804595621494	0.4575835466384887	0.1458494067192077	0.4491900205612182	0.4594122171401977	0.4501926898956299	0.1432373821735382	0.4771943986415863	0.4774713516235351	sub-112028	ses-1		dir-AP	acq-multiband	space-ACPC			DSIStudio	autotrackgqi
Association_ParietalAslantTractR	dki_linearity	DIPYDKI	/scratch/grmpy/SLURM_11194840_22/job-11194840-22-sub-112028/ds/inputs/data/qsiprep/qsiprep/sub-112028/ses-1/dwi/sub-112028_ses-1_acq-multiband_dir-AP_space-ACPC_desc-preproc_dwi.nii.gz	0.0003618599601954	0.1344821453094482	0.1075936108827591	0.1005409881472587	0.1345308274030685	0.100567527115345	0.1075826436281204	0.2044896185398101	0.2044941633939743	sub-112028	ses-1		dir-AP	acq-multiband	space-ACPC			DSIStudio	autotrackgqi
Association_ParietalAslantTractR	dki_md	DIPYDKI	/scratch/grmpy/SLURM_11194840_22/job-11194840-22-sub-112028/ds/inputs/data/qsiprep/qsiprep/sub-112028/ses-1/dwi/sub-112028_ses-1_acq-multiband_dir-AP_space-ACPC_desc-preproc_dwi.nii.gz	0.0003618599601954	0.0009187469840981	0.0001477450714446	0.0008966859895735	0.0009190795826725	0.0008967019384726	0.0001467339025111	0.0009184777736663	0.0009184981463477	sub-112028	ses-1		dir-AP	acq-multiband	space-ACPC			DSIStudio	autotrackgqi
Association_ParietalAslantTractR	dki_mk	DIPYDKI	/scratch/grmpy/SLURM_11194840_22/job-11194840-22-sub-112028/ds/inputs/data/qsiprep/qsiprep/sub-112028/ses-1/dwi/sub-112028_ses-1_acq-multiband_dir-AP_space-ACPC_desc-preproc_dwi.nii.gz	0.0005427899402931	0.8613543978567073	0.2575615251140455	0.8655318179312533	0.861822186269736	0.8656070866153152	0.2568478458299231	1.0311165184682232	1.0311540714425345	sub-112028	ses-1		dir-AP	acq-multiband	space-ACPC			DSIStudio	autotrackgqi
Association_ParietalAslantTractR	dki_mkt	DIPYDKI	/scratch/grmpy/SLURM_11194840_22/job-11194840-22-sub-112028/ds/inputs/data/qsiprep/qsiprep/sub-112028/ses-1/dwi/sub-112028_ses-1_acq-multiband_dir-AP_space-ACPC_desc-preproc_dwi.nii.gz	0.0003618599601954	0.8505201221597478	0.2212196776993107	0.8687781274119066	0.850828002746955	0.8690575293916875	0.2206669606945947	0.9904691434968936	0.9904911646931048	sub-112028	ses-1		dir-AP	acq-multiband	space-ACPC			DSIStudio	autotrackgqi
Association_ParietalAslantTractR	dki_planarity	DIPYDKI	/scratch/grmpy/SLURM_11194840_22/job-11194840-22-sub-112028/ds/inputs/data/qsiprep/qsiprep/sub-112028/ses-1/dwi/sub-112028_ses-1_acq-multiband_dir-AP_space-ACPC_desc-preproc_dwi.nii.gz	0.0003618599601954	0.1629514545202255	0.1096422374248504	0.1395426541566848	0.1630104482173919	0.1395694762468338	0.1096182316541671	0.1945289969444275	0.1945333480834961	sub-112028	ses-1		dir-AP	acq-multiband	space-ACPC			DSIStudio	autotrackgqi
Association_ParietalAslantTractR	dki_rd	DIPYDKI	/scratch/grmpy/SLURM_11194840_22/job-11194840-22-sub-112028/ds/inputs/data/qsiprep/qsiprep/sub-112028/ses-1/dwi/sub-112028_ses-1_acq-multiband_dir-AP_space-ACPC_desc-preproc_dwi.nii.gz	0.0003618599601954	0.0007587476284243	0.0001743672037264	0.0007506341207772	0.0007590223103761	0.0007506391848437	0.0001738000282784	0.0006853860104456	0.0006854012608528	sub-112028	ses-1		dir-AP	acq-multiband	space-ACPC			DSIStudio	autotrackgqi
Association_ParietalAslantTractR	dki_rk	DIPYDKI	/scratch/grmpy/SLURM_11194840_22/job-11194840-22-sub-112028/ds/inputs/data/qsiprep/qsiprep/sub-112028/ses-1/dwi/sub-112028_ses-1_acq-multiband_dir-AP_space-ACPC_desc-preproc_dwi.nii.gz	0.0005427899402931	1.0303535664803745	0.4981342413158628	0.949758572294416	1.030913135759781	0.9499792316100242	0.497690280050354	1.362361537247846	1.362411153970586	sub-112028	ses-1		dir-AP	acq-multiband	space-ACPC			DSIStudio	autotrackgqi
Association_ParietalAslantTractR	dki_sphericity	DIPYDKI	/scratch/grmpy/SLURM_11194840_22/job-11194840-22-sub-112028/ds/inputs/data/qsiprep/qsiprep/sub-112028/ses-1/dwi/sub-112028_ses-1_acq-multiband_dir-AP_space-ACPC_desc-preproc_dwi.nii.gz	0.0003618599601954	0.7022045254707336	0.166957676410675	0.7336534261703491	0.7024587392807007	0.7337761521339417	0.1664523929357528	0.6009591221809387	0.6009725332260132	sub-112028	ses-1		dir-AP	acq-multiband	space-ACPC			DSIStudio	autotrackgqi
Association_VerticalOccipitalFasciculusL	dki_ad	DIPYDKI	/scratch/grmpy/SLURM_11194840_22/job-11194840-22-sub-112028/ds/inputs/data/qsiprep/qsiprep/sub-112028/ses-1/dwi/sub-112028_ses-1_acq-multiband_dir-AP_space-ACPC_desc-preproc_dwi.nii.gz	0.0029618659755646	0.0012122162152081	0.0002583907626103	0.0011644638143479	0.0012158172903582	0.0011645613703876	0.0002501716662663	0.0012895280960947	0.0012897870037704	sub-112028	ses-1		dir-AP	acq-multiband	space-ACPC			DSIStudio	autotrackgqi
Association_VerticalOccipitalFasciculusL	dki_ak	DIPYDKI	/scratch/grmpy/SLURM_11194840_22/job-11194840-22-sub-112028/ds/inputs/data/qsiprep/qsiprep/sub-112028/ses-1/dwi/sub-112028_ses-1_acq-multiband_dir-AP_space-ACPC_desc-preproc_dwi.nii.gz	0.0059237319511292	0.829330872352859	0.1944062275986583	0.8384790996781066	0.834272881275632	0.839285616785733	0.1841086951918379	0.8467190352230843	0.8473907450458757	sub-112028	ses-1		dir-AP	acq-multiband	space-ACPC			DSIStudio	autotrackgqi
Association_VerticalOccipitalFasciculusL	dki_fa	DIPYDKI	/scratch/grmpy/SLURM_11194840_22/job-11194840-22-sub-112028/ds/inputs/data/qsiprep/qsiprep/sub-112028/ses-1/dwi/sub-112028_ses-1_acq-multiband_dir-AP_space-ACPC_desc-preproc_dwi.nii.gz	0.0029618659755646	0.330634206533432	0.1727859377861023	0.315025120973587	0.3316164016723633	0.3154040873050689	0.1720986813306808	0.415972888469696	0.4160564243793487	sub-112028	ses-1		dir-AP	acq-multiband	space-ACPC			DSIStudio	autotrackgqi
Association_VerticalOccipitalFasciculusL	dki_kfa	DIPYDKI	/scratch/grmpy/SLURM_11194840_22/job-11194840-22-sub-112028/ds/inputs/data/qsiprep/qsiprep/sub-112028/ses-1/dwi/sub-112028_ses-1_acq-multiband_dir-AP_space-ACPC_desc-preproc_dwi.nii.gz	0.014809329877823	0.491717517375946	0.1624951809644699	0.4854438304901123	0.4991089999675751	0.4871379137039184	0.1520277857780456	0.5060000419616699	0.5081995129585266	sub-112028	ses-1		dir-AP	acq-multiband	space-ACPC			DSIStudio	autotrackgqi
Association_VerticalOccipitalFasciculusL	dki_linearity	DIPYDKI	/scratch/grmpy/SLURM_11194840_22/job-11194840-22-sub-112028/ds/inputs/data/qsiprep/qsiprep/sub-112028/ses-1/dwi/sub-112028_ses-1_acq-multiband_dir-AP_space-ACPC_desc-preproc_dwi.nii.gz	0.0029618659755646	0.1414504796266555	0.1108463257551193	0.1086375415325164	0.1418706774711609	0.1088263094425201	0.1107420176267623	0.2026710957288742	0.2027117908000946	sub-112028	ses-1		dir-AP	acq-multiband	space-ACPC			DSIStudio	autotrackgqi
Association_VerticalOccipitalFasciculusL	dki_md	DIPYDKI	/scratch/grmpy/SLURM_11194840_22/job-11194840-22-sub-112028/ds/inputs/data/qsiprep/qsiprep/sub-112028/ses-1/dwi/sub-112028_ses-1_acq-multiband_dir-AP_space-ACPC_desc-preproc_dwi.nii.gz	0.0029618659755646	0.0008886829018592	0.0001649770711082	0.0008690852555446	0.0008913228521123	0.0008693446870893	0.0001579405361553	0.00086543825455	0.0008656120626255	sub-112028	ses-1		dir-AP	acq-multiband	space-ACPC			DSIStudio	autotrackgqi
Association_VerticalOccipitalFasciculusL	dki_mk	DIPYDKI	/scratch/grmpy/SLURM_11194840_22/job-11194840-22-sub-112028/ds/inputs/data/qsiprep/qsiprep/sub-112028/ses-1/dwi/sub-112028_ses-1_acq-multiband_dir-AP_space-ACPC_desc-preproc_dwi.nii.gz	0.0059237319511292	0.9030107247545192	0.3065071241618304	0.9483126548322488	0.9083917942502632	0.9511733408695272	0.2993632052432315	1.03325738090532	1.0340770733148426	sub-112028	ses-1		dir-AP	acq-multiband	space-ACPC			DSIStudio	autotrackgqi
Association_VerticalOccipitalFasciculusL	dki_mkt	DIPYDKI	/scratch/grmpy/SLURM_11194840_22/job-11194840-22-sub-112028/ds/inputs/data/qsiprep/qsiprep/sub-112028/ses-1/dwi/sub-112028_ses-1_acq-multiband_dir-AP_space-ACPC_desc-preproc_dwi.nii.gz	0.0029618659755646	0.9072735411732205	0.2719459047050778	0.9637999298935478	0.9099687466427286	0.964847548086794	0.2678091047507953	1.0240024966862156	1.0242081663695253	sub-112028	ses-1		dir-AP	acq-multiband	space-ACPC			DSIStudio	autotrackgqi
Association_VerticalOccipitalFasciculusL	dki_planarity	DIPYDKI	/scratch/grmpy/SLURM_11194840_22/job-11194840-22-sub-112028/ds/inputs/data/qsiprep/qsiprep/sub-112028/ses-1/dwi/sub-112028_ses-1_acq-multiband_dir-AP_space-ACPC_desc-preproc_dwi.nii.gz	0.0029618659755646	0.1781288087368011	0.1160982623696327	0.155530497431755	0.1786579638719558	0.1561032086610794	0.1158633232116699	0.1777237355709076	0.1777594536542892	sub-112028	ses-1		dir-AP	acq-multiband	space-ACPC			DSIStudio	autotrackgqi
Association_VerticalOccipitalFasciculusL	dki_rd	DIPYDKI	/scratch/grmpy/SLURM_11194840_22/job-11194840-22-sub-112028/ds/inputs/data/qsiprep/qsiprep/sub-112028/ses-1/dwi/sub-112028_ses-1_acq-multiband_dir-AP_space-ACPC_desc-preproc_dwi.nii.gz	0.0029618659755646	0.0007269162451848	0.0001947774580912	0.0007126930868253	0.000729075691197	0.0007129900041036	0.0001909884304041	0.0006533933337777	0.0006535245338454	sub-112028	ses-1		dir-AP	acq-multiband	space-ACPC			DSIStudio	autotrackgqi
Association_VerticalOccipitalFasciculusL	dki_rk	DIPYDKI	/scratch/grmpy/SLURM_11194840_22/job-11194840-22-sub-112028/ds/inputs/data/qsiprep/qsiprep/sub-112028/ses-1/dwi/sub-112028_ses-1_acq-multiband_dir-AP_space-ACPC_desc-preproc_dwi.nii.gz	0.0059237319511292	1.0239275618760344	0.5366376359808565	1.0005681123809238	1.0300291786320928	1.0040537323601924	0.5323637766680747	1.2473251363341555	1.2483146505093856	sub-112028	ses-1		dir-AP	acq-multiband	space-ACPC			DSIStudio	autotrackgqi
Association_VerticalOccipitalFasciculusL	dki_sphericity	DIPYDKI	/scratch/grmpy/SLURM_11194840_22/job-11194840-22-sub-112028/ds/inputs/data/qsiprep/qsiprep/sub-112028/ses-1/dwi/sub-112028_ses-1_acq-multiband_dir-AP_space-ACPC_desc-preproc_dwi.nii.gz	0.0029618659755646	0.6774588823318481	0.1742624044418335	0.6963226199150085	0.6794713735580444	0.6973065137863159	0.1705583781003952	0.6194043159484863	0.6195287704467773	sub-112028	ses-1		dir-AP	acq-multiband	space-ACPC			DSIStudio	autotrackgqi
Association_InferiorLongitudinalFasciculusL	dki_ad	DIPYDKI	/scratch/grmpy/SLURM_11194840_22/job-11194840-22-sub-112028/ds/inputs/data/qsiprep/qsiprep/sub-112028/ses-1/dwi/sub-112028_ses-1_acq-multiband_dir-AP_space-ACPC_desc-preproc_dwi.nii.gz	0.001098659635245	0.0013304707827046	0.0004584873968269	0.0012593111023306	0.0013319341233	0.0012595716398209	0.0004566101415548	0.0014319126494228	0.0014319667825475	sub-112028	ses-1		dir-AP	acq-multiband	space-ACPC			DSIStudio	autotrackgqi
Association_InferiorLongitudinalFasciculusL	dki_ak	DIPYDKI	/scratch/grmpy/SLURM_11194840_22/job-11194840-22-sub-112028/ds/inputs/data/qsiprep/qsiprep/sub-112028/ses-1/dwi/sub-112028_ses-1_acq-multiband_dir-AP_space-ACPC_desc-preproc_dwi.nii.gz	0.002417051197539	0.7850211536965425	0.1842510721299239	0.7871922247189181	0.7869231873288469	0.7878799550440431	0.1803717194706515	0.7736609630464983	0.773995755720943	sub-112028	ses-1		dir-AP	acq-multiband	space-ACPC			DSIStudio	autotrackgqi
Association_InferiorLongitudinalFasciculusL	dki_fa	DIPYDKI	/scratch/grmpy/SLURM_11194840_22/job-11194840-22-sub-112028/ds/inputs/data/qsiprep/qsiprep/sub-112028/ses-1/dwi/sub-112028_ses-1_acq-multiband_dir-AP_space-ACPC_desc-preproc_dwi.nii.gz	0.0012085255987695	0.3624899089336395	0.1840213686227798	0.3445803523063659	0.3629285097122192	0.3457105755805969	0.1836999058723449	0.4744012355804443	0.4744202494621277	sub-112028	ses-1		dir-AP	acq-multiband	space-ACPC			DSIStudio	autotrackgqi
Association_InferiorLongitudinalFasciculusL	dki_kfa	DIPYDKI	/scratch/grmpy/SLURM_11194840_22/job-11194840-22-sub-112028/ds/inputs/data/qsiprep/qsiprep/sub-112028/ses-1/dwi/sub-112028_ses-1_acq-multiband_dir-AP_space-ACPC_desc-preproc_dwi.nii.gz	0.0095583388266315	0.5278621315956116	0.1669593155384063	0.5259886980056763	0.5329563021659851	0.5276585817337036	0.1594661623239517	0.5534133315086365	0.5539616346359253	sub-112028	ses-1		dir-AP	acq-multiband	space-ACPC			DSIStudio	autotrackgqi
Association_InferiorLongitudinalFasciculusL	dki_linearity	DIPYDKI	/scratch/grmpy/SLURM_11194840_22/job-11194840-22-sub-112028/ds/inputs/data/qsiprep/qsiprep/sub-112028/ses-1/dwi/sub-112028_ses-1_acq-multiband_dir-AP_space-ACPC_desc-preproc_dwi.nii.gz	0.0012085255987695	0.1632793098688125	0.1263330280780792	0.1263395845890045	0.1634768694639206	0.1265135258436203	0.1262816339731216	0.2387612164020538	0.2387707829475402	sub-112028	ses-1		dir-AP	acq-multiband	space-ACPC			DSIStudio	autotrackgqi
Association_InferiorLongitudinalFasciculusL	dki_md	DIPYDKI	/scratch/grmpy/SLURM_11194840_22/job-11194840-22-sub-112028/ds/inputs/data/qsiprep/qsiprep/sub-112028/ses-1/dwi/sub-112028_ses-1_acq-multiband_dir-AP_space-ACPC_desc-preproc_dwi.nii.gz	0.001098659635245	0.0009455076069571	0.0003448899078648	0.0008936605881899	0.0009465475450269	0.0008937638485804	0.000343650317518	0.0009081046446226	0.0009081389289349	sub-112028	ses-1		dir-AP	acq-multiband	space-ACPC			DSIStudio	autotrackgqi
Association_InferiorLongitudinalFasciculusL	dki_mk	DIPYDKI	/scratch/grmpy/SLURM_11194840_22/job-11194840-22-sub-112028/ds/inputs/data/qsiprep/qsiprep/sub-112028/ses-1/dwi/sub-112028_ses-1_acq-multiband_dir-AP_space-ACPC_desc-preproc_dwi.nii.gz	0.002417051197539	0.8672138088163172	0.3010918519543148	0.9078559766202856	0.869314987648251	0.908439172715232	0.2984114087952593	1.008213534809531	1.0086498274527476	sub-112028	ses-1		dir-AP	acq-multiband	space-ACPC			DSIStudio	autotrackgqi
Association_InferiorLongitudinalFasciculusL	dki_mkt	DIPYDKI	/scratch/grmpy/SLURM_11194840_22/job-11194840-22-sub-112028/ds/inputs/data/qsiprep/qsiprep/sub-112028/ses-1/dwi/sub-112028_ses-1_acq-multiband_dir-AP_space-ACPC_desc-preproc_dwi.nii.gz	0.001098659635245	0.8786120866159817	0.2558942022088707	0.9275632836272104	0.8795784439483794	0.9281405362763246	0.2543695678138726	0.9924944293866362	0.9925318783803854	sub-112028	ses-1		dir-AP	acq-multiband	space-ACPC			DSIStudio	autotrackgqi
Association_InferiorLongitudinalFasciculusL	dki_planarity	DIPYDKI	/scratch/grmpy/SLURM_11194840_22/job-11194840-22-sub-112028/ds/inputs/data/qsiprep/qsiprep/sub-112028/ses-1/dwi/sub-112028_ses-1_acq-multiband_dir-AP_space-ACPC_desc-preproc_dwi.nii.gz	0.0012085255987695	0.1851532012224197	0.1161056980490684	0.162310779094696	0.185377225279808	0.1624224334955215	0.1159970387816429	0.2039670348167419	0.2039752155542373	sub-112028	ses-1		dir-AP	acq-multiband	space-ACPC			DSIStudio	autotrackgqi
Association_InferiorLongitudinalFasciculusL	dki_rd	DIPYDKI	/scratch/grmpy/SLURM_11194840_22/job-11194840-22-sub-112028/ds/inputs/data/qsiprep/qsiprep/sub-112028/ses-1/dwi/sub-112028_ses-1_acq-multiband_dir-AP_space-ACPC_desc-preproc_dwi.nii.gz	0.001098659635245	0.0007530261646024	0.0003443163004703	0.0007155810017138	0.0007538544014096	0.0007158239604905	0.0003435982507653	0.000646200729534	0.0006462250603362	sub-112028	ses-1		dir-AP	acq-multiband	space-ACPC			DSIStudio	autotrackgqi
Association_InferiorLongitudinalFasciculusL	dki_rk	DIPYDKI	/scratch/grmpy/SLURM_11194840_22/job-11194840-22-sub-112028/ds/inputs/data/qsiprep/qsiprep/sub-112028/ses-1/dwi/sub-112028_ses-1_acq-multiband_dir-AP_space-ACPC_desc-preproc_dwi.nii.gz	0.002417051197539	1.010590633409324	0.5755143664649038	0.9746110625058368	1.0130392010233111	0.9761468783190238	0.5740547000586878	1.316013783977585	1.3165832737316072	sub-112028	ses-1		dir-AP	acq-multiband	space-ACPC			DSIStudio	autotrackgqi
Association_InferiorLongitudinalFasciculusL	dki_sphericity	DIPYDKI	/scratch/grmpy/SLURM_11194840_22/job-11194840-22-sub-112028/ds/inputs/data/qsiprep/qsiprep/sub-112028/ses-1/dwi/sub-112028_ses-1_acq-multiband_dir-AP_space-ACPC_desc-preproc_dwi.nii.gz	0.001098659635245	0.6504688262939453	0.1811073422431945	0.6669576168060303	0.6511842608451843	0.6674501895904541	0.1799168437719345	0.5572340488433838	0.5572550296783447	sub-112028	ses-1		dir-AP	acq-multiband	space-ACPC			DSIStudio	autotrackgqi
Association_UncinateFasciculusL	dki_ad	DIPYDKI	/scratch/grmpy/SLURM_11194840_22/job-11194840-22-sub-112028/ds/inputs/data/qsiprep/qsiprep/sub-112028/ses-1/dwi/sub-112028_ses-1_acq-multiband_dir-AP_space-ACPC_desc-preproc_dwi.nii.gz	0.0140491721023582	0.001387957134284	0.0006472523673437	0.001282618381083	0.0014077347004786	0.0012890109792351	0.0006301299436017	0.0013855891302227	0.0013866894878447	sub-112028	ses-1		dir-AP	acq-multiband	space-ACPC			DSIStudio	autotrackgqi
Association_UncinateFasciculusL	dki_ak	DIPYDKI	/scratch/grmpy/SLURM_11194840_22/job-11194840-22-sub-112028/ds/inputs/data/qsiprep/qsiprep/sub-112028/ses-1/dwi/sub-112028_ses-1_acq-multiband_dir-AP_space-ACPC_desc-preproc_dwi.nii.gz	0.0230807827395885	0.7183483913108399	0.2572452979533076	0.7382096996991543	0.7353201560773004	0.7431987246756575	0.2350721646390149	0.7095596286623311	0.7111051609671514	sub-112028	ses-1		dir-AP	acq-multiband	space-ACPC			DSIStudio	autotrackgqi
Association_UncinateFasciculusL	dki_fa	DIPYDKI	/scratch/grmpy/SLURM_11194840_22/job-11194840-22-sub-112028/ds/inputs/data/qsiprep/qsiprep/sub-112028/ses-1/dwi/sub-112028_ses-1_acq-multiband_dir-AP_space-ACPC_desc-preproc_dwi.nii.gz	0.0140491721023582	0.3030359745025635	0.1582394242286682	0.2786580622196197	0.3073540329933166	0.2819156944751739	0.1551429629325866	0.3663638830184936	0.3666547536849975	sub-112028	ses-1		dir-AP	acq-multiband	space-ACPC			DSIStudio	autotrackgqi
Association_UncinateFasciculusL	dki_kfa	DIPYDKI	/scratch/grmpy/SLURM_11194840_22/job-11194840-22-sub-112028/ds/inputs/data/qsiprep/qsiprep/sub-112028/ses-1/dwi/sub-112028_ses-1_acq-multiband_dir-AP_space-ACPC_desc-preproc_dwi.nii.gz	0.0644756648268941	0.4707339107990265	0.2137681543827057	0.4781033396720886	0.5031765699386597	0.4915809035301208	0.1803381294012069	0.5130141973495483	0.5202736854553223	sub-112028	ses-1		dir-AP	acq-multiband	space-ACPC			DSIStudio	autotrackgqi
Association_UncinateFasciculusL	dki_linearity	DIPYDKI	/scratch/grmpy/SLURM_11194840_22/job-11194840-22-sub-112028/ds/inputs/data/qsiprep/qsiprep/sub-112028/ses-1/dwi/sub-112028_ses-1_acq-multiband_dir-AP_space-ACPC_desc-preproc_dwi.nii.gz	0.0140491721023582	0.1268803924322128	0.1095277816057205	0.0984168201684951	0.1286883503198623	0.1001111418008804	0.1092456504702568	0.1655818819999694	0.1657133400440216	sub-112028	ses-1		dir-AP	acq-multiband	space-ACPC			DSIStudio	autotrackgqi
Association_UncinateFasciculusL	dki_md	DIPYDKI	/scratch/grmpy/SLURM_11194840_22/job-11194840-22-sub-112028/ds/inputs/data/qsiprep/qsiprep/sub-112028/ses-1/dwi/sub-112028_ses-1_acq-multiband_dir-AP_space-ACPC_desc-preproc_dwi.nii.gz	0.0140491721023582	0.0010549314320087	0.0005279546021483	0.0009605550440028	0.0010699634440243	0.0009621811914257	0.0005163564928807	0.0009828793117776	0.0009836596436798	sub-112028	ses-1		dir-AP	acq-multiband	space-ACPC			DSIStudio	autotrackgqi
Association_UncinateFasciculusL	dki_mk	DIPYDKI	/scratch/grmpy/SLURM_11194840_22/job-11194840-22-sub-112028/ds/inputs/data/qsiprep/qsiprep/sub-112028/ses-1/dwi/sub-112028_ses-1_acq-multiband_dir-AP_space-ACPC_desc-preproc_dwi.nii.gz	0.0230807827395885	0.7020602208143575	0.3709203577776641	0.7846884174181032	0.7186471597755596	0.7889672064167459	0.3590435601242521	0.8079331278931081	0.8096929333788828	sub-112028	ses-1		dir-AP	acq-multiband	space-ACPC			DSIStudio	autotrackgqi
Association_UncinateFasciculusL	dki_mkt	DIPYDKI	/scratch/grmpy/SLURM_11194840_22/job-11194840-22-sub-112028/ds/inputs/data/qsiprep/qsiprep/sub-112028/ses-1/dwi/sub-112028_ses-1_acq-multiband_dir-AP_space-ACPC_desc-preproc_dwi.nii.gz	0.0140491721023582	0.7292296774880197	0.3718626215778133	0.7974419340999297	0.7396207365056607	0.8002772398039385	0.3640972320965936	0.8159098846567374	0.8165577382548959	sub-112028	ses-1		dir-AP	acq-multiband	space-ACPC			DSIStudio	autotrackgqi
Association_UncinateFasciculusL	dki_planarity	DIPYDKI	/scratch/grmpy/SLURM_11194840_22/job-11194840-22-sub-112028/ds/inputs/data/qsiprep/qsiprep/sub-112028/ses-1/dwi/sub-112028_ses-1_acq-multiband_dir-AP_space-ACPC_desc-preproc_dwi.nii.gz	0.0168088309081786	0.1657977104187011	0.1077087894082069	0.1475162357091903	0.168632224202156	0.1492968052625656	0.1064026728272438	0.1736102402210235	0.1738605201244354	sub-112028	ses-1		dir-AP	acq-multiband	space-ACPC			DSIStudio	autotrackgqi
Association_UncinateFasciculusL	dki_rd	DIPYDKI	/scratch/grmpy/SLURM_11194840_22/job-11194840-22-sub-112028/ds/inputs/data/qsiprep/qsiprep/sub-112028/ses-1/dwi/sub-112028_ses-1_acq-multiband_dir-AP_space-ACPC_desc-preproc_dwi.nii.gz	0.0140491721023582	0.000888418580871	0.0004948468413203	0.0008014637278392	0.0009010779904201	0.0008052490884438	0.0004867808311246	0.0007815243443474	0.000782144954428	sub-112028	ses-1		dir-AP	acq-multiband	space-ACPC			DSIStudio	autotrackgqi
Association_UncinateFasciculusL	dki_rk	DIPYDKI	/scratch/grmpy/SLURM_11194840_22/job-11194840-22-sub-112028/ds/inputs/data/qsiprep/qsiprep/sub-112028/ses-1/dwi/sub-112028_ses-1_acq-multiband_dir-AP_space-ACPC_desc-preproc_dwi.nii.gz	0.0230807827395885	0.7369001694979985	0.4985061689260634	0.7920436259928211	0.7543102402719626	0.8010591117052799	0.4911691032396019	0.9302368534444208	0.932263055745902	sub-112028	ses-1		dir-AP	acq-multiband	space-ACPC			DSIStudio	autotrackgqi
Association_UncinateFasciculusL	dki_sphericity	DIPYDKI	/scratch/grmpy/SLURM_11194840_22/job-11194840-22-sub-112028/ds/inputs/data/qsiprep/qsiprep/sub-112028/ses-1/dwi/sub-112028_ses-1_acq-multiband_dir-AP_space-ACPC_desc-preproc_dwi.nii.gz	0.0140491721023582	0.6932727098464966	0.1764867156744003	0.7253875136375427	0.7031514048576355	0.7279245257377625	0.1569878160953521	0.6600144505500793	0.6605384945869446	sub-112028	ses-1		dir-AP	acq-multiband	space-ACPC			DSIStudio	autotrackgqi
Association_ExtremeCapsuleR	dki_ad	DIPYDKI	/scratch/grmpy/SLURM_11194840_22/job-11194840-22-sub-112028/ds/inputs/data/qsiprep/qsiprep/sub-112028/ses-1/dwi/sub-112028_ses-1_acq-multiband_dir-AP_space-ACPC_desc-preproc_dwi.nii.gz	0.0	0.0013903211802244	0.0005339388735592	0.0013121503870934	0.0013903211802244	0.0013121503870934	0.0005339388735592	0.0014508420135825	0.0014508420135825	sub-112028	ses-1		dir-AP	acq-multiband	space-ACPC			DSIStudio	autotrackgqi
Association_ExtremeCapsuleR	dki_ak	DIPYDKI	/scratch/grmpy/SLURM_11194840_22/job-11194840-22-sub-112028/ds/inputs/data/qsiprep/qsiprep/sub-112028/ses-1/dwi/sub-112028_ses-1_acq-multiband_dir-AP_space-ACPC_desc-preproc_dwi.nii.gz	0.0	0.7706628769609581	0.163719773190559	0.7704350985813326	0.7706628769609581	0.7704350985813326	0.163719773190559	0.7767998914779186	0.7767998914779186	sub-112028	ses-1		dir-AP	acq-multiband	space-ACPC			DSIStudio	autotrackgqi
Association_ExtremeCapsuleR	dki_fa	DIPYDKI	/scratch/grmpy/SLURM_11194840_22/job-11194840-22-sub-112028/ds/inputs/data/qsiprep/qsiprep/sub-112028/ses-1/dwi/sub-112028_ses-1_acq-multiband_dir-AP_space-ACPC_desc-preproc_dwi.nii.gz	0.0	0.3783063888549804	0.1759098023176193	0.379707932472229	0.3783063888549804	0.379707932472229	0.1759098023176193	0.4538534879684448	0.4538534879684448	sub-112028	ses-1		dir-AP	acq-multiband	space-ACPC			DSIStudio	autotrackgqi
Association_ExtremeCapsuleR	dki_kfa	DIPYDKI	/scratch/grmpy/SLURM_11194840_22/job-11194840-22-sub-112028/ds/inputs/data/qsiprep/qsiprep/sub-112028/ses-1/dwi/sub-112028_ses-1_acq-multiband_dir-AP_space-ACPC_desc-preproc_dwi.nii.gz	0.0009270704573547	0.483844131231308	0.1387921869754791	0.4923903048038482	0.4842931032180786	0.4925690591335296	0.1380713880062103	0.5083816647529602	0.5086113214492798	sub-112028	ses-1		dir-AP	acq-multiband	space-ACPC			DSIStudio	autotrackgqi
Association_ExtremeCapsuleR	dki_linearity	DIPYDKI	/scratch/grmpy/SLURM_11194840_22/job-11194840-22-sub-112028/ds/inputs/data/qsiprep/qsiprep/sub-112028/ses-1/dwi/sub-112028_ses-1_acq-multiband_dir-AP_space-ACPC_desc-preproc_dwi.nii.gz	0.0	0.1742237210273742	0.1171511337161064	0.1486733853816986	0.1742237210273742	0.1486733853816986	0.1171511337161064	0.2240653783082962	0.2240653783082962	sub-112028	ses-1		dir-AP	acq-multiband	space-ACPC			DSIStudio	autotrackgqi
Association_ExtremeCapsuleR	dki_md	DIPYDKI	/scratch/grmpy/SLURM_11194840_22/job-11194840-22-sub-112028/ds/inputs/data/qsiprep/qsiprep/sub-112028/ses-1/dwi/sub-112028_ses-1_acq-multiband_dir-AP_space-ACPC_desc-preproc_dwi.nii.gz	0.0	0.0009763305424712	0.0004266402102075	0.0009143937495537	0.0009763305424712	0.0009143937495537	0.0004266402102075	0.0009401203715242	0.0009401203715242	sub-112028	ses-1		dir-AP	acq-multiband	space-ACPC			DSIStudio	autotrackgqi
Association_ExtremeCapsuleR	dki_mk	DIPYDKI	/scratch/grmpy/SLURM_11194840_22/job-11194840-22-sub-112028/ds/inputs/data/qsiprep/qsiprep/sub-112028/ses-1/dwi/sub-112028_ses-1_acq-multiband_dir-AP_space-ACPC_desc-preproc_dwi.nii.gz	0.0	0.9496887409041468	0.2220833589823173	0.987218430522298	0.9496887409041468	0.987218430522298	0.2220833589823173	1.0219045876441162	1.0219045876441162	sub-112028	ses-1		dir-AP	acq-multiband	space-ACPC			DSIStudio	autotrackgqi
Association_ExtremeCapsuleR	dki_mkt	DIPYDKI	/scratch/grmpy/SLURM_11194840_22/job-11194840-22-sub-112028/ds/inputs/data/qsiprep/qsiprep/sub-112028/ses-1/dwi/sub-112028_ses-1_acq-multiband_dir-AP_space-ACPC_desc-preproc_dwi.nii.gz	0.0	0.9244175259984868	0.1940415071629574	0.9612456610345254	0.9244175259984868	0.9612456610345254	0.1940415071629574	0.9854971697148986	0.9854971697148986	sub-112028	ses-1		dir-AP	acq-multiband	space-ACPC			DSIStudio	autotrackgqi
Association_ExtremeCapsuleR	dki_planarity	DIPYDKI	/scratch/grmpy/SLURM_11194840_22/job-11194840-22-sub-112028/ds/inputs/data/qsiprep/qsiprep/sub-112028/ses-1/dwi/sub-112028_ses-1_acq-multiband_dir-AP_space-ACPC_desc-preproc_dwi.nii.gz	0.0	0.184490755200386	0.1117923110723495	0.1660393625497818	0.184490755200386	0.1660393625497818	0.1117923110723495	0.1969239562749862	0.1969239562749862	sub-112028	ses-1		dir-AP	acq-multiband	space-ACPC			DSIStudio	autotrackgqi
Association_ExtremeCapsuleR	dki_rd	DIPYDKI	/scratch/grmpy/SLURM_11194840_22/job-11194840-22-sub-112028/ds/inputs/data/qsiprep/qsiprep/sub-112028/ses-1/dwi/sub-112028_ses-1_acq-multiband_dir-AP_space-ACPC_desc-preproc_dwi.nii.gz	0.0	0.0007693351944908	0.0004165358841419	0.0007071184227243	0.0007693351944908	0.0007071184227243	0.0004165358841419	0.0006847595795989	0.0006847595795989	sub-112028	ses-1		dir-AP	acq-multiband	space-ACPC			DSIStudio	autotrackgqi
Association_ExtremeCapsuleR	dki_rk	DIPYDKI	/scratch/grmpy/SLURM_11194840_22/job-11194840-22-sub-112028/ds/inputs/data/qsiprep/qsiprep/sub-112028/ses-1/dwi/sub-112028_ses-1_acq-multiband_dir-AP_space-ACPC_desc-preproc_dwi.nii.gz	0.0	1.2168533088951354	0.466678196205835	1.2323371281493043	1.2168533088951354	1.2323371281493043	0.466678196205835	1.3896532082663209	1.3896532082663209	sub-112028	ses-1		dir-AP	acq-multiband	space-ACPC			DSIStudio	autotrackgqi
Association_ExtremeCapsuleR	dki_sphericity	DIPYDKI	/scratch/grmpy/SLURM_11194840_22/job-11194840-22-sub-112028/ds/inputs/data/qsiprep/qsiprep/sub-112028/ses-1/dwi/sub-112028_ses-1_acq-multiband_dir-AP_space-ACPC_desc-preproc_dwi.nii.gz	0.0	0.6412855386734009	0.1705900281667709	0.639202356338501	0.6412855386734009	0.639202356338501	0.1705900281667709	0.5790107250213623	0.5790107250213623	sub-112028	ses-1		dir-AP	acq-multiband	space-ACPC			DSIStudio	autotrackgqi
Association_SuperiorLongitudinalFasciculusR	dki_ad	DIPYDKI	/scratch/grmpy/SLURM_11194840_22/job-11194840-22-sub-112028/ds/inputs/data/qsiprep/qsiprep/sub-112028/ses-1/dwi/sub-112028_ses-1_acq-multiband_dir-AP_space-ACPC_desc-preproc_dwi.nii.gz	0.0	0.0012725688284263	0.0003792118804994	0.0012081073364242	0.0012725688284263	0.0012081073364242	0.0003792118804994	0.0013754731044173	0.0013754731044173	sub-112028	ses-1		dir-AP	acq-multiband	space-ACPC			DSIStudio	autotrackgqi
Association_SuperiorLongitudinalFasciculusR	dki_ak	DIPYDKI	/scratch/grmpy/SLURM_11194840_22/job-11194840-22-sub-112028/ds/inputs/data/qsiprep/qsiprep/sub-112028/ses-1/dwi/sub-112028_ses-1_acq-multiband_dir-AP_space-ACPC_desc-preproc_dwi.nii.gz	0.0	0.7659372819068975	0.1679945252838397	0.7677972693256612	0.7659372819068975	0.7677972693256612	0.1679945252838397	0.8025985239162984	0.8025985239162984	sub-112028	ses-1		dir-AP	acq-multiband	space-ACPC			DSIStudio	autotrackgqi
Association_SuperiorLongitudinalFasciculusR	dki_fa	DIPYDKI	/scratch/grmpy/SLURM_11194840_22/job-11194840-22-sub-112028/ds/inputs/data/qsiprep/qsiprep/sub-112028/ses-1/dwi/sub-112028_ses-1_acq-multiband_dir-AP_space-ACPC_desc-preproc_dwi.nii.gz	0.0	0.3379252851009369	0.1772414743900299	0.3227680325508117	0.3379252851009369	0.3227680325508117	0.1772414743900299	0.4767133295536041	0.4767133295536041	sub-112028	ses-1		dir-AP	acq-multiband	space-ACPC			DSIStudio	autotrackgqi
Association_SuperiorLongitudinalFasciculusR	dki_kfa	DIPYDKI	/scratch/grmpy/SLURM_11194840_22/job-11194840-22-sub-112028/ds/inputs/data/qsiprep/qsiprep/sub-112028/ses-1/dwi/sub-112028_ses-1_acq-multiband_dir-AP_space-ACPC_desc-preproc_dwi.nii.gz	0.0016317308899209	0.4724731147289276	0.1468367576599121	0.4774492681026459	0.4732453227043152	0.477653831243515	0.1457080245018005	0.5400807857513428	0.540293276309967	sub-112028	ses-1		dir-AP	acq-multiband	space-ACPC			DSIStudio	autotrackgqi
Association_SuperiorLongitudinalFasciculusR	dki_linearity	DIPYDKI	/scratch/grmpy/SLURM_11194840_22/job-11194840-22-sub-112028/ds/inputs/data/qsiprep/qsiprep/sub-112028/ses-1/dwi/sub-112028_ses-1_acq-multiband_dir-AP_space-ACPC_desc-preproc_dwi.nii.gz	0.0	0.1475333869457245	0.1126848980784416	0.1147988885641098	0.1475333869457245	0.1147988885641098	0.1126848980784416	0.2344618290662765	0.2344618290662765	sub-112028	ses-1		dir-AP	acq-multiband	space-ACPC			DSIStudio	autotrackgqi
Association_SuperiorLongitudinalFasciculusR	dki_md	DIPYDKI	/scratch/grmpy/SLURM_11194840_22/job-11194840-22-sub-112028/ds/inputs/data/qsiprep/qsiprep/sub-112028/ses-1/dwi/sub-112028_ses-1_acq-multiband_dir-AP_space-ACPC_desc-preproc_dwi.nii.gz	0.0	0.0009309140732511	0.0003079763264395	0.0008723142673261	0.0009309140732511	0.0008723142673261	0.0003079763264395	0.0008739028126001	0.0008739028126001	sub-112028	ses-1		dir-AP	acq-multiband	space-ACPC			DSIStudio	autotrackgqi
Association_SuperiorLongitudinalFasciculusR	dki_mk	DIPYDKI	/scratch/grmpy/SLURM_11194840_22/job-11194840-22-sub-112028/ds/inputs/data/qsiprep/qsiprep/sub-112028/ses-1/dwi/sub-112028_ses-1_acq-multiband_dir-AP_space-ACPC_desc-preproc_dwi.nii.gz	0.0	0.9174300892577854	0.2627372029126343	0.9050499596935834	0.9174300892577854	0.9050499596935834	0.2627372029126343	1.1040460683085072	1.1040460683085072	sub-112028	ses-1		dir-AP	acq-multiband	space-ACPC			DSIStudio	autotrackgqi
Association_SuperiorLongitudinalFasciculusR	dki_mkt	DIPYDKI	/scratch/grmpy/SLURM_11194840_22/job-11194840-22-sub-112028/ds/inputs/data/qsiprep/qsiprep/sub-112028/ses-1/dwi/sub-112028_ses-1_acq-multiband_dir-AP_space-ACPC_desc-preproc_dwi.nii.gz	0.0	0.8955744705213164	0.2309807433977083	0.8955692886604489	0.8955744705213164	0.8955692886604489	0.2309807433977083	1.0479983267653197	1.0479983267653197	sub-112028	ses-1		dir-AP	acq-multiband	space-ACPC			DSIStudio	autotrackgqi
Association_SuperiorLongitudinalFasciculusR	dki_planarity	DIPYDKI	/scratch/grmpy/SLURM_11194840_22/job-11194840-22-sub-112028/ds/inputs/data/qsiprep/qsiprep/sub-112028/ses-1/dwi/sub-112028_ses-1_acq-multiband_dir-AP_space-ACPC_desc-preproc_dwi.nii.gz	0.0	0.1773221641778946	0.119615763425827	0.1491616815328598	0.1773221641778946	0.1491616815328598	0.119615763425827	0.2167896032333374	0.2167896032333374	sub-112028	ses-1		dir-AP	acq-multiband	space-ACPC			DSIStudio	autotrackgqi
Association_SuperiorLongitudinalFasciculusR	dki_rd	DIPYDKI	/scratch/grmpy/SLURM_11194840_22/job-11194840-22-sub-112028/ds/inputs/data/qsiprep/qsiprep/sub-112028/ses-1/dwi/sub-112028_ses-1_acq-multiband_dir-AP_space-ACPC_desc-preproc_dwi.nii.gz	0.0	0.0007600868120789	0.0003226333355996	0.000708139850758	0.0007600868120789	0.000708139850758	0.0003226333355996	0.0006231177831068	0.0006231177831068	sub-112028	ses-1		dir-AP	acq-multiband	space-ACPC			DSIStudio	autotrackgqi
Association_SuperiorLongitudinalFasciculusR	dki_rk	DIPYDKI	/scratch/grmpy/SLURM_11194840_22/job-11194840-22-sub-112028/ds/inputs/data/qsiprep/qsiprep/sub-112028/ses-1/dwi/sub-112028_ses-1_acq-multiband_dir-AP_space-ACPC_desc-preproc_dwi.nii.gz	0.0	1.1502326018003122	0.5183314884541925	1.0732054049552977	1.1502326018003122	1.0732054049552977	0.5183314884541925	1.5674044217635934	1.5674044217635934	sub-112028	ses-1		dir-AP	acq-multiband	space-ACPC			DSIStudio	autotrackgqi
Association_SuperiorLongitudinalFasciculusR	dki_sphericity	DIPYDKI	/scratch/grmpy/SLURM_11194840_22/job-11194840-22-sub-112028/ds/inputs/data/qsiprep/qsiprep/sub-112028/ses-1/dwi/sub-112028_ses-1_acq-multiband_dir-AP_space-ACPC_desc-preproc_dwi.nii.gz	0.0	0.6751444935798645	0.1757287830114364	0.6921724081039429	0.6751444935798645	0.6921724081039429	0.1757287830114364	0.5487485527992249	0.5487485527992249	sub-112028	ses-1		dir-AP	acq-multiband	space-ACPC			DSIStudio	autotrackgqi
ProjectionBasalGanglia_AnsaSubthalamicaR	dki_ad	DIPYDKI	/scratch/grmpy/SLURM_11194840_22/job-11194840-22-sub-112028/ds/inputs/data/qsiprep/qsiprep/sub-112028/ses-1/dwi/sub-112028_ses-1_acq-multiband_dir-AP_space-ACPC_desc-preproc_dwi.nii.gz	0.0	0.0017892938340082	0.0010707266628742	0.0015063821338117	0.0017892938340082	0.0015063821338117	0.0010707266628742	0.0017031335737556	0.0017031335737556	sub-112028	ses-1		dir-AP	acq-multiband	space-ACPC			DSIStudio	autotrackgqi
ProjectionBasalGanglia_AnsaSubthalamicaR	dki_ak	DIPYDKI	/scratch/grmpy/SLURM_11194840_22/job-11194840-22-sub-112028/ds/inputs/data/qsiprep/qsiprep/sub-112028/ses-1/dwi/sub-112028_ses-1_acq-multiband_dir-AP_space-ACPC_desc-preproc_dwi.nii.gz	0.0	0.7977437277840509	0.1803555970283167	0.7964794633580723	0.7977437277840509	0.7964794633580723	0.1803555970283167	0.7903131681309016	0.7903131681309016	sub-112028	ses-1		dir-AP	acq-multiband	space-ACPC			DSIStudio	autotrackgqi
ProjectionBasalGanglia_AnsaSubthalamicaR	dki_fa	DIPYDKI	/scratch/grmpy/SLURM_11194840_22/job-11194840-22-sub-112028/ds/inputs/data/qsiprep/qsiprep/sub-112028/ses-1/dwi/sub-112028_ses-1_acq-multiband_dir-AP_space-ACPC_desc-preproc_dwi.nii.gz	0.0	0.3514412641525268	0.1443071514368057	0.3314927518367767	0.3514412641525268	0.3314927518367767	0.1443071514368057	0.3904153406620025	0.3904153406620025	sub-112028	ses-1		dir-AP	acq-multiband	space-ACPC			DSIStudio	autotrackgqi
ProjectionBasalGanglia_AnsaSubthalamicaR	dki_kfa	DIPYDKI	/scratch/grmpy/SLURM_11194840_22/job-11194840-22-sub-112028/ds/inputs/data/qsiprep/qsiprep/sub-112028/ses-1/dwi/sub-112028_ses-1_acq-multiband_dir-AP_space-ACPC_desc-preproc_dwi.nii.gz	0.0	0.4616046845912933	0.1550426334142685	0.4521277546882629	0.4616046845912933	0.4521277546882629	0.1550426334142685	0.4914961755275726	0.4914961755275726	sub-112028	ses-1		dir-AP	acq-multiband	space-ACPC			DSIStudio	autotrackgqi
ProjectionBasalGanglia_AnsaSubthalamicaR	dki_linearity	DIPYDKI	/scratch/grmpy/SLURM_11194840_22/job-11194840-22-sub-112028/ds/inputs/data/qsiprep/qsiprep/sub-112028/ses-1/dwi/sub-112028_ses-1_acq-multiband_dir-AP_space-ACPC_desc-preproc_dwi.nii.gz	0.0	0.1544896215200424	0.1029863655567169	0.1306719630956649	0.1544896215200424	0.1306719630956649	0.1029863655567169	0.183001160621643	0.183001160621643	sub-112028	ses-1		dir-AP	acq-multiband	space-ACPC			DSIStudio	autotrackgqi
ProjectionBasalGanglia_AnsaSubthalamicaR	dki_md	DIPYDKI	/scratch/grmpy/SLURM_11194840_22/job-11194840-22-sub-112028/ds/inputs/data/qsiprep/qsiprep/sub-112028/ses-1/dwi/sub-112028_ses-1_acq-multiband_dir-AP_space-ACPC_desc-preproc_dwi.nii.gz	0.0	0.0013066824758425	0.0008955638622865	0.0010622144909575	0.0013066824758425	0.0010622144909575	0.0008955638622865	0.001185187138617	0.001185187138617	sub-112028	ses-1		dir-AP	acq-multiband	space-ACPC			DSIStudio	autotrackgqi
ProjectionBasalGanglia_AnsaSubthalamicaR	dki_mk	DIPYDKI	/scratch/grmpy/SLURM_11194840_22/job-11194840-22-sub-112028/ds/inputs/data/qsiprep/qsiprep/sub-112028/ses-1/dwi/sub-112028_ses-1_acq-multiband_dir-AP_space-ACPC_desc-preproc_dwi.nii.gz	0.0	0.9040394964046928	0.2374155821408642	0.9141492570499808	0.9040394964046928	0.9141492570499808	0.2374155821408642	0.9099742512185808	0.9099742512185808	sub-112028	ses-1		dir-AP	acq-multiband	space-ACPC			DSIStudio	autotrackgqi
ProjectionBasalGanglia_AnsaSubthalamicaR	dki_mkt	DIPYDKI	/scratch/grmpy/SLURM_11194840_22/job-11194840-22-sub-112028/ds/inputs/data/qsiprep/qsiprep/sub-112028/ses-1/dwi/sub-112028_ses-1_acq-multiband_dir-AP_space-ACPC_desc-preproc_dwi.nii.gz	0.0	0.9182006416106262	0.2101757620784698	0.923406411503817	0.9182006416106262	0.923406411503817	0.2101757620784698	0.931767844660242	0.931767844660242	sub-112028	ses-1		dir-AP	acq-multiband	space-ACPC			DSIStudio	autotrackgqi
ProjectionBasalGanglia_AnsaSubthalamicaR	dki_planarity	DIPYDKI	/scratch/grmpy/SLURM_11194840_22/job-11194840-22-sub-112028/ds/inputs/data/qsiprep/qsiprep/sub-112028/ses-1/dwi/sub-112028_ses-1_acq-multiband_dir-AP_space-ACPC_desc-preproc_dwi.nii.gz	0.0	0.1766505688428878	0.0957220271229744	0.1676645874977111	0.1766505688428878	0.1676645874977111	0.0957220271229744	0.1748110651969909	0.1748110651969909	sub-112028	ses-1		dir-AP	acq-multiband	space-ACPC			DSIStudio	autotrackgqi
ProjectionBasalGanglia_AnsaSubthalamicaR	dki_rd	DIPYDKI	/scratch/grmpy/SLURM_11194840_22/job-11194840-22-sub-112028/ds/inputs/data/qsiprep/qsiprep/sub-112028/ses-1/dwi/sub-112028_ses-1_acq-multiband_dir-AP_space-ACPC_desc-preproc_dwi.nii.gz	0.0	0.0010653766803443	0.0008339889463968	0.0008587266202084	0.0010653766803443	0.0008587266202084	0.0008339889463968	0.0009262138046324	0.0009262138046324	sub-112028	ses-1		dir-AP	acq-multiband	space-ACPC			DSIStudio	autotrackgqi
ProjectionBasalGanglia_AnsaSubthalamicaR	dki_rk	DIPYDKI	/scratch/grmpy/SLURM_11194840_22/job-11194840-22-sub-112028/ds/inputs/data/qsiprep/qsiprep/sub-112028/ses-1/dwi/sub-112028_ses-1_acq-multiband_dir-AP_space-ACPC_desc-preproc_dwi.nii.gz	0.0	1.007241780061761	0.4317969544071264	0.9810341788307746	1.007241780061761	0.9810341788307746	0.4317969544071264	1.005806071352011	1.005806071352011	sub-112028	ses-1		dir-AP	acq-multiband	space-ACPC			DSIStudio	autotrackgqi
ProjectionBasalGanglia_AnsaSubthalamicaR	dki_sphericity	DIPYDKI	/scratch/grmpy/SLURM_11194840_22/job-11194840-22-sub-112028/ds/inputs/data/qsiprep/qsiprep/sub-112028/ses-1/dwi/sub-112028_ses-1_acq-multiband_dir-AP_space-ACPC_desc-preproc_dwi.nii.gz	0.0	0.6688597798347473	0.1362442225217819	0.6818505525588989	0.6688597798347473	0.6818505525588989	0.1362442225217819	0.642187774181366	0.642187774181366	sub-112028	ses-1		dir-AP	acq-multiband	space-ACPC			DSIStudio	autotrackgqi
ProjectionBasalGanglia_CorticostriatalTractR	dki_ad	DIPYDKI	/scratch/grmpy/SLURM_11194840_22/job-11194840-22-sub-112028/ds/inputs/data/qsiprep/qsiprep/sub-112028/ses-1/dwi/sub-112028_ses-1_acq-multiband_dir-AP_space-ACPC_desc-preproc_dwi.nii.gz	0.0003956948401392	0.0013473745202645	0.0003730817406903	0.0012993970885872	0.0013479079352691	0.0012995017459616	0.0003721910179592	0.0014136121608316	0.0014136733952909	sub-112028	ses-1		dir-AP	acq-multiband	space-ACPC			DSIStudio	autotrackgqi
ProjectionBasalGanglia_CorticostriatalTractR	dki_ak	DIPYDKI	/scratch/grmpy/SLURM_11194840_22/job-11194840-22-sub-112028/ds/inputs/data/qsiprep/qsiprep/sub-112028/ses-1/dwi/sub-112028_ses-1_acq-multiband_dir-AP_space-ACPC_desc-preproc_dwi.nii.gz	0.0019784742006964	0.788936347820931	0.1729029890879707	0.7913939894006303	0.790500332334096	0.79174166018637	0.1694649756604609	0.8003144992396668	0.8005339475083832	sub-112028	ses-1		dir-AP	acq-multiband	space-ACPC			DSIStudio	autotrackgqi
ProjectionBasalGanglia_CorticostriatalTractR	dki_fa	DIPYDKI	/scratch/grmpy/SLURM_11194840_22/job-11194840-22-sub-112028/ds/inputs/data/qsiprep/qsiprep/sub-112028/ses-1/dwi/sub-112028_ses-1_acq-multiband_dir-AP_space-ACPC_desc-preproc_dwi.nii.gz	0.0003956948401392	0.3653135001659393	0.1765325218439102	0.3606078624725342	0.3654581308364868	0.3606608808040619	0.1764177232980728	0.4401137232780456	0.440132737159729	sub-112028	ses-1		dir-AP	acq-multiband	space-ACPC			DSIStudio	autotrackgqi
ProjectionBasalGanglia_CorticostriatalTractR	dki_kfa	DIPYDKI	/scratch/grmpy/SLURM_11194840_22/job-11194840-22-sub-112028/ds/inputs/data/qsiprep/qsiprep/sub-112028/ses-1/dwi/sub-112028_ses-1_acq-multiband_dir-AP_space-ACPC_desc-preproc_dwi.nii.gz	0.0075973409306742	0.4800848066806793	0.1477805972099304	0.4817475080490112	0.4837600886821747	0.4828432500362396	0.1422263532876968	0.5110041499137878	0.511704683303833	sub-112028	ses-1		dir-AP	acq-multiband	space-ACPC			DSIStudio	autotrackgqi
ProjectionBasalGanglia_CorticostriatalTractR	dki_linearity	DIPYDKI	/scratch/grmpy/SLURM_11194840_22/job-11194840-22-sub-112028/ds/inputs/data/qsiprep/qsiprep/sub-112028/ses-1/dwi/sub-112028_ses-1_acq-multiband_dir-AP_space-ACPC_desc-preproc_dwi.nii.gz	0.0003956948401392	0.1673171669244766	0.11970254778862	0.1384949684143066	0.1673834025859832	0.1385812759399414	0.1196799352765083	0.2171943187713623	0.2172037065029144	sub-112028	ses-1		dir-AP	acq-multiband	space-ACPC			DSIStudio	autotrackgqi
ProjectionBasalGanglia_CorticostriatalTractR	dki_md	DIPYDKI	/scratch/grmpy/SLURM_11194840_22/job-11194840-22-sub-112028/ds/inputs/data/qsiprep/qsiprep/sub-112028/ses-1/dwi/sub-112028_ses-1_acq-multiband_dir-AP_space-ACPC_desc-preproc_dwi.nii.gz	0.0003956948401392	0.0009544029599055	0.0002716223534662	0.0009089966770261	0.0009547807276248	0.0009090601815842	0.0002710114349611	0.0009275727788917	0.0009276130003854	sub-112028	ses-1		dir-AP	acq-multiband	space-ACPC			DSIStudio	autotrackgqi
ProjectionBasalGanglia_CorticostriatalTractR	dki_mk	DIPYDKI	/scratch/grmpy/SLURM_11194840_22/job-11194840-22-sub-112028/ds/inputs/data/qsiprep/qsiprep/sub-112028/ses-1/dwi/sub-112028_ses-1_acq-multiband_dir-AP_space-ACPC_desc-preproc_dwi.nii.gz	0.0019784742006964	0.9529496109892645	0.2699742821349101	0.987236271406885	0.9548387347918756	0.9882737092460736	0.2668834831812883	1.0514665880514389	1.0517549028461917	sub-112028	ses-1		dir-AP	acq-multiband	space-ACPC			DSIStudio	autotrackgqi
ProjectionBasalGanglia_CorticostriatalTractR	dki_mkt	DIPYDKI	/scratch/grmpy/SLURM_11194840_22/job-11194840-22-sub-112028/ds/inputs/data/qsiprep/qsiprep/sub-112028/ses-1/dwi/sub-112028_ses-1_acq-multiband_dir-AP_space-ACPC_desc-preproc_dwi.nii.gz	0.0003956948401392	0.9317901362732982	0.2355713901870102	0.9692361083276446	0.9321589867745544	0.969299056488043	0.2348872493333875	1.0137799785952746	1.0138238499503676	sub-112028	ses-1		dir-AP	acq-multiband	space-ACPC			DSIStudio	autotrackgqi
ProjectionBasalGanglia_CorticostriatalTractR	dki_planarity	DIPYDKI	/scratch/grmpy/SLURM_11194840_22/job-11194840-22-sub-112028/ds/inputs/data/qsiprep/qsiprep/sub-112028/ses-1/dwi/sub-112028_ses-1_acq-multiband_dir-AP_space-ACPC_desc-preproc_dwi.nii.gz	0.0007122507122507	0.1780937314033508	0.111928790807724	0.1575989127159118	0.1782206594944	0.1577019542455673	0.1118675991892814	0.1890266090631485	0.1890513151884079	sub-112028	ses-1		dir-AP	acq-multiband	space-ACPC			DSIStudio	autotrackgqi
ProjectionBasalGanglia_CorticostriatalTractR	dki_rd	DIPYDKI	/scratch/grmpy/SLURM_11194840_22/job-11194840-22-sub-112028/ds/inputs/data/qsiprep/qsiprep/sub-112028/ses-1/dwi/sub-112028_ses-1_acq-multiband_dir-AP_space-ACPC_desc-preproc_dwi.nii.gz	0.0003956948401392	0.0007579170633107	0.000285100977635	0.0007204166613519	0.000758217065595	0.0007204702706076	0.0002847582509275	0.0006845530588179	0.000684582744725	sub-112028	ses-1		dir-AP	acq-multiband	space-ACPC			DSIStudio	autotrackgqi
ProjectionBasalGanglia_CorticostriatalTractR	dki_rk	DIPYDKI	/scratch/grmpy/SLURM_11194840_22/job-11194840-22-sub-112028/ds/inputs/data/qsiprep/qsiprep/sub-112028/ses-1/dwi/sub-112028_ses-1_acq-multiband_dir-AP_space-ACPC_desc-preproc_dwi.nii.gz	0.0019784742006964	1.2015004154337912	0.5373055871096867	1.1948645979951091	1.2038822654366337	1.1967630264386229	0.5351655252491759	1.4161579409133118	1.4165462550692705	sub-112028	ses-1		dir-AP	acq-multiband	space-ACPC			DSIStudio	autotrackgqi
ProjectionBasalGanglia_CorticostriatalTractR	dki_sphericity	DIPYDKI	/scratch/grmpy/SLURM_11194840_22/job-11194840-22-sub-112028/ds/inputs/data/qsiprep/qsiprep/sub-112028/ses-1/dwi/sub-112028_ses-1_acq-multiband_dir-AP_space-ACPC_desc-preproc_dwi.nii.gz	0.0003956948401392	0.6541934013366699	0.1708349883556366	0.6608004570007324	0.654452383518219	0.6608328819274902	0.1703721582889557	0.5937358140945435	0.5937615036964417	sub-112028	ses-1		dir-AP	acq-multiband	space-ACPC			DSIStudio	autotrackgqi
ProjectionBrainstem_CorticobulbarTractL	dki_ad	DIPYDKI	/scratch/grmpy/SLURM_11194840_22/job-11194840-22-sub-112028/ds/inputs/data/qsiprep/qsiprep/sub-112028/ses-1/dwi/sub-112028_ses-1_acq-multiband_dir-AP_space-ACPC_desc-preproc_dwi.nii.gz	0.0	0.0015480248257517	0.000388704938814	0.0014945646980777	0.0015480248257517	0.0014945646980777	0.000388704938814	0.0016335418913513	0.0016335418913513	sub-112028	ses-1		dir-AP	acq-multiband	space-ACPC			DSIStudio	autotrackgqi
ProjectionBrainstem_CorticobulbarTractL	dki_ak	DIPYDKI	/scratch/grmpy/SLURM_11194840_22/job-11194840-22-sub-112028/ds/inputs/data/qsiprep/qsiprep/sub-112028/ses-1/dwi/sub-112028_ses-1_acq-multiband_dir-AP_space-ACPC_desc-preproc_dwi.nii.gz	0.0	0.8217889009594037	0.1701225091077129	0.7801872675216512	0.8217889009594037	0.7801872675216512	0.1701225091077129	0.8256240426507827	0.8256241151865789	sub-112028	ses-1		dir-AP	acq-multiband	space-ACPC			DSIStudio	autotrackgqi
ProjectionBrainstem_CorticobulbarTractL	dki_fa	DIPYDKI	/scratch/grmpy/SLURM_11194840_22/job-11194840-22-sub-112028/ds/inputs/data/qsiprep/qsiprep/sub-112028/ses-1/dwi/sub-112028_ses-1_acq-multiband_dir-AP_space-ACPC_desc-preproc_dwi.nii.gz	0.0	0.5272534489631653	0.1957574337720871	0.5274994969367981	0.5272534489631653	0.5274994969367981	0.1957574337720871	0.5854252576828003	0.5854252576828003	sub-112028	ses-1		dir-AP	acq-multiband	space-ACPC			DSIStudio	autotrackgqi
ProjectionBrainstem_CorticobulbarTractL	dki_kfa	DIPYDKI	/scratch/grmpy/SLURM_11194840_22/job-11194840-22-sub-112028/ds/inputs/data/qsiprep/qsiprep/sub-112028/ses-1/dwi/sub-112028_ses-1_acq-multiband_dir-AP_space-ACPC_desc-preproc_dwi.nii.gz	0.0	0.5995380878448486	0.1229047924280166	0.5886555314064026	0.5995380878448486	0.5886555314064026	0.1229047924280166	0.6201883554458618	0.6201883554458618	sub-112028	ses-1		dir-AP	acq-multiband	space-ACPC			DSIStudio	autotrackgqi
ProjectionBrainstem_CorticobulbarTractL	dki_linearity	DIPYDKI	/scratch/grmpy/SLURM_11194840_22/job-11194840-22-sub-112028/ds/inputs/data/qsiprep/qsiprep/sub-112028/ses-1/dwi/sub-112028_ses-1_acq-multiband_dir-AP_space-ACPC_desc-preproc_dwi.nii.gz	0.0	0.2851119935512543	0.1917846351861953	0.2624023854732513	0.2851119935512543	0.2624023854732513	0.1917846351861953	0.3317148089408874	0.3317148089408874	sub-112028	ses-1		dir-AP	acq-multiband	space-ACPC			DSIStudio	autotrackgqi
ProjectionBrainstem_CorticobulbarTractL	dki_md	DIPYDKI	/scratch/grmpy/SLURM_11194840_22/job-11194840-22-sub-112028/ds/inputs/data/qsiprep/qsiprep/sub-112028/ses-1/dwi/sub-112028_ses-1_acq-multiband_dir-AP_space-ACPC_desc-preproc_dwi.nii.gz	0.0	0.0009185707313008	8.250013343058527e-05	0.000918386504054	0.0009185707313008	0.000918386504054	8.250013343058527e-05	0.0009182249195873	0.0009182249195873	sub-112028	ses-1		dir-AP	acq-multiband	space-ACPC			DSIStudio	autotrackgqi
ProjectionBrainstem_CorticobulbarTractL	dki_mk	DIPYDKI	/scratch/grmpy/SLURM_11194840_22/job-11194840-22-sub-112028/ds/inputs/data/qsiprep/qsiprep/sub-112028/ses-1/dwi/sub-112028_ses-1_acq-multiband_dir-AP_space-ACPC_desc-preproc_dwi.nii.gz	0.0	1.0386181675089876	0.3420499893436051	1.1256208949504836	1.0386181675089876	1.1256208949504836	0.3420499893436051	1.109393662104485	1.1093937588818394	sub-112028	ses-1		dir-AP	acq-multiband	space-ACPC			DSIStudio	autotrackgqi
ProjectionBrainstem_CorticobulbarTractL	dki_mkt	DIPYDKI	/scratch/grmpy/SLURM_11194840_22/job-11194840-22-sub-112028/ds/inputs/data/qsiprep/qsiprep/sub-112028/ses-1/dwi/sub-112028_ses-1_acq-multiband_dir-AP_space-ACPC_desc-preproc_dwi.nii.gz	0.0	1.0677264975275282	0.1997857989313371	1.118827219727384	1.0677264975275282	1.118827219727384	0.1997857989313371	1.132666929452062	1.1326670290613203	sub-112028	ses-1		dir-AP	acq-multiband	space-ACPC			DSIStudio	autotrackgqi
ProjectionBrainstem_CorticobulbarTractL	dki_planarity	DIPYDKI	/scratch/grmpy/SLURM_11194840_22/job-11194840-22-sub-112028/ds/inputs/data/qsiprep/qsiprep/sub-112028/ses-1/dwi/sub-112028_ses-1_acq-multiband_dir-AP_space-ACPC_desc-preproc_dwi.nii.gz	0.0	0.2192402631044387	0.1080728992819786	0.2058001458644867	0.2192402631044387	0.2058001458644867	0.1080728992819786	0.2244574427604675	0.2244574576616287	sub-112028	ses-1		dir-AP	acq-multiband	space-ACPC			DSIStudio	autotrackgqi
ProjectionBrainstem_CorticobulbarTractL	dki_rd	DIPYDKI	/scratch/grmpy/SLURM_11194840_22/job-11194840-22-sub-112028/ds/inputs/data/qsiprep/qsiprep/sub-112028/ses-1/dwi/sub-112028_ses-1_acq-multiband_dir-AP_space-ACPC_desc-preproc_dwi.nii.gz	0.0	0.0006038437131792	0.0001707372866803	0.0006286839488893	0.0006038437131792	0.0006286839488893	0.0001707372866803	0.0005605664337053	0.0005605664337053	sub-112028	ses-1		dir-AP	acq-multiband	space-ACPC			DSIStudio	autotrackgqi
ProjectionBrainstem_CorticobulbarTractL	dki_rk	DIPYDKI	/scratch/grmpy/SLURM_11194840_22/job-11194840-22-sub-112028/ds/inputs/data/qsiprep/qsiprep/sub-112028/ses-1/dwi/sub-112028_ses-1_acq-multiband_dir-AP_space-ACPC_desc-preproc_dwi.nii.gz	0.0	1.3721965730989858	0.6618028491051792	1.4496954796779702	1.3721965730989858	1.4496954796779702	0.6618028491051792	1.5218382653752456	1.5218383982188008	sub-112028	ses-1		dir-AP	acq-multiband	space-ACPC			DSIStudio	autotrackgqi
ProjectionBrainstem_CorticobulbarTractL	dki_sphericity	DIPYDKI	/scratch/grmpy/SLURM_11194840_22/job-11194840-22-sub-112028/ds/inputs/data/qsiprep/qsiprep/sub-112028/ses-1/dwi/sub-112028_ses-1_acq-multiband_dir-AP_space-ACPC_desc-preproc_dwi.nii.gz	0.0	0.4956476986408233	0.1822365373373031	0.5138842463493347	0.4956476986408233	0.5138842463493347	0.1822365373373031	0.4438277781009674	0.4438278079032898	sub-112028	ses-1		dir-AP	acq-multiband	space-ACPC			DSIStudio	autotrackgqi
ProjectionBrainstem_CorticobulbarTractR	dki_ad	DIPYDKI	/scratch/grmpy/SLURM_11194840_22/job-11194840-22-sub-112028/ds/inputs/data/qsiprep/qsiprep/sub-112028/ses-1/dwi/sub-112028_ses-1_acq-multiband_dir-AP_space-ACPC_desc-preproc_dwi.nii.gz	0.0	0.0015823676949366	0.0003600937488954	0.0015115193091332	0.0015823676949366	0.0015115193091332	0.0003600937488954	0.0016462734201923	0.0016462734201923	sub-112028	ses-1		dir-AP	acq-multiband	space-ACPC			DSIStudio	autotrackgqi
ProjectionBrainstem_CorticobulbarTractR	dki_ak	DIPYDKI	/scratch/grmpy/SLURM_11194840_22/job-11194840-22-sub-112028/ds/inputs/data/qsiprep/qsiprep/sub-112028/ses-1/dwi/sub-112028_ses-1_acq-multiband_dir-AP_space-ACPC_desc-preproc_dwi.nii.gz	0.0	0.8615048570682036	0.2023423153915175	0.823317023656059	0.8615048570682036	0.823317023656059	0.2023423153915175	0.8641812313486471	0.8641812313486471	sub-112028	ses-1		dir-AP	acq-multiband	space-ACPC			DSIStudio	autotrackgqi
ProjectionBrainstem_CorticobulbarTractR	dki_fa	DIPYDKI	/scratch/grmpy/SLURM_11194840_22/job-11194840-22-sub-112028/ds/inputs/data/qsiprep/qsiprep/sub-112028/ses-1/dwi/sub-112028_ses-1_acq-multiband_dir-AP_space-ACPC_desc-preproc_dwi.nii.gz	0.0	0.5327937006950378	0.1793301701545715	0.5536400079727173	0.5327937006950378	0.5536400079727173	0.1793301701545715	0.5577238202095032	0.5577238202095032	sub-112028	ses-1		dir-AP	acq-multiband	space-ACPC			DSIStudio	autotrackgqi
ProjectionBrainstem_CorticobulbarTractR	dki_kfa	DIPYDKI	/scratch/grmpy/SLURM_11194840_22/job-11194840-22-sub-112028/ds/inputs/data/qsiprep/qsiprep/sub-112028/ses-1/dwi/sub-112028_ses-1_acq-multiband_dir-AP_space-ACPC_desc-preproc_dwi.nii.gz	0.0	0.5683050155639648	0.1175301745533943	0.5811136960983276	0.5683050155639648	0.5811136960983276	0.1175301745533943	0.5858725905418396	0.5858725905418396	sub-112028	ses-1		dir-AP	acq-multiband	space-ACPC			DSIStudio	autotrackgqi
ProjectionBrainstem_CorticobulbarTractR	dki_linearity	DIPYDKI	/scratch/grmpy/SLURM_11194840_22/job-11194840-22-sub-112028/ds/inputs/data/qsiprep/qsiprep/sub-112028/ses-1/dwi/sub-112028_ses-1_acq-multiband_dir-AP_space-ACPC_desc-preproc_dwi.nii.gz	0.0	0.2837067544460296	0.1576825976371765	0.2781639695167541	0.2837067544460296	0.2781639695167541	0.1576825976371765	0.3049270510673523	0.3049270510673523	sub-112028	ses-1		dir-AP	acq-multiband	space-ACPC			DSIStudio	autotrackgqi
ProjectionBrainstem_CorticobulbarTractR	dki_md	DIPYDKI	/scratch/grmpy/SLURM_11194840_22/job-11194840-22-sub-112028/ds/inputs/data/qsiprep/qsiprep/sub-112028/ses-1/dwi/sub-112028_ses-1_acq-multiband_dir-AP_space-ACPC_desc-preproc_dwi.nii.gz	0.0	0.0009419927373528	0.0001133348050643	0.0009235751931555	0.0009419927373528	0.0009235751931555	0.0001133348050643	0.000954590155743	0.000954590155743	sub-112028	ses-1		dir-AP	acq-multiband	space-ACPC			DSIStudio	autotrackgqi
ProjectionBrainstem_CorticobulbarTractR	dki_mk	DIPYDKI	/scratch/grmpy/SLURM_11194840_22/job-11194840-22-sub-112028/ds/inputs/data/qsiprep/qsiprep/sub-112028/ses-1/dwi/sub-112028_ses-1_acq-multiband_dir-AP_space-ACPC_desc-preproc_dwi.nii.gz	0.0	1.1815312370760245	0.2684335476141315	1.2432973147237891	1.1815312370760245	1.2432973147237891	0.2684335476141315	1.1948950820080484	1.1948950820080484	sub-112028	ses-1		dir-AP	acq-multiband	space-ACPC			DSIStudio	autotrackgqi
ProjectionBrainstem_CorticobulbarTractR	dki_mkt	DIPYDKI	/scratch/grmpy/SLURM_11194840_22/job-11194840-22-sub-112028/ds/inputs/data/qsiprep/qsiprep/sub-112028/ses-1/dwi/sub-112028_ses-1_acq-multiband_dir-AP_space-ACPC_desc-preproc_dwi.nii.gz	0.0	1.146207042118799	0.1545539830113201	1.1843629329770546	1.146207042118799	1.1843629329770546	0.1545539830113201	1.1660205532624723	1.1660205532624723	sub-112028	ses-1		dir-AP	acq-multiband	space-ACPC			DSIStudio	autotrackgqi
ProjectionBrainstem_CorticobulbarTractR	dki_planarity	DIPYDKI	/scratch/grmpy/SLURM_11194840_22/job-11194840-22-sub-112028/ds/inputs/data/qsiprep/qsiprep/sub-112028/ses-1/dwi/sub-112028_ses-1_acq-multiband_dir-AP_space-ACPC_desc-preproc_dwi.nii.gz	0.0	0.2196755707263946	0.1243248432874679	0.1957129687070846	0.2196755707263946	0.1957129687070846	0.1243248432874679	0.2219871878623962	0.2219871878623962	sub-112028	ses-1		dir-AP	acq-multiband	space-ACPC			DSIStudio	autotrackgqi
ProjectionBrainstem_CorticobulbarTractR	dki_rd	DIPYDKI	/scratch/grmpy/SLURM_11194840_22/job-11194840-22-sub-112028/ds/inputs/data/qsiprep/qsiprep/sub-112028/ses-1/dwi/sub-112028_ses-1_acq-multiband_dir-AP_space-ACPC_desc-preproc_dwi.nii.gz	0.0	0.0006218051421456	0.0001574425114085	0.000609315582551	0.0006218051421456	0.000609315582551	0.0001574425114085	0.0006087486399337	0.0006087486399337	sub-112028	ses-1		dir-AP	acq-multiband	space-ACPC			DSIStudio	autotrackgqi
ProjectionBrainstem_CorticobulbarTractR	dki_rk	DIPYDKI	/scratch/grmpy/SLURM_11194840_22/job-11194840-22-sub-112028/ds/inputs/data/qsiprep/qsiprep/sub-112028/ses-1/dwi/sub-112028_ses-1_acq-multiband_dir-AP_space-ACPC_desc-preproc_dwi.nii.gz	0.0	1.6516822272907674	0.7220216585474564	1.639388691756858	1.6516822272907674	1.639388691756858	0.7220216585474564	1.6777662879017334	1.6777662879017334	sub-112028	ses-1		dir-AP	acq-multiband	space-ACPC			DSIStudio	autotrackgqi
ProjectionBrainstem_CorticobulbarTractR	dki_sphericity	DIPYDKI	/scratch/grmpy/SLURM_11194840_22/job-11194840-22-sub-112028/ds/inputs/data/qsiprep/qsiprep/sub-112028/ses-1/dwi/sub-112028_ses-1_acq-multiband_dir-AP_space-ACPC_desc-preproc_dwi.nii.gz	0.0	0.496617704629898	0.1744089275598526	0.4862522184848785	0.496617704629898	0.4862522184848785	0.1744089275598526	0.4730857610702514	0.4730857610702514	sub-112028	ses-1		dir-AP	acq-multiband	space-ACPC			DSIStudio	autotrackgqi
ProjectionBasalGanglia_FornixR	dki_ad	DIPYDKI	/scratch/grmpy/SLURM_11194840_22/job-11194840-22-sub-112028/ds/inputs/data/qsiprep/qsiprep/sub-112028/ses-1/dwi/sub-112028_ses-1_acq-multiband_dir-AP_space-ACPC_desc-preproc_dwi.nii.gz	0.0	0.0021631713025271	0.0012631098506972	0.0018385620787739	0.0021631713025271	0.0018385620787739	0.0012631098506972	0.0020999240223318	0.0020999240223318	sub-112028	ses-1		dir-AP	acq-multiband	space-ACPC			DSIStudio	autotrackgqi
ProjectionBasalGanglia_FornixR	dki_ak	DIPYDKI	/scratch/grmpy/SLURM_11194840_22/job-11194840-22-sub-112028/ds/inputs/data/qsiprep/qsiprep/sub-112028/ses-1/dwi/sub-112028_ses-1_acq-multiband_dir-AP_space-ACPC_desc-preproc_dwi.nii.gz	0.0	0.6855173582226982	0.1550440107683516	0.6805192280658896	0.6855173582226982	0.6805192280658896	0.1550440107683516	0.6887820645524034	0.6887820645524034	sub-112028	ses-1		dir-AP	acq-multiband	space-ACPC			DSIStudio	autotrackgqi
ProjectionBasalGanglia_FornixR	dki_fa	DIPYDKI	/scratch/grmpy/SLURM_11194840_22/job-11194840-22-sub-112028/ds/inputs/data/qsiprep/qsiprep/sub-112028/ses-1/dwi/sub-112028_ses-1_acq-multiband_dir-AP_space-ACPC_desc-preproc_dwi.nii.gz	0.0	0.30492103099823	0.1628084778785705	0.2754622995853424	0.30492103099823	0.2754622995853424	0.1628084778785705	0.3605805039405823	0.3605805039405823	sub-112028	ses-1		dir-AP	acq-multiband	space-ACPC			DSIStudio	autotrackgqi
ProjectionBasalGanglia_FornixR	dki_kfa	DIPYDKI	/scratch/grmpy/SLURM_11194840_22/job-11194840-22-sub-112028/ds/inputs/data/qsiprep/qsiprep/sub-112028/ses-1/dwi/sub-112028_ses-1_acq-multiband_dir-AP_space-ACPC_desc-preproc_dwi.nii.gz	0.0	0.3874484002590179	0.1703585088253021	0.3619036078453064	0.3874484002590179	0.3619036078453064	0.1703585088253021	0.4118461012840271	0.4118461012840271	sub-112028	ses-1		dir-AP	acq-multiband	space-ACPC			DSIStudio	autotrackgqi
ProjectionBasalGanglia_FornixR	dki_linearity	DIPYDKI	/scratch/grmpy/SLURM_11194840_22/job-11194840-22-sub-112028/ds/inputs/data/qsiprep/qsiprep/sub-112028/ses-1/dwi/sub-112028_ses-1_acq-multiband_dir-AP_space-ACPC_desc-preproc_dwi.nii.gz	0.0	0.144289880990982	0.1168204322457313	0.1126272082328796	0.144289880990982	0.1126272082328796	0.1168204322457313	0.1793368905782699	0.1793368905782699	sub-112028	ses-1		dir-AP	acq-multiband	space-ACPC			DSIStudio	autotrackgqi
ProjectionBasalGanglia_FornixR	dki_md	DIPYDKI	/scratch/grmpy/SLURM_11194840_22/job-11194840-22-sub-112028/ds/inputs/data/qsiprep/qsiprep/sub-112028/ses-1/dwi/sub-112028_ses-1_acq-multiband_dir-AP_space-ACPC_desc-preproc_dwi.nii.gz	0.0	0.0016449963441118	0.0010602412512525	0.0012477056588977	0.0016449963441118	0.0012477056588977	0.0010602412512525	0.0015032293740659	0.0015032293740659	sub-112028	ses-1		dir-AP	acq-multiband	space-ACPC			DSIStudio	autotrackgqi
ProjectionBasalGanglia_FornixR	dki_mk	DIPYDKI	/scratch/grmpy/SLURM_11194840_22/job-11194840-22-sub-112028/ds/inputs/data/qsiprep/qsiprep/sub-112028/ses-1/dwi/sub-112028_ses-1_acq-multiband_dir-AP_space-ACPC_desc-preproc_dwi.nii.gz	0.0	0.7988779098135315	0.2069488870468278	0.8144655436475348	0.7988779098135315	0.8144655436475348	0.2069488870468278	0.8553093978273241	0.8553093978273241	sub-112028	ses-1		dir-AP	acq-multiband	space-ACPC			DSIStudio	autotrackgqi
ProjectionBasalGanglia_FornixR	dki_mkt	DIPYDKI	/scratch/grmpy/SLURM_11194840_22/job-11194840-22-sub-112028/ds/inputs/data/qsiprep/qsiprep/sub-112028/ses-1/dwi/sub-112028_ses-1_acq-multiband_dir-AP_space-ACPC_desc-preproc_dwi.nii.gz	0.0	0.792677162445723	0.1805584291053849	0.8165473716173595	0.792677162445723	0.8165473716173595	0.1805584291053849	0.8379612503522953	0.8379612503522953	sub-112028	ses-1		dir-AP	acq-multiband	space-ACPC			DSIStudio	autotrackgqi
ProjectionBasalGanglia_FornixR	dki_planarity	DIPYDKI	/scratch/grmpy/SLURM_11194840_22/job-11194840-22-sub-112028/ds/inputs/data/qsiprep/qsiprep/sub-112028/ses-1/dwi/sub-112028_ses-1_acq-multiband_dir-AP_space-ACPC_desc-preproc_dwi.nii.gz	0.0	0.1282899975776672	0.078450471162796	0.113853670656681	0.1282899975776672	0.113853670656681	0.078450471162796	0.1364971697330474	0.1364971697330474	sub-112028	ses-1		dir-AP	acq-multiband	space-ACPC			DSIStudio	autotrackgqi
ProjectionBasalGanglia_FornixR	dki_rd	DIPYDKI	/scratch/grmpy/SLURM_11194840_22/job-11194840-22-sub-112028/ds/inputs/data/qsiprep/qsiprep/sub-112028/ses-1/dwi/sub-112028_ses-1_acq-multiband_dir-AP_space-ACPC_desc-preproc_dwi.nii.gz	0.0	0.0013859088066965	0.0009931665845215	0.0010236529633402	0.0013859088066965	0.0010236529633402	0.0009931665845215	0.0012048821663483	0.0012048821663483	sub-112028	ses-1		dir-AP	acq-multiband	space-ACPC			DSIStudio	autotrackgqi
ProjectionBasalGanglia_FornixR	dki_rk	DIPYDKI	/scratch/grmpy/SLURM_11194840_22/job-11194840-22-sub-112028/ds/inputs/data/qsiprep/qsiprep/sub-112028/ses-1/dwi/sub-112028_ses-1_acq-multiband_dir-AP_space-ACPC_desc-preproc_dwi.nii.gz	0.0	0.938545868014848	0.4162745432377627	0.8942570458617685	0.938545868014848	0.8942570458617685	0.4162745432377627	1.0613950110194952	1.0613950110194952	sub-112028	ses-1		dir-AP	acq-multiband	space-ACPC			DSIStudio	autotrackgqi
ProjectionBasalGanglia_FornixR	dki_sphericity	DIPYDKI	/scratch/grmpy/SLURM_11194840_22/job-11194840-22-sub-112028/ds/inputs/data/qsiprep/qsiprep/sub-112028/ses-1/dwi/sub-112028_ses-1_acq-multiband_dir-AP_space-ACPC_desc-preproc_dwi.nii.gz	0.0	0.7274200916290283	0.1398868113756179	0.7461583614349365	0.7274200916290283	0.7461583614349365	0.1398868113756179	0.6841659545898438	0.6841659545898438	sub-112028	ses-1		dir-AP	acq-multiband	space-ACPC			DSIStudio	autotrackgqi
ProjectionBasalGanglia_AnsaLenticularisL	dki_ad	DIPYDKI	/scratch/grmpy/SLURM_11194840_22/job-11194840-22-sub-112028/ds/inputs/data/qsiprep/qsiprep/sub-112028/ses-1/dwi/sub-112028_ses-1_acq-multiband_dir-AP_space-ACPC_desc-preproc_dwi.nii.gz	0.0	0.0017506275326013	0.0011013072216883	0.0014231915120035	0.0017506275326013	0.0014231915120035	0.0011013072216883	0.0016347130294889	0.0016347130294889	sub-112028	ses-1		dir-AP	acq-multiband	space-ACPC			DSIStudio	autotrackgqi
ProjectionBasalGanglia_AnsaLenticularisL	dki_ak	DIPYDKI	/scratch/grmpy/SLURM_11194840_22/job-11194840-22-sub-112028/ds/inputs/data/qsiprep/qsiprep/sub-112028/ses-1/dwi/sub-112028_ses-1_acq-multiband_dir-AP_space-ACPC_desc-preproc_dwi.nii.gz	0.0	0.7898074931737615	0.177964586786334	0.7985264670961243	0.7898074931737615	0.7985264670961243	0.177964586786334	0.7978019074739067	0.7978019074739067	sub-112028	ses-1		dir-AP	acq-multiband	space-ACPC			DSIStudio	autotrackgqi
ProjectionBasalGanglia_AnsaLenticularisL	dki_fa	DIPYDKI	/scratch/grmpy/SLURM_11194840_22/job-11194840-22-sub-112028/ds/inputs/data/qsiprep/qsiprep/sub-112028/ses-1/dwi/sub-112028_ses-1_acq-multiband_dir-AP_space-ACPC_desc-preproc_dwi.nii.gz	0.0	0.3361100554466247	0.1202446445822715	0.3263907432556152	0.3361100554466247	0.3263907432556152	0.1202446445822715	0.3464850187301636	0.3464850187301636	sub-112028	ses-1		dir-AP	acq-multiband	space-ACPC			DSIStudio	autotrackgqi
ProjectionBasalGanglia_AnsaLenticularisL	dki_kfa	DIPYDKI	/scratch/grmpy/SLURM_11194840_22/job-11194840-22-sub-112028/ds/inputs/data/qsiprep/qsiprep/sub-112028/ses-1/dwi/sub-112028_ses-1_acq-multiband_dir-AP_space-ACPC_desc-preproc_dwi.nii.gz	0.0028790786948176	0.4565245509147644	0.1609929054975509	0.4486277103424072	0.4578427076339721	0.449053555727005	0.1593425273895263	0.4701281189918518	0.4726902842521667	sub-112028	ses-1		dir-AP	acq-multiband	space-ACPC			DSIStudio	autotrackgqi
ProjectionBasalGanglia_AnsaLenticularisL	dki_linearity	DIPYDKI	/scratch/grmpy/SLURM_11194840_22/job-11194840-22-sub-112028/ds/inputs/data/qsiprep/qsiprep/sub-112028/ses-1/dwi/sub-112028_ses-1_acq-multiband_dir-AP_space-ACPC_desc-preproc_dwi.nii.gz	0.0	0.1404147148132324	0.0879674926400184	0.122075118124485	0.1404147148132324	0.122075118124485	0.0879674926400184	0.1367103159427642	0.1367103159427642	sub-112028	ses-1		dir-AP	acq-multiband	space-ACPC			DSIStudio	autotrackgqi
ProjectionBasalGanglia_AnsaLenticularisL	dki_md	DIPYDKI	/scratch/grmpy/SLURM_11194840_22/job-11194840-22-sub-112028/ds/inputs/data/qsiprep/qsiprep/sub-112028/ses-1/dwi/sub-112028_ses-1_acq-multiband_dir-AP_space-ACPC_desc-preproc_dwi.nii.gz	0.0	0.0013043043436482	0.000922450912185	0.0010484444210305	0.0013043043436482	0.0010484444210305	0.000922450912185	0.0012085074558854	0.0012085074558854	sub-112028	ses-1		dir-AP	acq-multiband	space-ACPC			DSIStudio	autotrackgqi
ProjectionBasalGanglia_AnsaLenticularisL	dki_mk	DIPYDKI	/scratch/grmpy/SLURM_11194840_22/job-11194840-22-sub-112028/ds/inputs/data/qsiprep/qsiprep/sub-112028/ses-1/dwi/sub-112028_ses-1_acq-multiband_dir-AP_space-ACPC_desc-preproc_dwi.nii.gz	0.0	0.8690710182296119	0.2265957824528323	0.9018800427968272	0.8690710182296119	0.9018800427968272	0.2265957824528323	0.8788834430296564	0.8788834430296564	sub-112028	ses-1		dir-AP	acq-multiband	space-ACPC			DSIStudio	autotrackgqi
ProjectionBasalGanglia_AnsaLenticularisL	dki_mkt	DIPYDKI	/scratch/grmpy/SLURM_11194840_22/job-11194840-22-sub-112028/ds/inputs/data/qsiprep/qsiprep/sub-112028/ses-1/dwi/sub-112028_ses-1_acq-multiband_dir-AP_space-ACPC_desc-preproc_dwi.nii.gz	0.0	0.8852883612631323	0.1991949913088883	0.9041803824096416	0.8852883612631323	0.9041803824096416	0.1991949913088883	0.8983986112829513	0.8983986112829513	sub-112028	ses-1		dir-AP	acq-multiband	space-ACPC			DSIStudio	autotrackgqi
ProjectionBasalGanglia_AnsaLenticularisL	dki_planarity	DIPYDKI	/scratch/grmpy/SLURM_11194840_22/job-11194840-22-sub-112028/ds/inputs/data/qsiprep/qsiprep/sub-112028/ses-1/dwi/sub-112028_ses-1_acq-multiband_dir-AP_space-ACPC_desc-preproc_dwi.nii.gz	0.0	0.178460881114006	0.0950053557753562	0.1701966524124145	0.178460881114006	0.1701966524124145	0.0950053557753562	0.2015189081430435	0.2015189081430435	sub-112028	ses-1		dir-AP	acq-multiband	space-ACPC			DSIStudio	autotrackgqi
ProjectionBasalGanglia_AnsaLenticularisL	dki_rd	DIPYDKI	/scratch/grmpy/SLURM_11194840_22/job-11194840-22-sub-112028/ds/inputs/data/qsiprep/qsiprep/sub-112028/ses-1/dwi/sub-112028_ses-1_acq-multiband_dir-AP_space-ACPC_desc-preproc_dwi.nii.gz	0.0	0.0010811425745487	0.0008504486177116	0.0008455101633444	0.0010811425745487	0.0008455101633444	0.0008504486177116	0.0009954045526683	0.0009954045526683	sub-112028	ses-1		dir-AP	acq-multiband	space-ACPC			DSIStudio	autotrackgqi
ProjectionBasalGanglia_AnsaLenticularisL	dki_rk	DIPYDKI	/scratch/grmpy/SLURM_11194840_22/job-11194840-22-sub-112028/ds/inputs/data/qsiprep/qsiprep/sub-112028/ses-1/dwi/sub-112028_ses-1_acq-multiband_dir-AP_space-ACPC_desc-preproc_dwi.nii.gz	0.0	0.9480556560295847	0.3872173384689469	0.9632173277180546	0.9480556560295847	0.9632173277180546	0.3872173384689469	0.9609358427777782	0.9609358427777782	sub-112028	ses-1		dir-AP	acq-multiband	space-ACPC			DSIStudio	autotrackgqi
ProjectionBasalGanglia_AnsaLenticularisL	dki_sphericity	DIPYDKI	/scratch/grmpy/SLURM_11194840_22/job-11194840-22-sub-112028/ds/inputs/data/qsiprep/qsiprep/sub-112028/ses-1/dwi/sub-112028_ses-1_acq-multiband_dir-AP_space-ACPC_desc-preproc_dwi.nii.gz	0.0	0.6811244487762451	0.1133390516042709	0.6854599714279175	0.6811244487762451	0.6854599714279175	0.1133390516042709	0.6617708206176758	0.6617708206176758	sub-112028	ses-1		dir-AP	acq-multiband	space-ACPC			DSIStudio	autotrackgqi
ProjectionBrainstem_MedialForebrainBundleL	dki_ad	DIPYDKI	/scratch/grmpy/SLURM_11194840_22/job-11194840-22-sub-112028/ds/inputs/data/qsiprep/qsiprep/sub-112028/ses-1/dwi/sub-112028_ses-1_acq-multiband_dir-AP_space-ACPC_desc-preproc_dwi.nii.gz	0.0	0.0019182820105925	0.0011252495460212	0.001587284496054	0.0019182820105925	0.001587284496054	0.0011252495460212	0.0018218626501038	0.0018218626501038	sub-112028	ses-1		dir-AP	acq-multiband	space-ACPC			DSIStudio	autotrackgqi
ProjectionBrainstem_MedialForebrainBundleL	dki_ak	DIPYDKI	/scratch/grmpy/SLURM_11194840_22/job-11194840-22-sub-112028/ds/inputs/data/qsiprep/qsiprep/sub-112028/ses-1/dwi/sub-112028_ses-1_acq-multiband_dir-AP_space-ACPC_desc-preproc_dwi.nii.gz	0.0092753623188405	0.8204373720581182	0.2102281452240075	0.8242341309910716	0.8281184709188144	0.8256189097569145	0.1955729628773315	0.8093938560944991	0.8135854367966433	sub-112028	ses-1		dir-AP	acq-multiband	space-ACPC			DSIStudio	autotrackgqi
ProjectionBrainstem_MedialForebrainBundleL	dki_fa	DIPYDKI	/scratch/grmpy/SLURM_11194840_22/job-11194840-22-sub-112028/ds/inputs/data/qsiprep/qsiprep/sub-112028/ses-1/dwi/sub-112028_ses-1_acq-multiband_dir-AP_space-ACPC_desc-preproc_dwi.nii.gz	0.0081159420289855	0.4311015903949737	0.1679757237434387	0.4315632581710815	0.4346290230751037	0.4338152110576629	0.1640536338090896	0.4777360260486603	0.4790716469287872	sub-112028	ses-1		dir-AP	acq-multiband	space-ACPC			DSIStudio	autotrackgqi
ProjectionBrainstem_MedialForebrainBundleL	dki_kfa	DIPYDKI	/scratch/grmpy/SLURM_11194840_22/job-11194840-22-sub-112028/ds/inputs/data/qsiprep/qsiprep/sub-112028/ses-1/dwi/sub-112028_ses-1_acq-multiband_dir-AP_space-ACPC_desc-preproc_dwi.nii.gz	0.0023188405797101	0.5139416456222534	0.1869832575321197	0.5221337676048279	0.515136182308197	0.5223944783210754	0.1855496168136596	0.5504818558692932	0.5508764386177063	sub-112028	ses-1		dir-AP	acq-multiband	space-ACPC			DSIStudio	autotrackgqi
ProjectionBrainstem_MedialForebrainBundleL	dki_linearity	DIPYDKI	/scratch/grmpy/SLURM_11194840_22/job-11194840-22-sub-112028/ds/inputs/data/qsiprep/qsiprep/sub-112028/ses-1/dwi/sub-112028_ses-1_acq-multiband_dir-AP_space-ACPC_desc-preproc_dwi.nii.gz	0.0081159420289855	0.2129113376140594	0.1312214434146881	0.1915954351425171	0.2146534621715545	0.1927717179059982	0.1303303688764572	0.2463901787996292	0.2470790147781372	sub-112028	ses-1		dir-AP	acq-multiband	space-ACPC			DSIStudio	autotrackgqi
ProjectionBrainstem_MedialForebrainBundleL	dki_md	DIPYDKI	/scratch/grmpy/SLURM_11194840_22/job-11194840-22-sub-112028/ds/inputs/data/qsiprep/qsiprep/sub-112028/ses-1/dwi/sub-112028_ses-1_acq-multiband_dir-AP_space-ACPC_desc-preproc_dwi.nii.gz	0.0	0.0013209137832745	0.0009554970311	0.0010074130259454	0.0013209137832745	0.0010074130259454	0.0009554970311	0.0011941078118979	0.0011941078118979	sub-112028	ses-1		dir-AP	acq-multiband	space-ACPC			DSIStudio	autotrackgqi
ProjectionBrainstem_MedialForebrainBundleL	dki_mk	DIPYDKI	/scratch/grmpy/SLURM_11194840_22/job-11194840-22-sub-112028/ds/inputs/data/qsiprep/qsiprep/sub-112028/ses-1/dwi/sub-112028_ses-1_acq-multiband_dir-AP_space-ACPC_desc-preproc_dwi.nii.gz	0.0092753623188405	0.942381198360682	0.3199800342896323	0.9932198167765806	0.951203959726259	0.994340659833646	0.3081453333450771	0.941604470417577	0.9464807265901464	sub-112028	ses-1		dir-AP	acq-multiband	space-ACPC			DSIStudio	autotrackgqi
ProjectionBrainstem_MedialForebrainBundleL	dki_mkt	DIPYDKI	/scratch/grmpy/SLURM_11194840_22/job-11194840-22-sub-112028/ds/inputs/data/qsiprep/qsiprep/sub-112028/ses-1/dwi/sub-112028_ses-1_acq-multiband_dir-AP_space-ACPC_desc-preproc_dwi.nii.gz	0.0	1.0612496851000168	0.8381244211055927	1.0173610611787216	1.0612496851000168	1.0173610611787216	0.8381244211055927	1.029925994919923	1.029925994919923	sub-112028	ses-1		dir-AP	acq-multiband	space-ACPC			DSIStudio	autotrackgqi
ProjectionBrainstem_MedialForebrainBundleL	dki_planarity	DIPYDKI	/scratch/grmpy/SLURM_11194840_22/job-11194840-22-sub-112028/ds/inputs/data/qsiprep/qsiprep/sub-112028/ses-1/dwi/sub-112028_ses-1_acq-multiband_dir-AP_space-ACPC_desc-preproc_dwi.nii.gz	0.0081159420289855	0.1841679811477661	0.122739776968956	0.1568011343479156	0.1856749057769775	0.1578571647405624	0.1221004649996757	0.1931366920471191	0.1936766356229782	sub-112028	ses-1		dir-AP	acq-multiband	space-ACPC			DSIStudio	autotrackgqi
ProjectionBrainstem_MedialForebrainBundleL	dki_rd	DIPYDKI	/scratch/grmpy/SLURM_11194840_22/job-11194840-22-sub-112028/ds/inputs/data/qsiprep/qsiprep/sub-112028/ses-1/dwi/sub-112028_ses-1_acq-multiband_dir-AP_space-ACPC_desc-preproc_dwi.nii.gz	0.0	0.0010222295532003	0.000896539655514	0.0007565292180515	0.0010222295532003	0.0007565292180515	0.000896539655514	0.0008802304510027	0.0008802304510027	sub-112028	ses-1		dir-AP	acq-multiband	space-ACPC			DSIStudio	autotrackgqi
ProjectionBrainstem_MedialForebrainBundleL	dki_rk	DIPYDKI	/scratch/grmpy/SLURM_11194840_22/job-11194840-22-sub-112028/ds/inputs/data/qsiprep/qsiprep/sub-112028/ses-1/dwi/sub-112028_ses-1_acq-multiband_dir-AP_space-ACPC_desc-preproc_dwi.nii.gz	0.0092753623188405	1.1160770901740713	0.582702124982831	1.128896764055959	1.1265260272383106	1.133005487193888	0.5752822132356857	1.1342542633165011	1.140128189009626	sub-112028	ses-1		dir-AP	acq-multiband	space-ACPC			DSIStudio	autotrackgqi
ProjectionBrainstem_MedialForebrainBundleL	dki_sphericity	DIPYDKI	/scratch/grmpy/SLURM_11194840_22/job-11194840-22-sub-112028/ds/inputs/data/qsiprep/qsiprep/sub-112028/ses-1/dwi/sub-112028_ses-1_acq-multiband_dir-AP_space-ACPC_desc-preproc_dwi.nii.gz	0.0	0.602920651435852	0.1668961942195892	0.6206845641136169	0.602920651435852	0.6206845641136169	0.1668961942195892	0.5604730844497681	0.5604730844497681	sub-112028	ses-1		dir-AP	acq-multiband	space-ACPC			DSIStudio	autotrackgqi
ProjectionBasalGanglia_FasciculusSubthalamicusL	dki_ad	DIPYDKI	/scratch/grmpy/SLURM_11194840_22/job-11194840-22-sub-112028/ds/inputs/data/qsiprep/qsiprep/sub-112028/ses-1/dwi/sub-112028_ses-1_acq-multiband_dir-AP_space-ACPC_desc-preproc_dwi.nii.gz	0.0	0.0017192005179822	0.0010662717977538	0.0014210900990292	0.0017192005179822	0.0014210900990292	0.0010662717977538	0.0016354754334315	0.0016354754334315	sub-112028	ses-1		dir-AP	acq-multiband	space-ACPC			DSIStudio	autotrackgqi
ProjectionBasalGanglia_FasciculusSubthalamicusL	dki_ak	DIPYDKI	/scratch/grmpy/SLURM_11194840_22/job-11194840-22-sub-112028/ds/inputs/data/qsiprep/qsiprep/sub-112028/ses-1/dwi/sub-112028_ses-1_acq-multiband_dir-AP_space-ACPC_desc-preproc_dwi.nii.gz	0.0	0.8206788237993082	0.1898941858681171	0.826603230184985	0.8206788237993082	0.826603230184985	0.1898941858681171	0.8169590602850032	0.8169590602850032	sub-112028	ses-1		dir-AP	acq-multiband	space-ACPC			DSIStudio	autotrackgqi
ProjectionBasalGanglia_FasciculusSubthalamicusL	dki_fa	DIPYDKI	/scratch/grmpy/SLURM_11194840_22/job-11194840-22-sub-112028/ds/inputs/data/qsiprep/qsiprep/sub-112028/ses-1/dwi/sub-112028_ses-1_acq-multiband_dir-AP_space-ACPC_desc-preproc_dwi.nii.gz	0.0	0.3693085610866546	0.1441445052623748	0.3497812151908874	0.3693085610866546	0.3497812151908874	0.1441445052623748	0.3804824352264404	0.3804824352264404	sub-112028	ses-1		dir-AP	acq-multiband	space-ACPC			DSIStudio	autotrackgqi
ProjectionBasalGanglia_FasciculusSubthalamicusL	dki_kfa	DIPYDKI	/scratch/grmpy/SLURM_11194840_22/job-11194840-22-sub-112028/ds/inputs/data/qsiprep/qsiprep/sub-112028/ses-1/dwi/sub-112028_ses-1_acq-multiband_dir-AP_space-ACPC_desc-preproc_dwi.nii.gz	0.0008347245409015	0.469453901052475	0.1513214260339737	0.4680788516998291	0.4698460698127746	0.4681052267551422	0.1507747769355774	0.464684784412384	0.4647637009620666	sub-112028	ses-1		dir-AP	acq-multiband	space-ACPC			DSIStudio	autotrackgqi
ProjectionBasalGanglia_FasciculusSubthalamicusL	dki_linearity	DIPYDKI	/scratch/grmpy/SLURM_11194840_22/job-11194840-22-sub-112028/ds/inputs/data/qsiprep/qsiprep/sub-112028/ses-1/dwi/sub-112028_ses-1_acq-multiband_dir-AP_space-ACPC_desc-preproc_dwi.nii.gz	0.0	0.1581353098154068	0.1096274852752685	0.1330608427524566	0.1581353098154068	0.1330608427524566	0.1096274852752685	0.1639363765716552	0.1639363765716552	sub-112028	ses-1		dir-AP	acq-multiband	space-ACPC			DSIStudio	autotrackgqi
ProjectionBasalGanglia_FasciculusSubthalamicusL	dki_md	DIPYDKI	/scratch/grmpy/SLURM_11194840_22/job-11194840-22-sub-112028/ds/inputs/data/qsiprep/qsiprep/sub-112028/ses-1/dwi/sub-112028_ses-1_acq-multiband_dir-AP_space-ACPC_desc-preproc_dwi.nii.gz	0.0	0.0012425004970282	0.0008800703217275	0.0009904538746923	0.0012425004970282	0.0009904538746923	0.0008800703217275	0.0011607380583882	0.0011607380583882	sub-112028	ses-1		dir-AP	acq-multiband	space-ACPC			DSIStudio	autotrackgqi
ProjectionBasalGanglia_FasciculusSubthalamicusL	dki_mk	DIPYDKI	/scratch/grmpy/SLURM_11194840_22/job-11194840-22-sub-112028/ds/inputs/data/qsiprep/qsiprep/sub-112028/ses-1/dwi/sub-112028_ses-1_acq-multiband_dir-AP_space-ACPC_desc-preproc_dwi.nii.gz	0.0	0.945557537108324	0.2722115613260308	0.9432046535380278	0.945557537108324	0.9432046535380278	0.2722115613260308	0.9712528613347992	0.9712528613347992	sub-112028	ses-1		dir-AP	acq-multiband	space-ACPC			DSIStudio	autotrackgqi
ProjectionBasalGanglia_FasciculusSubthalamicusL	dki_mkt	DIPYDKI	/scratch/grmpy/SLURM_11194840_22/job-11194840-22-sub-112028/ds/inputs/data/qsiprep/qsiprep/sub-112028/ses-1/dwi/sub-112028_ses-1_acq-multiband_dir-AP_space-ACPC_desc-preproc_dwi.nii.gz	0.0	0.9562485024994746	0.2178310383114497	0.9530079149749532	0.9562485024994746	0.9530079149749532	0.2178310383114497	0.9801409645918444	0.9801409645918444	sub-112028	ses-1		dir-AP	acq-multiband	space-ACPC			DSIStudio	autotrackgqi
ProjectionBasalGanglia_FasciculusSubthalamicusL	dki_planarity	DIPYDKI	/scratch/grmpy/SLURM_11194840_22/job-11194840-22-sub-112028/ds/inputs/data/qsiprep/qsiprep/sub-112028/ses-1/dwi/sub-112028_ses-1_acq-multiband_dir-AP_space-ACPC_desc-preproc_dwi.nii.gz	0.0	0.1964815258979797	0.1080598384141922	0.1803494095802307	0.1964815258979797	0.1803494095802307	0.1080598384141922	0.1997407376766204	0.1997407376766204	sub-112028	ses-1		dir-AP	acq-multiband	space-ACPC			DSIStudio	autotrackgqi
ProjectionBasalGanglia_FasciculusSubthalamicusL	dki_rd	DIPYDKI	/scratch/grmpy/SLURM_11194840_22/job-11194840-22-sub-112028/ds/inputs/data/qsiprep/qsiprep/sub-112028/ses-1/dwi/sub-112028_ses-1_acq-multiband_dir-AP_space-ACPC_desc-preproc_dwi.nii.gz	0.0	0.0010041502537205	0.0008108875481411	0.0007948876591399	0.0010041502537205	0.0007948876591399	0.0008108875481411	0.0009233694872818	0.0009233694872818	sub-112028	ses-1		dir-AP	acq-multiband	space-ACPC			DSIStudio	autotrackgqi
ProjectionBasalGanglia_FasciculusSubthalamicusL	dki_rk	DIPYDKI	/scratch/grmpy/SLURM_11194840_22/job-11194840-22-sub-112028/ds/inputs/data/qsiprep/qsiprep/sub-112028/ses-1/dwi/sub-112028_ses-1_acq-multiband_dir-AP_space-ACPC_desc-preproc_dwi.nii.gz	0.0	1.0795901091130455	0.5231357455541448	1.010820487975693	1.0795901091130455	1.010820487975693	0.5231357455541448	1.1188961632768817	1.1188961632768817	sub-112028	ses-1		dir-AP	acq-multiband	space-ACPC			DSIStudio	autotrackgqi
ProjectionBasalGanglia_FasciculusSubthalamicusL	dki_sphericity	DIPYDKI	/scratch/grmpy/SLURM_11194840_22/job-11194840-22-sub-112028/ds/inputs/data/qsiprep/qsiprep/sub-112028/ses-1/dwi/sub-112028_ses-1_acq-multiband_dir-AP_space-ACPC_desc-preproc_dwi.nii.gz	0.0	0.6453831195831299	0.1380455642938614	0.6586159467697144	0.6453831195831299	0.6586159467697144	0.1380455642938614	0.6363228559494019	0.6363228559494019	sub-112028	ses-1		dir-AP	acq-multiband	space-ACPC			DSIStudio	autotrackgqi
ProjectionBrainstem_CorticopontineTractR	dki_ad	DIPYDKI	/scratch/grmpy/SLURM_11194840_22/job-11194840-22-sub-112028/ds/inputs/data/qsiprep/qsiprep/sub-112028/ses-1/dwi/sub-112028_ses-1_acq-multiband_dir-AP_space-ACPC_desc-preproc_dwi.nii.gz	0.0	0.0014724921202287	0.0004880767373833	0.0013904761290177	0.0014724921202287	0.0013904761290177	0.0004880767373833	0.001588282524608	0.001588282524608	sub-112028	ses-1		dir-AP	acq-multiband	space-ACPC			DSIStudio	autotrackgqi
ProjectionBrainstem_CorticopontineTractR	dki_ak	DIPYDKI	/scratch/grmpy/SLURM_11194840_22/job-11194840-22-sub-112028/ds/inputs/data/qsiprep/qsiprep/sub-112028/ses-1/dwi/sub-112028_ses-1_acq-multiband_dir-AP_space-ACPC_desc-preproc_dwi.nii.gz	0.0002330730684069	0.816294276243728	0.1690613400181574	0.8076280868428314	0.8164845768093519	0.8077585561794364	0.1686209429401481	0.8266463841331783	0.8276939505888284	sub-112028	ses-1		dir-AP	acq-multiband	space-ACPC			DSIStudio	autotrackgqi
ProjectionBrainstem_CorticopontineTractR	dki_fa	DIPYDKI	/scratch/grmpy/SLURM_11194840_22/job-11194840-22-sub-112028/ds/inputs/data/qsiprep/qsiprep/sub-112028/ses-1/dwi/sub-112028_ses-1_acq-multiband_dir-AP_space-ACPC_desc-preproc_dwi.nii.gz	0.0	0.4456857740879059	0.1759159564971923	0.4537860453128814	0.4456857740879059	0.4537860453128814	0.1759159564971923	0.5399020910263062	0.5399020910263062	sub-112028	ses-1		dir-AP	acq-multiband	space-ACPC			DSIStudio	autotrackgqi
ProjectionBrainstem_CorticopontineTractR	dki_kfa	DIPYDKI	/scratch/grmpy/SLURM_11194840_22/job-11194840-22-sub-112028/ds/inputs/data/qsiprep/qsiprep/sub-112028/ses-1/dwi/sub-112028_ses-1_acq-multiband_dir-AP_space-ACPC_desc-preproc_dwi.nii.gz	0.001748048013052	0.5110242366790771	0.1377220153808593	0.5167465209960938	0.5119191408157349	0.5170297622680664	0.136170744895935	0.5572829246520996	0.5574338436126709	sub-112028	ses-1		dir-AP	acq-multiband	space-ACPC			DSIStudio	autotrackgqi
ProjectionBrainstem_CorticopontineTractR	dki_linearity	DIPYDKI	/scratch/grmpy/SLURM_11194840_22/job-11194840-22-sub-112028/ds/inputs/data/qsiprep/qsiprep/sub-112028/ses-1/dwi/sub-112028_ses-1_acq-multiband_dir-AP_space-ACPC_desc-preproc_dwi.nii.gz	0.0	0.2152718603610992	0.1352310180664062	0.1939139813184738	0.2152718603610992	0.1939139813184738	0.1352310180664062	0.2852616012096405	0.2852616012096405	sub-112028	ses-1		dir-AP	acq-multiband	space-ACPC			DSIStudio	autotrackgqi
ProjectionBrainstem_CorticopontineTractR	dki_md	DIPYDKI	/scratch/grmpy/SLURM_11194840_22/job-11194840-22-sub-112028/ds/inputs/data/qsiprep/qsiprep/sub-112028/ses-1/dwi/sub-112028_ses-1_acq-multiband_dir-AP_space-ACPC_desc-preproc_dwi.nii.gz	0.0	0.0009695797343738	0.000365976098692	0.0009010335779748	0.0009695797343738	0.0009010335779748	0.000365976098692	0.0009455097606405	0.0009455097606405	sub-112028	ses-1		dir-AP	acq-multiband	space-ACPC			DSIStudio	autotrackgqi
ProjectionBrainstem_CorticopontineTractR	dki_mk	DIPYDKI	/scratch/grmpy/SLURM_11194840_22/job-11194840-22-sub-112028/ds/inputs/data/qsiprep/qsiprep/sub-112028/ses-1/dwi/sub-112028_ses-1_acq-multiband_dir-AP_space-ACPC_desc-preproc_dwi.nii.gz	0.0002330730684069	1.0771071134355432	0.2503009701672772	1.1187135793614833	1.0773582166208644	1.118732292091491	0.2497892174470845	1.1895337563739492	1.1910411913778851	sub-112028	ses-1		dir-AP	acq-multiband	space-ACPC			DSIStudio	autotrackgqi
ProjectionBrainstem_CorticopontineTractR	dki_mkt	DIPYDKI	/scratch/grmpy/SLURM_11194840_22/job-11194840-22-sub-112028/ds/inputs/data/qsiprep/qsiprep/sub-112028/ses-1/dwi/sub-112028_ses-1_acq-multiband_dir-AP_space-ACPC_desc-preproc_dwi.nii.gz	0.0	1.0426208995534822	0.1990888278617653	1.08202227013119	1.0426208995534822	1.08202227013119	0.1990888278617653	1.1379319922529718	1.1379319922529718	sub-112028	ses-1		dir-AP	acq-multiband	space-ACPC			DSIStudio	autotrackgqi
ProjectionBrainstem_CorticopontineTractR	dki_planarity	DIPYDKI	/scratch/grmpy/SLURM_11194840_22/job-11194840-22-sub-112028/ds/inputs/data/qsiprep/qsiprep/sub-112028/ses-1/dwi/sub-112028_ses-1_acq-multiband_dir-AP_space-ACPC_desc-preproc_dwi.nii.gz	0.0	0.209679901599884	0.1199992299079895	0.192728579044342	0.209679901599884	0.192728579044342	0.1199992299079895	0.2257348746061325	0.2257348746061325	sub-112028	ses-1		dir-AP	acq-multiband	space-ACPC			DSIStudio	autotrackgqi
ProjectionBrainstem_CorticopontineTractR	dki_rd	DIPYDKI	/scratch/grmpy/SLURM_11194840_22/job-11194840-22-sub-112028/ds/inputs/data/qsiprep/qsiprep/sub-112028/ses-1/dwi/sub-112028_ses-1_acq-multiband_dir-AP_space-ACPC_desc-preproc_dwi.nii.gz	0.0	0.0007181235705502	0.0003662637318484	0.0006660549552179	0.0007181235705502	0.0006660549552179	0.0003662637318484	0.0006241233204491	0.0006241233204491	sub-112028	ses-1		dir-AP	acq-multiband	space-ACPC			DSIStudio	autotrackgqi
ProjectionBrainstem_CorticopontineTractR	dki_rk	DIPYDKI	/scratch/grmpy/SLURM_11194840_22/job-11194840-22-sub-112028/ds/inputs/data/qsiprep/qsiprep/sub-112028/ses-1/dwi/sub-112028_ses-1_acq-multiband_dir-AP_space-ACPC_desc-preproc_dwi.nii.gz	0.0002330730684069	1.443132428338903	0.5849119698608685	1.4531556051567864	1.4434688620557323	1.4532532236767683	0.5845649141958472	1.7006963633030745	1.7028515683672034	sub-112028	ses-1		dir-AP	acq-multiband	space-ACPC			DSIStudio	autotrackgqi
ProjectionBrainstem_CorticopontineTractR	dki_sphericity	DIPYDKI	/scratch/grmpy/SLURM_11194840_22/job-11194840-22-sub-112028/ds/inputs/data/qsiprep/qsiprep/sub-112028/ses-1/dwi/sub-112028_ses-1_acq-multiband_dir-AP_space-ACPC_desc-preproc_dwi.nii.gz	0.0	0.5750482678413391	0.1737257689237594	0.569185197353363	0.5750482678413391	0.569185197353363	0.1737257689237594	0.4890035688877105	0.4890035688877105	sub-112028	ses-1		dir-AP	acq-multiband	space-ACPC			DSIStudio	autotrackgqi
ProjectionBasalGanglia_FornixL	dki_ad	DIPYDKI	/scratch/grmpy/SLURM_11194840_22/job-11194840-22-sub-112028/ds/inputs/data/qsiprep/qsiprep/sub-112028/ses-1/dwi/sub-112028_ses-1_acq-multiband_dir-AP_space-ACPC_desc-preproc_dwi.nii.gz	0.0	0.0020150309428572	0.0011797082843258	0.0016854958375915	0.0020150309428572	0.0016854958375915	0.0011797082843258	0.0019014242570847	0.0019014242570847	sub-112028	ses-1		dir-AP	acq-multiband	space-ACPC			DSIStudio	autotrackgqi
ProjectionBasalGanglia_FornixL	dki_ak	DIPYDKI	/scratch/grmpy/SLURM_11194840_22/job-11194840-22-sub-112028/ds/inputs/data/qsiprep/qsiprep/sub-112028/ses-1/dwi/sub-112028_ses-1_acq-multiband_dir-AP_space-ACPC_desc-preproc_dwi.nii.gz	0.0	0.7144058722021192	0.1555560663606358	0.7200328833653108	0.7144058722021192	0.7200328833653108	0.1555560663606358	0.7176010678264635	0.7176010678264635	sub-112028	ses-1		dir-AP	acq-multiband	space-ACPC			DSIStudio	autotrackgqi
ProjectionBasalGanglia_FornixL	dki_fa	DIPYDKI	/scratch/grmpy/SLURM_11194840_22/job-11194840-22-sub-112028/ds/inputs/data/qsiprep/qsiprep/sub-112028/ses-1/dwi/sub-112028_ses-1_acq-multiband_dir-AP_space-ACPC_desc-preproc_dwi.nii.gz	0.0	0.3305478394031524	0.1533256620168686	0.3142139911651611	0.3305478394031524	0.3142139911651611	0.1533256620168686	0.3627718687057495	0.3627718687057495	sub-112028	ses-1		dir-AP	acq-multiband	space-ACPC			DSIStudio	autotrackgqi
ProjectionBasalGanglia_FornixL	dki_kfa	DIPYDKI	/scratch/grmpy/SLURM_11194840_22/job-11194840-22-sub-112028/ds/inputs/data/qsiprep/qsiprep/sub-112028/ses-1/dwi/sub-112028_ses-1_acq-multiband_dir-AP_space-ACPC_desc-preproc_dwi.nii.gz	0.0029603315571343	0.4307092428207397	0.1770809888839721	0.4207411706447601	0.4319880604743957	0.4212339520454407	0.1757792234420776	0.4523772597312927	0.4546385407447815	sub-112028	ses-1		dir-AP	acq-multiband	space-ACPC			DSIStudio	autotrackgqi
ProjectionBasalGanglia_FornixL	dki_linearity	DIPYDKI	/scratch/grmpy/SLURM_11194840_22/job-11194840-22-sub-112028/ds/inputs/data/qsiprep/qsiprep/sub-112028/ses-1/dwi/sub-112028_ses-1_acq-multiband_dir-AP_space-ACPC_desc-preproc_dwi.nii.gz	0.0	0.1534812301397323	0.1069422364234924	0.1318790465593338	0.1534812301397323	0.1318790465593338	0.1069422364234924	0.1728270500898361	0.1728270500898361	sub-112028	ses-1		dir-AP	acq-multiband	space-ACPC			DSIStudio	autotrackgqi
ProjectionBasalGanglia_FornixL	dki_md	DIPYDKI	/scratch/grmpy/SLURM_11194840_22/job-11194840-22-sub-112028/ds/inputs/data/qsiprep/qsiprep/sub-112028/ses-1/dwi/sub-112028_ses-1_acq-multiband_dir-AP_space-ACPC_desc-preproc_dwi.nii.gz	0.0	0.0015016412362456	0.0009795604273676	0.001163687906228	0.0015016412362456	0.001163687906228	0.0009795604273676	0.0013734005624428	0.0013734005624428	sub-112028	ses-1		dir-AP	acq-multiband	space-ACPC			DSIStudio	autotrackgqi
ProjectionBasalGanglia_FornixL	dki_mk	DIPYDKI	/scratch/grmpy/SLURM_11194840_22/job-11194840-22-sub-112028/ds/inputs/data/qsiprep/qsiprep/sub-112028/ses-1/dwi/sub-112028_ses-1_acq-multiband_dir-AP_space-ACPC_desc-preproc_dwi.nii.gz	0.0	0.8124670302403425	0.2162251931836476	0.8317996631056288	0.8124670302403425	0.8317996631056288	0.2162251931836476	0.8379541603949145	0.8379541603949145	sub-112028	ses-1		dir-AP	acq-multiband	space-ACPC			DSIStudio	autotrackgqi
ProjectionBasalGanglia_FornixL	dki_mkt	DIPYDKI	/scratch/grmpy/SLURM_11194840_22/job-11194840-22-sub-112028/ds/inputs/data/qsiprep/qsiprep/sub-112028/ses-1/dwi/sub-112028_ses-1_acq-multiband_dir-AP_space-ACPC_desc-preproc_dwi.nii.gz	0.0	0.8155836041132383	0.1902017544147178	0.8347225920608031	0.8155836041132383	0.8347225920608031	0.1902017544147178	0.841009482784703	0.841009482784703	sub-112028	ses-1		dir-AP	acq-multiband	space-ACPC			DSIStudio	autotrackgqi
ProjectionBasalGanglia_FornixL	dki_planarity	DIPYDKI	/scratch/grmpy/SLURM_11194840_22/job-11194840-22-sub-112028/ds/inputs/data/qsiprep/qsiprep/sub-112028/ses-1/dwi/sub-112028_ses-1_acq-multiband_dir-AP_space-ACPC_desc-preproc_dwi.nii.gz	0.0	0.1466443687677383	0.0903401225805282	0.1288363933563232	0.1466443687677383	0.1288363933563232	0.0903401225805282	0.152712345123291	0.152712345123291	sub-112028	ses-1		dir-AP	acq-multiband	space-ACPC			DSIStudio	autotrackgqi
ProjectionBasalGanglia_FornixL	dki_rd	DIPYDKI	/scratch/grmpy/SLURM_11194840_22/job-11194840-22-sub-112028/ds/inputs/data/qsiprep/qsiprep/sub-112028/ses-1/dwi/sub-112028_ses-1_acq-multiband_dir-AP_space-ACPC_desc-preproc_dwi.nii.gz	0.0	0.0012449463829398	0.0009082081378437	0.0009488566429354	0.0012449463829398	0.0009488566429354	0.0009082081378437	0.0011093887733295	0.0011093887733295	sub-112028	ses-1		dir-AP	acq-multiband	space-ACPC			DSIStudio	autotrackgqi
ProjectionBasalGanglia_FornixL	dki_rk	DIPYDKI	/scratch/grmpy/SLURM_11194840_22/job-11194840-22-sub-112028/ds/inputs/data/qsiprep/qsiprep/sub-112028/ses-1/dwi/sub-112028_ses-1_acq-multiband_dir-AP_space-ACPC_desc-preproc_dwi.nii.gz	0.0	0.9436557899189344	0.4155539923820056	0.9237040232673834	0.9436557899189344	0.9237040232673834	0.4155539923820056	0.9877125754491568	0.9877125754491568	sub-112028	ses-1		dir-AP	acq-multiband	space-ACPC			DSIStudio	autotrackgqi
ProjectionBasalGanglia_FornixL	dki_sphericity	DIPYDKI	/scratch/grmpy/SLURM_11194840_22/job-11194840-22-sub-112028/ds/inputs/data/qsiprep/qsiprep/sub-112028/ses-1/dwi/sub-112028_ses-1_acq-multiband_dir-AP_space-ACPC_desc-preproc_dwi.nii.gz	0.0	0.6998744010925293	0.1395144164562225	0.718502402305603	0.6998744010925293	0.718502402305603	0.1395144164562225	0.6744605898857117	0.6744605898857117	sub-112028	ses-1		dir-AP	acq-multiband	space-ACPC			DSIStudio	autotrackgqi
ProjectionBrainstem_MedialForebrainBundleR	dki_ad	DIPYDKI	/scratch/grmpy/SLURM_11194840_22/job-11194840-22-sub-112028/ds/inputs/data/qsiprep/qsiprep/sub-112028/ses-1/dwi/sub-112028_ses-1_acq-multiband_dir-AP_space-ACPC_desc-preproc_dwi.nii.gz	0.0	0.0020359533373266	0.0012378003448247	0.0016304202144965	0.0020359533373266	0.0016304202144965	0.0012378003448247	0.0018463863525539	0.0018463863525539	sub-112028	ses-1		dir-AP	acq-multiband	space-ACPC			DSIStudio	autotrackgqi
ProjectionBrainstem_MedialForebrainBundleR	dki_ak	DIPYDKI	/scratch/grmpy/SLURM_11194840_22/job-11194840-22-sub-112028/ds/inputs/data/qsiprep/qsiprep/sub-112028/ses-1/dwi/sub-112028_ses-1_acq-multiband_dir-AP_space-ACPC_desc-preproc_dwi.nii.gz	0.0063863757317722	0.8167209922433766	0.2133757757378002	0.8227308025969395	0.8219704040842553	0.823242758802913	0.2037326583955146	0.8215332554937202	0.8243356743170223	sub-112028	ses-1		dir-AP	acq-multiband	space-ACPC			DSIStudio	autotrackgqi
ProjectionBrainstem_MedialForebrainBundleR	dki_fa	DIPYDKI	/scratch/grmpy/SLURM_11194840_22/job-11194840-22-sub-112028/ds/inputs/data/qsiprep/qsiprep/sub-112028/ses-1/dwi/sub-112028_ses-1_acq-multiband_dir-AP_space-ACPC_desc-preproc_dwi.nii.gz	0.0063863757317722	0.4194647669792175	0.1649199873208999	0.4081997871398926	0.4221608638763428	0.4105838239192962	0.1619729548692703	0.4630809724330902	0.46466064453125	sub-112028	ses-1		dir-AP	acq-multiband	space-ACPC			DSIStudio	autotrackgqi
ProjectionBrainstem_MedialForebrainBundleR	dki_kfa	DIPYDKI	/scratch/grmpy/SLURM_11194840_22/job-11194840-22-sub-112028/ds/inputs/data/qsiprep/qsiprep/sub-112028/ses-1/dwi/sub-112028_ses-1_acq-multiband_dir-AP_space-ACPC_desc-preproc_dwi.nii.gz	0.0026609898882384	0.5037124156951904	0.1786480993032455	0.516060471534729	0.5050563216209412	0.5161712169647217	0.1769788712263107	0.5478289127349854	0.5482297539710999	sub-112028	ses-1		dir-AP	acq-multiband	space-ACPC			DSIStudio	autotrackgqi
ProjectionBrainstem_MedialForebrainBundleR	dki_linearity	DIPYDKI	/scratch/grmpy/SLURM_11194840_22/job-11194840-22-sub-112028/ds/inputs/data/qsiprep/qsiprep/sub-112028/ses-1/dwi/sub-112028_ses-1_acq-multiband_dir-AP_space-ACPC_desc-preproc_dwi.nii.gz	0.0063863757317722	0.205561563372612	0.1268685311079025	0.1842915564775467	0.2068828046321869	0.1856320053339004	0.1261972039937973	0.2375369668006897	0.2383472621440887	sub-112028	ses-1		dir-AP	acq-multiband	space-ACPC			DSIStudio	autotrackgqi
ProjectionBrainstem_MedialForebrainBundleR	dki_md	DIPYDKI	/scratch/grmpy/SLURM_11194840_22/job-11194840-22-sub-112028/ds/inputs/data/qsiprep/qsiprep/sub-112028/ses-1/dwi/sub-112028_ses-1_acq-multiband_dir-AP_space-ACPC_desc-preproc_dwi.nii.gz	0.0	0.0014235301641747	0.0010612532496452	0.0010431095724925	0.0014235301641747	0.0010431095724925	0.0010612532496452	0.0012229371350258	0.0012229371350258	sub-112028	ses-1		dir-AP	acq-multiband	space-ACPC			DSIStudio	autotrackgqi
ProjectionBrainstem_MedialForebrainBundleR	dki_mk	DIPYDKI	/scratch/grmpy/SLURM_11194840_22/job-11194840-22-sub-112028/ds/inputs/data/qsiprep/qsiprep/sub-112028/ses-1/dwi/sub-112028_ses-1_acq-multiband_dir-AP_space-ACPC_desc-preproc_dwi.nii.gz	0.0063863757317722	0.9447833822347412	0.2783052331157601	0.9880141947718188	0.9508559053128434	0.9907857257620386	0.2686587738308749	0.9519993448461735	0.9552468104851266	sub-112028	ses-1		dir-AP	acq-multiband	space-ACPC			DSIStudio	autotrackgqi
ProjectionBrainstem_MedialForebrainBundleR	dki_mkt	DIPYDKI	/scratch/grmpy/SLURM_11194840_22/job-11194840-22-sub-112028/ds/inputs/data/qsiprep/qsiprep/sub-112028/ses-1/dwi/sub-112028_ses-1_acq-multiband_dir-AP_space-ACPC_desc-preproc_dwi.nii.gz	0.0	1.0316664452577926	0.7557049853059352	1.012625713648691	1.0316664452577926	1.012625713648691	0.7557049853059352	1.0220146651155575	1.0220146651155575	sub-112028	ses-1		dir-AP	acq-multiband	space-ACPC			DSIStudio	autotrackgqi
ProjectionBrainstem_MedialForebrainBundleR	dki_planarity	DIPYDKI	/scratch/grmpy/SLURM_11194840_22/job-11194840-22-sub-112028/ds/inputs/data/qsiprep/qsiprep/sub-112028/ses-1/dwi/sub-112028_ses-1_acq-multiband_dir-AP_space-ACPC_desc-preproc_dwi.nii.gz	0.0063863757317722	0.1809944957494735	0.110572338104248	0.1617136746644973	0.182157814502716	0.1628887355327606	0.1099677979946136	0.1846634894609451	0.1852934062480926	sub-112028	ses-1		dir-AP	acq-multiband	space-ACPC			DSIStudio	autotrackgqi
ProjectionBrainstem_MedialForebrainBundleR	dki_rd	DIPYDKI	/scratch/grmpy/SLURM_11194840_22/job-11194840-22-sub-112028/ds/inputs/data/qsiprep/qsiprep/sub-112028/ses-1/dwi/sub-112028_ses-1_acq-multiband_dir-AP_space-ACPC_desc-preproc_dwi.nii.gz	0.0	0.0011173187522217	0.0009972857078537	0.0007915123132988	0.0011173187522217	0.0007915123132988	0.0009972857078537	0.0009112125262618	0.0009112125262618	sub-112028	ses-1		dir-AP	acq-multiband	space-ACPC			DSIStudio	autotrackgqi
ProjectionBrainstem_MedialForebrainBundleR	dki_rk	DIPYDKI	/scratch/grmpy/SLURM_11194840_22/job-11194840-22-sub-112028/ds/inputs/data/qsiprep/qsiprep/sub-112028/ses-1/dwi/sub-112028_ses-1_acq-multiband_dir-AP_space-ACPC_desc-preproc_dwi.nii.gz	0.0063863757317722	1.0986295950156677	0.5082237148891114	1.1109234700802486	1.105690952884006	1.1143435911990804	0.5021392364347851	1.1015676592583734	1.1053253333799096	sub-112028	ses-1		dir-AP	acq-multiband	space-ACPC			DSIStudio	autotrackgqi
ProjectionBrainstem_MedialForebrainBundleR	dki_sphericity	DIPYDKI	/scratch/grmpy/SLURM_11194840_22/job-11194840-22-sub-112028/ds/inputs/data/qsiprep/qsiprep/sub-112028/ses-1/dwi/sub-112028_ses-1_acq-multiband_dir-AP_space-ACPC_desc-preproc_dwi.nii.gz	0.0	0.613443911075592	0.160239577293396	0.6297648549079895	0.613443911075592	0.6297648549079895	0.160239577293396	0.5777995586395264	0.5777995586395264	sub-112028	ses-1		dir-AP	acq-multiband	space-ACPC			DSIStudio	autotrackgqi
ProjectionBasalGanglia_OpticRadiationL	dki_ad	DIPYDKI	/scratch/grmpy/SLURM_11194840_22/job-11194840-22-sub-112028/ds/inputs/data/qsiprep/qsiprep/sub-112028/ses-1/dwi/sub-112028_ses-1_acq-multiband_dir-AP_space-ACPC_desc-preproc_dwi.nii.gz	0.0005081300813008	0.0015358908567577	0.0006591086857952	0.0014124156441539	0.0015366717707365	0.0014133232180029	0.0006583656067959	0.001595975831151	0.0015959830489009	sub-112028	ses-1		dir-AP	acq-multiband	space-ACPC			DSIStudio	autotrackgqi
ProjectionBasalGanglia_OpticRadiationL	dki_ak	DIPYDKI	/scratch/grmpy/SLURM_11194840_22/job-11194840-22-sub-112028/ds/inputs/data/qsiprep/qsiprep/sub-112028/ses-1/dwi/sub-112028_ses-1_acq-multiband_dir-AP_space-ACPC_desc-preproc_dwi.nii.gz	0.0005081300813008	0.8151644214502419	0.162462130259176	0.8093875337374474	0.8155788415933279	0.8096074753877605	0.161460118429262	0.8065195843587155	0.8065232372060493	sub-112028	ses-1		dir-AP	acq-multiband	space-ACPC			DSIStudio	autotrackgqi
ProjectionBasalGanglia_OpticRadiationL	dki_fa	DIPYDKI	/scratch/grmpy/SLURM_11194840_22/job-11194840-22-sub-112028/ds/inputs/data/qsiprep/qsiprep/sub-112028/ses-1/dwi/sub-112028_ses-1_acq-multiband_dir-AP_space-ACPC_desc-preproc_dwi.nii.gz	0.0005081300813008	0.4402449131011963	0.2002145200967788	0.4548038244247436	0.4404687285423279	0.4549303948879242	0.2000191211700439	0.5444285869598389	0.5444310903549194	sub-112028	ses-1		dir-AP	acq-multiband	space-ACPC			DSIStudio	autotrackgqi
ProjectionBasalGanglia_OpticRadiationL	dki_kfa	DIPYDKI	/scratch/grmpy/SLURM_11194840_22/job-11194840-22-sub-112028/ds/inputs/data/qsiprep/qsiprep/sub-112028/ses-1/dwi/sub-112028_ses-1_acq-multiband_dir-AP_space-ACPC_desc-preproc_dwi.nii.gz	0.002540650406504	0.5404154062271118	0.1752832680940628	0.5559935569763184	0.5417919158935547	0.5565930008888245	0.1733686923980713	0.60535728931427	0.6054942607879639	sub-112028	ses-1		dir-AP	acq-multiband	space-ACPC			DSIStudio	autotrackgqi
ProjectionBasalGanglia_OpticRadiationL	dki_linearity	DIPYDKI	/scratch/grmpy/SLURM_11194840_22/job-11194840-22-sub-112028/ds/inputs/data/qsiprep/qsiprep/sub-112028/ses-1/dwi/sub-112028_ses-1_acq-multiband_dir-AP_space-ACPC_desc-preproc_dwi.nii.gz	0.0005081300813008	0.2206586599349975	0.1537099927663803	0.1914059221744537	0.220770850777626	0.1914705634117126	0.1536684930324554	0.2969239056110382	0.2969252467155456	sub-112028	ses-1		dir-AP	acq-multiband	space-ACPC			DSIStudio	autotrackgqi
ProjectionBasalGanglia_OpticRadiationL	dki_md	DIPYDKI	/scratch/grmpy/SLURM_11194840_22/job-11194840-22-sub-112028/ds/inputs/data/qsiprep/qsiprep/sub-112028/ses-1/dwi/sub-112028_ses-1_acq-multiband_dir-AP_space-ACPC_desc-preproc_dwi.nii.gz	0.0005081300813008	0.0010275088716298	0.000566434173379	0.0009075987618416	0.0010280312271788	0.0009077104623429	0.0005661040195263	0.0009528361842967	0.0009528404916636	sub-112028	ses-1		dir-AP	acq-multiband	space-ACPC			DSIStudio	autotrackgqi
ProjectionBasalGanglia_OpticRadiationL	dki_mk	DIPYDKI	/scratch/grmpy/SLURM_11194840_22/job-11194840-22-sub-112028/ds/inputs/data/qsiprep/qsiprep/sub-112028/ses-1/dwi/sub-112028_ses-1_acq-multiband_dir-AP_space-ACPC_desc-preproc_dwi.nii.gz	0.0005081300813008	0.9791407177308712	0.2782319586399597	1.0233666543288291	0.979638501522295	1.0236073599512334	0.2774251800478777	1.0688322078342622	1.0688370480067984	sub-112028	ses-1		dir-AP	acq-multiband	space-ACPC			DSIStudio	autotrackgqi
ProjectionBasalGanglia_OpticRadiationL	dki_mkt	DIPYDKI	/scratch/grmpy/SLURM_11194840_22/job-11194840-22-sub-112028/ds/inputs/data/qsiprep/qsiprep/sub-112028/ses-1/dwi/sub-112028_ses-1_acq-multiband_dir-AP_space-ACPC_desc-preproc_dwi.nii.gz	0.0005081300813008	0.9782304440111445	0.1949011209161023	1.0179639098087023	0.9787277650299604	1.018104300983463	0.1936982625487789	1.040792564031996	1.040797277515708	sub-112028	ses-1		dir-AP	acq-multiband	space-ACPC			DSIStudio	autotrackgqi
ProjectionBasalGanglia_OpticRadiationL	dki_planarity	DIPYDKI	/scratch/grmpy/SLURM_11194840_22/job-11194840-22-sub-112028/ds/inputs/data/qsiprep/qsiprep/sub-112028/ses-1/dwi/sub-112028_ses-1_acq-multiband_dir-AP_space-ACPC_desc-preproc_dwi.nii.gz	0.0005081300813008	0.1947671175003051	0.1179995834827423	0.1710608601570129	0.1948661357164383	0.1710755974054336	0.1179478093981742	0.2128863036632537	0.2128872722387313	sub-112028	ses-1		dir-AP	acq-multiband	space-ACPC			DSIStudio	autotrackgqi
ProjectionBasalGanglia_OpticRadiationL	dki_rd	DIPYDKI	/scratch/grmpy/SLURM_11194840_22/job-11194840-22-sub-112028/ds/inputs/data/qsiprep/qsiprep/sub-112028/ses-1/dwi/sub-112028_ses-1_acq-multiband_dir-AP_space-ACPC_desc-preproc_dwi.nii.gz	0.0005081300813008	0.0007733178208582	0.0005685650976374	0.0006623764638788	0.0007737109554	0.0006628185510635	0.0005684421630576	0.0006312662735581	0.0006312691839411	sub-112028	ses-1		dir-AP	acq-multiband	space-ACPC			DSIStudio	autotrackgqi
ProjectionBasalGanglia_OpticRadiationL	dki_rk	DIPYDKI	/scratch/grmpy/SLURM_11194840_22/job-11194840-22-sub-112028/ds/inputs/data/qsiprep/qsiprep/sub-112028/ses-1/dwi/sub-112028_ses-1_acq-multiband_dir-AP_space-ACPC_desc-preproc_dwi.nii.gz	0.0005081300813008	1.2623688500089931	0.651582827138682	1.220025118615591	1.2630106236998977	1.2201585894460876	0.6511262973548656	1.5642609530581983	1.5642680360883003	sub-112028	ses-1		dir-AP	acq-multiband	space-ACPC			DSIStudio	autotrackgqi
ProjectionBasalGanglia_OpticRadiationL	dki_sphericity	DIPYDKI	/scratch/grmpy/SLURM_11194840_22/job-11194840-22-sub-112028/ds/inputs/data/qsiprep/qsiprep/sub-112028/ses-1/dwi/sub-112028_ses-1_acq-multiband_dir-AP_space-ACPC_desc-preproc_dwi.nii.gz	0.0005081300813008	0.5840661525726318	0.1910612881183624	0.5648194551467896	0.5843630433082581	0.5648242831230164	0.1906553506851196	0.4901852607727051	0.4901874959468841	sub-112028	ses-1		dir-AP	acq-multiband	space-ACPC			DSIStudio	autotrackgqi
ProjectionBrainstem_CorticopontineTractL	dki_ad	DIPYDKI	/scratch/grmpy/SLURM_11194840_22/job-11194840-22-sub-112028/ds/inputs/data/qsiprep/qsiprep/sub-112028/ses-1/dwi/sub-112028_ses-1_acq-multiband_dir-AP_space-ACPC_desc-preproc_dwi.nii.gz	0.0	0.0014413790777325	0.0004604318819474	0.0013565892586484	0.0014413790777325	0.0013565892586484	0.0004604318819474	0.0015715835615992	0.0015715835615992	sub-112028	ses-1		dir-AP	acq-multiband	space-ACPC			DSIStudio	autotrackgqi
ProjectionBrainstem_CorticopontineTractL	dki_ak	DIPYDKI	/scratch/grmpy/SLURM_11194840_22/job-11194840-22-sub-112028/ds/inputs/data/qsiprep/qsiprep/sub-112028/ses-1/dwi/sub-112028_ses-1_acq-multiband_dir-AP_space-ACPC_desc-preproc_dwi.nii.gz	0.0002323150191659	0.8318587634516634	0.1739804861393205	0.8201580224619294	0.832052061642311	0.8202243721188415	0.1735379181194982	0.8347308159610156	0.8350954702603839	sub-112028	ses-1		dir-AP	acq-multiband	space-ACPC			DSIStudio	autotrackgqi
ProjectionBrainstem_CorticopontineTractL	dki_fa	DIPYDKI	/scratch/grmpy/SLURM_11194840_22/job-11194840-22-sub-112028/ds/inputs/data/qsiprep/qsiprep/sub-112028/ses-1/dwi/sub-112028_ses-1_acq-multiband_dir-AP_space-ACPC_desc-preproc_dwi.nii.gz	0.0	0.4243620336055755	0.1821655035018921	0.4289394915103912	0.4243620336055755	0.4289394915103912	0.1821655035018921	0.5118074417114258	0.5118074417114258	sub-112028	ses-1		dir-AP	acq-multiband	space-ACPC			DSIStudio	autotrackgqi
ProjectionBrainstem_CorticopontineTractL	dki_kfa	DIPYDKI	/scratch/grmpy/SLURM_11194840_22/job-11194840-22-sub-112028/ds/inputs/data/qsiprep/qsiprep/sub-112028/ses-1/dwi/sub-112028_ses-1_acq-multiband_dir-AP_space-ACPC_desc-preproc_dwi.nii.gz	0.0017423626437449	0.5091627240180969	0.1441858112812042	0.5105545520782471	0.510051429271698	0.51094651222229	0.1427324563264846	0.5518336892127991	0.5521658658981323	sub-112028	ses-1		dir-AP	acq-multiband	space-ACPC			DSIStudio	autotrackgqi
ProjectionBrainstem_CorticopontineTractL	dki_linearity	DIPYDKI	/scratch/grmpy/SLURM_11194840_22/job-11194840-22-sub-112028/ds/inputs/data/qsiprep/qsiprep/sub-112028/ses-1/dwi/sub-112028_ses-1_acq-multiband_dir-AP_space-ACPC_desc-preproc_dwi.nii.gz	0.0	0.2020153403282165	0.1385038644075393	0.1754130125045776	0.2020153403282165	0.1754130125045776	0.1385038644075393	0.2691265344619751	0.2691265344619751	sub-112028	ses-1		dir-AP	acq-multiband	space-ACPC			DSIStudio	autotrackgqi
ProjectionBrainstem_CorticopontineTractL	dki_md	DIPYDKI	/scratch/grmpy/SLURM_11194840_22/job-11194840-22-sub-112028/ds/inputs/data/qsiprep/qsiprep/sub-112028/ses-1/dwi/sub-112028_ses-1_acq-multiband_dir-AP_space-ACPC_desc-preproc_dwi.nii.gz	0.0	0.0009680526563897	0.0003398625121917	0.0009041018784046	0.0009680526563897	0.0009041018784046	0.0003398625121917	0.000966063234955	0.000966063234955	sub-112028	ses-1		dir-AP	acq-multiband	space-ACPC			DSIStudio	autotrackgqi
ProjectionBrainstem_CorticopontineTractL	dki_mk	DIPYDKI	/scratch/grmpy/SLURM_11194840_22/job-11194840-22-sub-112028/ds/inputs/data/qsiprep/qsiprep/sub-112028/ses-1/dwi/sub-112028_ses-1_acq-multiband_dir-AP_space-ACPC_desc-preproc_dwi.nii.gz	0.0002323150191659	1.0466998614261374	0.2675066888136844	1.1017356304701882	1.0469430820283043	1.1018937538599576	0.26706145120395	1.1216195863385263	1.1221095688173457	sub-112028	ses-1		dir-AP	acq-multiband	space-ACPC			DSIStudio	autotrackgqi
ProjectionBrainstem_CorticopontineTractL	dki_mkt	DIPYDKI	/scratch/grmpy/SLURM_11194840_22/job-11194840-22-sub-112028/ds/inputs/data/qsiprep/qsiprep/sub-112028/ses-1/dwi/sub-112028_ses-1_acq-multiband_dir-AP_space-ACPC_desc-preproc_dwi.nii.gz	0.0	1.0314214693944346	0.2044661687359059	1.0794261524609894	1.0314214693944346	1.0794261524609894	0.2044661687359059	1.102469007733083	1.102469007733083	sub-112028	ses-1		dir-AP	acq-multiband	space-ACPC			DSIStudio	autotrackgqi
ProjectionBrainstem_CorticopontineTractL	dki_planarity	DIPYDKI	/scratch/grmpy/SLURM_11194840_22/job-11194840-22-sub-112028/ds/inputs/data/qsiprep/qsiprep/sub-112028/ses-1/dwi/sub-112028_ses-1_acq-multiband_dir-AP_space-ACPC_desc-preproc_dwi.nii.gz	0.0	0.2036073505878448	0.1199763417243957	0.1865146458148956	0.2036073505878448	0.1865146458148956	0.1199763417243957	0.2102025598287582	0.2102025598287582	sub-112028	ses-1		dir-AP	acq-multiband	space-ACPC			DSIStudio	autotrackgqi
ProjectionBrainstem_CorticopontineTractL	dki_rd	DIPYDKI	/scratch/grmpy/SLURM_11194840_22/job-11194840-22-sub-112028/ds/inputs/data/qsiprep/qsiprep/sub-112028/ses-1/dwi/sub-112028_ses-1_acq-multiband_dir-AP_space-ACPC_desc-preproc_dwi.nii.gz	0.0	0.0007313894457183	0.0003476440906524	0.0006852600490674	0.0007313894457183	0.0006852600490674	0.0003476440906524	0.0006633031298406	0.0006633031298406	sub-112028	ses-1		dir-AP	acq-multiband	space-ACPC			DSIStudio	autotrackgqi
ProjectionBrainstem_CorticopontineTractL	dki_rk	DIPYDKI	/scratch/grmpy/SLURM_11194840_22/job-11194840-22-sub-112028/ds/inputs/data/qsiprep/qsiprep/sub-112028/ses-1/dwi/sub-112028_ses-1_acq-multiband_dir-AP_space-ACPC_desc-preproc_dwi.nii.gz	0.0002323150191659	1.3440712845060212	0.5762765628715097	1.3733758828006617	1.3443836050089857	1.3734627143272875	0.5759791375214418	1.5145336561231015	1.515195284154296	sub-112028	ses-1		dir-AP	acq-multiband	space-ACPC			DSIStudio	autotrackgqi
ProjectionBrainstem_CorticopontineTractL	dki_sphericity	DIPYDKI	/scratch/grmpy/SLURM_11194840_22/job-11194840-22-sub-112028/ds/inputs/data/qsiprep/qsiprep/sub-112028/ses-1/dwi/sub-112028_ses-1_acq-multiband_dir-AP_space-ACPC_desc-preproc_dwi.nii.gz	0.0	0.5943772792816162	0.178392618894577	0.5903619527816772	0.5943772792816162	0.5903619527816772	0.178392618894577	0.5206708908081055	0.5206708908081055	sub-112028	ses-1		dir-AP	acq-multiband	space-ACPC			DSIStudio	autotrackgqi
ProjectionBrainstem_DentatorubrothalamicTract-lr	dki_ad	DIPYDKI	/scratch/grmpy/SLURM_11194840_22/job-11194840-22-sub-112028/ds/inputs/data/qsiprep/qsiprep/sub-112028/ses-1/dwi/sub-112028_ses-1_acq-multiband_dir-AP_space-ACPC_desc-preproc_dwi.nii.gz	0.0	0.001660848618485	0.0006507794605568	0.0015104751801118	0.001660848618485	0.0015104751801118	0.0006507794605568	0.0017010029405355	0.0017010029405355	sub-112028	ses-1		dir-AP	acq-multiband	space-ACPC			DSIStudio	autotrackgqi
ProjectionBrainstem_DentatorubrothalamicTract-lr	dki_ak	DIPYDKI	/scratch/grmpy/SLURM_11194840_22/job-11194840-22-sub-112028/ds/inputs/data/qsiprep/qsiprep/sub-112028/ses-1/dwi/sub-112028_ses-1_acq-multiband_dir-AP_space-ACPC_desc-preproc_dwi.nii.gz	0.0	0.8377545035645713	0.1766776922064343	0.8251166753767736	0.8377545035645713	0.8251166753767736	0.1766776922064343	0.823392921561081	0.8233930111078522	sub-112028	ses-1		dir-AP	acq-multiband	space-ACPC			DSIStudio	autotrackgqi
ProjectionBrainstem_DentatorubrothalamicTract-lr	dki_fa	DIPYDKI	/scratch/grmpy/SLURM_11194840_22/job-11194840-22-sub-112028/ds/inputs/data/qsiprep/qsiprep/sub-112028/ses-1/dwi/sub-112028_ses-1_acq-multiband_dir-AP_space-ACPC_desc-preproc_dwi.nii.gz	0.0	0.4749630987644195	0.1623060703277588	0.4848377704620361	0.4749630987644195	0.4848377704620361	0.1623060703277588	0.4805781543254852	0.4805782437324524	sub-112028	ses-1		dir-AP	acq-multiband	space-ACPC			DSIStudio	autotrackgqi
ProjectionBrainstem_DentatorubrothalamicTract-lr	dki_kfa	DIPYDKI	/scratch/grmpy/SLURM_11194840_22/job-11194840-22-sub-112028/ds/inputs/data/qsiprep/qsiprep/sub-112028/ses-1/dwi/sub-112028_ses-1_acq-multiband_dir-AP_space-ACPC_desc-preproc_dwi.nii.gz	0.0	0.4979912042617798	0.1556518673896789	0.5030179023742676	0.4979912042617798	0.5030179023742676	0.1556518673896789	0.4959646463394165	0.4959647059440613	sub-112028	ses-1		dir-AP	acq-multiband	space-ACPC			DSIStudio	autotrackgqi
ProjectionBrainstem_DentatorubrothalamicTract-lr	dki_linearity	DIPYDKI	/scratch/grmpy/SLURM_11194840_22/job-11194840-22-sub-112028/ds/inputs/data/qsiprep/qsiprep/sub-112028/ses-1/dwi/sub-112028_ses-1_acq-multiband_dir-AP_space-ACPC_desc-preproc_dwi.nii.gz	0.0	0.232685312628746	0.139933705329895	0.2007695138454437	0.232685312628746	0.2007695138454437	0.139933705329895	0.2381899058818817	0.2381899058818817	sub-112028	ses-1		dir-AP	acq-multiband	space-ACPC			DSIStudio	autotrackgqi
ProjectionBrainstem_DentatorubrothalamicTract-lr	dki_md	DIPYDKI	/scratch/grmpy/SLURM_11194840_22/job-11194840-22-sub-112028/ds/inputs/data/qsiprep/qsiprep/sub-112028/ses-1/dwi/sub-112028_ses-1_acq-multiband_dir-AP_space-ACPC_desc-preproc_dwi.nii.gz	0.0	0.0010961677180603	0.0005801157676614	0.0009337670635432	0.0010961677180603	0.0009337670635432	0.0005801157676614	0.0011202659225091	0.0011202661553397	sub-112028	ses-1		dir-AP	acq-multiband	space-ACPC			DSIStudio	autotrackgqi
ProjectionBrainstem_DentatorubrothalamicTract-lr	dki_mk	DIPYDKI	/scratch/grmpy/SLURM_11194840_22/job-11194840-22-sub-112028/ds/inputs/data/qsiprep/qsiprep/sub-112028/ses-1/dwi/sub-112028_ses-1_acq-multiband_dir-AP_space-ACPC_desc-preproc_dwi.nii.gz	0.0	1.136207190926749	0.264226382294122	1.2105296699385142	1.136207190926749	1.2105296699385142	0.264226382294122	1.1468993421367215	1.1468994670693111	sub-112028	ses-1		dir-AP	acq-multiband	space-ACPC			DSIStudio	autotrackgqi
ProjectionBrainstem_DentatorubrothalamicTract-lr	dki_mkt	DIPYDKI	/scratch/grmpy/SLURM_11194840_22/job-11194840-22-sub-112028/ds/inputs/data/qsiprep/qsiprep/sub-112028/ses-1/dwi/sub-112028_ses-1_acq-multiband_dir-AP_space-ACPC_desc-preproc_dwi.nii.gz	0.0	1.0938725975073142	0.1993738306760624	1.13356850777418	1.0938725975073142	1.13356850777418	0.1993738306760624	1.0923915375932176	1.0923916566474372	sub-112028	ses-1		dir-AP	acq-multiband	space-ACPC			DSIStudio	autotrackgqi
ProjectionBrainstem_DentatorubrothalamicTract-lr	dki_planarity	DIPYDKI	/scratch/grmpy/SLURM_11194840_22/job-11194840-22-sub-112028/ds/inputs/data/qsiprep/qsiprep/sub-112028/ses-1/dwi/sub-112028_ses-1_acq-multiband_dir-AP_space-ACPC_desc-preproc_dwi.nii.gz	0.0	0.2148071080446243	0.1243741288781166	0.1972914934158325	0.2148071080446243	0.1972914934158325	0.1243741288781166	0.2118180990219116	0.2118181139230728	sub-112028	ses-1		dir-AP	acq-multiband	space-ACPC			DSIStudio	autotrackgqi
ProjectionBrainstem_DentatorubrothalamicTract-lr	dki_rd	DIPYDKI	/scratch/grmpy/SLURM_11194840_22/job-11194840-22-sub-112028/ds/inputs/data/qsiprep/qsiprep/sub-112028/ses-1/dwi/sub-112028_ses-1_acq-multiband_dir-AP_space-ACPC_desc-preproc_dwi.nii.gz	0.0	0.0008138270932249	0.0005813835887238	0.0006599372718483	0.0008138270932249	0.0006599372718483	0.0005813835887238	0.0008298975299112	0.0008298975881189	sub-112028	ses-1		dir-AP	acq-multiband	space-ACPC			DSIStudio	autotrackgqi
ProjectionBrainstem_DentatorubrothalamicTract-lr	dki_rk	DIPYDKI	/scratch/grmpy/SLURM_11194840_22/job-11194840-22-sub-112028/ds/inputs/data/qsiprep/qsiprep/sub-112028/ses-1/dwi/sub-112028_ses-1_acq-multiband_dir-AP_space-ACPC_desc-preproc_dwi.nii.gz	0.0	1.5296870944872265	0.6545330892781318	1.5343118012124952	1.5296870944872265	1.5343118012124952	0.6545330892781318	1.5748957870060456	1.5748959585976583	sub-112028	ses-1		dir-AP	acq-multiband	space-ACPC			DSIStudio	autotrackgqi
ProjectionBrainstem_DentatorubrothalamicTract-lr	dki_sphericity	DIPYDKI	/scratch/grmpy/SLURM_11194840_22/job-11194840-22-sub-112028/ds/inputs/data/qsiprep/qsiprep/sub-112028/ses-1/dwi/sub-112028_ses-1_acq-multiband_dir-AP_space-ACPC_desc-preproc_dwi.nii.gz	0.0	0.5525075793266296	0.1502382755279541	0.5480892658233643	0.5525075793266296	0.5480892658233643	0.1502382755279541	0.5499919652938843	0.549992024898529	sub-112028	ses-1		dir-AP	acq-multiband	space-ACPC			DSIStudio	autotrackgqi
ProjectionBrainstem_MedialLemniscusR	dki_ad	DIPYDKI	/scratch/grmpy/SLURM_11194840_22/job-11194840-22-sub-112028/ds/inputs/data/qsiprep/qsiprep/sub-112028/ses-1/dwi/sub-112028_ses-1_acq-multiband_dir-AP_space-ACPC_desc-preproc_dwi.nii.gz	0.0	0.0014957222156226	0.0003935848362743	0.001428696559742	0.0014957222156226	0.001428696559742	0.0003935848362743	0.0015718366485089	0.0015718366485089	sub-112028	ses-1		dir-AP	acq-multiband	space-ACPC			DSIStudio	autotrackgqi
ProjectionBrainstem_MedialLemniscusR	dki_ak	DIPYDKI	/scratch/grmpy/SLURM_11194840_22/job-11194840-22-sub-112028/ds/inputs/data/qsiprep/qsiprep/sub-112028/ses-1/dwi/sub-112028_ses-1_acq-multiband_dir-AP_space-ACPC_desc-preproc_dwi.nii.gz	0.0	0.801677553715054	0.1461012690313582	0.7997093255587624	0.801677553715054	0.7997093255587624	0.1461012690313582	0.7928577972476958	0.7928577972476958	sub-112028	ses-1		dir-AP	acq-multiband	space-ACPC			DSIStudio	autotrackgqi
ProjectionBrainstem_MedialLemniscusR	dki_fa	DIPYDKI	/scratch/grmpy/SLURM_11194840_22/job-11194840-22-sub-112028/ds/inputs/data/qsiprep/qsiprep/sub-112028/ses-1/dwi/sub-112028_ses-1_acq-multiband_dir-AP_space-ACPC_desc-preproc_dwi.nii.gz	0.0	0.4565352201461792	0.1550510972738266	0.4664835929870605	0.4565352201461792	0.4664835929870605	0.1550510972738266	0.5016536712646484	0.5016536712646484	sub-112028	ses-1		dir-AP	acq-multiband	space-ACPC			DSIStudio	autotrackgqi
ProjectionBrainstem_MedialLemniscusR	dki_kfa	DIPYDKI	/scratch/grmpy/SLURM_11194840_22/job-11194840-22-sub-112028/ds/inputs/data/qsiprep/qsiprep/sub-112028/ses-1/dwi/sub-112028_ses-1_acq-multiband_dir-AP_space-ACPC_desc-preproc_dwi.nii.gz	0.0006747638326585	0.5238666534423828	0.1370955109596252	0.5343400835990906	0.5242204070091248	0.5344521999359131	0.1364640593528747	0.540241003036499	0.5403143167495728	sub-112028	ses-1		dir-AP	acq-multiband	space-ACPC			DSIStudio	autotrackgqi
ProjectionBrainstem_MedialLemniscusR	dki_linearity	DIPYDKI	/scratch/grmpy/SLURM_11194840_22/job-11194840-22-sub-112028/ds/inputs/data/qsiprep/qsiprep/sub-112028/ses-1/dwi/sub-112028_ses-1_acq-multiband_dir-AP_space-ACPC_desc-preproc_dwi.nii.gz	0.0	0.2197720557451248	0.1206914708018302	0.2042019218206405	0.2197720557451248	0.2042019218206405	0.1206914708018302	0.2593437433242798	0.2593437433242798	sub-112028	ses-1		dir-AP	acq-multiband	space-ACPC			DSIStudio	autotrackgqi
ProjectionBrainstem_MedialLemniscusR	dki_md	DIPYDKI	/scratch/grmpy/SLURM_11194840_22/job-11194840-22-sub-112028/ds/inputs/data/qsiprep/qsiprep/sub-112028/ses-1/dwi/sub-112028_ses-1_acq-multiband_dir-AP_space-ACPC_desc-preproc_dwi.nii.gz	0.0	0.0009798934916034	0.0003084372438024	0.0009086973732337	0.0009798934916034	0.0009086973732337	0.0003084372438024	0.0009781565750017	0.0009781565750017	sub-112028	ses-1		dir-AP	acq-multiband	space-ACPC			DSIStudio	autotrackgqi
ProjectionBrainstem_MedialLemniscusR	dki_mk	DIPYDKI	/scratch/grmpy/SLURM_11194840_22/job-11194840-22-sub-112028/ds/inputs/data/qsiprep/qsiprep/sub-112028/ses-1/dwi/sub-112028_ses-1_acq-multiband_dir-AP_space-ACPC_desc-preproc_dwi.nii.gz	0.0	1.0295984059969427	0.2008186541115351	1.052275774135261	1.0295984059969427	1.052275774135261	0.2008186541115351	1.0641706296719304	1.0641706296719304	sub-112028	ses-1		dir-AP	acq-multiband	space-ACPC			DSIStudio	autotrackgqi
ProjectionBrainstem_MedialLemniscusR	dki_mkt	DIPYDKI	/scratch/grmpy/SLURM_11194840_22/job-11194840-22-sub-112028/ds/inputs/data/qsiprep/qsiprep/sub-112028/ses-1/dwi/sub-112028_ses-1_acq-multiband_dir-AP_space-ACPC_desc-preproc_dwi.nii.gz	0.0	1.008328508058348	0.157087192582424	1.02741201675721	1.008328508058348	1.02741201675721	0.157087192582424	1.0364039987577172	1.0364039987577172	sub-112028	ses-1		dir-AP	acq-multiband	space-ACPC			DSIStudio	autotrackgqi
ProjectionBrainstem_MedialLemniscusR	dki_planarity	DIPYDKI	/scratch/grmpy/SLURM_11194840_22/job-11194840-22-sub-112028/ds/inputs/data/qsiprep/qsiprep/sub-112028/ses-1/dwi/sub-112028_ses-1_acq-multiband_dir-AP_space-ACPC_desc-preproc_dwi.nii.gz	0.0	0.2131377160549163	0.1151907667517662	0.1940017640590667	0.2131377160549163	0.1940017640590667	0.1151907667517662	0.2028142064809799	0.2028142064809799	sub-112028	ses-1		dir-AP	acq-multiband	space-ACPC			DSIStudio	autotrackgqi
ProjectionBrainstem_MedialLemniscusR	dki_rd	DIPYDKI	/scratch/grmpy/SLURM_11194840_22/job-11194840-22-sub-112028/ds/inputs/data/qsiprep/qsiprep/sub-112028/ses-1/dwi/sub-112028_ses-1_acq-multiband_dir-AP_space-ACPC_desc-preproc_dwi.nii.gz	0.0	0.0007219790713861	0.0003183919179718	0.0006666557164862	0.0007219790713861	0.0006666557164862	0.0003183919179718	0.0006813166546635	0.0006813166546635	sub-112028	ses-1		dir-AP	acq-multiband	space-ACPC			DSIStudio	autotrackgqi
ProjectionBrainstem_MedialLemniscusR	dki_rk	DIPYDKI	/scratch/grmpy/SLURM_11194840_22/job-11194840-22-sub-112028/ds/inputs/data/qsiprep/qsiprep/sub-112028/ses-1/dwi/sub-112028_ses-1_acq-multiband_dir-AP_space-ACPC_desc-preproc_dwi.nii.gz	0.0	1.3485119584381964	0.4883926211967407	1.364351495644609	1.3485119584381964	1.364351495644609	0.4883926211967407	1.4408476886699877	1.4408476886699877	sub-112028	ses-1		dir-AP	acq-multiband	space-ACPC			DSIStudio	autotrackgqi
ProjectionBrainstem_MedialLemniscusR	dki_sphericity	DIPYDKI	/scratch/grmpy/SLURM_11194840_22/job-11194840-22-sub-112028/ds/inputs/data/qsiprep/qsiprep/sub-112028/ses-1/dwi/sub-112028_ses-1_acq-multiband_dir-AP_space-ACPC_desc-preproc_dwi.nii.gz	0.0	0.5670902132987976	0.1534094214439392	0.5643318891525269	0.5670902132987976	0.5643318891525269	0.1534094214439392	0.5378420352935791	0.5378420352935791	sub-112028	ses-1		dir-AP	acq-multiband	space-ACPC			DSIStudio	autotrackgqi
ProjectionBrainstem_CorticospinalTractL	dki_ad	DIPYDKI	/scratch/grmpy/SLURM_11194840_22/job-11194840-22-sub-112028/ds/inputs/data/qsiprep/qsiprep/sub-112028/ses-1/dwi/sub-112028_ses-1_acq-multiband_dir-AP_space-ACPC_desc-preproc_dwi.nii.gz	0.0	0.001568570965901	0.0004895440069958	0.0014523608842864	0.001568570965901	0.0014523608842864	0.0004895440069958	0.0015973161207512	0.0015973161207512	sub-112028	ses-1		dir-AP	acq-multiband	space-ACPC			DSIStudio	autotrackgqi
ProjectionBrainstem_CorticospinalTractL	dki_ak	DIPYDKI	/scratch/grmpy/SLURM_11194840_22/job-11194840-22-sub-112028/ds/inputs/data/qsiprep/qsiprep/sub-112028/ses-1/dwi/sub-112028_ses-1_acq-multiband_dir-AP_space-ACPC_desc-preproc_dwi.nii.gz	0.0006357279084551	0.8818751191158706	0.1811828118299225	0.8589373333886994	0.8824361083773947	0.8590825687281045	0.1798695543213312	0.865594848223323	0.8682736425585658	sub-112028	ses-1		dir-AP	acq-multiband	space-ACPC			DSIStudio	autotrackgqi
ProjectionBrainstem_CorticospinalTractL	dki_fa	DIPYDKI	/scratch/grmpy/SLURM_11194840_22/job-11194840-22-sub-112028/ds/inputs/data/qsiprep/qsiprep/sub-112028/ses-1/dwi/sub-112028_ses-1_acq-multiband_dir-AP_space-ACPC_desc-preproc_dwi.nii.gz	0.0	0.5119870901107788	0.1875373721122741	0.5041719675064087	0.5119870901107788	0.5041719675064087	0.1875373721122741	0.5696463584899902	0.5696463584899902	sub-112028	ses-1		dir-AP	acq-multiband	space-ACPC			DSIStudio	autotrackgqi
ProjectionBrainstem_CorticospinalTractL	dki_kfa	DIPYDKI	/scratch/grmpy/SLURM_11194840_22/job-11194840-22-sub-112028/ds/inputs/data/qsiprep/qsiprep/sub-112028/ses-1/dwi/sub-112028_ses-1_acq-multiband_dir-AP_space-ACPC_desc-preproc_dwi.nii.gz	0.0	0.5752003788948059	0.129038006067276	0.5732617974281311	0.5752003788948059	0.5732617974281311	0.129038006067276	0.6039152145385742	0.6039152145385742	sub-112028	ses-1		dir-AP	acq-multiband	space-ACPC			DSIStudio	autotrackgqi
ProjectionBrainstem_CorticospinalTractL	dki_linearity	DIPYDKI	/scratch/grmpy/SLURM_11194840_22/job-11194840-22-sub-112028/ds/inputs/data/qsiprep/qsiprep/sub-112028/ses-1/dwi/sub-112028_ses-1_acq-multiband_dir-AP_space-ACPC_desc-preproc_dwi.nii.gz	0.0	0.2693255245685577	0.1698076725006103	0.2300900220870971	0.2693255245685577	0.2300900220870971	0.1698076725006103	0.3180182576179504	0.3180182576179504	sub-112028	ses-1		dir-AP	acq-multiband	space-ACPC			DSIStudio	autotrackgqi
ProjectionBrainstem_CorticospinalTractL	dki_md	DIPYDKI	/scratch/grmpy/SLURM_11194840_22/job-11194840-22-sub-112028/ds/inputs/data/qsiprep/qsiprep/sub-112028/ses-1/dwi/sub-112028_ses-1_acq-multiband_dir-AP_space-ACPC_desc-preproc_dwi.nii.gz	0.0	0.0009589604451321	0.000317269063089	0.0008896721992641	0.0009589604451321	0.0008896721992641	0.000317269063089	0.0009133942658081	0.0009133942658081	sub-112028	ses-1		dir-AP	acq-multiband	space-ACPC			DSIStudio	autotrackgqi
ProjectionBrainstem_CorticospinalTractL	dki_mk	DIPYDKI	/scratch/grmpy/SLURM_11194840_22/job-11194840-22-sub-112028/ds/inputs/data/qsiprep/qsiprep/sub-112028/ses-1/dwi/sub-112028_ses-1_acq-multiband_dir-AP_space-ACPC_desc-preproc_dwi.nii.gz	0.0006357279084551	1.1227903206761507	0.2795674724529658	1.1738582987502717	1.1235045638826875	1.1738955982598331	0.2782179630486821	1.1386369725283574	1.142160761299344	sub-112028	ses-1		dir-AP	acq-multiband	space-ACPC			DSIStudio	autotrackgqi
ProjectionBrainstem_CorticospinalTractL	dki_mkt	DIPYDKI	/scratch/grmpy/SLURM_11194840_22/job-11194840-22-sub-112028/ds/inputs/data/qsiprep/qsiprep/sub-112028/ses-1/dwi/sub-112028_ses-1_acq-multiband_dir-AP_space-ACPC_desc-preproc_dwi.nii.gz	0.0	1.1318191187359816	0.1378634816608785	1.1575363224665765	1.1318191187359816	1.1575363224665765	0.1378634816608785	1.1686823226991794	1.1686823226991794	sub-112028	ses-1		dir-AP	acq-multiband	space-ACPC			DSIStudio	autotrackgqi
ProjectionBrainstem_CorticospinalTractL	dki_planarity	DIPYDKI	/scratch/grmpy/SLURM_11194840_22/job-11194840-22-sub-112028/ds/inputs/data/qsiprep/qsiprep/sub-112028/ses-1/dwi/sub-112028_ses-1_acq-multiband_dir-AP_space-ACPC_desc-preproc_dwi.nii.gz	0.0	0.2213088423013687	0.1194599345326423	0.2153403311967849	0.2213088423013687	0.2153403311967849	0.1194599345326423	0.2335722595453262	0.2335722595453262	sub-112028	ses-1		dir-AP	acq-multiband	space-ACPC			DSIStudio	autotrackgqi
ProjectionBrainstem_CorticospinalTractL	dki_rd	DIPYDKI	/scratch/grmpy/SLURM_11194840_22/job-11194840-22-sub-112028/ds/inputs/data/qsiprep/qsiprep/sub-112028/ses-1/dwi/sub-112028_ses-1_acq-multiband_dir-AP_space-ACPC_desc-preproc_dwi.nii.gz	0.0	0.0006541551556438	0.0003275378549005	0.0006358264945447	0.0006541551556438	0.0006358264945447	0.0003275378549005	0.0005714333965443	0.0005714333965443	sub-112028	ses-1		dir-AP	acq-multiband	space-ACPC			DSIStudio	autotrackgqi
ProjectionBrainstem_CorticospinalTractL	dki_rk	DIPYDKI	/scratch/grmpy/SLURM_11194840_22/job-11194840-22-sub-112028/ds/inputs/data/qsiprep/qsiprep/sub-112028/ses-1/dwi/sub-112028_ses-1_acq-multiband_dir-AP_space-ACPC_desc-preproc_dwi.nii.gz	0.0006357279084551	1.4878740013974483	0.6247519831044632	1.5357280876695687	1.488820486131162	1.535794543819443	0.6238222395378549	1.558492188963923	1.5633153208069457	sub-112028	ses-1		dir-AP	acq-multiband	space-ACPC			DSIStudio	autotrackgqi
ProjectionBrainstem_CorticospinalTractL	dki_sphericity	DIPYDKI	/scratch/grmpy/SLURM_11194840_22/job-11194840-22-sub-112028/ds/inputs/data/qsiprep/qsiprep/sub-112028/ses-1/dwi/sub-112028_ses-1_acq-multiband_dir-AP_space-ACPC_desc-preproc_dwi.nii.gz	0.0	0.5093656778335571	0.187969759106636	0.5134734511375427	0.5093656778335571	0.5134734511375427	0.187969759106636	0.4484094679355621	0.4484094679355621	sub-112028	ses-1		dir-AP	acq-multiband	space-ACPC			DSIStudio	autotrackgqi
ProjectionBrainstem_NonDecussatingDentatorubrothalamicTractR	dki_ad	DIPYDKI	/scratch/grmpy/SLURM_11194840_22/job-11194840-22-sub-112028/ds/inputs/data/qsiprep/qsiprep/sub-112028/ses-1/dwi/sub-112028_ses-1_acq-multiband_dir-AP_space-ACPC_desc-preproc_dwi.nii.gz	0.0	0.0014684241032227	0.0005483618588186	0.0013656562659889	0.0014684241032227	0.0013656562659889	0.0005483618588186	0.0016278799157589	0.0016278799157589	sub-112028	ses-1		dir-AP	acq-multiband	space-ACPC			DSIStudio	autotrackgqi
ProjectionBrainstem_NonDecussatingDentatorubrothalamicTractR	dki_ak	DIPYDKI	/scratch/grmpy/SLURM_11194840_22/job-11194840-22-sub-112028/ds/inputs/data/qsiprep/qsiprep/sub-112028/ses-1/dwi/sub-112028_ses-1_acq-multiband_dir-AP_space-ACPC_desc-preproc_dwi.nii.gz	0.0002478314745972	0.8277619857064302	0.1609768082159433	0.8255260441709336	0.8279671820340718	0.8255486494755251	0.1604682546153233	0.8230113334410463	0.8230127068751902	sub-112028	ses-1		dir-AP	acq-multiband	space-ACPC			DSIStudio	autotrackgqi
ProjectionBrainstem_NonDecussatingDentatorubrothalamicTractR	dki_fa	DIPYDKI	/scratch/grmpy/SLURM_11194840_22/job-11194840-22-sub-112028/ds/inputs/data/qsiprep/qsiprep/sub-112028/ses-1/dwi/sub-112028_ses-1_acq-multiband_dir-AP_space-ACPC_desc-preproc_dwi.nii.gz	0.0	0.4311359524726867	0.1655722707509994	0.4342723488807678	0.4311359524726867	0.4342723488807678	0.1655722707509994	0.4585033059120178	0.4585033059120178	sub-112028	ses-1		dir-AP	acq-multiband	space-ACPC			DSIStudio	autotrackgqi
ProjectionBrainstem_NonDecussatingDentatorubrothalamicTractR	dki_kfa	DIPYDKI	/scratch/grmpy/SLURM_11194840_22/job-11194840-22-sub-112028/ds/inputs/data/qsiprep/qsiprep/sub-112028/ses-1/dwi/sub-112028_ses-1_acq-multiband_dir-AP_space-ACPC_desc-preproc_dwi.nii.gz	0.0012391573729863	0.4925835728645324	0.1399806141853332	0.4949314296245575	0.4931947290897369	0.4950253963470459	0.1389873027801513	0.5077311396598816	0.5078525543212891	sub-112028	ses-1		dir-AP	acq-multiband	space-ACPC			DSIStudio	autotrackgqi
ProjectionBrainstem_NonDecussatingDentatorubrothalamicTractR	dki_linearity	DIPYDKI	/scratch/grmpy/SLURM_11194840_22/job-11194840-22-sub-112028/ds/inputs/data/qsiprep/qsiprep/sub-112028/ses-1/dwi/sub-112028_ses-1_acq-multiband_dir-AP_space-ACPC_desc-preproc_dwi.nii.gz	0.0	0.201158657670021	0.1251054108142852	0.1798536926507949	0.201158657670021	0.1798536926507949	0.1251054108142852	0.2213762998580932	0.2213762998580932	sub-112028	ses-1		dir-AP	acq-multiband	space-ACPC			DSIStudio	autotrackgqi
ProjectionBrainstem_NonDecussatingDentatorubrothalamicTractR	dki_md	DIPYDKI	/scratch/grmpy/SLURM_11194840_22/job-11194840-22-sub-112028/ds/inputs/data/qsiprep/qsiprep/sub-112028/ses-1/dwi/sub-112028_ses-1_acq-multiband_dir-AP_space-ACPC_desc-preproc_dwi.nii.gz	0.0	0.0009902328019961	0.0004391744441818	0.000895480683539	0.0009902328019961	0.000895480683539	0.0004391744441818	0.0010871088597923	0.0010871088597923	sub-112028	ses-1		dir-AP	acq-multiband	space-ACPC			DSIStudio	autotrackgqi
ProjectionBrainstem_NonDecussatingDentatorubrothalamicTractR	dki_mk	DIPYDKI	/scratch/grmpy/SLURM_11194840_22/job-11194840-22-sub-112028/ds/inputs/data/qsiprep/qsiprep/sub-112028/ses-1/dwi/sub-112028_ses-1_acq-multiband_dir-AP_space-ACPC_desc-preproc_dwi.nii.gz	0.0002478314745972	1.079904200194037	0.2277469625386717	1.1193979903822426	1.080171900789028	1.1194632512947171	0.2271395477736816	1.0738932430593198	1.07389503530247	sub-112028	ses-1		dir-AP	acq-multiband	space-ACPC			DSIStudio	autotrackgqi
ProjectionBrainstem_NonDecussatingDentatorubrothalamicTractR	dki_mkt	DIPYDKI	/scratch/grmpy/SLURM_11194840_22/job-11194840-22-sub-112028/ds/inputs/data/qsiprep/qsiprep/sub-112028/ses-1/dwi/sub-112028_ses-1_acq-multiband_dir-AP_space-ACPC_desc-preproc_dwi.nii.gz	0.0	1.0466263829481717	0.1876013787575991	1.0834482357352735	1.0466263829481717	1.0834482357352735	0.1876013787575991	1.0520116581314305	1.0520116581314305	sub-112028	ses-1		dir-AP	acq-multiband	space-ACPC			DSIStudio	autotrackgqi
ProjectionBrainstem_NonDecussatingDentatorubrothalamicTractR	dki_planarity	DIPYDKI	/scratch/grmpy/SLURM_11194840_22/job-11194840-22-sub-112028/ds/inputs/data/qsiprep/qsiprep/sub-112028/ses-1/dwi/sub-112028_ses-1_acq-multiband_dir-AP_space-ACPC_desc-preproc_dwi.nii.gz	0.0	0.2120859622955322	0.1213929876685142	0.1962252259254455	0.2120859622955322	0.1962252259254455	0.1213929876685142	0.2095420807600021	0.2095420807600021	sub-112028	ses-1		dir-AP	acq-multiband	space-ACPC			DSIStudio	autotrackgqi
ProjectionBrainstem_NonDecussatingDentatorubrothalamicTractR	dki_rd	DIPYDKI	/scratch/grmpy/SLURM_11194840_22/job-11194840-22-sub-112028/ds/inputs/data/qsiprep/qsiprep/sub-112028/ses-1/dwi/sub-112028_ses-1_acq-multiband_dir-AP_space-ACPC_desc-preproc_dwi.nii.gz	0.0	0.0007511370349675	0.0004281074216123	0.0006743278354406	0.0007511370349675	0.0006743278354406	0.0004281074216123	0.0008167232736013	0.0008167232736013	sub-112028	ses-1		dir-AP	acq-multiband	space-ACPC			DSIStudio	autotrackgqi
ProjectionBrainstem_NonDecussatingDentatorubrothalamicTractR	dki_rk	DIPYDKI	/scratch/grmpy/SLURM_11194840_22/job-11194840-22-sub-112028/ds/inputs/data/qsiprep/qsiprep/sub-112028/ses-1/dwi/sub-112028_ses-1_acq-multiband_dir-AP_space-ACPC_desc-preproc_dwi.nii.gz	0.0002478314745972	1.4265963962443189	0.5311654124548721	1.4163886924463478	1.4269500393767542	1.4166773927697538	0.5307560682583972	1.4092750282639868	1.4092773802683194	sub-112028	ses-1		dir-AP	acq-multiband	space-ACPC			DSIStudio	autotrackgqi
ProjectionBrainstem_NonDecussatingDentatorubrothalamicTractR	dki_sphericity	DIPYDKI	/scratch/grmpy/SLURM_11194840_22/job-11194840-22-sub-112028/ds/inputs/data/qsiprep/qsiprep/sub-112028/ses-1/dwi/sub-112028_ses-1_acq-multiband_dir-AP_space-ACPC_desc-preproc_dwi.nii.gz	0.0	0.5867553949356079	0.1654133647680282	0.5845001935958862	0.5867553949356079	0.5845001935958862	0.1654133647680282	0.5690816044807434	0.5690816044807434	sub-112028	ses-1		dir-AP	acq-multiband	space-ACPC			DSIStudio	autotrackgqi
ProjectionBasalGanglia_ThalamicRadiationL	dki_ad	DIPYDKI	/scratch/grmpy/SLURM_11194840_22/job-11194840-22-sub-112028/ds/inputs/data/qsiprep/qsiprep/sub-112028/ses-1/dwi/sub-112028_ses-1_acq-multiband_dir-AP_space-ACPC_desc-preproc_dwi.nii.gz	0.0012900451515803	0.0013538494240492	0.0003250878071412	0.0013144188560545	0.0013555982150137	0.0013148367870599	0.0003216332697775	0.0014147671172395	0.0014147905167192	sub-112028	ses-1		dir-AP	acq-multiband	space-ACPC			DSIStudio	autotrackgqi
ProjectionBasalGanglia_ThalamicRadiationL	dki_ak	DIPYDKI	/scratch/grmpy/SLURM_11194840_22/job-11194840-22-sub-112028/ds/inputs/data/qsiprep/qsiprep/sub-112028/ses-1/dwi/sub-112028_ses-1_acq-multiband_dir-AP_space-ACPC_desc-preproc_dwi.nii.gz	0.003117609116319	0.8091407961510352	0.1688569354217395	0.8093368261320271	0.8116712699015345	0.8100042362968195	0.1629353280779084	0.815007958876568	0.8151312207088102	sub-112028	ses-1		dir-AP	acq-multiband	space-ACPC			DSIStudio	autotrackgqi
ProjectionBasalGanglia_ThalamicRadiationL	dki_fa	DIPYDKI	/scratch/grmpy/SLURM_11194840_22/job-11194840-22-sub-112028/ds/inputs/data/qsiprep/qsiprep/sub-112028/ses-1/dwi/sub-112028_ses-1_acq-multiband_dir-AP_space-ACPC_desc-preproc_dwi.nii.gz	0.0012900451515803	0.3888888657093048	0.1666053831577301	0.3878126740455627	0.3893912136554718	0.3882009088993072	0.1661252677440643	0.4487080872058868	0.4487155675888061	sub-112028	ses-1		dir-AP	acq-multiband	space-ACPC			DSIStudio	autotrackgqi
ProjectionBasalGanglia_ThalamicRadiationL	dki_kfa	DIPYDKI	/scratch/grmpy/SLURM_11194840_22/job-11194840-22-sub-112028/ds/inputs/data/qsiprep/qsiprep/sub-112028/ses-1/dwi/sub-112028_ses-1_acq-multiband_dir-AP_space-ACPC_desc-preproc_dwi.nii.gz	0.0094603311115889	0.4863521754741668	0.1415599584579467	0.4882655739784241	0.490997165441513	0.4896535873413086	0.1339773535728454	0.513699471950531	0.51455157995224	sub-112028	ses-1		dir-AP	acq-multiband	space-ACPC			DSIStudio	autotrackgqi
ProjectionBasalGanglia_ThalamicRadiationL	dki_linearity	DIPYDKI	/scratch/grmpy/SLURM_11194840_22/job-11194840-22-sub-112028/ds/inputs/data/qsiprep/qsiprep/sub-112028/ses-1/dwi/sub-112028_ses-1_acq-multiband_dir-AP_space-ACPC_desc-preproc_dwi.nii.gz	0.0012900451515803	0.1754585355520248	0.1198197305202484	0.1511189341545105	0.175685167312622	0.151361733675003	0.1197309345006942	0.2201401889324188	0.2201438546180725	sub-112028	ses-1		dir-AP	acq-multiband	space-ACPC			DSIStudio	autotrackgqi
ProjectionBasalGanglia_ThalamicRadiationL	dki_md	DIPYDKI	/scratch/grmpy/SLURM_11194840_22/job-11194840-22-sub-112028/ds/inputs/data/qsiprep/qsiprep/sub-112028/ses-1/dwi/sub-112028_ses-1_acq-multiband_dir-AP_space-ACPC_desc-preproc_dwi.nii.gz	0.0012900451515803	0.0009418313275091	0.000229972822126	0.000910050002858	0.0009430478676222	0.0009101583855226	0.0002276148443343	0.0009202018845826	0.0009202171349897	sub-112028	ses-1		dir-AP	acq-multiband	space-ACPC			DSIStudio	autotrackgqi
ProjectionBasalGanglia_ThalamicRadiationL	dki_mk	DIPYDKI	/scratch/grmpy/SLURM_11194840_22/job-11194840-22-sub-112028/ds/inputs/data/qsiprep/qsiprep/sub-112028/ses-1/dwi/sub-112028_ses-1_acq-multiband_dir-AP_space-ACPC_desc-preproc_dwi.nii.gz	0.003117609116319	1.0003975214791343	0.2727092320213986	1.0589416227381143	1.0035261236707549	1.0600412699880242	0.267326156418934	1.0808658208976896	1.0810292909155408	sub-112028	ses-1		dir-AP	acq-multiband	space-ACPC			DSIStudio	autotrackgqi
ProjectionBasalGanglia_ThalamicRadiationL	dki_mkt	DIPYDKI	/scratch/grmpy/SLURM_11194840_22/job-11194840-22-sub-112028/ds/inputs/data/qsiprep/qsiprep/sub-112028/ses-1/dwi/sub-112028_ses-1_acq-multiband_dir-AP_space-ACPC_desc-preproc_dwi.nii.gz	0.0012900451515803	0.9753992808859252	0.2357089122728388	1.0294648190383309	0.9766592153714612	1.0296260473380665	0.2332379268049638	1.0378186599916552	1.0378359186375905	sub-112028	ses-1		dir-AP	acq-multiband	space-ACPC			DSIStudio	autotrackgqi
ProjectionBasalGanglia_ThalamicRadiationL	dki_planarity	DIPYDKI	/scratch/grmpy/SLURM_11194840_22/job-11194840-22-sub-112028/ds/inputs/data/qsiprep/qsiprep/sub-112028/ses-1/dwi/sub-112028_ses-1_acq-multiband_dir-AP_space-ACPC_desc-preproc_dwi.nii.gz	0.0020425714900021	0.1964184641838073	0.1150193735957145	0.1790107488632202	0.1968204826116562	0.179360881447792	0.1147928982973098	0.1964252740144729	0.1964441686868667	sub-112028	ses-1		dir-AP	acq-multiband	space-ACPC			DSIStudio	autotrackgqi
ProjectionBasalGanglia_ThalamicRadiationL	dki_rd	DIPYDKI	/scratch/grmpy/SLURM_11194840_22/job-11194840-22-sub-112028/ds/inputs/data/qsiprep/qsiprep/sub-112028/ses-1/dwi/sub-112028_ses-1_acq-multiband_dir-AP_space-ACPC_desc-preproc_dwi.nii.gz	0.0012900451515803	0.0007358222501352	0.0002500632544979	0.0007077945629134	0.0007367726648226	0.0007079715142026	0.00024882145226	0.0006729192100465	0.0006729305023327	sub-112028	ses-1		dir-AP	acq-multiband	space-ACPC			DSIStudio	autotrackgqi
ProjectionBasalGanglia_ThalamicRadiationL	dki_rk	DIPYDKI	/scratch/grmpy/SLURM_11194840_22/job-11194840-22-sub-112028/ds/inputs/data/qsiprep/qsiprep/sub-112028/ses-1/dwi/sub-112028_ses-1_acq-multiband_dir-AP_space-ACPC_desc-preproc_dwi.nii.gz	0.003117609116319	1.2704208430676092	0.550660979753001	1.2901018058389262	1.2743939051240052	1.292256990282878	0.5469118483355959	1.462740005457706	1.4629612295984962	sub-112028	ses-1		dir-AP	acq-multiband	space-ACPC			DSIStudio	autotrackgqi
ProjectionBasalGanglia_ThalamicRadiationL	dki_sphericity	DIPYDKI	/scratch/grmpy/SLURM_11194840_22/job-11194840-22-sub-112028/ds/inputs/data/qsiprep/qsiprep/sub-112028/ses-1/dwi/sub-112028_ses-1_acq-multiband_dir-AP_space-ACPC_desc-preproc_dwi.nii.gz	0.0012900451515803	0.6268329620361328	0.1628841608762741	0.63092440366745	0.6276426315307617	0.6312981247901917	0.1614228338003158	0.5834178924560547	0.5834276676177979	sub-112028	ses-1		dir-AP	acq-multiband	space-ACPC			DSIStudio	autotrackgqi
ProjectionBasalGanglia_CorticostriatalTractL	dki_ad	DIPYDKI	/scratch/grmpy/SLURM_11194840_22/job-11194840-22-sub-112028/ds/inputs/data/qsiprep/qsiprep/sub-112028/ses-1/dwi/sub-112028_ses-1_acq-multiband_dir-AP_space-ACPC_desc-preproc_dwi.nii.gz	0.004614370468029	0.0013208746677264	0.000397781812353	0.0012701220111921	0.0013269978808239	0.0012712108436971	0.000388379121432	0.001346829929389	0.0013473569415509	sub-112028	ses-1		dir-AP	acq-multiband	space-ACPC			DSIStudio	autotrackgqi
ProjectionBasalGanglia_CorticostriatalTractL	dki_ak	DIPYDKI	/scratch/grmpy/SLURM_11194840_22/job-11194840-22-sub-112028/ds/inputs/data/qsiprep/qsiprep/sub-112028/ses-1/dwi/sub-112028_ses-1_acq-multiband_dir-AP_space-ACPC_desc-preproc_dwi.nii.gz	0.0083812035031547	0.7948462233016594	0.1954175602772581	0.7980869270984624	0.8015642967939527	0.7992176999418535	0.1820050048075852	0.8232462288685514	0.8243376014313246	sub-112028	ses-1		dir-AP	acq-multiband	space-ACPC			DSIStudio	autotrackgqi
ProjectionBasalGanglia_CorticostriatalTractL	dki_fa	DIPYDKI	/scratch/grmpy/SLURM_11194840_22/job-11194840-22-sub-112028/ds/inputs/data/qsiprep/qsiprep/sub-112028/ses-1/dwi/sub-112028_ses-1_acq-multiband_dir-AP_space-ACPC_desc-preproc_dwi.nii.gz	0.0047085412939071	0.3448619842529297	0.1672459244728088	0.3308855593204498	0.3464934527873993	0.33234503865242	0.1659464687108993	0.4034590125083923	0.4036290645599365	sub-112028	ses-1		dir-AP	acq-multiband	space-ACPC			DSIStudio	autotrackgqi
ProjectionBasalGanglia_CorticostriatalTractL	dki_kfa	DIPYDKI	/scratch/grmpy/SLURM_11194840_22/job-11194840-22-sub-112028/ds/inputs/data/qsiprep/qsiprep/sub-112028/ses-1/dwi/sub-112028_ses-1_acq-multiband_dir-AP_space-ACPC_desc-preproc_dwi.nii.gz	0.0188341651756285	0.4804760217666626	0.1570911258459091	0.4848684966564178	0.4896990954875946	0.4885461330413818	0.1436481773853302	0.5118312239646912	0.5143598914146423	sub-112028	ses-1		dir-AP	acq-multiband	space-ACPC			DSIStudio	autotrackgqi
ProjectionBasalGanglia_CorticostriatalTractL	dki_linearity	DIPYDKI	/scratch/grmpy/SLURM_11194840_22/job-11194840-22-sub-112028/ds/inputs/data/qsiprep/qsiprep/sub-112028/ses-1/dwi/sub-112028_ses-1_acq-multiband_dir-AP_space-ACPC_desc-preproc_dwi.nii.gz	0.0047085412939071	0.1530181616544723	0.1129723712801933	0.1259117722511291	0.1537420600652694	0.1264945417642593	0.1127467975020408	0.1869458556175232	0.187024638056755	sub-112028	ses-1		dir-AP	acq-multiband	space-ACPC			DSIStudio	autotrackgqi
ProjectionBasalGanglia_CorticostriatalTractL	dki_md	DIPYDKI	/scratch/grmpy/SLURM_11194840_22/job-11194840-22-sub-112028/ds/inputs/data/qsiprep/qsiprep/sub-112028/ses-1/dwi/sub-112028_ses-1_acq-multiband_dir-AP_space-ACPC_desc-preproc_dwi.nii.gz	0.004614370468029	0.0009571895934641	0.0003054667031392	0.0009114652057178	0.0009616268798708	0.000911955081392	0.0002991244546137	0.0009180373745039	0.0009183967486023	sub-112028	ses-1		dir-AP	acq-multiband	space-ACPC			DSIStudio	autotrackgqi
ProjectionBasalGanglia_CorticostriatalTractL	dki_mk	DIPYDKI	/scratch/grmpy/SLURM_11194840_22/job-11194840-22-sub-112028/ds/inputs/data/qsiprep/qsiprep/sub-112028/ses-1/dwi/sub-112028_ses-1_acq-multiband_dir-AP_space-ACPC_desc-preproc_dwi.nii.gz	0.0083812035031547	0.9182442074417994	0.2942580202506372	0.9509676454339464	0.9260052458522762	0.9542138151602928	0.2830774871940565	1.0127814268529904	1.014124065119011	sub-112028	ses-1		dir-AP	acq-multiband	space-ACPC			DSIStudio	autotrackgqi
ProjectionBasalGanglia_CorticostriatalTractL	dki_mkt	DIPYDKI	/scratch/grmpy/SLURM_11194840_22/job-11194840-22-sub-112028/ds/inputs/data/qsiprep/qsiprep/sub-112028/ses-1/dwi/sub-112028_ses-1_acq-multiband_dir-AP_space-ACPC_desc-preproc_dwi.nii.gz	0.004614370468029	0.907047189638062	0.2679919599271044	0.9476101893187888	0.9112520441595628	0.9490412884795691	0.2613827600865039	0.994713324081197	0.9951026529868742	sub-112028	ses-1		dir-AP	acq-multiband	space-ACPC			DSIStudio	autotrackgqi
ProjectionBasalGanglia_CorticostriatalTractL	dki_planarity	DIPYDKI	/scratch/grmpy/SLURM_11194840_22/job-11194840-22-sub-112028/ds/inputs/data/qsiprep/qsiprep/sub-112028/ses-1/dwi/sub-112028_ses-1_acq-multiband_dir-AP_space-ACPC_desc-preproc_dwi.nii.gz	0.0057444203785667	0.174645110964775	0.1099350452423095	0.1549884229898452	0.1756541430950164	0.1557761132717132	0.1094454228878021	0.1919710636138916	0.1921359300613403	sub-112028	ses-1		dir-AP	acq-multiband	space-ACPC			DSIStudio	autotrackgqi
ProjectionBasalGanglia_CorticostriatalTractL	dki_rd	DIPYDKI	/scratch/grmpy/SLURM_11194840_22/job-11194840-22-sub-112028/ds/inputs/data/qsiprep/qsiprep/sub-112028/ses-1/dwi/sub-112028_ses-1_acq-multiband_dir-AP_space-ACPC_desc-preproc_dwi.nii.gz	0.004614370468029	0.0007753471727482	0.0003083815681748	0.0007325782789848	0.0007789414958097	0.0007334165275096	0.0003045329358428	0.0007036411552689	0.0007039165357127	sub-112028	ses-1		dir-AP	acq-multiband	space-ACPC			DSIStudio	autotrackgqi
ProjectionBasalGanglia_CorticostriatalTractL	dki_rk	DIPYDKI	/scratch/grmpy/SLURM_11194840_22/job-11194840-22-sub-112028/ds/inputs/data/qsiprep/qsiprep/sub-112028/ses-1/dwi/sub-112028_ses-1_acq-multiband_dir-AP_space-ACPC_desc-preproc_dwi.nii.gz	0.0083812035031547	1.111906056491356	0.5341506359595294	1.104381500483477	1.1213039329422323	1.110787313324609	0.5264888759007116	1.2762190549469743	1.277910930817575	sub-112028	ses-1		dir-AP	acq-multiband	space-ACPC			DSIStudio	autotrackgqi
ProjectionBasalGanglia_CorticostriatalTractL	dki_sphericity	DIPYDKI	/scratch/grmpy/SLURM_11194840_22/job-11194840-22-sub-112028/ds/inputs/data/qsiprep/qsiprep/sub-112028/ses-1/dwi/sub-112028_ses-1_acq-multiband_dir-AP_space-ACPC_desc-preproc_dwi.nii.gz	0.004614370468029	0.6677224040031433	0.168331041932106	0.6869945526123047	0.6708177924156189	0.6884438991546631	0.1624507457017898	0.6206917762756348	0.6209347248077393	sub-112028	ses-1		dir-AP	acq-multiband	space-ACPC			DSIStudio	autotrackgqi
ProjectionBrainstem_NonDecussatingDentatorubrothalamicTractL	dki_ad	DIPYDKI	/scratch/grmpy/SLURM_11194840_22/job-11194840-22-sub-112028/ds/inputs/data/qsiprep/qsiprep/sub-112028/ses-1/dwi/sub-112028_ses-1_acq-multiband_dir-AP_space-ACPC_desc-preproc_dwi.nii.gz	0.0	0.0014161319704726	0.0004537622153293	0.0013292710063979	0.0014161319704726	0.0013292710063979	0.0004537622153293	0.0015063493046909	0.0015063493046909	sub-112028	ses-1		dir-AP	acq-multiband	space-ACPC			DSIStudio	autotrackgqi
ProjectionBrainstem_NonDecussatingDentatorubrothalamicTractL	dki_ak	DIPYDKI	/scratch/grmpy/SLURM_11194840_22/job-11194840-22-sub-112028/ds/inputs/data/qsiprep/qsiprep/sub-112028/ses-1/dwi/sub-112028_ses-1_acq-multiband_dir-AP_space-ACPC_desc-preproc_dwi.nii.gz	0.0006660746003552	0.8499644664798826	0.1664568230851964	0.8455722037848905	0.8505309835648502	0.8456242066939509	0.1650590846640743	0.8339693749837298	0.8361466570419229	sub-112028	ses-1		dir-AP	acq-multiband	space-ACPC			DSIStudio	autotrackgqi
ProjectionBrainstem_NonDecussatingDentatorubrothalamicTractL	dki_fa	DIPYDKI	/scratch/grmpy/SLURM_11194840_22/job-11194840-22-sub-112028/ds/inputs/data/qsiprep/qsiprep/sub-112028/ses-1/dwi/sub-112028_ses-1_acq-multiband_dir-AP_space-ACPC_desc-preproc_dwi.nii.gz	0.0	0.4202869832515716	0.1725493222475052	0.4200993776321411	0.4202869832515716	0.4200993776321411	0.1725493222475052	0.4788422882556915	0.4788422882556915	sub-112028	ses-1		dir-AP	acq-multiband	space-ACPC			DSIStudio	autotrackgqi
ProjectionBrainstem_NonDecussatingDentatorubrothalamicTractL	dki_kfa	DIPYDKI	/scratch/grmpy/SLURM_11194840_22/job-11194840-22-sub-112028/ds/inputs/data/qsiprep/qsiprep/sub-112028/ses-1/dwi/sub-112028_ses-1_acq-multiband_dir-AP_space-ACPC_desc-preproc_dwi.nii.gz	0.0011101243339253	0.4977343380451202	0.1393940448760986	0.5017277598381042	0.4982874989509582	0.5020347833633423	0.1384798288345337	0.5334388017654419	0.5336029529571533	sub-112028	ses-1		dir-AP	acq-multiband	space-ACPC			DSIStudio	autotrackgqi
ProjectionBrainstem_NonDecussatingDentatorubrothalamicTractL	dki_linearity	DIPYDKI	/scratch/grmpy/SLURM_11194840_22/job-11194840-22-sub-112028/ds/inputs/data/qsiprep/qsiprep/sub-112028/ses-1/dwi/sub-112028_ses-1_acq-multiband_dir-AP_space-ACPC_desc-preproc_dwi.nii.gz	0.0	0.1957300454378128	0.129772201180458	0.1697068214416504	0.1957300454378128	0.1697068214416504	0.129772201180458	0.24260114133358	0.24260114133358	sub-112028	ses-1		dir-AP	acq-multiband	space-ACPC			DSIStudio	autotrackgqi
ProjectionBrainstem_NonDecussatingDentatorubrothalamicTractL	dki_md	DIPYDKI	/scratch/grmpy/SLURM_11194840_22/job-11194840-22-sub-112028/ds/inputs/data/qsiprep/qsiprep/sub-112028/ses-1/dwi/sub-112028_ses-1_acq-multiband_dir-AP_space-ACPC_desc-preproc_dwi.nii.gz	0.0	0.0009579160832799	0.00033806861029	0.0008890057797543	0.0009579160832799	0.0008890057797543	0.00033806861029	0.0009579673642292	0.0009579673642292	sub-112028	ses-1		dir-AP	acq-multiband	space-ACPC			DSIStudio	autotrackgqi
ProjectionBrainstem_NonDecussatingDentatorubrothalamicTractL	dki_mk	DIPYDKI	/scratch/grmpy/SLURM_11194840_22/job-11194840-22-sub-112028/ds/inputs/data/qsiprep/qsiprep/sub-112028/ses-1/dwi/sub-112028_ses-1_acq-multiband_dir-AP_space-ACPC_desc-preproc_dwi.nii.gz	0.0006660746003552	1.078846007410206	0.2514653208392542	1.1226651449523997	1.0795650782882842	1.122809493196695	0.250001341893105	1.0902315956132198	1.0930779129176456	sub-112028	ses-1		dir-AP	acq-multiband	space-ACPC			DSIStudio	autotrackgqi
ProjectionBrainstem_NonDecussatingDentatorubrothalamicTractL	dki_mkt	DIPYDKI	/scratch/grmpy/SLURM_11194840_22/job-11194840-22-sub-112028/ds/inputs/data/qsiprep/qsiprep/sub-112028/ses-1/dwi/sub-112028_ses-1_acq-multiband_dir-AP_space-ACPC_desc-preproc_dwi.nii.gz	0.0	1.0595275634420005	0.1891860560931892	1.0970031062625931	1.0595275634420005	1.0970031062625931	0.1891860560931892	1.0786270521260966	1.0786270521260966	sub-112028	ses-1		dir-AP	acq-multiband	space-ACPC			DSIStudio	autotrackgqi
ProjectionBrainstem_NonDecussatingDentatorubrothalamicTractL	dki_planarity	DIPYDKI	/scratch/grmpy/SLURM_11194840_22/job-11194840-22-sub-112028/ds/inputs/data/qsiprep/qsiprep/sub-112028/ses-1/dwi/sub-112028_ses-1_acq-multiband_dir-AP_space-ACPC_desc-preproc_dwi.nii.gz	0.0	0.208317682147026	0.1181911826133728	0.194151759147644	0.208317682147026	0.194151759147644	0.1181911826133728	0.2065117955207824	0.2065117955207824	sub-112028	ses-1		dir-AP	acq-multiband	space-ACPC			DSIStudio	autotrackgqi
ProjectionBrainstem_NonDecussatingDentatorubrothalamicTractL	dki_rd	DIPYDKI	/scratch/grmpy/SLURM_11194840_22/job-11194840-22-sub-112028/ds/inputs/data/qsiprep/qsiprep/sub-112028/ses-1/dwi/sub-112028_ses-1_acq-multiband_dir-AP_space-ACPC_desc-preproc_dwi.nii.gz	0.0	0.0007288081687875	0.0003370980557519	0.0006745919818058	0.0007288081687875	0.0006745919818058	0.0003370980557519	0.0006837763357907	0.0006837763357907	sub-112028	ses-1		dir-AP	acq-multiband	space-ACPC			DSIStudio	autotrackgqi
ProjectionBrainstem_NonDecussatingDentatorubrothalamicTractL	dki_rk	DIPYDKI	/scratch/grmpy/SLURM_11194840_22/job-11194840-22-sub-112028/ds/inputs/data/qsiprep/qsiprep/sub-112028/ses-1/dwi/sub-112028_ses-1_acq-multiband_dir-AP_space-ACPC_desc-preproc_dwi.nii.gz	0.0006660746003552	1.3788204167856264	0.5506123358824485	1.3823101490492364	1.3797394261725089	1.3826150491925275	0.5496435408517899	1.4446190705577215	1.44839060342831	sub-112028	ses-1		dir-AP	acq-multiband	space-ACPC			DSIStudio	autotrackgqi
ProjectionBrainstem_NonDecussatingDentatorubrothalamicTractL	dki_sphericity	DIPYDKI	/scratch/grmpy/SLURM_11194840_22/job-11194840-22-sub-112028/ds/inputs/data/qsiprep/qsiprep/sub-112028/ses-1/dwi/sub-112028_ses-1_acq-multiband_dir-AP_space-ACPC_desc-preproc_dwi.nii.gz	0.0	0.5959523320198059	0.1716092824935913	0.5964146852493286	0.5959523320198059	0.5964146852493286	0.1716092824935913	0.5508871078491211	0.5508871078491211	sub-112028	ses-1		dir-AP	acq-multiband	space-ACPC			DSIStudio	autotrackgqi
ProjectionBasalGanglia_FasciculusLenticularisL	dki_ad	DIPYDKI	/scratch/grmpy/SLURM_11194840_22/job-11194840-22-sub-112028/ds/inputs/data/qsiprep/qsiprep/sub-112028/ses-1/dwi/sub-112028_ses-1_acq-multiband_dir-AP_space-ACPC_desc-preproc_dwi.nii.gz	0.0	0.0018948216456919	0.0010022222995758	0.0015417785616591	0.0018948216456919	0.0015417785616591	0.0010022222995758	0.001881820615381	0.001881820615381	sub-112028	ses-1		dir-AP	acq-multiband	space-ACPC			DSIStudio	autotrackgqi
ProjectionBasalGanglia_FasciculusLenticularisL	dki_ak	DIPYDKI	/scratch/grmpy/SLURM_11194840_22/job-11194840-22-sub-112028/ds/inputs/data/qsiprep/qsiprep/sub-112028/ses-1/dwi/sub-112028_ses-1_acq-multiband_dir-AP_space-ACPC_desc-preproc_dwi.nii.gz	0.0	0.7780130052797151	0.1664186398387578	0.7914156252413872	0.7780130052797151	0.7914156252413872	0.1664186398387578	0.7674694133476517	0.7674694133476517	sub-112028	ses-1		dir-AP	acq-multiband	space-ACPC			DSIStudio	autotrackgqi
ProjectionBasalGanglia_FasciculusLenticularisL	dki_fa	DIPYDKI	/scratch/grmpy/SLURM_11194840_22/job-11194840-22-sub-112028/ds/inputs/data/qsiprep/qsiprep/sub-112028/ses-1/dwi/sub-112028_ses-1_acq-multiband_dir-AP_space-ACPC_desc-preproc_dwi.nii.gz	0.0	0.3171246647834778	0.1238916516304016	0.3147643506526947	0.3171246647834778	0.3147643506526947	0.1238916516304016	0.3497947454452514	0.3497947454452514	sub-112028	ses-1		dir-AP	acq-multiband	space-ACPC			DSIStudio	autotrackgqi
ProjectionBasalGanglia_FasciculusLenticularisL	dki_kfa	DIPYDKI	/scratch/grmpy/SLURM_11194840_22/job-11194840-22-sub-112028/ds/inputs/data/qsiprep/qsiprep/sub-112028/ses-1/dwi/sub-112028_ses-1_acq-multiband_dir-AP_space-ACPC_desc-preproc_dwi.nii.gz	0.0	0.4119071960449219	0.1455064713954925	0.4142875671386719	0.4119071960449219	0.4142875671386719	0.1455064713954925	0.4224468767642975	0.4224468767642975	sub-112028	ses-1		dir-AP	acq-multiband	space-ACPC			DSIStudio	autotrackgqi
ProjectionBasalGanglia_FasciculusLenticularisL	dki_linearity	DIPYDKI	/scratch/grmpy/SLURM_11194840_22/job-11194840-22-sub-112028/ds/inputs/data/qsiprep/qsiprep/sub-112028/ses-1/dwi/sub-112028_ses-1_acq-multiband_dir-AP_space-ACPC_desc-preproc_dwi.nii.gz	0.0	0.1319457292556762	0.0815691798925399	0.1143879517912864	0.1319457292556762	0.1143879517912864	0.0815691798925399	0.1551984101533889	0.1551984101533889	sub-112028	ses-1		dir-AP	acq-multiband	space-ACPC			DSIStudio	autotrackgqi
ProjectionBasalGanglia_FasciculusLenticularisL	dki_md	DIPYDKI	/scratch/grmpy/SLURM_11194840_22/job-11194840-22-sub-112028/ds/inputs/data/qsiprep/qsiprep/sub-112028/ses-1/dwi/sub-112028_ses-1_acq-multiband_dir-AP_space-ACPC_desc-preproc_dwi.nii.gz	0.0	0.0014418797800317	0.0008670075330883	0.001106143114157	0.0014418797800317	0.001106143114157	0.0008670075330883	0.0013775550760328	0.0013775550760328	sub-112028	ses-1		dir-AP	acq-multiband	space-ACPC			DSIStudio	autotrackgqi
ProjectionBasalGanglia_FasciculusLenticularisL	dki_mk	DIPYDKI	/scratch/grmpy/SLURM_11194840_22/job-11194840-22-sub-112028/ds/inputs/data/qsiprep/qsiprep/sub-112028/ses-1/dwi/sub-112028_ses-1_acq-multiband_dir-AP_space-ACPC_desc-preproc_dwi.nii.gz	0.0	0.8798924197098821	0.2000994822348486	0.9089052798558592	0.8798924197098821	0.9089052798558592	0.2000994822348486	0.9022077194793904	0.9022077194793904	sub-112028	ses-1		dir-AP	acq-multiband	space-ACPC			DSIStudio	autotrackgqi
ProjectionBasalGanglia_FasciculusLenticularisL	dki_mkt	DIPYDKI	/scratch/grmpy/SLURM_11194840_22/job-11194840-22-sub-112028/ds/inputs/data/qsiprep/qsiprep/sub-112028/ses-1/dwi/sub-112028_ses-1_acq-multiband_dir-AP_space-ACPC_desc-preproc_dwi.nii.gz	0.0	0.8840359778697202	0.1783901531477611	0.9125231311402662	0.8840359778697202	0.9125231311402662	0.1783901531477611	0.9021462474680711	0.9021462474680711	sub-112028	ses-1		dir-AP	acq-multiband	space-ACPC			DSIStudio	autotrackgqi
ProjectionBasalGanglia_FasciculusLenticularisL	dki_planarity	DIPYDKI	/scratch/grmpy/SLURM_11194840_22/job-11194840-22-sub-112028/ds/inputs/data/qsiprep/qsiprep/sub-112028/ses-1/dwi/sub-112028_ses-1_acq-multiband_dir-AP_space-ACPC_desc-preproc_dwi.nii.gz	0.0	0.168234720826149	0.0914662554860115	0.1606067717075348	0.168234720826149	0.1606067717075348	0.0914662554860115	0.1642666906118393	0.1642666906118393	sub-112028	ses-1		dir-AP	acq-multiband	space-ACPC			DSIStudio	autotrackgqi
ProjectionBasalGanglia_FasciculusLenticularisL	dki_rd	DIPYDKI	/scratch/grmpy/SLURM_11194840_22/job-11194840-22-sub-112028/ds/inputs/data/qsiprep/qsiprep/sub-112028/ses-1/dwi/sub-112028_ses-1_acq-multiband_dir-AP_space-ACPC_desc-preproc_dwi.nii.gz	0.0	0.0012154085561633	0.000816409883555	0.0009199049673043	0.0012154085561633	0.0009199049673043	0.000816409883555	0.0011254221899434	0.0011254221899434	sub-112028	ses-1		dir-AP	acq-multiband	space-ACPC			DSIStudio	autotrackgqi
ProjectionBasalGanglia_FasciculusLenticularisL	dki_rk	DIPYDKI	/scratch/grmpy/SLURM_11194840_22/job-11194840-22-sub-112028/ds/inputs/data/qsiprep/qsiprep/sub-112028/ses-1/dwi/sub-112028_ses-1_acq-multiband_dir-AP_space-ACPC_desc-preproc_dwi.nii.gz	0.0	0.9906312909486048	0.3714861009894128	0.978431817605916	0.9906312909486048	0.978431817605916	0.3714861009894128	1.0341218644676036	1.0341218644676036	sub-112028	ses-1		dir-AP	acq-multiband	space-ACPC			DSIStudio	autotrackgqi
ProjectionBasalGanglia_FasciculusLenticularisL	dki_sphericity	DIPYDKI	/scratch/grmpy/SLURM_11194840_22/job-11194840-22-sub-112028/ds/inputs/data/qsiprep/qsiprep/sub-112028/ses-1/dwi/sub-112028_ses-1_acq-multiband_dir-AP_space-ACPC_desc-preproc_dwi.nii.gz	0.0	0.6998195648193359	0.1176349446177482	0.695062518119812	0.6998195648193359	0.695062518119812	0.1176349446177482	0.6805348992347717	0.6805348992347717	sub-112028	ses-1		dir-AP	acq-multiband	space-ACPC			DSIStudio	autotrackgqi
ProjectionBasalGanglia_FasciculusSubthalamicusR	dki_ad	DIPYDKI	/scratch/grmpy/SLURM_11194840_22/job-11194840-22-sub-112028/ds/inputs/data/qsiprep/qsiprep/sub-112028/ses-1/dwi/sub-112028_ses-1_acq-multiband_dir-AP_space-ACPC_desc-preproc_dwi.nii.gz	0.0	0.0017048115842044	0.0008658015285618	0.0014726780354976	0.0017048115842044	0.0014726780354976	0.0008658015285618	0.0017002642853185	0.0017002642853185	sub-112028	ses-1		dir-AP	acq-multiband	space-ACPC			DSIStudio	autotrackgqi
ProjectionBasalGanglia_FasciculusSubthalamicusR	dki_ak	DIPYDKI	/scratch/grmpy/SLURM_11194840_22/job-11194840-22-sub-112028/ds/inputs/data/qsiprep/qsiprep/sub-112028/ses-1/dwi/sub-112028_ses-1_acq-multiband_dir-AP_space-ACPC_desc-preproc_dwi.nii.gz	0.0	0.8114478587389806	0.1632270998188427	0.8070837162374893	0.8114478587389806	0.8070837162374893	0.1632270998188427	0.7777404724361916	0.7777404724361916	sub-112028	ses-1		dir-AP	acq-multiband	space-ACPC			DSIStudio	autotrackgqi
ProjectionBasalGanglia_FasciculusSubthalamicusR	dki_fa	DIPYDKI	/scratch/grmpy/SLURM_11194840_22/job-11194840-22-sub-112028/ds/inputs/data/qsiprep/qsiprep/sub-112028/ses-1/dwi/sub-112028_ses-1_acq-multiband_dir-AP_space-ACPC_desc-preproc_dwi.nii.gz	0.0	0.3886699974536896	0.1571605205535888	0.3556151092052459	0.3886699974536896	0.3556151092052459	0.1571605205535888	0.3799791932106018	0.3799791932106018	sub-112028	ses-1		dir-AP	acq-multiband	space-ACPC			DSIStudio	autotrackgqi
ProjectionBasalGanglia_FasciculusSubthalamicusR	dki_kfa	DIPYDKI	/scratch/grmpy/SLURM_11194840_22/job-11194840-22-sub-112028/ds/inputs/data/qsiprep/qsiprep/sub-112028/ses-1/dwi/sub-112028_ses-1_acq-multiband_dir-AP_space-ACPC_desc-preproc_dwi.nii.gz	0.0	0.4694045484066009	0.1561161428689956	0.4642506837844848	0.4694045484066009	0.4642506837844848	0.1561161428689956	0.461984634399414	0.461984634399414	sub-112028	ses-1		dir-AP	acq-multiband	space-ACPC			DSIStudio	autotrackgqi
ProjectionBasalGanglia_FasciculusSubthalamicusR	dki_linearity	DIPYDKI	/scratch/grmpy/SLURM_11194840_22/job-11194840-22-sub-112028/ds/inputs/data/qsiprep/qsiprep/sub-112028/ses-1/dwi/sub-112028_ses-1_acq-multiband_dir-AP_space-ACPC_desc-preproc_dwi.nii.gz	0.0	0.1780026704072952	0.1219449713826179	0.1461044698953628	0.1780026704072952	0.1461044698953628	0.1219449713826179	0.1759067326784134	0.1759067326784134	sub-112028	ses-1		dir-AP	acq-multiband	space-ACPC			DSIStudio	autotrackgqi
ProjectionBasalGanglia_FasciculusSubthalamicusR	dki_md	DIPYDKI	/scratch/grmpy/SLURM_11194840_22/job-11194840-22-sub-112028/ds/inputs/data/qsiprep/qsiprep/sub-112028/ses-1/dwi/sub-112028_ses-1_acq-multiband_dir-AP_space-ACPC_desc-preproc_dwi.nii.gz	0.0	0.0012037834385409	0.0007253077346831	0.0009945728816092	0.0012037834385409	0.0009945728816092	0.0007253077346831	0.0012032041558995	0.0012032041558995	sub-112028	ses-1		dir-AP	acq-multiband	space-ACPC			DSIStudio	autotrackgqi
ProjectionBasalGanglia_FasciculusSubthalamicusR	dki_mk	DIPYDKI	/scratch/grmpy/SLURM_11194840_22/job-11194840-22-sub-112028/ds/inputs/data/qsiprep/qsiprep/sub-112028/ses-1/dwi/sub-112028_ses-1_acq-multiband_dir-AP_space-ACPC_desc-preproc_dwi.nii.gz	0.0	0.9749726532548	0.2336525535573737	0.9629917398445648	0.9749726532548	0.9629917398445648	0.2336525535573737	0.9316084083150872	0.9316084083150872	sub-112028	ses-1		dir-AP	acq-multiband	space-ACPC			DSIStudio	autotrackgqi
ProjectionBasalGanglia_FasciculusSubthalamicusR	dki_mkt	DIPYDKI	/scratch/grmpy/SLURM_11194840_22/job-11194840-22-sub-112028/ds/inputs/data/qsiprep/qsiprep/sub-112028/ses-1/dwi/sub-112028_ses-1_acq-multiband_dir-AP_space-ACPC_desc-preproc_dwi.nii.gz	0.0	0.9764164855103676	0.1927408280414092	0.9685451360774964	0.9764164855103676	0.9685451360774964	0.1927408280414092	0.9400303952074572	0.9400303952074572	sub-112028	ses-1		dir-AP	acq-multiband	space-ACPC			DSIStudio	autotrackgqi
ProjectionBasalGanglia_FasciculusSubthalamicusR	dki_planarity	DIPYDKI	/scratch/grmpy/SLURM_11194840_22/job-11194840-22-sub-112028/ds/inputs/data/qsiprep/qsiprep/sub-112028/ses-1/dwi/sub-112028_ses-1_acq-multiband_dir-AP_space-ACPC_desc-preproc_dwi.nii.gz	0.0	0.1876394599676132	0.1021954491734504	0.1738284826278686	0.1876394599676132	0.1738284826278686	0.1021954491734504	0.1754555255174636	0.1754555255174636	sub-112028	ses-1		dir-AP	acq-multiband	space-ACPC			DSIStudio	autotrackgqi
ProjectionBasalGanglia_FasciculusSubthalamicusR	dki_rd	DIPYDKI	/scratch/grmpy/SLURM_11194840_22/job-11194840-22-sub-112028/ds/inputs/data/qsiprep/qsiprep/sub-112028/ses-1/dwi/sub-112028_ses-1_acq-multiband_dir-AP_space-ACPC_desc-preproc_dwi.nii.gz	0.0	0.0009532695403322	0.00068950955756	0.0007857711752876	0.0009532695403322	0.0007857711752876	0.00068950955756	0.00095467409119	0.00095467409119	sub-112028	ses-1		dir-AP	acq-multiband	space-ACPC			DSIStudio	autotrackgqi
ProjectionBasalGanglia_FasciculusSubthalamicusR	dki_rk	DIPYDKI	/scratch/grmpy/SLURM_11194840_22/job-11194840-22-sub-112028/ds/inputs/data/qsiprep/qsiprep/sub-112028/ses-1/dwi/sub-112028_ses-1_acq-multiband_dir-AP_space-ACPC_desc-preproc_dwi.nii.gz	0.0	1.163464689467712	0.5007294775486859	1.0853326088222153	1.163464689467712	1.0853326088222153	0.5007294775486859	1.0836448873737203	1.0836448873737203	sub-112028	ses-1		dir-AP	acq-multiband	space-ACPC			DSIStudio	autotrackgqi
ProjectionBasalGanglia_FasciculusSubthalamicusR	dki_sphericity	DIPYDKI	/scratch/grmpy/SLURM_11194840_22/job-11194840-22-sub-112028/ds/inputs/data/qsiprep/qsiprep/sub-112028/ses-1/dwi/sub-112028_ses-1_acq-multiband_dir-AP_space-ACPC_desc-preproc_dwi.nii.gz	0.0	0.6343578100204468	0.1457855105400085	0.6584187746047974	0.6343578100204468	0.6584187746047974	0.1457855105400085	0.6486377716064453	0.6486377716064453	sub-112028	ses-1		dir-AP	acq-multiband	space-ACPC			DSIStudio	autotrackgqi
ProjectionBrainstem_ReticularTractR	dki_ad	DIPYDKI	/scratch/grmpy/SLURM_11194840_22/job-11194840-22-sub-112028/ds/inputs/data/qsiprep/qsiprep/sub-112028/ses-1/dwi/sub-112028_ses-1_acq-multiband_dir-AP_space-ACPC_desc-preproc_dwi.nii.gz	0.0	0.0015611830167472	0.0007157123764045	0.0014038097579032	0.0015611830167472	0.0014038097579032	0.0007157123764045	0.0017901082755997	0.0017901082755997	sub-112028	ses-1		dir-AP	acq-multiband	space-ACPC			DSIStudio	autotrackgqi
ProjectionBrainstem_ReticularTractR	dki_ak	DIPYDKI	/scratch/grmpy/SLURM_11194840_22/job-11194840-22-sub-112028/ds/inputs/data/qsiprep/qsiprep/sub-112028/ses-1/dwi/sub-112028_ses-1_acq-multiband_dir-AP_space-ACPC_desc-preproc_dwi.nii.gz	0.0005448106782892	0.8207921414019445	0.1692590526561263	0.8204465933863264	0.8212395614844747	0.820668652178442	0.1682165402676332	0.8085973232437288	0.8086193012987339	sub-112028	ses-1		dir-AP	acq-multiband	space-ACPC			DSIStudio	autotrackgqi
ProjectionBrainstem_ReticularTractR	dki_fa	DIPYDKI	/scratch/grmpy/SLURM_11194840_22/job-11194840-22-sub-112028/ds/inputs/data/qsiprep/qsiprep/sub-112028/ses-1/dwi/sub-112028_ses-1_acq-multiband_dir-AP_space-ACPC_desc-preproc_dwi.nii.gz	0.0	0.4061121940612793	0.1539841741323471	0.4010766446590423	0.4061121940612793	0.4010766446590423	0.1539841741323471	0.4514892101287842	0.4514892101287842	sub-112028	ses-1		dir-AP	acq-multiband	space-ACPC			DSIStudio	autotrackgqi
ProjectionBrainstem_ReticularTractR	dki_kfa	DIPYDKI	/scratch/grmpy/SLURM_11194840_22/job-11194840-22-sub-112028/ds/inputs/data/qsiprep/qsiprep/sub-112028/ses-1/dwi/sub-112028_ses-1_acq-multiband_dir-AP_space-ACPC_desc-preproc_dwi.nii.gz	0.0054481067828929	0.4669807553291321	0.1373430639505386	0.4612844884395599	0.4695388674736023	0.4623176157474518	0.1332866251468658	0.4964417517185211	0.4965491890907287	sub-112028	ses-1		dir-AP	acq-multiband	space-ACPC			DSIStudio	autotrackgqi
ProjectionBrainstem_ReticularTractR	dki_linearity	DIPYDKI	/scratch/grmpy/SLURM_11194840_22/job-11194840-22-sub-112028/ds/inputs/data/qsiprep/qsiprep/sub-112028/ses-1/dwi/sub-112028_ses-1_acq-multiband_dir-AP_space-ACPC_desc-preproc_dwi.nii.gz	0.0	0.1890071481466293	0.1151339039206504	0.168206125497818	0.1890071481466293	0.168206125497818	0.1151339039206504	0.2263218760490417	0.2263218760490417	sub-112028	ses-1		dir-AP	acq-multiband	space-ACPC			DSIStudio	autotrackgqi
ProjectionBrainstem_ReticularTractR	dki_md	DIPYDKI	/scratch/grmpy/SLURM_11194840_22/job-11194840-22-sub-112028/ds/inputs/data/qsiprep/qsiprep/sub-112028/ses-1/dwi/sub-112028_ses-1_acq-multiband_dir-AP_space-ACPC_desc-preproc_dwi.nii.gz	0.0	0.0010791771346703	0.0005748785333707	0.0009377671522088	0.0010791771346703	0.0009377671522088	0.0005748785333707	0.001200899016112	0.001200899016112	sub-112028	ses-1		dir-AP	acq-multiband	space-ACPC			DSIStudio	autotrackgqi
ProjectionBrainstem_ReticularTractR	dki_mk	DIPYDKI	/scratch/grmpy/SLURM_11194840_22/job-11194840-22-sub-112028/ds/inputs/data/qsiprep/qsiprep/sub-112028/ses-1/dwi/sub-112028_ses-1_acq-multiband_dir-AP_space-ACPC_desc-preproc_dwi.nii.gz	0.0005448106782892	1.046826545007661	0.2452847610083765	1.105576876767722	1.0473971781747409	1.105617828319421	0.2441305605732982	1.0521898015615614	1.0522184007563895	sub-112028	ses-1		dir-AP	acq-multiband	space-ACPC			DSIStudio	autotrackgqi
ProjectionBrainstem_ReticularTractR	dki_mkt	DIPYDKI	/scratch/grmpy/SLURM_11194840_22/job-11194840-22-sub-112028/ds/inputs/data/qsiprep/qsiprep/sub-112028/ses-1/dwi/sub-112028_ses-1_acq-multiband_dir-AP_space-ACPC_desc-preproc_dwi.nii.gz	0.0	1.021321085184396	0.2121701772050237	1.0756753421065923	1.021321085184396	1.0756753421065923	0.2121701772050237	1.0298156907614435	1.0298156907614435	sub-112028	ses-1		dir-AP	acq-multiband	space-ACPC			DSIStudio	autotrackgqi
ProjectionBrainstem_ReticularTractR	dki_planarity	DIPYDKI	/scratch/grmpy/SLURM_11194840_22/job-11194840-22-sub-112028/ds/inputs/data/qsiprep/qsiprep/sub-112028/ses-1/dwi/sub-112028_ses-1_acq-multiband_dir-AP_space-ACPC_desc-preproc_dwi.nii.gz	0.0002724053391446	0.1920257359743118	0.112696886062622	0.1748507618904113	0.1920780539512634	0.1748675256967544	0.1126676425337791	0.185601532459259	0.1856042593717575	sub-112028	ses-1		dir-AP	acq-multiband	space-ACPC			DSIStudio	autotrackgqi
ProjectionBrainstem_ReticularTractR	dki_rd	DIPYDKI	/scratch/grmpy/SLURM_11194840_22/job-11194840-22-sub-112028/ds/inputs/data/qsiprep/qsiprep/sub-112028/ses-1/dwi/sub-112028_ses-1_acq-multiband_dir-AP_space-ACPC_desc-preproc_dwi.nii.gz	0.0	0.0008381742518395	0.0005346981924958	0.0007352661923505	0.0008381742518395	0.0007352661923505	0.0005346981924958	0.0009062943281605	0.0009062943281605	sub-112028	ses-1		dir-AP	acq-multiband	space-ACPC			DSIStudio	autotrackgqi
ProjectionBrainstem_ReticularTractR	dki_rk	DIPYDKI	/scratch/grmpy/SLURM_11194840_22/job-11194840-22-sub-112028/ds/inputs/data/qsiprep/qsiprep/sub-112028/ses-1/dwi/sub-112028_ses-1_acq-multiband_dir-AP_space-ACPC_desc-preproc_dwi.nii.gz	0.0005448106782892	1.3428251773461193	0.5062602071507194	1.350499688099593	1.3435571616346698	1.350783393518311	0.5054262017106272	1.376825065039163	1.3768624882769278	sub-112028	ses-1		dir-AP	acq-multiband	space-ACPC			DSIStudio	autotrackgqi
ProjectionBrainstem_ReticularTractR	dki_sphericity	DIPYDKI	/scratch/grmpy/SLURM_11194840_22/job-11194840-22-sub-112028/ds/inputs/data/qsiprep/qsiprep/sub-112028/ses-1/dwi/sub-112028_ses-1_acq-multiband_dir-AP_space-ACPC_desc-preproc_dwi.nii.gz	0.0	0.6189671754837036	0.1513857841491699	0.6293185949325562	0.6189671754837036	0.6293185949325562	0.1513857841491699	0.5880765914916992	0.5880765914916992	sub-112028	ses-1		dir-AP	acq-multiband	space-ACPC			DSIStudio	autotrackgqi
ProjectionBasalGanglia_AcousticRadiationR	dki_ad	DIPYDKI	/scratch/grmpy/SLURM_11194840_22/job-11194840-22-sub-112028/ds/inputs/data/qsiprep/qsiprep/sub-112028/ses-1/dwi/sub-112028_ses-1_acq-multiband_dir-AP_space-ACPC_desc-preproc_dwi.nii.gz	0.0	0.0018101176247	0.0007946017431095	0.0015908835921436	0.0018101176247	0.0015908835921436	0.0007946017431095	0.0018131678225472	0.0018131678225472	sub-112028	ses-1		dir-AP	acq-multiband	space-ACPC			DSIStudio	autotrackgqi
ProjectionBasalGanglia_AcousticRadiationR	dki_ak	DIPYDKI	/scratch/grmpy/SLURM_11194840_22/job-11194840-22-sub-112028/ds/inputs/data/qsiprep/qsiprep/sub-112028/ses-1/dwi/sub-112028_ses-1_acq-multiband_dir-AP_space-ACPC_desc-preproc_dwi.nii.gz	0.0	0.7340936890568267	0.1538786297832261	0.7336088273709503	0.7340936890568267	0.7336088273709503	0.1538786297832261	0.7088553643267514	0.7088553643267514	sub-112028	ses-1		dir-AP	acq-multiband	space-ACPC			DSIStudio	autotrackgqi
ProjectionBasalGanglia_AcousticRadiationR	dki_fa	DIPYDKI	/scratch/grmpy/SLURM_11194840_22/job-11194840-22-sub-112028/ds/inputs/data/qsiprep/qsiprep/sub-112028/ses-1/dwi/sub-112028_ses-1_acq-multiband_dir-AP_space-ACPC_desc-preproc_dwi.nii.gz	0.0	0.4177375435829162	0.1796632260084152	0.4192622005939483	0.4177375435829162	0.4192622005939483	0.1796632260084152	0.421911358833313	0.421911358833313	sub-112028	ses-1		dir-AP	acq-multiband	space-ACPC			DSIStudio	autotrackgqi
ProjectionBasalGanglia_AcousticRadiationR	dki_kfa	DIPYDKI	/scratch/grmpy/SLURM_11194840_22/job-11194840-22-sub-112028/ds/inputs/data/qsiprep/qsiprep/sub-112028/ses-1/dwi/sub-112028_ses-1_acq-multiband_dir-AP_space-ACPC_desc-preproc_dwi.nii.gz	0.0010384215991692	0.4780797362327575	0.1820996701717376	0.5063692331314087	0.4785766899585724	0.5068537592887878	0.1815404146909713	0.4794327616691589	0.4803721308708191	sub-112028	ses-1		dir-AP	acq-multiband	space-ACPC			DSIStudio	autotrackgqi
ProjectionBasalGanglia_AcousticRadiationR	dki_linearity	DIPYDKI	/scratch/grmpy/SLURM_11194840_22/job-11194840-22-sub-112028/ds/inputs/data/qsiprep/qsiprep/sub-112028/ses-1/dwi/sub-112028_ses-1_acq-multiband_dir-AP_space-ACPC_desc-preproc_dwi.nii.gz	0.0	0.2061590403318405	0.1324025988578796	0.187635913491249	0.2061590403318405	0.187635913491249	0.1324025988578796	0.2058107256889343	0.2058107256889343	sub-112028	ses-1		dir-AP	acq-multiband	space-ACPC			DSIStudio	autotrackgqi
ProjectionBasalGanglia_AcousticRadiationR	dki_md	DIPYDKI	/scratch/grmpy/SLURM_11194840_22/job-11194840-22-sub-112028/ds/inputs/data/qsiprep/qsiprep/sub-112028/ses-1/dwi/sub-112028_ses-1_acq-multiband_dir-AP_space-ACPC_desc-preproc_dwi.nii.gz	0.0	0.0012576250592246	0.0007039912161417	0.0009562744526192	0.0012576250592246	0.0009562744526192	0.0007039912161417	0.0012454938841983	0.0012454938841983	sub-112028	ses-1		dir-AP	acq-multiband	space-ACPC			DSIStudio	autotrackgqi
ProjectionBasalGanglia_AcousticRadiationR	dki_mk	DIPYDKI	/scratch/grmpy/SLURM_11194840_22/job-11194840-22-sub-112028/ds/inputs/data/qsiprep/qsiprep/sub-112028/ses-1/dwi/sub-112028_ses-1_acq-multiband_dir-AP_space-ACPC_desc-preproc_dwi.nii.gz	0.0	0.9308902834936794	0.2550701519149727	0.9353895156545444	0.9308902834936794	0.9353895156545444	0.2550701519149727	0.9082028150899376	0.9082028150899376	sub-112028	ses-1		dir-AP	acq-multiband	space-ACPC			DSIStudio	autotrackgqi
ProjectionBasalGanglia_AcousticRadiationR	dki_mkt	DIPYDKI	/scratch/grmpy/SLURM_11194840_22/job-11194840-22-sub-112028/ds/inputs/data/qsiprep/qsiprep/sub-112028/ses-1/dwi/sub-112028_ses-1_acq-multiband_dir-AP_space-ACPC_desc-preproc_dwi.nii.gz	0.0	0.9181841347400498	0.2045397206724797	0.9293169750514066	0.9181841347400498	0.9293169750514066	0.2045397206724797	0.8984651363041554	0.8984651363041554	sub-112028	ses-1		dir-AP	acq-multiband	space-ACPC			DSIStudio	autotrackgqi
ProjectionBasalGanglia_AcousticRadiationR	dki_planarity	DIPYDKI	/scratch/grmpy/SLURM_11194840_22/job-11194840-22-sub-112028/ds/inputs/data/qsiprep/qsiprep/sub-112028/ses-1/dwi/sub-112028_ses-1_acq-multiband_dir-AP_space-ACPC_desc-preproc_dwi.nii.gz	0.0	0.179850235581398	0.122614286839962	0.155375674366951	0.179850235581398	0.155375674366951	0.122614286839962	0.184533029794693	0.184533029794693	sub-112028	ses-1		dir-AP	acq-multiband	space-ACPC			DSIStudio	autotrackgqi
ProjectionBasalGanglia_AcousticRadiationR	dki_rd	DIPYDKI	/scratch/grmpy/SLURM_11194840_22/job-11194840-22-sub-112028/ds/inputs/data/qsiprep/qsiprep/sub-112028/ses-1/dwi/sub-112028_ses-1_acq-multiband_dir-AP_space-ACPC_desc-preproc_dwi.nii.gz	0.0	0.0009813786018639	0.0006951538962312	0.0007136086351238	0.0009813786018639	0.0007136086351238	0.0006951538962312	0.0009616569732315	0.0009616569732315	sub-112028	ses-1		dir-AP	acq-multiband	space-ACPC			DSIStudio	autotrackgqi
ProjectionBasalGanglia_AcousticRadiationR	dki_rk	DIPYDKI	/scratch/grmpy/SLURM_11194840_22/job-11194840-22-sub-112028/ds/inputs/data/qsiprep/qsiprep/sub-112028/ses-1/dwi/sub-112028_ses-1_acq-multiband_dir-AP_space-ACPC_desc-preproc_dwi.nii.gz	0.0	1.1727117418801862	0.5897564094654182	1.104464457528744	1.1727117418801862	1.104464457528744	0.5897564094654182	1.1373048888542097	1.1373048888542097	sub-112028	ses-1		dir-AP	acq-multiband	space-ACPC			DSIStudio	autotrackgqi
ProjectionBasalGanglia_AcousticRadiationR	dki_sphericity	DIPYDKI	/scratch/grmpy/SLURM_11194840_22/job-11194840-22-sub-112028/ds/inputs/data/qsiprep/qsiprep/sub-112028/ses-1/dwi/sub-112028_ses-1_acq-multiband_dir-AP_space-ACPC_desc-preproc_dwi.nii.gz	0.0	0.6139907240867615	0.1780952513217926	0.6309089064598083	0.6139907240867615	0.6309089064598083	0.1780952513217926	0.6096562743186951	0.6096562743186951	sub-112028	ses-1		dir-AP	acq-multiband	space-ACPC			DSIStudio	autotrackgqi
ProjectionBasalGanglia_AnsaSubthalamicaL	dki_ad	DIPYDKI	/scratch/grmpy/SLURM_11194840_22/job-11194840-22-sub-112028/ds/inputs/data/qsiprep/qsiprep/sub-112028/ses-1/dwi/sub-112028_ses-1_acq-multiband_dir-AP_space-ACPC_desc-preproc_dwi.nii.gz	0.0	0.0018646109383553	0.0011699846945703	0.0015046638436615	0.0018646109383553	0.0015046638436615	0.0011699846945703	0.0017193225212395	0.0017193225212395	sub-112028	ses-1		dir-AP	acq-multiband	space-ACPC			DSIStudio	autotrackgqi
ProjectionBasalGanglia_AnsaSubthalamicaL	dki_ak	DIPYDKI	/scratch/grmpy/SLURM_11194840_22/job-11194840-22-sub-112028/ds/inputs/data/qsiprep/qsiprep/sub-112028/ses-1/dwi/sub-112028_ses-1_acq-multiband_dir-AP_space-ACPC_desc-preproc_dwi.nii.gz	0.0	0.8117501673927753	0.2033478422020827	0.8093777391220863	0.8117501673927753	0.8093777391220863	0.2033478422020827	0.8140673503059207	0.8140673503059207	sub-112028	ses-1		dir-AP	acq-multiband	space-ACPC			DSIStudio	autotrackgqi
ProjectionBasalGanglia_AnsaSubthalamicaL	dki_fa	DIPYDKI	/scratch/grmpy/SLURM_11194840_22/job-11194840-22-sub-112028/ds/inputs/data/qsiprep/qsiprep/sub-112028/ses-1/dwi/sub-112028_ses-1_acq-multiband_dir-AP_space-ACPC_desc-preproc_dwi.nii.gz	0.0	0.3617733418941498	0.1287928074598312	0.3488964140415191	0.3617733418941498	0.3488964140415191	0.1287928074598312	0.3797714710235595	0.3797714710235595	sub-112028	ses-1		dir-AP	acq-multiband	space-ACPC			DSIStudio	autotrackgqi
ProjectionBasalGanglia_AnsaSubthalamicaL	dki_kfa	DIPYDKI	/scratch/grmpy/SLURM_11194840_22/job-11194840-22-sub-112028/ds/inputs/data/qsiprep/qsiprep/sub-112028/ses-1/dwi/sub-112028_ses-1_acq-multiband_dir-AP_space-ACPC_desc-preproc_dwi.nii.gz	0.0	0.4622783362865448	0.1572332382202148	0.4566953778266907	0.4622783362865448	0.4566953778266907	0.1572332382202148	0.472330629825592	0.472330629825592	sub-112028	ses-1		dir-AP	acq-multiband	space-ACPC			DSIStudio	autotrackgqi
ProjectionBasalGanglia_AnsaSubthalamicaL	dki_linearity	DIPYDKI	/scratch/grmpy/SLURM_11194840_22/job-11194840-22-sub-112028/ds/inputs/data/qsiprep/qsiprep/sub-112028/ses-1/dwi/sub-112028_ses-1_acq-multiband_dir-AP_space-ACPC_desc-preproc_dwi.nii.gz	0.0	0.1530736684799194	0.0950963422656059	0.1377924084663391	0.1530736684799194	0.1377924084663391	0.0950963422656059	0.1597865521907806	0.1597865521907806	sub-112028	ses-1		dir-AP	acq-multiband	space-ACPC			DSIStudio	autotrackgqi
ProjectionBasalGanglia_AnsaSubthalamicaL	dki_md	DIPYDKI	/scratch/grmpy/SLURM_11194840_22/job-11194840-22-sub-112028/ds/inputs/data/qsiprep/qsiprep/sub-112028/ses-1/dwi/sub-112028_ses-1_acq-multiband_dir-AP_space-ACPC_desc-preproc_dwi.nii.gz	0.0	0.0013650309992954	0.0009758937521837	0.0010733569506555	0.0013650309992954	0.0010733569506555	0.0009758937521837	0.0012348461896181	0.0012348461896181	sub-112028	ses-1		dir-AP	acq-multiband	space-ACPC			DSIStudio	autotrackgqi
ProjectionBasalGanglia_AnsaSubthalamicaL	dki_mk	DIPYDKI	/scratch/grmpy/SLURM_11194840_22/job-11194840-22-sub-112028/ds/inputs/data/qsiprep/qsiprep/sub-112028/ses-1/dwi/sub-112028_ses-1_acq-multiband_dir-AP_space-ACPC_desc-preproc_dwi.nii.gz	0.0	0.9058616617715306	0.2474712969292505	0.9317618742820633	0.9058616617715306	0.9317618742820633	0.2474712969292505	0.9182667030601596	0.9182667030601596	sub-112028	ses-1		dir-AP	acq-multiband	space-ACPC			DSIStudio	autotrackgqi
ProjectionBasalGanglia_AnsaSubthalamicaL	dki_mkt	DIPYDKI	/scratch/grmpy/SLURM_11194840_22/job-11194840-22-sub-112028/ds/inputs/data/qsiprep/qsiprep/sub-112028/ses-1/dwi/sub-112028_ses-1_acq-multiband_dir-AP_space-ACPC_desc-preproc_dwi.nii.gz	0.0	0.9299240100145802	0.2055643760055586	0.9391859697983788	0.9299240100145802	0.9391859697983788	0.2055643760055586	0.949442676152213	0.949442676152213	sub-112028	ses-1		dir-AP	acq-multiband	space-ACPC			DSIStudio	autotrackgqi
ProjectionBasalGanglia_AnsaSubthalamicaL	dki_planarity	DIPYDKI	/scratch/grmpy/SLURM_11194840_22/job-11194840-22-sub-112028/ds/inputs/data/qsiprep/qsiprep/sub-112028/ses-1/dwi/sub-112028_ses-1_acq-multiband_dir-AP_space-ACPC_desc-preproc_dwi.nii.gz	0.0	0.1920302212238311	0.1090052723884582	0.1799594461917877	0.1920302212238311	0.1799594461917877	0.1090052723884582	0.2042092233896255	0.2042092233896255	sub-112028	ses-1		dir-AP	acq-multiband	space-ACPC			DSIStudio	autotrackgqi
ProjectionBasalGanglia_AnsaSubthalamicaL	dki_rd	DIPYDKI	/scratch/grmpy/SLURM_11194840_22/job-11194840-22-sub-112028/ds/inputs/data/qsiprep/qsiprep/sub-112028/ses-1/dwi/sub-112028_ses-1_acq-multiband_dir-AP_space-ACPC_desc-preproc_dwi.nii.gz	0.0	0.0011152412043884	0.000897645659279	0.0008515029912814	0.0011152412043884	0.0008515029912814	0.000897645659279	0.0009926081402227	0.0009926081402227	sub-112028	ses-1		dir-AP	acq-multiband	space-ACPC			DSIStudio	autotrackgqi
ProjectionBasalGanglia_AnsaSubthalamicaL	dki_rk	DIPYDKI	/scratch/grmpy/SLURM_11194840_22/job-11194840-22-sub-112028/ds/inputs/data/qsiprep/qsiprep/sub-112028/ses-1/dwi/sub-112028_ses-1_acq-multiband_dir-AP_space-ACPC_desc-preproc_dwi.nii.gz	0.0	0.9857459235110162	0.4308436920802872	1.0070777900774377	0.9857459235110162	1.0070777900774377	0.4308436920802872	1.0029711366975236	1.0029711366975236	sub-112028	ses-1		dir-AP	acq-multiband	space-ACPC			DSIStudio	autotrackgqi
ProjectionBasalGanglia_AnsaSubthalamicaL	dki_sphericity	DIPYDKI	/scratch/grmpy/SLURM_11194840_22/job-11194840-22-sub-112028/ds/inputs/data/qsiprep/qsiprep/sub-112028/ses-1/dwi/sub-112028_ses-1_acq-multiband_dir-AP_space-ACPC_desc-preproc_dwi.nii.gz	0.0	0.654896080493927	0.1269636452198028	0.6616470217704773	0.654896080493927	0.6616470217704773	0.1269636452198028	0.6360042691230774	0.6360042691230774	sub-112028	ses-1		dir-AP	acq-multiband	space-ACPC			DSIStudio	autotrackgqi
ProjectionBasalGanglia_AnsaLenticularisR	dki_ad	DIPYDKI	/scratch/grmpy/SLURM_11194840_22/job-11194840-22-sub-112028/ds/inputs/data/qsiprep/qsiprep/sub-112028/ses-1/dwi/sub-112028_ses-1_acq-multiband_dir-AP_space-ACPC_desc-preproc_dwi.nii.gz	0.0	0.0019362622406333	0.0011662654578685	0.001512995455414	0.0019362622406333	0.001512995455414	0.0011662654578685	0.0017890591407194	0.0017890591407194	sub-112028	ses-1		dir-AP	acq-multiband	space-ACPC			DSIStudio	autotrackgqi
ProjectionBasalGanglia_AnsaLenticularisR	dki_ak	DIPYDKI	/scratch/grmpy/SLURM_11194840_22/job-11194840-22-sub-112028/ds/inputs/data/qsiprep/qsiprep/sub-112028/ses-1/dwi/sub-112028_ses-1_acq-multiband_dir-AP_space-ACPC_desc-preproc_dwi.nii.gz	0.0	0.738197456474704	0.1581136641457526	0.739299025089504	0.738197456474704	0.739299025089504	0.1581136641457526	0.7426218277325674	0.7426218277325674	sub-112028	ses-1		dir-AP	acq-multiband	space-ACPC			DSIStudio	autotrackgqi
ProjectionBasalGanglia_AnsaLenticularisR	dki_fa	DIPYDKI	/scratch/grmpy/SLURM_11194840_22/job-11194840-22-sub-112028/ds/inputs/data/qsiprep/qsiprep/sub-112028/ses-1/dwi/sub-112028_ses-1_acq-multiband_dir-AP_space-ACPC_desc-preproc_dwi.nii.gz	0.0	0.3059518337249756	0.1162067726254463	0.2936111092567444	0.3059518337249756	0.2936111092567444	0.1162067726254463	0.3117485046386719	0.3117485046386719	sub-112028	ses-1		dir-AP	acq-multiband	space-ACPC			DSIStudio	autotrackgqi
ProjectionBasalGanglia_AnsaLenticularisR	dki_kfa	DIPYDKI	/scratch/grmpy/SLURM_11194840_22/job-11194840-22-sub-112028/ds/inputs/data/qsiprep/qsiprep/sub-112028/ses-1/dwi/sub-112028_ses-1_acq-multiband_dir-AP_space-ACPC_desc-preproc_dwi.nii.gz	0.0	0.3971786201000213	0.152409017086029	0.3811144828796386	0.3971786201000213	0.3811144828796386	0.152409017086029	0.4054199755191803	0.4054199755191803	sub-112028	ses-1		dir-AP	acq-multiband	space-ACPC			DSIStudio	autotrackgqi
ProjectionBasalGanglia_AnsaLenticularisR	dki_linearity	DIPYDKI	/scratch/grmpy/SLURM_11194840_22/job-11194840-22-sub-112028/ds/inputs/data/qsiprep/qsiprep/sub-112028/ses-1/dwi/sub-112028_ses-1_acq-multiband_dir-AP_space-ACPC_desc-preproc_dwi.nii.gz	0.0	0.1275995969772339	0.0826511308550834	0.1103160828351974	0.1275995969772339	0.1103160828351974	0.0826511308550834	0.1294241994619369	0.1294241994619369	sub-112028	ses-1		dir-AP	acq-multiband	space-ACPC			DSIStudio	autotrackgqi
ProjectionBasalGanglia_AnsaLenticularisR	dki_md	DIPYDKI	/scratch/grmpy/SLURM_11194840_22/job-11194840-22-sub-112028/ds/inputs/data/qsiprep/qsiprep/sub-112028/ses-1/dwi/sub-112028_ses-1_acq-multiband_dir-AP_space-ACPC_desc-preproc_dwi.nii.gz	0.0	0.0014784843660891	0.0009807595051825	0.0011112638749182	0.0014784843660891	0.0011112638749182	0.0009807595051825	0.0013568844879046	0.0013568844879046	sub-112028	ses-1		dir-AP	acq-multiband	space-ACPC			DSIStudio	autotrackgqi
ProjectionBasalGanglia_AnsaLenticularisR	dki_mk	DIPYDKI	/scratch/grmpy/SLURM_11194840_22/job-11194840-22-sub-112028/ds/inputs/data/qsiprep/qsiprep/sub-112028/ses-1/dwi/sub-112028_ses-1_acq-multiband_dir-AP_space-ACPC_desc-preproc_dwi.nii.gz	0.0	0.8408565343760136	0.1925644711807844	0.8563637259116477	0.8408565343760136	0.8563637259116477	0.1925644711807844	0.8503811965626188	0.8503811965626188	sub-112028	ses-1		dir-AP	acq-multiband	space-ACPC			DSIStudio	autotrackgqi
ProjectionBasalGanglia_AnsaLenticularisR	dki_mkt	DIPYDKI	/scratch/grmpy/SLURM_11194840_22/job-11194840-22-sub-112028/ds/inputs/data/qsiprep/qsiprep/sub-112028/ses-1/dwi/sub-112028_ses-1_acq-multiband_dir-AP_space-ACPC_desc-preproc_dwi.nii.gz	0.0	0.8425112941747015	0.1678890223946952	0.8609291460435763	0.8425112941747015	0.8609291460435763	0.1678890223946952	0.8545551424523222	0.8545551424523222	sub-112028	ses-1		dir-AP	acq-multiband	space-ACPC			DSIStudio	autotrackgqi
ProjectionBasalGanglia_AnsaLenticularisR	dki_planarity	DIPYDKI	/scratch/grmpy/SLURM_11194840_22/job-11194840-22-sub-112028/ds/inputs/data/qsiprep/qsiprep/sub-112028/ses-1/dwi/sub-112028_ses-1_acq-multiband_dir-AP_space-ACPC_desc-preproc_dwi.nii.gz	0.0	0.1598794758319854	0.0820510908961296	0.1528416872024536	0.1598794758319854	0.1528416872024536	0.0820510908961296	0.163027822971344	0.163027822971344	sub-112028	ses-1		dir-AP	acq-multiband	space-ACPC			DSIStudio	autotrackgqi
ProjectionBasalGanglia_AnsaLenticularisR	dki_rd	DIPYDKI	/scratch/grmpy/SLURM_11194840_22/job-11194840-22-sub-112028/ds/inputs/data/qsiprep/qsiprep/sub-112028/ses-1/dwi/sub-112028_ses-1_acq-multiband_dir-AP_space-ACPC_desc-preproc_dwi.nii.gz	0.0	0.0012495953124016	0.0009057536371983	0.0009383996948599	0.0012495953124016	0.0009383996948599	0.0009057536371983	0.0011407972779124	0.0011407972779124	sub-112028	ses-1		dir-AP	acq-multiband	space-ACPC			DSIStudio	autotrackgqi
ProjectionBasalGanglia_AnsaLenticularisR	dki_rk	DIPYDKI	/scratch/grmpy/SLURM_11194840_22/job-11194840-22-sub-112028/ds/inputs/data/qsiprep/qsiprep/sub-112028/ses-1/dwi/sub-112028_ses-1_acq-multiband_dir-AP_space-ACPC_desc-preproc_dwi.nii.gz	0.0	0.9459307116265464	0.3390349025003921	0.9426162466900874	0.9459307116265464	0.9426162466900874	0.3390349025003921	0.9505610867158498	0.9505610867158498	sub-112028	ses-1		dir-AP	acq-multiband	space-ACPC			DSIStudio	autotrackgqi
ProjectionBasalGanglia_AnsaLenticularisR	dki_sphericity	DIPYDKI	/scratch/grmpy/SLURM_11194840_22/job-11194840-22-sub-112028/ds/inputs/data/qsiprep/qsiprep/sub-112028/ses-1/dwi/sub-112028_ses-1_acq-multiband_dir-AP_space-ACPC_desc-preproc_dwi.nii.gz	0.0	0.712520956993103	0.1059643924236297	0.7178659439086914	0.712520956993103	0.7178659439086914	0.1059643924236297	0.7075479626655579	0.7075479626655579	sub-112028	ses-1		dir-AP	acq-multiband	space-ACPC			DSIStudio	autotrackgqi
ProjectionBasalGanglia_FasciculusLenticularisR	dki_ad	DIPYDKI	/scratch/grmpy/SLURM_11194840_22/job-11194840-22-sub-112028/ds/inputs/data/qsiprep/qsiprep/sub-112028/ses-1/dwi/sub-112028_ses-1_acq-multiband_dir-AP_space-ACPC_desc-preproc_dwi.nii.gz	0.0	0.0015095574781298	0.0004890095442533	0.0013645766302943	0.0015095574781298	0.0013645766302943	0.0004890095442533	0.0017013931646943	0.0017013929318636	sub-112028	ses-1		dir-AP	acq-multiband	space-ACPC			DSIStudio	autotrackgqi
ProjectionBasalGanglia_FasciculusLenticularisR	dki_ak	DIPYDKI	/scratch/grmpy/SLURM_11194840_22/job-11194840-22-sub-112028/ds/inputs/data/qsiprep/qsiprep/sub-112028/ses-1/dwi/sub-112028_ses-1_acq-multiband_dir-AP_space-ACPC_desc-preproc_dwi.nii.gz	0.0	0.7798813783097628	0.1462052329830209	0.7735656064770432	0.7798813783097628	0.7735656064770432	0.1462052329830209	0.7358542861836834	0.7358542009449508	sub-112028	ses-1		dir-AP	acq-multiband	space-ACPC			DSIStudio	autotrackgqi
ProjectionBasalGanglia_FasciculusLenticularisR	dki_fa	DIPYDKI	/scratch/grmpy/SLURM_11194840_22/job-11194840-22-sub-112028/ds/inputs/data/qsiprep/qsiprep/sub-112028/ses-1/dwi/sub-112028_ses-1_acq-multiband_dir-AP_space-ACPC_desc-preproc_dwi.nii.gz	0.0	0.3077144920825958	0.1273028254508972	0.2950145602226257	0.3077144920825958	0.2950145602226257	0.1273028254508972	0.3415506482124328	0.3415506482124328	sub-112028	ses-1		dir-AP	acq-multiband	space-ACPC			DSIStudio	autotrackgqi
ProjectionBasalGanglia_FasciculusLenticularisR	dki_kfa	DIPYDKI	/scratch/grmpy/SLURM_11194840_22/job-11194840-22-sub-112028/ds/inputs/data/qsiprep/qsiprep/sub-112028/ses-1/dwi/sub-112028_ses-1_acq-multiband_dir-AP_space-ACPC_desc-preproc_dwi.nii.gz	0.0	0.4186988770961761	0.1445500254631042	0.4005317687988281	0.4186988770961761	0.4005317687988281	0.1445500254631042	0.3969178795814514	0.396917849779129	sub-112028	ses-1		dir-AP	acq-multiband	space-ACPC			DSIStudio	autotrackgqi
ProjectionBasalGanglia_FasciculusLenticularisR	dki_linearity	DIPYDKI	/scratch/grmpy/SLURM_11194840_22/job-11194840-22-sub-112028/ds/inputs/data/qsiprep/qsiprep/sub-112028/ses-1/dwi/sub-112028_ses-1_acq-multiband_dir-AP_space-ACPC_desc-preproc_dwi.nii.gz	0.0	0.1292402446269989	0.0912166610360145	0.1086674481630325	0.1292402446269989	0.1086674481630325	0.0912166610360145	0.1607132852077484	0.160713255405426	sub-112028	ses-1		dir-AP	acq-multiband	space-ACPC			DSIStudio	autotrackgqi
ProjectionBasalGanglia_FasciculusLenticularisR	dki_md	DIPYDKI	/scratch/grmpy/SLURM_11194840_22/job-11194840-22-sub-112028/ds/inputs/data/qsiprep/qsiprep/sub-112028/ses-1/dwi/sub-112028_ses-1_acq-multiband_dir-AP_space-ACPC_desc-preproc_dwi.nii.gz	0.0	0.0011341064237058	0.0003735198115464	0.0010489134583622	0.0011341064237058	0.0010489134583622	0.0003735198115464	0.0012372720520943	0.0012372720520943	sub-112028	ses-1		dir-AP	acq-multiband	space-ACPC			DSIStudio	autotrackgqi
ProjectionBasalGanglia_FasciculusLenticularisR	dki_mk	DIPYDKI	/scratch/grmpy/SLURM_11194840_22/job-11194840-22-sub-112028/ds/inputs/data/qsiprep/qsiprep/sub-112028/ses-1/dwi/sub-112028_ses-1_acq-multiband_dir-AP_space-ACPC_desc-preproc_dwi.nii.gz	0.0	0.8926787049082657	0.1878362459311482	0.9034405970075252	0.8926787049082657	0.9034405970075252	0.1878362459311482	0.9081684442438672	0.9081683386329844	sub-112028	ses-1		dir-AP	acq-multiband	space-ACPC			DSIStudio	autotrackgqi
ProjectionBasalGanglia_FasciculusLenticularisR	dki_mkt	DIPYDKI	/scratch/grmpy/SLURM_11194840_22/job-11194840-22-sub-112028/ds/inputs/data/qsiprep/qsiprep/sub-112028/ses-1/dwi/sub-112028_ses-1_acq-multiband_dir-AP_space-ACPC_desc-preproc_dwi.nii.gz	0.0	0.892602875098478	0.1493454951795823	0.9026366760494378	0.892602875098478	0.9026366760494378	0.1493454951795823	0.8981292177649252	0.8981291133087383	sub-112028	ses-1		dir-AP	acq-multiband	space-ACPC			DSIStudio	autotrackgqi
ProjectionBasalGanglia_FasciculusLenticularisR	dki_planarity	DIPYDKI	/scratch/grmpy/SLURM_11194840_22/job-11194840-22-sub-112028/ds/inputs/data/qsiprep/qsiprep/sub-112028/ses-1/dwi/sub-112028_ses-1_acq-multiband_dir-AP_space-ACPC_desc-preproc_dwi.nii.gz	0.0	0.1591178476810455	0.0828013718128204	0.1482802182435989	0.1591178476810455	0.1482802182435989	0.0828013718128204	0.1428001523017883	0.1428001374006271	sub-112028	ses-1		dir-AP	acq-multiband	space-ACPC			DSIStudio	autotrackgqi
ProjectionBasalGanglia_FasciculusLenticularisR	dki_rd	DIPYDKI	/scratch/grmpy/SLURM_11194840_22/job-11194840-22-sub-112028/ds/inputs/data/qsiprep/qsiprep/sub-112028/ses-1/dwi/sub-112028_ses-1_acq-multiband_dir-AP_space-ACPC_desc-preproc_dwi.nii.gz	0.0	0.0009463807218708	0.0003509728121571	0.0008785839891061	0.0009463807218708	0.0008785839891061	0.0003509728121571	0.0010052114957943	0.001005211379379	sub-112028	ses-1		dir-AP	acq-multiband	space-ACPC			DSIStudio	autotrackgqi
ProjectionBasalGanglia_FasciculusLenticularisR	dki_rk	DIPYDKI	/scratch/grmpy/SLURM_11194840_22/job-11194840-22-sub-112028/ds/inputs/data/qsiprep/qsiprep/sub-112028/ses-1/dwi/sub-112028_ses-1_acq-multiband_dir-AP_space-ACPC_desc-preproc_dwi.nii.gz	0.0	1.0231218227743628	0.3584097915045264	0.9771775990777236	1.0231218227743628	0.9771775990777236	0.3584097915045264	1.0902218626318183	1.0902217359380106	sub-112028	ses-1		dir-AP	acq-multiband	space-ACPC			DSIStudio	autotrackgqi
ProjectionBasalGanglia_FasciculusLenticularisR	dki_sphericity	DIPYDKI	/scratch/grmpy/SLURM_11194840_22/job-11194840-22-sub-112028/ds/inputs/data/qsiprep/qsiprep/sub-112028/ses-1/dwi/sub-112028_ses-1_acq-multiband_dir-AP_space-ACPC_desc-preproc_dwi.nii.gz	0.0	0.7116419076919556	0.1118364036083221	0.7138694524765015	0.7116419076919556	0.7138694524765015	0.1118364036083221	0.6964865922927856	0.6964864730834961	sub-112028	ses-1		dir-AP	acq-multiband	space-ACPC			DSIStudio	autotrackgqi
ProjectionBrainstem_CorticospinalTractR	dki_ad	DIPYDKI	/scratch/grmpy/SLURM_11194840_22/job-11194840-22-sub-112028/ds/inputs/data/qsiprep/qsiprep/sub-112028/ses-1/dwi/sub-112028_ses-1_acq-multiband_dir-AP_space-ACPC_desc-preproc_dwi.nii.gz	0.0	0.0015347524313256	0.000433553563198	0.0014445141423493	0.0015347524313256	0.0014445141423493	0.000433553563198	0.0016482444480061	0.0016482444480061	sub-112028	ses-1		dir-AP	acq-multiband	space-ACPC			DSIStudio	autotrackgqi
ProjectionBrainstem_CorticospinalTractR	dki_ak	DIPYDKI	/scratch/grmpy/SLURM_11194840_22/job-11194840-22-sub-112028/ds/inputs/data/qsiprep/qsiprep/sub-112028/ses-1/dwi/sub-112028_ses-1_acq-multiband_dir-AP_space-ACPC_desc-preproc_dwi.nii.gz	0.0010735373054213	0.8470971408840408	0.173086806759249	0.8307206731803278	0.8480075085797786	0.8308033386895812	0.170936364612328	0.8396938934511563	0.8421038764955497	sub-112028	ses-1		dir-AP	acq-multiband	space-ACPC			DSIStudio	autotrackgqi
ProjectionBrainstem_CorticospinalTractR	dki_fa	DIPYDKI	/scratch/grmpy/SLURM_11194840_22/job-11194840-22-sub-112028/ds/inputs/data/qsiprep/qsiprep/sub-112028/ses-1/dwi/sub-112028_ses-1_acq-multiband_dir-AP_space-ACPC_desc-preproc_dwi.nii.gz	0.0	0.5269783139228821	0.1696946620941162	0.5255900025367737	0.5269783139228821	0.5255900025367737	0.1696946620941162	0.5983066558837891	0.5983066558837891	sub-112028	ses-1		dir-AP	acq-multiband	space-ACPC			DSIStudio	autotrackgqi
ProjectionBrainstem_CorticospinalTractR	dki_kfa	DIPYDKI	/scratch/grmpy/SLURM_11194840_22/job-11194840-22-sub-112028/ds/inputs/data/qsiprep/qsiprep/sub-112028/ses-1/dwi/sub-112028_ses-1_acq-multiband_dir-AP_space-ACPC_desc-preproc_dwi.nii.gz	0.0	0.5647875070571899	0.1209464743733406	0.5712988376617432	0.5647875070571899	0.5712988376617432	0.1209464743733406	0.6093527674674988	0.6093527674674988	sub-112028	ses-1		dir-AP	acq-multiband	space-ACPC			DSIStudio	autotrackgqi
ProjectionBrainstem_CorticospinalTractR	dki_linearity	DIPYDKI	/scratch/grmpy/SLURM_11194840_22/job-11194840-22-sub-112028/ds/inputs/data/qsiprep/qsiprep/sub-112028/ses-1/dwi/sub-112028_ses-1_acq-multiband_dir-AP_space-ACPC_desc-preproc_dwi.nii.gz	0.0	0.2683759927749634	0.1559841930866241	0.2424381822347641	0.2683759927749634	0.2424381822347641	0.1559841930866241	0.3305890262126922	0.3305890262126922	sub-112028	ses-1		dir-AP	acq-multiband	space-ACPC			DSIStudio	autotrackgqi
ProjectionBrainstem_CorticospinalTractR	dki_md	DIPYDKI	/scratch/grmpy/SLURM_11194840_22/job-11194840-22-sub-112028/ds/inputs/data/qsiprep/qsiprep/sub-112028/ses-1/dwi/sub-112028_ses-1_acq-multiband_dir-AP_space-ACPC_desc-preproc_dwi.nii.gz	0.0	0.0009285466512665	0.0002668242086656	0.0008856775239109	0.0009285466512665	0.0008856775239109	0.0002668242086656	0.0009203640511259	0.0009203640511259	sub-112028	ses-1		dir-AP	acq-multiband	space-ACPC			DSIStudio	autotrackgqi
ProjectionBrainstem_CorticospinalTractR	dki_mk	DIPYDKI	/scratch/grmpy/SLURM_11194840_22/job-11194840-22-sub-112028/ds/inputs/data/qsiprep/qsiprep/sub-112028/ses-1/dwi/sub-112028_ses-1_acq-multiband_dir-AP_space-ACPC_desc-preproc_dwi.nii.gz	0.0010735373054213	1.176774985781565	0.2574610169744166	1.2112804788190217	1.178039655298794	1.2120502327480245	0.2546911493889821	1.2098319047618622	1.2133042105981022	sub-112028	ses-1		dir-AP	acq-multiband	space-ACPC			DSIStudio	autotrackgqi
ProjectionBrainstem_CorticospinalTractR	dki_mkt	DIPYDKI	/scratch/grmpy/SLURM_11194840_22/job-11194840-22-sub-112028/ds/inputs/data/qsiprep/qsiprep/sub-112028/ses-1/dwi/sub-112028_ses-1_acq-multiband_dir-AP_space-ACPC_desc-preproc_dwi.nii.gz	0.0	1.1339225154635653	0.1461402089998058	1.1628922064098557	1.1339225154635653	1.1628922064098557	0.1461402089998058	1.1668763180086223	1.1668763180086223	sub-112028	ses-1		dir-AP	acq-multiband	space-ACPC			DSIStudio	autotrackgqi
ProjectionBrainstem_CorticospinalTractR	dki_planarity	DIPYDKI	/scratch/grmpy/SLURM_11194840_22/job-11194840-22-sub-112028/ds/inputs/data/qsiprep/qsiprep/sub-112028/ses-1/dwi/sub-112028_ses-1_acq-multiband_dir-AP_space-ACPC_desc-preproc_dwi.nii.gz	0.0	0.2443907558917999	0.1254891455173492	0.2338763922452926	0.2443907558917999	0.2338763922452926	0.1254891455173492	0.2517403364181518	0.2517403364181518	sub-112028	ses-1		dir-AP	acq-multiband	space-ACPC			DSIStudio	autotrackgqi
ProjectionBrainstem_CorticospinalTractR	dki_rd	DIPYDKI	/scratch/grmpy/SLURM_11194840_22/job-11194840-22-sub-112028/ds/inputs/data/qsiprep/qsiprep/sub-112028/ses-1/dwi/sub-112028_ses-1_acq-multiband_dir-AP_space-ACPC_desc-preproc_dwi.nii.gz	0.0	0.0006254437030293	0.0002796887129079	0.0006073840777389	0.0006254437030293	0.0006073840777389	0.0002796887129079	0.0005564239691011	0.0005564239691011	sub-112028	ses-1		dir-AP	acq-multiband	space-ACPC			DSIStudio	autotrackgqi
ProjectionBrainstem_CorticospinalTractR	dki_rk	DIPYDKI	/scratch/grmpy/SLURM_11194840_22/job-11194840-22-sub-112028/ds/inputs/data/qsiprep/qsiprep/sub-112028/ses-1/dwi/sub-112028_ses-1_acq-multiband_dir-AP_space-ACPC_desc-preproc_dwi.nii.gz	0.0010735373054213	1.676644696841073	0.6749292437279687	1.669623534604302	1.678446571851112	1.6701925305969136	0.6730487995342014	1.8194255588693469	1.824647442533792	sub-112028	ses-1		dir-AP	acq-multiband	space-ACPC			DSIStudio	autotrackgqi
ProjectionBrainstem_CorticospinalTractR	dki_sphericity	DIPYDKI	/scratch/grmpy/SLURM_11194840_22/job-11194840-22-sub-112028/ds/inputs/data/qsiprep/qsiprep/sub-112028/ses-1/dwi/sub-112028_ses-1_acq-multiband_dir-AP_space-ACPC_desc-preproc_dwi.nii.gz	0.0	0.4872332811355591	0.1711557507514953	0.4805806875228882	0.4872332811355591	0.4805806875228882	0.1711557507514953	0.4176706075668335	0.4176706075668335	sub-112028	ses-1		dir-AP	acq-multiband	space-ACPC			DSIStudio	autotrackgqi
ProjectionBasalGanglia_ThalamicRadiationR	dki_ad	DIPYDKI	/scratch/grmpy/SLURM_11194840_22/job-11194840-22-sub-112028/ds/inputs/data/qsiprep/qsiprep/sub-112028/ses-1/dwi/sub-112028_ses-1_acq-multiband_dir-AP_space-ACPC_desc-preproc_dwi.nii.gz	0.0	0.0013862468767911	0.0004160680982749	0.0013231295160949	0.0013862468767911	0.0013231295160949	0.0004160680982749	0.0014327525859698	0.0014327525859698	sub-112028	ses-1		dir-AP	acq-multiband	space-ACPC			DSIStudio	autotrackgqi
ProjectionBasalGanglia_ThalamicRadiationR	dki_ak	DIPYDKI	/scratch/grmpy/SLURM_11194840_22/job-11194840-22-sub-112028/ds/inputs/data/qsiprep/qsiprep/sub-112028/ses-1/dwi/sub-112028_ses-1_acq-multiband_dir-AP_space-ACPC_desc-preproc_dwi.nii.gz	0.0	0.8000597816092225	0.153817571335888	0.8018613089245648	0.8000597816092225	0.8018613089245648	0.153817571335888	0.8063298682380243	0.8063298682380243	sub-112028	ses-1		dir-AP	acq-multiband	space-ACPC			DSIStudio	autotrackgqi
ProjectionBasalGanglia_ThalamicRadiationR	dki_fa	DIPYDKI	/scratch/grmpy/SLURM_11194840_22/job-11194840-22-sub-112028/ds/inputs/data/qsiprep/qsiprep/sub-112028/ses-1/dwi/sub-112028_ses-1_acq-multiband_dir-AP_space-ACPC_desc-preproc_dwi.nii.gz	0.0	0.3870943188667297	0.1544235050678253	0.3838056027889251	0.3870943188667297	0.3838056027889251	0.1544235050678253	0.4238075017929077	0.4238075017929077	sub-112028	ses-1		dir-AP	acq-multiband	space-ACPC			DSIStudio	autotrackgqi
ProjectionBasalGanglia_ThalamicRadiationR	dki_kfa	DIPYDKI	/scratch/grmpy/SLURM_11194840_22/job-11194840-22-sub-112028/ds/inputs/data/qsiprep/qsiprep/sub-112028/ses-1/dwi/sub-112028_ses-1_acq-multiband_dir-AP_space-ACPC_desc-preproc_dwi.nii.gz	0.0020701412566975	0.474409818649292	0.1325771659612655	0.4729518890380859	0.4753939509391784	0.47334024310112	0.130940094590187	0.4858098328113556	0.4860440492630005	sub-112028	ses-1		dir-AP	acq-multiband	space-ACPC			DSIStudio	autotrackgqi
ProjectionBasalGanglia_ThalamicRadiationR	dki_linearity	DIPYDKI	/scratch/grmpy/SLURM_11194840_22/job-11194840-22-sub-112028/ds/inputs/data/qsiprep/qsiprep/sub-112028/ses-1/dwi/sub-112028_ses-1_acq-multiband_dir-AP_space-ACPC_desc-preproc_dwi.nii.gz	0.0	0.1730604469776153	0.10733412951231	0.1511393338441848	0.1730604469776153	0.1511393338441848	0.10733412951231	0.201490581035614	0.201490581035614	sub-112028	ses-1		dir-AP	acq-multiband	space-ACPC			DSIStudio	autotrackgqi
ProjectionBasalGanglia_ThalamicRadiationR	dki_md	DIPYDKI	/scratch/grmpy/SLURM_11194840_22/job-11194840-22-sub-112028/ds/inputs/data/qsiprep/qsiprep/sub-112028/ses-1/dwi/sub-112028_ses-1_acq-multiband_dir-AP_space-ACPC_desc-preproc_dwi.nii.gz	0.0	0.0009698647772893	0.0003382328141015	0.0009125506621785	0.0009698647772893	0.0009125506621785	0.0003382328141015	0.000962684454862	0.000962684454862	sub-112028	ses-1		dir-AP	acq-multiband	space-ACPC			DSIStudio	autotrackgqi
ProjectionBasalGanglia_ThalamicRadiationR	dki_mk	DIPYDKI	/scratch/grmpy/SLURM_11194840_22/job-11194840-22-sub-112028/ds/inputs/data/qsiprep/qsiprep/sub-112028/ses-1/dwi/sub-112028_ses-1_acq-multiband_dir-AP_space-ACPC_desc-preproc_dwi.nii.gz	0.0	1.003145253105744	0.2263012202142928	1.041630216071453	1.003145253105744	1.041630216071453	0.2263012202142928	1.053630701871908	1.053630701871908	sub-112028	ses-1		dir-AP	acq-multiband	space-ACPC			DSIStudio	autotrackgqi
ProjectionBasalGanglia_ThalamicRadiationR	dki_mkt	DIPYDKI	/scratch/grmpy/SLURM_11194840_22/job-11194840-22-sub-112028/ds/inputs/data/qsiprep/qsiprep/sub-112028/ses-1/dwi/sub-112028_ses-1_acq-multiband_dir-AP_space-ACPC_desc-preproc_dwi.nii.gz	0.0	0.977652668795436	0.191897789310692	1.0147345875426168	0.977652668795436	1.0147345875426168	0.191897789310692	1.0176339857049792	1.0176339857049792	sub-112028	ses-1		dir-AP	acq-multiband	space-ACPC			DSIStudio	autotrackgqi
ProjectionBasalGanglia_ThalamicRadiationR	dki_planarity	DIPYDKI	/scratch/grmpy/SLURM_11194840_22/job-11194840-22-sub-112028/ds/inputs/data/qsiprep/qsiprep/sub-112028/ses-1/dwi/sub-112028_ses-1_acq-multiband_dir-AP_space-ACPC_desc-preproc_dwi.nii.gz	0.0	0.1959035098552703	0.1152772083878517	0.1776955723762512	0.1959035098552703	0.1776955723762512	0.1152772083878517	0.1943047493696212	0.1943047493696212	sub-112028	ses-1		dir-AP	acq-multiband	space-ACPC			DSIStudio	autotrackgqi
ProjectionBasalGanglia_ThalamicRadiationR	dki_rd	DIPYDKI	/scratch/grmpy/SLURM_11194840_22/job-11194840-22-sub-112028/ds/inputs/data/qsiprep/qsiprep/sub-112028/ses-1/dwi/sub-112028_ses-1_acq-multiband_dir-AP_space-ACPC_desc-preproc_dwi.nii.gz	0.0	0.0007616737275384	0.0003406319010537	0.0007152817561291	0.0007616737275384	0.0007152817561291	0.0003406319010537	0.0007276503019966	0.0007276503019966	sub-112028	ses-1		dir-AP	acq-multiband	space-ACPC			DSIStudio	autotrackgqi
ProjectionBasalGanglia_ThalamicRadiationR	dki_rk	DIPYDKI	/scratch/grmpy/SLURM_11194840_22/job-11194840-22-sub-112028/ds/inputs/data/qsiprep/qsiprep/sub-112028/ses-1/dwi/sub-112028_ses-1_acq-multiband_dir-AP_space-ACPC_desc-preproc_dwi.nii.gz	0.0	1.2787195551944648	0.4819595946970711	1.2813104209581172	1.2787195551944648	1.2813104209581172	0.4819595946970711	1.4048101905820038	1.4048101905820038	sub-112028	ses-1		dir-AP	acq-multiband	space-ACPC			DSIStudio	autotrackgqi
ProjectionBasalGanglia_ThalamicRadiationR	dki_sphericity	DIPYDKI	/scratch/grmpy/SLURM_11194840_22/job-11194840-22-sub-112028/ds/inputs/data/qsiprep/qsiprep/sub-112028/ses-1/dwi/sub-112028_ses-1_acq-multiband_dir-AP_space-ACPC_desc-preproc_dwi.nii.gz	0.0	0.631036102771759	0.15431809425354	0.6416172981262207	0.631036102771759	0.6416172981262207	0.15431809425354	0.6042045950889587	0.6042045950889587	sub-112028	ses-1		dir-AP	acq-multiband	space-ACPC			DSIStudio	autotrackgqi
ProjectionBasalGanglia_OpticRadiationR	dki_ad	DIPYDKI	/scratch/grmpy/SLURM_11194840_22/job-11194840-22-sub-112028/ds/inputs/data/qsiprep/qsiprep/sub-112028/ses-1/dwi/sub-112028_ses-1_acq-multiband_dir-AP_space-ACPC_desc-preproc_dwi.nii.gz	0.0013029315960912	0.0015702145174145	0.0006363845895975	0.0014143212465569	0.0015722630778327	0.0014149289345368	0.0006342655979096	0.0016168479342013	0.0016169502632692	sub-112028	ses-1		dir-AP	acq-multiband	space-ACPC			DSIStudio	autotrackgqi
ProjectionBasalGanglia_OpticRadiationR	dki_ak	DIPYDKI	/scratch/grmpy/SLURM_11194840_22/job-11194840-22-sub-112028/ds/inputs/data/qsiprep/qsiprep/sub-112028/ses-1/dwi/sub-112028_ses-1_acq-multiband_dir-AP_space-ACPC_desc-preproc_dwi.nii.gz	0.0058631921824104	0.7898085270079995	0.1762874285342717	0.7820066435171575	0.7944666375866837	0.7839472534216942	0.1660115375137684	0.767910771882135	0.7681194990205326	sub-112028	ses-1		dir-AP	acq-multiband	space-ACPC			DSIStudio	autotrackgqi
ProjectionBasalGanglia_OpticRadiationR	dki_fa	DIPYDKI	/scratch/grmpy/SLURM_11194840_22/job-11194840-22-sub-112028/ds/inputs/data/qsiprep/qsiprep/sub-112028/ses-1/dwi/sub-112028_ses-1_acq-multiband_dir-AP_space-ACPC_desc-preproc_dwi.nii.gz	0.0013029315960912	0.410152405500412	0.1899263560771942	0.4011602401733398	0.4106874763965606	0.4018534421920776	0.1894711703062057	0.4742696285247803	0.4742996096611023	sub-112028	ses-1		dir-AP	acq-multiband	space-ACPC			DSIStudio	autotrackgqi
ProjectionBasalGanglia_OpticRadiationR	dki_kfa	DIPYDKI	/scratch/grmpy/SLURM_11194840_22/job-11194840-22-sub-112028/ds/inputs/data/qsiprep/qsiprep/sub-112028/ses-1/dwi/sub-112028_ses-1_acq-multiband_dir-AP_space-ACPC_desc-preproc_dwi.nii.gz	0.0169381107491856	0.4956981539726257	0.180080309510231	0.5069448351860046	0.504239022731781	0.5107690095901489	0.1693547517061233	0.5289999842643738	0.5297938585281372	sub-112028	ses-1		dir-AP	acq-multiband	space-ACPC			DSIStudio	autotrackgqi
ProjectionBasalGanglia_OpticRadiationR	dki_linearity	DIPYDKI	/scratch/grmpy/SLURM_11194840_22/job-11194840-22-sub-112028/ds/inputs/data/qsiprep/qsiprep/sub-112028/ses-1/dwi/sub-112028_ses-1_acq-multiband_dir-AP_space-ACPC_desc-preproc_dwi.nii.gz	0.0013029315960912	0.1969004869461059	0.1389160752296447	0.1638576835393905	0.1971573680639267	0.1652173846960067	0.1388243585824966	0.2274512201547622	0.2274656146764755	sub-112028	ses-1		dir-AP	acq-multiband	space-ACPC			DSIStudio	autotrackgqi
ProjectionBasalGanglia_OpticRadiationR	dki_md	DIPYDKI	/scratch/grmpy/SLURM_11194840_22/job-11194840-22-sub-112028/ds/inputs/data/qsiprep/qsiprep/sub-112028/ses-1/dwi/sub-112028_ses-1_acq-multiband_dir-AP_space-ACPC_desc-preproc_dwi.nii.gz	0.0013029315960912	0.0010780596639961	0.0005236879806034	0.0009337777155451	0.0010794661939144	0.0009341099066659	0.0005225788336247	0.0010450847912579	0.0010451509151607	sub-112028	ses-1		dir-AP	acq-multiband	space-ACPC			DSIStudio	autotrackgqi
ProjectionBasalGanglia_OpticRadiationR	dki_mk	DIPYDKI	/scratch/grmpy/SLURM_11194840_22/job-11194840-22-sub-112028/ds/inputs/data/qsiprep/qsiprep/sub-112028/ses-1/dwi/sub-112028_ses-1_acq-multiband_dir-AP_space-ACPC_desc-preproc_dwi.nii.gz	0.0058631921824104	0.9434773834494744	0.2761639481327995	0.986043185936078	0.9490417978997008	0.988070074577667	0.2672741419098372	1.0191827571314196	1.0194597824963734	sub-112028	ses-1		dir-AP	acq-multiband	space-ACPC			DSIStudio	autotrackgqi
ProjectionBasalGanglia_OpticRadiationR	dki_mkt	DIPYDKI	/scratch/grmpy/SLURM_11194840_22/job-11194840-22-sub-112028/ds/inputs/data/qsiprep/qsiprep/sub-112028/ses-1/dwi/sub-112028_ses-1_acq-multiband_dir-AP_space-ACPC_desc-preproc_dwi.nii.gz	0.0013029315960912	0.924534904983248	0.236541427038394	0.96661264544223	0.9257410822891624	0.9666287379303116	0.234325063446441	0.984624753209102	0.9846870231759212	sub-112028	ses-1		dir-AP	acq-multiband	space-ACPC			DSIStudio	autotrackgqi
ProjectionBasalGanglia_OpticRadiationR	dki_planarity	DIPYDKI	/scratch/grmpy/SLURM_11194840_22/job-11194840-22-sub-112028/ds/inputs/data/qsiprep/qsiprep/sub-112028/ses-1/dwi/sub-112028_ses-1_acq-multiband_dir-AP_space-ACPC_desc-preproc_dwi.nii.gz	0.0019543973941368	0.1934148222208023	0.1152487993240356	0.1766644865274429	0.1937935799360275	0.1770891845226287	0.1150430217385292	0.2267526537179947	0.226768672466278	sub-112028	ses-1		dir-AP	acq-multiband	space-ACPC			DSIStudio	autotrackgqi
ProjectionBasalGanglia_OpticRadiationR	dki_rd	DIPYDKI	/scratch/grmpy/SLURM_11194840_22/job-11194840-22-sub-112028/ds/inputs/data/qsiprep/qsiprep/sub-112028/ses-1/dwi/sub-112028_ses-1_acq-multiband_dir-AP_space-ACPC_desc-preproc_dwi.nii.gz	0.0013029315960912	0.0008319822372868	0.0005151384393684	0.0007106123375706	0.0008330676355399	0.0007110003498382	0.0005145965260453	0.0007592032197862	0.0007592512411065	sub-112028	ses-1		dir-AP	acq-multiband	space-ACPC			DSIStudio	autotrackgqi
ProjectionBasalGanglia_OpticRadiationR	dki_rk	DIPYDKI	/scratch/grmpy/SLURM_11194840_22/job-11194840-22-sub-112028/ds/inputs/data/qsiprep/qsiprep/sub-112028/ses-1/dwi/sub-112028_ses-1_acq-multiband_dir-AP_space-ACPC_desc-preproc_dwi.nii.gz	0.0058631921824104	1.21192250972497	0.6011703891721758	1.1538534270997498	1.2190701523118144	1.1554847917531412	0.5956709228159259	1.373424924869982	1.373798236731414	sub-112028	ses-1		dir-AP	acq-multiband	space-ACPC			DSIStudio	autotrackgqi
ProjectionBasalGanglia_OpticRadiationR	dki_sphericity	DIPYDKI	/scratch/grmpy/SLURM_11194840_22/job-11194840-22-sub-112028/ds/inputs/data/qsiprep/qsiprep/sub-112028/ses-1/dwi/sub-112028_ses-1_acq-multiband_dir-AP_space-ACPC_desc-preproc_dwi.nii.gz	0.0013029315960912	0.6083817481994629	0.1861230134963989	0.6199151873588562	0.6091755032539368	0.6202665567398071	0.184941753745079	0.5457327961921692	0.5457673072814941	sub-112028	ses-1		dir-AP	acq-multiband	space-ACPC			DSIStudio	autotrackgqi
ProjectionBrainstem_ReticularTractL	dki_ad	DIPYDKI	/scratch/grmpy/SLURM_11194840_22/job-11194840-22-sub-112028/ds/inputs/data/qsiprep/qsiprep/sub-112028/ses-1/dwi/sub-112028_ses-1_acq-multiband_dir-AP_space-ACPC_desc-preproc_dwi.nii.gz	0.0	0.001531904679723	0.0005445021088235	0.0014223819598555	0.001531904679723	0.0014223819598555	0.0005445021088235	0.0015910116489976	0.0015910116489976	sub-112028	ses-1		dir-AP	acq-multiband	space-ACPC			DSIStudio	autotrackgqi
ProjectionBrainstem_ReticularTractL	dki_ak	DIPYDKI	/scratch/grmpy/SLURM_11194840_22/job-11194840-22-sub-112028/ds/inputs/data/qsiprep/qsiprep/sub-112028/ses-1/dwi/sub-112028_ses-1_acq-multiband_dir-AP_space-ACPC_desc-preproc_dwi.nii.gz	0.0011111111111111	0.8320333131061903	0.1609610151033244	0.8241140649115153	0.832958822909423	0.8246628249206184	0.1586390746726319	0.8278946975981728	0.8299597511255354	sub-112028	ses-1		dir-AP	acq-multiband	space-ACPC			DSIStudio	autotrackgqi
ProjectionBrainstem_ReticularTractL	dki_fa	DIPYDKI	/scratch/grmpy/SLURM_11194840_22/job-11194840-22-sub-112028/ds/inputs/data/qsiprep/qsiprep/sub-112028/ses-1/dwi/sub-112028_ses-1_acq-multiband_dir-AP_space-ACPC_desc-preproc_dwi.nii.gz	0.0	0.4194306135177612	0.1707353591918945	0.4126144647598266	0.4194306135177612	0.4126144647598266	0.1707353591918945	0.49276864528656	0.49276864528656	sub-112028	ses-1		dir-AP	acq-multiband	space-ACPC			DSIStudio	autotrackgqi
ProjectionBrainstem_ReticularTractL	dki_kfa	DIPYDKI	/scratch/grmpy/SLURM_11194840_22/job-11194840-22-sub-112028/ds/inputs/data/qsiprep/qsiprep/sub-112028/ses-1/dwi/sub-112028_ses-1_acq-multiband_dir-AP_space-ACPC_desc-preproc_dwi.nii.gz	0.0018518518518518	0.5021520256996155	0.1525782644748687	0.4951422214508056	0.5030837059020996	0.495478868484497	0.1511774659156799	0.5540258288383484	0.5549742579460144	sub-112028	ses-1		dir-AP	acq-multiband	space-ACPC			DSIStudio	autotrackgqi
ProjectionBrainstem_ReticularTractL	dki_linearity	DIPYDKI	/scratch/grmpy/SLURM_11194840_22/job-11194840-22-sub-112028/ds/inputs/data/qsiprep/qsiprep/sub-112028/ses-1/dwi/sub-112028_ses-1_acq-multiband_dir-AP_space-ACPC_desc-preproc_dwi.nii.gz	0.0	0.2049266248941421	0.1324144750833511	0.1799337565898895	0.2049266248941421	0.1799337565898895	0.1324144750833511	0.2612185776233673	0.2612185776233673	sub-112028	ses-1		dir-AP	acq-multiband	space-ACPC			DSIStudio	autotrackgqi
ProjectionBrainstem_ReticularTractL	dki_md	DIPYDKI	/scratch/grmpy/SLURM_11194840_22/job-11194840-22-sub-112028/ds/inputs/data/qsiprep/qsiprep/sub-112028/ses-1/dwi/sub-112028_ses-1_acq-multiband_dir-AP_space-ACPC_desc-preproc_dwi.nii.gz	0.0	0.0010335168335586	0.0004027838003821	0.0009445504983887	0.0010335168335586	0.0009445504983887	0.0004027838003821	0.0009978050366044	0.0009978050366044	sub-112028	ses-1		dir-AP	acq-multiband	space-ACPC			DSIStudio	autotrackgqi
ProjectionBrainstem_ReticularTractL	dki_mk	DIPYDKI	/scratch/grmpy/SLURM_11194840_22/job-11194840-22-sub-112028/ds/inputs/data/qsiprep/qsiprep/sub-112028/ses-1/dwi/sub-112028_ses-1_acq-multiband_dir-AP_space-ACPC_desc-preproc_dwi.nii.gz	0.0011111111111111	1.0193536088281263	0.2702875853078774	1.0595065515953723	1.020487483810138	1.0598917916402433	0.2682900230710134	1.0415901870005069	1.0441882704686904	sub-112028	ses-1		dir-AP	acq-multiband	space-ACPC			DSIStudio	autotrackgqi
ProjectionBrainstem_ReticularTractL	dki_mkt	DIPYDKI	/scratch/grmpy/SLURM_11194840_22/job-11194840-22-sub-112028/ds/inputs/data/qsiprep/qsiprep/sub-112028/ses-1/dwi/sub-112028_ses-1_acq-multiband_dir-AP_space-ACPC_desc-preproc_dwi.nii.gz	0.0	1.0181584458937825	0.186606332256583	1.0493990200265768	1.0181584458937825	1.0493990200265768	0.186606332256583	1.0581299847245562	1.0581299847245562	sub-112028	ses-1		dir-AP	acq-multiband	space-ACPC			DSIStudio	autotrackgqi
ProjectionBrainstem_ReticularTractL	dki_planarity	DIPYDKI	/scratch/grmpy/SLURM_11194840_22/job-11194840-22-sub-112028/ds/inputs/data/qsiprep/qsiprep/sub-112028/ses-1/dwi/sub-112028_ses-1_acq-multiband_dir-AP_space-ACPC_desc-preproc_dwi.nii.gz	0.0	0.1831215023994445	0.1107197627425193	0.1655278950929641	0.1831215023994445	0.1655278950929641	0.1107197627425193	0.1823499053716659	0.1823499053716659	sub-112028	ses-1		dir-AP	acq-multiband	space-ACPC			DSIStudio	autotrackgqi
ProjectionBrainstem_ReticularTractL	dki_rd	DIPYDKI	/scratch/grmpy/SLURM_11194840_22/job-11194840-22-sub-112028/ds/inputs/data/qsiprep/qsiprep/sub-112028/ses-1/dwi/sub-112028_ses-1_acq-multiband_dir-AP_space-ACPC_desc-preproc_dwi.nii.gz	0.0	0.0007843230268917	0.0003834160161204	0.0007333792746067	0.0007843230268917	0.0007333792746067	0.0003834160161204	0.000701201846823	0.000701201846823	sub-112028	ses-1		dir-AP	acq-multiband	space-ACPC			DSIStudio	autotrackgqi
ProjectionBrainstem_ReticularTractL	dki_rk	DIPYDKI	/scratch/grmpy/SLURM_11194840_22/job-11194840-22-sub-112028/ds/inputs/data/qsiprep/qsiprep/sub-112028/ses-1/dwi/sub-112028_ses-1_acq-multiband_dir-AP_space-ACPC_desc-preproc_dwi.nii.gz	0.0011111111111111	1.2792505361325857	0.5779852786661213	1.2727852475801842	1.2806735066955808	1.272974468022592	0.5767288965163831	1.3268245502373337	1.3301341063192744	sub-112028	ses-1		dir-AP	acq-multiband	space-ACPC			DSIStudio	autotrackgqi
ProjectionBrainstem_ReticularTractL	dki_sphericity	DIPYDKI	/scratch/grmpy/SLURM_11194840_22/job-11194840-22-sub-112028/ds/inputs/data/qsiprep/qsiprep/sub-112028/ses-1/dwi/sub-112028_ses-1_acq-multiband_dir-AP_space-ACPC_desc-preproc_dwi.nii.gz	0.0	0.6119518876075745	0.1618710458278656	0.6251087188720703	0.6119518876075745	0.6251087188720703	0.1618710458278656	0.5564315319061279	0.5564315319061279	sub-112028	ses-1		dir-AP	acq-multiband	space-ACPC			DSIStudio	autotrackgqi
ProjectionBasalGanglia_AcousticRadiationL	dki_ad	DIPYDKI	/scratch/grmpy/SLURM_11194840_22/job-11194840-22-sub-112028/ds/inputs/data/qsiprep/qsiprep/sub-112028/ses-1/dwi/sub-112028_ses-1_acq-multiband_dir-AP_space-ACPC_desc-preproc_dwi.nii.gz	0.0	0.001656399690546	0.0007145698182284	0.0014354609884321	0.001656399690546	0.0014354609884321	0.0007145698182284	0.0016722613945603	0.0016722616273909	sub-112028	ses-1		dir-AP	acq-multiband	space-ACPC			DSIStudio	autotrackgqi
ProjectionBasalGanglia_AcousticRadiationL	dki_ak	DIPYDKI	/scratch/grmpy/SLURM_11194840_22/job-11194840-22-sub-112028/ds/inputs/data/qsiprep/qsiprep/sub-112028/ses-1/dwi/sub-112028_ses-1_acq-multiband_dir-AP_space-ACPC_desc-preproc_dwi.nii.gz	0.0	0.7705004136768037	0.1655067520119807	0.765862471378639	0.7705004136768037	0.765862471378639	0.1655067520119807	0.756360736955433	0.756360801056481	sub-112028	ses-1		dir-AP	acq-multiband	space-ACPC			DSIStudio	autotrackgqi
ProjectionBasalGanglia_AcousticRadiationL	dki_fa	DIPYDKI	/scratch/grmpy/SLURM_11194840_22/job-11194840-22-sub-112028/ds/inputs/data/qsiprep/qsiprep/sub-112028/ses-1/dwi/sub-112028_ses-1_acq-multiband_dir-AP_space-ACPC_desc-preproc_dwi.nii.gz	0.0	0.396094411611557	0.175876185297966	0.3839006423950195	0.396094411611557	0.3839006423950195	0.175876185297966	0.431357741355896	0.431357741355896	sub-112028	ses-1		dir-AP	acq-multiband	space-ACPC			DSIStudio	autotrackgqi
ProjectionBasalGanglia_AcousticRadiationL	dki_kfa	DIPYDKI	/scratch/grmpy/SLURM_11194840_22/job-11194840-22-sub-112028/ds/inputs/data/qsiprep/qsiprep/sub-112028/ses-1/dwi/sub-112028_ses-1_acq-multiband_dir-AP_space-ACPC_desc-preproc_dwi.nii.gz	0.0005892751915144	0.4978578984737396	0.1811564862728119	0.503834068775177	0.4981514513492584	0.5038502216339111	0.1808059513568878	0.5132279396057129	0.5137447118759155	sub-112028	ses-1		dir-AP	acq-multiband	space-ACPC			DSIStudio	autotrackgqi
ProjectionBasalGanglia_AcousticRadiationL	dki_linearity	DIPYDKI	/scratch/grmpy/SLURM_11194840_22/job-11194840-22-sub-112028/ds/inputs/data/qsiprep/qsiprep/sub-112028/ses-1/dwi/sub-112028_ses-1_acq-multiband_dir-AP_space-ACPC_desc-preproc_dwi.nii.gz	0.0	0.1912945359945297	0.1297878473997116	0.1629460602998733	0.1912945359945297	0.1629460602998733	0.1297878473997116	0.2217961549758911	0.2217961847782135	sub-112028	ses-1		dir-AP	acq-multiband	space-ACPC			DSIStudio	autotrackgqi
ProjectionBasalGanglia_AcousticRadiationL	dki_md	DIPYDKI	/scratch/grmpy/SLURM_11194840_22/job-11194840-22-sub-112028/ds/inputs/data/qsiprep/qsiprep/sub-112028/ses-1/dwi/sub-112028_ses-1_acq-multiband_dir-AP_space-ACPC_desc-preproc_dwi.nii.gz	0.0	0.0011679551098495	0.0006282125250436	0.000924828404095	0.0011679551098495	0.000924828404095	0.0006282125250436	0.0011259274324402	0.0011259275488555	sub-112028	ses-1		dir-AP	acq-multiband	space-ACPC			DSIStudio	autotrackgqi
ProjectionBasalGanglia_AcousticRadiationL	dki_mk	DIPYDKI	/scratch/grmpy/SLURM_11194840_22/job-11194840-22-sub-112028/ds/inputs/data/qsiprep/qsiprep/sub-112028/ses-1/dwi/sub-112028_ses-1_acq-multiband_dir-AP_space-ACPC_desc-preproc_dwi.nii.gz	0.0	0.9069391328109576	0.2571160481766498	0.927797697820808	0.9069391328109576	0.927797697820808	0.2571160481766498	0.92316057384745	0.9231606520931032	sub-112028	ses-1		dir-AP	acq-multiband	space-ACPC			DSIStudio	autotrackgqi
ProjectionBasalGanglia_AcousticRadiationL	dki_mkt	DIPYDKI	/scratch/grmpy/SLURM_11194840_22/job-11194840-22-sub-112028/ds/inputs/data/qsiprep/qsiprep/sub-112028/ses-1/dwi/sub-112028_ses-1_acq-multiband_dir-AP_space-ACPC_desc-preproc_dwi.nii.gz	0.0	0.9173149339096088	0.1950410307964727	0.9396395610178522	0.9173149339096088	0.9396395610178522	0.1950410307964727	0.9291306511240368	0.9291307298518116	sub-112028	ses-1		dir-AP	acq-multiband	space-ACPC			DSIStudio	autotrackgqi
ProjectionBasalGanglia_AcousticRadiationL	dki_planarity	DIPYDKI	/scratch/grmpy/SLURM_11194840_22/job-11194840-22-sub-112028/ds/inputs/data/qsiprep/qsiprep/sub-112028/ses-1/dwi/sub-112028_ses-1_acq-multiband_dir-AP_space-ACPC_desc-preproc_dwi.nii.gz	0.0	0.1777953207492828	0.1079575642943382	0.159239113330841	0.1777953207492828	0.159239113330841	0.1079575642943382	0.1695150732994079	0.1695150732994079	sub-112028	ses-1		dir-AP	acq-multiband	space-ACPC			DSIStudio	autotrackgqi
ProjectionBasalGanglia_AcousticRadiationL	dki_rd	DIPYDKI	/scratch/grmpy/SLURM_11194840_22/job-11194840-22-sub-112028/ds/inputs/data/qsiprep/qsiprep/sub-112028/ses-1/dwi/sub-112028_ses-1_acq-multiband_dir-AP_space-ACPC_desc-preproc_dwi.nii.gz	0.0	0.0009237328777089	0.0006190441199578	0.0007257585530169	0.0009237328777089	0.0007257585530169	0.0006190441199578	0.0008527603931725	0.0008527604513801	sub-112028	ses-1		dir-AP	acq-multiband	space-ACPC			DSIStudio	autotrackgqi
ProjectionBasalGanglia_AcousticRadiationL	dki_rk	DIPYDKI	/scratch/grmpy/SLURM_11194840_22/job-11194840-22-sub-112028/ds/inputs/data/qsiprep/qsiprep/sub-112028/ses-1/dwi/sub-112028_ses-1_acq-multiband_dir-AP_space-ACPC_desc-preproc_dwi.nii.gz	0.0	1.109496668601002	0.5239228540314205	1.102458996345839	1.109496668601002	1.102458996345839	0.5239228540314205	1.1639313946174212	1.163931493370278	sub-112028	ses-1		dir-AP	acq-multiband	space-ACPC			DSIStudio	autotrackgqi
ProjectionBasalGanglia_AcousticRadiationL	dki_sphericity	DIPYDKI	/scratch/grmpy/SLURM_11194840_22/job-11194840-22-sub-112028/ds/inputs/data/qsiprep/qsiprep/sub-112028/ses-1/dwi/sub-112028_ses-1_acq-multiband_dir-AP_space-ACPC_desc-preproc_dwi.nii.gz	0.0	0.6309101581573486	0.1714366972446441	0.653824508190155	0.6309101581573486	0.653824508190155	0.1714366972446441	0.6086888313293457	0.6086888313293457	sub-112028	ses-1		dir-AP	acq-multiband	space-ACPC			DSIStudio	autotrackgqi
ProjectionBrainstem_MedialLemniscusL	dki_ad	DIPYDKI	/scratch/grmpy/SLURM_11194840_22/job-11194840-22-sub-112028/ds/inputs/data/qsiprep/qsiprep/sub-112028/ses-1/dwi/sub-112028_ses-1_acq-multiband_dir-AP_space-ACPC_desc-preproc_dwi.nii.gz	0.0	0.0015517378924414	0.0006761153927072	0.0014242166653275	0.0015517378924414	0.0014242166653275	0.0006761153927072	0.001639514346607	0.001639514346607	sub-112028	ses-1		dir-AP	acq-multiband	space-ACPC			DSIStudio	autotrackgqi
ProjectionBrainstem_MedialLemniscusL	dki_ak	DIPYDKI	/scratch/grmpy/SLURM_11194840_22/job-11194840-22-sub-112028/ds/inputs/data/qsiprep/qsiprep/sub-112028/ses-1/dwi/sub-112028_ses-1_acq-multiband_dir-AP_space-ACPC_desc-preproc_dwi.nii.gz	0.00066181336863	0.8242822612207448	0.1659202870817485	0.8189225743499592	0.824828143512944	0.8194456930086648	0.1646132256903593	0.8217874672502734	0.8253462439188938	sub-112028	ses-1		dir-AP	acq-multiband	space-ACPC			DSIStudio	autotrackgqi
ProjectionBrainstem_MedialLemniscusL	dki_fa	DIPYDKI	/scratch/grmpy/SLURM_11194840_22/job-11194840-22-sub-112028/ds/inputs/data/qsiprep/qsiprep/sub-112028/ses-1/dwi/sub-112028_ses-1_acq-multiband_dir-AP_space-ACPC_desc-preproc_dwi.nii.gz	0.0	0.4634366631507873	0.1811180859804153	0.4696899354457855	0.4634366631507873	0.4696899354457855	0.1811180859804153	0.5268223285675049	0.5268223285675049	sub-112028	ses-1		dir-AP	acq-multiband	space-ACPC			DSIStudio	autotrackgqi
ProjectionBrainstem_MedialLemniscusL	dki_kfa	DIPYDKI	/scratch/grmpy/SLURM_11194840_22/job-11194840-22-sub-112028/ds/inputs/data/qsiprep/qsiprep/sub-112028/ses-1/dwi/sub-112028_ses-1_acq-multiband_dir-AP_space-ACPC_desc-preproc_dwi.nii.gz	0.0	0.5328750610351562	0.1382288634777069	0.5421239137649536	0.5328750610351562	0.5421239137649536	0.1382288634777069	0.559142529964447	0.559142529964447	sub-112028	ses-1		dir-AP	acq-multiband	space-ACPC			DSIStudio	autotrackgqi
ProjectionBrainstem_MedialLemniscusL	dki_linearity	DIPYDKI	/scratch/grmpy/SLURM_11194840_22/job-11194840-22-sub-112028/ds/inputs/data/qsiprep/qsiprep/sub-112028/ses-1/dwi/sub-112028_ses-1_acq-multiband_dir-AP_space-ACPC_desc-preproc_dwi.nii.gz	0.0	0.2318488657474517	0.1413604021072387	0.2127249240875244	0.2318488657474517	0.2127249240875244	0.1413604021072387	0.2864584922790527	0.2864584922790527	sub-112028	ses-1		dir-AP	acq-multiband	space-ACPC			DSIStudio	autotrackgqi
ProjectionBrainstem_MedialLemniscusL	dki_md	DIPYDKI	/scratch/grmpy/SLURM_11194840_22/job-11194840-22-sub-112028/ds/inputs/data/qsiprep/qsiprep/sub-112028/ses-1/dwi/sub-112028_ses-1_acq-multiband_dir-AP_space-ACPC_desc-preproc_dwi.nii.gz	0.0	0.0010154146002605	0.000570788339246	0.0008891504257917	0.0010154146002605	0.0008891504257917	0.000570788339246	0.0009957406437024	0.0009957406437024	sub-112028	ses-1		dir-AP	acq-multiband	space-ACPC			DSIStudio	autotrackgqi
ProjectionBrainstem_MedialLemniscusL	dki_mk	DIPYDKI	/scratch/grmpy/SLURM_11194840_22/job-11194840-22-sub-112028/ds/inputs/data/qsiprep/qsiprep/sub-112028/ses-1/dwi/sub-112028_ses-1_acq-multiband_dir-AP_space-ACPC_desc-preproc_dwi.nii.gz	0.00066181336863	1.0588820018945355	0.2539902189650153	1.0908296099615418	1.0595832482534062	1.0909094051227877	0.2526078482004133	1.1214295182560885	1.1262859043600142	sub-112028	ses-1		dir-AP	acq-multiband	space-ACPC			DSIStudio	autotrackgqi
ProjectionBrainstem_MedialLemniscusL	dki_mkt	DIPYDKI	/scratch/grmpy/SLURM_11194840_22/job-11194840-22-sub-112028/ds/inputs/data/qsiprep/qsiprep/sub-112028/ses-1/dwi/sub-112028_ses-1_acq-multiband_dir-AP_space-ACPC_desc-preproc_dwi.nii.gz	0.0	1.0456862524212756	0.1812195221618792	1.0773106949591786	1.0456862524212756	1.0773106949591786	0.1812195221618792	1.1028197928916423	1.1028197928916423	sub-112028	ses-1		dir-AP	acq-multiband	space-ACPC			DSIStudio	autotrackgqi
ProjectionBrainstem_MedialLemniscusL	dki_planarity	DIPYDKI	/scratch/grmpy/SLURM_11194840_22/job-11194840-22-sub-112028/ds/inputs/data/qsiprep/qsiprep/sub-112028/ses-1/dwi/sub-112028_ses-1_acq-multiband_dir-AP_space-ACPC_desc-preproc_dwi.nii.gz	0.0	0.2083142399787902	0.1180775314569473	0.1945269703865051	0.2083142399787902	0.1945269703865051	0.1180775314569473	0.2063660025596618	0.2063660025596618	sub-112028	ses-1		dir-AP	acq-multiband	space-ACPC			DSIStudio	autotrackgqi
ProjectionBrainstem_MedialLemniscusL	dki_rd	DIPYDKI	/scratch/grmpy/SLURM_11194840_22/job-11194840-22-sub-112028/ds/inputs/data/qsiprep/qsiprep/sub-112028/ses-1/dwi/sub-112028_ses-1_acq-multiband_dir-AP_space-ACPC_desc-preproc_dwi.nii.gz	0.0	0.0007472528959624	0.0005582677549682	0.0006464688340201	0.0007472528959624	0.0006464688340201	0.0005582677549682	0.0006738537922501	0.0006738537922501	sub-112028	ses-1		dir-AP	acq-multiband	space-ACPC			DSIStudio	autotrackgqi
ProjectionBrainstem_MedialLemniscusL	dki_rk	DIPYDKI	/scratch/grmpy/SLURM_11194840_22/job-11194840-22-sub-112028/ds/inputs/data/qsiprep/qsiprep/sub-112028/ses-1/dwi/sub-112028_ses-1_acq-multiband_dir-AP_space-ACPC_desc-preproc_dwi.nii.gz	0.00066181336863	1.3849539640409243	0.5791408698703653	1.4139215574571573	1.3858711520965807	1.4141186806609731	0.5782345239075402	1.5282754297337329	1.534893675150412	sub-112028	ses-1		dir-AP	acq-multiband	space-ACPC			DSIStudio	autotrackgqi
ProjectionBrainstem_MedialLemniscusL	dki_sphericity	DIPYDKI	/scratch/grmpy/SLURM_11194840_22/job-11194840-22-sub-112028/ds/inputs/data/qsiprep/qsiprep/sub-112028/ses-1/dwi/sub-112028_ses-1_acq-multiband_dir-AP_space-ACPC_desc-preproc_dwi.nii.gz	0.0	0.5598369240760803	0.1822912544012069	0.5657274127006531	0.5598369240760803	0.5657274127006531	0.1822912544012069	0.5071754455566406	0.5071754455566406	sub-112028	ses-1		dir-AP	acq-multiband	space-ACPC			DSIStudio	autotrackgqi
Commissure_CorpusCallosum	dki_ad	DIPYDKI	/scratch/grmpy/SLURM_11194840_22/job-11194840-22-sub-112028/ds/inputs/data/qsiprep/qsiprep/sub-112028/ses-1/dwi/sub-112028_ses-1_acq-multiband_dir-AP_space-ACPC_desc-preproc_dwi.nii.gz	0.0002615575753612	0.0014334730803966	0.0004800613678526	0.0013271253556013	0.0014338481705635	0.0013272678479552	0.0004795638378709	0.0016264891019091	0.0016265151789411	sub-112028	ses-1		dir-AP	acq-multiband	space-ACPC			DSIStudio	autotrackgqi
Commissure_CorpusCallosum	dki_ak	DIPYDKI	/scratch/grmpy/SLURM_11194840_22/job-11194840-22-sub-112028/ds/inputs/data/qsiprep/qsiprep/sub-112028/ses-1/dwi/sub-112028_ses-1_acq-multiband_dir-AP_space-ACPC_desc-preproc_dwi.nii.gz	0.0027790492382135	0.7557770949731408	0.1682733846205598	0.7587157734474725	0.7578832899527388	0.7591487587459814	0.1637027570233319	0.7487806068146426	0.7532937557268622	sub-112028	ses-1		dir-AP	acq-multiband	space-ACPC			DSIStudio	autotrackgqi
Commissure_CorpusCallosum	dki_fa	DIPYDKI	/scratch/grmpy/SLURM_11194840_22/job-11194840-22-sub-112028/ds/inputs/data/qsiprep/qsiprep/sub-112028/ses-1/dwi/sub-112028_ses-1_acq-multiband_dir-AP_space-ACPC_desc-preproc_dwi.nii.gz	0.0002615575753612	0.3701432049274444	0.2095277458429336	0.3431114554405212	0.3702400624752044	0.3431755304336548	0.2094695717096328	0.5253324508666992	0.5253409147262573	sub-112028	ses-1		dir-AP	acq-multiband	space-ACPC			DSIStudio	autotrackgqi
Commissure_CorpusCallosum	dki_kfa	DIPYDKI	/scratch/grmpy/SLURM_11194840_22/job-11194840-22-sub-112028/ds/inputs/data/qsiprep/qsiprep/sub-112028/ses-1/dwi/sub-112028_ses-1_acq-multiband_dir-AP_space-ACPC_desc-preproc_dwi.nii.gz	0.0064408552932714	0.4810709953308105	0.1656805276870727	0.4782554507255554	0.4841895699501037	0.4793797433376312	0.1616106331348419	0.5537866353988647	0.5544723272323608	sub-112028	ses-1		dir-AP	acq-multiband	space-ACPC			DSIStudio	autotrackgqi
Commissure_CorpusCallosum	dki_linearity	DIPYDKI	/scratch/grmpy/SLURM_11194840_22/job-11194840-22-sub-112028/ds/inputs/data/qsiprep/qsiprep/sub-112028/ses-1/dwi/sub-112028_ses-1_acq-multiband_dir-AP_space-ACPC_desc-preproc_dwi.nii.gz	0.0002615575753612	0.1808516383171081	0.1628690510988235	0.1276220977306366	0.1808989644050598	0.1276650428771972	0.1628640741109848	0.2988232374191284	0.2988280653953552	sub-112028	ses-1		dir-AP	acq-multiband	space-ACPC			DSIStudio	autotrackgqi
Commissure_CorpusCallosum	dki_md	DIPYDKI	/scratch/grmpy/SLURM_11194840_22/job-11194840-22-sub-112028/ds/inputs/data/qsiprep/qsiprep/sub-112028/ses-1/dwi/sub-112028_ses-1_acq-multiband_dir-AP_space-ACPC_desc-preproc_dwi.nii.gz	0.0002615575753612	0.0010099733481183	0.0003649626742117	0.0009202614892274	0.0010102376108989	0.0009202802320942	0.0003646445693448	0.000973618007265	0.0009736337233334	sub-112028	ses-1		dir-AP	acq-multiband	space-ACPC			DSIStudio	autotrackgqi
Commissure_CorpusCallosum	dki_mk	DIPYDKI	/scratch/grmpy/SLURM_11194840_22/job-11194840-22-sub-112028/ds/inputs/data/qsiprep/qsiprep/sub-112028/ses-1/dwi/sub-112028_ses-1_acq-multiband_dir-AP_space-ACPC_desc-preproc_dwi.nii.gz	0.0027790492382135	0.9245346888749448	0.3032758114095135	0.9451862653700048	0.9271111764836912	0.9462333079208362	0.299739630493511	1.054791421251878	1.0611489987353413	sub-112028	ses-1		dir-AP	acq-multiband	space-ACPC			DSIStudio	autotrackgqi
Commissure_CorpusCallosum	dki_mkt	DIPYDKI	/scratch/grmpy/SLURM_11194840_22/job-11194840-22-sub-112028/ds/inputs/data/qsiprep/qsiprep/sub-112028/ses-1/dwi/sub-112028_ses-1_acq-multiband_dir-AP_space-ACPC_desc-preproc_dwi.nii.gz	0.0002615575753612	0.904872801887628	0.2341795998892619	0.9431476984650627	0.9051095401443844	0.9433131057743932	0.2337523444630559	1.0146066745835438	1.0146230035311927	sub-112028	ses-1		dir-AP	acq-multiband	space-ACPC			DSIStudio	autotrackgqi
Commissure_CorpusCallosum	dki_planarity	DIPYDKI	/scratch/grmpy/SLURM_11194840_22/job-11194840-22-sub-112028/ds/inputs/data/qsiprep/qsiprep/sub-112028/ses-1/dwi/sub-112028_ses-1_acq-multiband_dir-AP_space-ACPC_desc-preproc_dwi.nii.gz	0.0005558098476427	0.1687556356191635	0.1127392798662185	0.1430277824401855	0.1688494831323623	0.1430639624595642	0.112700343132019	0.1853066235780716	0.1853921711444854	sub-112028	ses-1		dir-AP	acq-multiband	space-ACPC			DSIStudio	autotrackgqi
Commissure_CorpusCallosum	dki_rd	DIPYDKI	/scratch/grmpy/SLURM_11194840_22/job-11194840-22-sub-112028/ds/inputs/data/qsiprep/qsiprep/sub-112028/ses-1/dwi/sub-112028_ses-1_acq-multiband_dir-AP_space-ACPC_desc-preproc_dwi.nii.gz	0.0002615575753612	0.0007982235401868	0.0003930003731511	0.000733220949769	0.0007984323892742	0.0007332838140428	0.0003928396035917	0.0006471825763583	0.0006471929955296	sub-112028	ses-1		dir-AP	acq-multiband	space-ACPC			DSIStudio	autotrackgqi
Commissure_CorpusCallosum	dki_rk	DIPYDKI	/scratch/grmpy/SLURM_11194840_22/job-11194840-22-sub-112028/ds/inputs/data/qsiprep/qsiprep/sub-112028/ses-1/dwi/sub-112028_ses-1_acq-multiband_dir-AP_space-ACPC_desc-preproc_dwi.nii.gz	0.0027790492382135	1.2037159150573953	0.7119398730237746	1.1031574993007864	1.2070704231974525	1.1062504283797572	0.7100857448772383	1.5995057463229707	1.6091464974599392	sub-112028	ses-1		dir-AP	acq-multiband	space-ACPC			DSIStudio	autotrackgqi
Commissure_CorpusCallosum	dki_sphericity	DIPYDKI	/scratch/grmpy/SLURM_11194840_22/job-11194840-22-sub-112028/ds/inputs/data/qsiprep/qsiprep/sub-112028/ses-1/dwi/sub-112028_ses-1_acq-multiband_dir-AP_space-ACPC_desc-preproc_dwi.nii.gz	0.0002615575753612	0.650131106376648	0.198770135641098	0.673468291759491	0.6503012180328369	0.6736125946044922	0.1985177546739578	0.5158541202545166	0.5158624053001404	sub-112028	ses-1		dir-AP	acq-multiband	space-ACPC			DSIStudio	autotrackgqi
Commissure_AnteriorCommissure	dki_ad	DIPYDKI	/scratch/grmpy/SLURM_11194840_22/job-11194840-22-sub-112028/ds/inputs/data/qsiprep/qsiprep/sub-112028/ses-1/dwi/sub-112028_ses-1_acq-multiband_dir-AP_space-ACPC_desc-preproc_dwi.nii.gz	0.0022255192878338	0.0013540093787014	0.0003100277390331	0.0013343368191272	0.0013570294249802	0.0013348778011277	0.0003036991984117	0.0014314233558252	0.0014324763324111	sub-112028	ses-1		dir-AP	acq-multiband	space-ACPC			DSIStudio	autotrackgqi
Commissure_AnteriorCommissure	dki_ak	DIPYDKI	/scratch/grmpy/SLURM_11194840_22/job-11194840-22-sub-112028/ds/inputs/data/qsiprep/qsiprep/sub-112028/ses-1/dwi/sub-112028_ses-1_acq-multiband_dir-AP_space-ACPC_desc-preproc_dwi.nii.gz	0.0022255192878338	0.725058047085579	0.1855909609620541	0.7454930234532579	0.7266752769303796	0.745961945892026	0.1826078602414838	0.7051763710600027	0.7056950894892898	sub-112028	ses-1		dir-AP	acq-multiband	space-ACPC			DSIStudio	autotrackgqi
Commissure_AnteriorCommissure	dki_fa	DIPYDKI	/scratch/grmpy/SLURM_11194840_22/job-11194840-22-sub-112028/ds/inputs/data/qsiprep/qsiprep/sub-112028/ses-1/dwi/sub-112028_ses-1_acq-multiband_dir-AP_space-ACPC_desc-preproc_dwi.nii.gz	0.0022255192878338	0.3402694165706634	0.1638471484184265	0.3223331272602081	0.3410283625125885	0.3223887681961059	0.1632388979196548	0.3937432169914245	0.3940328657627105	sub-112028	ses-1		dir-AP	acq-multiband	space-ACPC			DSIStudio	autotrackgqi
Commissure_AnteriorCommissure	dki_kfa	DIPYDKI	/scratch/grmpy/SLURM_11194840_22/job-11194840-22-sub-112028/ds/inputs/data/qsiprep/qsiprep/sub-112028/ses-1/dwi/sub-112028_ses-1_acq-multiband_dir-AP_space-ACPC_desc-preproc_dwi.nii.gz	0.0148367952522255	0.5220468044281006	0.180528923869133	0.5205385684967041	0.5299089550971985	0.5240768194198608	0.1700449734926223	0.5430248975753784	0.5460144877433777	sub-112028	ses-1		dir-AP	acq-multiband	space-ACPC			DSIStudio	autotrackgqi
Commissure_AnteriorCommissure	dki_linearity	DIPYDKI	/scratch/grmpy/SLURM_11194840_22/job-11194840-22-sub-112028/ds/inputs/data/qsiprep/qsiprep/sub-112028/ses-1/dwi/sub-112028_ses-1_acq-multiband_dir-AP_space-ACPC_desc-preproc_dwi.nii.gz	0.0022255192878338	0.1479061990976333	0.1145145148038864	0.1101231426000595	0.1482361108064651	0.1104105040431022	0.1144286692142486	0.1827672272920608	0.1829016804695129	sub-112028	ses-1		dir-AP	acq-multiband	space-ACPC			DSIStudio	autotrackgqi
Commissure_AnteriorCommissure	dki_md	DIPYDKI	/scratch/grmpy/SLURM_11194840_22/job-11194840-22-sub-112028/ds/inputs/data/qsiprep/qsiprep/sub-112028/ses-1/dwi/sub-112028_ses-1_acq-multiband_dir-AP_space-ACPC_desc-preproc_dwi.nii.gz	0.0022255192878338	0.0009881381411105	0.0002301635104231	0.0009389023762196	0.0009903422323986	0.0009390068589709	0.0002256339066661	0.0009900697041302	0.0009907979983836	sub-112028	ses-1		dir-AP	acq-multiband	space-ACPC			DSIStudio	autotrackgqi
Commissure_AnteriorCommissure	dki_mk	DIPYDKI	/scratch/grmpy/SLURM_11194840_22/job-11194840-22-sub-112028/ds/inputs/data/qsiprep/qsiprep/sub-112028/ses-1/dwi/sub-112028_ses-1_acq-multiband_dir-AP_space-ACPC_desc-preproc_dwi.nii.gz	0.0022255192878338	0.796361222203179	0.2878725429418617	0.8160327193683345	0.7981374925872753	0.8170525019445896	0.285723178056084	0.8516176510490292	0.8522440897449389	sub-112028	ses-1		dir-AP	acq-multiband	space-ACPC			DSIStudio	autotrackgqi
Commissure_AnteriorCommissure	dki_mkt	DIPYDKI	/scratch/grmpy/SLURM_11194840_22/job-11194840-22-sub-112028/ds/inputs/data/qsiprep/qsiprep/sub-112028/ses-1/dwi/sub-112028_ses-1_acq-multiband_dir-AP_space-ACPC_desc-preproc_dwi.nii.gz	0.0022255192878338	0.7962419136143295	0.2484835498472281	0.8271661552507712	0.7980179178826142	0.8281383887076565	0.2458953241558919	0.8375711223488289	0.838187228751686	sub-112028	ses-1		dir-AP	acq-multiband	space-ACPC			DSIStudio	autotrackgqi
Commissure_AnteriorCommissure	dki_planarity	DIPYDKI	/scratch/grmpy/SLURM_11194840_22/job-11194840-22-sub-112028/ds/inputs/data/qsiprep/qsiprep/sub-112028/ses-1/dwi/sub-112028_ses-1_acq-multiband_dir-AP_space-ACPC_desc-preproc_dwi.nii.gz	0.0022255192878338	0.1750950813293457	0.1052369177341461	0.1565791070461273	0.1754856258630752	0.1566570103168487	0.1050284579396247	0.1823849380016327	0.1825190782546997	sub-112028	ses-1		dir-AP	acq-multiband	space-ACPC			DSIStudio	autotrackgqi
Commissure_AnteriorCommissure	dki_rd	DIPYDKI	/scratch/grmpy/SLURM_11194840_22/job-11194840-22-sub-112028/ds/inputs/data/qsiprep/qsiprep/sub-112028/ses-1/dwi/sub-112028_ses-1_acq-multiband_dir-AP_space-ACPC_desc-preproc_dwi.nii.gz	0.0022255192878338	0.0008052025805227	0.000256276485743	0.0007541747763752	0.0008069985779002	0.0007542603998444	0.000253721838817	0.0007693928200751	0.0007699588313698	sub-112028	ses-1		dir-AP	acq-multiband	space-ACPC			DSIStudio	autotrackgqi
Commissure_AnteriorCommissure	dki_rk	DIPYDKI	/scratch/grmpy/SLURM_11194840_22/job-11194840-22-sub-112028/ds/inputs/data/qsiprep/qsiprep/sub-112028/ses-1/dwi/sub-112028_ses-1_acq-multiband_dir-AP_space-ACPC_desc-preproc_dwi.nii.gz	0.0022255192878338	0.9463338870573964	0.5537938337738396	0.8751866533010795	0.9484446689616136	0.8757119098093383	0.5526026710629452	1.1035696927906504	1.1043814642083365	sub-112028	ses-1		dir-AP	acq-multiband	space-ACPC			DSIStudio	autotrackgqi
Commissure_AnteriorCommissure	dki_sphericity	DIPYDKI	/scratch/grmpy/SLURM_11194840_22/job-11194840-22-sub-112028/ds/inputs/data/qsiprep/qsiprep/sub-112028/ses-1/dwi/sub-112028_ses-1_acq-multiband_dir-AP_space-ACPC_desc-preproc_dwi.nii.gz	0.0022255192878338	0.6747731566429138	0.1532209813594818	0.6860134601593018	0.6762782335281372	0.6862373948097229	0.1500372886657714	0.6341128349304199	0.6345793008804321	sub-112028	ses-1		dir-AP	acq-multiband	space-ACPC			DSIStudio	autotrackgqi
Cerebellum_Vermis	dki_ad	DIPYDKI	/scratch/grmpy/SLURM_11194840_22/job-11194840-22-sub-112028/ds/inputs/data/qsiprep/qsiprep/sub-112028/ses-1/dwi/sub-112028_ses-1_acq-multiband_dir-AP_space-ACPC_desc-preproc_dwi.nii.gz	0.0	0.0012406582245603	0.0006343562854453	0.001098611857742	0.0012406582245603	0.001098611857742	0.0006343562854453	0.0012189224362373	0.0012189224362373	sub-112028	ses-1		dir-AP	acq-multiband	space-ACPC			DSIStudio	autotrackgqi
Cerebellum_Vermis	dki_ak	DIPYDKI	/scratch/grmpy/SLURM_11194840_22/job-11194840-22-sub-112028/ds/inputs/data/qsiprep/qsiprep/sub-112028/ses-1/dwi/sub-112028_ses-1_acq-multiband_dir-AP_space-ACPC_desc-preproc_dwi.nii.gz	0.0010358400662937	0.9840954702927184	0.1848525367642759	0.9883763859868654	0.9851158928044278	0.9884221061114709	0.1822104765049274	0.9831783149173808	0.9833154588798042	sub-112028	ses-1		dir-AP	acq-multiband	space-ACPC			DSIStudio	autotrackgqi
Cerebellum_Vermis	dki_fa	DIPYDKI	/scratch/grmpy/SLURM_11194840_22/job-11194840-22-sub-112028/ds/inputs/data/qsiprep/qsiprep/sub-112028/ses-1/dwi/sub-112028_ses-1_acq-multiband_dir-AP_space-ACPC_desc-preproc_dwi.nii.gz	0.0	0.2635198831558227	0.098444178700447	0.2481772005558014	0.2635198831558227	0.2481772005558014	0.098444178700447	0.2762828469276428	0.2762828469276428	sub-112028	ses-1		dir-AP	acq-multiband	space-ACPC			DSIStudio	autotrackgqi
Cerebellum_Vermis	dki_kfa	DIPYDKI	/scratch/grmpy/SLURM_11194840_22/job-11194840-22-sub-112028/ds/inputs/data/qsiprep/qsiprep/sub-112028/ses-1/dwi/sub-112028_ses-1_acq-multiband_dir-AP_space-ACPC_desc-preproc_dwi.nii.gz	0.0031075201988812	0.44614177942276	0.1402183920145034	0.4401864111423492	0.4475325047969818	0.4407994151115417	0.1382030993700027	0.4478985369205475	0.448364645242691	sub-112028	ses-1		dir-AP	acq-multiband	space-ACPC			DSIStudio	autotrackgqi
Cerebellum_Vermis	dki_linearity	DIPYDKI	/scratch/grmpy/SLURM_11194840_22/job-11194840-22-sub-112028/ds/inputs/data/qsiprep/qsiprep/sub-112028/ses-1/dwi/sub-112028_ses-1_acq-multiband_dir-AP_space-ACPC_desc-preproc_dwi.nii.gz	0.0	0.1072361022233963	0.0628975853323936	0.0973321944475174	0.1072361022233963	0.0973321944475174	0.0628975853323936	0.1152836605906486	0.1152836605906486	sub-112028	ses-1		dir-AP	acq-multiband	space-ACPC			DSIStudio	autotrackgqi
Cerebellum_Vermis	dki_md	DIPYDKI	/scratch/grmpy/SLURM_11194840_22/job-11194840-22-sub-112028/ds/inputs/data/qsiprep/qsiprep/sub-112028/ses-1/dwi/sub-112028_ses-1_acq-multiband_dir-AP_space-ACPC_desc-preproc_dwi.nii.gz	0.0	0.0009721511160023	0.0005129775963723	0.000855452613905	0.0009721511160023	0.000855452613905	0.0005129775963723	0.0009399776463396	0.0009399776463396	sub-112028	ses-1		dir-AP	acq-multiband	space-ACPC			DSIStudio	autotrackgqi
Cerebellum_Vermis	dki_mk	DIPYDKI	/scratch/grmpy/SLURM_11194840_22/job-11194840-22-sub-112028/ds/inputs/data/qsiprep/qsiprep/sub-112028/ses-1/dwi/sub-112028_ses-1_acq-multiband_dir-AP_space-ACPC_desc-preproc_dwi.nii.gz	0.0010358400662937	0.9945135617937854	0.1995228774996469	1.0095368960702915	0.9955447869719208	1.009722897998607	0.1970381351495549	1.0184660236194147	1.0186080896589502	sub-112028	ses-1		dir-AP	acq-multiband	space-ACPC			DSIStudio	autotrackgqi
Cerebellum_Vermis	dki_mkt	DIPYDKI	/scratch/grmpy/SLURM_11194840_22/job-11194840-22-sub-112028/ds/inputs/data/qsiprep/qsiprep/sub-112028/ses-1/dwi/sub-112028_ses-1_acq-multiband_dir-AP_space-ACPC_desc-preproc_dwi.nii.gz	0.0	1.0185330142557794	0.1813459856646863	1.031304828785779	1.0185330142557794	1.031304828785779	0.1813459856646863	1.0379941926080831	1.0379941926080831	sub-112028	ses-1		dir-AP	acq-multiband	space-ACPC			DSIStudio	autotrackgqi
Cerebellum_Vermis	dki_planarity	DIPYDKI	/scratch/grmpy/SLURM_11194840_22/job-11194840-22-sub-112028/ds/inputs/data/qsiprep/qsiprep/sub-112028/ses-1/dwi/sub-112028_ses-1_acq-multiband_dir-AP_space-ACPC_desc-preproc_dwi.nii.gz	0.0	0.1389184147119522	0.0818100199103355	0.1250344663858413	0.1389184147119522	0.1250344663858413	0.0818100199103355	0.1405168324708938	0.1405168324708938	sub-112028	ses-1		dir-AP	acq-multiband	space-ACPC			DSIStudio	autotrackgqi
Cerebellum_Vermis	dki_rd	DIPYDKI	/scratch/grmpy/SLURM_11194840_22/job-11194840-22-sub-112028/ds/inputs/data/qsiprep/qsiprep/sub-112028/ses-1/dwi/sub-112028_ses-1_acq-multiband_dir-AP_space-ACPC_desc-preproc_dwi.nii.gz	0.0	0.0008378976490348	0.0004635535588022	0.0007369802333414	0.0008378976490348	0.0007369802333414	0.0004635535588022	0.0008005052804946	0.0008005052804946	sub-112028	ses-1		dir-AP	acq-multiband	space-ACPC			DSIStudio	autotrackgqi
Cerebellum_Vermis	dki_rk	DIPYDKI	/scratch/grmpy/SLURM_11194840_22/job-11194840-22-sub-112028/ds/inputs/data/qsiprep/qsiprep/sub-112028/ses-1/dwi/sub-112028_ses-1_acq-multiband_dir-AP_space-ACPC_desc-preproc_dwi.nii.gz	0.0010358400662937	1.0128552335811676	0.3324335403416121	1.0245856170242766	1.0139054774981948	1.0248235846988487	0.3310012117811883	1.058239849180055	1.0583874631146606	sub-112028	ses-1		dir-AP	acq-multiband	space-ACPC			DSIStudio	autotrackgqi
Cerebellum_Vermis	dki_sphericity	DIPYDKI	/scratch/grmpy/SLURM_11194840_22/job-11194840-22-sub-112028/ds/inputs/data/qsiprep/qsiprep/sub-112028/ses-1/dwi/sub-112028_ses-1_acq-multiband_dir-AP_space-ACPC_desc-preproc_dwi.nii.gz	0.0	0.7538454532623291	0.0994590669870376	0.7708936929702759	0.7538454532623291	0.7708936929702759	0.0994590669870376	0.7441995143890381	0.7441995143890381	sub-112028	ses-1		dir-AP	acq-multiband	space-ACPC			DSIStudio	autotrackgqi
Cerebellum_InferiorCerebellarPeduncleR	dki_ad	DIPYDKI	/scratch/grmpy/SLURM_11194840_22/job-11194840-22-sub-112028/ds/inputs/data/qsiprep/qsiprep/sub-112028/ses-1/dwi/sub-112028_ses-1_acq-multiband_dir-AP_space-ACPC_desc-preproc_dwi.nii.gz	0.0	0.001488518435508	0.0007603080011904	0.0012767855077981	0.001488518435508	0.0012767855077981	0.0007603080011904	0.0015322783729061	0.0015322783729061	sub-112028	ses-1		dir-AP	acq-multiband	space-ACPC			DSIStudio	autotrackgqi
Cerebellum_InferiorCerebellarPeduncleR	dki_ak	DIPYDKI	/scratch/grmpy/SLURM_11194840_22/job-11194840-22-sub-112028/ds/inputs/data/qsiprep/qsiprep/sub-112028/ses-1/dwi/sub-112028_ses-1_acq-multiband_dir-AP_space-ACPC_desc-preproc_dwi.nii.gz	0.003954132068011	0.9167582244141754	0.1951734022217524	0.930839590903297	0.9203975980720324	0.9314870868256396	0.1867999130276808	0.9009900576939732	0.9028221542219462	sub-112028	ses-1		dir-AP	acq-multiband	space-ACPC			DSIStudio	autotrackgqi
Cerebellum_InferiorCerebellarPeduncleR	dki_fa	DIPYDKI	/scratch/grmpy/SLURM_11194840_22/job-11194840-22-sub-112028/ds/inputs/data/qsiprep/qsiprep/sub-112028/ses-1/dwi/sub-112028_ses-1_acq-multiband_dir-AP_space-ACPC_desc-preproc_dwi.nii.gz	0.003954132068011	0.3198792040348053	0.1495885401964187	0.2859330475330353	0.3211490511894226	0.2868106067180633	0.1485185176134109	0.3827686309814453	0.3835469484329223	sub-112028	ses-1		dir-AP	acq-multiband	space-ACPC			DSIStudio	autotrackgqi
Cerebellum_InferiorCerebellarPeduncleR	dki_kfa	DIPYDKI	/scratch/grmpy/SLURM_11194840_22/job-11194840-22-sub-112028/ds/inputs/data/qsiprep/qsiprep/sub-112028/ses-1/dwi/sub-112028_ses-1_acq-multiband_dir-AP_space-ACPC_desc-preproc_dwi.nii.gz	0.0019770660340055	0.4341535568237304	0.1538869142532348	0.4312972724437713	0.4350136220455169	0.4318035244941711	0.1528200358152389	0.4684158563613891	0.4695882201194763	sub-112028	ses-1		dir-AP	acq-multiband	space-ACPC			DSIStudio	autotrackgqi
Cerebellum_InferiorCerebellarPeduncleR	dki_linearity	DIPYDKI	/scratch/grmpy/SLURM_11194840_22/job-11194840-22-sub-112028/ds/inputs/data/qsiprep/qsiprep/sub-112028/ses-1/dwi/sub-112028_ses-1_acq-multiband_dir-AP_space-ACPC_desc-preproc_dwi.nii.gz	0.003954132068011	0.1400776952505111	0.1029746308922767	0.112009972333908	0.1406337767839431	0.1123413518071174	0.102799154818058	0.1780794858932495	0.1784415990114212	sub-112028	ses-1		dir-AP	acq-multiband	space-ACPC			DSIStudio	autotrackgqi
Cerebellum_InferiorCerebellarPeduncleR	dki_md	DIPYDKI	/scratch/grmpy/SLURM_11194840_22/job-11194840-22-sub-112028/ds/inputs/data/qsiprep/qsiprep/sub-112028/ses-1/dwi/sub-112028_ses-1_acq-multiband_dir-AP_space-ACPC_desc-preproc_dwi.nii.gz	0.0	0.0011123293079435	0.0006406062748283	0.0009268806315958	0.0011123293079435	0.0009268806315958	0.0006406062748283	0.0010740461293607	0.0010740461293607	sub-112028	ses-1		dir-AP	acq-multiband	space-ACPC			DSIStudio	autotrackgqi
Cerebellum_InferiorCerebellarPeduncleR	dki_mk	DIPYDKI	/scratch/grmpy/SLURM_11194840_22/job-11194840-22-sub-112028/ds/inputs/data/qsiprep/qsiprep/sub-112028/ses-1/dwi/sub-112028_ses-1_acq-multiband_dir-AP_space-ACPC_desc-preproc_dwi.nii.gz	0.003954132068011	1.028468062703569	0.2104714919470936	1.0441257571480198	1.0325509053502684	1.0448523386706203	0.2006448667112532	1.0701826914454615	1.072358828474591	sub-112028	ses-1		dir-AP	acq-multiband	space-ACPC			DSIStudio	autotrackgqi
Cerebellum_InferiorCerebellarPeduncleR	dki_mkt	DIPYDKI	/scratch/grmpy/SLURM_11194840_22/job-11194840-22-sub-112028/ds/inputs/data/qsiprep/qsiprep/sub-112028/ses-1/dwi/sub-112028_ses-1_acq-multiband_dir-AP_space-ACPC_desc-preproc_dwi.nii.gz	0.0	1.075623497096727	0.5904928111474672	1.0564511715758482	1.075623497096727	1.0564511715758482	0.5904928111474672	1.0917022862715595	1.0917022862715595	sub-112028	ses-1		dir-AP	acq-multiband	space-ACPC			DSIStudio	autotrackgqi
Cerebellum_InferiorCerebellarPeduncleR	dki_planarity	DIPYDKI	/scratch/grmpy/SLURM_11194840_22/job-11194840-22-sub-112028/ds/inputs/data/qsiprep/qsiprep/sub-112028/ses-1/dwi/sub-112028_ses-1_acq-multiband_dir-AP_space-ACPC_desc-preproc_dwi.nii.gz	0.003954132068011	0.1601005494594574	0.0965921208262443	0.1438177525997162	0.1607361137866974	0.1441910862922668	0.0962544456124305	0.1815796196460724	0.1819488406181335	sub-112028	ses-1		dir-AP	acq-multiband	space-ACPC			DSIStudio	autotrackgqi
Cerebellum_InferiorCerebellarPeduncleR	dki_rd	DIPYDKI	/scratch/grmpy/SLURM_11194840_22/job-11194840-22-sub-112028/ds/inputs/data/qsiprep/qsiprep/sub-112028/ses-1/dwi/sub-112028_ses-1_acq-multiband_dir-AP_space-ACPC_desc-preproc_dwi.nii.gz	0.0	0.0009242346859537	0.0006068461225368	0.0007586926803924	0.0009242346859537	0.0007586926803924	0.0006068461225368	0.0008449299493804	0.0008449299493804	sub-112028	ses-1		dir-AP	acq-multiband	space-ACPC			DSIStudio	autotrackgqi
Cerebellum_InferiorCerebellarPeduncleR	dki_rk	DIPYDKI	/scratch/grmpy/SLURM_11194840_22/job-11194840-22-sub-112028/ds/inputs/data/qsiprep/qsiprep/sub-112028/ses-1/dwi/sub-112028_ses-1_acq-multiband_dir-AP_space-ACPC_desc-preproc_dwi.nii.gz	0.003954132068011	1.1480597001326551	0.3891246342714707	1.1164756374986533	1.1526173011653371	1.1169391572759326	0.3831003977183173	1.2609275298045337	1.2634915318981244	sub-112028	ses-1		dir-AP	acq-multiband	space-ACPC			DSIStudio	autotrackgqi
Cerebellum_InferiorCerebellarPeduncleR	dki_sphericity	DIPYDKI	/scratch/grmpy/SLURM_11194840_22/job-11194840-22-sub-112028/ds/inputs/data/qsiprep/qsiprep/sub-112028/ses-1/dwi/sub-112028_ses-1_acq-multiband_dir-AP_space-ACPC_desc-preproc_dwi.nii.gz	0.0	0.6998217105865479	0.1434753686189651	0.7270076870918274	0.6998217105865479	0.7270076870918274	0.1434753686189651	0.6403408646583557	0.6403408646583557	sub-112028	ses-1		dir-AP	acq-multiband	space-ACPC			DSIStudio	autotrackgqi
Cerebellum_CerebellumL	dki_ad	DIPYDKI	/scratch/grmpy/SLURM_11194840_22/job-11194840-22-sub-112028/ds/inputs/data/qsiprep/qsiprep/sub-112028/ses-1/dwi/sub-112028_ses-1_acq-multiband_dir-AP_space-ACPC_desc-preproc_dwi.nii.gz	0.0036028823058446	0.0011839122744277	0.0004314045072533	0.0010877643944695	0.0011881930986419	0.0010890072444453	0.0004262584261596	0.0011307303793728	0.0011318733450025	sub-112028	ses-1		dir-AP	acq-multiband	space-ACPC			DSIStudio	autotrackgqi
Cerebellum_CerebellumL	dki_ak	DIPYDKI	/scratch/grmpy/SLURM_11194840_22/job-11194840-22-sub-112028/ds/inputs/data/qsiprep/qsiprep/sub-112028/ses-1/dwi/sub-112028_ses-1_acq-multiband_dir-AP_space-ACPC_desc-preproc_dwi.nii.gz	0.0042700827328529	0.9575160712775082	0.1821075511644044	0.9654461758388556	0.9616222779621612	0.9662102066590448	0.1713381366773141	0.9589224741737764	0.959970492391918	sub-112028	ses-1		dir-AP	acq-multiband	space-ACPC			DSIStudio	autotrackgqi
Cerebellum_CerebellumL	dki_fa	DIPYDKI	/scratch/grmpy/SLURM_11194840_22/job-11194840-22-sub-112028/ds/inputs/data/qsiprep/qsiprep/sub-112028/ses-1/dwi/sub-112028_ses-1_acq-multiband_dir-AP_space-ACPC_desc-preproc_dwi.nii.gz	0.0036028823058446	0.2532895803451538	0.1057735010981559	0.2358459681272506	0.2542054653167724	0.2361583113670349	0.1048602387309074	0.2583293616771698	0.2585904598236084	sub-112028	ses-1		dir-AP	acq-multiband	space-ACPC			DSIStudio	autotrackgqi
Cerebellum_CerebellumL	dki_kfa	DIPYDKI	/scratch/grmpy/SLURM_11194840_22/job-11194840-22-sub-112028/ds/inputs/data/qsiprep/qsiprep/sub-112028/ses-1/dwi/sub-112028_ses-1_acq-multiband_dir-AP_space-ACPC_desc-preproc_dwi.nii.gz	0.0061382439284761	0.421965628862381	0.1661090552806854	0.4080463647842407	0.4245717525482178	0.4090204238891601	0.1632671058177948	0.429304301738739	0.4304633140563965	sub-112028	ses-1		dir-AP	acq-multiband	space-ACPC			DSIStudio	autotrackgqi
Cerebellum_CerebellumL	dki_linearity	DIPYDKI	/scratch/grmpy/SLURM_11194840_22/job-11194840-22-sub-112028/ds/inputs/data/qsiprep/qsiprep/sub-112028/ses-1/dwi/sub-112028_ses-1_acq-multiband_dir-AP_space-ACPC_desc-preproc_dwi.nii.gz	0.0036028823058446	0.1028582826256752	0.0647472515702247	0.0923980772495269	0.103230208158493	0.0925805941224098	0.0645675659179687	0.1060634329915046	0.1061706393957138	sub-112028	ses-1		dir-AP	acq-multiband	space-ACPC			DSIStudio	autotrackgqi
Cerebellum_CerebellumL	dki_md	DIPYDKI	/scratch/grmpy/SLURM_11194840_22/job-11194840-22-sub-112028/ds/inputs/data/qsiprep/qsiprep/sub-112028/ses-1/dwi/sub-112028_ses-1_acq-multiband_dir-AP_space-ACPC_desc-preproc_dwi.nii.gz	0.0036028823058446	0.0009366672602482	0.0003615835157688	0.000854282232467	0.0009400541312061	0.0008547721081413	0.0003578149480745	0.0008882705587893	0.0008891684119589	sub-112028	ses-1		dir-AP	acq-multiband	space-ACPC			DSIStudio	autotrackgqi
Cerebellum_CerebellumL	dki_mk	DIPYDKI	/scratch/grmpy/SLURM_11194840_22/job-11194840-22-sub-112028/ds/inputs/data/qsiprep/qsiprep/sub-112028/ses-1/dwi/sub-112028_ses-1_acq-multiband_dir-AP_space-ACPC_desc-preproc_dwi.nii.gz	0.0042700827328529	0.9875109743736448	0.2252099952823582	1.0187767284477809	0.991745811036732	1.0194628495605822	0.2161878022935727	0.9919638242756532	0.9930479536209824	sub-112028	ses-1		dir-AP	acq-multiband	space-ACPC			DSIStudio	autotrackgqi
Cerebellum_CerebellumL	dki_mkt	DIPYDKI	/scratch/grmpy/SLURM_11194840_22/job-11194840-22-sub-112028/ds/inputs/data/qsiprep/qsiprep/sub-112028/ses-1/dwi/sub-112028_ses-1_acq-multiband_dir-AP_space-ACPC_desc-preproc_dwi.nii.gz	0.0036028823058446	1.008632615060485	0.2037800115597386	1.033861872083825	1.0122797398236607	1.0346170537599348	0.1948962235232026	1.0102464651860106	1.011267546266514	sub-112028	ses-1		dir-AP	acq-multiband	space-ACPC			DSIStudio	autotrackgqi
Cerebellum_CerebellumL	dki_planarity	DIPYDKI	/scratch/grmpy/SLURM_11194840_22/job-11194840-22-sub-112028/ds/inputs/data/qsiprep/qsiprep/sub-112028/ses-1/dwi/sub-112028_ses-1_acq-multiband_dir-AP_space-ACPC_desc-preproc_dwi.nii.gz	0.0040032025620496	0.134624108672142	0.086976408958435	0.1168950572609901	0.135165199637413	0.1171515733003616	0.0867304131388664	0.1344874799251556	0.1346316933631897	sub-112028	ses-1		dir-AP	acq-multiband	space-ACPC			DSIStudio	autotrackgqi
Cerebellum_CerebellumL	dki_rd	DIPYDKI	/scratch/grmpy/SLURM_11194840_22/job-11194840-22-sub-112028/ds/inputs/data/qsiprep/qsiprep/sub-112028/ses-1/dwi/sub-112028_ses-1_acq-multiband_dir-AP_space-ACPC_desc-preproc_dwi.nii.gz	0.0036028823058446	0.0008130448404699	0.000341776991263	0.0007378224981948	0.0008159847347997	0.0007382940966635	0.0003388730983715	0.0007670406484976	0.000767815974541	sub-112028	ses-1		dir-AP	acq-multiband	space-ACPC			DSIStudio	autotrackgqi
Cerebellum_CerebellumL	dki_rk	DIPYDKI	/scratch/grmpy/SLURM_11194840_22/job-11194840-22-sub-112028/ds/inputs/data/qsiprep/qsiprep/sub-112028/ses-1/dwi/sub-112028_ses-1_acq-multiband_dir-AP_space-ACPC_desc-preproc_dwi.nii.gz	0.0042700827328529	1.0283415769178683	0.3587540873870631	1.0639636876978988	1.0327515113136565	1.064961119811095	0.353131794743054	1.041509324484157	1.0426476027261289	sub-112028	ses-1		dir-AP	acq-multiband	space-ACPC			DSIStudio	autotrackgqi
Cerebellum_CerebellumL	dki_sphericity	DIPYDKI	/scratch/grmpy/SLURM_11194840_22/job-11194840-22-sub-112028/ds/inputs/data/qsiprep/qsiprep/sub-112028/ses-1/dwi/sub-112028_ses-1_acq-multiband_dir-AP_space-ACPC_desc-preproc_dwi.nii.gz	0.0036028823058446	0.7589147090911865	0.1185083165764808	0.7846657037734985	0.7616588473320007	0.7850898504257202	0.1095668077468872	0.7584394216537476	0.7592059373855591	sub-112028	ses-1		dir-AP	acq-multiband	space-ACPC			DSIStudio	autotrackgqi
Cerebellum_CerebellumR	dki_ad	DIPYDKI	/scratch/grmpy/SLURM_11194840_22/job-11194840-22-sub-112028/ds/inputs/data/qsiprep/qsiprep/sub-112028/ses-1/dwi/sub-112028_ses-1_acq-multiband_dir-AP_space-ACPC_desc-preproc_dwi.nii.gz	0.0	0.0012017480330541	0.0005303335492499	0.0010738041019067	0.0012017480330541	0.0010738041019067	0.0005303335492499	0.0011840325314551	0.0011840325314551	sub-112028	ses-1		dir-AP	acq-multiband	space-ACPC			DSIStudio	autotrackgqi
Cerebellum_CerebellumR	dki_ak	DIPYDKI	/scratch/grmpy/SLURM_11194840_22/job-11194840-22-sub-112028/ds/inputs/data/qsiprep/qsiprep/sub-112028/ses-1/dwi/sub-112028_ses-1_acq-multiband_dir-AP_space-ACPC_desc-preproc_dwi.nii.gz	0.0009136592051164	0.9605207706776262	0.1705442323780377	0.9698425789679715	0.9613991618716616	0.9699871633405538	0.1681292628478767	0.9528957500213646	0.9530517394853332	sub-112028	ses-1		dir-AP	acq-multiband	space-ACPC			DSIStudio	autotrackgqi
Cerebellum_CerebellumR	dki_fa	DIPYDKI	/scratch/grmpy/SLURM_11194840_22/job-11194840-22-sub-112028/ds/inputs/data/qsiprep/qsiprep/sub-112028/ses-1/dwi/sub-112028_ses-1_acq-multiband_dir-AP_space-ACPC_desc-preproc_dwi.nii.gz	0.0003045530683721	0.2521999180316925	0.1076697185635566	0.2317221611738205	0.252276748418808	0.2317352890968322	0.1075960919260978	0.2712115049362182	0.271230936050415	sub-112028	ses-1		dir-AP	acq-multiband	space-ACPC			DSIStudio	autotrackgqi
Cerebellum_CerebellumR	dki_kfa	DIPYDKI	/scratch/grmpy/SLURM_11194840_22/job-11194840-22-sub-112028/ds/inputs/data/qsiprep/qsiprep/sub-112028/ses-1/dwi/sub-112028_ses-1_acq-multiband_dir-AP_space-ACPC_desc-preproc_dwi.nii.gz	0.0010659357393025	0.4137357771396637	0.151173785328865	0.4015105366706848	0.414177268743515	0.4017052948474884	0.1506487429141998	0.4234933853149414	0.423647940158844	sub-112028	ses-1		dir-AP	acq-multiband	space-ACPC			DSIStudio	autotrackgqi
Cerebellum_CerebellumR	dki_linearity	DIPYDKI	/scratch/grmpy/SLURM_11194840_22/job-11194840-22-sub-112028/ds/inputs/data/qsiprep/qsiprep/sub-112028/ses-1/dwi/sub-112028_ses-1_acq-multiband_dir-AP_space-ACPC_desc-preproc_dwi.nii.gz	0.0003045530683721	0.1074598133563995	0.0684698373079299	0.0958451479673385	0.1074925512075424	0.0958613008260726	0.0684545636177063	0.11796385794878	0.1179722994565963	sub-112028	ses-1		dir-AP	acq-multiband	space-ACPC			DSIStudio	autotrackgqi
Cerebellum_CerebellumR	dki_md	DIPYDKI	/scratch/grmpy/SLURM_11194840_22/job-11194840-22-sub-112028/ds/inputs/data/qsiprep/qsiprep/sub-112028/ses-1/dwi/sub-112028_ses-1_acq-multiband_dir-AP_space-ACPC_desc-preproc_dwi.nii.gz	0.0	0.00094701530179	0.0004265138122718	0.0008446101564913	0.00094701530179	0.0008446101564913	0.0004265138122718	0.0009166956297121	0.0009166956297121	sub-112028	ses-1		dir-AP	acq-multiband	space-ACPC			DSIStudio	autotrackgqi
Cerebellum_CerebellumR	dki_mk	DIPYDKI	/scratch/grmpy/SLURM_11194840_22/job-11194840-22-sub-112028/ds/inputs/data/qsiprep/qsiprep/sub-112028/ses-1/dwi/sub-112028_ses-1_acq-multiband_dir-AP_space-ACPC_desc-preproc_dwi.nii.gz	0.0009136592051164	0.9970313950194138	0.1961462648037966	1.0107829767654213	0.9979431749874244	1.010865311800052	0.1939036778484742	1.017996701376923	1.0181633477449434	sub-112028	ses-1		dir-AP	acq-multiband	space-ACPC			DSIStudio	autotrackgqi
Cerebellum_CerebellumR	dki_mkt	DIPYDKI	/scratch/grmpy/SLURM_11194840_22/job-11194840-22-sub-112028/ds/inputs/data/qsiprep/qsiprep/sub-112028/ses-1/dwi/sub-112028_ses-1_acq-multiband_dir-AP_space-ACPC_desc-preproc_dwi.nii.gz	0.0	1.0149724978402943	0.2340988619376791	1.0248322567306378	1.0149724978402943	1.0248322567306378	0.2340988619376791	1.0253830611827697	1.0253830611827697	sub-112028	ses-1		dir-AP	acq-multiband	space-ACPC			DSIStudio	autotrackgqi
Cerebellum_CerebellumR	dki_planarity	DIPYDKI	/scratch/grmpy/SLURM_11194840_22/job-11194840-22-sub-112028/ds/inputs/data/qsiprep/qsiprep/sub-112028/ses-1/dwi/sub-112028_ses-1_acq-multiband_dir-AP_space-ACPC_desc-preproc_dwi.nii.gz	0.0003045530683721	0.1228136643767356	0.0818507224321365	0.1041507646441459	0.1228510811924934	0.104154072701931	0.0818351134657859	0.1285239458084106	0.1285331547260284	sub-112028	ses-1		dir-AP	acq-multiband	space-ACPC			DSIStudio	autotrackgqi
Cerebellum_CerebellumR	dki_rd	DIPYDKI	/scratch/grmpy/SLURM_11194840_22/job-11194840-22-sub-112028/ds/inputs/data/qsiprep/qsiprep/sub-112028/ses-1/dwi/sub-112028_ses-1_acq-multiband_dir-AP_space-ACPC_desc-preproc_dwi.nii.gz	0.0	0.0008196488488465	0.0003915883717127	0.0007301230798475	0.0008196488488465	0.0007301230798475	0.0003915883717127	0.0007830272079445	0.0007830272079445	sub-112028	ses-1		dir-AP	acq-multiband	space-ACPC			DSIStudio	autotrackgqi
Cerebellum_CerebellumR	dki_rk	DIPYDKI	/scratch/grmpy/SLURM_11194840_22/job-11194840-22-sub-112028/ds/inputs/data/qsiprep/qsiprep/sub-112028/ses-1/dwi/sub-112028_ses-1_acq-multiband_dir-AP_space-ACPC_desc-preproc_dwi.nii.gz	0.0009136592051164	1.058927122504806	0.3382168024479706	1.0601746103064644	1.0598955057901327	1.0604875665605706	0.3368513469964395	1.1185074591126971	1.1186905590120149	sub-112028	ses-1		dir-AP	acq-multiband	space-ACPC			DSIStudio	autotrackgqi
Cerebellum_CerebellumR	dki_sphericity	DIPYDKI	/scratch/grmpy/SLURM_11194840_22/job-11194840-22-sub-112028/ds/inputs/data/qsiprep/qsiprep/sub-112028/ses-1/dwi/sub-112028_ses-1_acq-multiband_dir-AP_space-ACPC_desc-preproc_dwi.nii.gz	0.0	0.7697265148162842	0.1083350256085395	0.7959606051445007	0.7697265148162842	0.7959606051445007	0.1083350256085395	0.7535122036933899	0.7535122036933899	sub-112028	ses-1		dir-AP	acq-multiband	space-ACPC			DSIStudio	autotrackgqi
Cerebellum_SuperiorCerebellarPeduncle	dki_ad	DIPYDKI	/scratch/grmpy/SLURM_11194840_22/job-11194840-22-sub-112028/ds/inputs/data/qsiprep/qsiprep/sub-112028/ses-1/dwi/sub-112028_ses-1_acq-multiband_dir-AP_space-ACPC_desc-preproc_dwi.nii.gz	0.0	0.0019288000185042	0.0013077879557386	0.0014325681841	0.0019288000185042	0.0014325681841	0.0013077879557386	0.0020097098313272	0.0020097098313272	sub-112028	ses-1		dir-AP	acq-multiband	space-ACPC			DSIStudio	autotrackgqi
Cerebellum_SuperiorCerebellarPeduncle	dki_ak	DIPYDKI	/scratch/grmpy/SLURM_11194840_22/job-11194840-22-sub-112028/ds/inputs/data/qsiprep/qsiprep/sub-112028/ses-1/dwi/sub-112028_ses-1_acq-multiband_dir-AP_space-ACPC_desc-preproc_dwi.nii.gz	0.0007358351729212	0.8338016830904081	0.2203275911432662	0.838882706682754	0.834415675493273	0.8391263717106399	0.219243402185578	0.779294283356129	0.7804900550040759	sub-112028	ses-1		dir-AP	acq-multiband	space-ACPC			DSIStudio	autotrackgqi
Cerebellum_SuperiorCerebellarPeduncle	dki_fa	DIPYDKI	/scratch/grmpy/SLURM_11194840_22/job-11194840-22-sub-112028/ds/inputs/data/qsiprep/qsiprep/sub-112028/ses-1/dwi/sub-112028_ses-1_acq-multiband_dir-AP_space-ACPC_desc-preproc_dwi.nii.gz	0.0	0.3467099070549011	0.1545528471469879	0.3176622092723846	0.3467099070549011	0.3176622092723846	0.1545528471469879	0.3939044773578644	0.3939044773578644	sub-112028	ses-1		dir-AP	acq-multiband	space-ACPC			DSIStudio	autotrackgqi
Cerebellum_SuperiorCerebellarPeduncle	dki_kfa	DIPYDKI	/scratch/grmpy/SLURM_11194840_22/job-11194840-22-sub-112028/ds/inputs/data/qsiprep/qsiprep/sub-112028/ses-1/dwi/sub-112028_ses-1_acq-multiband_dir-AP_space-ACPC_desc-preproc_dwi.nii.gz	0.0	0.4481583833694458	0.1714555919170379	0.4394126832485199	0.4481583833694458	0.4394126832485199	0.1714555919170379	0.4759417772293091	0.4759417772293091	sub-112028	ses-1		dir-AP	acq-multiband	space-ACPC			DSIStudio	autotrackgqi
Cerebellum_SuperiorCerebellarPeduncle	dki_linearity	DIPYDKI	/scratch/grmpy/SLURM_11194840_22/job-11194840-22-sub-112028/ds/inputs/data/qsiprep/qsiprep/sub-112028/ses-1/dwi/sub-112028_ses-1_acq-multiband_dir-AP_space-ACPC_desc-preproc_dwi.nii.gz	0.0	0.1519127488136291	0.1130274683237075	0.1216230541467666	0.1519127488136291	0.1216230541467666	0.1130274683237075	0.1894665509462356	0.1894665509462356	sub-112028	ses-1		dir-AP	acq-multiband	space-ACPC			DSIStudio	autotrackgqi
Cerebellum_SuperiorCerebellarPeduncle	dki_md	DIPYDKI	/scratch/grmpy/SLURM_11194840_22/job-11194840-22-sub-112028/ds/inputs/data/qsiprep/qsiprep/sub-112028/ses-1/dwi/sub-112028_ses-1_acq-multiband_dir-AP_space-ACPC_desc-preproc_dwi.nii.gz	0.0	0.0014316135784611	0.0010807494400069	0.0010038772597908	0.0014316135784611	0.0010038772597908	0.0010807494400069	0.0014228231739252	0.0014228231739252	sub-112028	ses-1		dir-AP	acq-multiband	space-ACPC			DSIStudio	autotrackgqi
Cerebellum_SuperiorCerebellarPeduncle	dki_mk	DIPYDKI	/scratch/grmpy/SLURM_11194840_22/job-11194840-22-sub-112028/ds/inputs/data/qsiprep/qsiprep/sub-112028/ses-1/dwi/sub-112028_ses-1_acq-multiband_dir-AP_space-ACPC_desc-preproc_dwi.nii.gz	0.0007358351729212	0.935170668056691	0.2723491255573523	0.9703153058547748	0.9358593062511364	0.9704422710265266	0.2712640739066133	0.9058541144354564	0.9072440831823478	sub-112028	ses-1		dir-AP	acq-multiband	space-ACPC			DSIStudio	autotrackgqi
Cerebellum_SuperiorCerebellarPeduncle	dki_mkt	DIPYDKI	/scratch/grmpy/SLURM_11194840_22/job-11194840-22-sub-112028/ds/inputs/data/qsiprep/qsiprep/sub-112028/ses-1/dwi/sub-112028_ses-1_acq-multiband_dir-AP_space-ACPC_desc-preproc_dwi.nii.gz	0.0	0.9564656551584962	0.2323253522033261	0.9862699644608324	0.9564656551584962	0.9862699644608324	0.2323253522033261	0.9252454768129496	0.9252454768129496	sub-112028	ses-1		dir-AP	acq-multiband	space-ACPC			DSIStudio	autotrackgqi
Cerebellum_SuperiorCerebellarPeduncle	dki_planarity	DIPYDKI	/scratch/grmpy/SLURM_11194840_22/job-11194840-22-sub-112028/ds/inputs/data/qsiprep/qsiprep/sub-112028/ses-1/dwi/sub-112028_ses-1_acq-multiband_dir-AP_space-ACPC_desc-preproc_dwi.nii.gz	0.0	0.1773349046707153	0.1104288175702095	0.1582908928394317	0.1773349046707153	0.1582908928394317	0.1104288175702095	0.1763011664152145	0.1763011664152145	sub-112028	ses-1		dir-AP	acq-multiband	space-ACPC			DSIStudio	autotrackgqi
Cerebellum_SuperiorCerebellarPeduncle	dki_rd	DIPYDKI	/scratch/grmpy/SLURM_11194840_22/job-11194840-22-sub-112028/ds/inputs/data/qsiprep/qsiprep/sub-112028/ses-1/dwi/sub-112028_ses-1_acq-multiband_dir-AP_space-ACPC_desc-preproc_dwi.nii.gz	0.0	0.0011830203002318	0.0009903678437694	0.0008342063520103	0.0011830203002318	0.0008342063520103	0.0009903678437694	0.0011293797288089	0.0011293797288089	sub-112028	ses-1		dir-AP	acq-multiband	space-ACPC			DSIStudio	autotrackgqi
Cerebellum_SuperiorCerebellarPeduncle	dki_rk	DIPYDKI	/scratch/grmpy/SLURM_11194840_22/job-11194840-22-sub-112028/ds/inputs/data/qsiprep/qsiprep/sub-112028/ses-1/dwi/sub-112028_ses-1_acq-multiband_dir-AP_space-ACPC_desc-preproc_dwi.nii.gz	0.0007358351729212	1.0419475219517926	0.4766418576079323	1.031681175886365	1.042714788168252	1.0318266201671622	0.4759776425629769	1.079548242405202	1.081204732645823	sub-112028	ses-1		dir-AP	acq-multiband	space-ACPC			DSIStudio	autotrackgqi
Cerebellum_SuperiorCerebellarPeduncle	dki_sphericity	DIPYDKI	/scratch/grmpy/SLURM_11194840_22/job-11194840-22-sub-112028/ds/inputs/data/qsiprep/qsiprep/sub-112028/ses-1/dwi/sub-112028_ses-1_acq-multiband_dir-AP_space-ACPC_desc-preproc_dwi.nii.gz	0.0	0.6707523465156555	0.1522821187973022	0.6975539326667786	0.6707523465156555	0.6975539326667786	0.1522821187973022	0.6342322826385498	0.6342322826385498	sub-112028	ses-1		dir-AP	acq-multiband	space-ACPC			DSIStudio	autotrackgqi
Cerebellum_MiddleCerebellarPeduncle	dki_ad	DIPYDKI	/scratch/grmpy/SLURM_11194840_22/job-11194840-22-sub-112028/ds/inputs/data/qsiprep/qsiprep/sub-112028/ses-1/dwi/sub-112028_ses-1_acq-multiband_dir-AP_space-ACPC_desc-preproc_dwi.nii.gz	0.001271676300578	0.0014301571063697	0.0008569941855967	0.0011837775819003	0.001431978191249	0.0011840866645798	0.0008560178685002	0.0016185131389647	0.0016187172150239	sub-112028	ses-1		dir-AP	acq-multiband	space-ACPC			DSIStudio	autotrackgqi
Cerebellum_MiddleCerebellarPeduncle	dki_ak	DIPYDKI	/scratch/grmpy/SLURM_11194840_22/job-11194840-22-sub-112028/ds/inputs/data/qsiprep/qsiprep/sub-112028/ses-1/dwi/sub-112028_ses-1_acq-multiband_dir-AP_space-ACPC_desc-preproc_dwi.nii.gz	0.0018497109826589	0.9448547404930874	0.2017435435130938	0.9603076105504004	0.9466056874293728	0.9609871061276996	0.1977837824892486	0.8979957929516026	0.8981441873952359	sub-112028	ses-1		dir-AP	acq-multiband	space-ACPC			DSIStudio	autotrackgqi
Cerebellum_MiddleCerebellarPeduncle	dki_fa	DIPYDKI	/scratch/grmpy/SLURM_11194840_22/job-11194840-22-sub-112028/ds/inputs/data/qsiprep/qsiprep/sub-112028/ses-1/dwi/sub-112028_ses-1_acq-multiband_dir-AP_space-ACPC_desc-preproc_dwi.nii.gz	0.001271676300578	0.332669585943222	0.1517248600721359	0.2945210337638855	0.3330931663513183	0.2948200404644012	0.1513560265302658	0.412827730178833	0.4128797352313995	sub-112028	ses-1		dir-AP	acq-multiband	space-ACPC			DSIStudio	autotrackgqi
Cerebellum_MiddleCerebellarPeduncle	dki_kfa	DIPYDKI	/scratch/grmpy/SLURM_11194840_22/job-11194840-22-sub-112028/ds/inputs/data/qsiprep/qsiprep/sub-112028/ses-1/dwi/sub-112028_ses-1_acq-multiband_dir-AP_space-ACPC_desc-preproc_dwi.nii.gz	0.0018497109826589	0.4592044055461883	0.1534188091754913	0.4579720497131347	0.4600553810596466	0.4584580063819885	0.1522808521986007	0.4795847833156585	0.4796580374240875	sub-112028	ses-1		dir-AP	acq-multiband	space-ACPC			DSIStudio	autotrackgqi
Cerebellum_MiddleCerebellarPeduncle	dki_linearity	DIPYDKI	/scratch/grmpy/SLURM_11194840_22/job-11194840-22-sub-112028/ds/inputs/data/qsiprep/qsiprep/sub-112028/ses-1/dwi/sub-112028_ses-1_acq-multiband_dir-AP_space-ACPC_desc-preproc_dwi.nii.gz	0.001271676300578	0.1465675979852676	0.1074043661355972	0.1162345632910728	0.1467542201280594	0.1163182407617569	0.1073452308773994	0.1969100534915924	0.1969348490238189	sub-112028	ses-1		dir-AP	acq-multiband	space-ACPC			DSIStudio	autotrackgqi
Cerebellum_MiddleCerebellarPeduncle	dki_md	DIPYDKI	/scratch/grmpy/SLURM_11194840_22/job-11194840-22-sub-112028/ds/inputs/data/qsiprep/qsiprep/sub-112028/ses-1/dwi/sub-112028_ses-1_acq-multiband_dir-AP_space-ACPC_desc-preproc_dwi.nii.gz	0.001271676300578	0.0010540360817685	0.000702999474015	0.0008682777406647	0.0010553782340139	0.0008684690110385	0.0007024393416941	0.0011206241324543	0.0011207653442397	sub-112028	ses-1		dir-AP	acq-multiband	space-ACPC			DSIStudio	autotrackgqi
Cerebellum_MiddleCerebellarPeduncle	dki_mk	DIPYDKI	/scratch/grmpy/SLURM_11194840_22/job-11194840-22-sub-112028/ds/inputs/data/qsiprep/qsiprep/sub-112028/ses-1/dwi/sub-112028_ses-1_acq-multiband_dir-AP_space-ACPC_desc-preproc_dwi.nii.gz	0.0018497109826589	1.0593396443600658	0.2186291998625599	1.0755432203900703	1.0613027477084285	1.07583907017042	0.2140183583908986	1.1171514535465574	1.1173360636264873	sub-112028	ses-1		dir-AP	acq-multiband	space-ACPC			DSIStudio	autotrackgqi
Cerebellum_MiddleCerebellarPeduncle	dki_mkt	DIPYDKI	/scratch/grmpy/SLURM_11194840_22/job-11194840-22-sub-112028/ds/inputs/data/qsiprep/qsiprep/sub-112028/ses-1/dwi/sub-112028_ses-1_acq-multiband_dir-AP_space-ACPC_desc-preproc_dwi.nii.gz	0.001271676300578	1.0659281886917609	0.1926359142210215	1.090316529084738	1.0672854302793997	1.0905869266202235	0.1889637041451655	1.1140265782199412	1.1141669008227757	sub-112028	ses-1		dir-AP	acq-multiband	space-ACPC			DSIStudio	autotrackgqi
Cerebellum_MiddleCerebellarPeduncle	dki_planarity	DIPYDKI	/scratch/grmpy/SLURM_11194840_22/job-11194840-22-sub-112028/ds/inputs/data/qsiprep/qsiprep/sub-112028/ses-1/dwi/sub-112028_ses-1_acq-multiband_dir-AP_space-ACPC_desc-preproc_dwi.nii.gz	0.0015028901734104	0.166857823729515	0.1027596592903137	0.147428810596466	0.1671089679002761	0.1476412117481231	0.1026327088475227	0.1915986835956573	0.1916249692440033	sub-112028	ses-1		dir-AP	acq-multiband	space-ACPC			DSIStudio	autotrackgqi
Cerebellum_MiddleCerebellarPeduncle	dki_rd	DIPYDKI	/scratch/grmpy/SLURM_11194840_22/job-11194840-22-sub-112028/ds/inputs/data/qsiprep/qsiprep/sub-112028/ses-1/dwi/sub-112028_ses-1_acq-multiband_dir-AP_space-ACPC_desc-preproc_dwi.nii.gz	0.001271676300578	0.0008659757440909	0.000650128989946	0.0007107921410351	0.0008670783718116	0.0007110466249287	0.0006498075672425	0.0008716796291992	0.0008717894088476	sub-112028	ses-1		dir-AP	acq-multiband	space-ACPC			DSIStudio	autotrackgqi
Cerebellum_MiddleCerebellarPeduncle	dki_rk	DIPYDKI	/scratch/grmpy/SLURM_11194840_22/job-11194840-22-sub-112028/ds/inputs/data/qsiprep/qsiprep/sub-112028/ses-1/dwi/sub-112028_ses-1_acq-multiband_dir-AP_space-ACPC_desc-preproc_dwi.nii.gz	0.0018497109826589	1.2046666956917989	0.4461759365026358	1.154372827155698	1.2068991102309543	1.1551496796396783	0.4435623710615385	1.351333686397968	1.3515569954160722	sub-112028	ses-1		dir-AP	acq-multiband	space-ACPC			DSIStudio	autotrackgqi
Cerebellum_MiddleCerebellarPeduncle	dki_sphericity	DIPYDKI	/scratch/grmpy/SLURM_11194840_22/job-11194840-22-sub-112028/ds/inputs/data/qsiprep/qsiprep/sub-112028/ses-1/dwi/sub-112028_ses-1_acq-multiband_dir-AP_space-ACPC_desc-preproc_dwi.nii.gz	0.001271676300578	0.6853029131889343	0.1500318050384521	0.7197088003158569	0.686175525188446	0.7201188802719116	0.14811971783638	0.6113653182983398	0.6114423274993896	sub-112028	ses-1		dir-AP	acq-multiband	space-ACPC			DSIStudio	autotrackgqi
Cerebellum_InferiorCerebellarPeduncleL	dki_ad	DIPYDKI	/scratch/grmpy/SLURM_11194840_22/job-11194840-22-sub-112028/ds/inputs/data/qsiprep/qsiprep/sub-112028/ses-1/dwi/sub-112028_ses-1_acq-multiband_dir-AP_space-ACPC_desc-preproc_dwi.nii.gz	0.0	0.001574118155986	0.0010530108120292	0.0012589095858857	0.001574118155986	0.0012589095858857	0.0010530108120292	0.001612298656255	0.001612298656255	sub-112028	ses-1		dir-AP	acq-multiband	space-ACPC			DSIStudio	autotrackgqi
Cerebellum_InferiorCerebellarPeduncleL	dki_ak	DIPYDKI	/scratch/grmpy/SLURM_11194840_22/job-11194840-22-sub-112028/ds/inputs/data/qsiprep/qsiprep/sub-112028/ses-1/dwi/sub-112028_ses-1_acq-multiband_dir-AP_space-ACPC_desc-preproc_dwi.nii.gz	0.0047210300429184	0.9117527348707274	0.2135719954518113	0.9285757789255666	0.9160775645747284	0.9297661836588949	0.2046154431112613	0.8997964394349143	0.9018005082906352	sub-112028	ses-1		dir-AP	acq-multiband	space-ACPC			DSIStudio	autotrackgqi
Cerebellum_InferiorCerebellarPeduncleL	dki_fa	DIPYDKI	/scratch/grmpy/SLURM_11194840_22/job-11194840-22-sub-112028/ds/inputs/data/qsiprep/qsiprep/sub-112028/ses-1/dwi/sub-112028_ses-1_acq-multiband_dir-AP_space-ACPC_desc-preproc_dwi.nii.gz	0.0047210300429184	0.310533732175827	0.1459015607833862	0.2801825702190399	0.3120067119598388	0.2806358337402344	0.1446674019098281	0.3730955123901367	0.3739264607429504	sub-112028	ses-1		dir-AP	acq-multiband	space-ACPC			DSIStudio	autotrackgqi
Cerebellum_InferiorCerebellarPeduncleL	dki_kfa	DIPYDKI	/scratch/grmpy/SLURM_11194840_22/job-11194840-22-sub-112028/ds/inputs/data/qsiprep/qsiprep/sub-112028/ses-1/dwi/sub-112028_ses-1_acq-multiband_dir-AP_space-ACPC_desc-preproc_dwi.nii.gz	0.0004291845493562	0.4207579493522644	0.1564404815435409	0.4176643192768097	0.4209386110305786	0.4177151024341583	0.1562308818101883	0.4580113291740417	0.4580176472663879	sub-112028	ses-1		dir-AP	acq-multiband	space-ACPC			DSIStudio	autotrackgqi
Cerebellum_InferiorCerebellarPeduncleL	dki_linearity	DIPYDKI	/scratch/grmpy/SLURM_11194840_22/job-11194840-22-sub-112028/ds/inputs/data/qsiprep/qsiprep/sub-112028/ses-1/dwi/sub-112028_ses-1_acq-multiband_dir-AP_space-ACPC_desc-preproc_dwi.nii.gz	0.0047210300429184	0.1329164206981659	0.0973202511668205	0.1074260845780372	0.1335468888282776	0.1077974140644073	0.0971182659268379	0.1644670516252517	0.1648333668708801	sub-112028	ses-1		dir-AP	acq-multiband	space-ACPC			DSIStudio	autotrackgqi
Cerebellum_InferiorCerebellarPeduncleL	dki_md	DIPYDKI	/scratch/grmpy/SLURM_11194840_22/job-11194840-22-sub-112028/ds/inputs/data/qsiprep/qsiprep/sub-112028/ses-1/dwi/sub-112028_ses-1_acq-multiband_dir-AP_space-ACPC_desc-preproc_dwi.nii.gz	0.0	0.0011967000318691	0.0008920663967728	0.0009175306186079	0.0011967000318691	0.0009175306186079	0.0008920663967728	0.0011656605638563	0.0011656605638563	sub-112028	ses-1		dir-AP	acq-multiband	space-ACPC			DSIStudio	autotrackgqi
Cerebellum_InferiorCerebellarPeduncleL	dki_mk	DIPYDKI	/scratch/grmpy/SLURM_11194840_22/job-11194840-22-sub-112028/ds/inputs/data/qsiprep/qsiprep/sub-112028/ses-1/dwi/sub-112028_ses-1_acq-multiband_dir-AP_space-ACPC_desc-preproc_dwi.nii.gz	0.0047210300429184	1.044206659507529	0.2300762804603653	1.062856649442621	1.0491597743219243	1.0632454777479667	0.2190652405175969	1.0896705856462727	1.0920975517068552	sub-112028	ses-1		dir-AP	acq-multiband	space-ACPC			DSIStudio	autotrackgqi
Cerebellum_InferiorCerebellarPeduncleL	dki_mkt	DIPYDKI	/scratch/grmpy/SLURM_11194840_22/job-11194840-22-sub-112028/ds/inputs/data/qsiprep/qsiprep/sub-112028/ses-1/dwi/sub-112028_ses-1_acq-multiband_dir-AP_space-ACPC_desc-preproc_dwi.nii.gz	0.0	1.0927792664099076	0.6456870877870361	1.0697918583456203	1.0927792664099076	1.0697918583456203	0.6456870877870361	1.1061305372455368	1.1061305372455368	sub-112028	ses-1		dir-AP	acq-multiband	space-ACPC			DSIStudio	autotrackgqi
Cerebellum_InferiorCerebellarPeduncleL	dki_planarity	DIPYDKI	/scratch/grmpy/SLURM_11194840_22/job-11194840-22-sub-112028/ds/inputs/data/qsiprep/qsiprep/sub-112028/ses-1/dwi/sub-112028_ses-1_acq-multiband_dir-AP_space-ACPC_desc-preproc_dwi.nii.gz	0.0047210300429184	0.1603561788797378	0.0968928635120391	0.1420173346996307	0.1611168086528778	0.1426793485879898	0.0964894220232963	0.1926226913928985	0.1930517107248306	sub-112028	ses-1		dir-AP	acq-multiband	space-ACPC			DSIStudio	autotrackgqi
Cerebellum_InferiorCerebellarPeduncleL	dki_rd	DIPYDKI	/scratch/grmpy/SLURM_11194840_22/job-11194840-22-sub-112028/ds/inputs/data/qsiprep/qsiprep/sub-112028/ses-1/dwi/sub-112028_ses-1_acq-multiband_dir-AP_space-ACPC_desc-preproc_dwi.nii.gz	0.0	0.0010079907951876	0.0008293408318422	0.0007651394698768	0.0010079907951876	0.0007651394698768	0.0008293408318422	0.000942341343034	0.000942341343034	sub-112028	ses-1		dir-AP	acq-multiband	space-ACPC			DSIStudio	autotrackgqi
Cerebellum_InferiorCerebellarPeduncleL	dki_rk	DIPYDKI	/scratch/grmpy/SLURM_11194840_22/job-11194840-22-sub-112028/ds/inputs/data/qsiprep/qsiprep/sub-112028/ses-1/dwi/sub-112028_ses-1_acq-multiband_dir-AP_space-ACPC_desc-preproc_dwi.nii.gz	0.0047210300429184	1.1780677693508033	0.4012748222370468	1.1498425766765836	1.1836558441515186	1.1507322921049432	0.3939174008786233	1.2883942934257115	1.291263866371238	sub-112028	ses-1		dir-AP	acq-multiband	space-ACPC			DSIStudio	autotrackgqi
Cerebellum_InferiorCerebellarPeduncleL	dki_sphericity	DIPYDKI	/scratch/grmpy/SLURM_11194840_22/job-11194840-22-sub-112028/ds/inputs/data/qsiprep/qsiprep/sub-112028/ses-1/dwi/sub-112028_ses-1_acq-multiband_dir-AP_space-ACPC_desc-preproc_dwi.nii.gz	0.0	0.7067273855209351	0.1404469907283783	0.7344977259635925	0.7067273855209351	0.7344977259635925	0.1404469907283783	0.6429102420806885	0.6429102420806885	sub-112028	ses-1		dir-AP	acq-multiband	space-ACPC			DSIStudio	autotrackgqi
CranialNerve_CNIIIR	dki_ad	DIPYDKI	/scratch/grmpy/SLURM_11194840_22/job-11194840-22-sub-112028/ds/inputs/data/qsiprep/qsiprep/sub-112028/ses-1/dwi/sub-112028_ses-1_acq-multiband_dir-AP_space-ACPC_desc-preproc_dwi.nii.gz	0.0	0.002798602450639	0.0019280945416539	0.0018509369110688	0.002798602450639	0.0018509369110688	0.0019280945416539	0.0026732110418379	0.0026732110418379	sub-112028	ses-1		dir-AP	acq-multiband	space-ACPC			DSIStudio	autotrackgqi
CranialNerve_CNIIIR	dki_ak	DIPYDKI	/scratch/grmpy/SLURM_11194840_22/job-11194840-22-sub-112028/ds/inputs/data/qsiprep/qsiprep/sub-112028/ses-1/dwi/sub-112028_ses-1_acq-multiband_dir-AP_space-ACPC_desc-preproc_dwi.nii.gz	0.0	0.7069987958462041	0.223292472639271	0.7205366233364048	0.7069987958462041	0.7205366233364048	0.223292472639271	0.690158294114831	0.690158294114831	sub-112028	ses-1		dir-AP	acq-multiband	space-ACPC			DSIStudio	autotrackgqi
CranialNerve_CNIIIR	dki_fa	DIPYDKI	/scratch/grmpy/SLURM_11194840_22/job-11194840-22-sub-112028/ds/inputs/data/qsiprep/qsiprep/sub-112028/ses-1/dwi/sub-112028_ses-1_acq-multiband_dir-AP_space-ACPC_desc-preproc_dwi.nii.gz	0.0	0.3414216339588165	0.1375654339790344	0.3314793705940246	0.3414216339588165	0.3314793705940246	0.1375654339790344	0.349730372428894	0.349730372428894	sub-112028	ses-1		dir-AP	acq-multiband	space-ACPC			DSIStudio	autotrackgqi
CranialNerve_CNIIIR	dki_kfa	DIPYDKI	/scratch/grmpy/SLURM_11194840_22/job-11194840-22-sub-112028/ds/inputs/data/qsiprep/qsiprep/sub-112028/ses-1/dwi/sub-112028_ses-1_acq-multiband_dir-AP_space-ACPC_desc-preproc_dwi.nii.gz	0.0	0.4198284745216369	0.1842333078384399	0.4193040728569031	0.4198284745216369	0.4193040728569031	0.1842333078384399	0.4296185970306396	0.4296185970306396	sub-112028	ses-1		dir-AP	acq-multiband	space-ACPC			DSIStudio	autotrackgqi
CranialNerve_CNIIIR	dki_linearity	DIPYDKI	/scratch/grmpy/SLURM_11194840_22/job-11194840-22-sub-112028/ds/inputs/data/qsiprep/qsiprep/sub-112028/ses-1/dwi/sub-112028_ses-1_acq-multiband_dir-AP_space-ACPC_desc-preproc_dwi.nii.gz	0.0	0.1501956582069397	0.0902498662471771	0.1313541382551193	0.1501956582069397	0.1313541382551193	0.0902498662471771	0.1554655581712722	0.1554655581712722	sub-112028	ses-1		dir-AP	acq-multiband	space-ACPC			DSIStudio	autotrackgqi
CranialNerve_CNIIIR	dki_md	DIPYDKI	/scratch/grmpy/SLURM_11194840_22/job-11194840-22-sub-112028/ds/inputs/data/qsiprep/qsiprep/sub-112028/ses-1/dwi/sub-112028_ses-1_acq-multiband_dir-AP_space-ACPC_desc-preproc_dwi.nii.gz	0.0	0.0021320208907127	0.00164864375256	0.0012955372221767	0.0021320208907127	0.0012955372221767	0.00164864375256	0.0020128358155488	0.0020128358155488	sub-112028	ses-1		dir-AP	acq-multiband	space-ACPC			DSIStudio	autotrackgqi
CranialNerve_CNIIIR	dki_mk	DIPYDKI	/scratch/grmpy/SLURM_11194840_22/job-11194840-22-sub-112028/ds/inputs/data/qsiprep/qsiprep/sub-112028/ses-1/dwi/sub-112028_ses-1_acq-multiband_dir-AP_space-ACPC_desc-preproc_dwi.nii.gz	0.0	0.7904603397096965	0.2535472593390944	0.7998106606050347	0.7904603397096965	0.7998106606050347	0.2535472593390944	0.7665467005082891	0.7665467005082891	sub-112028	ses-1		dir-AP	acq-multiband	space-ACPC			DSIStudio	autotrackgqi
CranialNerve_CNIIIR	dki_mkt	DIPYDKI	/scratch/grmpy/SLURM_11194840_22/job-11194840-22-sub-112028/ds/inputs/data/qsiprep/qsiprep/sub-112028/ses-1/dwi/sub-112028_ses-1_acq-multiband_dir-AP_space-ACPC_desc-preproc_dwi.nii.gz	0.0	0.807988840060764	0.2457328973292491	0.8325146255001652	0.807988840060764	0.8325146255001652	0.2457328973292491	0.7861135369448404	0.7861135369448404	sub-112028	ses-1		dir-AP	acq-multiband	space-ACPC			DSIStudio	autotrackgqi
CranialNerve_CNIIIR	dki_planarity	DIPYDKI	/scratch/grmpy/SLURM_11194840_22/job-11194840-22-sub-112028/ds/inputs/data/qsiprep/qsiprep/sub-112028/ses-1/dwi/sub-112028_ses-1_acq-multiband_dir-AP_space-ACPC_desc-preproc_dwi.nii.gz	0.0	0.1679799556732177	0.1052722856402397	0.1510004252195358	0.1679799556732177	0.1510004252195358	0.1052722856402397	0.1703628301620483	0.1703628301620483	sub-112028	ses-1		dir-AP	acq-multiband	space-ACPC			DSIStudio	autotrackgqi
CranialNerve_CNIIIR	dki_rd	DIPYDKI	/scratch/grmpy/SLURM_11194840_22/job-11194840-22-sub-112028/ds/inputs/data/qsiprep/qsiprep/sub-112028/ses-1/dwi/sub-112028_ses-1_acq-multiband_dir-AP_space-ACPC_desc-preproc_dwi.nii.gz	0.0	0.0017987302271649	0.0015284545952454	0.0010384081397205	0.0017987302271649	0.0010384081397205	0.0015284545952454	0.0016826485516503	0.0016826485516503	sub-112028	ses-1		dir-AP	acq-multiband	space-ACPC			DSIStudio	autotrackgqi
CranialNerve_CNIIIR	dki_rk	DIPYDKI	/scratch/grmpy/SLURM_11194840_22/job-11194840-22-sub-112028/ds/inputs/data/qsiprep/qsiprep/sub-112028/ses-1/dwi/sub-112028_ses-1_acq-multiband_dir-AP_space-ACPC_desc-preproc_dwi.nii.gz	0.0	0.8639164897777514	0.3814197021919648	0.833882824749871	0.8639164897777514	0.833882824749871	0.3814197021919648	0.8512956350716896	0.8512956350716896	sub-112028	ses-1		dir-AP	acq-multiband	space-ACPC			DSIStudio	autotrackgqi
CranialNerve_CNIIIR	dki_sphericity	DIPYDKI	/scratch/grmpy/SLURM_11194840_22/job-11194840-22-sub-112028/ds/inputs/data/qsiprep/qsiprep/sub-112028/ses-1/dwi/sub-112028_ses-1_acq-multiband_dir-AP_space-ACPC_desc-preproc_dwi.nii.gz	0.0	0.6818243861198425	0.1364266872406005	0.6909060478210449	0.6818243861198425	0.6909060478210449	0.1364266872406005	0.6741715669631958	0.6741715669631958	sub-112028	ses-1		dir-AP	acq-multiband	space-ACPC			DSIStudio	autotrackgqi
CranialNerve_CNVIIIL	dki_ad	DIPYDKI	/scratch/grmpy/SLURM_11194840_22/job-11194840-22-sub-112028/ds/inputs/data/qsiprep/qsiprep/sub-112028/ses-1/dwi/sub-112028_ses-1_acq-multiband_dir-AP_space-ACPC_desc-preproc_dwi.nii.gz	0.0	0.0015739465598016	0.0009194616577588	0.001304074190557	0.0015739465598016	0.001304074190557	0.0009194616577588	0.0016265073791146	0.0016265073791146	sub-112028	ses-1		dir-AP	acq-multiband	space-ACPC			DSIStudio	autotrackgqi
CranialNerve_CNVIIIL	dki_ak	DIPYDKI	/scratch/grmpy/SLURM_11194840_22/job-11194840-22-sub-112028/ds/inputs/data/qsiprep/qsiprep/sub-112028/ses-1/dwi/sub-112028_ses-1_acq-multiband_dir-AP_space-ACPC_desc-preproc_dwi.nii.gz	0.0012698412698412	0.9020772405796712	0.1891237467521866	0.9194634923649778	0.9032241919345088	0.9195043789831566	0.1864867677386079	0.8761976760304823	0.8770242442260427	sub-112028	ses-1		dir-AP	acq-multiband	space-ACPC			DSIStudio	autotrackgqi
CranialNerve_CNVIIIL	dki_fa	DIPYDKI	/scratch/grmpy/SLURM_11194840_22/job-11194840-22-sub-112028/ds/inputs/data/qsiprep/qsiprep/sub-112028/ses-1/dwi/sub-112028_ses-1_acq-multiband_dir-AP_space-ACPC_desc-preproc_dwi.nii.gz	0.0	0.3253907859325409	0.1556728929281234	0.2922763228416443	0.3253907859325409	0.2922763228416443	0.1556728929281234	0.3827518224716186	0.3827518820762634	sub-112028	ses-1		dir-AP	acq-multiband	space-ACPC			DSIStudio	autotrackgqi
CranialNerve_CNVIIIL	dki_kfa	DIPYDKI	/scratch/grmpy/SLURM_11194840_22/job-11194840-22-sub-112028/ds/inputs/data/qsiprep/qsiprep/sub-112028/ses-1/dwi/sub-112028_ses-1_acq-multiband_dir-AP_space-ACPC_desc-preproc_dwi.nii.gz	0.0012698412698412	0.4209201037883758	0.1552090644836425	0.4186677932739258	0.4214552938938141	0.4187719523906708	0.1545798480510711	0.448302686214447	0.4484311044216156	sub-112028	ses-1		dir-AP	acq-multiband	space-ACPC			DSIStudio	autotrackgqi
CranialNerve_CNVIIIL	dki_linearity	DIPYDKI	/scratch/grmpy/SLURM_11194840_22/job-11194840-22-sub-112028/ds/inputs/data/qsiprep/qsiprep/sub-112028/ses-1/dwi/sub-112028_ses-1_acq-multiband_dir-AP_space-ACPC_desc-preproc_dwi.nii.gz	0.0	0.1402778327465057	0.1030683740973472	0.1115170195698738	0.1402778327465057	0.1115170195698738	0.1030683740973472	0.1742074489593505	0.1742074638605117	sub-112028	ses-1		dir-AP	acq-multiband	space-ACPC			DSIStudio	autotrackgqi
CranialNerve_CNVIIIL	dki_md	DIPYDKI	/scratch/grmpy/SLURM_11194840_22/job-11194840-22-sub-112028/ds/inputs/data/qsiprep/qsiprep/sub-112028/ses-1/dwi/sub-112028_ses-1_acq-multiband_dir-AP_space-ACPC_desc-preproc_dwi.nii.gz	0.0	0.0011773695005103	0.000761505914852	0.0009302251855842	0.0011773695005103	0.0009302251855842	0.000761505914852	0.0011526438174769	0.0011526439338922	sub-112028	ses-1		dir-AP	acq-multiband	space-ACPC			DSIStudio	autotrackgqi
CranialNerve_CNVIIIL	dki_mk	DIPYDKI	/scratch/grmpy/SLURM_11194840_22/job-11194840-22-sub-112028/ds/inputs/data/qsiprep/qsiprep/sub-112028/ses-1/dwi/sub-112028_ses-1_acq-multiband_dir-AP_space-ACPC_desc-preproc_dwi.nii.gz	0.0012698412698412	1.04954865051576	0.2214036198511835	1.0566465615829743	1.0508831052525889	1.0566811069266788	0.2183564360258705	1.095754007046582	1.096787695885403	sub-112028	ses-1		dir-AP	acq-multiband	space-ACPC			DSIStudio	autotrackgqi
CranialNerve_CNVIIIL	dki_mkt	DIPYDKI	/scratch/grmpy/SLURM_11194840_22/job-11194840-22-sub-112028/ds/inputs/data/qsiprep/qsiprep/sub-112028/ses-1/dwi/sub-112028_ses-1_acq-multiband_dir-AP_space-ACPC_desc-preproc_dwi.nii.gz	0.0	1.0494638122325295	0.1956921026481219	1.06440009707547	1.0494638122325295	1.06440009707547	0.1956921026481219	1.0849059408142565	1.0849060342839678	sub-112028	ses-1		dir-AP	acq-multiband	space-ACPC			DSIStudio	autotrackgqi
CranialNerve_CNVIIIL	dki_planarity	DIPYDKI	/scratch/grmpy/SLURM_11194840_22/job-11194840-22-sub-112028/ds/inputs/data/qsiprep/qsiprep/sub-112028/ses-1/dwi/sub-112028_ses-1_acq-multiband_dir-AP_space-ACPC_desc-preproc_dwi.nii.gz	0.0	0.1710035800933838	0.1039874032139778	0.1511309146881103	0.1710035800933838	0.1511309146881103	0.1039874032139778	0.191676065325737	0.191676065325737	sub-112028	ses-1		dir-AP	acq-multiband	space-ACPC			DSIStudio	autotrackgqi
CranialNerve_CNVIIIL	dki_rd	DIPYDKI	/scratch/grmpy/SLURM_11194840_22/job-11194840-22-sub-112028/ds/inputs/data/qsiprep/qsiprep/sub-112028/ses-1/dwi/sub-112028_ses-1_acq-multiband_dir-AP_space-ACPC_desc-preproc_dwi.nii.gz	0.0	0.0009790810290724	0.0007068974664434	0.0007712730439379	0.0009790810290724	0.0007712730439379	0.0007068974664434	0.0009157120948657	0.0009157121530734	sub-112028	ses-1		dir-AP	acq-multiband	space-ACPC			DSIStudio	autotrackgqi
CranialNerve_CNVIIIL	dki_rk	DIPYDKI	/scratch/grmpy/SLURM_11194840_22/job-11194840-22-sub-112028/ds/inputs/data/qsiprep/qsiprep/sub-112028/ses-1/dwi/sub-112028_ses-1_acq-multiband_dir-AP_space-ACPC_desc-preproc_dwi.nii.gz	0.0012698412698412	1.203195155838172	0.4372767610122089	1.1466372383263572	1.2047249653179408	1.1469481802722783	0.4354435466779756	1.335407157656317	1.3366669256386257	sub-112028	ses-1		dir-AP	acq-multiband	space-ACPC			DSIStudio	autotrackgqi
CranialNerve_CNVIIIL	dki_sphericity	DIPYDKI	/scratch/grmpy/SLURM_11194840_22/job-11194840-22-sub-112028/ds/inputs/data/qsiprep/qsiprep/sub-112028/ses-1/dwi/sub-112028_ses-1_acq-multiband_dir-AP_space-ACPC_desc-preproc_dwi.nii.gz	0.0	0.6887185573577881	0.1565502732992172	0.7242069840431213	0.6887185573577881	0.7242069840431213	0.1565502732992172	0.634116530418396	0.634116530418396	sub-112028	ses-1		dir-AP	acq-multiband	space-ACPC			DSIStudio	autotrackgqi
CranialNerve_CNIIR	dki_ad	DIPYDKI	/scratch/grmpy/SLURM_11194840_22/job-11194840-22-sub-112028/ds/inputs/data/qsiprep/qsiprep/sub-112028/ses-1/dwi/sub-112028_ses-1_acq-multiband_dir-AP_space-ACPC_desc-preproc_dwi.nii.gz	0.0	0.0021606222726404	0.0014536321396008	0.0016614083433523	0.0021606222726404	0.0016614083433523	0.0014536321396008	0.0021895326208323	0.0021895326208323	sub-112028	ses-1		dir-AP	acq-multiband	space-ACPC			DSIStudio	autotrackgqi
CranialNerve_CNIIR	dki_ak	DIPYDKI	/scratch/grmpy/SLURM_11194840_22/job-11194840-22-sub-112028/ds/inputs/data/qsiprep/qsiprep/sub-112028/ses-1/dwi/sub-112028_ses-1_acq-multiband_dir-AP_space-ACPC_desc-preproc_dwi.nii.gz	0.0	0.7342902036004569	0.1694043631318806	0.7400056859176671	0.7342902036004569	0.7400056859176671	0.1694043631318806	0.7382747361705972	0.7382747361705972	sub-112028	ses-1		dir-AP	acq-multiband	space-ACPC			DSIStudio	autotrackgqi
CranialNerve_CNIIR	dki_fa	DIPYDKI	/scratch/grmpy/SLURM_11194840_22/job-11194840-22-sub-112028/ds/inputs/data/qsiprep/qsiprep/sub-112028/ses-1/dwi/sub-112028_ses-1_acq-multiband_dir-AP_space-ACPC_desc-preproc_dwi.nii.gz	0.0	0.3390068411827087	0.1767471879720688	0.300701379776001	0.3390068411827087	0.300701379776001	0.1767471879720688	0.3975699543952942	0.3975699543952942	sub-112028	ses-1		dir-AP	acq-multiband	space-ACPC			DSIStudio	autotrackgqi
CranialNerve_CNIIR	dki_kfa	DIPYDKI	/scratch/grmpy/SLURM_11194840_22/job-11194840-22-sub-112028/ds/inputs/data/qsiprep/qsiprep/sub-112028/ses-1/dwi/sub-112028_ses-1_acq-multiband_dir-AP_space-ACPC_desc-preproc_dwi.nii.gz	0.0008841732979664	0.4379068613052368	0.1900915950536728	0.4332634806632995	0.438294380903244	0.4337034225463867	0.1897286027669906	0.4762783646583557	0.4764037132263183	sub-112028	ses-1		dir-AP	acq-multiband	space-ACPC			DSIStudio	autotrackgqi
CranialNerve_CNIIR	dki_linearity	DIPYDKI	/scratch/grmpy/SLURM_11194840_22/job-11194840-22-sub-112028/ds/inputs/data/qsiprep/qsiprep/sub-112028/ses-1/dwi/sub-112028_ses-1_acq-multiband_dir-AP_space-ACPC_desc-preproc_dwi.nii.gz	0.0	0.1602116525173187	0.1269050240516662	0.1205377802252769	0.1602116525173187	0.1205377802252769	0.1269050240516662	0.198766142129898	0.198766142129898	sub-112028	ses-1		dir-AP	acq-multiband	space-ACPC			DSIStudio	autotrackgqi
CranialNerve_CNIIR	dki_md	DIPYDKI	/scratch/grmpy/SLURM_11194840_22/job-11194840-22-sub-112028/ds/inputs/data/qsiprep/qsiprep/sub-112028/ses-1/dwi/sub-112028_ses-1_acq-multiband_dir-AP_space-ACPC_desc-preproc_dwi.nii.gz	0.0	0.001624665223062	0.0012517768191173	0.001109292730689	0.001624665223062	0.001109292730689	0.0012517768191173	0.0015514662954956	0.0015514662954956	sub-112028	ses-1		dir-AP	acq-multiband	space-ACPC			DSIStudio	autotrackgqi
CranialNerve_CNIIR	dki_mk	DIPYDKI	/scratch/grmpy/SLURM_11194840_22/job-11194840-22-sub-112028/ds/inputs/data/qsiprep/qsiprep/sub-112028/ses-1/dwi/sub-112028_ses-1_acq-multiband_dir-AP_space-ACPC_desc-preproc_dwi.nii.gz	0.0	0.8298109984924358	0.2349322308655055	0.8391798118760794	0.8298109984924358	0.8391798118760794	0.2349322308655055	0.8563640423604336	0.8563640423604336	sub-112028	ses-1		dir-AP	acq-multiband	space-ACPC			DSIStudio	autotrackgqi
CranialNerve_CNIIR	dki_mkt	DIPYDKI	/scratch/grmpy/SLURM_11194840_22/job-11194840-22-sub-112028/ds/inputs/data/qsiprep/qsiprep/sub-112028/ses-1/dwi/sub-112028_ses-1_acq-multiband_dir-AP_space-ACPC_desc-preproc_dwi.nii.gz	0.0	0.838904472242802	0.2028638659522783	0.8477812560276736	0.838904472242802	0.8477812560276736	0.2028638659522783	0.8687121720623205	0.8687121720623205	sub-112028	ses-1		dir-AP	acq-multiband	space-ACPC			DSIStudio	autotrackgqi
CranialNerve_CNIIR	dki_planarity	DIPYDKI	/scratch/grmpy/SLURM_11194840_22/job-11194840-22-sub-112028/ds/inputs/data/qsiprep/qsiprep/sub-112028/ses-1/dwi/sub-112028_ses-1_acq-multiband_dir-AP_space-ACPC_desc-preproc_dwi.nii.gz	0.0	0.150877833366394	0.102146565914154	0.1308218836784362	0.150877833366394	0.1308218836784362	0.102146565914154	0.1585558205842971	0.1585558205842971	sub-112028	ses-1		dir-AP	acq-multiband	space-ACPC			DSIStudio	autotrackgqi
CranialNerve_CNIIR	dki_rd	DIPYDKI	/scratch/grmpy/SLURM_11194840_22/job-11194840-22-sub-112028/ds/inputs/data/qsiprep/qsiprep/sub-112028/ses-1/dwi/sub-112028_ses-1_acq-multiband_dir-AP_space-ACPC_desc-preproc_dwi.nii.gz	0.0	0.0013566864654421	0.0011774525046348	0.0009035003604367	0.0013566864654421	0.0009035003604367	0.0011774525046348	0.0012324331328272	0.0012324331328272	sub-112028	ses-1		dir-AP	acq-multiband	space-ACPC			DSIStudio	autotrackgqi
CranialNerve_CNIIR	dki_rk	DIPYDKI	/scratch/grmpy/SLURM_11194840_22/job-11194840-22-sub-112028/ds/inputs/data/qsiprep/qsiprep/sub-112028/ses-1/dwi/sub-112028_ses-1_acq-multiband_dir-AP_space-ACPC_desc-preproc_dwi.nii.gz	0.0	0.9556196396054536	0.4851042667931842	0.8885698986195756	0.9556196396054536	0.8885698986195756	0.4851042667931842	1.0454279551549046	1.0454279551549046	sub-112028	ses-1		dir-AP	acq-multiband	space-ACPC			DSIStudio	autotrackgqi
CranialNerve_CNIIR	dki_sphericity	DIPYDKI	/scratch/grmpy/SLURM_11194840_22/job-11194840-22-sub-112028/ds/inputs/data/qsiprep/qsiprep/sub-112028/ses-1/dwi/sub-112028_ses-1_acq-multiband_dir-AP_space-ACPC_desc-preproc_dwi.nii.gz	0.0	0.6889104843139648	0.1654228419065475	0.723320722579956	0.6889104843139648	0.723320722579956	0.1654228419065475	0.6426780223846436	0.6426780223846436	sub-112028	ses-1		dir-AP	acq-multiband	space-ACPC			DSIStudio	autotrackgqi
CranialNerve_CNIIIL	dki_ad	DIPYDKI	/scratch/grmpy/SLURM_11194840_22/job-11194840-22-sub-112028/ds/inputs/data/qsiprep/qsiprep/sub-112028/ses-1/dwi/sub-112028_ses-1_acq-multiband_dir-AP_space-ACPC_desc-preproc_dwi.nii.gz	0.0	0.0022253606002777	0.0016992441378533	0.0015328347217291	0.0022253606002777	0.0015328347217291	0.0016992441378533	0.0020155464299023	0.0020155464299023	sub-112028	ses-1		dir-AP	acq-multiband	space-ACPC			DSIStudio	autotrackgqi
CranialNerve_CNIIIL	dki_ak	DIPYDKI	/scratch/grmpy/SLURM_11194840_22/job-11194840-22-sub-112028/ds/inputs/data/qsiprep/qsiprep/sub-112028/ses-1/dwi/sub-112028_ses-1_acq-multiband_dir-AP_space-ACPC_desc-preproc_dwi.nii.gz	0.0	0.7933528070485562	0.2295833952156129	0.8122865225895062	0.7933528070485562	0.8122865225895062	0.2295833952156129	0.7988210432877209	0.7988210432877209	sub-112028	ses-1		dir-AP	acq-multiband	space-ACPC			DSIStudio	autotrackgqi
CranialNerve_CNIIIL	dki_fa	DIPYDKI	/scratch/grmpy/SLURM_11194840_22/job-11194840-22-sub-112028/ds/inputs/data/qsiprep/qsiprep/sub-112028/ses-1/dwi/sub-112028_ses-1_acq-multiband_dir-AP_space-ACPC_desc-preproc_dwi.nii.gz	0.0	0.4120388031005859	0.1535023748874664	0.3977922797203064	0.4120388031005859	0.3977922797203064	0.1535023748874664	0.3909294605255127	0.3909294605255127	sub-112028	ses-1		dir-AP	acq-multiband	space-ACPC			DSIStudio	autotrackgqi
CranialNerve_CNIIIL	dki_kfa	DIPYDKI	/scratch/grmpy/SLURM_11194840_22/job-11194840-22-sub-112028/ds/inputs/data/qsiprep/qsiprep/sub-112028/ses-1/dwi/sub-112028_ses-1_acq-multiband_dir-AP_space-ACPC_desc-preproc_dwi.nii.gz	0.0	0.5100222826004028	0.1937115341424942	0.5182839035987854	0.5100222826004028	0.5182839035987854	0.1937115341424942	0.5280123949050903	0.5280123949050903	sub-112028	ses-1		dir-AP	acq-multiband	space-ACPC			DSIStudio	autotrackgqi
CranialNerve_CNIIIL	dki_linearity	DIPYDKI	/scratch/grmpy/SLURM_11194840_22/job-11194840-22-sub-112028/ds/inputs/data/qsiprep/qsiprep/sub-112028/ses-1/dwi/sub-112028_ses-1_acq-multiband_dir-AP_space-ACPC_desc-preproc_dwi.nii.gz	0.0	0.1877176165580749	0.1206867769360542	0.1660252809524536	0.1877176165580749	0.1660252809524536	0.1206867769360542	0.1757678240537643	0.1757678240537643	sub-112028	ses-1		dir-AP	acq-multiband	space-ACPC			DSIStudio	autotrackgqi
CranialNerve_CNIIIL	dki_md	DIPYDKI	/scratch/grmpy/SLURM_11194840_22/job-11194840-22-sub-112028/ds/inputs/data/qsiprep/qsiprep/sub-112028/ses-1/dwi/sub-112028_ses-1_acq-multiband_dir-AP_space-ACPC_desc-preproc_dwi.nii.gz	0.0	0.0015917917480692	0.0013996809720993	0.0009903749451041	0.0015917917480692	0.0009903749451041	0.0013996809720993	0.0014464890118688	0.0014464890118688	sub-112028	ses-1		dir-AP	acq-multiband	space-ACPC			DSIStudio	autotrackgqi
CranialNerve_CNIIIL	dki_mk	DIPYDKI	/scratch/grmpy/SLURM_11194840_22/job-11194840-22-sub-112028/ds/inputs/data/qsiprep/qsiprep/sub-112028/ses-1/dwi/sub-112028_ses-1_acq-multiband_dir-AP_space-ACPC_desc-preproc_dwi.nii.gz	0.0	0.8947133190677166	0.3201707441551721	0.931758686718955	0.8947133190677166	0.931758686718955	0.3201707441551721	0.8623388593848282	0.8623388593848282	sub-112028	ses-1		dir-AP	acq-multiband	space-ACPC			DSIStudio	autotrackgqi
CranialNerve_CNIIIL	dki_mkt	DIPYDKI	/scratch/grmpy/SLURM_11194840_22/job-11194840-22-sub-112028/ds/inputs/data/qsiprep/qsiprep/sub-112028/ses-1/dwi/sub-112028_ses-1_acq-multiband_dir-AP_space-ACPC_desc-preproc_dwi.nii.gz	0.0	0.932204957852924	0.2653575490832215	0.9755054319483883	0.932204957852924	0.9755054319483883	0.2653575490832215	0.9008522507666356	0.9008522507666356	sub-112028	ses-1		dir-AP	acq-multiband	space-ACPC			DSIStudio	autotrackgqi
CranialNerve_CNIIIL	dki_planarity	DIPYDKI	/scratch/grmpy/SLURM_11194840_22/job-11194840-22-sub-112028/ds/inputs/data/qsiprep/qsiprep/sub-112028/ses-1/dwi/sub-112028_ses-1_acq-multiband_dir-AP_space-ACPC_desc-preproc_dwi.nii.gz	0.0	0.203839361667633	0.1268371492624282	0.1803285330533981	0.203839361667633	0.1803285330533981	0.1268371492624282	0.1930642127990722	0.1930642127990722	sub-112028	ses-1		dir-AP	acq-multiband	space-ACPC			DSIStudio	autotrackgqi
CranialNerve_CNIIIL	dki_rd	DIPYDKI	/scratch/grmpy/SLURM_11194840_22/job-11194840-22-sub-112028/ds/inputs/data/qsiprep/qsiprep/sub-112028/ses-1/dwi/sub-112028_ses-1_acq-multiband_dir-AP_space-ACPC_desc-preproc_dwi.nii.gz	0.0	0.0012750072637572	0.0012728869915008	0.0007802663603797	0.0012750072637572	0.0007802663603797	0.0012728869915008	0.0011619601864367	0.0011619601864367	sub-112028	ses-1		dir-AP	acq-multiband	space-ACPC			DSIStudio	autotrackgqi
CranialNerve_CNIIIL	dki_rk	DIPYDKI	/scratch/grmpy/SLURM_11194840_22/job-11194840-22-sub-112028/ds/inputs/data/qsiprep/qsiprep/sub-112028/ses-1/dwi/sub-112028_ses-1_acq-multiband_dir-AP_space-ACPC_desc-preproc_dwi.nii.gz	0.0	1.0070820583108326	0.5819248472981625	0.9775354677091402	1.0070820583108326	0.9775354677091402	0.5819248472981625	0.9370930907411874	0.9370930907411874	sub-112028	ses-1		dir-AP	acq-multiband	space-ACPC			DSIStudio	autotrackgqi
CranialNerve_CNIIIL	dki_sphericity	DIPYDKI	/scratch/grmpy/SLURM_11194840_22/job-11194840-22-sub-112028/ds/inputs/data/qsiprep/qsiprep/sub-112028/ses-1/dwi/sub-112028_ses-1_acq-multiband_dir-AP_space-ACPC_desc-preproc_dwi.nii.gz	0.0	0.608443021774292	0.1556308269500732	0.6294289827346802	0.608443021774292	0.6294289827346802	0.1556308269500732	0.6311679482460022	0.6311679482460022	sub-112028	ses-1		dir-AP	acq-multiband	space-ACPC			DSIStudio	autotrackgqi
CranialNerve_CNVR	dki_ad	DIPYDKI	/scratch/grmpy/SLURM_11194840_22/job-11194840-22-sub-112028/ds/inputs/data/qsiprep/qsiprep/sub-112028/ses-1/dwi/sub-112028_ses-1_acq-multiband_dir-AP_space-ACPC_desc-preproc_dwi.nii.gz	0.0	0.0018075465923175	0.001057990710251	0.0015012654475867	0.0018075465923175	0.0015012654475867	0.001057990710251	0.001820258796215	0.001820258796215	sub-112028	ses-1		dir-AP	acq-multiband	space-ACPC			DSIStudio	autotrackgqi
CranialNerve_CNVR	dki_ak	DIPYDKI	/scratch/grmpy/SLURM_11194840_22/job-11194840-22-sub-112028/ds/inputs/data/qsiprep/qsiprep/sub-112028/ses-1/dwi/sub-112028_ses-1_acq-multiband_dir-AP_space-ACPC_desc-preproc_dwi.nii.gz	0.0026315789473684	0.8745355181097949	0.2116198085050533	0.8793997289372018	0.876842999687921	0.8814858619369473	0.207069565806825	0.8577240318389064	0.8583326891858409	sub-112028	ses-1		dir-AP	acq-multiband	space-ACPC			DSIStudio	autotrackgqi
CranialNerve_CNVR	dki_fa	DIPYDKI	/scratch/grmpy/SLURM_11194840_22/job-11194840-22-sub-112028/ds/inputs/data/qsiprep/qsiprep/sub-112028/ses-1/dwi/sub-112028_ses-1_acq-multiband_dir-AP_space-ACPC_desc-preproc_dwi.nii.gz	0.0017543859649122	0.3852356374263763	0.1715150773525238	0.3549464344978332	0.38591268658638	0.3557443022727966	0.1709030270576477	0.4227881729602813	0.4228343069553375	sub-112028	ses-1		dir-AP	acq-multiband	space-ACPC			DSIStudio	autotrackgqi
CranialNerve_CNVR	dki_kfa	DIPYDKI	/scratch/grmpy/SLURM_11194840_22/job-11194840-22-sub-112028/ds/inputs/data/qsiprep/qsiprep/sub-112028/ses-1/dwi/sub-112028_ses-1_acq-multiband_dir-AP_space-ACPC_desc-preproc_dwi.nii.gz	0.0017543859649122	0.4761816263198852	0.1749885529279709	0.4761910736560821	0.4770185053348541	0.4773156344890594	0.1739988625049591	0.487533688545227	0.4885552227497101	sub-112028	ses-1		dir-AP	acq-multiband	space-ACPC			DSIStudio	autotrackgqi
CranialNerve_CNVR	dki_linearity	DIPYDKI	/scratch/grmpy/SLURM_11194840_22/job-11194840-22-sub-112028/ds/inputs/data/qsiprep/qsiprep/sub-112028/ses-1/dwi/sub-112028_ses-1_acq-multiband_dir-AP_space-ACPC_desc-preproc_dwi.nii.gz	0.0017543859649122	0.1827444732189178	0.1304451823234558	0.147902637720108	0.18306565284729	0.148269921541214	0.1303344070911407	0.2052837014198303	0.2053061127662658	sub-112028	ses-1		dir-AP	acq-multiband	space-ACPC			DSIStudio	autotrackgqi
CranialNerve_CNVR	dki_md	DIPYDKI	/scratch/grmpy/SLURM_11194840_22/job-11194840-22-sub-112028/ds/inputs/data/qsiprep/qsiprep/sub-112028/ses-1/dwi/sub-112028_ses-1_acq-multiband_dir-AP_space-ACPC_desc-preproc_dwi.nii.gz	0.0	0.0012859684647992	0.0008768115076236	0.000961942016147	0.0012859684647992	0.000961942016147	0.0008768115076236	0.0012518961448222	0.0012518961448222	sub-112028	ses-1		dir-AP	acq-multiband	space-ACPC			DSIStudio	autotrackgqi
CranialNerve_CNVR	dki_mk	DIPYDKI	/scratch/grmpy/SLURM_11194840_22/job-11194840-22-sub-112028/ds/inputs/data/qsiprep/qsiprep/sub-112028/ses-1/dwi/sub-112028_ses-1_acq-multiband_dir-AP_space-ACPC_desc-preproc_dwi.nii.gz	0.0026315789473684	1.0111700437623383	0.2554455870912003	1.0414810490126063	1.0138380386007615	1.0420769445968752	0.2504390212362755	1.0459641786922804	1.04670641484548	sub-112028	ses-1		dir-AP	acq-multiband	space-ACPC			DSIStudio	autotrackgqi
CranialNerve_CNVR	dki_mkt	DIPYDKI	/scratch/grmpy/SLURM_11194840_22/job-11194840-22-sub-112028/ds/inputs/data/qsiprep/qsiprep/sub-112028/ses-1/dwi/sub-112028_ses-1_acq-multiband_dir-AP_space-ACPC_desc-preproc_dwi.nii.gz	0.0	1.038802106721039	0.4283272276366357	1.0582560167343862	1.038802106721039	1.0582560167343862	0.4283272276366357	1.0506433226154013	1.0506433226154013	sub-112028	ses-1		dir-AP	acq-multiband	space-ACPC			DSIStudio	autotrackgqi
CranialNerve_CNVR	dki_planarity	DIPYDKI	/scratch/grmpy/SLURM_11194840_22/job-11194840-22-sub-112028/ds/inputs/data/qsiprep/qsiprep/sub-112028/ses-1/dwi/sub-112028_ses-1_acq-multiband_dir-AP_space-ACPC_desc-preproc_dwi.nii.gz	0.0017543859649122	0.1751169860363006	0.1123367249965667	0.1537745743989944	0.1754247397184372	0.1539657115936279	0.1121950447559356	0.1838013231754303	0.183821365237236	sub-112028	ses-1		dir-AP	acq-multiband	space-ACPC			DSIStudio	autotrackgqi
CranialNerve_CNVR	dki_rd	DIPYDKI	/scratch/grmpy/SLURM_11194840_22/job-11194840-22-sub-112028/ds/inputs/data/qsiprep/qsiprep/sub-112028/ses-1/dwi/sub-112028_ses-1_acq-multiband_dir-AP_space-ACPC_desc-preproc_dwi.nii.gz	0.0	0.0010251791682094	0.0008168423664756	0.0007467808318324	0.0010251791682094	0.0007467808318324	0.0008168423664756	0.0009677148191258	0.0009677148191258	sub-112028	ses-1		dir-AP	acq-multiband	space-ACPC			DSIStudio	autotrackgqi
CranialNerve_CNVR	dki_rk	DIPYDKI	/scratch/grmpy/SLURM_11194840_22/job-11194840-22-sub-112028/ds/inputs/data/qsiprep/qsiprep/sub-112028/ses-1/dwi/sub-112028_ses-1_acq-multiband_dir-AP_space-ACPC_desc-preproc_dwi.nii.gz	0.0026315789473684	1.1906762206791404	0.5289247701940264	1.1393413406659745	1.1938178465912226	1.1396222741735464	0.5260694252709671	1.2639961635331798	1.2648931193223072	sub-112028	ses-1		dir-AP	acq-multiband	space-ACPC			DSIStudio	autotrackgqi
CranialNerve_CNVR	dki_sphericity	DIPYDKI	/scratch/grmpy/SLURM_11194840_22/job-11194840-22-sub-112028/ds/inputs/data/qsiprep/qsiprep/sub-112028/ses-1/dwi/sub-112028_ses-1_acq-multiband_dir-AP_space-ACPC_desc-preproc_dwi.nii.gz	0.0	0.6421385407447815	0.1650118231773376	0.6711636781692505	0.6421385407447815	0.6711636781692505	0.1650118231773376	0.610914945602417	0.610914945602417	sub-112028	ses-1		dir-AP	acq-multiband	space-ACPC			DSIStudio	autotrackgqi
CranialNerve_CNVIIR	dki_ad	DIPYDKI	/scratch/grmpy/SLURM_11194840_22/job-11194840-22-sub-112028/ds/inputs/data/qsiprep/qsiprep/sub-112028/ses-1/dwi/sub-112028_ses-1_acq-multiband_dir-AP_space-ACPC_desc-preproc_dwi.nii.gz	0.0	0.001797110424377	0.001169717637822	0.0013488223776221	0.001797110424377	0.0013488223776221	0.001169717637822	0.0018314156914129	0.0018314156914129	sub-112028	ses-1		dir-AP	acq-multiband	space-ACPC			DSIStudio	autotrackgqi
CranialNerve_CNVIIR	dki_ak	DIPYDKI	/scratch/grmpy/SLURM_11194840_22/job-11194840-22-sub-112028/ds/inputs/data/qsiprep/qsiprep/sub-112028/ses-1/dwi/sub-112028_ses-1_acq-multiband_dir-AP_space-ACPC_desc-preproc_dwi.nii.gz	0.0	0.8664317985742594	0.2123776985873226	0.8831903787192095	0.8664317985742594	0.8831903787192095	0.2123776985873226	0.8676439064713442	0.8676439064713442	sub-112028	ses-1		dir-AP	acq-multiband	space-ACPC			DSIStudio	autotrackgqi
CranialNerve_CNVIIR	dki_fa	DIPYDKI	/scratch/grmpy/SLURM_11194840_22/job-11194840-22-sub-112028/ds/inputs/data/qsiprep/qsiprep/sub-112028/ses-1/dwi/sub-112028_ses-1_acq-multiband_dir-AP_space-ACPC_desc-preproc_dwi.nii.gz	0.0	0.3026736080646515	0.1544791460037231	0.268670916557312	0.3026736080646515	0.268670916557312	0.1544791460037231	0.3068334460258484	0.3068334460258484	sub-112028	ses-1		dir-AP	acq-multiband	space-ACPC			DSIStudio	autotrackgqi
CranialNerve_CNVIIR	dki_kfa	DIPYDKI	/scratch/grmpy/SLURM_11194840_22/job-11194840-22-sub-112028/ds/inputs/data/qsiprep/qsiprep/sub-112028/ses-1/dwi/sub-112028_ses-1_acq-multiband_dir-AP_space-ACPC_desc-preproc_dwi.nii.gz	0.0	0.3911580741405487	0.1657287925481796	0.3941494822502136	0.3911580741405487	0.3941494822502136	0.1657287925481796	0.3963371217250824	0.3963371217250824	sub-112028	ses-1		dir-AP	acq-multiband	space-ACPC			DSIStudio	autotrackgqi
CranialNerve_CNVIIR	dki_linearity	DIPYDKI	/scratch/grmpy/SLURM_11194840_22/job-11194840-22-sub-112028/ds/inputs/data/qsiprep/qsiprep/sub-112028/ses-1/dwi/sub-112028_ses-1_acq-multiband_dir-AP_space-ACPC_desc-preproc_dwi.nii.gz	0.0	0.1306663900613784	0.1071749925613403	0.0981518477201461	0.1306663900613784	0.0981518477201461	0.1071749925613403	0.1292133778333664	0.1292133778333664	sub-112028	ses-1		dir-AP	acq-multiband	space-ACPC			DSIStudio	autotrackgqi
CranialNerve_CNVIIR	dki_md	DIPYDKI	/scratch/grmpy/SLURM_11194840_22/job-11194840-22-sub-112028/ds/inputs/data/qsiprep/qsiprep/sub-112028/ses-1/dwi/sub-112028_ses-1_acq-multiband_dir-AP_space-ACPC_desc-preproc_dwi.nii.gz	0.0	0.001392331905663	0.0010213932255282	0.0009654811583459	0.001392331905663	0.0009654811583459	0.0010213932255282	0.0014313254505395	0.0014313254505395	sub-112028	ses-1		dir-AP	acq-multiband	space-ACPC			DSIStudio	autotrackgqi
CranialNerve_CNVIIR	dki_mk	DIPYDKI	/scratch/grmpy/SLURM_11194840_22/job-11194840-22-sub-112028/ds/inputs/data/qsiprep/qsiprep/sub-112028/ses-1/dwi/sub-112028_ses-1_acq-multiband_dir-AP_space-ACPC_desc-preproc_dwi.nii.gz	0.0	1.000841145428101	0.2455327203353499	1.0113228785708086	1.000841145428101	1.0113228785708086	0.2455327203353499	1.0009805733693022	1.0009805733693022	sub-112028	ses-1		dir-AP	acq-multiband	space-ACPC			DSIStudio	autotrackgqi
CranialNerve_CNVIIR	dki_mkt	DIPYDKI	/scratch/grmpy/SLURM_11194840_22/job-11194840-22-sub-112028/ds/inputs/data/qsiprep/qsiprep/sub-112028/ses-1/dwi/sub-112028_ses-1_acq-multiband_dir-AP_space-ACPC_desc-preproc_dwi.nii.gz	0.0	0.9931367717886268	0.2201458103839751	1.0174269756623842	0.9931367717886268	1.0174269756623842	0.2201458103839751	0.9875076328738748	0.9875076328738748	sub-112028	ses-1		dir-AP	acq-multiband	space-ACPC			DSIStudio	autotrackgqi
CranialNerve_CNVIIR	dki_planarity	DIPYDKI	/scratch/grmpy/SLURM_11194840_22/job-11194840-22-sub-112028/ds/inputs/data/qsiprep/qsiprep/sub-112028/ses-1/dwi/sub-112028_ses-1_acq-multiband_dir-AP_space-ACPC_desc-preproc_dwi.nii.gz	0.0	0.1548018008470535	0.0929468870162963	0.1338988244533538	0.1548018008470535	0.1338988244533538	0.0929468870162963	0.1635544002056121	0.1635544002056121	sub-112028	ses-1		dir-AP	acq-multiband	space-ACPC			DSIStudio	autotrackgqi
CranialNerve_CNVIIR	dki_rd	DIPYDKI	/scratch/grmpy/SLURM_11194840_22/job-11194840-22-sub-112028/ds/inputs/data/qsiprep/qsiprep/sub-112028/ses-1/dwi/sub-112028_ses-1_acq-multiband_dir-AP_space-ACPC_desc-preproc_dwi.nii.gz	0.0	0.0011899425880983	0.0009674103930592	0.0007983564864844	0.0011899425880983	0.0007983564864844	0.0009674103930592	0.0012312803883105	0.0012312803883105	sub-112028	ses-1		dir-AP	acq-multiband	space-ACPC			DSIStudio	autotrackgqi
CranialNerve_CNVIIR	dki_rk	DIPYDKI	/scratch/grmpy/SLURM_11194840_22/job-11194840-22-sub-112028/ds/inputs/data/qsiprep/qsiprep/sub-112028/ses-1/dwi/sub-112028_ses-1_acq-multiband_dir-AP_space-ACPC_desc-preproc_dwi.nii.gz	0.0	1.1542580634144648	0.4990991168852075	1.0695907707144237	1.1542580634144648	1.0695907707144237	0.4990991168852075	1.1852218306724025	1.1852218306724025	sub-112028	ses-1		dir-AP	acq-multiband	space-ACPC			DSIStudio	autotrackgqi
CranialNerve_CNVIIR	dki_sphericity	DIPYDKI	/scratch/grmpy/SLURM_11194840_22/job-11194840-22-sub-112028/ds/inputs/data/qsiprep/qsiprep/sub-112028/ses-1/dwi/sub-112028_ses-1_acq-multiband_dir-AP_space-ACPC_desc-preproc_dwi.nii.gz	0.0	0.7145317792892456	0.1427880972623825	0.7427697777748108	0.7145317792892456	0.7427697777748108	0.1427880972623825	0.7072321772575378	0.7072321772575378	sub-112028	ses-1		dir-AP	acq-multiband	space-ACPC			DSIStudio	autotrackgqi
CranialNerve_CNVIIL	dki_ad	DIPYDKI	/scratch/grmpy/SLURM_11194840_22/job-11194840-22-sub-112028/ds/inputs/data/qsiprep/qsiprep/sub-112028/ses-1/dwi/sub-112028_ses-1_acq-multiband_dir-AP_space-ACPC_desc-preproc_dwi.nii.gz	0.0	0.0018754326738417	0.0013231326593086	0.0014045257121324	0.0018754326738417	0.0014045257121324	0.0013231326593086	0.0017280747415497	0.0017280747415497	sub-112028	ses-1		dir-AP	acq-multiband	space-ACPC			DSIStudio	autotrackgqi
CranialNerve_CNVIIL	dki_ak	DIPYDKI	/scratch/grmpy/SLURM_11194840_22/job-11194840-22-sub-112028/ds/inputs/data/qsiprep/qsiprep/sub-112028/ses-1/dwi/sub-112028_ses-1_acq-multiband_dir-AP_space-ACPC_desc-preproc_dwi.nii.gz	0.0	0.8672235714820815	0.2199091084026166	0.8921526222948222	0.8672235714820815	0.8921526222948222	0.2199091084026166	0.8696473196990263	0.8696473196990263	sub-112028	ses-1		dir-AP	acq-multiband	space-ACPC			DSIStudio	autotrackgqi
CranialNerve_CNVIIL	dki_fa	DIPYDKI	/scratch/grmpy/SLURM_11194840_22/job-11194840-22-sub-112028/ds/inputs/data/qsiprep/qsiprep/sub-112028/ses-1/dwi/sub-112028_ses-1_acq-multiband_dir-AP_space-ACPC_desc-preproc_dwi.nii.gz	0.0	0.3131897449493408	0.1423044800758361	0.2882400155067444	0.3131897449493408	0.2882400155067444	0.1423044800758361	0.3278882801532745	0.3278882801532745	sub-112028	ses-1		dir-AP	acq-multiband	space-ACPC			DSIStudio	autotrackgqi
CranialNerve_CNVIIL	dki_kfa	DIPYDKI	/scratch/grmpy/SLURM_11194840_22/job-11194840-22-sub-112028/ds/inputs/data/qsiprep/qsiprep/sub-112028/ses-1/dwi/sub-112028_ses-1_acq-multiband_dir-AP_space-ACPC_desc-preproc_dwi.nii.gz	0.0024509803921568	0.4023500978946686	0.1605447828769683	0.3986619710922241	0.4033386707305908	0.3988685309886932	0.1594967991113662	0.429714560508728	0.4302210807800293	sub-112028	ses-1		dir-AP	acq-multiband	space-ACPC			DSIStudio	autotrackgqi
CranialNerve_CNVIIL	dki_linearity	DIPYDKI	/scratch/grmpy/SLURM_11194840_22/job-11194840-22-sub-112028/ds/inputs/data/qsiprep/qsiprep/sub-112028/ses-1/dwi/sub-112028_ses-1_acq-multiband_dir-AP_space-ACPC_desc-preproc_dwi.nii.gz	0.0	0.1294000893831253	0.0915704369544982	0.1076375693082809	0.1294000893831253	0.1076375693082809	0.0915704369544982	0.133771926164627	0.133771926164627	sub-112028	ses-1		dir-AP	acq-multiband	space-ACPC			DSIStudio	autotrackgqi
CranialNerve_CNVIIL	dki_md	DIPYDKI	/scratch/grmpy/SLURM_11194840_22/job-11194840-22-sub-112028/ds/inputs/data/qsiprep/qsiprep/sub-112028/ses-1/dwi/sub-112028_ses-1_acq-multiband_dir-AP_space-ACPC_desc-preproc_dwi.nii.gz	0.0	0.0014347840333357	0.0011086461599916	0.0009758753585629	0.0014347840333357	0.0009758753585629	0.0011086461599916	0.0013093337183818	0.0013093337183818	sub-112028	ses-1		dir-AP	acq-multiband	space-ACPC			DSIStudio	autotrackgqi
CranialNerve_CNVIIL	dki_mk	DIPYDKI	/scratch/grmpy/SLURM_11194840_22/job-11194840-22-sub-112028/ds/inputs/data/qsiprep/qsiprep/sub-112028/ses-1/dwi/sub-112028_ses-1_acq-multiband_dir-AP_space-ACPC_desc-preproc_dwi.nii.gz	0.0	0.9951887824956483	0.2534644172507835	1.0345067529013048	0.9951887824956483	1.0345067529013048	0.2534644172507835	1.0002691894419578	1.0002691894419578	sub-112028	ses-1		dir-AP	acq-multiband	space-ACPC			DSIStudio	autotrackgqi
CranialNerve_CNVIIL	dki_mkt	DIPYDKI	/scratch/grmpy/SLURM_11194840_22/job-11194840-22-sub-112028/ds/inputs/data/qsiprep/qsiprep/sub-112028/ses-1/dwi/sub-112028_ses-1_acq-multiband_dir-AP_space-ACPC_desc-preproc_dwi.nii.gz	0.0	0.997391203993342	0.2313009133943356	1.0447920953815817	0.997391203993342	1.0447920953815817	0.2313009133943356	1.0131975473722694	1.0131975473722694	sub-112028	ses-1		dir-AP	acq-multiband	space-ACPC			DSIStudio	autotrackgqi
CranialNerve_CNVIIL	dki_planarity	DIPYDKI	/scratch/grmpy/SLURM_11194840_22/job-11194840-22-sub-112028/ds/inputs/data/qsiprep/qsiprep/sub-112028/ses-1/dwi/sub-112028_ses-1_acq-multiband_dir-AP_space-ACPC_desc-preproc_dwi.nii.gz	0.0	0.1722946912050247	0.1021053716540336	0.1507588773965835	0.1722946912050247	0.1507588773965835	0.1021053716540336	0.1894658207893371	0.1894658207893371	sub-112028	ses-1		dir-AP	acq-multiband	space-ACPC			DSIStudio	autotrackgqi
CranialNerve_CNVIIL	dki_rd	DIPYDKI	/scratch/grmpy/SLURM_11194840_22/job-11194840-22-sub-112028/ds/inputs/data/qsiprep/qsiprep/sub-112028/ses-1/dwi/sub-112028_ses-1_acq-multiband_dir-AP_space-ACPC_desc-preproc_dwi.nii.gz	0.0	0.001214459654875	0.0010180765530094	0.0008116257376968	0.001214459654875	0.0008116257376968	0.0010180765530094	0.0010999632067978	0.0010999632067978	sub-112028	ses-1		dir-AP	acq-multiband	space-ACPC			DSIStudio	autotrackgqi
CranialNerve_CNVIIL	dki_rk	DIPYDKI	/scratch/grmpy/SLURM_11194840_22/job-11194840-22-sub-112028/ds/inputs/data/qsiprep/qsiprep/sub-112028/ses-1/dwi/sub-112028_ses-1_acq-multiband_dir-AP_space-ACPC_desc-preproc_dwi.nii.gz	0.0	1.1232102152089385	0.4305726193391804	1.095632754867498	1.1232102152089385	1.095632754867498	0.4305726193391804	1.1002779288813849	1.1002779288813849	sub-112028	ses-1		dir-AP	acq-multiband	space-ACPC			DSIStudio	autotrackgqi
CranialNerve_CNVIIL	dki_sphericity	DIPYDKI	/scratch/grmpy/SLURM_11194840_22/job-11194840-22-sub-112028/ds/inputs/data/qsiprep/qsiprep/sub-112028/ses-1/dwi/sub-112028_ses-1_acq-multiband_dir-AP_space-ACPC_desc-preproc_dwi.nii.gz	0.0	0.6983051896095276	0.1425198912620544	0.7304974794387817	0.6983051896095276	0.7304974794387817	0.1425198912620544	0.6767622232437134	0.6767622232437134	sub-112028	ses-1		dir-AP	acq-multiband	space-ACPC			DSIStudio	autotrackgqi
CranialNerve_CNVIIIR	dki_ad	DIPYDKI	/scratch/grmpy/SLURM_11194840_22/job-11194840-22-sub-112028/ds/inputs/data/qsiprep/qsiprep/sub-112028/ses-1/dwi/sub-112028_ses-1_acq-multiband_dir-AP_space-ACPC_desc-preproc_dwi.nii.gz	0.0005777007510109	0.0015778380911797	0.0009358386159874	0.0012916142586618	0.0015787500888109	0.0012922706082463	0.0009353396017104	0.0017419391078874	0.0017420049989596	sub-112028	ses-1		dir-AP	acq-multiband	space-ACPC			DSIStudio	autotrackgqi
CranialNerve_CNVIIIR	dki_ak	DIPYDKI	/scratch/grmpy/SLURM_11194840_22/job-11194840-22-sub-112028/ds/inputs/data/qsiprep/qsiprep/sub-112028/ses-1/dwi/sub-112028_ses-1_acq-multiband_dir-AP_space-ACPC_desc-preproc_dwi.nii.gz	0.0005777007510109	0.8971985745847363	0.1938381426535631	0.920712552115484	0.8977171864775599	0.9207667347209374	0.1926898475934002	0.8515112790008461	0.8515434578928531	sub-112028	ses-1		dir-AP	acq-multiband	space-ACPC			DSIStudio	autotrackgqi
CranialNerve_CNVIIIR	dki_fa	DIPYDKI	/scratch/grmpy/SLURM_11194840_22/job-11194840-22-sub-112028/ds/inputs/data/qsiprep/qsiprep/sub-112028/ses-1/dwi/sub-112028_ses-1_acq-multiband_dir-AP_space-ACPC_desc-preproc_dwi.nii.gz	0.0005777007510109	0.3241767287254333	0.1596713215112686	0.285647451877594	0.3243640959262848	0.2856944799423218	0.1595270782709121	0.364490270614624	0.3645040392875671	sub-112028	ses-1		dir-AP	acq-multiband	space-ACPC			DSIStudio	autotrackgqi
CranialNerve_CNVIIIR	dki_kfa	DIPYDKI	/scratch/grmpy/SLURM_11194840_22/job-11194840-22-sub-112028/ds/inputs/data/qsiprep/qsiprep/sub-112028/ses-1/dwi/sub-112028_ses-1_acq-multiband_dir-AP_space-ACPC_desc-preproc_dwi.nii.gz	0.0005777007510109	0.4305142760276794	0.1571554243564605	0.4233186542987823	0.4307631254196167	0.4234192669391632	0.1568595021963119	0.4383496940135956	0.4383662641048431	sub-112028	ses-1		dir-AP	acq-multiband	space-ACPC			DSIStudio	autotrackgqi
CranialNerve_CNVIIIR	dki_linearity	DIPYDKI	/scratch/grmpy/SLURM_11194840_22/job-11194840-22-sub-112028/ds/inputs/data/qsiprep/qsiprep/sub-112028/ses-1/dwi/sub-112028_ses-1_acq-multiband_dir-AP_space-ACPC_desc-preproc_dwi.nii.gz	0.0005777007510109	0.1453084349632263	0.1121159717440605	0.1130848303437233	0.145392432808876	0.1131177768111229	0.112093910574913	0.1705977022647857	0.1706041395664215	sub-112028	ses-1		dir-AP	acq-multiband	space-ACPC			DSIStudio	autotrackgqi
CranialNerve_CNVIIIR	dki_md	DIPYDKI	/scratch/grmpy/SLURM_11194840_22/job-11194840-22-sub-112028/ds/inputs/data/qsiprep/qsiprep/sub-112028/ses-1/dwi/sub-112028_ses-1_acq-multiband_dir-AP_space-ACPC_desc-preproc_dwi.nii.gz	0.0005777007510109	0.0011804704554378	0.0007871027919463	0.0009234298486262	0.0011811527656391	0.0009236610494554	0.0007868182728998	0.0012721440289169	0.0012721921084448	sub-112028	ses-1		dir-AP	acq-multiband	space-ACPC			DSIStudio	autotrackgqi
CranialNerve_CNVIIIR	dki_mk	DIPYDKI	/scratch/grmpy/SLURM_11194840_22/job-11194840-22-sub-112028/ds/inputs/data/qsiprep/qsiprep/sub-112028/ses-1/dwi/sub-112028_ses-1_acq-multiband_dir-AP_space-ACPC_desc-preproc_dwi.nii.gz	0.0005777007510109	1.0249482880874932	0.2226931177834696	1.0432512195134074	1.0255407437453472	1.0432593928191525	0.2213894833048159	1.0330223619428107	1.0330614003137188	sub-112028	ses-1		dir-AP	acq-multiband	space-ACPC			DSIStudio	autotrackgqi
CranialNerve_CNVIIIR	dki_mkt	DIPYDKI	/scratch/grmpy/SLURM_11194840_22/job-11194840-22-sub-112028/ds/inputs/data/qsiprep/qsiprep/sub-112028/ses-1/dwi/sub-112028_ses-1_acq-multiband_dir-AP_space-ACPC_desc-preproc_dwi.nii.gz	0.0005777007510109	1.026740989120109	0.1910283164328345	1.0528747947848025	1.0273344810213343	1.052881384168136	0.1894813883236505	1.0237111439137183	1.0237498303792765	sub-112028	ses-1		dir-AP	acq-multiband	space-ACPC			DSIStudio	autotrackgqi
CranialNerve_CNVIIIR	dki_planarity	DIPYDKI	/scratch/grmpy/SLURM_11194840_22/job-11194840-22-sub-112028/ds/inputs/data/qsiprep/qsiprep/sub-112028/ses-1/dwi/sub-112028_ses-1_acq-multiband_dir-AP_space-ACPC_desc-preproc_dwi.nii.gz	0.0005777007510109	0.1577125638723373	0.0988808497786521	0.1367620974779129	0.1578037291765213	0.1367915868759155	0.098836675286293	0.1668620109558105	0.1668682992458343	sub-112028	ses-1		dir-AP	acq-multiband	space-ACPC			DSIStudio	autotrackgqi
CranialNerve_CNVIIIR	dki_rd	DIPYDKI	/scratch/grmpy/SLURM_11194840_22/job-11194840-22-sub-112028/ds/inputs/data/qsiprep/qsiprep/sub-112028/ses-1/dwi/sub-112028_ses-1_acq-multiband_dir-AP_space-ACPC_desc-preproc_dwi.nii.gz	0.0005777007510109	0.0009817865211516	0.0007383475312963	0.0007526042172685	0.0009823540458455	0.0007527135312557	0.0007381833856925	0.001037246431224	0.0010372856631875	sub-112028	ses-1		dir-AP	acq-multiband	space-ACPC			DSIStudio	autotrackgqi
CranialNerve_CNVIIIR	dki_rk	DIPYDKI	/scratch/grmpy/SLURM_11194840_22/job-11194840-22-sub-112028/ds/inputs/data/qsiprep/qsiprep/sub-112028/ses-1/dwi/sub-112028_ses-1_acq-multiband_dir-AP_space-ACPC_desc-preproc_dwi.nii.gz	0.0005777007510109	1.1744433768351226	0.4632885727478985	1.107670560334015	1.1751222458390735	1.1080294960873498	0.4625609309016621	1.2511477650333067	1.251195046598529	sub-112028	ses-1		dir-AP	acq-multiband	space-ACPC			DSIStudio	autotrackgqi
CranialNerve_CNVIIIR	dki_sphericity	DIPYDKI	/scratch/grmpy/SLURM_11194840_22/job-11194840-22-sub-112028/ds/inputs/data/qsiprep/qsiprep/sub-112028/ses-1/dwi/sub-112028_ses-1_acq-multiband_dir-AP_space-ACPC_desc-preproc_dwi.nii.gz	0.0005777007510109	0.6964012384414673	0.1530394405126571	0.7310026288032532	0.6968038082122803	0.7310060262680054	0.1521647721529007	0.6625024676322937	0.6625275015830994	sub-112028	ses-1		dir-AP	acq-multiband	space-ACPC			DSIStudio	autotrackgqi
CranialNerve_CNIIL	dki_ad	DIPYDKI	/scratch/grmpy/SLURM_11194840_22/job-11194840-22-sub-112028/ds/inputs/data/qsiprep/qsiprep/sub-112028/ses-1/dwi/sub-112028_ses-1_acq-multiband_dir-AP_space-ACPC_desc-preproc_dwi.nii.gz	0.0	0.0020956054795533	0.0013468250399455	0.0016072707949206	0.0020956054795533	0.0016072707949206	0.0013468250399455	0.0025379126891493	0.0025379126891493	sub-112028	ses-1		dir-AP	acq-multiband	space-ACPC			DSIStudio	autotrackgqi
CranialNerve_CNIIL	dki_ak	DIPYDKI	/scratch/grmpy/SLURM_11194840_22/job-11194840-22-sub-112028/ds/inputs/data/qsiprep/qsiprep/sub-112028/ses-1/dwi/sub-112028_ses-1_acq-multiband_dir-AP_space-ACPC_desc-preproc_dwi.nii.gz	0.0	0.736581117835873	0.1725915048502587	0.7446536607698568	0.736581117835873	0.7446536607698568	0.1725915048502587	0.6976299420100955	0.6976299420100955	sub-112028	ses-1		dir-AP	acq-multiband	space-ACPC			DSIStudio	autotrackgqi
CranialNerve_CNIIL	dki_fa	DIPYDKI	/scratch/grmpy/SLURM_11194840_22/job-11194840-22-sub-112028/ds/inputs/data/qsiprep/qsiprep/sub-112028/ses-1/dwi/sub-112028_ses-1_acq-multiband_dir-AP_space-ACPC_desc-preproc_dwi.nii.gz	0.0	0.3192839324474334	0.1620188951492309	0.2921889424324035	0.3192839324474334	0.2921889424324035	0.1620188951492309	0.3503747582435608	0.3503747582435608	sub-112028	ses-1		dir-AP	acq-multiband	space-ACPC			DSIStudio	autotrackgqi
CranialNerve_CNIIL	dki_kfa	DIPYDKI	/scratch/grmpy/SLURM_11194840_22/job-11194840-22-sub-112028/ds/inputs/data/qsiprep/qsiprep/sub-112028/ses-1/dwi/sub-112028_ses-1_acq-multiband_dir-AP_space-ACPC_desc-preproc_dwi.nii.gz	0.0028818443804034	0.4371387064456939	0.2033952474594116	0.4314778447151184	0.4384021162986755	0.4322140216827392	0.2023247629404068	0.4170919954776764	0.4173368811607361	sub-112028	ses-1		dir-AP	acq-multiband	space-ACPC			DSIStudio	autotrackgqi
CranialNerve_CNIIL	dki_linearity	DIPYDKI	/scratch/grmpy/SLURM_11194840_22/job-11194840-22-sub-112028/ds/inputs/data/qsiprep/qsiprep/sub-112028/ses-1/dwi/sub-112028_ses-1_acq-multiband_dir-AP_space-ACPC_desc-preproc_dwi.nii.gz	0.0	0.1430942565202713	0.1105386167764663	0.1154590025544166	0.1430942565202713	0.1154590025544166	0.1105386167764663	0.1691820472478866	0.1691820472478866	sub-112028	ses-1		dir-AP	acq-multiband	space-ACPC			DSIStudio	autotrackgqi
CranialNerve_CNIIL	dki_md	DIPYDKI	/scratch/grmpy/SLURM_11194840_22/job-11194840-22-sub-112028/ds/inputs/data/qsiprep/qsiprep/sub-112028/ses-1/dwi/sub-112028_ses-1_acq-multiband_dir-AP_space-ACPC_desc-preproc_dwi.nii.gz	0.0	0.0016023826319724	0.0011378891067579	0.0011221648892387	0.0016023826319724	0.0011221648892387	0.0011378891067579	0.0018613764550536	0.0018613764550536	sub-112028	ses-1		dir-AP	acq-multiband	space-ACPC			DSIStudio	autotrackgqi
CranialNerve_CNIIL	dki_mk	DIPYDKI	/scratch/grmpy/SLURM_11194840_22/job-11194840-22-sub-112028/ds/inputs/data/qsiprep/qsiprep/sub-112028/ses-1/dwi/sub-112028_ses-1_acq-multiband_dir-AP_space-ACPC_desc-preproc_dwi.nii.gz	0.0	0.7954418133805004	0.2257383503583936	0.8146663970519731	0.7954418133805004	0.8146663970519731	0.2257383503583936	0.8019912389993433	0.8019912389993433	sub-112028	ses-1		dir-AP	acq-multiband	space-ACPC			DSIStudio	autotrackgqi
CranialNerve_CNIIL	dki_mkt	DIPYDKI	/scratch/grmpy/SLURM_11194840_22/job-11194840-22-sub-112028/ds/inputs/data/qsiprep/qsiprep/sub-112028/ses-1/dwi/sub-112028_ses-1_acq-multiband_dir-AP_space-ACPC_desc-preproc_dwi.nii.gz	0.0	0.8184414742868449	0.2019616863195596	0.8359919149484091	0.8184414742868449	0.8359919149484091	0.2019616863195596	0.8096120416108521	0.8096120416108521	sub-112028	ses-1		dir-AP	acq-multiband	space-ACPC			DSIStudio	autotrackgqi
CranialNerve_CNIIL	dki_planarity	DIPYDKI	/scratch/grmpy/SLURM_11194840_22/job-11194840-22-sub-112028/ds/inputs/data/qsiprep/qsiprep/sub-112028/ses-1/dwi/sub-112028_ses-1_acq-multiband_dir-AP_space-ACPC_desc-preproc_dwi.nii.gz	0.0	0.1546499878168106	0.1062331348657608	0.1309665739536285	0.1546499878168106	0.1309665739536285	0.1062331348657608	0.1416760236024856	0.1416760236024856	sub-112028	ses-1		dir-AP	acq-multiband	space-ACPC			DSIStudio	autotrackgqi
CranialNerve_CNIIL	dki_rd	DIPYDKI	/scratch/grmpy/SLURM_11194840_22/job-11194840-22-sub-112028/ds/inputs/data/qsiprep/qsiprep/sub-112028/ses-1/dwi/sub-112028_ses-1_acq-multiband_dir-AP_space-ACPC_desc-preproc_dwi.nii.gz	0.0	0.0013557714410126	0.0010590587044134	0.0009161345078609	0.0013557714410126	0.0009161345078609	0.0010590587044134	0.0015231084544211	0.0015231084544211	sub-112028	ses-1		dir-AP	acq-multiband	space-ACPC			DSIStudio	autotrackgqi
CranialNerve_CNIIL	dki_rk	DIPYDKI	/scratch/grmpy/SLURM_11194840_22/job-11194840-22-sub-112028/ds/inputs/data/qsiprep/qsiprep/sub-112028/ses-1/dwi/sub-112028_ses-1_acq-multiband_dir-AP_space-ACPC_desc-preproc_dwi.nii.gz	0.0	0.8648458397457267	0.424196023162387	0.8521128996092225	0.8648458397457267	0.8521128996092225	0.424196023162387	0.9260330259612236	0.9260330259612236	sub-112028	ses-1		dir-AP	acq-multiband	space-ACPC			DSIStudio	autotrackgqi
CranialNerve_CNIIL	dki_sphericity	DIPYDKI	/scratch/grmpy/SLURM_11194840_22/job-11194840-22-sub-112028/ds/inputs/data/qsiprep/qsiprep/sub-112028/ses-1/dwi/sub-112028_ses-1_acq-multiband_dir-AP_space-ACPC_desc-preproc_dwi.nii.gz	0.0	0.7022557258605957	0.1570001393556594	0.7337316274642944	0.7022557258605957	0.7337316274642944	0.1570001393556594	0.6891419291496277	0.6891419291496277	sub-112028	ses-1		dir-AP	acq-multiband	space-ACPC			DSIStudio	autotrackgqi
CranialNerve_CNVL	dki_ad	DIPYDKI	/scratch/grmpy/SLURM_11194840_22/job-11194840-22-sub-112028/ds/inputs/data/qsiprep/qsiprep/sub-112028/ses-1/dwi/sub-112028_ses-1_acq-multiband_dir-AP_space-ACPC_desc-preproc_dwi.nii.gz	0.0	0.0021109122317284	0.0014524577418342	0.0015766755677759	0.0021109122317284	0.0015766755677759	0.0014524577418342	0.002094542607665	0.002094542607665	sub-112028	ses-1		dir-AP	acq-multiband	space-ACPC			DSIStudio	autotrackgqi
CranialNerve_CNVL	dki_ak	DIPYDKI	/scratch/grmpy/SLURM_11194840_22/job-11194840-22-sub-112028/ds/inputs/data/qsiprep/qsiprep/sub-112028/ses-1/dwi/sub-112028_ses-1_acq-multiband_dir-AP_space-ACPC_desc-preproc_dwi.nii.gz	0.0032388663967611	0.8405236621138588	0.2350322941609099	0.8501123519438902	0.8432548519176406	0.8504031096452177	0.2304703607235427	0.8297311286865093	0.8305957749515518	sub-112028	ses-1		dir-AP	acq-multiband	space-ACPC			DSIStudio	autotrackgqi
CranialNerve_CNVL	dki_fa	DIPYDKI	/scratch/grmpy/SLURM_11194840_22/job-11194840-22-sub-112028/ds/inputs/data/qsiprep/qsiprep/sub-112028/ses-1/dwi/sub-112028_ses-1_acq-multiband_dir-AP_space-ACPC_desc-preproc_dwi.nii.gz	0.0008097165991902	0.3832547664642334	0.1699738800525665	0.3577722311019897	0.3835653364658355	0.3578951060771942	0.1696920990943908	0.4361310303211212	0.4361537098884582	sub-112028	ses-1		dir-AP	acq-multiband	space-ACPC			DSIStudio	autotrackgqi
CranialNerve_CNVL	dki_kfa	DIPYDKI	/scratch/grmpy/SLURM_11194840_22/job-11194840-22-sub-112028/ds/inputs/data/qsiprep/qsiprep/sub-112028/ses-1/dwi/sub-112028_ses-1_acq-multiband_dir-AP_space-ACPC_desc-preproc_dwi.nii.gz	0.0024291497975708	0.4549956023693084	0.1868201345205307	0.4571560323238373	0.4561035335063934	0.4587587118148803	0.1856917142868042	0.4779165387153625	0.4783024191856384	sub-112028	ses-1		dir-AP	acq-multiband	space-ACPC			DSIStudio	autotrackgqi
CranialNerve_CNVL	dki_linearity	DIPYDKI	/scratch/grmpy/SLURM_11194840_22/job-11194840-22-sub-112028/ds/inputs/data/qsiprep/qsiprep/sub-112028/ses-1/dwi/sub-112028_ses-1_acq-multiband_dir-AP_space-ACPC_desc-preproc_dwi.nii.gz	0.0008097165991902	0.1793912500143051	0.1236320585012435	0.1499370336532592	0.1795366257429123	0.1499408483505249	0.1235765889286995	0.208239272236824	0.2082501053810119	sub-112028	ses-1		dir-AP	acq-multiband	space-ACPC			DSIStudio	autotrackgqi
CranialNerve_CNVL	dki_md	DIPYDKI	/scratch/grmpy/SLURM_11194840_22/job-11194840-22-sub-112028/ds/inputs/data/qsiprep/qsiprep/sub-112028/ses-1/dwi/sub-112028_ses-1_acq-multiband_dir-AP_space-ACPC_desc-preproc_dwi.nii.gz	0.0	0.0015412271022796	0.0012597258901223	0.0009873930830508	0.0015412271022796	0.0009873930830508	0.0012597258901223	0.0014711173716932	0.0014711173716932	sub-112028	ses-1		dir-AP	acq-multiband	space-ACPC			DSIStudio	autotrackgqi
CranialNerve_CNVL	dki_mk	DIPYDKI	/scratch/grmpy/SLURM_11194840_22/job-11194840-22-sub-112028/ds/inputs/data/qsiprep/qsiprep/sub-112028/ses-1/dwi/sub-112028_ses-1_acq-multiband_dir-AP_space-ACPC_desc-preproc_dwi.nii.gz	0.0032388663967611	0.9869899141091496	0.2874628311615858	1.0389021167159156	0.9901970299957756	1.0392942416108053	0.2823609670000062	1.0679931154915412	1.0691060500410738	sub-112028	ses-1		dir-AP	acq-multiband	space-ACPC			DSIStudio	autotrackgqi
CranialNerve_CNVL	dki_mkt	DIPYDKI	/scratch/grmpy/SLURM_11194840_22/job-11194840-22-sub-112028/ds/inputs/data/qsiprep/qsiprep/sub-112028/ses-1/dwi/sub-112028_ses-1_acq-multiband_dir-AP_space-ACPC_desc-preproc_dwi.nii.gz	0.0	1.0100532348721576	0.3584504995343348	1.0542978399805474	1.0100532348721576	1.0542978399805474	0.3584504995343348	1.059092613611535	1.059092613611535	sub-112028	ses-1		dir-AP	acq-multiband	space-ACPC			DSIStudio	autotrackgqi
CranialNerve_CNVL	dki_planarity	DIPYDKI	/scratch/grmpy/SLURM_11194840_22/job-11194840-22-sub-112028/ds/inputs/data/qsiprep/qsiprep/sub-112028/ses-1/dwi/sub-112028_ses-1_acq-multiband_dir-AP_space-ACPC_desc-preproc_dwi.nii.gz	0.0016194331983805	0.1812400072813034	0.1108523160219192	0.1583188772201538	0.1815339922904968	0.1585806012153625	0.1107014045119285	0.2073814421892166	0.207457035779953	sub-112028	ses-1		dir-AP	acq-multiband	space-ACPC			DSIStudio	autotrackgqi
CranialNerve_CNVL	dki_rd	DIPYDKI	/scratch/grmpy/SLURM_11194840_22/job-11194840-22-sub-112028/ds/inputs/data/qsiprep/qsiprep/sub-112028/ses-1/dwi/sub-112028_ses-1_acq-multiband_dir-AP_space-ACPC_desc-preproc_dwi.nii.gz	0.0	0.0012563845375552	0.0011841322993859	0.0007750921067781	0.0012563845375552	0.0007750921067781	0.0011841322993859	0.0011594048701226	0.0011594048701226	sub-112028	ses-1		dir-AP	acq-multiband	space-ACPC			DSIStudio	autotrackgqi
CranialNerve_CNVL	dki_rk	DIPYDKI	/scratch/grmpy/SLURM_11194840_22/job-11194840-22-sub-112028/ds/inputs/data/qsiprep/qsiprep/sub-112028/ses-1/dwi/sub-112028_ses-1_acq-multiband_dir-AP_space-ACPC_desc-preproc_dwi.nii.gz	0.0032388663967611	1.1585780359116948	0.5098475192474782	1.1428000287729423	1.162342708652269	1.1454925781515093	0.5063727028585053	1.338300317665289	1.339694934323578	sub-112028	ses-1		dir-AP	acq-multiband	space-ACPC			DSIStudio	autotrackgqi
CranialNerve_CNVL	dki_sphericity	DIPYDKI	/scratch/grmpy/SLURM_11194840_22/job-11194840-22-sub-112028/ds/inputs/data/qsiprep/qsiprep/sub-112028/ses-1/dwi/sub-112028_ses-1_acq-multiband_dir-AP_space-ACPC_desc-preproc_dwi.nii.gz	0.0	0.6393687725067139	0.1691083312034607	0.6689802408218384	0.6393687725067139	0.6689802408218384	0.1691083312034607	0.584379255771637	0.584379255771637	sub-112028	ses-1		dir-AP	acq-multiband	space-ACPC			DSIStudio	autotrackgqi
