bundle	variable_name	qsirecon_suffix	source_file	zero_proportion	mean	stdev	median	masked_mean	masked_median	masked_stdev	weighted_mean	masked_weighted_mean	subject_id	session_id	task_id	dir_id	acq_id	space_id	rec_id	run_id	bundle_source	bundle_params_id
Association_FrontalAslantTractR	dki_ad	DIPYDKI	/scratch/grmpy/SLURM_11194840_32/job-11194840-32-sub-118864/ds/inputs/data/qsiprep/qsiprep/sub-118864/ses-1/dwi/sub-118864_ses-1_acq-multiband_dir-AP_space-ACPC_desc-preproc_dwi.nii.gz	0.0	0.0012912683887407	0.0003516258730087	0.0012334312777966	0.0012912683887407	0.0012334312777966	0.0003516258730087	0.0013076631585136	0.0013076631585136	sub-118864	ses-1		dir-AP	acq-multiband	space-ACPC			DSIStudio	autotrackgqi
Association_FrontalAslantTractR	dki_ak	DIPYDKI	/scratch/grmpy/SLURM_11194840_32/job-11194840-32-sub-118864/ds/inputs/data/qsiprep/qsiprep/sub-118864/ses-1/dwi/sub-118864_ses-1_acq-multiband_dir-AP_space-ACPC_desc-preproc_dwi.nii.gz	0.0	0.7744006076336789	0.1644203564615583	0.7686109343427957	0.7744006076336789	0.7686109343427957	0.1644203564615583	0.8039872290671153	0.8039872290671153	sub-118864	ses-1		dir-AP	acq-multiband	space-ACPC			DSIStudio	autotrackgqi
Association_FrontalAslantTractR	dki_fa	DIPYDKI	/scratch/grmpy/SLURM_11194840_32/job-11194840-32-sub-118864/ds/inputs/data/qsiprep/qsiprep/sub-118864/ses-1/dwi/sub-118864_ses-1_acq-multiband_dir-AP_space-ACPC_desc-preproc_dwi.nii.gz	0.0	0.3401439487934112	0.1626943796873092	0.3345358669757843	0.3401439487934112	0.3345358669757843	0.1626943796873092	0.4065123796463012	0.4065123796463012	sub-118864	ses-1		dir-AP	acq-multiband	space-ACPC			DSIStudio	autotrackgqi
Association_FrontalAslantTractR	dki_kfa	DIPYDKI	/scratch/grmpy/SLURM_11194840_32/job-11194840-32-sub-118864/ds/inputs/data/qsiprep/qsiprep/sub-118864/ses-1/dwi/sub-118864_ses-1_acq-multiband_dir-AP_space-ACPC_desc-preproc_dwi.nii.gz	0.0009326908129954	0.4597921371459961	0.139955922961235	0.4658469557762146	0.460221379995346	0.4660038948059082	0.1393140256404876	0.4950364530086517	0.495229959487915	sub-118864	ses-1		dir-AP	acq-multiband	space-ACPC			DSIStudio	autotrackgqi
Association_FrontalAslantTractR	dki_linearity	DIPYDKI	/scratch/grmpy/SLURM_11194840_32/job-11194840-32-sub-118864/ds/inputs/data/qsiprep/qsiprep/sub-118864/ses-1/dwi/sub-118864_ses-1_acq-multiband_dir-AP_space-ACPC_desc-preproc_dwi.nii.gz	0.0	0.1398263573646545	0.1032211333513259	0.1143906936049461	0.1398263573646545	0.1143906936049461	0.1032211333513259	0.1762648224830627	0.1762648224830627	sub-118864	ses-1		dir-AP	acq-multiband	space-ACPC			DSIStudio	autotrackgqi
Association_FrontalAslantTractR	dki_md	DIPYDKI	/scratch/grmpy/SLURM_11194840_32/job-11194840-32-sub-118864/ds/inputs/data/qsiprep/qsiprep/sub-118864/ses-1/dwi/sub-118864_ses-1_acq-multiband_dir-AP_space-ACPC_desc-preproc_dwi.nii.gz	0.0	0.0009509472874924	0.0003104412462562	0.0008913683705031	0.0009509472874924	0.0008913683705031	0.0003104412462562	0.0008960669510997	0.0008960669510997	sub-118864	ses-1		dir-AP	acq-multiband	space-ACPC			DSIStudio	autotrackgqi
Association_FrontalAslantTractR	dki_mk	DIPYDKI	/scratch/grmpy/SLURM_11194840_32/job-11194840-32-sub-118864/ds/inputs/data/qsiprep/qsiprep/sub-118864/ses-1/dwi/sub-118864_ses-1_acq-multiband_dir-AP_space-ACPC_desc-preproc_dwi.nii.gz	0.0	0.9466207864288024	0.2228984031331716	0.994544383955864	0.9466207864288024	0.994544383955864	0.2228984031331716	1.0520796434321371	1.0520796434321371	sub-118864	ses-1		dir-AP	acq-multiband	space-ACPC			DSIStudio	autotrackgqi
Association_FrontalAslantTractR	dki_mkt	DIPYDKI	/scratch/grmpy/SLURM_11194840_32/job-11194840-32-sub-118864/ds/inputs/data/qsiprep/qsiprep/sub-118864/ses-1/dwi/sub-118864_ses-1_acq-multiband_dir-AP_space-ACPC_desc-preproc_dwi.nii.gz	0.0	0.9243609289212206	0.1988635092502332	0.9716690679948417	0.9243609289212206	0.9716690679948417	0.1988635092502332	1.016183559004208	1.016183559004208	sub-118864	ses-1		dir-AP	acq-multiband	space-ACPC			DSIStudio	autotrackgqi
Association_FrontalAslantTractR	dki_planarity	DIPYDKI	/scratch/grmpy/SLURM_11194840_32/job-11194840-32-sub-118864/ds/inputs/data/qsiprep/qsiprep/sub-118864/ses-1/dwi/sub-118864_ses-1_acq-multiband_dir-AP_space-ACPC_desc-preproc_dwi.nii.gz	0.0	0.1935753971338272	0.1237291544675827	0.174039140343666	0.1935753971338272	0.174039140343666	0.1237291544675827	0.2178990542888641	0.2178990542888641	sub-118864	ses-1		dir-AP	acq-multiband	space-ACPC			DSIStudio	autotrackgqi
Association_FrontalAslantTractR	dki_rd	DIPYDKI	/scratch/grmpy/SLURM_11194840_32/job-11194840-32-sub-118864/ds/inputs/data/qsiprep/qsiprep/sub-118864/ses-1/dwi/sub-118864_ses-1_acq-multiband_dir-AP_space-ACPC_desc-preproc_dwi.nii.gz	0.0	0.0007807867950759	0.0003322639095131	0.0007274200906977	0.0007807867950759	0.0007274200906977	0.0003322639095131	0.000690268818289	0.000690268818289	sub-118864	ses-1		dir-AP	acq-multiband	space-ACPC			DSIStudio	autotrackgqi
Association_FrontalAslantTractR	dki_rk	DIPYDKI	/scratch/grmpy/SLURM_11194840_32/job-11194840-32-sub-118864/ds/inputs/data/qsiprep/qsiprep/sub-118864/ses-1/dwi/sub-118864_ses-1_acq-multiband_dir-AP_space-ACPC_desc-preproc_dwi.nii.gz	0.0	1.1797657121783205	0.4458804409831818	1.178555377946452	1.1797657121783205	1.178555377946452	0.4458804409831818	1.3661616542139607	1.3661616542139607	sub-118864	ses-1		dir-AP	acq-multiband	space-ACPC			DSIStudio	autotrackgqi
Association_FrontalAslantTractR	dki_sphericity	DIPYDKI	/scratch/grmpy/SLURM_11194840_32/job-11194840-32-sub-118864/ds/inputs/data/qsiprep/qsiprep/sub-118864/ses-1/dwi/sub-118864_ses-1_acq-multiband_dir-AP_space-ACPC_desc-preproc_dwi.nii.gz	0.0	0.6665982604026794	0.1653253734111786	0.6713607907295227	0.6665982604026794	0.6713607907295227	0.1653253734111786	0.6058361530303955	0.6058361530303955	sub-118864	ses-1		dir-AP	acq-multiband	space-ACPC			DSIStudio	autotrackgqi
Association_InferiorFrontoOccipitalFasciculusR	dki_ad	DIPYDKI	/scratch/grmpy/SLURM_11194840_32/job-11194840-32-sub-118864/ds/inputs/data/qsiprep/qsiprep/sub-118864/ses-1/dwi/sub-118864_ses-1_acq-multiband_dir-AP_space-ACPC_desc-preproc_dwi.nii.gz	0.0001306506401881	0.0013625406427308	0.0003124377108179	0.0013231781776994	0.0013627187581732	0.0013233940117061	0.0003120696346741	0.0015491947997361	0.0015491980593651	sub-118864	ses-1		dir-AP	acq-multiband	space-ACPC			DSIStudio	autotrackgqi
Association_InferiorFrontoOccipitalFasciculusR	dki_ak	DIPYDKI	/scratch/grmpy/SLURM_11194840_32/job-11194840-32-sub-118864/ds/inputs/data/qsiprep/qsiprep/sub-118864/ses-1/dwi/sub-118864_ses-1_acq-multiband_dir-AP_space-ACPC_desc-preproc_dwi.nii.gz	0.0009145544813169	0.7267425570178243	0.1547815390863259	0.727157980727787	0.7274078110912028	0.7272368348349256	0.1532819107653513	0.711455229604165	0.7114677814834305	sub-118864	ses-1		dir-AP	acq-multiband	space-ACPC			DSIStudio	autotrackgqi
Association_InferiorFrontoOccipitalFasciculusR	dki_fa	DIPYDKI	/scratch/grmpy/SLURM_11194840_32/job-11194840-32-sub-118864/ds/inputs/data/qsiprep/qsiprep/sub-118864/ses-1/dwi/sub-118864_ses-1_acq-multiband_dir-AP_space-ACPC_desc-preproc_dwi.nii.gz	0.0001306506401881	0.3673791587352752	0.1809392571449279	0.365423321723938	0.3674271702766418	0.3654503524303436	0.1809023171663284	0.5224123597145081	0.5224135518074036	sub-118864	ses-1		dir-AP	acq-multiband	space-ACPC			DSIStudio	autotrackgqi
Association_InferiorFrontoOccipitalFasciculusR	dki_kfa	DIPYDKI	/scratch/grmpy/SLURM_11194840_32/job-11194840-32-sub-118864/ds/inputs/data/qsiprep/qsiprep/sub-118864/ses-1/dwi/sub-118864_ses-1_acq-multiband_dir-AP_space-ACPC_desc-preproc_dwi.nii.gz	0.0058792788084661	0.4681553244590759	0.1606190204620361	0.4619348049163818	0.4709239900112152	0.4632569551467895	0.1569942682981491	0.5935750603675842	0.5937473773956299	sub-118864	ses-1		dir-AP	acq-multiband	space-ACPC			DSIStudio	autotrackgqi
Association_InferiorFrontoOccipitalFasciculusR	dki_linearity	DIPYDKI	/scratch/grmpy/SLURM_11194840_32/job-11194840-32-sub-118864/ds/inputs/data/qsiprep/qsiprep/sub-118864/ses-1/dwi/sub-118864_ses-1_acq-multiband_dir-AP_space-ACPC_desc-preproc_dwi.nii.gz	0.0001306506401881	0.1733733713626861	0.1288044303655624	0.1398831903934478	0.1733960211277008	0.1398868709802627	0.1287976056337356	0.2895084619522095	0.2895090878009796	sub-118864	ses-1		dir-AP	acq-multiband	space-ACPC			DSIStudio	autotrackgqi
Association_InferiorFrontoOccipitalFasciculusR	dki_md	DIPYDKI	/scratch/grmpy/SLURM_11194840_32/job-11194840-32-sub-118864/ds/inputs/data/qsiprep/qsiprep/sub-118864/ses-1/dwi/sub-118864_ses-1_acq-multiband_dir-AP_space-ACPC_desc-preproc_dwi.nii.gz	0.0001306506401881	0.0009595241281203	0.000198360736249	0.0009257443016394	0.000959649507422	0.0009257587371394	0.0001980702072614	0.0009309498127549	0.0009309517918154	sub-118864	ses-1		dir-AP	acq-multiband	space-ACPC			DSIStudio	autotrackgqi
Association_InferiorFrontoOccipitalFasciculusR	dki_mk	DIPYDKI	/scratch/grmpy/SLURM_11194840_32/job-11194840-32-sub-118864/ds/inputs/data/qsiprep/qsiprep/sub-118864/ses-1/dwi/sub-118864_ses-1_acq-multiband_dir-AP_space-ACPC_desc-preproc_dwi.nii.gz	0.0009145544813169	0.8936842462015998	0.2215919450527479	0.9330240030894544	0.894502317304439	0.933128975134592	0.220036751663276	0.94067125260739	0.9406878481682304	sub-118864	ses-1		dir-AP	acq-multiband	space-ACPC			DSIStudio	autotrackgqi
Association_InferiorFrontoOccipitalFasciculusR	dki_mkt	DIPYDKI	/scratch/grmpy/SLURM_11194840_32/job-11194840-32-sub-118864/ds/inputs/data/qsiprep/qsiprep/sub-118864/ses-1/dwi/sub-118864_ses-1_acq-multiband_dir-AP_space-ACPC_desc-preproc_dwi.nii.gz	0.0001306506401881	0.8685039783449608	0.1943854077550933	0.907819404751354	0.8686174637726813	0.907827485844011	0.1941444016523427	0.8969562288570079	0.8969581529563727	sub-118864	ses-1		dir-AP	acq-multiband	space-ACPC			DSIStudio	autotrackgqi
Association_InferiorFrontoOccipitalFasciculusR	dki_planarity	DIPYDKI	/scratch/grmpy/SLURM_11194840_32/job-11194840-32-sub-118864/ds/inputs/data/qsiprep/qsiprep/sub-118864/ses-1/dwi/sub-118864_ses-1_acq-multiband_dir-AP_space-ACPC_desc-preproc_dwi.nii.gz	0.0001306506401881	0.1668488681316375	0.1032857075333595	0.147447794675827	0.1668706685304641	0.1474592536687851	0.1032748445868492	0.172622263431549	0.1726226359605789	sub-118864	ses-1		dir-AP	acq-multiband	space-ACPC			DSIStudio	autotrackgqi
Association_InferiorFrontoOccipitalFasciculusR	dki_rd	DIPYDKI	/scratch/grmpy/SLURM_11194840_32/job-11194840-32-sub-118864/ds/inputs/data/qsiprep/qsiprep/sub-118864/ses-1/dwi/sub-118864_ses-1_acq-multiband_dir-AP_space-ACPC_desc-preproc_dwi.nii.gz	0.0001306506401881	0.0007580158999189	0.0002361365186516	0.0007281258003786	0.0007581149693578	0.0007281579892151	0.0002359929058002	0.000621827377472	0.0006218287744559	sub-118864	ses-1		dir-AP	acq-multiband	space-ACPC			DSIStudio	autotrackgqi
Association_InferiorFrontoOccipitalFasciculusR	dki_rk	DIPYDKI	/scratch/grmpy/SLURM_11194840_32/job-11194840-32-sub-118864/ds/inputs/data/qsiprep/qsiprep/sub-118864/ses-1/dwi/sub-118864_ses-1_acq-multiband_dir-AP_space-ACPC_desc-preproc_dwi.nii.gz	0.0009145544813169	1.154021173765959	0.4593713353181771	1.1366910835653723	1.1550775551202628	1.137005599707473	0.4582521021445734	1.421517171596446	1.4215422502048272	sub-118864	ses-1		dir-AP	acq-multiband	space-ACPC			DSIStudio	autotrackgqi
Association_InferiorFrontoOccipitalFasciculusR	dki_sphericity	DIPYDKI	/scratch/grmpy/SLURM_11194840_32/job-11194840-32-sub-118864/ds/inputs/data/qsiprep/qsiprep/sub-118864/ses-1/dwi/sub-118864_ses-1_acq-multiband_dir-AP_space-ACPC_desc-preproc_dwi.nii.gz	0.0001306506401881	0.6596470475196838	0.1631355881690979	0.656531572341919	0.659733235836029	0.656545877456665	0.1629718840122223	0.5378671288490295	0.5378682613372803	sub-118864	ses-1		dir-AP	acq-multiband	space-ACPC			DSIStudio	autotrackgqi
Association_ArcuateFasciculusL	dki_ad	DIPYDKI	/scratch/grmpy/SLURM_11194840_32/job-11194840-32-sub-118864/ds/inputs/data/qsiprep/qsiprep/sub-118864/ses-1/dwi/sub-118864_ses-1_acq-multiband_dir-AP_space-ACPC_desc-preproc_dwi.nii.gz	0.0087603305785123	0.0012883762829005	0.0003812673385255	0.0012542607728391	0.0012997626326978	0.0012568839592859	0.0003631114668678	0.0013899013865739	0.0013907158281654	sub-118864	ses-1		dir-AP	acq-multiband	space-ACPC			DSIStudio	autotrackgqi
Association_ArcuateFasciculusL	dki_ak	DIPYDKI	/scratch/grmpy/SLURM_11194840_32/job-11194840-32-sub-118864/ds/inputs/data/qsiprep/qsiprep/sub-118864/ses-1/dwi/sub-118864_ses-1_acq-multiband_dir-AP_space-ACPC_desc-preproc_dwi.nii.gz	0.0097520661157024	0.7265286079058655	0.1788370926992094	0.7284577664622115	0.7336835382791664	0.7300888631984677	0.1644634310494822	0.778303553519387	0.778777953917521	sub-118864	ses-1		dir-AP	acq-multiband	space-ACPC			DSIStudio	autotrackgqi
Association_ArcuateFasciculusL	dki_fa	DIPYDKI	/scratch/grmpy/SLURM_11194840_32/job-11194840-32-sub-118864/ds/inputs/data/qsiprep/qsiprep/sub-118864/ses-1/dwi/sub-118864_ses-1_acq-multiband_dir-AP_space-ACPC_desc-preproc_dwi.nii.gz	0.0089256198347107	0.3409607112407684	0.172413632273674	0.3419629335403442	0.3440313935279846	0.3450175523757934	0.1701110303401947	0.4637906849384308	0.4640638828277588	sub-118864	ses-1		dir-AP	acq-multiband	space-ACPC			DSIStudio	autotrackgqi
Association_ArcuateFasciculusL	dki_kfa	DIPYDKI	/scratch/grmpy/SLURM_11194840_32/job-11194840-32-sub-118864/ds/inputs/data/qsiprep/qsiprep/sub-118864/ses-1/dwi/sub-118864_ses-1_acq-multiband_dir-AP_space-ACPC_desc-preproc_dwi.nii.gz	0.0109090909090909	0.4787985980510711	0.1541412472724914	0.485710859298706	0.4840794503688812	0.4877467751502991	0.1465101391077041	0.53232342004776	0.5328850746154785	sub-118864	ses-1		dir-AP	acq-multiband	space-ACPC			DSIStudio	autotrackgqi
Association_ArcuateFasciculusL	dki_linearity	DIPYDKI	/scratch/grmpy/SLURM_11194840_32/job-11194840-32-sub-118864/ds/inputs/data/qsiprep/qsiprep/sub-118864/ses-1/dwi/sub-118864_ses-1_acq-multiband_dir-AP_space-ACPC_desc-preproc_dwi.nii.gz	0.0089256198347107	0.1457545906305313	0.1073453947901725	0.1159506440162658	0.1470672637224197	0.1175826340913772	0.1069287583231926	0.218545064330101	0.2186737656593322	sub-118864	ses-1		dir-AP	acq-multiband	space-ACPC			DSIStudio	autotrackgqi
Association_ArcuateFasciculusL	dki_md	DIPYDKI	/scratch/grmpy/SLURM_11194840_32/job-11194840-32-sub-118864/ds/inputs/data/qsiprep/qsiprep/sub-118864/ses-1/dwi/sub-118864_ses-1_acq-multiband_dir-AP_space-ACPC_desc-preproc_dwi.nii.gz	0.0087603305785123	0.0009404515149071	0.000313283962896	0.0008852309547364	0.000948762986809	0.000886121764779	0.0003018751449417	0.0009011980728246	0.0009017260745167	sub-118864	ses-1		dir-AP	acq-multiband	space-ACPC			DSIStudio	autotrackgqi
Association_ArcuateFasciculusL	dki_mk	DIPYDKI	/scratch/grmpy/SLURM_11194840_32/job-11194840-32-sub-118864/ds/inputs/data/qsiprep/qsiprep/sub-118864/ses-1/dwi/sub-118864_ses-1_acq-multiband_dir-AP_space-ACPC_desc-preproc_dwi.nii.gz	0.0097520661157024	0.8623985259251411	0.264173733478625	0.8889953892302811	0.870891517584227	0.8953230491720414	0.2511544630344107	1.0369609336185135	1.037592993695174	sub-118864	ses-1		dir-AP	acq-multiband	space-ACPC			DSIStudio	autotrackgqi
Association_ArcuateFasciculusL	dki_mkt	DIPYDKI	/scratch/grmpy/SLURM_11194840_32/job-11194840-32-sub-118864/ds/inputs/data/qsiprep/qsiprep/sub-118864/ses-1/dwi/sub-118864_ses-1_acq-multiband_dir-AP_space-ACPC_desc-preproc_dwi.nii.gz	0.0087603305785123	0.8479398466494631	0.2429206522659326	0.8881683974174379	0.8554337289026599	0.8922461926712284	0.2304808958094513	0.9900344359598244	0.9906144975002932	sub-118864	ses-1		dir-AP	acq-multiband	space-ACPC			DSIStudio	autotrackgqi
Association_ArcuateFasciculusL	dki_planarity	DIPYDKI	/scratch/grmpy/SLURM_11194840_32/job-11194840-32-sub-118864/ds/inputs/data/qsiprep/qsiprep/sub-118864/ses-1/dwi/sub-118864_ses-1_acq-multiband_dir-AP_space-ACPC_desc-preproc_dwi.nii.gz	0.009090909090909	0.1844650954008102	0.1184418946504592	0.1652663052082061	0.1861574351787567	0.1662894040346145	0.1176526322960853	0.2240318953990936	0.2241643369197845	sub-118864	ses-1		dir-AP	acq-multiband	space-ACPC			DSIStudio	autotrackgqi
Association_ArcuateFasciculusL	dki_rd	DIPYDKI	/scratch/grmpy/SLURM_11194840_32/job-11194840-32-sub-118864/ds/inputs/data/qsiprep/qsiprep/sub-118864/ses-1/dwi/sub-118864_ses-1_acq-multiband_dir-AP_space-ACPC_desc-preproc_dwi.nii.gz	0.0087603305785123	0.0007664890727028	0.0003252085589338	0.0007116069318726	0.0007732631056569	0.0007128560100682	0.0003185234090778	0.0006568463286384	0.0006572311976924	sub-118864	ses-1		dir-AP	acq-multiband	space-ACPC			DSIStudio	autotrackgqi
Association_ArcuateFasciculusL	dki_rk	DIPYDKI	/scratch/grmpy/SLURM_11194840_32/job-11194840-32-sub-118864/ds/inputs/data/qsiprep/qsiprep/sub-118864/ses-1/dwi/sub-118864_ses-1_acq-multiband_dir-AP_space-ACPC_desc-preproc_dwi.nii.gz	0.0097520661157024	1.0692900735412758	0.4976872596482332	1.0340213560856426	1.0798205549865998	1.0450652940489773	0.4886316414588467	1.4506682101852597	1.4515524377770752	sub-118864	ses-1		dir-AP	acq-multiband	space-ACPC			DSIStudio	autotrackgqi
Association_ArcuateFasciculusL	dki_sphericity	DIPYDKI	/scratch/grmpy/SLURM_11194840_32/job-11194840-32-sub-118864/ds/inputs/data/qsiprep/qsiprep/sub-118864/ses-1/dwi/sub-118864_ses-1_acq-multiband_dir-AP_space-ACPC_desc-preproc_dwi.nii.gz	0.0087603305785123	0.6610199809074402	0.1791934967041015	0.6617943644523621	0.666861891746521	0.6636008620262146	0.168814480304718	0.5568374395370483	0.5571637153625488	sub-118864	ses-1		dir-AP	acq-multiband	space-ACPC			DSIStudio	autotrackgqi
Association_UncinateFasciculusR	dki_ad	DIPYDKI	/scratch/grmpy/SLURM_11194840_32/job-11194840-32-sub-118864/ds/inputs/data/qsiprep/qsiprep/sub-118864/ses-1/dwi/sub-118864_ses-1_acq-multiband_dir-AP_space-ACPC_desc-preproc_dwi.nii.gz	0.0006709908297919	0.0013205560389906	0.0004398811433929	0.0012568802339956	0.0013214427744969	0.0012571023544296	0.0004386953951325	0.0013717650435864	0.0013717988040298	sub-118864	ses-1		dir-AP	acq-multiband	space-ACPC			DSIStudio	autotrackgqi
Association_UncinateFasciculusR	dki_ak	DIPYDKI	/scratch/grmpy/SLURM_11194840_32/job-11194840-32-sub-118864/ds/inputs/data/qsiprep/qsiprep/sub-118864/ses-1/dwi/sub-118864_ses-1_acq-multiband_dir-AP_space-ACPC_desc-preproc_dwi.nii.gz	0.0064862446879892	0.6818912971434644	0.1923910275908927	0.6889200360221823	0.6863430863413844	0.6896570904070696	0.1849337828095629	0.6802483784001833	0.6809995919081941	sub-118864	ses-1		dir-AP	acq-multiband	space-ACPC			DSIStudio	autotrackgqi
Association_UncinateFasciculusR	dki_fa	DIPYDKI	/scratch/grmpy/SLURM_11194840_32/job-11194840-32-sub-118864/ds/inputs/data/qsiprep/qsiprep/sub-118864/ses-1/dwi/sub-118864_ses-1_acq-multiband_dir-AP_space-ACPC_desc-preproc_dwi.nii.gz	0.0011183180496533	0.3040570616722107	0.1607855558395385	0.2799696922302246	0.3043974637985229	0.2800863683223724	0.1605531722307205	0.3703583478927612	0.3704576194286346	sub-118864	ses-1		dir-AP	acq-multiband	space-ACPC			DSIStudio	autotrackgqi
Association_UncinateFasciculusR	dki_kfa	DIPYDKI	/scratch/grmpy/SLURM_11194840_32/job-11194840-32-sub-118864/ds/inputs/data/qsiprep/qsiprep/sub-118864/ses-1/dwi/sub-118864_ses-1_acq-multiband_dir-AP_space-ACPC_desc-preproc_dwi.nii.gz	0.0145381346454931	0.4893879890441894	0.182635560631752	0.4924624562263489	0.4966077506542206	0.4953832030296325	0.1739610582590103	0.5161871314048767	0.5174882411956787	sub-118864	ses-1		dir-AP	acq-multiband	space-ACPC			DSIStudio	autotrackgqi
Association_UncinateFasciculusR	dki_linearity	DIPYDKI	/scratch/grmpy/SLURM_11194840_32/job-11194840-32-sub-118864/ds/inputs/data/qsiprep/qsiprep/sub-118864/ses-1/dwi/sub-118864_ses-1_acq-multiband_dir-AP_space-ACPC_desc-preproc_dwi.nii.gz	0.0011183180496533	0.1314067840576172	0.1090317294001579	0.0987736284732818	0.131553903222084	0.0990082994103431	0.1090040057897567	0.1739604473114013	0.1740070581436157	sub-118864	ses-1		dir-AP	acq-multiband	space-ACPC			DSIStudio	autotrackgqi
Association_UncinateFasciculusR	dki_md	DIPYDKI	/scratch/grmpy/SLURM_11194840_32/job-11194840-32-sub-118864/ds/inputs/data/qsiprep/qsiprep/sub-118864/ses-1/dwi/sub-118864_ses-1_acq-multiband_dir-AP_space-ACPC_desc-preproc_dwi.nii.gz	0.0006709908297919	0.0009944788180291	0.0003135629813186	0.0009365188307128	0.0009951465763151	0.0009365705773234	0.0003126072115264	0.0009639465715736	0.0009639703202992	sub-118864	ses-1		dir-AP	acq-multiband	space-ACPC			DSIStudio	autotrackgqi
Association_UncinateFasciculusR	dki_mk	DIPYDKI	/scratch/grmpy/SLURM_11194840_32/job-11194840-32-sub-118864/ds/inputs/data/qsiprep/qsiprep/sub-118864/ses-1/dwi/sub-118864_ses-1_acq-multiband_dir-AP_space-ACPC_desc-preproc_dwi.nii.gz	0.0064862446879892	0.7238532936699131	0.2534692069376258	0.7449020258470339	0.7285790355691539	0.7465107728831325	0.2474328240167322	0.791915088299711	0.7927896178389203	sub-118864	ses-1		dir-AP	acq-multiband	space-ACPC			DSIStudio	autotrackgqi
Association_UncinateFasciculusR	dki_mkt	DIPYDKI	/scratch/grmpy/SLURM_11194840_32/job-11194840-32-sub-118864/ds/inputs/data/qsiprep/qsiprep/sub-118864/ses-1/dwi/sub-118864_ses-1_acq-multiband_dir-AP_space-ACPC_desc-preproc_dwi.nii.gz	0.0006709908297919	0.7404169599400949	0.2974458818040852	0.7539659047865355	0.7409141065112275	0.7541819843008436	0.2969261100558987	0.7895704976895153	0.7895898870689941	sub-118864	ses-1		dir-AP	acq-multiband	space-ACPC			DSIStudio	autotrackgqi
Association_UncinateFasciculusR	dki_planarity	DIPYDKI	/scratch/grmpy/SLURM_11194840_32/job-11194840-32-sub-118864/ds/inputs/data/qsiprep/qsiprep/sub-118864/ses-1/dwi/sub-118864_ses-1_acq-multiband_dir-AP_space-ACPC_desc-preproc_dwi.nii.gz	0.0033549541489599	0.1566835641860962	0.1037227064371109	0.1353964805603027	0.1572110056877136	0.1357914805412292	0.1034973263740539	0.1617980897426605	0.1618917137384414	sub-118864	ses-1		dir-AP	acq-multiband	space-ACPC			DSIStudio	autotrackgqi
Association_UncinateFasciculusR	dki_rd	DIPYDKI	/scratch/grmpy/SLURM_11194840_32/job-11194840-32-sub-118864/ds/inputs/data/qsiprep/qsiprep/sub-118864/ses-1/dwi/sub-118864_ses-1_acq-multiband_dir-AP_space-ACPC_desc-preproc_dwi.nii.gz	0.0006709908297919	0.0008314401493407	0.0003109969547949	0.0007782710599713	0.0008319984190165	0.0007785204215906	0.0003103539347648	0.0007600374519824	0.0007600561366416	sub-118864	ses-1		dir-AP	acq-multiband	space-ACPC			DSIStudio	autotrackgqi
Association_UncinateFasciculusR	dki_rk	DIPYDKI	/scratch/grmpy/SLURM_11194840_32/job-11194840-32-sub-118864/ds/inputs/data/qsiprep/qsiprep/sub-118864/ses-1/dwi/sub-118864_ses-1_acq-multiband_dir-AP_space-ACPC_desc-preproc_dwi.nii.gz	0.0064862446879892	0.8179737739244649	0.4054972838436683	0.8090841513543793	0.8233139899181185	0.8116069873218124	0.4013786941178195	0.969376010599274	0.9704465141333471	sub-118864	ses-1		dir-AP	acq-multiband	space-ACPC			DSIStudio	autotrackgqi
Association_UncinateFasciculusR	dki_sphericity	DIPYDKI	/scratch/grmpy/SLURM_11194840_32/job-11194840-32-sub-118864/ds/inputs/data/qsiprep/qsiprep/sub-118864/ses-1/dwi/sub-118864_ses-1_acq-multiband_dir-AP_space-ACPC_desc-preproc_dwi.nii.gz	0.0006709908297919	0.71123868227005	0.1581360548734665	0.7341713905334473	0.7117162346839905	0.7342768907546997	0.1571111679077148	0.6642168760299683	0.6642332077026367	sub-118864	ses-1		dir-AP	acq-multiband	space-ACPC			DSIStudio	autotrackgqi
Association_FrontalAslantTractL	dki_ad	DIPYDKI	/scratch/grmpy/SLURM_11194840_32/job-11194840-32-sub-118864/ds/inputs/data/qsiprep/qsiprep/sub-118864/ses-1/dwi/sub-118864_ses-1_acq-multiband_dir-AP_space-ACPC_desc-preproc_dwi.nii.gz	0.0008208832703989	0.0013192301848903	0.0003929972590412	0.0012537282891571	0.0013203140115365	0.0012538604205474	0.0003913345863111	0.0013240383705124	0.0013241845881566	sub-118864	ses-1		dir-AP	acq-multiband	space-ACPC			DSIStudio	autotrackgqi
Association_FrontalAslantTractL	dki_ak	DIPYDKI	/scratch/grmpy/SLURM_11194840_32/job-11194840-32-sub-118864/ds/inputs/data/qsiprep/qsiprep/sub-118864/ses-1/dwi/sub-118864_ses-1_acq-multiband_dir-AP_space-ACPC_desc-preproc_dwi.nii.gz	0.0014775898867181	0.7583311647866694	0.168719680320396	0.7549373914245601	0.7594533253396256	0.7550276478241632	0.1663016108392063	0.801168813558826	0.8012732165843264	sub-118864	ses-1		dir-AP	acq-multiband	space-ACPC			DSIStudio	autotrackgqi
Association_FrontalAslantTractL	dki_fa	DIPYDKI	/scratch/grmpy/SLURM_11194840_32/job-11194840-32-sub-118864/ds/inputs/data/qsiprep/qsiprep/sub-118864/ses-1/dwi/sub-118864_ses-1_acq-multiband_dir-AP_space-ACPC_desc-preproc_dwi.nii.gz	0.0011492365785585	0.3202482759952545	0.1604081392288208	0.3182477056980133	0.320616751909256	0.3185924887657165	0.1601319462060928	0.3948929905891418	0.3949385583400726	sub-118864	ses-1		dir-AP	acq-multiband	space-ACPC			DSIStudio	autotrackgqi
Association_FrontalAslantTractL	dki_kfa	DIPYDKI	/scratch/grmpy/SLURM_11194840_32/job-11194840-32-sub-118864/ds/inputs/data/qsiprep/qsiprep/sub-118864/ses-1/dwi/sub-118864_ses-1_acq-multiband_dir-AP_space-ACPC_desc-preproc_dwi.nii.gz	0.0036118863897553	0.4568200707435608	0.149656280875206	0.4680913388729095	0.4584760069847107	0.468777060508728	0.1473735719919204	0.494247168302536	0.4951062202453613	sub-118864	ses-1		dir-AP	acq-multiband	space-ACPC			DSIStudio	autotrackgqi
Association_FrontalAslantTractL	dki_linearity	DIPYDKI	/scratch/grmpy/SLURM_11194840_32/job-11194840-32-sub-118864/ds/inputs/data/qsiprep/qsiprep/sub-118864/ses-1/dwi/sub-118864_ses-1_acq-multiband_dir-AP_space-ACPC_desc-preproc_dwi.nii.gz	0.0011492365785585	0.1290382146835327	0.0929967984557151	0.107401356101036	0.129186674952507	0.1075161099433898	0.0929471626877784	0.1665382087230682	0.1665574312210083	sub-118864	ses-1		dir-AP	acq-multiband	space-ACPC			DSIStudio	autotrackgqi
Association_FrontalAslantTractL	dki_md	DIPYDKI	/scratch/grmpy/SLURM_11194840_32/job-11194840-32-sub-118864/ds/inputs/data/qsiprep/qsiprep/sub-118864/ses-1/dwi/sub-118864_ses-1_acq-multiband_dir-AP_space-ACPC_desc-preproc_dwi.nii.gz	0.0008208832703989	0.0009939214214682	0.0003635576576925	0.0009047955973073	0.0009947379585355	0.000904825690668	0.0003625886165536	0.0009199121850542	0.0009200138156302	sub-118864	ses-1		dir-AP	acq-multiband	space-ACPC			DSIStudio	autotrackgqi
Association_FrontalAslantTractL	dki_mk	DIPYDKI	/scratch/grmpy/SLURM_11194840_32/job-11194840-32-sub-118864/ds/inputs/data/qsiprep/qsiprep/sub-118864/ses-1/dwi/sub-118864_ses-1_acq-multiband_dir-AP_space-ACPC_desc-preproc_dwi.nii.gz	0.0014775898867181	0.9073231333449132	0.2471274902714173	0.953565228857468	0.9086657686951444	0.9545537628925232	0.2448312940856384	1.0344456157636983	1.034580417894698	sub-118864	ses-1		dir-AP	acq-multiband	space-ACPC			DSIStudio	autotrackgqi
Association_FrontalAslantTractL	dki_mkt	DIPYDKI	/scratch/grmpy/SLURM_11194840_32/job-11194840-32-sub-118864/ds/inputs/data/qsiprep/qsiprep/sub-118864/ses-1/dwi/sub-118864_ses-1_acq-multiband_dir-AP_space-ACPC_desc-preproc_dwi.nii.gz	0.0008208832703989	0.8883017182332311	0.2311159930711979	0.9346025740834106	0.8890315093260944	0.9349481427416508	0.2298035642736097	0.997786146668033	0.9978963618452652	sub-118864	ses-1		dir-AP	acq-multiband	space-ACPC			DSIStudio	autotrackgqi
Association_FrontalAslantTractL	dki_planarity	DIPYDKI	/scratch/grmpy/SLURM_11194840_32/job-11194840-32-sub-118864/ds/inputs/data/qsiprep/qsiprep/sub-118864/ses-1/dwi/sub-118864_ses-1_acq-multiband_dir-AP_space-ACPC_desc-preproc_dwi.nii.gz	0.0014775898867181	0.1861269623041153	0.1246974766254425	0.1613340973854065	0.1864023953676223	0.1615002155303955	0.1245838329195976	0.221032053232193	0.2210608422756195	sub-118864	ses-1		dir-AP	acq-multiband	space-ACPC			DSIStudio	autotrackgqi
Association_FrontalAslantTractL	dki_rd	DIPYDKI	/scratch/grmpy/SLURM_11194840_32/job-11194840-32-sub-118864/ds/inputs/data/qsiprep/qsiprep/sub-118864/ses-1/dwi/sub-118864_ses-1_acq-multiband_dir-AP_space-ACPC_desc-preproc_dwi.nii.gz	0.0008208832703989	0.0008312670397572	0.0003814889350906	0.0007408186793327	0.0008319499902427	0.0007408445235341	0.0003809005138464	0.000717849121429	0.0007179284584708	sub-118864	ses-1		dir-AP	acq-multiband	space-ACPC			DSIStudio	autotrackgqi
Association_FrontalAslantTractL	dki_rk	DIPYDKI	/scratch/grmpy/SLURM_11194840_32/job-11194840-32-sub-118864/ds/inputs/data/qsiprep/qsiprep/sub-118864/ses-1/dwi/sub-118864_ses-1_acq-multiband_dir-AP_space-ACPC_desc-preproc_dwi.nii.gz	0.0014775898867181	1.1137054155334496	0.4453189831345655	1.127203481680719	1.1153534505120424	1.1281846181614372	0.4435812306796086	1.3495761316812664	1.3497519995526552	sub-118864	ses-1		dir-AP	acq-multiband	space-ACPC			DSIStudio	autotrackgqi
Association_FrontalAslantTractL	dki_sphericity	DIPYDKI	/scratch/grmpy/SLURM_11194840_32/job-11194840-32-sub-118864/ds/inputs/data/qsiprep/qsiprep/sub-118864/ses-1/dwi/sub-118864_ses-1_acq-multiband_dir-AP_space-ACPC_desc-preproc_dwi.nii.gz	0.0008208832703989	0.6840139627456665	0.1682176738977432	0.6924338340759277	0.6845759153366089	0.6926603317260742	0.167139858007431	0.61231929063797	0.61238694190979	sub-118864	ses-1		dir-AP	acq-multiband	space-ACPC			DSIStudio	autotrackgqi
Association_MiddleLongitudinalFasciculusR	dki_ad	DIPYDKI	/scratch/grmpy/SLURM_11194840_32/job-11194840-32-sub-118864/ds/inputs/data/qsiprep/qsiprep/sub-118864/ses-1/dwi/sub-118864_ses-1_acq-multiband_dir-AP_space-ACPC_desc-preproc_dwi.nii.gz	0.0	0.0012638670159503	0.0003484777698758	0.0011926237493753	0.0012638670159503	0.0011926237493753	0.0003484777698758	0.0013635098002851	0.0013635098002851	sub-118864	ses-1		dir-AP	acq-multiband	space-ACPC			DSIStudio	autotrackgqi
Association_MiddleLongitudinalFasciculusR	dki_ak	DIPYDKI	/scratch/grmpy/SLURM_11194840_32/job-11194840-32-sub-118864/ds/inputs/data/qsiprep/qsiprep/sub-118864/ses-1/dwi/sub-118864_ses-1_acq-multiband_dir-AP_space-ACPC_desc-preproc_dwi.nii.gz	0.0	0.7279487102203106	0.1367631351668713	0.729683683877634	0.7279487102203106	0.729683683877634	0.1367631351668713	0.750894611722223	0.750894611722223	sub-118864	ses-1		dir-AP	acq-multiband	space-ACPC			DSIStudio	autotrackgqi
Association_MiddleLongitudinalFasciculusR	dki_fa	DIPYDKI	/scratch/grmpy/SLURM_11194840_32/job-11194840-32-sub-118864/ds/inputs/data/qsiprep/qsiprep/sub-118864/ses-1/dwi/sub-118864_ses-1_acq-multiband_dir-AP_space-ACPC_desc-preproc_dwi.nii.gz	0.0	0.3309302628040313	0.1725393831729889	0.3271973729133606	0.3309302628040313	0.3271973729133606	0.1725393831729889	0.4217742085456848	0.4217742085456848	sub-118864	ses-1		dir-AP	acq-multiband	space-ACPC			DSIStudio	autotrackgqi
Association_MiddleLongitudinalFasciculusR	dki_kfa	DIPYDKI	/scratch/grmpy/SLURM_11194840_32/job-11194840-32-sub-118864/ds/inputs/data/qsiprep/qsiprep/sub-118864/ses-1/dwi/sub-118864_ses-1_acq-multiband_dir-AP_space-ACPC_desc-preproc_dwi.nii.gz	0.0010748835542816	0.4628562927246094	0.1395897716283798	0.4687769412994385	0.4633543491363525	0.4688216745853424	0.1388362199068069	0.5039882063865662	0.5040310025215149	sub-118864	ses-1		dir-AP	acq-multiband	space-ACPC			DSIStudio	autotrackgqi
Association_MiddleLongitudinalFasciculusR	dki_linearity	DIPYDKI	/scratch/grmpy/SLURM_11194840_32/job-11194840-32-sub-118864/ds/inputs/data/qsiprep/qsiprep/sub-118864/ses-1/dwi/sub-118864_ses-1_acq-multiband_dir-AP_space-ACPC_desc-preproc_dwi.nii.gz	0.0	0.1376505345106125	0.1124286726117134	0.1001738905906677	0.1376505345106125	0.1001738905906677	0.1124286726117134	0.1963545233011245	0.1963545233011245	sub-118864	ses-1		dir-AP	acq-multiband	space-ACPC			DSIStudio	autotrackgqi
Association_MiddleLongitudinalFasciculusR	dki_md	DIPYDKI	/scratch/grmpy/SLURM_11194840_32/job-11194840-32-sub-118864/ds/inputs/data/qsiprep/qsiprep/sub-118864/ses-1/dwi/sub-118864_ses-1_acq-multiband_dir-AP_space-ACPC_desc-preproc_dwi.nii.gz	0.0	0.0009289310546591	0.0002490687475074	0.0008866233984008	0.0009289310546591	0.0008866233984008	0.0002490687475074	0.0009100880124606	0.0009100880124606	sub-118864	ses-1		dir-AP	acq-multiband	space-ACPC			DSIStudio	autotrackgqi
Association_MiddleLongitudinalFasciculusR	dki_mk	DIPYDKI	/scratch/grmpy/SLURM_11194840_32/job-11194840-32-sub-118864/ds/inputs/data/qsiprep/qsiprep/sub-118864/ses-1/dwi/sub-118864_ses-1_acq-multiband_dir-AP_space-ACPC_desc-preproc_dwi.nii.gz	0.0	0.8479036519205214	0.194130815974985	0.8626722423052955	0.8479036519205214	0.8626722423052955	0.194130815974985	0.9573088593380435	0.9573088593380435	sub-118864	ses-1		dir-AP	acq-multiband	space-ACPC			DSIStudio	autotrackgqi
Association_MiddleLongitudinalFasciculusR	dki_mkt	DIPYDKI	/scratch/grmpy/SLURM_11194840_32/job-11194840-32-sub-118864/ds/inputs/data/qsiprep/qsiprep/sub-118864/ses-1/dwi/sub-118864_ses-1_acq-multiband_dir-AP_space-ACPC_desc-preproc_dwi.nii.gz	0.0	0.8346529470390782	0.1693999759629253	0.8565422871641464	0.8346529470390782	0.8565422871641464	0.1693999759629253	0.9259721965294212	0.9259721965294212	sub-118864	ses-1		dir-AP	acq-multiband	space-ACPC			DSIStudio	autotrackgqi
Association_MiddleLongitudinalFasciculusR	dki_planarity	DIPYDKI	/scratch/grmpy/SLURM_11194840_32/job-11194840-32-sub-118864/ds/inputs/data/qsiprep/qsiprep/sub-118864/ses-1/dwi/sub-118864_ses-1_acq-multiband_dir-AP_space-ACPC_desc-preproc_dwi.nii.gz	0.0	0.1838603019714355	0.1215711832046508	0.1598905473947525	0.1838603019714355	0.1598905473947525	0.1215711832046508	0.2008320093154907	0.2008320093154907	sub-118864	ses-1		dir-AP	acq-multiband	space-ACPC			DSIStudio	autotrackgqi
Association_MiddleLongitudinalFasciculusR	dki_rd	DIPYDKI	/scratch/grmpy/SLURM_11194840_32/job-11194840-32-sub-118864/ds/inputs/data/qsiprep/qsiprep/sub-118864/ses-1/dwi/sub-118864_ses-1_acq-multiband_dir-AP_space-ACPC_desc-preproc_dwi.nii.gz	0.0	0.0007614630740135	0.0002622094471007	0.0007247434114106	0.0007614630740135	0.0007247434114106	0.0002622094471007	0.0006833770894445	0.0006833770894445	sub-118864	ses-1		dir-AP	acq-multiband	space-ACPC			DSIStudio	autotrackgqi
Association_MiddleLongitudinalFasciculusR	dki_rk	DIPYDKI	/scratch/grmpy/SLURM_11194840_32/job-11194840-32-sub-118864/ds/inputs/data/qsiprep/qsiprep/sub-118864/ses-1/dwi/sub-118864_ses-1_acq-multiband_dir-AP_space-ACPC_desc-preproc_dwi.nii.gz	0.0	1.0308454526051534	0.4016356994210851	0.9907626073420392	1.0308454526051534	0.9907626073420392	0.4016356994210851	1.2648071526937588	1.2648071526937588	sub-118864	ses-1		dir-AP	acq-multiband	space-ACPC			DSIStudio	autotrackgqi
Association_MiddleLongitudinalFasciculusR	dki_sphericity	DIPYDKI	/scratch/grmpy/SLURM_11194840_32/job-11194840-32-sub-118864/ds/inputs/data/qsiprep/qsiprep/sub-118864/ses-1/dwi/sub-118864_ses-1_acq-multiband_dir-AP_space-ACPC_desc-preproc_dwi.nii.gz	0.0	0.6784892082214355	0.1672964841127395	0.6809786558151245	0.6784892082214355	0.6809786558151245	0.1672964841127395	0.6028134226799011	0.6028134226799011	sub-118864	ses-1		dir-AP	acq-multiband	space-ACPC			DSIStudio	autotrackgqi
Association_ArcuateFasciculusR	dki_ad	DIPYDKI	/scratch/grmpy/SLURM_11194840_32/job-11194840-32-sub-118864/ds/inputs/data/qsiprep/qsiprep/sub-118864/ses-1/dwi/sub-118864_ses-1_acq-multiband_dir-AP_space-ACPC_desc-preproc_dwi.nii.gz	0.0003112356053532	0.0012552321422845	0.0002932653296738	0.0012203911319375	0.0012556229485198	0.0012204719241708	0.0002924733271356	0.0013565596891567	0.0013565645786002	sub-118864	ses-1		dir-AP	acq-multiband	space-ACPC			DSIStudio	autotrackgqi
Association_ArcuateFasciculusR	dki_ak	DIPYDKI	/scratch/grmpy/SLURM_11194840_32/job-11194840-32-sub-118864/ds/inputs/data/qsiprep/qsiprep/sub-118864/ses-1/dwi/sub-118864_ses-1_acq-multiband_dir-AP_space-ACPC_desc-preproc_dwi.nii.gz	0.0004668534080298	0.7402622073268461	0.1582009254448241	0.7347469560858284	0.7406079626782365	0.7347842740537849	0.1574266600406658	0.8129378719922608	0.8129504226338606	sub-118864	ses-1		dir-AP	acq-multiband	space-ACPC			DSIStudio	autotrackgqi
Association_ArcuateFasciculusR	dki_fa	DIPYDKI	/scratch/grmpy/SLURM_11194840_32/job-11194840-32-sub-118864/ds/inputs/data/qsiprep/qsiprep/sub-118864/ses-1/dwi/sub-118864_ses-1_acq-multiband_dir-AP_space-ACPC_desc-preproc_dwi.nii.gz	0.0003112356053532	0.3296104371547699	0.1667658388614654	0.3277284502983093	0.3297130465507507	0.327800989151001	0.1666903346776962	0.4553760886192322	0.4553776979446411	sub-118864	ses-1		dir-AP	acq-multiband	space-ACPC			DSIStudio	autotrackgqi
Association_ArcuateFasciculusR	dki_kfa	DIPYDKI	/scratch/grmpy/SLURM_11194840_32/job-11194840-32-sub-118864/ds/inputs/data/qsiprep/qsiprep/sub-118864/ses-1/dwi/sub-118864_ses-1_acq-multiband_dir-AP_space-ACPC_desc-preproc_dwi.nii.gz	0.0007780890133831	0.462269127368927	0.1415380835533142	0.4640499055385589	0.462629109621048	0.4640606939792633	0.1410039067268371	0.5533477663993835	0.5533578991889954	sub-118864	ses-1		dir-AP	acq-multiband	space-ACPC			DSIStudio	autotrackgqi
Association_ArcuateFasciculusR	dki_linearity	DIPYDKI	/scratch/grmpy/SLURM_11194840_32/job-11194840-32-sub-118864/ds/inputs/data/qsiprep/qsiprep/sub-118864/ses-1/dwi/sub-118864_ses-1_acq-multiband_dir-AP_space-ACPC_desc-preproc_dwi.nii.gz	0.0003112356053532	0.1368321925401687	0.1030834838747978	0.1070241034030914	0.1368747949600219	0.1070655211806297	0.1030712500214576	0.2150274962186813	0.2150282859802246	sub-118864	ses-1		dir-AP	acq-multiband	space-ACPC			DSIStudio	autotrackgqi
Association_ArcuateFasciculusR	dki_md	DIPYDKI	/scratch/grmpy/SLURM_11194840_32/job-11194840-32-sub-118864/ds/inputs/data/qsiprep/qsiprep/sub-118864/ses-1/dwi/sub-118864_ses-1_acq-multiband_dir-AP_space-ACPC_desc-preproc_dwi.nii.gz	0.0003112356053532	0.0009264556574635	0.0002305269590578	0.0008885849965736	0.0009267440764233	0.0008885886054486	0.00022998242639	0.0008833972387947	0.000883400440216	sub-118864	ses-1		dir-AP	acq-multiband	space-ACPC			DSIStudio	autotrackgqi
Association_ArcuateFasciculusR	dki_mk	DIPYDKI	/scratch/grmpy/SLURM_11194840_32/job-11194840-32-sub-118864/ds/inputs/data/qsiprep/qsiprep/sub-118864/ses-1/dwi/sub-118864_ses-1_acq-multiband_dir-AP_space-ACPC_desc-preproc_dwi.nii.gz	0.0004668534080298	0.8843143673176831	0.2283526511011457	0.9024026078987206	0.8847274053220351	0.902724559631508	0.2276046190947018	1.0397030237564744	1.039719075322094	sub-118864	ses-1		dir-AP	acq-multiband	space-ACPC			DSIStudio	autotrackgqi
Association_ArcuateFasciculusR	dki_mkt	DIPYDKI	/scratch/grmpy/SLURM_11194840_32/job-11194840-32-sub-118864/ds/inputs/data/qsiprep/qsiprep/sub-118864/ses-1/dwi/sub-118864_ses-1_acq-multiband_dir-AP_space-ACPC_desc-preproc_dwi.nii.gz	0.0003112356053532	0.8664997916658996	0.2058197521117984	0.8903683379862902	0.8667695612149862	0.8905714843573312	0.2052830507413449	1.0043612604604737	1.0043649125252594	sub-118864	ses-1		dir-AP	acq-multiband	space-ACPC			DSIStudio	autotrackgqi
Association_ArcuateFasciculusR	dki_planarity	DIPYDKI	/scratch/grmpy/SLURM_11194840_32/job-11194840-32-sub-118864/ds/inputs/data/qsiprep/qsiprep/sub-118864/ses-1/dwi/sub-118864_ses-1_acq-multiband_dir-AP_space-ACPC_desc-preproc_dwi.nii.gz	0.0003112356053532	0.1839464604854583	0.1222340539097786	0.1593490242958068	0.1840037256479263	0.159367948770523	0.1222099736332893	0.2151772528886795	0.2151780426502227	sub-118864	ses-1		dir-AP	acq-multiband	space-ACPC			DSIStudio	autotrackgqi
Association_ArcuateFasciculusR	dki_rd	DIPYDKI	/scratch/grmpy/SLURM_11194840_32/job-11194840-32-sub-118864/ds/inputs/data/qsiprep/qsiprep/sub-118864/ses-1/dwi/sub-118864_ses-1_acq-multiband_dir-AP_space-ACPC_desc-preproc_dwi.nii.gz	0.0003112356053532	0.0007620673859491	0.0002548855554778	0.0007309473585337	0.000762304640375	0.0007309714565053	0.0002545702736824	0.0006468160427175	0.0006468183710239	sub-118864	ses-1		dir-AP	acq-multiband	space-ACPC			DSIStudio	autotrackgqi
Association_ArcuateFasciculusR	dki_rk	DIPYDKI	/scratch/grmpy/SLURM_11194840_32/job-11194840-32-sub-118864/ds/inputs/data/qsiprep/qsiprep/sub-118864/ses-1/dwi/sub-118864_ses-1_acq-multiband_dir-AP_space-ACPC_desc-preproc_dwi.nii.gz	0.0004668534080298	1.098483803622534	0.443037790219172	1.0801404808658437	1.0989968740586025	1.0804165063590363	0.4425045747824822	1.450815037607002	1.4508374362727972	sub-118864	ses-1		dir-AP	acq-multiband	space-ACPC			DSIStudio	autotrackgqi
Association_ArcuateFasciculusR	dki_sphericity	DIPYDKI	/scratch/grmpy/SLURM_11194840_32/job-11194840-32-sub-118864/ds/inputs/data/qsiprep/qsiprep/sub-118864/ses-1/dwi/sub-118864_ses-1_acq-multiband_dir-AP_space-ACPC_desc-preproc_dwi.nii.gz	0.0003112356053532	0.6789101958274841	0.1670250445604324	0.6839770078659058	0.6791215538978577	0.6841112971305847	0.1666208505630493	0.5697915554046631	0.5697936415672302	sub-118864	ses-1		dir-AP	acq-multiband	space-ACPC			DSIStudio	autotrackgqi
Association_CingulumL	dki_ad	DIPYDKI	/scratch/grmpy/SLURM_11194840_32/job-11194840-32-sub-118864/ds/inputs/data/qsiprep/qsiprep/sub-118864/ses-1/dwi/sub-118864_ses-1_acq-multiband_dir-AP_space-ACPC_desc-preproc_dwi.nii.gz	0.0	0.0013631329638883	0.0004862999194301	0.0012729918817058	0.0013631329638883	0.0012729918817058	0.0004862999194301	0.0014072433114051	0.0014072433114051	sub-118864	ses-1		dir-AP	acq-multiband	space-ACPC			DSIStudio	autotrackgqi
Association_CingulumL	dki_ak	DIPYDKI	/scratch/grmpy/SLURM_11194840_32/job-11194840-32-sub-118864/ds/inputs/data/qsiprep/qsiprep/sub-118864/ses-1/dwi/sub-118864_ses-1_acq-multiband_dir-AP_space-ACPC_desc-preproc_dwi.nii.gz	0.0003219920575292	0.7318800364609565	0.1641850312664603	0.737273360503602	0.7321157719247081	0.7373020782372963	0.1636851290981583	0.7413454744911077	0.7413492745020781	sub-118864	ses-1		dir-AP	acq-multiband	space-ACPC			DSIStudio	autotrackgqi
Association_CingulumL	dki_fa	DIPYDKI	/scratch/grmpy/SLURM_11194840_32/job-11194840-32-sub-118864/ds/inputs/data/qsiprep/qsiprep/sub-118864/ses-1/dwi/sub-118864_ses-1_acq-multiband_dir-AP_space-ACPC_desc-preproc_dwi.nii.gz	0.000107330685843	0.3196477890014648	0.1688352227210998	0.2950080335140228	0.3196820914745331	0.2950872182846069	0.1688117980957031	0.4149590134620666	0.4149599373340606	sub-118864	ses-1		dir-AP	acq-multiband	space-ACPC			DSIStudio	autotrackgqi
Association_CingulumL	dki_kfa	DIPYDKI	/scratch/grmpy/SLURM_11194840_32/job-11194840-32-sub-118864/ds/inputs/data/qsiprep/qsiprep/sub-118864/ses-1/dwi/sub-118864_ses-1_acq-multiband_dir-AP_space-ACPC_desc-preproc_dwi.nii.gz	0.0022539444027047	0.5051437020301819	0.1702492982149124	0.503933310508728	0.5062848329544067	0.5044435858726501	0.1687381416559219	0.5807050466537476	0.5828344821929932	sub-118864	ses-1		dir-AP	acq-multiband	space-ACPC			DSIStudio	autotrackgqi
Association_CingulumL	dki_linearity	DIPYDKI	/scratch/grmpy/SLURM_11194840_32/job-11194840-32-sub-118864/ds/inputs/data/qsiprep/qsiprep/sub-118864/ses-1/dwi/sub-118864_ses-1_acq-multiband_dir-AP_space-ACPC_desc-preproc_dwi.nii.gz	0.000107330685843	0.1402323096990585	0.1131491214036941	0.1058913692831993	0.1402473598718643	0.1059168875217437	0.1131458654999733	0.2032900154590606	0.2032904624938964	sub-118864	ses-1		dir-AP	acq-multiband	space-ACPC			DSIStudio	autotrackgqi
Association_CingulumL	dki_md	DIPYDKI	/scratch/grmpy/SLURM_11194840_32/job-11194840-32-sub-118864/ds/inputs/data/qsiprep/qsiprep/sub-118864/ses-1/dwi/sub-118864_ses-1_acq-multiband_dir-AP_space-ACPC_desc-preproc_dwi.nii.gz	0.0	0.0010136197088286	0.0003987092350143	0.000928062479943	0.0010136197088286	0.000928062479943	0.0003987092350143	0.0009464804315939	0.0009464804315939	sub-118864	ses-1		dir-AP	acq-multiband	space-ACPC			DSIStudio	autotrackgqi
Association_CingulumL	dki_mk	DIPYDKI	/scratch/grmpy/SLURM_11194840_32/job-11194840-32-sub-118864/ds/inputs/data/qsiprep/qsiprep/sub-118864/ses-1/dwi/sub-118864_ses-1_acq-multiband_dir-AP_space-ACPC_desc-preproc_dwi.nii.gz	0.0003219920575292	0.809837032901177	0.2355940212266333	0.8154909674359485	0.8100978779837091	0.8155352032068846	0.2351831426109168	0.8472653015708324	0.8472696444273997	sub-118864	ses-1		dir-AP	acq-multiband	space-ACPC			DSIStudio	autotrackgqi
Association_CingulumL	dki_mkt	DIPYDKI	/scratch/grmpy/SLURM_11194840_32/job-11194840-32-sub-118864/ds/inputs/data/qsiprep/qsiprep/sub-118864/ses-1/dwi/sub-118864_ses-1_acq-multiband_dir-AP_space-ACPC_desc-preproc_dwi.nii.gz	0.0	0.8065427819938641	0.1980229134782383	0.8239839397879645	0.8065427819938641	0.8239839397879645	0.1980229134782383	0.838277152303255	0.838277152303255	sub-118864	ses-1		dir-AP	acq-multiband	space-ACPC			DSIStudio	autotrackgqi
Association_CingulumL	dki_planarity	DIPYDKI	/scratch/grmpy/SLURM_11194840_32/job-11194840-32-sub-118864/ds/inputs/data/qsiprep/qsiprep/sub-118864/ses-1/dwi/sub-118864_ses-1_acq-multiband_dir-AP_space-ACPC_desc-preproc_dwi.nii.gz	0.000107330685843	0.1616233140230178	0.1067900285124778	0.1369193494319915	0.1616406589746475	0.136925458908081	0.1067826300859451	0.1777920722961425	0.1777924597263336	sub-118864	ses-1		dir-AP	acq-multiband	space-ACPC			DSIStudio	autotrackgqi
Association_CingulumL	dki_rd	DIPYDKI	/scratch/grmpy/SLURM_11194840_32/job-11194840-32-sub-118864/ds/inputs/data/qsiprep/qsiprep/sub-118864/ses-1/dwi/sub-118864_ses-1_acq-multiband_dir-AP_space-ACPC_desc-preproc_dwi.nii.gz	0.0	0.0008388631395064	0.0003978732274845	0.000762594747357	0.0008388631395064	0.000762594747357	0.0003978732274845	0.000716099049896	0.000716099049896	sub-118864	ses-1		dir-AP	acq-multiband	space-ACPC			DSIStudio	autotrackgqi
Association_CingulumL	dki_rk	DIPYDKI	/scratch/grmpy/SLURM_11194840_32/job-11194840-32-sub-118864/ds/inputs/data/qsiprep/qsiprep/sub-118864/ses-1/dwi/sub-118864_ses-1_acq-multiband_dir-AP_space-ACPC_desc-preproc_dwi.nii.gz	0.0003219920575292	0.9684582226156818	0.4911138199651178	0.8948773079131316	0.968770158912423	0.8951361765015327	0.4908851971290765	1.134331754496387	1.134337568767377	sub-118864	ses-1		dir-AP	acq-multiband	space-ACPC			DSIStudio	autotrackgqi
Association_CingulumL	dki_sphericity	DIPYDKI	/scratch/grmpy/SLURM_11194840_32/job-11194840-32-sub-118864/ds/inputs/data/qsiprep/qsiprep/sub-118864/ses-1/dwi/sub-118864_ses-1_acq-multiband_dir-AP_space-ACPC_desc-preproc_dwi.nii.gz	0.0	0.6981443166732788	0.1594009548425674	0.7202027440071106	0.6981443166732788	0.7202027440071106	0.1594009548425674	0.6189179420471191	0.6189179420471191	sub-118864	ses-1		dir-AP	acq-multiband	space-ACPC			DSIStudio	autotrackgqi
Association_VerticalOccipitalFasciculusL	dki_ad	DIPYDKI	/scratch/grmpy/SLURM_11194840_32/job-11194840-32-sub-118864/ds/inputs/data/qsiprep/qsiprep/sub-118864/ses-1/dwi/sub-118864_ses-1_acq-multiband_dir-AP_space-ACPC_desc-preproc_dwi.nii.gz	0.0153005464480874	0.0012030706275254	0.0003321405383758	0.0011613694950938	0.0012217642506584	0.0011661427561193	0.0002986507024616	0.0012613378930836	0.0012647871626541	sub-118864	ses-1		dir-AP	acq-multiband	space-ACPC			DSIStudio	autotrackgqi
Association_VerticalOccipitalFasciculusL	dki_ak	DIPYDKI	/scratch/grmpy/SLURM_11194840_32/job-11194840-32-sub-118864/ds/inputs/data/qsiprep/qsiprep/sub-118864/ses-1/dwi/sub-118864_ses-1_acq-multiband_dir-AP_space-ACPC_desc-preproc_dwi.nii.gz	0.0163934426229508	0.7423738718685607	0.1614419638475579	0.756571923475226	0.7547467697330368	0.7596686511963893	0.1309942547990385	0.7640781045758347	0.7662311249994828	sub-118864	ses-1		dir-AP	acq-multiband	space-ACPC			DSIStudio	autotrackgqi
Association_VerticalOccipitalFasciculusL	dki_fa	DIPYDKI	/scratch/grmpy/SLURM_11194840_32/job-11194840-32-sub-118864/ds/inputs/data/qsiprep/qsiprep/sub-118864/ses-1/dwi/sub-118864_ses-1_acq-multiband_dir-AP_space-ACPC_desc-preproc_dwi.nii.gz	0.0153005464480874	0.2836189866065979	0.1665632277727127	0.252202421426773	0.2880259454250335	0.256794810295105	0.1640276610851287	0.3679180145263672	0.3689241111278534	sub-118864	ses-1		dir-AP	acq-multiband	space-ACPC			DSIStudio	autotrackgqi
Association_VerticalOccipitalFasciculusL	dki_kfa	DIPYDKI	/scratch/grmpy/SLURM_11194840_32/job-11194840-32-sub-118864/ds/inputs/data/qsiprep/qsiprep/sub-118864/ses-1/dwi/sub-118864_ses-1_acq-multiband_dir-AP_space-ACPC_desc-preproc_dwi.nii.gz	0.0167577413479052	0.399779349565506	0.1457053869962692	0.3977466523647308	0.4065929055213928	0.4004569053649902	0.1371916085481643	0.4236212372779846	0.4248589873313904	sub-118864	ses-1		dir-AP	acq-multiband	space-ACPC			DSIStudio	autotrackgqi
Association_VerticalOccipitalFasciculusL	dki_linearity	DIPYDKI	/scratch/grmpy/SLURM_11194840_32/job-11194840-32-sub-118864/ds/inputs/data/qsiprep/qsiprep/sub-118864/ses-1/dwi/sub-118864_ses-1_acq-multiband_dir-AP_space-ACPC_desc-preproc_dwi.nii.gz	0.0153005464480874	0.1154402270913124	0.0989769101142883	0.0833625942468643	0.117233969271183	0.0847754999995231	0.0986831337213516	0.167015865445137	0.1674725711345672	sub-118864	ses-1		dir-AP	acq-multiband	space-ACPC			DSIStudio	autotrackgqi
Association_VerticalOccipitalFasciculusL	dki_md	DIPYDKI	/scratch/grmpy/SLURM_11194840_32/job-11194840-32-sub-118864/ds/inputs/data/qsiprep/qsiprep/sub-118864/ses-1/dwi/sub-118864_ses-1_acq-multiband_dir-AP_space-ACPC_desc-preproc_dwi.nii.gz	0.0153005464480874	0.0009231453877873	0.0002639425802044	0.0008796459878794	0.0009374894434586	0.0008816487970761	0.0002393757022218	0.0008876664214767	0.0008900937391445	sub-118864	ses-1		dir-AP	acq-multiband	space-ACPC			DSIStudio	autotrackgqi
Association_VerticalOccipitalFasciculusL	dki_mk	DIPYDKI	/scratch/grmpy/SLURM_11194840_32/job-11194840-32-sub-118864/ds/inputs/data/qsiprep/qsiprep/sub-118864/ses-1/dwi/sub-118864_ses-1_acq-multiband_dir-AP_space-ACPC_desc-preproc_dwi.nii.gz	0.0163934426229508	0.8671663606575679	0.2377544421148117	0.8829213870879211	0.881619133335194	0.8871063195847326	0.2114886602210028	0.9831722087548525	0.9859425924923808	sub-118864	ses-1		dir-AP	acq-multiband	space-ACPC			DSIStudio	autotrackgqi
Association_VerticalOccipitalFasciculusL	dki_mkt	DIPYDKI	/scratch/grmpy/SLURM_11194840_32/job-11194840-32-sub-118864/ds/inputs/data/qsiprep/qsiprep/sub-118864/ses-1/dwi/sub-118864_ses-1_acq-multiband_dir-AP_space-ACPC_desc-preproc_dwi.nii.gz	0.0153005464480874	0.8548606887972934	0.217735679402628	0.8811242737587274	0.868143762763067	0.8843132165061542	0.1913474859956174	0.9511948238484326	0.95379591298605	sub-118864	ses-1		dir-AP	acq-multiband	space-ACPC			DSIStudio	autotrackgqi
Association_VerticalOccipitalFasciculusL	dki_planarity	DIPYDKI	/scratch/grmpy/SLURM_11194840_32/job-11194840-32-sub-118864/ds/inputs/data/qsiprep/qsiprep/sub-118864/ses-1/dwi/sub-118864_ses-1_acq-multiband_dir-AP_space-ACPC_desc-preproc_dwi.nii.gz	0.0156648451730418	0.1602203100919723	0.1095045581459999	0.1344866305589676	0.162770077586174	0.1371962428092956	0.1084760501980781	0.1784079670906067	0.178905114531517	sub-118864	ses-1		dir-AP	acq-multiband	space-ACPC			DSIStudio	autotrackgqi
Association_VerticalOccipitalFasciculusL	dki_rd	DIPYDKI	/scratch/grmpy/SLURM_11194840_32/job-11194840-32-sub-118864/ds/inputs/data/qsiprep/qsiprep/sub-118864/ses-1/dwi/sub-118864_ses-1_acq-multiband_dir-AP_space-ACPC_desc-preproc_dwi.nii.gz	0.0153005464480874	0.0007831827388145	0.0002756085596047	0.0007404942298308	0.0007953520398586	0.0007431043777614	0.0002597334678284	0.0007008306565694	0.000702747143805	sub-118864	ses-1		dir-AP	acq-multiband	space-ACPC			DSIStudio	autotrackgqi
Association_VerticalOccipitalFasciculusL	dki_rk	DIPYDKI	/scratch/grmpy/SLURM_11194840_32/job-11194840-32-sub-118864/ds/inputs/data/qsiprep/qsiprep/sub-118864/ses-1/dwi/sub-118864_ses-1_acq-multiband_dir-AP_space-ACPC_desc-preproc_dwi.nii.gz	0.0163934426229508	1.0191088046913823	0.4222667850949441	0.9699541190741776	1.036093951436239	0.9808638137946634	0.4045773728444587	1.2407991810031334	1.2442955062356735	sub-118864	ses-1		dir-AP	acq-multiband	space-ACPC			DSIStudio	autotrackgqi
Association_VerticalOccipitalFasciculusL	dki_sphericity	DIPYDKI	/scratch/grmpy/SLURM_11194840_32/job-11194840-32-sub-118864/ds/inputs/data/qsiprep/qsiprep/sub-118864/ses-1/dwi/sub-118864_ses-1_acq-multiband_dir-AP_space-ACPC_desc-preproc_dwi.nii.gz	0.0153005464480874	0.7090389132499695	0.182381734251976	0.7476140856742859	0.7200561761856079	0.7498378753662109	0.1607697457075119	0.651849091053009	0.6536315679550171	sub-118864	ses-1		dir-AP	acq-multiband	space-ACPC			DSIStudio	autotrackgqi
Association_UncinateFasciculusL	dki_ad	DIPYDKI	/scratch/grmpy/SLURM_11194840_32/job-11194840-32-sub-118864/ds/inputs/data/qsiprep/qsiprep/sub-118864/ses-1/dwi/sub-118864_ses-1_acq-multiband_dir-AP_space-ACPC_desc-preproc_dwi.nii.gz	0.0034707158351409	0.0013071289286017	0.0004380094178486	0.0012468959903344	0.0013116814661771	0.0012477637501433	0.0004319132422097	0.001323384232819	0.0013235419755801	sub-118864	ses-1		dir-AP	acq-multiband	space-ACPC			DSIStudio	autotrackgqi
Association_UncinateFasciculusL	dki_ak	DIPYDKI	/scratch/grmpy/SLURM_11194840_32/job-11194840-32-sub-118864/ds/inputs/data/qsiprep/qsiprep/sub-118864/ses-1/dwi/sub-118864_ses-1_acq-multiband_dir-AP_space-ACPC_desc-preproc_dwi.nii.gz	0.0088937093275488	0.7126698602139746	0.2213011387544203	0.7213081568430455	0.7190650154489873	0.7233295384342201	0.2116958487725977	0.7108696902143713	0.7111696364672291	sub-118864	ses-1		dir-AP	acq-multiband	space-ACPC			DSIStudio	autotrackgqi
Association_UncinateFasciculusL	dki_fa	DIPYDKI	/scratch/grmpy/SLURM_11194840_32/job-11194840-32-sub-118864/ds/inputs/data/qsiprep/qsiprep/sub-118864/ses-1/dwi/sub-118864_ses-1_acq-multiband_dir-AP_space-ACPC_desc-preproc_dwi.nii.gz	0.0043383947939262	0.2938965559005737	0.1513714641332626	0.2710943818092346	0.295177161693573	0.2723524570465088	0.1504498571157455	0.3515752851963043	0.3516397476196289	sub-118864	ses-1		dir-AP	acq-multiband	space-ACPC			DSIStudio	autotrackgqi
Association_UncinateFasciculusL	dki_kfa	DIPYDKI	/scratch/grmpy/SLURM_11194840_32/job-11194840-32-sub-118864/ds/inputs/data/qsiprep/qsiprep/sub-118864/ses-1/dwi/sub-118864_ses-1_acq-multiband_dir-AP_space-ACPC_desc-preproc_dwi.nii.gz	0.0171366594360086	0.5163024067878723	0.1878907531499862	0.5189834833145142	0.52530437707901	0.5233126282691956	0.1766060292720794	0.550605833530426	0.5532016754150391	sub-118864	ses-1		dir-AP	acq-multiband	space-ACPC			DSIStudio	autotrackgqi
Association_UncinateFasciculusL	dki_linearity	DIPYDKI	/scratch/grmpy/SLURM_11194840_32/job-11194840-32-sub-118864/ds/inputs/data/qsiprep/qsiprep/sub-118864/ses-1/dwi/sub-118864_ses-1_acq-multiband_dir-AP_space-ACPC_desc-preproc_dwi.nii.gz	0.0043383947939262	0.1217772513628006	0.0948599651455879	0.096856378018856	0.1223078742623329	0.0973634272813797	0.094724453985691	0.1535218060016632	0.1535499691963195	sub-118864	ses-1		dir-AP	acq-multiband	space-ACPC			DSIStudio	autotrackgqi
Association_UncinateFasciculusL	dki_md	DIPYDKI	/scratch/grmpy/SLURM_11194840_32/job-11194840-32-sub-118864/ds/inputs/data/qsiprep/qsiprep/sub-118864/ses-1/dwi/sub-118864_ses-1_acq-multiband_dir-AP_space-ACPC_desc-preproc_dwi.nii.gz	0.0034707158351409	0.0009972803527489	0.0003588186809793	0.0009399165865033	0.0010007537202909	0.0009403246222063	0.0003545748477336	0.0009515978745184	0.0009517112630419	sub-118864	ses-1		dir-AP	acq-multiband	space-ACPC			DSIStudio	autotrackgqi
Association_UncinateFasciculusL	dki_mk	DIPYDKI	/scratch/grmpy/SLURM_11194840_32/job-11194840-32-sub-118864/ds/inputs/data/qsiprep/qsiprep/sub-118864/ses-1/dwi/sub-118864_ses-1_acq-multiband_dir-AP_space-ACPC_desc-preproc_dwi.nii.gz	0.0088937093275488	0.728072283280679	0.2890039231363021	0.7517115937961922	0.7346056524237098	0.754937286567364	0.28191011894405	0.7554841091435214	0.7558028800956299	sub-118864	ses-1		dir-AP	acq-multiband	space-ACPC			DSIStudio	autotrackgqi
Association_UncinateFasciculusL	dki_mkt	DIPYDKI	/scratch/grmpy/SLURM_11194840_32/job-11194840-32-sub-118864/ds/inputs/data/qsiprep/qsiprep/sub-118864/ses-1/dwi/sub-118864_ses-1_acq-multiband_dir-AP_space-ACPC_desc-preproc_dwi.nii.gz	0.0034707158351409	0.7574669514384105	0.3508667339569077	0.7669550353528416	0.7601050601068943	0.7677546115831482	0.3486129435044714	0.7750492253950021	0.7751415820968706	sub-118864	ses-1		dir-AP	acq-multiband	space-ACPC			DSIStudio	autotrackgqi
Association_UncinateFasciculusL	dki_planarity	DIPYDKI	/scratch/grmpy/SLURM_11194840_32/job-11194840-32-sub-118864/ds/inputs/data/qsiprep/qsiprep/sub-118864/ses-1/dwi/sub-118864_ses-1_acq-multiband_dir-AP_space-ACPC_desc-preproc_dwi.nii.gz	0.0054229934924078	0.160401165485382	0.1090808287262916	0.1377175152301788	0.1612757593393325	0.138473778963089	0.1087311133742332	0.1783648133277893	0.178402841091156	sub-118864	ses-1		dir-AP	acq-multiband	space-ACPC			DSIStudio	autotrackgqi
Association_UncinateFasciculusL	dki_rd	DIPYDKI	/scratch/grmpy/SLURM_11194840_32/job-11194840-32-sub-118864/ds/inputs/data/qsiprep/qsiprep/sub-118864/ses-1/dwi/sub-118864_ses-1_acq-multiband_dir-AP_space-ACPC_desc-preproc_dwi.nii.gz	0.0034707158351409	0.0008423561230301	0.0003561245684977	0.0007846725056879	0.0008452898473478	0.0007851691916584	0.0003532513510435	0.0007657046662643	0.0007657959358766	sub-118864	ses-1		dir-AP	acq-multiband	space-ACPC			DSIStudio	autotrackgqi
Association_UncinateFasciculusL	dki_rk	DIPYDKI	/scratch/grmpy/SLURM_11194840_32/job-11194840-32-sub-118864/ds/inputs/data/qsiprep/qsiprep/sub-118864/ses-1/dwi/sub-118864_ses-1_acq-multiband_dir-AP_space-ACPC_desc-preproc_dwi.nii.gz	0.0088937093275488	0.7862826142287773	0.4576357136829575	0.7912992486651751	0.7933383347766828	0.7945627902540238	0.4535550689357603	0.8351652719377858	0.8355176636952066	sub-118864	ses-1		dir-AP	acq-multiband	space-ACPC			DSIStudio	autotrackgqi
Association_UncinateFasciculusL	dki_sphericity	DIPYDKI	/scratch/grmpy/SLURM_11194840_32/job-11194840-32-sub-118864/ds/inputs/data/qsiprep/qsiprep/sub-118864/ses-1/dwi/sub-118864_ses-1_acq-multiband_dir-AP_space-ACPC_desc-preproc_dwi.nii.gz	0.0034707158351409	0.7143509387969971	0.1588125526905059	0.7407785654067993	0.7168388366699219	0.7413438558578491	0.1533812582492828	0.6679941415786743	0.6680737733840942	sub-118864	ses-1		dir-AP	acq-multiband	space-ACPC			DSIStudio	autotrackgqi
Association_ParietalAslantTractL	dki_ad	DIPYDKI	/scratch/grmpy/SLURM_11194840_32/job-11194840-32-sub-118864/ds/inputs/data/qsiprep/qsiprep/sub-118864/ses-1/dwi/sub-118864_ses-1_acq-multiband_dir-AP_space-ACPC_desc-preproc_dwi.nii.gz	0.011488593467914	0.0012333275517448	0.0004922069492749	0.0011558915721252	0.0012476615374907	0.0011606534244492	0.0004766545025631	0.0012895972467958	0.0012914336984977	sub-118864	ses-1		dir-AP	acq-multiband	space-ACPC			DSIStudio	autotrackgqi
Association_ParietalAslantTractL	dki_ak	DIPYDKI	/scratch/grmpy/SLURM_11194840_32/job-11194840-32-sub-118864/ds/inputs/data/qsiprep/qsiprep/sub-118864/ses-1/dwi/sub-118864_ses-1_acq-multiband_dir-AP_space-ACPC_desc-preproc_dwi.nii.gz	0.0121450845232233	0.6937817519212848	0.1689864393501684	0.7032044533621459	0.7023113830298037	0.7053471246063141	0.1513837630108892	0.7332893031469845	0.7344066801239887	sub-118864	ses-1		dir-AP	acq-multiband	space-ACPC			DSIStudio	autotrackgqi
Association_ParietalAslantTractL	dki_fa	DIPYDKI	/scratch/grmpy/SLURM_11194840_32/job-11194840-32-sub-118864/ds/inputs/data/qsiprep/qsiprep/sub-118864/ses-1/dwi/sub-118864_ses-1_acq-multiband_dir-AP_space-ACPC_desc-preproc_dwi.nii.gz	0.0116527162317413	0.2815636694431305	0.1638282686471939	0.2445233017206192	0.2848833203315735	0.2474492341279983	0.1618963479995727	0.3854296505451202	0.3859804272651672	sub-118864	ses-1		dir-AP	acq-multiband	space-ACPC			DSIStudio	autotrackgqi
Association_ParietalAslantTractL	dki_kfa	DIPYDKI	/scratch/grmpy/SLURM_11194840_32/job-11194840-32-sub-118864/ds/inputs/data/qsiprep/qsiprep/sub-118864/ses-1/dwi/sub-118864_ses-1_acq-multiband_dir-AP_space-ACPC_desc-preproc_dwi.nii.gz	0.012473330050878	0.439818799495697	0.1462060362100601	0.4434155821800232	0.4453741014003753	0.4456380903720855	0.1384630650281906	0.4629884958267212	0.4637368023395538	sub-118864	ses-1		dir-AP	acq-multiband	space-ACPC			DSIStudio	autotrackgqi
Association_ParietalAslantTractL	dki_linearity	DIPYDKI	/scratch/grmpy/SLURM_11194840_32/job-11194840-32-sub-118864/ds/inputs/data/qsiprep/qsiprep/sub-118864/ses-1/dwi/sub-118864_ses-1_acq-multiband_dir-AP_space-ACPC_desc-preproc_dwi.nii.gz	0.0116527162317413	0.1159875318408012	0.0983873978257179	0.082554243505001	0.117355041205883	0.0833637714385986	0.0981515496969223	0.1708763837814331	0.1711205691099167	sub-118864	ses-1		dir-AP	acq-multiband	space-ACPC			DSIStudio	autotrackgqi
Association_ParietalAslantTractL	dki_md	DIPYDKI	/scratch/grmpy/SLURM_11194840_32/job-11194840-32-sub-118864/ds/inputs/data/qsiprep/qsiprep/sub-118864/ses-1/dwi/sub-118864_ses-1_acq-multiband_dir-AP_space-ACPC_desc-preproc_dwi.nii.gz	0.011488593467914	0.0009475531987845	0.0003747516602743	0.0008800130453892	0.0009585657971911	0.0008809826686047	0.0003626496181823	0.0008971396600827	0.0008984172600321	sub-118864	ses-1		dir-AP	acq-multiband	space-ACPC			DSIStudio	autotrackgqi
Association_ParietalAslantTractL	dki_mk	DIPYDKI	/scratch/grmpy/SLURM_11194840_32/job-11194840-32-sub-118864/ds/inputs/data/qsiprep/qsiprep/sub-118864/ses-1/dwi/sub-118864_ses-1_acq-multiband_dir-AP_space-ACPC_desc-preproc_dwi.nii.gz	0.0121450845232233	0.7830458720318331	0.2443648631715852	0.760484604783167	0.7926729520335536	0.7637012383849836	0.2298199525381366	0.9392994776370788	0.9407307703164494	sub-118864	ses-1		dir-AP	acq-multiband	space-ACPC			DSIStudio	autotrackgqi
Association_ParietalAslantTractL	dki_mkt	DIPYDKI	/scratch/grmpy/SLURM_11194840_32/job-11194840-32-sub-118864/ds/inputs/data/qsiprep/qsiprep/sub-118864/ses-1/dwi/sub-118864_ses-1_acq-multiband_dir-AP_space-ACPC_desc-preproc_dwi.nii.gz	0.011488593467914	0.7748756835933825	0.2272499712467145	0.7631955726825227	0.783881378073133	0.7662203854588192	0.2125637525363764	0.90914755572544	0.9104422484981852	sub-118864	ses-1		dir-AP	acq-multiband	space-ACPC			DSIStudio	autotrackgqi
Association_ParietalAslantTractL	dki_planarity	DIPYDKI	/scratch/grmpy/SLURM_11194840_32/job-11194840-32-sub-118864/ds/inputs/data/qsiprep/qsiprep/sub-118864/ses-1/dwi/sub-118864_ses-1_acq-multiband_dir-AP_space-ACPC_desc-preproc_dwi.nii.gz	0.0118168389955686	0.1550503969192505	0.109065867960453	0.128545880317688	0.1569045037031173	0.1299011409282684	0.1083821579813957	0.1968436986207962	0.1971388608217239	sub-118864	ses-1		dir-AP	acq-multiband	space-ACPC			DSIStudio	autotrackgqi
Association_ParietalAslantTractL	dki_rd	DIPYDKI	/scratch/grmpy/SLURM_11194840_32/job-11194840-32-sub-118864/ds/inputs/data/qsiprep/qsiprep/sub-118864/ses-1/dwi/sub-118864_ses-1_acq-multiband_dir-AP_space-ACPC_desc-preproc_dwi.nii.gz	0.011488593467914	0.0008046660223044	0.0003536783042363	0.0007481899810954	0.0008140179561451	0.0007502565858885	0.0003448615316301	0.0007009109249338	0.0007019090699031	sub-118864	ses-1		dir-AP	acq-multiband	space-ACPC			DSIStudio	autotrackgqi
Association_ParietalAslantTractL	dki_rk	DIPYDKI	/scratch/grmpy/SLURM_11194840_32/job-11194840-32-sub-118864/ds/inputs/data/qsiprep/qsiprep/sub-118864/ses-1/dwi/sub-118864_ses-1_acq-multiband_dir-AP_space-ACPC_desc-preproc_dwi.nii.gz	0.0121450845232233	0.919522872645826	0.4305204672952818	0.8210911790033573	0.930827855629011	0.8267841537987743	0.4208368101484587	1.2057197739301757	1.207557034355134	sub-118864	ses-1		dir-AP	acq-multiband	space-ACPC			DSIStudio	autotrackgqi
Association_ParietalAslantTractL	dki_sphericity	DIPYDKI	/scratch/grmpy/SLURM_11194840_32/job-11194840-32-sub-118864/ds/inputs/data/qsiprep/qsiprep/sub-118864/ses-1/dwi/sub-118864_ses-1_acq-multiband_dir-AP_space-ACPC_desc-preproc_dwi.nii.gz	0.011488593467914	0.7174735069274902	0.1751571595668792	0.7589158415794373	0.7258120179176331	0.7611032128334045	0.1580644398927688	0.6308578252792358	0.6317561864852905	sub-118864	ses-1		dir-AP	acq-multiband	space-ACPC			DSIStudio	autotrackgqi
Association_HippocampusAlveusR	dki_ad	DIPYDKI	/scratch/grmpy/SLURM_11194840_32/job-11194840-32-sub-118864/ds/inputs/data/qsiprep/qsiprep/sub-118864/ses-1/dwi/sub-118864_ses-1_acq-multiband_dir-AP_space-ACPC_desc-preproc_dwi.nii.gz	0.0	0.0016886303201317	0.0009070103988051	0.0013551067095249	0.0016886303201317	0.0013551067095249	0.0009070103988051	0.0016150397714227	0.0016150400042533	sub-118864	ses-1		dir-AP	acq-multiband	space-ACPC			DSIStudio	autotrackgqi
Association_HippocampusAlveusR	dki_ak	DIPYDKI	/scratch/grmpy/SLURM_11194840_32/job-11194840-32-sub-118864/ds/inputs/data/qsiprep/qsiprep/sub-118864/ses-1/dwi/sub-118864_ses-1_acq-multiband_dir-AP_space-ACPC_desc-preproc_dwi.nii.gz	0.0	0.6689328301929874	0.1459545577411284	0.6729783090513616	0.6689328301929874	0.6729783090513616	0.1459545577411284	0.6701214913655575	0.670121548462518	sub-118864	ses-1		dir-AP	acq-multiband	space-ACPC			DSIStudio	autotrackgqi
Association_HippocampusAlveusR	dki_fa	DIPYDKI	/scratch/grmpy/SLURM_11194840_32/job-11194840-32-sub-118864/ds/inputs/data/qsiprep/qsiprep/sub-118864/ses-1/dwi/sub-118864_ses-1_acq-multiband_dir-AP_space-ACPC_desc-preproc_dwi.nii.gz	0.0	0.2684715688228607	0.1486467868089676	0.2355949878692627	0.2684715688228607	0.2355949878692627	0.1486467868089676	0.2759364247322082	0.2759364545345306	sub-118864	ses-1		dir-AP	acq-multiband	space-ACPC			DSIStudio	autotrackgqi
Association_HippocampusAlveusR	dki_kfa	DIPYDKI	/scratch/grmpy/SLURM_11194840_32/job-11194840-32-sub-118864/ds/inputs/data/qsiprep/qsiprep/sub-118864/ses-1/dwi/sub-118864_ses-1_acq-multiband_dir-AP_space-ACPC_desc-preproc_dwi.nii.gz	0.0004372540445999	0.4533791840076446	0.184972733259201	0.4569535255432129	0.4535775184631347	0.4570598602294922	0.1847699135541916	0.4432756006717682	0.4432803094387054	sub-118864	ses-1		dir-AP	acq-multiband	space-ACPC			DSIStudio	autotrackgqi
Association_HippocampusAlveusR	dki_linearity	DIPYDKI	/scratch/grmpy/SLURM_11194840_32/job-11194840-32-sub-118864/ds/inputs/data/qsiprep/qsiprep/sub-118864/ses-1/dwi/sub-118864_ses-1_acq-multiband_dir-AP_space-ACPC_desc-preproc_dwi.nii.gz	0.0	0.1172839999198913	0.0983880683779716	0.0888258218765258	0.1172839999198913	0.0888258218765258	0.0983880683779716	0.1229193285107612	0.1229193434119224	sub-118864	ses-1		dir-AP	acq-multiband	space-ACPC			DSIStudio	autotrackgqi
Association_HippocampusAlveusR	dki_md	DIPYDKI	/scratch/grmpy/SLURM_11194840_32/job-11194840-32-sub-118864/ds/inputs/data/qsiprep/qsiprep/sub-118864/ses-1/dwi/sub-118864_ses-1_acq-multiband_dir-AP_space-ACPC_desc-preproc_dwi.nii.gz	0.0	0.001323866774328	0.0007702148868702	0.0009886155603453	0.001323866774328	0.0009886155603453	0.0007702148868702	0.0012521552853286	0.0012521554017439	sub-118864	ses-1		dir-AP	acq-multiband	space-ACPC			DSIStudio	autotrackgqi
Association_HippocampusAlveusR	dki_mk	DIPYDKI	/scratch/grmpy/SLURM_11194840_32/job-11194840-32-sub-118864/ds/inputs/data/qsiprep/qsiprep/sub-118864/ses-1/dwi/sub-118864_ses-1_acq-multiband_dir-AP_space-ACPC_desc-preproc_dwi.nii.gz	0.0	0.7000689586988567	0.189153107929404	0.7075442151595671	0.7000689586988567	0.7075442151595671	0.189153107929404	0.7182229304113781	0.7182229916633549	sub-118864	ses-1		dir-AP	acq-multiband	space-ACPC			DSIStudio	autotrackgqi
Association_HippocampusAlveusR	dki_mkt	DIPYDKI	/scratch/grmpy/SLURM_11194840_32/job-11194840-32-sub-118864/ds/inputs/data/qsiprep/qsiprep/sub-118864/ses-1/dwi/sub-118864_ses-1_acq-multiband_dir-AP_space-ACPC_desc-preproc_dwi.nii.gz	0.0	0.7061858580263745	0.1692656493342372	0.712787857760429	0.7061858580263745	0.712787857760429	0.1692656493342372	0.7254447135319135	0.725444775491054	sub-118864	ses-1		dir-AP	acq-multiband	space-ACPC			DSIStudio	autotrackgqi
Association_HippocampusAlveusR	dki_planarity	DIPYDKI	/scratch/grmpy/SLURM_11194840_32/job-11194840-32-sub-118864/ds/inputs/data/qsiprep/qsiprep/sub-118864/ses-1/dwi/sub-118864_ses-1_acq-multiband_dir-AP_space-ACPC_desc-preproc_dwi.nii.gz	0.0	0.1301213800907135	0.0868614464998245	0.1095873489975929	0.1301213800907135	0.1095873489975929	0.0868614464998245	0.1280175894498825	0.1280175894498825	sub-118864	ses-1		dir-AP	acq-multiband	space-ACPC			DSIStudio	autotrackgqi
Association_HippocampusAlveusR	dki_rd	DIPYDKI	/scratch/grmpy/SLURM_11194840_32/job-11194840-32-sub-118864/ds/inputs/data/qsiprep/qsiprep/sub-118864/ses-1/dwi/sub-118864_ses-1_acq-multiband_dir-AP_space-ACPC_desc-preproc_dwi.nii.gz	0.0	0.0011414848268032	0.0007274369127117	0.0008472480112686	0.0011414848268032	0.0008472480112686	0.0007274369127117	0.0010707131586968	0.0010707131586968	sub-118864	ses-1		dir-AP	acq-multiband	space-ACPC			DSIStudio	autotrackgqi
Association_HippocampusAlveusR	dki_rk	DIPYDKI	/scratch/grmpy/SLURM_11194840_32/job-11194840-32-sub-118864/ds/inputs/data/qsiprep/qsiprep/sub-118864/ses-1/dwi/sub-118864_ses-1_acq-multiband_dir-AP_space-ACPC_desc-preproc_dwi.nii.gz	0.0	0.7813161159718722	0.3493214780728014	0.761865126432424	0.7813161159718722	0.761865126432424	0.3493214780728014	0.8266988594600231	0.8266989300581985	sub-118864	ses-1		dir-AP	acq-multiband	space-ACPC			DSIStudio	autotrackgqi
Association_HippocampusAlveusR	dki_sphericity	DIPYDKI	/scratch/grmpy/SLURM_11194840_32/job-11194840-32-sub-118864/ds/inputs/data/qsiprep/qsiprep/sub-118864/ses-1/dwi/sub-118864_ses-1_acq-multiband_dir-AP_space-ACPC_desc-preproc_dwi.nii.gz	0.0	0.7525945901870728	0.1365907937288284	0.7846358418464661	0.7525945901870728	0.7846358418464661	0.1365907937288284	0.7490630149841309	0.7490631341934204	sub-118864	ses-1		dir-AP	acq-multiband	space-ACPC			DSIStudio	autotrackgqi
Association_ParietalAslantTractR	dki_ad	DIPYDKI	/scratch/grmpy/SLURM_11194840_32/job-11194840-32-sub-118864/ds/inputs/data/qsiprep/qsiprep/sub-118864/ses-1/dwi/sub-118864_ses-1_acq-multiband_dir-AP_space-ACPC_desc-preproc_dwi.nii.gz	0.0008497620666213	0.0012091626413166	0.0002577401464805	0.0011671958491206	0.0012101909378543	0.0011673074914142	0.0002554250240791	0.0012882981682196	0.0012883720919489	sub-118864	ses-1		dir-AP	acq-multiband	space-ACPC			DSIStudio	autotrackgqi
Association_ParietalAslantTractR	dki_ak	DIPYDKI	/scratch/grmpy/SLURM_11194840_32/job-11194840-32-sub-118864/ds/inputs/data/qsiprep/qsiprep/sub-118864/ses-1/dwi/sub-118864_ses-1_acq-multiband_dir-AP_space-ACPC_desc-preproc_dwi.nii.gz	0.0010197144799456	0.7009676774260284	0.137372484633952	0.7049509014822278	0.7016831939392227	0.7051048595163056	0.1356038218497764	0.7373232821596677	0.7373772541756354	sub-118864	ses-1		dir-AP	acq-multiband	space-ACPC			DSIStudio	autotrackgqi
Association_ParietalAslantTractR	dki_fa	DIPYDKI	/scratch/grmpy/SLURM_11194840_32/job-11194840-32-sub-118864/ds/inputs/data/qsiprep/qsiprep/sub-118864/ses-1/dwi/sub-118864_ses-1_acq-multiband_dir-AP_space-ACPC_desc-preproc_dwi.nii.gz	0.0008497620666213	0.2909219264984131	0.1636124700307846	0.2633499503135681	0.2911693453788757	0.263565719127655	0.1634618192911148	0.3989652395248413	0.3989881575107574	sub-118864	ses-1		dir-AP	acq-multiband	space-ACPC			DSIStudio	autotrackgqi
Association_ParietalAslantTractR	dki_kfa	DIPYDKI	/scratch/grmpy/SLURM_11194840_32/job-11194840-32-sub-118864/ds/inputs/data/qsiprep/qsiprep/sub-118864/ses-1/dwi/sub-118864_ses-1_acq-multiband_dir-AP_space-ACPC_desc-preproc_dwi.nii.gz	0.0013596193065941	0.429877370595932	0.1345783919095993	0.4303430914878845	0.4304626286029815	0.4305325150489807	0.1337313205003738	0.4692415595054626	0.4692926704883575	sub-118864	ses-1		dir-AP	acq-multiband	space-ACPC			DSIStudio	autotrackgqi
Association_ParietalAslantTractR	dki_linearity	DIPYDKI	/scratch/grmpy/SLURM_11194840_32/job-11194840-32-sub-118864/ds/inputs/data/qsiprep/qsiprep/sub-118864/ses-1/dwi/sub-118864_ses-1_acq-multiband_dir-AP_space-ACPC_desc-preproc_dwi.nii.gz	0.0008497620666213	0.1201215982437133	0.0965882912278175	0.0874437466263771	0.1202237606048584	0.087512768805027	0.0965657755732536	0.1781537532806396	0.1781639754772186	sub-118864	ses-1		dir-AP	acq-multiband	space-ACPC			DSIStudio	autotrackgqi
Association_ParietalAslantTractR	dki_md	DIPYDKI	/scratch/grmpy/SLURM_11194840_32/job-11194840-32-sub-118864/ds/inputs/data/qsiprep/qsiprep/sub-118864/ses-1/dwi/sub-118864_ses-1_acq-multiband_dir-AP_space-ACPC_desc-preproc_dwi.nii.gz	0.0008497620666213	0.0009208566625602	0.000185142373084	0.0008859853260219	0.0009216398466378	0.0008860699017532	0.0001832622365327	0.0008843120886012	0.0008843628456816	sub-118864	ses-1		dir-AP	acq-multiband	space-ACPC			DSIStudio	autotrackgqi
Association_ParietalAslantTractR	dki_mk	DIPYDKI	/scratch/grmpy/SLURM_11194840_32/job-11194840-32-sub-118864/ds/inputs/data/qsiprep/qsiprep/sub-118864/ses-1/dwi/sub-118864_ses-1_acq-multiband_dir-AP_space-ACPC_desc-preproc_dwi.nii.gz	0.0010197144799456	0.8099491440560413	0.2069492152256643	0.7853253710296167	0.8107759039853263	0.7855502002865427	0.2054297386972166	0.9382454515202658	0.9383141309831922	sub-118864	ses-1		dir-AP	acq-multiband	space-ACPC			DSIStudio	autotrackgqi
Association_ParietalAslantTractR	dki_mkt	DIPYDKI	/scratch/grmpy/SLURM_11194840_32/job-11194840-32-sub-118864/ds/inputs/data/qsiprep/qsiprep/sub-118864/ses-1/dwi/sub-118864_ses-1_acq-multiband_dir-AP_space-ACPC_desc-preproc_dwi.nii.gz	0.0008497620666213	0.7947698824708864	0.1836817377896286	0.7827244966648209	0.7954458221566075	0.7827847146472844	0.1822909813674774	0.9057999164221172	0.9058518578900668	sub-118864	ses-1		dir-AP	acq-multiband	space-ACPC			DSIStudio	autotrackgqi
Association_ParietalAslantTractR	dki_planarity	DIPYDKI	/scratch/grmpy/SLURM_11194840_32/job-11194840-32-sub-118864/ds/inputs/data/qsiprep/qsiprep/sub-118864/ses-1/dwi/sub-118864_ses-1_acq-multiband_dir-AP_space-ACPC_desc-preproc_dwi.nii.gz	0.0008497620666213	0.1598592102527618	0.113395094871521	0.1326108872890472	0.1599951684474945	0.1330111175775528	0.1133473888039588	0.2027107924222946	0.202722430229187	sub-118864	ses-1		dir-AP	acq-multiband	space-ACPC			DSIStudio	autotrackgqi
Association_ParietalAslantTractR	dki_rd	DIPYDKI	/scratch/grmpy/SLURM_11194840_32/job-11194840-32-sub-118864/ds/inputs/data/qsiprep/qsiprep/sub-118864/ses-1/dwi/sub-118864_ses-1_acq-multiband_dir-AP_space-ACPC_desc-preproc_dwi.nii.gz	0.0008497620666213	0.0007767035276629	0.0002122992736985	0.0007447227253578	0.0007773641264066	0.0007448805845342	0.0002111772046191	0.0006823190487921	0.0006823581643402	sub-118864	ses-1		dir-AP	acq-multiband	space-ACPC			DSIStudio	autotrackgqi
Association_ParietalAslantTractR	dki_rk	DIPYDKI	/scratch/grmpy/SLURM_11194840_32/job-11194840-32-sub-118864/ds/inputs/data/qsiprep/qsiprep/sub-118864/ses-1/dwi/sub-118864_ses-1_acq-multiband_dir-AP_space-ACPC_desc-preproc_dwi.nii.gz	0.0010197144799456	0.9841254821551328	0.4016230743703732	0.8781351835024127	0.9851300335149372	0.8788085693558028	0.4005947192711483	1.2368479689534313	1.2369385058973907	sub-118864	ses-1		dir-AP	acq-multiband	space-ACPC			DSIStudio	autotrackgqi
Association_ParietalAslantTractR	dki_sphericity	DIPYDKI	/scratch/grmpy/SLURM_11194840_32/job-11194840-32-sub-118864/ds/inputs/data/qsiprep/qsiprep/sub-118864/ses-1/dwi/sub-118864_ses-1_acq-multiband_dir-AP_space-ACPC_desc-preproc_dwi.nii.gz	0.0008497620666213	0.7191693782806396	0.1617961525917053	0.7457706332206726	0.7197810411453247	0.7459354996681213	0.1604992449283599	0.6190780401229858	0.619113564491272	sub-118864	ses-1		dir-AP	acq-multiband	space-ACPC			DSIStudio	autotrackgqi
Association_VerticalOccipitalFasciculusR	dki_ad	DIPYDKI	/scratch/grmpy/SLURM_11194840_32/job-11194840-32-sub-118864/ds/inputs/data/qsiprep/qsiprep/sub-118864/ses-1/dwi/sub-118864_ses-1_acq-multiband_dir-AP_space-ACPC_desc-preproc_dwi.nii.gz	0.0011677695601401	0.0012211962603032	0.0002738696930464	0.0011787811527028	0.0012226240942254	0.0011789137497544	0.0002708259562496	0.0012951164972037	0.0012952212709933	sub-118864	ses-1		dir-AP	acq-multiband	space-ACPC			DSIStudio	autotrackgqi
Association_VerticalOccipitalFasciculusR	dki_ak	DIPYDKI	/scratch/grmpy/SLURM_11194840_32/job-11194840-32-sub-118864/ds/inputs/data/qsiprep/qsiprep/sub-118864/ses-1/dwi/sub-118864_ses-1_acq-multiband_dir-AP_space-ACPC_desc-preproc_dwi.nii.gz	0.0011677695601401	0.7717744636745107	0.131635292621921	0.7729792852813661	0.7726767720887834	0.7731317526058525	0.1290384287882466	0.7665824902709861	0.7666444988411458	sub-118864	ses-1		dir-AP	acq-multiband	space-ACPC			DSIStudio	autotrackgqi
Association_VerticalOccipitalFasciculusR	dki_fa	DIPYDKI	/scratch/grmpy/SLURM_11194840_32/job-11194840-32-sub-118864/ds/inputs/data/qsiprep/qsiprep/sub-118864/ses-1/dwi/sub-118864_ses-1_acq-multiband_dir-AP_space-ACPC_desc-preproc_dwi.nii.gz	0.0011677695601401	0.282712310552597	0.156381070613861	0.2626467943191528	0.283042848110199	0.2629972100257873	0.1561732292175293	0.3731393218040466	0.373169481754303	sub-118864	ses-1		dir-AP	acq-multiband	space-ACPC			DSIStudio	autotrackgqi
Association_VerticalOccipitalFasciculusR	dki_kfa	DIPYDKI	/scratch/grmpy/SLURM_11194840_32/job-11194840-32-sub-118864/ds/inputs/data/qsiprep/qsiprep/sub-118864/ses-1/dwi/sub-118864_ses-1_acq-multiband_dir-AP_space-ACPC_desc-preproc_dwi.nii.gz	0.0019462826002335	0.388816237449646	0.1250362992286682	0.3910008072853088	0.3895744383335113	0.3912762999534607	0.1239724978804588	0.4083504676818847	0.4085083305835724	sub-118864	ses-1		dir-AP	acq-multiband	space-ACPC			DSIStudio	autotrackgqi
Association_VerticalOccipitalFasciculusR	dki_linearity	DIPYDKI	/scratch/grmpy/SLURM_11194840_32/job-11194840-32-sub-118864/ds/inputs/data/qsiprep/qsiprep/sub-118864/ses-1/dwi/sub-118864_ses-1_acq-multiband_dir-AP_space-ACPC_desc-preproc_dwi.nii.gz	0.0011677695601401	0.1133687049150466	0.0894736871123313	0.0882729589939117	0.1135012507438659	0.0883487090468406	0.0894419178366661	0.1661739945411682	0.166187435388565	sub-118864	ses-1		dir-AP	acq-multiband	space-ACPC			DSIStudio	autotrackgqi
Association_VerticalOccipitalFasciculusR	dki_md	DIPYDKI	/scratch/grmpy/SLURM_11194840_32/job-11194840-32-sub-118864/ds/inputs/data/qsiprep/qsiprep/sub-118864/ses-1/dwi/sub-118864_ses-1_acq-multiband_dir-AP_space-ACPC_desc-preproc_dwi.nii.gz	0.0011677695601401	0.0009425746975466	0.0002192726824432	0.0008885575807653	0.0009436767431907	0.0008886413415893	0.000217017965042	0.0009127054363489	0.0009127792436629	sub-118864	ses-1		dir-AP	acq-multiband	space-ACPC			DSIStudio	autotrackgqi
Association_VerticalOccipitalFasciculusR	dki_mk	DIPYDKI	/scratch/grmpy/SLURM_11194840_32/job-11194840-32-sub-118864/ds/inputs/data/qsiprep/qsiprep/sub-118864/ses-1/dwi/sub-118864_ses-1_acq-multiband_dir-AP_space-ACPC_desc-preproc_dwi.nii.gz	0.0011677695601401	0.9148537758704666	0.1950897326157912	0.9263378916141918	0.915923363293542	0.9266677281657932	0.1926780759158915	1.01553427018911	1.0156164160085728	sub-118864	ses-1		dir-AP	acq-multiband	space-ACPC			DSIStudio	autotrackgqi
Association_VerticalOccipitalFasciculusR	dki_mkt	DIPYDKI	/scratch/grmpy/SLURM_11194840_32/job-11194840-32-sub-118864/ds/inputs/data/qsiprep/qsiprep/sub-118864/ses-1/dwi/sub-118864_ses-1_acq-multiband_dir-AP_space-ACPC_desc-preproc_dwi.nii.gz	0.0011677695601401	0.8971057320190634	0.1695363869785553	0.9152519611328618	0.8981545695857264	0.9153593949480866	0.1668357641987397	0.9785388177223686	0.9786179710855096	sub-118864	ses-1		dir-AP	acq-multiband	space-ACPC			DSIStudio	autotrackgqi
Association_VerticalOccipitalFasciculusR	dki_planarity	DIPYDKI	/scratch/grmpy/SLURM_11194840_32/job-11194840-32-sub-118864/ds/inputs/data/qsiprep/qsiprep/sub-118864/ses-1/dwi/sub-118864_ses-1_acq-multiband_dir-AP_space-ACPC_desc-preproc_dwi.nii.gz	0.0011677695601401	0.160672515630722	0.1120903268456459	0.1361709535121917	0.1608603596687317	0.1364253610372543	0.1120210438966751	0.184557095170021	0.1845720261335373	sub-118864	ses-1		dir-AP	acq-multiband	space-ACPC			DSIStudio	autotrackgqi
Association_VerticalOccipitalFasciculusR	dki_rd	DIPYDKI	/scratch/grmpy/SLURM_11194840_32/job-11194840-32-sub-118864/ds/inputs/data/qsiprep/qsiprep/sub-118864/ses-1/dwi/sub-118864_ses-1_acq-multiband_dir-AP_space-ACPC_desc-preproc_dwi.nii.gz	0.0011677695601401	0.0008032638579607	0.000242839596467	0.0007496150210499	0.0008042029803618	0.0007497441256418	0.000241422385443	0.0007214999641291	0.0007215582299977	sub-118864	ses-1		dir-AP	acq-multiband	space-ACPC			DSIStudio	autotrackgqi
Association_VerticalOccipitalFasciculusR	dki_rk	DIPYDKI	/scratch/grmpy/SLURM_11194840_32/job-11194840-32-sub-118864/ds/inputs/data/qsiprep/qsiprep/sub-118864/ses-1/dwi/sub-118864_ses-1_acq-multiband_dir-AP_space-ACPC_desc-preproc_dwi.nii.gz	0.0011677695601401	1.0796169145532013	0.3726752799738331	1.0416665132731415	1.0808791323020943	1.0423154175994598	0.371059209493958	1.2860924569676029	1.2861964877483367	sub-118864	ses-1		dir-AP	acq-multiband	space-ACPC			DSIStudio	autotrackgqi
Association_VerticalOccipitalFasciculusR	dki_sphericity	DIPYDKI	/scratch/grmpy/SLURM_11194840_32/job-11194840-32-sub-118864/ds/inputs/data/qsiprep/qsiprep/sub-118864/ses-1/dwi/sub-118864_ses-1_acq-multiband_dir-AP_space-ACPC_desc-preproc_dwi.nii.gz	0.0011677695601401	0.7247909903526306	0.1576023697853088	0.7449696660041809	0.7256383895874023	0.7458754777908325	0.1557326465845108	0.6491880416870117	0.6492405533790588	sub-118864	ses-1		dir-AP	acq-multiband	space-ACPC			DSIStudio	autotrackgqi
Association_MiddleLongitudinalFasciculusL	dki_ad	DIPYDKI	/scratch/grmpy/SLURM_11194840_32/job-11194840-32-sub-118864/ds/inputs/data/qsiprep/qsiprep/sub-118864/ses-1/dwi/sub-118864_ses-1_acq-multiband_dir-AP_space-ACPC_desc-preproc_dwi.nii.gz	0.0	0.0012540169991552	0.0003025494515895	0.0012149452231824	0.0012540169991552	0.0012149452231824	0.0003025494515895	0.0013051523128524	0.0013051523128524	sub-118864	ses-1		dir-AP	acq-multiband	space-ACPC			DSIStudio	autotrackgqi
Association_MiddleLongitudinalFasciculusL	dki_ak	DIPYDKI	/scratch/grmpy/SLURM_11194840_32/job-11194840-32-sub-118864/ds/inputs/data/qsiprep/qsiprep/sub-118864/ses-1/dwi/sub-118864_ses-1_acq-multiband_dir-AP_space-ACPC_desc-preproc_dwi.nii.gz	0.0	0.7297430033491975	0.1436471677889038	0.7304357498637304	0.7297430033491975	0.7304357498637304	0.1436471677889038	0.7624155770381478	0.7624155770381478	sub-118864	ses-1		dir-AP	acq-multiband	space-ACPC			DSIStudio	autotrackgqi
Association_MiddleLongitudinalFasciculusL	dki_fa	DIPYDKI	/scratch/grmpy/SLURM_11194840_32/job-11194840-32-sub-118864/ds/inputs/data/qsiprep/qsiprep/sub-118864/ses-1/dwi/sub-118864_ses-1_acq-multiband_dir-AP_space-ACPC_desc-preproc_dwi.nii.gz	0.0	0.328970342874527	0.1604958325624466	0.3225155174732208	0.328970342874527	0.3225155174732208	0.1604958325624466	0.3880947530269623	0.3880947530269623	sub-118864	ses-1		dir-AP	acq-multiband	space-ACPC			DSIStudio	autotrackgqi
Association_MiddleLongitudinalFasciculusL	dki_kfa	DIPYDKI	/scratch/grmpy/SLURM_11194840_32/job-11194840-32-sub-118864/ds/inputs/data/qsiprep/qsiprep/sub-118864/ses-1/dwi/sub-118864_ses-1_acq-multiband_dir-AP_space-ACPC_desc-preproc_dwi.nii.gz	0.0039611091105509	0.4832968115806579	0.1498950868844986	0.4889634251594543	0.4852188229560852	0.4893620014190674	0.1470554322004318	0.5051374435424805	0.5056760311126709	sub-118864	ses-1		dir-AP	acq-multiband	space-ACPC			DSIStudio	autotrackgqi
Association_MiddleLongitudinalFasciculusL	dki_linearity	DIPYDKI	/scratch/grmpy/SLURM_11194840_32/job-11194840-32-sub-118864/ds/inputs/data/qsiprep/qsiprep/sub-118864/ses-1/dwi/sub-118864_ses-1_acq-multiband_dir-AP_space-ACPC_desc-preproc_dwi.nii.gz	0.0	0.1400476545095443	0.098149225115776	0.118774190545082	0.1400476545095443	0.118774190545082	0.098149225115776	0.1686750948429107	0.1686750948429107	sub-118864	ses-1		dir-AP	acq-multiband	space-ACPC			DSIStudio	autotrackgqi
Association_MiddleLongitudinalFasciculusL	dki_md	DIPYDKI	/scratch/grmpy/SLURM_11194840_32/job-11194840-32-sub-118864/ds/inputs/data/qsiprep/qsiprep/sub-118864/ses-1/dwi/sub-118864_ses-1_acq-multiband_dir-AP_space-ACPC_desc-preproc_dwi.nii.gz	0.0	0.0009256027406081	0.0002495699154678	0.0008827588753774	0.0009256027406081	0.0008827588753774	0.0002495699154678	0.0009086969075724	0.0009086969075724	sub-118864	ses-1		dir-AP	acq-multiband	space-ACPC			DSIStudio	autotrackgqi
Association_MiddleLongitudinalFasciculusL	dki_mk	DIPYDKI	/scratch/grmpy/SLURM_11194840_32/job-11194840-32-sub-118864/ds/inputs/data/qsiprep/qsiprep/sub-118864/ses-1/dwi/sub-118864_ses-1_acq-multiband_dir-AP_space-ACPC_desc-preproc_dwi.nii.gz	0.0	0.8340349250722753	0.2280796984528841	0.865641245241189	0.8340349250722753	0.865641245241189	0.2280796984528841	0.9310859965689964	0.9310859965689964	sub-118864	ses-1		dir-AP	acq-multiband	space-ACPC			DSIStudio	autotrackgqi
Association_MiddleLongitudinalFasciculusL	dki_mkt	DIPYDKI	/scratch/grmpy/SLURM_11194840_32/job-11194840-32-sub-118864/ds/inputs/data/qsiprep/qsiprep/sub-118864/ses-1/dwi/sub-118864_ses-1_acq-multiband_dir-AP_space-ACPC_desc-preproc_dwi.nii.gz	0.0	0.8246037229679167	0.2018666645157575	0.8640369847505099	0.8246037229679167	0.8640369847505099	0.2018666645157575	0.91416201103192	0.91416201103192	sub-118864	ses-1		dir-AP	acq-multiband	space-ACPC			DSIStudio	autotrackgqi
Association_MiddleLongitudinalFasciculusL	dki_planarity	DIPYDKI	/scratch/grmpy/SLURM_11194840_32/job-11194840-32-sub-118864/ds/inputs/data/qsiprep/qsiprep/sub-118864/ses-1/dwi/sub-118864_ses-1_acq-multiband_dir-AP_space-ACPC_desc-preproc_dwi.nii.gz	0.0	0.1761410236358642	0.112461119890213	0.1552406847476959	0.1761410236358642	0.1552406847476959	0.112461119890213	0.2070840299129486	0.2070840299129486	sub-118864	ses-1		dir-AP	acq-multiband	space-ACPC			DSIStudio	autotrackgqi
Association_MiddleLongitudinalFasciculusL	dki_rd	DIPYDKI	/scratch/grmpy/SLURM_11194840_32/job-11194840-32-sub-118864/ds/inputs/data/qsiprep/qsiprep/sub-118864/ses-1/dwi/sub-118864_ses-1_acq-multiband_dir-AP_space-ACPC_desc-preproc_dwi.nii.gz	0.0	0.0007613956113345	0.0002719837939366	0.0007128755678422	0.0007613956113345	0.0007128755678422	0.0002719837939366	0.0007104692049324	0.0007104692049324	sub-118864	ses-1		dir-AP	acq-multiband	space-ACPC			DSIStudio	autotrackgqi
Association_MiddleLongitudinalFasciculusL	dki_rk	DIPYDKI	/scratch/grmpy/SLURM_11194840_32/job-11194840-32-sub-118864/ds/inputs/data/qsiprep/qsiprep/sub-118864/ses-1/dwi/sub-118864_ses-1_acq-multiband_dir-AP_space-ACPC_desc-preproc_dwi.nii.gz	0.0	1.0070833042670897	0.4403450338368623	0.9957850798981628	1.0070833042670897	0.9957850798981628	0.4403450338368623	1.1816614729978323	1.1816614729978323	sub-118864	ses-1		dir-AP	acq-multiband	space-ACPC			DSIStudio	autotrackgqi
Association_MiddleLongitudinalFasciculusL	dki_sphericity	DIPYDKI	/scratch/grmpy/SLURM_11194840_32/job-11194840-32-sub-118864/ds/inputs/data/qsiprep/qsiprep/sub-118864/ses-1/dwi/sub-118864_ses-1_acq-multiband_dir-AP_space-ACPC_desc-preproc_dwi.nii.gz	0.0	0.683811366558075	0.1598869264125824	0.692759096622467	0.683811366558075	0.692759096622467	0.1598869264125824	0.6242408752441406	0.6242408752441406	sub-118864	ses-1		dir-AP	acq-multiband	space-ACPC			DSIStudio	autotrackgqi
Association_InferiorFrontoOccipitalFasciculusL	dki_ad	DIPYDKI	/scratch/grmpy/SLURM_11194840_32/job-11194840-32-sub-118864/ds/inputs/data/qsiprep/qsiprep/sub-118864/ses-1/dwi/sub-118864_ses-1_acq-multiband_dir-AP_space-ACPC_desc-preproc_dwi.nii.gz	0.0010677423181872	0.0013366787461563	0.0003123875067103	0.0012964027700945	0.0013381075114011	0.0012970543466508	0.0003094809362664	0.0014783720253035	0.0014784039231017	sub-118864	ses-1		dir-AP	acq-multiband	space-ACPC			DSIStudio	autotrackgqi
Association_InferiorFrontoOccipitalFasciculusL	dki_ak	DIPYDKI	/scratch/grmpy/SLURM_11194840_32/job-11194840-32-sub-118864/ds/inputs/data/qsiprep/qsiprep/sub-118864/ses-1/dwi/sub-118864_ses-1_acq-multiband_dir-AP_space-ACPC_desc-preproc_dwi.nii.gz	0.0029659508838533	0.7447918497623778	0.1707232626107797	0.752012667974985	0.7470074371307809	0.7524091433449065	0.1660664812703969	0.7311952001726664	0.7312404415687342	sub-118864	ses-1		dir-AP	acq-multiband	space-ACPC			DSIStudio	autotrackgqi
Association_InferiorFrontoOccipitalFasciculusL	dki_fa	DIPYDKI	/scratch/grmpy/SLURM_11194840_32/job-11194840-32-sub-118864/ds/inputs/data/qsiprep/qsiprep/sub-118864/ses-1/dwi/sub-118864_ses-1_acq-multiband_dir-AP_space-ACPC_desc-preproc_dwi.nii.gz	0.0010677423181872	0.3563166260719299	0.1729894131422042	0.3483323156833648	0.3566974699497223	0.3484707474708557	0.1726889461278915	0.475804716348648	0.4758149981498718	sub-118864	ses-1		dir-AP	acq-multiband	space-ACPC			DSIStudio	autotrackgqi
Association_InferiorFrontoOccipitalFasciculusL	dki_kfa	DIPYDKI	/scratch/grmpy/SLURM_11194840_32/job-11194840-32-sub-118864/ds/inputs/data/qsiprep/qsiprep/sub-118864/ses-1/dwi/sub-118864_ses-1_acq-multiband_dir-AP_space-ACPC_desc-preproc_dwi.nii.gz	0.0102028710404555	0.4838064908981323	0.1701427400112152	0.4721428751945495	0.4887935817241668	0.4739353060722351	0.1637354344129562	0.5792858600616455	0.579936683177948	sub-118864	ses-1		dir-AP	acq-multiband	space-ACPC			DSIStudio	autotrackgqi
Association_InferiorFrontoOccipitalFasciculusL	dki_linearity	DIPYDKI	/scratch/grmpy/SLURM_11194840_32/job-11194840-32-sub-118864/ds/inputs/data/qsiprep/qsiprep/sub-118864/ses-1/dwi/sub-118864_ses-1_acq-multiband_dir-AP_space-ACPC_desc-preproc_dwi.nii.gz	0.0010677423181872	0.161533921957016	0.1239125654101371	0.1267460286617279	0.1617065817117691	0.1268734037876129	0.1238661184906959	0.2416139841079712	0.2416191846132278	sub-118864	ses-1		dir-AP	acq-multiband	space-ACPC			DSIStudio	autotrackgqi
Association_InferiorFrontoOccipitalFasciculusL	dki_md	DIPYDKI	/scratch/grmpy/SLURM_11194840_32/job-11194840-32-sub-118864/ds/inputs/data/qsiprep/qsiprep/sub-118864/ses-1/dwi/sub-118864_ses-1_acq-multiband_dir-AP_space-ACPC_desc-preproc_dwi.nii.gz	0.0010677423181872	0.0009535893332213	0.0001951641315827	0.0009302349062636	0.0009546086075715	0.0009304006816819	0.000192760824575	0.0009364470024593	0.0009364673169329	sub-118864	ses-1		dir-AP	acq-multiband	space-ACPC			DSIStudio	autotrackgqi
Association_InferiorFrontoOccipitalFasciculusL	dki_mk	DIPYDKI	/scratch/grmpy/SLURM_11194840_32/job-11194840-32-sub-118864/ds/inputs/data/qsiprep/qsiprep/sub-118864/ses-1/dwi/sub-118864_ses-1_acq-multiband_dir-AP_space-ACPC_desc-preproc_dwi.nii.gz	0.0029659508838533	0.8784855839715604	0.2512949343179486	0.9353022598696952	0.8810988799733797	0.935872124759996	0.247051464800606	0.9215409346748434	0.9215979535465196	sub-118864	ses-1		dir-AP	acq-multiband	space-ACPC			DSIStudio	autotrackgqi
Association_InferiorFrontoOccipitalFasciculusL	dki_mkt	DIPYDKI	/scratch/grmpy/SLURM_11194840_32/job-11194840-32-sub-118864/ds/inputs/data/qsiprep/qsiprep/sub-118864/ses-1/dwi/sub-118864_ses-1_acq-multiband_dir-AP_space-ACPC_desc-preproc_dwi.nii.gz	0.0010677423181872	0.8651182466822763	0.2209933569065252	0.9181941044600872	0.8660429573972575	0.9184756114162898	0.2192930158496488	0.9046187933162056	0.9046383122612413	sub-118864	ses-1		dir-AP	acq-multiband	space-ACPC			DSIStudio	autotrackgqi
Association_InferiorFrontoOccipitalFasciculusL	dki_planarity	DIPYDKI	/scratch/grmpy/SLURM_11194840_32/job-11194840-32-sub-118864/ds/inputs/data/qsiprep/qsiprep/sub-118864/ses-1/dwi/sub-118864_ses-1_acq-multiband_dir-AP_space-ACPC_desc-preproc_dwi.nii.gz	0.0018982085656661	0.1743831783533096	0.1070625260472297	0.1553346514701843	0.1747148334980011	0.1555309742689132	0.1068935915827751	0.1954721361398697	0.1954798102378845	sub-118864	ses-1		dir-AP	acq-multiband	space-ACPC			DSIStudio	autotrackgqi
Association_InferiorFrontoOccipitalFasciculusL	dki_rd	DIPYDKI	/scratch/grmpy/SLURM_11194840_32/job-11194840-32-sub-118864/ds/inputs/data/qsiprep/qsiprep/sub-118864/ses-1/dwi/sub-118864_ses-1_acq-multiband_dir-AP_space-ACPC_desc-preproc_dwi.nii.gz	0.0010677423181872	0.0007620446267537	0.0002210084930993	0.0007404175121337	0.0007628591265529	0.0007406513905152	0.0002197170542785	0.0006654845783486	0.0006654988974332	sub-118864	ses-1		dir-AP	acq-multiband	space-ACPC			DSIStudio	autotrackgqi
Association_InferiorFrontoOccipitalFasciculusL	dki_rk	DIPYDKI	/scratch/grmpy/SLURM_11194840_32/job-11194840-32-sub-118864/ds/inputs/data/qsiprep/qsiprep/sub-118864/ses-1/dwi/sub-118864_ses-1_acq-multiband_dir-AP_space-ACPC_desc-preproc_dwi.nii.gz	0.0029659508838533	1.0983341347657434	0.4784194008746155	1.1215927613237135	1.1016014305021955	1.1240551147859457	0.4753595975368588	1.2869881524087996	1.287067782924873	sub-118864	ses-1		dir-AP	acq-multiband	space-ACPC			DSIStudio	autotrackgqi
Association_InferiorFrontoOccipitalFasciculusL	dki_sphericity	DIPYDKI	/scratch/grmpy/SLURM_11194840_32/job-11194840-32-sub-118864/ds/inputs/data/qsiprep/qsiprep/sub-118864/ses-1/dwi/sub-118864_ses-1_acq-multiband_dir-AP_space-ACPC_desc-preproc_dwi.nii.gz	0.0010677423181872	0.6630151271820068	0.1628198474645614	0.6670802235603333	0.6637238264083862	0.6673336029052734	0.1614567041397094	0.5628923773765564	0.5629045367240906	sub-118864	ses-1		dir-AP	acq-multiband	space-ACPC			DSIStudio	autotrackgqi
Association_HippocampusAlveusL	dki_ad	DIPYDKI	/scratch/grmpy/SLURM_11194840_32/job-11194840-32-sub-118864/ds/inputs/data/qsiprep/qsiprep/sub-118864/ses-1/dwi/sub-118864_ses-1_acq-multiband_dir-AP_space-ACPC_desc-preproc_dwi.nii.gz	0.0003667033370003	0.0016218104865401	0.0007949655409902	0.0013548114802688	0.0016224053688347	0.0013548640999943	0.0007945041288621	0.0016746991313993	0.0016747486079111	sub-118864	ses-1		dir-AP	acq-multiband	space-ACPC			DSIStudio	autotrackgqi
Association_HippocampusAlveusL	dki_ak	DIPYDKI	/scratch/grmpy/SLURM_11194840_32/job-11194840-32-sub-118864/ds/inputs/data/qsiprep/qsiprep/sub-118864/ses-1/dwi/sub-118864_ses-1_acq-multiband_dir-AP_space-ACPC_desc-preproc_dwi.nii.gz	0.0003667033370003	0.677430664741374	0.1575866664668754	0.6837247840624782	0.6776791719551457	0.6837274465987302	0.15708042263217	0.6869918419673069	0.6870121519622538	sub-118864	ses-1		dir-AP	acq-multiband	space-ACPC			DSIStudio	autotrackgqi
Association_HippocampusAlveusL	dki_fa	DIPYDKI	/scratch/grmpy/SLURM_11194840_32/job-11194840-32-sub-118864/ds/inputs/data/qsiprep/qsiprep/sub-118864/ses-1/dwi/sub-118864_ses-1_acq-multiband_dir-AP_space-ACPC_desc-preproc_dwi.nii.gz	0.0003667033370003	0.2780064642429352	0.1501983553171157	0.2421692013740539	0.2781084477901459	0.2421976327896118	0.1501314640045166	0.3106454610824585	0.3106546103954315	sub-118864	ses-1		dir-AP	acq-multiband	space-ACPC			DSIStudio	autotrackgqi
Association_HippocampusAlveusL	dki_kfa	DIPYDKI	/scratch/grmpy/SLURM_11194840_32/job-11194840-32-sub-118864/ds/inputs/data/qsiprep/qsiprep/sub-118864/ses-1/dwi/sub-118864_ses-1_acq-multiband_dir-AP_space-ACPC_desc-preproc_dwi.nii.gz	0.0066006600660066	0.4776241481304168	0.2058567553758621	0.4821239709854126	0.4807977378368377	0.4840497076511383	0.2028120458126068	0.4658737778663635	0.468212366104126	sub-118864	ses-1		dir-AP	acq-multiband	space-ACPC			DSIStudio	autotrackgqi
Association_HippocampusAlveusL	dki_linearity	DIPYDKI	/scratch/grmpy/SLURM_11194840_32/job-11194840-32-sub-118864/ds/inputs/data/qsiprep/qsiprep/sub-118864/ses-1/dwi/sub-118864_ses-1_acq-multiband_dir-AP_space-ACPC_desc-preproc_dwi.nii.gz	0.0003667033370003	0.1226342692971229	0.0982408374547958	0.092738926410675	0.1226792559027671	0.0927437469363212	0.0982307717204094	0.1430858075618744	0.1430900245904922	sub-118864	ses-1		dir-AP	acq-multiband	space-ACPC			DSIStudio	autotrackgqi
Association_HippocampusAlveusL	dki_md	DIPYDKI	/scratch/grmpy/SLURM_11194840_32/job-11194840-32-sub-118864/ds/inputs/data/qsiprep/qsiprep/sub-118864/ses-1/dwi/sub-118864_ses-1_acq-multiband_dir-AP_space-ACPC_desc-preproc_dwi.nii.gz	0.0003667033370003	0.0012610591948032	0.0006805957527831	0.0009655338944867	0.0012615218292921	0.000965571438428	0.0006802917923778	0.0012607334647327	0.001260770834051	sub-118864	ses-1		dir-AP	acq-multiband	space-ACPC			DSIStudio	autotrackgqi
Association_HippocampusAlveusL	dki_mk	DIPYDKI	/scratch/grmpy/SLURM_11194840_32/job-11194840-32-sub-118864/ds/inputs/data/qsiprep/qsiprep/sub-118864/ses-1/dwi/sub-118864_ses-1_acq-multiband_dir-AP_space-ACPC_desc-preproc_dwi.nii.gz	0.0003667033370003	0.6969607023616893	0.2237955765979455	0.7155487197505379	0.6972163739326217	0.7155839875618528	0.2234380777200945	0.7442953568116341	0.7443173606564931	sub-118864	ses-1		dir-AP	acq-multiband	space-ACPC			DSIStudio	autotrackgqi
Association_HippocampusAlveusL	dki_mkt	DIPYDKI	/scratch/grmpy/SLURM_11194840_32/job-11194840-32-sub-118864/ds/inputs/data/qsiprep/qsiprep/sub-118864/ses-1/dwi/sub-118864_ses-1_acq-multiband_dir-AP_space-ACPC_desc-preproc_dwi.nii.gz	0.0003667033370003	0.7093375518684311	0.1951448255949908	0.7275273170763829	0.7095977637363212	0.7276241857713316	0.1947070284656109	0.7488195349971697	0.7488416726607605	sub-118864	ses-1		dir-AP	acq-multiband	space-ACPC			DSIStudio	autotrackgqi
Association_HippocampusAlveusL	dki_planarity	DIPYDKI	/scratch/grmpy/SLURM_11194840_32/job-11194840-32-sub-118864/ds/inputs/data/qsiprep/qsiprep/sub-118864/ses-1/dwi/sub-118864_ses-1_acq-multiband_dir-AP_space-ACPC_desc-preproc_dwi.nii.gz	0.0003667033370003	0.1329966187477111	0.0863672122359275	0.1178303658962249	0.1330454051494598	0.1178717017173767	0.0863454714417457	0.1380477547645568	0.138051837682724	sub-118864	ses-1		dir-AP	acq-multiband	space-ACPC			DSIStudio	autotrackgqi
Association_HippocampusAlveusL	dki_rd	DIPYDKI	/scratch/grmpy/SLURM_11194840_32/job-11194840-32-sub-118864/ds/inputs/data/qsiprep/qsiprep/sub-118864/ses-1/dwi/sub-118864_ses-1_acq-multiband_dir-AP_space-ACPC_desc-preproc_dwi.nii.gz	0.0003667033370003	0.0010806835489347	0.000648827815894	0.0008224137709476	0.0010810800595209	0.0008224190678447	0.0006486165220849	0.0010537507478147	0.0010537818307057	sub-118864	ses-1		dir-AP	acq-multiband	space-ACPC			DSIStudio	autotrackgqi
Association_HippocampusAlveusL	dki_rk	DIPYDKI	/scratch/grmpy/SLURM_11194840_32/job-11194840-32-sub-118864/ds/inputs/data/qsiprep/qsiprep/sub-118864/ses-1/dwi/sub-118864_ses-1_acq-multiband_dir-AP_space-ACPC_desc-preproc_dwi.nii.gz	0.0003667033370003	0.7725800035841048	0.3996617833605941	0.7651004416086264	0.7728634151774959	0.7651108779352629	0.399461008697541	0.8643468839524076	0.864372436696692	sub-118864	ses-1		dir-AP	acq-multiband	space-ACPC			DSIStudio	autotrackgqi
Association_HippocampusAlveusL	dki_sphericity	DIPYDKI	/scratch/grmpy/SLURM_11194840_32/job-11194840-32-sub-118864/ds/inputs/data/qsiprep/qsiprep/sub-118864/ses-1/dwi/sub-118864_ses-1_acq-multiband_dir-AP_space-ACPC_desc-preproc_dwi.nii.gz	0.0003667033370003	0.7440024018287659	0.1378170847892761	0.7755134701728821	0.7442753314971924	0.7755661010742188	0.1371035426855087	0.7188368439674377	0.7188581228256226	sub-118864	ses-1		dir-AP	acq-multiband	space-ACPC			DSIStudio	autotrackgqi
Association_InferiorLongitudinalFasciculusR	dki_ad	DIPYDKI	/scratch/grmpy/SLURM_11194840_32/job-11194840-32-sub-118864/ds/inputs/data/qsiprep/qsiprep/sub-118864/ses-1/dwi/sub-118864_ses-1_acq-multiband_dir-AP_space-ACPC_desc-preproc_dwi.nii.gz	0.0001980982567353	0.0013275450328364	0.0003783122519962	0.0012593405554071	0.0013278081314638	0.0012593420688062	0.0003778879181481	0.0014618176501244	0.0014618298737332	sub-118864	ses-1		dir-AP	acq-multiband	space-ACPC			DSIStudio	autotrackgqi
Association_InferiorLongitudinalFasciculusR	dki_ak	DIPYDKI	/scratch/grmpy/SLURM_11194840_32/job-11194840-32-sub-118864/ds/inputs/data/qsiprep/qsiprep/sub-118864/ses-1/dwi/sub-118864_ses-1_acq-multiband_dir-AP_space-ACPC_desc-preproc_dwi.nii.gz	0.0004952456418383	0.7028335074044348	0.1534791898967948	0.7040444341460463	0.7031817551040704	0.704134685034007	0.1527175563612957	0.7067160122894087	0.7067487025253029	sub-118864	ses-1		dir-AP	acq-multiband	space-ACPC			DSIStudio	autotrackgqi
Association_InferiorLongitudinalFasciculusR	dki_fa	DIPYDKI	/scratch/grmpy/SLURM_11194840_32/job-11194840-32-sub-118864/ds/inputs/data/qsiprep/qsiprep/sub-118864/ses-1/dwi/sub-118864_ses-1_acq-multiband_dir-AP_space-ACPC_desc-preproc_dwi.nii.gz	0.0001980982567353	0.341469794511795	0.1795131266117096	0.3226057291030884	0.3415374457836151	0.3227893710136413	0.1794665306806564	0.4583752751350403	0.4583791494369507	sub-118864	ses-1		dir-AP	acq-multiband	space-ACPC			DSIStudio	autotrackgqi
Association_InferiorLongitudinalFasciculusR	dki_kfa	DIPYDKI	/scratch/grmpy/SLURM_11194840_32/job-11194840-32-sub-118864/ds/inputs/data/qsiprep/qsiprep/sub-118864/ses-1/dwi/sub-118864_ses-1_acq-multiband_dir-AP_space-ACPC_desc-preproc_dwi.nii.gz	0.0016838351822503	0.4867530465126037	0.1558636277914047	0.4814549088478088	0.48757404088974	0.4819141924381256	0.154706671833992	0.5303146243095398	0.530364990234375	sub-118864	ses-1		dir-AP	acq-multiband	space-ACPC			DSIStudio	autotrackgqi
Association_InferiorLongitudinalFasciculusR	dki_linearity	DIPYDKI	/scratch/grmpy/SLURM_11194840_32/job-11194840-32-sub-118864/ds/inputs/data/qsiprep/qsiprep/sub-118864/ses-1/dwi/sub-118864_ses-1_acq-multiband_dir-AP_space-ACPC_desc-preproc_dwi.nii.gz	0.0001980982567353	0.1555666178464889	0.1237910091876983	0.1152495592832565	0.155597448348999	0.115263745188713	0.1237839013338089	0.2356301695108413	0.2356321662664413	sub-118864	ses-1		dir-AP	acq-multiband	space-ACPC			DSIStudio	autotrackgqi
Association_InferiorLongitudinalFasciculusR	dki_md	DIPYDKI	/scratch/grmpy/SLURM_11194840_32/job-11194840-32-sub-118864/ds/inputs/data/qsiprep/qsiprep/sub-118864/ses-1/dwi/sub-118864_ses-1_acq-multiband_dir-AP_space-ACPC_desc-preproc_dwi.nii.gz	0.0001980982567353	0.0009575181757099	0.0002617561258375	0.0009096782305277	0.0009577079326845	0.0009096863796003	0.0002614347904454	0.0009362811688333	0.0009362890850752	sub-118864	ses-1		dir-AP	acq-multiband	space-ACPC			DSIStudio	autotrackgqi
Association_InferiorLongitudinalFasciculusR	dki_mk	DIPYDKI	/scratch/grmpy/SLURM_11194840_32/job-11194840-32-sub-118864/ds/inputs/data/qsiprep/qsiprep/sub-118864/ses-1/dwi/sub-118864_ses-1_acq-multiband_dir-AP_space-ACPC_desc-preproc_dwi.nii.gz	0.0004952456418383	0.8240951427444348	0.231850334699384	0.8333097394938901	0.82450347449686	0.8334400754794986	0.2311807553901341	0.9269104735844876	0.926953349110512	sub-118864	ses-1		dir-AP	acq-multiband	space-ACPC			DSIStudio	autotrackgqi
Association_InferiorLongitudinalFasciculusR	dki_mkt	DIPYDKI	/scratch/grmpy/SLURM_11194840_32/job-11194840-32-sub-118864/ds/inputs/data/qsiprep/qsiprep/sub-118864/ses-1/dwi/sub-118864_ses-1_acq-multiband_dir-AP_space-ACPC_desc-preproc_dwi.nii.gz	0.0001980982567353	0.8096576371220083	0.2027986837550209	0.8269782321743329	0.8098180606680995	0.8271778679737751	0.2024982496460461	0.8897112623629244	0.8897187930987069	sub-118864	ses-1		dir-AP	acq-multiband	space-ACPC			DSIStudio	autotrackgqi
Association_InferiorLongitudinalFasciculusR	dki_planarity	DIPYDKI	/scratch/grmpy/SLURM_11194840_32/job-11194840-32-sub-118864/ds/inputs/data/qsiprep/qsiprep/sub-118864/ses-1/dwi/sub-118864_ses-1_acq-multiband_dir-AP_space-ACPC_desc-preproc_dwi.nii.gz	0.0001980982567353	0.1641720980405807	0.1048548892140388	0.1438150405883789	0.1642046272754669	0.1438388526439666	0.10483980178833	0.1784680336713791	0.1784695386886596	sub-118864	ses-1		dir-AP	acq-multiband	space-ACPC			DSIStudio	autotrackgqi
Association_InferiorLongitudinalFasciculusR	dki_rd	DIPYDKI	/scratch/grmpy/SLURM_11194840_32/job-11194840-32-sub-118864/ds/inputs/data/qsiprep/qsiprep/sub-118864/ses-1/dwi/sub-118864_ses-1_acq-multiband_dir-AP_space-ACPC_desc-preproc_dwi.nii.gz	0.0001980982567353	0.0007725048344582	0.0002747521211858	0.0007349664228968	0.0007726578623987	0.0007349861552938	0.0002745640522334	0.0006735130446031	0.0006735187489539	sub-118864	ses-1		dir-AP	acq-multiband	space-ACPC			DSIStudio	autotrackgqi
Association_InferiorLongitudinalFasciculusR	dki_rk	DIPYDKI	/scratch/grmpy/SLURM_11194840_32/job-11194840-32-sub-118864/ds/inputs/data/qsiprep/qsiprep/sub-118864/ses-1/dwi/sub-118864_ses-1_acq-multiband_dir-AP_space-ACPC_desc-preproc_dwi.nii.gz	0.0004952456418383	1.021053565819989	0.4759874121991806	0.9607487779776334	1.0215594887046486	0.9613269812082734	0.4755622427054038	1.2875612956994755	1.287620853524607	sub-118864	ses-1		dir-AP	acq-multiband	space-ACPC			DSIStudio	autotrackgqi
Association_InferiorLongitudinalFasciculusR	dki_sphericity	DIPYDKI	/scratch/grmpy/SLURM_11194840_32/job-11194840-32-sub-118864/ds/inputs/data/qsiprep/qsiprep/sub-118864/ses-1/dwi/sub-118864_ses-1_acq-multiband_dir-AP_space-ACPC_desc-preproc_dwi.nii.gz	0.0001980982567353	0.6800631880760193	0.1642556190490722	0.6894733905792236	0.6801979541778564	0.6895021200180054	0.1639926880598068	0.5858932137489319	0.5858981609344482	sub-118864	ses-1		dir-AP	acq-multiband	space-ACPC			DSIStudio	autotrackgqi
Association_SuperiorLongitudinalFasciculusR	dki_ad	DIPYDKI	/scratch/grmpy/SLURM_11194840_32/job-11194840-32-sub-118864/ds/inputs/data/qsiprep/qsiprep/sub-118864/ses-1/dwi/sub-118864_ses-1_acq-multiband_dir-AP_space-ACPC_desc-preproc_dwi.nii.gz	0.0	0.0012392937205731	0.0002672313421498	0.0012041421141475	0.0012392937205731	0.0012041421141475	0.0002672313421498	0.0013336812844499	0.0013336812844499	sub-118864	ses-1		dir-AP	acq-multiband	space-ACPC			DSIStudio	autotrackgqi
Association_SuperiorLongitudinalFasciculusR	dki_ak	DIPYDKI	/scratch/grmpy/SLURM_11194840_32/job-11194840-32-sub-118864/ds/inputs/data/qsiprep/qsiprep/sub-118864/ses-1/dwi/sub-118864_ses-1_acq-multiband_dir-AP_space-ACPC_desc-preproc_dwi.nii.gz	0.0	0.7539703533595165	0.1514697982285475	0.749885353354447	0.7539703533595165	0.749885353354447	0.1514697982285475	0.7992642121737478	0.7992642121737478	sub-118864	ses-1		dir-AP	acq-multiband	space-ACPC			DSIStudio	autotrackgqi
Association_SuperiorLongitudinalFasciculusR	dki_fa	DIPYDKI	/scratch/grmpy/SLURM_11194840_32/job-11194840-32-sub-118864/ds/inputs/data/qsiprep/qsiprep/sub-118864/ses-1/dwi/sub-118864_ses-1_acq-multiband_dir-AP_space-ACPC_desc-preproc_dwi.nii.gz	0.0	0.3307969272136688	0.168384239077568	0.328855037689209	0.3307969272136688	0.328855037689209	0.168384239077568	0.4548537135124206	0.4548537135124206	sub-118864	ses-1		dir-AP	acq-multiband	space-ACPC			DSIStudio	autotrackgqi
Association_SuperiorLongitudinalFasciculusR	dki_kfa	DIPYDKI	/scratch/grmpy/SLURM_11194840_32/job-11194840-32-sub-118864/ds/inputs/data/qsiprep/qsiprep/sub-118864/ses-1/dwi/sub-118864_ses-1_acq-multiband_dir-AP_space-ACPC_desc-preproc_dwi.nii.gz	0.0013373453694416	0.4651656746864319	0.1481206119060516	0.469496876001358	0.4657886028289795	0.4697371125221252	0.1472377032041549	0.5472413301467896	0.5472962856292725	sub-118864	ses-1		dir-AP	acq-multiband	space-ACPC			DSIStudio	autotrackgqi
Association_SuperiorLongitudinalFasciculusR	dki_linearity	DIPYDKI	/scratch/grmpy/SLURM_11194840_32/job-11194840-32-sub-118864/ds/inputs/data/qsiprep/qsiprep/sub-118864/ses-1/dwi/sub-118864_ses-1_acq-multiband_dir-AP_space-ACPC_desc-preproc_dwi.nii.gz	0.0	0.1364817917346954	0.1031520888209343	0.10905572026968	0.1364817917346954	0.10905572026968	0.1031520888209343	0.2132522314786911	0.2132522314786911	sub-118864	ses-1		dir-AP	acq-multiband	space-ACPC			DSIStudio	autotrackgqi
Association_SuperiorLongitudinalFasciculusR	dki_md	DIPYDKI	/scratch/grmpy/SLURM_11194840_32/job-11194840-32-sub-118864/ds/inputs/data/qsiprep/qsiprep/sub-118864/ses-1/dwi/sub-118864_ses-1_acq-multiband_dir-AP_space-ACPC_desc-preproc_dwi.nii.gz	0.0	0.0009163731592707	0.0002193992695538	0.0008740030461922	0.0009163731592707	0.0008740030461922	0.0002193992695538	0.0008702464983798	0.0008702464983798	sub-118864	ses-1		dir-AP	acq-multiband	space-ACPC			DSIStudio	autotrackgqi
Association_SuperiorLongitudinalFasciculusR	dki_mk	DIPYDKI	/scratch/grmpy/SLURM_11194840_32/job-11194840-32-sub-118864/ds/inputs/data/qsiprep/qsiprep/sub-118864/ses-1/dwi/sub-118864_ses-1_acq-multiband_dir-AP_space-ACPC_desc-preproc_dwi.nii.gz	0.0	0.8941793549836549	0.2192689151368992	0.8965806824826988	0.8941793549836549	0.8965806824826988	0.2192689151368992	1.0469656178674107	1.0469656178674107	sub-118864	ses-1		dir-AP	acq-multiband	space-ACPC			DSIStudio	autotrackgqi
Association_SuperiorLongitudinalFasciculusR	dki_mkt	DIPYDKI	/scratch/grmpy/SLURM_11194840_32/job-11194840-32-sub-118864/ds/inputs/data/qsiprep/qsiprep/sub-118864/ses-1/dwi/sub-118864_ses-1_acq-multiband_dir-AP_space-ACPC_desc-preproc_dwi.nii.gz	0.0	0.8761049065509123	0.1944169009856919	0.8871262738124068	0.8761049065509123	0.8871262738124068	0.1944169009856919	1.0057503545880553	1.0057503545880553	sub-118864	ses-1		dir-AP	acq-multiband	space-ACPC			DSIStudio	autotrackgqi
Association_SuperiorLongitudinalFasciculusR	dki_planarity	DIPYDKI	/scratch/grmpy/SLURM_11194840_32/job-11194840-32-sub-118864/ds/inputs/data/qsiprep/qsiprep/sub-118864/ses-1/dwi/sub-118864_ses-1_acq-multiband_dir-AP_space-ACPC_desc-preproc_dwi.nii.gz	0.0	0.187297984957695	0.1244117766618728	0.1626960188150406	0.187297984957695	0.1626960188150406	0.1244117766618728	0.2197741419076919	0.2197741419076919	sub-118864	ses-1		dir-AP	acq-multiband	space-ACPC			DSIStudio	autotrackgqi
Association_SuperiorLongitudinalFasciculusR	dki_rd	DIPYDKI	/scratch/grmpy/SLURM_11194840_32/job-11194840-32-sub-118864/ds/inputs/data/qsiprep/qsiprep/sub-118864/ses-1/dwi/sub-118864_ses-1_acq-multiband_dir-AP_space-ACPC_desc-preproc_dwi.nii.gz	0.0	0.0007549127331003	0.0002529947669245	0.000714288034942	0.0007549127331003	0.000714288034942	0.0002529947669245	0.0006385290180332	0.0006385290180332	sub-118864	ses-1		dir-AP	acq-multiband	space-ACPC			DSIStudio	autotrackgqi
Association_SuperiorLongitudinalFasciculusR	dki_rk	DIPYDKI	/scratch/grmpy/SLURM_11194840_32/job-11194840-32-sub-118864/ds/inputs/data/qsiprep/qsiprep/sub-118864/ses-1/dwi/sub-118864_ses-1_acq-multiband_dir-AP_space-ACPC_desc-preproc_dwi.nii.gz	0.0	1.113593567878198	0.4460129265008012	1.068268405519334	1.113593567878198	1.068268405519334	0.4460129265008012	1.4625040976521613	1.4625040976521613	sub-118864	ses-1		dir-AP	acq-multiband	space-ACPC			DSIStudio	autotrackgqi
Association_SuperiorLongitudinalFasciculusR	dki_sphericity	DIPYDKI	/scratch/grmpy/SLURM_11194840_32/job-11194840-32-sub-118864/ds/inputs/data/qsiprep/qsiprep/sub-118864/ses-1/dwi/sub-118864_ses-1_acq-multiband_dir-AP_space-ACPC_desc-preproc_dwi.nii.gz	0.0	0.676220178604126	0.1707883328199386	0.6817387342453003	0.676220178604126	0.6817387342453003	0.1707883328199386	0.5669736862182617	0.5669736862182617	sub-118864	ses-1		dir-AP	acq-multiband	space-ACPC			DSIStudio	autotrackgqi
Association_CingulumR	dki_ad	DIPYDKI	/scratch/grmpy/SLURM_11194840_32/job-11194840-32-sub-118864/ds/inputs/data/qsiprep/qsiprep/sub-118864/ses-1/dwi/sub-118864_ses-1_acq-multiband_dir-AP_space-ACPC_desc-preproc_dwi.nii.gz	0.0	0.0013516661711037	0.0005507406895048	0.001209236565046	0.0013516661711037	0.001209236565046	0.0005507406895048	0.0013887049863114	0.0013887049863114	sub-118864	ses-1		dir-AP	acq-multiband	space-ACPC			DSIStudio	autotrackgqi
Association_CingulumR	dki_ak	DIPYDKI	/scratch/grmpy/SLURM_11194840_32/job-11194840-32-sub-118864/ds/inputs/data/qsiprep/qsiprep/sub-118864/ses-1/dwi/sub-118864_ses-1_acq-multiband_dir-AP_space-ACPC_desc-preproc_dwi.nii.gz	0.0005207790855119	0.7215749451356873	0.158767570779431	0.72514811458013	0.7219509220766709	0.7251968979649193	0.1579520143084808	0.7579984707831922	0.7580115276032056	sub-118864	ses-1		dir-AP	acq-multiband	space-ACPC			DSIStudio	autotrackgqi
Association_CingulumR	dki_fa	DIPYDKI	/scratch/grmpy/SLURM_11194840_32/job-11194840-32-sub-118864/ds/inputs/data/qsiprep/qsiprep/sub-118864/ses-1/dwi/sub-118864_ses-1_acq-multiband_dir-AP_space-ACPC_desc-preproc_dwi.nii.gz	0.0001041558171023	0.2666761875152588	0.1604753136634826	0.225009873509407	0.2667039632797241	0.2250362634658813	0.1604605913162231	0.3915922939777374	0.3915933072566986	sub-118864	ses-1		dir-AP	acq-multiband	space-ACPC			DSIStudio	autotrackgqi
Association_CingulumR	dki_kfa	DIPYDKI	/scratch/grmpy/SLURM_11194840_32/job-11194840-32-sub-118864/ds/inputs/data/qsiprep/qsiprep/sub-118864/ses-1/dwi/sub-118864_ses-1_acq-multiband_dir-AP_space-ACPC_desc-preproc_dwi.nii.gz	0.002708051244662	0.4733476638793945	0.1793377697467804	0.4720093607902527	0.474632978439331	0.4724991619586944	0.1778744161128997	0.5583314895629883	0.5585635304450989	sub-118864	ses-1		dir-AP	acq-multiband	space-ACPC			DSIStudio	autotrackgqi
Association_CingulumR	dki_linearity	DIPYDKI	/scratch/grmpy/SLURM_11194840_32/job-11194840-32-sub-118864/ds/inputs/data/qsiprep/qsiprep/sub-118864/ses-1/dwi/sub-118864_ses-1_acq-multiband_dir-AP_space-ACPC_desc-preproc_dwi.nii.gz	0.0001041558171023	0.1136797666549682	0.1018362492322921	0.0819349437952041	0.1136916130781173	0.081939622759819	0.1018349379301071	0.1890873312950134	0.189087837934494	sub-118864	ses-1		dir-AP	acq-multiband	space-ACPC			DSIStudio	autotrackgqi
Association_CingulumR	dki_md	DIPYDKI	/scratch/grmpy/SLURM_11194840_32/job-11194840-32-sub-118864/ds/inputs/data/qsiprep/qsiprep/sub-118864/ses-1/dwi/sub-118864_ses-1_acq-multiband_dir-AP_space-ACPC_desc-preproc_dwi.nii.gz	0.0	0.0010575713822618	0.0004646450397558	0.0009221301879733	0.0010575713822618	0.0009221301879733	0.0004646450397558	0.0009533907286822	0.0009533907286822	sub-118864	ses-1		dir-AP	acq-multiband	space-ACPC			DSIStudio	autotrackgqi
Association_CingulumR	dki_mk	DIPYDKI	/scratch/grmpy/SLURM_11194840_32/job-11194840-32-sub-118864/ds/inputs/data/qsiprep/qsiprep/sub-118864/ses-1/dwi/sub-118864_ses-1_acq-multiband_dir-AP_space-ACPC_desc-preproc_dwi.nii.gz	0.0005207790855119	0.7597155259829169	0.2239243645490513	0.7554471247381914	0.7601113760902444	0.7555341249148173	0.2233100030070391	0.8521182127113599	0.8521328908777525	sub-118864	ses-1		dir-AP	acq-multiband	space-ACPC			DSIStudio	autotrackgqi
Association_CingulumR	dki_mkt	DIPYDKI	/scratch/grmpy/SLURM_11194840_32/job-11194840-32-sub-118864/ds/inputs/data/qsiprep/qsiprep/sub-118864/ses-1/dwi/sub-118864_ses-1_acq-multiband_dir-AP_space-ACPC_desc-preproc_dwi.nii.gz	0.0	0.7611501526606068	0.196609644295539	0.7628692442412461	0.7611501526606068	0.7628692442412461	0.196609644295539	0.8421173361997341	0.8421173361997341	sub-118864	ses-1		dir-AP	acq-multiband	space-ACPC			DSIStudio	autotrackgqi
Association_CingulumR	dki_planarity	DIPYDKI	/scratch/grmpy/SLURM_11194840_32/job-11194840-32-sub-118864/ds/inputs/data/qsiprep/qsiprep/sub-118864/ses-1/dwi/sub-118864_ses-1_acq-multiband_dir-AP_space-ACPC_desc-preproc_dwi.nii.gz	0.0002083116342047	0.1377751529216766	0.0962013229727745	0.1134597659111023	0.1378038674592971	0.1134695261716842	0.0961907878518104	0.1726368218660354	0.1726380586624145	sub-118864	ses-1		dir-AP	acq-multiband	space-ACPC			DSIStudio	autotrackgqi
Association_CingulumR	dki_rd	DIPYDKI	/scratch/grmpy/SLURM_11194840_32/job-11194840-32-sub-118864/ds/inputs/data/qsiprep/qsiprep/sub-118864/ses-1/dwi/sub-118864_ses-1_acq-multiband_dir-AP_space-ACPC_desc-preproc_dwi.nii.gz	0.0	0.0009105240460485	0.000454972469015	0.0007925918325781	0.0009105240460485	0.0007925918325781	0.000454972469015	0.0007357335998676	0.0007357335998676	sub-118864	ses-1		dir-AP	acq-multiband	space-ACPC			DSIStudio	autotrackgqi
Association_CingulumR	dki_rk	DIPYDKI	/scratch/grmpy/SLURM_11194840_32/job-11194840-32-sub-118864/ds/inputs/data/qsiprep/qsiprep/sub-118864/ses-1/dwi/sub-118864_ses-1_acq-multiband_dir-AP_space-ACPC_desc-preproc_dwi.nii.gz	0.0005207790855119	0.8641131218553166	0.4391303120423113	0.7901524375109816	0.8645633683756664	0.7902529561278134	0.4388013688354266	1.1300176908994184	1.1300371560219011	sub-118864	ses-1		dir-AP	acq-multiband	space-ACPC			DSIStudio	autotrackgqi
Association_CingulumR	dki_sphericity	DIPYDKI	/scratch/grmpy/SLURM_11194840_32/job-11194840-32-sub-118864/ds/inputs/data/qsiprep/qsiprep/sub-118864/ses-1/dwi/sub-118864_ses-1_acq-multiband_dir-AP_space-ACPC_desc-preproc_dwi.nii.gz	0.0	0.7485450506210327	0.1516005992889404	0.7886877059936523	0.7485450506210327	0.7886877059936523	0.1516005992889404	0.6382758021354675	0.6382758021354675	sub-118864	ses-1		dir-AP	acq-multiband	space-ACPC			DSIStudio	autotrackgqi
Association_SuperiorLongitudinalFasciculusL	dki_ad	DIPYDKI	/scratch/grmpy/SLURM_11194840_32/job-11194840-32-sub-118864/ds/inputs/data/qsiprep/qsiprep/sub-118864/ses-1/dwi/sub-118864_ses-1_acq-multiband_dir-AP_space-ACPC_desc-preproc_dwi.nii.gz	0.0014843571591687	0.0012666420079767	0.0004353975527919	0.0012043553870171	0.0012685249093919	0.0012047988129779	0.0004329714283812	0.0013086508261039	0.0013088204432278	sub-118864	ses-1		dir-AP	acq-multiband	space-ACPC			DSIStudio	autotrackgqi
Association_SuperiorLongitudinalFasciculusL	dki_ak	DIPYDKI	/scratch/grmpy/SLURM_11194840_32/job-11194840-32-sub-118864/ds/inputs/data/qsiprep/qsiprep/sub-118864/ses-1/dwi/sub-118864_ses-1_acq-multiband_dir-AP_space-ACPC_desc-preproc_dwi.nii.gz	0.0027403516784654	0.7443237010936797	0.1648673675919204	0.7500870842657157	0.7463690146758011	0.7504111134314686	0.1604038062951112	0.7787316961760311	0.7788908423286713	sub-118864	ses-1		dir-AP	acq-multiband	space-ACPC			DSIStudio	autotrackgqi
Association_SuperiorLongitudinalFasciculusL	dki_fa	DIPYDKI	/scratch/grmpy/SLURM_11194840_32/job-11194840-32-sub-118864/ds/inputs/data/qsiprep/qsiprep/sub-118864/ses-1/dwi/sub-118864_ses-1_acq-multiband_dir-AP_space-ACPC_desc-preproc_dwi.nii.gz	0.002055263758849	0.3066810965538025	0.1657646149396896	0.2976265549659729	0.3073126971721649	0.2979739904403686	0.1653493046760559	0.4019130766391754	0.4019814431667328	sub-118864	ses-1		dir-AP	acq-multiband	space-ACPC			DSIStudio	autotrackgqi
Association_SuperiorLongitudinalFasciculusL	dki_kfa	DIPYDKI	/scratch/grmpy/SLURM_11194840_32/job-11194840-32-sub-118864/ds/inputs/data/qsiprep/qsiprep/sub-118864/ses-1/dwi/sub-118864_ses-1_acq-multiband_dir-AP_space-ACPC_desc-preproc_dwi.nii.gz	0.0063941539164192	0.4596747756004333	0.1567215472459793	0.4642698168754577	0.4626329243183136	0.4656180441379547	0.1528108865022659	0.5071044564247131	0.5084172487258911	sub-118864	ses-1		dir-AP	acq-multiband	space-ACPC			DSIStudio	autotrackgqi
Association_SuperiorLongitudinalFasciculusL	dki_linearity	DIPYDKI	/scratch/grmpy/SLURM_11194840_32/job-11194840-32-sub-118864/ds/inputs/data/qsiprep/qsiprep/sub-118864/ses-1/dwi/sub-118864_ses-1_acq-multiband_dir-AP_space-ACPC_desc-preproc_dwi.nii.gz	0.002055263758849	0.1249212920665741	0.0982755646109581	0.0963794142007827	0.1251785606145858	0.0965467616915702	0.0982128903269767	0.1789840012788772	0.1790144443511963	sub-118864	ses-1		dir-AP	acq-multiband	space-ACPC			DSIStudio	autotrackgqi
Association_SuperiorLongitudinalFasciculusL	dki_md	DIPYDKI	/scratch/grmpy/SLURM_11194840_32/job-11194840-32-sub-118864/ds/inputs/data/qsiprep/qsiprep/sub-118864/ses-1/dwi/sub-118864_ses-1_acq-multiband_dir-AP_space-ACPC_desc-preproc_dwi.nii.gz	0.0014843571591687	0.0009597547468729	0.000355431868229	0.0008843287941999	0.0009611814748495	0.0008846209966577	0.000353762996383	0.0008996673277579	0.0008997839759103	sub-118864	ses-1		dir-AP	acq-multiband	space-ACPC			DSIStudio	autotrackgqi
Association_SuperiorLongitudinalFasciculusL	dki_mk	DIPYDKI	/scratch/grmpy/SLURM_11194840_32/job-11194840-32-sub-118864/ds/inputs/data/qsiprep/qsiprep/sub-118864/ses-1/dwi/sub-118864_ses-1_acq-multiband_dir-AP_space-ACPC_desc-preproc_dwi.nii.gz	0.0027403516784654	0.8592705945254239	0.2448217655838722	0.8739873266005243	0.861631768588695	0.8748127943137598	0.2409728948003074	0.9832463290785156	0.9834472710723046	sub-118864	ses-1		dir-AP	acq-multiband	space-ACPC			DSIStudio	autotrackgqi
Association_SuperiorLongitudinalFasciculusL	dki_mkt	DIPYDKI	/scratch/grmpy/SLURM_11194840_32/job-11194840-32-sub-118864/ds/inputs/data/qsiprep/qsiprep/sub-118864/ses-1/dwi/sub-118864_ses-1_acq-multiband_dir-AP_space-ACPC_desc-preproc_dwi.nii.gz	0.0014843571591687	0.8450828172416124	0.2232500808892416	0.8706056668966562	0.8463390867240757	0.8710921491834906	0.2210236636150159	0.949990727589693	0.9501138438572058	sub-118864	ses-1		dir-AP	acq-multiband	space-ACPC			DSIStudio	autotrackgqi
Association_SuperiorLongitudinalFasciculusL	dki_planarity	DIPYDKI	/scratch/grmpy/SLURM_11194840_32/job-11194840-32-sub-118864/ds/inputs/data/qsiprep/qsiprep/sub-118864/ses-1/dwi/sub-118864_ses-1_acq-multiband_dir-AP_space-ACPC_desc-preproc_dwi.nii.gz	0.0025119890385932	0.1751015186309814	0.1167870610952377	0.1508146822452545	0.1755424737930297	0.1512574851512909	0.1166025623679161	0.2044454514980316	0.2044827491044998	sub-118864	ses-1		dir-AP	acq-multiband	space-ACPC			DSIStudio	autotrackgqi
Association_SuperiorLongitudinalFasciculusL	dki_rd	DIPYDKI	/scratch/grmpy/SLURM_11194840_32/job-11194840-32-sub-118864/ds/inputs/data/qsiprep/qsiprep/sub-118864/ses-1/dwi/sub-118864_ses-1_acq-multiband_dir-AP_space-ACPC_desc-preproc_dwi.nii.gz	0.0014843571591687	0.0008063111454248	0.0003582118661142	0.0007275557145476	0.000807509815786	0.0007277955883182	0.0003571254492271	0.0006951756076887	0.0006952657713554	sub-118864	ses-1		dir-AP	acq-multiband	space-ACPC			DSIStudio	autotrackgqi
Association_SuperiorLongitudinalFasciculusL	dki_rk	DIPYDKI	/scratch/grmpy/SLURM_11194840_32/job-11194840-32-sub-118864/ds/inputs/data/qsiprep/qsiprep/sub-118864/ses-1/dwi/sub-118864_ses-1_acq-multiband_dir-AP_space-ACPC_desc-preproc_dwi.nii.gz	0.0027403516784654	1.0373439202672372	0.4577269220623287	1.0000656626332505	1.0401944187886951	1.0017835407909894	0.4551094176852457	1.2996828110242078	1.2999484218631816	sub-118864	ses-1		dir-AP	acq-multiband	space-ACPC			DSIStudio	autotrackgqi
Association_SuperiorLongitudinalFasciculusL	dki_sphericity	DIPYDKI	/scratch/grmpy/SLURM_11194840_32/job-11194840-32-sub-118864/ds/inputs/data/qsiprep/qsiprep/sub-118864/ses-1/dwi/sub-118864_ses-1_acq-multiband_dir-AP_space-ACPC_desc-preproc_dwi.nii.gz	0.0014843571591687	0.6984928250312805	0.1685035675764084	0.7128549814224243	0.6995311379432678	0.7134919166564941	0.1664611101150512	0.616441011428833	0.6165208220481873	sub-118864	ses-1		dir-AP	acq-multiband	space-ACPC			DSIStudio	autotrackgqi
Association_InferiorLongitudinalFasciculusL	dki_ad	DIPYDKI	/scratch/grmpy/SLURM_11194840_32/job-11194840-32-sub-118864/ds/inputs/data/qsiprep/qsiprep/sub-118864/ses-1/dwi/sub-118864_ses-1_acq-multiband_dir-AP_space-ACPC_desc-preproc_dwi.nii.gz	0.0022205206738131	0.0012873569503426	0.0003379133995622	0.0012336971703916	0.0012902219314128	0.0012346610892564	0.0003327809099573	0.0014122996944934	0.0014126388123258	sub-118864	ses-1		dir-AP	acq-multiband	space-ACPC			DSIStudio	autotrackgqi
Association_InferiorLongitudinalFasciculusL	dki_ak	DIPYDKI	/scratch/grmpy/SLURM_11194840_32/job-11194840-32-sub-118864/ds/inputs/data/qsiprep/qsiprep/sub-118864/ses-1/dwi/sub-118864_ses-1_acq-multiband_dir-AP_space-ACPC_desc-preproc_dwi.nii.gz	0.0026033690658499	0.7242565246255847	0.1583313182021284	0.7290460678314545	0.7261469531406523	0.7294462250653166	0.1541476925557306	0.7400247506835461	0.7402343266161928	sub-118864	ses-1		dir-AP	acq-multiband	space-ACPC			DSIStudio	autotrackgqi
Association_InferiorLongitudinalFasciculusL	dki_fa	DIPYDKI	/scratch/grmpy/SLURM_11194840_32/job-11194840-32-sub-118864/ds/inputs/data/qsiprep/qsiprep/sub-118864/ses-1/dwi/sub-118864_ses-1_acq-multiband_dir-AP_space-ACPC_desc-preproc_dwi.nii.gz	0.0022205206738131	0.337720513343811	0.1715125739574432	0.3237752318382263	0.3384720981121063	0.3242474794387817	0.170960932970047	0.4396356642246246	0.4397412538528442	sub-118864	ses-1		dir-AP	acq-multiband	space-ACPC			DSIStudio	autotrackgqi
Association_InferiorLongitudinalFasciculusL	dki_kfa	DIPYDKI	/scratch/grmpy/SLURM_11194840_32/job-11194840-32-sub-118864/ds/inputs/data/qsiprep/qsiprep/sub-118864/ses-1/dwi/sub-118864_ses-1_acq-multiband_dir-AP_space-ACPC_desc-preproc_dwi.nii.gz	0.0058192955589586	0.496927261352539	0.1644504964351654	0.4887468218803406	0.4998359680175781	0.4900196194648742	0.1604630500078201	0.5241676568984985	0.5248411893844604	sub-118864	ses-1		dir-AP	acq-multiband	space-ACPC			DSIStudio	autotrackgqi
Association_InferiorLongitudinalFasciculusL	dki_linearity	DIPYDKI	/scratch/grmpy/SLURM_11194840_32/job-11194840-32-sub-118864/ds/inputs/data/qsiprep/qsiprep/sub-118864/ses-1/dwi/sub-118864_ses-1_acq-multiband_dir-AP_space-ACPC_desc-preproc_dwi.nii.gz	0.0022205206738131	0.1473524719476699	0.1158129647374153	0.1134306788444519	0.147680401802063	0.1138091757893562	0.1157327219843864	0.2122701406478881	0.2123211324214935	sub-118864	ses-1		dir-AP	acq-multiband	space-ACPC			DSIStudio	autotrackgqi
Association_InferiorLongitudinalFasciculusL	dki_md	DIPYDKI	/scratch/grmpy/SLURM_11194840_32/job-11194840-32-sub-118864/ds/inputs/data/qsiprep/qsiprep/sub-118864/ses-1/dwi/sub-118864_ses-1_acq-multiband_dir-AP_space-ACPC_desc-preproc_dwi.nii.gz	0.0022205206738131	0.0009341185213997	0.0002203310868935	0.0008985320455394	0.0009361973498016	0.0008989004418253	0.0002161194570362	0.0009272985043935	0.0009275212069042	sub-118864	ses-1		dir-AP	acq-multiband	space-ACPC			DSIStudio	autotrackgqi
Association_InferiorLongitudinalFasciculusL	dki_mk	DIPYDKI	/scratch/grmpy/SLURM_11194840_32/job-11194840-32-sub-118864/ds/inputs/data/qsiprep/qsiprep/sub-118864/ses-1/dwi/sub-118864_ses-1_acq-multiband_dir-AP_space-ACPC_desc-preproc_dwi.nii.gz	0.0026033690658499	0.8251403253416123	0.2467913438875251	0.8509210357647637	0.8272940771504267	0.8519113696240421	0.2434813255338779	0.9423589057403868	0.942625782813852	sub-118864	ses-1		dir-AP	acq-multiband	space-ACPC			DSIStudio	autotrackgqi
Association_InferiorLongitudinalFasciculusL	dki_mkt	DIPYDKI	/scratch/grmpy/SLURM_11194840_32/job-11194840-32-sub-118864/ds/inputs/data/qsiprep/qsiprep/sub-118864/ses-1/dwi/sub-118864_ses-1_acq-multiband_dir-AP_space-ACPC_desc-preproc_dwi.nii.gz	0.0022205206738131	0.8215455538785035	0.2207659649050626	0.8538662805779156	0.8233738725848557	0.8546090930155655	0.2175791468092059	0.9201427056398968	0.9203637285687007	sub-118864	ses-1		dir-AP	acq-multiband	space-ACPC			DSIStudio	autotrackgqi
Association_InferiorLongitudinalFasciculusL	dki_planarity	DIPYDKI	/scratch/grmpy/SLURM_11194840_32/job-11194840-32-sub-118864/ds/inputs/data/qsiprep/qsiprep/sub-118864/ses-1/dwi/sub-118864_ses-1_acq-multiband_dir-AP_space-ACPC_desc-preproc_dwi.nii.gz	0.0022970903522205	0.1748112738132476	0.1126655936241149	0.1515361070632934	0.1752137541770935	0.1519161760807037	0.1124821901321411	0.1949551999568939	0.1950034201145172	sub-118864	ses-1		dir-AP	acq-multiband	space-ACPC			DSIStudio	autotrackgqi
Association_InferiorLongitudinalFasciculusL	dki_rd	DIPYDKI	/scratch/grmpy/SLURM_11194840_32/job-11194840-32-sub-118864/ds/inputs/data/qsiprep/qsiprep/sub-118864/ses-1/dwi/sub-118864_ses-1_acq-multiband_dir-AP_space-ACPC_desc-preproc_dwi.nii.gz	0.0022205206738131	0.000757499365136	0.0002335523749934	0.0007267482578754	0.0007591851172037	0.0007270352798514	0.0002310590352863	0.0006847978802397	0.0006849624332971	sub-118864	ses-1		dir-AP	acq-multiband	space-ACPC			DSIStudio	autotrackgqi
Association_InferiorLongitudinalFasciculusL	dki_rk	DIPYDKI	/scratch/grmpy/SLURM_11194840_32/job-11194840-32-sub-118864/ds/inputs/data/qsiprep/qsiprep/sub-118864/ses-1/dwi/sub-118864_ses-1_acq-multiband_dir-AP_space-ACPC_desc-preproc_dwi.nii.gz	0.0026033690658499	0.989678008255596	0.4815199824108551	0.9572126355230116	0.9922612304481868	0.9592556675914587	0.4794824906285183	1.242514130299953	1.242866011823697	sub-118864	ses-1		dir-AP	acq-multiband	space-ACPC			DSIStudio	autotrackgqi
Association_InferiorLongitudinalFasciculusL	dki_sphericity	DIPYDKI	/scratch/grmpy/SLURM_11194840_32/job-11194840-32-sub-118864/ds/inputs/data/qsiprep/qsiprep/sub-118864/ses-1/dwi/sub-118864_ses-1_acq-multiband_dir-AP_space-ACPC_desc-preproc_dwi.nii.gz	0.0022205206738131	0.675615668296814	0.1656685620546341	0.686337947845459	0.677119255065918	0.6868993043899536	0.162754625082016	0.5925345420837402	0.5926768779754639	sub-118864	ses-1		dir-AP	acq-multiband	space-ACPC			DSIStudio	autotrackgqi
Association_ExtremeCapsuleL	dki_ad	DIPYDKI	/scratch/grmpy/SLURM_11194840_32/job-11194840-32-sub-118864/ds/inputs/data/qsiprep/qsiprep/sub-118864/ses-1/dwi/sub-118864_ses-1_acq-multiband_dir-AP_space-ACPC_desc-preproc_dwi.nii.gz	0.0002527167045741	0.0012912711827084	0.0003057054709643	0.0012522535398602	0.0012915976112708	0.0012522793840616	0.000305053894408	0.0013063333462923	0.0013063380029052	sub-118864	ses-1		dir-AP	acq-multiband	space-ACPC			DSIStudio	autotrackgqi
Association_ExtremeCapsuleL	dki_ak	DIPYDKI	/scratch/grmpy/SLURM_11194840_32/job-11194840-32-sub-118864/ds/inputs/data/qsiprep/qsiprep/sub-118864/ses-1/dwi/sub-118864_ses-1_acq-multiband_dir-AP_space-ACPC_desc-preproc_dwi.nii.gz	0.0002527167045741	0.7258660014841891	0.1613733743631687	0.7307449633329272	0.7260494863177291	0.7307480404785184	0.1609805256419989	0.7412496928467838	0.741252300287889	sub-118864	ses-1		dir-AP	acq-multiband	space-ACPC			DSIStudio	autotrackgqi
Association_ExtremeCapsuleL	dki_fa	DIPYDKI	/scratch/grmpy/SLURM_11194840_32/job-11194840-32-sub-118864/ds/inputs/data/qsiprep/qsiprep/sub-118864/ses-1/dwi/sub-118864_ses-1_acq-multiband_dir-AP_space-ACPC_desc-preproc_dwi.nii.gz	0.0002527167045741	0.3435929417610168	0.1688520908355713	0.3385897278785705	0.3436797857284546	0.3386224508285522	0.1687850356101989	0.4077634215354919	0.4077648520469665	sub-118864	ses-1		dir-AP	acq-multiband	space-ACPC			DSIStudio	autotrackgqi
Association_ExtremeCapsuleL	dki_kfa	DIPYDKI	/scratch/grmpy/SLURM_11194840_32/job-11194840-32-sub-118864/ds/inputs/data/qsiprep/qsiprep/sub-118864/ses-1/dwi/sub-118864_ses-1_acq-multiband_dir-AP_space-ACPC_desc-preproc_dwi.nii.gz	0.0048016173869092	0.525081217288971	0.1716396510601043	0.5290509462356567	0.5276145935058594	0.5295428037643433	0.1681239008903503	0.5600020885467529	0.5607204437255859	sub-118864	ses-1		dir-AP	acq-multiband	space-ACPC			DSIStudio	autotrackgqi
Association_ExtremeCapsuleL	dki_linearity	DIPYDKI	/scratch/grmpy/SLURM_11194840_32/job-11194840-32-sub-118864/ds/inputs/data/qsiprep/qsiprep/sub-118864/ses-1/dwi/sub-118864_ses-1_acq-multiband_dir-AP_space-ACPC_desc-preproc_dwi.nii.gz	0.0002527167045741	0.1528065502643585	0.111371174454689	0.1295249909162521	0.1528451740741729	0.1295303106307983	0.1113587468862533	0.1817514598369598	0.1817521154880523	sub-118864	ses-1		dir-AP	acq-multiband	space-ACPC			DSIStudio	autotrackgqi
Association_ExtremeCapsuleL	dki_md	DIPYDKI	/scratch/grmpy/SLURM_11194840_32/job-11194840-32-sub-118864/ds/inputs/data/qsiprep/qsiprep/sub-118864/ses-1/dwi/sub-118864_ses-1_acq-multiband_dir-AP_space-ACPC_desc-preproc_dwi.nii.gz	0.0002527167045741	0.0009386012679897	0.0002474018256179	0.0008878425578586	0.0009388385224156	0.0008878471562638	0.0002469825558364	0.0008915818179957	0.0008915849612094	sub-118864	ses-1		dir-AP	acq-multiband	space-ACPC			DSIStudio	autotrackgqi
Association_ExtremeCapsuleL	dki_mk	DIPYDKI	/scratch/grmpy/SLURM_11194840_32/job-11194840-32-sub-118864/ds/inputs/data/qsiprep/qsiprep/sub-118864/ses-1/dwi/sub-118864_ses-1_acq-multiband_dir-AP_space-ACPC_desc-preproc_dwi.nii.gz	0.0002527167045741	0.8275549054301969	0.2593406100191064	0.8549438120385388	0.827764095244512	0.8549619848318236	0.2590393668752695	0.9042493922440548	0.9042525729937956	sub-118864	ses-1		dir-AP	acq-multiband	space-ACPC			DSIStudio	autotrackgqi
Association_ExtremeCapsuleL	dki_mkt	DIPYDKI	/scratch/grmpy/SLURM_11194840_32/job-11194840-32-sub-118864/ds/inputs/data/qsiprep/qsiprep/sub-118864/ses-1/dwi/sub-118864_ses-1_acq-multiband_dir-AP_space-ACPC_desc-preproc_dwi.nii.gz	0.0002527167045741	0.821330860196163	0.2260016048456705	0.8525482556857465	0.8215384766926737	0.8525654183584238	0.2256525463121073	0.8942306207794777	0.8942337663099124	sub-118864	ses-1		dir-AP	acq-multiband	space-ACPC			DSIStudio	autotrackgqi
Association_ExtremeCapsuleL	dki_planarity	DIPYDKI	/scratch/grmpy/SLURM_11194840_32/job-11194840-32-sub-118864/ds/inputs/data/qsiprep/qsiprep/sub-118864/ses-1/dwi/sub-118864_ses-1_acq-multiband_dir-AP_space-ACPC_desc-preproc_dwi.nii.gz	0.0002527167045741	0.1732992082834243	0.1017462015151977	0.1609372198581695	0.1733430176973343	0.1609413027763366	0.101721741259098	0.2109657526016235	0.2109664976596832	sub-118864	ses-1		dir-AP	acq-multiband	space-ACPC			DSIStudio	autotrackgqi
Association_ExtremeCapsuleL	dki_rd	DIPYDKI	/scratch/grmpy/SLURM_11194840_32/job-11194840-32-sub-118864/ds/inputs/data/qsiprep/qsiprep/sub-118864/ses-1/dwi/sub-118864_ses-1_acq-multiband_dir-AP_space-ACPC_desc-preproc_dwi.nii.gz	0.0002527167045741	0.0007622663397341	0.0002789409190881	0.0007085109245963	0.0007624590070918	0.0007085494580678	0.0002787127450574	0.0006842060247436	0.0006842084694653	sub-118864	ses-1		dir-AP	acq-multiband	space-ACPC			DSIStudio	autotrackgqi
Association_ExtremeCapsuleL	dki_rk	DIPYDKI	/scratch/grmpy/SLURM_11194840_32/job-11194840-32-sub-118864/ds/inputs/data/qsiprep/qsiprep/sub-118864/ses-1/dwi/sub-118864_ses-1_acq-multiband_dir-AP_space-ACPC_desc-preproc_dwi.nii.gz	0.0002527167045741	1.0093825436380908	0.4967043187207266	0.9984998561176568	1.0096376959494249	0.99891769016988	0.4965077377564583	1.149338199252972	1.149342242068399	sub-118864	ses-1		dir-AP	acq-multiband	space-ACPC			DSIStudio	autotrackgqi
Association_ExtremeCapsuleL	dki_sphericity	DIPYDKI	/scratch/grmpy/SLURM_11194840_32/job-11194840-32-sub-118864/ds/inputs/data/qsiprep/qsiprep/sub-118864/ses-1/dwi/sub-118864_ses-1_acq-multiband_dir-AP_space-ACPC_desc-preproc_dwi.nii.gz	0.0002527167045741	0.673641562461853	0.1597321927547454	0.6774286031723022	0.6738118529319763	0.6774375438690186	0.159392848610878	0.6072792410850525	0.6072813272476196	sub-118864	ses-1		dir-AP	acq-multiband	space-ACPC			DSIStudio	autotrackgqi
Association_ExtremeCapsuleR	dki_ad	DIPYDKI	/scratch/grmpy/SLURM_11194840_32/job-11194840-32-sub-118864/ds/inputs/data/qsiprep/qsiprep/sub-118864/ses-1/dwi/sub-118864_ses-1_acq-multiband_dir-AP_space-ACPC_desc-preproc_dwi.nii.gz	0.0	0.0013274599332362	0.0002926305751316	0.001299433177337	0.0013274599332362	0.001299433177337	0.0002926305751316	0.0013752356171607	0.0013752356171607	sub-118864	ses-1		dir-AP	acq-multiband	space-ACPC			DSIStudio	autotrackgqi
Association_ExtremeCapsuleR	dki_ak	DIPYDKI	/scratch/grmpy/SLURM_11194840_32/job-11194840-32-sub-118864/ds/inputs/data/qsiprep/qsiprep/sub-118864/ses-1/dwi/sub-118864_ses-1_acq-multiband_dir-AP_space-ACPC_desc-preproc_dwi.nii.gz	0.0	0.7407669373266502	0.1413086479440128	0.7385102860431829	0.7407669373266502	0.7385102860431829	0.1413086479440128	0.7490595152767626	0.7490595152767626	sub-118864	ses-1		dir-AP	acq-multiband	space-ACPC			DSIStudio	autotrackgqi
Association_ExtremeCapsuleR	dki_fa	DIPYDKI	/scratch/grmpy/SLURM_11194840_32/job-11194840-32-sub-118864/ds/inputs/data/qsiprep/qsiprep/sub-118864/ses-1/dwi/sub-118864_ses-1_acq-multiband_dir-AP_space-ACPC_desc-preproc_dwi.nii.gz	0.0	0.3819890320301056	0.1837330013513565	0.3853387236595154	0.3819890320301056	0.3853387236595154	0.1837330013513565	0.4395528137683868	0.4395528137683868	sub-118864	ses-1		dir-AP	acq-multiband	space-ACPC			DSIStudio	autotrackgqi
Association_ExtremeCapsuleR	dki_kfa	DIPYDKI	/scratch/grmpy/SLURM_11194840_32/job-11194840-32-sub-118864/ds/inputs/data/qsiprep/qsiprep/sub-118864/ses-1/dwi/sub-118864_ses-1_acq-multiband_dir-AP_space-ACPC_desc-preproc_dwi.nii.gz	0.0005760368663594	0.514959990978241	0.143715351819992	0.5210262537002563	0.5152568221092224	0.5211071968078613	0.1432238668203354	0.5385121703147888	0.5385342836380005	sub-118864	ses-1		dir-AP	acq-multiband	space-ACPC			DSIStudio	autotrackgqi
Association_ExtremeCapsuleR	dki_linearity	DIPYDKI	/scratch/grmpy/SLURM_11194840_32/job-11194840-32-sub-118864/ds/inputs/data/qsiprep/qsiprep/sub-118864/ses-1/dwi/sub-118864_ses-1_acq-multiband_dir-AP_space-ACPC_desc-preproc_dwi.nii.gz	0.0	0.1888050436973571	0.1271167397499084	0.1698584854602813	0.1888050436973571	0.1698584854602813	0.1271167397499084	0.2221361547708511	0.2221361547708511	sub-118864	ses-1		dir-AP	acq-multiband	space-ACPC			DSIStudio	autotrackgqi
Association_ExtremeCapsuleR	dki_md	DIPYDKI	/scratch/grmpy/SLURM_11194840_32/job-11194840-32-sub-118864/ds/inputs/data/qsiprep/qsiprep/sub-118864/ses-1/dwi/sub-118864_ses-1_acq-multiband_dir-AP_space-ACPC_desc-preproc_dwi.nii.gz	0.0	0.0009182611829601	0.000193369705812	0.0008872986072674	0.0009182611829601	0.0008872986072674	0.000193369705812	0.0008963258587755	0.0008963258587755	sub-118864	ses-1		dir-AP	acq-multiband	space-ACPC			DSIStudio	autotrackgqi
Association_ExtremeCapsuleR	dki_mk	DIPYDKI	/scratch/grmpy/SLURM_11194840_32/job-11194840-32-sub-118864/ds/inputs/data/qsiprep/qsiprep/sub-118864/ses-1/dwi/sub-118864_ses-1_acq-multiband_dir-AP_space-ACPC_desc-preproc_dwi.nii.gz	0.0	0.904212189862924	0.2243789397491153	0.9253877267331866	0.904212189862924	0.9253877267331866	0.2243789397491153	0.9785929157505976	0.9785929157505976	sub-118864	ses-1		dir-AP	acq-multiband	space-ACPC			DSIStudio	autotrackgqi
Association_ExtremeCapsuleR	dki_mkt	DIPYDKI	/scratch/grmpy/SLURM_11194840_32/job-11194840-32-sub-118864/ds/inputs/data/qsiprep/qsiprep/sub-118864/ses-1/dwi/sub-118864_ses-1_acq-multiband_dir-AP_space-ACPC_desc-preproc_dwi.nii.gz	0.0	0.8857933578267633	0.1890252365465066	0.9133834917627024	0.8857933578267633	0.9133834917627024	0.1890252365465066	0.9497698392155186	0.9497698392155186	sub-118864	ses-1		dir-AP	acq-multiband	space-ACPC			DSIStudio	autotrackgqi
Association_ExtremeCapsuleR	dki_planarity	DIPYDKI	/scratch/grmpy/SLURM_11194840_32/job-11194840-32-sub-118864/ds/inputs/data/qsiprep/qsiprep/sub-118864/ses-1/dwi/sub-118864_ses-1_acq-multiband_dir-AP_space-ACPC_desc-preproc_dwi.nii.gz	0.0	0.1594918221235275	0.091700255870819	0.1464230418205261	0.1594918221235275	0.1464230418205261	0.091700255870819	0.1787716299295425	0.1787716299295425	sub-118864	ses-1		dir-AP	acq-multiband	space-ACPC			DSIStudio	autotrackgqi
Association_ExtremeCapsuleR	dki_rd	DIPYDKI	/scratch/grmpy/SLURM_11194840_32/job-11194840-32-sub-118864/ds/inputs/data/qsiprep/qsiprep/sub-118864/ses-1/dwi/sub-118864_ses-1_acq-multiband_dir-AP_space-ACPC_desc-preproc_dwi.nii.gz	0.0	0.0007136617787182	0.0002350345894228	0.0006837227847427	0.0007136617787182	0.0006837227847427	0.0002350345894228	0.0006568710086867	0.0006568710086867	sub-118864	ses-1		dir-AP	acq-multiband	space-ACPC			DSIStudio	autotrackgqi
Association_ExtremeCapsuleR	dki_rk	DIPYDKI	/scratch/grmpy/SLURM_11194840_32/job-11194840-32-sub-118864/ds/inputs/data/qsiprep/qsiprep/sub-118864/ses-1/dwi/sub-118864_ses-1_acq-multiband_dir-AP_space-ACPC_desc-preproc_dwi.nii.gz	0.0	1.151787888282899	0.4791471179021973	1.1342085611575494	1.151787888282899	1.1342085611575494	0.4791471179021973	1.290755458185596	1.290755458185596	sub-118864	ses-1		dir-AP	acq-multiband	space-ACPC			DSIStudio	autotrackgqi
Association_ExtremeCapsuleR	dki_sphericity	DIPYDKI	/scratch/grmpy/SLURM_11194840_32/job-11194840-32-sub-118864/ds/inputs/data/qsiprep/qsiprep/sub-118864/ses-1/dwi/sub-118864_ses-1_acq-multiband_dir-AP_space-ACPC_desc-preproc_dwi.nii.gz	0.0	0.6517031788825989	0.1677284836769104	0.6562162637710571	0.6517031788825989	0.6562162637710571	0.1677284836769104	0.5990922451019287	0.5990922451019287	sub-118864	ses-1		dir-AP	acq-multiband	space-ACPC			DSIStudio	autotrackgqi
ProjectionBrainstem_MedialForebrainBundleR	dki_ad	DIPYDKI	/scratch/grmpy/SLURM_11194840_32/job-11194840-32-sub-118864/ds/inputs/data/qsiprep/qsiprep/sub-118864/ses-1/dwi/sub-118864_ses-1_acq-multiband_dir-AP_space-ACPC_desc-preproc_dwi.nii.gz	0.0010729613733905	0.0018938609864562	0.0011380335781723	0.0015357539523392	0.0018958952277898	0.0015360225224867	0.0011369497515261	0.0016673713689669	0.0016675982624292	sub-118864	ses-1		dir-AP	acq-multiband	space-ACPC			DSIStudio	autotrackgqi
ProjectionBrainstem_MedialForebrainBundleR	dki_ak	DIPYDKI	/scratch/grmpy/SLURM_11194840_32/job-11194840-32-sub-118864/ds/inputs/data/qsiprep/qsiprep/sub-118864/ses-1/dwi/sub-118864_ses-1_acq-multiband_dir-AP_space-ACPC_desc-preproc_dwi.nii.gz	0.0032188841201716	0.7763320457939138	0.1965296150876097	0.7788335801398137	0.7788390384068112	0.7795382224161106	0.1918230257248215	0.7809959912440076	0.7812341250524052	sub-118864	ses-1		dir-AP	acq-multiband	space-ACPC			DSIStudio	autotrackgqi
ProjectionBrainstem_MedialForebrainBundleR	dki_fa	DIPYDKI	/scratch/grmpy/SLURM_11194840_32/job-11194840-32-sub-118864/ds/inputs/data/qsiprep/qsiprep/sub-118864/ses-1/dwi/sub-118864_ses-1_acq-multiband_dir-AP_space-ACPC_desc-preproc_dwi.nii.gz	0.0032188841201716	0.3809510469436645	0.154356375336647	0.3580108284950256	0.3821812570095062	0.3590359091758728	0.1530773341655731	0.4320354461669922	0.4321671724319458	sub-118864	ses-1		dir-AP	acq-multiband	space-ACPC			DSIStudio	autotrackgqi
ProjectionBrainstem_MedialForebrainBundleR	dki_kfa	DIPYDKI	/scratch/grmpy/SLURM_11194840_32/job-11194840-32-sub-118864/ds/inputs/data/qsiprep/qsiprep/sub-118864/ses-1/dwi/sub-118864_ses-1_acq-multiband_dir-AP_space-ACPC_desc-preproc_dwi.nii.gz	0.0032188841201716	0.4758651852607727	0.1742910593748092	0.4820947647094726	0.4774018824100494	0.4824996590614319	0.1724582463502884	0.5293556451797485	0.5295169949531555	sub-118864	ses-1		dir-AP	acq-multiband	space-ACPC			DSIStudio	autotrackgqi
ProjectionBrainstem_MedialForebrainBundleR	dki_linearity	DIPYDKI	/scratch/grmpy/SLURM_11194840_32/job-11194840-32-sub-118864/ds/inputs/data/qsiprep/qsiprep/sub-118864/ses-1/dwi/sub-118864_ses-1_acq-multiband_dir-AP_space-ACPC_desc-preproc_dwi.nii.gz	0.0032188841201716	0.1788467615842819	0.1136591285467147	0.1547938287258148	0.179424300789833	0.1552488505840301	0.1133864596486091	0.208706647157669	0.208770290017128	sub-118864	ses-1		dir-AP	acq-multiband	space-ACPC			DSIStudio	autotrackgqi
ProjectionBrainstem_MedialForebrainBundleR	dki_md	DIPYDKI	/scratch/grmpy/SLURM_11194840_32/job-11194840-32-sub-118864/ds/inputs/data/qsiprep/qsiprep/sub-118864/ses-1/dwi/sub-118864_ses-1_acq-multiband_dir-AP_space-ACPC_desc-preproc_dwi.nii.gz	0.0010729613733905	0.0013656772207468	0.0009650746942497	0.0010081422515213	0.0013671441702172	0.0010081846266984	0.0009645538520999	0.0011341031640768	0.0011342575307935	sub-118864	ses-1		dir-AP	acq-multiband	space-ACPC			DSIStudio	autotrackgqi
ProjectionBrainstem_MedialForebrainBundleR	dki_mk	DIPYDKI	/scratch/grmpy/SLURM_11194840_32/job-11194840-32-sub-118864/ds/inputs/data/qsiprep/qsiprep/sub-118864/ses-1/dwi/sub-118864_ses-1_acq-multiband_dir-AP_space-ACPC_desc-preproc_dwi.nii.gz	0.0032188841201716	0.9060278298881872	0.2256631354668439	0.9403201684810584	0.9089536463463836	0.9412975886753084	0.2200655958611709	0.9236384863710936	0.9239201133671244	sub-118864	ses-1		dir-AP	acq-multiband	space-ACPC			DSIStudio	autotrackgqi
ProjectionBrainstem_MedialForebrainBundleR	dki_mkt	DIPYDKI	/scratch/grmpy/SLURM_11194840_32/job-11194840-32-sub-118864/ds/inputs/data/qsiprep/qsiprep/sub-118864/ses-1/dwi/sub-118864_ses-1_acq-multiband_dir-AP_space-ACPC_desc-preproc_dwi.nii.gz	0.0010729613733905	0.917407167278804	0.2061052769876499	0.9535288952162956	0.9183925670288352	0.9537840265483222	0.2040098749875072	0.9434171048051464	0.9435454998734858	sub-118864	ses-1		dir-AP	acq-multiband	space-ACPC			DSIStudio	autotrackgqi
ProjectionBrainstem_MedialForebrainBundleR	dki_planarity	DIPYDKI	/scratch/grmpy/SLURM_11194840_32/job-11194840-32-sub-118864/ds/inputs/data/qsiprep/qsiprep/sub-118864/ses-1/dwi/sub-118864_ses-1_acq-multiband_dir-AP_space-ACPC_desc-preproc_dwi.nii.gz	0.0032188841201716	0.1726592630147934	0.1018919572234153	0.1566085666418075	0.1732168197631836	0.1568623334169387	0.1015820726752281	0.1918799430131912	0.1919384449720382	sub-118864	ses-1		dir-AP	acq-multiband	space-ACPC			DSIStudio	autotrackgqi
ProjectionBrainstem_MedialForebrainBundleR	dki_rd	DIPYDKI	/scratch/grmpy/SLURM_11194840_32/job-11194840-32-sub-118864/ds/inputs/data/qsiprep/qsiprep/sub-118864/ses-1/dwi/sub-118864_ses-1_acq-multiband_dir-AP_space-ACPC_desc-preproc_dwi.nii.gz	0.0010729613733905	0.0011015854543074	0.000899942300748	0.0007938775233924	0.0011027686996385	0.0007940067443996	0.0008997006225399	0.0008674692362546	0.000867587281391	sub-118864	ses-1		dir-AP	acq-multiband	space-ACPC			DSIStudio	autotrackgqi
ProjectionBrainstem_MedialForebrainBundleR	dki_rk	DIPYDKI	/scratch/grmpy/SLURM_11194840_32/job-11194840-32-sub-118864/ds/inputs/data/qsiprep/qsiprep/sub-118864/ses-1/dwi/sub-118864_ses-1_acq-multiband_dir-AP_space-ACPC_desc-preproc_dwi.nii.gz	0.0032188841201716	1.05469555128188	0.4105296796675743	1.057965535111281	1.0581014572601852	1.058812255981166	0.4067862695282296	1.0911619838860542	1.0914946904532934	sub-118864	ses-1		dir-AP	acq-multiband	space-ACPC			DSIStudio	autotrackgqi
ProjectionBrainstem_MedialForebrainBundleR	dki_sphericity	DIPYDKI	/scratch/grmpy/SLURM_11194840_32/job-11194840-32-sub-118864/ds/inputs/data/qsiprep/qsiprep/sub-118864/ses-1/dwi/sub-118864_ses-1_acq-multiband_dir-AP_space-ACPC_desc-preproc_dwi.nii.gz	0.0010729613733905	0.6474210023880005	0.1479884982109069	0.6705900430679321	0.648116409778595	0.6708568334579468	0.146538108587265	0.5992772579193115	0.599358856678009	sub-118864	ses-1		dir-AP	acq-multiband	space-ACPC			DSIStudio	autotrackgqi
ProjectionBasalGanglia_AnsaSubthalamicaR	dki_ad	DIPYDKI	/scratch/grmpy/SLURM_11194840_32/job-11194840-32-sub-118864/ds/inputs/data/qsiprep/qsiprep/sub-118864/ses-1/dwi/sub-118864_ses-1_acq-multiband_dir-AP_space-ACPC_desc-preproc_dwi.nii.gz	0.0	0.0015767107252031	0.0007717087282799	0.0013672577915713	0.0015767107252031	0.0013672577915713	0.0007717087282799	0.0013866145163774	0.0013866145163774	sub-118864	ses-1		dir-AP	acq-multiband	space-ACPC			DSIStudio	autotrackgqi
ProjectionBasalGanglia_AnsaSubthalamicaR	dki_ak	DIPYDKI	/scratch/grmpy/SLURM_11194840_32/job-11194840-32-sub-118864/ds/inputs/data/qsiprep/qsiprep/sub-118864/ses-1/dwi/sub-118864_ses-1_acq-multiband_dir-AP_space-ACPC_desc-preproc_dwi.nii.gz	0.0	0.7367209876280947	0.1828638680841749	0.7223004242677183	0.7367209876280947	0.7223004242677183	0.1828638680841749	0.7795813992040068	0.7795813992040068	sub-118864	ses-1		dir-AP	acq-multiband	space-ACPC			DSIStudio	autotrackgqi
ProjectionBasalGanglia_AnsaSubthalamicaR	dki_fa	DIPYDKI	/scratch/grmpy/SLURM_11194840_32/job-11194840-32-sub-118864/ds/inputs/data/qsiprep/qsiprep/sub-118864/ses-1/dwi/sub-118864_ses-1_acq-multiband_dir-AP_space-ACPC_desc-preproc_dwi.nii.gz	0.0	0.3372437357902527	0.1372745931148529	0.3222663998603821	0.3372437357902527	0.3222663998603821	0.1372745931148529	0.3378212451934814	0.3378212451934814	sub-118864	ses-1		dir-AP	acq-multiband	space-ACPC			DSIStudio	autotrackgqi
ProjectionBasalGanglia_AnsaSubthalamicaR	dki_kfa	DIPYDKI	/scratch/grmpy/SLURM_11194840_32/job-11194840-32-sub-118864/ds/inputs/data/qsiprep/qsiprep/sub-118864/ses-1/dwi/sub-118864_ses-1_acq-multiband_dir-AP_space-ACPC_desc-preproc_dwi.nii.gz	0.0	0.4781232178211212	0.1583996713161468	0.4761379361152649	0.4781232178211212	0.4761379361152649	0.1583996713161468	0.478232204914093	0.478232204914093	sub-118864	ses-1		dir-AP	acq-multiband	space-ACPC			DSIStudio	autotrackgqi
ProjectionBasalGanglia_AnsaSubthalamicaR	dki_linearity	DIPYDKI	/scratch/grmpy/SLURM_11194840_32/job-11194840-32-sub-118864/ds/inputs/data/qsiprep/qsiprep/sub-118864/ses-1/dwi/sub-118864_ses-1_acq-multiband_dir-AP_space-ACPC_desc-preproc_dwi.nii.gz	0.0	0.1445445418357849	0.0927299335598945	0.1255112737417221	0.1445445418357849	0.1255112737417221	0.0927299335598945	0.1296222507953643	0.1296222507953643	sub-118864	ses-1		dir-AP	acq-multiband	space-ACPC			DSIStudio	autotrackgqi
ProjectionBasalGanglia_AnsaSubthalamicaR	dki_md	DIPYDKI	/scratch/grmpy/SLURM_11194840_32/job-11194840-32-sub-118864/ds/inputs/data/qsiprep/qsiprep/sub-118864/ses-1/dwi/sub-118864_ses-1_acq-multiband_dir-AP_space-ACPC_desc-preproc_dwi.nii.gz	0.0	0.0011714833090081	0.0006766252336092	0.000972157868091	0.0011714833090081	0.000972157868091	0.0006766252336092	0.0010242986027151	0.0010242986027151	sub-118864	ses-1		dir-AP	acq-multiband	space-ACPC			DSIStudio	autotrackgqi
ProjectionBasalGanglia_AnsaSubthalamicaR	dki_mk	DIPYDKI	/scratch/grmpy/SLURM_11194840_32/job-11194840-32-sub-118864/ds/inputs/data/qsiprep/qsiprep/sub-118864/ses-1/dwi/sub-118864_ses-1_acq-multiband_dir-AP_space-ACPC_desc-preproc_dwi.nii.gz	0.0	0.8495685563280441	0.2127702249935822	0.8438018019280116	0.8495685563280441	0.8438018019280116	0.2127702249935822	0.8878141808924532	0.8878141808924532	sub-118864	ses-1		dir-AP	acq-multiband	space-ACPC			DSIStudio	autotrackgqi
ProjectionBasalGanglia_AnsaSubthalamicaR	dki_mkt	DIPYDKI	/scratch/grmpy/SLURM_11194840_32/job-11194840-32-sub-118864/ds/inputs/data/qsiprep/qsiprep/sub-118864/ses-1/dwi/sub-118864_ses-1_acq-multiband_dir-AP_space-ACPC_desc-preproc_dwi.nii.gz	0.0	0.8532623716097247	0.1980885496937962	0.8534909205938853	0.8532623716097247	0.8534909205938853	0.1980885496937962	0.8945681187503844	0.8945681187503844	sub-118864	ses-1		dir-AP	acq-multiband	space-ACPC			DSIStudio	autotrackgqi
ProjectionBasalGanglia_AnsaSubthalamicaR	dki_planarity	DIPYDKI	/scratch/grmpy/SLURM_11194840_32/job-11194840-32-sub-118864/ds/inputs/data/qsiprep/qsiprep/sub-118864/ses-1/dwi/sub-118864_ses-1_acq-multiband_dir-AP_space-ACPC_desc-preproc_dwi.nii.gz	0.0	0.1742971688508987	0.1056046187877655	0.1515012085437774	0.1742971688508987	0.1515012085437774	0.1056046187877655	0.2019274532794952	0.2019274532794952	sub-118864	ses-1		dir-AP	acq-multiband	space-ACPC			DSIStudio	autotrackgqi
ProjectionBasalGanglia_AnsaSubthalamicaR	dki_rd	DIPYDKI	/scratch/grmpy/SLURM_11194840_32/job-11194840-32-sub-118864/ds/inputs/data/qsiprep/qsiprep/sub-118864/ses-1/dwi/sub-118864_ses-1_acq-multiband_dir-AP_space-ACPC_desc-preproc_dwi.nii.gz	0.0	0.0009688696009106	0.000650210364256	0.0007975704502314	0.0009688696009106	0.0007975704502314	0.000650210364256	0.0008431405294686	0.0008431405294686	sub-118864	ses-1		dir-AP	acq-multiband	space-ACPC			DSIStudio	autotrackgqi
ProjectionBasalGanglia_AnsaSubthalamicaR	dki_rk	DIPYDKI	/scratch/grmpy/SLURM_11194840_32/job-11194840-32-sub-118864/ds/inputs/data/qsiprep/qsiprep/sub-118864/ses-1/dwi/sub-118864_ses-1_acq-multiband_dir-AP_space-ACPC_desc-preproc_dwi.nii.gz	0.0	0.9830004667262918	0.3994148782916608	0.9506938661166008	0.9830004667262918	0.9506938661166008	0.3994148782916608	0.9967823345918476	0.9967823345918476	sub-118864	ses-1		dir-AP	acq-multiband	space-ACPC			DSIStudio	autotrackgqi
ProjectionBasalGanglia_AnsaSubthalamicaR	dki_sphericity	DIPYDKI	/scratch/grmpy/SLURM_11194840_32/job-11194840-32-sub-118864/ds/inputs/data/qsiprep/qsiprep/sub-118864/ses-1/dwi/sub-118864_ses-1_acq-multiband_dir-AP_space-ACPC_desc-preproc_dwi.nii.gz	0.0	0.6811583042144775	0.137302741408348	0.6995071172714233	0.6811583042144775	0.6995071172714233	0.137302741408348	0.6684502959251404	0.6684502959251404	sub-118864	ses-1		dir-AP	acq-multiband	space-ACPC			DSIStudio	autotrackgqi
ProjectionBasalGanglia_FasciculusLenticularisL	dki_ad	DIPYDKI	/scratch/grmpy/SLURM_11194840_32/job-11194840-32-sub-118864/ds/inputs/data/qsiprep/qsiprep/sub-118864/ses-1/dwi/sub-118864_ses-1_acq-multiband_dir-AP_space-ACPC_desc-preproc_dwi.nii.gz	0.0	0.0015111702959984	0.0007746768533252	0.0013328898930922	0.0015111702959984	0.0013328898930922	0.0007746768533252	0.0014728400856256	0.0014728403184562	sub-118864	ses-1		dir-AP	acq-multiband	space-ACPC			DSIStudio	autotrackgqi
ProjectionBasalGanglia_FasciculusLenticularisL	dki_ak	DIPYDKI	/scratch/grmpy/SLURM_11194840_32/job-11194840-32-sub-118864/ds/inputs/data/qsiprep/qsiprep/sub-118864/ses-1/dwi/sub-118864_ses-1_acq-multiband_dir-AP_space-ACPC_desc-preproc_dwi.nii.gz	0.0	0.7452993147576603	0.175617085997504	0.7437828737936765	0.7452993147576603	0.7437828737936765	0.175617085997504	0.7116606597066545	0.7116607229387291	sub-118864	ses-1		dir-AP	acq-multiband	space-ACPC			DSIStudio	autotrackgqi
ProjectionBasalGanglia_FasciculusLenticularisL	dki_fa	DIPYDKI	/scratch/grmpy/SLURM_11194840_32/job-11194840-32-sub-118864/ds/inputs/data/qsiprep/qsiprep/sub-118864/ses-1/dwi/sub-118864_ses-1_acq-multiband_dir-AP_space-ACPC_desc-preproc_dwi.nii.gz	0.0	0.336229145526886	0.1177377849817276	0.3161623775959015	0.336229145526886	0.3161623775959015	0.1177377849817276	0.3373405337333679	0.3373405635356903	sub-118864	ses-1		dir-AP	acq-multiband	space-ACPC			DSIStudio	autotrackgqi
ProjectionBasalGanglia_FasciculusLenticularisL	dki_kfa	DIPYDKI	/scratch/grmpy/SLURM_11194840_32/job-11194840-32-sub-118864/ds/inputs/data/qsiprep/qsiprep/sub-118864/ses-1/dwi/sub-118864_ses-1_acq-multiband_dir-AP_space-ACPC_desc-preproc_dwi.nii.gz	0.0	0.49313884973526	0.1467457562685012	0.4890331923961639	0.49313884973526	0.4890331923961639	0.1467457562685012	0.4692626893520355	0.4692627191543579	sub-118864	ses-1		dir-AP	acq-multiband	space-ACPC			DSIStudio	autotrackgqi
ProjectionBasalGanglia_FasciculusLenticularisL	dki_linearity	DIPYDKI	/scratch/grmpy/SLURM_11194840_32/job-11194840-32-sub-118864/ds/inputs/data/qsiprep/qsiprep/sub-118864/ses-1/dwi/sub-118864_ses-1_acq-multiband_dir-AP_space-ACPC_desc-preproc_dwi.nii.gz	0.0	0.1356137096881866	0.0834212005138397	0.1257156133651733	0.1356137096881866	0.1257156133651733	0.0834212005138397	0.134176880121231	0.134176880121231	sub-118864	ses-1		dir-AP	acq-multiband	space-ACPC			DSIStudio	autotrackgqi
ProjectionBasalGanglia_FasciculusLenticularisL	dki_md	DIPYDKI	/scratch/grmpy/SLURM_11194840_32/job-11194840-32-sub-118864/ds/inputs/data/qsiprep/qsiprep/sub-118864/ses-1/dwi/sub-118864_ses-1_acq-multiband_dir-AP_space-ACPC_desc-preproc_dwi.nii.gz	0.0	0.0011107575846835	0.000565827183891	0.0009760094690136	0.0011107575846835	0.0009760094690136	0.000565827183891	0.0010833775158971	0.0010833776323124	sub-118864	ses-1		dir-AP	acq-multiband	space-ACPC			DSIStudio	autotrackgqi
ProjectionBasalGanglia_FasciculusLenticularisL	dki_mk	DIPYDKI	/scratch/grmpy/SLURM_11194840_32/job-11194840-32-sub-118864/ds/inputs/data/qsiprep/qsiprep/sub-118864/ses-1/dwi/sub-118864_ses-1_acq-multiband_dir-AP_space-ACPC_desc-preproc_dwi.nii.gz	0.0	0.8367388372145904	0.1883641158311083	0.8446479117679031	0.8367388372145904	0.8446479117679031	0.1883641158311083	0.8330373008000411	0.8330373752962429	sub-118864	ses-1		dir-AP	acq-multiband	space-ACPC			DSIStudio	autotrackgqi
ProjectionBasalGanglia_FasciculusLenticularisL	dki_mkt	DIPYDKI	/scratch/grmpy/SLURM_11194840_32/job-11194840-32-sub-118864/ds/inputs/data/qsiprep/qsiprep/sub-118864/ses-1/dwi/sub-118864_ses-1_acq-multiband_dir-AP_space-ACPC_desc-preproc_dwi.nii.gz	0.0	0.8458579388092721	0.1620794089742291	0.8532226561050743	0.8458579388092721	0.8532226561050743	0.1620794089742291	0.8344147889920548	0.8344148635673381	sub-118864	ses-1		dir-AP	acq-multiband	space-ACPC			DSIStudio	autotrackgqi
ProjectionBasalGanglia_FasciculusLenticularisL	dki_planarity	DIPYDKI	/scratch/grmpy/SLURM_11194840_32/job-11194840-32-sub-118864/ds/inputs/data/qsiprep/qsiprep/sub-118864/ses-1/dwi/sub-118864_ses-1_acq-multiband_dir-AP_space-ACPC_desc-preproc_dwi.nii.gz	0.0	0.1895437389612198	0.1023754328489303	0.1764508783817291	0.1895437389612198	0.1764508783817291	0.1023754328489303	0.1922332346439361	0.1922332644462585	sub-118864	ses-1		dir-AP	acq-multiband	space-ACPC			DSIStudio	autotrackgqi
ProjectionBasalGanglia_FasciculusLenticularisL	dki_rd	DIPYDKI	/scratch/grmpy/SLURM_11194840_32/job-11194840-32-sub-118864/ds/inputs/data/qsiprep/qsiprep/sub-118864/ses-1/dwi/sub-118864_ses-1_acq-multiband_dir-AP_space-ACPC_desc-preproc_dwi.nii.gz	0.0	0.0009105511708185	0.0004797908186446	0.0007853411370888	0.0009105511708185	0.0007853411370888	0.0004797908186446	0.0008886461728252	0.0008886462892405	sub-118864	ses-1		dir-AP	acq-multiband	space-ACPC			DSIStudio	autotrackgqi
ProjectionBasalGanglia_FasciculusLenticularisL	dki_rk	DIPYDKI	/scratch/grmpy/SLURM_11194840_32/job-11194840-32-sub-118864/ds/inputs/data/qsiprep/qsiprep/sub-118864/ses-1/dwi/sub-118864_ses-1_acq-multiband_dir-AP_space-ACPC_desc-preproc_dwi.nii.gz	0.0	0.9558122606678572	0.412931060034631	0.9372756764870926	0.9558122606678572	0.9372756764870926	0.412931060034631	0.9638397078119156	0.9638397942083536	sub-118864	ses-1		dir-AP	acq-multiband	space-ACPC			DSIStudio	autotrackgqi
ProjectionBasalGanglia_FasciculusLenticularisL	dki_sphericity	DIPYDKI	/scratch/grmpy/SLURM_11194840_32/job-11194840-32-sub-118864/ds/inputs/data/qsiprep/qsiprep/sub-118864/ses-1/dwi/sub-118864_ses-1_acq-multiband_dir-AP_space-ACPC_desc-preproc_dwi.nii.gz	0.0	0.6748425960540771	0.1224616765975952	0.6941715478897095	0.6748425960540771	0.6941715478897095	0.1224616765975952	0.6735898852348328	0.6735899448394775	sub-118864	ses-1		dir-AP	acq-multiband	space-ACPC			DSIStudio	autotrackgqi
ProjectionBrainstem_CorticobulbarTractL	dki_ad	DIPYDKI	/scratch/grmpy/SLURM_11194840_32/job-11194840-32-sub-118864/ds/inputs/data/qsiprep/qsiprep/sub-118864/ses-1/dwi/sub-118864_ses-1_acq-multiband_dir-AP_space-ACPC_desc-preproc_dwi.nii.gz	0.0	0.001393585698679	0.0003241621016059	0.0013484564842656	0.001393585698679	0.0013484564842656	0.0003241621016059	0.0014900931855663	0.0014900931855663	sub-118864	ses-1		dir-AP	acq-multiband	space-ACPC			DSIStudio	autotrackgqi
ProjectionBrainstem_CorticobulbarTractL	dki_ak	DIPYDKI	/scratch/grmpy/SLURM_11194840_32/job-11194840-32-sub-118864/ds/inputs/data/qsiprep/qsiprep/sub-118864/ses-1/dwi/sub-118864_ses-1_acq-multiband_dir-AP_space-ACPC_desc-preproc_dwi.nii.gz	0.001058201058201	0.7978597470698559	0.1997929911256198	0.7693164339543898	0.7987049374798875	0.7696716524009068	0.1982030947297368	0.8228435463313712	0.8236275938119932	sub-118864	ses-1		dir-AP	acq-multiband	space-ACPC			DSIStudio	autotrackgqi
ProjectionBrainstem_CorticobulbarTractL	dki_fa	DIPYDKI	/scratch/grmpy/SLURM_11194840_32/job-11194840-32-sub-118864/ds/inputs/data/qsiprep/qsiprep/sub-118864/ses-1/dwi/sub-118864_ses-1_acq-multiband_dir-AP_space-ACPC_desc-preproc_dwi.nii.gz	0.0	0.429518461227417	0.1994682550430297	0.4359996020793915	0.429518461227417	0.4359996020793915	0.1994682550430297	0.5162392854690552	0.5162392854690552	sub-118864	ses-1		dir-AP	acq-multiband	space-ACPC			DSIStudio	autotrackgqi
ProjectionBrainstem_CorticobulbarTractL	dki_kfa	DIPYDKI	/scratch/grmpy/SLURM_11194840_32/job-11194840-32-sub-118864/ds/inputs/data/qsiprep/qsiprep/sub-118864/ses-1/dwi/sub-118864_ses-1_acq-multiband_dir-AP_space-ACPC_desc-preproc_dwi.nii.gz	0.001058201058201	0.5307495594024658	0.1459497362375259	0.5285348892211914	0.5313117504119873	0.528762698173523	0.1450005769729614	0.580872654914856	0.5808812379837036	sub-118864	ses-1		dir-AP	acq-multiband	space-ACPC			DSIStudio	autotrackgqi
ProjectionBrainstem_CorticobulbarTractL	dki_linearity	DIPYDKI	/scratch/grmpy/SLURM_11194840_32/job-11194840-32-sub-118864/ds/inputs/data/qsiprep/qsiprep/sub-118864/ses-1/dwi/sub-118864_ses-1_acq-multiband_dir-AP_space-ACPC_desc-preproc_dwi.nii.gz	0.0	0.2064769715070724	0.1596535295248031	0.1679823100566864	0.2064769715070724	0.1679823100566864	0.1596535295248031	0.2633273303508758	0.2633273303508758	sub-118864	ses-1		dir-AP	acq-multiband	space-ACPC			DSIStudio	autotrackgqi
ProjectionBrainstem_CorticobulbarTractL	dki_md	DIPYDKI	/scratch/grmpy/SLURM_11194840_32/job-11194840-32-sub-118864/ds/inputs/data/qsiprep/qsiprep/sub-118864/ses-1/dwi/sub-118864_ses-1_acq-multiband_dir-AP_space-ACPC_desc-preproc_dwi.nii.gz	0.0	0.0009232644806616	0.0001482251973357	0.0009021916775964	0.0009232644806616	0.0009021916775964	0.0001482251973357	0.0009078418370336	0.0009078418370336	sub-118864	ses-1		dir-AP	acq-multiband	space-ACPC			DSIStudio	autotrackgqi
ProjectionBrainstem_CorticobulbarTractL	dki_mk	DIPYDKI	/scratch/grmpy/SLURM_11194840_32/job-11194840-32-sub-118864/ds/inputs/data/qsiprep/qsiprep/sub-118864/ses-1/dwi/sub-118864_ses-1_acq-multiband_dir-AP_space-ACPC_desc-preproc_dwi.nii.gz	0.001058201058201	0.9976350457539992	0.2896517750942187	1.0812001584015194	0.9986918625397556	1.0812398898092908	0.2879784569214569	1.076651525568147	1.0776774138691096	sub-118864	ses-1		dir-AP	acq-multiband	space-ACPC			DSIStudio	autotrackgqi
ProjectionBrainstem_CorticobulbarTractL	dki_mkt	DIPYDKI	/scratch/grmpy/SLURM_11194840_32/job-11194840-32-sub-118864/ds/inputs/data/qsiprep/qsiprep/sub-118864/ses-1/dwi/sub-118864_ses-1_acq-multiband_dir-AP_space-ACPC_desc-preproc_dwi.nii.gz	0.0	0.9935813923715509	0.2207633048132706	1.063635482526192	0.9935813923715509	1.063635482526192	0.2207633048132706	1.0762654794344917	1.0762654794344917	sub-118864	ses-1		dir-AP	acq-multiband	space-ACPC			DSIStudio	autotrackgqi
ProjectionBrainstem_CorticobulbarTractL	dki_planarity	DIPYDKI	/scratch/grmpy/SLURM_11194840_32/job-11194840-32-sub-118864/ds/inputs/data/qsiprep/qsiprep/sub-118864/ses-1/dwi/sub-118864_ses-1_acq-multiband_dir-AP_space-ACPC_desc-preproc_dwi.nii.gz	0.0	0.2082101702690124	0.1256847083568573	0.1901564598083496	0.2082101702690124	0.1901564598083496	0.1256847083568573	0.2328971624374389	0.2328971624374389	sub-118864	ses-1		dir-AP	acq-multiband	space-ACPC			DSIStudio	autotrackgqi
ProjectionBrainstem_CorticobulbarTractL	dki_rd	DIPYDKI	/scratch/grmpy/SLURM_11194840_32/job-11194840-32-sub-118864/ds/inputs/data/qsiprep/qsiprep/sub-118864/ses-1/dwi/sub-118864_ses-1_acq-multiband_dir-AP_space-ACPC_desc-preproc_dwi.nii.gz	0.0	0.0006881039007566	0.0002078655670629	0.0006919801817275	0.0006881039007566	0.0006919801817275	0.0002078655670629	0.0006167161045596	0.0006167161045596	sub-118864	ses-1		dir-AP	acq-multiband	space-ACPC			DSIStudio	autotrackgqi
ProjectionBrainstem_CorticobulbarTractL	dki_rk	DIPYDKI	/scratch/grmpy/SLURM_11194840_32/job-11194840-32-sub-118864/ds/inputs/data/qsiprep/qsiprep/sub-118864/ses-1/dwi/sub-118864_ses-1_acq-multiband_dir-AP_space-ACPC_desc-preproc_dwi.nii.gz	0.001058201058201	1.274794874177885	0.5820520432472422	1.3200430974553712	1.2761452924768024	1.3207776823799025	0.5808787593506077	1.404498711420231	1.405836989143348	sub-118864	ses-1		dir-AP	acq-multiband	space-ACPC			DSIStudio	autotrackgqi
ProjectionBrainstem_CorticobulbarTractL	dki_sphericity	DIPYDKI	/scratch/grmpy/SLURM_11194840_32/job-11194840-32-sub-118864/ds/inputs/data/qsiprep/qsiprep/sub-118864/ses-1/dwi/sub-118864_ses-1_acq-multiband_dir-AP_space-ACPC_desc-preproc_dwi.nii.gz	0.0	0.5853127837181091	0.1913943439722061	0.5779274106025696	0.5853127837181091	0.5779274106025696	0.1913943439722061	0.5037754774093628	0.5037754774093628	sub-118864	ses-1		dir-AP	acq-multiband	space-ACPC			DSIStudio	autotrackgqi
ProjectionBasalGanglia_FasciculusLenticularisR	dki_ad	DIPYDKI	/scratch/grmpy/SLURM_11194840_32/job-11194840-32-sub-118864/ds/inputs/data/qsiprep/qsiprep/sub-118864/ses-1/dwi/sub-118864_ses-1_acq-multiband_dir-AP_space-ACPC_desc-preproc_dwi.nii.gz	0.0	0.0016170517774298	0.0009272770257666	0.001274790847674	0.0016170517774298	0.001274790847674	0.0009272770257666	0.0019959141500294	0.0019959146156907	sub-118864	ses-1		dir-AP	acq-multiband	space-ACPC			DSIStudio	autotrackgqi
ProjectionBasalGanglia_FasciculusLenticularisR	dki_ak	DIPYDKI	/scratch/grmpy/SLURM_11194840_32/job-11194840-32-sub-118864/ds/inputs/data/qsiprep/qsiprep/sub-118864/ses-1/dwi/sub-118864_ses-1_acq-multiband_dir-AP_space-ACPC_desc-preproc_dwi.nii.gz	0.0	0.7262637736915002	0.161028901495137	0.7249116199434733	0.7262637736915002	0.7249116199434733	0.161028901495137	0.6999161861317826	0.6999162448178642	sub-118864	ses-1		dir-AP	acq-multiband	space-ACPC			DSIStudio	autotrackgqi
ProjectionBasalGanglia_FasciculusLenticularisR	dki_fa	DIPYDKI	/scratch/grmpy/SLURM_11194840_32/job-11194840-32-sub-118864/ds/inputs/data/qsiprep/qsiprep/sub-118864/ses-1/dwi/sub-118864_ses-1_acq-multiband_dir-AP_space-ACPC_desc-preproc_dwi.nii.gz	0.0	0.3057229220867157	0.1142137646675109	0.2816283404827118	0.3057229220867157	0.2816283404827118	0.1142137646675109	0.3045283257961273	0.3045283257961273	sub-118864	ses-1		dir-AP	acq-multiband	space-ACPC			DSIStudio	autotrackgqi
ProjectionBasalGanglia_FasciculusLenticularisR	dki_kfa	DIPYDKI	/scratch/grmpy/SLURM_11194840_32/job-11194840-32-sub-118864/ds/inputs/data/qsiprep/qsiprep/sub-118864/ses-1/dwi/sub-118864_ses-1_acq-multiband_dir-AP_space-ACPC_desc-preproc_dwi.nii.gz	0.0	0.4830904901027679	0.1548823416233062	0.4726837277412414	0.4830904901027679	0.4726837277412414	0.1548823416233062	0.4344444274902344	0.4344444572925567	sub-118864	ses-1		dir-AP	acq-multiband	space-ACPC			DSIStudio	autotrackgqi
ProjectionBasalGanglia_FasciculusLenticularisR	dki_linearity	DIPYDKI	/scratch/grmpy/SLURM_11194840_32/job-11194840-32-sub-118864/ds/inputs/data/qsiprep/qsiprep/sub-118864/ses-1/dwi/sub-118864_ses-1_acq-multiband_dir-AP_space-ACPC_desc-preproc_dwi.nii.gz	0.0	0.1202432811260223	0.0790915563702583	0.1009406670928001	0.1202432811260223	0.1009406670928001	0.0790915563702583	0.1200038492679596	0.1200038492679596	sub-118864	ses-1		dir-AP	acq-multiband	space-ACPC			DSIStudio	autotrackgqi
ProjectionBasalGanglia_FasciculusLenticularisR	dki_md	DIPYDKI	/scratch/grmpy/SLURM_11194840_32/job-11194840-32-sub-118864/ds/inputs/data/qsiprep/qsiprep/sub-118864/ses-1/dwi/sub-118864_ses-1_acq-multiband_dir-AP_space-ACPC_desc-preproc_dwi.nii.gz	0.0	0.0012250831350684	0.0007249840418808	0.0009656380861997	0.0012250831350684	0.0009656380861997	0.0007249840418808	0.0015076664276421	0.0015076665440574	sub-118864	ses-1		dir-AP	acq-multiband	space-ACPC			DSIStudio	autotrackgqi
ProjectionBasalGanglia_FasciculusLenticularisR	dki_mk	DIPYDKI	/scratch/grmpy/SLURM_11194840_32/job-11194840-32-sub-118864/ds/inputs/data/qsiprep/qsiprep/sub-118864/ses-1/dwi/sub-118864_ses-1_acq-multiband_dir-AP_space-ACPC_desc-preproc_dwi.nii.gz	0.0	0.7691351331391609	0.1684702637407561	0.7807905292253259	0.7691351331391609	0.7807905292253259	0.1684702637407561	0.7641042537942018	0.7641043178913667	sub-118864	ses-1		dir-AP	acq-multiband	space-ACPC			DSIStudio	autotrackgqi
ProjectionBasalGanglia_FasciculusLenticularisR	dki_mkt	DIPYDKI	/scratch/grmpy/SLURM_11194840_32/job-11194840-32-sub-118864/ds/inputs/data/qsiprep/qsiprep/sub-118864/ses-1/dwi/sub-118864_ses-1_acq-multiband_dir-AP_space-ACPC_desc-preproc_dwi.nii.gz	0.0	0.7791404264394106	0.1497528530445849	0.7892311346530912	0.7791404264394106	0.7892311346530912	0.1497528530445849	0.7703018846107842	0.770301949210608	sub-118864	ses-1		dir-AP	acq-multiband	space-ACPC			DSIStudio	autotrackgqi
ProjectionBasalGanglia_FasciculusLenticularisR	dki_planarity	DIPYDKI	/scratch/grmpy/SLURM_11194840_32/job-11194840-32-sub-118864/ds/inputs/data/qsiprep/qsiprep/sub-118864/ses-1/dwi/sub-118864_ses-1_acq-multiband_dir-AP_space-ACPC_desc-preproc_dwi.nii.gz	0.0	0.1751893907785415	0.089138463139534	0.1648527681827545	0.1751893907785415	0.1648527681827545	0.089138463139534	0.1726864129304886	0.1726864278316497	sub-118864	ses-1		dir-AP	acq-multiband	space-ACPC			DSIStudio	autotrackgqi
ProjectionBasalGanglia_FasciculusLenticularisR	dki_rd	DIPYDKI	/scratch/grmpy/SLURM_11194840_32/job-11194840-32-sub-118864/ds/inputs/data/qsiprep/qsiprep/sub-118864/ses-1/dwi/sub-118864_ses-1_acq-multiband_dir-AP_space-ACPC_desc-preproc_dwi.nii.gz	0.0	0.0010290989885106	0.000639161793515	0.0008224666817113	0.0010290989885106	0.0008224666817113	0.000639161793515	0.0012635424500331	0.0012635425664484	sub-118864	ses-1		dir-AP	acq-multiband	space-ACPC			DSIStudio	autotrackgqi
ProjectionBasalGanglia_FasciculusLenticularisR	dki_rk	DIPYDKI	/scratch/grmpy/SLURM_11194840_32/job-11194840-32-sub-118864/ds/inputs/data/qsiprep/qsiprep/sub-118864/ses-1/dwi/sub-118864_ses-1_acq-multiband_dir-AP_space-ACPC_desc-preproc_dwi.nii.gz	0.0	0.8444389325566019	0.3593874339188067	0.8023651632868488	0.8444389325566019	0.8023651632868488	0.3593874339188067	0.8361400626236062	0.836140132607884	sub-118864	ses-1		dir-AP	acq-multiband	space-ACPC			DSIStudio	autotrackgqi
ProjectionBasalGanglia_FasciculusLenticularisR	dki_sphericity	DIPYDKI	/scratch/grmpy/SLURM_11194840_32/job-11194840-32-sub-118864/ds/inputs/data/qsiprep/qsiprep/sub-118864/ses-1/dwi/sub-118864_ses-1_acq-multiband_dir-AP_space-ACPC_desc-preproc_dwi.nii.gz	0.0	0.7045673131942749	0.1121609285473823	0.722675085067749	0.7045673131942749	0.722675085067749	0.1121609285473823	0.7073097229003906	0.7073098421096802	sub-118864	ses-1		dir-AP	acq-multiband	space-ACPC			DSIStudio	autotrackgqi
ProjectionBrainstem_NonDecussatingDentatorubrothalamicTractR	dki_ad	DIPYDKI	/scratch/grmpy/SLURM_11194840_32/job-11194840-32-sub-118864/ds/inputs/data/qsiprep/qsiprep/sub-118864/ses-1/dwi/sub-118864_ses-1_acq-multiband_dir-AP_space-ACPC_desc-preproc_dwi.nii.gz	0.0	0.0014393052551895	0.0006642217049375	0.001307153259404	0.0014393052551895	0.001307153259404	0.0006642217049375	0.0016261688433587	0.0016261688433587	sub-118864	ses-1		dir-AP	acq-multiband	space-ACPC			DSIStudio	autotrackgqi
ProjectionBrainstem_NonDecussatingDentatorubrothalamicTractR	dki_ak	DIPYDKI	/scratch/grmpy/SLURM_11194840_32/job-11194840-32-sub-118864/ds/inputs/data/qsiprep/qsiprep/sub-118864/ses-1/dwi/sub-118864_ses-1_acq-multiband_dir-AP_space-ACPC_desc-preproc_dwi.nii.gz	0.0007773027594247	0.827552262170487	0.158550603184379	0.8321418631339561	0.8281960212231284	0.8325895581900233	0.1569225616333834	0.7942406054460278	0.7964274896446248	sub-118864	ses-1		dir-AP	acq-multiband	space-ACPC			DSIStudio	autotrackgqi
ProjectionBrainstem_NonDecussatingDentatorubrothalamicTractR	dki_fa	DIPYDKI	/scratch/grmpy/SLURM_11194840_32/job-11194840-32-sub-118864/ds/inputs/data/qsiprep/qsiprep/sub-118864/ses-1/dwi/sub-118864_ses-1_acq-multiband_dir-AP_space-ACPC_desc-preproc_dwi.nii.gz	0.0	0.4060841500759125	0.1535433828830719	0.3999334573745727	0.4060841500759125	0.3999334573745727	0.1535433828830719	0.4484391510486603	0.4484391510486603	sub-118864	ses-1		dir-AP	acq-multiband	space-ACPC			DSIStudio	autotrackgqi
ProjectionBrainstem_NonDecussatingDentatorubrothalamicTractR	dki_kfa	DIPYDKI	/scratch/grmpy/SLURM_11194840_32/job-11194840-32-sub-118864/ds/inputs/data/qsiprep/qsiprep/sub-118864/ses-1/dwi/sub-118864_ses-1_acq-multiband_dir-AP_space-ACPC_desc-preproc_dwi.nii.gz	0.0011659541391371	0.5125187039375305	0.1370122134685516	0.5138654708862305	0.5131170153617859	0.5141545534133911	0.1359679251909256	0.5302463173866272	0.5303605198860168	sub-118864	ses-1		dir-AP	acq-multiband	space-ACPC			DSIStudio	autotrackgqi
ProjectionBrainstem_NonDecussatingDentatorubrothalamicTractR	dki_linearity	DIPYDKI	/scratch/grmpy/SLURM_11194840_32/job-11194840-32-sub-118864/ds/inputs/data/qsiprep/qsiprep/sub-118864/ses-1/dwi/sub-118864_ses-1_acq-multiband_dir-AP_space-ACPC_desc-preproc_dwi.nii.gz	0.0	0.1828393787145614	0.1165657564997673	0.1543952673673629	0.1828393787145614	0.1543952673673629	0.1165657564997673	0.219882845878601	0.219882845878601	sub-118864	ses-1		dir-AP	acq-multiband	space-ACPC			DSIStudio	autotrackgqi
ProjectionBrainstem_NonDecussatingDentatorubrothalamicTractR	dki_md	DIPYDKI	/scratch/grmpy/SLURM_11194840_32/job-11194840-32-sub-118864/ds/inputs/data/qsiprep/qsiprep/sub-118864/ses-1/dwi/sub-118864_ses-1_acq-multiband_dir-AP_space-ACPC_desc-preproc_dwi.nii.gz	0.0	0.0009927109349519	0.0005085643497295	0.0008831062586978	0.0009927109349519	0.0008831062586978	0.0005085643497295	0.0010772871319204	0.0010772871319204	sub-118864	ses-1		dir-AP	acq-multiband	space-ACPC			DSIStudio	autotrackgqi
ProjectionBrainstem_NonDecussatingDentatorubrothalamicTractR	dki_mk	DIPYDKI	/scratch/grmpy/SLURM_11194840_32/job-11194840-32-sub-118864/ds/inputs/data/qsiprep/qsiprep/sub-118864/ses-1/dwi/sub-118864_ses-1_acq-multiband_dir-AP_space-ACPC_desc-preproc_dwi.nii.gz	0.0007773027594247	1.0178664829640274	0.2068051124948531	1.0473879700434554	1.0186582888628717	1.0479500639303263	0.2049269253483182	1.02247687231049	1.0252921886148805	sub-118864	ses-1		dir-AP	acq-multiband	space-ACPC			DSIStudio	autotrackgqi
ProjectionBrainstem_NonDecussatingDentatorubrothalamicTractR	dki_mkt	DIPYDKI	/scratch/grmpy/SLURM_11194840_32/job-11194840-32-sub-118864/ds/inputs/data/qsiprep/qsiprep/sub-118864/ses-1/dwi/sub-118864_ses-1_acq-multiband_dir-AP_space-ACPC_desc-preproc_dwi.nii.gz	0.0	1.0044836654668177	0.1682632100762236	1.031523130188076	1.0044836654668177	1.031523130188076	0.1682632100762236	1.0067879808786118	1.0067879808786118	sub-118864	ses-1		dir-AP	acq-multiband	space-ACPC			DSIStudio	autotrackgqi
ProjectionBrainstem_NonDecussatingDentatorubrothalamicTractR	dki_planarity	DIPYDKI	/scratch/grmpy/SLURM_11194840_32/job-11194840-32-sub-118864/ds/inputs/data/qsiprep/qsiprep/sub-118864/ses-1/dwi/sub-118864_ses-1_acq-multiband_dir-AP_space-ACPC_desc-preproc_dwi.nii.gz	0.0	0.2057115137577057	0.114474281668663	0.1898818910121917	0.2057115137577057	0.1898818910121917	0.114474281668663	0.198080688714981	0.198080688714981	sub-118864	ses-1		dir-AP	acq-multiband	space-ACPC			DSIStudio	autotrackgqi
ProjectionBrainstem_NonDecussatingDentatorubrothalamicTractR	dki_rd	DIPYDKI	/scratch/grmpy/SLURM_11194840_32/job-11194840-32-sub-118864/ds/inputs/data/qsiprep/qsiprep/sub-118864/ses-1/dwi/sub-118864_ses-1_acq-multiband_dir-AP_space-ACPC_desc-preproc_dwi.nii.gz	0.0	0.0007694138330407	0.0004632750351447	0.0006885584443807	0.0007694138330407	0.0006885584443807	0.0004632750351447	0.0008028463344089	0.0008028463344089	sub-118864	ses-1		dir-AP	acq-multiband	space-ACPC			DSIStudio	autotrackgqi
ProjectionBrainstem_NonDecussatingDentatorubrothalamicTractR	dki_rk	DIPYDKI	/scratch/grmpy/SLURM_11194840_32/job-11194840-32-sub-118864/ds/inputs/data/qsiprep/qsiprep/sub-118864/ses-1/dwi/sub-118864_ses-1_acq-multiband_dir-AP_space-ACPC_desc-preproc_dwi.nii.gz	0.0007773027594247	1.272308100035463	0.4478846671886964	1.262299385033638	1.2732978379584778	1.2623327253422236	0.4466503024745837	1.31367490257778	1.317292011906339	sub-118864	ses-1		dir-AP	acq-multiband	space-ACPC			DSIStudio	autotrackgqi
ProjectionBrainstem_NonDecussatingDentatorubrothalamicTractR	dki_sphericity	DIPYDKI	/scratch/grmpy/SLURM_11194840_32/job-11194840-32-sub-118864/ds/inputs/data/qsiprep/qsiprep/sub-118864/ses-1/dwi/sub-118864_ses-1_acq-multiband_dir-AP_space-ACPC_desc-preproc_dwi.nii.gz	0.0	0.611449122428894	0.1507417857646942	0.6203511357307434	0.611449122428894	0.6203511357307434	0.1507417857646942	0.5820364952087402	0.5820364952087402	sub-118864	ses-1		dir-AP	acq-multiband	space-ACPC			DSIStudio	autotrackgqi
ProjectionBasalGanglia_AcousticRadiationL	dki_ad	DIPYDKI	/scratch/grmpy/SLURM_11194840_32/job-11194840-32-sub-118864/ds/inputs/data/qsiprep/qsiprep/sub-118864/ses-1/dwi/sub-118864_ses-1_acq-multiband_dir-AP_space-ACPC_desc-preproc_dwi.nii.gz	0.0	0.0016328408382833	0.0007922208751551	0.0014503025449812	0.0016328408382833	0.0014503025449812	0.0007922208751551	0.0015348668675869	0.0015348668675869	sub-118864	ses-1		dir-AP	acq-multiband	space-ACPC			DSIStudio	autotrackgqi
ProjectionBasalGanglia_AcousticRadiationL	dki_ak	DIPYDKI	/scratch/grmpy/SLURM_11194840_32/job-11194840-32-sub-118864/ds/inputs/data/qsiprep/qsiprep/sub-118864/ses-1/dwi/sub-118864_ses-1_acq-multiband_dir-AP_space-ACPC_desc-preproc_dwi.nii.gz	0.0	0.7343753280919152	0.1535290609102375	0.7283600496837547	0.7343753280919152	0.7283600496837547	0.1535290609102375	0.7413514422651236	0.7413514422651236	sub-118864	ses-1		dir-AP	acq-multiband	space-ACPC			DSIStudio	autotrackgqi
ProjectionBasalGanglia_AcousticRadiationL	dki_fa	DIPYDKI	/scratch/grmpy/SLURM_11194840_32/job-11194840-32-sub-118864/ds/inputs/data/qsiprep/qsiprep/sub-118864/ses-1/dwi/sub-118864_ses-1_acq-multiband_dir-AP_space-ACPC_desc-preproc_dwi.nii.gz	0.0	0.4060200750827789	0.1853720992803573	0.3806887567043304	0.4060200750827789	0.3806887567043304	0.1853720992803573	0.460539162158966	0.460539162158966	sub-118864	ses-1		dir-AP	acq-multiband	space-ACPC			DSIStudio	autotrackgqi
ProjectionBasalGanglia_AcousticRadiationL	dki_kfa	DIPYDKI	/scratch/grmpy/SLURM_11194840_32/job-11194840-32-sub-118864/ds/inputs/data/qsiprep/qsiprep/sub-118864/ses-1/dwi/sub-118864_ses-1_acq-multiband_dir-AP_space-ACPC_desc-preproc_dwi.nii.gz	0.0027979854504756	0.5080788731575012	0.1707285493612289	0.5178371667861938	0.5095044374465942	0.5182828903198242	0.1688303351402282	0.5499276518821716	0.5502198338508606	sub-118864	ses-1		dir-AP	acq-multiband	space-ACPC			DSIStudio	autotrackgqi
ProjectionBasalGanglia_AcousticRadiationL	dki_linearity	DIPYDKI	/scratch/grmpy/SLURM_11194840_32/job-11194840-32-sub-118864/ds/inputs/data/qsiprep/qsiprep/sub-118864/ses-1/dwi/sub-118864_ses-1_acq-multiband_dir-AP_space-ACPC_desc-preproc_dwi.nii.gz	0.0	0.2012127190828323	0.1427879780530929	0.1641766428947448	0.2012127190828323	0.1641766428947448	0.1427879780530929	0.2345752120018005	0.2345752120018005	sub-118864	ses-1		dir-AP	acq-multiband	space-ACPC			DSIStudio	autotrackgqi
ProjectionBasalGanglia_AcousticRadiationL	dki_md	DIPYDKI	/scratch/grmpy/SLURM_11194840_32/job-11194840-32-sub-118864/ds/inputs/data/qsiprep/qsiprep/sub-118864/ses-1/dwi/sub-118864_ses-1_acq-multiband_dir-AP_space-ACPC_desc-preproc_dwi.nii.gz	0.0	0.0011351822176948	0.0006825920427218	0.0009370555053465	0.0011351822176948	0.0009370555053465	0.0006825920427218	0.0010017774766311	0.0010017774766311	sub-118864	ses-1		dir-AP	acq-multiband	space-ACPC			DSIStudio	autotrackgqi
ProjectionBasalGanglia_AcousticRadiationL	dki_mk	DIPYDKI	/scratch/grmpy/SLURM_11194840_32/job-11194840-32-sub-118864/ds/inputs/data/qsiprep/qsiprep/sub-118864/ses-1/dwi/sub-118864_ses-1_acq-multiband_dir-AP_space-ACPC_desc-preproc_dwi.nii.gz	0.0	0.9052538506572856	0.2339805762365343	0.9294300001872196	0.9052538506572856	0.9294300001872196	0.2339805762365343	0.9330127719156348	0.9330127719156348	sub-118864	ses-1		dir-AP	acq-multiband	space-ACPC			DSIStudio	autotrackgqi
ProjectionBasalGanglia_AcousticRadiationL	dki_mkt	DIPYDKI	/scratch/grmpy/SLURM_11194840_32/job-11194840-32-sub-118864/ds/inputs/data/qsiprep/qsiprep/sub-118864/ses-1/dwi/sub-118864_ses-1_acq-multiband_dir-AP_space-ACPC_desc-preproc_dwi.nii.gz	0.0	0.8960859490213335	0.1818670717720617	0.9185943453765816	0.8960859490213335	0.9185943453765816	0.1818670717720617	0.9317678492310676	0.9317678492310676	sub-118864	ses-1		dir-AP	acq-multiband	space-ACPC			DSIStudio	autotrackgqi
ProjectionBasalGanglia_AcousticRadiationL	dki_planarity	DIPYDKI	/scratch/grmpy/SLURM_11194840_32/job-11194840-32-sub-118864/ds/inputs/data/qsiprep/qsiprep/sub-118864/ses-1/dwi/sub-118864_ses-1_acq-multiband_dir-AP_space-ACPC_desc-preproc_dwi.nii.gz	0.0	0.1729550212621688	0.0992470309138298	0.1582028120756149	0.1729550212621688	0.1582028120756149	0.0992470309138298	0.1912245899438858	0.1912245899438858	sub-118864	ses-1		dir-AP	acq-multiband	space-ACPC			DSIStudio	autotrackgqi
ProjectionBasalGanglia_AcousticRadiationL	dki_rd	DIPYDKI	/scratch/grmpy/SLURM_11194840_32/job-11194840-32-sub-118864/ds/inputs/data/qsiprep/qsiprep/sub-118864/ses-1/dwi/sub-118864_ses-1_acq-multiband_dir-AP_space-ACPC_desc-preproc_dwi.nii.gz	0.0	0.0008863529656082	0.0006648143171332	0.0007123710820451	0.0008863529656082	0.0007123710820451	0.0006648143171332	0.0007352328393608	0.0007352328393608	sub-118864	ses-1		dir-AP	acq-multiband	space-ACPC			DSIStudio	autotrackgqi
ProjectionBasalGanglia_AcousticRadiationL	dki_rk	DIPYDKI	/scratch/grmpy/SLURM_11194840_32/job-11194840-32-sub-118864/ds/inputs/data/qsiprep/qsiprep/sub-118864/ses-1/dwi/sub-118864_ses-1_acq-multiband_dir-AP_space-ACPC_desc-preproc_dwi.nii.gz	0.0	1.1629765955397222	0.4947322439026257	1.1197098460513288	1.1629765955397222	1.1197098460513288	0.4947322439026257	1.2198883494733173	1.2198883494733173	sub-118864	ses-1		dir-AP	acq-multiband	space-ACPC			DSIStudio	autotrackgqi
ProjectionBasalGanglia_AcousticRadiationL	dki_sphericity	DIPYDKI	/scratch/grmpy/SLURM_11194840_32/job-11194840-32-sub-118864/ds/inputs/data/qsiprep/qsiprep/sub-118864/ses-1/dwi/sub-118864_ses-1_acq-multiband_dir-AP_space-ACPC_desc-preproc_dwi.nii.gz	0.0	0.625832200050354	0.168369174003601	0.6546376347541809	0.625832200050354	0.6546376347541809	0.168369174003601	0.5742002129554749	0.5742002129554749	sub-118864	ses-1		dir-AP	acq-multiband	space-ACPC			DSIStudio	autotrackgqi
ProjectionBrainstem_CorticospinalTractR	dki_ad	DIPYDKI	/scratch/grmpy/SLURM_11194840_32/job-11194840-32-sub-118864/ds/inputs/data/qsiprep/qsiprep/sub-118864/ses-1/dwi/sub-118864_ses-1_acq-multiband_dir-AP_space-ACPC_desc-preproc_dwi.nii.gz	0.0	0.0014063983689993	0.0003028490464203	0.001350074307993	0.0014063983689993	0.001350074307993	0.0003028490464203	0.0015129710081964	0.0015129710081964	sub-118864	ses-1		dir-AP	acq-multiband	space-ACPC			DSIStudio	autotrackgqi
ProjectionBrainstem_CorticospinalTractR	dki_ak	DIPYDKI	/scratch/grmpy/SLURM_11194840_32/job-11194840-32-sub-118864/ds/inputs/data/qsiprep/qsiprep/sub-118864/ses-1/dwi/sub-118864_ses-1_acq-multiband_dir-AP_space-ACPC_desc-preproc_dwi.nii.gz	0.0	0.8392919907491839	0.1699172479876284	0.8234011525848411	0.8392919907491839	0.8234011525848411	0.1699172479876284	0.8318372629025566	0.8318372629025566	sub-118864	ses-1		dir-AP	acq-multiband	space-ACPC			DSIStudio	autotrackgqi
ProjectionBrainstem_CorticospinalTractR	dki_fa	DIPYDKI	/scratch/grmpy/SLURM_11194840_32/job-11194840-32-sub-118864/ds/inputs/data/qsiprep/qsiprep/sub-118864/ses-1/dwi/sub-118864_ses-1_acq-multiband_dir-AP_space-ACPC_desc-preproc_dwi.nii.gz	0.0	0.4513075649738312	0.1849499344825744	0.4476071000099182	0.4513075649738312	0.4476071000099182	0.1849499344825744	0.520650327205658	0.520650327205658	sub-118864	ses-1		dir-AP	acq-multiband	space-ACPC			DSIStudio	autotrackgqi
ProjectionBrainstem_CorticospinalTractR	dki_kfa	DIPYDKI	/scratch/grmpy/SLURM_11194840_32/job-11194840-32-sub-118864/ds/inputs/data/qsiprep/qsiprep/sub-118864/ses-1/dwi/sub-118864_ses-1_acq-multiband_dir-AP_space-ACPC_desc-preproc_dwi.nii.gz	0.0	0.5407982468605042	0.1291157901287078	0.543493390083313	0.5407982468605042	0.543493390083313	0.1291157901287078	0.5768688917160034	0.5768688917160034	sub-118864	ses-1		dir-AP	acq-multiband	space-ACPC			DSIStudio	autotrackgqi
ProjectionBrainstem_CorticospinalTractR	dki_linearity	DIPYDKI	/scratch/grmpy/SLURM_11194840_32/job-11194840-32-sub-118864/ds/inputs/data/qsiprep/qsiprep/sub-118864/ses-1/dwi/sub-118864_ses-1_acq-multiband_dir-AP_space-ACPC_desc-preproc_dwi.nii.gz	0.0	0.2236308455467224	0.1501870453357696	0.1894644498825073	0.2236308455467224	0.1894644498825073	0.1501870453357696	0.2780997157096863	0.2780997157096863	sub-118864	ses-1		dir-AP	acq-multiband	space-ACPC			DSIStudio	autotrackgqi
ProjectionBrainstem_CorticospinalTractR	dki_md	DIPYDKI	/scratch/grmpy/SLURM_11194840_32/job-11194840-32-sub-118864/ds/inputs/data/qsiprep/qsiprep/sub-118864/ses-1/dwi/sub-118864_ses-1_acq-multiband_dir-AP_space-ACPC_desc-preproc_dwi.nii.gz	0.0	0.0009114168351516	0.0001263587037101	0.0008816751651465	0.0009114168351516	0.0008816751651465	0.0001263587037101	0.0009113296982832	0.0009113296982832	sub-118864	ses-1		dir-AP	acq-multiband	space-ACPC			DSIStudio	autotrackgqi
ProjectionBrainstem_CorticospinalTractR	dki_mk	DIPYDKI	/scratch/grmpy/SLURM_11194840_32/job-11194840-32-sub-118864/ds/inputs/data/qsiprep/qsiprep/sub-118864/ses-1/dwi/sub-118864_ses-1_acq-multiband_dir-AP_space-ACPC_desc-preproc_dwi.nii.gz	0.0	1.0810994713187128	0.1987761012588953	1.1101838299495488	1.0810994713187128	1.1101838299495488	0.1987761012588953	1.1263348765802714	1.1263348765802714	sub-118864	ses-1		dir-AP	acq-multiband	space-ACPC			DSIStudio	autotrackgqi
ProjectionBrainstem_CorticospinalTractR	dki_mkt	DIPYDKI	/scratch/grmpy/SLURM_11194840_32/job-11194840-32-sub-118864/ds/inputs/data/qsiprep/qsiprep/sub-118864/ses-1/dwi/sub-118864_ses-1_acq-multiband_dir-AP_space-ACPC_desc-preproc_dwi.nii.gz	0.0	1.0593085849651185	0.1379067071891684	1.080363858478182	1.0593085849651185	1.080363858478182	0.1379067071891684	1.1011915008274031	1.1011915008274031	sub-118864	ses-1		dir-AP	acq-multiband	space-ACPC			DSIStudio	autotrackgqi
ProjectionBrainstem_CorticospinalTractR	dki_planarity	DIPYDKI	/scratch/grmpy/SLURM_11194840_32/job-11194840-32-sub-118864/ds/inputs/data/qsiprep/qsiprep/sub-118864/ses-1/dwi/sub-118864_ses-1_acq-multiband_dir-AP_space-ACPC_desc-preproc_dwi.nii.gz	0.0	0.2038523554801941	0.1140322908759117	0.1903649866580963	0.2038523554801941	0.1903649866580963	0.1140322908759117	0.2131766825914383	0.2131766825914383	sub-118864	ses-1		dir-AP	acq-multiband	space-ACPC			DSIStudio	autotrackgqi
ProjectionBrainstem_CorticospinalTractR	dki_rd	DIPYDKI	/scratch/grmpy/SLURM_11194840_32/job-11194840-32-sub-118864/ds/inputs/data/qsiprep/qsiprep/sub-118864/ses-1/dwi/sub-118864_ses-1_acq-multiband_dir-AP_space-ACPC_desc-preproc_dwi.nii.gz	0.0	0.00066392601002	0.0001844175276346	0.0006532273255288	0.00066392601002	0.0006532273255288	0.0001844175276346	0.0006105089560151	0.0006105089560151	sub-118864	ses-1		dir-AP	acq-multiband	space-ACPC			DSIStudio	autotrackgqi
ProjectionBrainstem_CorticospinalTractR	dki_rk	DIPYDKI	/scratch/grmpy/SLURM_11194840_32/job-11194840-32-sub-118864/ds/inputs/data/qsiprep/qsiprep/sub-118864/ses-1/dwi/sub-118864_ses-1_acq-multiband_dir-AP_space-ACPC_desc-preproc_dwi.nii.gz	0.0	1.4057984348567634	0.5015923494913606	1.4148239670028162	1.4057984348567634	1.4148239670028162	0.5015923494913606	1.5221066326262958	1.5221066326262958	sub-118864	ses-1		dir-AP	acq-multiband	space-ACPC			DSIStudio	autotrackgqi
ProjectionBrainstem_CorticospinalTractR	dki_sphericity	DIPYDKI	/scratch/grmpy/SLURM_11194840_32/job-11194840-32-sub-118864/ds/inputs/data/qsiprep/qsiprep/sub-118864/ses-1/dwi/sub-118864_ses-1_acq-multiband_dir-AP_space-ACPC_desc-preproc_dwi.nii.gz	0.0	0.5725167989730835	0.1770285069942474	0.5805755853652954	0.5725167989730835	0.5805755853652954	0.1770285069942474	0.5087236166000366	0.5087236166000366	sub-118864	ses-1		dir-AP	acq-multiband	space-ACPC			DSIStudio	autotrackgqi
ProjectionBrainstem_MedialForebrainBundleL	dki_ad	DIPYDKI	/scratch/grmpy/SLURM_11194840_32/job-11194840-32-sub-118864/ds/inputs/data/qsiprep/qsiprep/sub-118864/ses-1/dwi/sub-118864_ses-1_acq-multiband_dir-AP_space-ACPC_desc-preproc_dwi.nii.gz	0.0	0.0017524041468277	0.0008707639644853	0.0014808949781581	0.0017524041468277	0.0014808949781581	0.0008707639644853	0.0016609590966254	0.0016609590966254	sub-118864	ses-1		dir-AP	acq-multiband	space-ACPC			DSIStudio	autotrackgqi
ProjectionBrainstem_MedialForebrainBundleL	dki_ak	DIPYDKI	/scratch/grmpy/SLURM_11194840_32/job-11194840-32-sub-118864/ds/inputs/data/qsiprep/qsiprep/sub-118864/ses-1/dwi/sub-118864_ses-1_acq-multiband_dir-AP_space-ACPC_desc-preproc_dwi.nii.gz	0.0039708802117802	0.8060667691451017	0.2044780948348253	0.8002040653121711	0.8092803243709293	0.8014520770295124	0.1984371784344597	0.7918267244946808	0.7921155307716816	sub-118864	ses-1		dir-AP	acq-multiband	space-ACPC			DSIStudio	autotrackgqi
ProjectionBrainstem_MedialForebrainBundleL	dki_fa	DIPYDKI	/scratch/grmpy/SLURM_11194840_32/job-11194840-32-sub-118864/ds/inputs/data/qsiprep/qsiprep/sub-118864/ses-1/dwi/sub-118864_ses-1_acq-multiband_dir-AP_space-ACPC_desc-preproc_dwi.nii.gz	0.0033090668431502	0.398216187953949	0.1595180034637451	0.383448451757431	0.3995382785797119	0.3845285177230835	0.1581209748983383	0.4440530240535736	0.4442052841186523	sub-118864	ses-1		dir-AP	acq-multiband	space-ACPC			DSIStudio	autotrackgqi
ProjectionBrainstem_MedialForebrainBundleL	dki_kfa	DIPYDKI	/scratch/grmpy/SLURM_11194840_32/job-11194840-32-sub-118864/ds/inputs/data/qsiprep/qsiprep/sub-118864/ses-1/dwi/sub-118864_ses-1_acq-multiband_dir-AP_space-ACPC_desc-preproc_dwi.nii.gz	0.0033090668431502	0.4969244003295898	0.1712419092655182	0.5077298283576965	0.4985742270946502	0.5083609819412231	0.1691111922264099	0.53321373462677	0.5333966016769409	sub-118864	ses-1		dir-AP	acq-multiband	space-ACPC			DSIStudio	autotrackgqi
ProjectionBrainstem_MedialForebrainBundleL	dki_linearity	DIPYDKI	/scratch/grmpy/SLURM_11194840_32/job-11194840-32-sub-118864/ds/inputs/data/qsiprep/qsiprep/sub-118864/ses-1/dwi/sub-118864_ses-1_acq-multiband_dir-AP_space-ACPC_desc-preproc_dwi.nii.gz	0.0033090668431502	0.1897167414426803	0.1229964271187782	0.1640958487987518	0.1903465986251831	0.1643022447824478	0.1227128952741622	0.2231388390064239	0.2232153564691543	sub-118864	ses-1		dir-AP	acq-multiband	space-ACPC			DSIStudio	autotrackgqi
ProjectionBrainstem_MedialForebrainBundleL	dki_md	DIPYDKI	/scratch/grmpy/SLURM_11194840_32/job-11194840-32-sub-118864/ds/inputs/data/qsiprep/qsiprep/sub-118864/ses-1/dwi/sub-118864_ses-1_acq-multiband_dir-AP_space-ACPC_desc-preproc_dwi.nii.gz	0.0	0.0012354322243481	0.0007368450169451	0.0009762902045622	0.0012354322243481	0.0009762902045622	0.0007368450169451	0.0011066454462707	0.0011066454462707	sub-118864	ses-1		dir-AP	acq-multiband	space-ACPC			DSIStudio	autotrackgqi
ProjectionBrainstem_MedialForebrainBundleL	dki_mk	DIPYDKI	/scratch/grmpy/SLURM_11194840_32/job-11194840-32-sub-118864/ds/inputs/data/qsiprep/qsiprep/sub-118864/ses-1/dwi/sub-118864_ses-1_acq-multiband_dir-AP_space-ACPC_desc-preproc_dwi.nii.gz	0.0039708802117802	0.9508428577909014	0.2306572445849172	0.9860788136126176	0.9546335934365794	0.9865885683366394	0.2231504087666908	0.9728927464436656	0.9732475935732916	sub-118864	ses-1		dir-AP	acq-multiband	space-ACPC			DSIStudio	autotrackgqi
ProjectionBrainstem_MedialForebrainBundleL	dki_mkt	DIPYDKI	/scratch/grmpy/SLURM_11194840_32/job-11194840-32-sub-118864/ds/inputs/data/qsiprep/qsiprep/sub-118864/ses-1/dwi/sub-118864_ses-1_acq-multiband_dir-AP_space-ACPC_desc-preproc_dwi.nii.gz	0.0	0.9601306512158564	0.1980463177785647	0.99497264818288	0.9601306512158564	0.99497264818288	0.1980463177785647	0.9796263225338914	0.9796263225338914	sub-118864	ses-1		dir-AP	acq-multiband	space-ACPC			DSIStudio	autotrackgqi
ProjectionBrainstem_MedialForebrainBundleL	dki_planarity	DIPYDKI	/scratch/grmpy/SLURM_11194840_32/job-11194840-32-sub-118864/ds/inputs/data/qsiprep/qsiprep/sub-118864/ses-1/dwi/sub-118864_ses-1_acq-multiband_dir-AP_space-ACPC_desc-preproc_dwi.nii.gz	0.0033090668431502	0.1773218363523483	0.1090871766209602	0.1559001952409744	0.1779105514287948	0.1563091278076172	0.108787789940834	0.1819532364606857	0.1820156276226043	sub-118864	ses-1		dir-AP	acq-multiband	space-ACPC			DSIStudio	autotrackgqi
ProjectionBrainstem_MedialForebrainBundleL	dki_rd	DIPYDKI	/scratch/grmpy/SLURM_11194840_32/job-11194840-32-sub-118864/ds/inputs/data/qsiprep/qsiprep/sub-118864/ses-1/dwi/sub-118864_ses-1_acq-multiband_dir-AP_space-ACPC_desc-preproc_dwi.nii.gz	0.0	0.0009769460884854	0.0006991808186285	0.000768648169469	0.0009769460884854	0.000768648169469	0.0006991808186285	0.0008294885628856	0.0008294885628856	sub-118864	ses-1		dir-AP	acq-multiband	space-ACPC			DSIStudio	autotrackgqi
ProjectionBrainstem_MedialForebrainBundleL	dki_rk	DIPYDKI	/scratch/grmpy/SLURM_11194840_32/job-11194840-32-sub-118864/ds/inputs/data/qsiprep/qsiprep/sub-118864/ses-1/dwi/sub-118864_ses-1_acq-multiband_dir-AP_space-ACPC_desc-preproc_dwi.nii.gz	0.0039708802117802	1.1317861742106372	0.4751555778605788	1.1268512624663816	1.1362982785596496	1.1275044699093155	0.4706865387462726	1.2064043923275622	1.2068444091255046	sub-118864	ses-1		dir-AP	acq-multiband	space-ACPC			DSIStudio	autotrackgqi
ProjectionBrainstem_MedialForebrainBundleL	dki_sphericity	DIPYDKI	/scratch/grmpy/SLURM_11194840_32/job-11194840-32-sub-118864/ds/inputs/data/qsiprep/qsiprep/sub-118864/ses-1/dwi/sub-118864_ses-1_acq-multiband_dir-AP_space-ACPC_desc-preproc_dwi.nii.gz	0.0	0.6329613924026489	0.1508755981922149	0.6487728357315063	0.6329613924026489	0.6487728357315063	0.1508755981922149	0.5949079394340515	0.5949079394340515	sub-118864	ses-1		dir-AP	acq-multiband	space-ACPC			DSIStudio	autotrackgqi
ProjectionBrainstem_MedialLemniscusR	dki_ad	DIPYDKI	/scratch/grmpy/SLURM_11194840_32/job-11194840-32-sub-118864/ds/inputs/data/qsiprep/qsiprep/sub-118864/ses-1/dwi/sub-118864_ses-1_acq-multiband_dir-AP_space-ACPC_desc-preproc_dwi.nii.gz	0.0	0.0014192794915288	0.0003742799162864	0.0013728395570069	0.0014192794915288	0.0013728395570069	0.0003742799162864	0.0015136846341192	0.0015136846341192	sub-118864	ses-1		dir-AP	acq-multiband	space-ACPC			DSIStudio	autotrackgqi
ProjectionBrainstem_MedialLemniscusR	dki_ak	DIPYDKI	/scratch/grmpy/SLURM_11194840_32/job-11194840-32-sub-118864/ds/inputs/data/qsiprep/qsiprep/sub-118864/ses-1/dwi/sub-118864_ses-1_acq-multiband_dir-AP_space-ACPC_desc-preproc_dwi.nii.gz	0.0	0.8103145956696838	0.1429658275355227	0.8048561252942752	0.8103145956696838	0.8048561252942752	0.1429658275355227	0.7872242881815487	0.7872242881815487	sub-118864	ses-1		dir-AP	acq-multiband	space-ACPC			DSIStudio	autotrackgqi
ProjectionBrainstem_MedialLemniscusR	dki_fa	DIPYDKI	/scratch/grmpy/SLURM_11194840_32/job-11194840-32-sub-118864/ds/inputs/data/qsiprep/qsiprep/sub-118864/ses-1/dwi/sub-118864_ses-1_acq-multiband_dir-AP_space-ACPC_desc-preproc_dwi.nii.gz	0.0	0.4463295936584472	0.1504253298044204	0.449472963809967	0.4463295936584472	0.449472963809967	0.1504253298044204	0.508813738822937	0.508813738822937	sub-118864	ses-1		dir-AP	acq-multiband	space-ACPC			DSIStudio	autotrackgqi
ProjectionBrainstem_MedialLemniscusR	dki_kfa	DIPYDKI	/scratch/grmpy/SLURM_11194840_32/job-11194840-32-sub-118864/ds/inputs/data/qsiprep/qsiprep/sub-118864/ses-1/dwi/sub-118864_ses-1_acq-multiband_dir-AP_space-ACPC_desc-preproc_dwi.nii.gz	0.0	0.5352368354797363	0.1303816139698028	0.5324385166168213	0.5352368354797363	0.5324385166168213	0.1303816139698028	0.5661062002182007	0.5661062002182007	sub-118864	ses-1		dir-AP	acq-multiband	space-ACPC			DSIStudio	autotrackgqi
ProjectionBrainstem_MedialLemniscusR	dki_linearity	DIPYDKI	/scratch/grmpy/SLURM_11194840_32/job-11194840-32-sub-118864/ds/inputs/data/qsiprep/qsiprep/sub-118864/ses-1/dwi/sub-118864_ses-1_acq-multiband_dir-AP_space-ACPC_desc-preproc_dwi.nii.gz	0.0	0.2170642167329788	0.1197520270943641	0.2039042115211486	0.2170642167329788	0.2039042115211486	0.1197520270943641	0.2675849795341491	0.2675849795341491	sub-118864	ses-1		dir-AP	acq-multiband	space-ACPC			DSIStudio	autotrackgqi
ProjectionBrainstem_MedialLemniscusR	dki_md	DIPYDKI	/scratch/grmpy/SLURM_11194840_32/job-11194840-32-sub-118864/ds/inputs/data/qsiprep/qsiprep/sub-118864/ses-1/dwi/sub-118864_ses-1_acq-multiband_dir-AP_space-ACPC_desc-preproc_dwi.nii.gz	0.0	0.0009300219244323	0.0002488940081093	0.0008863999973982	0.0009300219244323	0.0008863999973982	0.0002488940081093	0.0009304999257437	0.0009304999257437	sub-118864	ses-1		dir-AP	acq-multiband	space-ACPC			DSIStudio	autotrackgqi
ProjectionBrainstem_MedialLemniscusR	dki_mk	DIPYDKI	/scratch/grmpy/SLURM_11194840_32/job-11194840-32-sub-118864/ds/inputs/data/qsiprep/qsiprep/sub-118864/ses-1/dwi/sub-118864_ses-1_acq-multiband_dir-AP_space-ACPC_desc-preproc_dwi.nii.gz	0.0	1.0196448561178184	0.1977260881987918	1.0434252749665518	1.0196448561178184	1.0434252749665518	0.1977260881987918	1.045267711680749	1.045267711680749	sub-118864	ses-1		dir-AP	acq-multiband	space-ACPC			DSIStudio	autotrackgqi
ProjectionBrainstem_MedialLemniscusR	dki_mkt	DIPYDKI	/scratch/grmpy/SLURM_11194840_32/job-11194840-32-sub-118864/ds/inputs/data/qsiprep/qsiprep/sub-118864/ses-1/dwi/sub-118864_ses-1_acq-multiband_dir-AP_space-ACPC_desc-preproc_dwi.nii.gz	0.0	1.0060770357223063	0.1393906717424722	1.021264709314036	1.0060770357223063	1.021264709314036	0.1393906717424722	1.020139645103149	1.020139645103149	sub-118864	ses-1		dir-AP	acq-multiband	space-ACPC			DSIStudio	autotrackgqi
ProjectionBrainstem_MedialLemniscusR	dki_planarity	DIPYDKI	/scratch/grmpy/SLURM_11194840_32/job-11194840-32-sub-118864/ds/inputs/data/qsiprep/qsiprep/sub-118864/ses-1/dwi/sub-118864_ses-1_acq-multiband_dir-AP_space-ACPC_desc-preproc_dwi.nii.gz	0.0	0.1987010836601257	0.1013437733054161	0.1872452795505523	0.1987010836601257	0.1872452795505523	0.1013437733054161	0.1955461651086807	0.1955461651086807	sub-118864	ses-1		dir-AP	acq-multiband	space-ACPC			DSIStudio	autotrackgqi
ProjectionBrainstem_MedialLemniscusR	dki_rd	DIPYDKI	/scratch/grmpy/SLURM_11194840_32/job-11194840-32-sub-118864/ds/inputs/data/qsiprep/qsiprep/sub-118864/ses-1/dwi/sub-118864_ses-1_acq-multiband_dir-AP_space-ACPC_desc-preproc_dwi.nii.gz	0.0	0.0006853932281956	0.0002445516583975	0.0006675721378996	0.0006853932281956	0.0006675721378996	0.0002445516583975	0.0006389075424522	0.0006389075424522	sub-118864	ses-1		dir-AP	acq-multiband	space-ACPC			DSIStudio	autotrackgqi
ProjectionBrainstem_MedialLemniscusR	dki_rk	DIPYDKI	/scratch/grmpy/SLURM_11194840_32/job-11194840-32-sub-118864/ds/inputs/data/qsiprep/qsiprep/sub-118864/ses-1/dwi/sub-118864_ses-1_acq-multiband_dir-AP_space-ACPC_desc-preproc_dwi.nii.gz	0.0	1.3077488732845624	0.4423820423190157	1.3079080415463291	1.3077488732845624	1.3079080415463291	0.4423820423190157	1.434139978879882	1.434139978879882	sub-118864	ses-1		dir-AP	acq-multiband	space-ACPC			DSIStudio	autotrackgqi
ProjectionBrainstem_MedialLemniscusR	dki_sphericity	DIPYDKI	/scratch/grmpy/SLURM_11194840_32/job-11194840-32-sub-118864/ds/inputs/data/qsiprep/qsiprep/sub-118864/ses-1/dwi/sub-118864_ses-1_acq-multiband_dir-AP_space-ACPC_desc-preproc_dwi.nii.gz	0.0	0.5842347741127014	0.1416379660367965	0.5854002237319946	0.5842347741127014	0.5854002237319946	0.1416379660367965	0.5368688702583313	0.5368688702583313	sub-118864	ses-1		dir-AP	acq-multiband	space-ACPC			DSIStudio	autotrackgqi
ProjectionBasalGanglia_AcousticRadiationR	dki_ad	DIPYDKI	/scratch/grmpy/SLURM_11194840_32/job-11194840-32-sub-118864/ds/inputs/data/qsiprep/qsiprep/sub-118864/ses-1/dwi/sub-118864_ses-1_acq-multiband_dir-AP_space-ACPC_desc-preproc_dwi.nii.gz	0.0	0.0018318115035071	0.0009422586299479	0.0015726714627817	0.0018318115035071	0.0015726714627817	0.0009422586299479	0.0017030021408572	0.0017030021408572	sub-118864	ses-1		dir-AP	acq-multiband	space-ACPC			DSIStudio	autotrackgqi
ProjectionBasalGanglia_AcousticRadiationR	dki_ak	DIPYDKI	/scratch/grmpy/SLURM_11194840_32/job-11194840-32-sub-118864/ds/inputs/data/qsiprep/qsiprep/sub-118864/ses-1/dwi/sub-118864_ses-1_acq-multiband_dir-AP_space-ACPC_desc-preproc_dwi.nii.gz	0.0	0.7054930711778222	0.1612905286875832	0.703852668468662	0.7054930711778222	0.703852668468662	0.1612905286875832	0.7071989450985364	0.7071989450985364	sub-118864	ses-1		dir-AP	acq-multiband	space-ACPC			DSIStudio	autotrackgqi
ProjectionBasalGanglia_AcousticRadiationR	dki_fa	DIPYDKI	/scratch/grmpy/SLURM_11194840_32/job-11194840-32-sub-118864/ds/inputs/data/qsiprep/qsiprep/sub-118864/ses-1/dwi/sub-118864_ses-1_acq-multiband_dir-AP_space-ACPC_desc-preproc_dwi.nii.gz	0.0	0.4185115694999695	0.1925690472126007	0.4030948281288147	0.4185115694999695	0.4030948281288147	0.1925690472126007	0.4295123815536499	0.4295123815536499	sub-118864	ses-1		dir-AP	acq-multiband	space-ACPC			DSIStudio	autotrackgqi
ProjectionBasalGanglia_AcousticRadiationR	dki_kfa	DIPYDKI	/scratch/grmpy/SLURM_11194840_32/job-11194840-32-sub-118864/ds/inputs/data/qsiprep/qsiprep/sub-118864/ses-1/dwi/sub-118864_ses-1_acq-multiband_dir-AP_space-ACPC_desc-preproc_dwi.nii.gz	0.0007513148009015	0.4885304272174835	0.187921866774559	0.5105050802230835	0.4888977408409118	0.5108141899108887	0.1875142604112625	0.4878407418727875	0.4878543019294739	sub-118864	ses-1		dir-AP	acq-multiband	space-ACPC			DSIStudio	autotrackgqi
ProjectionBasalGanglia_AcousticRadiationR	dki_linearity	DIPYDKI	/scratch/grmpy/SLURM_11194840_32/job-11194840-32-sub-118864/ds/inputs/data/qsiprep/qsiprep/sub-118864/ses-1/dwi/sub-118864_ses-1_acq-multiband_dir-AP_space-ACPC_desc-preproc_dwi.nii.gz	0.0	0.210016518831253	0.1437343657016754	0.1795490533113479	0.210016518831253	0.1795490533113479	0.1437343657016754	0.2103211283683776	0.2103211283683776	sub-118864	ses-1		dir-AP	acq-multiband	space-ACPC			DSIStudio	autotrackgqi
ProjectionBasalGanglia_AcousticRadiationR	dki_md	DIPYDKI	/scratch/grmpy/SLURM_11194840_32/job-11194840-32-sub-118864/ds/inputs/data/qsiprep/qsiprep/sub-118864/ses-1/dwi/sub-118864_ses-1_acq-multiband_dir-AP_space-ACPC_desc-preproc_dwi.nii.gz	0.0	0.0012839843984693	0.000854352954775	0.0009463682654313	0.0012839843984693	0.0009463682654313	0.000854352954775	0.0011675185523927	0.0011675185523927	sub-118864	ses-1		dir-AP	acq-multiband	space-ACPC			DSIStudio	autotrackgqi
ProjectionBasalGanglia_AcousticRadiationR	dki_mk	DIPYDKI	/scratch/grmpy/SLURM_11194840_32/job-11194840-32-sub-118864/ds/inputs/data/qsiprep/qsiprep/sub-118864/ses-1/dwi/sub-118864_ses-1_acq-multiband_dir-AP_space-ACPC_desc-preproc_dwi.nii.gz	0.0	0.8959680381919843	0.2352110204347438	0.9065275779872108	0.8959680381919843	0.9065275779872108	0.2352110204347438	0.9059269646667882	0.9059269646667882	sub-118864	ses-1		dir-AP	acq-multiband	space-ACPC			DSIStudio	autotrackgqi
ProjectionBasalGanglia_AcousticRadiationR	dki_mkt	DIPYDKI	/scratch/grmpy/SLURM_11194840_32/job-11194840-32-sub-118864/ds/inputs/data/qsiprep/qsiprep/sub-118864/ses-1/dwi/sub-118864_ses-1_acq-multiband_dir-AP_space-ACPC_desc-preproc_dwi.nii.gz	0.0	0.8822005160378322	0.1981093022641862	0.8955576655228573	0.8822005160378322	0.8955576655228573	0.1981093022641862	0.9000703390977679	0.9000703390977679	sub-118864	ses-1		dir-AP	acq-multiband	space-ACPC			DSIStudio	autotrackgqi
ProjectionBasalGanglia_AcousticRadiationR	dki_planarity	DIPYDKI	/scratch/grmpy/SLURM_11194840_32/job-11194840-32-sub-118864/ds/inputs/data/qsiprep/qsiprep/sub-118864/ses-1/dwi/sub-118864_ses-1_acq-multiband_dir-AP_space-ACPC_desc-preproc_dwi.nii.gz	0.0	0.1759919822216034	0.111145369708538	0.1560368537902832	0.1759919822216034	0.1560368537902832	0.111145369708538	0.1878943741321563	0.1878943741321563	sub-118864	ses-1		dir-AP	acq-multiband	space-ACPC			DSIStudio	autotrackgqi
ProjectionBasalGanglia_AcousticRadiationR	dki_rd	DIPYDKI	/scratch/grmpy/SLURM_11194840_32/job-11194840-32-sub-118864/ds/inputs/data/qsiprep/qsiprep/sub-118864/ses-1/dwi/sub-118864_ses-1_acq-multiband_dir-AP_space-ACPC_desc-preproc_dwi.nii.gz	0.0	0.0010100707877427	0.0008411663584411	0.0007078357157297	0.0010100707877427	0.0007078357157297	0.0008411663584411	0.0008997767581604	0.0008997767581604	sub-118864	ses-1		dir-AP	acq-multiband	space-ACPC			DSIStudio	autotrackgqi
ProjectionBasalGanglia_AcousticRadiationR	dki_rk	DIPYDKI	/scratch/grmpy/SLURM_11194840_32/job-11194840-32-sub-118864/ds/inputs/data/qsiprep/qsiprep/sub-118864/ses-1/dwi/sub-118864_ses-1_acq-multiband_dir-AP_space-ACPC_desc-preproc_dwi.nii.gz	0.0	1.1647192642210848	0.5143011770412952	1.1302205440301036	1.1647192642210848	1.1302205440301036	0.5143011770412952	1.1565365932205651	1.1565365932205651	sub-118864	ses-1		dir-AP	acq-multiband	space-ACPC			DSIStudio	autotrackgqi
ProjectionBasalGanglia_AcousticRadiationR	dki_sphericity	DIPYDKI	/scratch/grmpy/SLURM_11194840_32/job-11194840-32-sub-118864/ds/inputs/data/qsiprep/qsiprep/sub-118864/ses-1/dwi/sub-118864_ses-1_acq-multiband_dir-AP_space-ACPC_desc-preproc_dwi.nii.gz	0.0	0.6139914989471436	0.1806564629077911	0.6253221035003662	0.6139914989471436	0.6253221035003662	0.1806564629077911	0.6017844676971436	0.6017844676971436	sub-118864	ses-1		dir-AP	acq-multiband	space-ACPC			DSIStudio	autotrackgqi
ProjectionBrainstem_DentatorubrothalamicTract-lr	dki_ad	DIPYDKI	/scratch/grmpy/SLURM_11194840_32/job-11194840-32-sub-118864/ds/inputs/data/qsiprep/qsiprep/sub-118864/ses-1/dwi/sub-118864_ses-1_acq-multiband_dir-AP_space-ACPC_desc-preproc_dwi.nii.gz	0.0	0.0015020733699202	0.0004861232009716	0.0013745020842179	0.0015020733699202	0.0013745020842179	0.0004861232009716	0.0015389800537377	0.0015389800537377	sub-118864	ses-1		dir-AP	acq-multiband	space-ACPC			DSIStudio	autotrackgqi
ProjectionBrainstem_DentatorubrothalamicTract-lr	dki_ak	DIPYDKI	/scratch/grmpy/SLURM_11194840_32/job-11194840-32-sub-118864/ds/inputs/data/qsiprep/qsiprep/sub-118864/ses-1/dwi/sub-118864_ses-1_acq-multiband_dir-AP_space-ACPC_desc-preproc_dwi.nii.gz	0.0	0.8377816684908993	0.1602211449308316	0.8236727806538938	0.8377816684908993	0.8236727806538938	0.1602211449308316	0.8361186819181958	0.8361186819181958	sub-118864	ses-1		dir-AP	acq-multiband	space-ACPC			DSIStudio	autotrackgqi
ProjectionBrainstem_DentatorubrothalamicTract-lr	dki_fa	DIPYDKI	/scratch/grmpy/SLURM_11194840_32/job-11194840-32-sub-118864/ds/inputs/data/qsiprep/qsiprep/sub-118864/ses-1/dwi/sub-118864_ses-1_acq-multiband_dir-AP_space-ACPC_desc-preproc_dwi.nii.gz	0.0	0.4254010617733001	0.1517875343561172	0.4136424660682678	0.4254010617733001	0.4136424660682678	0.1517875343561172	0.4471558034420013	0.4471558034420013	sub-118864	ses-1		dir-AP	acq-multiband	space-ACPC			DSIStudio	autotrackgqi
ProjectionBrainstem_DentatorubrothalamicTract-lr	dki_kfa	DIPYDKI	/scratch/grmpy/SLURM_11194840_32/job-11194840-32-sub-118864/ds/inputs/data/qsiprep/qsiprep/sub-118864/ses-1/dwi/sub-118864_ses-1_acq-multiband_dir-AP_space-ACPC_desc-preproc_dwi.nii.gz	0.0	0.5061299800872803	0.1395923793315887	0.4984899163246155	0.5061299800872803	0.4984899163246155	0.1395923793315887	0.523931622505188	0.523931622505188	sub-118864	ses-1		dir-AP	acq-multiband	space-ACPC			DSIStudio	autotrackgqi
ProjectionBrainstem_DentatorubrothalamicTract-lr	dki_linearity	DIPYDKI	/scratch/grmpy/SLURM_11194840_32/job-11194840-32-sub-118864/ds/inputs/data/qsiprep/qsiprep/sub-118864/ses-1/dwi/sub-118864_ses-1_acq-multiband_dir-AP_space-ACPC_desc-preproc_dwi.nii.gz	0.0	0.1999115943908691	0.1224090754985809	0.1760944128036499	0.1999115943908691	0.1760944128036499	0.1224090754985809	0.2177486717700958	0.2177486717700958	sub-118864	ses-1		dir-AP	acq-multiband	space-ACPC			DSIStudio	autotrackgqi
ProjectionBrainstem_DentatorubrothalamicTract-lr	dki_md	DIPYDKI	/scratch/grmpy/SLURM_11194840_32/job-11194840-32-sub-118864/ds/inputs/data/qsiprep/qsiprep/sub-118864/ses-1/dwi/sub-118864_ses-1_acq-multiband_dir-AP_space-ACPC_desc-preproc_dwi.nii.gz	0.0	0.0010134966578334	0.0003635077446233	0.0009241200168617	0.0010134966578334	0.0009241200168617	0.0003635077446233	0.0010149683803319	0.0010149683803319	sub-118864	ses-1		dir-AP	acq-multiband	space-ACPC			DSIStudio	autotrackgqi
ProjectionBrainstem_DentatorubrothalamicTract-lr	dki_mk	DIPYDKI	/scratch/grmpy/SLURM_11194840_32/job-11194840-32-sub-118864/ds/inputs/data/qsiprep/qsiprep/sub-118864/ses-1/dwi/sub-118864_ses-1_acq-multiband_dir-AP_space-ACPC_desc-preproc_dwi.nii.gz	0.0	1.042046849013451	0.1708875868351138	1.0744236061711274	1.042046849013451	1.0744236061711274	0.1708875868351138	1.0421241593175925	1.0421241593175925	sub-118864	ses-1		dir-AP	acq-multiband	space-ACPC			DSIStudio	autotrackgqi
ProjectionBrainstem_DentatorubrothalamicTract-lr	dki_mkt	DIPYDKI	/scratch/grmpy/SLURM_11194840_32/job-11194840-32-sub-118864/ds/inputs/data/qsiprep/qsiprep/sub-118864/ses-1/dwi/sub-118864_ses-1_acq-multiband_dir-AP_space-ACPC_desc-preproc_dwi.nii.gz	0.0	1.0235827446963566	0.1265889491228399	1.0454031218776414	1.0235827446963566	1.0454031218776414	0.1265889491228399	1.0300578480421336	1.0300578480421336	sub-118864	ses-1		dir-AP	acq-multiband	space-ACPC			DSIStudio	autotrackgqi
ProjectionBrainstem_DentatorubrothalamicTract-lr	dki_planarity	DIPYDKI	/scratch/grmpy/SLURM_11194840_32/job-11194840-32-sub-118864/ds/inputs/data/qsiprep/qsiprep/sub-118864/ses-1/dwi/sub-118864_ses-1_acq-multiband_dir-AP_space-ACPC_desc-preproc_dwi.nii.gz	0.0	0.1992601454257965	0.1173938363790512	0.1805009245872497	0.1992601454257965	0.1805009245872497	0.1173938363790512	0.1961654722690582	0.1961654722690582	sub-118864	ses-1		dir-AP	acq-multiband	space-ACPC			DSIStudio	autotrackgqi
ProjectionBrainstem_DentatorubrothalamicTract-lr	dki_rd	DIPYDKI	/scratch/grmpy/SLURM_11194840_32/job-11194840-32-sub-118864/ds/inputs/data/qsiprep/qsiprep/sub-118864/ses-1/dwi/sub-118864_ses-1_acq-multiband_dir-AP_space-ACPC_desc-preproc_dwi.nii.gz	0.0	0.00076920830179	0.0003495604614727	0.0007075765170156	0.00076920830179	0.0007075765170156	0.0003495604614727	0.0007529625436291	0.0007529625436291	sub-118864	ses-1		dir-AP	acq-multiband	space-ACPC			DSIStudio	autotrackgqi
ProjectionBrainstem_DentatorubrothalamicTract-lr	dki_rk	DIPYDKI	/scratch/grmpy/SLURM_11194840_32/job-11194840-32-sub-118864/ds/inputs/data/qsiprep/qsiprep/sub-118864/ses-1/dwi/sub-118864_ses-1_acq-multiband_dir-AP_space-ACPC_desc-preproc_dwi.nii.gz	0.0	1.3217269557269709	0.4632090633565659	1.343656150174406	1.3217269557269709	1.343656150174406	0.4632090633565659	1.3135843619092389	1.3135843619092389	sub-118864	ses-1		dir-AP	acq-multiband	space-ACPC			DSIStudio	autotrackgqi
ProjectionBrainstem_DentatorubrothalamicTract-lr	dki_sphericity	DIPYDKI	/scratch/grmpy/SLURM_11194840_32/job-11194840-32-sub-118864/ds/inputs/data/qsiprep/qsiprep/sub-118864/ses-1/dwi/sub-118864_ses-1_acq-multiband_dir-AP_space-ACPC_desc-preproc_dwi.nii.gz	0.0	0.600828230381012	0.1455410122871399	0.6067221164703369	0.600828230381012	0.6067221164703369	0.1455410122871399	0.586085855960846	0.586085855960846	sub-118864	ses-1		dir-AP	acq-multiband	space-ACPC			DSIStudio	autotrackgqi
ProjectionBrainstem_DentatorubrothalamicTract-rl	dki_ad	DIPYDKI	/scratch/grmpy/SLURM_11194840_32/job-11194840-32-sub-118864/ds/inputs/data/qsiprep/qsiprep/sub-118864/ses-1/dwi/sub-118864_ses-1_acq-multiband_dir-AP_space-ACPC_desc-preproc_dwi.nii.gz	0.0	0.0014631057856604	0.0002880450629163	0.001458277227357	0.0014631057856604	0.001458277227357	0.0002880450629163	0.0014631059020757	0.0014631059020757	sub-118864	ses-1		dir-AP	acq-multiband	space-ACPC			DSIStudio	autotrackgqi
ProjectionBrainstem_DentatorubrothalamicTract-rl	dki_ak	DIPYDKI	/scratch/grmpy/SLURM_11194840_32/job-11194840-32-sub-118864/ds/inputs/data/qsiprep/qsiprep/sub-118864/ses-1/dwi/sub-118864_ses-1_acq-multiband_dir-AP_space-ACPC_desc-preproc_dwi.nii.gz	0.0	0.8602138462416221	0.160124369017514	0.8432619133439828	0.8602138462416221	0.8432619133439828	0.160124369017514	0.8602138398325295	0.8602138398325295	sub-118864	ses-1		dir-AP	acq-multiband	space-ACPC			DSIStudio	autotrackgqi
ProjectionBrainstem_DentatorubrothalamicTract-rl	dki_fa	DIPYDKI	/scratch/grmpy/SLURM_11194840_32/job-11194840-32-sub-118864/ds/inputs/data/qsiprep/qsiprep/sub-118864/ses-1/dwi/sub-118864_ses-1_acq-multiband_dir-AP_space-ACPC_desc-preproc_dwi.nii.gz	0.0	0.5128351449966431	0.1770462244749069	0.5254107117652893	0.5128351449966431	0.5254107117652893	0.1770462244749069	0.5128351449966431	0.5128351449966431	sub-118864	ses-1		dir-AP	acq-multiband	space-ACPC			DSIStudio	autotrackgqi
ProjectionBrainstem_DentatorubrothalamicTract-rl	dki_kfa	DIPYDKI	/scratch/grmpy/SLURM_11194840_32/job-11194840-32-sub-118864/ds/inputs/data/qsiprep/qsiprep/sub-118864/ses-1/dwi/sub-118864_ses-1_acq-multiband_dir-AP_space-ACPC_desc-preproc_dwi.nii.gz	0.0	0.595187246799469	0.1304574310779571	0.598049521446228	0.595187246799469	0.598049521446228	0.1304574310779571	0.5951873064041138	0.5951873064041138	sub-118864	ses-1		dir-AP	acq-multiband	space-ACPC			DSIStudio	autotrackgqi
ProjectionBrainstem_DentatorubrothalamicTract-rl	dki_linearity	DIPYDKI	/scratch/grmpy/SLURM_11194840_32/job-11194840-32-sub-118864/ds/inputs/data/qsiprep/qsiprep/sub-118864/ses-1/dwi/sub-118864_ses-1_acq-multiband_dir-AP_space-ACPC_desc-preproc_dwi.nii.gz	0.0	0.2730851769447326	0.1535298973321914	0.2721136808395386	0.2730851769447326	0.2721136808395386	0.1535298973321914	0.273085206747055	0.273085206747055	sub-118864	ses-1		dir-AP	acq-multiband	space-ACPC			DSIStudio	autotrackgqi
ProjectionBrainstem_DentatorubrothalamicTract-rl	dki_md	DIPYDKI	/scratch/grmpy/SLURM_11194840_32/job-11194840-32-sub-118864/ds/inputs/data/qsiprep/qsiprep/sub-118864/ses-1/dwi/sub-118864_ses-1_acq-multiband_dir-AP_space-ACPC_desc-preproc_dwi.nii.gz	0.0	0.000888287613634	7.912697037681937e-05	0.000890273367986	0.000888287613634	0.000890273367986	7.912697037681937e-05	0.0008882875554263	0.0008882875554263	sub-118864	ses-1		dir-AP	acq-multiband	space-ACPC			DSIStudio	autotrackgqi
ProjectionBrainstem_DentatorubrothalamicTract-rl	dki_mk	DIPYDKI	/scratch/grmpy/SLURM_11194840_32/job-11194840-32-sub-118864/ds/inputs/data/qsiprep/qsiprep/sub-118864/ses-1/dwi/sub-118864_ses-1_acq-multiband_dir-AP_space-ACPC_desc-preproc_dwi.nii.gz	0.0	1.096391949166943	0.2459717304059066	1.1176564705234118	1.096391949166943	1.1176564705234118	0.2459717304059066	1.0963919409981864	1.0963919409981864	sub-118864	ses-1		dir-AP	acq-multiband	space-ACPC			DSIStudio	autotrackgqi
ProjectionBrainstem_DentatorubrothalamicTract-rl	dki_mkt	DIPYDKI	/scratch/grmpy/SLURM_11194840_32/job-11194840-32-sub-118864/ds/inputs/data/qsiprep/qsiprep/sub-118864/ses-1/dwi/sub-118864_ses-1_acq-multiband_dir-AP_space-ACPC_desc-preproc_dwi.nii.gz	0.0	1.0978950974616415	0.1028583035728586	1.0811031608719124	1.0978950974616415	1.0811031608719124	0.1028583035728586	1.0978950892816857	1.0978950892816857	sub-118864	ses-1		dir-AP	acq-multiband	space-ACPC			DSIStudio	autotrackgqi
ProjectionBrainstem_DentatorubrothalamicTract-rl	dki_planarity	DIPYDKI	/scratch/grmpy/SLURM_11194840_32/job-11194840-32-sub-118864/ds/inputs/data/qsiprep/qsiprep/sub-118864/ses-1/dwi/sub-118864_ses-1_acq-multiband_dir-AP_space-ACPC_desc-preproc_dwi.nii.gz	0.0	0.2029516845941543	0.0989859849214553	0.1948077529668808	0.2029516845941543	0.1948077529668808	0.0989859849214553	0.2029516845941543	0.2029516845941543	sub-118864	ses-1		dir-AP	acq-multiband	space-ACPC			DSIStudio	autotrackgqi
ProjectionBrainstem_DentatorubrothalamicTract-rl	dki_rd	DIPYDKI	/scratch/grmpy/SLURM_11194840_32/job-11194840-32-sub-118864/ds/inputs/data/qsiprep/qsiprep/sub-118864/ses-1/dwi/sub-118864_ses-1_acq-multiband_dir-AP_space-ACPC_desc-preproc_dwi.nii.gz	0.0	0.0006008784403093	0.0001421863416908	0.0006179446354508	0.0006008784403093	0.0006179446354508	0.0001421863416908	0.0006008784985169	0.0006008784985169	sub-118864	ses-1		dir-AP	acq-multiband	space-ACPC			DSIStudio	autotrackgqi
ProjectionBrainstem_DentatorubrothalamicTract-rl	dki_rk	DIPYDKI	/scratch/grmpy/SLURM_11194840_32/job-11194840-32-sub-118864/ds/inputs/data/qsiprep/qsiprep/sub-118864/ses-1/dwi/sub-118864_ses-1_acq-multiband_dir-AP_space-ACPC_desc-preproc_dwi.nii.gz	0.0	1.4865084295105198	0.607011028188183	1.4292619427598328	1.4865084295105198	1.4292619427598328	0.607011028188183	1.4865084184351691	1.4865084184351691	sub-118864	ses-1		dir-AP	acq-multiband	space-ACPC			DSIStudio	autotrackgqi
ProjectionBrainstem_DentatorubrothalamicTract-rl	dki_sphericity	DIPYDKI	/scratch/grmpy/SLURM_11194840_32/job-11194840-32-sub-118864/ds/inputs/data/qsiprep/qsiprep/sub-118864/ses-1/dwi/sub-118864_ses-1_acq-multiband_dir-AP_space-ACPC_desc-preproc_dwi.nii.gz	0.0	0.5239631533622742	0.1574568301439285	0.5086742639541626	0.5239631533622742	0.5086742639541626	0.1574568301439285	0.5239630937576294	0.5239630937576294	sub-118864	ses-1		dir-AP	acq-multiband	space-ACPC			DSIStudio	autotrackgqi
ProjectionBasalGanglia_OpticRadiationR	dki_ad	DIPYDKI	/scratch/grmpy/SLURM_11194840_32/job-11194840-32-sub-118864/ds/inputs/data/qsiprep/qsiprep/sub-118864/ses-1/dwi/sub-118864_ses-1_acq-multiband_dir-AP_space-ACPC_desc-preproc_dwi.nii.gz	0.0025740025740025	0.0017098003299906	0.0008537590620107	0.0014806119725108	0.0017142127035185	0.0014808955602347	0.0008504244615323	0.001618250622414	0.0016188785666599	sub-118864	ses-1		dir-AP	acq-multiband	space-ACPC			DSIStudio	autotrackgqi
ProjectionBasalGanglia_OpticRadiationR	dki_ak	DIPYDKI	/scratch/grmpy/SLURM_11194840_32/job-11194840-32-sub-118864/ds/inputs/data/qsiprep/qsiprep/sub-118864/ses-1/dwi/sub-118864_ses-1_acq-multiband_dir-AP_space-ACPC_desc-preproc_dwi.nii.gz	0.0025740025740025	0.715473632656314	0.1650382049371686	0.707713004262418	0.7173200162244594	0.7079278427873017	0.1611938330145562	0.7177052372506192	0.717983834392278	sub-118864	ses-1		dir-AP	acq-multiband	space-ACPC			DSIStudio	autotrackgqi
ProjectionBasalGanglia_OpticRadiationR	dki_fa	DIPYDKI	/scratch/grmpy/SLURM_11194840_32/job-11194840-32-sub-118864/ds/inputs/data/qsiprep/qsiprep/sub-118864/ses-1/dwi/sub-118864_ses-1_acq-multiband_dir-AP_space-ACPC_desc-preproc_dwi.nii.gz	0.0025740025740025	0.4005701243877411	0.1840419024229049	0.3955884575843811	0.4016038477420807	0.3962371051311493	0.1831493377685547	0.4323787689208984	0.4325466156005859	sub-118864	ses-1		dir-AP	acq-multiband	space-ACPC			DSIStudio	autotrackgqi
ProjectionBasalGanglia_OpticRadiationR	dki_kfa	DIPYDKI	/scratch/grmpy/SLURM_11194840_32/job-11194840-32-sub-118864/ds/inputs/data/qsiprep/qsiprep/sub-118864/ses-1/dwi/sub-118864_ses-1_acq-multiband_dir-AP_space-ACPC_desc-preproc_dwi.nii.gz	0.0032175032175032	0.455704391002655	0.1777359098196029	0.4511165618896484	0.4571753442287445	0.4522619247436523	0.176123633980751	0.4726349115371704	0.4728195667266845	sub-118864	ses-1		dir-AP	acq-multiband	space-ACPC			DSIStudio	autotrackgqi
ProjectionBasalGanglia_OpticRadiationR	dki_linearity	DIPYDKI	/scratch/grmpy/SLURM_11194840_32/job-11194840-32-sub-118864/ds/inputs/data/qsiprep/qsiprep/sub-118864/ses-1/dwi/sub-118864_ses-1_acq-multiband_dir-AP_space-ACPC_desc-preproc_dwi.nii.gz	0.0025740025740025	0.1955272257328033	0.1365838795900344	0.1615281701087951	0.1960318088531494	0.1618449091911316	0.136397898197174	0.2055516242980957	0.2056314200162887	sub-118864	ses-1		dir-AP	acq-multiband	space-ACPC			DSIStudio	autotrackgqi
ProjectionBasalGanglia_OpticRadiationR	dki_md	DIPYDKI	/scratch/grmpy/SLURM_11194840_32/job-11194840-32-sub-118864/ds/inputs/data/qsiprep/qsiprep/sub-118864/ses-1/dwi/sub-118864_ses-1_acq-multiband_dir-AP_space-ACPC_desc-preproc_dwi.nii.gz	0.0025740025740025	0.0012034424580633	0.0007478389889001	0.0009476704290136	0.001206548186019	0.0009477839339524	0.0007462970097549	0.0011030684690922	0.0011034966446459	sub-118864	ses-1		dir-AP	acq-multiband	space-ACPC			DSIStudio	autotrackgqi
ProjectionBasalGanglia_OpticRadiationR	dki_mk	DIPYDKI	/scratch/grmpy/SLURM_11194840_32/job-11194840-32-sub-118864/ds/inputs/data/qsiprep/qsiprep/sub-118864/ses-1/dwi/sub-118864_ses-1_acq-multiband_dir-AP_space-ACPC_desc-preproc_dwi.nii.gz	0.0025740025740025	0.9200902438880096	0.2164789093413807	0.9423608697925638	0.9224646703238496	0.9433473139629396	0.2116452947019786	0.9595490993135408	0.9599215746238884	sub-118864	ses-1		dir-AP	acq-multiband	space-ACPC			DSIStudio	autotrackgqi
ProjectionBasalGanglia_OpticRadiationR	dki_mkt	DIPYDKI	/scratch/grmpy/SLURM_11194840_32/job-11194840-32-sub-118864/ds/inputs/data/qsiprep/qsiprep/sub-118864/ses-1/dwi/sub-118864_ses-1_acq-multiband_dir-AP_space-ACPC_desc-preproc_dwi.nii.gz	0.0025740025740025	0.895015650379794	0.1820765714315592	0.9077038115144832	0.8973253681872257	0.9079800043105178	0.1765357264564528	0.9357103506702826	0.9360735722803338	sub-118864	ses-1		dir-AP	acq-multiband	space-ACPC			DSIStudio	autotrackgqi
ProjectionBasalGanglia_OpticRadiationR	dki_planarity	DIPYDKI	/scratch/grmpy/SLURM_11194840_32/job-11194840-32-sub-118864/ds/inputs/data/qsiprep/qsiprep/sub-118864/ses-1/dwi/sub-118864_ses-1_acq-multiband_dir-AP_space-ACPC_desc-preproc_dwi.nii.gz	0.0025740025740025	0.1726084798574447	0.1151019856333732	0.1484435796737671	0.1730539202690124	0.1488803476095199	0.1149154976010322	0.1983512043952942	0.198428213596344	sub-118864	ses-1		dir-AP	acq-multiband	space-ACPC			DSIStudio	autotrackgqi
ProjectionBasalGanglia_OpticRadiationR	dki_rd	DIPYDKI	/scratch/grmpy/SLURM_11194840_32/job-11194840-32-sub-118864/ds/inputs/data/qsiprep/qsiprep/sub-118864/ses-1/dwi/sub-118864_ses-1_acq-multiband_dir-AP_space-ACPC_desc-preproc_dwi.nii.gz	0.0025740025740025	0.0009502637549303	0.0007270493661053	0.0007264574524015	0.0009527160436846	0.0007269021589308	0.0007263804436661	0.000845477450639	0.0008458056254312	sub-118864	ses-1		dir-AP	acq-multiband	space-ACPC			DSIStudio	autotrackgqi
ProjectionBasalGanglia_OpticRadiationR	dki_rk	DIPYDKI	/scratch/grmpy/SLURM_11194840_32/job-11194840-32-sub-118864/ds/inputs/data/qsiprep/qsiprep/sub-118864/ses-1/dwi/sub-118864_ses-1_acq-multiband_dir-AP_space-ACPC_desc-preproc_dwi.nii.gz	0.0025740025740025	1.202259832068456	0.4709143718354553	1.1986427350747788	1.205362438086697	1.199308935168815	0.4675391594395635	1.2401517564836857	1.2406331554848684	sub-118864	ses-1		dir-AP	acq-multiband	space-ACPC			DSIStudio	autotrackgqi
ProjectionBasalGanglia_OpticRadiationR	dki_sphericity	DIPYDKI	/scratch/grmpy/SLURM_11194840_32/job-11194840-32-sub-118864/ds/inputs/data/qsiprep/qsiprep/sub-118864/ses-1/dwi/sub-118864_ses-1_acq-multiband_dir-AP_space-ACPC_desc-preproc_dwi.nii.gz	0.0025740025740025	0.6292902827262878	0.1704923063516616	0.6243166923522949	0.6309142112731934	0.6250616312026978	0.1676843762397766	0.5957090854644775	0.595940351486206	sub-118864	ses-1		dir-AP	acq-multiband	space-ACPC			DSIStudio	autotrackgqi
ProjectionBrainstem_CorticobulbarTractR	dki_ad	DIPYDKI	/scratch/grmpy/SLURM_11194840_32/job-11194840-32-sub-118864/ds/inputs/data/qsiprep/qsiprep/sub-118864/ses-1/dwi/sub-118864_ses-1_acq-multiband_dir-AP_space-ACPC_desc-preproc_dwi.nii.gz	0.0	0.0014725120272487	0.0003192138974554	0.0014228888321667	0.0014725120272487	0.0014228888321667	0.0003192138974554	0.0015446657780557	0.0015446657780557	sub-118864	ses-1		dir-AP	acq-multiband	space-ACPC			DSIStudio	autotrackgqi
ProjectionBrainstem_CorticobulbarTractR	dki_ak	DIPYDKI	/scratch/grmpy/SLURM_11194840_32/job-11194840-32-sub-118864/ds/inputs/data/qsiprep/qsiprep/sub-118864/ses-1/dwi/sub-118864_ses-1_acq-multiband_dir-AP_space-ACPC_desc-preproc_dwi.nii.gz	0.0	0.848526133104665	0.1895481220539547	0.8111772360680697	0.848526133104665	0.8111772360680697	0.1895481220539547	0.8229404287421206	0.8229404287421206	sub-118864	ses-1		dir-AP	acq-multiband	space-ACPC			DSIStudio	autotrackgqi
ProjectionBrainstem_CorticobulbarTractR	dki_fa	DIPYDKI	/scratch/grmpy/SLURM_11194840_32/job-11194840-32-sub-118864/ds/inputs/data/qsiprep/qsiprep/sub-118864/ses-1/dwi/sub-118864_ses-1_acq-multiband_dir-AP_space-ACPC_desc-preproc_dwi.nii.gz	0.0	0.4708220958709717	0.19950732588768	0.4620285332202911	0.4708220958709717	0.4620285332202911	0.19950732588768	0.5252454876899719	0.5252454876899719	sub-118864	ses-1		dir-AP	acq-multiband	space-ACPC			DSIStudio	autotrackgqi
ProjectionBrainstem_CorticobulbarTractR	dki_kfa	DIPYDKI	/scratch/grmpy/SLURM_11194840_32/job-11194840-32-sub-118864/ds/inputs/data/qsiprep/qsiprep/sub-118864/ses-1/dwi/sub-118864_ses-1_acq-multiband_dir-AP_space-ACPC_desc-preproc_dwi.nii.gz	0.0	0.5377307534217834	0.1393419504165649	0.5244057774543762	0.5377307534217834	0.5244057774543762	0.1393419504165649	0.5624252557754517	0.5624252557754517	sub-118864	ses-1		dir-AP	acq-multiband	space-ACPC			DSIStudio	autotrackgqi
ProjectionBrainstem_CorticobulbarTractR	dki_linearity	DIPYDKI	/scratch/grmpy/SLURM_11194840_32/job-11194840-32-sub-118864/ds/inputs/data/qsiprep/qsiprep/sub-118864/ses-1/dwi/sub-118864_ses-1_acq-multiband_dir-AP_space-ACPC_desc-preproc_dwi.nii.gz	0.0	0.2423181384801864	0.1655329465866089	0.2096014320850372	0.2423181384801864	0.2096014320850372	0.1655329465866089	0.2867809236049652	0.2867809236049652	sub-118864	ses-1		dir-AP	acq-multiband	space-ACPC			DSIStudio	autotrackgqi
ProjectionBrainstem_CorticobulbarTractR	dki_md	DIPYDKI	/scratch/grmpy/SLURM_11194840_32/job-11194840-32-sub-118864/ds/inputs/data/qsiprep/qsiprep/sub-118864/ses-1/dwi/sub-118864_ses-1_acq-multiband_dir-AP_space-ACPC_desc-preproc_dwi.nii.gz	0.0	0.0009334789938293	0.0001227411412401	0.0008983069565147	0.0009334789938293	0.0008983069565147	0.0001227411412401	0.000925641390495	0.000925641390495	sub-118864	ses-1		dir-AP	acq-multiband	space-ACPC			DSIStudio	autotrackgqi
ProjectionBrainstem_CorticobulbarTractR	dki_mk	DIPYDKI	/scratch/grmpy/SLURM_11194840_32/job-11194840-32-sub-118864/ds/inputs/data/qsiprep/qsiprep/sub-118864/ses-1/dwi/sub-118864_ses-1_acq-multiband_dir-AP_space-ACPC_desc-preproc_dwi.nii.gz	0.0	1.1054025039512057	0.2022078398961559	1.1411702536386483	1.1054025039512057	1.1411702536386483	0.2022078398961559	1.1223363632683123	1.1223363632683123	sub-118864	ses-1		dir-AP	acq-multiband	space-ACPC			DSIStudio	autotrackgqi
ProjectionBrainstem_CorticobulbarTractR	dki_mkt	DIPYDKI	/scratch/grmpy/SLURM_11194840_32/job-11194840-32-sub-118864/ds/inputs/data/qsiprep/qsiprep/sub-118864/ses-1/dwi/sub-118864_ses-1_acq-multiband_dir-AP_space-ACPC_desc-preproc_dwi.nii.gz	0.0	1.0931191308211958	0.1075413525916091	1.098135710861359	1.0931191308211958	1.098135710861359	0.1075413525916091	1.1100941798444883	1.1100941798444883	sub-118864	ses-1		dir-AP	acq-multiband	space-ACPC			DSIStudio	autotrackgqi
ProjectionBrainstem_CorticobulbarTractR	dki_planarity	DIPYDKI	/scratch/grmpy/SLURM_11194840_32/job-11194840-32-sub-118864/ds/inputs/data/qsiprep/qsiprep/sub-118864/ses-1/dwi/sub-118864_ses-1_acq-multiband_dir-AP_space-ACPC_desc-preproc_dwi.nii.gz	0.0	0.2036199569702148	0.106713481247425	0.1929305791854858	0.2036199569702148	0.1929305791854858	0.106713481247425	0.2083785980939865	0.2083785980939865	sub-118864	ses-1		dir-AP	acq-multiband	space-ACPC			DSIStudio	autotrackgqi
ProjectionBrainstem_CorticobulbarTractR	dki_rd	DIPYDKI	/scratch/grmpy/SLURM_11194840_32/job-11194840-32-sub-118864/ds/inputs/data/qsiprep/qsiprep/sub-118864/ses-1/dwi/sub-118864_ses-1_acq-multiband_dir-AP_space-ACPC_desc-preproc_dwi.nii.gz	0.0	0.0006639625062234	0.000198073888896	0.0006465151673182	0.0006639625062234	0.0006465151673182	0.000198073888896	0.0006161291385069	0.0006161291385069	sub-118864	ses-1		dir-AP	acq-multiband	space-ACPC			DSIStudio	autotrackgqi
ProjectionBrainstem_CorticobulbarTractR	dki_rk	DIPYDKI	/scratch/grmpy/SLURM_11194840_32/job-11194840-32-sub-118864/ds/inputs/data/qsiprep/qsiprep/sub-118864/ses-1/dwi/sub-118864_ses-1_acq-multiband_dir-AP_space-ACPC_desc-preproc_dwi.nii.gz	0.0	1.418239910651038	0.5065056856109347	1.4441065929087586	1.418239910651038	1.4441065929087586	0.5065056856109347	1.4866784577179997	1.4866784577179997	sub-118864	ses-1		dir-AP	acq-multiband	space-ACPC			DSIStudio	autotrackgqi
ProjectionBrainstem_CorticobulbarTractR	dki_sphericity	DIPYDKI	/scratch/grmpy/SLURM_11194840_32/job-11194840-32-sub-118864/ds/inputs/data/qsiprep/qsiprep/sub-118864/ses-1/dwi/sub-118864_ses-1_acq-multiband_dir-AP_space-ACPC_desc-preproc_dwi.nii.gz	0.0	0.5540618896484375	0.1871610432863235	0.5545186996459961	0.5540618896484375	0.5545186996459961	0.1871610432863235	0.5048404932022095	0.5048404932022095	sub-118864	ses-1		dir-AP	acq-multiband	space-ACPC			DSIStudio	autotrackgqi
ProjectionBasalGanglia_ThalamicRadiationL	dki_ad	DIPYDKI	/scratch/grmpy/SLURM_11194840_32/job-11194840-32-sub-118864/ds/inputs/data/qsiprep/qsiprep/sub-118864/ses-1/dwi/sub-118864_ses-1_acq-multiband_dir-AP_space-ACPC_desc-preproc_dwi.nii.gz	0.0006118078923218	0.0013582850806415	0.0003657540946733	0.0013140296796336	0.0013591166352853	0.0013141136150807	0.0003643182863015	0.0013688447652384	0.0013688849285244	sub-118864	ses-1		dir-AP	acq-multiband	space-ACPC			DSIStudio	autotrackgqi
ProjectionBasalGanglia_ThalamicRadiationL	dki_ak	DIPYDKI	/scratch/grmpy/SLURM_11194840_32/job-11194840-32-sub-118864/ds/inputs/data/qsiprep/qsiprep/sub-118864/ses-1/dwi/sub-118864_ses-1_acq-multiband_dir-AP_space-ACPC_desc-preproc_dwi.nii.gz	0.0006118078923218	0.7772096232358274	0.1439666738570828	0.7755268773565841	0.7776854173118825	0.7755703658412461	0.1427202627756572	0.7784310791949822	0.7784539993579671	sub-118864	ses-1		dir-AP	acq-multiband	space-ACPC			DSIStudio	autotrackgqi
ProjectionBasalGanglia_ThalamicRadiationL	dki_fa	DIPYDKI	/scratch/grmpy/SLURM_11194840_32/job-11194840-32-sub-118864/ds/inputs/data/qsiprep/qsiprep/sub-118864/ses-1/dwi/sub-118864_ses-1_acq-multiband_dir-AP_space-ACPC_desc-preproc_dwi.nii.gz	0.0006118078923218	0.3790047764778137	0.163579985499382	0.3758123815059662	0.3792368173599243	0.3758465647697449	0.1633609533309936	0.4246487021446228	0.4246612191200256	sub-118864	ses-1		dir-AP	acq-multiband	space-ACPC			DSIStudio	autotrackgqi
ProjectionBasalGanglia_ThalamicRadiationL	dki_kfa	DIPYDKI	/scratch/grmpy/SLURM_11194840_32/job-11194840-32-sub-118864/ds/inputs/data/qsiprep/qsiprep/sub-118864/ses-1/dwi/sub-118864_ses-1_acq-multiband_dir-AP_space-ACPC_desc-preproc_dwi.nii.gz	0.0027531355154481	0.4908377230167389	0.1426056772470474	0.4940928518772125	0.492192804813385	0.4946241378784179	0.140447735786438	0.5224035382270813	0.5231379270553589	sub-118864	ses-1		dir-AP	acq-multiband	space-ACPC			DSIStudio	autotrackgqi
ProjectionBasalGanglia_ThalamicRadiationL	dki_linearity	DIPYDKI	/scratch/grmpy/SLURM_11194840_32/job-11194840-32-sub-118864/ds/inputs/data/qsiprep/qsiprep/sub-118864/ses-1/dwi/sub-118864_ses-1_acq-multiband_dir-AP_space-ACPC_desc-preproc_dwi.nii.gz	0.0006118078923218	0.1704792082309723	0.1160495579242706	0.1454808115959167	0.1705835610628128	0.1455297768115997	0.1160083636641502	0.203110933303833	0.2031169235706329	sub-118864	ses-1		dir-AP	acq-multiband	space-ACPC			DSIStudio	autotrackgqi
ProjectionBasalGanglia_ThalamicRadiationL	dki_md	DIPYDKI	/scratch/grmpy/SLURM_11194840_32/job-11194840-32-sub-118864/ds/inputs/data/qsiprep/qsiprep/sub-118864/ses-1/dwi/sub-118864_ses-1_acq-multiband_dir-AP_space-ACPC_desc-preproc_dwi.nii.gz	0.0006118078923218	0.0009565878426656	0.0002947371394839	0.0009096288122236	0.000957173469942	0.0009097785223275	0.0002938752004411	0.0009141406044363	0.0009141674963757	sub-118864	ses-1		dir-AP	acq-multiband	space-ACPC			DSIStudio	autotrackgqi
ProjectionBasalGanglia_ThalamicRadiationL	dki_mk	DIPYDKI	/scratch/grmpy/SLURM_11194840_32/job-11194840-32-sub-118864/ds/inputs/data/qsiprep/qsiprep/sub-118864/ses-1/dwi/sub-118864_ses-1_acq-multiband_dir-AP_space-ACPC_desc-preproc_dwi.nii.gz	0.0006118078923218	0.9526916375961164	0.2142031567215863	0.9860788136126176	0.9532748586782076	0.9861608667542542	0.2129673944918627	0.9942236532689626	0.9942529272323464	sub-118864	ses-1		dir-AP	acq-multiband	space-ACPC			DSIStudio	autotrackgqi
ProjectionBasalGanglia_ThalamicRadiationL	dki_mkt	DIPYDKI	/scratch/grmpy/SLURM_11194840_32/job-11194840-32-sub-118864/ds/inputs/data/qsiprep/qsiprep/sub-118864/ses-1/dwi/sub-118864_ses-1_acq-multiband_dir-AP_space-ACPC_desc-preproc_dwi.nii.gz	0.0006118078923218	0.934091799927744	0.1845283531769438	0.9644764076314112	0.934663634516007	0.9645115120839792	0.1831313336922554	0.973660643416808	0.973689311933322	sub-118864	ses-1		dir-AP	acq-multiband	space-ACPC			DSIStudio	autotrackgqi
ProjectionBasalGanglia_ThalamicRadiationL	dki_planarity	DIPYDKI	/scratch/grmpy/SLURM_11194840_32/job-11194840-32-sub-118864/ds/inputs/data/qsiprep/qsiprep/sub-118864/ses-1/dwi/sub-118864_ses-1_acq-multiband_dir-AP_space-ACPC_desc-preproc_dwi.nii.gz	0.0006118078923218	0.1890379935503006	0.111754260957241	0.1720044463872909	0.189153715968132	0.1721202433109283	0.1116905063390731	0.1919923275709152	0.1919979751110077	sub-118864	ses-1		dir-AP	acq-multiband	space-ACPC			DSIStudio	autotrackgqi
ProjectionBasalGanglia_ThalamicRadiationL	dki_rd	DIPYDKI	/scratch/grmpy/SLURM_11194840_32/job-11194840-32-sub-118864/ds/inputs/data/qsiprep/qsiprep/sub-118864/ses-1/dwi/sub-118864_ses-1_acq-multiband_dir-AP_space-ACPC_desc-preproc_dwi.nii.gz	0.0006118078923218	0.0007557393983006	0.0003123237984254	0.0007142691756598	0.0007562020327895	0.0007143465918488	0.0003118589520454	0.0006867886986583	0.000686808838509	sub-118864	ses-1		dir-AP	acq-multiband	space-ACPC			DSIStudio	autotrackgqi
ProjectionBasalGanglia_ThalamicRadiationL	dki_rk	DIPYDKI	/scratch/grmpy/SLURM_11194840_32/job-11194840-32-sub-118864/ds/inputs/data/qsiprep/qsiprep/sub-118864/ses-1/dwi/sub-118864_ses-1_acq-multiband_dir-AP_space-ACPC_desc-preproc_dwi.nii.gz	0.0006118078923218	1.195577878615562	0.4447635185494367	1.1882066029715572	1.1963097903869824	1.188470996935126	0.4439145107219645	1.2731789602190775	1.273216447702891	sub-118864	ses-1		dir-AP	acq-multiband	space-ACPC			DSIStudio	autotrackgqi
ProjectionBasalGanglia_ThalamicRadiationL	dki_sphericity	DIPYDKI	/scratch/grmpy/SLURM_11194840_32/job-11194840-32-sub-118864/ds/inputs/data/qsiprep/qsiprep/sub-118864/ses-1/dwi/sub-118864_ses-1_acq-multiband_dir-AP_space-ACPC_desc-preproc_dwi.nii.gz	0.0006118078923218	0.6398710012435913	0.1561502367258072	0.6443690657615662	0.6402627229690552	0.6443964838981628	0.1553931087255478	0.6048673391342163	0.6048851013183594	sub-118864	ses-1		dir-AP	acq-multiband	space-ACPC			DSIStudio	autotrackgqi
ProjectionBrainstem_CorticopontineTractL	dki_ad	DIPYDKI	/scratch/grmpy/SLURM_11194840_32/job-11194840-32-sub-118864/ds/inputs/data/qsiprep/qsiprep/sub-118864/ses-1/dwi/sub-118864_ses-1_acq-multiband_dir-AP_space-ACPC_desc-preproc_dwi.nii.gz	0.0	0.001423344714567	0.0004392575065139	0.0013415265129879	0.001423344714567	0.0013415265129879	0.0004392575065139	0.0015514672268182	0.0015514672268182	sub-118864	ses-1		dir-AP	acq-multiband	space-ACPC			DSIStudio	autotrackgqi
ProjectionBrainstem_CorticopontineTractL	dki_ak	DIPYDKI	/scratch/grmpy/SLURM_11194840_32/job-11194840-32-sub-118864/ds/inputs/data/qsiprep/qsiprep/sub-118864/ses-1/dwi/sub-118864_ses-1_acq-multiband_dir-AP_space-ACPC_desc-preproc_dwi.nii.gz	0.0001312508203176	0.7935298733507485	0.1581806269002736	0.7794309081350737	0.7936340384693297	0.7794676730257315	0.157929497609643	0.7996020609589835	0.7997606093870328	sub-118864	ses-1		dir-AP	acq-multiband	space-ACPC			DSIStudio	autotrackgqi
ProjectionBrainstem_CorticopontineTractL	dki_fa	DIPYDKI	/scratch/grmpy/SLURM_11194840_32/job-11194840-32-sub-118864/ds/inputs/data/qsiprep/qsiprep/sub-118864/ses-1/dwi/sub-118864_ses-1_acq-multiband_dir-AP_space-ACPC_desc-preproc_dwi.nii.gz	0.0	0.4033593535423279	0.1793740540742874	0.39940145611763	0.4033593535423279	0.39940145611763	0.1793740540742874	0.4788788855075836	0.4788788855075836	sub-118864	ses-1		dir-AP	acq-multiband	space-ACPC			DSIStudio	autotrackgqi
ProjectionBrainstem_CorticopontineTractL	dki_kfa	DIPYDKI	/scratch/grmpy/SLURM_11194840_32/job-11194840-32-sub-118864/ds/inputs/data/qsiprep/qsiprep/sub-118864/ses-1/dwi/sub-118864_ses-1_acq-multiband_dir-AP_space-ACPC_desc-preproc_dwi.nii.gz	0.0019687623047644	0.5071937441825867	0.1457422524690628	0.5148155689239502	0.5081942677497864	0.5150812864303589	0.1441327482461929	0.5446124076843262	0.5447801351547241	sub-118864	ses-1		dir-AP	acq-multiband	space-ACPC			DSIStudio	autotrackgqi
ProjectionBrainstem_CorticopontineTractL	dki_linearity	DIPYDKI	/scratch/grmpy/SLURM_11194840_32/job-11194840-32-sub-118864/ds/inputs/data/qsiprep/qsiprep/sub-118864/ses-1/dwi/sub-118864_ses-1_acq-multiband_dir-AP_space-ACPC_desc-preproc_dwi.nii.gz	0.0	0.1903108656406402	0.1330446451902389	0.1604436188936233	0.1903108656406402	0.1604436188936233	0.1330446451902389	0.2461422979831695	0.2461422979831695	sub-118864	ses-1		dir-AP	acq-multiband	space-ACPC			DSIStudio	autotrackgqi
ProjectionBrainstem_CorticopontineTractL	dki_md	DIPYDKI	/scratch/grmpy/SLURM_11194840_32/job-11194840-32-sub-118864/ds/inputs/data/qsiprep/qsiprep/sub-118864/ses-1/dwi/sub-118864_ses-1_acq-multiband_dir-AP_space-ACPC_desc-preproc_dwi.nii.gz	0.0	0.0009776308434084	0.0003404962772037	0.0009066868806257	0.0009776308434084	0.0009066868806257	0.0003404962772037	0.0009866352193057	0.0009866352193057	sub-118864	ses-1		dir-AP	acq-multiband	space-ACPC			DSIStudio	autotrackgqi
ProjectionBrainstem_CorticopontineTractL	dki_mk	DIPYDKI	/scratch/grmpy/SLURM_11194840_32/job-11194840-32-sub-118864/ds/inputs/data/qsiprep/qsiprep/sub-118864/ses-1/dwi/sub-118864_ses-1_acq-multiband_dir-AP_space-ACPC_desc-preproc_dwi.nii.gz	0.0001312508203176	0.9814699136585144	0.2266041228471613	1.0270602510447058	0.9815987492995828	1.0271080356139113	0.2263397979289262	1.036843849244071	1.0370494387081504	sub-118864	ses-1		dir-AP	acq-multiband	space-ACPC			DSIStudio	autotrackgqi
ProjectionBrainstem_CorticopontineTractL	dki_mkt	DIPYDKI	/scratch/grmpy/SLURM_11194840_32/job-11194840-32-sub-118864/ds/inputs/data/qsiprep/qsiprep/sub-118864/ses-1/dwi/sub-118864_ses-1_acq-multiband_dir-AP_space-ACPC_desc-preproc_dwi.nii.gz	0.0	0.967087552184446	0.1872699357472509	1.007153131271342	0.967087552184446	1.007153131271342	0.1872699357472509	1.0252206930905263	1.0252206930905263	sub-118864	ses-1		dir-AP	acq-multiband	space-ACPC			DSIStudio	autotrackgqi
ProjectionBrainstem_CorticopontineTractL	dki_planarity	DIPYDKI	/scratch/grmpy/SLURM_11194840_32/job-11194840-32-sub-118864/ds/inputs/data/qsiprep/qsiprep/sub-118864/ses-1/dwi/sub-118864_ses-1_acq-multiband_dir-AP_space-ACPC_desc-preproc_dwi.nii.gz	0.0	0.1919450014829635	0.1117551997303962	0.1758683621883392	0.1919450014829635	0.1758683621883392	0.1117551997303962	0.1986695528030395	0.1986695528030395	sub-118864	ses-1		dir-AP	acq-multiband	space-ACPC			DSIStudio	autotrackgqi
ProjectionBrainstem_CorticopontineTractL	dki_rd	DIPYDKI	/scratch/grmpy/SLURM_11194840_32/job-11194840-32-sub-118864/ds/inputs/data/qsiprep/qsiprep/sub-118864/ses-1/dwi/sub-118864_ses-1_acq-multiband_dir-AP_space-ACPC_desc-preproc_dwi.nii.gz	0.0	0.0007547739660367	0.0003532227128744	0.0006982195773161	0.0007547739660367	0.0006982195773161	0.0003532227128744	0.0007042193319648	0.0007042193319648	sub-118864	ses-1		dir-AP	acq-multiband	space-ACPC			DSIStudio	autotrackgqi
ProjectionBrainstem_CorticopontineTractL	dki_rk	DIPYDKI	/scratch/grmpy/SLURM_11194840_32/job-11194840-32-sub-118864/ds/inputs/data/qsiprep/qsiprep/sub-118864/ses-1/dwi/sub-118864_ses-1_acq-multiband_dir-AP_space-ACPC_desc-preproc_dwi.nii.gz	0.0001312508203176	1.2361220116966118	0.4815808554117929	1.2570609788090998	1.236284275021854	1.2571669272630397	0.4814041549504351	1.3481184228212504	1.3483857330868254	sub-118864	ses-1		dir-AP	acq-multiband	space-ACPC			DSIStudio	autotrackgqi
ProjectionBrainstem_CorticopontineTractL	dki_sphericity	DIPYDKI	/scratch/grmpy/SLURM_11194840_32/job-11194840-32-sub-118864/ds/inputs/data/qsiprep/qsiprep/sub-118864/ses-1/dwi/sub-118864_ses-1_acq-multiband_dir-AP_space-ACPC_desc-preproc_dwi.nii.gz	0.0	0.6177441477775574	0.1706791967153549	0.6188921332359314	0.6177441477775574	0.6188921332359314	0.1706791967153549	0.5551881790161133	0.5551881790161133	sub-118864	ses-1		dir-AP	acq-multiband	space-ACPC			DSIStudio	autotrackgqi
ProjectionBasalGanglia_CorticostriatalTractR	dki_ad	DIPYDKI	/scratch/grmpy/SLURM_11194840_32/job-11194840-32-sub-118864/ds/inputs/data/qsiprep/qsiprep/sub-118864/ses-1/dwi/sub-118864_ses-1_acq-multiband_dir-AP_space-ACPC_desc-preproc_dwi.nii.gz	0.0001659337924168	0.0013286862522363	0.0003160056949127	0.0012853966327384	0.0013289068592712	0.001285417121835	0.0003155679733026	0.0014068320160731	0.0014068400487303	sub-118864	ses-1		dir-AP	acq-multiband	space-ACPC			DSIStudio	autotrackgqi
ProjectionBasalGanglia_CorticostriatalTractR	dki_ak	DIPYDKI	/scratch/grmpy/SLURM_11194840_32/job-11194840-32-sub-118864/ds/inputs/data/qsiprep/qsiprep/sub-118864/ses-1/dwi/sub-118864_ses-1_acq-multiband_dir-AP_space-ACPC_desc-preproc_dwi.nii.gz	0.000414834481042	0.7640774229150638	0.1556679303200205	0.7618461801349307	0.7643945201191288	0.7620507805981904	0.1549198948336616	0.773264646870362	0.7732820228686943	sub-118864	ses-1		dir-AP	acq-multiband	space-ACPC			DSIStudio	autotrackgqi
ProjectionBasalGanglia_CorticostriatalTractR	dki_fa	DIPYDKI	/scratch/grmpy/SLURM_11194840_32/job-11194840-32-sub-118864/ds/inputs/data/qsiprep/qsiprep/sub-118864/ses-1/dwi/sub-118864_ses-1_acq-multiband_dir-AP_space-ACPC_desc-preproc_dwi.nii.gz	0.0001659337924168	0.3619053959846496	0.1703666597604751	0.3568996787071228	0.3619654774665832	0.3570269048213959	0.170316994190216	0.4420921206474304	0.442094624042511	sub-118864	ses-1		dir-AP	acq-multiband	space-ACPC			DSIStudio	autotrackgqi
ProjectionBasalGanglia_CorticostriatalTractR	dki_kfa	DIPYDKI	/scratch/grmpy/SLURM_11194840_32/job-11194840-32-sub-118864/ds/inputs/data/qsiprep/qsiprep/sub-118864/ses-1/dwi/sub-118864_ses-1_acq-multiband_dir-AP_space-ACPC_desc-preproc_dwi.nii.gz	0.0029038413672944	0.4776139557361603	0.1446422189474105	0.4789180159568786	0.4790049195289612	0.479561984539032	0.1425343006849289	0.5203768014907837	0.5206458568572998	sub-118864	ses-1		dir-AP	acq-multiband	space-ACPC			DSIStudio	autotrackgqi
ProjectionBasalGanglia_CorticostriatalTractR	dki_linearity	DIPYDKI	/scratch/grmpy/SLURM_11194840_32/job-11194840-32-sub-118864/ds/inputs/data/qsiprep/qsiprep/sub-118864/ses-1/dwi/sub-118864_ses-1_acq-multiband_dir-AP_space-ACPC_desc-preproc_dwi.nii.gz	0.0001659337924168	0.1645977199077606	0.1184852421283721	0.1364039778709411	0.1646250337362289	0.1364041864871978	0.1184761002659797	0.2225565761327743	0.2225578427314758	sub-118864	ses-1		dir-AP	acq-multiband	space-ACPC			DSIStudio	autotrackgqi
ProjectionBasalGanglia_CorticostriatalTractR	dki_md	DIPYDKI	/scratch/grmpy/SLURM_11194840_32/job-11194840-32-sub-118864/ds/inputs/data/qsiprep/qsiprep/sub-118864/ses-1/dwi/sub-118864_ses-1_acq-multiband_dir-AP_space-ACPC_desc-preproc_dwi.nii.gz	0.0001659337924168	0.0009467029012739	0.0002421331155346	0.0009028236963786	0.0009468600037507	0.0009028409840539	0.0002418458461761	0.0009205333190038	0.0009205385576933	sub-118864	ses-1		dir-AP	acq-multiband	space-ACPC			DSIStudio	autotrackgqi
ProjectionBasalGanglia_CorticostriatalTractR	dki_mk	DIPYDKI	/scratch/grmpy/SLURM_11194840_32/job-11194840-32-sub-118864/ds/inputs/data/qsiprep/qsiprep/sub-118864/ses-1/dwi/sub-118864_ses-1_acq-multiband_dir-AP_space-ACPC_desc-preproc_dwi.nii.gz	0.000414834481042	0.93055964703576	0.2269696700980654	0.9688952776431898	0.9309458354682948	0.9689727063358676	0.2262235394348739	1.0114916639803877	1.0115143931680255	sub-118864	ses-1		dir-AP	acq-multiband	space-ACPC			DSIStudio	autotrackgqi
ProjectionBasalGanglia_CorticostriatalTractR	dki_mkt	DIPYDKI	/scratch/grmpy/SLURM_11194840_32/job-11194840-32-sub-118864/ds/inputs/data/qsiprep/qsiprep/sub-118864/ses-1/dwi/sub-118864_ses-1_acq-multiband_dir-AP_space-ACPC_desc-preproc_dwi.nii.gz	0.0001659337924168	0.9091594305454213	0.1962144497504653	0.9476547470577228	0.9093103158546146	0.947657712006812	0.1958808266581117	0.9774293656202148	0.9774349012995032	sub-118864	ses-1		dir-AP	acq-multiband	space-ACPC			DSIStudio	autotrackgqi
ProjectionBasalGanglia_CorticostriatalTractR	dki_planarity	DIPYDKI	/scratch/grmpy/SLURM_11194840_32/job-11194840-32-sub-118864/ds/inputs/data/qsiprep/qsiprep/sub-118864/ses-1/dwi/sub-118864_ses-1_acq-multiband_dir-AP_space-ACPC_desc-preproc_dwi.nii.gz	0.0001659337924168	0.1756832897663116	0.1083341836929321	0.1563306301832199	0.175712451338768	0.1563309729099273	0.1083195209503173	0.1790528148412704	0.1790538281202316	sub-118864	ses-1		dir-AP	acq-multiband	space-ACPC			DSIStudio	autotrackgqi
ProjectionBasalGanglia_CorticostriatalTractR	dki_rd	DIPYDKI	/scratch/grmpy/SLURM_11194840_32/job-11194840-32-sub-118864/ds/inputs/data/qsiprep/qsiprep/sub-118864/ses-1/dwi/sub-118864_ses-1_acq-multiband_dir-AP_space-ACPC_desc-preproc_dwi.nii.gz	0.0001659337924168	0.0007557111093774	0.0002725551021285	0.0007219471153803	0.0007558365468867	0.0007219587569124	0.0002724037622101	0.0006773839704692	0.0006773878121748	sub-118864	ses-1		dir-AP	acq-multiband	space-ACPC			DSIStudio	autotrackgqi
ProjectionBasalGanglia_CorticostriatalTractR	dki_rk	DIPYDKI	/scratch/grmpy/SLURM_11194840_32/job-11194840-32-sub-118864/ds/inputs/data/qsiprep/qsiprep/sub-118864/ses-1/dwi/sub-118864_ses-1_acq-multiband_dir-AP_space-ACPC_desc-preproc_dwi.nii.gz	0.000414834481042	1.172163186062276	0.468125171012381	1.174726447859629	1.1726496415677798	1.174911990199118	0.4676127445913487	1.3516969637455114	1.351727337392142	sub-118864	ses-1		dir-AP	acq-multiband	space-ACPC			DSIStudio	autotrackgqi
ProjectionBasalGanglia_CorticostriatalTractR	dki_sphericity	DIPYDKI	/scratch/grmpy/SLURM_11194840_32/job-11194840-32-sub-118864/ds/inputs/data/qsiprep/qsiprep/sub-118864/ses-1/dwi/sub-118864_ses-1_acq-multiband_dir-AP_space-ACPC_desc-preproc_dwi.nii.gz	0.0001659337924168	0.659553050994873	0.1607420146465301	0.6676478981971741	0.6596624851226807	0.6676504015922546	0.160530611872673	0.5983849763870239	0.5983883738517761	sub-118864	ses-1		dir-AP	acq-multiband	space-ACPC			DSIStudio	autotrackgqi
ProjectionBrainstem_CorticopontineTractR	dki_ad	DIPYDKI	/scratch/grmpy/SLURM_11194840_32/job-11194840-32-sub-118864/ds/inputs/data/qsiprep/qsiprep/sub-118864/ses-1/dwi/sub-118864_ses-1_acq-multiband_dir-AP_space-ACPC_desc-preproc_dwi.nii.gz	0.0	0.0014257545117288	0.0003896963899023	0.0013601675163954	0.0014257545117288	0.0013601675163954	0.0003896963899023	0.0015596273588016	0.0015596275916323	sub-118864	ses-1		dir-AP	acq-multiband	space-ACPC			DSIStudio	autotrackgqi
ProjectionBrainstem_CorticopontineTractR	dki_ak	DIPYDKI	/scratch/grmpy/SLURM_11194840_32/job-11194840-32-sub-118864/ds/inputs/data/qsiprep/qsiprep/sub-118864/ses-1/dwi/sub-118864_ses-1_acq-multiband_dir-AP_space-ACPC_desc-preproc_dwi.nii.gz	0.0	0.7963442360127132	0.1525592214135926	0.7876136792418764	0.7963442360127132	0.7876136792418764	0.1525592214135926	0.7911911797653127	0.7911912480980643	sub-118864	ses-1		dir-AP	acq-multiband	space-ACPC			DSIStudio	autotrackgqi
ProjectionBrainstem_CorticopontineTractR	dki_fa	DIPYDKI	/scratch/grmpy/SLURM_11194840_32/job-11194840-32-sub-118864/ds/inputs/data/qsiprep/qsiprep/sub-118864/ses-1/dwi/sub-118864_ses-1_acq-multiband_dir-AP_space-ACPC_desc-preproc_dwi.nii.gz	0.0	0.425430417060852	0.1719947308301925	0.420466661453247	0.425430417060852	0.420466661453247	0.1719947308301925	0.5217392444610596	0.5217393040657043	sub-118864	ses-1		dir-AP	acq-multiband	space-ACPC			DSIStudio	autotrackgqi
ProjectionBrainstem_CorticopontineTractR	dki_kfa	DIPYDKI	/scratch/grmpy/SLURM_11194840_32/job-11194840-32-sub-118864/ds/inputs/data/qsiprep/qsiprep/sub-118864/ses-1/dwi/sub-118864_ses-1_acq-multiband_dir-AP_space-ACPC_desc-preproc_dwi.nii.gz	0.0007067137809187	0.5058202743530273	0.1404391080141067	0.5013960599899292	0.5061779618263245	0.5015134811401367	0.1398428380489349	0.5624266266822815	0.5624609589576721	sub-118864	ses-1		dir-AP	acq-multiband	space-ACPC			DSIStudio	autotrackgqi
ProjectionBrainstem_CorticopontineTractR	dki_linearity	DIPYDKI	/scratch/grmpy/SLURM_11194840_32/job-11194840-32-sub-118864/ds/inputs/data/qsiprep/qsiprep/sub-118864/ses-1/dwi/sub-118864_ses-1_acq-multiband_dir-AP_space-ACPC_desc-preproc_dwi.nii.gz	0.0	0.2040954679250717	0.1338209956884384	0.1776129603385925	0.2040954679250717	0.1776129603385925	0.1338209956884384	0.2832923531532287	0.2832923829555511	sub-118864	ses-1		dir-AP	acq-multiband	space-ACPC			DSIStudio	autotrackgqi
ProjectionBrainstem_CorticopontineTractR	dki_md	DIPYDKI	/scratch/grmpy/SLURM_11194840_32/job-11194840-32-sub-118864/ds/inputs/data/qsiprep/qsiprep/sub-118864/ses-1/dwi/sub-118864_ses-1_acq-multiband_dir-AP_space-ACPC_desc-preproc_dwi.nii.gz	0.0	0.0009559634490869	0.0002827481657732	0.0009038540301844	0.0009559634490869	0.0009038540301844	0.0002827481657732	0.0009451730875298	0.0009451732039451	sub-118864	ses-1		dir-AP	acq-multiband	space-ACPC			DSIStudio	autotrackgqi
ProjectionBrainstem_CorticopontineTractR	dki_mk	DIPYDKI	/scratch/grmpy/SLURM_11194840_32/job-11194840-32-sub-118864/ds/inputs/data/qsiprep/qsiprep/sub-118864/ses-1/dwi/sub-118864_ses-1_acq-multiband_dir-AP_space-ACPC_desc-preproc_dwi.nii.gz	0.0	1.0194450987714274	0.2082806377582843	1.0551610926273085	1.0194450987714274	1.0551610926273085	0.2082806377582843	1.0765571398936893	1.0765572328794042	sub-118864	ses-1		dir-AP	acq-multiband	space-ACPC			DSIStudio	autotrackgqi
ProjectionBrainstem_CorticopontineTractR	dki_mkt	DIPYDKI	/scratch/grmpy/SLURM_11194840_32/job-11194840-32-sub-118864/ds/inputs/data/qsiprep/qsiprep/sub-118864/ses-1/dwi/sub-118864_ses-1_acq-multiband_dir-AP_space-ACPC_desc-preproc_dwi.nii.gz	0.0	0.9966148591846088	0.1603005547328588	1.0291173386858388	0.9966148591846088	1.0291173386858388	0.1603005547328588	1.0541450317716865	1.0541451228207972	sub-118864	ses-1		dir-AP	acq-multiband	space-ACPC			DSIStudio	autotrackgqi
ProjectionBrainstem_CorticopontineTractR	dki_planarity	DIPYDKI	/scratch/grmpy/SLURM_11194840_32/job-11194840-32-sub-118864/ds/inputs/data/qsiprep/qsiprep/sub-118864/ses-1/dwi/sub-118864_ses-1_acq-multiband_dir-AP_space-ACPC_desc-preproc_dwi.nii.gz	0.0	0.1964708715677261	0.1122571229934692	0.1808647811412811	0.1964708715677261	0.1808647811412811	0.1122571229934692	0.1966109573841095	0.1966109573841095	sub-118864	ses-1		dir-AP	acq-multiband	space-ACPC			DSIStudio	autotrackgqi
ProjectionBrainstem_CorticopontineTractR	dki_rd	DIPYDKI	/scratch/grmpy/SLURM_11194840_32/job-11194840-32-sub-118864/ds/inputs/data/qsiprep/qsiprep/sub-118864/ses-1/dwi/sub-118864_ses-1_acq-multiband_dir-AP_space-ACPC_desc-preproc_dwi.nii.gz	0.0	0.0007210680050775	0.0002981550642289	0.0006885988404974	0.0007210680050775	0.0006885988404974	0.0002981550642289	0.0006379460683092	0.0006379461847245	sub-118864	ses-1		dir-AP	acq-multiband	space-ACPC			DSIStudio	autotrackgqi
ProjectionBrainstem_CorticopontineTractR	dki_rk	DIPYDKI	/scratch/grmpy/SLURM_11194840_32/job-11194840-32-sub-118864/ds/inputs/data/qsiprep/qsiprep/sub-118864/ses-1/dwi/sub-118864_ses-1_acq-multiband_dir-AP_space-ACPC_desc-preproc_dwi.nii.gz	0.0	1.3248597706092704	0.4846820747333817	1.324547291154853	1.3248597706092704	1.324547291154853	0.4846820747333817	1.4791606806840625	1.4791608083666632	sub-118864	ses-1		dir-AP	acq-multiband	space-ACPC			DSIStudio	autotrackgqi
ProjectionBrainstem_CorticopontineTractR	dki_sphericity	DIPYDKI	/scratch/grmpy/SLURM_11194840_32/job-11194840-32-sub-118864/ds/inputs/data/qsiprep/qsiprep/sub-118864/ses-1/dwi/sub-118864_ses-1_acq-multiband_dir-AP_space-ACPC_desc-preproc_dwi.nii.gz	0.0	0.5994337201118469	0.1641523987054824	0.6051498651504517	0.5994337201118469	0.6051498651504517	0.1641523987054824	0.5200967192649841	0.5200967192649841	sub-118864	ses-1		dir-AP	acq-multiband	space-ACPC			DSIStudio	autotrackgqi
ProjectionBasalGanglia_OpticRadiationL	dki_ad	DIPYDKI	/scratch/grmpy/SLURM_11194840_32/job-11194840-32-sub-118864/ds/inputs/data/qsiprep/qsiprep/sub-118864/ses-1/dwi/sub-118864_ses-1_acq-multiband_dir-AP_space-ACPC_desc-preproc_dwi.nii.gz	0.0140515222482435	0.0015040775761008	0.0005716375308111	0.001420903019607	0.0015255133621394	0.0014248855877667	0.0005465582944452	0.0015145754441618	0.0015166306402534	sub-118864	ses-1		dir-AP	acq-multiband	space-ACPC			DSIStudio	autotrackgqi
ProjectionBasalGanglia_OpticRadiationL	dki_ak	DIPYDKI	/scratch/grmpy/SLURM_11194840_32/job-11194840-32-sub-118864/ds/inputs/data/qsiprep/qsiprep/sub-118864/ses-1/dwi/sub-118864_ses-1_acq-multiband_dir-AP_space-ACPC_desc-preproc_dwi.nii.gz	0.0140515222482435	0.7372142557423369	0.1549739663304819	0.7393460840632903	0.7477208722137241	0.741320050786443	0.1284647727963921	0.7499813208898627	0.7509990544631993	sub-118864	ses-1		dir-AP	acq-multiband	space-ACPC			DSIStudio	autotrackgqi
ProjectionBasalGanglia_OpticRadiationL	dki_fa	DIPYDKI	/scratch/grmpy/SLURM_11194840_32/job-11194840-32-sub-118864/ds/inputs/data/qsiprep/qsiprep/sub-118864/ses-1/dwi/sub-118864_ses-1_acq-multiband_dir-AP_space-ACPC_desc-preproc_dwi.nii.gz	0.0140515222482435	0.4161309003829956	0.1953541934490203	0.4194609224796295	0.4220615029335022	0.4256486296653747	0.1902736872434616	0.4785636663436889	0.4792130589485168	sub-118864	ses-1		dir-AP	acq-multiband	space-ACPC			DSIStudio	autotrackgqi
ProjectionBasalGanglia_OpticRadiationL	dki_kfa	DIPYDKI	/scratch/grmpy/SLURM_11194840_32/job-11194840-32-sub-118864/ds/inputs/data/qsiprep/qsiprep/sub-118864/ses-1/dwi/sub-118864_ses-1_acq-multiband_dir-AP_space-ACPC_desc-preproc_dwi.nii.gz	0.0140515222482435	0.477510392665863	0.1785925328731537	0.4704967141151428	0.4843157827854156	0.4735403060913086	0.1704520583152771	0.5103368759155273	0.5110293626785278	sub-118864	ses-1		dir-AP	acq-multiband	space-ACPC			DSIStudio	autotrackgqi
ProjectionBasalGanglia_OpticRadiationL	dki_linearity	DIPYDKI	/scratch/grmpy/SLURM_11194840_32/job-11194840-32-sub-118864/ds/inputs/data/qsiprep/qsiprep/sub-118864/ses-1/dwi/sub-118864_ses-1_acq-multiband_dir-AP_space-ACPC_desc-preproc_dwi.nii.gz	0.0140515222482435	0.2097714692354202	0.1505680531263351	0.1780567318201065	0.2127610892057418	0.1814015507698059	0.1495251208543777	0.2471466958522796	0.2474820762872696	sub-118864	ses-1		dir-AP	acq-multiband	space-ACPC			DSIStudio	autotrackgqi
ProjectionBasalGanglia_OpticRadiationL	dki_md	DIPYDKI	/scratch/grmpy/SLURM_11194840_32/job-11194840-32-sub-118864/ds/inputs/data/qsiprep/qsiprep/sub-118864/ses-1/dwi/sub-118864_ses-1_acq-multiband_dir-AP_space-ACPC_desc-preproc_dwi.nii.gz	0.0140515222482435	0.0010147372959181	0.000461213174276	0.0009271149756386	0.0010291991056874	0.0009294542833231	0.0004481797514017	0.0009634353918954	0.0009647427359595	sub-118864	ses-1		dir-AP	acq-multiband	space-ACPC			DSIStudio	autotrackgqi
ProjectionBasalGanglia_OpticRadiationL	dki_mk	DIPYDKI	/scratch/grmpy/SLURM_11194840_32/job-11194840-32-sub-118864/ds/inputs/data/qsiprep/qsiprep/sub-118864/ses-1/dwi/sub-118864_ses-1_acq-multiband_dir-AP_space-ACPC_desc-preproc_dwi.nii.gz	0.0140515222482435	0.946381284610713	0.2497414976311648	0.9987648001710226	0.959868903868823	1.000498955472506	0.2243064077567469	1.022065681686324	1.0234526369994232	sub-118864	ses-1		dir-AP	acq-multiband	space-ACPC			DSIStudio	autotrackgqi
ProjectionBasalGanglia_OpticRadiationL	dki_mkt	DIPYDKI	/scratch/grmpy/SLURM_11194840_32/job-11194840-32-sub-118864/ds/inputs/data/qsiprep/qsiprep/sub-118864/ses-1/dwi/sub-118864_ses-1_acq-multiband_dir-AP_space-ACPC_desc-preproc_dwi.nii.gz	0.0140515222482435	0.919776842658256	0.1912421844496076	0.95152104523405	0.9328853012234568	0.9536745980700438	0.1576899596282773	0.9830392014071868	0.9843731974168864	sub-118864	ses-1		dir-AP	acq-multiband	space-ACPC			DSIStudio	autotrackgqi
ProjectionBasalGanglia_OpticRadiationL	dki_planarity	DIPYDKI	/scratch/grmpy/SLURM_11194840_32/job-11194840-32-sub-118864/ds/inputs/data/qsiprep/qsiprep/sub-118864/ses-1/dwi/sub-118864_ses-1_acq-multiband_dir-AP_space-ACPC_desc-preproc_dwi.nii.gz	0.0140515222482435	0.1705481112003326	0.1096126511693	0.1502638459205627	0.1729787290096283	0.1530766785144806	0.1084699109196662	0.1847566962242126	0.1850073933601379	sub-118864	ses-1		dir-AP	acq-multiband	space-ACPC			DSIStudio	autotrackgqi
ProjectionBasalGanglia_OpticRadiationL	dki_rd	DIPYDKI	/scratch/grmpy/SLURM_11194840_32/job-11194840-32-sub-118864/ds/inputs/data/qsiprep/qsiprep/sub-118864/ses-1/dwi/sub-118864_ses-1_acq-multiband_dir-AP_space-ACPC_desc-preproc_dwi.nii.gz	0.0140515222482435	0.0007700672140344	0.0004615262150764	0.0006888023926876	0.000781042035669	0.0006912604440003	0.0004554891493171	0.0006878653075546	0.000688798725605	sub-118864	ses-1		dir-AP	acq-multiband	space-ACPC			DSIStudio	autotrackgqi
ProjectionBasalGanglia_OpticRadiationL	dki_rk	DIPYDKI	/scratch/grmpy/SLURM_11194840_32/job-11194840-32-sub-118864/ds/inputs/data/qsiprep/qsiprep/sub-118864/ses-1/dwi/sub-118864_ses-1_acq-multiband_dir-AP_space-ACPC_desc-preproc_dwi.nii.gz	0.0140515222482435	1.2783478979053808	0.5328535740175369	1.2962543522027952	1.2965666327923933	1.306492813196097	0.5141572499610156	1.4240799132832411	1.4260124062099264	sub-118864	ses-1		dir-AP	acq-multiband	space-ACPC			DSIStudio	autotrackgqi
ProjectionBasalGanglia_OpticRadiationL	dki_sphericity	DIPYDKI	/scratch/grmpy/SLURM_11194840_32/job-11194840-32-sub-118864/ds/inputs/data/qsiprep/qsiprep/sub-118864/ses-1/dwi/sub-118864_ses-1_acq-multiband_dir-AP_space-ACPC_desc-preproc_dwi.nii.gz	0.0140515222482435	0.6056288480758667	0.1821645200252533	0.5978285074234009	0.6142601370811462	0.6006996631622314	0.1683893650770187	0.5667414665222168	0.5675105452537537	sub-118864	ses-1		dir-AP	acq-multiband	space-ACPC			DSIStudio	autotrackgqi
ProjectionBasalGanglia_AnsaSubthalamicaL	dki_ad	DIPYDKI	/scratch/grmpy/SLURM_11194840_32/job-11194840-32-sub-118864/ds/inputs/data/qsiprep/qsiprep/sub-118864/ses-1/dwi/sub-118864_ses-1_acq-multiband_dir-AP_space-ACPC_desc-preproc_dwi.nii.gz	0.0	0.0015691077569499	0.0007983683026395	0.0013896460877731	0.0015691077569499	0.0013896460877731	0.0007983683026395	0.0014532411005347	0.0014532411005347	sub-118864	ses-1		dir-AP	acq-multiband	space-ACPC			DSIStudio	autotrackgqi
ProjectionBasalGanglia_AnsaSubthalamicaL	dki_ak	DIPYDKI	/scratch/grmpy/SLURM_11194840_32/job-11194840-32-sub-118864/ds/inputs/data/qsiprep/qsiprep/sub-118864/ses-1/dwi/sub-118864_ses-1_acq-multiband_dir-AP_space-ACPC_desc-preproc_dwi.nii.gz	0.0	0.7654071387943477	0.2040120923590553	0.7577577119712398	0.7654071387943477	0.7577577119712398	0.2040120923590553	0.7896811952392836	0.7896811952392836	sub-118864	ses-1		dir-AP	acq-multiband	space-ACPC			DSIStudio	autotrackgqi
ProjectionBasalGanglia_AnsaSubthalamicaL	dki_fa	DIPYDKI	/scratch/grmpy/SLURM_11194840_32/job-11194840-32-sub-118864/ds/inputs/data/qsiprep/qsiprep/sub-118864/ses-1/dwi/sub-118864_ses-1_acq-multiband_dir-AP_space-ACPC_desc-preproc_dwi.nii.gz	0.0	0.3560151159763336	0.1264713555574417	0.348015159368515	0.3560151159763336	0.348015159368515	0.1264713555574417	0.393001914024353	0.393001914024353	sub-118864	ses-1		dir-AP	acq-multiband	space-ACPC			DSIStudio	autotrackgqi
ProjectionBasalGanglia_AnsaSubthalamicaL	dki_kfa	DIPYDKI	/scratch/grmpy/SLURM_11194840_32/job-11194840-32-sub-118864/ds/inputs/data/qsiprep/qsiprep/sub-118864/ses-1/dwi/sub-118864_ses-1_acq-multiband_dir-AP_space-ACPC_desc-preproc_dwi.nii.gz	0.0	0.4901615977287292	0.1474781483411789	0.4781373739242553	0.4901615977287292	0.4781373739242553	0.1474781483411789	0.5196009874343872	0.5196009874343872	sub-118864	ses-1		dir-AP	acq-multiband	space-ACPC			DSIStudio	autotrackgqi
ProjectionBasalGanglia_AnsaSubthalamicaL	dki_linearity	DIPYDKI	/scratch/grmpy/SLURM_11194840_32/job-11194840-32-sub-118864/ds/inputs/data/qsiprep/qsiprep/sub-118864/ses-1/dwi/sub-118864_ses-1_acq-multiband_dir-AP_space-ACPC_desc-preproc_dwi.nii.gz	0.0	0.1430177837610244	0.091148130595684	0.1253095418214798	0.1430177837610244	0.1253095418214798	0.091148130595684	0.1530806124210357	0.1530806124210357	sub-118864	ses-1		dir-AP	acq-multiband	space-ACPC			DSIStudio	autotrackgqi
ProjectionBasalGanglia_AnsaSubthalamicaL	dki_md	DIPYDKI	/scratch/grmpy/SLURM_11194840_32/job-11194840-32-sub-118864/ds/inputs/data/qsiprep/qsiprep/sub-118864/ses-1/dwi/sub-118864_ses-1_acq-multiband_dir-AP_space-ACPC_desc-preproc_dwi.nii.gz	0.0	0.0011492919875308	0.0006633231532759	0.0009892478119581	0.0011492919875308	0.0009892478119581	0.0006633231532759	0.0010264504235237	0.0010264504235237	sub-118864	ses-1		dir-AP	acq-multiband	space-ACPC			DSIStudio	autotrackgqi
ProjectionBasalGanglia_AnsaSubthalamicaL	dki_mk	DIPYDKI	/scratch/grmpy/SLURM_11194840_32/job-11194840-32-sub-118864/ds/inputs/data/qsiprep/qsiprep/sub-118864/ses-1/dwi/sub-118864_ses-1_acq-multiband_dir-AP_space-ACPC_desc-preproc_dwi.nii.gz	0.0	0.894940535539028	0.2147344196319894	0.9221889126195004	0.894940535539028	0.9221889126195004	0.2147344196319894	0.9283128391243184	0.9283128391243184	sub-118864	ses-1		dir-AP	acq-multiband	space-ACPC			DSIStudio	autotrackgqi
ProjectionBasalGanglia_AnsaSubthalamicaL	dki_mkt	DIPYDKI	/scratch/grmpy/SLURM_11194840_32/job-11194840-32-sub-118864/ds/inputs/data/qsiprep/qsiprep/sub-118864/ses-1/dwi/sub-118864_ses-1_acq-multiband_dir-AP_space-ACPC_desc-preproc_dwi.nii.gz	0.0	0.9003142398917351	0.2034722820929071	0.9349611961786444	0.9003142398917351	0.9349611961786444	0.2034722820929071	0.941583116984515	0.941583116984515	sub-118864	ses-1		dir-AP	acq-multiband	space-ACPC			DSIStudio	autotrackgqi
ProjectionBasalGanglia_AnsaSubthalamicaL	dki_planarity	DIPYDKI	/scratch/grmpy/SLURM_11194840_32/job-11194840-32-sub-118864/ds/inputs/data/qsiprep/qsiprep/sub-118864/ses-1/dwi/sub-118864_ses-1_acq-multiband_dir-AP_space-ACPC_desc-preproc_dwi.nii.gz	0.0	0.202275663614273	0.1206887736916542	0.1788782477378845	0.202275663614273	0.1788782477378845	0.1206887736916542	0.2383374869823455	0.2383374869823455	sub-118864	ses-1		dir-AP	acq-multiband	space-ACPC			DSIStudio	autotrackgqi
ProjectionBasalGanglia_AnsaSubthalamicaL	dki_rd	DIPYDKI	/scratch/grmpy/SLURM_11194840_32/job-11194840-32-sub-118864/ds/inputs/data/qsiprep/qsiprep/sub-118864/ses-1/dwi/sub-118864_ses-1_acq-multiband_dir-AP_space-ACPC_desc-preproc_dwi.nii.gz	0.0	0.000939383986406	0.0006168865365907	0.0008085073204711	0.000939383986406	0.0008085073204711	0.0006168865365907	0.0008130549686029	0.0008130549686029	sub-118864	ses-1		dir-AP	acq-multiband	space-ACPC			DSIStudio	autotrackgqi
ProjectionBasalGanglia_AnsaSubthalamicaL	dki_rk	DIPYDKI	/scratch/grmpy/SLURM_11194840_32/job-11194840-32-sub-118864/ds/inputs/data/qsiprep/qsiprep/sub-118864/ses-1/dwi/sub-118864_ses-1_acq-multiband_dir-AP_space-ACPC_desc-preproc_dwi.nii.gz	0.0	1.0255630495030397	0.3881616681632119	1.0535419441870344	1.0255630495030397	1.0535419441870344	0.3881616681632119	1.047284007752146	1.047284007752146	sub-118864	ses-1		dir-AP	acq-multiband	space-ACPC			DSIStudio	autotrackgqi
ProjectionBasalGanglia_AnsaSubthalamicaL	dki_sphericity	DIPYDKI	/scratch/grmpy/SLURM_11194840_32/job-11194840-32-sub-118864/ds/inputs/data/qsiprep/qsiprep/sub-118864/ses-1/dwi/sub-118864_ses-1_acq-multiband_dir-AP_space-ACPC_desc-preproc_dwi.nii.gz	0.0	0.6547064781188965	0.131308302283287	0.6647815108299255	0.6547064781188965	0.6647815108299255	0.131308302283287	0.6085819005966187	0.6085819005966187	sub-118864	ses-1		dir-AP	acq-multiband	space-ACPC			DSIStudio	autotrackgqi
ProjectionBrainstem_ReticularTractR	dki_ad	DIPYDKI	/scratch/grmpy/SLURM_11194840_32/job-11194840-32-sub-118864/ds/inputs/data/qsiprep/qsiprep/sub-118864/ses-1/dwi/sub-118864_ses-1_acq-multiband_dir-AP_space-ACPC_desc-preproc_dwi.nii.gz	0.0	0.0015784372808411	0.0006450676592066	0.0014490885660052	0.0015784372808411	0.0014490885660052	0.0006450676592066	0.0015156646259129	0.0015156646259129	sub-118864	ses-1		dir-AP	acq-multiband	space-ACPC			DSIStudio	autotrackgqi
ProjectionBrainstem_ReticularTractR	dki_ak	DIPYDKI	/scratch/grmpy/SLURM_11194840_32/job-11194840-32-sub-118864/ds/inputs/data/qsiprep/qsiprep/sub-118864/ses-1/dwi/sub-118864_ses-1_acq-multiband_dir-AP_space-ACPC_desc-preproc_dwi.nii.gz	0.0	0.8083704209722472	0.1536297830713349	0.8022059411512248	0.8083704209722472	0.8022059411512248	0.1536297830713349	0.8053288336865504	0.8053288336865504	sub-118864	ses-1		dir-AP	acq-multiband	space-ACPC			DSIStudio	autotrackgqi
ProjectionBrainstem_ReticularTractR	dki_fa	DIPYDKI	/scratch/grmpy/SLURM_11194840_32/job-11194840-32-sub-118864/ds/inputs/data/qsiprep/qsiprep/sub-118864/ses-1/dwi/sub-118864_ses-1_acq-multiband_dir-AP_space-ACPC_desc-preproc_dwi.nii.gz	0.0	0.4345530271530151	0.1456983685493469	0.4212759137153625	0.4345530271530151	0.4212759137153625	0.1456983685493469	0.4561850428581238	0.4561850428581238	sub-118864	ses-1		dir-AP	acq-multiband	space-ACPC			DSIStudio	autotrackgqi
ProjectionBrainstem_ReticularTractR	dki_kfa	DIPYDKI	/scratch/grmpy/SLURM_11194840_32/job-11194840-32-sub-118864/ds/inputs/data/qsiprep/qsiprep/sub-118864/ses-1/dwi/sub-118864_ses-1_acq-multiband_dir-AP_space-ACPC_desc-preproc_dwi.nii.gz	0.0	0.5272698402404785	0.1385487020015716	0.532211422920227	0.5272698402404785	0.532211422920227	0.1385487020015716	0.5481980443000793	0.5481980443000793	sub-118864	ses-1		dir-AP	acq-multiband	space-ACPC			DSIStudio	autotrackgqi
ProjectionBrainstem_ReticularTractR	dki_linearity	DIPYDKI	/scratch/grmpy/SLURM_11194840_32/job-11194840-32-sub-118864/ds/inputs/data/qsiprep/qsiprep/sub-118864/ses-1/dwi/sub-118864_ses-1_acq-multiband_dir-AP_space-ACPC_desc-preproc_dwi.nii.gz	0.0	0.2129787355661392	0.1185366809368133	0.1925653219223022	0.2129787355661392	0.1925653219223022	0.1185366809368133	0.2270977348089218	0.2270977348089218	sub-118864	ses-1		dir-AP	acq-multiband	space-ACPC			DSIStudio	autotrackgqi
ProjectionBrainstem_ReticularTractR	dki_md	DIPYDKI	/scratch/grmpy/SLURM_11194840_32/job-11194840-32-sub-118864/ds/inputs/data/qsiprep/qsiprep/sub-118864/ses-1/dwi/sub-118864_ses-1_acq-multiband_dir-AP_space-ACPC_desc-preproc_dwi.nii.gz	0.0	0.0010579739464446	0.0005059905233792	0.0009312375332228	0.0010579739464446	0.0009312375332228	0.0005059905233792	0.0009876122931018	0.0009876122931018	sub-118864	ses-1		dir-AP	acq-multiband	space-ACPC			DSIStudio	autotrackgqi
ProjectionBrainstem_ReticularTractR	dki_mk	DIPYDKI	/scratch/grmpy/SLURM_11194840_32/job-11194840-32-sub-118864/ds/inputs/data/qsiprep/qsiprep/sub-118864/ses-1/dwi/sub-118864_ses-1_acq-multiband_dir-AP_space-ACPC_desc-preproc_dwi.nii.gz	0.0	0.9870015731308388	0.1953693166307078	0.9990086137008678	0.9870015731308388	0.9990086137008678	0.1953693166307078	0.9933009295715468	0.9933009295715468	sub-118864	ses-1		dir-AP	acq-multiband	space-ACPC			DSIStudio	autotrackgqi
ProjectionBrainstem_ReticularTractR	dki_mkt	DIPYDKI	/scratch/grmpy/SLURM_11194840_32/job-11194840-32-sub-118864/ds/inputs/data/qsiprep/qsiprep/sub-118864/ses-1/dwi/sub-118864_ses-1_acq-multiband_dir-AP_space-ACPC_desc-preproc_dwi.nii.gz	0.0	0.983568862327926	0.1528219329059871	0.9980390609103438	0.983568862327926	0.9980390609103438	0.1528219329059871	0.9913672004520664	0.9913672004520664	sub-118864	ses-1		dir-AP	acq-multiband	space-ACPC			DSIStudio	autotrackgqi
ProjectionBrainstem_ReticularTractR	dki_planarity	DIPYDKI	/scratch/grmpy/SLURM_11194840_32/job-11194840-32-sub-118864/ds/inputs/data/qsiprep/qsiprep/sub-118864/ses-1/dwi/sub-118864_ses-1_acq-multiband_dir-AP_space-ACPC_desc-preproc_dwi.nii.gz	0.0	0.1831295639276504	0.1065003424882888	0.1653432101011276	0.1831295639276504	0.1653432101011276	0.1065003424882888	0.1862862557172775	0.1862862557172775	sub-118864	ses-1		dir-AP	acq-multiband	space-ACPC			DSIStudio	autotrackgqi
ProjectionBrainstem_ReticularTractR	dki_rd	DIPYDKI	/scratch/grmpy/SLURM_11194840_32/job-11194840-32-sub-118864/ds/inputs/data/qsiprep/qsiprep/sub-118864/ses-1/dwi/sub-118864_ses-1_acq-multiband_dir-AP_space-ACPC_desc-preproc_dwi.nii.gz	0.0	0.0007977423956617	0.0004671534989029	0.0007137148641049	0.0007977423956617	0.0007137148641049	0.0004671534989029	0.0007235861849039	0.0007235861849039	sub-118864	ses-1		dir-AP	acq-multiband	space-ACPC			DSIStudio	autotrackgqi
ProjectionBrainstem_ReticularTractR	dki_rk	DIPYDKI	/scratch/grmpy/SLURM_11194840_32/job-11194840-32-sub-118864/ds/inputs/data/qsiprep/qsiprep/sub-118864/ses-1/dwi/sub-118864_ses-1_acq-multiband_dir-AP_space-ACPC_desc-preproc_dwi.nii.gz	0.0	1.2278900447343295	0.4697534450717822	1.1864666690215122	1.2278900447343295	1.1864666690215122	0.4697534450717822	1.2371900162497946	1.2371900162497946	sub-118864	ses-1		dir-AP	acq-multiband	space-ACPC			DSIStudio	autotrackgqi
ProjectionBrainstem_ReticularTractR	dki_sphericity	DIPYDKI	/scratch/grmpy/SLURM_11194840_32/job-11194840-32-sub-118864/ds/inputs/data/qsiprep/qsiprep/sub-118864/ses-1/dwi/sub-118864_ses-1_acq-multiband_dir-AP_space-ACPC_desc-preproc_dwi.nii.gz	0.0	0.6038916707038879	0.1365948617458343	0.6199984550476074	0.6038916707038879	0.6199984550476074	0.1365948617458343	0.586616039276123	0.586616039276123	sub-118864	ses-1		dir-AP	acq-multiband	space-ACPC			DSIStudio	autotrackgqi
ProjectionBasalGanglia_ThalamicRadiationR	dki_ad	DIPYDKI	/scratch/grmpy/SLURM_11194840_32/job-11194840-32-sub-118864/ds/inputs/data/qsiprep/qsiprep/sub-118864/ses-1/dwi/sub-118864_ses-1_acq-multiband_dir-AP_space-ACPC_desc-preproc_dwi.nii.gz	0.0	0.0013720388524234	0.0004428914107847	0.0012964406050741	0.0013720388524234	0.0012964406050741	0.0004428914107847	0.0013900722842663	0.0013900722842663	sub-118864	ses-1		dir-AP	acq-multiband	space-ACPC			DSIStudio	autotrackgqi
ProjectionBasalGanglia_ThalamicRadiationR	dki_ak	DIPYDKI	/scratch/grmpy/SLURM_11194840_32/job-11194840-32-sub-118864/ds/inputs/data/qsiprep/qsiprep/sub-118864/ses-1/dwi/sub-118864_ses-1_acq-multiband_dir-AP_space-ACPC_desc-preproc_dwi.nii.gz	0.0	0.7676555790763407	0.1489498586664293	0.7709425847572757	0.7676555790763407	0.7709425847572757	0.1489498586664293	0.7818322207469156	0.7818322207469156	sub-118864	ses-1		dir-AP	acq-multiband	space-ACPC			DSIStudio	autotrackgqi
ProjectionBasalGanglia_ThalamicRadiationR	dki_fa	DIPYDKI	/scratch/grmpy/SLURM_11194840_32/job-11194840-32-sub-118864/ds/inputs/data/qsiprep/qsiprep/sub-118864/ses-1/dwi/sub-118864_ses-1_acq-multiband_dir-AP_space-ACPC_desc-preproc_dwi.nii.gz	0.0	0.3719414472579956	0.1561554372310638	0.3643732666969299	0.3719414472579956	0.3643732666969299	0.1561554372310638	0.4143650829792022	0.4143650829792022	sub-118864	ses-1		dir-AP	acq-multiband	space-ACPC			DSIStudio	autotrackgqi
ProjectionBasalGanglia_ThalamicRadiationR	dki_kfa	DIPYDKI	/scratch/grmpy/SLURM_11194840_32/job-11194840-32-sub-118864/ds/inputs/data/qsiprep/qsiprep/sub-118864/ses-1/dwi/sub-118864_ses-1_acq-multiband_dir-AP_space-ACPC_desc-preproc_dwi.nii.gz	0.0014727540500736	0.4851147532463074	0.1476111710071563	0.4838114976882934	0.4858302772045135	0.4839066565036773	0.1465386748313903	0.5120809078216553	0.5122865438461304	sub-118864	ses-1		dir-AP	acq-multiband	space-ACPC			DSIStudio	autotrackgqi
ProjectionBasalGanglia_ThalamicRadiationR	dki_linearity	DIPYDKI	/scratch/grmpy/SLURM_11194840_32/job-11194840-32-sub-118864/ds/inputs/data/qsiprep/qsiprep/sub-118864/ses-1/dwi/sub-118864_ses-1_acq-multiband_dir-AP_space-ACPC_desc-preproc_dwi.nii.gz	0.0	0.1647450923919677	0.1108844578266143	0.1400213986635208	0.1647450923919677	0.1400213986635208	0.1108844578266143	0.1947419941425323	0.1947419941425323	sub-118864	ses-1		dir-AP	acq-multiband	space-ACPC			DSIStudio	autotrackgqi
ProjectionBasalGanglia_ThalamicRadiationR	dki_md	DIPYDKI	/scratch/grmpy/SLURM_11194840_32/job-11194840-32-sub-118864/ds/inputs/data/qsiprep/qsiprep/sub-118864/ses-1/dwi/sub-118864_ses-1_acq-multiband_dir-AP_space-ACPC_desc-preproc_dwi.nii.gz	0.0	0.0009772171033546	0.0003723845875356	0.0009026884799823	0.0009772171033546	0.0009026884799823	0.0003723845875356	0.0009447355405427	0.0009447355405427	sub-118864	ses-1		dir-AP	acq-multiband	space-ACPC			DSIStudio	autotrackgqi
ProjectionBasalGanglia_ThalamicRadiationR	dki_mk	DIPYDKI	/scratch/grmpy/SLURM_11194840_32/job-11194840-32-sub-118864/ds/inputs/data/qsiprep/qsiprep/sub-118864/ses-1/dwi/sub-118864_ses-1_acq-multiband_dir-AP_space-ACPC_desc-preproc_dwi.nii.gz	0.0	0.9328246699812306	0.2227091151551555	0.9682953916358186	0.9328246699812306	0.9682953916358186	0.2227091151551555	0.9672665511792996	0.9672665511792996	sub-118864	ses-1		dir-AP	acq-multiband	space-ACPC			DSIStudio	autotrackgqi
ProjectionBasalGanglia_ThalamicRadiationR	dki_mkt	DIPYDKI	/scratch/grmpy/SLURM_11194840_32/job-11194840-32-sub-118864/ds/inputs/data/qsiprep/qsiprep/sub-118864/ses-1/dwi/sub-118864_ses-1_acq-multiband_dir-AP_space-ACPC_desc-preproc_dwi.nii.gz	0.0	0.9171433903574172	0.1886281194014374	0.9511235749857564	0.9171433903574172	0.9511235749857564	0.1886281194014374	0.952102569203454	0.952102569203454	sub-118864	ses-1		dir-AP	acq-multiband	space-ACPC			DSIStudio	autotrackgqi
ProjectionBasalGanglia_ThalamicRadiationR	dki_planarity	DIPYDKI	/scratch/grmpy/SLURM_11194840_32/job-11194840-32-sub-118864/ds/inputs/data/qsiprep/qsiprep/sub-118864/ses-1/dwi/sub-118864_ses-1_acq-multiband_dir-AP_space-ACPC_desc-preproc_dwi.nii.gz	0.0	0.1886721849441528	0.1102522388100624	0.1717676222324371	0.1886721849441528	0.1717676222324371	0.1102522388100624	0.1918482631444931	0.1918482631444931	sub-118864	ses-1		dir-AP	acq-multiband	space-ACPC			DSIStudio	autotrackgqi
ProjectionBasalGanglia_ThalamicRadiationR	dki_rd	DIPYDKI	/scratch/grmpy/SLURM_11194840_32/job-11194840-32-sub-118864/ds/inputs/data/qsiprep/qsiprep/sub-118864/ses-1/dwi/sub-118864_ses-1_acq-multiband_dir-AP_space-ACPC_desc-preproc_dwi.nii.gz	0.0	0.0007798061124049	0.0003757588565349	0.0007174825877882	0.0007798061124049	0.0007174825877882	0.0003757588565349	0.0007220670813694	0.0007220670813694	sub-118864	ses-1		dir-AP	acq-multiband	space-ACPC			DSIStudio	autotrackgqi
ProjectionBasalGanglia_ThalamicRadiationR	dki_rk	DIPYDKI	/scratch/grmpy/SLURM_11194840_32/job-11194840-32-sub-118864/ds/inputs/data/qsiprep/qsiprep/sub-118864/ses-1/dwi/sub-118864_ses-1_acq-multiband_dir-AP_space-ACPC_desc-preproc_dwi.nii.gz	0.0	1.1627804637337358	0.4573895926955215	1.1664612466566635	1.1627804637337358	1.1664612466566635	0.4573895926955215	1.2349902498604233	1.2349902498604233	sub-118864	ses-1		dir-AP	acq-multiband	space-ACPC			DSIStudio	autotrackgqi
ProjectionBasalGanglia_ThalamicRadiationR	dki_sphericity	DIPYDKI	/scratch/grmpy/SLURM_11194840_32/job-11194840-32-sub-118864/ds/inputs/data/qsiprep/qsiprep/sub-118864/ses-1/dwi/sub-118864_ses-1_acq-multiband_dir-AP_space-ACPC_desc-preproc_dwi.nii.gz	0.0	0.6465826630592346	0.1497373878955841	0.6522661447525024	0.6465826630592346	0.6522661447525024	0.1497373878955841	0.6134097576141357	0.6134097576141357	sub-118864	ses-1		dir-AP	acq-multiband	space-ACPC			DSIStudio	autotrackgqi
ProjectionBasalGanglia_FasciculusSubthalamicusL	dki_ad	DIPYDKI	/scratch/grmpy/SLURM_11194840_32/job-11194840-32-sub-118864/ds/inputs/data/qsiprep/qsiprep/sub-118864/ses-1/dwi/sub-118864_ses-1_acq-multiband_dir-AP_space-ACPC_desc-preproc_dwi.nii.gz	0.0	0.0015840822597965	0.0008393093012273	0.0013495062012225	0.0015840822597965	0.0013495062012225	0.0008393093012273	0.0015093710971996	0.0015093710971996	sub-118864	ses-1		dir-AP	acq-multiband	space-ACPC			DSIStudio	autotrackgqi
ProjectionBasalGanglia_FasciculusSubthalamicusL	dki_ak	DIPYDKI	/scratch/grmpy/SLURM_11194840_32/job-11194840-32-sub-118864/ds/inputs/data/qsiprep/qsiprep/sub-118864/ses-1/dwi/sub-118864_ses-1_acq-multiband_dir-AP_space-ACPC_desc-preproc_dwi.nii.gz	0.0	0.7855683448081077	0.2024613727374506	0.7765349997126247	0.7855683448081077	0.7765349997126247	0.2024613727374506	0.7506348945041847	0.7506348945041847	sub-118864	ses-1		dir-AP	acq-multiband	space-ACPC			DSIStudio	autotrackgqi
ProjectionBasalGanglia_FasciculusSubthalamicusL	dki_fa	DIPYDKI	/scratch/grmpy/SLURM_11194840_32/job-11194840-32-sub-118864/ds/inputs/data/qsiprep/qsiprep/sub-118864/ses-1/dwi/sub-118864_ses-1_acq-multiband_dir-AP_space-ACPC_desc-preproc_dwi.nii.gz	0.0	0.360876202583313	0.1245801374316215	0.3479585647583008	0.360876202583313	0.3479585647583008	0.1245801374316215	0.365936815738678	0.365936815738678	sub-118864	ses-1		dir-AP	acq-multiband	space-ACPC			DSIStudio	autotrackgqi
ProjectionBasalGanglia_FasciculusSubthalamicusL	dki_kfa	DIPYDKI	/scratch/grmpy/SLURM_11194840_32/job-11194840-32-sub-118864/ds/inputs/data/qsiprep/qsiprep/sub-118864/ses-1/dwi/sub-118864_ses-1_acq-multiband_dir-AP_space-ACPC_desc-preproc_dwi.nii.gz	0.0	0.4934566617012024	0.1502842456102371	0.4842107892036438	0.4934566617012024	0.4842107892036438	0.1502842456102371	0.4985817968845367	0.4985817968845367	sub-118864	ses-1		dir-AP	acq-multiband	space-ACPC			DSIStudio	autotrackgqi
ProjectionBasalGanglia_FasciculusSubthalamicusL	dki_linearity	DIPYDKI	/scratch/grmpy/SLURM_11194840_32/job-11194840-32-sub-118864/ds/inputs/data/qsiprep/qsiprep/sub-118864/ses-1/dwi/sub-118864_ses-1_acq-multiband_dir-AP_space-ACPC_desc-preproc_dwi.nii.gz	0.0	0.1508876532316208	0.0943603962659835	0.1317536234855651	0.1508876532316208	0.1317536234855651	0.0943603962659835	0.1518599390983581	0.1518599390983581	sub-118864	ses-1		dir-AP	acq-multiband	space-ACPC			DSIStudio	autotrackgqi
ProjectionBasalGanglia_FasciculusSubthalamicusL	dki_md	DIPYDKI	/scratch/grmpy/SLURM_11194840_32/job-11194840-32-sub-118864/ds/inputs/data/qsiprep/qsiprep/sub-118864/ses-1/dwi/sub-118864_ses-1_acq-multiband_dir-AP_space-ACPC_desc-preproc_dwi.nii.gz	0.0	0.0011466107098385	0.0006593045545741	0.0009531755931675	0.0011466107098385	0.0009531755931675	0.0006593045545741	0.0010872934944927	0.0010872934944927	sub-118864	ses-1		dir-AP	acq-multiband	space-ACPC			DSIStudio	autotrackgqi
ProjectionBasalGanglia_FasciculusSubthalamicusL	dki_mk	DIPYDKI	/scratch/grmpy/SLURM_11194840_32/job-11194840-32-sub-118864/ds/inputs/data/qsiprep/qsiprep/sub-118864/ses-1/dwi/sub-118864_ses-1_acq-multiband_dir-AP_space-ACPC_desc-preproc_dwi.nii.gz	0.0	0.9019818394088204	0.2272280853884346	0.920531641330803	0.9019818394088204	0.920531641330803	0.2272280853884346	0.8856667863122525	0.8856667863122525	sub-118864	ses-1		dir-AP	acq-multiband	space-ACPC			DSIStudio	autotrackgqi
ProjectionBasalGanglia_FasciculusSubthalamicusL	dki_mkt	DIPYDKI	/scratch/grmpy/SLURM_11194840_32/job-11194840-32-sub-118864/ds/inputs/data/qsiprep/qsiprep/sub-118864/ses-1/dwi/sub-118864_ses-1_acq-multiband_dir-AP_space-ACPC_desc-preproc_dwi.nii.gz	0.0	0.9135103142983276	0.2041399092808399	0.9354446567377463	0.9135103142983276	0.9354446567377463	0.2041399092808399	0.8921127716162852	0.8921127716162852	sub-118864	ses-1		dir-AP	acq-multiband	space-ACPC			DSIStudio	autotrackgqi
ProjectionBasalGanglia_FasciculusSubthalamicusL	dki_planarity	DIPYDKI	/scratch/grmpy/SLURM_11194840_32/job-11194840-32-sub-118864/ds/inputs/data/qsiprep/qsiprep/sub-118864/ses-1/dwi/sub-118864_ses-1_acq-multiband_dir-AP_space-ACPC_desc-preproc_dwi.nii.gz	0.0	0.1936254501342773	0.1085431724786758	0.1760418862104416	0.1936254501342773	0.1760418862104416	0.1085431724786758	0.1977327764034271	0.1977327764034271	sub-118864	ses-1		dir-AP	acq-multiband	space-ACPC			DSIStudio	autotrackgqi
ProjectionBasalGanglia_FasciculusSubthalamicusL	dki_rd	DIPYDKI	/scratch/grmpy/SLURM_11194840_32/job-11194840-32-sub-118864/ds/inputs/data/qsiprep/qsiprep/sub-118864/ses-1/dwi/sub-118864_ses-1_acq-multiband_dir-AP_space-ACPC_desc-preproc_dwi.nii.gz	0.0	0.0009278749930672	0.0005917963571846	0.0007742804009467	0.0009278749930672	0.0007742804009467	0.0005917963571846	0.000876254751347	0.000876254751347	sub-118864	ses-1		dir-AP	acq-multiband	space-ACPC			DSIStudio	autotrackgqi
ProjectionBasalGanglia_FasciculusSubthalamicusL	dki_rk	DIPYDKI	/scratch/grmpy/SLURM_11194840_32/job-11194840-32-sub-118864/ds/inputs/data/qsiprep/qsiprep/sub-118864/ses-1/dwi/sub-118864_ses-1_acq-multiband_dir-AP_space-ACPC_desc-preproc_dwi.nii.gz	0.0	1.0103387467491889	0.4125601056653376	1.0205690852724334	1.0103387467491889	1.0205690852724334	0.4125601056653376	1.010469914007892	1.010469914007892	sub-118864	ses-1		dir-AP	acq-multiband	space-ACPC			DSIStudio	autotrackgqi
ProjectionBasalGanglia_FasciculusSubthalamicusL	dki_sphericity	DIPYDKI	/scratch/grmpy/SLURM_11194840_32/job-11194840-32-sub-118864/ds/inputs/data/qsiprep/qsiprep/sub-118864/ses-1/dwi/sub-118864_ses-1_acq-multiband_dir-AP_space-ACPC_desc-preproc_dwi.nii.gz	0.0	0.6554869413375854	0.1221054270863533	0.6727117300033569	0.6554869413375854	0.6727117300033569	0.1221054270863533	0.6504072546958923	0.6504072546958923	sub-118864	ses-1		dir-AP	acq-multiband	space-ACPC			DSIStudio	autotrackgqi
ProjectionBasalGanglia_FornixR	dki_ad	DIPYDKI	/scratch/grmpy/SLURM_11194840_32/job-11194840-32-sub-118864/ds/inputs/data/qsiprep/qsiprep/sub-118864/ses-1/dwi/sub-118864_ses-1_acq-multiband_dir-AP_space-ACPC_desc-preproc_dwi.nii.gz	0.0	0.0021907335612922	0.0011682951590046	0.0018549605738371	0.0021907335612922	0.0018549605738371	0.0011682951590046	0.0022766380570828	0.0022766380570828	sub-118864	ses-1		dir-AP	acq-multiband	space-ACPC			DSIStudio	autotrackgqi
ProjectionBasalGanglia_FornixR	dki_ak	DIPYDKI	/scratch/grmpy/SLURM_11194840_32/job-11194840-32-sub-118864/ds/inputs/data/qsiprep/qsiprep/sub-118864/ses-1/dwi/sub-118864_ses-1_acq-multiband_dir-AP_space-ACPC_desc-preproc_dwi.nii.gz	0.0004681647940074	0.639527285611201	0.1403399371216591	0.6352322642038442	0.6398268300072718	0.6352783342883386	0.139688461849354	0.6460629512828564	0.6482066393746749	sub-118864	ses-1		dir-AP	acq-multiband	space-ACPC			DSIStudio	autotrackgqi
ProjectionBasalGanglia_FornixR	dki_fa	DIPYDKI	/scratch/grmpy/SLURM_11194840_32/job-11194840-32-sub-118864/ds/inputs/data/qsiprep/qsiprep/sub-118864/ses-1/dwi/sub-118864_ses-1_acq-multiband_dir-AP_space-ACPC_desc-preproc_dwi.nii.gz	0.0	0.312661737203598	0.171950951218605	0.2720305919647217	0.312661737203598	0.2720305919647217	0.171950951218605	0.3754964768886566	0.3754964768886566	sub-118864	ses-1		dir-AP	acq-multiband	space-ACPC			DSIStudio	autotrackgqi
ProjectionBasalGanglia_FornixR	dki_kfa	DIPYDKI	/scratch/grmpy/SLURM_11194840_32/job-11194840-32-sub-118864/ds/inputs/data/qsiprep/qsiprep/sub-118864/ses-1/dwi/sub-118864_ses-1_acq-multiband_dir-AP_space-ACPC_desc-preproc_dwi.nii.gz	0.0009363295880149	0.4160989224910736	0.1963651180267334	0.397652268409729	0.4164888858795166	0.398007333278656	0.196043312549591	0.4379390776157379	0.4382525086402893	sub-118864	ses-1		dir-AP	acq-multiband	space-ACPC			DSIStudio	autotrackgqi
ProjectionBasalGanglia_FornixR	dki_linearity	DIPYDKI	/scratch/grmpy/SLURM_11194840_32/job-11194840-32-sub-118864/ds/inputs/data/qsiprep/qsiprep/sub-118864/ses-1/dwi/sub-118864_ses-1_acq-multiband_dir-AP_space-ACPC_desc-preproc_dwi.nii.gz	0.0	0.1488135606050491	0.1257818937301635	0.1100563555955886	0.1488135606050491	0.1100563555955886	0.1257818937301635	0.1997966021299362	0.1997966021299362	sub-118864	ses-1		dir-AP	acq-multiband	space-ACPC			DSIStudio	autotrackgqi
ProjectionBasalGanglia_FornixR	dki_md	DIPYDKI	/scratch/grmpy/SLURM_11194840_32/job-11194840-32-sub-118864/ds/inputs/data/qsiprep/qsiprep/sub-118864/ses-1/dwi/sub-118864_ses-1_acq-multiband_dir-AP_space-ACPC_desc-preproc_dwi.nii.gz	0.0	0.0016607141587883	0.0009850416099652	0.0012523424811661	0.0016607141587883	0.0012523424811661	0.0009850416099652	0.0016254120273515	0.0016254120273515	sub-118864	ses-1		dir-AP	acq-multiband	space-ACPC			DSIStudio	autotrackgqi
ProjectionBasalGanglia_FornixR	dki_mk	DIPYDKI	/scratch/grmpy/SLURM_11194840_32/job-11194840-32-sub-118864/ds/inputs/data/qsiprep/qsiprep/sub-118864/ses-1/dwi/sub-118864_ses-1_acq-multiband_dir-AP_space-ACPC_desc-preproc_dwi.nii.gz	0.0004681647940074	0.7244172592742435	0.2201326214962564	0.735527333290769	0.7247565647821004	0.7356145775306987	0.2196250310912308	0.7606005339924126	0.7631242671899481	sub-118864	ses-1		dir-AP	acq-multiband	space-ACPC			DSIStudio	autotrackgqi
ProjectionBasalGanglia_FornixR	dki_mkt	DIPYDKI	/scratch/grmpy/SLURM_11194840_32/job-11194840-32-sub-118864/ds/inputs/data/qsiprep/qsiprep/sub-118864/ses-1/dwi/sub-118864_ses-1_acq-multiband_dir-AP_space-ACPC_desc-preproc_dwi.nii.gz	0.0	0.7252527368521038	0.1767786893503718	0.7402379134557572	0.7252527368521038	0.7402379134557572	0.1767786893503718	0.7667684830695183	0.7667684830695183	sub-118864	ses-1		dir-AP	acq-multiband	space-ACPC			DSIStudio	autotrackgqi
ProjectionBasalGanglia_FornixR	dki_planarity	DIPYDKI	/scratch/grmpy/SLURM_11194840_32/job-11194840-32-sub-118864/ds/inputs/data/qsiprep/qsiprep/sub-118864/ses-1/dwi/sub-118864_ses-1_acq-multiband_dir-AP_space-ACPC_desc-preproc_dwi.nii.gz	0.0	0.132611870765686	0.092195838689804	0.1114827394485473	0.132611870765686	0.1114827394485473	0.092195838689804	0.1287981122732162	0.1287981122732162	sub-118864	ses-1		dir-AP	acq-multiband	space-ACPC			DSIStudio	autotrackgqi
ProjectionBasalGanglia_FornixR	dki_rd	DIPYDKI	/scratch/grmpy/SLURM_11194840_32/job-11194840-32-sub-118864/ds/inputs/data/qsiprep/qsiprep/sub-118864/ses-1/dwi/sub-118864_ses-1_acq-multiband_dir-AP_space-ACPC_desc-preproc_dwi.nii.gz	0.0	0.0013957045739516	0.0009312776965089	0.0010001708287745	0.0013957045739516	0.0010001708287745	0.0009312776965089	0.0012997989542782	0.0012997989542782	sub-118864	ses-1		dir-AP	acq-multiband	space-ACPC			DSIStudio	autotrackgqi
ProjectionBasalGanglia_FornixR	dki_rk	DIPYDKI	/scratch/grmpy/SLURM_11194840_32/job-11194840-32-sub-118864/ds/inputs/data/qsiprep/qsiprep/sub-118864/ses-1/dwi/sub-118864_ses-1_acq-multiband_dir-AP_space-ACPC_desc-preproc_dwi.nii.gz	0.0004681647940074	0.8653287515949276	0.4622571333255761	0.8095748759091375	0.8657340578017637	0.8096216645065332	0.4619857735998744	0.9901392085082876	0.9934245694791312	sub-118864	ses-1		dir-AP	acq-multiband	space-ACPC			DSIStudio	autotrackgqi
ProjectionBasalGanglia_FornixR	dki_sphericity	DIPYDKI	/scratch/grmpy/SLURM_11194840_32/job-11194840-32-sub-118864/ds/inputs/data/qsiprep/qsiprep/sub-118864/ses-1/dwi/sub-118864_ses-1_acq-multiband_dir-AP_space-ACPC_desc-preproc_dwi.nii.gz	0.0	0.7185745239257812	0.154853269457817	0.7528872489929199	0.7185745239257812	0.7528872489929199	0.154853269457817	0.6714052557945251	0.6714052557945251	sub-118864	ses-1		dir-AP	acq-multiband	space-ACPC			DSIStudio	autotrackgqi
ProjectionBrainstem_NonDecussatingDentatorubrothalamicTractL	dki_ad	DIPYDKI	/scratch/grmpy/SLURM_11194840_32/job-11194840-32-sub-118864/ds/inputs/data/qsiprep/qsiprep/sub-118864/ses-1/dwi/sub-118864_ses-1_acq-multiband_dir-AP_space-ACPC_desc-preproc_dwi.nii.gz	0.0	0.0013931622961536	0.0004182025440968	0.0013249428011476	0.0013931622961536	0.0013249428011476	0.0004182025440968	0.001527014770545	0.001527014770545	sub-118864	ses-1		dir-AP	acq-multiband	space-ACPC			DSIStudio	autotrackgqi
ProjectionBrainstem_NonDecussatingDentatorubrothalamicTractL	dki_ak	DIPYDKI	/scratch/grmpy/SLURM_11194840_32/job-11194840-32-sub-118864/ds/inputs/data/qsiprep/qsiprep/sub-118864/ses-1/dwi/sub-118864_ses-1_acq-multiband_dir-AP_space-ACPC_desc-preproc_dwi.nii.gz	0.0008152173913043	0.8280053530647074	0.1457339416881793	0.8199279290575667	0.8286809081528754	0.8202369806467162	0.1438606623795534	0.7967874955083225	0.7990290985971954	sub-118864	ses-1		dir-AP	acq-multiband	space-ACPC			DSIStudio	autotrackgqi
ProjectionBrainstem_NonDecussatingDentatorubrothalamicTractL	dki_fa	DIPYDKI	/scratch/grmpy/SLURM_11194840_32/job-11194840-32-sub-118864/ds/inputs/data/qsiprep/qsiprep/sub-118864/ses-1/dwi/sub-118864_ses-1_acq-multiband_dir-AP_space-ACPC_desc-preproc_dwi.nii.gz	0.0	0.418342113494873	0.1677510142326355	0.4117855429649353	0.418342113494873	0.4117855429649353	0.1677510142326355	0.4817440509796142	0.4817440509796142	sub-118864	ses-1		dir-AP	acq-multiband	space-ACPC			DSIStudio	autotrackgqi
ProjectionBrainstem_NonDecussatingDentatorubrothalamicTractL	dki_kfa	DIPYDKI	/scratch/grmpy/SLURM_11194840_32/job-11194840-32-sub-118864/ds/inputs/data/qsiprep/qsiprep/sub-118864/ses-1/dwi/sub-118864_ses-1_acq-multiband_dir-AP_space-ACPC_desc-preproc_dwi.nii.gz	0.0008152173913043	0.5108261108398438	0.1361116617918014	0.5147769451141357	0.5112428665161133	0.5148764252662659	0.1353825181722641	0.5456147789955139	0.5456297397613525	sub-118864	ses-1		dir-AP	acq-multiband	space-ACPC			DSIStudio	autotrackgqi
ProjectionBrainstem_NonDecussatingDentatorubrothalamicTractL	dki_linearity	DIPYDKI	/scratch/grmpy/SLURM_11194840_32/job-11194840-32-sub-118864/ds/inputs/data/qsiprep/qsiprep/sub-118864/ses-1/dwi/sub-118864_ses-1_acq-multiband_dir-AP_space-ACPC_desc-preproc_dwi.nii.gz	0.0	0.1981413811445236	0.1283912062644958	0.1728815138339996	0.1981413811445236	0.1728815138339996	0.1283912062644958	0.2474848330020904	0.2474848330020904	sub-118864	ses-1		dir-AP	acq-multiband	space-ACPC			DSIStudio	autotrackgqi
ProjectionBrainstem_NonDecussatingDentatorubrothalamicTractL	dki_md	DIPYDKI	/scratch/grmpy/SLURM_11194840_32/job-11194840-32-sub-118864/ds/inputs/data/qsiprep/qsiprep/sub-118864/ses-1/dwi/sub-118864_ses-1_acq-multiband_dir-AP_space-ACPC_desc-preproc_dwi.nii.gz	0.0	0.0009398700203746	0.0002873282937798	0.0008851307211443	0.0009398700203746	0.0008851307211443	0.0002873282937798	0.00097115279641	0.00097115279641	sub-118864	ses-1		dir-AP	acq-multiband	space-ACPC			DSIStudio	autotrackgqi
ProjectionBrainstem_NonDecussatingDentatorubrothalamicTractL	dki_mk	DIPYDKI	/scratch/grmpy/SLURM_11194840_32/job-11194840-32-sub-118864/ds/inputs/data/qsiprep/qsiprep/sub-118864/ses-1/dwi/sub-118864_ses-1_acq-multiband_dir-AP_space-ACPC_desc-preproc_dwi.nii.gz	0.0008152173913043	1.0405423584857607	0.1990431402725595	1.058805237366202	1.0413913187999997	1.0591875105311723	0.1968918372147072	1.0507805547338196	1.0537367170378196	sub-118864	ses-1		dir-AP	acq-multiband	space-ACPC			DSIStudio	autotrackgqi
ProjectionBrainstem_NonDecussatingDentatorubrothalamicTractL	dki_mkt	DIPYDKI	/scratch/grmpy/SLURM_11194840_32/job-11194840-32-sub-118864/ds/inputs/data/qsiprep/qsiprep/sub-118864/ses-1/dwi/sub-118864_ses-1_acq-multiband_dir-AP_space-ACPC_desc-preproc_dwi.nii.gz	0.0	1.0281991954439762	0.1535777784003818	1.047768887142904	1.0281991954439762	1.047768887142904	0.1535777784003818	1.046733144122777	1.046733144122777	sub-118864	ses-1		dir-AP	acq-multiband	space-ACPC			DSIStudio	autotrackgqi
ProjectionBrainstem_NonDecussatingDentatorubrothalamicTractL	dki_planarity	DIPYDKI	/scratch/grmpy/SLURM_11194840_32/job-11194840-32-sub-118864/ds/inputs/data/qsiprep/qsiprep/sub-118864/ses-1/dwi/sub-118864_ses-1_acq-multiband_dir-AP_space-ACPC_desc-preproc_dwi.nii.gz	0.0	0.1970937699079513	0.1145023852586746	0.1776548326015472	0.1970937699079513	0.1776548326015472	0.1145023852586746	0.2001493424177169	0.2001493424177169	sub-118864	ses-1		dir-AP	acq-multiband	space-ACPC			DSIStudio	autotrackgqi
ProjectionBrainstem_NonDecussatingDentatorubrothalamicTractL	dki_rd	DIPYDKI	/scratch/grmpy/SLURM_11194840_32/job-11194840-32-sub-118864/ds/inputs/data/qsiprep/qsiprep/sub-118864/ses-1/dwi/sub-118864_ses-1_acq-multiband_dir-AP_space-ACPC_desc-preproc_dwi.nii.gz	0.0	0.0007132238824851	0.0002843593247234	0.0006782873533666	0.0007132238824851	0.0006782873533666	0.0002843593247234	0.0006932217511348	0.0006932217511348	sub-118864	ses-1		dir-AP	acq-multiband	space-ACPC			DSIStudio	autotrackgqi
ProjectionBrainstem_NonDecussatingDentatorubrothalamicTractL	dki_rk	DIPYDKI	/scratch/grmpy/SLURM_11194840_32/job-11194840-32-sub-118864/ds/inputs/data/qsiprep/qsiprep/sub-118864/ses-1/dwi/sub-118864_ses-1_acq-multiband_dir-AP_space-ACPC_desc-preproc_dwi.nii.gz	0.0008152173913043	1.2889176126394135	0.4550060829397716	1.27047763463979	1.2899692179801583	1.2707550733670845	0.4536991399448919	1.3366277854640525	1.340388122416054	sub-118864	ses-1		dir-AP	acq-multiband	space-ACPC			DSIStudio	autotrackgqi
ProjectionBrainstem_NonDecussatingDentatorubrothalamicTractL	dki_sphericity	DIPYDKI	/scratch/grmpy/SLURM_11194840_32/job-11194840-32-sub-118864/ds/inputs/data/qsiprep/qsiprep/sub-118864/ses-1/dwi/sub-118864_ses-1_acq-multiband_dir-AP_space-ACPC_desc-preproc_dwi.nii.gz	0.0	0.6047648787498474	0.1627731323242187	0.6121736168861389	0.6047648787498474	0.6121736168861389	0.1627731323242187	0.5523658394813538	0.5523658394813538	sub-118864	ses-1		dir-AP	acq-multiband	space-ACPC			DSIStudio	autotrackgqi
ProjectionBasalGanglia_FasciculusSubthalamicusR	dki_ad	DIPYDKI	/scratch/grmpy/SLURM_11194840_32/job-11194840-32-sub-118864/ds/inputs/data/qsiprep/qsiprep/sub-118864/ses-1/dwi/sub-118864_ses-1_acq-multiband_dir-AP_space-ACPC_desc-preproc_dwi.nii.gz	0.0	0.0017800492933019	0.0010423235362395	0.0014634052058681	0.0017800492933019	0.0014634052058681	0.0010423235362395	0.0019414307316765	0.0019414307316765	sub-118864	ses-1		dir-AP	acq-multiband	space-ACPC			DSIStudio	autotrackgqi
ProjectionBasalGanglia_FasciculusSubthalamicusR	dki_ak	DIPYDKI	/scratch/grmpy/SLURM_11194840_32/job-11194840-32-sub-118864/ds/inputs/data/qsiprep/qsiprep/sub-118864/ses-1/dwi/sub-118864_ses-1_acq-multiband_dir-AP_space-ACPC_desc-preproc_dwi.nii.gz	0.0	0.7214549779698191	0.1737297368822064	0.7143415204072542	0.7214549779698191	0.7143415204072542	0.1737297368822064	0.6927953965380073	0.6927953965380073	sub-118864	ses-1		dir-AP	acq-multiband	space-ACPC			DSIStudio	autotrackgqi
ProjectionBasalGanglia_FasciculusSubthalamicusR	dki_fa	DIPYDKI	/scratch/grmpy/SLURM_11194840_32/job-11194840-32-sub-118864/ds/inputs/data/qsiprep/qsiprep/sub-118864/ses-1/dwi/sub-118864_ses-1_acq-multiband_dir-AP_space-ACPC_desc-preproc_dwi.nii.gz	0.0	0.3760969638824463	0.1596522182226181	0.3505021631717682	0.3760969638824463	0.3505021631717682	0.1596522182226181	0.3737161755561828	0.3737161755561828	sub-118864	ses-1		dir-AP	acq-multiband	space-ACPC			DSIStudio	autotrackgqi
ProjectionBasalGanglia_FasciculusSubthalamicusR	dki_kfa	DIPYDKI	/scratch/grmpy/SLURM_11194840_32/job-11194840-32-sub-118864/ds/inputs/data/qsiprep/qsiprep/sub-118864/ses-1/dwi/sub-118864_ses-1_acq-multiband_dir-AP_space-ACPC_desc-preproc_dwi.nii.gz	0.0	0.4833004176616668	0.1701376885175705	0.5022737979888916	0.4833004176616668	0.5022737979888916	0.1701376885175705	0.4521650969982147	0.4521650969982147	sub-118864	ses-1		dir-AP	acq-multiband	space-ACPC			DSIStudio	autotrackgqi
ProjectionBasalGanglia_FasciculusSubthalamicusR	dki_linearity	DIPYDKI	/scratch/grmpy/SLURM_11194840_32/job-11194840-32-sub-118864/ds/inputs/data/qsiprep/qsiprep/sub-118864/ses-1/dwi/sub-118864_ses-1_acq-multiband_dir-AP_space-ACPC_desc-preproc_dwi.nii.gz	0.0	0.1750634610652923	0.1153594553470611	0.1470351070165634	0.1750634610652923	0.1470351070165634	0.1153594553470611	0.17164047062397	0.17164047062397	sub-118864	ses-1		dir-AP	acq-multiband	space-ACPC			DSIStudio	autotrackgqi
ProjectionBasalGanglia_FasciculusSubthalamicusR	dki_md	DIPYDKI	/scratch/grmpy/SLURM_11194840_32/job-11194840-32-sub-118864/ds/inputs/data/qsiprep/qsiprep/sub-118864/ses-1/dwi/sub-118864_ses-1_acq-multiband_dir-AP_space-ACPC_desc-preproc_dwi.nii.gz	0.0	0.0012893415987491	0.0009036280098371	0.0009652845328673	0.0012893415987491	0.0009652845328673	0.0009036280098371	0.0014230810338631	0.0014230810338631	sub-118864	ses-1		dir-AP	acq-multiband	space-ACPC			DSIStudio	autotrackgqi
ProjectionBasalGanglia_FasciculusSubthalamicusR	dki_mk	DIPYDKI	/scratch/grmpy/SLURM_11194840_32/job-11194840-32-sub-118864/ds/inputs/data/qsiprep/qsiprep/sub-118864/ses-1/dwi/sub-118864_ses-1_acq-multiband_dir-AP_space-ACPC_desc-preproc_dwi.nii.gz	0.0	0.8730654103358596	0.2377910023546723	0.8568663217424344	0.8730654103358596	0.8568663217424344	0.2377910023546723	0.8712500329162014	0.8712500329162014	sub-118864	ses-1		dir-AP	acq-multiband	space-ACPC			DSIStudio	autotrackgqi
ProjectionBasalGanglia_FasciculusSubthalamicusR	dki_mkt	DIPYDKI	/scratch/grmpy/SLURM_11194840_32/job-11194840-32-sub-118864/ds/inputs/data/qsiprep/qsiprep/sub-118864/ses-1/dwi/sub-118864_ses-1_acq-multiband_dir-AP_space-ACPC_desc-preproc_dwi.nii.gz	0.0	0.8647894583840288	0.2132728226613938	0.8563985907792477	0.8647894583840288	0.8563985907792477	0.2132728226613938	0.8563406651448637	0.8563406651448637	sub-118864	ses-1		dir-AP	acq-multiband	space-ACPC			DSIStudio	autotrackgqi
ProjectionBasalGanglia_FasciculusSubthalamicusR	dki_planarity	DIPYDKI	/scratch/grmpy/SLURM_11194840_32/job-11194840-32-sub-118864/ds/inputs/data/qsiprep/qsiprep/sub-118864/ses-1/dwi/sub-118864_ses-1_acq-multiband_dir-AP_space-ACPC_desc-preproc_dwi.nii.gz	0.0	0.1728428155183792	0.1065880879759788	0.152269959449768	0.1728428155183792	0.152269959449768	0.1065880879759788	0.1777999103069305	0.1777999103069305	sub-118864	ses-1		dir-AP	acq-multiband	space-ACPC			DSIStudio	autotrackgqi
ProjectionBasalGanglia_FasciculusSubthalamicusR	dki_rd	DIPYDKI	/scratch/grmpy/SLURM_11194840_32/job-11194840-32-sub-118864/ds/inputs/data/qsiprep/qsiprep/sub-118864/ses-1/dwi/sub-118864_ses-1_acq-multiband_dir-AP_space-ACPC_desc-preproc_dwi.nii.gz	0.0	0.0010439878096804	0.0008567571640014	0.0007581749232485	0.0010439878096804	0.0007581749232485	0.0008567571640014	0.0011639060685411	0.0011639060685411	sub-118864	ses-1		dir-AP	acq-multiband	space-ACPC			DSIStudio	autotrackgqi
ProjectionBasalGanglia_FasciculusSubthalamicusR	dki_rk	DIPYDKI	/scratch/grmpy/SLURM_11194840_32/job-11194840-32-sub-118864/ds/inputs/data/qsiprep/qsiprep/sub-118864/ses-1/dwi/sub-118864_ses-1_acq-multiband_dir-AP_space-ACPC_desc-preproc_dwi.nii.gz	0.0	1.0782006973448357	0.476839616495617	1.0033403343930067	1.0782006973448357	1.0033403343930067	0.476839616495617	1.0835856675719908	1.0835856675719908	sub-118864	ses-1		dir-AP	acq-multiband	space-ACPC			DSIStudio	autotrackgqi
ProjectionBasalGanglia_FasciculusSubthalamicusR	dki_sphericity	DIPYDKI	/scratch/grmpy/SLURM_11194840_32/job-11194840-32-sub-118864/ds/inputs/data/qsiprep/qsiprep/sub-118864/ses-1/dwi/sub-118864_ses-1_acq-multiband_dir-AP_space-ACPC_desc-preproc_dwi.nii.gz	0.0	0.6520937085151672	0.1530812084674835	0.6811020374298096	0.6520937085151672	0.6811020374298096	0.1530812084674835	0.6505595445632935	0.6505595445632935	sub-118864	ses-1		dir-AP	acq-multiband	space-ACPC			DSIStudio	autotrackgqi
ProjectionBasalGanglia_CorticostriatalTractL	dki_ad	DIPYDKI	/scratch/grmpy/SLURM_11194840_32/job-11194840-32-sub-118864/ds/inputs/data/qsiprep/qsiprep/sub-118864/ses-1/dwi/sub-118864_ses-1_acq-multiband_dir-AP_space-ACPC_desc-preproc_dwi.nii.gz	0.0002466293982242	0.0012956435093656	0.0002867708972189	0.0012640478089451	0.001295963069424	0.0012640907661989	0.0002860832319129	0.0013388724764809	0.0013389037922024	sub-118864	ses-1		dir-AP	acq-multiband	space-ACPC			DSIStudio	autotrackgqi
ProjectionBasalGanglia_CorticostriatalTractL	dki_ak	DIPYDKI	/scratch/grmpy/SLURM_11194840_32/job-11194840-32-sub-118864/ds/inputs/data/qsiprep/qsiprep/sub-118864/ses-1/dwi/sub-118864_ses-1_acq-multiband_dir-AP_space-ACPC_desc-preproc_dwi.nii.gz	0.000986517592897	0.7636101630216247	0.1691681957448607	0.7632366267048547	0.7643642217737856	0.7634145502403608	0.1675403319794249	0.791989706711931	0.7921382444277352	sub-118864	ses-1		dir-AP	acq-multiband	space-ACPC			DSIStudio	autotrackgqi
ProjectionBasalGanglia_CorticostriatalTractL	dki_fa	DIPYDKI	/scratch/grmpy/SLURM_11194840_32/job-11194840-32-sub-118864/ds/inputs/data/qsiprep/qsiprep/sub-118864/ses-1/dwi/sub-118864_ses-1_acq-multiband_dir-AP_space-ACPC_desc-preproc_dwi.nii.gz	0.0002466293982242	0.3393489718437195	0.163051351904869	0.3317282795906067	0.3394326865673065	0.3317441046237945	0.1629843264818191	0.4050997197628021	0.405109167098999	sub-118864	ses-1		dir-AP	acq-multiband	space-ACPC			DSIStudio	autotrackgqi
ProjectionBasalGanglia_CorticostriatalTractL	dki_kfa	DIPYDKI	/scratch/grmpy/SLURM_11194840_32/job-11194840-32-sub-118864/ds/inputs/data/qsiprep/qsiprep/sub-118864/ses-1/dwi/sub-118864_ses-1_acq-multiband_dir-AP_space-ACPC_desc-preproc_dwi.nii.gz	0.0073166721473199	0.4892449676990509	0.1555623710155487	0.4903942346572876	0.4928509891033172	0.491628885269165	0.1503355503082275	0.5263709425926208	0.5273127555847168	sub-118864	ses-1		dir-AP	acq-multiband	space-ACPC			DSIStudio	autotrackgqi
ProjectionBasalGanglia_CorticostriatalTractL	dki_linearity	DIPYDKI	/scratch/grmpy/SLURM_11194840_32/job-11194840-32-sub-118864/ds/inputs/data/qsiprep/qsiprep/sub-118864/ses-1/dwi/sub-118864_ses-1_acq-multiband_dir-AP_space-ACPC_desc-preproc_dwi.nii.gz	0.0002466293982242	0.147047758102417	0.108056902885437	0.1199380680918693	0.147084042429924	0.1200013682246208	0.1080455332994461	0.1864394843578338	0.1864438354969024	sub-118864	ses-1		dir-AP	acq-multiband	space-ACPC			DSIStudio	autotrackgqi
ProjectionBasalGanglia_CorticostriatalTractL	dki_md	DIPYDKI	/scratch/grmpy/SLURM_11194840_32/job-11194840-32-sub-118864/ds/inputs/data/qsiprep/qsiprep/sub-118864/ses-1/dwi/sub-118864_ses-1_acq-multiband_dir-AP_space-ACPC_desc-preproc_dwi.nii.gz	0.0002466293982242	0.0009451771620661	0.00021731115703	0.0009097571601159	0.0009454103419557	0.0009097736910916	0.0002168302598875	0.0009109614766202	0.0009109828388318	sub-118864	ses-1		dir-AP	acq-multiband	space-ACPC			DSIStudio	autotrackgqi
ProjectionBasalGanglia_CorticostriatalTractL	dki_mk	DIPYDKI	/scratch/grmpy/SLURM_11194840_32/job-11194840-32-sub-118864/ds/inputs/data/qsiprep/qsiprep/sub-118864/ses-1/dwi/sub-118864_ses-1_acq-multiband_dir-AP_space-ACPC_desc-preproc_dwi.nii.gz	0.000986517592897	0.8879664879610826	0.2509503627062703	0.9348980832750796	0.8888433475607808	0.9351763069546424	0.249517298169328	0.9804982105519224	0.9806821029017372	sub-118864	ses-1		dir-AP	acq-multiband	space-ACPC			DSIStudio	autotrackgqi
ProjectionBasalGanglia_CorticostriatalTractL	dki_mkt	DIPYDKI	/scratch/grmpy/SLURM_11194840_32/job-11194840-32-sub-118864/ds/inputs/data/qsiprep/qsiprep/sub-118864/ses-1/dwi/sub-118864_ses-1_acq-multiband_dir-AP_space-ACPC_desc-preproc_dwi.nii.gz	0.0002466293982242	0.8744935136829018	0.2220455645738417	0.9239878304378896	0.8747092426970494	0.9241028469436778	0.2216476831760207	0.9593130695123472	0.9593354850156236	sub-118864	ses-1		dir-AP	acq-multiband	space-ACPC			DSIStudio	autotrackgqi
ProjectionBasalGanglia_CorticostriatalTractL	dki_planarity	DIPYDKI	/scratch/grmpy/SLURM_11194840_32/job-11194840-32-sub-118864/ds/inputs/data/qsiprep/qsiprep/sub-118864/ses-1/dwi/sub-118864_ses-1_acq-multiband_dir-AP_space-ACPC_desc-preproc_dwi.nii.gz	0.0003288391976323	0.1773273646831512	0.1076671034097671	0.1602506935596466	0.1773856878280639	0.1602769196033477	0.1076367646455764	0.1971206665039062	0.1971302330493927	sub-118864	ses-1		dir-AP	acq-multiband	space-ACPC			DSIStudio	autotrackgqi
ProjectionBasalGanglia_CorticostriatalTractL	dki_rd	DIPYDKI	/scratch/grmpy/SLURM_11194840_32/job-11194840-32-sub-118864/ds/inputs/data/qsiprep/qsiprep/sub-118864/ses-1/dwi/sub-118864_ses-1_acq-multiband_dir-AP_space-ACPC_desc-preproc_dwi.nii.gz	0.0002466293982242	0.0007699439884163	0.0002460057439748	0.0007371961837634	0.0007701339200139	0.0007373099215328	0.0002457386581227	0.0006970058893784	0.0006970222457312	sub-118864	ses-1		dir-AP	acq-multiband	space-ACPC			DSIStudio	autotrackgqi
ProjectionBasalGanglia_CorticostriatalTractL	dki_rk	DIPYDKI	/scratch/grmpy/SLURM_11194840_32/job-11194840-32-sub-118864/ds/inputs/data/qsiprep/qsiprep/sub-118864/ses-1/dwi/sub-118864_ses-1_acq-multiband_dir-AP_space-ACPC_desc-preproc_dwi.nii.gz	0.000986517592897	1.0865965917829203	0.482271971219477	1.1003718493344312	1.087669596975596	1.1010593051501307	0.4812991337105448	1.2554197021636584	1.2556551558790403	sub-118864	ses-1		dir-AP	acq-multiband	space-ACPC			DSIStudio	autotrackgqi
ProjectionBasalGanglia_CorticostriatalTractL	dki_sphericity	DIPYDKI	/scratch/grmpy/SLURM_11194840_32/job-11194840-32-sub-118864/ds/inputs/data/qsiprep/qsiprep/sub-118864/ses-1/dwi/sub-118864_ses-1_acq-multiband_dir-AP_space-ACPC_desc-preproc_dwi.nii.gz	0.0002466293982242	0.6753782033920288	0.1574102938175201	0.6831274628639221	0.6755448579788208	0.6832111477851868	0.1570718437433242	0.6164164543151855	0.6164308786392212	sub-118864	ses-1		dir-AP	acq-multiband	space-ACPC			DSIStudio	autotrackgqi
ProjectionBasalGanglia_AnsaLenticularisR	dki_ad	DIPYDKI	/scratch/grmpy/SLURM_11194840_32/job-11194840-32-sub-118864/ds/inputs/data/qsiprep/qsiprep/sub-118864/ses-1/dwi/sub-118864_ses-1_acq-multiband_dir-AP_space-ACPC_desc-preproc_dwi.nii.gz	0.0	0.0018416834063827	0.0013343257596716	0.0013439403846859	0.0018416834063827	0.0013439403846859	0.0013343257596716	0.0018279339419677	0.0018279340583831	sub-118864	ses-1		dir-AP	acq-multiband	space-ACPC			DSIStudio	autotrackgqi
ProjectionBasalGanglia_AnsaLenticularisR	dki_ak	DIPYDKI	/scratch/grmpy/SLURM_11194840_32/job-11194840-32-sub-118864/ds/inputs/data/qsiprep/qsiprep/sub-118864/ses-1/dwi/sub-118864_ses-1_acq-multiband_dir-AP_space-ACPC_desc-preproc_dwi.nii.gz	0.0	0.7016900118945962	0.1752725376520033	0.7050887921771414	0.7016900118945962	0.7050887921771414	0.1752725376520033	0.6530679182055282	0.6530679749189766	sub-118864	ses-1		dir-AP	acq-multiband	space-ACPC			DSIStudio	autotrackgqi
ProjectionBasalGanglia_AnsaLenticularisR	dki_fa	DIPYDKI	/scratch/grmpy/SLURM_11194840_32/job-11194840-32-sub-118864/ds/inputs/data/qsiprep/qsiprep/sub-118864/ses-1/dwi/sub-118864_ses-1_acq-multiband_dir-AP_space-ACPC_desc-preproc_dwi.nii.gz	0.0	0.3028989136219024	0.1141127869486808	0.2921710014343261	0.3028989136219024	0.2921710014343261	0.1141127869486808	0.296600729227066	0.2966007590293884	sub-118864	ses-1		dir-AP	acq-multiband	space-ACPC			DSIStudio	autotrackgqi
ProjectionBasalGanglia_AnsaLenticularisR	dki_kfa	DIPYDKI	/scratch/grmpy/SLURM_11194840_32/job-11194840-32-sub-118864/ds/inputs/data/qsiprep/qsiprep/sub-118864/ses-1/dwi/sub-118864_ses-1_acq-multiband_dir-AP_space-ACPC_desc-preproc_dwi.nii.gz	0.0007022471910112	0.4611312448978424	0.1813274174928665	0.4632763266563415	0.4614552855491638	0.4633786976337433	0.1809784471988678	0.4551787376403808	0.4551850855350494	sub-118864	ses-1		dir-AP	acq-multiband	space-ACPC			DSIStudio	autotrackgqi
ProjectionBasalGanglia_AnsaLenticularisR	dki_linearity	DIPYDKI	/scratch/grmpy/SLURM_11194840_32/job-11194840-32-sub-118864/ds/inputs/data/qsiprep/qsiprep/sub-118864/ses-1/dwi/sub-118864_ses-1_acq-multiband_dir-AP_space-ACPC_desc-preproc_dwi.nii.gz	0.0	0.1190410703420639	0.0766118317842483	0.1013137996196746	0.1190410703420639	0.1013137996196746	0.0766118317842483	0.1125294044613838	0.1125294119119644	sub-118864	ses-1		dir-AP	acq-multiband	space-ACPC			DSIStudio	autotrackgqi
ProjectionBasalGanglia_AnsaLenticularisR	dki_md	DIPYDKI	/scratch/grmpy/SLURM_11194840_32/job-11194840-32-sub-118864/ds/inputs/data/qsiprep/qsiprep/sub-118864/ses-1/dwi/sub-118864_ses-1_acq-multiband_dir-AP_space-ACPC_desc-preproc_dwi.nii.gz	0.0	0.0014267403166741	0.0011203100439161	0.0009829240152612	0.0014267403166741	0.0009829240152612	0.0011203100439161	0.0014324667863547	0.0014324669027701	sub-118864	ses-1		dir-AP	acq-multiband	space-ACPC			DSIStudio	autotrackgqi
ProjectionBasalGanglia_AnsaLenticularisR	dki_mk	DIPYDKI	/scratch/grmpy/SLURM_11194840_32/job-11194840-32-sub-118864/ds/inputs/data/qsiprep/qsiprep/sub-118864/ses-1/dwi/sub-118864_ses-1_acq-multiband_dir-AP_space-ACPC_desc-preproc_dwi.nii.gz	0.0	0.7541023434972709	0.2000424985654589	0.7747465813343455	0.7541023434972709	0.7747465813343455	0.2000424985654589	0.7053451140058025	0.7053451754810651	sub-118864	ses-1		dir-AP	acq-multiband	space-ACPC			DSIStudio	autotrackgqi
ProjectionBasalGanglia_AnsaLenticularisR	dki_mkt	DIPYDKI	/scratch/grmpy/SLURM_11194840_32/job-11194840-32-sub-118864/ds/inputs/data/qsiprep/qsiprep/sub-118864/ses-1/dwi/sub-118864_ses-1_acq-multiband_dir-AP_space-ACPC_desc-preproc_dwi.nii.gz	0.0	0.7667124630067955	0.1837832277767968	0.7829086694856315	0.7667124630067955	0.7829086694856315	0.1837832277767968	0.7218790969018103	0.721879159769369	sub-118864	ses-1		dir-AP	acq-multiband	space-ACPC			DSIStudio	autotrackgqi
ProjectionBasalGanglia_AnsaLenticularisR	dki_planarity	DIPYDKI	/scratch/grmpy/SLURM_11194840_32/job-11194840-32-sub-118864/ds/inputs/data/qsiprep/qsiprep/sub-118864/ses-1/dwi/sub-118864_ses-1_acq-multiband_dir-AP_space-ACPC_desc-preproc_dwi.nii.gz	0.0	0.1732567995786667	0.0910164341330528	0.1595096886157989	0.1732567995786667	0.1595096886157989	0.0910164341330528	0.1768356710672378	0.1768356710672378	sub-118864	ses-1		dir-AP	acq-multiband	space-ACPC			DSIStudio	autotrackgqi
ProjectionBasalGanglia_AnsaLenticularisR	dki_rd	DIPYDKI	/scratch/grmpy/SLURM_11194840_32/job-11194840-32-sub-118864/ds/inputs/data/qsiprep/qsiprep/sub-118864/ses-1/dwi/sub-118864_ses-1_acq-multiband_dir-AP_space-ACPC_desc-preproc_dwi.nii.gz	0.0	0.0012192687718197	0.0010257520480081	0.000832806166727	0.0012192687718197	0.000832806166727	0.0010257520480081	0.0012347331503406	0.0012347332667559	sub-118864	ses-1		dir-AP	acq-multiband	space-ACPC			DSIStudio	autotrackgqi
ProjectionBasalGanglia_AnsaLenticularisR	dki_rk	DIPYDKI	/scratch/grmpy/SLURM_11194840_32/job-11194840-32-sub-118864/ds/inputs/data/qsiprep/qsiprep/sub-118864/ses-1/dwi/sub-118864_ses-1_acq-multiband_dir-AP_space-ACPC_desc-preproc_dwi.nii.gz	0.0	0.8247790869360538	0.356701434074021	0.828927025648597	0.8247790869360538	0.828927025648597	0.356701434074021	0.7541544927257942	0.7541545585056297	sub-118864	ses-1		dir-AP	acq-multiband	space-ACPC			DSIStudio	autotrackgqi
ProjectionBasalGanglia_AnsaLenticularisR	dki_sphericity	DIPYDKI	/scratch/grmpy/SLURM_11194840_32/job-11194840-32-sub-118864/ds/inputs/data/qsiprep/qsiprep/sub-118864/ses-1/dwi/sub-118864_ses-1_acq-multiband_dir-AP_space-ACPC_desc-preproc_dwi.nii.gz	0.0	0.707702100276947	0.1109866648912429	0.7183778882026672	0.707702100276947	0.7183778882026672	0.1109866648912429	0.7106349468231201	0.7106349468231201	sub-118864	ses-1		dir-AP	acq-multiband	space-ACPC			DSIStudio	autotrackgqi
ProjectionBrainstem_CorticospinalTractL	dki_ad	DIPYDKI	/scratch/grmpy/SLURM_11194840_32/job-11194840-32-sub-118864/ds/inputs/data/qsiprep/qsiprep/sub-118864/ses-1/dwi/sub-118864_ses-1_acq-multiband_dir-AP_space-ACPC_desc-preproc_dwi.nii.gz	0.0	0.0014775351155549	0.0004458058683667	0.0013853616546839	0.0014775351155549	0.0013853616546839	0.0004458058683667	0.001565262209624	0.001565262209624	sub-118864	ses-1		dir-AP	acq-multiband	space-ACPC			DSIStudio	autotrackgqi
ProjectionBrainstem_CorticospinalTractL	dki_ak	DIPYDKI	/scratch/grmpy/SLURM_11194840_32/job-11194840-32-sub-118864/ds/inputs/data/qsiprep/qsiprep/sub-118864/ses-1/dwi/sub-118864_ses-1_acq-multiband_dir-AP_space-ACPC_desc-preproc_dwi.nii.gz	0.0005652911249293	0.8252751530461868	0.1699142381171037	0.8004740241562254	0.8257419376350138	0.8006287059639225	0.1688245668420805	0.8095901102077105	0.8096008197412543	sub-118864	ses-1		dir-AP	acq-multiband	space-ACPC			DSIStudio	autotrackgqi
ProjectionBrainstem_CorticospinalTractL	dki_fa	DIPYDKI	/scratch/grmpy/SLURM_11194840_32/job-11194840-32-sub-118864/ds/inputs/data/qsiprep/qsiprep/sub-118864/ses-1/dwi/sub-118864_ses-1_acq-multiband_dir-AP_space-ACPC_desc-preproc_dwi.nii.gz	0.0	0.4619215130805969	0.1814472675323486	0.4506428241729736	0.4619215130805969	0.4506428241729736	0.1814472675323486	0.519311249256134	0.519311249256134	sub-118864	ses-1		dir-AP	acq-multiband	space-ACPC			DSIStudio	autotrackgqi
ProjectionBrainstem_CorticospinalTractL	dki_kfa	DIPYDKI	/scratch/grmpy/SLURM_11194840_32/job-11194840-32-sub-118864/ds/inputs/data/qsiprep/qsiprep/sub-118864/ses-1/dwi/sub-118864_ses-1_acq-multiband_dir-AP_space-ACPC_desc-preproc_dwi.nii.gz	0.0005652911249293	0.5468042492866516	0.1263316869735717	0.5484147667884827	0.5471135377883911	0.5485584735870361	0.1256961077451706	0.5717948079109192	0.5718175172805786	sub-118864	ses-1		dir-AP	acq-multiband	space-ACPC			DSIStudio	autotrackgqi
ProjectionBrainstem_CorticospinalTractL	dki_linearity	DIPYDKI	/scratch/grmpy/SLURM_11194840_32/job-11194840-32-sub-118864/ds/inputs/data/qsiprep/qsiprep/sub-118864/ses-1/dwi/sub-118864_ses-1_acq-multiband_dir-AP_space-ACPC_desc-preproc_dwi.nii.gz	0.0	0.2342669069766998	0.1495681554079055	0.2047487497329712	0.2342669069766998	0.2047487497329712	0.1495681554079055	0.2805938720703125	0.2805938720703125	sub-118864	ses-1		dir-AP	acq-multiband	space-ACPC			DSIStudio	autotrackgqi
ProjectionBrainstem_CorticospinalTractL	dki_md	DIPYDKI	/scratch/grmpy/SLURM_11194840_32/job-11194840-32-sub-118864/ds/inputs/data/qsiprep/qsiprep/sub-118864/ses-1/dwi/sub-118864_ses-1_acq-multiband_dir-AP_space-ACPC_desc-preproc_dwi.nii.gz	0.0	0.0009496231796219	0.0002983737504109	0.000894235970918	0.0009496231796219	0.000894235970918	0.0002983737504109	0.0009451900841668	0.0009451900841668	sub-118864	ses-1		dir-AP	acq-multiband	space-ACPC			DSIStudio	autotrackgqi
ProjectionBrainstem_CorticospinalTractL	dki_mk	DIPYDKI	/scratch/grmpy/SLURM_11194840_32/job-11194840-32-sub-118864/ds/inputs/data/qsiprep/qsiprep/sub-118864/ses-1/dwi/sub-118864_ses-1_acq-multiband_dir-AP_space-ACPC_desc-preproc_dwi.nii.gz	0.0005652911249293	1.0658746759190667	0.2124235521254159	1.1026515308850149	1.066477546210876	1.1028161427011272	0.2109652586562163	1.0994758048701003	1.0994903487333263	sub-118864	ses-1		dir-AP	acq-multiband	space-ACPC			DSIStudio	autotrackgqi
ProjectionBrainstem_CorticospinalTractL	dki_mkt	DIPYDKI	/scratch/grmpy/SLURM_11194840_32/job-11194840-32-sub-118864/ds/inputs/data/qsiprep/qsiprep/sub-118864/ses-1/dwi/sub-118864_ses-1_acq-multiband_dir-AP_space-ACPC_desc-preproc_dwi.nii.gz	0.0	1.0537040458934683	0.1427690151631653	1.0838164798584315	1.0537040458934683	1.0838164798584315	0.1427690151631653	1.0851909626272307	1.0851909626272307	sub-118864	ses-1		dir-AP	acq-multiband	space-ACPC			DSIStudio	autotrackgqi
ProjectionBrainstem_CorticospinalTractL	dki_planarity	DIPYDKI	/scratch/grmpy/SLURM_11194840_32/job-11194840-32-sub-118864/ds/inputs/data/qsiprep/qsiprep/sub-118864/ses-1/dwi/sub-118864_ses-1_acq-multiband_dir-AP_space-ACPC_desc-preproc_dwi.nii.gz	0.0	0.1996321976184845	0.1064433157444	0.1896363645792007	0.1996321976184845	0.1896363645792007	0.1064433157444	0.2049329280853271	0.2049329280853271	sub-118864	ses-1		dir-AP	acq-multiband	space-ACPC			DSIStudio	autotrackgqi
ProjectionBrainstem_CorticospinalTractL	dki_rd	DIPYDKI	/scratch/grmpy/SLURM_11194840_32/job-11194840-32-sub-118864/ds/inputs/data/qsiprep/qsiprep/sub-118864/ses-1/dwi/sub-118864_ses-1_acq-multiband_dir-AP_space-ACPC_desc-preproc_dwi.nii.gz	0.0	0.0006856672116555	0.0003056820423807	0.0006605217349715	0.0006856672116555	0.0006605217349715	0.0003056820423807	0.0006351539050228	0.0006351539050228	sub-118864	ses-1		dir-AP	acq-multiband	space-ACPC			DSIStudio	autotrackgqi
ProjectionBrainstem_CorticospinalTractL	dki_rk	DIPYDKI	/scratch/grmpy/SLURM_11194840_32/job-11194840-32-sub-118864/ds/inputs/data/qsiprep/qsiprep/sub-118864/ses-1/dwi/sub-118864_ses-1_acq-multiband_dir-AP_space-ACPC_desc-preproc_dwi.nii.gz	0.0005652911249293	1.3617382161341942	0.4908537730072463	1.3799910308587249	1.362508430057347	1.380083350608122	0.4899227289452243	1.4290891155394836	1.4291080192816192	sub-118864	ses-1		dir-AP	acq-multiband	space-ACPC			DSIStudio	autotrackgqi
ProjectionBrainstem_CorticospinalTractL	dki_sphericity	DIPYDKI	/scratch/grmpy/SLURM_11194840_32/job-11194840-32-sub-118864/ds/inputs/data/qsiprep/qsiprep/sub-118864/ses-1/dwi/sub-118864_ses-1_acq-multiband_dir-AP_space-ACPC_desc-preproc_dwi.nii.gz	0.0	0.5661008954048157	0.1726353913545608	0.569839596748352	0.5661008954048157	0.569839596748352	0.1726353913545608	0.5144731998443604	0.5144731998443604	sub-118864	ses-1		dir-AP	acq-multiband	space-ACPC			DSIStudio	autotrackgqi
ProjectionBasalGanglia_AnsaLenticularisL	dki_ad	DIPYDKI	/scratch/grmpy/SLURM_11194840_32/job-11194840-32-sub-118864/ds/inputs/data/qsiprep/qsiprep/sub-118864/ses-1/dwi/sub-118864_ses-1_acq-multiband_dir-AP_space-ACPC_desc-preproc_dwi.nii.gz	0.0	0.0014507169835269	0.0007003238424658	0.0012632657308131	0.0014507169835269	0.0012632657308131	0.0007003238424658	0.0013702251017093	0.0013702251017093	sub-118864	ses-1		dir-AP	acq-multiband	space-ACPC			DSIStudio	autotrackgqi
ProjectionBasalGanglia_AnsaLenticularisL	dki_ak	DIPYDKI	/scratch/grmpy/SLURM_11194840_32/job-11194840-32-sub-118864/ds/inputs/data/qsiprep/qsiprep/sub-118864/ses-1/dwi/sub-118864_ses-1_acq-multiband_dir-AP_space-ACPC_desc-preproc_dwi.nii.gz	0.0	0.7482648012379289	0.1876788231118931	0.7489468474058328	0.7482648012379289	0.7489468474058328	0.1876788231118931	0.7357269613815185	0.7357269613815185	sub-118864	ses-1		dir-AP	acq-multiband	space-ACPC			DSIStudio	autotrackgqi
ProjectionBasalGanglia_AnsaLenticularisL	dki_fa	DIPYDKI	/scratch/grmpy/SLURM_11194840_32/job-11194840-32-sub-118864/ds/inputs/data/qsiprep/qsiprep/sub-118864/ses-1/dwi/sub-118864_ses-1_acq-multiband_dir-AP_space-ACPC_desc-preproc_dwi.nii.gz	0.0	0.3155679106712341	0.1141102761030197	0.3017076551914215	0.3155679106712341	0.3017076551914215	0.1141102761030197	0.3247923552989959	0.3247923552989959	sub-118864	ses-1		dir-AP	acq-multiband	space-ACPC			DSIStudio	autotrackgqi
ProjectionBasalGanglia_AnsaLenticularisL	dki_kfa	DIPYDKI	/scratch/grmpy/SLURM_11194840_32/job-11194840-32-sub-118864/ds/inputs/data/qsiprep/qsiprep/sub-118864/ses-1/dwi/sub-118864_ses-1_acq-multiband_dir-AP_space-ACPC_desc-preproc_dwi.nii.gz	0.0065573770491803	0.4957862198352813	0.1785805225372314	0.4843747019767761	0.499058723449707	0.4849975407123565	0.174551784992218	0.499355137348175	0.500777006149292	sub-118864	ses-1		dir-AP	acq-multiband	space-ACPC			DSIStudio	autotrackgqi
ProjectionBasalGanglia_AnsaLenticularisL	dki_linearity	DIPYDKI	/scratch/grmpy/SLURM_11194840_32/job-11194840-32-sub-118864/ds/inputs/data/qsiprep/qsiprep/sub-118864/ses-1/dwi/sub-118864_ses-1_acq-multiband_dir-AP_space-ACPC_desc-preproc_dwi.nii.gz	0.0	0.1207445487380027	0.0768838971853256	0.104639321565628	0.1207445487380027	0.104639321565628	0.0768838971853256	0.1243594288825988	0.1243594288825988	sub-118864	ses-1		dir-AP	acq-multiband	space-ACPC			DSIStudio	autotrackgqi
ProjectionBasalGanglia_AnsaLenticularisL	dki_md	DIPYDKI	/scratch/grmpy/SLURM_11194840_32/job-11194840-32-sub-118864/ds/inputs/data/qsiprep/qsiprep/sub-118864/ses-1/dwi/sub-118864_ses-1_acq-multiband_dir-AP_space-ACPC_desc-preproc_dwi.nii.gz	0.0	0.0010974823962897	0.0005651445244438	0.0009409425547346	0.0010974823962897	0.0009409425547346	0.0005651445244438	0.0010241112904623	0.0010241112904623	sub-118864	ses-1		dir-AP	acq-multiband	space-ACPC			DSIStudio	autotrackgqi
ProjectionBasalGanglia_AnsaLenticularisL	dki_mk	DIPYDKI	/scratch/grmpy/SLURM_11194840_32/job-11194840-32-sub-118864/ds/inputs/data/qsiprep/qsiprep/sub-118864/ses-1/dwi/sub-118864_ses-1_acq-multiband_dir-AP_space-ACPC_desc-preproc_dwi.nii.gz	0.0	0.7958175071543377	0.2445712981465561	0.8262409630634662	0.7958175071543377	0.8262409630634662	0.2445712981465561	0.8148905951768876	0.8148905951768876	sub-118864	ses-1		dir-AP	acq-multiband	space-ACPC			DSIStudio	autotrackgqi
ProjectionBasalGanglia_AnsaLenticularisL	dki_mkt	DIPYDKI	/scratch/grmpy/SLURM_11194840_32/job-11194840-32-sub-118864/ds/inputs/data/qsiprep/qsiprep/sub-118864/ses-1/dwi/sub-118864_ses-1_acq-multiband_dir-AP_space-ACPC_desc-preproc_dwi.nii.gz	0.0	0.8129310790572554	0.2148000489904617	0.8307505151482668	0.8129310790572554	0.8307505151482668	0.2148000489904617	0.8258826472265519	0.8258826472265519	sub-118864	ses-1		dir-AP	acq-multiband	space-ACPC			DSIStudio	autotrackgqi
ProjectionBasalGanglia_AnsaLenticularisL	dki_planarity	DIPYDKI	/scratch/grmpy/SLURM_11194840_32/job-11194840-32-sub-118864/ds/inputs/data/qsiprep/qsiprep/sub-118864/ses-1/dwi/sub-118864_ses-1_acq-multiband_dir-AP_space-ACPC_desc-preproc_dwi.nii.gz	0.0	0.1884669512510299	0.1005858853459358	0.1766670942306518	0.1884669512510299	0.1766670942306518	0.1005858853459358	0.1935662627220153	0.1935662627220153	sub-118864	ses-1		dir-AP	acq-multiband	space-ACPC			DSIStudio	autotrackgqi
ProjectionBasalGanglia_AnsaLenticularisL	dki_rd	DIPYDKI	/scratch/grmpy/SLURM_11194840_32/job-11194840-32-sub-118864/ds/inputs/data/qsiprep/qsiprep/sub-118864/ses-1/dwi/sub-118864_ses-1_acq-multiband_dir-AP_space-ACPC_desc-preproc_dwi.nii.gz	0.0	0.000920865102671	0.0005149998469278	0.0007846157532185	0.000920865102671	0.0007846157532185	0.0005149998469278	0.0008510543848387	0.0008510543848387	sub-118864	ses-1		dir-AP	acq-multiband	space-ACPC			DSIStudio	autotrackgqi
ProjectionBasalGanglia_AnsaLenticularisL	dki_rk	DIPYDKI	/scratch/grmpy/SLURM_11194840_32/job-11194840-32-sub-118864/ds/inputs/data/qsiprep/qsiprep/sub-118864/ses-1/dwi/sub-118864_ses-1_acq-multiband_dir-AP_space-ACPC_desc-preproc_dwi.nii.gz	0.0	0.8629753818152891	0.4128510430286156	0.8981968565303052	0.8629753818152891	0.8981968565303052	0.4128510430286156	0.9092336556391168	0.9092336556391168	sub-118864	ses-1		dir-AP	acq-multiband	space-ACPC			DSIStudio	autotrackgqi
ProjectionBasalGanglia_AnsaLenticularisL	dki_sphericity	DIPYDKI	/scratch/grmpy/SLURM_11194840_32/job-11194840-32-sub-118864/ds/inputs/data/qsiprep/qsiprep/sub-118864/ses-1/dwi/sub-118864_ses-1_acq-multiband_dir-AP_space-ACPC_desc-preproc_dwi.nii.gz	0.0	0.6907884478569031	0.1166096478700637	0.7030757665634155	0.6907884478569031	0.7030757665634155	0.1166096478700637	0.6820743083953857	0.6820743083953857	sub-118864	ses-1		dir-AP	acq-multiband	space-ACPC			DSIStudio	autotrackgqi
ProjectionBrainstem_ReticularTractL	dki_ad	DIPYDKI	/scratch/grmpy/SLURM_11194840_32/job-11194840-32-sub-118864/ds/inputs/data/qsiprep/qsiprep/sub-118864/ses-1/dwi/sub-118864_ses-1_acq-multiband_dir-AP_space-ACPC_desc-preproc_dwi.nii.gz	0.0	0.0015352191403508	0.0004348655056674	0.0014505204744637	0.0015352191403508	0.0014505204744637	0.0004348655056674	0.0015574230346828	0.0015574230346828	sub-118864	ses-1		dir-AP	acq-multiband	space-ACPC			DSIStudio	autotrackgqi
ProjectionBrainstem_ReticularTractL	dki_ak	DIPYDKI	/scratch/grmpy/SLURM_11194840_32/job-11194840-32-sub-118864/ds/inputs/data/qsiprep/qsiprep/sub-118864/ses-1/dwi/sub-118864_ses-1_acq-multiband_dir-AP_space-ACPC_desc-preproc_dwi.nii.gz	0.0	0.8150522707331874	0.1547011316980791	0.8022187928785363	0.8150522707331874	0.8022187928785363	0.1547011316980791	0.8077580142171088	0.8077580142171088	sub-118864	ses-1		dir-AP	acq-multiband	space-ACPC			DSIStudio	autotrackgqi
ProjectionBrainstem_ReticularTractL	dki_fa	DIPYDKI	/scratch/grmpy/SLURM_11194840_32/job-11194840-32-sub-118864/ds/inputs/data/qsiprep/qsiprep/sub-118864/ses-1/dwi/sub-118864_ses-1_acq-multiband_dir-AP_space-ACPC_desc-preproc_dwi.nii.gz	0.0	0.4271820187568664	0.1515294313430786	0.4162627458572387	0.4271820187568664	0.4162627458572387	0.1515294313430786	0.4513357877731323	0.4513357877731323	sub-118864	ses-1		dir-AP	acq-multiband	space-ACPC			DSIStudio	autotrackgqi
ProjectionBrainstem_ReticularTractL	dki_kfa	DIPYDKI	/scratch/grmpy/SLURM_11194840_32/job-11194840-32-sub-118864/ds/inputs/data/qsiprep/qsiprep/sub-118864/ses-1/dwi/sub-118864_ses-1_acq-multiband_dir-AP_space-ACPC_desc-preproc_dwi.nii.gz	0.0	0.542962908744812	0.1385931223630905	0.542870819568634	0.542962908744812	0.542870819568634	0.1385931223630905	0.5659592151641846	0.5659592151641846	sub-118864	ses-1		dir-AP	acq-multiband	space-ACPC			DSIStudio	autotrackgqi
ProjectionBrainstem_ReticularTractL	dki_linearity	DIPYDKI	/scratch/grmpy/SLURM_11194840_32/job-11194840-32-sub-118864/ds/inputs/data/qsiprep/qsiprep/sub-118864/ses-1/dwi/sub-118864_ses-1_acq-multiband_dir-AP_space-ACPC_desc-preproc_dwi.nii.gz	0.0	0.2132062315940857	0.1177892610430717	0.195215418934822	0.2132062315940857	0.195215418934822	0.1177892610430717	0.2330392599105835	0.2330392599105835	sub-118864	ses-1		dir-AP	acq-multiband	space-ACPC			DSIStudio	autotrackgqi
ProjectionBrainstem_ReticularTractL	dki_md	DIPYDKI	/scratch/grmpy/SLURM_11194840_32/job-11194840-32-sub-118864/ds/inputs/data/qsiprep/qsiprep/sub-118864/ses-1/dwi/sub-118864_ses-1_acq-multiband_dir-AP_space-ACPC_desc-preproc_dwi.nii.gz	0.0	0.0010270768543705	0.0003289290179964	0.0009618867770768	0.0010270768543705	0.0009618867770768	0.0003289290179964	0.00101342308335	0.00101342308335	sub-118864	ses-1		dir-AP	acq-multiband	space-ACPC			DSIStudio	autotrackgqi
ProjectionBrainstem_ReticularTractL	dki_mk	DIPYDKI	/scratch/grmpy/SLURM_11194840_32/job-11194840-32-sub-118864/ds/inputs/data/qsiprep/qsiprep/sub-118864/ses-1/dwi/sub-118864_ses-1_acq-multiband_dir-AP_space-ACPC_desc-preproc_dwi.nii.gz	0.0	0.9725630453436016	0.2035387222848933	0.9890124676739466	0.9725630453436016	0.9890124676739466	0.2035387222848933	0.9516890387499104	0.9516890387499104	sub-118864	ses-1		dir-AP	acq-multiband	space-ACPC			DSIStudio	autotrackgqi
ProjectionBrainstem_ReticularTractL	dki_mkt	DIPYDKI	/scratch/grmpy/SLURM_11194840_32/job-11194840-32-sub-118864/ds/inputs/data/qsiprep/qsiprep/sub-118864/ses-1/dwi/sub-118864_ses-1_acq-multiband_dir-AP_space-ACPC_desc-preproc_dwi.nii.gz	0.0	0.9821249506151618	0.1357433184263466	0.9860723309579748	0.9821249506151618	0.9860723309579748	0.1357433184263466	0.9763598089360356	0.9763598089360356	sub-118864	ses-1		dir-AP	acq-multiband	space-ACPC			DSIStudio	autotrackgqi
ProjectionBrainstem_ReticularTractL	dki_planarity	DIPYDKI	/scratch/grmpy/SLURM_11194840_32/job-11194840-32-sub-118864/ds/inputs/data/qsiprep/qsiprep/sub-118864/ses-1/dwi/sub-118864_ses-1_acq-multiband_dir-AP_space-ACPC_desc-preproc_dwi.nii.gz	0.0	0.1733554601669311	0.0965261608362197	0.1548146158456802	0.1733554601669311	0.1548146158456802	0.0965261608362197	0.1702715456485748	0.1702715456485748	sub-118864	ses-1		dir-AP	acq-multiband	space-ACPC			DSIStudio	autotrackgqi
ProjectionBrainstem_ReticularTractL	dki_rd	DIPYDKI	/scratch/grmpy/SLURM_11194840_32/job-11194840-32-sub-118864/ds/inputs/data/qsiprep/qsiprep/sub-118864/ses-1/dwi/sub-118864_ses-1_acq-multiband_dir-AP_space-ACPC_desc-preproc_dwi.nii.gz	0.0	0.0007730058277957	0.0003247426648158	0.0007272708462551	0.0007730058277957	0.0007272708462551	0.0003247426648158	0.0007414229912683	0.0007414229912683	sub-118864	ses-1		dir-AP	acq-multiband	space-ACPC			DSIStudio	autotrackgqi
ProjectionBrainstem_ReticularTractL	dki_rk	DIPYDKI	/scratch/grmpy/SLURM_11194840_32/job-11194840-32-sub-118864/ds/inputs/data/qsiprep/qsiprep/sub-118864/ses-1/dwi/sub-118864_ses-1_acq-multiband_dir-AP_space-ACPC_desc-preproc_dwi.nii.gz	0.0	1.1928219308732737	0.4626879600807526	1.1891315565088154	1.1928219308732737	1.1891315565088154	0.4626879600807526	1.143958922794993	1.143958922794993	sub-118864	ses-1		dir-AP	acq-multiband	space-ACPC			DSIStudio	autotrackgqi
ProjectionBrainstem_ReticularTractL	dki_sphericity	DIPYDKI	/scratch/grmpy/SLURM_11194840_32/job-11194840-32-sub-118864/ds/inputs/data/qsiprep/qsiprep/sub-118864/ses-1/dwi/sub-118864_ses-1_acq-multiband_dir-AP_space-ACPC_desc-preproc_dwi.nii.gz	0.0	0.6134383678436279	0.1419780254364013	0.6318860650062561	0.6134383678436279	0.6318860650062561	0.1419780254364013	0.5966891646385193	0.5966891646385193	sub-118864	ses-1		dir-AP	acq-multiband	space-ACPC			DSIStudio	autotrackgqi
ProjectionBrainstem_MedialLemniscusL	dki_ad	DIPYDKI	/scratch/grmpy/SLURM_11194840_32/job-11194840-32-sub-118864/ds/inputs/data/qsiprep/qsiprep/sub-118864/ses-1/dwi/sub-118864_ses-1_acq-multiband_dir-AP_space-ACPC_desc-preproc_dwi.nii.gz	0.0	0.0015650470741093	0.000658709090203	0.001406202558428	0.0015650470741093	0.001406202558428	0.000658709090203	0.0016979681095108	0.0016979681095108	sub-118864	ses-1		dir-AP	acq-multiband	space-ACPC			DSIStudio	autotrackgqi
ProjectionBrainstem_MedialLemniscusL	dki_ak	DIPYDKI	/scratch/grmpy/SLURM_11194840_32/job-11194840-32-sub-118864/ds/inputs/data/qsiprep/qsiprep/sub-118864/ses-1/dwi/sub-118864_ses-1_acq-multiband_dir-AP_space-ACPC_desc-preproc_dwi.nii.gz	0.0	0.780813778577476	0.133969035422812	0.7744441588579171	0.780813778577476	0.7744441588579171	0.133969035422812	0.7668416997492367	0.7668416997492367	sub-118864	ses-1		dir-AP	acq-multiband	space-ACPC			DSIStudio	autotrackgqi
ProjectionBrainstem_MedialLemniscusL	dki_fa	DIPYDKI	/scratch/grmpy/SLURM_11194840_32/job-11194840-32-sub-118864/ds/inputs/data/qsiprep/qsiprep/sub-118864/ses-1/dwi/sub-118864_ses-1_acq-multiband_dir-AP_space-ACPC_desc-preproc_dwi.nii.gz	0.0	0.4359758794307709	0.1719014793634414	0.4320115447044372	0.4359758794307709	0.4320115447044372	0.1719014793634414	0.4794577956199646	0.4794577956199646	sub-118864	ses-1		dir-AP	acq-multiband	space-ACPC			DSIStudio	autotrackgqi
ProjectionBrainstem_MedialLemniscusL	dki_kfa	DIPYDKI	/scratch/grmpy/SLURM_11194840_32/job-11194840-32-sub-118864/ds/inputs/data/qsiprep/qsiprep/sub-118864/ses-1/dwi/sub-118864_ses-1_acq-multiband_dir-AP_space-ACPC_desc-preproc_dwi.nii.gz	0.0	0.5183431506156921	0.1450130641460418	0.5378144979476929	0.5183431506156921	0.5378144979476929	0.1450130641460418	0.5327640771865845	0.5327640771865845	sub-118864	ses-1		dir-AP	acq-multiband	space-ACPC			DSIStudio	autotrackgqi
ProjectionBrainstem_MedialLemniscusL	dki_linearity	DIPYDKI	/scratch/grmpy/SLURM_11194840_32/job-11194840-32-sub-118864/ds/inputs/data/qsiprep/qsiprep/sub-118864/ses-1/dwi/sub-118864_ses-1_acq-multiband_dir-AP_space-ACPC_desc-preproc_dwi.nii.gz	0.0	0.2167224586009979	0.1313969194889068	0.1933793127536773	0.2167224586009979	0.1933793127536773	0.1313969194889068	0.2506309747695923	0.2506309747695923	sub-118864	ses-1		dir-AP	acq-multiband	space-ACPC			DSIStudio	autotrackgqi
ProjectionBrainstem_MedialLemniscusL	dki_md	DIPYDKI	/scratch/grmpy/SLURM_11194840_32/job-11194840-32-sub-118864/ds/inputs/data/qsiprep/qsiprep/sub-118864/ses-1/dwi/sub-118864_ses-1_acq-multiband_dir-AP_space-ACPC_desc-preproc_dwi.nii.gz	0.0	0.0010532981250435	0.0005494086071848	0.000902256462723	0.0010532981250435	0.000902256462723	0.0005494086071848	0.0011053914204239	0.0011053914204239	sub-118864	ses-1		dir-AP	acq-multiband	space-ACPC			DSIStudio	autotrackgqi
ProjectionBrainstem_MedialLemniscusL	dki_mk	DIPYDKI	/scratch/grmpy/SLURM_11194840_32/job-11194840-32-sub-118864/ds/inputs/data/qsiprep/qsiprep/sub-118864/ses-1/dwi/sub-118864_ses-1_acq-multiband_dir-AP_space-ACPC_desc-preproc_dwi.nii.gz	0.0	1.0009127281246517	0.2056170646551839	1.0183874205150345	1.0009127281246517	1.0183874205150345	0.2056170646551839	1.0365787228138403	1.0365787228138403	sub-118864	ses-1		dir-AP	acq-multiband	space-ACPC			DSIStudio	autotrackgqi
ProjectionBrainstem_MedialLemniscusL	dki_mkt	DIPYDKI	/scratch/grmpy/SLURM_11194840_32/job-11194840-32-sub-118864/ds/inputs/data/qsiprep/qsiprep/sub-118864/ses-1/dwi/sub-118864_ses-1_acq-multiband_dir-AP_space-ACPC_desc-preproc_dwi.nii.gz	0.0	0.9875234078259296	0.1554477194385762	1.011156594480477	0.9875234078259296	1.011156594480477	0.1554477194385762	1.0151172971783171	1.0151172971783171	sub-118864	ses-1		dir-AP	acq-multiband	space-ACPC			DSIStudio	autotrackgqi
ProjectionBrainstem_MedialLemniscusL	dki_planarity	DIPYDKI	/scratch/grmpy/SLURM_11194840_32/job-11194840-32-sub-118864/ds/inputs/data/qsiprep/qsiprep/sub-118864/ses-1/dwi/sub-118864_ses-1_acq-multiband_dir-AP_space-ACPC_desc-preproc_dwi.nii.gz	0.0	0.1863969564437866	0.1059985607862472	0.1684960126876831	0.1863969564437866	0.1684960126876831	0.1059985607862472	0.1899256110191345	0.1899256110191345	sub-118864	ses-1		dir-AP	acq-multiband	space-ACPC			DSIStudio	autotrackgqi
ProjectionBrainstem_MedialLemniscusL	dki_rd	DIPYDKI	/scratch/grmpy/SLURM_11194840_32/job-11194840-32-sub-118864/ds/inputs/data/qsiprep/qsiprep/sub-118864/ses-1/dwi/sub-118864_ses-1_acq-multiband_dir-AP_space-ACPC_desc-preproc_dwi.nii.gz	0.0	0.0007974235340952	0.0005333427106961	0.0006698259385302	0.0007974235340952	0.0006698259385302	0.0005333427106961	0.0008091030176728	0.0008091030176728	sub-118864	ses-1		dir-AP	acq-multiband	space-ACPC			DSIStudio	autotrackgqi
ProjectionBrainstem_MedialLemniscusL	dki_rk	DIPYDKI	/scratch/grmpy/SLURM_11194840_32/job-11194840-32-sub-118864/ds/inputs/data/qsiprep/qsiprep/sub-118864/ses-1/dwi/sub-118864_ses-1_acq-multiband_dir-AP_space-ACPC_desc-preproc_dwi.nii.gz	0.0	1.262252325823544	0.4594528511249727	1.2271467784550538	1.262252325823544	1.2271467784550538	0.4594528511249727	1.358086509321009	1.358086509321009	sub-118864	ses-1		dir-AP	acq-multiband	space-ACPC			DSIStudio	autotrackgqi
ProjectionBrainstem_MedialLemniscusL	dki_sphericity	DIPYDKI	/scratch/grmpy/SLURM_11194840_32/job-11194840-32-sub-118864/ds/inputs/data/qsiprep/qsiprep/sub-118864/ses-1/dwi/sub-118864_ses-1_acq-multiband_dir-AP_space-ACPC_desc-preproc_dwi.nii.gz	0.0	0.5968805551528931	0.1606553792953491	0.5937719345092773	0.5968805551528931	0.5937719345092773	0.1606553792953491	0.559443473815918	0.559443473815918	sub-118864	ses-1		dir-AP	acq-multiband	space-ACPC			DSIStudio	autotrackgqi
ProjectionBasalGanglia_FornixL	dki_ad	DIPYDKI	/scratch/grmpy/SLURM_11194840_32/job-11194840-32-sub-118864/ds/inputs/data/qsiprep/qsiprep/sub-118864/ses-1/dwi/sub-118864_ses-1_acq-multiband_dir-AP_space-ACPC_desc-preproc_dwi.nii.gz	0.0	0.0021484068129211	0.0011897585354745	0.0016717779217287	0.0021484068129211	0.0016717779217287	0.0011897585354745	0.0021516559645533	0.0021516559645533	sub-118864	ses-1		dir-AP	acq-multiband	space-ACPC			DSIStudio	autotrackgqi
ProjectionBasalGanglia_FornixL	dki_ak	DIPYDKI	/scratch/grmpy/SLURM_11194840_32/job-11194840-32-sub-118864/ds/inputs/data/qsiprep/qsiprep/sub-118864/ses-1/dwi/sub-118864_ses-1_acq-multiband_dir-AP_space-ACPC_desc-preproc_dwi.nii.gz	0.0	0.6418913251982556	0.1483008840700418	0.6450171299550282	0.6418913251982556	0.6450171299550282	0.1483008840700418	0.6443279864768596	0.6443279864768596	sub-118864	ses-1		dir-AP	acq-multiband	space-ACPC			DSIStudio	autotrackgqi
ProjectionBasalGanglia_FornixL	dki_fa	DIPYDKI	/scratch/grmpy/SLURM_11194840_32/job-11194840-32-sub-118864/ds/inputs/data/qsiprep/qsiprep/sub-118864/ses-1/dwi/sub-118864_ses-1_acq-multiband_dir-AP_space-ACPC_desc-preproc_dwi.nii.gz	0.0	0.2855218648910522	0.1444720178842544	0.2670391798019409	0.2855218648910522	0.2670391798019409	0.1444720178842544	0.3112702667713165	0.3112702667713165	sub-118864	ses-1		dir-AP	acq-multiband	space-ACPC			DSIStudio	autotrackgqi
ProjectionBasalGanglia_FornixL	dki_kfa	DIPYDKI	/scratch/grmpy/SLURM_11194840_32/job-11194840-32-sub-118864/ds/inputs/data/qsiprep/qsiprep/sub-118864/ses-1/dwi/sub-118864_ses-1_acq-multiband_dir-AP_space-ACPC_desc-preproc_dwi.nii.gz	0.0034096444227959	0.4006291925907135	0.1967164427042007	0.3741709887981415	0.4019998908042907	0.3743733763694763	0.1956495493650436	0.4063685238361358	0.4079151153564453	sub-118864	ses-1		dir-AP	acq-multiband	space-ACPC			DSIStudio	autotrackgqi
ProjectionBasalGanglia_FornixL	dki_linearity	DIPYDKI	/scratch/grmpy/SLURM_11194840_32/job-11194840-32-sub-118864/ds/inputs/data/qsiprep/qsiprep/sub-118864/ses-1/dwi/sub-118864_ses-1_acq-multiband_dir-AP_space-ACPC_desc-preproc_dwi.nii.gz	0.0	0.1287801414728164	0.093047522008419	0.1082298159599304	0.1287801414728164	0.1082298159599304	0.093047522008419	0.1413760185241699	0.1413760185241699	sub-118864	ses-1		dir-AP	acq-multiband	space-ACPC			DSIStudio	autotrackgqi
ProjectionBasalGanglia_FornixL	dki_md	DIPYDKI	/scratch/grmpy/SLURM_11194840_32/job-11194840-32-sub-118864/ds/inputs/data/qsiprep/qsiprep/sub-118864/ses-1/dwi/sub-118864_ses-1_acq-multiband_dir-AP_space-ACPC_desc-preproc_dwi.nii.gz	0.0	0.0016701741842553	0.000985988182947	0.0011897054500877	0.0016701741842553	0.0011897054500877	0.000985988182947	0.0016245457809418	0.0016245457809418	sub-118864	ses-1		dir-AP	acq-multiband	space-ACPC			DSIStudio	autotrackgqi
ProjectionBasalGanglia_FornixL	dki_mk	DIPYDKI	/scratch/grmpy/SLURM_11194840_32/job-11194840-32-sub-118864/ds/inputs/data/qsiprep/qsiprep/sub-118864/ses-1/dwi/sub-118864_ses-1_acq-multiband_dir-AP_space-ACPC_desc-preproc_dwi.nii.gz	0.0	0.7133488531053377	0.2220621530965962	0.7256804889378026	0.7133488531053377	0.7256804889378026	0.2220621530965962	0.7280296495491732	0.7280296495491732	sub-118864	ses-1		dir-AP	acq-multiband	space-ACPC			DSIStudio	autotrackgqi
ProjectionBasalGanglia_FornixL	dki_mkt	DIPYDKI	/scratch/grmpy/SLURM_11194840_32/job-11194840-32-sub-118864/ds/inputs/data/qsiprep/qsiprep/sub-118864/ses-1/dwi/sub-118864_ses-1_acq-multiband_dir-AP_space-ACPC_desc-preproc_dwi.nii.gz	0.0	0.7176454038175969	0.1907863072398653	0.7311899934527766	0.7176454038175969	0.7311899934527766	0.1907863072398653	0.7340435727715315	0.7340435727715315	sub-118864	ses-1		dir-AP	acq-multiband	space-ACPC			DSIStudio	autotrackgqi
ProjectionBasalGanglia_FornixL	dki_planarity	DIPYDKI	/scratch/grmpy/SLURM_11194840_32/job-11194840-32-sub-118864/ds/inputs/data/qsiprep/qsiprep/sub-118864/ses-1/dwi/sub-118864_ses-1_acq-multiband_dir-AP_space-ACPC_desc-preproc_dwi.nii.gz	0.0	0.1293453872203827	0.0893013253808021	0.1112888902425766	0.1293453872203827	0.1112888902425766	0.0893013253808021	0.1391554921865463	0.1391554921865463	sub-118864	ses-1		dir-AP	acq-multiband	space-ACPC			DSIStudio	autotrackgqi
ProjectionBasalGanglia_FornixL	dki_rd	DIPYDKI	/scratch/grmpy/SLURM_11194840_32/job-11194840-32-sub-118864/ds/inputs/data/qsiprep/qsiprep/sub-118864/ses-1/dwi/sub-118864_ses-1_acq-multiband_dir-AP_space-ACPC_desc-preproc_dwi.nii.gz	0.0	0.0014310578117147	0.0009133165585808	0.0009788365568965	0.0014310578117147	0.0009788365568965	0.0009133165585808	0.001360990689136	0.001360990689136	sub-118864	ses-1		dir-AP	acq-multiband	space-ACPC			DSIStudio	autotrackgqi
ProjectionBasalGanglia_FornixL	dki_rk	DIPYDKI	/scratch/grmpy/SLURM_11194840_32/job-11194840-32-sub-118864/ds/inputs/data/qsiprep/qsiprep/sub-118864/ses-1/dwi/sub-118864_ses-1_acq-multiband_dir-AP_space-ACPC_desc-preproc_dwi.nii.gz	0.0	0.8186533470502347	0.3863150793105036	0.7895000750132017	0.8186533470502347	0.7895000750132017	0.3863150793105036	0.843995380853302	0.843995380853302	sub-118864	ses-1		dir-AP	acq-multiband	space-ACPC			DSIStudio	autotrackgqi
ProjectionBasalGanglia_FornixL	dki_sphericity	DIPYDKI	/scratch/grmpy/SLURM_11194840_32/job-11194840-32-sub-118864/ds/inputs/data/qsiprep/qsiprep/sub-118864/ses-1/dwi/sub-118864_ses-1_acq-multiband_dir-AP_space-ACPC_desc-preproc_dwi.nii.gz	0.0	0.7418744564056396	0.1339387148618698	0.7624911665916443	0.7418744564056396	0.7624911665916443	0.1339387148618698	0.7194684743881226	0.7194684743881226	sub-118864	ses-1		dir-AP	acq-multiband	space-ACPC			DSIStudio	autotrackgqi
Commissure_AnteriorCommissure	dki_ad	DIPYDKI	/scratch/grmpy/SLURM_11194840_32/job-11194840-32-sub-118864/ds/inputs/data/qsiprep/qsiprep/sub-118864/ses-1/dwi/sub-118864_ses-1_acq-multiband_dir-AP_space-ACPC_desc-preproc_dwi.nii.gz	0.003893214682981	0.0013330184156075	0.0004519423528108	0.0012596338056027	0.0013382284669205	0.0012610966805368	0.0004450595588423	0.0014463244006037	0.0014466567663475	sub-118864	ses-1		dir-AP	acq-multiband	space-ACPC			DSIStudio	autotrackgqi
Commissure_AnteriorCommissure	dki_ak	DIPYDKI	/scratch/grmpy/SLURM_11194840_32/job-11194840-32-sub-118864/ds/inputs/data/qsiprep/qsiprep/sub-118864/ses-1/dwi/sub-118864_ses-1_acq-multiband_dir-AP_space-ACPC_desc-preproc_dwi.nii.gz	0.0044493882091212	0.7007177550938456	0.1871289671644449	0.7024614328277868	0.7038494545579521	0.7031677708097621	0.1815750728209465	0.7063487457952949	0.7065129802286743	sub-118864	ses-1		dir-AP	acq-multiband	space-ACPC			DSIStudio	autotrackgqi
Commissure_AnteriorCommissure	dki_fa	DIPYDKI	/scratch/grmpy/SLURM_11194840_32/job-11194840-32-sub-118864/ds/inputs/data/qsiprep/qsiprep/sub-118864/ses-1/dwi/sub-118864_ses-1_acq-multiband_dir-AP_space-ACPC_desc-preproc_dwi.nii.gz	0.003893214682981	0.2926643490791321	0.1273465603590011	0.2785787582397461	0.2938082218170166	0.2793730795383453	0.126271367073059	0.3660105466842651	0.3660945892333984	sub-118864	ses-1		dir-AP	acq-multiband	space-ACPC			DSIStudio	autotrackgqi
Commissure_AnteriorCommissure	dki_kfa	DIPYDKI	/scratch/grmpy/SLURM_11194840_32/job-11194840-32-sub-118864/ds/inputs/data/qsiprep/qsiprep/sub-118864/ses-1/dwi/sub-118864_ses-1_acq-multiband_dir-AP_space-ACPC_desc-preproc_dwi.nii.gz	0.0094549499443826	0.5288183093070984	0.1808013021945953	0.5269210934638977	0.5338659882545471	0.5285167694091797	0.1740871965885162	0.5510147213935852	0.5513315200805664	sub-118864	ses-1		dir-AP	acq-multiband	space-ACPC			DSIStudio	autotrackgqi
Commissure_AnteriorCommissure	dki_linearity	DIPYDKI	/scratch/grmpy/SLURM_11194840_32/job-11194840-32-sub-118864/ds/inputs/data/qsiprep/qsiprep/sub-118864/ses-1/dwi/sub-118864_ses-1_acq-multiband_dir-AP_space-ACPC_desc-preproc_dwi.nii.gz	0.003893214682981	0.1181211397051811	0.0780303180217742	0.1002120822668075	0.1185828074812889	0.1007776781916618	0.0778317600488662	0.1515230983495712	0.1515578925609588	sub-118864	ses-1		dir-AP	acq-multiband	space-ACPC			DSIStudio	autotrackgqi
Commissure_AnteriorCommissure	dki_md	DIPYDKI	/scratch/grmpy/SLURM_11194840_32/job-11194840-32-sub-118864/ds/inputs/data/qsiprep/qsiprep/sub-118864/ses-1/dwi/sub-118864_ses-1_acq-multiband_dir-AP_space-ACPC_desc-preproc_dwi.nii.gz	0.003893214682981	0.0010178829543292	0.0003698425425682	0.0009486729395575	0.001021861215122	0.0009494096157141	0.0003650381113402	0.001044473843649	0.0010447138920426	sub-118864	ses-1		dir-AP	acq-multiband	space-ACPC			DSIStudio	autotrackgqi
Commissure_AnteriorCommissure	dki_mk	DIPYDKI	/scratch/grmpy/SLURM_11194840_32/job-11194840-32-sub-118864/ds/inputs/data/qsiprep/qsiprep/sub-118864/ses-1/dwi/sub-118864_ses-1_acq-multiband_dir-AP_space-ACPC_desc-preproc_dwi.nii.gz	0.0044493882091212	0.7013208895315077	0.2151598032293665	0.7316464067356605	0.7044552845685201	0.7324952961891974	0.210458069882664	0.7680747601517693	0.7682533466888308	sub-118864	ses-1		dir-AP	acq-multiband	space-ACPC			DSIStudio	autotrackgqi
Commissure_AnteriorCommissure	dki_mkt	DIPYDKI	/scratch/grmpy/SLURM_11194840_32/job-11194840-32-sub-118864/ds/inputs/data/qsiprep/qsiprep/sub-118864/ses-1/dwi/sub-118864_ses-1_acq-multiband_dir-AP_space-ACPC_desc-preproc_dwi.nii.gz	0.003893214682981	0.7214621861690308	0.1995507275099556	0.7467017611571579	0.7242819713746048	0.7474538027109874	0.1947660363427158	0.7813513443077984	0.7815307816420259	sub-118864	ses-1		dir-AP	acq-multiband	space-ACPC			DSIStudio	autotrackgqi
Commissure_AnteriorCommissure	dki_planarity	DIPYDKI	/scratch/grmpy/SLURM_11194840_32/job-11194840-32-sub-118864/ds/inputs/data/qsiprep/qsiprep/sub-118864/ses-1/dwi/sub-118864_ses-1_acq-multiband_dir-AP_space-ACPC_desc-preproc_dwi.nii.gz	0.003893214682981	0.1609374731779098	0.1009674221277237	0.1462539881467819	0.1615664809942245	0.1465515345335006	0.100661002099514	0.2019294202327728	0.201975792646408	sub-118864	ses-1		dir-AP	acq-multiband	space-ACPC			DSIStudio	autotrackgqi
Commissure_AnteriorCommissure	dki_rd	DIPYDKI	/scratch/grmpy/SLURM_11194840_32/job-11194840-32-sub-118864/ds/inputs/data/qsiprep/qsiprep/sub-118864/ses-1/dwi/sub-118864_ses-1_acq-multiband_dir-AP_space-ACPC_desc-preproc_dwi.nii.gz	0.003893214682981	0.0008603151654824	0.0003536765871103	0.0007924581877887	0.0008636776474304	0.00079267390538	0.000350245507434	0.0008435486233793	0.0008437423966825	sub-118864	ses-1		dir-AP	acq-multiband	space-ACPC			DSIStudio	autotrackgqi
Commissure_AnteriorCommissure	dki_rk	DIPYDKI	/scratch/grmpy/SLURM_11194840_32/job-11194840-32-sub-118864/ds/inputs/data/qsiprep/qsiprep/sub-118864/ses-1/dwi/sub-118864_ses-1_acq-multiband_dir-AP_space-ACPC_desc-preproc_dwi.nii.gz	0.0044493882091212	0.7402242146492547	0.3705377456776875	0.7710015791781623	0.7435324792957319	0.7725221413134966	0.3680380986950857	0.911393747630233	0.9116056570188936	sub-118864	ses-1		dir-AP	acq-multiband	space-ACPC			DSIStudio	autotrackgqi
Commissure_AnteriorCommissure	dki_sphericity	DIPYDKI	/scratch/grmpy/SLURM_11194840_32/job-11194840-32-sub-118864/ds/inputs/data/qsiprep/qsiprep/sub-118864/ses-1/dwi/sub-118864_ses-1_acq-multiband_dir-AP_space-ACPC_desc-preproc_dwi.nii.gz	0.003893214682981	0.717048168182373	0.1345665007829666	0.7377626895904541	0.7198506593704224	0.7381471395492554	0.127127930521965	0.6463178396224976	0.6464662551879883	sub-118864	ses-1		dir-AP	acq-multiband	space-ACPC			DSIStudio	autotrackgqi
Commissure_CorpusCallosum	dki_ad	DIPYDKI	/scratch/grmpy/SLURM_11194840_32/job-11194840-32-sub-118864/ds/inputs/data/qsiprep/qsiprep/sub-118864/ses-1/dwi/sub-118864_ses-1_acq-multiband_dir-AP_space-ACPC_desc-preproc_dwi.nii.gz	0.0002820657469613	0.0014461725950241	0.0005176034756004	0.0013273295480757	0.0014465806307271	0.0013274416560307	0.0005171060329303	0.0015883229207247	0.0015883983578532	sub-118864	ses-1		dir-AP	acq-multiband	space-ACPC			DSIStudio	autotrackgqi
Commissure_CorpusCallosum	dki_ak	DIPYDKI	/scratch/grmpy/SLURM_11194840_32/job-11194840-32-sub-118864/ds/inputs/data/qsiprep/qsiprep/sub-118864/ses-1/dwi/sub-118864_ses-1_acq-multiband_dir-AP_space-ACPC_desc-preproc_dwi.nii.gz	0.0028206574696138	0.7349041621090926	0.1626987984579107	0.7337433475123076	0.7369829385396625	0.7342582884495457	0.1581573671929285	0.7235325332973124	0.7281903399241045	sub-118864	ses-1		dir-AP	acq-multiband	space-ACPC			DSIStudio	autotrackgqi
Commissure_CorpusCallosum	dki_fa	DIPYDKI	/scratch/grmpy/SLURM_11194840_32/job-11194840-32-sub-118864/ds/inputs/data/qsiprep/qsiprep/sub-118864/ses-1/dwi/sub-118864_ses-1_acq-multiband_dir-AP_space-ACPC_desc-preproc_dwi.nii.gz	0.000333350428227	0.3709965646266937	0.2006453722715377	0.3587359189987182	0.371120274066925	0.3588072061538696	0.2005644142627716	0.4939859211444855	0.4940100908279419	sub-118864	ses-1		dir-AP	acq-multiband	space-ACPC			DSIStudio	autotrackgqi
Commissure_CorpusCallosum	dki_kfa	DIPYDKI	/scratch/grmpy/SLURM_11194840_32/job-11194840-32-sub-118864/ds/inputs/data/qsiprep/qsiprep/sub-118864/ses-1/dwi/sub-118864_ses-1_acq-multiband_dir-AP_space-ACPC_desc-preproc_dwi.nii.gz	0.0046156213139135	0.476709634065628	0.1684356182813644	0.4732057452201843	0.4789201617240906	0.4740980267524719	0.1656606495380401	0.5337182879447937	0.534500241279602	sub-118864	ses-1		dir-AP	acq-multiband	space-ACPC			DSIStudio	autotrackgqi
Commissure_CorpusCallosum	dki_linearity	DIPYDKI	/scratch/grmpy/SLURM_11194840_32/job-11194840-32-sub-118864/ds/inputs/data/qsiprep/qsiprep/sub-118864/ses-1/dwi/sub-118864_ses-1_acq-multiband_dir-AP_space-ACPC_desc-preproc_dwi.nii.gz	0.000333350428227	0.1754680871963501	0.1565747112035751	0.1284848749637603	0.1755265891551971	0.1285303831100464	0.1565680205821991	0.2680389583110809	0.2680521011352539	sub-118864	ses-1		dir-AP	acq-multiband	space-ACPC			DSIStudio	autotrackgqi
Commissure_CorpusCallosum	dki_md	DIPYDKI	/scratch/grmpy/SLURM_11194840_32/job-11194840-32-sub-118864/ds/inputs/data/qsiprep/qsiprep/sub-118864/ses-1/dwi/sub-118864_ses-1_acq-multiband_dir-AP_space-ACPC_desc-preproc_dwi.nii.gz	0.0002820657469613	0.001025769393891	0.0004198470560368	0.0009214782621711	0.0010260588023811	0.0009214913006871	0.0004195525252725	0.0009893127717077	0.0009893595706671	sub-118864	ses-1		dir-AP	acq-multiband	space-ACPC			DSIStudio	autotrackgqi
Commissure_CorpusCallosum	dki_mk	DIPYDKI	/scratch/grmpy/SLURM_11194840_32/job-11194840-32-sub-118864/ds/inputs/data/qsiprep/qsiprep/sub-118864/ses-1/dwi/sub-118864_ses-1_acq-multiband_dir-AP_space-ACPC_desc-preproc_dwi.nii.gz	0.0028206574696138	0.8992822368445746	0.2654316652564813	0.943736990646444	0.9018259790286136	0.9447135454239954	0.2614560092520333	0.981566293032198	0.987885215448755	sub-118864	ses-1		dir-AP	acq-multiband	space-ACPC			DSIStudio	autotrackgqi
Commissure_CorpusCallosum	dki_mkt	DIPYDKI	/scratch/grmpy/SLURM_11194840_32/job-11194840-32-sub-118864/ds/inputs/data/qsiprep/qsiprep/sub-118864/ses-1/dwi/sub-118864_ses-1_acq-multiband_dir-AP_space-ACPC_desc-preproc_dwi.nii.gz	0.0002820657469613	0.8846102801748011	0.2031739739042504	0.9280372679527072	0.8848598688346602	0.9281839292773478	0.2026584800781083	0.9615133047499432	0.9615589262881036	sub-118864	ses-1		dir-AP	acq-multiband	space-ACPC			DSIStudio	autotrackgqi
Commissure_CorpusCallosum	dki_planarity	DIPYDKI	/scratch/grmpy/SLURM_11194840_32/job-11194840-32-sub-118864/ds/inputs/data/qsiprep/qsiprep/sub-118864/ses-1/dwi/sub-118864_ses-1_acq-multiband_dir-AP_space-ACPC_desc-preproc_dwi.nii.gz	0.000512846812657	0.1779467314481735	0.1194171905517578	0.1526727080345153	0.1780380308628082	0.1527515649795532	0.1193797588348388	0.1918527334928512	0.1919052749872207	sub-118864	ses-1		dir-AP	acq-multiband	space-ACPC			DSIStudio	autotrackgqi
Commissure_CorpusCallosum	dki_rd	DIPYDKI	/scratch/grmpy/SLURM_11194840_32/job-11194840-32-sub-118864/ds/inputs/data/qsiprep/qsiprep/sub-118864/ses-1/dwi/sub-118864_ses-1_acq-multiband_dir-AP_space-ACPC_desc-preproc_dwi.nii.gz	0.0002820657469613	0.0008155677933245	0.0004398503806442	0.0007335828267969	0.0008157978882081	0.0007336048292927	0.0004396990407258	0.0006898075807839	0.0006898404099047	sub-118864	ses-1		dir-AP	acq-multiband	space-ACPC			DSIStudio	autotrackgqi
Commissure_CorpusCallosum	dki_rk	DIPYDKI	/scratch/grmpy/SLURM_11194840_32/job-11194840-32-sub-118864/ds/inputs/data/qsiprep/qsiprep/sub-118864/ses-1/dwi/sub-118864_ses-1_acq-multiband_dir-AP_space-ACPC_desc-preproc_dwi.nii.gz	0.0028206574696138	1.158817452268376	0.5865593041925776	1.133783142801633	1.1620953251276005	1.135899975067669	0.5841368110244265	1.40701911614442	1.416076929770219	sub-118864	ses-1		dir-AP	acq-multiband	space-ACPC			DSIStudio	autotrackgqi
Commissure_CorpusCallosum	dki_sphericity	DIPYDKI	/scratch/grmpy/SLURM_11194840_32/job-11194840-32-sub-118864/ds/inputs/data/qsiprep/qsiprep/sub-118864/ses-1/dwi/sub-118864_ses-1_acq-multiband_dir-AP_space-ACPC_desc-preproc_dwi.nii.gz	0.0002820657469613	0.646303117275238	0.1919009089469909	0.6567362546920776	0.646485447883606	0.6567796468734741	0.1916206181049347	0.540060818195343	0.5400864481925964	sub-118864	ses-1		dir-AP	acq-multiband	space-ACPC			DSIStudio	autotrackgqi
Cerebellum_InferiorCerebellarPeduncleR	dki_ad	DIPYDKI	/scratch/grmpy/SLURM_11194840_32/job-11194840-32-sub-118864/ds/inputs/data/qsiprep/qsiprep/sub-118864/ses-1/dwi/sub-118864_ses-1_acq-multiband_dir-AP_space-ACPC_desc-preproc_dwi.nii.gz	0.0019601437438745	0.0015468915225937	0.0010776679264381	0.0012466235784813	0.0015499296132475	0.0012472071684896	0.0010765407932922	0.0016606769058853	0.0016621456015855	sub-118864	ses-1		dir-AP	acq-multiband	space-ACPC			DSIStudio	autotrackgqi
Cerebellum_InferiorCerebellarPeduncleR	dki_ak	DIPYDKI	/scratch/grmpy/SLURM_11194840_32/job-11194840-32-sub-118864/ds/inputs/data/qsiprep/qsiprep/sub-118864/ses-1/dwi/sub-118864_ses-1_acq-multiband_dir-AP_space-ACPC_desc-preproc_dwi.nii.gz	0.0026135249918327	0.8661248763946107	0.1825362014947404	0.8812995171847047	0.8683944469845736	0.8818042471797977	0.1773016971105559	0.8267443926706557	0.8275803968416643	sub-118864	ses-1		dir-AP	acq-multiband	space-ACPC			DSIStudio	autotrackgqi
Cerebellum_InferiorCerebellarPeduncleR	dki_fa	DIPYDKI	/scratch/grmpy/SLURM_11194840_32/job-11194840-32-sub-118864/ds/inputs/data/qsiprep/qsiprep/sub-118864/ses-1/dwi/sub-118864_ses-1_acq-multiband_dir-AP_space-ACPC_desc-preproc_dwi.nii.gz	0.0019601437438745	0.3107722699642181	0.1425713151693344	0.2828094363212585	0.3113826215267181	0.2834279835224151	0.1420438289642334	0.3632069528102875	0.363528162240982	sub-118864	ses-1		dir-AP	acq-multiband	space-ACPC			DSIStudio	autotrackgqi
Cerebellum_InferiorCerebellarPeduncleR	dki_kfa	DIPYDKI	/scratch/grmpy/SLURM_11194840_32/job-11194840-32-sub-118864/ds/inputs/data/qsiprep/qsiprep/sub-118864/ses-1/dwi/sub-118864_ses-1_acq-multiband_dir-AP_space-ACPC_desc-preproc_dwi.nii.gz	0.0019601437438745	0.4098480343818664	0.1444301009178161	0.4059873521327972	0.4106529653072357	0.4063141644001007	0.1434241086244583	0.4338011145591736	0.434184730052948	sub-118864	ses-1		dir-AP	acq-multiband	space-ACPC			DSIStudio	autotrackgqi
Cerebellum_InferiorCerebellarPeduncleR	dki_linearity	DIPYDKI	/scratch/grmpy/SLURM_11194840_32/job-11194840-32-sub-118864/ds/inputs/data/qsiprep/qsiprep/sub-118864/ses-1/dwi/sub-118864_ses-1_acq-multiband_dir-AP_space-ACPC_desc-preproc_dwi.nii.gz	0.0019601437438745	0.1368414312601089	0.0950427651405334	0.11382307857275	0.1371101886034011	0.1139272898435592	0.0949421897530555	0.1719094514846801	0.1720614731311798	sub-118864	ses-1		dir-AP	acq-multiband	space-ACPC			DSIStudio	autotrackgqi
Cerebellum_InferiorCerebellarPeduncleR	dki_md	DIPYDKI	/scratch/grmpy/SLURM_11194840_32/job-11194840-32-sub-118864/ds/inputs/data/qsiprep/qsiprep/sub-118864/ses-1/dwi/sub-118864_ses-1_acq-multiband_dir-AP_space-ACPC_desc-preproc_dwi.nii.gz	0.0019601437438745	0.0011652209796011	0.0008658980950713	0.0009059442090801	0.0011675094719976	0.0009061250020749	0.0008652053074911	0.0011922050034627	0.0011932593770325	sub-118864	ses-1		dir-AP	acq-multiband	space-ACPC			DSIStudio	autotrackgqi
Cerebellum_InferiorCerebellarPeduncleR	dki_mk	DIPYDKI	/scratch/grmpy/SLURM_11194840_32/job-11194840-32-sub-118864/ds/inputs/data/qsiprep/qsiprep/sub-118864/ses-1/dwi/sub-118864_ses-1_acq-multiband_dir-AP_space-ACPC_desc-preproc_dwi.nii.gz	0.0026135249918327	0.9946524859636838	0.1856072807348312	1.0150012884425297	0.9972588468833398	1.0153458659349013	0.1787207827993668	1.0156949684037742	1.016722039387938	sub-118864	ses-1		dir-AP	acq-multiband	space-ACPC			DSIStudio	autotrackgqi
Cerebellum_InferiorCerebellarPeduncleR	dki_mkt	DIPYDKI	/scratch/grmpy/SLURM_11194840_32/job-11194840-32-sub-118864/ds/inputs/data/qsiprep/qsiprep/sub-118864/ses-1/dwi/sub-118864_ses-1_acq-multiband_dir-AP_space-ACPC_desc-preproc_dwi.nii.gz	0.0019601437438745	0.9934590606048668	0.1688169993713567	1.0188544402119033	0.9954102076960708	1.018943969830474	0.1631347901183954	1.009980770326529	1.0108739584581243	sub-118864	ses-1		dir-AP	acq-multiband	space-ACPC			DSIStudio	autotrackgqi
Cerebellum_InferiorCerebellarPeduncleR	dki_planarity	DIPYDKI	/scratch/grmpy/SLURM_11194840_32/job-11194840-32-sub-118864/ds/inputs/data/qsiprep/qsiprep/sub-118864/ses-1/dwi/sub-118864_ses-1_acq-multiband_dir-AP_space-ACPC_desc-preproc_dwi.nii.gz	0.0019601437438745	0.1513807624578476	0.0905651226639747	0.134564995765686	0.1516780704259872	0.134737029671669	0.0904049426317215	0.1574470251798629	0.1575862765312194	sub-118864	ses-1		dir-AP	acq-multiband	space-ACPC			DSIStudio	autotrackgqi
Cerebellum_InferiorCerebellarPeduncleR	dki_rd	DIPYDKI	/scratch/grmpy/SLURM_11194840_32/job-11194840-32-sub-118864/ds/inputs/data/qsiprep/qsiprep/sub-118864/ses-1/dwi/sub-118864_ses-1_acq-multiband_dir-AP_space-ACPC_desc-preproc_dwi.nii.gz	0.0019601437438745	0.0009743858245201	0.0007791368989273	0.000741068040952	0.0009762995177879	0.0007415533764287	0.0007787029026076	0.0009579689940437	0.0009588161483407	sub-118864	ses-1		dir-AP	acq-multiband	space-ACPC			DSIStudio	autotrackgqi
Cerebellum_InferiorCerebellarPeduncleR	dki_rk	DIPYDKI	/scratch/grmpy/SLURM_11194840_32/job-11194840-32-sub-118864/ds/inputs/data/qsiprep/qsiprep/sub-118864/ses-1/dwi/sub-118864_ses-1_acq-multiband_dir-AP_space-ACPC_desc-preproc_dwi.nii.gz	0.0026135249918327	1.139327530600835	0.3453504481418338	1.1115558976050215	1.1423129941595664	1.1120663080202369	0.3408359166983657	1.1994074728983453	1.2006203138636475	sub-118864	ses-1		dir-AP	acq-multiband	space-ACPC			DSIStudio	autotrackgqi
Cerebellum_InferiorCerebellarPeduncleR	dki_sphericity	DIPYDKI	/scratch/grmpy/SLURM_11194840_32/job-11194840-32-sub-118864/ds/inputs/data/qsiprep/qsiprep/sub-118864/ses-1/dwi/sub-118864_ses-1_acq-multiband_dir-AP_space-ACPC_desc-preproc_dwi.nii.gz	0.0019601437438745	0.7098177075386047	0.1372980922460556	0.7377544641494751	0.7112117409706116	0.7381077408790588	0.1337770819664001	0.6697598695755005	0.6703522205352783	sub-118864	ses-1		dir-AP	acq-multiband	space-ACPC			DSIStudio	autotrackgqi
Cerebellum_MiddleCerebellarPeduncle	dki_ad	DIPYDKI	/scratch/grmpy/SLURM_11194840_32/job-11194840-32-sub-118864/ds/inputs/data/qsiprep/qsiprep/sub-118864/ses-1/dwi/sub-118864_ses-1_acq-multiband_dir-AP_space-ACPC_desc-preproc_dwi.nii.gz	0.0004242681374628	0.0014455612981691	0.0009596195304766	0.0011710507096722	0.0014461749233305	0.0011712070554494	0.0009593608556315	0.0016587704885751	0.0016587823629379	sub-118864	ses-1		dir-AP	acq-multiband	space-ACPC			DSIStudio	autotrackgqi
Cerebellum_MiddleCerebellarPeduncle	dki_ak	DIPYDKI	/scratch/grmpy/SLURM_11194840_32/job-11194840-32-sub-118864/ds/inputs/data/qsiprep/qsiprep/sub-118864/ses-1/dwi/sub-118864_ses-1_acq-multiband_dir-AP_space-ACPC_desc-preproc_dwi.nii.gz	0.0006788290199406	0.8799717985685523	0.1729623939082694	0.8915779328070738	0.8805695547363837	0.8917597309279758	0.1714932810952695	0.8254422730642785	0.825573617124587	sub-118864	ses-1		dir-AP	acq-multiband	space-ACPC			DSIStudio	autotrackgqi
Cerebellum_MiddleCerebellarPeduncle	dki_fa	DIPYDKI	/scratch/grmpy/SLURM_11194840_32/job-11194840-32-sub-118864/ds/inputs/data/qsiprep/qsiprep/sub-118864/ses-1/dwi/sub-118864_ses-1_acq-multiband_dir-AP_space-ACPC_desc-preproc_dwi.nii.gz	0.0004242681374628	0.3345353007316589	0.1590414196252823	0.2914707362651825	0.3346773087978363	0.2915270030498504	0.1589257419109344	0.4277565479278564	0.4277596473693847	sub-118864	ses-1		dir-AP	acq-multiband	space-ACPC			DSIStudio	autotrackgqi
Cerebellum_MiddleCerebellarPeduncle	dki_kfa	DIPYDKI	/scratch/grmpy/SLURM_11194840_32/job-11194840-32-sub-118864/ds/inputs/data/qsiprep/qsiprep/sub-118864/ses-1/dwi/sub-118864_ses-1_acq-multiband_dir-AP_space-ACPC_desc-preproc_dwi.nii.gz	0.000593975392448	0.4366056323051452	0.1484439820051193	0.4363662898540497	0.4368651211261749	0.4363884031772613	0.1481058746576309	0.4702653288841247	0.4702761769294739	sub-118864	ses-1		dir-AP	acq-multiband	space-ACPC			DSIStudio	autotrackgqi
Cerebellum_MiddleCerebellarPeduncle	dki_linearity	DIPYDKI	/scratch/grmpy/SLURM_11194840_32/job-11194840-32-sub-118864/ds/inputs/data/qsiprep/qsiprep/sub-118864/ses-1/dwi/sub-118864_ses-1_acq-multiband_dir-AP_space-ACPC_desc-preproc_dwi.nii.gz	0.0004242681374628	0.1523434221744537	0.1120603755116462	0.1213967949151992	0.1524080783128738	0.1214217245578765	0.1120401844382286	0.2162473499774933	0.2162488996982574	sub-118864	ses-1		dir-AP	acq-multiband	space-ACPC			DSIStudio	autotrackgqi
Cerebellum_MiddleCerebellarPeduncle	dki_md	DIPYDKI	/scratch/grmpy/SLURM_11194840_32/job-11194840-32-sub-118864/ds/inputs/data/qsiprep/qsiprep/sub-118864/ses-1/dwi/sub-118864_ses-1_acq-multiband_dir-AP_space-ACPC_desc-preproc_dwi.nii.gz	0.0004242681374628	0.0010669099865481	0.0007996469503268	0.000851770339068	0.00106736284215	0.0008518234244547	0.0007995143532752	0.0011282505001872	0.0011282586492598	sub-118864	ses-1		dir-AP	acq-multiband	space-ACPC			DSIStudio	autotrackgqi
Cerebellum_MiddleCerebellarPeduncle	dki_mk	DIPYDKI	/scratch/grmpy/SLURM_11194840_32/job-11194840-32-sub-118864/ds/inputs/data/qsiprep/qsiprep/sub-118864/ses-1/dwi/sub-118864_ses-1_acq-multiband_dir-AP_space-ACPC_desc-preproc_dwi.nii.gz	0.0006788290199406	1.0268537422884334	0.2090434970819016	1.0270206275476663	1.0275512739126422	1.0272161319862738	0.2073936319848182	1.095582472472021	1.0957568006453848	sub-118864	ses-1		dir-AP	acq-multiband	space-ACPC			DSIStudio	autotrackgqi
Cerebellum_MiddleCerebellarPeduncle	dki_mkt	DIPYDKI	/scratch/grmpy/SLURM_11194840_32/job-11194840-32-sub-118864/ds/inputs/data/qsiprep/qsiprep/sub-118864/ses-1/dwi/sub-118864_ses-1_acq-multiband_dir-AP_space-ACPC_desc-preproc_dwi.nii.gz	0.0004242681374628	1.020230106059528	0.1806359839905116	1.0316953327981804	1.0206631409092983	1.0317202716421692	0.1794469990706669	1.067472607413308	1.0674802435503012	sub-118864	ses-1		dir-AP	acq-multiband	space-ACPC			DSIStudio	autotrackgqi
Cerebellum_MiddleCerebellarPeduncle	dki_planarity	DIPYDKI	/scratch/grmpy/SLURM_11194840_32/job-11194840-32-sub-118864/ds/inputs/data/qsiprep/qsiprep/sub-118864/ses-1/dwi/sub-118864_ses-1_acq-multiband_dir-AP_space-ACPC_desc-preproc_dwi.nii.gz	0.0004242681374628	0.1589080840349197	0.1011445969343185	0.1388701796531677	0.1589755266904831	0.138899952173233	0.1011130511760711	0.1803532391786575	0.1803545355796814	sub-118864	ses-1		dir-AP	acq-multiband	space-ACPC			DSIStudio	autotrackgqi
Cerebellum_MiddleCerebellarPeduncle	dki_rd	DIPYDKI	/scratch/grmpy/SLURM_11194840_32/job-11194840-32-sub-118864/ds/inputs/data/qsiprep/qsiprep/sub-118864/ses-1/dwi/sub-118864_ses-1_acq-multiband_dir-AP_space-ACPC_desc-preproc_dwi.nii.gz	0.0004242681374628	0.0008775842143222	0.0007428941316902	0.0006888316129334	0.0008779566851444	0.0006888639181852	0.0007428317330777	0.0008629906224086	0.0008629967924207	sub-118864	ses-1		dir-AP	acq-multiband	space-ACPC			DSIStudio	autotrackgqi
Cerebellum_MiddleCerebellarPeduncle	dki_rk	DIPYDKI	/scratch/grmpy/SLURM_11194840_32/job-11194840-32-sub-118864/ds/inputs/data/qsiprep/qsiprep/sub-118864/ses-1/dwi/sub-118864_ses-1_acq-multiband_dir-AP_space-ACPC_desc-preproc_dwi.nii.gz	0.0006788290199406	1.2215468800331215	0.4679304228278564	1.1406658646329193	1.2223766647864769	1.1409445990870777	0.4670046120731745	1.439132710145391	1.4393617029830388	sub-118864	ses-1		dir-AP	acq-multiband	space-ACPC			DSIStudio	autotrackgqi
Cerebellum_MiddleCerebellarPeduncle	dki_sphericity	DIPYDKI	/scratch/grmpy/SLURM_11194840_32/job-11194840-32-sub-118864/ds/inputs/data/qsiprep/qsiprep/sub-118864/ses-1/dwi/sub-118864_ses-1_acq-multiband_dir-AP_space-ACPC_desc-preproc_dwi.nii.gz	0.0004242681374628	0.6883242130279541	0.1556093841791153	0.7303606867790222	0.6886163949966431	0.7304307222366333	0.1549947559833526	0.6033923029899597	0.6033965349197388	sub-118864	ses-1		dir-AP	acq-multiband	space-ACPC			DSIStudio	autotrackgqi
Cerebellum_CerebellumL	dki_ad	DIPYDKI	/scratch/grmpy/SLURM_11194840_32/job-11194840-32-sub-118864/ds/inputs/data/qsiprep/qsiprep/sub-118864/ses-1/dwi/sub-118864_ses-1_acq-multiband_dir-AP_space-ACPC_desc-preproc_dwi.nii.gz	0.0054048435713543	0.0011658046860247	0.0004710585053544	0.0010496388422325	0.0011721398914232	0.0010507809929549	0.0004644094733521	0.0011444818228483	0.0011454240884631	sub-118864	ses-1		dir-AP	acq-multiband	space-ACPC			DSIStudio	autotrackgqi
Cerebellum_CerebellumL	dki_ak	DIPYDKI	/scratch/grmpy/SLURM_11194840_32/job-11194840-32-sub-118864/ds/inputs/data/qsiprep/qsiprep/sub-118864/ses-1/dwi/sub-118864_ses-1_acq-multiband_dir-AP_space-ACPC_desc-preproc_dwi.nii.gz	0.006859993763642	0.9000122371838163	0.1691026824668533	0.9109533892452902	0.9062289622130296	0.9120993873007628	0.1521823326917641	0.9152776379660672	0.9165262442538324	sub-118864	ses-1		dir-AP	acq-multiband	space-ACPC			DSIStudio	autotrackgqi
Cerebellum_CerebellumL	dki_fa	DIPYDKI	/scratch/grmpy/SLURM_11194840_32/job-11194840-32-sub-118864/ds/inputs/data/qsiprep/qsiprep/sub-118864/ses-1/dwi/sub-118864_ses-1_acq-multiband_dir-AP_space-ACPC_desc-preproc_dwi.nii.gz	0.0055087828708034	0.2605229020118713	0.1056243255734443	0.2457652539014816	0.2619659900665283	0.2461498975753784	0.1041165143251419	0.2610676288604736	0.2612862288951874	sub-118864	ses-1		dir-AP	acq-multiband	space-ACPC			DSIStudio	autotrackgqi
Cerebellum_CerebellumL	dki_kfa	DIPYDKI	/scratch/grmpy/SLURM_11194840_32/job-11194840-32-sub-118864/ds/inputs/data/qsiprep/qsiprep/sub-118864/ses-1/dwi/sub-118864_ses-1_acq-multiband_dir-AP_space-ACPC_desc-preproc_dwi.nii.gz	0.0077954474586841	0.4156324863433838	0.1552561968564987	0.4048081338405609	0.4188979864120483	0.4062579274177551	0.1514132022857666	0.4066367149353027	0.4073010981082916	sub-118864	ses-1		dir-AP	acq-multiband	space-ACPC			DSIStudio	autotrackgqi
Cerebellum_CerebellumL	dki_linearity	DIPYDKI	/scratch/grmpy/SLURM_11194840_32/job-11194840-32-sub-118864/ds/inputs/data/qsiprep/qsiprep/sub-118864/ses-1/dwi/sub-118864_ses-1_acq-multiband_dir-AP_space-ACPC_desc-preproc_dwi.nii.gz	0.0055087828708034	0.1142541170120239	0.0676308795809745	0.1064168065786361	0.1148870065808296	0.1067477613687515	0.0672797262668609	0.1174713373184204	0.1175697222352027	sub-118864	ses-1		dir-AP	acq-multiband	space-ACPC			DSIStudio	autotrackgqi
Cerebellum_CerebellumL	dki_md	DIPYDKI	/scratch/grmpy/SLURM_11194840_32/job-11194840-32-sub-118864/ds/inputs/data/qsiprep/qsiprep/sub-118864/ses-1/dwi/sub-118864_ses-1_acq-multiband_dir-AP_space-ACPC_desc-preproc_dwi.nii.gz	0.0054048435713543	0.0009104858036153	0.0003808238834608	0.0008143524173647	0.0009154335712082	0.0008148850756697	0.0003758797247428	0.0008906704606488	0.0008914038771763	sub-118864	ses-1		dir-AP	acq-multiband	space-ACPC			DSIStudio	autotrackgqi
Cerebellum_CerebellumL	dki_mk	DIPYDKI	/scratch/grmpy/SLURM_11194840_32/job-11194840-32-sub-118864/ds/inputs/data/qsiprep/qsiprep/sub-118864/ses-1/dwi/sub-118864_ses-1_acq-multiband_dir-AP_space-ACPC_desc-preproc_dwi.nii.gz	0.006859993763642	0.9355451999351414	0.1971259896179283	0.9683312659531492	0.9420073645814752	0.9692417575123043	0.1817681504884221	0.9592522453021648	0.9605608411473812	sub-118864	ses-1		dir-AP	acq-multiband	space-ACPC			DSIStudio	autotrackgqi
Cerebellum_CerebellumL	dki_mkt	DIPYDKI	/scratch/grmpy/SLURM_11194840_32/job-11194840-32-sub-118864/ds/inputs/data/qsiprep/qsiprep/sub-118864/ses-1/dwi/sub-118864_ses-1_acq-multiband_dir-AP_space-ACPC_desc-preproc_dwi.nii.gz	0.0054048435713543	0.952503107620934	0.1789087844411548	0.9792907703885776	0.9576792139639468	0.98019164134574	0.1650007392647075	0.9747524836375768	0.9755550379914382	sub-118864	ses-1		dir-AP	acq-multiband	space-ACPC			DSIStudio	autotrackgqi
Cerebellum_CerebellumL	dki_planarity	DIPYDKI	/scratch/grmpy/SLURM_11194840_32/job-11194840-32-sub-118864/ds/inputs/data/qsiprep/qsiprep/sub-118864/ses-1/dwi/sub-118864_ses-1_acq-multiband_dir-AP_space-ACPC_desc-preproc_dwi.nii.gz	0.0059245400685999	0.1195650994777679	0.0850519612431526	0.1000499576330185	0.1202776879072189	0.1005416214466095	0.0848011747002601	0.1111983656883239	0.1113016679883003	sub-118864	ses-1		dir-AP	acq-multiband	space-ACPC			DSIStudio	autotrackgqi
Cerebellum_CerebellumL	dki_rd	DIPYDKI	/scratch/grmpy/SLURM_11194840_32/job-11194840-32-sub-118864/ds/inputs/data/qsiprep/qsiprep/sub-118864/ses-1/dwi/sub-118864_ses-1_acq-multiband_dir-AP_space-ACPC_desc-preproc_dwi.nii.gz	0.0054048435713543	0.0007828263915143	0.0003509226080495	0.0006972221890464	0.0007870804402045	0.0006978121818974	0.0003470844822004	0.000763764954172	0.0007643937715329	sub-118864	ses-1		dir-AP	acq-multiband	space-ACPC			DSIStudio	autotrackgqi
Cerebellum_CerebellumL	dki_rk	DIPYDKI	/scratch/grmpy/SLURM_11194840_32/job-11194840-32-sub-118864/ds/inputs/data/qsiprep/qsiprep/sub-118864/ses-1/dwi/sub-118864_ses-1_acq-multiband_dir-AP_space-ACPC_desc-preproc_dwi.nii.gz	0.006859993763642	1.01198502615491	0.3192452473878563	1.0512131095618873	1.018975189600878	1.0523672713600898	0.3090286520403213	1.0417151051126332	1.0431361955178229	sub-118864	ses-1		dir-AP	acq-multiband	space-ACPC			DSIStudio	autotrackgqi
Cerebellum_CerebellumL	dki_sphericity	DIPYDKI	/scratch/grmpy/SLURM_11194840_32/job-11194840-32-sub-118864/ds/inputs/data/qsiprep/qsiprep/sub-118864/ses-1/dwi/sub-118864_ses-1_acq-multiband_dir-AP_space-ACPC_desc-preproc_dwi.nii.gz	0.0054048435713543	0.7607759237289429	0.1222514733672142	0.7875387668609619	0.7649101614952087	0.7879254221916199	0.1089235246181488	0.7705076932907104	0.7711420059204102	sub-118864	ses-1		dir-AP	acq-multiband	space-ACPC			DSIStudio	autotrackgqi
Cerebellum_InferiorCerebellarPeduncleL	dki_ad	DIPYDKI	/scratch/grmpy/SLURM_11194840_32/job-11194840-32-sub-118864/ds/inputs/data/qsiprep/qsiprep/sub-118864/ses-1/dwi/sub-118864_ses-1_acq-multiband_dir-AP_space-ACPC_desc-preproc_dwi.nii.gz	0.0	0.0014936950756236	0.0011056048097088	0.0012019630521535	0.0014936950756236	0.0012019630521535	0.0011056048097088	0.0016091903671622	0.0016091903671622	sub-118864	ses-1		dir-AP	acq-multiband	space-ACPC			DSIStudio	autotrackgqi
Cerebellum_InferiorCerebellarPeduncleL	dki_ak	DIPYDKI	/scratch/grmpy/SLURM_11194840_32/job-11194840-32-sub-118864/ds/inputs/data/qsiprep/qsiprep/sub-118864/ses-1/dwi/sub-118864_ses-1_acq-multiband_dir-AP_space-ACPC_desc-preproc_dwi.nii.gz	0.0	0.8818727886648049	0.1811819160901886	0.8929214990766172	0.8818727886648049	0.8929214990766172	0.1811819160901886	0.849009485780134	0.849009485780134	sub-118864	ses-1		dir-AP	acq-multiband	space-ACPC			DSIStudio	autotrackgqi
Cerebellum_InferiorCerebellarPeduncleL	dki_fa	DIPYDKI	/scratch/grmpy/SLURM_11194840_32/job-11194840-32-sub-118864/ds/inputs/data/qsiprep/qsiprep/sub-118864/ses-1/dwi/sub-118864_ses-1_acq-multiband_dir-AP_space-ACPC_desc-preproc_dwi.nii.gz	0.0	0.3244120478630066	0.1500491946935653	0.2944121062755584	0.3244120478630066	0.2944121062755584	0.1500491946935653	0.3858668804168701	0.3858668804168701	sub-118864	ses-1		dir-AP	acq-multiband	space-ACPC			DSIStudio	autotrackgqi
Cerebellum_InferiorCerebellarPeduncleL	dki_kfa	DIPYDKI	/scratch/grmpy/SLURM_11194840_32/job-11194840-32-sub-118864/ds/inputs/data/qsiprep/qsiprep/sub-118864/ses-1/dwi/sub-118864_ses-1_acq-multiband_dir-AP_space-ACPC_desc-preproc_dwi.nii.gz	0.0006301197227473	0.4325363039970398	0.1475405246019363	0.4389170110225677	0.4328090250492096	0.439072847366333	0.14718659222126	0.4549773931503296	0.4549897909164428	sub-118864	ses-1		dir-AP	acq-multiband	space-ACPC			DSIStudio	autotrackgqi
Cerebellum_InferiorCerebellarPeduncleL	dki_linearity	DIPYDKI	/scratch/grmpy/SLURM_11194840_32/job-11194840-32-sub-118864/ds/inputs/data/qsiprep/qsiprep/sub-118864/ses-1/dwi/sub-118864_ses-1_acq-multiband_dir-AP_space-ACPC_desc-preproc_dwi.nii.gz	0.0	0.1434329003095626	0.1016888916492462	0.1160781681537628	0.1434329003095626	0.1160781681537628	0.1016888916492462	0.1853812783956527	0.1853812783956527	sub-118864	ses-1		dir-AP	acq-multiband	space-ACPC			DSIStudio	autotrackgqi
Cerebellum_InferiorCerebellarPeduncleL	dki_md	DIPYDKI	/scratch/grmpy/SLURM_11194840_32/job-11194840-32-sub-118864/ds/inputs/data/qsiprep/qsiprep/sub-118864/ses-1/dwi/sub-118864_ses-1_acq-multiband_dir-AP_space-ACPC_desc-preproc_dwi.nii.gz	0.0	0.0011180433211848	0.0009163785725831	0.0008680569590069	0.0011180433211848	0.0008680569590069	0.0009163785725831	0.0011418453650549	0.0011418453650549	sub-118864	ses-1		dir-AP	acq-multiband	space-ACPC			DSIStudio	autotrackgqi
Cerebellum_InferiorCerebellarPeduncleL	dki_mk	DIPYDKI	/scratch/grmpy/SLURM_11194840_32/job-11194840-32-sub-118864/ds/inputs/data/qsiprep/qsiprep/sub-118864/ses-1/dwi/sub-118864_ses-1_acq-multiband_dir-AP_space-ACPC_desc-preproc_dwi.nii.gz	0.0	1.0153898957336505	0.2003170644496274	1.0215619169764325	1.0153898957336505	1.0215619169764325	0.2003170644496274	1.0496388583324077	1.0496388583324077	sub-118864	ses-1		dir-AP	acq-multiband	space-ACPC			DSIStudio	autotrackgqi
Cerebellum_InferiorCerebellarPeduncleL	dki_mkt	DIPYDKI	/scratch/grmpy/SLURM_11194840_32/job-11194840-32-sub-118864/ds/inputs/data/qsiprep/qsiprep/sub-118864/ses-1/dwi/sub-118864_ses-1_acq-multiband_dir-AP_space-ACPC_desc-preproc_dwi.nii.gz	0.0	1.012414229163018	0.1782412194263149	1.0296943929839677	1.012414229163018	1.0296943929839677	0.1782412194263149	1.0343592912431157	1.0343592912431157	sub-118864	ses-1		dir-AP	acq-multiband	space-ACPC			DSIStudio	autotrackgqi
Cerebellum_InferiorCerebellarPeduncleL	dki_planarity	DIPYDKI	/scratch/grmpy/SLURM_11194840_32/job-11194840-32-sub-118864/ds/inputs/data/qsiprep/qsiprep/sub-118864/ses-1/dwi/sub-118864_ses-1_acq-multiband_dir-AP_space-ACPC_desc-preproc_dwi.nii.gz	0.0	0.1598294973373413	0.0996419936418533	0.1424391269683838	0.1598294973373413	0.1424391269683838	0.0996419936418533	0.1700537204742431	0.1700537204742431	sub-118864	ses-1		dir-AP	acq-multiband	space-ACPC			DSIStudio	autotrackgqi
Cerebellum_InferiorCerebellarPeduncleL	dki_rd	DIPYDKI	/scratch/grmpy/SLURM_11194840_32/job-11194840-32-sub-118864/ds/inputs/data/qsiprep/qsiprep/sub-118864/ses-1/dwi/sub-118864_ses-1_acq-multiband_dir-AP_space-ACPC_desc-preproc_dwi.nii.gz	0.0	0.00093021732755	0.0008407300920225	0.0007047542603686	0.00093021732755	0.0007047542603686	0.0008407300920225	0.0009081728057935	0.0009081728057935	sub-118864	ses-1		dir-AP	acq-multiband	space-ACPC			DSIStudio	autotrackgqi
Cerebellum_InferiorCerebellarPeduncleL	dki_rk	DIPYDKI	/scratch/grmpy/SLURM_11194840_32/job-11194840-32-sub-118864/ds/inputs/data/qsiprep/qsiprep/sub-118864/ses-1/dwi/sub-118864_ses-1_acq-multiband_dir-AP_space-ACPC_desc-preproc_dwi.nii.gz	0.0	1.1719506943063325	0.400937275639706	1.1148902021493283	1.1719506943063325	1.1148902021493283	0.400937275639706	1.2828445044285797	1.2828445044285797	sub-118864	ses-1		dir-AP	acq-multiband	space-ACPC			DSIStudio	autotrackgqi
Cerebellum_InferiorCerebellarPeduncleL	dki_sphericity	DIPYDKI	/scratch/grmpy/SLURM_11194840_32/job-11194840-32-sub-118864/ds/inputs/data/qsiprep/qsiprep/sub-118864/ses-1/dwi/sub-118864_ses-1_acq-multiband_dir-AP_space-ACPC_desc-preproc_dwi.nii.gz	0.0	0.6967375874519348	0.1455058157444	0.7242381572723389	0.6967375874519348	0.7242381572723389	0.1455058157444	0.6445649862289429	0.6445649862289429	sub-118864	ses-1		dir-AP	acq-multiband	space-ACPC			DSIStudio	autotrackgqi
Cerebellum_Vermis	dki_ad	DIPYDKI	/scratch/grmpy/SLURM_11194840_32/job-11194840-32-sub-118864/ds/inputs/data/qsiprep/qsiprep/sub-118864/ses-1/dwi/sub-118864_ses-1_acq-multiband_dir-AP_space-ACPC_desc-preproc_dwi.nii.gz	0.0	0.001164358574897	0.0004854358267039	0.001045067445375	0.001164358574897	0.001045067445375	0.0004854358267039	0.0010979587677866	0.0010979587677866	sub-118864	ses-1		dir-AP	acq-multiband	space-ACPC			DSIStudio	autotrackgqi
Cerebellum_Vermis	dki_ak	DIPYDKI	/scratch/grmpy/SLURM_11194840_32/job-11194840-32-sub-118864/ds/inputs/data/qsiprep/qsiprep/sub-118864/ses-1/dwi/sub-118864_ses-1_acq-multiband_dir-AP_space-ACPC_desc-preproc_dwi.nii.gz	0.0004061738424045	0.9208724077200242	0.1575618129569415	0.9204868576614668	0.9212465939889068	0.9205993424954264	0.1564963090106899	0.9222973060081264	0.9223234724898572	sub-118864	ses-1		dir-AP	acq-multiband	space-ACPC			DSIStudio	autotrackgqi
Cerebellum_Vermis	dki_fa	DIPYDKI	/scratch/grmpy/SLURM_11194840_32/job-11194840-32-sub-118864/ds/inputs/data/qsiprep/qsiprep/sub-118864/ses-1/dwi/sub-118864_ses-1_acq-multiband_dir-AP_space-ACPC_desc-preproc_dwi.nii.gz	0.0	0.2573018670082092	0.0862061902880668	0.2496014237403869	0.2573018670082092	0.2496014237403869	0.0862061902880668	0.26002037525177	0.26002037525177	sub-118864	ses-1		dir-AP	acq-multiband	space-ACPC			DSIStudio	autotrackgqi
Cerebellum_Vermis	dki_kfa	DIPYDKI	/scratch/grmpy/SLURM_11194840_32/job-11194840-32-sub-118864/ds/inputs/data/qsiprep/qsiprep/sub-118864/ses-1/dwi/sub-118864_ses-1_acq-multiband_dir-AP_space-ACPC_desc-preproc_dwi.nii.gz	0.0004061738424045	0.4330606460571289	0.1375624239444732	0.4252946376800537	0.4332366287708282	0.4253267049789428	0.137313038110733	0.4312120974063873	0.4312313795089721	sub-118864	ses-1		dir-AP	acq-multiband	space-ACPC			DSIStudio	autotrackgqi
Cerebellum_Vermis	dki_linearity	DIPYDKI	/scratch/grmpy/SLURM_11194840_32/job-11194840-32-sub-118864/ds/inputs/data/qsiprep/qsiprep/sub-118864/ses-1/dwi/sub-118864_ses-1_acq-multiband_dir-AP_space-ACPC_desc-preproc_dwi.nii.gz	0.0	0.1086533889174461	0.0564573928713798	0.1042263507843017	0.1086533889174461	0.1042263507843017	0.0564573928713798	0.1131666600704193	0.1131666600704193	sub-118864	ses-1		dir-AP	acq-multiband	space-ACPC			DSIStudio	autotrackgqi
Cerebellum_Vermis	dki_md	DIPYDKI	/scratch/grmpy/SLURM_11194840_32/job-11194840-32-sub-118864/ds/inputs/data/qsiprep/qsiprep/sub-118864/ses-1/dwi/sub-118864_ses-1_acq-multiband_dir-AP_space-ACPC_desc-preproc_dwi.nii.gz	0.0	0.0009150648256763	0.0003970241814386	0.0008127653272822	0.0009150648256763	0.0008127653272822	0.0003970241814386	0.0008577188127674	0.0008577188127674	sub-118864	ses-1		dir-AP	acq-multiband	space-ACPC			DSIStudio	autotrackgqi
Cerebellum_Vermis	dki_mk	DIPYDKI	/scratch/grmpy/SLURM_11194840_32/job-11194840-32-sub-118864/ds/inputs/data/qsiprep/qsiprep/sub-118864/ses-1/dwi/sub-118864_ses-1_acq-multiband_dir-AP_space-ACPC_desc-preproc_dwi.nii.gz	0.0004061738424045	0.9458206301192816	0.1576794894447046	0.9624474653570364	0.9462049538210776	0.9624984640672852	0.1565543839443517	0.9543663617975164	0.9543934379920278	sub-118864	ses-1		dir-AP	acq-multiband	space-ACPC			DSIStudio	autotrackgqi
Cerebellum_Vermis	dki_mkt	DIPYDKI	/scratch/grmpy/SLURM_11194840_32/job-11194840-32-sub-118864/ds/inputs/data/qsiprep/qsiprep/sub-118864/ses-1/dwi/sub-118864_ses-1_acq-multiband_dir-AP_space-ACPC_desc-preproc_dwi.nii.gz	0.0	0.9666779280477372	0.1603118225637342	0.9750109516287347	0.9666779280477372	0.9750109516287347	0.1603118225637342	0.9717028302384976	0.9717028302384976	sub-118864	ses-1		dir-AP	acq-multiband	space-ACPC			DSIStudio	autotrackgqi
Cerebellum_Vermis	dki_planarity	DIPYDKI	/scratch/grmpy/SLURM_11194840_32/job-11194840-32-sub-118864/ds/inputs/data/qsiprep/qsiprep/sub-118864/ses-1/dwi/sub-118864_ses-1_acq-multiband_dir-AP_space-ACPC_desc-preproc_dwi.nii.gz	0.0	0.1248484626412391	0.0749389380216598	0.1113054007291793	0.1248484626412391	0.1113054007291793	0.0749389380216598	0.1178020536899566	0.1178020536899566	sub-118864	ses-1		dir-AP	acq-multiband	space-ACPC			DSIStudio	autotrackgqi
Cerebellum_Vermis	dki_rd	DIPYDKI	/scratch/grmpy/SLURM_11194840_32/job-11194840-32-sub-118864/ds/inputs/data/qsiprep/qsiprep/sub-118864/ses-1/dwi/sub-118864_ses-1_acq-multiband_dir-AP_space-ACPC_desc-preproc_dwi.nii.gz	0.0	0.0007904180092737	0.0003637814370449	0.000701154989656	0.0007904180092737	0.000701154989656	0.0003637814370449	0.0007375987479463	0.0007375987479463	sub-118864	ses-1		dir-AP	acq-multiband	space-ACPC			DSIStudio	autotrackgqi
Cerebellum_Vermis	dki_rk	DIPYDKI	/scratch/grmpy/SLURM_11194840_32/job-11194840-32-sub-118864/ds/inputs/data/qsiprep/qsiprep/sub-118864/ses-1/dwi/sub-118864_ses-1_acq-multiband_dir-AP_space-ACPC_desc-preproc_dwi.nii.gz	0.0004061738424045	0.9953421739776026	0.2688973931582302	1.0220063952053278	0.995746620208394	1.0220964764598857	0.2682022795232437	1.010111337861848	1.010139995543751	sub-118864	ses-1		dir-AP	acq-multiband	space-ACPC			DSIStudio	autotrackgqi
Cerebellum_Vermis	dki_sphericity	DIPYDKI	/scratch/grmpy/SLURM_11194840_32/job-11194840-32-sub-118864/ds/inputs/data/qsiprep/qsiprep/sub-118864/ses-1/dwi/sub-118864_ses-1_acq-multiband_dir-AP_space-ACPC_desc-preproc_dwi.nii.gz	0.0	0.7664981484413147	0.0860759988427162	0.7778826951980591	0.7664981484413147	0.7778826951980591	0.0860759988427162	0.769031286239624	0.769031286239624	sub-118864	ses-1		dir-AP	acq-multiband	space-ACPC			DSIStudio	autotrackgqi
Cerebellum_CerebellumR	dki_ad	DIPYDKI	/scratch/grmpy/SLURM_11194840_32/job-11194840-32-sub-118864/ds/inputs/data/qsiprep/qsiprep/sub-118864/ses-1/dwi/sub-118864_ses-1_acq-multiband_dir-AP_space-ACPC_desc-preproc_dwi.nii.gz	0.0030857394754242	0.0011420353548601	0.0003286904830019	0.0010580150410532	0.0011455703061074	0.0010587882716208	0.0003229896537959	0.0011055642971768	0.0011064694263041	sub-118864	ses-1		dir-AP	acq-multiband	space-ACPC			DSIStudio	autotrackgqi
Cerebellum_CerebellumR	dki_ak	DIPYDKI	/scratch/grmpy/SLURM_11194840_32/job-11194840-32-sub-118864/ds/inputs/data/qsiprep/qsiprep/sub-118864/ses-1/dwi/sub-118864_ses-1_acq-multiband_dir-AP_space-ACPC_desc-preproc_dwi.nii.gz	0.0033061494379545	0.9049957349881526	0.1500431997996589	0.9141529556542294	0.9079977111104044	0.9144491782285648	0.1409320846057813	0.9147877988969816	0.915571075925152	sub-118864	ses-1		dir-AP	acq-multiband	space-ACPC			DSIStudio	autotrackgqi
Cerebellum_CerebellumR	dki_fa	DIPYDKI	/scratch/grmpy/SLURM_11194840_32/job-11194840-32-sub-118864/ds/inputs/data/qsiprep/qsiprep/sub-118864/ses-1/dwi/sub-118864_ses-1_acq-multiband_dir-AP_space-ACPC_desc-preproc_dwi.nii.gz	0.0030857394754242	0.260551780462265	0.1033724471926689	0.2478621304035186	0.2613582611083984	0.2481265515089035	0.1025092974305152	0.2611638009548187	0.2613776624202728	sub-118864	ses-1		dir-AP	acq-multiband	space-ACPC			DSIStudio	autotrackgqi
Cerebellum_CerebellumR	dki_kfa	DIPYDKI	/scratch/grmpy/SLURM_11194840_32/job-11194840-32-sub-118864/ds/inputs/data/qsiprep/qsiprep/sub-118864/ses-1/dwi/sub-118864_ses-1_acq-multiband_dir-AP_space-ACPC_desc-preproc_dwi.nii.gz	0.0035265594004849	0.4007496237754822	0.1392429172992706	0.391667366027832	0.4021678864955902	0.3923894166946411	0.137429341673851	0.3921075463294983	0.3926047682762146	sub-118864	ses-1		dir-AP	acq-multiband	space-ACPC			DSIStudio	autotrackgqi
Cerebellum_CerebellumR	dki_linearity	DIPYDKI	/scratch/grmpy/SLURM_11194840_32/job-11194840-32-sub-118864/ds/inputs/data/qsiprep/qsiprep/sub-118864/ses-1/dwi/sub-118864_ses-1_acq-multiband_dir-AP_space-ACPC_desc-preproc_dwi.nii.gz	0.0030857394754242	0.1148248985409736	0.0649112612009048	0.1084325164556503	0.1151803135871887	0.1085979789495468	0.0646960288286209	0.1180906146764755	0.1181872934103012	sub-118864	ses-1		dir-AP	acq-multiband	space-ACPC			DSIStudio	autotrackgqi
Cerebellum_CerebellumR	dki_md	DIPYDKI	/scratch/grmpy/SLURM_11194840_32/job-11194840-32-sub-118864/ds/inputs/data/qsiprep/qsiprep/sub-118864/ses-1/dwi/sub-118864_ses-1_acq-multiband_dir-AP_space-ACPC_desc-preproc_dwi.nii.gz	0.0030857394754242	0.0008920098189264	0.0002778185298666	0.0008219919400289	0.0008947708411142	0.0008224223856814	0.0002737728354986	0.0008612548117525	0.0008619600557722	sub-118864	ses-1		dir-AP	acq-multiband	space-ACPC			DSIStudio	autotrackgqi
Cerebellum_CerebellumR	dki_mk	DIPYDKI	/scratch/grmpy/SLURM_11194840_32/job-11194840-32-sub-118864/ds/inputs/data/qsiprep/qsiprep/sub-118864/ses-1/dwi/sub-118864_ses-1_acq-multiband_dir-AP_space-ACPC_desc-preproc_dwi.nii.gz	0.0033061494379545	0.9654073821283726	0.1717979265324653	0.9854724246870789	0.968609750711284	0.9857801869710284	0.1628207150430506	0.9789446860089076	0.9797828966281754	sub-118864	ses-1		dir-AP	acq-multiband	space-ACPC			DSIStudio	autotrackgqi
Cerebellum_CerebellumR	dki_mkt	DIPYDKI	/scratch/grmpy/SLURM_11194840_32/job-11194840-32-sub-118864/ds/inputs/data/qsiprep/qsiprep/sub-118864/ses-1/dwi/sub-118864_ses-1_acq-multiband_dir-AP_space-ACPC_desc-preproc_dwi.nii.gz	0.0030857394754242	0.9730948880543984	0.1667868169125112	0.9931453689673512	0.9761068996468728	0.9935618099359912	0.1579996876836699	0.9856759107661666	0.986482986322624	sub-118864	ses-1		dir-AP	acq-multiband	space-ACPC			DSIStudio	autotrackgqi
Cerebellum_CerebellumR	dki_planarity	DIPYDKI	/scratch/grmpy/SLURM_11194840_32/job-11194840-32-sub-118864/ds/inputs/data/qsiprep/qsiprep/sub-118864/ses-1/dwi/sub-118864_ses-1_acq-multiband_dir-AP_space-ACPC_desc-preproc_dwi.nii.gz	0.0030857394754242	0.1178835183382034	0.0813050344586372	0.09896782040596	0.1182484030723571	0.0992402210831642	0.0811654031276702	0.1093931570649147	0.1094827353954315	sub-118864	ses-1		dir-AP	acq-multiband	space-ACPC			DSIStudio	autotrackgqi
Cerebellum_CerebellumR	dki_rd	DIPYDKI	/scratch/grmpy/SLURM_11194840_32/job-11194840-32-sub-118864/ds/inputs/data/qsiprep/qsiprep/sub-118864/ses-1/dwi/sub-118864_ses-1_acq-multiband_dir-AP_space-ACPC_desc-preproc_dwi.nii.gz	0.0030857394754242	0.0007669971091672	0.0002717397292144	0.0007012472487986	0.0007693711668252	0.000701603363268	0.0002687833621166	0.0007391000981442	0.0007397052831947	sub-118864	ses-1		dir-AP	acq-multiband	space-ACPC			DSIStudio	autotrackgqi
Cerebellum_CerebellumR	dki_rk	DIPYDKI	/scratch/grmpy/SLURM_11194840_32/job-11194840-32-sub-118864/ds/inputs/data/qsiprep/qsiprep/sub-118864/ses-1/dwi/sub-118864_ses-1_acq-multiband_dir-AP_space-ACPC_desc-preproc_dwi.nii.gz	0.0033061494379545	1.068370103458946	0.3180176228560123	1.0827441887079532	1.0719140113651564	1.0833167606487626	0.3125250728466783	1.0899093860183744	1.0908426089017391	sub-118864	ses-1		dir-AP	acq-multiband	space-ACPC			DSIStudio	autotrackgqi
Cerebellum_CerebellumR	dki_sphericity	DIPYDKI	/scratch/grmpy/SLURM_11194840_32/job-11194840-32-sub-118864/ds/inputs/data/qsiprep/qsiprep/sub-118864/ses-1/dwi/sub-118864_ses-1_acq-multiband_dir-AP_space-ACPC_desc-preproc_dwi.nii.gz	0.0030857394754242	0.764205813407898	0.1122815608978271	0.788565993309021	0.7665712833404541	0.7889458537101746	0.1040811911225318	0.7716980576515198	0.7723299264907837	sub-118864	ses-1		dir-AP	acq-multiband	space-ACPC			DSIStudio	autotrackgqi
Cerebellum_SuperiorCerebellarPeduncle	dki_ad	DIPYDKI	/scratch/grmpy/SLURM_11194840_32/job-11194840-32-sub-118864/ds/inputs/data/qsiprep/qsiprep/sub-118864/ses-1/dwi/sub-118864_ses-1_acq-multiband_dir-AP_space-ACPC_desc-preproc_dwi.nii.gz	0.0	0.0018000465352088	0.0012624346418306	0.0013612709008157	0.0018000465352088	0.0013612709008157	0.0012624346418306	0.0019405093044042	0.0019405095372349	sub-118864	ses-1		dir-AP	acq-multiband	space-ACPC			DSIStudio	autotrackgqi
Cerebellum_SuperiorCerebellarPeduncle	dki_ak	DIPYDKI	/scratch/grmpy/SLURM_11194840_32/job-11194840-32-sub-118864/ds/inputs/data/qsiprep/qsiprep/sub-118864/ses-1/dwi/sub-118864_ses-1_acq-multiband_dir-AP_space-ACPC_desc-preproc_dwi.nii.gz	0.0014204545454545	0.7936777821112413	0.1956093654392295	0.8031002328218737	0.794806768999024	0.8032335003838336	0.1934428226271185	0.7452075567241291	0.750653877791935	sub-118864	ses-1		dir-AP	acq-multiband	space-ACPC			DSIStudio	autotrackgqi
Cerebellum_SuperiorCerebellarPeduncle	dki_fa	DIPYDKI	/scratch/grmpy/SLURM_11194840_32/job-11194840-32-sub-118864/ds/inputs/data/qsiprep/qsiprep/sub-118864/ses-1/dwi/sub-118864_ses-1_acq-multiband_dir-AP_space-ACPC_desc-preproc_dwi.nii.gz	0.0	0.3341327309608459	0.145748496055603	0.3074313104152679	0.3341327309608459	0.3074313104152679	0.145748496055603	0.4135223031044006	0.413522332906723	sub-118864	ses-1		dir-AP	acq-multiband	space-ACPC			DSIStudio	autotrackgqi
Cerebellum_SuperiorCerebellarPeduncle	dki_kfa	DIPYDKI	/scratch/grmpy/SLURM_11194840_32/job-11194840-32-sub-118864/ds/inputs/data/qsiprep/qsiprep/sub-118864/ses-1/dwi/sub-118864_ses-1_acq-multiband_dir-AP_space-ACPC_desc-preproc_dwi.nii.gz	0.0	0.4423032701015472	0.1622650027275085	0.4362226724624634	0.4423032701015472	0.4362226724624634	0.1622650027275085	0.4886329770088196	0.4886330366134643	sub-118864	ses-1		dir-AP	acq-multiband	space-ACPC			DSIStudio	autotrackgqi
Cerebellum_SuperiorCerebellarPeduncle	dki_linearity	DIPYDKI	/scratch/grmpy/SLURM_11194840_32/job-11194840-32-sub-118864/ds/inputs/data/qsiprep/qsiprep/sub-118864/ses-1/dwi/sub-118864_ses-1_acq-multiband_dir-AP_space-ACPC_desc-preproc_dwi.nii.gz	0.0	0.1464882791042328	0.1064127311110496	0.1204486936330795	0.1464882791042328	0.1204486936330795	0.1064127311110496	0.2092012465000152	0.2092012614011764	sub-118864	ses-1		dir-AP	acq-multiband	space-ACPC			DSIStudio	autotrackgqi
Cerebellum_SuperiorCerebellarPeduncle	dki_md	DIPYDKI	/scratch/grmpy/SLURM_11194840_32/job-11194840-32-sub-118864/ds/inputs/data/qsiprep/qsiprep/sub-118864/ses-1/dwi/sub-118864_ses-1_acq-multiband_dir-AP_space-ACPC_desc-preproc_dwi.nii.gz	0.0	0.0013412496773526	0.0010177447693422	0.0009572654962539	0.0013412496773526	0.0009572654962539	0.0010177447693422	0.0013376225251704	0.0013376226415857	sub-118864	ses-1		dir-AP	acq-multiband	space-ACPC			DSIStudio	autotrackgqi
Cerebellum_SuperiorCerebellarPeduncle	dki_mk	DIPYDKI	/scratch/grmpy/SLURM_11194840_32/job-11194840-32-sub-118864/ds/inputs/data/qsiprep/qsiprep/sub-118864/ses-1/dwi/sub-118864_ses-1_acq-multiband_dir-AP_space-ACPC_desc-preproc_dwi.nii.gz	0.0014204545454545	0.913237507345931	0.2324034586026555	0.9457465952612968	0.9145365649666222	0.9460527868306468	0.2300003515262587	0.9041628159943318	0.910770855948558	sub-118864	ses-1		dir-AP	acq-multiband	space-ACPC			DSIStudio	autotrackgqi
Cerebellum_SuperiorCerebellarPeduncle	dki_mkt	DIPYDKI	/scratch/grmpy/SLURM_11194840_32/job-11194840-32-sub-118864/ds/inputs/data/qsiprep/qsiprep/sub-118864/ses-1/dwi/sub-118864_ses-1_acq-multiband_dir-AP_space-ACPC_desc-preproc_dwi.nii.gz	0.0	0.9210967007818542	0.2028303585639116	0.956006463471516	0.9210967007818542	0.956006463471516	0.2028303585639116	0.9210170406676548	0.9210171198623144	sub-118864	ses-1		dir-AP	acq-multiband	space-ACPC			DSIStudio	autotrackgqi
Cerebellum_SuperiorCerebellarPeduncle	dki_planarity	DIPYDKI	/scratch/grmpy/SLURM_11194840_32/job-11194840-32-sub-118864/ds/inputs/data/qsiprep/qsiprep/sub-118864/ses-1/dwi/sub-118864_ses-1_acq-multiband_dir-AP_space-ACPC_desc-preproc_dwi.nii.gz	0.0	0.1679319590330124	0.096892699599266	0.1519420146942138	0.1679319590330124	0.1519420146942138	0.096892699599266	0.1727090328931808	0.172709047794342	sub-118864	ses-1		dir-AP	acq-multiband	space-ACPC			DSIStudio	autotrackgqi
Cerebellum_SuperiorCerebellarPeduncle	dki_rd	DIPYDKI	/scratch/grmpy/SLURM_11194840_32/job-11194840-32-sub-118864/ds/inputs/data/qsiprep/qsiprep/sub-118864/ses-1/dwi/sub-118864_ses-1_acq-multiband_dir-AP_space-ACPC_desc-preproc_dwi.nii.gz	0.0	0.0011118510738015	0.0009173322468996	0.0007865558727644	0.0011118510738015	0.0007865558727644	0.0009173322468996	0.0010361790191382	0.0010361791355535	sub-118864	ses-1		dir-AP	acq-multiband	space-ACPC			DSIStudio	autotrackgqi
Cerebellum_SuperiorCerebellarPeduncle	dki_rk	DIPYDKI	/scratch/grmpy/SLURM_11194840_32/job-11194840-32-sub-118864/ds/inputs/data/qsiprep/qsiprep/sub-118864/ses-1/dwi/sub-118864_ses-1_acq-multiband_dir-AP_space-ACPC_desc-preproc_dwi.nii.gz	0.0014204545454545	1.0401061235957914	0.3984231990241511	1.0318719427592482	1.0415856486649178	1.0319967089039237	0.3967692007042113	1.1040537027220314	1.1121226383952552	sub-118864	ses-1		dir-AP	acq-multiband	space-ACPC			DSIStudio	autotrackgqi
Cerebellum_SuperiorCerebellarPeduncle	dki_sphericity	DIPYDKI	/scratch/grmpy/SLURM_11194840_32/job-11194840-32-sub-118864/ds/inputs/data/qsiprep/qsiprep/sub-118864/ses-1/dwi/sub-118864_ses-1_acq-multiband_dir-AP_space-ACPC_desc-preproc_dwi.nii.gz	0.0	0.685579776763916	0.1394775360822677	0.7116020917892456	0.685579776763916	0.7116020917892456	0.1394775360822677	0.6180897355079651	0.6180897951126099	sub-118864	ses-1		dir-AP	acq-multiband	space-ACPC			DSIStudio	autotrackgqi
CranialNerve_CNVIIIR	dki_ad	DIPYDKI	/scratch/grmpy/SLURM_11194840_32/job-11194840-32-sub-118864/ds/inputs/data/qsiprep/qsiprep/sub-118864/ses-1/dwi/sub-118864_ses-1_acq-multiband_dir-AP_space-ACPC_desc-preproc_dwi.nii.gz	0.0	0.0015382723649963	0.0010297573171555	0.0012401414569467	0.0015382723649963	0.0012401414569467	0.0010297573171555	0.0019307305337861	0.0019307305337861	sub-118864	ses-1		dir-AP	acq-multiband	space-ACPC			DSIStudio	autotrackgqi
CranialNerve_CNVIIIR	dki_ak	DIPYDKI	/scratch/grmpy/SLURM_11194840_32/job-11194840-32-sub-118864/ds/inputs/data/qsiprep/qsiprep/sub-118864/ses-1/dwi/sub-118864_ses-1_acq-multiband_dir-AP_space-ACPC_desc-preproc_dwi.nii.gz	0.0012476606363069	0.8638172562270738	0.1751245138208563	0.8814533326039029	0.8648963533616486	0.8815173874234743	0.1725502824213171	0.79797368456986	0.7986668028961663	sub-118864	ses-1		dir-AP	acq-multiband	space-ACPC			DSIStudio	autotrackgqi
CranialNerve_CNVIIIR	dki_fa	DIPYDKI	/scratch/grmpy/SLURM_11194840_32/job-11194840-32-sub-118864/ds/inputs/data/qsiprep/qsiprep/sub-118864/ses-1/dwi/sub-118864_ses-1_acq-multiband_dir-AP_space-ACPC_desc-preproc_dwi.nii.gz	0.0	0.3207428753376007	0.1585325449705124	0.2774946391582489	0.3207428753376007	0.2774946391582489	0.1585325449705124	0.3716187477111816	0.3716187477111816	sub-118864	ses-1		dir-AP	acq-multiband	space-ACPC			DSIStudio	autotrackgqi
CranialNerve_CNVIIIR	dki_kfa	DIPYDKI	/scratch/grmpy/SLURM_11194840_32/job-11194840-32-sub-118864/ds/inputs/data/qsiprep/qsiprep/sub-118864/ses-1/dwi/sub-118864_ses-1_acq-multiband_dir-AP_space-ACPC_desc-preproc_dwi.nii.gz	0.0	0.4294584989547729	0.1481683552265167	0.4231269359588623	0.4294584989547729	0.4231269359588623	0.1481683552265167	0.4354491233825683	0.4354491233825683	sub-118864	ses-1		dir-AP	acq-multiband	space-ACPC			DSIStudio	autotrackgqi
CranialNerve_CNVIIIR	dki_linearity	DIPYDKI	/scratch/grmpy/SLURM_11194840_32/job-11194840-32-sub-118864/ds/inputs/data/qsiprep/qsiprep/sub-118864/ses-1/dwi/sub-118864_ses-1_acq-multiband_dir-AP_space-ACPC_desc-preproc_dwi.nii.gz	0.0	0.1473765671253204	0.1130325645208358	0.1156708002090454	0.1473765671253204	0.1156708002090454	0.1130325645208358	0.1799326837062835	0.1799326837062835	sub-118864	ses-1		dir-AP	acq-multiband	space-ACPC			DSIStudio	autotrackgqi
CranialNerve_CNVIIIR	dki_md	DIPYDKI	/scratch/grmpy/SLURM_11194840_32/job-11194840-32-sub-118864/ds/inputs/data/qsiprep/qsiprep/sub-118864/ses-1/dwi/sub-118864_ses-1_acq-multiband_dir-AP_space-ACPC_desc-preproc_dwi.nii.gz	0.0	0.0011407971614971	0.0008088304311968	0.0008979793055914	0.0011407971614971	0.0008979793055914	0.0008088304311968	0.0013861136976629	0.0013861136976629	sub-118864	ses-1		dir-AP	acq-multiband	space-ACPC			DSIStudio	autotrackgqi
CranialNerve_CNVIIIR	dki_mk	DIPYDKI	/scratch/grmpy/SLURM_11194840_32/job-11194840-32-sub-118864/ds/inputs/data/qsiprep/qsiprep/sub-118864/ses-1/dwi/sub-118864_ses-1_acq-multiband_dir-AP_space-ACPC_desc-preproc_dwi.nii.gz	0.0012476606363069	0.9859952306285696	0.1889150854808297	0.9916994268881508	0.9872269548392236	0.9918365472460484	0.1857888625642049	0.974785853037082	0.9756325502638176	sub-118864	ses-1		dir-AP	acq-multiband	space-ACPC			DSIStudio	autotrackgqi
CranialNerve_CNVIIIR	dki_mkt	DIPYDKI	/scratch/grmpy/SLURM_11194840_32/job-11194840-32-sub-118864/ds/inputs/data/qsiprep/qsiprep/sub-118864/ses-1/dwi/sub-118864_ses-1_acq-multiband_dir-AP_space-ACPC_desc-preproc_dwi.nii.gz	0.0	0.9847678995283564	0.1527630227743302	1.0020184884890346	0.9847678995283564	1.0020184884890346	0.1527630227743302	0.967126140568723	0.967126140568723	sub-118864	ses-1		dir-AP	acq-multiband	space-ACPC			DSIStudio	autotrackgqi
CranialNerve_CNVIIIR	dki_planarity	DIPYDKI	/scratch/grmpy/SLURM_11194840_32/job-11194840-32-sub-118864/ds/inputs/data/qsiprep/qsiprep/sub-118864/ses-1/dwi/sub-118864_ses-1_acq-multiband_dir-AP_space-ACPC_desc-preproc_dwi.nii.gz	0.0	0.1478146761655807	0.0904601663351059	0.1305322498083114	0.1478146761655807	0.1305322498083114	0.0904601663351059	0.1558246612548828	0.1558246612548828	sub-118864	ses-1		dir-AP	acq-multiband	space-ACPC			DSIStudio	autotrackgqi
CranialNerve_CNVIIIR	dki_rd	DIPYDKI	/scratch/grmpy/SLURM_11194840_32/job-11194840-32-sub-118864/ds/inputs/data/qsiprep/qsiprep/sub-118864/ses-1/dwi/sub-118864_ses-1_acq-multiband_dir-AP_space-ACPC_desc-preproc_dwi.nii.gz	0.0	0.0009420596179552	0.0007237885147333	0.0007355699199251	0.0009420596179552	0.0007355699199251	0.0007237885147333	0.0011138052213937	0.0011138052213937	sub-118864	ses-1		dir-AP	acq-multiband	space-ACPC			DSIStudio	autotrackgqi
CranialNerve_CNVIIIR	dki_rk	DIPYDKI	/scratch/grmpy/SLURM_11194840_32/job-11194840-32-sub-118864/ds/inputs/data/qsiprep/qsiprep/sub-118864/ses-1/dwi/sub-118864_ses-1_acq-multiband_dir-AP_space-ACPC_desc-preproc_dwi.nii.gz	0.0012476606363069	1.14152949446492	0.4407572209589246	1.066417057944539	1.142955515070123	1.0667418261757045	0.4391807505978131	1.1706419833073216	1.1716588010805042	sub-118864	ses-1		dir-AP	acq-multiband	space-ACPC			DSIStudio	autotrackgqi
CranialNerve_CNVIIIR	dki_sphericity	DIPYDKI	/scratch/grmpy/SLURM_11194840_32/job-11194840-32-sub-118864/ds/inputs/data/qsiprep/qsiprep/sub-118864/ses-1/dwi/sub-118864_ses-1_acq-multiband_dir-AP_space-ACPC_desc-preproc_dwi.nii.gz	0.0	0.70480877161026	0.1479955166578292	0.742524266242981	0.70480877161026	0.742524266242981	0.1479955166578292	0.6642426252365112	0.6642426252365112	sub-118864	ses-1		dir-AP	acq-multiband	space-ACPC			DSIStudio	autotrackgqi
CranialNerve_CNIIL	dki_ad	DIPYDKI	/scratch/grmpy/SLURM_11194840_32/job-11194840-32-sub-118864/ds/inputs/data/qsiprep/qsiprep/sub-118864/ses-1/dwi/sub-118864_ses-1_acq-multiband_dir-AP_space-ACPC_desc-preproc_dwi.nii.gz	0.0	0.0017536791274324	0.0010614363709464	0.0013992541935294	0.0017536791274324	0.0013992541935294	0.0010614363709464	0.0018579700263217	0.0018579700263217	sub-118864	ses-1		dir-AP	acq-multiband	space-ACPC			DSIStudio	autotrackgqi
CranialNerve_CNIIL	dki_ak	DIPYDKI	/scratch/grmpy/SLURM_11194840_32/job-11194840-32-sub-118864/ds/inputs/data/qsiprep/qsiprep/sub-118864/ses-1/dwi/sub-118864_ses-1_acq-multiband_dir-AP_space-ACPC_desc-preproc_dwi.nii.gz	0.0	0.6945971081089205	0.1731431970438911	0.6973781773614984	0.6945971081089205	0.6973781773614984	0.1731431970438911	0.6883872173044907	0.6883872173044907	sub-118864	ses-1		dir-AP	acq-multiband	space-ACPC			DSIStudio	autotrackgqi
CranialNerve_CNIIL	dki_fa	DIPYDKI	/scratch/grmpy/SLURM_11194840_32/job-11194840-32-sub-118864/ds/inputs/data/qsiprep/qsiprep/sub-118864/ses-1/dwi/sub-118864_ses-1_acq-multiband_dir-AP_space-ACPC_desc-preproc_dwi.nii.gz	0.0	0.2898467183113098	0.1490558236837387	0.2548282444477081	0.2898467183113098	0.2548282444477081	0.1490558236837387	0.3193407654762268	0.3193407654762268	sub-118864	ses-1		dir-AP	acq-multiband	space-ACPC			DSIStudio	autotrackgqi
CranialNerve_CNIIL	dki_kfa	DIPYDKI	/scratch/grmpy/SLURM_11194840_32/job-11194840-32-sub-118864/ds/inputs/data/qsiprep/qsiprep/sub-118864/ses-1/dwi/sub-118864_ses-1_acq-multiband_dir-AP_space-ACPC_desc-preproc_dwi.nii.gz	0.0047138047138047	0.4413289725780487	0.1857232600450515	0.4493045210838318	0.4434191584587097	0.4506695866584778	0.1836563795804977	0.4335352778434753	0.4339269399642944	sub-118864	ses-1		dir-AP	acq-multiband	space-ACPC			DSIStudio	autotrackgqi
CranialNerve_CNIIL	dki_linearity	DIPYDKI	/scratch/grmpy/SLURM_11194840_32/job-11194840-32-sub-118864/ds/inputs/data/qsiprep/qsiprep/sub-118864/ses-1/dwi/sub-118864_ses-1_acq-multiband_dir-AP_space-ACPC_desc-preproc_dwi.nii.gz	0.0	0.1256269961595535	0.0965887308120727	0.0961484909057617	0.1256269961595535	0.0961484909057617	0.0965887308120727	0.1448496133089065	0.1448496133089065	sub-118864	ses-1		dir-AP	acq-multiband	space-ACPC			DSIStudio	autotrackgqi
CranialNerve_CNIIL	dki_md	DIPYDKI	/scratch/grmpy/SLURM_11194840_32/job-11194840-32-sub-118864/ds/inputs/data/qsiprep/qsiprep/sub-118864/ses-1/dwi/sub-118864_ses-1_acq-multiband_dir-AP_space-ACPC_desc-preproc_dwi.nii.gz	0.0	0.0013594852061942	0.0008952596690505	0.0010085578542202	0.0013594852061942	0.0010085578542202	0.0008952596690505	0.0014056621585041	0.0014056621585041	sub-118864	ses-1		dir-AP	acq-multiband	space-ACPC			DSIStudio	autotrackgqi
CranialNerve_CNIIL	dki_mk	DIPYDKI	/scratch/grmpy/SLURM_11194840_32/job-11194840-32-sub-118864/ds/inputs/data/qsiprep/qsiprep/sub-118864/ses-1/dwi/sub-118864_ses-1_acq-multiband_dir-AP_space-ACPC_desc-preproc_dwi.nii.gz	0.0	0.7733775419416059	0.2242368832858048	0.7857686835749509	0.7733775419416059	0.7857686835749509	0.2242368832858048	0.811779000322076	0.811779000322076	sub-118864	ses-1		dir-AP	acq-multiband	space-ACPC			DSIStudio	autotrackgqi
CranialNerve_CNIIL	dki_mkt	DIPYDKI	/scratch/grmpy/SLURM_11194840_32/job-11194840-32-sub-118864/ds/inputs/data/qsiprep/qsiprep/sub-118864/ses-1/dwi/sub-118864_ses-1_acq-multiband_dir-AP_space-ACPC_desc-preproc_dwi.nii.gz	0.0	0.7718796473211128	0.2021211941247188	0.7899782133120898	0.7718796473211128	0.7899782133120898	0.2021211941247188	0.8013656548606873	0.8013656548606873	sub-118864	ses-1		dir-AP	acq-multiband	space-ACPC			DSIStudio	autotrackgqi
CranialNerve_CNIIL	dki_planarity	DIPYDKI	/scratch/grmpy/SLURM_11194840_32/job-11194840-32-sub-118864/ds/inputs/data/qsiprep/qsiprep/sub-118864/ses-1/dwi/sub-118864_ses-1_acq-multiband_dir-AP_space-ACPC_desc-preproc_dwi.nii.gz	0.0	0.1435474455356598	0.098344974219799	0.1211026981472969	0.1435474455356598	0.1211026981472969	0.098344974219799	0.1475835591554641	0.1475835591554641	sub-118864	ses-1		dir-AP	acq-multiband	space-ACPC			DSIStudio	autotrackgqi
CranialNerve_CNIIL	dki_rd	DIPYDKI	/scratch/grmpy/SLURM_11194840_32/job-11194840-32-sub-118864/ds/inputs/data/qsiprep/qsiprep/sub-118864/ses-1/dwi/sub-118864_ses-1_acq-multiband_dir-AP_space-ACPC_desc-preproc_dwi.nii.gz	0.0	0.0011623883619904	0.0008355036843568	0.0008497239905409	0.0011623883619904	0.0008497239905409	0.0008355036843568	0.0011795080499723	0.0011795080499723	sub-118864	ses-1		dir-AP	acq-multiband	space-ACPC			DSIStudio	autotrackgqi
CranialNerve_CNIIL	dki_rk	DIPYDKI	/scratch/grmpy/SLURM_11194840_32/job-11194840-32-sub-118864/ds/inputs/data/qsiprep/qsiprep/sub-118864/ses-1/dwi/sub-118864_ses-1_acq-multiband_dir-AP_space-ACPC_desc-preproc_dwi.nii.gz	0.0	0.8988002408415352	0.4311572352670994	0.8604385497860643	0.8988002408415352	0.8604385497860643	0.4311572352670994	0.9954110553009156	0.9954110553009156	sub-118864	ses-1		dir-AP	acq-multiband	space-ACPC			DSIStudio	autotrackgqi
CranialNerve_CNIIL	dki_sphericity	DIPYDKI	/scratch/grmpy/SLURM_11194840_32/job-11194840-32-sub-118864/ds/inputs/data/qsiprep/qsiprep/sub-118864/ses-1/dwi/sub-118864_ses-1_acq-multiband_dir-AP_space-ACPC_desc-preproc_dwi.nii.gz	0.0	0.7308254837989807	0.1401020437479019	0.7612061500549316	0.7308254837989807	0.7612061500549316	0.1401020437479019	0.7075668573379517	0.7075668573379517	sub-118864	ses-1		dir-AP	acq-multiband	space-ACPC			DSIStudio	autotrackgqi
CranialNerve_CNVIIL	dki_ad	DIPYDKI	/scratch/grmpy/SLURM_11194840_32/job-11194840-32-sub-118864/ds/inputs/data/qsiprep/qsiprep/sub-118864/ses-1/dwi/sub-118864_ses-1_acq-multiband_dir-AP_space-ACPC_desc-preproc_dwi.nii.gz	0.0	0.0015610443660989	0.0006947562214918	0.0013645139988511	0.0015610443660989	0.0013645139988511	0.0006947562214918	0.0014677480794489	0.0014677480794489	sub-118864	ses-1		dir-AP	acq-multiband	space-ACPC			DSIStudio	autotrackgqi
CranialNerve_CNVIIL	dki_ak	DIPYDKI	/scratch/grmpy/SLURM_11194840_32/job-11194840-32-sub-118864/ds/inputs/data/qsiprep/qsiprep/sub-118864/ses-1/dwi/sub-118864_ses-1_acq-multiband_dir-AP_space-ACPC_desc-preproc_dwi.nii.gz	0.0	0.9062393761929558	0.1789257884918485	0.9002388118852351	0.9062393761929558	0.9002388118852351	0.1789257884918485	0.9117147184607792	0.9117147184607792	sub-118864	ses-1		dir-AP	acq-multiband	space-ACPC			DSIStudio	autotrackgqi
CranialNerve_CNVIIL	dki_fa	DIPYDKI	/scratch/grmpy/SLURM_11194840_32/job-11194840-32-sub-118864/ds/inputs/data/qsiprep/qsiprep/sub-118864/ses-1/dwi/sub-118864_ses-1_acq-multiband_dir-AP_space-ACPC_desc-preproc_dwi.nii.gz	0.0	0.2872380316257477	0.1098371893167495	0.2815268635749817	0.2872380316257477	0.2815268635749817	0.1098371893167495	0.2763295173645019	0.2763295173645019	sub-118864	ses-1		dir-AP	acq-multiband	space-ACPC			DSIStudio	autotrackgqi
CranialNerve_CNVIIL	dki_kfa	DIPYDKI	/scratch/grmpy/SLURM_11194840_32/job-11194840-32-sub-118864/ds/inputs/data/qsiprep/qsiprep/sub-118864/ses-1/dwi/sub-118864_ses-1_acq-multiband_dir-AP_space-ACPC_desc-preproc_dwi.nii.gz	0.0	0.4006341993808746	0.1441413760185241	0.3982831239700317	0.4006341993808746	0.3982831239700317	0.1441413760185241	0.3841281533241272	0.3841281533241272	sub-118864	ses-1		dir-AP	acq-multiband	space-ACPC			DSIStudio	autotrackgqi
CranialNerve_CNVIIL	dki_linearity	DIPYDKI	/scratch/grmpy/SLURM_11194840_32/job-11194840-32-sub-118864/ds/inputs/data/qsiprep/qsiprep/sub-118864/ses-1/dwi/sub-118864_ses-1_acq-multiband_dir-AP_space-ACPC_desc-preproc_dwi.nii.gz	0.0	0.1127822920680046	0.0668612420558929	0.1001584380865097	0.1127822920680046	0.1001584380865097	0.0668612420558929	0.1049102842807769	0.1049102842807769	sub-118864	ses-1		dir-AP	acq-multiband	space-ACPC			DSIStudio	autotrackgqi
CranialNerve_CNVIIL	dki_md	DIPYDKI	/scratch/grmpy/SLURM_11194840_32/job-11194840-32-sub-118864/ds/inputs/data/qsiprep/qsiprep/sub-118864/ses-1/dwi/sub-118864_ses-1_acq-multiband_dir-AP_space-ACPC_desc-preproc_dwi.nii.gz	0.0	0.0012129796668887	0.0005925254081375	0.0009917330462485	0.0012129796668887	0.0009917330462485	0.0005925254081375	0.0011514879297465	0.0011514879297465	sub-118864	ses-1		dir-AP	acq-multiband	space-ACPC			DSIStudio	autotrackgqi
CranialNerve_CNVIIL	dki_mk	DIPYDKI	/scratch/grmpy/SLURM_11194840_32/job-11194840-32-sub-118864/ds/inputs/data/qsiprep/qsiprep/sub-118864/ses-1/dwi/sub-118864_ses-1_acq-multiband_dir-AP_space-ACPC_desc-preproc_dwi.nii.gz	0.0	0.9880380501807816	0.1476448752487924	1.0006394920407793	0.9880380501807816	1.0006394920407793	0.1476448752487924	0.9985848591925977	0.9985848591925977	sub-118864	ses-1		dir-AP	acq-multiband	space-ACPC			DSIStudio	autotrackgqi
CranialNerve_CNVIIL	dki_mkt	DIPYDKI	/scratch/grmpy/SLURM_11194840_32/job-11194840-32-sub-118864/ds/inputs/data/qsiprep/qsiprep/sub-118864/ses-1/dwi/sub-118864_ses-1_acq-multiband_dir-AP_space-ACPC_desc-preproc_dwi.nii.gz	0.0	0.999518447527618	0.138911878856184	1.018215837706855	0.999518447527618	1.018215837706855	0.138911878856184	1.0050644350597413	1.0050644350597413	sub-118864	ses-1		dir-AP	acq-multiband	space-ACPC			DSIStudio	autotrackgqi
CranialNerve_CNVIIL	dki_planarity	DIPYDKI	/scratch/grmpy/SLURM_11194840_32/job-11194840-32-sub-118864/ds/inputs/data/qsiprep/qsiprep/sub-118864/ses-1/dwi/sub-118864_ses-1_acq-multiband_dir-AP_space-ACPC_desc-preproc_dwi.nii.gz	0.0	0.1628162562847137	0.0948825851082801	0.146099641919136	0.1628162562847137	0.146099641919136	0.0948825851082801	0.1634117811918258	0.1634117811918258	sub-118864	ses-1		dir-AP	acq-multiband	space-ACPC			DSIStudio	autotrackgqi
CranialNerve_CNVIIL	dki_rd	DIPYDKI	/scratch/grmpy/SLURM_11194840_32/job-11194840-32-sub-118864/ds/inputs/data/qsiprep/qsiprep/sub-118864/ses-1/dwi/sub-118864_ses-1_acq-multiband_dir-AP_space-ACPC_desc-preproc_dwi.nii.gz	0.0	0.0010389474919065	0.0005556680844165	0.0008363500237464	0.0010389474919065	0.0008363500237464	0.0005556680844165	0.0009933579713106	0.0009933579713106	sub-118864	ses-1		dir-AP	acq-multiband	space-ACPC			DSIStudio	autotrackgqi
CranialNerve_CNVIIL	dki_rk	DIPYDKI	/scratch/grmpy/SLURM_11194840_32/job-11194840-32-sub-118864/ds/inputs/data/qsiprep/qsiprep/sub-118864/ses-1/dwi/sub-118864_ses-1_acq-multiband_dir-AP_space-ACPC_desc-preproc_dwi.nii.gz	0.0	1.0636579369558277	0.2795864697551445	1.0562973760696996	1.0636579369558277	1.0562973760696996	0.2795864697551445	1.0796089511427691	1.0796089511427691	sub-118864	ses-1		dir-AP	acq-multiband	space-ACPC			DSIStudio	autotrackgqi
CranialNerve_CNVIIL	dki_sphericity	DIPYDKI	/scratch/grmpy/SLURM_11194840_32/job-11194840-32-sub-118864/ds/inputs/data/qsiprep/qsiprep/sub-118864/ses-1/dwi/sub-118864_ses-1_acq-multiband_dir-AP_space-ACPC_desc-preproc_dwi.nii.gz	0.0	0.7244014739990234	0.1121930107474327	0.7362196445465088	0.7244014739990234	0.7362196445465088	0.1121930107474327	0.7316778898239136	0.7316778898239136	sub-118864	ses-1		dir-AP	acq-multiband	space-ACPC			DSIStudio	autotrackgqi
CranialNerve_CNVIIR	dki_ad	DIPYDKI	/scratch/grmpy/SLURM_11194840_32/job-11194840-32-sub-118864/ds/inputs/data/qsiprep/qsiprep/sub-118864/ses-1/dwi/sub-118864_ses-1_acq-multiband_dir-AP_space-ACPC_desc-preproc_dwi.nii.gz	0.0	0.0019062183564528	0.0010656149825081	0.0015981276519596	0.0019062183564528	0.0015981276519596	0.0010656149825081	0.0019652892369776	0.0019652892369776	sub-118864	ses-1		dir-AP	acq-multiband	space-ACPC			DSIStudio	autotrackgqi
CranialNerve_CNVIIR	dki_ak	DIPYDKI	/scratch/grmpy/SLURM_11194840_32/job-11194840-32-sub-118864/ds/inputs/data/qsiprep/qsiprep/sub-118864/ses-1/dwi/sub-118864_ses-1_acq-multiband_dir-AP_space-ACPC_desc-preproc_dwi.nii.gz	0.0	0.816985902491713	0.1736046304189445	0.8202324561549933	0.816985902491713	0.8202324561549933	0.1736046304189445	0.79952458491538	0.79952458491538	sub-118864	ses-1		dir-AP	acq-multiband	space-ACPC			DSIStudio	autotrackgqi
CranialNerve_CNVIIR	dki_fa	DIPYDKI	/scratch/grmpy/SLURM_11194840_32/job-11194840-32-sub-118864/ds/inputs/data/qsiprep/qsiprep/sub-118864/ses-1/dwi/sub-118864_ses-1_acq-multiband_dir-AP_space-ACPC_desc-preproc_dwi.nii.gz	0.0	0.3042146265506744	0.1218824908137321	0.2870737910270691	0.3042146265506744	0.2870737910270691	0.1218824908137321	0.2754469215869903	0.2754469215869903	sub-118864	ses-1		dir-AP	acq-multiband	space-ACPC			DSIStudio	autotrackgqi
CranialNerve_CNVIIR	dki_kfa	DIPYDKI	/scratch/grmpy/SLURM_11194840_32/job-11194840-32-sub-118864/ds/inputs/data/qsiprep/qsiprep/sub-118864/ses-1/dwi/sub-118864_ses-1_acq-multiband_dir-AP_space-ACPC_desc-preproc_dwi.nii.gz	0.0	0.3725025355815887	0.1424810141324997	0.3640458583831787	0.3725025355815887	0.3640458583831787	0.1424810141324997	0.324345588684082	0.324345588684082	sub-118864	ses-1		dir-AP	acq-multiband	space-ACPC			DSIStudio	autotrackgqi
CranialNerve_CNVIIR	dki_linearity	DIPYDKI	/scratch/grmpy/SLURM_11194840_32/job-11194840-32-sub-118864/ds/inputs/data/qsiprep/qsiprep/sub-118864/ses-1/dwi/sub-118864_ses-1_acq-multiband_dir-AP_space-ACPC_desc-preproc_dwi.nii.gz	0.0	0.1299433410167694	0.0788482427597045	0.1137566491961479	0.1299433410167694	0.1137566491961479	0.0788482427597045	0.1144408360123634	0.1144408360123634	sub-118864	ses-1		dir-AP	acq-multiband	space-ACPC			DSIStudio	autotrackgqi
CranialNerve_CNVIIR	dki_md	DIPYDKI	/scratch/grmpy/SLURM_11194840_32/job-11194840-32-sub-118864/ds/inputs/data/qsiprep/qsiprep/sub-118864/ses-1/dwi/sub-118864_ses-1_acq-multiband_dir-AP_space-ACPC_desc-preproc_dwi.nii.gz	0.0	0.0014563950244337	0.0008760635973885	0.0011486895382404	0.0014563950244337	0.0011486895382404	0.0008760635973885	0.0015269928844645	0.0015269928844645	sub-118864	ses-1		dir-AP	acq-multiband	space-ACPC			DSIStudio	autotrackgqi
CranialNerve_CNVIIR	dki_mk	DIPYDKI	/scratch/grmpy/SLURM_11194840_32/job-11194840-32-sub-118864/ds/inputs/data/qsiprep/qsiprep/sub-118864/ses-1/dwi/sub-118864_ses-1_acq-multiband_dir-AP_space-ACPC_desc-preproc_dwi.nii.gz	0.0	0.9487995710258056	0.1750594646353656	0.974828733351265	0.9487995710258056	0.974828733351265	0.1750594646353656	0.9165525158108504	0.9165525158108504	sub-118864	ses-1		dir-AP	acq-multiband	space-ACPC			DSIStudio	autotrackgqi
CranialNerve_CNVIIR	dki_mkt	DIPYDKI	/scratch/grmpy/SLURM_11194840_32/job-11194840-32-sub-118864/ds/inputs/data/qsiprep/qsiprep/sub-118864/ses-1/dwi/sub-118864_ses-1_acq-multiband_dir-AP_space-ACPC_desc-preproc_dwi.nii.gz	0.0	0.9488820264560858	0.1681121418866451	0.9786296686474406	0.9488820264560858	0.9786296686474406	0.1681121418866451	0.9150931427043076	0.9150931427043076	sub-118864	ses-1		dir-AP	acq-multiband	space-ACPC			DSIStudio	autotrackgqi
CranialNerve_CNVIIR	dki_planarity	DIPYDKI	/scratch/grmpy/SLURM_11194840_32/job-11194840-32-sub-118864/ds/inputs/data/qsiprep/qsiprep/sub-118864/ses-1/dwi/sub-118864_ses-1_acq-multiband_dir-AP_space-ACPC_desc-preproc_dwi.nii.gz	0.0	0.1532369405031204	0.0896260887384414	0.1385288834571838	0.1532369405031204	0.1385288834571838	0.0896260887384414	0.1384952068328857	0.1384952068328857	sub-118864	ses-1		dir-AP	acq-multiband	space-ACPC			DSIStudio	autotrackgqi
CranialNerve_CNVIIR	dki_rd	DIPYDKI	/scratch/grmpy/SLURM_11194840_32/job-11194840-32-sub-118864/ds/inputs/data/qsiprep/qsiprep/sub-118864/ses-1/dwi/sub-118864_ses-1_acq-multiband_dir-AP_space-ACPC_desc-preproc_dwi.nii.gz	0.0	0.0012314831838011	0.0007958569331094	0.0009555051801726	0.0012314831838011	0.0009555051801726	0.0007958569331094	0.0013078446500003	0.0013078446500003	sub-118864	ses-1		dir-AP	acq-multiband	space-ACPC			DSIStudio	autotrackgqi
CranialNerve_CNVIIR	dki_rk	DIPYDKI	/scratch/grmpy/SLURM_11194840_32/job-11194840-32-sub-118864/ds/inputs/data/qsiprep/qsiprep/sub-118864/ses-1/dwi/sub-118864_ses-1_acq-multiband_dir-AP_space-ACPC_desc-preproc_dwi.nii.gz	0.0	1.0652614460046812	0.3161318966284712	1.0344591852247444	1.0652614460046812	1.0344591852247444	0.3161318966284712	1.012221807115817	1.012221807115817	sub-118864	ses-1		dir-AP	acq-multiband	space-ACPC			DSIStudio	autotrackgqi
CranialNerve_CNVIIR	dki_sphericity	DIPYDKI	/scratch/grmpy/SLURM_11194840_32/job-11194840-32-sub-118864/ds/inputs/data/qsiprep/qsiprep/sub-118864/ses-1/dwi/sub-118864_ses-1_acq-multiband_dir-AP_space-ACPC_desc-preproc_dwi.nii.gz	0.0	0.716819703578949	0.1210254281759262	0.7330619096755981	0.716819703578949	0.7330619096755981	0.1210254281759262	0.7470639944076538	0.7470639944076538	sub-118864	ses-1		dir-AP	acq-multiband	space-ACPC			DSIStudio	autotrackgqi
CranialNerve_CNVR	dki_ad	DIPYDKI	/scratch/grmpy/SLURM_11194840_32/job-11194840-32-sub-118864/ds/inputs/data/qsiprep/qsiprep/sub-118864/ses-1/dwi/sub-118864_ses-1_acq-multiband_dir-AP_space-ACPC_desc-preproc_dwi.nii.gz	0.0	0.001766869565472	0.0009408158366568	0.0014695050194859	0.001766869565472	0.0014695050194859	0.0009408158366568	0.0018094810657203	0.0018094810657203	sub-118864	ses-1		dir-AP	acq-multiband	space-ACPC			DSIStudio	autotrackgqi
CranialNerve_CNVR	dki_ak	DIPYDKI	/scratch/grmpy/SLURM_11194840_32/job-11194840-32-sub-118864/ds/inputs/data/qsiprep/qsiprep/sub-118864/ses-1/dwi/sub-118864_ses-1_acq-multiband_dir-AP_space-ACPC_desc-preproc_dwi.nii.gz	0.0	0.8441905636817862	0.1895900473104653	0.8546579064326133	0.8441905636817862	0.8546579064326133	0.1895900473104653	0.8011906330987282	0.8011906330987282	sub-118864	ses-1		dir-AP	acq-multiband	space-ACPC			DSIStudio	autotrackgqi
CranialNerve_CNVR	dki_fa	DIPYDKI	/scratch/grmpy/SLURM_11194840_32/job-11194840-32-sub-118864/ds/inputs/data/qsiprep/qsiprep/sub-118864/ses-1/dwi/sub-118864_ses-1_acq-multiband_dir-AP_space-ACPC_desc-preproc_dwi.nii.gz	0.0	0.3505623042583465	0.1619787961244583	0.3180969953536987	0.3505623042583465	0.3180969953536987	0.1619787961244583	0.4110970497131347	0.4110970497131347	sub-118864	ses-1		dir-AP	acq-multiband	space-ACPC			DSIStudio	autotrackgqi
CranialNerve_CNVR	dki_kfa	DIPYDKI	/scratch/grmpy/SLURM_11194840_32/job-11194840-32-sub-118864/ds/inputs/data/qsiprep/qsiprep/sub-118864/ses-1/dwi/sub-118864_ses-1_acq-multiband_dir-AP_space-ACPC_desc-preproc_dwi.nii.gz	0.0015698587127158	0.4456310570240021	0.16608227789402	0.4467400312423706	0.4463317096233368	0.4469134509563446	0.1652693450450897	0.474679946899414	0.475932776927948	sub-118864	ses-1		dir-AP	acq-multiband	space-ACPC			DSIStudio	autotrackgqi
CranialNerve_CNVR	dki_linearity	DIPYDKI	/scratch/grmpy/SLURM_11194840_32/job-11194840-32-sub-118864/ds/inputs/data/qsiprep/qsiprep/sub-118864/ses-1/dwi/sub-118864_ses-1_acq-multiband_dir-AP_space-ACPC_desc-preproc_dwi.nii.gz	0.0	0.1644491255283355	0.1217099353671073	0.1339125782251358	0.1644491255283355	0.1339125782251358	0.1217099353671073	0.2097299396991729	0.2097299396991729	sub-118864	ses-1		dir-AP	acq-multiband	space-ACPC			DSIStudio	autotrackgqi
CranialNerve_CNVR	dki_md	DIPYDKI	/scratch/grmpy/SLURM_11194840_32/job-11194840-32-sub-118864/ds/inputs/data/qsiprep/qsiprep/sub-118864/ses-1/dwi/sub-118864_ses-1_acq-multiband_dir-AP_space-ACPC_desc-preproc_dwi.nii.gz	0.0	0.0012938508298248	0.0007944321841932	0.0009979254100471	0.0012938508298248	0.0009979254100471	0.0007944321841932	0.0012364198919385	0.0012364198919385	sub-118864	ses-1		dir-AP	acq-multiband	space-ACPC			DSIStudio	autotrackgqi
CranialNerve_CNVR	dki_mk	DIPYDKI	/scratch/grmpy/SLURM_11194840_32/job-11194840-32-sub-118864/ds/inputs/data/qsiprep/qsiprep/sub-118864/ses-1/dwi/sub-118864_ses-1_acq-multiband_dir-AP_space-ACPC_desc-preproc_dwi.nii.gz	0.0	0.9828525575342726	0.2260504294903033	1.0133412708252736	0.9828525575342726	1.0133412708252736	0.2260504294903033	1.0138620380538126	1.0138620380538126	sub-118864	ses-1		dir-AP	acq-multiband	space-ACPC			DSIStudio	autotrackgqi
CranialNerve_CNVR	dki_mkt	DIPYDKI	/scratch/grmpy/SLURM_11194840_32/job-11194840-32-sub-118864/ds/inputs/data/qsiprep/qsiprep/sub-118864/ses-1/dwi/sub-118864_ses-1_acq-multiband_dir-AP_space-ACPC_desc-preproc_dwi.nii.gz	0.0	0.9832328860054228	0.1852453326145937	1.023356411293484	0.9832328860054228	1.023356411293484	0.1852453326145937	0.9920790345594668	0.9920790345594668	sub-118864	ses-1		dir-AP	acq-multiband	space-ACPC			DSIStudio	autotrackgqi
CranialNerve_CNVR	dki_planarity	DIPYDKI	/scratch/grmpy/SLURM_11194840_32/job-11194840-32-sub-118864/ds/inputs/data/qsiprep/qsiprep/sub-118864/ses-1/dwi/sub-118864_ses-1_acq-multiband_dir-AP_space-ACPC_desc-preproc_dwi.nii.gz	0.0	0.157432422041893	0.0958569645881652	0.1403912901878357	0.157432422041893	0.1403912901878357	0.0958569645881652	0.1577807366847992	0.1577807366847992	sub-118864	ses-1		dir-AP	acq-multiband	space-ACPC			DSIStudio	autotrackgqi
CranialNerve_CNVR	dki_rd	DIPYDKI	/scratch/grmpy/SLURM_11194840_32/job-11194840-32-sub-118864/ds/inputs/data/qsiprep/qsiprep/sub-118864/ses-1/dwi/sub-118864_ses-1_acq-multiband_dir-AP_space-ACPC_desc-preproc_dwi.nii.gz	0.0	0.0010573416948318	0.0007509890710934	0.0008022611145861	0.0010573416948318	0.0008022611145861	0.0007509890710934	0.0009498893050476	0.0009498893050476	sub-118864	ses-1		dir-AP	acq-multiband	space-ACPC			DSIStudio	autotrackgqi
CranialNerve_CNVR	dki_rk	DIPYDKI	/scratch/grmpy/SLURM_11194840_32/job-11194840-32-sub-118864/ds/inputs/data/qsiprep/qsiprep/sub-118864/ses-1/dwi/sub-118864_ses-1_acq-multiband_dir-AP_space-ACPC_desc-preproc_dwi.nii.gz	0.0	1.1539379935478848	0.5190358540771464	1.10710017012451	1.1539379935478848	1.10710017012451	0.5190358540771464	1.304005275985329	1.304005275985329	sub-118864	ses-1		dir-AP	acq-multiband	space-ACPC			DSIStudio	autotrackgqi
CranialNerve_CNVR	dki_sphericity	DIPYDKI	/scratch/grmpy/SLURM_11194840_32/job-11194840-32-sub-118864/ds/inputs/data/qsiprep/qsiprep/sub-118864/ses-1/dwi/sub-118864_ses-1_acq-multiband_dir-AP_space-ACPC_desc-preproc_dwi.nii.gz	0.0	0.6781184673309326	0.1505160927772522	0.7101140022277832	0.6781184673309326	0.7101140022277832	0.1505160927772522	0.6324893236160278	0.6324893236160278	sub-118864	ses-1		dir-AP	acq-multiband	space-ACPC			DSIStudio	autotrackgqi
CranialNerve_CNIIIL	dki_ad	DIPYDKI	/scratch/grmpy/SLURM_11194840_32/job-11194840-32-sub-118864/ds/inputs/data/qsiprep/qsiprep/sub-118864/ses-1/dwi/sub-118864_ses-1_acq-multiband_dir-AP_space-ACPC_desc-preproc_dwi.nii.gz	0.0	0.0019854791462421	0.0012415432138368	0.0014649095246568	0.0019854791462421	0.0014649095246568	0.0012415432138368	0.0018282815581187	0.0018282815581187	sub-118864	ses-1		dir-AP	acq-multiband	space-ACPC			DSIStudio	autotrackgqi
CranialNerve_CNIIIL	dki_ak	DIPYDKI	/scratch/grmpy/SLURM_11194840_32/job-11194840-32-sub-118864/ds/inputs/data/qsiprep/qsiprep/sub-118864/ses-1/dwi/sub-118864_ses-1_acq-multiband_dir-AP_space-ACPC_desc-preproc_dwi.nii.gz	0.0	0.7364575127342108	0.1986206871448893	0.725940555710102	0.7364575127342108	0.725940555710102	0.1986206871448893	0.7219153162199567	0.7219153162199567	sub-118864	ses-1		dir-AP	acq-multiband	space-ACPC			DSIStudio	autotrackgqi
CranialNerve_CNIIIL	dki_fa	DIPYDKI	/scratch/grmpy/SLURM_11194840_32/job-11194840-32-sub-118864/ds/inputs/data/qsiprep/qsiprep/sub-118864/ses-1/dwi/sub-118864_ses-1_acq-multiband_dir-AP_space-ACPC_desc-preproc_dwi.nii.gz	0.0	0.3536815941333771	0.1499609798192978	0.3379230499267578	0.3536815941333771	0.3379230499267578	0.1499609798192978	0.3384486436843872	0.3384486436843872	sub-118864	ses-1		dir-AP	acq-multiband	space-ACPC			DSIStudio	autotrackgqi
CranialNerve_CNIIIL	dki_kfa	DIPYDKI	/scratch/grmpy/SLURM_11194840_32/job-11194840-32-sub-118864/ds/inputs/data/qsiprep/qsiprep/sub-118864/ses-1/dwi/sub-118864_ses-1_acq-multiband_dir-AP_space-ACPC_desc-preproc_dwi.nii.gz	0.0	0.4731136262416839	0.2014857828617096	0.483319878578186	0.4731136262416839	0.483319878578186	0.2014857828617096	0.4866469502449035	0.4866469502449035	sub-118864	ses-1		dir-AP	acq-multiband	space-ACPC			DSIStudio	autotrackgqi
CranialNerve_CNIIIL	dki_linearity	DIPYDKI	/scratch/grmpy/SLURM_11194840_32/job-11194840-32-sub-118864/ds/inputs/data/qsiprep/qsiprep/sub-118864/ses-1/dwi/sub-118864_ses-1_acq-multiband_dir-AP_space-ACPC_desc-preproc_dwi.nii.gz	0.0	0.1565855145454406	0.1154741123318672	0.129319816827774	0.1565855145454406	0.129319816827774	0.1154741123318672	0.1400315463542938	0.1400315463542938	sub-118864	ses-1		dir-AP	acq-multiband	space-ACPC			DSIStudio	autotrackgqi
CranialNerve_CNIIIL	dki_md	DIPYDKI	/scratch/grmpy/SLURM_11194840_32/job-11194840-32-sub-118864/ds/inputs/data/qsiprep/qsiprep/sub-118864/ses-1/dwi/sub-118864_ses-1_acq-multiband_dir-AP_space-ACPC_desc-preproc_dwi.nii.gz	0.0	0.0014669533120468	0.0010032355785369	0.0010016611777245	0.0014669533120468	0.0010016611777245	0.0010032355785369	0.0013657116796821	0.0013657116796821	sub-118864	ses-1		dir-AP	acq-multiband	space-ACPC			DSIStudio	autotrackgqi
CranialNerve_CNIIIL	dki_mk	DIPYDKI	/scratch/grmpy/SLURM_11194840_32/job-11194840-32-sub-118864/ds/inputs/data/qsiprep/qsiprep/sub-118864/ses-1/dwi/sub-118864_ses-1_acq-multiband_dir-AP_space-ACPC_desc-preproc_dwi.nii.gz	0.0	0.8345016468790158	0.2637255786508324	0.854278972814116	0.8345016468790158	0.854278972814116	0.2637255786508324	0.7851182075591757	0.7851182075591757	sub-118864	ses-1		dir-AP	acq-multiband	space-ACPC			DSIStudio	autotrackgqi
CranialNerve_CNIIIL	dki_mkt	DIPYDKI	/scratch/grmpy/SLURM_11194840_32/job-11194840-32-sub-118864/ds/inputs/data/qsiprep/qsiprep/sub-118864/ses-1/dwi/sub-118864_ses-1_acq-multiband_dir-AP_space-ACPC_desc-preproc_dwi.nii.gz	0.0	0.849022054872751	0.2262511760090577	0.8612492425739597	0.849022054872751	0.8612492425739597	0.2262511760090577	0.8076126337431178	0.8076126337431178	sub-118864	ses-1		dir-AP	acq-multiband	space-ACPC			DSIStudio	autotrackgqi
CranialNerve_CNIIIL	dki_planarity	DIPYDKI	/scratch/grmpy/SLURM_11194840_32/job-11194840-32-sub-118864/ds/inputs/data/qsiprep/qsiprep/sub-118864/ses-1/dwi/sub-118864_ses-1_acq-multiband_dir-AP_space-ACPC_desc-preproc_dwi.nii.gz	0.0	0.1765855997800827	0.1037753447890281	0.1557672321796417	0.1765855997800827	0.1557672321796417	0.1037753447890281	0.1853770613670349	0.1853770613670349	sub-118864	ses-1		dir-AP	acq-multiband	space-ACPC			DSIStudio	autotrackgqi
CranialNerve_CNIIIL	dki_rd	DIPYDKI	/scratch/grmpy/SLURM_11194840_32/job-11194840-32-sub-118864/ds/inputs/data/qsiprep/qsiprep/sub-118864/ses-1/dwi/sub-118864_ses-1_acq-multiband_dir-AP_space-ACPC_desc-preproc_dwi.nii.gz	0.0	0.0012076904531568	0.0009141316404566	0.0007982463575899	0.0012076904531568	0.0007982463575899	0.0009141316404566	0.0011344266822561	0.0011344266822561	sub-118864	ses-1		dir-AP	acq-multiband	space-ACPC			DSIStudio	autotrackgqi
CranialNerve_CNIIIL	dki_rk	DIPYDKI	/scratch/grmpy/SLURM_11194840_32/job-11194840-32-sub-118864/ds/inputs/data/qsiprep/qsiprep/sub-118864/ses-1/dwi/sub-118864_ses-1_acq-multiband_dir-AP_space-ACPC_desc-preproc_dwi.nii.gz	0.0	0.9619502174075536	0.4836426462041177	0.9574929980953504	0.9619502174075536	0.9574929980953504	0.4836426462041177	0.849291629906078	0.849291629906078	sub-118864	ses-1		dir-AP	acq-multiband	space-ACPC			DSIStudio	autotrackgqi
CranialNerve_CNIIIL	dki_sphericity	DIPYDKI	/scratch/grmpy/SLURM_11194840_32/job-11194840-32-sub-118864/ds/inputs/data/qsiprep/qsiprep/sub-118864/ses-1/dwi/sub-118864_ses-1_acq-multiband_dir-AP_space-ACPC_desc-preproc_dwi.nii.gz	0.0	0.6668289303779602	0.1396354734897613	0.6817688941955566	0.6668289303779602	0.6817688941955566	0.1396354734897613	0.6745914220809937	0.6745914220809937	sub-118864	ses-1		dir-AP	acq-multiband	space-ACPC			DSIStudio	autotrackgqi
CranialNerve_CNIIIR	dki_ad	DIPYDKI	/scratch/grmpy/SLURM_11194840_32/job-11194840-32-sub-118864/ds/inputs/data/qsiprep/qsiprep/sub-118864/ses-1/dwi/sub-118864_ses-1_acq-multiband_dir-AP_space-ACPC_desc-preproc_dwi.nii.gz	0.0	0.002363100182265	0.0016564992256462	0.0016172556206583	0.002363100182265	0.0016172556206583	0.0016564992256462	0.0022348894271999	0.0022348894271999	sub-118864	ses-1		dir-AP	acq-multiband	space-ACPC			DSIStudio	autotrackgqi
CranialNerve_CNIIIR	dki_ak	DIPYDKI	/scratch/grmpy/SLURM_11194840_32/job-11194840-32-sub-118864/ds/inputs/data/qsiprep/qsiprep/sub-118864/ses-1/dwi/sub-118864_ses-1_acq-multiband_dir-AP_space-ACPC_desc-preproc_dwi.nii.gz	0.0	0.6969991260095046	0.2045492953887867	0.6845407327636509	0.6969991260095046	0.6845407327636509	0.2045492953887867	0.6619078424669729	0.6619078424669729	sub-118864	ses-1		dir-AP	acq-multiband	space-ACPC			DSIStudio	autotrackgqi
CranialNerve_CNIIIR	dki_fa	DIPYDKI	/scratch/grmpy/SLURM_11194840_32/job-11194840-32-sub-118864/ds/inputs/data/qsiprep/qsiprep/sub-118864/ses-1/dwi/sub-118864_ses-1_acq-multiband_dir-AP_space-ACPC_desc-preproc_dwi.nii.gz	0.0	0.3295058608055115	0.1398677080869674	0.3177115619182586	0.3295058608055115	0.3177115619182586	0.1398677080869674	0.3174145221710205	0.3174145221710205	sub-118864	ses-1		dir-AP	acq-multiband	space-ACPC			DSIStudio	autotrackgqi
CranialNerve_CNIIIR	dki_kfa	DIPYDKI	/scratch/grmpy/SLURM_11194840_32/job-11194840-32-sub-118864/ds/inputs/data/qsiprep/qsiprep/sub-118864/ses-1/dwi/sub-118864_ses-1_acq-multiband_dir-AP_space-ACPC_desc-preproc_dwi.nii.gz	0.0	0.4221408665180206	0.1922415047883987	0.4192285239696502	0.4221408665180206	0.4192285239696502	0.1922415047883987	0.3972869515419006	0.3972869515419006	sub-118864	ses-1		dir-AP	acq-multiband	space-ACPC			DSIStudio	autotrackgqi
CranialNerve_CNIIIR	dki_linearity	DIPYDKI	/scratch/grmpy/SLURM_11194840_32/job-11194840-32-sub-118864/ds/inputs/data/qsiprep/qsiprep/sub-118864/ses-1/dwi/sub-118864_ses-1_acq-multiband_dir-AP_space-ACPC_desc-preproc_dwi.nii.gz	0.0	0.1419200003147125	0.0941634327173233	0.1227022856473922	0.1419200003147125	0.1227022856473922	0.0941634327173233	0.1271092742681503	0.1271092742681503	sub-118864	ses-1		dir-AP	acq-multiband	space-ACPC			DSIStudio	autotrackgqi
CranialNerve_CNIIIR	dki_md	DIPYDKI	/scratch/grmpy/SLURM_11194840_32/job-11194840-32-sub-118864/ds/inputs/data/qsiprep/qsiprep/sub-118864/ses-1/dwi/sub-118864_ses-1_acq-multiband_dir-AP_space-ACPC_desc-preproc_dwi.nii.gz	0.0	0.0018027803162112	0.0013778089778497	0.001097252476029	0.0018027803162112	0.001097252476029	0.0013778089778497	0.0017204256728291	0.0017204256728291	sub-118864	ses-1		dir-AP	acq-multiband	space-ACPC			DSIStudio	autotrackgqi
CranialNerve_CNIIIR	dki_mk	DIPYDKI	/scratch/grmpy/SLURM_11194840_32/job-11194840-32-sub-118864/ds/inputs/data/qsiprep/qsiprep/sub-118864/ses-1/dwi/sub-118864_ses-1_acq-multiband_dir-AP_space-ACPC_desc-preproc_dwi.nii.gz	0.0	0.7873721279102206	0.2370593476688654	0.8050681298163515	0.7873721279102206	0.8050681298163515	0.2370593476688654	0.776490790832247	0.776490790832247	sub-118864	ses-1		dir-AP	acq-multiband	space-ACPC			DSIStudio	autotrackgqi
CranialNerve_CNIIIR	dki_mkt	DIPYDKI	/scratch/grmpy/SLURM_11194840_32/job-11194840-32-sub-118864/ds/inputs/data/qsiprep/qsiprep/sub-118864/ses-1/dwi/sub-118864_ses-1_acq-multiband_dir-AP_space-ACPC_desc-preproc_dwi.nii.gz	0.0	0.8039253618752628	0.2195285906522696	0.8096284364052903	0.8039253618752628	0.8096284364052903	0.2195285906522696	0.7854849214382185	0.7854849214382185	sub-118864	ses-1		dir-AP	acq-multiband	space-ACPC			DSIStudio	autotrackgqi
CranialNerve_CNIIIR	dki_planarity	DIPYDKI	/scratch/grmpy/SLURM_11194840_32/job-11194840-32-sub-118864/ds/inputs/data/qsiprep/qsiprep/sub-118864/ses-1/dwi/sub-118864_ses-1_acq-multiband_dir-AP_space-ACPC_desc-preproc_dwi.nii.gz	0.0	0.1679376810789108	0.1024509444832801	0.1444814205169677	0.1679376810789108	0.1444814205169677	0.1024509444832801	0.1802208125591278	0.1802208125591278	sub-118864	ses-1		dir-AP	acq-multiband	space-ACPC			DSIStudio	autotrackgqi
CranialNerve_CNIIIR	dki_rd	DIPYDKI	/scratch/grmpy/SLURM_11194840_32/job-11194840-32-sub-118864/ds/inputs/data/qsiprep/qsiprep/sub-118864/ses-1/dwi/sub-118864_ses-1_acq-multiband_dir-AP_space-ACPC_desc-preproc_dwi.nii.gz	0.0	0.0015226206742227	0.0012574332067742	0.0008995967800728	0.0015226206742227	0.0008995967800728	0.0012574332067742	0.0014631937956437	0.0014631937956437	sub-118864	ses-1		dir-AP	acq-multiband	space-ACPC			DSIStudio	autotrackgqi
CranialNerve_CNIIIR	dki_rk	DIPYDKI	/scratch/grmpy/SLURM_11194840_32/job-11194840-32-sub-118864/ds/inputs/data/qsiprep/qsiprep/sub-118864/ses-1/dwi/sub-118864_ses-1_acq-multiband_dir-AP_space-ACPC_desc-preproc_dwi.nii.gz	0.0	0.8753801218731134	0.3773008027408829	0.8687841359687773	0.8753801218731134	0.8687841359687773	0.3773008027408829	0.8671456561393204	0.8671456561393204	sub-118864	ses-1		dir-AP	acq-multiband	space-ACPC			DSIStudio	autotrackgqi
CranialNerve_CNIIIR	dki_sphericity	DIPYDKI	/scratch/grmpy/SLURM_11194840_32/job-11194840-32-sub-118864/ds/inputs/data/qsiprep/qsiprep/sub-118864/ses-1/dwi/sub-118864_ses-1_acq-multiband_dir-AP_space-ACPC_desc-preproc_dwi.nii.gz	0.0	0.6901422739028931	0.1357760429382324	0.7083619832992554	0.6901422739028931	0.7083619832992554	0.1357760429382324	0.6926698684692383	0.6926698684692383	sub-118864	ses-1		dir-AP	acq-multiband	space-ACPC			DSIStudio	autotrackgqi
CranialNerve_CNIIR	dki_ad	DIPYDKI	/scratch/grmpy/SLURM_11194840_32/job-11194840-32-sub-118864/ds/inputs/data/qsiprep/qsiprep/sub-118864/ses-1/dwi/sub-118864_ses-1_acq-multiband_dir-AP_space-ACPC_desc-preproc_dwi.nii.gz	0.0	0.0020757704041898	0.0012988072121515	0.0016231901245191	0.0020757704041898	0.0016231901245191	0.0012988072121515	0.0020004014950245	0.0020004014950245	sub-118864	ses-1		dir-AP	acq-multiband	space-ACPC			DSIStudio	autotrackgqi
CranialNerve_CNIIR	dki_ak	DIPYDKI	/scratch/grmpy/SLURM_11194840_32/job-11194840-32-sub-118864/ds/inputs/data/qsiprep/qsiprep/sub-118864/ses-1/dwi/sub-118864_ses-1_acq-multiband_dir-AP_space-ACPC_desc-preproc_dwi.nii.gz	0.0	0.6690893677138685	0.1721278432467069	0.6604509341935544	0.6690893677138685	0.6604509341935544	0.1721278432467069	0.6630672433348387	0.6630672433348387	sub-118864	ses-1		dir-AP	acq-multiband	space-ACPC			DSIStudio	autotrackgqi
CranialNerve_CNIIR	dki_fa	DIPYDKI	/scratch/grmpy/SLURM_11194840_32/job-11194840-32-sub-118864/ds/inputs/data/qsiprep/qsiprep/sub-118864/ses-1/dwi/sub-118864_ses-1_acq-multiband_dir-AP_space-ACPC_desc-preproc_dwi.nii.gz	0.0	0.2971838116645813	0.1628967672586441	0.2533939778804779	0.2971838116645813	0.2533939778804779	0.1628967672586441	0.3587687015533447	0.3587687015533447	sub-118864	ses-1		dir-AP	acq-multiband	space-ACPC			DSIStudio	autotrackgqi
CranialNerve_CNIIR	dki_kfa	DIPYDKI	/scratch/grmpy/SLURM_11194840_32/job-11194840-32-sub-118864/ds/inputs/data/qsiprep/qsiprep/sub-118864/ses-1/dwi/sub-118864_ses-1_acq-multiband_dir-AP_space-ACPC_desc-preproc_dwi.nii.gz	0.0	0.4134009480476379	0.1971034109592437	0.4134462773799896	0.4134009480476379	0.4134462773799896	0.1971034109592437	0.4426209330558777	0.4426209330558777	sub-118864	ses-1		dir-AP	acq-multiband	space-ACPC			DSIStudio	autotrackgqi
CranialNerve_CNIIR	dki_linearity	DIPYDKI	/scratch/grmpy/SLURM_11194840_32/job-11194840-32-sub-118864/ds/inputs/data/qsiprep/qsiprep/sub-118864/ses-1/dwi/sub-118864_ses-1_acq-multiband_dir-AP_space-ACPC_desc-preproc_dwi.nii.gz	0.0	0.1340372264385223	0.1064120680093765	0.1000880524516105	0.1340372264385223	0.1000880524516105	0.1064120680093765	0.1780105233192443	0.1780105233192443	sub-118864	ses-1		dir-AP	acq-multiband	space-ACPC			DSIStudio	autotrackgqi
CranialNerve_CNIIR	dki_md	DIPYDKI	/scratch/grmpy/SLURM_11194840_32/job-11194840-32-sub-118864/ds/inputs/data/qsiprep/qsiprep/sub-118864/ses-1/dwi/sub-118864_ses-1_acq-multiband_dir-AP_space-ACPC_desc-preproc_dwi.nii.gz	0.0	0.0016234320355579	0.0011560017010197	0.0011048666201531	0.0016234320355579	0.0011048666201531	0.0011560017010197	0.0014697280712425	0.0014697280712425	sub-118864	ses-1		dir-AP	acq-multiband	space-ACPC			DSIStudio	autotrackgqi
CranialNerve_CNIIR	dki_mk	DIPYDKI	/scratch/grmpy/SLURM_11194840_32/job-11194840-32-sub-118864/ds/inputs/data/qsiprep/qsiprep/sub-118864/ses-1/dwi/sub-118864_ses-1_acq-multiband_dir-AP_space-ACPC_desc-preproc_dwi.nii.gz	0.0	0.768122333037	0.2121064438516349	0.770624006512916	0.768122333037	0.770624006512916	0.2121064438516349	0.8143972819549941	0.8143972819549941	sub-118864	ses-1		dir-AP	acq-multiband	space-ACPC			DSIStudio	autotrackgqi
CranialNerve_CNIIR	dki_mkt	DIPYDKI	/scratch/grmpy/SLURM_11194840_32/job-11194840-32-sub-118864/ds/inputs/data/qsiprep/qsiprep/sub-118864/ses-1/dwi/sub-118864_ses-1_acq-multiband_dir-AP_space-ACPC_desc-preproc_dwi.nii.gz	0.0	0.7665247461042406	0.1988576122951189	0.7705927351884302	0.7665247461042406	0.7705927351884302	0.1988576122951189	0.8022184809675875	0.8022184809675875	sub-118864	ses-1		dir-AP	acq-multiband	space-ACPC			DSIStudio	autotrackgqi
CranialNerve_CNIIR	dki_planarity	DIPYDKI	/scratch/grmpy/SLURM_11194840_32/job-11194840-32-sub-118864/ds/inputs/data/qsiprep/qsiprep/sub-118864/ses-1/dwi/sub-118864_ses-1_acq-multiband_dir-AP_space-ACPC_desc-preproc_dwi.nii.gz	0.0	0.1397096067667007	0.1040527373552322	0.113037995994091	0.1397096067667007	0.113037995994091	0.1040527373552322	0.1401260793209076	0.1401260793209076	sub-118864	ses-1		dir-AP	acq-multiband	space-ACPC			DSIStudio	autotrackgqi
CranialNerve_CNIIR	dki_rd	DIPYDKI	/scratch/grmpy/SLURM_11194840_32/job-11194840-32-sub-118864/ds/inputs/data/qsiprep/qsiprep/sub-118864/ses-1/dwi/sub-118864_ses-1_acq-multiband_dir-AP_space-ACPC_desc-preproc_dwi.nii.gz	0.0	0.0013972627930343	0.0011029653251171	0.0009146704687736	0.0013972627930343	0.0009146704687736	0.0011029653251171	0.0012043913593515	0.0012043913593515	sub-118864	ses-1		dir-AP	acq-multiband	space-ACPC			DSIStudio	autotrackgqi
CranialNerve_CNIIR	dki_rk	DIPYDKI	/scratch/grmpy/SLURM_11194840_32/job-11194840-32-sub-118864/ds/inputs/data/qsiprep/qsiprep/sub-118864/ses-1/dwi/sub-118864_ses-1_acq-multiband_dir-AP_space-ACPC_desc-preproc_dwi.nii.gz	0.0	0.8933298274144656	0.403103180491962	0.8435276332307191	0.8933298274144656	0.8435276332307191	0.403103180491962	1.0225651129571736	1.0225651129571736	sub-118864	ses-1		dir-AP	acq-multiband	space-ACPC			DSIStudio	autotrackgqi
CranialNerve_CNIIR	dki_sphericity	DIPYDKI	/scratch/grmpy/SLURM_11194840_32/job-11194840-32-sub-118864/ds/inputs/data/qsiprep/qsiprep/sub-118864/ses-1/dwi/sub-118864_ses-1_acq-multiband_dir-AP_space-ACPC_desc-preproc_dwi.nii.gz	0.0	0.7262531518936157	0.157543733716011	0.7709909677505493	0.7262531518936157	0.7709909677505493	0.157543733716011	0.6818633675575256	0.6818633675575256	sub-118864	ses-1		dir-AP	acq-multiband	space-ACPC			DSIStudio	autotrackgqi
CranialNerve_CNVL	dki_ad	DIPYDKI	/scratch/grmpy/SLURM_11194840_32/job-11194840-32-sub-118864/ds/inputs/data/qsiprep/qsiprep/sub-118864/ses-1/dwi/sub-118864_ses-1_acq-multiband_dir-AP_space-ACPC_desc-preproc_dwi.nii.gz	0.0	0.0020724337082356	0.001550443121232	0.0015087776118889	0.0020724337082356	0.0015087776118889	0.001550443121232	0.0022993255406618	0.0022993253078311	sub-118864	ses-1		dir-AP	acq-multiband	space-ACPC			DSIStudio	autotrackgqi
CranialNerve_CNVL	dki_ak	DIPYDKI	/scratch/grmpy/SLURM_11194840_32/job-11194840-32-sub-118864/ds/inputs/data/qsiprep/qsiprep/sub-118864/ses-1/dwi/sub-118864_ses-1_acq-multiband_dir-AP_space-ACPC_desc-preproc_dwi.nii.gz	0.0	0.8096701810672011	0.2152006965292349	0.8187280005574435	0.8096701810672011	0.8187280005574435	0.2152006965292349	0.7808945423656556	0.7808944523136272	sub-118864	ses-1		dir-AP	acq-multiband	space-ACPC			DSIStudio	autotrackgqi
CranialNerve_CNVL	dki_fa	DIPYDKI	/scratch/grmpy/SLURM_11194840_32/job-11194840-32-sub-118864/ds/inputs/data/qsiprep/qsiprep/sub-118864/ses-1/dwi/sub-118864_ses-1_acq-multiband_dir-AP_space-ACPC_desc-preproc_dwi.nii.gz	0.0	0.34743532538414	0.159327745437622	0.3119862079620361	0.34743532538414	0.3119862079620361	0.159327745437622	0.376107394695282	0.3761073648929596	sub-118864	ses-1		dir-AP	acq-multiband	space-ACPC			DSIStudio	autotrackgqi
CranialNerve_CNVL	dki_kfa	DIPYDKI	/scratch/grmpy/SLURM_11194840_32/job-11194840-32-sub-118864/ds/inputs/data/qsiprep/qsiprep/sub-118864/ses-1/dwi/sub-118864_ses-1_acq-multiband_dir-AP_space-ACPC_desc-preproc_dwi.nii.gz	0.0	0.4356573224067688	0.1687908917665481	0.4405705332756042	0.4356573224067688	0.4405705332756042	0.1687908917665481	0.4365102350711822	0.4365102052688598	sub-118864	ses-1		dir-AP	acq-multiband	space-ACPC			DSIStudio	autotrackgqi
CranialNerve_CNVL	dki_linearity	DIPYDKI	/scratch/grmpy/SLURM_11194840_32/job-11194840-32-sub-118864/ds/inputs/data/qsiprep/qsiprep/sub-118864/ses-1/dwi/sub-118864_ses-1_acq-multiband_dir-AP_space-ACPC_desc-preproc_dwi.nii.gz	0.0	0.1582986116409301	0.1138778552412986	0.1222135126590728	0.1582986116409301	0.1222135126590728	0.1138778552412986	0.173252671957016	0.1732526272535324	sub-118864	ses-1		dir-AP	acq-multiband	space-ACPC			DSIStudio	autotrackgqi
CranialNerve_CNVL	dki_md	DIPYDKI	/scratch/grmpy/SLURM_11194840_32/job-11194840-32-sub-118864/ds/inputs/data/qsiprep/qsiprep/sub-118864/ses-1/dwi/sub-118864_ses-1_acq-multiband_dir-AP_space-ACPC_desc-preproc_dwi.nii.gz	0.0	0.001542976940982	0.0012864373857155	0.0009906581835821	0.001542976940982	0.0009906581835821	0.0012864373857155	0.001698718057014	0.0016987178241834	sub-118864	ses-1		dir-AP	acq-multiband	space-ACPC			DSIStudio	autotrackgqi
CranialNerve_CNVL	dki_mk	DIPYDKI	/scratch/grmpy/SLURM_11194840_32/job-11194840-32-sub-118864/ds/inputs/data/qsiprep/qsiprep/sub-118864/ses-1/dwi/sub-118864_ses-1_acq-multiband_dir-AP_space-ACPC_desc-preproc_dwi.nii.gz	0.0	0.954437491211381	0.248547811428942	0.9978332740212834	0.954437491211381	0.9978332740212834	0.248547811428942	0.970523288335604	0.9705231766030792	sub-118864	ses-1		dir-AP	acq-multiband	space-ACPC			DSIStudio	autotrackgqi
CranialNerve_CNVL	dki_mkt	DIPYDKI	/scratch/grmpy/SLURM_11194840_32/job-11194840-32-sub-118864/ds/inputs/data/qsiprep/qsiprep/sub-118864/ses-1/dwi/sub-118864_ses-1_acq-multiband_dir-AP_space-ACPC_desc-preproc_dwi.nii.gz	0.0	0.954232690034578	0.2185119005577389	1.0059768321493308	0.954232690034578	1.0059768321493308	0.2185119005577389	0.966781834853448	0.9667817234991168	sub-118864	ses-1		dir-AP	acq-multiband	space-ACPC			DSIStudio	autotrackgqi
CranialNerve_CNVL	dki_planarity	DIPYDKI	/scratch/grmpy/SLURM_11194840_32/job-11194840-32-sub-118864/ds/inputs/data/qsiprep/qsiprep/sub-118864/ses-1/dwi/sub-118864_ses-1_acq-multiband_dir-AP_space-ACPC_desc-preproc_dwi.nii.gz	0.0	0.1656516343355178	0.0970111191272735	0.1505105346441269	0.1656516343355178	0.1505105346441269	0.0970111191272735	0.1788243651390075	0.1788243353366851	sub-118864	ses-1		dir-AP	acq-multiband	space-ACPC			DSIStudio	autotrackgqi
CranialNerve_CNVL	dki_rd	DIPYDKI	/scratch/grmpy/SLURM_11194840_32/job-11194840-32-sub-118864/ds/inputs/data/qsiprep/qsiprep/sub-118864/ses-1/dwi/sub-118864_ses-1_acq-multiband_dir-AP_space-ACPC_desc-preproc_dwi.nii.gz	0.0	0.0012782486155629	0.0011749661061912	0.0007882381323724	0.0012782486155629	0.0007882381323724	0.0011749661061912	0.0013984142569825	0.0013984141405671	sub-118864	ses-1		dir-AP	acq-multiband	space-ACPC			DSIStudio	autotrackgqi
CranialNerve_CNVL	dki_rk	DIPYDKI	/scratch/grmpy/SLURM_11194840_32/job-11194840-32-sub-118864/ds/inputs/data/qsiprep/qsiprep/sub-118864/ses-1/dwi/sub-118864_ses-1_acq-multiband_dir-AP_space-ACPC_desc-preproc_dwi.nii.gz	0.0	1.126856080563509	0.4602747710890745	1.076535204297003	1.126856080563509	1.076535204297003	0.4602747710890745	1.1739738029374274	1.1739736680596151	sub-118864	ses-1		dir-AP	acq-multiband	space-ACPC			DSIStudio	autotrackgqi
CranialNerve_CNVL	dki_sphericity	DIPYDKI	/scratch/grmpy/SLURM_11194840_32/job-11194840-32-sub-118864/ds/inputs/data/qsiprep/qsiprep/sub-118864/ses-1/dwi/sub-118864_ses-1_acq-multiband_dir-AP_space-ACPC_desc-preproc_dwi.nii.gz	0.0	0.6760497093200684	0.1494974046945572	0.7075594663619995	0.6760497093200684	0.7075594663619995	0.1494974046945572	0.6479229927062988	0.6479228734970093	sub-118864	ses-1		dir-AP	acq-multiband	space-ACPC			DSIStudio	autotrackgqi
CranialNerve_CNVIIIL	dki_ad	DIPYDKI	/scratch/grmpy/SLURM_11194840_32/job-11194840-32-sub-118864/ds/inputs/data/qsiprep/qsiprep/sub-118864/ses-1/dwi/sub-118864_ses-1_acq-multiband_dir-AP_space-ACPC_desc-preproc_dwi.nii.gz	0.0	0.0015368385938927	0.0010750090004876	0.0012129156384617	0.0015368385938927	0.0012129156384617	0.0010750090004876	0.0018945331685245	0.0018945331685245	sub-118864	ses-1		dir-AP	acq-multiband	space-ACPC			DSIStudio	autotrackgqi
CranialNerve_CNVIIIL	dki_ak	DIPYDKI	/scratch/grmpy/SLURM_11194840_32/job-11194840-32-sub-118864/ds/inputs/data/qsiprep/qsiprep/sub-118864/ses-1/dwi/sub-118864_ses-1_acq-multiband_dir-AP_space-ACPC_desc-preproc_dwi.nii.gz	0.0	0.8760957382460903	0.1802037637879529	0.8929813815791987	0.8760957382460903	0.8929813815791987	0.1802037637879529	0.8399598450685575	0.8399598450685575	sub-118864	ses-1		dir-AP	acq-multiband	space-ACPC			DSIStudio	autotrackgqi
CranialNerve_CNVIIIL	dki_fa	DIPYDKI	/scratch/grmpy/SLURM_11194840_32/job-11194840-32-sub-118864/ds/inputs/data/qsiprep/qsiprep/sub-118864/ses-1/dwi/sub-118864_ses-1_acq-multiband_dir-AP_space-ACPC_desc-preproc_dwi.nii.gz	0.0	0.3143970966339111	0.14738230407238	0.2863282561302185	0.3143970966339111	0.2863282561302185	0.14738230407238	0.3342181444168091	0.3342181444168091	sub-118864	ses-1		dir-AP	acq-multiband	space-ACPC			DSIStudio	autotrackgqi
CranialNerve_CNVIIIL	dki_kfa	DIPYDKI	/scratch/grmpy/SLURM_11194840_32/job-11194840-32-sub-118864/ds/inputs/data/qsiprep/qsiprep/sub-118864/ses-1/dwi/sub-118864_ses-1_acq-multiband_dir-AP_space-ACPC_desc-preproc_dwi.nii.gz	0.0	0.431602418422699	0.1489513963460922	0.440454751253128	0.431602418422699	0.440454751253128	0.1489513963460922	0.4245321452617645	0.4245321452617645	sub-118864	ses-1		dir-AP	acq-multiband	space-ACPC			DSIStudio	autotrackgqi
CranialNerve_CNVIIIL	dki_linearity	DIPYDKI	/scratch/grmpy/SLURM_11194840_32/job-11194840-32-sub-118864/ds/inputs/data/qsiprep/qsiprep/sub-118864/ses-1/dwi/sub-118864_ses-1_acq-multiband_dir-AP_space-ACPC_desc-preproc_dwi.nii.gz	0.0	0.1382481455802917	0.098916471004486	0.1110720485448837	0.1382481455802917	0.1110720485448837	0.098916471004486	0.1431656777858734	0.1431656777858734	sub-118864	ses-1		dir-AP	acq-multiband	space-ACPC			DSIStudio	autotrackgqi
CranialNerve_CNVIIIL	dki_md	DIPYDKI	/scratch/grmpy/SLURM_11194840_32/job-11194840-32-sub-118864/ds/inputs/data/qsiprep/qsiprep/sub-118864/ses-1/dwi/sub-118864_ses-1_acq-multiband_dir-AP_space-ACPC_desc-preproc_dwi.nii.gz	0.0	0.0011575676035135	0.0008635339909233	0.0008746916428208	0.0011575676035135	0.0008746916428208	0.0008635339909233	0.0014238336589187	0.0014238336589187	sub-118864	ses-1		dir-AP	acq-multiband	space-ACPC			DSIStudio	autotrackgqi
CranialNerve_CNVIIIL	dki_mk	DIPYDKI	/scratch/grmpy/SLURM_11194840_32/job-11194840-32-sub-118864/ds/inputs/data/qsiprep/qsiprep/sub-118864/ses-1/dwi/sub-118864_ses-1_acq-multiband_dir-AP_space-ACPC_desc-preproc_dwi.nii.gz	0.0	0.986442613821644	0.1940823655266074	0.9992782220420052	0.986442613821644	0.9992782220420052	0.1940823655266074	0.9767439322958	0.9767439322958	sub-118864	ses-1		dir-AP	acq-multiband	space-ACPC			DSIStudio	autotrackgqi
CranialNerve_CNVIIIL	dki_mkt	DIPYDKI	/scratch/grmpy/SLURM_11194840_32/job-11194840-32-sub-118864/ds/inputs/data/qsiprep/qsiprep/sub-118864/ses-1/dwi/sub-118864_ses-1_acq-multiband_dir-AP_space-ACPC_desc-preproc_dwi.nii.gz	0.0	0.9878902364866242	0.1729445206823236	1.008765815975242	0.9878902364866242	1.008765815975242	0.1729445206823236	0.9727076547228122	0.9727076547228122	sub-118864	ses-1		dir-AP	acq-multiband	space-ACPC			DSIStudio	autotrackgqi
CranialNerve_CNVIIIL	dki_planarity	DIPYDKI	/scratch/grmpy/SLURM_11194840_32/job-11194840-32-sub-118864/ds/inputs/data/qsiprep/qsiprep/sub-118864/ses-1/dwi/sub-118864_ses-1_acq-multiband_dir-AP_space-ACPC_desc-preproc_dwi.nii.gz	0.0	0.1550717502832412	0.0964087843894958	0.1371550559997558	0.1550717502832412	0.1371550559997558	0.0964087843894958	0.1746778786182403	0.1746778786182403	sub-118864	ses-1		dir-AP	acq-multiband	space-ACPC			DSIStudio	autotrackgqi
CranialNerve_CNVIIIL	dki_rd	DIPYDKI	/scratch/grmpy/SLURM_11194840_32/job-11194840-32-sub-118864/ds/inputs/data/qsiprep/qsiprep/sub-118864/ses-1/dwi/sub-118864_ses-1_acq-multiband_dir-AP_space-ACPC_desc-preproc_dwi.nii.gz	0.0	0.0009679320501163	0.0007774091209284	0.0007166726863943	0.0009679320501163	0.0007166726863943	0.0007774091209284	0.0011884840205311	0.0011884840205311	sub-118864	ses-1		dir-AP	acq-multiband	space-ACPC			DSIStudio	autotrackgqi
CranialNerve_CNVIIIL	dki_rk	DIPYDKI	/scratch/grmpy/SLURM_11194840_32/job-11194840-32-sub-118864/ds/inputs/data/qsiprep/qsiprep/sub-118864/ses-1/dwi/sub-118864_ses-1_acq-multiband_dir-AP_space-ACPC_desc-preproc_dwi.nii.gz	0.0	1.126217301422443	0.3941191522896802	1.0648364606444	1.126217301422443	1.0648364606444	0.3941191522896802	1.1426649049018134	1.1426649049018134	sub-118864	ses-1		dir-AP	acq-multiband	space-ACPC			DSIStudio	autotrackgqi
CranialNerve_CNVIIIL	dki_sphericity	DIPYDKI	/scratch/grmpy/SLURM_11194840_32/job-11194840-32-sub-118864/ds/inputs/data/qsiprep/qsiprep/sub-118864/ses-1/dwi/sub-118864_ses-1_acq-multiband_dir-AP_space-ACPC_desc-preproc_dwi.nii.gz	0.0	0.7066801190376282	0.1413659900426864	0.733213484287262	0.7066801190376282	0.733213484287262	0.1413659900426864	0.6821564435958862	0.6821564435958862	sub-118864	ses-1		dir-AP	acq-multiband	space-ACPC			DSIStudio	autotrackgqi
