bundle	variable_name	qsirecon_suffix	source_file	zero_proportion	mean	stdev	median	masked_mean	masked_median	masked_stdev	weighted_mean	masked_weighted_mean	subject_id	session_id	task_id	dir_id	acq_id	space_id	rec_id	run_id	bundle_source	bundle_params_id
Association_ParietalAslantTractR	directions	NODDI	/scratch/grmpy/SLURM_11194840_23/job-11194840-23-sub-112249/ds/inputs/data/qsiprep/qsiprep/sub-112249/ses-1/dwi/sub-112249_ses-1_acq-multiband_dir-AP_space-ACPC_desc-preproc_dwi.nii.gz	11.0	-0.12285805	0.56367105	-0.15839364	-0.12304786	-0.16026115	0.5640856	-0.26627418		sub-112249	ses-1		dir-AP	acq-multiband	space-ACPC			DSIStudio	autotrackgqi
Association_ParietalAslantTractR	icvf	NODDI	/scratch/grmpy/SLURM_11194840_23/job-11194840-23-sub-112249/ds/inputs/data/qsiprep/qsiprep/sub-112249/ses-1/dwi/sub-112249_ses-1_acq-multiband_dir-AP_space-ACPC_desc-preproc_dwi.nii.gz	0.0015425606506801	0.5196806	0.104072444	0.4998609	0.5204835	0.5000498	0.10212699	0.57919055	0.5792343616485596	sub-112249	ses-1		dir-AP	acq-multiband	space-ACPC			DSIStudio	autotrackgqi
Association_ParietalAslantTractR	isovf	NODDI	/scratch/grmpy/SLURM_11194840_23/job-11194840-23-sub-112249/ds/inputs/data/qsiprep/qsiprep/sub-112249/ses-1/dwi/sub-112249_ses-1_acq-multiband_dir-AP_space-ACPC_desc-preproc_dwi.nii.gz	0.4236432477913336	0.05703443	0.08064101	0.026820386	0.098956816	0.09032274	0.0844653	0.07637413	0.0941506251692771	sub-112249	ses-1		dir-AP	acq-multiband	space-ACPC			DSIStudio	autotrackgqi
Association_ParietalAslantTractR	modulated_icvf	NODDI	/scratch/grmpy/SLURM_11194840_23/job-11194840-23-sub-112249/ds/inputs/data/qsiprep/qsiprep/sub-112249/ses-1/dwi/sub-112249_ses-1_acq-multiband_dir-AP_space-ACPC_desc-preproc_dwi.nii.gz	0.0015425606506801	0.48628986	0.08528362	0.48201558	0.48704115	0.48221454	0.08317827	0.53155035	0.531590461730957	sub-112249	ses-1		dir-AP	acq-multiband	space-ACPC			DSIStudio	autotrackgqi
Association_ParietalAslantTractR	modulated_od	NODDI	/scratch/grmpy/SLURM_11194840_23/job-11194840-23-sub-112249/ds/inputs/data/qsiprep/qsiprep/sub-112249/ses-1/dwi/sub-112249_ses-1_acq-multiband_dir-AP_space-ACPC_desc-preproc_dwi.nii.gz	0.0015425606506801	0.32757935	0.18338779	0.2985841	0.32808542	0.29892728	0.18307647	0.23101005	0.2310275137424469	sub-112249	ses-1		dir-AP	acq-multiband	space-ACPC			DSIStudio	autotrackgqi
Association_ParietalAslantTractR	nrmse	NODDI	/scratch/grmpy/SLURM_11194840_23/job-11194840-23-sub-112249/ds/inputs/data/qsiprep/qsiprep/sub-112249/ses-1/dwi/sub-112249_ses-1_acq-multiband_dir-AP_space-ACPC_desc-preproc_dwi.nii.gz	0.0015425606506801	0.07390318	0.025514307	0.06910174	0.07401736	0.06912656	0.025367983	0.07819864	0.0782045572996139	sub-112249	ses-1		dir-AP	acq-multiband	space-ACPC			DSIStudio	autotrackgqi
Association_ParietalAslantTractR	od	NODDI	/scratch/grmpy/SLURM_11194840_23/job-11194840-23-sub-112249/ds/inputs/data/qsiprep/qsiprep/sub-112249/ses-1/dwi/sub-112249_ses-1_acq-multiband_dir-AP_space-ACPC_desc-preproc_dwi.nii.gz	0.0015425606506801	0.34406275	0.18530126	0.3137774	0.3445943	0.3142921	0.1849498	0.24686772	0.2468863725662231	sub-112249	ses-1		dir-AP	acq-multiband	space-ACPC			DSIStudio	autotrackgqi
Association_ParietalAslantTractR	rmse	NODDI	/scratch/grmpy/SLURM_11194840_23/job-11194840-23-sub-112249/ds/inputs/data/qsiprep/qsiprep/sub-112249/ses-1/dwi/sub-112249_ses-1_acq-multiband_dir-AP_space-ACPC_desc-preproc_dwi.nii.gz	0.0015425606506801	0.038518958	0.013945904	0.035911117	0.038578466	0.0359331	0.0138741825	0.041580208	0.041583351790905	sub-112249	ses-1		dir-AP	acq-multiband	space-ACPC			DSIStudio	autotrackgqi
Association_ParietalAslantTractR	tf	NODDI	/scratch/grmpy/SLURM_11194840_23/job-11194840-23-sub-112249/ds/inputs/data/qsiprep/qsiprep/sub-112249/ses-1/dwi/sub-112249_ses-1_acq-multiband_dir-AP_space-ACPC_desc-preproc_dwi.nii.gz	0.0015425606506801	0.94142294	0.08869721	0.9725425	0.9428774	0.9730389	0.08067209	0.92355037	0.923620104789734	sub-112249	ses-1		dir-AP	acq-multiband	space-ACPC			DSIStudio	autotrackgqi
Association_CingulumR	directions	NODDI	/scratch/grmpy/SLURM_11194840_23/job-11194840-23-sub-112249/ds/inputs/data/qsiprep/qsiprep/sub-112249/ses-1/dwi/sub-112249_ses-1_acq-multiband_dir-AP_space-ACPC_desc-preproc_dwi.nii.gz	8.0	-0.041697994	0.5756128	-0.051450297	-0.041731108	-0.052462723	0.5758401	0.05872194		sub-112249	ses-1		dir-AP	acq-multiband	space-ACPC			DSIStudio	autotrackgqi
Association_CingulumR	icvf	NODDI	/scratch/grmpy/SLURM_11194840_23/job-11194840-23-sub-112249/ds/inputs/data/qsiprep/qsiprep/sub-112249/ses-1/dwi/sub-112249_ses-1_acq-multiband_dir-AP_space-ACPC_desc-preproc_dwi.nii.gz	0.0083316802221781	0.52692616	0.15583026	0.49238983	0.53135324	0.49344018	0.14877753	0.6049615	0.605267345905304	sub-112249	ses-1		dir-AP	acq-multiband	space-ACPC			DSIStudio	autotrackgqi
Association_CingulumR	isovf	NODDI	/scratch/grmpy/SLURM_11194840_23/job-11194840-23-sub-112249/ds/inputs/data/qsiprep/qsiprep/sub-112249/ses-1/dwi/sub-112249_ses-1_acq-multiband_dir-AP_space-ACPC_desc-preproc_dwi.nii.gz	0.362725649672684	0.13302948	0.20530124	0.059065625	0.20874757	0.13104609	0.22434995	0.11674618	0.1432579904794693	sub-112249	ses-1		dir-AP	acq-multiband	space-ACPC			DSIStudio	autotrackgqi
Association_CingulumR	modulated_icvf	NODDI	/scratch/grmpy/SLURM_11194840_23/job-11194840-23-sub-112249/ds/inputs/data/qsiprep/qsiprep/sub-112249/ses-1/dwi/sub-112249_ses-1_acq-multiband_dir-AP_space-ACPC_desc-preproc_dwi.nii.gz	0.0083316802221781	0.4435021	0.120066315	0.45514506	0.44722825	0.4560653	0.113448635	0.52632284	0.5265887975692749	sub-112249	ses-1		dir-AP	acq-multiband	space-ACPC			DSIStudio	autotrackgqi
Association_CingulumR	modulated_od	NODDI	/scratch/grmpy/SLURM_11194840_23/job-11194840-23-sub-112249/ds/inputs/data/qsiprep/qsiprep/sub-112249/ses-1/dwi/sub-112249_ses-1_acq-multiband_dir-AP_space-ACPC_desc-preproc_dwi.nii.gz	0.0032731600872842	0.32827866	0.19181532	0.31605482	0.32935667	0.31650648	0.19120377	0.20664316	0.2066658735275268	sub-112249	ses-1		dir-AP	acq-multiband	space-ACPC			DSIStudio	autotrackgqi
Association_CingulumR	nrmse	NODDI	/scratch/grmpy/SLURM_11194840_23/job-11194840-23-sub-112249/ds/inputs/data/qsiprep/qsiprep/sub-112249/ses-1/dwi/sub-112249_ses-1_acq-multiband_dir-AP_space-ACPC_desc-preproc_dwi.nii.gz	0.0007934933544931	0.09101945	0.032240037	0.08434661	0.09109174	0.08436471	0.032150604	0.09589398	0.0958961322903633	sub-112249	ses-1		dir-AP	acq-multiband	space-ACPC			DSIStudio	autotrackgqi
Association_CingulumR	od	NODDI	/scratch/grmpy/SLURM_11194840_23/job-11194840-23-sub-112249/ds/inputs/data/qsiprep/qsiprep/sub-112249/ses-1/dwi/sub-112249_ses-1_acq-multiband_dir-AP_space-ACPC_desc-preproc_dwi.nii.gz	0.0007934933544931	0.3864665	0.20597582	0.3860932	0.3867734	0.38629043	0.20576936	0.23000072	0.2300059199333191	sub-112249	ses-1		dir-AP	acq-multiband	space-ACPC			DSIStudio	autotrackgqi
Association_CingulumR	rmse	NODDI	/scratch/grmpy/SLURM_11194840_23/job-11194840-23-sub-112249/ds/inputs/data/qsiprep/qsiprep/sub-112249/ses-1/dwi/sub-112249_ses-1_acq-multiband_dir-AP_space-ACPC_desc-preproc_dwi.nii.gz	0.0007934933544931	0.045042343	0.01701952	0.042312447	0.045078114	0.042323858	0.01697886	0.05030032	0.0503014549612998	sub-112249	ses-1		dir-AP	acq-multiband	space-ACPC			DSIStudio	autotrackgqi
Association_CingulumR	tf	NODDI	/scratch/grmpy/SLURM_11194840_23/job-11194840-23-sub-112249/ds/inputs/data/qsiprep/qsiprep/sub-112249/ses-1/dwi/sub-112249_ses-1_acq-multiband_dir-AP_space-ACPC_desc-preproc_dwi.nii.gz	0.0083316802221781	0.866177	0.20671321	0.940817	0.8734544	0.94214857	0.19165836	0.8832314	0.8836778402328491	sub-112249	ses-1		dir-AP	acq-multiband	space-ACPC			DSIStudio	autotrackgqi
Association_ArcuateFasciculusL	directions	NODDI	/scratch/grmpy/SLURM_11194840_23/job-11194840-23-sub-112249/ds/inputs/data/qsiprep/qsiprep/sub-112249/ses-1/dwi/sub-112249_ses-1_acq-multiband_dir-AP_space-ACPC_desc-preproc_dwi.nii.gz	114.0	-0.14703362	0.55338216	-0.19955845	-0.14949244	-0.21491364	0.5576606	-0.6324415		sub-112249	ses-1		dir-AP	acq-multiband	space-ACPC			DSIStudio	autotrackgqi
Association_ArcuateFasciculusL	icvf	NODDI	/scratch/grmpy/SLURM_11194840_23/job-11194840-23-sub-112249/ds/inputs/data/qsiprep/qsiprep/sub-112249/ses-1/dwi/sub-112249_ses-1_acq-multiband_dir-AP_space-ACPC_desc-preproc_dwi.nii.gz	0.0214976193911412	0.5463551	0.1555032	0.544138	0.55835855	0.5483601	0.13420253	0.6383594	0.6395766139030457	sub-112249	ses-1		dir-AP	acq-multiband	space-ACPC			DSIStudio	autotrackgqi
Association_ArcuateFasciculusL	isovf	NODDI	/scratch/grmpy/SLURM_11194840_23/job-11194840-23-sub-112249/ds/inputs/data/qsiprep/qsiprep/sub-112249/ses-1/dwi/sub-112249_ses-1_acq-multiband_dir-AP_space-ACPC_desc-preproc_dwi.nii.gz	0.3686336747944019	0.09640133	0.16267306	0.054556634	0.15268683	0.10151175	0.18253507	0.092624664	0.106825940310955	sub-112249	ses-1		dir-AP	acq-multiband	space-ACPC			DSIStudio	autotrackgqi
Association_ArcuateFasciculusL	modulated_icvf	NODDI	/scratch/grmpy/SLURM_11194840_23/job-11194840-23-sub-112249/ds/inputs/data/qsiprep/qsiprep/sub-112249/ses-1/dwi/sub-112249_ses-1_acq-multiband_dir-AP_space-ACPC_desc-preproc_dwi.nii.gz	0.0214976193911412	0.4864509	0.13679384	0.50454545	0.4971382	0.5071633	0.117518544	0.57575893	0.576856791973114	sub-112249	ses-1		dir-AP	acq-multiband	space-ACPC			DSIStudio	autotrackgqi
Association_ArcuateFasciculusL	modulated_od	NODDI	/scratch/grmpy/SLURM_11194840_23/job-11194840-23-sub-112249/ds/inputs/data/qsiprep/qsiprep/sub-112249/ses-1/dwi/sub-112249_ses-1_acq-multiband_dir-AP_space-ACPC_desc-preproc_dwi.nii.gz	0.0187563122204588	0.28837824	0.1892163	0.25251937	0.29389054	0.25614807	0.18672751	0.16901745	0.1693151891231537	sub-112249	ses-1		dir-AP	acq-multiband	space-ACPC			DSIStudio	autotrackgqi
Association_ArcuateFasciculusL	nrmse	NODDI	/scratch/grmpy/SLURM_11194840_23/job-11194840-23-sub-112249/ds/inputs/data/qsiprep/qsiprep/sub-112249/ses-1/dwi/sub-112249_ses-1_acq-multiband_dir-AP_space-ACPC_desc-preproc_dwi.nii.gz	0.0164478430240946	0.087540455	0.03478572	0.08164235	0.08900439	0.08231638	0.03316603	0.09686136	0.0969964265823364	sub-112249	ses-1		dir-AP	acq-multiband	space-ACPC			DSIStudio	autotrackgqi
Association_ArcuateFasciculusL	od	NODDI	/scratch/grmpy/SLURM_11194840_23/job-11194840-23-sub-112249/ds/inputs/data/qsiprep/qsiprep/sub-112249/ses-1/dwi/sub-112249_ses-1_acq-multiband_dir-AP_space-ACPC_desc-preproc_dwi.nii.gz	0.0164478430240946	0.3282539	0.20916903	0.2890521	0.33374324	0.2916627	0.20652191	0.1861647	0.1864243149757385	sub-112249	ses-1		dir-AP	acq-multiband	space-ACPC			DSIStudio	autotrackgqi
Association_ArcuateFasciculusL	rmse	NODDI	/scratch/grmpy/SLURM_11194840_23/job-11194840-23-sub-112249/ds/inputs/data/qsiprep/qsiprep/sub-112249/ses-1/dwi/sub-112249_ses-1_acq-multiband_dir-AP_space-ACPC_desc-preproc_dwi.nii.gz	0.0164478430240946	0.04555592	0.022113917	0.042360984	0.046317745	0.042616628	0.02149226	0.052793615	0.0528672412037849	sub-112249	ses-1		dir-AP	acq-multiband	space-ACPC			DSIStudio	autotrackgqi
Association_ArcuateFasciculusL	tf	NODDI	/scratch/grmpy/SLURM_11194840_23/job-11194840-23-sub-112249/ds/inputs/data/qsiprep/qsiprep/sub-112249/ses-1/dwi/sub-112249_ses-1_acq-multiband_dir-AP_space-ACPC_desc-preproc_dwi.nii.gz	0.0214976193911412	0.8871509	0.19866717	0.9400135	0.90664154	0.9432908	0.15054819	0.90598273	0.9077103137969972	sub-112249	ses-1		dir-AP	acq-multiband	space-ACPC			DSIStudio	autotrackgqi
Association_InferiorFrontoOccipitalFasciculusL	directions	NODDI	/scratch/grmpy/SLURM_11194840_23/job-11194840-23-sub-112249/ds/inputs/data/qsiprep/qsiprep/sub-112249/ses-1/dwi/sub-112249_ses-1_acq-multiband_dir-AP_space-ACPC_desc-preproc_dwi.nii.gz	37.0	-0.07488137	0.57149965	-0.13873178	-0.075132534	-0.1415056	0.5724408	-0.15574384		sub-112249	ses-1		dir-AP	acq-multiband	space-ACPC			DSIStudio	autotrackgqi
Association_InferiorFrontoOccipitalFasciculusL	icvf	NODDI	/scratch/grmpy/SLURM_11194840_23/job-11194840-23-sub-112249/ds/inputs/data/qsiprep/qsiprep/sub-112249/ses-1/dwi/sub-112249_ses-1_acq-multiband_dir-AP_space-ACPC_desc-preproc_dwi.nii.gz	0.0084929526563064	0.55527025	0.12562238	0.56160426	0.5600266	0.563156	0.11511957	0.5899818	0.5902393460273743	sub-112249	ses-1		dir-AP	acq-multiband	space-ACPC			DSIStudio	autotrackgqi
Association_InferiorFrontoOccipitalFasciculusL	isovf	NODDI	/scratch/grmpy/SLURM_11194840_23/job-11194840-23-sub-112249/ds/inputs/data/qsiprep/qsiprep/sub-112249/ses-1/dwi/sub-112249_ses-1_acq-multiband_dir-AP_space-ACPC_desc-preproc_dwi.nii.gz	0.2359956631731116	0.109151	0.1398748	0.08866773	0.14286698	0.114475675	0.14419271	0.10901545	0.1205346137285232	sub-112249	ses-1		dir-AP	acq-multiband	space-ACPC			DSIStudio	autotrackgqi
Association_InferiorFrontoOccipitalFasciculusL	modulated_icvf	NODDI	/scratch/grmpy/SLURM_11194840_23/job-11194840-23-sub-112249/ds/inputs/data/qsiprep/qsiprep/sub-112249/ses-1/dwi/sub-112249_ses-1_acq-multiband_dir-AP_space-ACPC_desc-preproc_dwi.nii.gz	0.0084929526563064	0.48889324	0.1007279	0.50369585	0.49308094	0.50441355	0.09037774	0.5221101	0.5223380923271179	sub-112249	ses-1		dir-AP	acq-multiband	space-ACPC			DSIStudio	autotrackgqi
Association_InferiorFrontoOccipitalFasciculusL	modulated_od	NODDI	/scratch/grmpy/SLURM_11194840_23/job-11194840-23-sub-112249/ds/inputs/data/qsiprep/qsiprep/sub-112249/ses-1/dwi/sub-112249_ses-1_acq-multiband_dir-AP_space-ACPC_desc-preproc_dwi.nii.gz	0.0040657752078062	0.2623531	0.17601271	0.22937882	0.26342413	0.23012368	0.17556997	0.15006742	0.1500900387763977	sub-112249	ses-1		dir-AP	acq-multiband	space-ACPC			DSIStudio	autotrackgqi
Association_InferiorFrontoOccipitalFasciculusL	nrmse	NODDI	/scratch/grmpy/SLURM_11194840_23/job-11194840-23-sub-112249/ds/inputs/data/qsiprep/qsiprep/sub-112249/ses-1/dwi/sub-112249_ses-1_acq-multiband_dir-AP_space-ACPC_desc-preproc_dwi.nii.gz	0.0033429707264185	0.09351881	0.036812656	0.08696458	0.093832485	0.08704301	0.036473054	0.0942774	0.0942896530032157	sub-112249	ses-1		dir-AP	acq-multiband	space-ACPC			DSIStudio	autotrackgqi
Association_InferiorFrontoOccipitalFasciculusL	od	NODDI	/scratch/grmpy/SLURM_11194840_23/job-11194840-23-sub-112249/ds/inputs/data/qsiprep/qsiprep/sub-112249/ses-1/dwi/sub-112249_ses-1_acq-multiband_dir-AP_space-ACPC_desc-preproc_dwi.nii.gz	0.0033429707264185	0.2985795	0.19293073	0.2641356	0.29958102	0.26492214	0.19247621	0.16882105	0.1688429862260818	sub-112249	ses-1		dir-AP	acq-multiband	space-ACPC			DSIStudio	autotrackgqi
Association_InferiorFrontoOccipitalFasciculusL	rmse	NODDI	/scratch/grmpy/SLURM_11194840_23/job-11194840-23-sub-112249/ds/inputs/data/qsiprep/qsiprep/sub-112249/ses-1/dwi/sub-112249_ses-1_acq-multiband_dir-AP_space-ACPC_desc-preproc_dwi.nii.gz	0.0033429707264185	0.04852127	0.023368139	0.044897523	0.048684016	0.04496537	0.023237433	0.049757924	0.0497643910348415	sub-112249	ses-1		dir-AP	acq-multiband	space-ACPC			DSIStudio	autotrackgqi
Association_InferiorFrontoOccipitalFasciculusL	tf	NODDI	/scratch/grmpy/SLURM_11194840_23/job-11194840-23-sub-112249/ds/inputs/data/qsiprep/qsiprep/sub-112249/ses-1/dwi/sub-112249_ses-1_acq-multiband_dir-AP_space-ACPC_desc-preproc_dwi.nii.gz	0.0084929526563064	0.88750595	0.14888577	0.91048497	0.8951081	0.9115858	0.12470821	0.8908546	0.891243577003479	sub-112249	ses-1		dir-AP	acq-multiband	space-ACPC			DSIStudio	autotrackgqi
Association_VerticalOccipitalFasciculusL	directions	NODDI	/scratch/grmpy/SLURM_11194840_23/job-11194840-23-sub-112249/ds/inputs/data/qsiprep/qsiprep/sub-112249/ses-1/dwi/sub-112249_ses-1_acq-multiband_dir-AP_space-ACPC_desc-preproc_dwi.nii.gz	68.0	-0.061731663	0.5683619	-0.09179929	-0.06295693	-0.112219326	0.57390743	-0.13489126		sub-112249	ses-1		dir-AP	acq-multiband	space-ACPC			DSIStudio	autotrackgqi
Association_VerticalOccipitalFasciculusL	icvf	NODDI	/scratch/grmpy/SLURM_11194840_23/job-11194840-23-sub-112249/ds/inputs/data/qsiprep/qsiprep/sub-112249/ses-1/dwi/sub-112249_ses-1_acq-multiband_dir-AP_space-ACPC_desc-preproc_dwi.nii.gz	0.0194619347452776	0.53053737	0.13502246	0.5282637	0.5410676	0.53288615	0.113557726	0.5860477	0.5875354409217834	sub-112249	ses-1		dir-AP	acq-multiband	space-ACPC			DSIStudio	autotrackgqi
Association_VerticalOccipitalFasciculusL	isovf	NODDI	/scratch/grmpy/SLURM_11194840_23/job-11194840-23-sub-112249/ds/inputs/data/qsiprep/qsiprep/sub-112249/ses-1/dwi/sub-112249_ses-1_acq-multiband_dir-AP_space-ACPC_desc-preproc_dwi.nii.gz	0.3986834573554665	0.064725414	0.09167776	0.0378471	0.10763951	0.09628779	0.09673727	0.079403386	0.1021378338336944	sub-112249	ses-1		dir-AP	acq-multiband	space-ACPC			DSIStudio	autotrackgqi
Association_VerticalOccipitalFasciculusL	modulated_icvf	NODDI	/scratch/grmpy/SLURM_11194840_23/job-11194840-23-sub-112249/ds/inputs/data/qsiprep/qsiprep/sub-112249/ses-1/dwi/sub-112249_ses-1_acq-multiband_dir-AP_space-ACPC_desc-preproc_dwi.nii.gz	0.0194619347452776	0.48943675	0.10923592	0.5058831	0.4991512	0.5079447	0.085559025	0.5348287	0.5361863970756531	sub-112249	ses-1		dir-AP	acq-multiband	space-ACPC			DSIStudio	autotrackgqi
Association_VerticalOccipitalFasciculusL	modulated_od	NODDI	/scratch/grmpy/SLURM_11194840_23/job-11194840-23-sub-112249/ds/inputs/data/qsiprep/qsiprep/sub-112249/ses-1/dwi/sub-112249_ses-1_acq-multiband_dir-AP_space-ACPC_desc-preproc_dwi.nii.gz	0.0194619347452776	0.34770173	0.18939377	0.31814346	0.354603	0.32549322	0.18475592	0.27892873	0.279636800289154	sub-112249	ses-1		dir-AP	acq-multiband	space-ACPC			DSIStudio	autotrackgqi
Association_VerticalOccipitalFasciculusL	nrmse	NODDI	/scratch/grmpy/SLURM_11194840_23/job-11194840-23-sub-112249/ds/inputs/data/qsiprep/qsiprep/sub-112249/ses-1/dwi/sub-112249_ses-1_acq-multiband_dir-AP_space-ACPC_desc-preproc_dwi.nii.gz	0.0194619347452776	0.07483594	0.029623304	0.07032869	0.076321304	0.07073417	0.027956987	0.073898405	0.074085995554924	sub-112249	ses-1		dir-AP	acq-multiband	space-ACPC			DSIStudio	autotrackgqi
Association_VerticalOccipitalFasciculusL	od	NODDI	/scratch/grmpy/SLURM_11194840_23/job-11194840-23-sub-112249/ds/inputs/data/qsiprep/qsiprep/sub-112249/ses-1/dwi/sub-112249_ses-1_acq-multiband_dir-AP_space-ACPC_desc-preproc_dwi.nii.gz	0.0194619347452776	0.36852202	0.1896849	0.3494082	0.37583652	0.3563332	0.18424289	0.2991475	0.2999068796634674	sub-112249	ses-1		dir-AP	acq-multiband	space-ACPC			DSIStudio	autotrackgqi
Association_VerticalOccipitalFasciculusL	rmse	NODDI	/scratch/grmpy/SLURM_11194840_23/job-11194840-23-sub-112249/ds/inputs/data/qsiprep/qsiprep/sub-112249/ses-1/dwi/sub-112249_ses-1_acq-multiband_dir-AP_space-ACPC_desc-preproc_dwi.nii.gz	0.0194619347452776	0.038945418	0.015292445	0.036816053	0.039718416	0.036982097	0.014415212	0.03918942	0.0392889082431793	sub-112249	ses-1		dir-AP	acq-multiband	space-ACPC			DSIStudio	autotrackgqi
Association_VerticalOccipitalFasciculusL	tf	NODDI	/scratch/grmpy/SLURM_11194840_23/job-11194840-23-sub-112249/ds/inputs/data/qsiprep/qsiprep/sub-112249/ses-1/dwi/sub-112249_ses-1_acq-multiband_dir-AP_space-ACPC_desc-preproc_dwi.nii.gz	0.0194619347452776	0.9158126	0.15801461	0.9552719	0.9339899	0.9589709	0.09212399	0.9180646	0.9203950762748718	sub-112249	ses-1		dir-AP	acq-multiband	space-ACPC			DSIStudio	autotrackgqi
Association_ArcuateFasciculusR	directions	NODDI	/scratch/grmpy/SLURM_11194840_23/job-11194840-23-sub-112249/ds/inputs/data/qsiprep/qsiprep/sub-112249/ses-1/dwi/sub-112249_ses-1_acq-multiband_dir-AP_space-ACPC_desc-preproc_dwi.nii.gz	8.0	-0.060203727	0.5739101	-0.06393139	-0.060264476	-0.06518559	0.5741964	-0.009016842		sub-112249	ses-1		dir-AP	acq-multiband	space-ACPC			DSIStudio	autotrackgqi
Association_ArcuateFasciculusR	icvf	NODDI	/scratch/grmpy/SLURM_11194840_23/job-11194840-23-sub-112249/ds/inputs/data/qsiprep/qsiprep/sub-112249/ses-1/dwi/sub-112249_ses-1_acq-multiband_dir-AP_space-ACPC_desc-preproc_dwi.nii.gz	0.0028981854838709	0.55356807	0.12351547	0.54984385	0.5551771	0.5505857	0.12002972	0.63326263	0.6334396600723267	sub-112249	ses-1		dir-AP	acq-multiband	space-ACPC			DSIStudio	autotrackgqi
Association_ArcuateFasciculusR	isovf	NODDI	/scratch/grmpy/SLURM_11194840_23/job-11194840-23-sub-112249/ds/inputs/data/qsiprep/qsiprep/sub-112249/ses-1/dwi/sub-112249_ses-1_acq-multiband_dir-AP_space-ACPC_desc-preproc_dwi.nii.gz	0.3208165322580645	0.087581925	0.118983395	0.06877515	0.12895179	0.107880265	0.12453714	0.11119041	0.1223451867699623	sub-112249	ses-1		dir-AP	acq-multiband	space-ACPC			DSIStudio	autotrackgqi
Association_ArcuateFasciculusR	modulated_icvf	NODDI	/scratch/grmpy/SLURM_11194840_23/job-11194840-23-sub-112249/ds/inputs/data/qsiprep/qsiprep/sub-112249/ses-1/dwi/sub-112249_ses-1_acq-multiband_dir-AP_space-ACPC_desc-preproc_dwi.nii.gz	0.0028981854838709	0.49883673	0.097956635	0.5068916	0.50028664	0.5074054	0.09432929	0.55873495	0.5588911771774292	sub-112249	ses-1		dir-AP	acq-multiband	space-ACPC			DSIStudio	autotrackgqi
Association_ArcuateFasciculusR	modulated_od	NODDI	/scratch/grmpy/SLURM_11194840_23/job-11194840-23-sub-112249/ds/inputs/data/qsiprep/qsiprep/sub-112249/ses-1/dwi/sub-112249_ses-1_acq-multiband_dir-AP_space-ACPC_desc-preproc_dwi.nii.gz	0.0015120967741935	0.28116933	0.17240871	0.2536845	0.28159514	0.25389045	0.1721914	0.18873651	0.1887579262256622	sub-112249	ses-1		dir-AP	acq-multiband	space-ACPC			DSIStudio	autotrackgqi
Association_ArcuateFasciculusR	nrmse	NODDI	/scratch/grmpy/SLURM_11194840_23/job-11194840-23-sub-112249/ds/inputs/data/qsiprep/qsiprep/sub-112249/ses-1/dwi/sub-112249_ses-1_acq-multiband_dir-AP_space-ACPC_desc-preproc_dwi.nii.gz	0.001008064516129	0.08360838	0.025947737	0.08004375	0.08369275	0.080067344	0.025824474	0.09015221	0.0901552885770797	sub-112249	ses-1		dir-AP	acq-multiband	space-ACPC			DSIStudio	autotrackgqi
Association_ArcuateFasciculusR	od	NODDI	/scratch/grmpy/SLURM_11194840_23/job-11194840-23-sub-112249/ds/inputs/data/qsiprep/qsiprep/sub-112249/ses-1/dwi/sub-112249_ses-1_acq-multiband_dir-AP_space-ACPC_desc-preproc_dwi.nii.gz	0.001008064516129	0.3091878	0.18261491	0.28234428	0.3094998	0.28250593	0.18244259	0.21284981	0.2128570824861526	sub-112249	ses-1		dir-AP	acq-multiband	space-ACPC			DSIStudio	autotrackgqi
Association_ArcuateFasciculusR	rmse	NODDI	/scratch/grmpy/SLURM_11194840_23/job-11194840-23-sub-112249/ds/inputs/data/qsiprep/qsiprep/sub-112249/ses-1/dwi/sub-112249_ses-1_acq-multiband_dir-AP_space-ACPC_desc-preproc_dwi.nii.gz	0.001008064516129	0.043490965	0.013574923	0.041885145	0.04353485	0.041911423	0.013511253	0.04823645	0.0482380911707878	sub-112249	ses-1		dir-AP	acq-multiband	space-ACPC			DSIStudio	autotrackgqi
Association_ArcuateFasciculusR	tf	NODDI	/scratch/grmpy/SLURM_11194840_23/job-11194840-23-sub-112249/ds/inputs/data/qsiprep/qsiprep/sub-112249/ses-1/dwi/sub-112249_ses-1_acq-multiband_dir-AP_space-ACPC_desc-preproc_dwi.nii.gz	0.0028981854838709	0.91141	0.12242353	0.9310345	0.9140591	0.93134034	0.11229264	0.88877547	0.889024019241333	sub-112249	ses-1		dir-AP	acq-multiband	space-ACPC			DSIStudio	autotrackgqi
Association_SuperiorLongitudinalFasciculusL	directions	NODDI	/scratch/grmpy/SLURM_11194840_23/job-11194840-23-sub-112249/ds/inputs/data/qsiprep/qsiprep/sub-112249/ses-1/dwi/sub-112249_ses-1_acq-multiband_dir-AP_space-ACPC_desc-preproc_dwi.nii.gz	6.0	-0.048683833	0.575144	-0.103694804	-0.048709054	-0.10442765	0.5752919	-0.1423374		sub-112249	ses-1		dir-AP	acq-multiband	space-ACPC			DSIStudio	autotrackgqi
Association_SuperiorLongitudinalFasciculusL	icvf	NODDI	/scratch/grmpy/SLURM_11194840_23/job-11194840-23-sub-112249/ds/inputs/data/qsiprep/qsiprep/sub-112249/ses-1/dwi/sub-112249_ses-1_acq-multiband_dir-AP_space-ACPC_desc-preproc_dwi.nii.gz	0.0058681394546082	0.54455924	0.13160689	0.5398731	0.54777366	0.54085445	0.12514728	0.60542154	0.6057023406028748	sub-112249	ses-1		dir-AP	acq-multiband	space-ACPC			DSIStudio	autotrackgqi
Association_SuperiorLongitudinalFasciculusL	isovf	NODDI	/scratch/grmpy/SLURM_11194840_23/job-11194840-23-sub-112249/ds/inputs/data/qsiprep/qsiprep/sub-112249/ses-1/dwi/sub-112249_ses-1_acq-multiband_dir-AP_space-ACPC_desc-preproc_dwi.nii.gz	0.3482913358646876	0.097333685	0.15520936	0.05610454	0.14935152	0.1077775	0.17086644	0.09805933	0.1203728392720222	sub-112249	ses-1		dir-AP	acq-multiband	space-ACPC			DSIStudio	autotrackgqi
Association_SuperiorLongitudinalFasciculusL	modulated_icvf	NODDI	/scratch/grmpy/SLURM_11194840_23/job-11194840-23-sub-112249/ds/inputs/data/qsiprep/qsiprep/sub-112249/ses-1/dwi/sub-112249_ses-1_acq-multiband_dir-AP_space-ACPC_desc-preproc_dwi.nii.gz	0.0058681394546082	0.48785913	0.11666807	0.50807035	0.49073884	0.5088904	0.110808805	0.54131025	0.5415613055229187	sub-112249	ses-1		dir-AP	acq-multiband	space-ACPC			DSIStudio	autotrackgqi
Association_SuperiorLongitudinalFasciculusL	modulated_od	NODDI	/scratch/grmpy/SLURM_11194840_23/job-11194840-23-sub-112249/ds/inputs/data/qsiprep/qsiprep/sub-112249/ses-1/dwi/sub-112249_ses-1_acq-multiband_dir-AP_space-ACPC_desc-preproc_dwi.nii.gz	0.0024162927166033	0.31189406	0.18060863	0.27866948	0.31264952	0.27906585	0.18017296	0.23748119	0.237532153725624	sub-112249	ses-1		dir-AP	acq-multiband	space-ACPC			DSIStudio	autotrackgqi
Association_SuperiorLongitudinalFasciculusL	nrmse	NODDI	/scratch/grmpy/SLURM_11194840_23/job-11194840-23-sub-112249/ds/inputs/data/qsiprep/qsiprep/sub-112249/ses-1/dwi/sub-112249_ses-1_acq-multiband_dir-AP_space-ACPC_desc-preproc_dwi.nii.gz	0.0005177770107007	0.08407688	0.027378013	0.078712	0.08412044	0.07872246	0.027318127	0.0882369	0.0882385298609733	sub-112249	ses-1		dir-AP	acq-multiband	space-ACPC			DSIStudio	autotrackgqi
Association_SuperiorLongitudinalFasciculusL	od	NODDI	/scratch/grmpy/SLURM_11194840_23/job-11194840-23-sub-112249/ds/inputs/data/qsiprep/qsiprep/sub-112249/ses-1/dwi/sub-112249_ses-1_acq-multiband_dir-AP_space-ACPC_desc-preproc_dwi.nii.gz	0.0005177770107007	0.3520396	0.19564395	0.31701285	0.352222	0.31708795	0.19553041	0.2624517	0.2624565362930298	sub-112249	ses-1		dir-AP	acq-multiband	space-ACPC			DSIStudio	autotrackgqi
Association_SuperiorLongitudinalFasciculusL	rmse	NODDI	/scratch/grmpy/SLURM_11194840_23/job-11194840-23-sub-112249/ds/inputs/data/qsiprep/qsiprep/sub-112249/ses-1/dwi/sub-112249_ses-1_acq-multiband_dir-AP_space-ACPC_desc-preproc_dwi.nii.gz	0.0005177770107007	0.043407105	0.014386025	0.04086393	0.04342959	0.04087574	0.014355777	0.046956673	0.0469575375318527	sub-112249	ses-1		dir-AP	acq-multiband	space-ACPC			DSIStudio	autotrackgqi
Association_SuperiorLongitudinalFasciculusL	tf	NODDI	/scratch/grmpy/SLURM_11194840_23/job-11194840-23-sub-112249/ds/inputs/data/qsiprep/qsiprep/sub-112249/ses-1/dwi/sub-112249_ses-1_acq-multiband_dir-AP_space-ACPC_desc-preproc_dwi.nii.gz	0.0058681394546082	0.90214854	0.15654603	0.94383645	0.90747374	0.9447585	0.14077945	0.9019222	0.9023404717445374	sub-112249	ses-1		dir-AP	acq-multiband	space-ACPC			DSIStudio	autotrackgqi
Association_FrontalAslantTractR	directions	NODDI	/scratch/grmpy/SLURM_11194840_23/job-11194840-23-sub-112249/ds/inputs/data/qsiprep/qsiprep/sub-112249/ses-1/dwi/sub-112249_ses-1_acq-multiband_dir-AP_space-ACPC_desc-preproc_dwi.nii.gz	0.0	-0.043250874	0.57572794	-0.05342047	-0.043250874	-0.05342047	0.57572794	-0.13586		sub-112249	ses-1		dir-AP	acq-multiband	space-ACPC			DSIStudio	autotrackgqi
Association_FrontalAslantTractR	icvf	NODDI	/scratch/grmpy/SLURM_11194840_23/job-11194840-23-sub-112249/ds/inputs/data/qsiprep/qsiprep/sub-112249/ses-1/dwi/sub-112249_ses-1_acq-multiband_dir-AP_space-ACPC_desc-preproc_dwi.nii.gz	0.0017976373908577	0.5664297	0.12547699	0.573106	0.56744975	0.573846	0.1232639	0.6276667	0.6277226209640503	sub-112249	ses-1		dir-AP	acq-multiband	space-ACPC			DSIStudio	autotrackgqi
Association_FrontalAslantTractR	isovf	NODDI	/scratch/grmpy/SLURM_11194840_23/job-11194840-23-sub-112249/ds/inputs/data/qsiprep/qsiprep/sub-112249/ses-1/dwi/sub-112249_ses-1_acq-multiband_dir-AP_space-ACPC_desc-preproc_dwi.nii.gz	0.2856959424756035	0.108101144	0.13121031	0.0882909	0.15133771	0.13117364	0.13250908	0.12006986	0.1380607783794403	sub-112249	ses-1		dir-AP	acq-multiband	space-ACPC			DSIStudio	autotrackgqi
Association_FrontalAslantTractR	modulated_icvf	NODDI	/scratch/grmpy/SLURM_11194840_23/job-11194840-23-sub-112249/ds/inputs/data/qsiprep/qsiprep/sub-112249/ses-1/dwi/sub-112249_ses-1_acq-multiband_dir-AP_space-ACPC_desc-preproc_dwi.nii.gz	0.0017976373908577	0.5007158	0.10465505	0.5208738	0.50161755	0.5212201	0.10256745	0.54713285	0.5471814870834351	sub-112249	ses-1		dir-AP	acq-multiband	space-ACPC			DSIStudio	autotrackgqi
Association_FrontalAslantTractR	modulated_od	NODDI	/scratch/grmpy/SLURM_11194840_23/job-11194840-23-sub-112249/ds/inputs/data/qsiprep/qsiprep/sub-112249/ses-1/dwi/sub-112249_ses-1_acq-multiband_dir-AP_space-ACPC_desc-preproc_dwi.nii.gz	0.0011556240369799	0.2681477	0.15924445	0.2492952	0.26845792	0.24944411	0.15907496	0.20134889	0.2013611793518066	sub-112249	ses-1		dir-AP	acq-multiband	space-ACPC			DSIStudio	autotrackgqi
Association_FrontalAslantTractR	nrmse	NODDI	/scratch/grmpy/SLURM_11194840_23/job-11194840-23-sub-112249/ds/inputs/data/qsiprep/qsiprep/sub-112249/ses-1/dwi/sub-112249_ses-1_acq-multiband_dir-AP_space-ACPC_desc-preproc_dwi.nii.gz	0.0	0.087747395	0.02175574	0.08614707	0.087747395	0.08614707	0.02175574	0.09502505	0.0950250476598739	sub-112249	ses-1		dir-AP	acq-multiband	space-ACPC			DSIStudio	autotrackgqi
Association_FrontalAslantTractR	od	NODDI	/scratch/grmpy/SLURM_11194840_23/job-11194840-23-sub-112249/ds/inputs/data/qsiprep/qsiprep/sub-112249/ses-1/dwi/sub-112249_ses-1_acq-multiband_dir-AP_space-ACPC_desc-preproc_dwi.nii.gz	0.0	0.30453226	0.17693457	0.2840988	0.30453226	0.2840988	0.17693457	0.228089	0.2280890047550201	sub-112249	ses-1		dir-AP	acq-multiband	space-ACPC			DSIStudio	autotrackgqi
Association_FrontalAslantTractR	rmse	NODDI	/scratch/grmpy/SLURM_11194840_23/job-11194840-23-sub-112249/ds/inputs/data/qsiprep/qsiprep/sub-112249/ses-1/dwi/sub-112249_ses-1_acq-multiband_dir-AP_space-ACPC_desc-preproc_dwi.nii.gz	0.0	0.04564556	0.012315147	0.044864744	0.04564556	0.044864744	0.012315147	0.05040952	0.0504095181822776	sub-112249	ses-1		dir-AP	acq-multiband	space-ACPC			DSIStudio	autotrackgqi
Association_FrontalAslantTractR	tf	NODDI	/scratch/grmpy/SLURM_11194840_23/job-11194840-23-sub-112249/ds/inputs/data/qsiprep/qsiprep/sub-112249/ses-1/dwi/sub-112249_ses-1_acq-multiband_dir-AP_space-ACPC_desc-preproc_dwi.nii.gz	0.0017976373908577	0.8918988	0.1312103	0.9117091	0.893505	0.91219103	0.12574579	0.87993014	0.8800085783004761	sub-112249	ses-1		dir-AP	acq-multiband	space-ACPC			DSIStudio	autotrackgqi
Association_ExtremeCapsuleR	directions	NODDI	/scratch/grmpy/SLURM_11194840_23/job-11194840-23-sub-112249/ds/inputs/data/qsiprep/qsiprep/sub-112249/ses-1/dwi/sub-112249_ses-1_acq-multiband_dir-AP_space-ACPC_desc-preproc_dwi.nii.gz	1.0	0.022061357	0.5768684	0.013059471	0.022065952	0.01319809	0.57692844	0.31593025		sub-112249	ses-1		dir-AP	acq-multiband	space-ACPC			DSIStudio	autotrackgqi
Association_ExtremeCapsuleR	icvf	NODDI	/scratch/grmpy/SLURM_11194840_23/job-11194840-23-sub-112249/ds/inputs/data/qsiprep/qsiprep/sub-112249/ses-1/dwi/sub-112249_ses-1_acq-multiband_dir-AP_space-ACPC_desc-preproc_dwi.nii.gz	0.0062473969179508	0.5307495	0.13229902	0.52825636	0.53408617	0.52912927	0.12582134	0.56258124	0.5628618001937866	sub-112249	ses-1		dir-AP	acq-multiband	space-ACPC			DSIStudio	autotrackgqi
Association_ExtremeCapsuleR	isovf	NODDI	/scratch/grmpy/SLURM_11194840_23/job-11194840-23-sub-112249/ds/inputs/data/qsiprep/qsiprep/sub-112249/ses-1/dwi/sub-112249_ses-1_acq-multiband_dir-AP_space-ACPC_desc-preproc_dwi.nii.gz	0.3227821740941274	0.097455055	0.15601516	0.0621669	0.14390503	0.10001823	0.1710493	0.08226059	0.1020900607109069	sub-112249	ses-1		dir-AP	acq-multiband	space-ACPC			DSIStudio	autotrackgqi
Association_ExtremeCapsuleR	modulated_icvf	NODDI	/scratch/grmpy/SLURM_11194840_23/job-11194840-23-sub-112249/ds/inputs/data/qsiprep/qsiprep/sub-112249/ses-1/dwi/sub-112249_ses-1_acq-multiband_dir-AP_space-ACPC_desc-preproc_dwi.nii.gz	0.0062473969179508	0.47301978	0.11020966	0.4924432	0.47599348	0.4935243	0.103957	0.51244456	0.5127001404762268	sub-112249	ses-1		dir-AP	acq-multiband	space-ACPC			DSIStudio	autotrackgqi
Association_ExtremeCapsuleR	modulated_od	NODDI	/scratch/grmpy/SLURM_11194840_23/job-11194840-23-sub-112249/ds/inputs/data/qsiprep/qsiprep/sub-112249/ses-1/dwi/sub-112249_ses-1_acq-multiband_dir-AP_space-ACPC_desc-preproc_dwi.nii.gz	0.0004164931278633	0.26926276	0.17258123	0.24945712	0.26937494	0.24951068	0.17252962	0.17837495	0.1783758699893951	sub-112249	ses-1		dir-AP	acq-multiband	space-ACPC			DSIStudio	autotrackgqi
Association_ExtremeCapsuleR	nrmse	NODDI	/scratch/grmpy/SLURM_11194840_23/job-11194840-23-sub-112249/ds/inputs/data/qsiprep/qsiprep/sub-112249/ses-1/dwi/sub-112249_ses-1_acq-multiband_dir-AP_space-ACPC_desc-preproc_dwi.nii.gz	0.0002082465639316	0.08936433	0.030457709	0.084130764	0.08938294	0.084133394	0.03043356	0.08795105	0.0879512876272201	sub-112249	ses-1		dir-AP	acq-multiband	space-ACPC			DSIStudio	autotrackgqi
Association_ExtremeCapsuleR	od	NODDI	/scratch/grmpy/SLURM_11194840_23/job-11194840-23-sub-112249/ds/inputs/data/qsiprep/qsiprep/sub-112249/ses-1/dwi/sub-112249_ses-1_acq-multiband_dir-AP_space-ACPC_desc-preproc_dwi.nii.gz	0.0002082465639316	0.30805862	0.19693862	0.28297472	0.30812278	0.28299627	0.19690894	0.19453311	0.1945336759090423	sub-112249	ses-1		dir-AP	acq-multiband	space-ACPC			DSIStudio	autotrackgqi
Association_ExtremeCapsuleR	rmse	NODDI	/scratch/grmpy/SLURM_11194840_23/job-11194840-23-sub-112249/ds/inputs/data/qsiprep/qsiprep/sub-112249/ses-1/dwi/sub-112249_ses-1_acq-multiband_dir-AP_space-ACPC_desc-preproc_dwi.nii.gz	0.0002082465639316	0.04531201	0.013647788	0.04338543	0.04532145	0.0433905	0.0136335315	0.04630723	0.0463073626160621	sub-112249	ses-1		dir-AP	acq-multiband	space-ACPC			DSIStudio	autotrackgqi
Association_ExtremeCapsuleR	tf	NODDI	/scratch/grmpy/SLURM_11194840_23/job-11194840-23-sub-112249/ds/inputs/data/qsiprep/qsiprep/sub-112249/ses-1/dwi/sub-112249_ses-1_acq-multiband_dir-AP_space-ACPC_desc-preproc_dwi.nii.gz	0.0062473969179508	0.90233666	0.1565514	0.93779665	0.90800935	0.9385907	0.13968378	0.9177365	0.9181942343711852	sub-112249	ses-1		dir-AP	acq-multiband	space-ACPC			DSIStudio	autotrackgqi
Association_HippocampusAlveusL	directions	NODDI	/scratch/grmpy/SLURM_11194840_23/job-11194840-23-sub-112249/ds/inputs/data/qsiprep/qsiprep/sub-112249/ses-1/dwi/sub-112249_ses-1_acq-multiband_dir-AP_space-ACPC_desc-preproc_dwi.nii.gz	0.0	-0.1090777	0.5669527	-0.21380837	-0.1090777	-0.21380837	0.5669527	-0.411219		sub-112249	ses-1		dir-AP	acq-multiband	space-ACPC			DSIStudio	autotrackgqi
Association_HippocampusAlveusL	icvf	NODDI	/scratch/grmpy/SLURM_11194840_23/job-11194840-23-sub-112249/ds/inputs/data/qsiprep/qsiprep/sub-112249/ses-1/dwi/sub-112249_ses-1_acq-multiband_dir-AP_space-ACPC_desc-preproc_dwi.nii.gz	0.0175763182238667	0.54682153	0.18876453	0.49800897	0.55660456	0.5014708	0.17556834	0.5726477	0.5776311159133911	sub-112249	ses-1		dir-AP	acq-multiband	space-ACPC			DSIStudio	autotrackgqi
Association_HippocampusAlveusL	isovf	NODDI	/scratch/grmpy/SLURM_11194840_23/job-11194840-23-sub-112249/ds/inputs/data/qsiprep/qsiprep/sub-112249/ses-1/dwi/sub-112249_ses-1_acq-multiband_dir-AP_space-ACPC_desc-preproc_dwi.nii.gz	0.3095898859081097	0.20360991	0.26933423	0.093905084	0.29491153	0.17929769	0.27954143	0.24684137	0.3097814321517944	sub-112249	ses-1		dir-AP	acq-multiband	space-ACPC			DSIStudio	autotrackgqi
Association_HippocampusAlveusL	modulated_icvf	NODDI	/scratch/grmpy/SLURM_11194840_23/job-11194840-23-sub-112249/ds/inputs/data/qsiprep/qsiprep/sub-112249/ses-1/dwi/sub-112249_ses-1_acq-multiband_dir-AP_space-ACPC_desc-preproc_dwi.nii.gz	0.0175763182238667	0.40660205	0.11957928	0.42292294	0.41387647	0.42363638	0.107444465	0.39539838	0.3988392651081085	sub-112249	ses-1		dir-AP	acq-multiband	space-ACPC			DSIStudio	autotrackgqi
Association_HippocampusAlveusL	modulated_od	NODDI	/scratch/grmpy/SLURM_11194840_23/job-11194840-23-sub-112249/ds/inputs/data/qsiprep/qsiprep/sub-112249/ses-1/dwi/sub-112249_ses-1_acq-multiband_dir-AP_space-ACPC_desc-preproc_dwi.nii.gz	0.0024668516805427	0.28105906	0.19547567	0.26461774	0.2817541	0.26545283	0.19521628	0.2113647	0.2114092856645584	sub-112249	ses-1		dir-AP	acq-multiband	space-ACPC			DSIStudio	autotrackgqi
Association_HippocampusAlveusL	nrmse	NODDI	/scratch/grmpy/SLURM_11194840_23/job-11194840-23-sub-112249/ds/inputs/data/qsiprep/qsiprep/sub-112249/ses-1/dwi/sub-112249_ses-1_acq-multiband_dir-AP_space-ACPC_desc-preproc_dwi.nii.gz	0.0	0.104375765	0.027345723	0.10019538	0.104375765	0.10019538	0.027345723	0.108002156	0.1080021560192108	sub-112249	ses-1		dir-AP	acq-multiband	space-ACPC			DSIStudio	autotrackgqi
Association_HippocampusAlveusL	od	NODDI	/scratch/grmpy/SLURM_11194840_23/job-11194840-23-sub-112249/ds/inputs/data/qsiprep/qsiprep/sub-112249/ses-1/dwi/sub-112249_ses-1_acq-multiband_dir-AP_space-ACPC_desc-preproc_dwi.nii.gz	0.0	0.35206404	0.20391332	0.3359486	0.35206404	0.3359486	0.20391332	0.2813533	0.2813532948493957	sub-112249	ses-1		dir-AP	acq-multiband	space-ACPC			DSIStudio	autotrackgqi
Association_HippocampusAlveusL	rmse	NODDI	/scratch/grmpy/SLURM_11194840_23/job-11194840-23-sub-112249/ds/inputs/data/qsiprep/qsiprep/sub-112249/ses-1/dwi/sub-112249_ses-1_acq-multiband_dir-AP_space-ACPC_desc-preproc_dwi.nii.gz	0.0	0.049669612	0.014910922	0.047746796	0.049669612	0.047746796	0.014910922	0.05071838	0.0507183782756328	sub-112249	ses-1		dir-AP	acq-multiband	space-ACPC			DSIStudio	autotrackgqi
Association_HippocampusAlveusL	tf	NODDI	/scratch/grmpy/SLURM_11194840_23/job-11194840-23-sub-112249/ds/inputs/data/qsiprep/qsiprep/sub-112249/ses-1/dwi/sub-112249_ses-1_acq-multiband_dir-AP_space-ACPC_desc-preproc_dwi.nii.gz	0.0175763182238667	0.7963901	0.26933423	0.9060949	0.8106381	0.91069496	0.24957712	0.7531586	0.7597129344940186	sub-112249	ses-1		dir-AP	acq-multiband	space-ACPC			DSIStudio	autotrackgqi
Association_InferiorLongitudinalFasciculusR	directions	NODDI	/scratch/grmpy/SLURM_11194840_23/job-11194840-23-sub-112249/ds/inputs/data/qsiprep/qsiprep/sub-112249/ses-1/dwi/sub-112249_ses-1_acq-multiband_dir-AP_space-ACPC_desc-preproc_dwi.nii.gz	31.0	-0.002316955	0.5766765	-0.02108933	-0.0023223348	-0.023292651	0.5773456	0.16029416		sub-112249	ses-1		dir-AP	acq-multiband	space-ACPC			DSIStudio	autotrackgqi
Association_InferiorLongitudinalFasciculusR	icvf	NODDI	/scratch/grmpy/SLURM_11194840_23/job-11194840-23-sub-112249/ds/inputs/data/qsiprep/qsiprep/sub-112249/ses-1/dwi/sub-112249_ses-1_acq-multiband_dir-AP_space-ACPC_desc-preproc_dwi.nii.gz	0.0032132715588103	0.5315978	0.1168463	0.52507776	0.5333115	0.5257546	0.1130626	0.57942903	0.5796107649803162	sub-112249	ses-1		dir-AP	acq-multiband	space-ACPC			DSIStudio	autotrackgqi
Association_InferiorLongitudinalFasciculusR	isovf	NODDI	/scratch/grmpy/SLURM_11194840_23/job-11194840-23-sub-112249/ds/inputs/data/qsiprep/qsiprep/sub-112249/ses-1/dwi/sub-112249_ses-1_acq-multiband_dir-AP_space-ACPC_desc-preproc_dwi.nii.gz	0.2980869825138245	0.09408022	0.11824611	0.076053485	0.13403401	0.114580736	0.12068505	0.11926968	0.1322488933801651	sub-112249	ses-1		dir-AP	acq-multiband	space-ACPC			DSIStudio	autotrackgqi
Association_InferiorLongitudinalFasciculusR	modulated_icvf	NODDI	/scratch/grmpy/SLURM_11194840_23/job-11194840-23-sub-112249/ds/inputs/data/qsiprep/qsiprep/sub-112249/ses-1/dwi/sub-112249_ses-1_acq-multiband_dir-AP_space-ACPC_desc-preproc_dwi.nii.gz	0.0032132715588103	0.47546458	0.09371952	0.48130357	0.4769973	0.48162842	0.089891925	0.50685513	0.5070140957832336	sub-112249	ses-1		dir-AP	acq-multiband	space-ACPC			DSIStudio	autotrackgqi
Association_InferiorLongitudinalFasciculusR	modulated_od	NODDI	/scratch/grmpy/SLURM_11194840_23/job-11194840-23-sub-112249/ds/inputs/data/qsiprep/qsiprep/sub-112249/ses-1/dwi/sub-112249_ses-1_acq-multiband_dir-AP_space-ACPC_desc-preproc_dwi.nii.gz	0.0026901808399342	0.29219767	0.1866496	0.26151204	0.29298586	0.26208133	0.18628238	0.1626985	0.1627475768327713	sub-112249	ses-1		dir-AP	acq-multiband	space-ACPC			DSIStudio	autotrackgqi
Association_InferiorLongitudinalFasciculusR	nrmse	NODDI	/scratch/grmpy/SLURM_11194840_23/job-11194840-23-sub-112249/ds/inputs/data/qsiprep/qsiprep/sub-112249/ses-1/dwi/sub-112249_ses-1_acq-multiband_dir-AP_space-ACPC_desc-preproc_dwi.nii.gz	0.0023165446121655	0.088626586	0.030568335	0.08375817	0.08883237	0.08383783	0.030303668	0.09001517	0.0900414884090423	sub-112249	ses-1		dir-AP	acq-multiband	space-ACPC			DSIStudio	autotrackgqi
Association_InferiorLongitudinalFasciculusR	od	NODDI	/scratch/grmpy/SLURM_11194840_23/job-11194840-23-sub-112249/ds/inputs/data/qsiprep/qsiprep/sub-112249/ses-1/dwi/sub-112249_ses-1_acq-multiband_dir-AP_space-ACPC_desc-preproc_dwi.nii.gz	0.0023165446121655	0.31966949	0.19304702	0.29451674	0.3204117	0.29489258	0.19265477	0.18091014	0.1809630244970321	sub-112249	ses-1		dir-AP	acq-multiband	space-ACPC			DSIStudio	autotrackgqi
Association_InferiorLongitudinalFasciculusR	rmse	NODDI	/scratch/grmpy/SLURM_11194840_23/job-11194840-23-sub-112249/ds/inputs/data/qsiprep/qsiprep/sub-112249/ses-1/dwi/sub-112249_ses-1_acq-multiband_dir-AP_space-ACPC_desc-preproc_dwi.nii.gz	0.0023165446121655	0.04549546	0.017081205	0.042852506	0.045601096	0.042888865	0.016959595	0.046895523	0.0469092316925525	sub-112249	ses-1		dir-AP	acq-multiband	space-ACPC			DSIStudio	autotrackgqi
Association_InferiorLongitudinalFasciculusR	tf	NODDI	/scratch/grmpy/SLURM_11194840_23/job-11194840-23-sub-112249/ds/inputs/data/qsiprep/qsiprep/sub-112249/ses-1/dwi/sub-112249_ses-1_acq-multiband_dir-AP_space-ACPC_desc-preproc_dwi.nii.gz	0.0032132715588103	0.90360326	0.12592632	0.92336416	0.90651613	0.92385626	0.11518672	0.8804382	0.8807142972946167	sub-112249	ses-1		dir-AP	acq-multiband	space-ACPC			DSIStudio	autotrackgqi
Association_UncinateFasciculusR	directions	NODDI	/scratch/grmpy/SLURM_11194840_23/job-11194840-23-sub-112249/ds/inputs/data/qsiprep/qsiprep/sub-112249/ses-1/dwi/sub-112249_ses-1_acq-multiband_dir-AP_space-ACPC_desc-preproc_dwi.nii.gz	8.0	-0.04319051	0.57534826	-0.09345221	-0.043247897	-0.09432477	0.57572824	-0.18567255		sub-112249	ses-1		dir-AP	acq-multiband	space-ACPC			DSIStudio	autotrackgqi
Association_UncinateFasciculusR	icvf	NODDI	/scratch/grmpy/SLURM_11194840_23/job-11194840-23-sub-112249/ds/inputs/data/qsiprep/qsiprep/sub-112249/ses-1/dwi/sub-112249_ses-1_acq-multiband_dir-AP_space-ACPC_desc-preproc_dwi.nii.gz	0.0102836291258915	0.4940465	0.13782972	0.46967646	0.4991799	0.4708143	0.12896487	0.509858	0.5104808807373047	sub-112249	ses-1		dir-AP	acq-multiband	space-ACPC			DSIStudio	autotrackgqi
Association_UncinateFasciculusR	isovf	NODDI	/scratch/grmpy/SLURM_11194840_23/job-11194840-23-sub-112249/ds/inputs/data/qsiprep/qsiprep/sub-112249/ses-1/dwi/sub-112249_ses-1_acq-multiband_dir-AP_space-ACPC_desc-preproc_dwi.nii.gz	0.4003980759661635	0.11151865	0.18852493	0.038439993	0.18598782	0.11683713	0.21313155	0.078320205	0.1109691709280014	sub-112249	ses-1		dir-AP	acq-multiband	space-ACPC			DSIStudio	autotrackgqi
Association_UncinateFasciculusR	modulated_icvf	NODDI	/scratch/grmpy/SLURM_11194840_23/job-11194840-23-sub-112249/ds/inputs/data/qsiprep/qsiprep/sub-112249/ses-1/dwi/sub-112249_ses-1_acq-multiband_dir-AP_space-ACPC_desc-preproc_dwi.nii.gz	0.0102836291258915	0.4264095	0.09551155	0.4316008	0.43084013	0.43262073	0.08548897	0.46518078	0.4657490849494934	sub-112249	ses-1		dir-AP	acq-multiband	space-ACPC			DSIStudio	autotrackgqi
Association_UncinateFasciculusR	modulated_od	NODDI	/scratch/grmpy/SLURM_11194840_23/job-11194840-23-sub-112249/ds/inputs/data/qsiprep/qsiprep/sub-112249/ses-1/dwi/sub-112249_ses-1_acq-multiband_dir-AP_space-ACPC_desc-preproc_dwi.nii.gz	0.0014927848731132	0.31064612	0.17677917	0.29408187	0.31111056	0.29427725	0.17650242	0.21508121	0.2150979787111282	sub-112249	ses-1		dir-AP	acq-multiband	space-ACPC			DSIStudio	autotrackgqi
Association_UncinateFasciculusR	nrmse	NODDI	/scratch/grmpy/SLURM_11194840_23/job-11194840-23-sub-112249/ds/inputs/data/qsiprep/qsiprep/sub-112249/ses-1/dwi/sub-112249_ses-1_acq-multiband_dir-AP_space-ACPC_desc-preproc_dwi.nii.gz	0.0013269198872118	0.10658917	0.048274543	0.09492329	0.10673079	0.09493709	0.048149895	0.09541329	0.0954202637076377	sub-112249	ses-1		dir-AP	acq-multiband	space-ACPC			DSIStudio	autotrackgqi
Association_UncinateFasciculusR	od	NODDI	/scratch/grmpy/SLURM_11194840_23/job-11194840-23-sub-112249/ds/inputs/data/qsiprep/qsiprep/sub-112249/ses-1/dwi/sub-112249_ses-1_acq-multiband_dir-AP_space-ACPC_desc-preproc_dwi.nii.gz	0.0013269198872118	0.36012414	0.1927649	0.34147128	0.36060265	0.34191903	0.19244513	0.2359434	0.2359606623649597	sub-112249	ses-1		dir-AP	acq-multiband	space-ACPC			DSIStudio	autotrackgqi
Association_UncinateFasciculusR	rmse	NODDI	/scratch/grmpy/SLURM_11194840_23/job-11194840-23-sub-112249/ds/inputs/data/qsiprep/qsiprep/sub-112249/ses-1/dwi/sub-112249_ses-1_acq-multiband_dir-AP_space-ACPC_desc-preproc_dwi.nii.gz	0.0013269198872118	0.05248416	0.0261638	0.047659107	0.052553896	0.047676172	0.026111092	0.048761606	0.0487651713192462	sub-112249	ses-1		dir-AP	acq-multiband	space-ACPC			DSIStudio	autotrackgqi
Association_UncinateFasciculusR	tf	NODDI	/scratch/grmpy/SLURM_11194840_23/job-11194840-23-sub-112249/ds/inputs/data/qsiprep/qsiprep/sub-112249/ses-1/dwi/sub-112249_ses-1_acq-multiband_dir-AP_space-ACPC_desc-preproc_dwi.nii.gz	0.0102836291258915	0.8871544	0.1912351	0.96118903	0.8963724	0.96289366	0.16937569	0.92160666	0.922732710838318	sub-112249	ses-1		dir-AP	acq-multiband	space-ACPC			DSIStudio	autotrackgqi
Association_MiddleLongitudinalFasciculusL	directions	NODDI	/scratch/grmpy/SLURM_11194840_23/job-11194840-23-sub-112249/ds/inputs/data/qsiprep/qsiprep/sub-112249/ses-1/dwi/sub-112249_ses-1_acq-multiband_dir-AP_space-ACPC_desc-preproc_dwi.nii.gz	2.0	-0.111844584	0.56624585	-0.20002013	-0.111908294	-0.2003534	0.56640077	-0.35157958		sub-112249	ses-1		dir-AP	acq-multiband	space-ACPC			DSIStudio	autotrackgqi
Association_MiddleLongitudinalFasciculusL	icvf	NODDI	/scratch/grmpy/SLURM_11194840_23/job-11194840-23-sub-112249/ds/inputs/data/qsiprep/qsiprep/sub-112249/ses-1/dwi/sub-112249_ses-1_acq-multiband_dir-AP_space-ACPC_desc-preproc_dwi.nii.gz	0.0017079419299743	0.5268329	0.110810116	0.52138746	0.5277342	0.52172756	0.108739235	0.5742299	0.574252724647522	sub-112249	ses-1		dir-AP	acq-multiband	space-ACPC			DSIStudio	autotrackgqi
Association_MiddleLongitudinalFasciculusL	isovf	NODDI	/scratch/grmpy/SLURM_11194840_23/job-11194840-23-sub-112249/ds/inputs/data/qsiprep/qsiprep/sub-112249/ses-1/dwi/sub-112249_ses-1_acq-multiband_dir-AP_space-ACPC_desc-preproc_dwi.nii.gz	0.4022203245089667	0.07227077	0.11282152	0.03812422	0.12089869	0.09914309	0.12415408	0.09157519	0.112309493124485	sub-112249	ses-1		dir-AP	acq-multiband	space-ACPC			DSIStudio	autotrackgqi
Association_MiddleLongitudinalFasciculusL	modulated_icvf	NODDI	/scratch/grmpy/SLURM_11194840_23/job-11194840-23-sub-112249/ds/inputs/data/qsiprep/qsiprep/sub-112249/ses-1/dwi/sub-112249_ses-1_acq-multiband_dir-AP_space-ACPC_desc-preproc_dwi.nii.gz	0.0017079419299743	0.48366314	0.0933229	0.48713917	0.48449063	0.48736897	0.09123134	0.51850224	0.5185228586196899	sub-112249	ses-1		dir-AP	acq-multiband	space-ACPC			DSIStudio	autotrackgqi
Association_MiddleLongitudinalFasciculusL	modulated_od	NODDI	/scratch/grmpy/SLURM_11194840_23/job-11194840-23-sub-112249/ds/inputs/data/qsiprep/qsiprep/sub-112249/ses-1/dwi/sub-112249_ses-1_acq-multiband_dir-AP_space-ACPC_desc-preproc_dwi.nii.gz	0.0005693139766581	0.29559037	0.18940228	0.25764918	0.29575875	0.2576659	0.18932475	0.2245077	0.2245135456323623	sub-112249	ses-1		dir-AP	acq-multiband	space-ACPC			DSIStudio	autotrackgqi
Association_MiddleLongitudinalFasciculusL	nrmse	NODDI	/scratch/grmpy/SLURM_11194840_23/job-11194840-23-sub-112249/ds/inputs/data/qsiprep/qsiprep/sub-112249/ses-1/dwi/sub-112249_ses-1_acq-multiband_dir-AP_space-ACPC_desc-preproc_dwi.nii.gz	0.0005693139766581	0.0887426	0.029843822	0.084167354	0.08879315	0.084172405	0.029777046	0.08853015	0.0885324478149414	sub-112249	ses-1		dir-AP	acq-multiband	space-ACPC			DSIStudio	autotrackgqi
Association_MiddleLongitudinalFasciculusL	od	NODDI	/scratch/grmpy/SLURM_11194840_23/job-11194840-23-sub-112249/ds/inputs/data/qsiprep/qsiprep/sub-112249/ses-1/dwi/sub-112249_ses-1_acq-multiband_dir-AP_space-ACPC_desc-preproc_dwi.nii.gz	0.0005693139766581	0.31730953	0.1954852	0.28079262	0.31749028	0.2810542	0.19539407	0.24431236	0.2443187087774276	sub-112249	ses-1		dir-AP	acq-multiband	space-ACPC			DSIStudio	autotrackgqi
Association_MiddleLongitudinalFasciculusL	rmse	NODDI	/scratch/grmpy/SLURM_11194840_23/job-11194840-23-sub-112249/ds/inputs/data/qsiprep/qsiprep/sub-112249/ses-1/dwi/sub-112249_ses-1_acq-multiband_dir-AP_space-ACPC_desc-preproc_dwi.nii.gz	0.0005693139766581	0.046130292	0.015178449	0.043572906	0.046156567	0.04359076	0.015142777	0.04674861	0.046749822795391	sub-112249	ses-1		dir-AP	acq-multiband	space-ACPC			DSIStudio	autotrackgqi
Association_MiddleLongitudinalFasciculusL	tf	NODDI	/scratch/grmpy/SLURM_11194840_23/job-11194840-23-sub-112249/ds/inputs/data/qsiprep/qsiprep/sub-112249/ses-1/dwi/sub-112249_ses-1_acq-multiband_dir-AP_space-ACPC_desc-preproc_dwi.nii.gz	0.0017079419299743	0.9271599	0.11495823	0.9614922	0.92874616	0.9619589	0.1084656	0.90839887	0.9084349870681764	sub-112249	ses-1		dir-AP	acq-multiband	space-ACPC			DSIStudio	autotrackgqi
Association_VerticalOccipitalFasciculusR	directions	NODDI	/scratch/grmpy/SLURM_11194840_23/job-11194840-23-sub-112249/ds/inputs/data/qsiprep/qsiprep/sub-112249/ses-1/dwi/sub-112249_ses-1_acq-multiband_dir-AP_space-ACPC_desc-preproc_dwi.nii.gz	7.0	-0.028917858	0.57606393	-0.048277237	-0.028974134	-0.050728317	0.5766228	0.053912133		sub-112249	ses-1		dir-AP	acq-multiband	space-ACPC			DSIStudio	autotrackgqi
Association_VerticalOccipitalFasciculusR	icvf	NODDI	/scratch/grmpy/SLURM_11194840_23/job-11194840-23-sub-112249/ds/inputs/data/qsiprep/qsiprep/sub-112249/ses-1/dwi/sub-112249_ses-1_acq-multiband_dir-AP_space-ACPC_desc-preproc_dwi.nii.gz	0.0024972253052164	0.54760015	0.106543586	0.5468347	0.54897106	0.54725003	0.10308912	0.60810226	0.6082136631011963	sub-112249	ses-1		dir-AP	acq-multiband	space-ACPC			DSIStudio	autotrackgqi
Association_VerticalOccipitalFasciculusR	isovf	NODDI	/scratch/grmpy/SLURM_11194840_23/job-11194840-23-sub-112249/ds/inputs/data/qsiprep/qsiprep/sub-112249/ses-1/dwi/sub-112249_ses-1_acq-multiband_dir-AP_space-ACPC_desc-preproc_dwi.nii.gz	0.2857935627081021	0.0708033	0.07802075	0.06453067	0.099135615	0.093209974	0.07559322	0.09393555	0.1069722026586532	sub-112249	ses-1		dir-AP	acq-multiband	space-ACPC			DSIStudio	autotrackgqi
Association_VerticalOccipitalFasciculusR	modulated_icvf	NODDI	/scratch/grmpy/SLURM_11194840_23/job-11194840-23-sub-112249/ds/inputs/data/qsiprep/qsiprep/sub-112249/ses-1/dwi/sub-112249_ses-1_acq-multiband_dir-AP_space-ACPC_desc-preproc_dwi.nii.gz	0.0024972253052164	0.5051254	0.08555776	0.51240844	0.50639	0.512542	0.08184186	0.54765093	0.5477511882781982	sub-112249	ses-1		dir-AP	acq-multiband	space-ACPC			DSIStudio	autotrackgqi
Association_VerticalOccipitalFasciculusR	modulated_od	NODDI	/scratch/grmpy/SLURM_11194840_23/job-11194840-23-sub-112249/ds/inputs/data/qsiprep/qsiprep/sub-112249/ses-1/dwi/sub-112249_ses-1_acq-multiband_dir-AP_space-ACPC_desc-preproc_dwi.nii.gz	0.0024972253052164	0.33931208	0.17940032	0.31126857	0.34016153	0.3116931	0.17881861	0.25323707	0.2532834410667419	sub-112249	ses-1		dir-AP	acq-multiband	space-ACPC			DSIStudio	autotrackgqi
Association_VerticalOccipitalFasciculusR	nrmse	NODDI	/scratch/grmpy/SLURM_11194840_23/job-11194840-23-sub-112249/ds/inputs/data/qsiprep/qsiprep/sub-112249/ses-1/dwi/sub-112249_ses-1_acq-multiband_dir-AP_space-ACPC_desc-preproc_dwi.nii.gz	0.0019422863485016	0.07692648	0.029517049	0.071317814	0.077076174	0.07134638	0.029349841	0.0780974	0.0781076624989509	sub-112249	ses-1		dir-AP	acq-multiband	space-ACPC			DSIStudio	autotrackgqi
Association_VerticalOccipitalFasciculusR	od	NODDI	/scratch/grmpy/SLURM_11194840_23/job-11194840-23-sub-112249/ds/inputs/data/qsiprep/qsiprep/sub-112249/ses-1/dwi/sub-112249_ses-1_acq-multiband_dir-AP_space-ACPC_desc-preproc_dwi.nii.gz	0.0019422863485016	0.3606242	0.18053868	0.33778596	0.36132598	0.33810207	0.18001132	0.27596253	0.2759987711906433	sub-112249	ses-1		dir-AP	acq-multiband	space-ACPC			DSIStudio	autotrackgqi
Association_VerticalOccipitalFasciculusR	rmse	NODDI	/scratch/grmpy/SLURM_11194840_23/job-11194840-23-sub-112249/ds/inputs/data/qsiprep/qsiprep/sub-112249/ses-1/dwi/sub-112249_ses-1_acq-multiband_dir-AP_space-ACPC_desc-preproc_dwi.nii.gz	0.0019422863485016	0.040328763	0.016928433	0.03707765	0.040407248	0.03712457	0.01685106	0.041597337	0.0416027978062629	sub-112249	ses-1		dir-AP	acq-multiband	space-ACPC			DSIStudio	autotrackgqi
Association_VerticalOccipitalFasciculusR	tf	NODDI	/scratch/grmpy/SLURM_11194840_23/job-11194840-23-sub-112249/ds/inputs/data/qsiprep/qsiprep/sub-112249/ses-1/dwi/sub-112249_ses-1_acq-multiband_dir-AP_space-ACPC_desc-preproc_dwi.nii.gz	0.0024972253052164	0.92725444	0.08803812	0.9352897	0.9295758	0.9353696	0.07491484	0.90593314	0.9060990810394288	sub-112249	ses-1		dir-AP	acq-multiband	space-ACPC			DSIStudio	autotrackgqi
Association_ParietalAslantTractL	directions	NODDI	/scratch/grmpy/SLURM_11194840_23/job-11194840-23-sub-112249/ds/inputs/data/qsiprep/qsiprep/sub-112249/ses-1/dwi/sub-112249_ses-1_acq-multiband_dir-AP_space-ACPC_desc-preproc_dwi.nii.gz	77.0	-0.0859445	0.56765616	-0.099971026	-0.086912714	-0.110392734	0.570771	-0.29530185		sub-112249	ses-1		dir-AP	acq-multiband	space-ACPC			DSIStudio	autotrackgqi
Association_ParietalAslantTractL	icvf	NODDI	/scratch/grmpy/SLURM_11194840_23/job-11194840-23-sub-112249/ds/inputs/data/qsiprep/qsiprep/sub-112249/ses-1/dwi/sub-112249_ses-1_acq-multiband_dir-AP_space-ACPC_desc-preproc_dwi.nii.gz	0.0134548611111111	0.50766766	0.13235337	0.48507142	0.51459146	0.4872984	0.11913613	0.5823619	0.5829769372940063	sub-112249	ses-1		dir-AP	acq-multiband	space-ACPC			DSIStudio	autotrackgqi
Association_ParietalAslantTractL	isovf	NODDI	/scratch/grmpy/SLURM_11194840_23/job-11194840-23-sub-112249/ds/inputs/data/qsiprep/qsiprep/sub-112249/ses-1/dwi/sub-112249_ses-1_acq-multiband_dir-AP_space-ACPC_desc-preproc_dwi.nii.gz	0.4794560185185185	0.06900936	0.13110809	0.008311182	0.13257164	0.0917783	0.15682893	0.07040082	0.0943592861294746	sub-112249	ses-1		dir-AP	acq-multiband	space-ACPC			DSIStudio	autotrackgqi
Association_ParietalAslantTractL	modulated_icvf	NODDI	/scratch/grmpy/SLURM_11194840_23/job-11194840-23-sub-112249/ds/inputs/data/qsiprep/qsiprep/sub-112249/ses-1/dwi/sub-112249_ses-1_acq-multiband_dir-AP_space-ACPC_desc-preproc_dwi.nii.gz	0.0134548611111111	0.46585497	0.11031577	0.46788985	0.47220847	0.46949556	0.096619695	0.53730696	0.5378744602203369	sub-112249	ses-1		dir-AP	acq-multiband	space-ACPC			DSIStudio	autotrackgqi
Association_ParietalAslantTractL	modulated_od	NODDI	/scratch/grmpy/SLURM_11194840_23/job-11194840-23-sub-112249/ds/inputs/data/qsiprep/qsiprep/sub-112249/ses-1/dwi/sub-112249_ses-1_acq-multiband_dir-AP_space-ACPC_desc-preproc_dwi.nii.gz	0.0112847222222222	0.3433237	0.18777049	0.32661784	0.34724224	0.32948586	0.18520121	0.23762529	0.2378413677215576	sub-112249	ses-1		dir-AP	acq-multiband	space-ACPC			DSIStudio	autotrackgqi
Association_ParietalAslantTractL	nrmse	NODDI	/scratch/grmpy/SLURM_11194840_23/job-11194840-23-sub-112249/ds/inputs/data/qsiprep/qsiprep/sub-112249/ses-1/dwi/sub-112249_ses-1_acq-multiband_dir-AP_space-ACPC_desc-preproc_dwi.nii.gz	0.0111400462962962	0.07816439	0.031333357	0.071337074	0.07904495	0.0715397	0.030384788	0.081324786	0.0813983902335167	sub-112249	ses-1		dir-AP	acq-multiband	space-ACPC			DSIStudio	autotrackgqi
Association_ParietalAslantTractL	od	NODDI	/scratch/grmpy/SLURM_11194840_23/job-11194840-23-sub-112249/ds/inputs/data/qsiprep/qsiprep/sub-112249/ses-1/dwi/sub-112249_ses-1_acq-multiband_dir-AP_space-ACPC_desc-preproc_dwi.nii.gz	0.0111400462962962	0.37109104	0.19492674	0.3617212	0.37527156	0.36607254	0.19197825	0.25300157	0.2532305717468261	sub-112249	ses-1		dir-AP	acq-multiband	space-ACPC			DSIStudio	autotrackgqi
Association_ParietalAslantTractL	rmse	NODDI	/scratch/grmpy/SLURM_11194840_23/job-11194840-23-sub-112249/ds/inputs/data/qsiprep/qsiprep/sub-112249/ses-1/dwi/sub-112249_ses-1_acq-multiband_dir-AP_space-ACPC_desc-preproc_dwi.nii.gz	0.0111400462962962	0.039950576	0.014785145	0.03698144	0.04040064	0.037158746	0.014243605	0.043493345	0.0435327067971229	sub-112249	ses-1		dir-AP	acq-multiband	space-ACPC			DSIStudio	autotrackgqi
Association_ParietalAslantTractL	tf	NODDI	/scratch/grmpy/SLURM_11194840_23/job-11194840-23-sub-112249/ds/inputs/data/qsiprep/qsiprep/sub-112249/ses-1/dwi/sub-112249_ses-1_acq-multiband_dir-AP_space-ACPC_desc-preproc_dwi.nii.gz	0.0134548611111111	0.9198506	0.16330262	0.986621	0.9323959	0.98995185	0.12383175	0.92869496	0.9296756982803344	sub-112249	ses-1		dir-AP	acq-multiband	space-ACPC			DSIStudio	autotrackgqi
Association_CingulumL	directions	NODDI	/scratch/grmpy/SLURM_11194840_23/job-11194840-23-sub-112249/ds/inputs/data/qsiprep/qsiprep/sub-112249/ses-1/dwi/sub-112249_ses-1_acq-multiband_dir-AP_space-ACPC_desc-preproc_dwi.nii.gz	0.0	-0.08817163	0.57057786	-0.15322256	-0.08817163	-0.15322256	0.57057786	-0.27608496		sub-112249	ses-1		dir-AP	acq-multiband	space-ACPC			DSIStudio	autotrackgqi
Association_CingulumL	icvf	NODDI	/scratch/grmpy/SLURM_11194840_23/job-11194840-23-sub-112249/ds/inputs/data/qsiprep/qsiprep/sub-112249/ses-1/dwi/sub-112249_ses-1_acq-multiband_dir-AP_space-ACPC_desc-preproc_dwi.nii.gz	0.0028985507246376	0.54997134	0.1416083	0.526618	0.5515701	0.52736723	0.13867003	0.6594138	0.6596317291259766	sub-112249	ses-1		dir-AP	acq-multiband	space-ACPC			DSIStudio	autotrackgqi
Association_CingulumL	isovf	NODDI	/scratch/grmpy/SLURM_11194840_23/job-11194840-23-sub-112249/ds/inputs/data/qsiprep/qsiprep/sub-112249/ses-1/dwi/sub-112249_ses-1_acq-multiband_dir-AP_space-ACPC_desc-preproc_dwi.nii.gz	0.3275362318840579	0.110482	0.15494508	0.07438262	0.16429435	0.12269762	0.16389157	0.13274351	0.1494977474212646	sub-112249	ses-1		dir-AP	acq-multiband	space-ACPC			DSIStudio	autotrackgqi
Association_CingulumL	modulated_icvf	NODDI	/scratch/grmpy/SLURM_11194840_23/job-11194840-23-sub-112249/ds/inputs/data/qsiprep/qsiprep/sub-112249/ses-1/dwi/sub-112249_ses-1_acq-multiband_dir-AP_space-ACPC_desc-preproc_dwi.nii.gz	0.0028985507246376	0.47801396	0.10448378	0.47989923	0.47940353	0.48026684	0.10140231	0.5634235	0.5636097192764282	sub-112249	ses-1		dir-AP	acq-multiband	space-ACPC			DSIStudio	autotrackgqi
Association_CingulumL	modulated_od	NODDI	/scratch/grmpy/SLURM_11194840_23/job-11194840-23-sub-112249/ds/inputs/data/qsiprep/qsiprep/sub-112249/ses-1/dwi/sub-112249_ses-1_acq-multiband_dir-AP_space-ACPC_desc-preproc_dwi.nii.gz	0.0003105590062111	0.29354092	0.1860687	0.27115697	0.2936321	0.27119055	0.18602563	0.16669068	0.1666918694972992	sub-112249	ses-1		dir-AP	acq-multiband	space-ACPC			DSIStudio	autotrackgqi
Association_CingulumL	nrmse	NODDI	/scratch/grmpy/SLURM_11194840_23/job-11194840-23-sub-112249/ds/inputs/data/qsiprep/qsiprep/sub-112249/ses-1/dwi/sub-112249_ses-1_acq-multiband_dir-AP_space-ACPC_desc-preproc_dwi.nii.gz	0.0	0.09417137	0.030945338	0.0892256	0.09417137	0.0892256	0.030945338	0.1022786	0.1022786125540733	sub-112249	ses-1		dir-AP	acq-multiband	space-ACPC			DSIStudio	autotrackgqi
Association_CingulumL	od	NODDI	/scratch/grmpy/SLURM_11194840_23/job-11194840-23-sub-112249/ds/inputs/data/qsiprep/qsiprep/sub-112249/ses-1/dwi/sub-112249_ses-1_acq-multiband_dir-AP_space-ACPC_desc-preproc_dwi.nii.gz	0.0	0.33105138	0.19794805	0.3106696	0.33105138	0.3106696	0.19794805	0.18863328	0.1886332929134369	sub-112249	ses-1		dir-AP	acq-multiband	space-ACPC			DSIStudio	autotrackgqi
Association_CingulumL	rmse	NODDI	/scratch/grmpy/SLURM_11194840_23/job-11194840-23-sub-112249/ds/inputs/data/qsiprep/qsiprep/sub-112249/ses-1/dwi/sub-112249_ses-1_acq-multiband_dir-AP_space-ACPC_desc-preproc_dwi.nii.gz	0.0	0.047965147	0.01856967	0.045937587	0.047965147	0.045937587	0.01856967	0.054596804	0.0545968115329742	sub-112249	ses-1		dir-AP	acq-multiband	space-ACPC			DSIStudio	autotrackgqi
Association_CingulumL	tf	NODDI	/scratch/grmpy/SLURM_11194840_23/job-11194840-23-sub-112249/ds/inputs/data/qsiprep/qsiprep/sub-112249/ses-1/dwi/sub-112249_ses-1_acq-multiband_dir-AP_space-ACPC_desc-preproc_dwi.nii.gz	0.0028985507246376	0.889518	0.15494506	0.92561734	0.89210385	0.9259391	0.14754984	0.86725646	0.8675430417060852	sub-112249	ses-1		dir-AP	acq-multiband	space-ACPC			DSIStudio	autotrackgqi
Association_UncinateFasciculusL	directions	NODDI	/scratch/grmpy/SLURM_11194840_23/job-11194840-23-sub-112249/ds/inputs/data/qsiprep/qsiprep/sub-112249/ses-1/dwi/sub-112249_ses-1_acq-multiband_dir-AP_space-ACPC_desc-preproc_dwi.nii.gz	11.0	-0.07157008	0.5722364	-0.12797943	-0.07173288	-0.12993832	0.5728767	-0.21508588		sub-112249	ses-1		dir-AP	acq-multiband	space-ACPC			DSIStudio	autotrackgqi
Association_UncinateFasciculusL	icvf	NODDI	/scratch/grmpy/SLURM_11194840_23/job-11194840-23-sub-112249/ds/inputs/data/qsiprep/qsiprep/sub-112249/ses-1/dwi/sub-112249_ses-1_acq-multiband_dir-AP_space-ACPC_desc-preproc_dwi.nii.gz	0.019187126057355	0.521481	0.15898167	0.5002422	0.53168243	0.5036402	0.14263827	0.52939606	0.5305664539337158	sub-112249	ses-1		dir-AP	acq-multiband	space-ACPC			DSIStudio	autotrackgqi
Association_UncinateFasciculusL	isovf	NODDI	/scratch/grmpy/SLURM_11194840_23/job-11194840-23-sub-112249/ds/inputs/data/qsiprep/qsiprep/sub-112249/ses-1/dwi/sub-112249_ses-1_acq-multiband_dir-AP_space-ACPC_desc-preproc_dwi.nii.gz	0.2917268413451619	0.14863868	0.21520157	0.0832712	0.20986067	0.13513374	0.22921324	0.10911523	0.1328885555267334	sub-112249	ses-1		dir-AP	acq-multiband	space-ACPC			DSIStudio	autotrackgqi
Association_UncinateFasciculusL	modulated_icvf	NODDI	/scratch/grmpy/SLURM_11194840_23/job-11194840-23-sub-112249/ds/inputs/data/qsiprep/qsiprep/sub-112249/ses-1/dwi/sub-112249_ses-1_acq-multiband_dir-AP_space-ACPC_desc-preproc_dwi.nii.gz	0.019187126057355	0.43069518	0.10844374	0.44234574	0.43912065	0.4440871	0.09105112	0.46395513	0.4649809002876282	sub-112249	ses-1		dir-AP	acq-multiband	space-ACPC			DSIStudio	autotrackgqi
Association_UncinateFasciculusL	modulated_od	NODDI	/scratch/grmpy/SLURM_11194840_23/job-11194840-23-sub-112249/ds/inputs/data/qsiprep/qsiprep/sub-112249/ses-1/dwi/sub-112249_ses-1_acq-multiband_dir-AP_space-ACPC_desc-preproc_dwi.nii.gz	0.0022694450175366	0.2903726	0.16837943	0.2669341	0.2910331	0.2672391	0.1679997	0.22758707	0.2276192158460617	sub-112249	ses-1		dir-AP	acq-multiband	space-ACPC			DSIStudio	autotrackgqi
Association_UncinateFasciculusL	nrmse	NODDI	/scratch/grmpy/SLURM_11194840_23/job-11194840-23-sub-112249/ds/inputs/data/qsiprep/qsiprep/sub-112249/ses-1/dwi/sub-112249_ses-1_acq-multiband_dir-AP_space-ACPC_desc-preproc_dwi.nii.gz	0.0022694450175366	0.110653505	0.05215625	0.09912173	0.11090519	0.099199206	0.05194755	0.09962487	0.0996389389038086	sub-112249	ses-1		dir-AP	acq-multiband	space-ACPC			DSIStudio	autotrackgqi
Association_UncinateFasciculusL	od	NODDI	/scratch/grmpy/SLURM_11194840_23/job-11194840-23-sub-112249/ds/inputs/data/qsiprep/qsiprep/sub-112249/ses-1/dwi/sub-112249_ses-1_acq-multiband_dir-AP_space-ACPC_desc-preproc_dwi.nii.gz	0.0022694450175366	0.3603635	0.19692238	0.33216026	0.3611832	0.333124	0.19639392	0.2603873	0.2604240775108337	sub-112249	ses-1		dir-AP	acq-multiband	space-ACPC			DSIStudio	autotrackgqi
Association_UncinateFasciculusL	rmse	NODDI	/scratch/grmpy/SLURM_11194840_23/job-11194840-23-sub-112249/ds/inputs/data/qsiprep/qsiprep/sub-112249/ses-1/dwi/sub-112249_ses-1_acq-multiband_dir-AP_space-ACPC_desc-preproc_dwi.nii.gz	0.0022694450175366	0.054028194	0.028003642	0.04928489	0.054151088	0.049324375	0.027916534	0.050531104	0.0505382381379604	sub-112249	ses-1		dir-AP	acq-multiband	space-ACPC			DSIStudio	autotrackgqi
Association_UncinateFasciculusL	tf	NODDI	/scratch/grmpy/SLURM_11194840_23/job-11194840-23-sub-112249/ds/inputs/data/qsiprep/qsiprep/sub-112249/ses-1/dwi/sub-112249_ses-1_acq-multiband_dir-AP_space-ACPC_desc-preproc_dwi.nii.gz	0.019187126057355	0.8490919	0.21886377	0.9159572	0.8657022	0.91893613	0.18563086	0.89074355	0.8927128911018372	sub-112249	ses-1		dir-AP	acq-multiband	space-ACPC			DSIStudio	autotrackgqi
Association_ExtremeCapsuleL	directions	NODDI	/scratch/grmpy/SLURM_11194840_23/job-11194840-23-sub-112249/ds/inputs/data/qsiprep/qsiprep/sub-112249/ses-1/dwi/sub-112249_ses-1_acq-multiband_dir-AP_space-ACPC_desc-preproc_dwi.nii.gz	0.0	0.00042050699	0.5773501	-0.04317495	0.00042050699	-0.04317495	0.5773501	0.09460696		sub-112249	ses-1		dir-AP	acq-multiband	space-ACPC			DSIStudio	autotrackgqi
Association_ExtremeCapsuleL	icvf	NODDI	/scratch/grmpy/SLURM_11194840_23/job-11194840-23-sub-112249/ds/inputs/data/qsiprep/qsiprep/sub-112249/ses-1/dwi/sub-112249_ses-1_acq-multiband_dir-AP_space-ACPC_desc-preproc_dwi.nii.gz	0.0116975748930099	0.5488027	0.14270084	0.56009346	0.5552983	0.5623369	0.13037458	0.56047916	0.5648065209388733	sub-112249	ses-1		dir-AP	acq-multiband	space-ACPC			DSIStudio	autotrackgqi
Association_ExtremeCapsuleL	isovf	NODDI	/scratch/grmpy/SLURM_11194840_23/job-11194840-23-sub-112249/ds/inputs/data/qsiprep/qsiprep/sub-112249/ses-1/dwi/sub-112249_ses-1_acq-multiband_dir-AP_space-ACPC_desc-preproc_dwi.nii.gz	0.282453637660485	0.113234684	0.1799402	0.07345988	0.15780818	0.10634896	0.19516613	0.096894264	0.1206508800387382	sub-112249	ses-1		dir-AP	acq-multiband	space-ACPC			DSIStudio	autotrackgqi
Association_ExtremeCapsuleL	modulated_icvf	NODDI	/scratch/grmpy/SLURM_11194840_23/job-11194840-23-sub-112249/ds/inputs/data/qsiprep/qsiprep/sub-112249/ses-1/dwi/sub-112249_ses-1_acq-multiband_dir-AP_space-ACPC_desc-preproc_dwi.nii.gz	0.0116975748930099	0.48231998	0.12226824	0.5146619	0.48802873	0.51717234	0.11108749	0.50457746	0.5084731578826904	sub-112249	ses-1		dir-AP	acq-multiband	space-ACPC			DSIStudio	autotrackgqi
Association_ExtremeCapsuleL	modulated_od	NODDI	/scratch/grmpy/SLURM_11194840_23/job-11194840-23-sub-112249/ds/inputs/data/qsiprep/qsiprep/sub-112249/ses-1/dwi/sub-112249_ses-1_acq-multiband_dir-AP_space-ACPC_desc-preproc_dwi.nii.gz	0.0	0.2716522	0.16648911	0.2556494	0.2716522	0.2556494	0.16648911	0.24532548	0.2453254759311676	sub-112249	ses-1		dir-AP	acq-multiband	space-ACPC			DSIStudio	autotrackgqi
Association_ExtremeCapsuleL	nrmse	NODDI	/scratch/grmpy/SLURM_11194840_23/job-11194840-23-sub-112249/ds/inputs/data/qsiprep/qsiprep/sub-112249/ses-1/dwi/sub-112249_ses-1_acq-multiband_dir-AP_space-ACPC_desc-preproc_dwi.nii.gz	0.0	0.090955794	0.032065038	0.08485216	0.090955794	0.08485216	0.032065038	0.09238808	0.0923880785703659	sub-112249	ses-1		dir-AP	acq-multiband	space-ACPC			DSIStudio	autotrackgqi
Association_ExtremeCapsuleL	od	NODDI	/scratch/grmpy/SLURM_11194840_23/job-11194840-23-sub-112249/ds/inputs/data/qsiprep/qsiprep/sub-112249/ses-1/dwi/sub-112249_ses-1_acq-multiband_dir-AP_space-ACPC_desc-preproc_dwi.nii.gz	0.0	0.32230535	0.19796093	0.2940388	0.32230535	0.2940388	0.19796093	0.28000736	0.2800073623657226	sub-112249	ses-1		dir-AP	acq-multiband	space-ACPC			DSIStudio	autotrackgqi
Association_ExtremeCapsuleL	rmse	NODDI	/scratch/grmpy/SLURM_11194840_23/job-11194840-23-sub-112249/ds/inputs/data/qsiprep/qsiprep/sub-112249/ses-1/dwi/sub-112249_ses-1_acq-multiband_dir-AP_space-ACPC_desc-preproc_dwi.nii.gz	0.0	0.045857396	0.011885196	0.043819416	0.045857396	0.043819416	0.011885196	0.047686532	0.0476865321397781	sub-112249	ses-1		dir-AP	acq-multiband	space-ACPC			DSIStudio	autotrackgqi
Association_ExtremeCapsuleL	tf	NODDI	/scratch/grmpy/SLURM_11194840_23/job-11194840-23-sub-112249/ds/inputs/data/qsiprep/qsiprep/sub-112249/ses-1/dwi/sub-112249_ses-1_acq-multiband_dir-AP_space-ACPC_desc-preproc_dwi.nii.gz	0.0116975748930099	0.8867653	0.17994021	0.92654014	0.8972611	0.9284612	0.15278827	0.90310574	0.9100783467292786	sub-112249	ses-1		dir-AP	acq-multiband	space-ACPC			DSIStudio	autotrackgqi
Association_HippocampusAlveusR	directions	NODDI	/scratch/grmpy/SLURM_11194840_23/job-11194840-23-sub-112249/ds/inputs/data/qsiprep/qsiprep/sub-112249/ses-1/dwi/sub-112249_ses-1_acq-multiband_dir-AP_space-ACPC_desc-preproc_dwi.nii.gz	2.0	-0.03398953	0.5761555	-0.051452324	-0.034012273	-0.052444465	0.57634753	0.10155764		sub-112249	ses-1		dir-AP	acq-multiband	space-ACPC			DSIStudio	autotrackgqi
Association_HippocampusAlveusR	icvf	NODDI	/scratch/grmpy/SLURM_11194840_23/job-11194840-23-sub-112249/ds/inputs/data/qsiprep/qsiprep/sub-112249/ses-1/dwi/sub-112249_ses-1_acq-multiband_dir-AP_space-ACPC_desc-preproc_dwi.nii.gz	0.0230692076228686	0.53188986	0.19401023	0.47857082	0.54444987	0.48315415	0.17801824	0.5571362	0.5609350800514221	sub-112249	ses-1		dir-AP	acq-multiband	space-ACPC			DSIStudio	autotrackgqi
Association_HippocampusAlveusR	isovf	NODDI	/scratch/grmpy/SLURM_11194840_23/job-11194840-23-sub-112249/ds/inputs/data/qsiprep/qsiprep/sub-112249/ses-1/dwi/sub-112249_ses-1_acq-multiband_dir-AP_space-ACPC_desc-preproc_dwi.nii.gz	0.3229689067201605	0.20064928	0.2731208	0.08783132	0.2963664	0.17588355	0.28602827	0.22933964	0.2979669570922851	sub-112249	ses-1		dir-AP	acq-multiband	space-ACPC			DSIStudio	autotrackgqi
Association_HippocampusAlveusR	modulated_icvf	NODDI	/scratch/grmpy/SLURM_11194840_23/job-11194840-23-sub-112249/ds/inputs/data/qsiprep/qsiprep/sub-112249/ses-1/dwi/sub-112249_ses-1_acq-multiband_dir-AP_space-ACPC_desc-preproc_dwi.nii.gz	0.0230692076228686	0.39779642	0.11959917	0.41577977	0.40718997	0.4177501	0.104003735	0.39683914	0.3995450139045715	sub-112249	ses-1		dir-AP	acq-multiband	space-ACPC			DSIStudio	autotrackgqi
Association_HippocampusAlveusR	modulated_od	NODDI	/scratch/grmpy/SLURM_11194840_23/job-11194840-23-sub-112249/ds/inputs/data/qsiprep/qsiprep/sub-112249/ses-1/dwi/sub-112249_ses-1_acq-multiband_dir-AP_space-ACPC_desc-preproc_dwi.nii.gz	0.005683717820127	0.29819602	0.19814242	0.28441593	0.29990056	0.28594455	0.19741744	0.24499738	0.2454032301902771	sub-112249	ses-1		dir-AP	acq-multiband	space-ACPC			DSIStudio	autotrackgqi
Association_HippocampusAlveusR	nrmse	NODDI	/scratch/grmpy/SLURM_11194840_23/job-11194840-23-sub-112249/ds/inputs/data/qsiprep/qsiprep/sub-112249/ses-1/dwi/sub-112249_ses-1_acq-multiband_dir-AP_space-ACPC_desc-preproc_dwi.nii.gz	0.0006686726847208	0.09905322	0.031958755	0.09402987	0.0991195	0.09405475	0.031866528	0.0959564	0.0959604755043983	sub-112249	ses-1		dir-AP	acq-multiband	space-ACPC			DSIStudio	autotrackgqi
Association_HippocampusAlveusR	od	NODDI	/scratch/grmpy/SLURM_11194840_23/job-11194840-23-sub-112249/ds/inputs/data/qsiprep/qsiprep/sub-112249/ses-1/dwi/sub-112249_ses-1_acq-multiband_dir-AP_space-ACPC_desc-preproc_dwi.nii.gz	0.0006686726847208	0.3735735	0.20392998	0.35785255	0.3738235	0.35787007	0.20376903	0.31395337	0.313966691493988	sub-112249	ses-1		dir-AP	acq-multiband	space-ACPC			DSIStudio	autotrackgqi
Association_HippocampusAlveusR	rmse	NODDI	/scratch/grmpy/SLURM_11194840_23/job-11194840-23-sub-112249/ds/inputs/data/qsiprep/qsiprep/sub-112249/ses-1/dwi/sub-112249_ses-1_acq-multiband_dir-AP_space-ACPC_desc-preproc_dwi.nii.gz	0.0006686726847208	0.046648633	0.015221361	0.044348005	0.046679847	0.044348586	0.015178532	0.04495251	0.0449544228613376	sub-112249	ses-1		dir-AP	acq-multiband	space-ACPC			DSIStudio	autotrackgqi
Association_HippocampusAlveusR	tf	NODDI	/scratch/grmpy/SLURM_11194840_23/job-11194840-23-sub-112249/ds/inputs/data/qsiprep/qsiprep/sub-112249/ses-1/dwi/sub-112249_ses-1_acq-multiband_dir-AP_space-ACPC_desc-preproc_dwi.nii.gz	0.0230692076228686	0.7986821	0.27385187	0.9120727	0.81754214	0.9179224	0.24768303	0.77061784	0.7758723497390747	sub-112249	ses-1		dir-AP	acq-multiband	space-ACPC			DSIStudio	autotrackgqi
Association_MiddleLongitudinalFasciculusR	directions	NODDI	/scratch/grmpy/SLURM_11194840_23/job-11194840-23-sub-112249/ds/inputs/data/qsiprep/qsiprep/sub-112249/ses-1/dwi/sub-112249_ses-1_acq-multiband_dir-AP_space-ACPC_desc-preproc_dwi.nii.gz	2.0	-0.013309705	0.57705086	-0.014937094	-0.013316436	-0.015394152	0.5771967	0.2586921		sub-112249	ses-1		dir-AP	acq-multiband	space-ACPC			DSIStudio	autotrackgqi
Association_MiddleLongitudinalFasciculusR	icvf	NODDI	/scratch/grmpy/SLURM_11194840_23/job-11194840-23-sub-112249/ds/inputs/data/qsiprep/qsiprep/sub-112249/ses-1/dwi/sub-112249_ses-1_acq-multiband_dir-AP_space-ACPC_desc-preproc_dwi.nii.gz	0.0017690169320192	0.53067446	0.10038635	0.5356016	0.5316149	0.53597116	0.09795575	0.5734399	0.5734706521034241	sub-112249	ses-1		dir-AP	acq-multiband	space-ACPC			DSIStudio	autotrackgqi
Association_MiddleLongitudinalFasciculusR	isovf	NODDI	/scratch/grmpy/SLURM_11194840_23/job-11194840-23-sub-112249/ds/inputs/data/qsiprep/qsiprep/sub-112249/ses-1/dwi/sub-112249_ses-1_acq-multiband_dir-AP_space-ACPC_desc-preproc_dwi.nii.gz	0.3194339145817538	0.07635848	0.10599635	0.05760636	0.11219848	0.09197037	0.111747265	0.09165476	0.1040536761283874	sub-112249	ses-1		dir-AP	acq-multiband	space-ACPC			DSIStudio	autotrackgqi
Association_MiddleLongitudinalFasciculusR	modulated_icvf	NODDI	/scratch/grmpy/SLURM_11194840_23/job-11194840-23-sub-112249/ds/inputs/data/qsiprep/qsiprep/sub-112249/ses-1/dwi/sub-112249_ses-1_acq-multiband_dir-AP_space-ACPC_desc-preproc_dwi.nii.gz	0.0017690169320192	0.488262	0.09081108	0.49889934	0.48912728	0.49910334	0.08853269	0.51901597	0.5190438032150269	sub-112249	ses-1		dir-AP	acq-multiband	space-ACPC			DSIStudio	autotrackgqi
Association_MiddleLongitudinalFasciculusR	modulated_od	NODDI	/scratch/grmpy/SLURM_11194840_23/job-11194840-23-sub-112249/ds/inputs/data/qsiprep/qsiprep/sub-112249/ses-1/dwi/sub-112249_ses-1_acq-multiband_dir-AP_space-ACPC_desc-preproc_dwi.nii.gz	0.0005054334091483	0.27601278	0.1827752	0.24547583	0.27615237	0.24558793	0.18271598	0.18421887	0.1842215955257415	sub-112249	ses-1		dir-AP	acq-multiband	space-ACPC			DSIStudio	autotrackgqi
Association_MiddleLongitudinalFasciculusR	nrmse	NODDI	/scratch/grmpy/SLURM_11194840_23/job-11194840-23-sub-112249/ds/inputs/data/qsiprep/qsiprep/sub-112249/ses-1/dwi/sub-112249_ses-1_acq-multiband_dir-AP_space-ACPC_desc-preproc_dwi.nii.gz	0.0005054334091483	0.08708763	0.026602685	0.0832737	0.087131664	0.083278045	0.02653721	0.093365975	0.0933673530817031	sub-112249	ses-1		dir-AP	acq-multiband	space-ACPC			DSIStudio	autotrackgqi
Association_MiddleLongitudinalFasciculusR	od	NODDI	/scratch/grmpy/SLURM_11194840_23/job-11194840-23-sub-112249/ds/inputs/data/qsiprep/qsiprep/sub-112249/ses-1/dwi/sub-112249_ses-1_acq-multiband_dir-AP_space-ACPC_desc-preproc_dwi.nii.gz	0.0005054334091483	0.29806292	0.19134079	0.2661337	0.29821363	0.26632413	0.19127169	0.20072691	0.2007298767566681	sub-112249	ses-1		dir-AP	acq-multiband	space-ACPC			DSIStudio	autotrackgqi
Association_MiddleLongitudinalFasciculusR	rmse	NODDI	/scratch/grmpy/SLURM_11194840_23/job-11194840-23-sub-112249/ds/inputs/data/qsiprep/qsiprep/sub-112249/ses-1/dwi/sub-112249_ses-1_acq-multiband_dir-AP_space-ACPC_desc-preproc_dwi.nii.gz	0.0005054334091483	0.045278452	0.014410823	0.0432963	0.04530135	0.04330471	0.0143784415	0.04926163	0.0492623597383499	sub-112249	ses-1		dir-AP	acq-multiband	space-ACPC			DSIStudio	autotrackgqi
Association_MiddleLongitudinalFasciculusR	tf	NODDI	/scratch/grmpy/SLURM_11194840_23/job-11194840-23-sub-112249/ds/inputs/data/qsiprep/qsiprep/sub-112249/ses-1/dwi/sub-112249_ses-1_acq-multiband_dir-AP_space-ACPC_desc-preproc_dwi.nii.gz	0.0017690169320192	0.92313606	0.10799637	0.9422333	0.92477196	0.9424721	0.10085145	0.90833056	0.9083792567253112	sub-112249	ses-1		dir-AP	acq-multiband	space-ACPC			DSIStudio	autotrackgqi
Association_SuperiorLongitudinalFasciculusR	directions	NODDI	/scratch/grmpy/SLURM_11194840_23/job-11194840-23-sub-112249/ds/inputs/data/qsiprep/qsiprep/sub-112249/ses-1/dwi/sub-112249_ses-1_acq-multiband_dir-AP_space-ACPC_desc-preproc_dwi.nii.gz	3.0	-0.04887737	0.57520485	-0.08452083	-0.04888965	-0.08483754	0.5752766	-0.14793375		sub-112249	ses-1		dir-AP	acq-multiband	space-ACPC			DSIStudio	autotrackgqi
Association_SuperiorLongitudinalFasciculusR	icvf	NODDI	/scratch/grmpy/SLURM_11194840_23/job-11194840-23-sub-112249/ds/inputs/data/qsiprep/qsiprep/sub-112249/ses-1/dwi/sub-112249_ses-1_acq-multiband_dir-AP_space-ACPC_desc-preproc_dwi.nii.gz	0.0020927507115352	0.55580324	0.1239947	0.5478196	0.5569688	0.5480901	0.12148139	0.6236131	0.6237456202507019	sub-112249	ses-1		dir-AP	acq-multiband	space-ACPC			DSIStudio	autotrackgqi
Association_SuperiorLongitudinalFasciculusR	isovf	NODDI	/scratch/grmpy/SLURM_11194840_23/job-11194840-23-sub-112249/ds/inputs/data/qsiprep/qsiprep/sub-112249/ses-1/dwi/sub-112249_ses-1_acq-multiband_dir-AP_space-ACPC_desc-preproc_dwi.nii.gz	0.3129080863887494	0.09017335	0.1307341	0.06319626	0.13123913	0.09981941	0.13959067	0.09659697	0.1104753315448761	sub-112249	ses-1		dir-AP	acq-multiband	space-ACPC			DSIStudio	autotrackgqi
Association_SuperiorLongitudinalFasciculusR	modulated_icvf	NODDI	/scratch/grmpy/SLURM_11194840_23/job-11194840-23-sub-112249/ds/inputs/data/qsiprep/qsiprep/sub-112249/ses-1/dwi/sub-112249_ses-1_acq-multiband_dir-AP_space-ACPC_desc-preproc_dwi.nii.gz	0.0020927507115352	0.50067824	0.10610873	0.5136427	0.50172824	0.5139121	0.10371048	0.55935127	0.5594701170921326	sub-112249	ses-1		dir-AP	acq-multiband	space-ACPC			DSIStudio	autotrackgqi
Association_SuperiorLongitudinalFasciculusR	modulated_od	NODDI	/scratch/grmpy/SLURM_11194840_23/job-11194840-23-sub-112249/ds/inputs/data/qsiprep/qsiprep/sub-112249/ses-1/dwi/sub-112249_ses-1_acq-multiband_dir-AP_space-ACPC_desc-preproc_dwi.nii.gz	0.000837100284614	0.2830568	0.16924134	0.26143187	0.28329393	0.26162118	0.16911371	0.20169607	0.2017077952623367	sub-112249	ses-1		dir-AP	acq-multiband	space-ACPC			DSIStudio	autotrackgqi
Association_SuperiorLongitudinalFasciculusR	nrmse	NODDI	/scratch/grmpy/SLURM_11194840_23/job-11194840-23-sub-112249/ds/inputs/data/qsiprep/qsiprep/sub-112249/ses-1/dwi/sub-112249_ses-1_acq-multiband_dir-AP_space-ACPC_desc-preproc_dwi.nii.gz	0.0002511300853842	0.08333677	0.023850024	0.079813436	0.08335771	0.07981836	0.023816414	0.09004976	0.0900516360998153	sub-112249	ses-1		dir-AP	acq-multiband	space-ACPC			DSIStudio	autotrackgqi
Association_SuperiorLongitudinalFasciculusR	od	NODDI	/scratch/grmpy/SLURM_11194840_23/job-11194840-23-sub-112249/ds/inputs/data/qsiprep/qsiprep/sub-112249/ses-1/dwi/sub-112249_ses-1_acq-multiband_dir-AP_space-ACPC_desc-preproc_dwi.nii.gz	0.0002511300853842	0.3153461	0.1848598	0.29292852	0.3154253	0.29299578	0.18481544	0.22263378	0.2226384133100509	sub-112249	ses-1		dir-AP	acq-multiband	space-ACPC			DSIStudio	autotrackgqi
Association_SuperiorLongitudinalFasciculusR	rmse	NODDI	/scratch/grmpy/SLURM_11194840_23/job-11194840-23-sub-112249/ds/inputs/data/qsiprep/qsiprep/sub-112249/ses-1/dwi/sub-112249_ses-1_acq-multiband_dir-AP_space-ACPC_desc-preproc_dwi.nii.gz	0.0002511300853842	0.04338362	0.012618514	0.041807868	0.04339452	0.04180947	0.0126013495	0.048407316	0.0484083257615566	sub-112249	ses-1		dir-AP	acq-multiband	space-ACPC			DSIStudio	autotrackgqi
Association_SuperiorLongitudinalFasciculusR	tf	NODDI	/scratch/grmpy/SLURM_11194840_23/job-11194840-23-sub-112249/ds/inputs/data/qsiprep/qsiprep/sub-112249/ses-1/dwi/sub-112249_ses-1_acq-multiband_dir-AP_space-ACPC_desc-preproc_dwi.nii.gz	0.0020927507115352	0.9095755	0.13151875	0.9367527	0.911483	0.9369513	0.12487913	0.9033821	0.9035741090774536	sub-112249	ses-1		dir-AP	acq-multiband	space-ACPC			DSIStudio	autotrackgqi
Association_InferiorLongitudinalFasciculusL	directions	NODDI	/scratch/grmpy/SLURM_11194840_23/job-11194840-23-sub-112249/ds/inputs/data/qsiprep/qsiprep/sub-112249/ses-1/dwi/sub-112249_ses-1_acq-multiband_dir-AP_space-ACPC_desc-preproc_dwi.nii.gz	17.0	-0.08309679	0.57084936	-0.13958256	-0.08323645	-0.14149198	0.5713186	-0.39284918		sub-112249	ses-1		dir-AP	acq-multiband	space-ACPC			DSIStudio	autotrackgqi
Association_InferiorLongitudinalFasciculusL	icvf	NODDI	/scratch/grmpy/SLURM_11194840_23/job-11194840-23-sub-112249/ds/inputs/data/qsiprep/qsiprep/sub-112249/ses-1/dwi/sub-112249_ses-1_acq-multiband_dir-AP_space-ACPC_desc-preproc_dwi.nii.gz	0.0062179234109751	0.5372731	0.12483796	0.53488463	0.5406347	0.5359916	0.117748104	0.58375496	0.5840088129043579	sub-112249	ses-1		dir-AP	acq-multiband	space-ACPC			DSIStudio	autotrackgqi
Association_InferiorLongitudinalFasciculusL	isovf	NODDI	/scratch/grmpy/SLURM_11194840_23/job-11194840-23-sub-112249/ds/inputs/data/qsiprep/qsiprep/sub-112249/ses-1/dwi/sub-112249_ses-1_acq-multiband_dir-AP_space-ACPC_desc-preproc_dwi.nii.gz	0.3242202921437031	0.09464725	0.13790956	0.068682164	0.14005637	0.1092459	0.14759411	0.09499003	0.1128752529621124	sub-112249	ses-1		dir-AP	acq-multiband	space-ACPC			DSIStudio	autotrackgqi
Association_InferiorLongitudinalFasciculusL	modulated_icvf	NODDI	/scratch/grmpy/SLURM_11194840_23/job-11194840-23-sub-112249/ds/inputs/data/qsiprep/qsiprep/sub-112249/ses-1/dwi/sub-112249_ses-1_acq-multiband_dir-AP_space-ACPC_desc-preproc_dwi.nii.gz	0.0062179234109751	0.48109153	0.10215869	0.49217844	0.48410165	0.49272278	0.09510256	0.5252958	0.5255243182182312	sub-112249	ses-1		dir-AP	acq-multiband	space-ACPC			DSIStudio	autotrackgqi
Association_InferiorLongitudinalFasciculusL	modulated_od	NODDI	/scratch/grmpy/SLURM_11194840_23/job-11194840-23-sub-112249/ds/inputs/data/qsiprep/qsiprep/sub-112249/ses-1/dwi/sub-112249_ses-1_acq-multiband_dir-AP_space-ACPC_desc-preproc_dwi.nii.gz	0.0022700355309909	0.29234532	0.18664367	0.25916052	0.29301047	0.25974932	0.18633364	0.1977556	0.1977908313274383	sub-112249	ses-1		dir-AP	acq-multiband	space-ACPC			DSIStudio	autotrackgqi
Association_InferiorLongitudinalFasciculusL	nrmse	NODDI	/scratch/grmpy/SLURM_11194840_23/job-11194840-23-sub-112249/ds/inputs/data/qsiprep/qsiprep/sub-112249/ses-1/dwi/sub-112249_ses-1_acq-multiband_dir-AP_space-ACPC_desc-preproc_dwi.nii.gz	0.0016778523489932	0.0923031	0.035537023	0.08586909	0.092458226	0.08590717	0.035364658	0.091572195	0.0915851593017578	sub-112249	ses-1		dir-AP	acq-multiband	space-ACPC			DSIStudio	autotrackgqi
Association_InferiorLongitudinalFasciculusL	od	NODDI	/scratch/grmpy/SLURM_11194840_23/job-11194840-23-sub-112249/ds/inputs/data/qsiprep/qsiprep/sub-112249/ses-1/dwi/sub-112249_ses-1_acq-multiband_dir-AP_space-ACPC_desc-preproc_dwi.nii.gz	0.0016778523489932	0.32620138	0.20033054	0.29446983	0.3267496	0.29485828	0.20005159	0.2175733	0.2176041156053543	sub-112249	ses-1		dir-AP	acq-multiband	space-ACPC			DSIStudio	autotrackgqi
Association_InferiorLongitudinalFasciculusL	rmse	NODDI	/scratch/grmpy/SLURM_11194840_23/job-11194840-23-sub-112249/ds/inputs/data/qsiprep/qsiprep/sub-112249/ses-1/dwi/sub-112249_ses-1_acq-multiband_dir-AP_space-ACPC_desc-preproc_dwi.nii.gz	0.0016778523489932	0.047554214	0.020015689	0.04429102	0.047634136	0.044307318	0.019937253	0.048629295	0.048636183142662	sub-112249	ses-1		dir-AP	acq-multiband	space-ACPC			DSIStudio	autotrackgqi
Association_InferiorLongitudinalFasciculusL	tf	NODDI	/scratch/grmpy/SLURM_11194840_23/job-11194840-23-sub-112249/ds/inputs/data/qsiprep/qsiprep/sub-112249/ses-1/dwi/sub-112249_ses-1_acq-multiband_dir-AP_space-ACPC_desc-preproc_dwi.nii.gz	0.0062179234109751	0.9036749	0.1427462	0.93085146	0.90932906	0.93195856	0.123945534	0.9048683	0.9052619338035583	sub-112249	ses-1		dir-AP	acq-multiband	space-ACPC			DSIStudio	autotrackgqi
Association_FrontalAslantTractL	directions	NODDI	/scratch/grmpy/SLURM_11194840_23/job-11194840-23-sub-112249/ds/inputs/data/qsiprep/qsiprep/sub-112249/ses-1/dwi/sub-112249_ses-1_acq-multiband_dir-AP_space-ACPC_desc-preproc_dwi.nii.gz	0.0	-0.11807176	0.5651481	-0.20198213	-0.11807176	-0.20198213	0.5651481	-0.5864043		sub-112249	ses-1		dir-AP	acq-multiband	space-ACPC			DSIStudio	autotrackgqi
Association_FrontalAslantTractL	icvf	NODDI	/scratch/grmpy/SLURM_11194840_23/job-11194840-23-sub-112249/ds/inputs/data/qsiprep/qsiprep/sub-112249/ses-1/dwi/sub-112249_ses-1_acq-multiband_dir-AP_space-ACPC_desc-preproc_dwi.nii.gz	0.0097294415567106	0.5685025	0.14241618	0.58259994	0.57408804	0.5854545	0.13143456	0.6308027	0.6315305233001709	sub-112249	ses-1		dir-AP	acq-multiband	space-ACPC			DSIStudio	autotrackgqi
Association_FrontalAslantTractL	isovf	NODDI	/scratch/grmpy/SLURM_11194840_23/job-11194840-23-sub-112249/ds/inputs/data/qsiprep/qsiprep/sub-112249/ses-1/dwi/sub-112249_ses-1_acq-multiband_dir-AP_space-ACPC_desc-preproc_dwi.nii.gz	0.2740237238437958	0.12677468	0.17792685	0.09091266	0.17462648	0.12844239	0.18775317	0.11575884	0.1371721625328064	sub-112249	ses-1		dir-AP	acq-multiband	space-ACPC			DSIStudio	autotrackgqi
Association_FrontalAslantTractL	modulated_icvf	NODDI	/scratch/grmpy/SLURM_11194840_23/job-11194840-23-sub-112249/ds/inputs/data/qsiprep/qsiprep/sub-112249/ses-1/dwi/sub-112249_ses-1_acq-multiband_dir-AP_space-ACPC_desc-preproc_dwi.nii.gz	0.0097294415567106	0.49597383	0.13052563	0.52516246	0.50084674	0.52610236	0.12150607	0.55329186	0.5539301633834839	sub-112249	ses-1		dir-AP	acq-multiband	space-ACPC			DSIStudio	autotrackgqi
Association_FrontalAslantTractL	modulated_od	NODDI	/scratch/grmpy/SLURM_11194840_23/job-11194840-23-sub-112249/ds/inputs/data/qsiprep/qsiprep/sub-112249/ses-1/dwi/sub-112249_ses-1_acq-multiband_dir-AP_space-ACPC_desc-preproc_dwi.nii.gz	0.0055977608956417	0.26662022	0.16564187	0.23784718	0.2681211	0.2386951	0.16489169	0.2028904	0.2030412554740905	sub-112249	ses-1		dir-AP	acq-multiband	space-ACPC			DSIStudio	autotrackgqi
Association_FrontalAslantTractL	nrmse	NODDI	/scratch/grmpy/SLURM_11194840_23/job-11194840-23-sub-112249/ds/inputs/data/qsiprep/qsiprep/sub-112249/ses-1/dwi/sub-112249_ses-1_acq-multiband_dir-AP_space-ACPC_desc-preproc_dwi.nii.gz	0.0	0.0870338	0.023156472	0.08417442	0.0870338	0.08417442	0.023156472	0.09170059	0.0917005911469459	sub-112249	ses-1		dir-AP	acq-multiband	space-ACPC			DSIStudio	autotrackgqi
Association_FrontalAslantTractL	od	NODDI	/scratch/grmpy/SLURM_11194840_23/job-11194840-23-sub-112249/ds/inputs/data/qsiprep/qsiprep/sub-112249/ses-1/dwi/sub-112249_ses-1_acq-multiband_dir-AP_space-ACPC_desc-preproc_dwi.nii.gz	0.0	0.31897315	0.19624749	0.28293377	0.31897315	0.28293377	0.19624749	0.22909561	0.2290956079959869	sub-112249	ses-1		dir-AP	acq-multiband	space-ACPC			DSIStudio	autotrackgqi
Association_FrontalAslantTractL	rmse	NODDI	/scratch/grmpy/SLURM_11194840_23/job-11194840-23-sub-112249/ds/inputs/data/qsiprep/qsiprep/sub-112249/ses-1/dwi/sub-112249_ses-1_acq-multiband_dir-AP_space-ACPC_desc-preproc_dwi.nii.gz	0.0	0.045077078	0.01312358	0.044070743	0.045077078	0.044070743	0.01312358	0.048999872	0.0489998720586299	sub-112249	ses-1		dir-AP	acq-multiband	space-ACPC			DSIStudio	autotrackgqi
Association_FrontalAslantTractL	tf	NODDI	/scratch/grmpy/SLURM_11194840_23/job-11194840-23-sub-112249/ds/inputs/data/qsiprep/qsiprep/sub-112249/ses-1/dwi/sub-112249_ses-1_acq-multiband_dir-AP_space-ACPC_desc-preproc_dwi.nii.gz	0.0097294415567106	0.87322533	0.17792685	0.90908736	0.88180476	0.91018575	0.1562165	0.8842411	0.8852614164352417	sub-112249	ses-1		dir-AP	acq-multiband	space-ACPC			DSIStudio	autotrackgqi
Association_InferiorFrontoOccipitalFasciculusR	directions	NODDI	/scratch/grmpy/SLURM_11194840_23/job-11194840-23-sub-112249/ds/inputs/data/qsiprep/qsiprep/sub-112249/ses-1/dwi/sub-112249_ses-1_acq-multiband_dir-AP_space-ACPC_desc-preproc_dwi.nii.gz	62.0	-0.039731447	0.5740981	-0.074817955	-0.03999132	-0.08133627	0.57596356	-0.08957961		sub-112249	ses-1		dir-AP	acq-multiband	space-ACPC			DSIStudio	autotrackgqi
Association_InferiorFrontoOccipitalFasciculusR	icvf	NODDI	/scratch/grmpy/SLURM_11194840_23/job-11194840-23-sub-112249/ds/inputs/data/qsiprep/qsiprep/sub-112249/ses-1/dwi/sub-112249_ses-1_acq-multiband_dir-AP_space-ACPC_desc-preproc_dwi.nii.gz	0.0096425951158159	0.5438685	0.12649058	0.544648	0.5491639	0.5459338	0.115098335	0.5825485	0.5827493667602539	sub-112249	ses-1		dir-AP	acq-multiband	space-ACPC			DSIStudio	autotrackgqi
Association_InferiorFrontoOccipitalFasciculusR	isovf	NODDI	/scratch/grmpy/SLURM_11194840_23/job-11194840-23-sub-112249/ds/inputs/data/qsiprep/qsiprep/sub-112249/ses-1/dwi/sub-112249_ses-1_acq-multiband_dir-AP_space-ACPC_desc-preproc_dwi.nii.gz	0.2746043391678021	0.10670937	0.14304891	0.08150189	0.14710505	0.114282146	0.14922135	0.11394828	0.1314210891723632	sub-112249	ses-1		dir-AP	acq-multiband	space-ACPC			DSIStudio	autotrackgqi
Association_InferiorFrontoOccipitalFasciculusR	modulated_icvf	NODDI	/scratch/grmpy/SLURM_11194840_23/job-11194840-23-sub-112249/ds/inputs/data/qsiprep/qsiprep/sub-112249/ses-1/dwi/sub-112249_ses-1_acq-multiband_dir-AP_space-ACPC_desc-preproc_dwi.nii.gz	0.0096425951158159	0.47802478	0.10244776	0.49541903	0.48267907	0.49622205	0.091384955	0.5122541	0.5124307870864868	sub-112249	ses-1		dir-AP	acq-multiband	space-ACPC			DSIStudio	autotrackgqi
Association_InferiorFrontoOccipitalFasciculusR	modulated_od	NODDI	/scratch/grmpy/SLURM_11194840_23/job-11194840-23-sub-112249/ds/inputs/data/qsiprep/qsiprep/sub-112249/ses-1/dwi/sub-112249_ses-1_acq-multiband_dir-AP_space-ACPC_desc-preproc_dwi.nii.gz	0.0074415679698144	0.2621589	0.18340869	0.23085935	0.2641244	0.23245886	0.18267956	0.14494292	0.1449842453002929	sub-112249	ses-1		dir-AP	acq-multiband	space-ACPC			DSIStudio	autotrackgqi
Association_InferiorFrontoOccipitalFasciculusR	nrmse	NODDI	/scratch/grmpy/SLURM_11194840_23/job-11194840-23-sub-112249/ds/inputs/data/qsiprep/qsiprep/sub-112249/ses-1/dwi/sub-112249_ses-1_acq-multiband_dir-AP_space-ACPC_desc-preproc_dwi.nii.gz	0.0064982706215281	0.092908554	0.03803084	0.08680699	0.093516245	0.086989634	0.037402887	0.09097777	0.091000035405159	sub-112249	ses-1		dir-AP	acq-multiband	space-ACPC			DSIStudio	autotrackgqi
Association_InferiorFrontoOccipitalFasciculusR	od	NODDI	/scratch/grmpy/SLURM_11194840_23/job-11194840-23-sub-112249/ds/inputs/data/qsiprep/qsiprep/sub-112249/ses-1/dwi/sub-112249_ses-1_acq-multiband_dir-AP_space-ACPC_desc-preproc_dwi.nii.gz	0.0064982706215281	0.29604328	0.19876179	0.26506752	0.29797962	0.26666105	0.19795872	0.16074498	0.1607842892408371	sub-112249	ses-1		dir-AP	acq-multiband	space-ACPC			DSIStudio	autotrackgqi
Association_InferiorFrontoOccipitalFasciculusR	rmse	NODDI	/scratch/grmpy/SLURM_11194840_23/job-11194840-23-sub-112249/ds/inputs/data/qsiprep/qsiprep/sub-112249/ses-1/dwi/sub-112249_ses-1_acq-multiband_dir-AP_space-ACPC_desc-preproc_dwi.nii.gz	0.0064982706215281	0.047628444	0.02128295	0.044647977	0.04793997	0.044739578	0.020999812	0.047621883	0.0476335287094116	sub-112249	ses-1		dir-AP	acq-multiband	space-ACPC			DSIStudio	autotrackgqi
Association_InferiorFrontoOccipitalFasciculusR	tf	NODDI	/scratch/grmpy/SLURM_11194840_23/job-11194840-23-sub-112249/ds/inputs/data/qsiprep/qsiprep/sub-112249/ses-1/dwi/sub-112249_ses-1_acq-multiband_dir-AP_space-ACPC_desc-preproc_dwi.nii.gz	0.0096425951158159	0.88679236	0.15978792	0.9170632	0.8954266	0.9182205	0.13434823	0.88580716	0.8861125707626343	sub-112249	ses-1		dir-AP	acq-multiband	space-ACPC			DSIStudio	autotrackgqi
ProjectionBasalGanglia_FasciculusLenticularisL	directions	NODDI	/scratch/grmpy/SLURM_11194840_23/job-11194840-23-sub-112249/ds/inputs/data/qsiprep/qsiprep/sub-112249/ses-1/dwi/sub-112249_ses-1_acq-multiband_dir-AP_space-ACPC_desc-preproc_dwi.nii.gz	0.0	0.059064254	0.57432115	0.08978795	0.059064254	0.08978795	0.57432115	0.480528		sub-112249	ses-1		dir-AP	acq-multiband	space-ACPC			DSIStudio	autotrackgqi
ProjectionBasalGanglia_FasciculusLenticularisL	icvf	NODDI	/scratch/grmpy/SLURM_11194840_23/job-11194840-23-sub-112249/ds/inputs/data/qsiprep/qsiprep/sub-112249/ses-1/dwi/sub-112249_ses-1_acq-multiband_dir-AP_space-ACPC_desc-preproc_dwi.nii.gz	0.002053388090349	0.5581729	0.1349867	0.5336961	0.5593214	0.5338669	0.13272724	0.554378	0.5545011758804321	sub-112249	ses-1		dir-AP	acq-multiband	space-ACPC			DSIStudio	autotrackgqi
ProjectionBasalGanglia_FasciculusLenticularisL	isovf	NODDI	/scratch/grmpy/SLURM_11194840_23/job-11194840-23-sub-112249/ds/inputs/data/qsiprep/qsiprep/sub-112249/ses-1/dwi/sub-112249_ses-1_acq-multiband_dir-AP_space-ACPC_desc-preproc_dwi.nii.gz	0.2340862422997946	0.14600033	0.19057064	0.09437776	0.1906224	0.13076541	0.19725826	0.13419831	0.1704834699630737	sub-112249	ses-1		dir-AP	acq-multiband	space-ACPC			DSIStudio	autotrackgqi
ProjectionBasalGanglia_FasciculusLenticularisL	modulated_icvf	NODDI	/scratch/grmpy/SLURM_11194840_23/job-11194840-23-sub-112249/ds/inputs/data/qsiprep/qsiprep/sub-112249/ses-1/dwi/sub-112249_ses-1_acq-multiband_dir-AP_space-ACPC_desc-preproc_dwi.nii.gz	0.002053388090349	0.4599433	0.101460665	0.47691253	0.4608897	0.47705284	0.099394515	0.4670442	0.4671480059623718	sub-112249	ses-1		dir-AP	acq-multiband	space-ACPC			DSIStudio	autotrackgqi
ProjectionBasalGanglia_FasciculusLenticularisL	modulated_od	NODDI	/scratch/grmpy/SLURM_11194840_23/job-11194840-23-sub-112249/ds/inputs/data/qsiprep/qsiprep/sub-112249/ses-1/dwi/sub-112249_ses-1_acq-multiband_dir-AP_space-ACPC_desc-preproc_dwi.nii.gz	0.0	0.27267632	0.14830518	0.26009926	0.27267632	0.26009926	0.14830518	0.25275487	0.2527548670768738	sub-112249	ses-1		dir-AP	acq-multiband	space-ACPC			DSIStudio	autotrackgqi
ProjectionBasalGanglia_FasciculusLenticularisL	nrmse	NODDI	/scratch/grmpy/SLURM_11194840_23/job-11194840-23-sub-112249/ds/inputs/data/qsiprep/qsiprep/sub-112249/ses-1/dwi/sub-112249_ses-1_acq-multiband_dir-AP_space-ACPC_desc-preproc_dwi.nii.gz	0.0	0.101077035	0.024661558	0.099265724	0.101077035	0.099265724	0.024661558	0.10134168	0.1013416796922683	sub-112249	ses-1		dir-AP	acq-multiband	space-ACPC			DSIStudio	autotrackgqi
ProjectionBasalGanglia_FasciculusLenticularisL	od	NODDI	/scratch/grmpy/SLURM_11194840_23/job-11194840-23-sub-112249/ds/inputs/data/qsiprep/qsiprep/sub-112249/ses-1/dwi/sub-112249_ses-1_acq-multiband_dir-AP_space-ACPC_desc-preproc_dwi.nii.gz	0.0	0.31241497	0.14413388	0.2921133	0.31241497	0.2921133	0.14413388	0.28660998	0.2866100072860718	sub-112249	ses-1		dir-AP	acq-multiband	space-ACPC			DSIStudio	autotrackgqi
ProjectionBasalGanglia_FasciculusLenticularisL	rmse	NODDI	/scratch/grmpy/SLURM_11194840_23/job-11194840-23-sub-112249/ds/inputs/data/qsiprep/qsiprep/sub-112249/ses-1/dwi/sub-112249_ses-1_acq-multiband_dir-AP_space-ACPC_desc-preproc_dwi.nii.gz	0.0	0.05006616	0.010495032	0.049790565	0.05006616	0.049790565	0.010495032	0.050966233	0.0509662330150604	sub-112249	ses-1		dir-AP	acq-multiband	space-ACPC			DSIStudio	autotrackgqi
ProjectionBasalGanglia_FasciculusLenticularisL	tf	NODDI	/scratch/grmpy/SLURM_11194840_23/job-11194840-23-sub-112249/ds/inputs/data/qsiprep/qsiprep/sub-112249/ses-1/dwi/sub-112249_ses-1_acq-multiband_dir-AP_space-ACPC_desc-preproc_dwi.nii.gz	0.002053388090349	0.8539997	0.19057064	0.90562224	0.8557568	0.9057665	0.18678373	0.8658017	0.8659940361976624	sub-112249	ses-1		dir-AP	acq-multiband	space-ACPC			DSIStudio	autotrackgqi
ProjectionBrainstem_DentatorubrothalamicTract-rl	directions	NODDI	/scratch/grmpy/SLURM_11194840_23/job-11194840-23-sub-112249/ds/inputs/data/qsiprep/qsiprep/sub-112249/ses-1/dwi/sub-112249_ses-1_acq-multiband_dir-AP_space-ACPC_desc-preproc_dwi.nii.gz	0.0	-0.023927275	0.5768543	-0.082382	-0.023927275	-0.082382	0.5768543	-0.13855119		sub-112249	ses-1		dir-AP	acq-multiband	space-ACPC			DSIStudio	autotrackgqi
ProjectionBrainstem_DentatorubrothalamicTract-rl	icvf	NODDI	/scratch/grmpy/SLURM_11194840_23/job-11194840-23-sub-112249/ds/inputs/data/qsiprep/qsiprep/sub-112249/ses-1/dwi/sub-112249_ses-1_acq-multiband_dir-AP_space-ACPC_desc-preproc_dwi.nii.gz	0.0	0.70283073	0.13895251	0.69529116	0.70283073	0.69529116	0.13895251	0.7401502	0.7401502132415771	sub-112249	ses-1		dir-AP	acq-multiband	space-ACPC			DSIStudio	autotrackgqi
ProjectionBrainstem_DentatorubrothalamicTract-rl	isovf	NODDI	/scratch/grmpy/SLURM_11194840_23/job-11194840-23-sub-112249/ds/inputs/data/qsiprep/qsiprep/sub-112249/ses-1/dwi/sub-112249_ses-1_acq-multiband_dir-AP_space-ACPC_desc-preproc_dwi.nii.gz	0.0745986779981114	0.1630332	0.13166483	0.14764784	0.17617567	0.15458213	0.1281316	0.16519511	0.1750249713659286	sub-112249	ses-1		dir-AP	acq-multiband	space-ACPC			DSIStudio	autotrackgqi
ProjectionBrainstem_DentatorubrothalamicTract-rl	modulated_icvf	NODDI	/scratch/grmpy/SLURM_11194840_23/job-11194840-23-sub-112249/ds/inputs/data/qsiprep/qsiprep/sub-112249/ses-1/dwi/sub-112249_ses-1_acq-multiband_dir-AP_space-ACPC_desc-preproc_dwi.nii.gz	0.0	0.57788664	0.107110016	0.5877858	0.57788664	0.5877858	0.107110016	0.60878724	0.6087872385978699	sub-112249	ses-1		dir-AP	acq-multiband	space-ACPC			DSIStudio	autotrackgqi
ProjectionBrainstem_DentatorubrothalamicTract-rl	modulated_od	NODDI	/scratch/grmpy/SLURM_11194840_23/job-11194840-23-sub-112249/ds/inputs/data/qsiprep/qsiprep/sub-112249/ses-1/dwi/sub-112249_ses-1_acq-multiband_dir-AP_space-ACPC_desc-preproc_dwi.nii.gz	0.0	0.18511769	0.12210183	0.18710318	0.18511769	0.18710318	0.12210183	0.16562337	0.1656233668327331	sub-112249	ses-1		dir-AP	acq-multiband	space-ACPC			DSIStudio	autotrackgqi
ProjectionBrainstem_DentatorubrothalamicTract-rl	nrmse	NODDI	/scratch/grmpy/SLURM_11194840_23/job-11194840-23-sub-112249/ds/inputs/data/qsiprep/qsiprep/sub-112249/ses-1/dwi/sub-112249_ses-1_acq-multiband_dir-AP_space-ACPC_desc-preproc_dwi.nii.gz	0.0	0.10232599	0.022775719	0.10198019	0.10232599	0.10198019	0.022775719	0.10587731	0.1058773100376129	sub-112249	ses-1		dir-AP	acq-multiband	space-ACPC			DSIStudio	autotrackgqi
ProjectionBrainstem_DentatorubrothalamicTract-rl	od	NODDI	/scratch/grmpy/SLURM_11194840_23/job-11194840-23-sub-112249/ds/inputs/data/qsiprep/qsiprep/sub-112249/ses-1/dwi/sub-112249_ses-1_acq-multiband_dir-AP_space-ACPC_desc-preproc_dwi.nii.gz	0.0	0.2225987	0.14149337	0.22301129	0.2225987	0.22301129	0.14149337	0.20025827	0.200258269906044	sub-112249	ses-1		dir-AP	acq-multiband	space-ACPC			DSIStudio	autotrackgqi
ProjectionBrainstem_DentatorubrothalamicTract-rl	rmse	NODDI	/scratch/grmpy/SLURM_11194840_23/job-11194840-23-sub-112249/ds/inputs/data/qsiprep/qsiprep/sub-112249/ses-1/dwi/sub-112249_ses-1_acq-multiband_dir-AP_space-ACPC_desc-preproc_dwi.nii.gz	0.0	0.054228257	0.012370504	0.054472424	0.054228257	0.054472424	0.012370504	0.05692573	0.0569257289171218	sub-112249	ses-1		dir-AP	acq-multiband	space-ACPC			DSIStudio	autotrackgqi
ProjectionBrainstem_DentatorubrothalamicTract-rl	tf	NODDI	/scratch/grmpy/SLURM_11194840_23/job-11194840-23-sub-112249/ds/inputs/data/qsiprep/qsiprep/sub-112249/ses-1/dwi/sub-112249_ses-1_acq-multiband_dir-AP_space-ACPC_desc-preproc_dwi.nii.gz	0.0	0.8369668	0.13166483	0.85235214	0.8369668	0.85235214	0.13166483	0.8348049	0.834804892539978	sub-112249	ses-1		dir-AP	acq-multiband	space-ACPC			DSIStudio	autotrackgqi
ProjectionBasalGanglia_OpticRadiationL	directions	NODDI	/scratch/grmpy/SLURM_11194840_23/job-11194840-23-sub-112249/ds/inputs/data/qsiprep/qsiprep/sub-112249/ses-1/dwi/sub-112249_ses-1_acq-multiband_dir-AP_space-ACPC_desc-preproc_dwi.nii.gz	15.0	-0.12927607	0.56122696	-0.1992246	-0.12991731	-0.20298056	0.56254315	-0.5828441		sub-112249	ses-1		dir-AP	acq-multiband	space-ACPC			DSIStudio	autotrackgqi
ProjectionBasalGanglia_OpticRadiationL	icvf	NODDI	/scratch/grmpy/SLURM_11194840_23/job-11194840-23-sub-112249/ds/inputs/data/qsiprep/qsiprep/sub-112249/ses-1/dwi/sub-112249_ses-1_acq-multiband_dir-AP_space-ACPC_desc-preproc_dwi.nii.gz	0.014807502467917	0.5875686	0.13862735	0.5870302	0.5963997	0.58918	0.119329214	0.62066996	0.6227984428405762	sub-112249	ses-1		dir-AP	acq-multiband	space-ACPC			DSIStudio	autotrackgqi
ProjectionBasalGanglia_OpticRadiationL	isovf	NODDI	/scratch/grmpy/SLURM_11194840_23/job-11194840-23-sub-112249/ds/inputs/data/qsiprep/qsiprep/sub-112249/ses-1/dwi/sub-112249_ses-1_acq-multiband_dir-AP_space-ACPC_desc-preproc_dwi.nii.gz	0.1599210266535044	0.13355023	0.16974631	0.10668797	0.15897341	0.12058305	0.17394632	0.13983884	0.1505468487739563	sub-112249	ses-1		dir-AP	acq-multiband	space-ACPC			DSIStudio	autotrackgqi
ProjectionBasalGanglia_OpticRadiationL	modulated_icvf	NODDI	/scratch/grmpy/SLURM_11194840_23/job-11194840-23-sub-112249/ds/inputs/data/qsiprep/qsiprep/sub-112249/ses-1/dwi/sub-112249_ses-1_acq-multiband_dir-AP_space-ACPC_desc-preproc_dwi.nii.gz	0.014807502467917	0.5013933	0.10901833	0.5175711	0.50892925	0.5185422	0.09071027	0.52749765	0.5293065309524536	sub-112249	ses-1		dir-AP	acq-multiband	space-ACPC			DSIStudio	autotrackgqi
ProjectionBasalGanglia_OpticRadiationL	modulated_od	NODDI	/scratch/grmpy/SLURM_11194840_23/job-11194840-23-sub-112249/ds/inputs/data/qsiprep/qsiprep/sub-112249/ses-1/dwi/sub-112249_ses-1_acq-multiband_dir-AP_space-ACPC_desc-preproc_dwi.nii.gz	0.0049358341559723	0.23012395	0.17940983	0.19948788	0.23126544	0.20063105	0.17911886	0.15071858	0.1507371068000793	sub-112249	ses-1		dir-AP	acq-multiband	space-ACPC			DSIStudio	autotrackgqi
ProjectionBasalGanglia_OpticRadiationL	nrmse	NODDI	/scratch/grmpy/SLURM_11194840_23/job-11194840-23-sub-112249/ds/inputs/data/qsiprep/qsiprep/sub-112249/ses-1/dwi/sub-112249_ses-1_acq-multiband_dir-AP_space-ACPC_desc-preproc_dwi.nii.gz	0.0049358341559723	0.09538127	0.04238499	0.08842034	0.095854394	0.08857098	0.041952923	0.097726695	0.0977386981248855	sub-112249	ses-1		dir-AP	acq-multiband	space-ACPC			DSIStudio	autotrackgqi
ProjectionBasalGanglia_OpticRadiationL	od	NODDI	/scratch/grmpy/SLURM_11194840_23/job-11194840-23-sub-112249/ds/inputs/data/qsiprep/qsiprep/sub-112249/ses-1/dwi/sub-112249_ses-1_acq-multiband_dir-AP_space-ACPC_desc-preproc_dwi.nii.gz	0.0049358341559723	0.27320752	0.20300965	0.24627234	0.27456272	0.24681693	0.20259629	0.18014325	0.1801653802394867	sub-112249	ses-1		dir-AP	acq-multiband	space-ACPC			DSIStudio	autotrackgqi
ProjectionBasalGanglia_OpticRadiationL	rmse	NODDI	/scratch/grmpy/SLURM_11194840_23/job-11194840-23-sub-112249/ds/inputs/data/qsiprep/qsiprep/sub-112249/ses-1/dwi/sub-112249_ses-1_acq-multiband_dir-AP_space-ACPC_desc-preproc_dwi.nii.gz	0.0049358341559723	0.048185334	0.017896924	0.04613823	0.04842435	0.046194687	0.017615749	0.05066808	0.050674308091402	sub-112249	ses-1		dir-AP	acq-multiband	space-ACPC			DSIStudio	autotrackgqi
ProjectionBasalGanglia_OpticRadiationL	tf	NODDI	/scratch/grmpy/SLURM_11194840_23/job-11194840-23-sub-112249/ds/inputs/data/qsiprep/qsiprep/sub-112249/ses-1/dwi/sub-112249_ses-1_acq-multiband_dir-AP_space-ACPC_desc-preproc_dwi.nii.gz	0.014807502467917	0.86151403	0.18001923	0.8917385	0.8744626	0.8936243	0.14687043	0.8600383	0.8629875779151917	sub-112249	ses-1		dir-AP	acq-multiband	space-ACPC			DSIStudio	autotrackgqi
ProjectionBasalGanglia_ThalamicRadiationL	directions	NODDI	/scratch/grmpy/SLURM_11194840_23/job-11194840-23-sub-112249/ds/inputs/data/qsiprep/qsiprep/sub-112249/ses-1/dwi/sub-112249_ses-1_acq-multiband_dir-AP_space-ACPC_desc-preproc_dwi.nii.gz	6.0	-0.059755553	0.57407385	-0.11442632	-0.059791762	-0.11508037	0.57424587	-0.11728311		sub-112249	ses-1		dir-AP	acq-multiband	space-ACPC			DSIStudio	autotrackgqi
ProjectionBasalGanglia_ThalamicRadiationL	icvf	NODDI	/scratch/grmpy/SLURM_11194840_23/job-11194840-23-sub-112249/ds/inputs/data/qsiprep/qsiprep/sub-112249/ses-1/dwi/sub-112249_ses-1_acq-multiband_dir-AP_space-ACPC_desc-preproc_dwi.nii.gz	0.003532855556677	0.5782571	0.12433422	0.58410716	0.58030725	0.5847709	0.1196833	0.61084783	0.6112038493156433	sub-112249	ses-1		dir-AP	acq-multiband	space-ACPC			DSIStudio	autotrackgqi
ProjectionBasalGanglia_ThalamicRadiationL	isovf	NODDI	/scratch/grmpy/SLURM_11194840_23/job-11194840-23-sub-112249/ds/inputs/data/qsiprep/qsiprep/sub-112249/ses-1/dwi/sub-112249_ses-1_acq-multiband_dir-AP_space-ACPC_desc-preproc_dwi.nii.gz	0.2272130816594327	0.10737116	0.1301362	0.09119341	0.13894019	0.11564414	0.1323954	0.10759245	0.1238094866275787	sub-112249	ses-1		dir-AP	acq-multiband	space-ACPC			DSIStudio	autotrackgqi
ProjectionBasalGanglia_ThalamicRadiationL	modulated_icvf	NODDI	/scratch/grmpy/SLURM_11194840_23/job-11194840-23-sub-112249/ds/inputs/data/qsiprep/qsiprep/sub-112249/ses-1/dwi/sub-112249_ses-1_acq-multiband_dir-AP_space-ACPC_desc-preproc_dwi.nii.gz	0.003532855556677	0.511244	0.10224499	0.5260687	0.5130566	0.52638686	0.09778118	0.54014826	0.5404630303382874	sub-112249	ses-1		dir-AP	acq-multiband	space-ACPC			DSIStudio	autotrackgqi
ProjectionBasalGanglia_ThalamicRadiationL	modulated_od	NODDI	/scratch/grmpy/SLURM_11194840_23/job-11194840-23-sub-112249/ds/inputs/data/qsiprep/qsiprep/sub-112249/ses-1/dwi/sub-112249_ses-1_acq-multiband_dir-AP_space-ACPC_desc-preproc_dwi.nii.gz	0.0008075098415261	0.24791853	0.15712206	0.22695623	0.24811889	0.22709191	0.15702733	0.20197502	0.2019823789596557	sub-112249	ses-1		dir-AP	acq-multiband	space-ACPC			DSIStudio	autotrackgqi
ProjectionBasalGanglia_ThalamicRadiationL	nrmse	NODDI	/scratch/grmpy/SLURM_11194840_23/job-11194840-23-sub-112249/ds/inputs/data/qsiprep/qsiprep/sub-112249/ses-1/dwi/sub-112249_ses-1_acq-multiband_dir-AP_space-ACPC_desc-preproc_dwi.nii.gz	0.0006056323811446	0.09824403	0.037152763	0.0931224	0.098303564	0.093140535	0.037085194	0.09682619	0.0968288704752922	sub-112249	ses-1		dir-AP	acq-multiband	space-ACPC			DSIStudio	autotrackgqi
ProjectionBasalGanglia_ThalamicRadiationL	od	NODDI	/scratch/grmpy/SLURM_11194840_23/job-11194840-23-sub-112249/ds/inputs/data/qsiprep/qsiprep/sub-112249/ses-1/dwi/sub-112249_ses-1_acq-multiband_dir-AP_space-ACPC_desc-preproc_dwi.nii.gz	0.0006056323811446	0.28005755	0.17030616	0.2614085	0.28022724	0.2614253	0.17021811	0.22599784	0.2260040938854217	sub-112249	ses-1		dir-AP	acq-multiband	space-ACPC			DSIStudio	autotrackgqi
ProjectionBasalGanglia_ThalamicRadiationL	rmse	NODDI	/scratch/grmpy/SLURM_11194840_23/job-11194840-23-sub-112249/ds/inputs/data/qsiprep/qsiprep/sub-112249/ses-1/dwi/sub-112249_ses-1_acq-multiband_dir-AP_space-ACPC_desc-preproc_dwi.nii.gz	0.0006056323811446	0.051581275	0.023413563	0.048974667	0.051612534	0.048982985	0.023386192	0.051307045	0.0513084605336189	sub-112249	ses-1		dir-AP	acq-multiband	space-ACPC			DSIStudio	autotrackgqi
ProjectionBasalGanglia_ThalamicRadiationL	tf	NODDI	/scratch/grmpy/SLURM_11194840_23/job-11194840-23-sub-112249/ds/inputs/data/qsiprep/qsiprep/sub-112249/ses-1/dwi/sub-112249_ses-1_acq-multiband_dir-AP_space-ACPC_desc-preproc_dwi.nii.gz	0.003532855556677	0.89202327	0.1319494	0.90873396	0.8951858	0.90900743	0.1210012	0.8923798	0.8928998708724976	sub-112249	ses-1		dir-AP	acq-multiband	space-ACPC			DSIStudio	autotrackgqi
ProjectionBrainstem_DentatorubrothalamicTract-lr	directions	NODDI	/scratch/grmpy/SLURM_11194840_23/job-11194840-23-sub-112249/ds/inputs/data/qsiprep/qsiprep/sub-112249/ses-1/dwi/sub-112249_ses-1_acq-multiband_dir-AP_space-ACPC_desc-preproc_dwi.nii.gz	0.0	-0.04404918	0.57566744	-0.09550585	-0.04404918	-0.09550585	0.57566744	-0.10412042		sub-112249	ses-1		dir-AP	acq-multiband	space-ACPC			DSIStudio	autotrackgqi
ProjectionBrainstem_DentatorubrothalamicTract-lr	icvf	NODDI	/scratch/grmpy/SLURM_11194840_23/job-11194840-23-sub-112249/ds/inputs/data/qsiprep/qsiprep/sub-112249/ses-1/dwi/sub-112249_ses-1_acq-multiband_dir-AP_space-ACPC_desc-preproc_dwi.nii.gz	0.0083892617449664	0.70042974	0.16262878	0.7081068	0.7063555	0.7089366	0.14995383	0.75155216	0.7603847980499268	sub-112249	ses-1		dir-AP	acq-multiband	space-ACPC			DSIStudio	autotrackgqi
ProjectionBrainstem_DentatorubrothalamicTract-lr	isovf	NODDI	/scratch/grmpy/SLURM_11194840_23/job-11194840-23-sub-112249/ds/inputs/data/qsiprep/qsiprep/sub-112249/ses-1/dwi/sub-112249_ses-1_acq-multiband_dir-AP_space-ACPC_desc-preproc_dwi.nii.gz	0.1073825503355704	0.18350181	0.18506382	0.14745672	0.20557722	0.15822563	0.18393084	0.21182624	0.2241559624671936	sub-112249	ses-1		dir-AP	acq-multiband	space-ACPC			DSIStudio	autotrackgqi
ProjectionBrainstem_DentatorubrothalamicTract-lr	modulated_icvf	NODDI	/scratch/grmpy/SLURM_11194840_23/job-11194840-23-sub-112249/ds/inputs/data/qsiprep/qsiprep/sub-112249/ses-1/dwi/sub-112249_ses-1_acq-multiband_dir-AP_space-ACPC_desc-preproc_dwi.nii.gz	0.0083892617449664	0.56281805	0.14028805	0.5899854	0.5675796	0.59089655	0.13093765	0.5836246	0.5904836654663086	sub-112249	ses-1		dir-AP	acq-multiband	space-ACPC			DSIStudio	autotrackgqi
ProjectionBrainstem_DentatorubrothalamicTract-lr	modulated_od	NODDI	/scratch/grmpy/SLURM_11194840_23/job-11194840-23-sub-112249/ds/inputs/data/qsiprep/qsiprep/sub-112249/ses-1/dwi/sub-112249_ses-1_acq-multiband_dir-AP_space-ACPC_desc-preproc_dwi.nii.gz	0.0	0.16968507	0.120004594	0.15656558	0.16968507	0.15656558	0.120004594	0.1613524	0.1613523960113525	sub-112249	ses-1		dir-AP	acq-multiband	space-ACPC			DSIStudio	autotrackgqi
ProjectionBrainstem_DentatorubrothalamicTract-lr	nrmse	NODDI	/scratch/grmpy/SLURM_11194840_23/job-11194840-23-sub-112249/ds/inputs/data/qsiprep/qsiprep/sub-112249/ses-1/dwi/sub-112249_ses-1_acq-multiband_dir-AP_space-ACPC_desc-preproc_dwi.nii.gz	0.0	0.10393002	0.028748881	0.09871783	0.10393002	0.09871783	0.028748881	0.111363545	0.1113635450601577	sub-112249	ses-1		dir-AP	acq-multiband	space-ACPC			DSIStudio	autotrackgqi
ProjectionBrainstem_DentatorubrothalamicTract-lr	od	NODDI	/scratch/grmpy/SLURM_11194840_23/job-11194840-23-sub-112249/ds/inputs/data/qsiprep/qsiprep/sub-112249/ses-1/dwi/sub-112249_ses-1_acq-multiband_dir-AP_space-ACPC_desc-preproc_dwi.nii.gz	0.0	0.2179377	0.15553716	0.21083784	0.2179377	0.21083784	0.15553716	0.21665972	0.2166597247123718	sub-112249	ses-1		dir-AP	acq-multiband	space-ACPC			DSIStudio	autotrackgqi
ProjectionBrainstem_DentatorubrothalamicTract-lr	rmse	NODDI	/scratch/grmpy/SLURM_11194840_23/job-11194840-23-sub-112249/ds/inputs/data/qsiprep/qsiprep/sub-112249/ses-1/dwi/sub-112249_ses-1_acq-multiband_dir-AP_space-ACPC_desc-preproc_dwi.nii.gz	0.0	0.05382152	0.0123977475	0.052984063	0.05382152	0.052984063	0.0123977475	0.057436895	0.0574368946254253	sub-112249	ses-1		dir-AP	acq-multiband	space-ACPC			DSIStudio	autotrackgqi
ProjectionBrainstem_DentatorubrothalamicTract-lr	tf	NODDI	/scratch/grmpy/SLURM_11194840_23/job-11194840-23-sub-112249/ds/inputs/data/qsiprep/qsiprep/sub-112249/ses-1/dwi/sub-112249_ses-1_acq-multiband_dir-AP_space-ACPC_desc-preproc_dwi.nii.gz	0.0083892617449664	0.8164982	0.18506384	0.8525433	0.823406	0.8531975	0.16985428	0.78817374	0.7974368333816528	sub-112249	ses-1		dir-AP	acq-multiband	space-ACPC			DSIStudio	autotrackgqi
ProjectionBasalGanglia_AnsaLenticularisR	directions	NODDI	/scratch/grmpy/SLURM_11194840_23/job-11194840-23-sub-112249/ds/inputs/data/qsiprep/qsiprep/sub-112249/ses-1/dwi/sub-112249_ses-1_acq-multiband_dir-AP_space-ACPC_desc-preproc_dwi.nii.gz	0.0	0.0017768577	0.5773475	-0.022066979	0.0017768577	-0.022066979	0.5773475	0.14091066		sub-112249	ses-1		dir-AP	acq-multiband	space-ACPC			DSIStudio	autotrackgqi
ProjectionBasalGanglia_AnsaLenticularisR	icvf	NODDI	/scratch/grmpy/SLURM_11194840_23/job-11194840-23-sub-112249/ds/inputs/data/qsiprep/qsiprep/sub-112249/ses-1/dwi/sub-112249_ses-1_acq-multiband_dir-AP_space-ACPC_desc-preproc_dwi.nii.gz	0.0453501722158438	0.56971496	0.22870387	0.52299035	0.596779	0.5319698	0.19656797	0.5678837	0.5832846164703369	sub-112249	ses-1		dir-AP	acq-multiband	space-ACPC			DSIStudio	autotrackgqi
ProjectionBasalGanglia_AnsaLenticularisR	isovf	NODDI	/scratch/grmpy/SLURM_11194840_23/job-11194840-23-sub-112249/ds/inputs/data/qsiprep/qsiprep/sub-112249/ses-1/dwi/sub-112249_ses-1_acq-multiband_dir-AP_space-ACPC_desc-preproc_dwi.nii.gz	0.2106773823191733	0.27980486	0.31380385	0.14269292	0.35448733	0.21716452	0.31349987	0.24563515	0.317848801612854	sub-112249	ses-1		dir-AP	acq-multiband	space-ACPC			DSIStudio	autotrackgqi
ProjectionBasalGanglia_AnsaLenticularisR	modulated_icvf	NODDI	/scratch/grmpy/SLURM_11194840_23/job-11194840-23-sub-112249/ds/inputs/data/qsiprep/qsiprep/sub-112249/ses-1/dwi/sub-112249_ses-1_acq-multiband_dir-AP_space-ACPC_desc-preproc_dwi.nii.gz	0.0453501722158438	0.38516533	0.14389923	0.41541067	0.4034624	0.42329574	0.11961805	0.39718044	0.4079519808292389	sub-112249	ses-1		dir-AP	acq-multiband	space-ACPC			DSIStudio	autotrackgqi
ProjectionBasalGanglia_AnsaLenticularisR	modulated_od	NODDI	/scratch/grmpy/SLURM_11194840_23/job-11194840-23-sub-112249/ds/inputs/data/qsiprep/qsiprep/sub-112249/ses-1/dwi/sub-112249_ses-1_acq-multiband_dir-AP_space-ACPC_desc-preproc_dwi.nii.gz	0.0005740528128587	0.23678838	0.15239558	0.24295047	0.23692438	0.24297932	0.1523336	0.24124493	0.2412572801113128	sub-112249	ses-1		dir-AP	acq-multiband	space-ACPC			DSIStudio	autotrackgqi
ProjectionBasalGanglia_AnsaLenticularisR	nrmse	NODDI	/scratch/grmpy/SLURM_11194840_23/job-11194840-23-sub-112249/ds/inputs/data/qsiprep/qsiprep/sub-112249/ses-1/dwi/sub-112249_ses-1_acq-multiband_dir-AP_space-ACPC_desc-preproc_dwi.nii.gz	0.0	0.11940365	0.058764502	0.103308626	0.11940365	0.103308626	0.058764502	0.11377448	0.1137744784355163	sub-112249	ses-1		dir-AP	acq-multiband	space-ACPC			DSIStudio	autotrackgqi
ProjectionBasalGanglia_AnsaLenticularisR	od	NODDI	/scratch/grmpy/SLURM_11194840_23/job-11194840-23-sub-112249/ds/inputs/data/qsiprep/qsiprep/sub-112249/ses-1/dwi/sub-112249_ses-1_acq-multiband_dir-AP_space-ACPC_desc-preproc_dwi.nii.gz	0.0	0.35774967	0.1961538	0.33100235	0.35774967	0.33100235	0.1961538	0.3375622	0.3375622034072876	sub-112249	ses-1		dir-AP	acq-multiband	space-ACPC			DSIStudio	autotrackgqi
ProjectionBasalGanglia_AnsaLenticularisR	rmse	NODDI	/scratch/grmpy/SLURM_11194840_23/job-11194840-23-sub-112249/ds/inputs/data/qsiprep/qsiprep/sub-112249/ses-1/dwi/sub-112249_ses-1_acq-multiband_dir-AP_space-ACPC_desc-preproc_dwi.nii.gz	0.0	0.052429166	0.016212888	0.049377203	0.052429166	0.049377203	0.016212888	0.051209085	0.0512090846896171	sub-112249	ses-1		dir-AP	acq-multiband	space-ACPC			DSIStudio	autotrackgqi
ProjectionBasalGanglia_AnsaLenticularisR	tf	NODDI	/scratch/grmpy/SLURM_11194840_23/job-11194840-23-sub-112249/ds/inputs/data/qsiprep/qsiprep/sub-112249/ses-1/dwi/sub-112249_ses-1_acq-multiband_dir-AP_space-ACPC_desc-preproc_dwi.nii.gz	0.0453501722158438	0.7201952	0.31380385	0.8573071	0.75440764	0.86885124	0.27810174	0.75436485	0.7748231887817383	sub-112249	ses-1		dir-AP	acq-multiband	space-ACPC			DSIStudio	autotrackgqi
ProjectionBrainstem_MedialForebrainBundleL	directions	NODDI	/scratch/grmpy/SLURM_11194840_23/job-11194840-23-sub-112249/ds/inputs/data/qsiprep/qsiprep/sub-112249/ses-1/dwi/sub-112249_ses-1_acq-multiband_dir-AP_space-ACPC_desc-preproc_dwi.nii.gz	0.0	0.015486592	0.57714254	-0.019918427	0.015486592	-0.019918427	0.57714254	0.06264074		sub-112249	ses-1		dir-AP	acq-multiband	space-ACPC			DSIStudio	autotrackgqi
ProjectionBrainstem_MedialForebrainBundleL	icvf	NODDI	/scratch/grmpy/SLURM_11194840_23/job-11194840-23-sub-112249/ds/inputs/data/qsiprep/qsiprep/sub-112249/ses-1/dwi/sub-112249_ses-1_acq-multiband_dir-AP_space-ACPC_desc-preproc_dwi.nii.gz	0.0341488277268093	0.692303	0.2186283	0.6803208	0.7167802	0.68882245	0.17872752	0.7016	0.7101675868034363	sub-112249	ses-1		dir-AP	acq-multiband	space-ACPC			DSIStudio	autotrackgqi
ProjectionBrainstem_MedialForebrainBundleL	isovf	NODDI	/scratch/grmpy/SLURM_11194840_23/job-11194840-23-sub-112249/ds/inputs/data/qsiprep/qsiprep/sub-112249/ses-1/dwi/sub-112249_ses-1_acq-multiband_dir-AP_space-ACPC_desc-preproc_dwi.nii.gz	0.1207951070336391	0.26361495	0.24530122	0.19449931	0.29983336	0.2158916	0.23995918	0.2357212	0.2617543637752533	sub-112249	ses-1		dir-AP	acq-multiband	space-ACPC			DSIStudio	autotrackgqi
ProjectionBrainstem_MedialForebrainBundleL	modulated_icvf	NODDI	/scratch/grmpy/SLURM_11194840_23/job-11194840-23-sub-112249/ds/inputs/data/qsiprep/qsiprep/sub-112249/ses-1/dwi/sub-112249_ses-1_acq-multiband_dir-AP_space-ACPC_desc-preproc_dwi.nii.gz	0.0341488277268093	0.48380235	0.17021284	0.5063901	0.5009078	0.51267266	0.14638488	0.5145297	0.5208128094673157	sub-112249	ses-1		dir-AP	acq-multiband	space-ACPC			DSIStudio	autotrackgqi
ProjectionBrainstem_MedialForebrainBundleL	modulated_od	NODDI	/scratch/grmpy/SLURM_11194840_23/job-11194840-23-sub-112249/ds/inputs/data/qsiprep/qsiprep/sub-112249/ses-1/dwi/sub-112249_ses-1_acq-multiband_dir-AP_space-ACPC_desc-preproc_dwi.nii.gz	0.0	0.21522036	0.17792666	0.18199128	0.21522036	0.18199128	0.17792666	0.18122521	0.1812252104282379	sub-112249	ses-1		dir-AP	acq-multiband	space-ACPC			DSIStudio	autotrackgqi
ProjectionBrainstem_MedialForebrainBundleL	nrmse	NODDI	/scratch/grmpy/SLURM_11194840_23/job-11194840-23-sub-112249/ds/inputs/data/qsiprep/qsiprep/sub-112249/ses-1/dwi/sub-112249_ses-1_acq-multiband_dir-AP_space-ACPC_desc-preproc_dwi.nii.gz	0.0219164118246687	0.1188004	0.040683687	0.11442843	0.12146243	0.11487105	0.03699885	0.114624314	0.1156094670295715	sub-112249	ses-1		dir-AP	acq-multiband	space-ACPC			DSIStudio	autotrackgqi
ProjectionBrainstem_MedialForebrainBundleL	od	NODDI	/scratch/grmpy/SLURM_11194840_23/job-11194840-23-sub-112249/ds/inputs/data/qsiprep/qsiprep/sub-112249/ses-1/dwi/sub-112249_ses-1_acq-multiband_dir-AP_space-ACPC_desc-preproc_dwi.nii.gz	0.0	0.2992504	0.1992558	0.2648958	0.2992504	0.2648958	0.1992558	0.24154368	0.2415436804294586	sub-112249	ses-1		dir-AP	acq-multiband	space-ACPC			DSIStudio	autotrackgqi
ProjectionBrainstem_MedialForebrainBundleL	rmse	NODDI	/scratch/grmpy/SLURM_11194840_23/job-11194840-23-sub-112249/ds/inputs/data/qsiprep/qsiprep/sub-112249/ses-1/dwi/sub-112249_ses-1_acq-multiband_dir-AP_space-ACPC_desc-preproc_dwi.nii.gz	0.0219164118246687	0.056981463	0.015265322	0.056664776	0.058258276	0.056980032	0.012801047	0.056976378	0.0574660673737525	sub-112249	ses-1		dir-AP	acq-multiband	space-ACPC			DSIStudio	autotrackgqi
ProjectionBrainstem_MedialForebrainBundleL	tf	NODDI	/scratch/grmpy/SLURM_11194840_23/job-11194840-23-sub-112249/ds/inputs/data/qsiprep/qsiprep/sub-112249/ses-1/dwi/sub-112249_ses-1_acq-multiband_dir-AP_space-ACPC_desc-preproc_dwi.nii.gz	0.0122324159021406	0.7363851	0.24530122	0.8055007	0.74550444	0.8068278	0.23263569	0.76427877	0.7669961452484131	sub-112249	ses-1		dir-AP	acq-multiband	space-ACPC			DSIStudio	autotrackgqi
ProjectionBrainstem_ReticularTractL	directions	NODDI	/scratch/grmpy/SLURM_11194840_23/job-11194840-23-sub-112249/ds/inputs/data/qsiprep/qsiprep/sub-112249/ses-1/dwi/sub-112249_ses-1_acq-multiband_dir-AP_space-ACPC_desc-preproc_dwi.nii.gz	0.0	-0.08883188	0.57047546	-0.16107725	-0.08883188	-0.16107725	0.57047546	-0.16421951		sub-112249	ses-1		dir-AP	acq-multiband	space-ACPC			DSIStudio	autotrackgqi
ProjectionBrainstem_ReticularTractL	icvf	NODDI	/scratch/grmpy/SLURM_11194840_23/job-11194840-23-sub-112249/ds/inputs/data/qsiprep/qsiprep/sub-112249/ses-1/dwi/sub-112249_ses-1_acq-multiband_dir-AP_space-ACPC_desc-preproc_dwi.nii.gz	0.0122103164714677	0.62173593	0.15670244	0.6244027	0.6294214	0.6258943	0.14149848	0.679825	0.6816168427467346	sub-112249	ses-1		dir-AP	acq-multiband	space-ACPC			DSIStudio	autotrackgqi
ProjectionBrainstem_ReticularTractL	isovf	NODDI	/scratch/grmpy/SLURM_11194840_23/job-11194840-23-sub-112249/ds/inputs/data/qsiprep/qsiprep/sub-112249/ses-1/dwi/sub-112249_ses-1_acq-multiband_dir-AP_space-ACPC_desc-preproc_dwi.nii.gz	0.1853974582606528	0.14555986	0.16132537	0.12279641	0.1786882	0.14329946	0.16133668	0.16303489	0.1870606243610382	sub-112249	ses-1		dir-AP	acq-multiband	space-ACPC			DSIStudio	autotrackgqi
ProjectionBrainstem_ReticularTractL	modulated_icvf	NODDI	/scratch/grmpy/SLURM_11194840_23/job-11194840-23-sub-112249/ds/inputs/data/qsiprep/qsiprep/sub-112249/ses-1/dwi/sub-112249_ses-1_acq-multiband_dir-AP_space-ACPC_desc-preproc_dwi.nii.gz	0.0122103164714677	0.5202365	0.1168322	0.53272724	0.52666724	0.53394413	0.10213527	0.5524521	0.553908109664917	sub-112249	ses-1		dir-AP	acq-multiband	space-ACPC			DSIStudio	autotrackgqi
ProjectionBrainstem_ReticularTractL	modulated_od	NODDI	/scratch/grmpy/SLURM_11194840_23/job-11194840-23-sub-112249/ds/inputs/data/qsiprep/qsiprep/sub-112249/ses-1/dwi/sub-112249_ses-1_acq-multiband_dir-AP_space-ACPC_desc-preproc_dwi.nii.gz	0.0007475703962123	0.23978612	0.16898276	0.21288483	0.23996551	0.21291701	0.1689186	0.19403014	0.1940347105264663	sub-112249	ses-1		dir-AP	acq-multiband	space-ACPC			DSIStudio	autotrackgqi
ProjectionBrainstem_ReticularTractL	nrmse	NODDI	/scratch/grmpy/SLURM_11194840_23/job-11194840-23-sub-112249/ds/inputs/data/qsiprep/qsiprep/sub-112249/ses-1/dwi/sub-112249_ses-1_acq-multiband_dir-AP_space-ACPC_desc-preproc_dwi.nii.gz	0.0059805631696984	0.09822795	0.025563814	0.09728961	0.09881894	0.09746494	0.024475276	0.10529271	0.1055006086826324	sub-112249	ses-1		dir-AP	acq-multiband	space-ACPC			DSIStudio	autotrackgqi
ProjectionBrainstem_ReticularTractL	od	NODDI	/scratch/grmpy/SLURM_11194840_23/job-11194840-23-sub-112249/ds/inputs/data/qsiprep/qsiprep/sub-112249/ses-1/dwi/sub-112249_ses-1_acq-multiband_dir-AP_space-ACPC_desc-preproc_dwi.nii.gz	0.0	0.28345352	0.18483464	0.25540978	0.28345352	0.25540978	0.18483464	0.23133592	0.2313359230756759	sub-112249	ses-1		dir-AP	acq-multiband	space-ACPC			DSIStudio	autotrackgqi
ProjectionBrainstem_ReticularTractL	rmse	NODDI	/scratch/grmpy/SLURM_11194840_23/job-11194840-23-sub-112249/ds/inputs/data/qsiprep/qsiprep/sub-112249/ses-1/dwi/sub-112249_ses-1_acq-multiband_dir-AP_space-ACPC_desc-preproc_dwi.nii.gz	0.0059805631696984	0.050763752	0.013021412	0.050812025	0.051069174	0.050903536	0.012449082	0.05492809	0.0550365447998046	sub-112249	ses-1		dir-AP	acq-multiband	space-ACPC			DSIStudio	autotrackgqi
ProjectionBrainstem_ReticularTractL	tf	NODDI	/scratch/grmpy/SLURM_11194840_23/job-11194840-23-sub-112249/ds/inputs/data/qsiprep/qsiprep/sub-112249/ses-1/dwi/sub-112249_ses-1_acq-multiband_dir-AP_space-ACPC_desc-preproc_dwi.nii.gz	0.0062297533017692	0.85444015	0.16132535	0.8772036	0.85979646	0.877643	0.14691384	0.8369651	0.837516188621521	sub-112249	ses-1		dir-AP	acq-multiband	space-ACPC			DSIStudio	autotrackgqi
ProjectionBasalGanglia_FasciculusSubthalamicusL	directions	NODDI	/scratch/grmpy/SLURM_11194840_23/job-11194840-23-sub-112249/ds/inputs/data/qsiprep/qsiprep/sub-112249/ses-1/dwi/sub-112249_ses-1_acq-multiband_dir-AP_space-ACPC_desc-preproc_dwi.nii.gz	0.0	-0.020024518	0.5770029	-0.026592694	-0.020024518	-0.026592694	0.5770029	-0.14019491		sub-112249	ses-1		dir-AP	acq-multiband	space-ACPC			DSIStudio	autotrackgqi
ProjectionBasalGanglia_FasciculusSubthalamicusL	icvf	NODDI	/scratch/grmpy/SLURM_11194840_23/job-11194840-23-sub-112249/ds/inputs/data/qsiprep/qsiprep/sub-112249/ses-1/dwi/sub-112249_ses-1_acq-multiband_dir-AP_space-ACPC_desc-preproc_dwi.nii.gz	0.003257328990228	0.61555386	0.14991768	0.5972916	0.61756545	0.5976042	0.1459673	0.6084868	0.608862578868866	sub-112249	ses-1		dir-AP	acq-multiband	space-ACPC			DSIStudio	autotrackgqi
ProjectionBasalGanglia_FasciculusSubthalamicusL	isovf	NODDI	/scratch/grmpy/SLURM_11194840_23/job-11194840-23-sub-112249/ds/inputs/data/qsiprep/qsiprep/sub-112249/ses-1/dwi/sub-112249_ses-1_acq-multiband_dir-AP_space-ACPC_desc-preproc_dwi.nii.gz	0.1718241042345276	0.13983001	0.1636422	0.110957496	0.16884094	0.13075344	0.1656394	0.12540746	0.143756479024887	sub-112249	ses-1		dir-AP	acq-multiband	space-ACPC			DSIStudio	autotrackgqi
ProjectionBasalGanglia_FasciculusSubthalamicusL	modulated_icvf	NODDI	/scratch/grmpy/SLURM_11194840_23/job-11194840-23-sub-112249/ds/inputs/data/qsiprep/qsiprep/sub-112249/ses-1/dwi/sub-112249_ses-1_acq-multiband_dir-AP_space-ACPC_desc-preproc_dwi.nii.gz	0.003257328990228	0.51703966	0.11878157	0.5198369	0.5187293	0.5200155	0.115233175	0.5245667	0.524890661239624	sub-112249	ses-1		dir-AP	acq-multiband	space-ACPC			DSIStudio	autotrackgqi
ProjectionBasalGanglia_FasciculusSubthalamicusL	modulated_od	NODDI	/scratch/grmpy/SLURM_11194840_23/job-11194840-23-sub-112249/ds/inputs/data/qsiprep/qsiprep/sub-112249/ses-1/dwi/sub-112249_ses-1_acq-multiband_dir-AP_space-ACPC_desc-preproc_dwi.nii.gz	0.0	0.28158882	0.15004438	0.27223575	0.28158882	0.27223575	0.15004438	0.26461262	0.26461261510849	sub-112249	ses-1		dir-AP	acq-multiband	space-ACPC			DSIStudio	autotrackgqi
ProjectionBasalGanglia_FasciculusSubthalamicusL	nrmse	NODDI	/scratch/grmpy/SLURM_11194840_23/job-11194840-23-sub-112249/ds/inputs/data/qsiprep/qsiprep/sub-112249/ses-1/dwi/sub-112249_ses-1_acq-multiband_dir-AP_space-ACPC_desc-preproc_dwi.nii.gz	0.0	0.10208195	0.028927077	0.0980137	0.10208195	0.0980137	0.028927077	0.0978874	0.0978873968124389	sub-112249	ses-1		dir-AP	acq-multiband	space-ACPC			DSIStudio	autotrackgqi
ProjectionBasalGanglia_FasciculusSubthalamicusL	od	NODDI	/scratch/grmpy/SLURM_11194840_23/job-11194840-23-sub-112249/ds/inputs/data/qsiprep/qsiprep/sub-112249/ses-1/dwi/sub-112249_ses-1_acq-multiband_dir-AP_space-ACPC_desc-preproc_dwi.nii.gz	0.0	0.32580075	0.15666868	0.3156066	0.32580075	0.3156066	0.15666868	0.3017401	0.3017401099205017	sub-112249	ses-1		dir-AP	acq-multiband	space-ACPC			DSIStudio	autotrackgqi
ProjectionBasalGanglia_FasciculusSubthalamicusL	rmse	NODDI	/scratch/grmpy/SLURM_11194840_23/job-11194840-23-sub-112249/ds/inputs/data/qsiprep/qsiprep/sub-112249/ses-1/dwi/sub-112249_ses-1_acq-multiband_dir-AP_space-ACPC_desc-preproc_dwi.nii.gz	0.0	0.052038386	0.011737368	0.050622895	0.052038386	0.050622895	0.011737368	0.050845224	0.0508452244102954	sub-112249	ses-1		dir-AP	acq-multiband	space-ACPC			DSIStudio	autotrackgqi
ProjectionBasalGanglia_FasciculusSubthalamicusL	tf	NODDI	/scratch/grmpy/SLURM_11194840_23/job-11194840-23-sub-112249/ds/inputs/data/qsiprep/qsiprep/sub-112249/ses-1/dwi/sub-112249_ses-1_acq-multiband_dir-AP_space-ACPC_desc-preproc_dwi.nii.gz	0.003257328990228	0.86017007	0.1636422	0.8890425	0.8629811	0.88937235	0.15633437	0.87459254	0.87513267993927	sub-112249	ses-1		dir-AP	acq-multiband	space-ACPC			DSIStudio	autotrackgqi
ProjectionBasalGanglia_AcousticRadiationR	directions	NODDI	/scratch/grmpy/SLURM_11194840_23/job-11194840-23-sub-112249/ds/inputs/data/qsiprep/qsiprep/sub-112249/ses-1/dwi/sub-112249_ses-1_acq-multiband_dir-AP_space-ACPC_desc-preproc_dwi.nii.gz	0.0	-0.061762583	0.5740372	-0.08263743	-0.061762583	-0.08263743	0.5740372	-0.3016449		sub-112249	ses-1		dir-AP	acq-multiband	space-ACPC			DSIStudio	autotrackgqi
ProjectionBasalGanglia_AcousticRadiationR	icvf	NODDI	/scratch/grmpy/SLURM_11194840_23/job-11194840-23-sub-112249/ds/inputs/data/qsiprep/qsiprep/sub-112249/ses-1/dwi/sub-112249_ses-1_acq-multiband_dir-AP_space-ACPC_desc-preproc_dwi.nii.gz	0.0346274921301154	0.65334284	0.21757251	0.62033427	0.67677796	0.6302496	0.18214118	0.6551014	0.6657958626747131	sub-112249	ses-1		dir-AP	acq-multiband	space-ACPC			DSIStudio	autotrackgqi
ProjectionBasalGanglia_AcousticRadiationR	isovf	NODDI	/scratch/grmpy/SLURM_11194840_23/job-11194840-23-sub-112249/ds/inputs/data/qsiprep/qsiprep/sub-112249/ses-1/dwi/sub-112249_ses-1_acq-multiband_dir-AP_space-ACPC_desc-preproc_dwi.nii.gz	0.1101783840503672	0.27592635	0.29382953	0.15245925	0.31009176	0.16841859	0.29399243	0.22858727	0.2510831654071808	sub-112249	ses-1		dir-AP	acq-multiband	space-ACPC			DSIStudio	autotrackgqi
ProjectionBasalGanglia_AcousticRadiationR	modulated_icvf	NODDI	/scratch/grmpy/SLURM_11194840_23/job-11194840-23-sub-112249/ds/inputs/data/qsiprep/qsiprep/sub-112249/ses-1/dwi/sub-112249_ses-1_acq-multiband_dir-AP_space-ACPC_desc-preproc_dwi.nii.gz	0.0346274921301154	0.45483944	0.17360927	0.4904999	0.47115433	0.49369758	0.15340945	0.48889148	0.4968725740909576	sub-112249	ses-1		dir-AP	acq-multiband	space-ACPC			DSIStudio	autotrackgqi
ProjectionBasalGanglia_AcousticRadiationR	modulated_od	NODDI	/scratch/grmpy/SLURM_11194840_23/job-11194840-23-sub-112249/ds/inputs/data/qsiprep/qsiprep/sub-112249/ses-1/dwi/sub-112249_ses-1_acq-multiband_dir-AP_space-ACPC_desc-preproc_dwi.nii.gz	0.0167890870933892	0.17104365	0.15327802	0.12230278	0.17396435	0.12475434	0.15292886	0.1515965	0.1526656448841095	sub-112249	ses-1		dir-AP	acq-multiband	space-ACPC			DSIStudio	autotrackgqi
ProjectionBasalGanglia_AcousticRadiationR	nrmse	NODDI	/scratch/grmpy/SLURM_11194840_23/job-11194840-23-sub-112249/ds/inputs/data/qsiprep/qsiprep/sub-112249/ses-1/dwi/sub-112249_ses-1_acq-multiband_dir-AP_space-ACPC_desc-preproc_dwi.nii.gz	0.0	0.10539923	0.039954476	0.09865454	0.10539923	0.09865454	0.039954476	0.10280278	0.1028027832508087	sub-112249	ses-1		dir-AP	acq-multiband	space-ACPC			DSIStudio	autotrackgqi
ProjectionBasalGanglia_AcousticRadiationR	od	NODDI	/scratch/grmpy/SLURM_11194840_23/job-11194840-23-sub-112249/ds/inputs/data/qsiprep/qsiprep/sub-112249/ses-1/dwi/sub-112249_ses-1_acq-multiband_dir-AP_space-ACPC_desc-preproc_dwi.nii.gz	0.0	0.26332363	0.21092881	0.22187729	0.26332363	0.22187729	0.21092881	0.21193779	0.2119377851486206	sub-112249	ses-1		dir-AP	acq-multiband	space-ACPC			DSIStudio	autotrackgqi
ProjectionBasalGanglia_AcousticRadiationR	rmse	NODDI	/scratch/grmpy/SLURM_11194840_23/job-11194840-23-sub-112249/ds/inputs/data/qsiprep/qsiprep/sub-112249/ses-1/dwi/sub-112249_ses-1_acq-multiband_dir-AP_space-ACPC_desc-preproc_dwi.nii.gz	0.0	0.049897835	0.015242245	0.048419096	0.049897835	0.048419096	0.015242245	0.050741468	0.0507414676249027	sub-112249	ses-1		dir-AP	acq-multiband	space-ACPC			DSIStudio	autotrackgqi
ProjectionBasalGanglia_AcousticRadiationR	tf	NODDI	/scratch/grmpy/SLURM_11194840_23/job-11194840-23-sub-112249/ds/inputs/data/qsiprep/qsiprep/sub-112249/ses-1/dwi/sub-112249_ses-1_acq-multiband_dir-AP_space-ACPC_desc-preproc_dwi.nii.gz	0.0346274921301154	0.7240737	0.29382953	0.84754074	0.7500459	0.8525877	0.26448494	0.77141273	0.7840059995651245	sub-112249	ses-1		dir-AP	acq-multiband	space-ACPC			DSIStudio	autotrackgqi
ProjectionBasalGanglia_FasciculusLenticularisR	directions	NODDI	/scratch/grmpy/SLURM_11194840_23/job-11194840-23-sub-112249/ds/inputs/data/qsiprep/qsiprep/sub-112249/ses-1/dwi/sub-112249_ses-1_acq-multiband_dir-AP_space-ACPC_desc-preproc_dwi.nii.gz	0.0	0.037037563	0.576161	0.0065232916	0.037037563	0.0065232916	0.576161	0.3440658		sub-112249	ses-1		dir-AP	acq-multiband	space-ACPC			DSIStudio	autotrackgqi
ProjectionBasalGanglia_FasciculusLenticularisR	icvf	NODDI	/scratch/grmpy/SLURM_11194840_23/job-11194840-23-sub-112249/ds/inputs/data/qsiprep/qsiprep/sub-112249/ses-1/dwi/sub-112249_ses-1_acq-multiband_dir-AP_space-ACPC_desc-preproc_dwi.nii.gz	0.0230088495575221	0.565259	0.20404013	0.51609427	0.5785712	0.52020633	0.18684421	0.5792556	0.5874371528625488	sub-112249	ses-1		dir-AP	acq-multiband	space-ACPC			DSIStudio	autotrackgqi
ProjectionBasalGanglia_FasciculusLenticularisR	isovf	NODDI	/scratch/grmpy/SLURM_11194840_23/job-11194840-23-sub-112249/ds/inputs/data/qsiprep/qsiprep/sub-112249/ses-1/dwi/sub-112249_ses-1_acq-multiband_dir-AP_space-ACPC_desc-preproc_dwi.nii.gz	0.2265486725663716	0.23714702	0.2833731	0.11742682	0.30660886	0.18492144	0.28726843	0.2573692	0.3077506422996521	sub-112249	ses-1		dir-AP	acq-multiband	space-ACPC			DSIStudio	autotrackgqi
ProjectionBasalGanglia_FasciculusLenticularisR	modulated_icvf	NODDI	/scratch/grmpy/SLURM_11194840_23/job-11194840-23-sub-112249/ds/inputs/data/qsiprep/qsiprep/sub-112249/ses-1/dwi/sub-112249_ses-1_acq-multiband_dir-AP_space-ACPC_desc-preproc_dwi.nii.gz	0.0230088495575221	0.4027125	0.12806052	0.43770674	0.41219667	0.43970162	0.1134741	0.39917982	0.4048179090023041	sub-112249	ses-1		dir-AP	acq-multiband	space-ACPC			DSIStudio	autotrackgqi
ProjectionBasalGanglia_FasciculusLenticularisR	modulated_od	NODDI	/scratch/grmpy/SLURM_11194840_23/job-11194840-23-sub-112249/ds/inputs/data/qsiprep/qsiprep/sub-112249/ses-1/dwi/sub-112249_ses-1_acq-multiband_dir-AP_space-ACPC_desc-preproc_dwi.nii.gz	0.0	0.25108775	0.1480949	0.25606638	0.25108775	0.25606638	0.1480949	0.22092052	0.220920518040657	sub-112249	ses-1		dir-AP	acq-multiband	space-ACPC			DSIStudio	autotrackgqi
ProjectionBasalGanglia_FasciculusLenticularisR	nrmse	NODDI	/scratch/grmpy/SLURM_11194840_23/job-11194840-23-sub-112249/ds/inputs/data/qsiprep/qsiprep/sub-112249/ses-1/dwi/sub-112249_ses-1_acq-multiband_dir-AP_space-ACPC_desc-preproc_dwi.nii.gz	0.0	0.11390643	0.04915509	0.100563325	0.11390643	0.100563325	0.04915509	0.1150651	0.1150650978088378	sub-112249	ses-1		dir-AP	acq-multiband	space-ACPC			DSIStudio	autotrackgqi
ProjectionBasalGanglia_FasciculusLenticularisR	od	NODDI	/scratch/grmpy/SLURM_11194840_23/job-11194840-23-sub-112249/ds/inputs/data/qsiprep/qsiprep/sub-112249/ses-1/dwi/sub-112249_ses-1_acq-multiband_dir-AP_space-ACPC_desc-preproc_dwi.nii.gz	0.0	0.3385621	0.16573334	0.3123419	0.3385621	0.3123419	0.16573334	0.29912716	0.2991271615028381	sub-112249	ses-1		dir-AP	acq-multiband	space-ACPC			DSIStudio	autotrackgqi
ProjectionBasalGanglia_FasciculusLenticularisR	rmse	NODDI	/scratch/grmpy/SLURM_11194840_23/job-11194840-23-sub-112249/ds/inputs/data/qsiprep/qsiprep/sub-112249/ses-1/dwi/sub-112249_ses-1_acq-multiband_dir-AP_space-ACPC_desc-preproc_dwi.nii.gz	0.0	0.051580757	0.013960515	0.049209513	0.051580757	0.049209513	0.013960515	0.052100055	0.0521000549197196	sub-112249	ses-1		dir-AP	acq-multiband	space-ACPC			DSIStudio	autotrackgqi
ProjectionBasalGanglia_FasciculusLenticularisR	tf	NODDI	/scratch/grmpy/SLURM_11194840_23/job-11194840-23-sub-112249/ds/inputs/data/qsiprep/qsiprep/sub-112249/ses-1/dwi/sub-112249_ses-1_acq-multiband_dir-AP_space-ACPC_desc-preproc_dwi.nii.gz	0.0230088495575221	0.76285297	0.2833731	0.8825732	0.7808187	0.89010745	0.2610813	0.74263084	0.7531198859214783	sub-112249	ses-1		dir-AP	acq-multiband	space-ACPC			DSIStudio	autotrackgqi
ProjectionBasalGanglia_FasciculusSubthalamicusR	directions	NODDI	/scratch/grmpy/SLURM_11194840_23/job-11194840-23-sub-112249/ds/inputs/data/qsiprep/qsiprep/sub-112249/ses-1/dwi/sub-112249_ses-1_acq-multiband_dir-AP_space-ACPC_desc-preproc_dwi.nii.gz	0.0	-0.013170631	0.57720006	-0.04652272	-0.013170631	-0.04652272	0.57720006	-0.09875477		sub-112249	ses-1		dir-AP	acq-multiband	space-ACPC			DSIStudio	autotrackgqi
ProjectionBasalGanglia_FasciculusSubthalamicusR	icvf	NODDI	/scratch/grmpy/SLURM_11194840_23/job-11194840-23-sub-112249/ds/inputs/data/qsiprep/qsiprep/sub-112249/ses-1/dwi/sub-112249_ses-1_acq-multiband_dir-AP_space-ACPC_desc-preproc_dwi.nii.gz	0.016822429906542	0.59053206	0.17063384	0.56902474	0.60063624	0.57090807	0.15344432	0.6117842	0.6139423847198486	sub-112249	ses-1		dir-AP	acq-multiband	space-ACPC			DSIStudio	autotrackgqi
ProjectionBasalGanglia_FasciculusSubthalamicusR	isovf	NODDI	/scratch/grmpy/SLURM_11194840_23/job-11194840-23-sub-112249/ds/inputs/data/qsiprep/qsiprep/sub-112249/ses-1/dwi/sub-112249_ses-1_acq-multiband_dir-AP_space-ACPC_desc-preproc_dwi.nii.gz	0.1747663551401869	0.17616704	0.2230491	0.109145835	0.21347535	0.1376443	0.22874142	0.14991178	0.1739445328712463	sub-112249	ses-1		dir-AP	acq-multiband	space-ACPC			DSIStudio	autotrackgqi
ProjectionBasalGanglia_FasciculusSubthalamicusR	modulated_icvf	NODDI	/scratch/grmpy/SLURM_11194840_23/job-11194840-23-sub-112249/ds/inputs/data/qsiprep/qsiprep/sub-112249/ses-1/dwi/sub-112249_ses-1_acq-multiband_dir-AP_space-ACPC_desc-preproc_dwi.nii.gz	0.016822429906542	0.47435075	0.13393523	0.4886253	0.48246703	0.49094152	0.11970693	0.50724274	0.5090320706367493	sub-112249	ses-1		dir-AP	acq-multiband	space-ACPC			DSIStudio	autotrackgqi
ProjectionBasalGanglia_FasciculusSubthalamicusR	modulated_od	NODDI	/scratch/grmpy/SLURM_11194840_23/job-11194840-23-sub-112249/ds/inputs/data/qsiprep/qsiprep/sub-112249/ses-1/dwi/sub-112249_ses-1_acq-multiband_dir-AP_space-ACPC_desc-preproc_dwi.nii.gz	0.0	0.24964043	0.14519715	0.25300258	0.24964043	0.25300258	0.14519715	0.25798774	0.2579877376556396	sub-112249	ses-1		dir-AP	acq-multiband	space-ACPC			DSIStudio	autotrackgqi
ProjectionBasalGanglia_FasciculusSubthalamicusR	nrmse	NODDI	/scratch/grmpy/SLURM_11194840_23/job-11194840-23-sub-112249/ds/inputs/data/qsiprep/qsiprep/sub-112249/ses-1/dwi/sub-112249_ses-1_acq-multiband_dir-AP_space-ACPC_desc-preproc_dwi.nii.gz	0.0	0.1095833	0.041026138	0.10067229	0.1095833	0.10067229	0.041026138	0.10430716	0.1043071672320365	sub-112249	ses-1		dir-AP	acq-multiband	space-ACPC			DSIStudio	autotrackgqi
ProjectionBasalGanglia_FasciculusSubthalamicusR	od	NODDI	/scratch/grmpy/SLURM_11194840_23/job-11194840-23-sub-112249/ds/inputs/data/qsiprep/qsiprep/sub-112249/ses-1/dwi/sub-112249_ses-1_acq-multiband_dir-AP_space-ACPC_desc-preproc_dwi.nii.gz	0.0	0.31282955	0.16761355	0.3051542	0.31282955	0.3051542	0.16761355	0.30339333	0.3033933639526367	sub-112249	ses-1		dir-AP	acq-multiband	space-ACPC			DSIStudio	autotrackgqi
ProjectionBasalGanglia_FasciculusSubthalamicusR	rmse	NODDI	/scratch/grmpy/SLURM_11194840_23/job-11194840-23-sub-112249/ds/inputs/data/qsiprep/qsiprep/sub-112249/ses-1/dwi/sub-112249_ses-1_acq-multiband_dir-AP_space-ACPC_desc-preproc_dwi.nii.gz	0.0	0.053107593	0.0122978045	0.05140403	0.053107593	0.05140403	0.0122978045	0.052555174	0.0525551736354827	sub-112249	ses-1		dir-AP	acq-multiband	space-ACPC			DSIStudio	autotrackgqi
ProjectionBasalGanglia_FasciculusSubthalamicusR	tf	NODDI	/scratch/grmpy/SLURM_11194840_23/job-11194840-23-sub-112249/ds/inputs/data/qsiprep/qsiprep/sub-112249/ses-1/dwi/sub-112249_ses-1_acq-multiband_dir-AP_space-ACPC_desc-preproc_dwi.nii.gz	0.016822429906542	0.823833	0.22304909	0.8908541	0.83792895	0.895105	0.19695355	0.85008824	0.8530869483947754	sub-112249	ses-1		dir-AP	acq-multiband	space-ACPC			DSIStudio	autotrackgqi
ProjectionBrainstem_NonDecussatingDentatorubrothalamicTractR	directions	NODDI	/scratch/grmpy/SLURM_11194840_23/job-11194840-23-sub-112249/ds/inputs/data/qsiprep/qsiprep/sub-112249/ses-1/dwi/sub-112249_ses-1_acq-multiband_dir-AP_space-ACPC_desc-preproc_dwi.nii.gz	0.0	-0.006907572	0.57730895	-0.05540502	-0.006907572	-0.05540502	0.57730895	-0.009701133		sub-112249	ses-1		dir-AP	acq-multiband	space-ACPC			DSIStudio	autotrackgqi
ProjectionBrainstem_NonDecussatingDentatorubrothalamicTractR	icvf	NODDI	/scratch/grmpy/SLURM_11194840_23/job-11194840-23-sub-112249/ds/inputs/data/qsiprep/qsiprep/sub-112249/ses-1/dwi/sub-112249_ses-1_acq-multiband_dir-AP_space-ACPC_desc-preproc_dwi.nii.gz	0.0025742574257425	0.66168934	0.14437765	0.64744395	0.66339713	0.6476409	0.14059083	0.6963059	0.6972639560699463	sub-112249	ses-1		dir-AP	acq-multiband	space-ACPC			DSIStudio	autotrackgqi
ProjectionBrainstem_NonDecussatingDentatorubrothalamicTractR	isovf	NODDI	/scratch/grmpy/SLURM_11194840_23/job-11194840-23-sub-112249/ds/inputs/data/qsiprep/qsiprep/sub-112249/ses-1/dwi/sub-112249_ses-1_acq-multiband_dir-AP_space-ACPC_desc-preproc_dwi.nii.gz	0.1093069306930693	0.15928774	0.162191	0.12533586	0.17883572	0.13764888	0.161364	0.15871917	0.1681622117757797	sub-112249	ses-1		dir-AP	acq-multiband	space-ACPC			DSIStudio	autotrackgqi
ProjectionBrainstem_NonDecussatingDentatorubrothalamicTractR	modulated_icvf	NODDI	/scratch/grmpy/SLURM_11194840_23/job-11194840-23-sub-112249/ds/inputs/data/qsiprep/qsiprep/sub-112249/ses-1/dwi/sub-112249_ses-1_acq-multiband_dir-AP_space-ACPC_desc-preproc_dwi.nii.gz	0.0025742574257425	0.54503065	0.11574152	0.5586077	0.5464373	0.5588143	0.11252562	0.57433164	0.5751218795776367	sub-112249	ses-1		dir-AP	acq-multiband	space-ACPC			DSIStudio	autotrackgqi
ProjectionBrainstem_NonDecussatingDentatorubrothalamicTractR	modulated_od	NODDI	/scratch/grmpy/SLURM_11194840_23/job-11194840-23-sub-112249/ds/inputs/data/qsiprep/qsiprep/sub-112249/ses-1/dwi/sub-112249_ses-1_acq-multiband_dir-AP_space-ACPC_desc-preproc_dwi.nii.gz	0.0	0.21647273	0.14220028	0.2043412	0.21647273	0.2043412	0.14220028	0.16377936	0.1637793630361557	sub-112249	ses-1		dir-AP	acq-multiband	space-ACPC			DSIStudio	autotrackgqi
ProjectionBrainstem_NonDecussatingDentatorubrothalamicTractR	nrmse	NODDI	/scratch/grmpy/SLURM_11194840_23/job-11194840-23-sub-112249/ds/inputs/data/qsiprep/qsiprep/sub-112249/ses-1/dwi/sub-112249_ses-1_acq-multiband_dir-AP_space-ACPC_desc-preproc_dwi.nii.gz	0.0	0.101088405	0.02748025	0.09839844	0.101088405	0.09839844	0.02748025	0.103722416	0.1037224158644676	sub-112249	ses-1		dir-AP	acq-multiband	space-ACPC			DSIStudio	autotrackgqi
ProjectionBrainstem_NonDecussatingDentatorubrothalamicTractR	od	NODDI	/scratch/grmpy/SLURM_11194840_23/job-11194840-23-sub-112249/ds/inputs/data/qsiprep/qsiprep/sub-112249/ses-1/dwi/sub-112249_ses-1_acq-multiband_dir-AP_space-ACPC_desc-preproc_dwi.nii.gz	0.0	0.2606582	0.16192505	0.24860683	0.2606582	0.24860683	0.16192505	0.19634664	0.196346640586853	sub-112249	ses-1		dir-AP	acq-multiband	space-ACPC			DSIStudio	autotrackgqi
ProjectionBrainstem_NonDecussatingDentatorubrothalamicTractR	rmse	NODDI	/scratch/grmpy/SLURM_11194840_23/job-11194840-23-sub-112249/ds/inputs/data/qsiprep/qsiprep/sub-112249/ses-1/dwi/sub-112249_ses-1_acq-multiband_dir-AP_space-ACPC_desc-preproc_dwi.nii.gz	0.0	0.05233283	0.012224721	0.051872976	0.05233283	0.051872976	0.012224721	0.05469535	0.0546953491866588	sub-112249	ses-1		dir-AP	acq-multiband	space-ACPC			DSIStudio	autotrackgqi
ProjectionBrainstem_NonDecussatingDentatorubrothalamicTractR	tf	NODDI	/scratch/grmpy/SLURM_11194840_23/job-11194840-23-sub-112249/ds/inputs/data/qsiprep/qsiprep/sub-112249/ses-1/dwi/sub-112249_ses-1_acq-multiband_dir-AP_space-ACPC_desc-preproc_dwi.nii.gz	0.0025742574257425	0.8407123	0.16219102	0.8746642	0.8428821	0.87491655	0.15666823	0.8412808	0.8424384593963623	sub-112249	ses-1		dir-AP	acq-multiband	space-ACPC			DSIStudio	autotrackgqi
ProjectionBrainstem_ReticularTractR	directions	NODDI	/scratch/grmpy/SLURM_11194840_23/job-11194840-23-sub-112249/ds/inputs/data/qsiprep/qsiprep/sub-112249/ses-1/dwi/sub-112249_ses-1_acq-multiband_dir-AP_space-ACPC_desc-preproc_dwi.nii.gz	13.0	-0.056439348	0.5737522	-0.092859805	-0.056601744	-0.095244	0.57456905	-0.016792838		sub-112249	ses-1		dir-AP	acq-multiband	space-ACPC			DSIStudio	autotrackgqi
ProjectionBrainstem_ReticularTractR	icvf	NODDI	/scratch/grmpy/SLURM_11194840_23/job-11194840-23-sub-112249/ds/inputs/data/qsiprep/qsiprep/sub-112249/ses-1/dwi/sub-112249_ses-1_acq-multiband_dir-AP_space-ACPC_desc-preproc_dwi.nii.gz	0.0167733392187155	0.6101147	0.16979508	0.60534894	0.6205229	0.6089156	0.1512073	0.6935774	0.7025262117385864	sub-112249	ses-1		dir-AP	acq-multiband	space-ACPC			DSIStudio	autotrackgqi
ProjectionBrainstem_ReticularTractR	isovf	NODDI	/scratch/grmpy/SLURM_11194840_23/job-11194840-23-sub-112249/ds/inputs/data/qsiprep/qsiprep/sub-112249/ses-1/dwi/sub-112249_ses-1_acq-multiband_dir-AP_space-ACPC_desc-preproc_dwi.nii.gz	0.2094460384021187	0.15673208	0.18217906	0.118252985	0.19825603	0.15097125	0.18371134	0.20046705	0.2163735330104828	sub-112249	ses-1		dir-AP	acq-multiband	space-ACPC			DSIStudio	autotrackgqi
ProjectionBrainstem_ReticularTractR	modulated_icvf	NODDI	/scratch/grmpy/SLURM_11194840_23/job-11194840-23-sub-112249/ds/inputs/data/qsiprep/qsiprep/sub-112249/ses-1/dwi/sub-112249_ses-1_acq-multiband_dir-AP_space-ACPC_desc-preproc_dwi.nii.gz	0.0167733392187155	0.49848974	0.12356073	0.51654625	0.5069937	0.51810515	0.10590676	0.54081255	0.5477902889251709	sub-112249	ses-1		dir-AP	acq-multiband	space-ACPC			DSIStudio	autotrackgqi
ProjectionBrainstem_ReticularTractR	modulated_od	NODDI	/scratch/grmpy/SLURM_11194840_23/job-11194840-23-sub-112249/ds/inputs/data/qsiprep/qsiprep/sub-112249/ses-1/dwi/sub-112249_ses-1_acq-multiband_dir-AP_space-ACPC_desc-preproc_dwi.nii.gz	0.0035312293092032	0.23227003	0.16511808	0.20918956	0.23309314	0.20952874	0.16482942	0.16204235	0.1620500981807708	sub-112249	ses-1		dir-AP	acq-multiband	space-ACPC			DSIStudio	autotrackgqi
ProjectionBrainstem_ReticularTractR	nrmse	NODDI	/scratch/grmpy/SLURM_11194840_23/job-11194840-23-sub-112249/ds/inputs/data/qsiprep/qsiprep/sub-112249/ses-1/dwi/sub-112249_ses-1_acq-multiband_dir-AP_space-ACPC_desc-preproc_dwi.nii.gz	0.0105936879276097	0.10176573	0.034943864	0.09718652	0.10285535	0.09756386	0.033497386	0.112709254	0.1128958761692047	sub-112249	ses-1		dir-AP	acq-multiband	space-ACPC			DSIStudio	autotrackgqi
ProjectionBrainstem_ReticularTractR	od	NODDI	/scratch/grmpy/SLURM_11194840_23/job-11194840-23-sub-112249/ds/inputs/data/qsiprep/qsiprep/sub-112249/ses-1/dwi/sub-112249_ses-1_acq-multiband_dir-AP_space-ACPC_desc-preproc_dwi.nii.gz	0.0028691238137276	0.2801876	0.18339097	0.2546994	0.28099382	0.25547743	0.18303685	0.21562473	0.2156328558921814	sub-112249	ses-1		dir-AP	acq-multiband	space-ACPC			DSIStudio	autotrackgqi
ProjectionBrainstem_ReticularTractR	rmse	NODDI	/scratch/grmpy/SLURM_11194840_23/job-11194840-23-sub-112249/ds/inputs/data/qsiprep/qsiprep/sub-112249/ses-1/dwi/sub-112249_ses-1_acq-multiband_dir-AP_space-ACPC_desc-preproc_dwi.nii.gz	0.0105936879276097	0.051318858	0.014859513	0.050482042	0.051868334	0.050620236	0.013952379	0.05691538	0.0570096224546432	sub-112249	ses-1		dir-AP	acq-multiband	space-ACPC			DSIStudio	autotrackgqi
ProjectionBrainstem_ReticularTractR	tf	NODDI	/scratch/grmpy/SLURM_11194840_23/job-11194840-23-sub-112249/ds/inputs/data/qsiprep/qsiprep/sub-112249/ses-1/dwi/sub-112249_ses-1_acq-multiband_dir-AP_space-ACPC_desc-preproc_dwi.nii.gz	0.0090487751048333	0.84039885	0.18748531	0.88100094	0.8480729	0.8823867	0.17018692	0.7994953	0.8084878325462341	sub-112249	ses-1		dir-AP	acq-multiband	space-ACPC			DSIStudio	autotrackgqi
ProjectionBrainstem_CorticospinalTractR	directions	NODDI	/scratch/grmpy/SLURM_11194840_23/job-11194840-23-sub-112249/ds/inputs/data/qsiprep/qsiprep/sub-112249/ses-1/dwi/sub-112249_ses-1_acq-multiband_dir-AP_space-ACPC_desc-preproc_dwi.nii.gz	0.0	0.0019278981	0.5773471	-0.04604592	0.0019278981	-0.04604592	0.5773471	-0.06686602		sub-112249	ses-1		dir-AP	acq-multiband	space-ACPC			DSIStudio	autotrackgqi
ProjectionBrainstem_CorticospinalTractR	icvf	NODDI	/scratch/grmpy/SLURM_11194840_23/job-11194840-23-sub-112249/ds/inputs/data/qsiprep/qsiprep/sub-112249/ses-1/dwi/sub-112249_ses-1_acq-multiband_dir-AP_space-ACPC_desc-preproc_dwi.nii.gz	0.0	0.7056578	0.13381489	0.6937622	0.7056578	0.6937622	0.13381489	0.7419595	0.7419595122337341	sub-112249	ses-1		dir-AP	acq-multiband	space-ACPC			DSIStudio	autotrackgqi
ProjectionBrainstem_CorticospinalTractR	isovf	NODDI	/scratch/grmpy/SLURM_11194840_23/job-11194840-23-sub-112249/ds/inputs/data/qsiprep/qsiprep/sub-112249/ses-1/dwi/sub-112249_ses-1_acq-multiband_dir-AP_space-ACPC_desc-preproc_dwi.nii.gz	0.0535885167464114	0.14274593	0.098576136	0.1286236	0.15082861	0.13243356	0.09512294	0.14287835	0.1459561139345169	sub-112249	ses-1		dir-AP	acq-multiband	space-ACPC			DSIStudio	autotrackgqi
ProjectionBrainstem_CorticospinalTractR	modulated_icvf	NODDI	/scratch/grmpy/SLURM_11194840_23/job-11194840-23-sub-112249/ds/inputs/data/qsiprep/qsiprep/sub-112249/ses-1/dwi/sub-112249_ses-1_acq-multiband_dir-AP_space-ACPC_desc-preproc_dwi.nii.gz	0.0	0.5989651	0.1004574	0.59990263	0.5989651	0.59990263	0.1004574	0.6307467	0.6307467222213745	sub-112249	ses-1		dir-AP	acq-multiband	space-ACPC			DSIStudio	autotrackgqi
ProjectionBrainstem_CorticospinalTractR	modulated_od	NODDI	/scratch/grmpy/SLURM_11194840_23/job-11194840-23-sub-112249/ds/inputs/data/qsiprep/qsiprep/sub-112249/ses-1/dwi/sub-112249_ses-1_acq-multiband_dir-AP_space-ACPC_desc-preproc_dwi.nii.gz	0.0	0.16885172	0.12767807	0.13799784	0.16885172	0.13799784	0.12767807	0.12899855	0.1289985477924347	sub-112249	ses-1		dir-AP	acq-multiband	space-ACPC			DSIStudio	autotrackgqi
ProjectionBrainstem_CorticospinalTractR	nrmse	NODDI	/scratch/grmpy/SLURM_11194840_23/job-11194840-23-sub-112249/ds/inputs/data/qsiprep/qsiprep/sub-112249/ses-1/dwi/sub-112249_ses-1_acq-multiband_dir-AP_space-ACPC_desc-preproc_dwi.nii.gz	0.0	0.10263139	0.02365424	0.10058722	0.10263139	0.10058722	0.02365424	0.10479163	0.1047916263341903	sub-112249	ses-1		dir-AP	acq-multiband	space-ACPC			DSIStudio	autotrackgqi
ProjectionBrainstem_CorticospinalTractR	od	NODDI	/scratch/grmpy/SLURM_11194840_23/job-11194840-23-sub-112249/ds/inputs/data/qsiprep/qsiprep/sub-112249/ses-1/dwi/sub-112249_ses-1_acq-multiband_dir-AP_space-ACPC_desc-preproc_dwi.nii.gz	0.0	0.19810034	0.14787209	0.1603796	0.19810034	0.1603796	0.14787209	0.14972997	0.1497299671173095	sub-112249	ses-1		dir-AP	acq-multiband	space-ACPC			DSIStudio	autotrackgqi
ProjectionBrainstem_CorticospinalTractR	rmse	NODDI	/scratch/grmpy/SLURM_11194840_23/job-11194840-23-sub-112249/ds/inputs/data/qsiprep/qsiprep/sub-112249/ses-1/dwi/sub-112249_ses-1_acq-multiband_dir-AP_space-ACPC_desc-preproc_dwi.nii.gz	0.0	0.055516075	0.013547201	0.054536734	0.055516075	0.054536734	0.013547201	0.05769799	0.0576979890465736	sub-112249	ses-1		dir-AP	acq-multiband	space-ACPC			DSIStudio	autotrackgqi
ProjectionBrainstem_CorticospinalTractR	tf	NODDI	/scratch/grmpy/SLURM_11194840_23/job-11194840-23-sub-112249/ds/inputs/data/qsiprep/qsiprep/sub-112249/ses-1/dwi/sub-112249_ses-1_acq-multiband_dir-AP_space-ACPC_desc-preproc_dwi.nii.gz	0.0	0.857254	0.098576136	0.8713764	0.857254	0.8713764	0.098576136	0.85712165	0.8571216464042664	sub-112249	ses-1		dir-AP	acq-multiband	space-ACPC			DSIStudio	autotrackgqi
ProjectionBasalGanglia_AnsaSubthalamicaL	directions	NODDI	/scratch/grmpy/SLURM_11194840_23/job-11194840-23-sub-112249/ds/inputs/data/qsiprep/qsiprep/sub-112249/ses-1/dwi/sub-112249_ses-1_acq-multiband_dir-AP_space-ACPC_desc-preproc_dwi.nii.gz	0.0	-0.051390387	0.5750586	-0.019912062	-0.051390387	-0.019912062	0.5750586	-0.13286957		sub-112249	ses-1		dir-AP	acq-multiband	space-ACPC			DSIStudio	autotrackgqi
ProjectionBasalGanglia_AnsaSubthalamicaL	icvf	NODDI	/scratch/grmpy/SLURM_11194840_23/job-11194840-23-sub-112249/ds/inputs/data/qsiprep/qsiprep/sub-112249/ses-1/dwi/sub-112249_ses-1_acq-multiband_dir-AP_space-ACPC_desc-preproc_dwi.nii.gz	0.0119680851063829	0.59261614	0.1564876	0.5733954	0.5997945	0.577346	0.14310639	0.5929841	0.5942548513412476	sub-112249	ses-1		dir-AP	acq-multiband	space-ACPC			DSIStudio	autotrackgqi
ProjectionBasalGanglia_AnsaSubthalamicaL	isovf	NODDI	/scratch/grmpy/SLURM_11194840_23/job-11194840-23-sub-112249/ds/inputs/data/qsiprep/qsiprep/sub-112249/ses-1/dwi/sub-112249_ses-1_acq-multiband_dir-AP_space-ACPC_desc-preproc_dwi.nii.gz	0.1728723404255319	0.15689579	0.18342163	0.118502244	0.18968752	0.14157005	0.18562034	0.13321841	0.1592078506946563	sub-112249	ses-1		dir-AP	acq-multiband	space-ACPC			DSIStudio	autotrackgqi
ProjectionBasalGanglia_AnsaSubthalamicaL	modulated_icvf	NODDI	/scratch/grmpy/SLURM_11194840_23/job-11194840-23-sub-112249/ds/inputs/data/qsiprep/qsiprep/sub-112249/ses-1/dwi/sub-112249_ses-1_acq-multiband_dir-AP_space-ACPC_desc-preproc_dwi.nii.gz	0.0119680851063829	0.49025443	0.11618061	0.48955554	0.4961929	0.49023247	0.10351235	0.5029235	0.504001259803772	sub-112249	ses-1		dir-AP	acq-multiband	space-ACPC			DSIStudio	autotrackgqi
ProjectionBasalGanglia_AnsaSubthalamicaL	modulated_od	NODDI	/scratch/grmpy/SLURM_11194840_23/job-11194840-23-sub-112249/ds/inputs/data/qsiprep/qsiprep/sub-112249/ses-1/dwi/sub-112249_ses-1_acq-multiband_dir-AP_space-ACPC_desc-preproc_dwi.nii.gz	0.0	0.2823521	0.14704585	0.27334207	0.2823521	0.27334207	0.14704585	0.28871986	0.2887198626995086	sub-112249	ses-1		dir-AP	acq-multiband	space-ACPC			DSIStudio	autotrackgqi
ProjectionBasalGanglia_AnsaSubthalamicaL	nrmse	NODDI	/scratch/grmpy/SLURM_11194840_23/job-11194840-23-sub-112249/ds/inputs/data/qsiprep/qsiprep/sub-112249/ses-1/dwi/sub-112249_ses-1_acq-multiband_dir-AP_space-ACPC_desc-preproc_dwi.nii.gz	0.0	0.10594482	0.034683026	0.10228926	0.10594482	0.10228926	0.034683026	0.10216877	0.1021687686443328	sub-112249	ses-1		dir-AP	acq-multiband	space-ACPC			DSIStudio	autotrackgqi
ProjectionBasalGanglia_AnsaSubthalamicaL	od	NODDI	/scratch/grmpy/SLURM_11194840_23/job-11194840-23-sub-112249/ds/inputs/data/qsiprep/qsiprep/sub-112249/ses-1/dwi/sub-112249_ses-1_acq-multiband_dir-AP_space-ACPC_desc-preproc_dwi.nii.gz	0.0	0.34211874	0.16600509	0.32687044	0.34211874	0.32687044	0.16600509	0.3336044	0.3336043953895569	sub-112249	ses-1		dir-AP	acq-multiband	space-ACPC			DSIStudio	autotrackgqi
ProjectionBasalGanglia_AnsaSubthalamicaL	rmse	NODDI	/scratch/grmpy/SLURM_11194840_23/job-11194840-23-sub-112249/ds/inputs/data/qsiprep/qsiprep/sub-112249/ses-1/dwi/sub-112249_ses-1_acq-multiband_dir-AP_space-ACPC_desc-preproc_dwi.nii.gz	0.0	0.052682705	0.012510543	0.051757406	0.052682705	0.051757406	0.012510543	0.052024215	0.0520242154598236	sub-112249	ses-1		dir-AP	acq-multiband	space-ACPC			DSIStudio	autotrackgqi
ProjectionBasalGanglia_AnsaSubthalamicaL	tf	NODDI	/scratch/grmpy/SLURM_11194840_23/job-11194840-23-sub-112249/ds/inputs/data/qsiprep/qsiprep/sub-112249/ses-1/dwi/sub-112249_ses-1_acq-multiband_dir-AP_space-ACPC_desc-preproc_dwi.nii.gz	0.0119680851063829	0.8431042	0.18342163	0.88149774	0.8533167	0.8839054	0.15917432	0.86678165	0.8686391115188599	sub-112249	ses-1		dir-AP	acq-multiband	space-ACPC			DSIStudio	autotrackgqi
ProjectionBasalGanglia_FornixL	directions	NODDI	/scratch/grmpy/SLURM_11194840_23/job-11194840-23-sub-112249/ds/inputs/data/qsiprep/qsiprep/sub-112249/ses-1/dwi/sub-112249_ses-1_acq-multiband_dir-AP_space-ACPC_desc-preproc_dwi.nii.gz	0.0	-0.035298053	0.5762702	-0.080684885	-0.035298053	-0.080684885	0.5762702	-0.035547554		sub-112249	ses-1		dir-AP	acq-multiband	space-ACPC			DSIStudio	autotrackgqi
ProjectionBasalGanglia_FornixL	icvf	NODDI	/scratch/grmpy/SLURM_11194840_23/job-11194840-23-sub-112249/ds/inputs/data/qsiprep/qsiprep/sub-112249/ses-1/dwi/sub-112249_ses-1_acq-multiband_dir-AP_space-ACPC_desc-preproc_dwi.nii.gz	0.0592485549132947	0.5831932	0.25322822	0.5323775	0.61992276	0.5460362	0.21305777	0.6437406	0.6567279100418091	sub-112249	ses-1		dir-AP	acq-multiband	space-ACPC			DSIStudio	autotrackgqi
ProjectionBasalGanglia_FornixL	isovf	NODDI	/scratch/grmpy/SLURM_11194840_23/job-11194840-23-sub-112249/ds/inputs/data/qsiprep/qsiprep/sub-112249/ses-1/dwi/sub-112249_ses-1_acq-multiband_dir-AP_space-ACPC_desc-preproc_dwi.nii.gz	0.2042389210019267	0.35319012	0.34123734	0.23349772	0.44383943	0.38828748	0.32572272	0.3612569	0.4331543445587158	sub-112249	ses-1		dir-AP	acq-multiband	space-ACPC			DSIStudio	autotrackgqi
ProjectionBasalGanglia_FornixL	modulated_icvf	NODDI	/scratch/grmpy/SLURM_11194840_23/job-11194840-23-sub-112249/ds/inputs/data/qsiprep/qsiprep/sub-112249/ses-1/dwi/sub-112249_ses-1_acq-multiband_dir-AP_space-ACPC_desc-preproc_dwi.nii.gz	0.0592485549132947	0.34705412	0.15122458	0.38176918	0.36891162	0.38962075	0.12745854	0.36694616	0.3743492066860199	sub-112249	ses-1		dir-AP	acq-multiband	space-ACPC			DSIStudio	autotrackgqi
ProjectionBasalGanglia_FornixL	modulated_od	NODDI	/scratch/grmpy/SLURM_11194840_23/job-11194840-23-sub-112249/ds/inputs/data/qsiprep/qsiprep/sub-112249/ses-1/dwi/sub-112249_ses-1_acq-multiband_dir-AP_space-ACPC_desc-preproc_dwi.nii.gz	0.0072254335260115	0.20516406	0.17514236	0.1713463	0.20665725	0.17421079	0.1748986	0.15833235	0.1586967706680297	sub-112249	ses-1		dir-AP	acq-multiband	space-ACPC			DSIStudio	autotrackgqi
ProjectionBasalGanglia_FornixL	nrmse	NODDI	/scratch/grmpy/SLURM_11194840_23/job-11194840-23-sub-112249/ds/inputs/data/qsiprep/qsiprep/sub-112249/ses-1/dwi/sub-112249_ses-1_acq-multiband_dir-AP_space-ACPC_desc-preproc_dwi.nii.gz	0.0	0.111401245	0.040011488	0.10279883	0.111401245	0.10279883	0.040011488	0.109874934	0.1098749414086341	sub-112249	ses-1		dir-AP	acq-multiband	space-ACPC			DSIStudio	autotrackgqi
ProjectionBasalGanglia_FornixL	od	NODDI	/scratch/grmpy/SLURM_11194840_23/job-11194840-23-sub-112249/ds/inputs/data/qsiprep/qsiprep/sub-112249/ses-1/dwi/sub-112249_ses-1_acq-multiband_dir-AP_space-ACPC_desc-preproc_dwi.nii.gz	0.0	0.3399401	0.23064557	0.29	0.3399401	0.29	0.23064557	0.24391846	0.2439185082912445	sub-112249	ses-1		dir-AP	acq-multiband	space-ACPC			DSIStudio	autotrackgqi
ProjectionBasalGanglia_FornixL	rmse	NODDI	/scratch/grmpy/SLURM_11194840_23/job-11194840-23-sub-112249/ds/inputs/data/qsiprep/qsiprep/sub-112249/ses-1/dwi/sub-112249_ses-1_acq-multiband_dir-AP_space-ACPC_desc-preproc_dwi.nii.gz	0.0	0.04807745	0.012560358	0.046157256	0.04807745	0.046157256	0.012560358	0.04842186	0.0484218597412109	sub-112249	ses-1		dir-AP	acq-multiband	space-ACPC			DSIStudio	autotrackgqi
ProjectionBasalGanglia_FornixL	tf	NODDI	/scratch/grmpy/SLURM_11194840_23/job-11194840-23-sub-112249/ds/inputs/data/qsiprep/qsiprep/sub-112249/ses-1/dwi/sub-112249_ses-1_acq-multiband_dir-AP_space-ACPC_desc-preproc_dwi.nii.gz	0.0592485549132947	0.6468099	0.34123734	0.76650226	0.687546	0.806206	0.30946496	0.6387431	0.651629626750946	sub-112249	ses-1		dir-AP	acq-multiband	space-ACPC			DSIStudio	autotrackgqi
ProjectionBrainstem_MedialLemniscusR	directions	NODDI	/scratch/grmpy/SLURM_11194840_23/job-11194840-23-sub-112249/ds/inputs/data/qsiprep/qsiprep/sub-112249/ses-1/dwi/sub-112249_ses-1_acq-multiband_dir-AP_space-ACPC_desc-preproc_dwi.nii.gz	0.0	3.5930203e-05	0.57735026	-0.041902244	3.5930203e-05	-0.041902244	0.57735026	-0.058491156		sub-112249	ses-1		dir-AP	acq-multiband	space-ACPC			DSIStudio	autotrackgqi
ProjectionBrainstem_MedialLemniscusR	icvf	NODDI	/scratch/grmpy/SLURM_11194840_23/job-11194840-23-sub-112249/ds/inputs/data/qsiprep/qsiprep/sub-112249/ses-1/dwi/sub-112249_ses-1_acq-multiband_dir-AP_space-ACPC_desc-preproc_dwi.nii.gz	0.0013594344752582	0.6159871	0.14715144	0.6061276	0.61682564	0.6062353	0.14548469	0.6782297	0.6783475875854492	sub-112249	ses-1		dir-AP	acq-multiband	space-ACPC			DSIStudio	autotrackgqi
ProjectionBrainstem_MedialLemniscusR	isovf	NODDI	/scratch/grmpy/SLURM_11194840_23/job-11194840-23-sub-112249/ds/inputs/data/qsiprep/qsiprep/sub-112249/ses-1/dwi/sub-112249_ses-1_acq-multiband_dir-AP_space-ACPC_desc-preproc_dwi.nii.gz	0.1628602501359434	0.13522786	0.15500964	0.100303724	0.16153559	0.11765385	0.15637405	0.15592691	0.1664756089448928	sub-112249	ses-1		dir-AP	acq-multiband	space-ACPC			DSIStudio	autotrackgqi
ProjectionBrainstem_MedialLemniscusR	modulated_icvf	NODDI	/scratch/grmpy/SLURM_11194840_23/job-11194840-23-sub-112249/ds/inputs/data/qsiprep/qsiprep/sub-112249/ses-1/dwi/sub-112249_ses-1_acq-multiband_dir-AP_space-ACPC_desc-preproc_dwi.nii.gz	0.0013594344752582	0.52038294	0.110097185	0.535828	0.52109134	0.5358705	0.108483896	0.5580527	0.5581498146057129	sub-112249	ses-1		dir-AP	acq-multiband	space-ACPC			DSIStudio	autotrackgqi
ProjectionBrainstem_MedialLemniscusR	modulated_od	NODDI	/scratch/grmpy/SLURM_11194840_23/job-11194840-23-sub-112249/ds/inputs/data/qsiprep/qsiprep/sub-112249/ses-1/dwi/sub-112249_ses-1_acq-multiband_dir-AP_space-ACPC_desc-preproc_dwi.nii.gz	0.0	0.20736642	0.14917575	0.18986577	0.20736642	0.18986577	0.14917575	0.14345175	0.1434517502784729	sub-112249	ses-1		dir-AP	acq-multiband	space-ACPC			DSIStudio	autotrackgqi
ProjectionBrainstem_MedialLemniscusR	nrmse	NODDI	/scratch/grmpy/SLURM_11194840_23/job-11194840-23-sub-112249/ds/inputs/data/qsiprep/qsiprep/sub-112249/ses-1/dwi/sub-112249_ses-1_acq-multiband_dir-AP_space-ACPC_desc-preproc_dwi.nii.gz	0.0	0.09929049	0.029744506	0.09645556	0.09929049	0.09645556	0.029744506	0.103833005	0.1038330048322677	sub-112249	ses-1		dir-AP	acq-multiband	space-ACPC			DSIStudio	autotrackgqi
ProjectionBrainstem_MedialLemniscusR	od	NODDI	/scratch/grmpy/SLURM_11194840_23/job-11194840-23-sub-112249/ds/inputs/data/qsiprep/qsiprep/sub-112249/ses-1/dwi/sub-112249_ses-1_acq-multiband_dir-AP_space-ACPC_desc-preproc_dwi.nii.gz	0.0	0.24219687	0.16531347	0.22923456	0.24219687	0.22923456	0.16531347	0.17118645	0.1711864471435547	sub-112249	ses-1		dir-AP	acq-multiband	space-ACPC			DSIStudio	autotrackgqi
ProjectionBrainstem_MedialLemniscusR	rmse	NODDI	/scratch/grmpy/SLURM_11194840_23/job-11194840-23-sub-112249/ds/inputs/data/qsiprep/qsiprep/sub-112249/ses-1/dwi/sub-112249_ses-1_acq-multiband_dir-AP_space-ACPC_desc-preproc_dwi.nii.gz	0.0	0.051140167	0.013318131	0.050825097	0.051140167	0.050825097	0.013318131	0.05428702	0.0542870201170444	sub-112249	ses-1		dir-AP	acq-multiband	space-ACPC			DSIStudio	autotrackgqi
ProjectionBrainstem_MedialLemniscusR	tf	NODDI	/scratch/grmpy/SLURM_11194840_23/job-11194840-23-sub-112249/ds/inputs/data/qsiprep/qsiprep/sub-112249/ses-1/dwi/sub-112249_ses-1_acq-multiband_dir-AP_space-ACPC_desc-preproc_dwi.nii.gz	0.0013594344752582	0.86477214	0.15500964	0.89969623	0.86594933	0.8998428	0.1517936	0.84407306	0.8442199230194092	sub-112249	ses-1		dir-AP	acq-multiband	space-ACPC			DSIStudio	autotrackgqi
ProjectionBasalGanglia_ThalamicRadiationR	directions	NODDI	/scratch/grmpy/SLURM_11194840_23/job-11194840-23-sub-112249/ds/inputs/data/qsiprep/qsiprep/sub-112249/ses-1/dwi/sub-112249_ses-1_acq-multiband_dir-AP_space-ACPC_desc-preproc_dwi.nii.gz	4.0	-0.020463426	0.57686156	-0.053180337	-0.020472351	-0.053451568	0.5769872	0.06215366		sub-112249	ses-1		dir-AP	acq-multiband	space-ACPC			DSIStudio	autotrackgqi
ProjectionBasalGanglia_ThalamicRadiationR	icvf	NODDI	/scratch/grmpy/SLURM_11194840_23/job-11194840-23-sub-112249/ds/inputs/data/qsiprep/qsiprep/sub-112249/ses-1/dwi/sub-112249_ses-1_acq-multiband_dir-AP_space-ACPC_desc-preproc_dwi.nii.gz	0.0078474114441416	0.565506	0.13474226	0.5663618	0.56997883	0.5675148	0.12549758	0.5975626	0.5997719764709473	sub-112249	ses-1		dir-AP	acq-multiband	space-ACPC			DSIStudio	autotrackgqi
ProjectionBasalGanglia_ThalamicRadiationR	isovf	NODDI	/scratch/grmpy/SLURM_11194840_23/job-11194840-23-sub-112249/ds/inputs/data/qsiprep/qsiprep/sub-112249/ses-1/dwi/sub-112249_ses-1_acq-multiband_dir-AP_space-ACPC_desc-preproc_dwi.nii.gz	0.2285558583106267	0.12418755	0.16804254	0.08914685	0.16098061	0.11547374	0.17516132	0.124998175	0.1428266763687133	sub-112249	ses-1		dir-AP	acq-multiband	space-ACPC			DSIStudio	autotrackgqi
ProjectionBasalGanglia_ThalamicRadiationR	modulated_icvf	NODDI	/scratch/grmpy/SLURM_11194840_23/job-11194840-23-sub-112249/ds/inputs/data/qsiprep/qsiprep/sub-112249/ses-1/dwi/sub-112249_ses-1_acq-multiband_dir-AP_space-ACPC_desc-preproc_dwi.nii.gz	0.0078474114441416	0.48855582	0.11112761	0.5095772	0.49242002	0.5102554	0.10268496	0.51543003	0.5173357129096985	sub-112249	ses-1		dir-AP	acq-multiband	space-ACPC			DSIStudio	autotrackgqi
ProjectionBasalGanglia_ThalamicRadiationR	modulated_od	NODDI	/scratch/grmpy/SLURM_11194840_23/job-11194840-23-sub-112249/ds/inputs/data/qsiprep/qsiprep/sub-112249/ses-1/dwi/sub-112249_ses-1_acq-multiband_dir-AP_space-ACPC_desc-preproc_dwi.nii.gz	0.0008719346049046	0.24257538	0.1540365	0.22820303	0.24278708	0.22838527	0.15393685	0.19479527	0.1947981715202331	sub-112249	ses-1		dir-AP	acq-multiband	space-ACPC			DSIStudio	autotrackgqi
ProjectionBasalGanglia_ThalamicRadiationR	nrmse	NODDI	/scratch/grmpy/SLURM_11194840_23/job-11194840-23-sub-112249/ds/inputs/data/qsiprep/qsiprep/sub-112249/ses-1/dwi/sub-112249_ses-1_acq-multiband_dir-AP_space-ACPC_desc-preproc_dwi.nii.gz	0.0004359673024523	0.09916775	0.033447105	0.094189756	0.099211	0.09420743	0.0333902	0.09858318	0.0985840931534767	sub-112249	ses-1		dir-AP	acq-multiband	space-ACPC			DSIStudio	autotrackgqi
ProjectionBasalGanglia_ThalamicRadiationR	od	NODDI	/scratch/grmpy/SLURM_11194840_23/job-11194840-23-sub-112249/ds/inputs/data/qsiprep/qsiprep/sub-112249/ses-1/dwi/sub-112249_ses-1_acq-multiband_dir-AP_space-ACPC_desc-preproc_dwi.nii.gz	0.0004359673024523	0.28404638	0.17434724	0.26741782	0.28417027	0.2674577	0.17428428	0.22843018	0.228432297706604	sub-112249	ses-1		dir-AP	acq-multiband	space-ACPC			DSIStudio	autotrackgqi
ProjectionBasalGanglia_ThalamicRadiationR	rmse	NODDI	/scratch/grmpy/SLURM_11194840_23/job-11194840-23-sub-112249/ds/inputs/data/qsiprep/qsiprep/sub-112249/ses-1/dwi/sub-112249_ses-1_acq-multiband_dir-AP_space-ACPC_desc-preproc_dwi.nii.gz	0.0004359673024523	0.05034586	0.014816505	0.048827708	0.05036782	0.04883162	0.014782373	0.051030684	0.0510311536490917	sub-112249	ses-1		dir-AP	acq-multiband	space-ACPC			DSIStudio	autotrackgqi
ProjectionBasalGanglia_ThalamicRadiationR	tf	NODDI	/scratch/grmpy/SLURM_11194840_23/job-11194840-23-sub-112249/ds/inputs/data/qsiprep/qsiprep/sub-112249/ses-1/dwi/sub-112249_ses-1_acq-multiband_dir-AP_space-ACPC_desc-preproc_dwi.nii.gz	0.0078474114441416	0.87537646	0.16901416	0.91067517	0.88230026	0.9115134	0.15060838	0.87499255	0.878227710723877	sub-112249	ses-1		dir-AP	acq-multiband	space-ACPC			DSIStudio	autotrackgqi
ProjectionBrainstem_CorticopontineTractR	directions	NODDI	/scratch/grmpy/SLURM_11194840_23/job-11194840-23-sub-112249/ds/inputs/data/qsiprep/qsiprep/sub-112249/ses-1/dwi/sub-112249_ses-1_acq-multiband_dir-AP_space-ACPC_desc-preproc_dwi.nii.gz	0.0	-0.012895725	0.57720625	-0.05569225	-0.012895725	-0.05569225	0.57720625	-0.11962945		sub-112249	ses-1		dir-AP	acq-multiband	space-ACPC			DSIStudio	autotrackgqi
ProjectionBrainstem_CorticopontineTractR	icvf	NODDI	/scratch/grmpy/SLURM_11194840_23/job-11194840-23-sub-112249/ds/inputs/data/qsiprep/qsiprep/sub-112249/ses-1/dwi/sub-112249_ses-1_acq-multiband_dir-AP_space-ACPC_desc-preproc_dwi.nii.gz	0.0012465719272001	0.6475752	0.15730102	0.63279426	0.64838344	0.6329705	0.15572552	0.69961065	0.6997108459472656	sub-112249	ses-1		dir-AP	acq-multiband	space-ACPC			DSIStudio	autotrackgqi
ProjectionBrainstem_CorticopontineTractR	isovf	NODDI	/scratch/grmpy/SLURM_11194840_23/job-11194840-23-sub-112249/ds/inputs/data/qsiprep/qsiprep/sub-112249/ses-1/dwi/sub-112249_ses-1_acq-multiband_dir-AP_space-ACPC_desc-preproc_dwi.nii.gz	0.137372226377462	0.14223514	0.14674613	0.11516883	0.1648859	0.12870383	0.14570163	0.1497308	0.1585862040519714	sub-112249	ses-1		dir-AP	acq-multiband	space-ACPC			DSIStudio	autotrackgqi
ProjectionBrainstem_CorticopontineTractR	modulated_icvf	NODDI	/scratch/grmpy/SLURM_11194840_23/job-11194840-23-sub-112249/ds/inputs/data/qsiprep/qsiprep/sub-112249/ses-1/dwi/sub-112249_ses-1_acq-multiband_dir-AP_space-ACPC_desc-preproc_dwi.nii.gz	0.0012465719272001	0.5446326	0.1206642	0.5523124	0.5453124	0.5524796	0.11919452	0.58373517	0.583818793296814	sub-112249	ses-1		dir-AP	acq-multiband	space-ACPC			DSIStudio	autotrackgqi
ProjectionBrainstem_CorticopontineTractR	modulated_od	NODDI	/scratch/grmpy/SLURM_11194840_23/job-11194840-23-sub-112249/ds/inputs/data/qsiprep/qsiprep/sub-112249/ses-1/dwi/sub-112249_ses-1_acq-multiband_dir-AP_space-ACPC_desc-preproc_dwi.nii.gz	0.0	0.20515905	0.14922065	0.18630077	0.20515905	0.18630077	0.14922065	0.14222372	0.1422237157821655	sub-112249	ses-1		dir-AP	acq-multiband	space-ACPC			DSIStudio	autotrackgqi
ProjectionBrainstem_CorticopontineTractR	nrmse	NODDI	/scratch/grmpy/SLURM_11194840_23/job-11194840-23-sub-112249/ds/inputs/data/qsiprep/qsiprep/sub-112249/ses-1/dwi/sub-112249_ses-1_acq-multiband_dir-AP_space-ACPC_desc-preproc_dwi.nii.gz	0.0	0.09928639	0.03185306	0.09546168	0.09928639	0.09546168	0.03185306	0.10389239	0.1038923934102058	sub-112249	ses-1		dir-AP	acq-multiband	space-ACPC			DSIStudio	autotrackgqi
ProjectionBrainstem_CorticopontineTractR	od	NODDI	/scratch/grmpy/SLURM_11194840_23/job-11194840-23-sub-112249/ds/inputs/data/qsiprep/qsiprep/sub-112249/ses-1/dwi/sub-112249_ses-1_acq-multiband_dir-AP_space-ACPC_desc-preproc_dwi.nii.gz	0.0	0.24214187	0.16973813	0.22631016	0.24214187	0.22631016	0.16973813	0.16900353	0.1690035313367843	sub-112249	ses-1		dir-AP	acq-multiband	space-ACPC			DSIStudio	autotrackgqi
ProjectionBrainstem_CorticopontineTractR	rmse	NODDI	/scratch/grmpy/SLURM_11194840_23/job-11194840-23-sub-112249/ds/inputs/data/qsiprep/qsiprep/sub-112249/ses-1/dwi/sub-112249_ses-1_acq-multiband_dir-AP_space-ACPC_desc-preproc_dwi.nii.gz	0.0	0.05175321	0.0146132745	0.05073996	0.05175321	0.05073996	0.0146132745	0.055310246	0.0553102456033229	sub-112249	ses-1		dir-AP	acq-multiband	space-ACPC			DSIStudio	autotrackgqi
ProjectionBrainstem_CorticopontineTractR	tf	NODDI	/scratch/grmpy/SLURM_11194840_23/job-11194840-23-sub-112249/ds/inputs/data/qsiprep/qsiprep/sub-112249/ses-1/dwi/sub-112249_ses-1_acq-multiband_dir-AP_space-ACPC_desc-preproc_dwi.nii.gz	0.0012465719272001	0.85776484	0.14674613	0.8848312	0.85883546	0.8849423	0.14367267	0.8502692	0.8503910303115845	sub-112249	ses-1		dir-AP	acq-multiband	space-ACPC			DSIStudio	autotrackgqi
ProjectionBasalGanglia_CorticostriatalTractL	directions	NODDI	/scratch/grmpy/SLURM_11194840_23/job-11194840-23-sub-112249/ds/inputs/data/qsiprep/qsiprep/sub-112249/ses-1/dwi/sub-112249_ses-1_acq-multiband_dir-AP_space-ACPC_desc-preproc_dwi.nii.gz	22.0	-0.032493796	0.57598925	-0.082766205	-0.03254396	-0.08412923	0.57643235	0.03496921		sub-112249	ses-1		dir-AP	acq-multiband	space-ACPC			DSIStudio	autotrackgqi
ProjectionBasalGanglia_CorticostriatalTractL	icvf	NODDI	/scratch/grmpy/SLURM_11194840_23/job-11194840-23-sub-112249/ds/inputs/data/qsiprep/qsiprep/sub-112249/ses-1/dwi/sub-112249_ses-1_acq-multiband_dir-AP_space-ACPC_desc-preproc_dwi.nii.gz	0.0059557174887892	0.5599366	0.12199184	0.5690932	0.5632914	0.5700201	0.11437413	0.6030873	0.6033051609992981	sub-112249	ses-1		dir-AP	acq-multiband	space-ACPC			DSIStudio	autotrackgqi
ProjectionBasalGanglia_CorticostriatalTractL	isovf	NODDI	/scratch/grmpy/SLURM_11194840_23/job-11194840-23-sub-112249/ds/inputs/data/qsiprep/qsiprep/sub-112249/ses-1/dwi/sub-112249_ses-1_acq-multiband_dir-AP_space-ACPC_desc-preproc_dwi.nii.gz	0.2570767937219731	0.10298463	0.13338132	0.0847358	0.13862082	0.11371471	0.13786517	0.10433091	0.1224335283041	sub-112249	ses-1		dir-AP	acq-multiband	space-ACPC			DSIStudio	autotrackgqi
ProjectionBasalGanglia_CorticostriatalTractL	modulated_icvf	NODDI	/scratch/grmpy/SLURM_11194840_23/job-11194840-23-sub-112249/ds/inputs/data/qsiprep/qsiprep/sub-112249/ses-1/dwi/sub-112249_ses-1_acq-multiband_dir-AP_space-ACPC_desc-preproc_dwi.nii.gz	0.0059557174887892	0.4989569	0.10321142	0.51731765	0.50194633	0.5179463	0.09599936	0.53593576	0.536129355430603	sub-112249	ses-1		dir-AP	acq-multiband	space-ACPC			DSIStudio	autotrackgqi
ProjectionBasalGanglia_CorticostriatalTractL	modulated_od	NODDI	/scratch/grmpy/SLURM_11194840_23/job-11194840-23-sub-112249/ds/inputs/data/qsiprep/qsiprep/sub-112249/ses-1/dwi/sub-112249_ses-1_acq-multiband_dir-AP_space-ACPC_desc-preproc_dwi.nii.gz	0.0023822869955156	0.2682941	0.17304793	0.2381585	0.2689348	0.23866604	0.17275645	0.20852584	0.2085483968257904	sub-112249	ses-1		dir-AP	acq-multiband	space-ACPC			DSIStudio	autotrackgqi
ProjectionBasalGanglia_CorticostriatalTractL	nrmse	NODDI	/scratch/grmpy/SLURM_11194840_23/job-11194840-23-sub-112249/ds/inputs/data/qsiprep/qsiprep/sub-112249/ses-1/dwi/sub-112249_ses-1_acq-multiband_dir-AP_space-ACPC_desc-preproc_dwi.nii.gz	0.0015414798206278	0.09062275	0.027909782	0.0864844	0.09076266	0.08653447	0.027703067	0.09193916	0.0919462740421295	sub-112249	ses-1		dir-AP	acq-multiband	space-ACPC			DSIStudio	autotrackgqi
ProjectionBasalGanglia_CorticostriatalTractL	od	NODDI	/scratch/grmpy/SLURM_11194840_23/job-11194840-23-sub-112249/ds/inputs/data/qsiprep/qsiprep/sub-112249/ses-1/dwi/sub-112249_ses-1_acq-multiband_dir-AP_space-ACPC_desc-preproc_dwi.nii.gz	0.0015414798206278	0.30215925	0.1875503	0.27196452	0.30262575	0.27228278	0.18731856	0.23105861	0.2310764640569687	sub-112249	ses-1		dir-AP	acq-multiband	space-ACPC			DSIStudio	autotrackgqi
ProjectionBasalGanglia_CorticostriatalTractL	rmse	NODDI	/scratch/grmpy/SLURM_11194840_23/job-11194840-23-sub-112249/ds/inputs/data/qsiprep/qsiprep/sub-112249/ses-1/dwi/sub-112249_ses-1_acq-multiband_dir-AP_space-ACPC_desc-preproc_dwi.nii.gz	0.0015414798206278	0.04706722	0.016015878	0.04505664	0.047139887	0.04508583	0.01592102	0.04864481	0.0486485809087753	sub-112249	ses-1		dir-AP	acq-multiband	space-ACPC			DSIStudio	autotrackgqi
ProjectionBasalGanglia_CorticostriatalTractL	tf	NODDI	/scratch/grmpy/SLURM_11194840_23/job-11194840-23-sub-112249/ds/inputs/data/qsiprep/qsiprep/sub-112249/ses-1/dwi/sub-112249_ses-1_acq-multiband_dir-AP_space-ACPC_desc-preproc_dwi.nii.gz	0.0059557174887892	0.8954739	0.13788469	0.91498625	0.90083903	0.915632	0.119553186	0.89559174	0.8959150910377502	sub-112249	ses-1		dir-AP	acq-multiband	space-ACPC			DSIStudio	autotrackgqi
ProjectionBrainstem_CorticospinalTractL	directions	NODDI	/scratch/grmpy/SLURM_11194840_23/job-11194840-23-sub-112249/ds/inputs/data/qsiprep/qsiprep/sub-112249/ses-1/dwi/sub-112249_ses-1_acq-multiband_dir-AP_space-ACPC_desc-preproc_dwi.nii.gz	0.0	0.07214079	0.5728255	-0.0012715559	0.07214079	-0.0012715559	0.5728255	0.4637882		sub-112249	ses-1		dir-AP	acq-multiband	space-ACPC			DSIStudio	autotrackgqi
ProjectionBrainstem_CorticospinalTractL	icvf	NODDI	/scratch/grmpy/SLURM_11194840_23/job-11194840-23-sub-112249/ds/inputs/data/qsiprep/qsiprep/sub-112249/ses-1/dwi/sub-112249_ses-1_acq-multiband_dir-AP_space-ACPC_desc-preproc_dwi.nii.gz	0.0023980815347721	0.6837028	0.15609816	0.67264616	0.68534636	0.67288655	0.15263954	0.71366775	0.7146942615509033	sub-112249	ses-1		dir-AP	acq-multiband	space-ACPC			DSIStudio	autotrackgqi
ProjectionBrainstem_CorticospinalTractL	isovf	NODDI	/scratch/grmpy/SLURM_11194840_23/job-11194840-23-sub-112249/ds/inputs/data/qsiprep/qsiprep/sub-112249/ses-1/dwi/sub-112249_ses-1_acq-multiband_dir-AP_space-ACPC_desc-preproc_dwi.nii.gz	0.1103117505995203	0.15015242	0.14199622	0.12777151	0.16876969	0.14008752	0.13971713	0.13193968	0.1389645189046859	sub-112249	ses-1		dir-AP	acq-multiband	space-ACPC			DSIStudio	autotrackgqi
ProjectionBrainstem_CorticospinalTractL	modulated_icvf	NODDI	/scratch/grmpy/SLURM_11194840_23/job-11194840-23-sub-112249/ds/inputs/data/qsiprep/qsiprep/sub-112249/ses-1/dwi/sub-112249_ses-1_acq-multiband_dir-AP_space-ACPC_desc-preproc_dwi.nii.gz	0.0023980815347721	0.57335615	0.12406946	0.5834234	0.5747344	0.5837428	0.120988026	0.614053	0.6149362325668335	sub-112249	ses-1		dir-AP	acq-multiband	space-ACPC			DSIStudio	autotrackgqi
ProjectionBrainstem_CorticospinalTractL	modulated_od	NODDI	/scratch/grmpy/SLURM_11194840_23/job-11194840-23-sub-112249/ds/inputs/data/qsiprep/qsiprep/sub-112249/ses-1/dwi/sub-112249_ses-1_acq-multiband_dir-AP_space-ACPC_desc-preproc_dwi.nii.gz	0.0	0.20198809	0.14617051	0.18213803	0.20198809	0.18213803	0.14617051	0.17155407	0.1715540736913681	sub-112249	ses-1		dir-AP	acq-multiband	space-ACPC			DSIStudio	autotrackgqi
ProjectionBrainstem_CorticospinalTractL	nrmse	NODDI	/scratch/grmpy/SLURM_11194840_23/job-11194840-23-sub-112249/ds/inputs/data/qsiprep/qsiprep/sub-112249/ses-1/dwi/sub-112249_ses-1_acq-multiband_dir-AP_space-ACPC_desc-preproc_dwi.nii.gz	0.0	0.103336155	0.031631935	0.09915354	0.103336155	0.09915354	0.031631935	0.102833346	0.1028333455324173	sub-112249	ses-1		dir-AP	acq-multiband	space-ACPC			DSIStudio	autotrackgqi
ProjectionBrainstem_CorticospinalTractL	od	NODDI	/scratch/grmpy/SLURM_11194840_23/job-11194840-23-sub-112249/ds/inputs/data/qsiprep/qsiprep/sub-112249/ses-1/dwi/sub-112249_ses-1_acq-multiband_dir-AP_space-ACPC_desc-preproc_dwi.nii.gz	0.0	0.24091698	0.16628818	0.22097199	0.24091698	0.22097199	0.16628818	0.20001672	0.2000167220830917	sub-112249	ses-1		dir-AP	acq-multiband	space-ACPC			DSIStudio	autotrackgqi
ProjectionBrainstem_CorticospinalTractL	rmse	NODDI	/scratch/grmpy/SLURM_11194840_23/job-11194840-23-sub-112249/ds/inputs/data/qsiprep/qsiprep/sub-112249/ses-1/dwi/sub-112249_ses-1_acq-multiband_dir-AP_space-ACPC_desc-preproc_dwi.nii.gz	0.0	0.054546427	0.014771243	0.05317128	0.054546427	0.05317128	0.014771243	0.056035638	0.0560356378555297	sub-112249	ses-1		dir-AP	acq-multiband	space-ACPC			DSIStudio	autotrackgqi
ProjectionBrainstem_CorticospinalTractL	tf	NODDI	/scratch/grmpy/SLURM_11194840_23/job-11194840-23-sub-112249/ds/inputs/data/qsiprep/qsiprep/sub-112249/ses-1/dwi/sub-112249_ses-1_acq-multiband_dir-AP_space-ACPC_desc-preproc_dwi.nii.gz	0.0023980815347721	0.84984756	0.14199622	0.8722285	0.85189044	0.8724938	0.1359083	0.86806035	0.8693088293075562	sub-112249	ses-1		dir-AP	acq-multiband	space-ACPC			DSIStudio	autotrackgqi
ProjectionBasalGanglia_AcousticRadiationL	directions	NODDI	/scratch/grmpy/SLURM_11194840_23/job-11194840-23-sub-112249/ds/inputs/data/qsiprep/qsiprep/sub-112249/ses-1/dwi/sub-112249_ses-1_acq-multiband_dir-AP_space-ACPC_desc-preproc_dwi.nii.gz	0.0	-0.14047936	0.559999	-0.2370676	-0.14047936	-0.2370676	0.559999	-0.76413375		sub-112249	ses-1		dir-AP	acq-multiband	space-ACPC			DSIStudio	autotrackgqi
ProjectionBasalGanglia_AcousticRadiationL	icvf	NODDI	/scratch/grmpy/SLURM_11194840_23/job-11194840-23-sub-112249/ds/inputs/data/qsiprep/qsiprep/sub-112249/ses-1/dwi/sub-112249_ses-1_acq-multiband_dir-AP_space-ACPC_desc-preproc_dwi.nii.gz	0.0185825410544511	0.62500966	0.17957062	0.5899595	0.63684386	0.592723	0.15912145	0.6170132	0.6217033267021179	sub-112249	ses-1		dir-AP	acq-multiband	space-ACPC			DSIStudio	autotrackgqi
ProjectionBasalGanglia_AcousticRadiationL	isovf	NODDI	/scratch/grmpy/SLURM_11194840_23/job-11194840-23-sub-112249/ds/inputs/data/qsiprep/qsiprep/sub-112249/ses-1/dwi/sub-112249_ses-1_acq-multiband_dir-AP_space-ACPC_desc-preproc_dwi.nii.gz	0.1283491789109766	0.21070027	0.25066108	0.12732385	0.24172555	0.14256233	0.2541321	0.17443305	0.2012480497360229	sub-112249	ses-1		dir-AP	acq-multiband	space-ACPC			DSIStudio	autotrackgqi
ProjectionBasalGanglia_AcousticRadiationL	modulated_icvf	NODDI	/scratch/grmpy/SLURM_11194840_23/job-11194840-23-sub-112249/ds/inputs/data/qsiprep/qsiprep/sub-112249/ses-1/dwi/sub-112249_ses-1_acq-multiband_dir-AP_space-ACPC_desc-preproc_dwi.nii.gz	0.0185825410544511	0.4750062	0.14162385	0.50062954	0.48400015	0.5024702	0.12682277	0.4971801	0.5009593367576599	sub-112249	ses-1		dir-AP	acq-multiband	space-ACPC			DSIStudio	autotrackgqi
ProjectionBasalGanglia_AcousticRadiationL	modulated_od	NODDI	/scratch/grmpy/SLURM_11194840_23/job-11194840-23-sub-112249/ds/inputs/data/qsiprep/qsiprep/sub-112249/ses-1/dwi/sub-112249_ses-1_acq-multiband_dir-AP_space-ACPC_desc-preproc_dwi.nii.gz	0.0017286084701815	0.17739266	0.1452735	0.13878891	0.17769983	0.13927573	0.1452114	0.14309458	0.1431514620780944	sub-112249	ses-1		dir-AP	acq-multiband	space-ACPC			DSIStudio	autotrackgqi
ProjectionBasalGanglia_AcousticRadiationL	nrmse	NODDI	/scratch/grmpy/SLURM_11194840_23/job-11194840-23-sub-112249/ds/inputs/data/qsiprep/qsiprep/sub-112249/ses-1/dwi/sub-112249_ses-1_acq-multiband_dir-AP_space-ACPC_desc-preproc_dwi.nii.gz	0.0	0.10739706	0.044573613	0.09735249	0.10739706	0.09735249	0.044573613	0.10586954	0.1058695465326309	sub-112249	ses-1		dir-AP	acq-multiband	space-ACPC			DSIStudio	autotrackgqi
ProjectionBasalGanglia_AcousticRadiationL	od	NODDI	/scratch/grmpy/SLURM_11194840_23/job-11194840-23-sub-112249/ds/inputs/data/qsiprep/qsiprep/sub-112249/ses-1/dwi/sub-112249_ses-1_acq-multiband_dir-AP_space-ACPC_desc-preproc_dwi.nii.gz	0.0	0.24593565	0.19172603	0.22158629	0.24593565	0.22158629	0.19172603	0.18537804	0.1853780597448349	sub-112249	ses-1		dir-AP	acq-multiband	space-ACPC			DSIStudio	autotrackgqi
ProjectionBasalGanglia_AcousticRadiationL	rmse	NODDI	/scratch/grmpy/SLURM_11194840_23/job-11194840-23-sub-112249/ds/inputs/data/qsiprep/qsiprep/sub-112249/ses-1/dwi/sub-112249_ses-1_acq-multiband_dir-AP_space-ACPC_desc-preproc_dwi.nii.gz	0.0	0.05186544	0.0143012125	0.050160065	0.05186544	0.050160065	0.0143012125	0.053105384	0.053105391561985	sub-112249	ses-1		dir-AP	acq-multiband	space-ACPC			DSIStudio	autotrackgqi
ProjectionBasalGanglia_AcousticRadiationL	tf	NODDI	/scratch/grmpy/SLURM_11194840_23/job-11194840-23-sub-112249/ds/inputs/data/qsiprep/qsiprep/sub-112249/ses-1/dwi/sub-112249_ses-1_acq-multiband_dir-AP_space-ACPC_desc-preproc_dwi.nii.gz	0.0185825410544511	0.7892997	0.25066108	0.87267613	0.80424464	0.87485504	0.22803788	0.8255669	0.831842303276062	sub-112249	ses-1		dir-AP	acq-multiband	space-ACPC			DSIStudio	autotrackgqi
ProjectionBasalGanglia_CorticostriatalTractR	directions	NODDI	/scratch/grmpy/SLURM_11194840_23/job-11194840-23-sub-112249/ds/inputs/data/qsiprep/qsiprep/sub-112249/ses-1/dwi/sub-112249_ses-1_acq-multiband_dir-AP_space-ACPC_desc-preproc_dwi.nii.gz	25.0	-0.01345862	0.5767118	-0.042817257	-0.0134810945	-0.044273064	0.57719284	-0.020253386		sub-112249	ses-1		dir-AP	acq-multiband	space-ACPC			DSIStudio	autotrackgqi
ProjectionBasalGanglia_CorticostriatalTractR	icvf	NODDI	/scratch/grmpy/SLURM_11194840_23/job-11194840-23-sub-112249/ds/inputs/data/qsiprep/qsiprep/sub-112249/ses-1/dwi/sub-112249_ses-1_acq-multiband_dir-AP_space-ACPC_desc-preproc_dwi.nii.gz	0.0028007468658308	0.55277985	0.12300587	0.5537393	0.5543324	0.5541712	0.119634084	0.6020186	0.6021095514297485	sub-112249	ses-1		dir-AP	acq-multiband	space-ACPC			DSIStudio	autotrackgqi
ProjectionBasalGanglia_CorticostriatalTractR	isovf	NODDI	/scratch/grmpy/SLURM_11194840_23/job-11194840-23-sub-112249/ds/inputs/data/qsiprep/qsiprep/sub-112249/ses-1/dwi/sub-112249_ses-1_acq-multiband_dir-AP_space-ACPC_desc-preproc_dwi.nii.gz	0.2776740464123766	0.10023961	0.12728678	0.08036057	0.13877338	0.111925	0.13070099	0.10315206	0.119950070977211	sub-112249	ses-1		dir-AP	acq-multiband	space-ACPC			DSIStudio	autotrackgqi
ProjectionBasalGanglia_CorticostriatalTractR	modulated_icvf	NODDI	/scratch/grmpy/SLURM_11194840_23/job-11194840-23-sub-112249/ds/inputs/data/qsiprep/qsiprep/sub-112249/ses-1/dwi/sub-112249_ses-1_acq-multiband_dir-AP_space-ACPC_desc-preproc_dwi.nii.gz	0.0028007468658308	0.49174076	0.1026192	0.5076081	0.49312186	0.5080042	0.09939428	0.536006	0.5360867977142334	sub-112249	ses-1		dir-AP	acq-multiband	space-ACPC			DSIStudio	autotrackgqi
ProjectionBasalGanglia_CorticostriatalTractR	modulated_od	NODDI	/scratch/grmpy/SLURM_11194840_23/job-11194840-23-sub-112249/ds/inputs/data/qsiprep/qsiprep/sub-112249/ses-1/dwi/sub-112249_ses-1_acq-multiband_dir-AP_space-ACPC_desc-preproc_dwi.nii.gz	0.0024006401707121	0.25976303	0.1722848	0.23320255	0.2603881	0.23366052	0.1720195	0.18217134	0.182189479470253	sub-112249	ses-1		dir-AP	acq-multiband	space-ACPC			DSIStudio	autotrackgqi
ProjectionBasalGanglia_CorticostriatalTractR	nrmse	NODDI	/scratch/grmpy/SLURM_11194840_23/job-11194840-23-sub-112249/ds/inputs/data/qsiprep/qsiprep/sub-112249/ses-1/dwi/sub-112249_ses-1_acq-multiband_dir-AP_space-ACPC_desc-preproc_dwi.nii.gz	0.0016671112296612	0.092544846	0.03140403	0.08777732	0.092699386	0.087807536	0.031201512	0.09357451	0.0935800150036811	sub-112249	ses-1		dir-AP	acq-multiband	space-ACPC			DSIStudio	autotrackgqi
ProjectionBasalGanglia_CorticostriatalTractR	od	NODDI	/scratch/grmpy/SLURM_11194840_23/job-11194840-23-sub-112249/ds/inputs/data/qsiprep/qsiprep/sub-112249/ses-1/dwi/sub-112249_ses-1_acq-multiband_dir-AP_space-ACPC_desc-preproc_dwi.nii.gz	0.0016671112296612	0.28978086	0.18516372	0.26386166	0.29026476	0.264211	0.18493891	0.20128144	0.2012932896614074	sub-112249	ses-1		dir-AP	acq-multiband	space-ACPC			DSIStudio	autotrackgqi
ProjectionBasalGanglia_CorticostriatalTractR	rmse	NODDI	/scratch/grmpy/SLURM_11194840_23/job-11194840-23-sub-112249/ds/inputs/data/qsiprep/qsiprep/sub-112249/ses-1/dwi/sub-112249_ses-1_acq-multiband_dir-AP_space-ACPC_desc-preproc_dwi.nii.gz	0.0016671112296612	0.04780292	0.016724411	0.045635663	0.047882747	0.045655653	0.0166238	0.049619727	0.0496226549148559	sub-112249	ses-1		dir-AP	acq-multiband	space-ACPC			DSIStudio	autotrackgqi
ProjectionBasalGanglia_CorticostriatalTractR	tf	NODDI	/scratch/grmpy/SLURM_11194840_23/job-11194840-23-sub-112249/ds/inputs/data/qsiprep/qsiprep/sub-112249/ses-1/dwi/sub-112249_ses-1_acq-multiband_dir-AP_space-ACPC_desc-preproc_dwi.nii.gz	0.0028007468658308	0.8980933	0.13240859	0.91925627	0.9006157	0.91956145	0.12373183	0.8967891	0.8969243764877319	sub-112249	ses-1		dir-AP	acq-multiband	space-ACPC			DSIStudio	autotrackgqi
ProjectionBasalGanglia_AnsaSubthalamicaR	directions	NODDI	/scratch/grmpy/SLURM_11194840_23/job-11194840-23-sub-112249/ds/inputs/data/qsiprep/qsiprep/sub-112249/ses-1/dwi/sub-112249_ses-1_acq-multiband_dir-AP_space-ACPC_desc-preproc_dwi.nii.gz	0.0	-0.08814805	0.5705815	-0.10976315	-0.08814805	-0.10976315	0.5705815	-0.41796523		sub-112249	ses-1		dir-AP	acq-multiband	space-ACPC			DSIStudio	autotrackgqi
ProjectionBasalGanglia_AnsaSubthalamicaR	icvf	NODDI	/scratch/grmpy/SLURM_11194840_23/job-11194840-23-sub-112249/ds/inputs/data/qsiprep/qsiprep/sub-112249/ses-1/dwi/sub-112249_ses-1_acq-multiband_dir-AP_space-ACPC_desc-preproc_dwi.nii.gz	0.0209790209790209	0.5488652	0.20256585	0.49263552	0.5606266	0.49696076	0.18793201	0.51188517	0.5177756547927856	sub-112249	ses-1		dir-AP	acq-multiband	space-ACPC			DSIStudio	autotrackgqi
ProjectionBasalGanglia_AnsaSubthalamicaR	isovf	NODDI	/scratch/grmpy/SLURM_11194840_23/job-11194840-23-sub-112249/ds/inputs/data/qsiprep/qsiprep/sub-112249/ses-1/dwi/sub-112249_ses-1_acq-multiband_dir-AP_space-ACPC_desc-preproc_dwi.nii.gz	0.2517482517482518	0.21998005	0.27187723	0.11550797	0.293992	0.17945984	0.27753857	0.17793983	0.2466555833816528	sub-112249	ses-1		dir-AP	acq-multiband	space-ACPC			DSIStudio	autotrackgqi
ProjectionBasalGanglia_AnsaSubthalamicaR	modulated_icvf	NODDI	/scratch/grmpy/SLURM_11194840_23/job-11194840-23-sub-112249/ds/inputs/data/qsiprep/qsiprep/sub-112249/ses-1/dwi/sub-112249_ses-1_acq-multiband_dir-AP_space-ACPC_desc-preproc_dwi.nii.gz	0.0209790209790209	0.39870837	0.12352349	0.4119493	0.40725213	0.41425946	0.11002521	0.3968344	0.4014009237289428	sub-112249	ses-1		dir-AP	acq-multiband	space-ACPC			DSIStudio	autotrackgqi
ProjectionBasalGanglia_AnsaSubthalamicaR	modulated_od	NODDI	/scratch/grmpy/SLURM_11194840_23/job-11194840-23-sub-112249/ds/inputs/data/qsiprep/qsiprep/sub-112249/ses-1/dwi/sub-112249_ses-1_acq-multiband_dir-AP_space-ACPC_desc-preproc_dwi.nii.gz	0.0	0.27886355	0.17012377	0.27084827	0.27886355	0.27084827	0.17012377	0.2936469	0.293646901845932	sub-112249	ses-1		dir-AP	acq-multiband	space-ACPC			DSIStudio	autotrackgqi
ProjectionBasalGanglia_AnsaSubthalamicaR	nrmse	NODDI	/scratch/grmpy/SLURM_11194840_23/job-11194840-23-sub-112249/ds/inputs/data/qsiprep/qsiprep/sub-112249/ses-1/dwi/sub-112249_ses-1_acq-multiband_dir-AP_space-ACPC_desc-preproc_dwi.nii.gz	0.0	0.11269761	0.05592701	0.095853575	0.11269761	0.095853575	0.05592701	0.10304917	0.1030491665005683	sub-112249	ses-1		dir-AP	acq-multiband	space-ACPC			DSIStudio	autotrackgqi
ProjectionBasalGanglia_AnsaSubthalamicaR	od	NODDI	/scratch/grmpy/SLURM_11194840_23/job-11194840-23-sub-112249/ds/inputs/data/qsiprep/qsiprep/sub-112249/ses-1/dwi/sub-112249_ses-1_acq-multiband_dir-AP_space-ACPC_desc-preproc_dwi.nii.gz	0.0	0.36638448	0.1825035	0.3488686	0.36638448	0.3488686	0.1825035	0.35903472	0.3590347170829773	sub-112249	ses-1		dir-AP	acq-multiband	space-ACPC			DSIStudio	autotrackgqi
ProjectionBasalGanglia_AnsaSubthalamicaR	rmse	NODDI	/scratch/grmpy/SLURM_11194840_23/job-11194840-23-sub-112249/ds/inputs/data/qsiprep/qsiprep/sub-112249/ses-1/dwi/sub-112249_ses-1_acq-multiband_dir-AP_space-ACPC_desc-preproc_dwi.nii.gz	0.0	0.050629374	0.016248256	0.046853658	0.050629374	0.046853658	0.016248256	0.047488503	0.0474885031580925	sub-112249	ses-1		dir-AP	acq-multiband	space-ACPC			DSIStudio	autotrackgqi
ProjectionBasalGanglia_AnsaSubthalamicaR	tf	NODDI	/scratch/grmpy/SLURM_11194840_23/job-11194840-23-sub-112249/ds/inputs/data/qsiprep/qsiprep/sub-112249/ses-1/dwi/sub-112249_ses-1_acq-multiband_dir-AP_space-ACPC_desc-preproc_dwi.nii.gz	0.0209790209790209	0.78001994	0.27187723	0.88449204	0.7967347	0.88831645	0.24936718	0.8220601	0.8315198421478271	sub-112249	ses-1		dir-AP	acq-multiband	space-ACPC			DSIStudio	autotrackgqi
ProjectionBasalGanglia_OpticRadiationR	directions	NODDI	/scratch/grmpy/SLURM_11194840_23/job-11194840-23-sub-112249/ds/inputs/data/qsiprep/qsiprep/sub-112249/ses-1/dwi/sub-112249_ses-1_acq-multiband_dir-AP_space-ACPC_desc-preproc_dwi.nii.gz	8.0	-0.00022139952	0.57595736	-0.06948297	-0.00022247167	-0.078523636	0.5773502	0.027052194		sub-112249	ses-1		dir-AP	acq-multiband	space-ACPC			DSIStudio	autotrackgqi
ProjectionBasalGanglia_OpticRadiationR	icvf	NODDI	/scratch/grmpy/SLURM_11194840_23/job-11194840-23-sub-112249/ds/inputs/data/qsiprep/qsiprep/sub-112249/ses-1/dwi/sub-112249_ses-1_acq-multiband_dir-AP_space-ACPC_desc-preproc_dwi.nii.gz	0.0210843373493975	0.58676505	0.17941184	0.56783104	0.5994031	0.57063717	0.15908058	0.61248803	0.6162704825401306	sub-112249	ses-1		dir-AP	acq-multiband	space-ACPC			DSIStudio	autotrackgqi
ProjectionBasalGanglia_OpticRadiationR	isovf	NODDI	/scratch/grmpy/SLURM_11194840_23/job-11194840-23-sub-112249/ds/inputs/data/qsiprep/qsiprep/sub-112249/ses-1/dwi/sub-112249_ses-1_acq-multiband_dir-AP_space-ACPC_desc-preproc_dwi.nii.gz	0.1734939759036144	0.17425482	0.21931383	0.115707606	0.21083309	0.13711648	0.22468454	0.17389038	0.184807687997818	sub-112249	ses-1		dir-AP	acq-multiband	space-ACPC			DSIStudio	autotrackgqi
ProjectionBasalGanglia_OpticRadiationR	modulated_icvf	NODDI	/scratch/grmpy/SLURM_11194840_23/job-11194840-23-sub-112249/ds/inputs/data/qsiprep/qsiprep/sub-112249/ses-1/dwi/sub-112249_ses-1_acq-multiband_dir-AP_space-ACPC_desc-preproc_dwi.nii.gz	0.0210843373493975	0.47052398	0.1360244	0.4898687	0.48065835	0.49209684	0.11844825	0.49620754	0.4992718398571014	sub-112249	ses-1		dir-AP	acq-multiband	space-ACPC			DSIStudio	autotrackgqi
ProjectionBasalGanglia_OpticRadiationR	modulated_od	NODDI	/scratch/grmpy/SLURM_11194840_23/job-11194840-23-sub-112249/ds/inputs/data/qsiprep/qsiprep/sub-112249/ses-1/dwi/sub-112249_ses-1_acq-multiband_dir-AP_space-ACPC_desc-preproc_dwi.nii.gz	0.0060240963855421	0.21304415	0.18957987	0.1494801	0.21433532	0.15359268	0.18942441	0.14258234	0.1426036655902862	sub-112249	ses-1		dir-AP	acq-multiband	space-ACPC			DSIStudio	autotrackgqi
ProjectionBasalGanglia_OpticRadiationR	nrmse	NODDI	/scratch/grmpy/SLURM_11194840_23/job-11194840-23-sub-112249/ds/inputs/data/qsiprep/qsiprep/sub-112249/ses-1/dwi/sub-112249_ses-1_acq-multiband_dir-AP_space-ACPC_desc-preproc_dwi.nii.gz	0.0048192771084337	0.099876806	0.05605439	0.08662162	0.100360475	0.08667898	0.055756345	0.09423399	0.0942404121160507	sub-112249	ses-1		dir-AP	acq-multiband	space-ACPC			DSIStudio	autotrackgqi
ProjectionBasalGanglia_OpticRadiationR	od	NODDI	/scratch/grmpy/SLURM_11194840_23/job-11194840-23-sub-112249/ds/inputs/data/qsiprep/qsiprep/sub-112249/ses-1/dwi/sub-112249_ses-1_acq-multiband_dir-AP_space-ACPC_desc-preproc_dwi.nii.gz	0.0048192771084337	0.2650218	0.2132716	0.2289922	0.2663052	0.2305356	0.21298653	0.17959732	0.1796095520257949	sub-112249	ses-1		dir-AP	acq-multiband	space-ACPC			DSIStudio	autotrackgqi
ProjectionBasalGanglia_OpticRadiationR	rmse	NODDI	/scratch/grmpy/SLURM_11194840_23/job-11194840-23-sub-112249/ds/inputs/data/qsiprep/qsiprep/sub-112249/ses-1/dwi/sub-112249_ses-1_acq-multiband_dir-AP_space-ACPC_desc-preproc_dwi.nii.gz	0.0048192771084337	0.048852097	0.027296634	0.044571828	0.049088668	0.044602826	0.027149612	0.047426704	0.0474299378693103	sub-112249	ses-1		dir-AP	acq-multiband	space-ACPC			DSIStudio	autotrackgqi
ProjectionBasalGanglia_OpticRadiationR	tf	NODDI	/scratch/grmpy/SLURM_11194840_23/job-11194840-23-sub-112249/ds/inputs/data/qsiprep/qsiprep/sub-112249/ses-1/dwi/sub-112249_ses-1_acq-multiband_dir-AP_space-ACPC_desc-preproc_dwi.nii.gz	0.0210843373493975	0.82092595	0.22630742	0.88310707	0.83860743	0.88558465	0.19362417	0.82604134	0.8311426639556885	sub-112249	ses-1		dir-AP	acq-multiband	space-ACPC			DSIStudio	autotrackgqi
ProjectionBrainstem_NonDecussatingDentatorubrothalamicTractL	directions	NODDI	/scratch/grmpy/SLURM_11194840_23/job-11194840-23-sub-112249/ds/inputs/data/qsiprep/qsiprep/sub-112249/ses-1/dwi/sub-112249_ses-1_acq-multiband_dir-AP_space-ACPC_desc-preproc_dwi.nii.gz	0.0	-0.007980233	0.57729506	-0.07562877	-0.007980233	-0.07562877	0.57729506	0.11217469		sub-112249	ses-1		dir-AP	acq-multiband	space-ACPC			DSIStudio	autotrackgqi
ProjectionBrainstem_NonDecussatingDentatorubrothalamicTractL	icvf	NODDI	/scratch/grmpy/SLURM_11194840_23/job-11194840-23-sub-112249/ds/inputs/data/qsiprep/qsiprep/sub-112249/ses-1/dwi/sub-112249_ses-1_acq-multiband_dir-AP_space-ACPC_desc-preproc_dwi.nii.gz	0.0008479966080135	0.6698669	0.13384587	0.6646787	0.6704354	0.6647382	0.13247173	0.69473183	0.6948592662811279	sub-112249	ses-1		dir-AP	acq-multiband	space-ACPC			DSIStudio	autotrackgqi
ProjectionBrainstem_NonDecussatingDentatorubrothalamicTractL	isovf	NODDI	/scratch/grmpy/SLURM_11194840_23/job-11194840-23-sub-112249/ds/inputs/data/qsiprep/qsiprep/sub-112249/ses-1/dwi/sub-112249_ses-1_acq-multiband_dir-AP_space-ACPC_desc-preproc_dwi.nii.gz	0.1193555225779096	0.1393175	0.12673968	0.12501244	0.15819947	0.13708322	0.12350251	0.14867163	0.1601526737213134	sub-112249	ses-1		dir-AP	acq-multiband	space-ACPC			DSIStudio	autotrackgqi
ProjectionBrainstem_NonDecussatingDentatorubrothalamicTractL	modulated_icvf	NODDI	/scratch/grmpy/SLURM_11194840_23/job-11194840-23-sub-112249/ds/inputs/data/qsiprep/qsiprep/sub-112249/ses-1/dwi/sub-112249_ses-1_acq-multiband_dir-AP_space-ACPC_desc-preproc_dwi.nii.gz	0.0008479966080135	0.5676553	0.10061673	0.5750234	0.5681371	0.575074	0.0992905	0.5811339	0.5812404155731201	sub-112249	ses-1		dir-AP	acq-multiband	space-ACPC			DSIStudio	autotrackgqi
ProjectionBrainstem_NonDecussatingDentatorubrothalamicTractL	modulated_od	NODDI	/scratch/grmpy/SLURM_11194840_23/job-11194840-23-sub-112249/ds/inputs/data/qsiprep/qsiprep/sub-112249/ses-1/dwi/sub-112249_ses-1_acq-multiband_dir-AP_space-ACPC_desc-preproc_dwi.nii.gz	0.0	0.20946209	0.13914593	0.1925166	0.20946209	0.1925166	0.13914593	0.17954442	0.1795444190502166	sub-112249	ses-1		dir-AP	acq-multiband	space-ACPC			DSIStudio	autotrackgqi
ProjectionBrainstem_NonDecussatingDentatorubrothalamicTractL	nrmse	NODDI	/scratch/grmpy/SLURM_11194840_23/job-11194840-23-sub-112249/ds/inputs/data/qsiprep/qsiprep/sub-112249/ses-1/dwi/sub-112249_ses-1_acq-multiband_dir-AP_space-ACPC_desc-preproc_dwi.nii.gz	0.0	0.09897116	0.022597712	0.09677983	0.09897116	0.09677983	0.022597712	0.100300506	0.1003005057573318	sub-112249	ses-1		dir-AP	acq-multiband	space-ACPC			DSIStudio	autotrackgqi
ProjectionBrainstem_NonDecussatingDentatorubrothalamicTractL	od	NODDI	/scratch/grmpy/SLURM_11194840_23/job-11194840-23-sub-112249/ds/inputs/data/qsiprep/qsiprep/sub-112249/ses-1/dwi/sub-112249_ses-1_acq-multiband_dir-AP_space-ACPC_desc-preproc_dwi.nii.gz	0.0	0.24368738	0.15335682	0.2293356	0.24368738	0.2293356	0.15335682	0.21148004	0.2114800363779068	sub-112249	ses-1		dir-AP	acq-multiband	space-ACPC			DSIStudio	autotrackgqi
ProjectionBrainstem_NonDecussatingDentatorubrothalamicTractL	rmse	NODDI	/scratch/grmpy/SLURM_11194840_23/job-11194840-23-sub-112249/ds/inputs/data/qsiprep/qsiprep/sub-112249/ses-1/dwi/sub-112249_ses-1_acq-multiband_dir-AP_space-ACPC_desc-preproc_dwi.nii.gz	0.0	0.052512843	0.011745724	0.051558364	0.052512843	0.051558364	0.011745724	0.05345269	0.0534526892006397	sub-112249	ses-1		dir-AP	acq-multiband	space-ACPC			DSIStudio	autotrackgqi
ProjectionBrainstem_NonDecussatingDentatorubrothalamicTractL	tf	NODDI	/scratch/grmpy/SLURM_11194840_23/job-11194840-23-sub-112249/ds/inputs/data/qsiprep/qsiprep/sub-112249/ses-1/dwi/sub-112249_ses-1_acq-multiband_dir-AP_space-ACPC_desc-preproc_dwi.nii.gz	0.0008479966080135	0.8606825	0.12673968	0.87498754	0.861413	0.87504995	0.12428732	0.85132843	0.851484477519989	sub-112249	ses-1		dir-AP	acq-multiband	space-ACPC			DSIStudio	autotrackgqi
ProjectionBrainstem_CorticobulbarTractR	directions	NODDI	/scratch/grmpy/SLURM_11194840_23/job-11194840-23-sub-112249/ds/inputs/data/qsiprep/qsiprep/sub-112249/ses-1/dwi/sub-112249_ses-1_acq-multiband_dir-AP_space-ACPC_desc-preproc_dwi.nii.gz	0.0	-0.047327917	0.57540715	-0.09416772	-0.047327917	-0.09416772	0.57540715	-0.3734917		sub-112249	ses-1		dir-AP	acq-multiband	space-ACPC			DSIStudio	autotrackgqi
ProjectionBrainstem_CorticobulbarTractR	icvf	NODDI	/scratch/grmpy/SLURM_11194840_23/job-11194840-23-sub-112249/ds/inputs/data/qsiprep/qsiprep/sub-112249/ses-1/dwi/sub-112249_ses-1_acq-multiband_dir-AP_space-ACPC_desc-preproc_dwi.nii.gz	0.0012453300124533	0.6679978	0.15571094	0.66152143	0.6688307	0.6619268	0.1540099	0.7380115	0.7381454110145569	sub-112249	ses-1		dir-AP	acq-multiband	space-ACPC			DSIStudio	autotrackgqi
ProjectionBrainstem_CorticobulbarTractR	isovf	NODDI	/scratch/grmpy/SLURM_11194840_23/job-11194840-23-sub-112249/ds/inputs/data/qsiprep/qsiprep/sub-112249/ses-1/dwi/sub-112249_ses-1_acq-multiband_dir-AP_space-ACPC_desc-preproc_dwi.nii.gz	0.1606475716064757	0.1401494	0.1289145	0.1219006	0.16697325	0.14339334	0.12377747	0.16272527	0.171220064163208	sub-112249	ses-1		dir-AP	acq-multiband	space-ACPC			DSIStudio	autotrackgqi
ProjectionBrainstem_CorticobulbarTractR	modulated_icvf	NODDI	/scratch/grmpy/SLURM_11194840_23/job-11194840-23-sub-112249/ds/inputs/data/qsiprep/qsiprep/sub-112249/ses-1/dwi/sub-112249_ses-1_acq-multiband_dir-AP_space-ACPC_desc-preproc_dwi.nii.gz	0.0012453300124533	0.56130135	0.09951643	0.5669901	0.5620012	0.56707	0.09758349	0.6090038	0.6091143488883972	sub-112249	ses-1		dir-AP	acq-multiband	space-ACPC			DSIStudio	autotrackgqi
ProjectionBrainstem_CorticobulbarTractR	modulated_od	NODDI	/scratch/grmpy/SLURM_11194840_23/job-11194840-23-sub-112249/ds/inputs/data/qsiprep/qsiprep/sub-112249/ses-1/dwi/sub-112249_ses-1_acq-multiband_dir-AP_space-ACPC_desc-preproc_dwi.nii.gz	0.0	0.21803647	0.14572294	0.20606783	0.21803647	0.20606783	0.14572294	0.17092887	0.1709288656711578	sub-112249	ses-1		dir-AP	acq-multiband	space-ACPC			DSIStudio	autotrackgqi
ProjectionBrainstem_CorticobulbarTractR	nrmse	NODDI	/scratch/grmpy/SLURM_11194840_23/job-11194840-23-sub-112249/ds/inputs/data/qsiprep/qsiprep/sub-112249/ses-1/dwi/sub-112249_ses-1_acq-multiband_dir-AP_space-ACPC_desc-preproc_dwi.nii.gz	0.0	0.101785235	0.023875661	0.10055594	0.101785235	0.10055594	0.023875661	0.10538791	0.1053879112005233	sub-112249	ses-1		dir-AP	acq-multiband	space-ACPC			DSIStudio	autotrackgqi
ProjectionBrainstem_CorticobulbarTractR	od	NODDI	/scratch/grmpy/SLURM_11194840_23/job-11194840-23-sub-112249/ds/inputs/data/qsiprep/qsiprep/sub-112249/ses-1/dwi/sub-112249_ses-1_acq-multiband_dir-AP_space-ACPC_desc-preproc_dwi.nii.gz	0.0	0.25318223	0.16767481	0.23316482	0.25318223	0.23316482	0.16767481	0.20294389	0.2029438912868499	sub-112249	ses-1		dir-AP	acq-multiband	space-ACPC			DSIStudio	autotrackgqi
ProjectionBrainstem_CorticobulbarTractR	rmse	NODDI	/scratch/grmpy/SLURM_11194840_23/job-11194840-23-sub-112249/ds/inputs/data/qsiprep/qsiprep/sub-112249/ses-1/dwi/sub-112249_ses-1_acq-multiband_dir-AP_space-ACPC_desc-preproc_dwi.nii.gz	0.0	0.053752534	0.012784827	0.052891783	0.053752534	0.052891783	0.012784827	0.056744266	0.0567442663013935	sub-112249	ses-1		dir-AP	acq-multiband	space-ACPC			DSIStudio	autotrackgqi
ProjectionBrainstem_CorticobulbarTractR	tf	NODDI	/scratch/grmpy/SLURM_11194840_23/job-11194840-23-sub-112249/ds/inputs/data/qsiprep/qsiprep/sub-112249/ses-1/dwi/sub-112249_ses-1_acq-multiband_dir-AP_space-ACPC_desc-preproc_dwi.nii.gz	0.0012453300124533	0.8598506	0.1289145	0.8780994	0.8609227	0.8782604	0.12536606	0.8372748	0.8374265432357788	sub-112249	ses-1		dir-AP	acq-multiband	space-ACPC			DSIStudio	autotrackgqi
ProjectionBasalGanglia_FornixR	directions	NODDI	/scratch/grmpy/SLURM_11194840_23/job-11194840-23-sub-112249/ds/inputs/data/qsiprep/qsiprep/sub-112249/ses-1/dwi/sub-112249_ses-1_acq-multiband_dir-AP_space-ACPC_desc-preproc_dwi.nii.gz	0.0	-0.04908365	0.5752601	-0.0815142	-0.04908365	-0.0815142	0.5752601	-0.054324836		sub-112249	ses-1		dir-AP	acq-multiband	space-ACPC			DSIStudio	autotrackgqi
ProjectionBasalGanglia_FornixR	icvf	NODDI	/scratch/grmpy/SLURM_11194840_23/job-11194840-23-sub-112249/ds/inputs/data/qsiprep/qsiprep/sub-112249/ses-1/dwi/sub-112249_ses-1_acq-multiband_dir-AP_space-ACPC_desc-preproc_dwi.nii.gz	0.0500211954217888	0.5748517	0.25394475	0.5100369	0.60512054	0.52293986	0.22263703	0.6387298	0.6455222368240356	sub-112249	ses-1		dir-AP	acq-multiband	space-ACPC			DSIStudio	autotrackgqi
ProjectionBasalGanglia_FornixR	isovf	NODDI	/scratch/grmpy/SLURM_11194840_23/job-11194840-23-sub-112249/ds/inputs/data/qsiprep/qsiprep/sub-112249/ses-1/dwi/sub-112249_ses-1_acq-multiband_dir-AP_space-ACPC_desc-preproc_dwi.nii.gz	0.2293344637558287	0.33895636	0.33272567	0.21806334	0.43982288	0.4004345	0.3150983	0.3466195	0.4278637766838074	sub-112249	ses-1		dir-AP	acq-multiband	space-ACPC			DSIStudio	autotrackgqi
ProjectionBasalGanglia_FornixR	modulated_icvf	NODDI	/scratch/grmpy/SLURM_11194840_23/job-11194840-23-sub-112249/ds/inputs/data/qsiprep/qsiprep/sub-112249/ses-1/dwi/sub-112249_ses-1_acq-multiband_dir-AP_space-ACPC_desc-preproc_dwi.nii.gz	0.0500211954217888	0.3438448	0.13942845	0.3699213	0.36194998	0.3769154	0.11794385	0.3650814	0.3689637184143066	sub-112249	ses-1		dir-AP	acq-multiband	space-ACPC			DSIStudio	autotrackgqi
ProjectionBasalGanglia_FornixR	modulated_od	NODDI	/scratch/grmpy/SLURM_11194840_23/job-11194840-23-sub-112249/ds/inputs/data/qsiprep/qsiprep/sub-112249/ses-1/dwi/sub-112249_ses-1_acq-multiband_dir-AP_space-ACPC_desc-preproc_dwi.nii.gz	0.0089020771513353	0.21691291	0.18819834	0.16731624	0.21886124	0.17029312	0.18791045	0.17541601	0.1760462671518325	sub-112249	ses-1		dir-AP	acq-multiband	space-ACPC			DSIStudio	autotrackgqi
ProjectionBasalGanglia_FornixR	nrmse	NODDI	/scratch/grmpy/SLURM_11194840_23/job-11194840-23-sub-112249/ds/inputs/data/qsiprep/qsiprep/sub-112249/ses-1/dwi/sub-112249_ses-1_acq-multiband_dir-AP_space-ACPC_desc-preproc_dwi.nii.gz	0.0	0.10668898	0.043507434	0.09790884	0.10668898	0.09790884	0.043507434	0.10490002	0.1049000173807144	sub-112249	ses-1		dir-AP	acq-multiband	space-ACPC			DSIStudio	autotrackgqi
ProjectionBasalGanglia_FornixR	od	NODDI	/scratch/grmpy/SLURM_11194840_23/job-11194840-23-sub-112249/ds/inputs/data/qsiprep/qsiprep/sub-112249/ses-1/dwi/sub-112249_ses-1_acq-multiband_dir-AP_space-ACPC_desc-preproc_dwi.nii.gz	0.0	0.3405884	0.22923492	0.3017692	0.3405884	0.3017692	0.22923492	0.2630574	0.2630574107170105	sub-112249	ses-1		dir-AP	acq-multiband	space-ACPC			DSIStudio	autotrackgqi
ProjectionBasalGanglia_FornixR	rmse	NODDI	/scratch/grmpy/SLURM_11194840_23/job-11194840-23-sub-112249/ds/inputs/data/qsiprep/qsiprep/sub-112249/ses-1/dwi/sub-112249_ses-1_acq-multiband_dir-AP_space-ACPC_desc-preproc_dwi.nii.gz	0.0	0.045855112	0.0133814765	0.043321703	0.045855112	0.043321703	0.0133814765	0.046420913	0.0464209131896495	sub-112249	ses-1		dir-AP	acq-multiband	space-ACPC			DSIStudio	autotrackgqi
ProjectionBasalGanglia_FornixR	tf	NODDI	/scratch/grmpy/SLURM_11194840_23/job-11194840-23-sub-112249/ds/inputs/data/qsiprep/qsiprep/sub-112249/ses-1/dwi/sub-112249_ses-1_acq-multiband_dir-AP_space-ACPC_desc-preproc_dwi.nii.gz	0.0500211954217888	0.66104364	0.33272567	0.78193665	0.69585097	0.8073287	0.30383372	0.6533805	0.6603286266326904	sub-112249	ses-1		dir-AP	acq-multiband	space-ACPC			DSIStudio	autotrackgqi
ProjectionBrainstem_MedialForebrainBundleR	directions	NODDI	/scratch/grmpy/SLURM_11194840_23/job-11194840-23-sub-112249/ds/inputs/data/qsiprep/qsiprep/sub-112249/ses-1/dwi/sub-112249_ses-1_acq-multiband_dir-AP_space-ACPC_desc-preproc_dwi.nii.gz	0.0	-0.0426779	0.57577074	-0.08810784	-0.0426779	-0.08810784	0.57577074	-0.09865235		sub-112249	ses-1		dir-AP	acq-multiband	space-ACPC			DSIStudio	autotrackgqi
ProjectionBrainstem_MedialForebrainBundleR	icvf	NODDI	/scratch/grmpy/SLURM_11194840_23/job-11194840-23-sub-112249/ds/inputs/data/qsiprep/qsiprep/sub-112249/ses-1/dwi/sub-112249_ses-1_acq-multiband_dir-AP_space-ACPC_desc-preproc_dwi.nii.gz	0.0362035225048923	0.6920048	0.22727047	0.6847107	0.71799886	0.6955925	0.18689133	0.7025484	0.7120116353034973	sub-112249	ses-1		dir-AP	acq-multiband	space-ACPC			DSIStudio	autotrackgqi
ProjectionBrainstem_MedialForebrainBundleR	isovf	NODDI	/scratch/grmpy/SLURM_11194840_23/job-11194840-23-sub-112249/ds/inputs/data/qsiprep/qsiprep/sub-112249/ses-1/dwi/sub-112249_ses-1_acq-multiband_dir-AP_space-ACPC_desc-preproc_dwi.nii.gz	0.0890410958904109	0.29150164	0.25249636	0.2169475	0.31999427	0.23586841	0.24671556	0.26649505	0.2862356603145599	sub-112249	ses-1		dir-AP	acq-multiband	space-ACPC			DSIStudio	autotrackgqi
ProjectionBrainstem_MedialForebrainBundleR	modulated_icvf	NODDI	/scratch/grmpy/SLURM_11194840_23/job-11194840-23-sub-112249/ds/inputs/data/qsiprep/qsiprep/sub-112249/ses-1/dwi/sub-112249_ses-1_acq-multiband_dir-AP_space-ACPC_desc-preproc_dwi.nii.gz	0.0362035225048923	0.46424416	0.17234631	0.48853287	0.48168275	0.4945173	0.14973018	0.492501	0.49913489818573	sub-112249	ses-1		dir-AP	acq-multiband	space-ACPC			DSIStudio	autotrackgqi
ProjectionBrainstem_MedialForebrainBundleR	modulated_od	NODDI	/scratch/grmpy/SLURM_11194840_23/job-11194840-23-sub-112249/ds/inputs/data/qsiprep/qsiprep/sub-112249/ses-1/dwi/sub-112249_ses-1_acq-multiband_dir-AP_space-ACPC_desc-preproc_dwi.nii.gz	0.0	0.20126596	0.17132351	0.16981333	0.20126596	0.16981333	0.17132351	0.17183238	0.1718323826789856	sub-112249	ses-1		dir-AP	acq-multiband	space-ACPC			DSIStudio	autotrackgqi
ProjectionBrainstem_MedialForebrainBundleR	nrmse	NODDI	/scratch/grmpy/SLURM_11194840_23/job-11194840-23-sub-112249/ds/inputs/data/qsiprep/qsiprep/sub-112249/ses-1/dwi/sub-112249_ses-1_acq-multiband_dir-AP_space-ACPC_desc-preproc_dwi.nii.gz	0.0195694716242661	0.12420177	0.046115953	0.11582099	0.12668084	0.11646293	0.04307062	0.121338226	0.1221136376261711	sub-112249	ses-1		dir-AP	acq-multiband	space-ACPC			DSIStudio	autotrackgqi
ProjectionBrainstem_MedialForebrainBundleR	od	NODDI	/scratch/grmpy/SLURM_11194840_23/job-11194840-23-sub-112249/ds/inputs/data/qsiprep/qsiprep/sub-112249/ses-1/dwi/sub-112249_ses-1_acq-multiband_dir-AP_space-ACPC_desc-preproc_dwi.nii.gz	0.0	0.29467136	0.20227884	0.25649846	0.29467136	0.25649846	0.20227884	0.24043524	0.240435242652893	sub-112249	ses-1		dir-AP	acq-multiband	space-ACPC			DSIStudio	autotrackgqi
ProjectionBrainstem_MedialForebrainBundleR	rmse	NODDI	/scratch/grmpy/SLURM_11194840_23/job-11194840-23-sub-112249/ds/inputs/data/qsiprep/qsiprep/sub-112249/ses-1/dwi/sub-112249_ses-1_acq-multiband_dir-AP_space-ACPC_desc-preproc_dwi.nii.gz	0.0195694716242661	0.05788406	0.015285052	0.057254642	0.05903943	0.05761154	0.013041616	0.058488347	0.0588621124625206	sub-112249	ses-1		dir-AP	acq-multiband	space-ACPC			DSIStudio	autotrackgqi
ProjectionBrainstem_MedialForebrainBundleR	tf	NODDI	/scratch/grmpy/SLURM_11194840_23/job-11194840-23-sub-112249/ds/inputs/data/qsiprep/qsiprep/sub-112249/ses-1/dwi/sub-112249_ses-1_acq-multiband_dir-AP_space-ACPC_desc-preproc_dwi.nii.gz	0.0166340508806262	0.70849836	0.25249636	0.7830525	0.7204829	0.7860931	0.23706155	0.73350495	0.7386317253112793	sub-112249	ses-1		dir-AP	acq-multiband	space-ACPC			DSIStudio	autotrackgqi
ProjectionBrainstem_CorticopontineTractL	directions	NODDI	/scratch/grmpy/SLURM_11194840_23/job-11194840-23-sub-112249/ds/inputs/data/qsiprep/qsiprep/sub-112249/ses-1/dwi/sub-112249_ses-1_acq-multiband_dir-AP_space-ACPC_desc-preproc_dwi.nii.gz	4.0	0.003782888	0.57721686	-0.055349506	0.003784474	-0.05569263	0.57733786	0.15344927		sub-112249	ses-1		dir-AP	acq-multiband	space-ACPC			DSIStudio	autotrackgqi
ProjectionBrainstem_CorticopontineTractL	icvf	NODDI	/scratch/grmpy/SLURM_11194840_23/job-11194840-23-sub-112249/ds/inputs/data/qsiprep/qsiprep/sub-112249/ses-1/dwi/sub-112249_ses-1_acq-multiband_dir-AP_space-ACPC_desc-preproc_dwi.nii.gz	0.0025146689019279	0.6340291	0.15650545	0.62647206	0.6356275	0.6268891	0.1534266	0.69501895	0.6956256031990051	sub-112249	ses-1		dir-AP	acq-multiband	space-ACPC			DSIStudio	autotrackgqi
ProjectionBrainstem_CorticopontineTractL	isovf	NODDI	/scratch/grmpy/SLURM_11194840_23/job-11194840-23-sub-112249/ds/inputs/data/qsiprep/qsiprep/sub-112249/ses-1/dwi/sub-112249_ses-1_acq-multiband_dir-AP_space-ACPC_desc-preproc_dwi.nii.gz	0.1736169321039396	0.13091367	0.14431743	0.10888477	0.15841766	0.1266072	0.14438182	0.15401047	0.1671168804168701	sub-112249	ses-1		dir-AP	acq-multiband	space-ACPC			DSIStudio	autotrackgqi
ProjectionBrainstem_CorticopontineTractL	modulated_icvf	NODDI	/scratch/grmpy/SLURM_11194840_23/job-11194840-23-sub-112249/ds/inputs/data/qsiprep/qsiprep/sub-112249/ses-1/dwi/sub-112249_ses-1_acq-multiband_dir-AP_space-ACPC_desc-preproc_dwi.nii.gz	0.0025146689019279	0.54159886	0.12037439	0.5548845	0.5429642	0.55512965	0.11741027	0.5736093	0.5741100311279297	sub-112249	ses-1		dir-AP	acq-multiband	space-ACPC			DSIStudio	autotrackgqi
ProjectionBrainstem_CorticopontineTractL	modulated_od	NODDI	/scratch/grmpy/SLURM_11194840_23/job-11194840-23-sub-112249/ds/inputs/data/qsiprep/qsiprep/sub-112249/ses-1/dwi/sub-112249_ses-1_acq-multiband_dir-AP_space-ACPC_desc-preproc_dwi.nii.gz	0.0010477787091366	0.22490709	0.16447195	0.19639635	0.22514299	0.19655177	0.16439673	0.16920485	0.1692104935646057	sub-112249	ses-1		dir-AP	acq-multiband	space-ACPC			DSIStudio	autotrackgqi
ProjectionBrainstem_CorticopontineTractL	nrmse	NODDI	/scratch/grmpy/SLURM_11194840_23/job-11194840-23-sub-112249/ds/inputs/data/qsiprep/qsiprep/sub-112249/ses-1/dwi/sub-112249_ses-1_acq-multiband_dir-AP_space-ACPC_desc-preproc_dwi.nii.gz	0.0004191114836546	0.09679555	0.032645985	0.09124518	0.09683614	0.09126029	0.032592595	0.10532277	0.1053252816200256	sub-112249	ses-1		dir-AP	acq-multiband	space-ACPC			DSIStudio	autotrackgqi
ProjectionBrainstem_CorticopontineTractL	od	NODDI	/scratch/grmpy/SLURM_11194840_23/job-11194840-23-sub-112249/ds/inputs/data/qsiprep/qsiprep/sub-112249/ses-1/dwi/sub-112249_ses-1_acq-multiband_dir-AP_space-ACPC_desc-preproc_dwi.nii.gz	0.0004191114836546	0.2605391	0.17970096	0.2342863	0.26064837	0.23433319	0.1796594	0.20469269	0.2046975791454315	sub-112249	ses-1		dir-AP	acq-multiband	space-ACPC			DSIStudio	autotrackgqi
ProjectionBrainstem_CorticopontineTractL	rmse	NODDI	/scratch/grmpy/SLURM_11194840_23/job-11194840-23-sub-112249/ds/inputs/data/qsiprep/qsiprep/sub-112249/ses-1/dwi/sub-112249_ses-1_acq-multiband_dir-AP_space-ACPC_desc-preproc_dwi.nii.gz	0.0004191114836546	0.050533146	0.014746768	0.048718616	0.05055433	0.048723944	0.014713504	0.055013582	0.0550148971378803	sub-112249	ses-1		dir-AP	acq-multiband	space-ACPC			DSIStudio	autotrackgqi
ProjectionBrainstem_CorticopontineTractL	tf	NODDI	/scratch/grmpy/SLURM_11194840_23/job-11194840-23-sub-112249/ds/inputs/data/qsiprep/qsiprep/sub-112249/ses-1/dwi/sub-112249_ses-1_acq-multiband_dir-AP_space-ACPC_desc-preproc_dwi.nii.gz	0.0025146689019279	0.8686673	0.14538474	0.8908561	0.8708572	0.8912848	0.1388629	0.8459657	0.8467040061950684	sub-112249	ses-1		dir-AP	acq-multiband	space-ACPC			DSIStudio	autotrackgqi
ProjectionBrainstem_MedialLemniscusL	directions	NODDI	/scratch/grmpy/SLURM_11194840_23/job-11194840-23-sub-112249/ds/inputs/data/qsiprep/qsiprep/sub-112249/ses-1/dwi/sub-112249_ses-1_acq-multiband_dir-AP_space-ACPC_desc-preproc_dwi.nii.gz	1.0	0.026994376	0.57662946	-0.04148501	0.02700273	-0.041666005	0.57671845	0.1602635		sub-112249	ses-1		dir-AP	acq-multiband	space-ACPC			DSIStudio	autotrackgqi
ProjectionBrainstem_MedialLemniscusL	icvf	NODDI	/scratch/grmpy/SLURM_11194840_23/job-11194840-23-sub-112249/ds/inputs/data/qsiprep/qsiprep/sub-112249/ses-1/dwi/sub-112249_ses-1_acq-multiband_dir-AP_space-ACPC_desc-preproc_dwi.nii.gz	0.0071163366336633	0.61772096	0.1603305	0.61429286	0.6221484	0.61543816	0.15210392	0.6996052	0.7007261514663696	sub-112249	ses-1		dir-AP	acq-multiband	space-ACPC			DSIStudio	autotrackgqi
ProjectionBrainstem_MedialLemniscusL	isovf	NODDI	/scratch/grmpy/SLURM_11194840_23/job-11194840-23-sub-112249/ds/inputs/data/qsiprep/qsiprep/sub-112249/ses-1/dwi/sub-112249_ses-1_acq-multiband_dir-AP_space-ACPC_desc-preproc_dwi.nii.gz	0.2103960396039604	0.13344568	0.175216	0.09776404	0.16900331	0.12060927	0.18130557	0.18024682	0.1981213092803955	sub-112249	ses-1		dir-AP	acq-multiband	space-ACPC			DSIStudio	autotrackgqi
ProjectionBrainstem_MedialLemniscusL	modulated_icvf	NODDI	/scratch/grmpy/SLURM_11194840_23/job-11194840-23-sub-112249/ds/inputs/data/qsiprep/qsiprep/sub-112249/ses-1/dwi/sub-112249_ses-1_acq-multiband_dir-AP_space-ACPC_desc-preproc_dwi.nii.gz	0.0071163366336633	0.52524126	0.12712196	0.54953897	0.5290059	0.5498874	0.11951706	0.5522943	0.5531792044639587	sub-112249	ses-1		dir-AP	acq-multiband	space-ACPC			DSIStudio	autotrackgqi
ProjectionBrainstem_MedialLemniscusL	modulated_od	NODDI	/scratch/grmpy/SLURM_11194840_23/job-11194840-23-sub-112249/ds/inputs/data/qsiprep/qsiprep/sub-112249/ses-1/dwi/sub-112249_ses-1_acq-multiband_dir-AP_space-ACPC_desc-preproc_dwi.nii.gz	0.0006188118811881	0.22997321	0.16671689	0.19815001	0.23011562	0.19817835	0.16667022	0.17491558	0.1749180406332016	sub-112249	ses-1		dir-AP	acq-multiband	space-ACPC			DSIStudio	autotrackgqi
ProjectionBrainstem_MedialLemniscusL	nrmse	NODDI	/scratch/grmpy/SLURM_11194840_23/job-11194840-23-sub-112249/ds/inputs/data/qsiprep/qsiprep/sub-112249/ses-1/dwi/sub-112249_ses-1_acq-multiband_dir-AP_space-ACPC_desc-preproc_dwi.nii.gz	0.000309405940594	0.10108527	0.042098023	0.093907185	0.10111655	0.093911014	0.042066954	0.10554907	0.1055500581860542	sub-112249	ses-1		dir-AP	acq-multiband	space-ACPC			DSIStudio	autotrackgqi
ProjectionBrainstem_MedialLemniscusL	od	NODDI	/scratch/grmpy/SLURM_11194840_23/job-11194840-23-sub-112249/ds/inputs/data/qsiprep/qsiprep/sub-112249/ses-1/dwi/sub-112249_ses-1_acq-multiband_dir-AP_space-ACPC_desc-preproc_dwi.nii.gz	0.000309405940594	0.2714211	0.18403186	0.24149224	0.27150512	0.24151689	0.18399836	0.22036889	0.2203709483146667	sub-112249	ses-1		dir-AP	acq-multiband	space-ACPC			DSIStudio	autotrackgqi
ProjectionBrainstem_MedialLemniscusL	rmse	NODDI	/scratch/grmpy/SLURM_11194840_23/job-11194840-23-sub-112249/ds/inputs/data/qsiprep/qsiprep/sub-112249/ses-1/dwi/sub-112249_ses-1_acq-multiband_dir-AP_space-ACPC_desc-preproc_dwi.nii.gz	0.000309405940594	0.05176891	0.0181936	0.049642812	0.051784936	0.049650084	0.018173603	0.053862967	0.0538634657859802	sub-112249	ses-1		dir-AP	acq-multiband	space-ACPC			DSIStudio	autotrackgqi
ProjectionBrainstem_MedialLemniscusL	tf	NODDI	/scratch/grmpy/SLURM_11194840_23/job-11194840-23-sub-112249/ds/inputs/data/qsiprep/qsiprep/sub-112249/ses-1/dwi/sub-112249_ses-1_acq-multiband_dir-AP_space-ACPC_desc-preproc_dwi.nii.gz	0.0071163366336633	0.8662449	0.17586182	0.90222585	0.87245363	0.90275687	0.1604128	0.8197439	0.8210573196411133	sub-112249	ses-1		dir-AP	acq-multiband	space-ACPC			DSIStudio	autotrackgqi
ProjectionBrainstem_CorticobulbarTractL	directions	NODDI	/scratch/grmpy/SLURM_11194840_23/job-11194840-23-sub-112249/ds/inputs/data/qsiprep/qsiprep/sub-112249/ses-1/dwi/sub-112249_ses-1_acq-multiband_dir-AP_space-ACPC_desc-preproc_dwi.nii.gz	0.0	-0.044802524	0.5756093	-0.1563236	-0.044802524	-0.1563236	0.5756093	-0.12961344		sub-112249	ses-1		dir-AP	acq-multiband	space-ACPC			DSIStudio	autotrackgqi
ProjectionBrainstem_CorticobulbarTractL	icvf	NODDI	/scratch/grmpy/SLURM_11194840_23/job-11194840-23-sub-112249/ds/inputs/data/qsiprep/qsiprep/sub-112249/ses-1/dwi/sub-112249_ses-1_acq-multiband_dir-AP_space-ACPC_desc-preproc_dwi.nii.gz	0.0131291028446389	0.6632396	0.17583968	0.6590311	0.67206323	0.66096413	0.1593767	0.69258124	0.6937558650970459	sub-112249	ses-1		dir-AP	acq-multiband	space-ACPC			DSIStudio	autotrackgqi
ProjectionBrainstem_CorticobulbarTractL	isovf	NODDI	/scratch/grmpy/SLURM_11194840_23/job-11194840-23-sub-112249/ds/inputs/data/qsiprep/qsiprep/sub-112249/ses-1/dwi/sub-112249_ses-1_acq-multiband_dir-AP_space-ACPC_desc-preproc_dwi.nii.gz	0.1896425966447848	0.15641107	0.17178446	0.12525298	0.19301492	0.15338083	0.1713208	0.14761625	0.1720612943172454	sub-112249	ses-1		dir-AP	acq-multiband	space-ACPC			DSIStudio	autotrackgqi
ProjectionBrainstem_CorticobulbarTractL	modulated_icvf	NODDI	/scratch/grmpy/SLURM_11194840_23/job-11194840-23-sub-112249/ds/inputs/data/qsiprep/qsiprep/sub-112249/ses-1/dwi/sub-112249_ses-1_acq-multiband_dir-AP_space-ACPC_desc-preproc_dwi.nii.gz	0.0131291028446389	0.53981394	0.13252546	0.55512375	0.5469955	0.5562667	0.117764056	0.5786728	0.5796542167663574	sub-112249	ses-1		dir-AP	acq-multiband	space-ACPC			DSIStudio	autotrackgqi
ProjectionBrainstem_CorticobulbarTractL	modulated_od	NODDI	/scratch/grmpy/SLURM_11194840_23/job-11194840-23-sub-112249/ds/inputs/data/qsiprep/qsiprep/sub-112249/ses-1/dwi/sub-112249_ses-1_acq-multiband_dir-AP_space-ACPC_desc-preproc_dwi.nii.gz	0.0	0.2175595	0.1776521	0.18169075	0.2175595	0.18169075	0.1776521	0.17513168	0.1751316785812378	sub-112249	ses-1		dir-AP	acq-multiband	space-ACPC			DSIStudio	autotrackgqi
ProjectionBrainstem_CorticobulbarTractL	nrmse	NODDI	/scratch/grmpy/SLURM_11194840_23/job-11194840-23-sub-112249/ds/inputs/data/qsiprep/qsiprep/sub-112249/ses-1/dwi/sub-112249_ses-1_acq-multiband_dir-AP_space-ACPC_desc-preproc_dwi.nii.gz	0.012399708242159	0.10402731	0.03360312	0.1030732	0.10533342	0.10340561	0.031713888	0.104774036	0.1049476414918899	sub-112249	ses-1		dir-AP	acq-multiband	space-ACPC			DSIStudio	autotrackgqi
ProjectionBrainstem_CorticobulbarTractL	od	NODDI	/scratch/grmpy/SLURM_11194840_23/job-11194840-23-sub-112249/ds/inputs/data/qsiprep/qsiprep/sub-112249/ses-1/dwi/sub-112249_ses-1_acq-multiband_dir-AP_space-ACPC_desc-preproc_dwi.nii.gz	0.0	0.25709832	0.18572298	0.23060635	0.25709832	0.23060635	0.18572298	0.20587122	0.2058712244033813	sub-112249	ses-1		dir-AP	acq-multiband	space-ACPC			DSIStudio	autotrackgqi
ProjectionBrainstem_CorticobulbarTractL	rmse	NODDI	/scratch/grmpy/SLURM_11194840_23/job-11194840-23-sub-112249/ds/inputs/data/qsiprep/qsiprep/sub-112249/ses-1/dwi/sub-112249_ses-1_acq-multiband_dir-AP_space-ACPC_desc-preproc_dwi.nii.gz	0.012399708242159	0.053765	0.014741641	0.053709976	0.05444004	0.05381456	0.013538657	0.055834353	0.0559268668293952	sub-112249	ses-1		dir-AP	acq-multiband	space-ACPC			DSIStudio	autotrackgqi
ProjectionBrainstem_CorticobulbarTractL	tf	NODDI	/scratch/grmpy/SLURM_11194840_23/job-11194840-23-sub-112249/ds/inputs/data/qsiprep/qsiprep/sub-112249/ses-1/dwi/sub-112249_ses-1_acq-multiband_dir-AP_space-ACPC_desc-preproc_dwi.nii.gz	0.0007293946024799	0.8435888	0.17178445	0.87474704	0.8442046	0.87493813	0.17032796	0.85238373	0.8524169325828552	sub-112249	ses-1		dir-AP	acq-multiband	space-ACPC			DSIStudio	autotrackgqi
ProjectionBasalGanglia_AnsaLenticularisL	directions	NODDI	/scratch/grmpy/SLURM_11194840_23/job-11194840-23-sub-112249/ds/inputs/data/qsiprep/qsiprep/sub-112249/ses-1/dwi/sub-112249_ses-1_acq-multiband_dir-AP_space-ACPC_desc-preproc_dwi.nii.gz	0.0	-0.0033744823	0.57734036	0.007180826	-0.0033744823	0.007180826	0.57734036	0.052680213		sub-112249	ses-1		dir-AP	acq-multiband	space-ACPC			DSIStudio	autotrackgqi
ProjectionBasalGanglia_AnsaLenticularisL	icvf	NODDI	/scratch/grmpy/SLURM_11194840_23/job-11194840-23-sub-112249/ds/inputs/data/qsiprep/qsiprep/sub-112249/ses-1/dwi/sub-112249_ses-1_acq-multiband_dir-AP_space-ACPC_desc-preproc_dwi.nii.gz	0.0326392796848621	0.5791444	0.20540996	0.5358131	0.5986851	0.54177517	0.17865658	0.5638407	0.5715805292129517	sub-112249	ses-1		dir-AP	acq-multiband	space-ACPC			DSIStudio	autotrackgqi
ProjectionBasalGanglia_AnsaLenticularisL	isovf	NODDI	/scratch/grmpy/SLURM_11194840_23/job-11194840-23-sub-112249/ds/inputs/data/qsiprep/qsiprep/sub-112249/ses-1/dwi/sub-112249_ses-1_acq-multiband_dir-AP_space-ACPC_desc-preproc_dwi.nii.gz	0.2442318514350028	0.24126692	0.29952136	0.1176506	0.31923404	0.17897102	0.30629188	0.18031953	0.2417130470275879	sub-112249	ses-1		dir-AP	acq-multiband	space-ACPC			DSIStudio	autotrackgqi
ProjectionBasalGanglia_AnsaLenticularisL	modulated_icvf	NODDI	/scratch/grmpy/SLURM_11194840_23/job-11194840-23-sub-112249/ds/inputs/data/qsiprep/qsiprep/sub-112249/ses-1/dwi/sub-112249_ses-1_acq-multiband_dir-AP_space-ACPC_desc-preproc_dwi.nii.gz	0.0326392796848621	0.414594	0.14602777	0.44736922	0.4285826	0.45252398	0.12668194	0.44248164	0.4485555589199066	sub-112249	ses-1		dir-AP	acq-multiband	space-ACPC			DSIStudio	autotrackgqi
ProjectionBasalGanglia_AnsaLenticularisL	modulated_od	NODDI	/scratch/grmpy/SLURM_11194840_23/job-11194840-23-sub-112249/ds/inputs/data/qsiprep/qsiprep/sub-112249/ses-1/dwi/sub-112249_ses-1_acq-multiband_dir-AP_space-ACPC_desc-preproc_dwi.nii.gz	0.0033764772087788	0.25622687	0.15583424	0.25404397	0.25709492	0.25444514	0.15538149	0.25878283	0.2589468657970428	sub-112249	ses-1		dir-AP	acq-multiband	space-ACPC			DSIStudio	autotrackgqi
ProjectionBasalGanglia_AnsaLenticularisL	nrmse	NODDI	/scratch/grmpy/SLURM_11194840_23/job-11194840-23-sub-112249/ds/inputs/data/qsiprep/qsiprep/sub-112249/ses-1/dwi/sub-112249_ses-1_acq-multiband_dir-AP_space-ACPC_desc-preproc_dwi.nii.gz	0.0	0.11222899	0.045981567	0.1017833	0.11222899	0.1017833	0.045981567	0.103952	0.1039519980549812	sub-112249	ses-1		dir-AP	acq-multiband	space-ACPC			DSIStudio	autotrackgqi
ProjectionBasalGanglia_AnsaLenticularisL	od	NODDI	/scratch/grmpy/SLURM_11194840_23/job-11194840-23-sub-112249/ds/inputs/data/qsiprep/qsiprep/sub-112249/ses-1/dwi/sub-112249_ses-1_acq-multiband_dir-AP_space-ACPC_desc-preproc_dwi.nii.gz	0.0	0.35557914	0.18323278	0.32745486	0.35557914	0.32745486	0.18323278	0.32412788	0.3241279125213623	sub-112249	ses-1		dir-AP	acq-multiband	space-ACPC			DSIStudio	autotrackgqi
ProjectionBasalGanglia_AnsaLenticularisL	rmse	NODDI	/scratch/grmpy/SLURM_11194840_23/job-11194840-23-sub-112249/ds/inputs/data/qsiprep/qsiprep/sub-112249/ses-1/dwi/sub-112249_ses-1_acq-multiband_dir-AP_space-ACPC_desc-preproc_dwi.nii.gz	0.0	0.051229842	0.012822198	0.049722124	0.051229842	0.049722124	0.012822198	0.050134875	0.0501348786056041	sub-112249	ses-1		dir-AP	acq-multiband	space-ACPC			DSIStudio	autotrackgqi
ProjectionBasalGanglia_AnsaLenticularisL	tf	NODDI	/scratch/grmpy/SLURM_11194840_23/job-11194840-23-sub-112249/ds/inputs/data/qsiprep/qsiprep/sub-112249/ses-1/dwi/sub-112249_ses-1_acq-multiband_dir-AP_space-ACPC_desc-preproc_dwi.nii.gz	0.0326392796848621	0.75873315	0.29952136	0.8823494	0.7843332	0.88939595	0.2695571	0.8196805	0.8309322595596313	sub-112249	ses-1		dir-AP	acq-multiband	space-ACPC			DSIStudio	autotrackgqi
Commissure_CorpusCallosum	directions	NODDI	/scratch/grmpy/SLURM_11194840_23/job-11194840-23-sub-112249/ds/inputs/data/qsiprep/qsiprep/sub-112249/ses-1/dwi/sub-112249_ses-1_acq-multiband_dir-AP_space-ACPC_desc-preproc_dwi.nii.gz	31.0	-0.080274425	0.5715297	-0.11264014	-0.080333024	-0.11343672	0.57173413	-0.3492986		sub-112249	ses-1		dir-AP	acq-multiband	space-ACPC			DSIStudio	autotrackgqi
Commissure_CorpusCallosum	icvf	NODDI	/scratch/grmpy/SLURM_11194840_23/job-11194840-23-sub-112249/ds/inputs/data/qsiprep/qsiprep/sub-112249/ses-1/dwi/sub-112249_ses-1_acq-multiband_dir-AP_space-ACPC_desc-preproc_dwi.nii.gz	0.0081182201096548	0.5658874	0.15060934	0.5701131	0.570519	0.57200587	0.1422196	0.64328194	0.6441093683242798	sub-112249	ses-1		dir-AP	acq-multiband	space-ACPC			DSIStudio	autotrackgqi
Commissure_CorpusCallosum	isovf	NODDI	/scratch/grmpy/SLURM_11194840_23/job-11194840-23-sub-112249/ds/inputs/data/qsiprep/qsiprep/sub-112249/ses-1/dwi/sub-112249_ses-1_acq-multiband_dir-AP_space-ACPC_desc-preproc_dwi.nii.gz	0.2488175635927242	0.1327026	0.1798166	0.09302357	0.17665829	0.124049604	0.1878271	0.12388931	0.1393397152423858	sub-112249	ses-1		dir-AP	acq-multiband	space-ACPC			DSIStudio	autotrackgqi
Commissure_CorpusCallosum	modulated_icvf	NODDI	/scratch/grmpy/SLURM_11194840_23/job-11194840-23-sub-112249/ds/inputs/data/qsiprep/qsiprep/sub-112249/ses-1/dwi/sub-112249_ses-1_acq-multiband_dir-AP_space-ACPC_desc-preproc_dwi.nii.gz	0.0081182201096548	0.48570392	0.13283254	0.50932795	0.48967922	0.51039696	0.12586606	0.5586549	0.5593735575675964	sub-112249	ses-1		dir-AP	acq-multiband	space-ACPC			DSIStudio	autotrackgqi
Commissure_CorpusCallosum	modulated_od	NODDI	/scratch/grmpy/SLURM_11194840_23/job-11194840-23-sub-112249/ds/inputs/data/qsiprep/qsiprep/sub-112249/ses-1/dwi/sub-112249_ses-1_acq-multiband_dir-AP_space-ACPC_desc-preproc_dwi.nii.gz	0.0051297738663905	0.24820408	0.18060443	0.22370918	0.24948387	0.22485633	0.18018562	0.14575121	0.1458772718906402	sub-112249	ses-1		dir-AP	acq-multiband	space-ACPC			DSIStudio	autotrackgqi
Commissure_CorpusCallosum	nrmse	NODDI	/scratch/grmpy/SLURM_11194840_23/job-11194840-23-sub-112249/ds/inputs/data/qsiprep/qsiprep/sub-112249/ses-1/dwi/sub-112249_ses-1_acq-multiband_dir-AP_space-ACPC_desc-preproc_dwi.nii.gz	0.0007294632562298	0.092402436	0.029997213	0.088639274	0.092469886	0.08866483	0.02990405	0.0957263	0.0957332104444503	sub-112249	ses-1		dir-AP	acq-multiband	space-ACPC			DSIStudio	autotrackgqi
Commissure_CorpusCallosum	od	NODDI	/scratch/grmpy/SLURM_11194840_23/job-11194840-23-sub-112249/ds/inputs/data/qsiprep/qsiprep/sub-112249/ses-1/dwi/sub-112249_ses-1_acq-multiband_dir-AP_space-ACPC_desc-preproc_dwi.nii.gz	0.0007294632562298	0.29228097	0.204655	0.26580265	0.29249433	0.26599413	0.20457722	0.16512418	0.1651361286640167	sub-112249	ses-1		dir-AP	acq-multiband	space-ACPC			DSIStudio	autotrackgqi
Commissure_CorpusCallosum	rmse	NODDI	/scratch/grmpy/SLURM_11194840_23/job-11194840-23-sub-112249/ds/inputs/data/qsiprep/qsiprep/sub-112249/ses-1/dwi/sub-112249_ses-1_acq-multiband_dir-AP_space-ACPC_desc-preproc_dwi.nii.gz	0.0007294632562298	0.047384024	0.016172718	0.04582185	0.047418613	0.045833617	0.016127849	0.051487718	0.0514914356172084	sub-112249	ses-1		dir-AP	acq-multiband	space-ACPC			DSIStudio	autotrackgqi
Commissure_CorpusCallosum	tf	NODDI	/scratch/grmpy/SLURM_11194840_23/job-11194840-23-sub-112249/ds/inputs/data/qsiprep/qsiprep/sub-112249/ses-1/dwi/sub-112249_ses-1_acq-multiband_dir-AP_space-ACPC_desc-preproc_dwi.nii.gz	0.0081182201096548	0.86656797	0.18129902	0.9067998	0.87366056	0.9077748	0.16413976	0.8760384	0.8771653175354004	sub-112249	ses-1		dir-AP	acq-multiband	space-ACPC			DSIStudio	autotrackgqi
Commissure_AnteriorCommissure	directions	NODDI	/scratch/grmpy/SLURM_11194840_23/job-11194840-23-sub-112249/ds/inputs/data/qsiprep/qsiprep/sub-112249/ses-1/dwi/sub-112249_ses-1_acq-multiband_dir-AP_space-ACPC_desc-preproc_dwi.nii.gz	2.0	-0.0843665	0.57045937	-0.19330153	-0.08456737	-0.1948574	0.5711232	-0.300224		sub-112249	ses-1		dir-AP	acq-multiband	space-ACPC			DSIStudio	autotrackgqi
Commissure_AnteriorCommissure	icvf	NODDI	/scratch/grmpy/SLURM_11194840_23/job-11194840-23-sub-112249/ds/inputs/data/qsiprep/qsiprep/sub-112249/ses-1/dwi/sub-112249_ses-1_acq-multiband_dir-AP_space-ACPC_desc-preproc_dwi.nii.gz	0.002375296912114	0.49817285	0.11659667	0.47155577	0.49935898	0.47189015	0.11417027	0.49273726	0.4929222464561462	sub-112249	ses-1		dir-AP	acq-multiband	space-ACPC			DSIStudio	autotrackgqi
Commissure_AnteriorCommissure	isovf	NODDI	/scratch/grmpy/SLURM_11194840_23/job-11194840-23-sub-112249/ds/inputs/data/qsiprep/qsiprep/sub-112249/ses-1/dwi/sub-112249_ses-1_acq-multiband_dir-AP_space-ACPC_desc-preproc_dwi.nii.gz	0.2636579572446555	0.1223534	0.15764509	0.0768324	0.1661638	0.12148995	0.16269873	0.11239437	0.167989507317543	sub-112249	ses-1		dir-AP	acq-multiband	space-ACPC			DSIStudio	autotrackgqi
Commissure_AnteriorCommissure	modulated_icvf	NODDI	/scratch/grmpy/SLURM_11194840_23/job-11194840-23-sub-112249/ds/inputs/data/qsiprep/qsiprep/sub-112249/ses-1/dwi/sub-112249_ses-1_acq-multiband_dir-AP_space-ACPC_desc-preproc_dwi.nii.gz	0.002375296912114	0.42381957	0.076053776	0.43087322	0.42482868	0.4310894	0.07327522	0.42457977	0.4247391819953918	sub-112249	ses-1		dir-AP	acq-multiband	space-ACPC			DSIStudio	autotrackgqi
Commissure_AnteriorCommissure	modulated_od	NODDI	/scratch/grmpy/SLURM_11194840_23/job-11194840-23-sub-112249/ds/inputs/data/qsiprep/qsiprep/sub-112249/ses-1/dwi/sub-112249_ses-1_acq-multiband_dir-AP_space-ACPC_desc-preproc_dwi.nii.gz	0.002375296912114	0.23825127	0.13880482	0.23016384	0.23881854	0.23038372	0.13848169	0.21352023	0.2136003971099853	sub-112249	ses-1		dir-AP	acq-multiband	space-ACPC			DSIStudio	autotrackgqi
Commissure_AnteriorCommissure	nrmse	NODDI	/scratch/grmpy/SLURM_11194840_23/job-11194840-23-sub-112249/ds/inputs/data/qsiprep/qsiprep/sub-112249/ses-1/dwi/sub-112249_ses-1_acq-multiband_dir-AP_space-ACPC_desc-preproc_dwi.nii.gz	0.002375296912114	0.09983303	0.029639943	0.09435335	0.10007073	0.094369665	0.029271683	0.09330578	0.0933408066630363	sub-112249	ses-1		dir-AP	acq-multiband	space-ACPC			DSIStudio	autotrackgqi
Commissure_AnteriorCommissure	od	NODDI	/scratch/grmpy/SLURM_11194840_23/job-11194840-23-sub-112249/ds/inputs/data/qsiprep/qsiprep/sub-112249/ses-1/dwi/sub-112249_ses-1_acq-multiband_dir-AP_space-ACPC_desc-preproc_dwi.nii.gz	0.002375296912114	0.27252397	0.146253	0.26542097	0.27317283	0.26566535	0.1458205	0.23910707	0.2391968220472335	sub-112249	ses-1		dir-AP	acq-multiband	space-ACPC			DSIStudio	autotrackgqi
Commissure_AnteriorCommissure	rmse	NODDI	/scratch/grmpy/SLURM_11194840_23/job-11194840-23-sub-112249/ds/inputs/data/qsiprep/qsiprep/sub-112249/ses-1/dwi/sub-112249_ses-1_acq-multiband_dir-AP_space-ACPC_desc-preproc_dwi.nii.gz	0.002375296912114	0.049127813	0.015574356	0.04670694	0.049244784	0.04673834	0.015407072	0.045980938	0.0459981970489025	sub-112249	ses-1		dir-AP	acq-multiband	space-ACPC			DSIStudio	autotrackgqi
Commissure_AnteriorCommissure	tf	NODDI	/scratch/grmpy/SLURM_11194840_23/job-11194840-23-sub-112249/ds/inputs/data/qsiprep/qsiprep/sub-112249/ses-1/dwi/sub-112249_ses-1_acq-multiband_dir-AP_space-ACPC_desc-preproc_dwi.nii.gz	0.002375296912114	0.8752713	0.16321881	0.92221236	0.8773553	0.9223687	0.15771943	0.8872304	0.8875634670257568	sub-112249	ses-1		dir-AP	acq-multiband	space-ACPC			DSIStudio	autotrackgqi
Cerebellum_InferiorCerebellarPeduncleL	directions	NODDI	/scratch/grmpy/SLURM_11194840_23/job-11194840-23-sub-112249/ds/inputs/data/qsiprep/qsiprep/sub-112249/ses-1/dwi/sub-112249_ses-1_acq-multiband_dir-AP_space-ACPC_desc-preproc_dwi.nii.gz	0.0	-0.060764916	0.57414365	-0.14076498	-0.060764916	-0.14076498	0.57414365	-0.13062888		sub-112249	ses-1		dir-AP	acq-multiband	space-ACPC			DSIStudio	autotrackgqi
Cerebellum_InferiorCerebellarPeduncleL	icvf	NODDI	/scratch/grmpy/SLURM_11194840_23/job-11194840-23-sub-112249/ds/inputs/data/qsiprep/qsiprep/sub-112249/ses-1/dwi/sub-112249_ses-1_acq-multiband_dir-AP_space-ACPC_desc-preproc_dwi.nii.gz	0.0415672913117546	0.67340034	0.19182071	0.66636366	0.7026057	0.67086154	0.13368283	0.704139	0.7210685014724731	sub-112249	ses-1		dir-AP	acq-multiband	space-ACPC			DSIStudio	autotrackgqi
Cerebellum_InferiorCerebellarPeduncleL	isovf	NODDI	/scratch/grmpy/SLURM_11194840_23/job-11194840-23-sub-112249/ds/inputs/data/qsiprep/qsiprep/sub-112249/ses-1/dwi/sub-112249_ses-1_acq-multiband_dir-AP_space-ACPC_desc-preproc_dwi.nii.gz	0.1471890971039182	0.20537105	0.21828803	0.1542501	0.24081664	0.1758842	0.21757244	0.20194805	0.2272903025150299	sub-112249	ses-1		dir-AP	acq-multiband	space-ACPC			DSIStudio	autotrackgqi
Cerebellum_InferiorCerebellarPeduncleL	modulated_icvf	NODDI	/scratch/grmpy/SLURM_11194840_23/job-11194840-23-sub-112249/ds/inputs/data/qsiprep/qsiprep/sub-112249/ses-1/dwi/sub-112249_ses-1_acq-multiband_dir-AP_space-ACPC_desc-preproc_dwi.nii.gz	0.0415672913117546	0.52117896	0.16344546	0.55731684	0.54378253	0.561607	0.12482628	0.5496145	0.562828779220581	sub-112249	ses-1		dir-AP	acq-multiband	space-ACPC			DSIStudio	autotrackgqi
Cerebellum_InferiorCerebellarPeduncleL	modulated_od	NODDI	/scratch/grmpy/SLURM_11194840_23/job-11194840-23-sub-112249/ds/inputs/data/qsiprep/qsiprep/sub-112249/ses-1/dwi/sub-112249_ses-1_acq-multiband_dir-AP_space-ACPC_desc-preproc_dwi.nii.gz	0.0	0.29570392	0.19032384	0.2703937	0.29570392	0.2703937	0.19032384	0.2320675	0.2320674955844879	sub-112249	ses-1		dir-AP	acq-multiband	space-ACPC			DSIStudio	autotrackgqi
Cerebellum_InferiorCerebellarPeduncleL	nrmse	NODDI	/scratch/grmpy/SLURM_11194840_23/job-11194840-23-sub-112249/ds/inputs/data/qsiprep/qsiprep/sub-112249/ses-1/dwi/sub-112249_ses-1_acq-multiband_dir-AP_space-ACPC_desc-preproc_dwi.nii.gz	0.0272572402044293	0.10859348	0.0539927	0.10067107	0.11163638	0.101792574	0.051548038	0.1128859	0.1145386099815368	sub-112249	ses-1		dir-AP	acq-multiband	space-ACPC			DSIStudio	autotrackgqi
Cerebellum_InferiorCerebellarPeduncleL	od	NODDI	/scratch/grmpy/SLURM_11194840_23/job-11194840-23-sub-112249/ds/inputs/data/qsiprep/qsiprep/sub-112249/ses-1/dwi/sub-112249_ses-1_acq-multiband_dir-AP_space-ACPC_desc-preproc_dwi.nii.gz	0.0	0.37716028	0.20114791	0.35768756	0.37716028	0.35768756	0.20114791	0.2988584	0.2988584041595459	sub-112249	ses-1		dir-AP	acq-multiband	space-ACPC			DSIStudio	autotrackgqi
Cerebellum_InferiorCerebellarPeduncleL	rmse	NODDI	/scratch/grmpy/SLURM_11194840_23/job-11194840-23-sub-112249/ds/inputs/data/qsiprep/qsiprep/sub-112249/ses-1/dwi/sub-112249_ses-1_acq-multiband_dir-AP_space-ACPC_desc-preproc_dwi.nii.gz	0.0272572402044293	0.053419076	0.017446047	0.052326564	0.05491593	0.052705154	0.015188544	0.05683399	0.0576660633087158	sub-112249	ses-1		dir-AP	acq-multiband	space-ACPC			DSIStudio	autotrackgqi
Cerebellum_InferiorCerebellarPeduncleL	tf	NODDI	/scratch/grmpy/SLURM_11194840_23/job-11194840-23-sub-112249/ds/inputs/data/qsiprep/qsiprep/sub-112249/ses-1/dwi/sub-112249_ses-1_acq-multiband_dir-AP_space-ACPC_desc-preproc_dwi.nii.gz	0.0143100511073253	0.7946289	0.21828802	0.8457499	0.80616516	0.8479227	0.1975887	0.79805195	0.8053395748138428	sub-112249	ses-1		dir-AP	acq-multiband	space-ACPC			DSIStudio	autotrackgqi
Cerebellum_SuperiorCerebellarPeduncle	directions	NODDI	/scratch/grmpy/SLURM_11194840_23/job-11194840-23-sub-112249/ds/inputs/data/qsiprep/qsiprep/sub-112249/ses-1/dwi/sub-112249_ses-1_acq-multiband_dir-AP_space-ACPC_desc-preproc_dwi.nii.gz	0.0	-0.042438228	0.57578844	-0.080054745	-0.042438228	-0.080054745	0.57578844	-0.07280165		sub-112249	ses-1		dir-AP	acq-multiband	space-ACPC			DSIStudio	autotrackgqi
Cerebellum_SuperiorCerebellarPeduncle	icvf	NODDI	/scratch/grmpy/SLURM_11194840_23/job-11194840-23-sub-112249/ds/inputs/data/qsiprep/qsiprep/sub-112249/ses-1/dwi/sub-112249_ses-1_acq-multiband_dir-AP_space-ACPC_desc-preproc_dwi.nii.gz	0.0268113629109479	0.70790356	0.20163135	0.69540715	0.7274063	0.70075226	0.16609883	0.74694216	0.7606898546218872	sub-112249	ses-1		dir-AP	acq-multiband	space-ACPC			DSIStudio	autotrackgqi
Cerebellum_SuperiorCerebellarPeduncle	isovf	NODDI	/scratch/grmpy/SLURM_11194840_23/job-11194840-23-sub-112249/ds/inputs/data/qsiprep/qsiprep/sub-112249/ses-1/dwi/sub-112249_ses-1_acq-multiband_dir-AP_space-ACPC_desc-preproc_dwi.nii.gz	0.0552186402808809	0.29765075	0.25822026	0.21222033	0.31504723	0.2244101	0.2551353	0.3087244	0.3226463794708252	sub-112249	ses-1		dir-AP	acq-multiband	space-ACPC			DSIStudio	autotrackgqi
Cerebellum_SuperiorCerebellarPeduncle	modulated_icvf	NODDI	/scratch/grmpy/SLURM_11194840_23/job-11194840-23-sub-112249/ds/inputs/data/qsiprep/qsiprep/sub-112249/ses-1/dwi/sub-112249_ses-1_acq-multiband_dir-AP_space-ACPC_desc-preproc_dwi.nii.gz	0.0268113629109479	0.48275477	0.16497736	0.5143577	0.49605468	0.51912194	0.14618443	0.5010499	0.5102718472480774	sub-112249	ses-1		dir-AP	acq-multiband	space-ACPC			DSIStudio	autotrackgqi
Cerebellum_SuperiorCerebellarPeduncle	modulated_od	NODDI	/scratch/grmpy/SLURM_11194840_23/job-11194840-23-sub-112249/ds/inputs/data/qsiprep/qsiprep/sub-112249/ses-1/dwi/sub-112249_ses-1_acq-multiband_dir-AP_space-ACPC_desc-preproc_dwi.nii.gz	0.0	0.21820596	0.1458982	0.20735225	0.21820596	0.20735225	0.1458982	0.16141789	0.1614178866147995	sub-112249	ses-1		dir-AP	acq-multiband	space-ACPC			DSIStudio	autotrackgqi
Cerebellum_SuperiorCerebellarPeduncle	nrmse	NODDI	/scratch/grmpy/SLURM_11194840_23/job-11194840-23-sub-112249/ds/inputs/data/qsiprep/qsiprep/sub-112249/ses-1/dwi/sub-112249_ses-1_acq-multiband_dir-AP_space-ACPC_desc-preproc_dwi.nii.gz	0.0003191828917969	0.12048429	0.04304589	0.11078763	0.12052276	0.11079396	0.04299888	0.12280118	0.1228030323982238	sub-112249	ses-1		dir-AP	acq-multiband	space-ACPC			DSIStudio	autotrackgqi
Cerebellum_SuperiorCerebellarPeduncle	od	NODDI	/scratch/grmpy/SLURM_11194840_23/job-11194840-23-sub-112249/ds/inputs/data/qsiprep/qsiprep/sub-112249/ses-1/dwi/sub-112249_ses-1_acq-multiband_dir-AP_space-ACPC_desc-preproc_dwi.nii.gz	0.0	0.32710505	0.19024229	0.29481518	0.32710505	0.29481518	0.19024229	0.25059253	0.2505925297737121	sub-112249	ses-1		dir-AP	acq-multiband	space-ACPC			DSIStudio	autotrackgqi
Cerebellum_SuperiorCerebellarPeduncle	rmse	NODDI	/scratch/grmpy/SLURM_11194840_23/job-11194840-23-sub-112249/ds/inputs/data/qsiprep/qsiprep/sub-112249/ses-1/dwi/sub-112249_ses-1_acq-multiband_dir-AP_space-ACPC_desc-preproc_dwi.nii.gz	0.0003191828917969	0.056263816	0.012736894	0.054679897	0.05628178	0.05468151	0.012699182	0.058364995	0.0583658777177333	sub-112249	ses-1		dir-AP	acq-multiband	space-ACPC			DSIStudio	autotrackgqi
Cerebellum_SuperiorCerebellarPeduncle	tf	NODDI	/scratch/grmpy/SLURM_11194840_23/job-11194840-23-sub-112249/ds/inputs/data/qsiprep/qsiprep/sub-112249/ses-1/dwi/sub-112249_ses-1_acq-multiband_dir-AP_space-ACPC_desc-preproc_dwi.nii.gz	0.0264921800191509	0.7023492	0.25822026	0.7877797	0.7214623	0.7923267	0.23388633	0.6912756	0.7039879560470581	sub-112249	ses-1		dir-AP	acq-multiband	space-ACPC			DSIStudio	autotrackgqi
Cerebellum_InferiorCerebellarPeduncleR	directions	NODDI	/scratch/grmpy/SLURM_11194840_23/job-11194840-23-sub-112249/ds/inputs/data/qsiprep/qsiprep/sub-112249/ses-1/dwi/sub-112249_ses-1_acq-multiband_dir-AP_space-ACPC_desc-preproc_dwi.nii.gz	0.0	-0.064465255	0.57373995	-0.090871744	-0.064465255	-0.090871744	0.57373995	-0.14353362		sub-112249	ses-1		dir-AP	acq-multiband	space-ACPC			DSIStudio	autotrackgqi
Cerebellum_InferiorCerebellarPeduncleR	icvf	NODDI	/scratch/grmpy/SLURM_11194840_23/job-11194840-23-sub-112249/ds/inputs/data/qsiprep/qsiprep/sub-112249/ses-1/dwi/sub-112249_ses-1_acq-multiband_dir-AP_space-ACPC_desc-preproc_dwi.nii.gz	0.0333445604580666	0.6756834	0.1763086	0.66699225	0.69899094	0.67122024	0.1259572	0.701233	0.7112677097320557	sub-112249	ses-1		dir-AP	acq-multiband	space-ACPC			DSIStudio	autotrackgqi
Cerebellum_InferiorCerebellarPeduncleR	isovf	NODDI	/scratch/grmpy/SLURM_11194840_23/job-11194840-23-sub-112249/ds/inputs/data/qsiprep/qsiprep/sub-112249/ses-1/dwi/sub-112249_ses-1_acq-multiband_dir-AP_space-ACPC_desc-preproc_dwi.nii.gz	0.1468507915122937	0.20129713	0.19926798	0.1629578	0.23594598	0.18423885	0.19587567	0.21125145	0.2331507951021194	sub-112249	ses-1		dir-AP	acq-multiband	space-ACPC			DSIStudio	autotrackgqi
Cerebellum_InferiorCerebellarPeduncleR	modulated_icvf	NODDI	/scratch/grmpy/SLURM_11194840_23/job-11194840-23-sub-112249/ds/inputs/data/qsiprep/qsiprep/sub-112249/ses-1/dwi/sub-112249_ses-1_acq-multiband_dir-AP_space-ACPC_desc-preproc_dwi.nii.gz	0.0333445604580666	0.5246563	0.14891508	0.5566177	0.5427542	0.55943525	0.114533566	0.5383614	0.5460653305053711	sub-112249	ses-1		dir-AP	acq-multiband	space-ACPC			DSIStudio	autotrackgqi
Cerebellum_InferiorCerebellarPeduncleR	modulated_od	NODDI	/scratch/grmpy/SLURM_11194840_23/job-11194840-23-sub-112249/ds/inputs/data/qsiprep/qsiprep/sub-112249/ses-1/dwi/sub-112249_ses-1_acq-multiband_dir-AP_space-ACPC_desc-preproc_dwi.nii.gz	0.0	0.3151092	0.18866347	0.29222587	0.3151092	0.29222587	0.18866347	0.24749415	0.2474941462278366	sub-112249	ses-1		dir-AP	acq-multiband	space-ACPC			DSIStudio	autotrackgqi
Cerebellum_InferiorCerebellarPeduncleR	nrmse	NODDI	/scratch/grmpy/SLURM_11194840_23/job-11194840-23-sub-112249/ds/inputs/data/qsiprep/qsiprep/sub-112249/ses-1/dwi/sub-112249_ses-1_acq-multiband_dir-AP_space-ACPC_desc-preproc_dwi.nii.gz	0.0252610306500505	0.1018589	0.040081132	0.098886035	0.10449864	0.09956749	0.037044313	0.10646574	0.1076733544468879	sub-112249	ses-1		dir-AP	acq-multiband	space-ACPC			DSIStudio	autotrackgqi
Cerebellum_InferiorCerebellarPeduncleR	od	NODDI	/scratch/grmpy/SLURM_11194840_23/job-11194840-23-sub-112249/ds/inputs/data/qsiprep/qsiprep/sub-112249/ses-1/dwi/sub-112249_ses-1_acq-multiband_dir-AP_space-ACPC_desc-preproc_dwi.nii.gz	0.0	0.39356843	0.19480182	0.38269123	0.39356843	0.38269123	0.19480182	0.31209272	0.3120927214622497	sub-112249	ses-1		dir-AP	acq-multiband	space-ACPC			DSIStudio	autotrackgqi
Cerebellum_InferiorCerebellarPeduncleR	rmse	NODDI	/scratch/grmpy/SLURM_11194840_23/job-11194840-23-sub-112249/ds/inputs/data/qsiprep/qsiprep/sub-112249/ses-1/dwi/sub-112249_ses-1_acq-multiband_dir-AP_space-ACPC_desc-preproc_dwi.nii.gz	0.0252610306500505	0.050963666	0.015028622	0.051148493	0.052284427	0.051479533	0.012753732	0.053671446	0.0542802214622497	sub-112249	ses-1		dir-AP	acq-multiband	space-ACPC			DSIStudio	autotrackgqi
Cerebellum_InferiorCerebellarPeduncleR	tf	NODDI	/scratch/grmpy/SLURM_11194840_23/job-11194840-23-sub-112249/ds/inputs/data/qsiprep/qsiprep/sub-112249/ses-1/dwi/sub-112249_ses-1_acq-multiband_dir-AP_space-ACPC_desc-preproc_dwi.nii.gz	0.0080835298080161	0.7987029	0.19926798	0.8370422	0.80521184	0.83879256	0.18652143	0.7887485	0.7910367846488953	sub-112249	ses-1		dir-AP	acq-multiband	space-ACPC			DSIStudio	autotrackgqi
Cerebellum_CerebellumL	directions	NODDI	/scratch/grmpy/SLURM_11194840_23/job-11194840-23-sub-112249/ds/inputs/data/qsiprep/qsiprep/sub-112249/ses-1/dwi/sub-112249_ses-1_acq-multiband_dir-AP_space-ACPC_desc-preproc_dwi.nii.gz	13.0	-0.23190404	0.5280645	-0.30990726	-0.2323933	-0.31198588	0.52851367	-0.7740162		sub-112249	ses-1		dir-AP	acq-multiband	space-ACPC			DSIStudio	autotrackgqi
Cerebellum_CerebellumL	icvf	NODDI	/scratch/grmpy/SLURM_11194840_23/job-11194840-23-sub-112249/ds/inputs/data/qsiprep/qsiprep/sub-112249/ses-1/dwi/sub-112249_ses-1_acq-multiband_dir-AP_space-ACPC_desc-preproc_dwi.nii.gz	0.0090688259109311	0.6143251	0.12941684	0.5975052	0.6199473	0.5983826	0.115829766	0.60982794	0.6113281846046448	sub-112249	ses-1		dir-AP	acq-multiband	space-ACPC			DSIStudio	autotrackgqi
Cerebellum_CerebellumL	isovf	NODDI	/scratch/grmpy/SLURM_11194840_23/job-11194840-23-sub-112249/ds/inputs/data/qsiprep/qsiprep/sub-112249/ses-1/dwi/sub-112249_ses-1_acq-multiband_dir-AP_space-ACPC_desc-preproc_dwi.nii.gz	0.2735222672064777	0.1217754	0.15676443	0.0727259	0.16762441	0.11746259	0.16168582	0.09309952	0.1338871419429779	sub-112249	ses-1		dir-AP	acq-multiband	space-ACPC			DSIStudio	autotrackgqi
Cerebellum_CerebellumL	modulated_icvf	NODDI	/scratch/grmpy/SLURM_11194840_23/job-11194840-23-sub-112249/ds/inputs/data/qsiprep/qsiprep/sub-112249/ses-1/dwi/sub-112249_ses-1_acq-multiband_dir-AP_space-ACPC_desc-preproc_dwi.nii.gz	0.0090688259109311	0.5263351	0.098637566	0.5453018	0.53115207	0.5457879	0.085204996	0.54580694	0.547149658203125	sub-112249	ses-1		dir-AP	acq-multiband	space-ACPC			DSIStudio	autotrackgqi
Cerebellum_CerebellumL	modulated_od	NODDI	/scratch/grmpy/SLURM_11194840_23/job-11194840-23-sub-112249/ds/inputs/data/qsiprep/qsiprep/sub-112249/ses-1/dwi/sub-112249_ses-1_acq-multiband_dir-AP_space-ACPC_desc-preproc_dwi.nii.gz	0.0021052631578947	0.39477322	0.13697587	0.39847073	0.39560607	0.39887732	0.13591354	0.39637455	0.3967119455337524	sub-112249	ses-1		dir-AP	acq-multiband	space-ACPC			DSIStudio	autotrackgqi
Cerebellum_CerebellumL	nrmse	NODDI	/scratch/grmpy/SLURM_11194840_23/job-11194840-23-sub-112249/ds/inputs/data/qsiprep/qsiprep/sub-112249/ses-1/dwi/sub-112249_ses-1_acq-multiband_dir-AP_space-ACPC_desc-preproc_dwi.nii.gz	0.008744939271255	0.08198048	0.027818507	0.0769466	0.082703725	0.07717862	0.02684924	0.0782039	0.0783920437097549	sub-112249	ses-1		dir-AP	acq-multiband	space-ACPC			DSIStudio	autotrackgqi
Cerebellum_CerebellumL	od	NODDI	/scratch/grmpy/SLURM_11194840_23/job-11194840-23-sub-112249/ds/inputs/data/qsiprep/qsiprep/sub-112249/ses-1/dwi/sub-112249_ses-1_acq-multiband_dir-AP_space-ACPC_desc-preproc_dwi.nii.gz	0.0021052631578947	0.45017657	0.12992184	0.4469473	0.4511263	0.44711345	0.1284011	0.4366458	0.4370174407958984	sub-112249	ses-1		dir-AP	acq-multiband	space-ACPC			DSIStudio	autotrackgqi
Cerebellum_CerebellumL	rmse	NODDI	/scratch/grmpy/SLURM_11194840_23/job-11194840-23-sub-112249/ds/inputs/data/qsiprep/qsiprep/sub-112249/ses-1/dwi/sub-112249_ses-1_acq-multiband_dir-AP_space-ACPC_desc-preproc_dwi.nii.gz	0.008744939271255	0.04241651	0.013754192	0.0399295	0.04279071	0.04003262	0.013222495	0.04132476	0.0414241775870323	sub-112249	ses-1		dir-AP	acq-multiband	space-ACPC			DSIStudio	autotrackgqi
Cerebellum_CerebellumL	tf	NODDI	/scratch/grmpy/SLURM_11194840_23/job-11194840-23-sub-112249/ds/inputs/data/qsiprep/qsiprep/sub-112249/ses-1/dwi/sub-112249_ses-1_acq-multiband_dir-AP_space-ACPC_desc-preproc_dwi.nii.gz	0.0024291497975708	0.8761193	0.16175036	0.92680204	0.8782527	0.9270797	0.15605517	0.90605	0.9068702459335328	sub-112249	ses-1		dir-AP	acq-multiband	space-ACPC			DSIStudio	autotrackgqi
Cerebellum_MiddleCerebellarPeduncle	directions	NODDI	/scratch/grmpy/SLURM_11194840_23/job-11194840-23-sub-112249/ds/inputs/data/qsiprep/qsiprep/sub-112249/ses-1/dwi/sub-112249_ses-1_acq-multiband_dir-AP_space-ACPC_desc-preproc_dwi.nii.gz	0.0	-0.1167493	0.5654228	-0.16086037	-0.1167493	-0.16086037	0.5654228	-0.3267435		sub-112249	ses-1		dir-AP	acq-multiband	space-ACPC			DSIStudio	autotrackgqi
Cerebellum_MiddleCerebellarPeduncle	icvf	NODDI	/scratch/grmpy/SLURM_11194840_23/job-11194840-23-sub-112249/ds/inputs/data/qsiprep/qsiprep/sub-112249/ses-1/dwi/sub-112249_ses-1_acq-multiband_dir-AP_space-ACPC_desc-preproc_dwi.nii.gz	0.0283190124652063	0.71912307	0.1852413	0.7090066	0.7400814	0.71597195	0.14072491	0.781999	0.788483202457428	sub-112249	ses-1		dir-AP	acq-multiband	space-ACPC			DSIStudio	autotrackgqi
Cerebellum_MiddleCerebellarPeduncle	isovf	NODDI	/scratch/grmpy/SLURM_11194840_23/job-11194840-23-sub-112249/ds/inputs/data/qsiprep/qsiprep/sub-112249/ses-1/dwi/sub-112249_ses-1_acq-multiband_dir-AP_space-ACPC_desc-preproc_dwi.nii.gz	0.1645891322764129	0.1744941	0.18286183	0.1412974	0.20887218	0.16446355	0.1812339	0.17969944	0.1956020593643188	sub-112249	ses-1		dir-AP	acq-multiband	space-ACPC			DSIStudio	autotrackgqi
Cerebellum_MiddleCerebellarPeduncle	modulated_icvf	NODDI	/scratch/grmpy/SLURM_11194840_23/job-11194840-23-sub-112249/ds/inputs/data/qsiprep/qsiprep/sub-112249/ses-1/dwi/sub-112249_ses-1_acq-multiband_dir-AP_space-ACPC_desc-preproc_dwi.nii.gz	0.0283190124652063	0.5773163	0.15583448	0.5980665	0.5941418	0.6009208	0.122455716	0.6304958	0.6357237696647644	sub-112249	ses-1		dir-AP	acq-multiband	space-ACPC			DSIStudio	autotrackgqi
Cerebellum_MiddleCerebellarPeduncle	modulated_od	NODDI	/scratch/grmpy/SLURM_11194840_23/job-11194840-23-sub-112249/ds/inputs/data/qsiprep/qsiprep/sub-112249/ses-1/dwi/sub-112249_ses-1_acq-multiband_dir-AP_space-ACPC_desc-preproc_dwi.nii.gz	0.0001210214207914	0.2926671	0.18907987	0.26595017	0.2927025	0.2659728	0.18906388	0.21251787	0.2125188112258911	sub-112249	ses-1		dir-AP	acq-multiband	space-ACPC			DSIStudio	autotrackgqi
Cerebellum_MiddleCerebellarPeduncle	nrmse	NODDI	/scratch/grmpy/SLURM_11194840_23/job-11194840-23-sub-112249/ds/inputs/data/qsiprep/qsiprep/sub-112249/ses-1/dwi/sub-112249_ses-1_acq-multiband_dir-AP_space-ACPC_desc-preproc_dwi.nii.gz	0.024204284158296	0.108827814	0.04825534	0.10257677	0.11152725	0.1034704	0.04566483	0.114969745	0.1157456710934639	sub-112249	ses-1		dir-AP	acq-multiband	space-ACPC			DSIStudio	autotrackgqi
Cerebellum_MiddleCerebellarPeduncle	od	NODDI	/scratch/grmpy/SLURM_11194840_23/job-11194840-23-sub-112249/ds/inputs/data/qsiprep/qsiprep/sub-112249/ses-1/dwi/sub-112249_ses-1_acq-multiband_dir-AP_space-ACPC_desc-preproc_dwi.nii.gz	0.0	0.35193196	0.19431412	0.33771512	0.35193196	0.33771512	0.19431412	0.26027107	0.2602710723876953	sub-112249	ses-1		dir-AP	acq-multiband	space-ACPC			DSIStudio	autotrackgqi
Cerebellum_MiddleCerebellarPeduncle	rmse	NODDI	/scratch/grmpy/SLURM_11194840_23/job-11194840-23-sub-112249/ds/inputs/data/qsiprep/qsiprep/sub-112249/ses-1/dwi/sub-112249_ses-1_acq-multiband_dir-AP_space-ACPC_desc-preproc_dwi.nii.gz	0.024204284158296	0.056049973	0.018585633	0.05536502	0.057440273	0.05577603	0.016557014	0.060996592	0.0614082552492618	sub-112249	ses-1		dir-AP	acq-multiband	space-ACPC			DSIStudio	autotrackgqi
Cerebellum_MiddleCerebellarPeduncle	tf	NODDI	/scratch/grmpy/SLURM_11194840_23/job-11194840-23-sub-112249/ds/inputs/data/qsiprep/qsiprep/sub-112249/ses-1/dwi/sub-112249_ses-1_acq-multiband_dir-AP_space-ACPC_desc-preproc_dwi.nii.gz	0.0041147283069103	0.82550585	0.18286183	0.8587026	0.8289166	0.85922116	0.17535497	0.8203005	0.8215491771697998	sub-112249	ses-1		dir-AP	acq-multiband	space-ACPC			DSIStudio	autotrackgqi
Cerebellum_CerebellumR	directions	NODDI	/scratch/grmpy/SLURM_11194840_23/job-11194840-23-sub-112249/ds/inputs/data/qsiprep/qsiprep/sub-112249/ses-1/dwi/sub-112249_ses-1_acq-multiband_dir-AP_space-ACPC_desc-preproc_dwi.nii.gz	0.0	-0.021094074	0.5769648	0.013011764	-0.021094074	0.013011764	0.5769648	-0.056790814		sub-112249	ses-1		dir-AP	acq-multiband	space-ACPC			DSIStudio	autotrackgqi
Cerebellum_CerebellumR	icvf	NODDI	/scratch/grmpy/SLURM_11194840_23/job-11194840-23-sub-112249/ds/inputs/data/qsiprep/qsiprep/sub-112249/ses-1/dwi/sub-112249_ses-1_acq-multiband_dir-AP_space-ACPC_desc-preproc_dwi.nii.gz	0.0045668419595903	0.6227367	0.11705154	0.6073854	0.6255937	0.60802627	0.10943769	0.6235926	0.6259429454803467	sub-112249	ses-1		dir-AP	acq-multiband	space-ACPC			DSIStudio	autotrackgqi
Cerebellum_CerebellumR	isovf	NODDI	/scratch/grmpy/SLURM_11194840_23/job-11194840-23-sub-112249/ds/inputs/data/qsiprep/qsiprep/sub-112249/ses-1/dwi/sub-112249_ses-1_acq-multiband_dir-AP_space-ACPC_desc-preproc_dwi.nii.gz	0.2399667866039302	0.1258762	0.15528491	0.08184663	0.16561934	0.11758563	0.15857029	0.10425289	0.1432707607746124	sub-112249	ses-1		dir-AP	acq-multiband	space-ACPC			DSIStudio	autotrackgqi
Cerebellum_CerebellumR	modulated_icvf	NODDI	/scratch/grmpy/SLURM_11194840_23/job-11194840-23-sub-112249/ds/inputs/data/qsiprep/qsiprep/sub-112249/ses-1/dwi/sub-112249_ses-1_acq-multiband_dir-AP_space-ACPC_desc-preproc_dwi.nii.gz	0.0045668419595903	0.5333706	0.095206946	0.5501387	0.5358176	0.5505137	0.088288195	0.5506668	0.5527423620223999	sub-112249	ses-1		dir-AP	acq-multiband	space-ACPC			DSIStudio	autotrackgqi
Cerebellum_CerebellumR	modulated_od	NODDI	/scratch/grmpy/SLURM_11194840_23/job-11194840-23-sub-112249/ds/inputs/data/qsiprep/qsiprep/sub-112249/ses-1/dwi/sub-112249_ses-1_acq-multiband_dir-AP_space-ACPC_desc-preproc_dwi.nii.gz	0.0001383891502906	0.3922027	0.13831079	0.40148246	0.39225698	0.401511	0.13824336	0.3966591	0.3966656923294067	sub-112249	ses-1		dir-AP	acq-multiband	space-ACPC			DSIStudio	autotrackgqi
Cerebellum_CerebellumR	nrmse	NODDI	/scratch/grmpy/SLURM_11194840_23/job-11194840-23-sub-112249/ds/inputs/data/qsiprep/qsiprep/sub-112249/ses-1/dwi/sub-112249_ses-1_acq-multiband_dir-AP_space-ACPC_desc-preproc_dwi.nii.gz	0.0037365070578466	0.082948975	0.02560266	0.078408	0.083260074	0.078483544	0.025140649	0.07947874	0.0797726884484291	sub-112249	ses-1		dir-AP	acq-multiband	space-ACPC			DSIStudio	autotrackgqi
Cerebellum_CerebellumR	od	NODDI	/scratch/grmpy/SLURM_11194840_23/job-11194840-23-sub-112249/ds/inputs/data/qsiprep/qsiprep/sub-112249/ses-1/dwi/sub-112249_ses-1_acq-multiband_dir-AP_space-ACPC_desc-preproc_dwi.nii.gz	0.0	0.44727644	0.13185118	0.4500662	0.44727644	0.4500662	0.13185118	0.44117355	0.4411735534667969	sub-112249	ses-1		dir-AP	acq-multiband	space-ACPC			DSIStudio	autotrackgqi
Cerebellum_CerebellumR	rmse	NODDI	/scratch/grmpy/SLURM_11194840_23/job-11194840-23-sub-112249/ds/inputs/data/qsiprep/qsiprep/sub-112249/ses-1/dwi/sub-112249_ses-1_acq-multiband_dir-AP_space-ACPC_desc-preproc_dwi.nii.gz	0.0037365070578466	0.04291702	0.0124853235	0.0407317	0.04307798	0.040771812	0.012228413	0.04188608	0.0420409962534904	sub-112249	ses-1		dir-AP	acq-multiband	space-ACPC			DSIStudio	autotrackgqi
Cerebellum_CerebellumR	tf	NODDI	/scratch/grmpy/SLURM_11194840_23/job-11194840-23-sub-112249/ds/inputs/data/qsiprep/qsiprep/sub-112249/ses-1/dwi/sub-112249_ses-1_acq-multiband_dir-AP_space-ACPC_desc-preproc_dwi.nii.gz	0.0008303349017437	0.8741238	0.1552849	0.9181534	0.8748502	0.9183026	0.15329033	0.8957471	0.8958097696304321	sub-112249	ses-1		dir-AP	acq-multiband	space-ACPC			DSIStudio	autotrackgqi
Cerebellum_Vermis	directions	NODDI	/scratch/grmpy/SLURM_11194840_23/job-11194840-23-sub-112249/ds/inputs/data/qsiprep/qsiprep/sub-112249/ses-1/dwi/sub-112249_ses-1_acq-multiband_dir-AP_space-ACPC_desc-preproc_dwi.nii.gz	0.0	-0.10225862	0.5682222	-0.12127584	-0.10225862	-0.12127584	0.5682222	-0.35005763		sub-112249	ses-1		dir-AP	acq-multiband	space-ACPC			DSIStudio	autotrackgqi
Cerebellum_Vermis	icvf	NODDI	/scratch/grmpy/SLURM_11194840_23/job-11194840-23-sub-112249/ds/inputs/data/qsiprep/qsiprep/sub-112249/ses-1/dwi/sub-112249_ses-1_acq-multiband_dir-AP_space-ACPC_desc-preproc_dwi.nii.gz	0.0464088397790055	0.6199587	0.1705383	0.62035173	0.65013045	0.62531185	0.104322195	0.6473272	0.6552807092666626	sub-112249	ses-1		dir-AP	acq-multiband	space-ACPC			DSIStudio	autotrackgqi
Cerebellum_Vermis	isovf	NODDI	/scratch/grmpy/SLURM_11194840_23/job-11194840-23-sub-112249/ds/inputs/data/qsiprep/qsiprep/sub-112249/ses-1/dwi/sub-112249_ses-1_acq-multiband_dir-AP_space-ACPC_desc-preproc_dwi.nii.gz	0.2937016574585635	0.12677859	0.15644117	0.08647694	0.17949721	0.13944149	0.15870729	0.14377013	0.190792828798294	sub-112249	ses-1		dir-AP	acq-multiband	space-ACPC			DSIStudio	autotrackgqi
Cerebellum_Vermis	modulated_icvf	NODDI	/scratch/grmpy/SLURM_11194840_23/job-11194840-23-sub-112249/ds/inputs/data/qsiprep/qsiprep/sub-112249/ses-1/dwi/sub-112249_ses-1_acq-multiband_dir-AP_space-ACPC_desc-preproc_dwi.nii.gz	0.0464088397790055	0.5269961	0.14537098	0.56402534	0.5526436	0.56800395	0.08937139	0.54097056	0.5476173162460327	sub-112249	ses-1		dir-AP	acq-multiband	space-ACPC			DSIStudio	autotrackgqi
Cerebellum_Vermis	modulated_od	NODDI	/scratch/grmpy/SLURM_11194840_23/job-11194840-23-sub-112249/ds/inputs/data/qsiprep/qsiprep/sub-112249/ses-1/dwi/sub-112249_ses-1_acq-multiband_dir-AP_space-ACPC_desc-preproc_dwi.nii.gz	0.0	0.41442773	0.18364799	0.40039122	0.41442773	0.40039122	0.18364799	0.3887323	0.3887323141098022	sub-112249	ses-1		dir-AP	acq-multiband	space-ACPC			DSIStudio	autotrackgqi
Cerebellum_Vermis	nrmse	NODDI	/scratch/grmpy/SLURM_11194840_23/job-11194840-23-sub-112249/ds/inputs/data/qsiprep/qsiprep/sub-112249/ses-1/dwi/sub-112249_ses-1_acq-multiband_dir-AP_space-ACPC_desc-preproc_dwi.nii.gz	0.0461878453038674	0.09064784	0.029482998	0.09139674	0.09503741	0.09280081	0.022229854	0.095296964	0.0964170023798942	sub-112249	ses-1		dir-AP	acq-multiband	space-ACPC			DSIStudio	autotrackgqi
Cerebellum_Vermis	od	NODDI	/scratch/grmpy/SLURM_11194840_23/job-11194840-23-sub-112249/ds/inputs/data/qsiprep/qsiprep/sub-112249/ses-1/dwi/sub-112249_ses-1_acq-multiband_dir-AP_space-ACPC_desc-preproc_dwi.nii.gz	0.0	0.4688944	0.17003931	0.4514798	0.4688944	0.4514798	0.17003931	0.4491369	0.4491369128227234	sub-112249	ses-1		dir-AP	acq-multiband	space-ACPC			DSIStudio	autotrackgqi
Cerebellum_Vermis	rmse	NODDI	/scratch/grmpy/SLURM_11194840_23/job-11194840-23-sub-112249/ds/inputs/data/qsiprep/qsiprep/sub-112249/ses-1/dwi/sub-112249_ses-1_acq-multiband_dir-AP_space-ACPC_desc-preproc_dwi.nii.gz	0.0461878453038674	0.047576096	0.015100117	0.048150264	0.049879942	0.048875116	0.011141777	0.04968996	0.0502739734947681	sub-112249	ses-1		dir-AP	acq-multiband	space-ACPC			DSIStudio	autotrackgqi
Cerebellum_Vermis	tf	NODDI	/scratch/grmpy/SLURM_11194840_23/job-11194840-23-sub-112249/ds/inputs/data/qsiprep/qsiprep/sub-112249/ses-1/dwi/sub-112249_ses-1_acq-multiband_dir-AP_space-ACPC_desc-preproc_dwi.nii.gz	0.0002209944751381	0.8732214	0.15644117	0.9135231	0.87341446	0.91352874	0.15591878	0.85622984	0.8566762804985046	sub-112249	ses-1		dir-AP	acq-multiband	space-ACPC			DSIStudio	autotrackgqi
CranialNerve_CNVL	directions	NODDI	/scratch/grmpy/SLURM_11194840_23/job-11194840-23-sub-112249/ds/inputs/data/qsiprep/qsiprep/sub-112249/ses-1/dwi/sub-112249_ses-1_acq-multiband_dir-AP_space-ACPC_desc-preproc_dwi.nii.gz	0.0	-0.041352756	0.5758674	-0.08626928	-0.041352756	-0.08626928	0.5758674	-0.29021657		sub-112249	ses-1		dir-AP	acq-multiband	space-ACPC			DSIStudio	autotrackgqi
CranialNerve_CNVL	icvf	NODDI	/scratch/grmpy/SLURM_11194840_23/job-11194840-23-sub-112249/ds/inputs/data/qsiprep/qsiprep/sub-112249/ses-1/dwi/sub-112249_ses-1_acq-multiband_dir-AP_space-ACPC_desc-preproc_dwi.nii.gz	0.0466772151898734	0.7825863	0.22190091	0.8080119	0.8209038	0.8229982	0.14211245	0.8137419	0.8320993185043335	sub-112249	ses-1		dir-AP	acq-multiband	space-ACPC			DSIStudio	autotrackgqi
CranialNerve_CNVL	isovf	NODDI	/scratch/grmpy/SLURM_11194840_23/job-11194840-23-sub-112249/ds/inputs/data/qsiprep/qsiprep/sub-112249/ses-1/dwi/sub-112249_ses-1_acq-multiband_dir-AP_space-ACPC_desc-preproc_dwi.nii.gz	0.0625	0.3268051	0.2748078	0.21947454	0.34859213	0.23229086	0.27010956	0.3269145	0.3416523039340973	sub-112249	ses-1		dir-AP	acq-multiband	space-ACPC			DSIStudio	autotrackgqi
CranialNerve_CNVL	modulated_icvf	NODDI	/scratch/grmpy/SLURM_11194840_23/job-11194840-23-sub-112249/ds/inputs/data/qsiprep/qsiprep/sub-112249/ses-1/dwi/sub-112249_ses-1_acq-multiband_dir-AP_space-ACPC_desc-preproc_dwi.nii.gz	0.0466772151898734	0.51898974	0.20908724	0.57220924	0.5444009	0.5791388	0.17895295	0.53363335	0.5456717014312744	sub-112249	ses-1		dir-AP	acq-multiband	space-ACPC			DSIStudio	autotrackgqi
CranialNerve_CNVL	modulated_od	NODDI	/scratch/grmpy/SLURM_11194840_23/job-11194840-23-sub-112249/ds/inputs/data/qsiprep/qsiprep/sub-112249/ses-1/dwi/sub-112249_ses-1_acq-multiband_dir-AP_space-ACPC_desc-preproc_dwi.nii.gz	0.0	0.20869298	0.16731729	0.18513706	0.20869298	0.18513706	0.16731729	0.17067942	0.1706794202327728	sub-112249	ses-1		dir-AP	acq-multiband	space-ACPC			DSIStudio	autotrackgqi
CranialNerve_CNVL	nrmse	NODDI	/scratch/grmpy/SLURM_11194840_23/job-11194840-23-sub-112249/ds/inputs/data/qsiprep/qsiprep/sub-112249/ses-1/dwi/sub-112249_ses-1_acq-multiband_dir-AP_space-ACPC_desc-preproc_dwi.nii.gz	0.0134493670886075	0.1458802	0.075075015	0.12189993	0.14786895	0.12269056	0.07361401	0.14720781	0.1479009240865707	sub-112249	ses-1		dir-AP	acq-multiband	space-ACPC			DSIStudio	autotrackgqi
CranialNerve_CNVL	od	NODDI	/scratch/grmpy/SLURM_11194840_23/job-11194840-23-sub-112249/ds/inputs/data/qsiprep/qsiprep/sub-112249/ses-1/dwi/sub-112249_ses-1_acq-multiband_dir-AP_space-ACPC_desc-preproc_dwi.nii.gz	0.0	0.33693314	0.21457708	0.29791725	0.33693314	0.29791725	0.21457708	0.27135172	0.2713517248630523	sub-112249	ses-1		dir-AP	acq-multiband	space-ACPC			DSIStudio	autotrackgqi
CranialNerve_CNVL	rmse	NODDI	/scratch/grmpy/SLURM_11194840_23/job-11194840-23-sub-112249/ds/inputs/data/qsiprep/qsiprep/sub-112249/ses-1/dwi/sub-112249_ses-1_acq-multiband_dir-AP_space-ACPC_desc-preproc_dwi.nii.gz	0.0134493670886075	0.0665356	0.02144324	0.06292723	0.06744266	0.06330382	0.020122288	0.06834971	0.0686715245246887	sub-112249	ses-1		dir-AP	acq-multiband	space-ACPC			DSIStudio	autotrackgqi
CranialNerve_CNVL	tf	NODDI	/scratch/grmpy/SLURM_11194840_23/job-11194840-23-sub-112249/ds/inputs/data/qsiprep/qsiprep/sub-112249/ses-1/dwi/sub-112249_ses-1_acq-multiband_dir-AP_space-ACPC_desc-preproc_dwi.nii.gz	0.0332278481012658	0.6731949	0.2748078	0.78052545	0.6963325	0.7863573	0.2490049	0.6730856	0.6849873065948486	sub-112249	ses-1		dir-AP	acq-multiband	space-ACPC			DSIStudio	autotrackgqi
CranialNerve_CNVR	directions	NODDI	/scratch/grmpy/SLURM_11194840_23/job-11194840-23-sub-112249/ds/inputs/data/qsiprep/qsiprep/sub-112249/ses-1/dwi/sub-112249_ses-1_acq-multiband_dir-AP_space-ACPC_desc-preproc_dwi.nii.gz	0.0	-0.090590425	0.57019883	-0.116689295	-0.090590425	-0.116689295	0.57019883	-0.19859308		sub-112249	ses-1		dir-AP	acq-multiband	space-ACPC			DSIStudio	autotrackgqi
CranialNerve_CNVR	icvf	NODDI	/scratch/grmpy/SLURM_11194840_23/job-11194840-23-sub-112249/ds/inputs/data/qsiprep/qsiprep/sub-112249/ses-1/dwi/sub-112249_ses-1_acq-multiband_dir-AP_space-ACPC_desc-preproc_dwi.nii.gz	0.0158511371467953	0.78969043	0.17661414	0.79420835	0.8024095	0.7968684	0.14659135	0.80018955	0.8038716316223145	sub-112249	ses-1		dir-AP	acq-multiband	space-ACPC			DSIStudio	autotrackgqi
CranialNerve_CNVR	isovf	NODDI	/scratch/grmpy/SLURM_11194840_23/job-11194840-23-sub-112249/ds/inputs/data/qsiprep/qsiprep/sub-112249/ses-1/dwi/sub-112249_ses-1_acq-multiband_dir-AP_space-ACPC_desc-preproc_dwi.nii.gz	0.0647829083390765	0.2378378	0.20497142	0.18643564	0.25431293	0.19589669	0.20182596	0.19820628	0.2062434405088424	sub-112249	ses-1		dir-AP	acq-multiband	space-ACPC			DSIStudio	autotrackgqi
CranialNerve_CNVR	modulated_icvf	NODDI	/scratch/grmpy/SLURM_11194840_23/job-11194840-23-sub-112249/ds/inputs/data/qsiprep/qsiprep/sub-112249/ses-1/dwi/sub-112249_ses-1_acq-multiband_dir-AP_space-ACPC_desc-preproc_dwi.nii.gz	0.0158511371467953	0.58607805	0.16844244	0.6131467	0.5955177	0.61528474	0.15234296	0.6322725	0.6351819038391113	sub-112249	ses-1		dir-AP	acq-multiband	space-ACPC			DSIStudio	autotrackgqi
CranialNerve_CNVR	modulated_od	NODDI	/scratch/grmpy/SLURM_11194840_23/job-11194840-23-sub-112249/ds/inputs/data/qsiprep/qsiprep/sub-112249/ses-1/dwi/sub-112249_ses-1_acq-multiband_dir-AP_space-ACPC_desc-preproc_dwi.nii.gz	0.0	0.23530933	0.1703557	0.21540166	0.23530933	0.21540166	0.1703557	0.20922245	0.2092224508523941	sub-112249	ses-1		dir-AP	acq-multiband	space-ACPC			DSIStudio	autotrackgqi
CranialNerve_CNVR	nrmse	NODDI	/scratch/grmpy/SLURM_11194840_23/job-11194840-23-sub-112249/ds/inputs/data/qsiprep/qsiprep/sub-112249/ses-1/dwi/sub-112249_ses-1_acq-multiband_dir-AP_space-ACPC_desc-preproc_dwi.nii.gz	0.0110268780151619	0.1294117	0.046620082	0.11858342	0.1308546	0.11898777	0.044820227	0.12709849	0.1276129335165023	sub-112249	ses-1		dir-AP	acq-multiband	space-ACPC			DSIStudio	autotrackgqi
CranialNerve_CNVR	od	NODDI	/scratch/grmpy/SLURM_11194840_23/job-11194840-23-sub-112249/ds/inputs/data/qsiprep/qsiprep/sub-112249/ses-1/dwi/sub-112249_ses-1_acq-multiband_dir-AP_space-ACPC_desc-preproc_dwi.nii.gz	0.0	0.30694354	0.18798743	0.28932083	0.30694354	0.28932083	0.18798743	0.2599009	0.2599008977413177	sub-112249	ses-1		dir-AP	acq-multiband	space-ACPC			DSIStudio	autotrackgqi
CranialNerve_CNVR	rmse	NODDI	/scratch/grmpy/SLURM_11194840_23/job-11194840-23-sub-112249/ds/inputs/data/qsiprep/qsiprep/sub-112249/ses-1/dwi/sub-112249_ses-1_acq-multiband_dir-AP_space-ACPC_desc-preproc_dwi.nii.gz	0.0110268780151619	0.065188505	0.01752663	0.062561035	0.065915346	0.06268398	0.016207956	0.067494765	0.0677679553627967	sub-112249	ses-1		dir-AP	acq-multiband	space-ACPC			DSIStudio	autotrackgqi
CranialNerve_CNVR	tf	NODDI	/scratch/grmpy/SLURM_11194840_23/job-11194840-23-sub-112249/ds/inputs/data/qsiprep/qsiprep/sub-112249/ses-1/dwi/sub-112249_ses-1_acq-multiband_dir-AP_space-ACPC_desc-preproc_dwi.nii.gz	0.0048242591316333	0.7621622	0.20497142	0.81356436	0.76585686	0.81443185	0.19846244	0.8017938	0.8022342920303345	sub-112249	ses-1		dir-AP	acq-multiband	space-ACPC			DSIStudio	autotrackgqi
CranialNerve_CNIIIR	directions	NODDI	/scratch/grmpy/SLURM_11194840_23/job-11194840-23-sub-112249/ds/inputs/data/qsiprep/qsiprep/sub-112249/ses-1/dwi/sub-112249_ses-1_acq-multiband_dir-AP_space-ACPC_desc-preproc_dwi.nii.gz	0.0	-0.004210908	0.57733494	-0.05072041	-0.004210908	-0.05072041	0.57733494	0.07169113		sub-112249	ses-1		dir-AP	acq-multiband	space-ACPC			DSIStudio	autotrackgqi
CranialNerve_CNIIIR	icvf	NODDI	/scratch/grmpy/SLURM_11194840_23/job-11194840-23-sub-112249/ds/inputs/data/qsiprep/qsiprep/sub-112249/ses-1/dwi/sub-112249_ses-1_acq-multiband_dir-AP_space-ACPC_desc-preproc_dwi.nii.gz	0.1227336122733612	0.676334	0.31866142	0.740517	0.7709563	0.7846239	0.20688665	0.651947	0.7150225639343262	sub-112249	ses-1		dir-AP	acq-multiband	space-ACPC			DSIStudio	autotrackgqi
CranialNerve_CNIIIR	isovf	NODDI	/scratch/grmpy/SLURM_11194840_23/job-11194840-23-sub-112249/ds/inputs/data/qsiprep/qsiprep/sub-112249/ses-1/dwi/sub-112249_ses-1_acq-multiband_dir-AP_space-ACPC_desc-preproc_dwi.nii.gz	0.0418410041841004	0.48306808	0.33521217	0.40247023	0.5041627	0.42887446	0.32655612	0.4371016	0.4699292480945587	sub-112249	ses-1		dir-AP	acq-multiband	space-ACPC			DSIStudio	autotrackgqi
CranialNerve_CNIIIR	modulated_icvf	NODDI	/scratch/grmpy/SLURM_11194840_23/job-11194840-23-sub-112249/ds/inputs/data/qsiprep/qsiprep/sub-112249/ses-1/dwi/sub-112249_ses-1_acq-multiband_dir-AP_space-ACPC_desc-preproc_dwi.nii.gz	0.1227336122733612	0.36084554	0.22494978	0.36676696	0.4113295	0.40787533	0.19213633	0.35423273	0.3885045349597931	sub-112249	ses-1		dir-AP	acq-multiband	space-ACPC			DSIStudio	autotrackgqi
CranialNerve_CNIIIR	modulated_od	NODDI	/scratch/grmpy/SLURM_11194840_23/job-11194840-23-sub-112249/ds/inputs/data/qsiprep/qsiprep/sub-112249/ses-1/dwi/sub-112249_ses-1_acq-multiband_dir-AP_space-ACPC_desc-preproc_dwi.nii.gz	0.0	0.14871867	0.13023005	0.12762165	0.14871867	0.12762165	0.13023005	0.1535828	0.1535827964544296	sub-112249	ses-1		dir-AP	acq-multiband	space-ACPC			DSIStudio	autotrackgqi
CranialNerve_CNIIIR	nrmse	NODDI	/scratch/grmpy/SLURM_11194840_23/job-11194840-23-sub-112249/ds/inputs/data/qsiprep/qsiprep/sub-112249/ses-1/dwi/sub-112249_ses-1_acq-multiband_dir-AP_space-ACPC_desc-preproc_dwi.nii.gz	0.0	0.16142944	0.07354022	0.13310584	0.16142944	0.13310584	0.07354022	0.15490752	0.1549075245857238	sub-112249	ses-1		dir-AP	acq-multiband	space-ACPC			DSIStudio	autotrackgqi
CranialNerve_CNIIIR	od	NODDI	/scratch/grmpy/SLURM_11194840_23/job-11194840-23-sub-112249/ds/inputs/data/qsiprep/qsiprep/sub-112249/ses-1/dwi/sub-112249_ses-1_acq-multiband_dir-AP_space-ACPC_desc-preproc_dwi.nii.gz	0.0	0.37924573	0.27016827	0.29	0.37924573	0.29	0.27016827	0.34706497	0.3470649719238281	sub-112249	ses-1		dir-AP	acq-multiband	space-ACPC			DSIStudio	autotrackgqi
CranialNerve_CNIIIR	rmse	NODDI	/scratch/grmpy/SLURM_11194840_23/job-11194840-23-sub-112249/ds/inputs/data/qsiprep/qsiprep/sub-112249/ses-1/dwi/sub-112249_ses-1_acq-multiband_dir-AP_space-ACPC_desc-preproc_dwi.nii.gz	0.0	0.064277045	0.017675588	0.060984153	0.064277045	0.060984153	0.017675588	0.062049106	0.0620491057634353	sub-112249	ses-1		dir-AP	acq-multiband	space-ACPC			DSIStudio	autotrackgqi
CranialNerve_CNIIIR	tf	NODDI	/scratch/grmpy/SLURM_11194840_23/job-11194840-23-sub-112249/ds/inputs/data/qsiprep/qsiprep/sub-112249/ses-1/dwi/sub-112249_ses-1_acq-multiband_dir-AP_space-ACPC_desc-preproc_dwi.nii.gz	0.1227336122733612	0.5169319	0.33521217	0.59752977	0.58925307	0.68106174	0.29235664	0.5628984	0.6173585653305054	sub-112249	ses-1		dir-AP	acq-multiband	space-ACPC			DSIStudio	autotrackgqi
CranialNerve_CNVIIR	directions	NODDI	/scratch/grmpy/SLURM_11194840_23/job-11194840-23-sub-112249/ds/inputs/data/qsiprep/qsiprep/sub-112249/ses-1/dwi/sub-112249_ses-1_acq-multiband_dir-AP_space-ACPC_desc-preproc_dwi.nii.gz	0.0	-0.044135373	0.5756608	-0.030355237	-0.044135373	-0.030355237	0.5756608	-0.24927615		sub-112249	ses-1		dir-AP	acq-multiband	space-ACPC			DSIStudio	autotrackgqi
CranialNerve_CNVIIR	icvf	NODDI	/scratch/grmpy/SLURM_11194840_23/job-11194840-23-sub-112249/ds/inputs/data/qsiprep/qsiprep/sub-112249/ses-1/dwi/sub-112249_ses-1_acq-multiband_dir-AP_space-ACPC_desc-preproc_dwi.nii.gz	0.0053475935828877	0.78124696	0.1540759	0.7743213	0.78544724	0.7746867	0.14341529	0.7956371	0.7960137128829956	sub-112249	ses-1		dir-AP	acq-multiband	space-ACPC			DSIStudio	autotrackgqi
CranialNerve_CNVIIR	isovf	NODDI	/scratch/grmpy/SLURM_11194840_23/job-11194840-23-sub-112249/ds/inputs/data/qsiprep/qsiprep/sub-112249/ses-1/dwi/sub-112249_ses-1_acq-multiband_dir-AP_space-ACPC_desc-preproc_dwi.nii.gz	0.0561497326203208	0.2754636	0.25129613	0.18087295	0.29185095	0.19236538	0.2492466	0.21122718	0.2198874056339264	sub-112249	ses-1		dir-AP	acq-multiband	space-ACPC			DSIStudio	autotrackgqi
CranialNerve_CNVIIR	modulated_icvf	NODDI	/scratch/grmpy/SLURM_11194840_23/job-11194840-23-sub-112249/ds/inputs/data/qsiprep/qsiprep/sub-112249/ses-1/dwi/sub-112249_ses-1_acq-multiband_dir-AP_space-ACPC_desc-preproc_dwi.nii.gz	0.0053475935828877	0.54341155	0.16831091	0.590762	0.54633313	0.59152997	0.16396561	0.6167902	0.6170821189880371	sub-112249	ses-1		dir-AP	acq-multiband	space-ACPC			DSIStudio	autotrackgqi
CranialNerve_CNVIIR	modulated_od	NODDI	/scratch/grmpy/SLURM_11194840_23/job-11194840-23-sub-112249/ds/inputs/data/qsiprep/qsiprep/sub-112249/ses-1/dwi/sub-112249_ses-1_acq-multiband_dir-AP_space-ACPC_desc-preproc_dwi.nii.gz	0.0	0.24150631	0.18333751	0.21089646	0.24150631	0.21089646	0.18333751	0.24307343	0.243073433637619	sub-112249	ses-1		dir-AP	acq-multiband	space-ACPC			DSIStudio	autotrackgqi
CranialNerve_CNVIIR	nrmse	NODDI	/scratch/grmpy/SLURM_11194840_23/job-11194840-23-sub-112249/ds/inputs/data/qsiprep/qsiprep/sub-112249/ses-1/dwi/sub-112249_ses-1_acq-multiband_dir-AP_space-ACPC_desc-preproc_dwi.nii.gz	0.0	0.12186293	0.055548176	0.10920649	0.12186293	0.10920649	0.055548176	0.107292674	0.1072926744818687	sub-112249	ses-1		dir-AP	acq-multiband	space-ACPC			DSIStudio	autotrackgqi
CranialNerve_CNVIIR	od	NODDI	/scratch/grmpy/SLURM_11194840_23/job-11194840-23-sub-112249/ds/inputs/data/qsiprep/qsiprep/sub-112249/ses-1/dwi/sub-112249_ses-1_acq-multiband_dir-AP_space-ACPC_desc-preproc_dwi.nii.gz	0.0	0.3233532	0.19747998	0.32050395	0.3233532	0.32050395	0.19747998	0.30254138	0.3025413751602173	sub-112249	ses-1		dir-AP	acq-multiband	space-ACPC			DSIStudio	autotrackgqi
CranialNerve_CNVIIR	rmse	NODDI	/scratch/grmpy/SLURM_11194840_23/job-11194840-23-sub-112249/ds/inputs/data/qsiprep/qsiprep/sub-112249/ses-1/dwi/sub-112249_ses-1_acq-multiband_dir-AP_space-ACPC_desc-preproc_dwi.nii.gz	0.0	0.0583461	0.01746644	0.054961033	0.0583461	0.054961033	0.01746644	0.05601112	0.0560111254453659	sub-112249	ses-1		dir-AP	acq-multiband	space-ACPC			DSIStudio	autotrackgqi
CranialNerve_CNVIIR	tf	NODDI	/scratch/grmpy/SLURM_11194840_23/job-11194840-23-sub-112249/ds/inputs/data/qsiprep/qsiprep/sub-112249/ses-1/dwi/sub-112249_ses-1_acq-multiband_dir-AP_space-ACPC_desc-preproc_dwi.nii.gz	0.0053475935828877	0.7245364	0.25129613	0.8191271	0.72843176	0.8204627	0.24627578	0.7887728	0.7891461849212646	sub-112249	ses-1		dir-AP	acq-multiband	space-ACPC			DSIStudio	autotrackgqi
CranialNerve_CNIIIL	directions	NODDI	/scratch/grmpy/SLURM_11194840_23/job-11194840-23-sub-112249/ds/inputs/data/qsiprep/qsiprep/sub-112249/ses-1/dwi/sub-112249_ses-1_acq-multiband_dir-AP_space-ACPC_desc-preproc_dwi.nii.gz	0.0	-0.03709626	0.5761573	-0.039632984	-0.03709626	-0.039632984	0.5761573	-0.19572818		sub-112249	ses-1		dir-AP	acq-multiband	space-ACPC			DSIStudio	autotrackgqi
CranialNerve_CNIIIL	icvf	NODDI	/scratch/grmpy/SLURM_11194840_23/job-11194840-23-sub-112249/ds/inputs/data/qsiprep/qsiprep/sub-112249/ses-1/dwi/sub-112249_ses-1_acq-multiband_dir-AP_space-ACPC_desc-preproc_dwi.nii.gz	0.075	0.67536604	0.2737845	0.6811674	0.7301254	0.7055366	0.20261881	0.5891	0.6381350755691528	sub-112249	ses-1		dir-AP	acq-multiband	space-ACPC			DSIStudio	autotrackgqi
CranialNerve_CNIIIL	isovf	NODDI	/scratch/grmpy/SLURM_11194840_23/job-11194840-23-sub-112249/ds/inputs/data/qsiprep/qsiprep/sub-112249/ses-1/dwi/sub-112249_ses-1_acq-multiband_dir-AP_space-ACPC_desc-preproc_dwi.nii.gz	0.1027777777777777	0.38985536	0.32895884	0.26777238	0.43451372	0.3528046	0.31812775	0.28992614	0.3468770980834961	sub-112249	ses-1		dir-AP	acq-multiband	space-ACPC			DSIStudio	autotrackgqi
CranialNerve_CNIIIL	modulated_icvf	NODDI	/scratch/grmpy/SLURM_11194840_23/job-11194840-23-sub-112249/ds/inputs/data/qsiprep/qsiprep/sub-112249/ses-1/dwi/sub-112249_ses-1_acq-multiband_dir-AP_space-ACPC_desc-preproc_dwi.nii.gz	0.075	0.40270326	0.19636492	0.4298579	0.4353549	0.45463556	0.16574246	0.41991213	0.454864501953125	sub-112249	ses-1		dir-AP	acq-multiband	space-ACPC			DSIStudio	autotrackgqi
CranialNerve_CNIIIL	modulated_od	NODDI	/scratch/grmpy/SLURM_11194840_23/job-11194840-23-sub-112249/ds/inputs/data/qsiprep/qsiprep/sub-112249/ses-1/dwi/sub-112249_ses-1_acq-multiband_dir-AP_space-ACPC_desc-preproc_dwi.nii.gz	0.0	0.19378734	0.15417582	0.16960406	0.19378734	0.16960406	0.15417582	0.22946554	0.2294655442237854	sub-112249	ses-1		dir-AP	acq-multiband	space-ACPC			DSIStudio	autotrackgqi
CranialNerve_CNIIIL	nrmse	NODDI	/scratch/grmpy/SLURM_11194840_23/job-11194840-23-sub-112249/ds/inputs/data/qsiprep/qsiprep/sub-112249/ses-1/dwi/sub-112249_ses-1_acq-multiband_dir-AP_space-ACPC_desc-preproc_dwi.nii.gz	0.0	0.1408039	0.066499785	0.11681411	0.1408039	0.11681411	0.066499785	0.12610191	0.1261019110679626	sub-112249	ses-1		dir-AP	acq-multiband	space-ACPC			DSIStudio	autotrackgqi
CranialNerve_CNIIIL	od	NODDI	/scratch/grmpy/SLURM_11194840_23/job-11194840-23-sub-112249/ds/inputs/data/qsiprep/qsiprep/sub-112249/ses-1/dwi/sub-112249_ses-1_acq-multiband_dir-AP_space-ACPC_desc-preproc_dwi.nii.gz	0.0	0.36130872	0.23553309	0.3128876	0.36130872	0.3128876	0.23553309	0.37097108	0.3709710836410522	sub-112249	ses-1		dir-AP	acq-multiband	space-ACPC			DSIStudio	autotrackgqi
CranialNerve_CNIIIL	rmse	NODDI	/scratch/grmpy/SLURM_11194840_23/job-11194840-23-sub-112249/ds/inputs/data/qsiprep/qsiprep/sub-112249/ses-1/dwi/sub-112249_ses-1_acq-multiband_dir-AP_space-ACPC_desc-preproc_dwi.nii.gz	0.0	0.059090912	0.016680185	0.056280572	0.059090912	0.056280572	0.016680185	0.055973843	0.0559738427400589	sub-112249	ses-1		dir-AP	acq-multiband	space-ACPC			DSIStudio	autotrackgqi
CranialNerve_CNIIIL	tf	NODDI	/scratch/grmpy/SLURM_11194840_23/job-11194840-23-sub-112249/ds/inputs/data/qsiprep/qsiprep/sub-112249/ses-1/dwi/sub-112249_ses-1_acq-multiband_dir-AP_space-ACPC_desc-preproc_dwi.nii.gz	0.075	0.6101446	0.32895884	0.7322276	0.65961576	0.7579602	0.29044113	0.7100738	0.7691785097122192	sub-112249	ses-1		dir-AP	acq-multiband	space-ACPC			DSIStudio	autotrackgqi
CranialNerve_CNIIR	directions	NODDI	/scratch/grmpy/SLURM_11194840_23/job-11194840-23-sub-112249/ds/inputs/data/qsiprep/qsiprep/sub-112249/ses-1/dwi/sub-112249_ses-1_acq-multiband_dir-AP_space-ACPC_desc-preproc_dwi.nii.gz	0.0	-0.09564961	0.569372	-0.15036276	-0.09564961	-0.15036276	0.569372	-0.43134776		sub-112249	ses-1		dir-AP	acq-multiband	space-ACPC			DSIStudio	autotrackgqi
CranialNerve_CNIIR	icvf	NODDI	/scratch/grmpy/SLURM_11194840_23/job-11194840-23-sub-112249/ds/inputs/data/qsiprep/qsiprep/sub-112249/ses-1/dwi/sub-112249_ses-1_acq-multiband_dir-AP_space-ACPC_desc-preproc_dwi.nii.gz	0.0472491909385113	0.59466094	0.2603171	0.5202929	0.6241516	0.53644073	0.22960612	0.63274	0.657685399055481	sub-112249	ses-1		dir-AP	acq-multiband	space-ACPC			DSIStudio	autotrackgqi
CranialNerve_CNIIR	isovf	NODDI	/scratch/grmpy/SLURM_11194840_23/job-11194840-23-sub-112249/ds/inputs/data/qsiprep/qsiprep/sub-112249/ses-1/dwi/sub-112249_ses-1_acq-multiband_dir-AP_space-ACPC_desc-preproc_dwi.nii.gz	0.2310679611650485	0.30442694	0.32633317	0.1583735	0.39590874	0.28571495	0.31980726	0.3294899	0.3874480128288269	sub-112249	ses-1		dir-AP	acq-multiband	space-ACPC			DSIStudio	autotrackgqi
CranialNerve_CNIIR	modulated_icvf	NODDI	/scratch/grmpy/SLURM_11194840_23/job-11194840-23-sub-112249/ds/inputs/data/qsiprep/qsiprep/sub-112249/ses-1/dwi/sub-112249_ses-1_acq-multiband_dir-AP_space-ACPC_desc-preproc_dwi.nii.gz	0.0472491909385113	0.3801984	0.16010712	0.39031914	0.39905334	0.3957178	0.13921718	0.3970235	0.4126758873462677	sub-112249	ses-1		dir-AP	acq-multiband	space-ACPC			DSIStudio	autotrackgqi
CranialNerve_CNIIR	modulated_od	NODDI	/scratch/grmpy/SLURM_11194840_23/job-11194840-23-sub-112249/ds/inputs/data/qsiprep/qsiprep/sub-112249/ses-1/dwi/sub-112249_ses-1_acq-multiband_dir-AP_space-ACPC_desc-preproc_dwi.nii.gz	0.0	0.24835889	0.1864747	0.2265865	0.24835889	0.2265865	0.1864747	0.17494136	0.1749413609504699	sub-112249	ses-1		dir-AP	acq-multiband	space-ACPC			DSIStudio	autotrackgqi
CranialNerve_CNIIR	nrmse	NODDI	/scratch/grmpy/SLURM_11194840_23/job-11194840-23-sub-112249/ds/inputs/data/qsiprep/qsiprep/sub-112249/ses-1/dwi/sub-112249_ses-1_acq-multiband_dir-AP_space-ACPC_desc-preproc_dwi.nii.gz	0.0	0.12398506	0.06269043	0.10250069	0.12398506	0.10250069	0.06269043	0.12785766	0.1278576552867889	sub-112249	ses-1		dir-AP	acq-multiband	space-ACPC			DSIStudio	autotrackgqi
CranialNerve_CNIIR	od	NODDI	/scratch/grmpy/SLURM_11194840_23/job-11194840-23-sub-112249/ds/inputs/data/qsiprep/qsiprep/sub-112249/ses-1/dwi/sub-112249_ses-1_acq-multiband_dir-AP_space-ACPC_desc-preproc_dwi.nii.gz	0.0	0.38193643	0.21783628	0.35006142	0.38193643	0.35006142	0.21783628	0.2905569	0.2905569076538086	sub-112249	ses-1		dir-AP	acq-multiband	space-ACPC			DSIStudio	autotrackgqi
CranialNerve_CNIIR	rmse	NODDI	/scratch/grmpy/SLURM_11194840_23/job-11194840-23-sub-112249/ds/inputs/data/qsiprep/qsiprep/sub-112249/ses-1/dwi/sub-112249_ses-1_acq-multiband_dir-AP_space-ACPC_desc-preproc_dwi.nii.gz	0.0	0.05298153	0.017639482	0.04925785	0.05298153	0.04925785	0.017639482	0.05641195	0.0564119517803192	sub-112249	ses-1		dir-AP	acq-multiband	space-ACPC			DSIStudio	autotrackgqi
CranialNerve_CNIIR	tf	NODDI	/scratch/grmpy/SLURM_11194840_23/job-11194840-23-sub-112249/ds/inputs/data/qsiprep/qsiprep/sub-112249/ses-1/dwi/sub-112249_ses-1_acq-multiband_dir-AP_space-ACPC_desc-preproc_dwi.nii.gz	0.0472491909385113	0.6955731	0.3263332	0.8416265	0.7300682	0.8546084	0.29426315	0.6705101	0.696944534778595	sub-112249	ses-1		dir-AP	acq-multiband	space-ACPC			DSIStudio	autotrackgqi
CranialNerve_CNVIIIR	directions	NODDI	/scratch/grmpy/SLURM_11194840_23/job-11194840-23-sub-112249/ds/inputs/data/qsiprep/qsiprep/sub-112249/ses-1/dwi/sub-112249_ses-1_acq-multiband_dir-AP_space-ACPC_desc-preproc_dwi.nii.gz	0.0	0.011622111	0.5772333	0.012116012	0.011622111	0.012116012	0.5772333	-0.13299862		sub-112249	ses-1		dir-AP	acq-multiband	space-ACPC			DSIStudio	autotrackgqi
CranialNerve_CNVIIIR	icvf	NODDI	/scratch/grmpy/SLURM_11194840_23/job-11194840-23-sub-112249/ds/inputs/data/qsiprep/qsiprep/sub-112249/ses-1/dwi/sub-112249_ses-1_acq-multiband_dir-AP_space-ACPC_desc-preproc_dwi.nii.gz	0.0038910505836575	0.7535984	0.15209842	0.7159075	0.75654215	0.7167726	0.14490421	0.77534693	0.7761868834495544	sub-112249	ses-1		dir-AP	acq-multiband	space-ACPC			DSIStudio	autotrackgqi
CranialNerve_CNVIIIR	isovf	NODDI	/scratch/grmpy/SLURM_11194840_23/job-11194840-23-sub-112249/ds/inputs/data/qsiprep/qsiprep/sub-112249/ses-1/dwi/sub-112249_ses-1_acq-multiband_dir-AP_space-ACPC_desc-preproc_dwi.nii.gz	0.0593385214007782	0.2819439	0.24220535	0.20315853	0.29972938	0.21108457	0.23881622	0.2677439	0.2762171626091003	sub-112249	ses-1		dir-AP	acq-multiband	space-ACPC			DSIStudio	autotrackgqi
CranialNerve_CNVIIIR	modulated_icvf	NODDI	/scratch/grmpy/SLURM_11194840_23/job-11194840-23-sub-112249/ds/inputs/data/qsiprep/qsiprep/sub-112249/ses-1/dwi/sub-112249_ses-1_acq-multiband_dir-AP_space-ACPC_desc-preproc_dwi.nii.gz	0.0038910505836575	0.5163072	0.15014964	0.5396906	0.518324	0.5407359	0.14692724	0.5488888	0.5494834184646606	sub-112249	ses-1		dir-AP	acq-multiband	space-ACPC			DSIStudio	autotrackgqi
CranialNerve_CNVIIIR	modulated_od	NODDI	/scratch/grmpy/SLURM_11194840_23/job-11194840-23-sub-112249/ds/inputs/data/qsiprep/qsiprep/sub-112249/ses-1/dwi/sub-112249_ses-1_acq-multiband_dir-AP_space-ACPC_desc-preproc_dwi.nii.gz	0.0	0.27697322	0.17640644	0.26947206	0.27697322	0.26947206	0.17640644	0.21410546	0.2141054570674896	sub-112249	ses-1		dir-AP	acq-multiband	space-ACPC			DSIStudio	autotrackgqi
CranialNerve_CNVIIIR	nrmse	NODDI	/scratch/grmpy/SLURM_11194840_23/job-11194840-23-sub-112249/ds/inputs/data/qsiprep/qsiprep/sub-112249/ses-1/dwi/sub-112249_ses-1_acq-multiband_dir-AP_space-ACPC_desc-preproc_dwi.nii.gz	0.0	0.1131164	0.0486683	0.10158226	0.1131164	0.10158226	0.0486683	0.113011785	0.113011784851551	sub-112249	ses-1		dir-AP	acq-multiband	space-ACPC			DSIStudio	autotrackgqi
CranialNerve_CNVIIIR	od	NODDI	/scratch/grmpy/SLURM_11194840_23/job-11194840-23-sub-112249/ds/inputs/data/qsiprep/qsiprep/sub-112249/ses-1/dwi/sub-112249_ses-1_acq-multiband_dir-AP_space-ACPC_desc-preproc_dwi.nii.gz	0.0	0.37767768	0.18971662	0.39105207	0.37767768	0.39105207	0.18971662	0.2889698	0.2889698147773742	sub-112249	ses-1		dir-AP	acq-multiband	space-ACPC			DSIStudio	autotrackgqi
CranialNerve_CNVIIIR	rmse	NODDI	/scratch/grmpy/SLURM_11194840_23/job-11194840-23-sub-112249/ds/inputs/data/qsiprep/qsiprep/sub-112249/ses-1/dwi/sub-112249_ses-1_acq-multiband_dir-AP_space-ACPC_desc-preproc_dwi.nii.gz	0.0	0.053550113	0.014512564	0.051228754	0.053550113	0.051228754	0.014512564	0.055436306	0.0554363057017326	sub-112249	ses-1		dir-AP	acq-multiband	space-ACPC			DSIStudio	autotrackgqi
CranialNerve_CNVIIIR	tf	NODDI	/scratch/grmpy/SLURM_11194840_23/job-11194840-23-sub-112249/ds/inputs/data/qsiprep/qsiprep/sub-112249/ses-1/dwi/sub-112249_ses-1_acq-multiband_dir-AP_space-ACPC_desc-preproc_dwi.nii.gz	0.0038910505836575	0.7180561	0.24220535	0.7968415	0.720861	0.79706645	0.23847565	0.73225605	0.7330493927001953	sub-112249	ses-1		dir-AP	acq-multiband	space-ACPC			DSIStudio	autotrackgqi
CranialNerve_CNIIL	directions	NODDI	/scratch/grmpy/SLURM_11194840_23/job-11194840-23-sub-112249/ds/inputs/data/qsiprep/qsiprep/sub-112249/ses-1/dwi/sub-112249_ses-1_acq-multiband_dir-AP_space-ACPC_desc-preproc_dwi.nii.gz	0.0	-0.15696345	0.555604	-0.25681555	-0.15696345	-0.25681555	0.555604	-0.30339205		sub-112249	ses-1		dir-AP	acq-multiband	space-ACPC			DSIStudio	autotrackgqi
CranialNerve_CNIIL	icvf	NODDI	/scratch/grmpy/SLURM_11194840_23/job-11194840-23-sub-112249/ds/inputs/data/qsiprep/qsiprep/sub-112249/ses-1/dwi/sub-112249_ses-1_acq-multiband_dir-AP_space-ACPC_desc-preproc_dwi.nii.gz	0.0587084148727984	0.6079002	0.2635727	0.5746691	0.64581496	0.58563644	0.2220755	0.65531266	0.6823588609695435	sub-112249	ses-1		dir-AP	acq-multiband	space-ACPC			DSIStudio	autotrackgqi
CranialNerve_CNIIL	isovf	NODDI	/scratch/grmpy/SLURM_11194840_23/job-11194840-23-sub-112249/ds/inputs/data/qsiprep/qsiprep/sub-112249/ses-1/dwi/sub-112249_ses-1_acq-multiband_dir-AP_space-ACPC_desc-preproc_dwi.nii.gz	0.1927592954990215	0.3435777	0.33879182	0.20230383	0.4256199	0.33827406	0.3275197	0.3932345	0.4544918537139892	sub-112249	ses-1		dir-AP	acq-multiband	space-ACPC			DSIStudio	autotrackgqi
CranialNerve_CNIIL	modulated_icvf	NODDI	/scratch/grmpy/SLURM_11194840_23/job-11194840-23-sub-112249/ds/inputs/data/qsiprep/qsiprep/sub-112249/ses-1/dwi/sub-112249_ses-1_acq-multiband_dir-AP_space-ACPC_desc-preproc_dwi.nii.gz	0.0587084148727984	0.37047234	0.1706798	0.38533747	0.39357874	0.39317507	0.14783217	0.3542661	0.3688874542713165	sub-112249	ses-1		dir-AP	acq-multiband	space-ACPC			DSIStudio	autotrackgqi
CranialNerve_CNIIL	modulated_od	NODDI	/scratch/grmpy/SLURM_11194840_23/job-11194840-23-sub-112249/ds/inputs/data/qsiprep/qsiprep/sub-112249/ses-1/dwi/sub-112249_ses-1_acq-multiband_dir-AP_space-ACPC_desc-preproc_dwi.nii.gz	0.0	0.2105684	0.17503881	0.17246604	0.2105684	0.17246604	0.17503881	0.1533736	0.1533735990524292	sub-112249	ses-1		dir-AP	acq-multiband	space-ACPC			DSIStudio	autotrackgqi
CranialNerve_CNIIL	nrmse	NODDI	/scratch/grmpy/SLURM_11194840_23/job-11194840-23-sub-112249/ds/inputs/data/qsiprep/qsiprep/sub-112249/ses-1/dwi/sub-112249_ses-1_acq-multiband_dir-AP_space-ACPC_desc-preproc_dwi.nii.gz	0.0	0.12968849	0.07019217	0.10432181	0.12968849	0.10432181	0.07019217	0.12819189	0.1281918883323669	sub-112249	ses-1		dir-AP	acq-multiband	space-ACPC			DSIStudio	autotrackgqi
CranialNerve_CNIIL	od	NODDI	/scratch/grmpy/SLURM_11194840_23/job-11194840-23-sub-112249/ds/inputs/data/qsiprep/qsiprep/sub-112249/ses-1/dwi/sub-112249_ses-1_acq-multiband_dir-AP_space-ACPC_desc-preproc_dwi.nii.gz	0.0	0.36820298	0.24208698	0.335447	0.36820298	0.335447	0.24208698	0.2791047	0.2791047096252441	sub-112249	ses-1		dir-AP	acq-multiband	space-ACPC			DSIStudio	autotrackgqi
CranialNerve_CNIIL	rmse	NODDI	/scratch/grmpy/SLURM_11194840_23/job-11194840-23-sub-112249/ds/inputs/data/qsiprep/qsiprep/sub-112249/ses-1/dwi/sub-112249_ses-1_acq-multiband_dir-AP_space-ACPC_desc-preproc_dwi.nii.gz	0.0	0.054188587	0.019226937	0.04933207	0.054188587	0.04933207	0.019226937	0.053059928	0.0530599281191825	sub-112249	ses-1		dir-AP	acq-multiband	space-ACPC			DSIStudio	autotrackgqi
CranialNerve_CNIIL	tf	NODDI	/scratch/grmpy/SLURM_11194840_23/job-11194840-23-sub-112249/ds/inputs/data/qsiprep/qsiprep/sub-112249/ses-1/dwi/sub-112249_ses-1_acq-multiband_dir-AP_space-ACPC_desc-preproc_dwi.nii.gz	0.0587084148727984	0.6564224	0.33879182	0.7976961	0.69736344	0.8229767	0.30559435	0.6067655	0.6318081021308899	sub-112249	ses-1		dir-AP	acq-multiband	space-ACPC			DSIStudio	autotrackgqi
CranialNerve_CNVIIIL	directions	NODDI	/scratch/grmpy/SLURM_11194840_23/job-11194840-23-sub-112249/ds/inputs/data/qsiprep/qsiprep/sub-112249/ses-1/dwi/sub-112249_ses-1_acq-multiband_dir-AP_space-ACPC_desc-preproc_dwi.nii.gz	2.0	-0.066569574	0.57313144	-0.15332736	-0.066654004	-0.15714957	0.57348984	-0.082475215		sub-112249	ses-1		dir-AP	acq-multiband	space-ACPC			DSIStudio	autotrackgqi
CranialNerve_CNVIIIL	icvf	NODDI	/scratch/grmpy/SLURM_11194840_23/job-11194840-23-sub-112249/ds/inputs/data/qsiprep/qsiprep/sub-112249/ses-1/dwi/sub-112249_ses-1_acq-multiband_dir-AP_space-ACPC_desc-preproc_dwi.nii.gz	0.0240658644711842	0.71781147	0.18300751	0.6908951	0.7355122	0.6950694	0.14594011	0.76340437	0.7726610898971558	sub-112249	ses-1		dir-AP	acq-multiband	space-ACPC			DSIStudio	autotrackgqi
CranialNerve_CNVIIIL	isovf	NODDI	/scratch/grmpy/SLURM_11194840_23/job-11194840-23-sub-112249/ds/inputs/data/qsiprep/qsiprep/sub-112249/ses-1/dwi/sub-112249_ses-1_acq-multiband_dir-AP_space-ACPC_desc-preproc_dwi.nii.gz	0.0468651044965167	0.27537072	0.24664944	0.18895741	0.28891054	0.19979745	0.2447763	0.26394477	0.2727969586849212	sub-112249	ses-1		dir-AP	acq-multiband	space-ACPC			DSIStudio	autotrackgqi
CranialNerve_CNVIIIL	modulated_icvf	NODDI	/scratch/grmpy/SLURM_11194840_23/job-11194840-23-sub-112249/ds/inputs/data/qsiprep/qsiprep/sub-112249/ses-1/dwi/sub-112249_ses-1_acq-multiband_dir-AP_space-ACPC_desc-preproc_dwi.nii.gz	0.0240658644711842	0.507845	0.15650298	0.5369344	0.5203681	0.53924865	0.13631046	0.5492842	0.555944561958313	sub-112249	ses-1		dir-AP	acq-multiband	space-ACPC			DSIStudio	autotrackgqi
CranialNerve_CNVIIIL	modulated_od	NODDI	/scratch/grmpy/SLURM_11194840_23/job-11194840-23-sub-112249/ds/inputs/data/qsiprep/qsiprep/sub-112249/ses-1/dwi/sub-112249_ses-1_acq-multiband_dir-AP_space-ACPC_desc-preproc_dwi.nii.gz	0.0012666244458518	0.27468258	0.15271395	0.27227324	0.27503094	0.27265063	0.15249695	0.20922679	0.209242433309555	sub-112249	ses-1		dir-AP	acq-multiband	space-ACPC			DSIStudio	autotrackgqi
CranialNerve_CNVIIIL	nrmse	NODDI	/scratch/grmpy/SLURM_11194840_23/job-11194840-23-sub-112249/ds/inputs/data/qsiprep/qsiprep/sub-112249/ses-1/dwi/sub-112249_ses-1_acq-multiband_dir-AP_space-ACPC_desc-preproc_dwi.nii.gz	0.0012666244458518	0.11820015	0.0617462	0.10101289	0.11835006	0.10105065	0.061641604	0.12728518	0.1272947043180465	sub-112249	ses-1		dir-AP	acq-multiband	space-ACPC			DSIStudio	autotrackgqi
CranialNerve_CNVIIIL	od	NODDI	/scratch/grmpy/SLURM_11194840_23/job-11194840-23-sub-112249/ds/inputs/data/qsiprep/qsiprep/sub-112249/ses-1/dwi/sub-112249_ses-1_acq-multiband_dir-AP_space-ACPC_desc-preproc_dwi.nii.gz	0.0012666244458518	0.3938957	0.1815243	0.39187816	0.39439523	0.3920797	0.18109623	0.29502982	0.2950519323348999	sub-112249	ses-1		dir-AP	acq-multiband	space-ACPC			DSIStudio	autotrackgqi
CranialNerve_CNVIIIL	rmse	NODDI	/scratch/grmpy/SLURM_11194840_23/job-11194840-23-sub-112249/ds/inputs/data/qsiprep/qsiprep/sub-112249/ses-1/dwi/sub-112249_ses-1_acq-multiband_dir-AP_space-ACPC_desc-preproc_dwi.nii.gz	0.0012666244458518	0.055057976	0.0177264	0.05099356	0.055127803	0.051012147	0.017628796	0.061964035	0.0619686767458915	sub-112249	ses-1		dir-AP	acq-multiband	space-ACPC			DSIStudio	autotrackgqi
CranialNerve_CNVIIIL	tf	NODDI	/scratch/grmpy/SLURM_11194840_23/job-11194840-23-sub-112249/ds/inputs/data/qsiprep/qsiprep/sub-112249/ses-1/dwi/sub-112249_ses-1_acq-multiband_dir-AP_space-ACPC_desc-preproc_dwi.nii.gz	0.0240658644711842	0.7233626	0.24779707	0.8107661	0.74120027	0.8151586	0.22292669	0.73598033	0.7449045181274414	sub-112249	ses-1		dir-AP	acq-multiband	space-ACPC			DSIStudio	autotrackgqi
CranialNerve_CNVIIL	directions	NODDI	/scratch/grmpy/SLURM_11194840_23/job-11194840-23-sub-112249/ds/inputs/data/qsiprep/qsiprep/sub-112249/ses-1/dwi/sub-112249_ses-1_acq-multiband_dir-AP_space-ACPC_desc-preproc_dwi.nii.gz	1.0	-0.089784026	0.56994617	-0.17448862	-0.08990093	-0.17483386	0.57030797	-0.394427		sub-112249	ses-1		dir-AP	acq-multiband	space-ACPC			DSIStudio	autotrackgqi
CranialNerve_CNVIIL	icvf	NODDI	/scratch/grmpy/SLURM_11194840_23/job-11194840-23-sub-112249/ds/inputs/data/qsiprep/qsiprep/sub-112249/ses-1/dwi/sub-112249_ses-1_acq-multiband_dir-AP_space-ACPC_desc-preproc_dwi.nii.gz	0.0429128738621586	0.7378446	0.21638772	0.7331478	0.77092725	0.74447167	0.15303174	0.7520663	0.7641152739524841	sub-112249	ses-1		dir-AP	acq-multiband	space-ACPC			DSIStudio	autotrackgqi
CranialNerve_CNVIIL	isovf	NODDI	/scratch/grmpy/SLURM_11194840_23/job-11194840-23-sub-112249/ds/inputs/data/qsiprep/qsiprep/sub-112249/ses-1/dwi/sub-112249_ses-1_acq-multiband_dir-AP_space-ACPC_desc-preproc_dwi.nii.gz	0.0650195058517555	0.30847362	0.28391284	0.19081382	0.3299252	0.20931202	0.28130865	0.23563808	0.2553163766860962	sub-112249	ses-1		dir-AP	acq-multiband	space-ACPC			DSIStudio	autotrackgqi
CranialNerve_CNVIIL	modulated_icvf	NODDI	/scratch/grmpy/SLURM_11194840_23/job-11194840-23-sub-112249/ds/inputs/data/qsiprep/qsiprep/sub-112249/ses-1/dwi/sub-112249_ses-1_acq-multiband_dir-AP_space-ACPC_desc-preproc_dwi.nii.gz	0.0429128738621586	0.50193995	0.18891263	0.5588618	0.5244454	0.5651711	0.15964095	0.5636671	0.5726976990699768	sub-112249	ses-1		dir-AP	acq-multiband	space-ACPC			DSIStudio	autotrackgqi
CranialNerve_CNVIIL	modulated_od	NODDI	/scratch/grmpy/SLURM_11194840_23/job-11194840-23-sub-112249/ds/inputs/data/qsiprep/qsiprep/sub-112249/ses-1/dwi/sub-112249_ses-1_acq-multiband_dir-AP_space-ACPC_desc-preproc_dwi.nii.gz	0.0013003901170351	0.26134977	0.17502503	0.24201936	0.26169005	0.24203978	0.17488451	0.27596116	0.2759747207164764	sub-112249	ses-1		dir-AP	acq-multiband	space-ACPC			DSIStudio	autotrackgqi
CranialNerve_CNVIIL	nrmse	NODDI	/scratch/grmpy/SLURM_11194840_23/job-11194840-23-sub-112249/ds/inputs/data/qsiprep/qsiprep/sub-112249/ses-1/dwi/sub-112249_ses-1_acq-multiband_dir-AP_space-ACPC_desc-preproc_dwi.nii.gz	0.0039011703511053	0.12552597	0.067272715	0.106823705	0.12601759	0.106985316	0.06694319	0.11299042	0.1130959615111351	sub-112249	ses-1		dir-AP	acq-multiband	space-ACPC			DSIStudio	autotrackgqi
CranialNerve_CNVIIL	od	NODDI	/scratch/grmpy/SLURM_11194840_23/job-11194840-23-sub-112249/ds/inputs/data/qsiprep/qsiprep/sub-112249/ses-1/dwi/sub-112249_ses-1_acq-multiband_dir-AP_space-ACPC_desc-preproc_dwi.nii.gz	0.0013003901170351	0.40106845	0.21180822	0.38039303	0.40159068	0.38109195	0.21145073	0.3702216	0.370239794254303	sub-112249	ses-1		dir-AP	acq-multiband	space-ACPC			DSIStudio	autotrackgqi
CranialNerve_CNVIIL	rmse	NODDI	/scratch/grmpy/SLURM_11194840_23/job-11194840-23-sub-112249/ds/inputs/data/qsiprep/qsiprep/sub-112249/ses-1/dwi/sub-112249_ses-1_acq-multiband_dir-AP_space-ACPC_desc-preproc_dwi.nii.gz	0.0039011703511053	0.057166383	0.019688077	0.053260136	0.057390273	0.053312384	0.01939818	0.056061603	0.0561139732599258	sub-112249	ses-1		dir-AP	acq-multiband	space-ACPC			DSIStudio	autotrackgqi
CranialNerve_CNVIIL	tf	NODDI	/scratch/grmpy/SLURM_11194840_23/job-11194840-23-sub-112249/ds/inputs/data/qsiprep/qsiprep/sub-112249/ses-1/dwi/sub-112249_ses-1_acq-multiband_dir-AP_space-ACPC_desc-preproc_dwi.nii.gz	0.0403120936280884	0.690226	0.28478578	0.8085456	0.71921927	0.8184495	0.2523038	0.76431274	0.7758609056472778	sub-112249	ses-1		dir-AP	acq-multiband	space-ACPC			DSIStudio	autotrackgqi
