bundle	variable_name	qsirecon_suffix	source_file	zero_proportion	mean	stdev	median	masked_mean	masked_median	masked_stdev	weighted_mean	masked_weighted_mean	subject_id	session_id	task_id	dir_id	acq_id	space_id	rec_id	run_id	bundle_source	bundle_params_id
Association_CingulumR	ad	TORTOISE_model-tensor	/scratch/grmpy/SLURM_11194840_55/job-11194840-55-sub-128154/ds/inputs/data/qsiprep/qsiprep/sub-128154/ses-1/dwi/sub-128154_ses-1_acq-multiband_dir-AP_space-ACPC_desc-preproc_dwi.nii.gz	0.0001083658430862	970.236817410981	210.2357136166164	913.1903405725756	970.34196933657	913.2051041366142	210.00431457547228	994.0180106383189	994.0195520643916	sub-128154	ses-1		dir-AP	acq-multiband	space-ACPC			DSIStudio	autotrackgqi
Association_CingulumR	am	TORTOISE_model-tensor	/scratch/grmpy/SLURM_11194840_55/job-11194840-55-sub-128154/ds/inputs/data/qsiprep/qsiprep/sub-128154/ses-1/dwi/sub-128154_ses-1_acq-multiband_dir-AP_space-ACPC_desc-preproc_dwi.nii.gz	0.0001083658430862	7251.08935546875	1375.1123046875	7223.97265625	7251.875	7224.263671875	1373.11328125	6624.587890625	6624.59765625	sub-128154	ses-1		dir-AP	acq-multiband	space-ACPC			DSIStudio	autotrackgqi
Association_CingulumR	fa	TORTOISE_model-tensor	/scratch/grmpy/SLURM_11194840_55/job-11194840-55-sub-128154/ds/inputs/data/qsiprep/qsiprep/sub-128154/ses-1/dwi/sub-128154_ses-1_acq-multiband_dir-AP_space-ACPC_desc-preproc_dwi.nii.gz	0.0001083658430862	0.2444693959045251	0.1610073975316946	0.1927080593977416	0.2444958909078745	0.1927112609000152	0.1609960050873577	0.3739788482305152	0.3739794283341092	sub-128154	ses-1		dir-AP	acq-multiband	space-ACPC			DSIStudio	autotrackgqi
Association_CingulumR	li	TORTOISE_model-tensor	/scratch/grmpy/SLURM_11194840_55/job-11194840-55-sub-128154/ds/inputs/data/qsiprep/qsiprep/sub-128154/ses-1/dwi/sub-128154_ses-1_acq-multiband_dir-AP_space-ACPC_desc-preproc_dwi.nii.gz	0.0003250975292587	0.125526562333107	0.1142114847898483	0.0828338414430618	0.1255673915147781	0.0828546956181526	0.1142076179385185	0.2147594690322876	0.2147608697414398	sub-128154	ses-1		dir-AP	acq-multiband	space-ACPC			DSIStudio	autotrackgqi
Association_CingulumR	rd	TORTOISE_model-tensor	/scratch/grmpy/SLURM_11194840_55/job-11194840-55-sub-128154/ds/inputs/data/qsiprep/qsiprep/sub-128154/ses-1/dwi/sub-128154_ses-1_acq-multiband_dir-AP_space-ACPC_desc-preproc_dwi.nii.gz	0.0001083658430862	673.1276164872511	214.2878651225223	643.9143130696411	673.2005684344157	643.9240548017189	214.1848605019645	540.2633078152679	540.2641454032273	sub-128154	ses-1		dir-AP	acq-multiband	space-ACPC			DSIStudio	autotrackgqi
Association_ExtremeCapsuleL	ad	TORTOISE_model-tensor	/scratch/grmpy/SLURM_11194840_55/job-11194840-55-sub-128154/ds/inputs/data/qsiprep/qsiprep/sub-128154/ses-1/dwi/sub-128154_ses-1_acq-multiband_dir-AP_space-ACPC_desc-preproc_dwi.nii.gz	0.0026262036766851	967.912336114402	213.0594602295353	922.6006679115404	970.460964266839	923.3472596446824	207.46208841943076	975.6265359990276	975.6689917046926	sub-128154	ses-1		dir-AP	acq-multiband	space-ACPC			DSIStudio	autotrackgqi
Association_ExtremeCapsuleL	am	TORTOISE_model-tensor	/scratch/grmpy/SLURM_11194840_55/job-11194840-55-sub-128154/ds/inputs/data/qsiprep/qsiprep/sub-128154/ses-1/dwi/sub-128154_ses-1_acq-multiband_dir-AP_space-ACPC_desc-preproc_dwi.nii.gz	0.0026262036766851	6746.07275390625	1078.3782958984375	6556.5478515625	6763.8359375	6558.7470703125	1022.6507568359376	6748.1865234375	6748.48046875	sub-128154	ses-1		dir-AP	acq-multiband	space-ACPC			DSIStudio	autotrackgqi
Association_ExtremeCapsuleL	fa	TORTOISE_model-tensor	/scratch/grmpy/SLURM_11194840_55/job-11194840-55-sub-128154/ds/inputs/data/qsiprep/qsiprep/sub-128154/ses-1/dwi/sub-128154_ses-1_acq-multiband_dir-AP_space-ACPC_desc-preproc_dwi.nii.gz	0.0026262036766851	0.3331530892402297	0.1827635948861822	0.3122852950338734	0.3340303208970939	0.3130116855178805	0.1822017082172154	0.3959787507174479	0.3959959821578048	sub-128154	ses-1		dir-AP	acq-multiband	space-ACPC			DSIStudio	autotrackgqi
Association_ExtremeCapsuleL	li	TORTOISE_model-tensor	/scratch/grmpy/SLURM_11194840_55/job-11194840-55-sub-128154/ds/inputs/data/qsiprep/qsiprep/sub-128154/ses-1/dwi/sub-128154_ses-1_acq-multiband_dir-AP_space-ACPC_desc-preproc_dwi.nii.gz	0.0026262036766851	0.1912292838096618	0.1353821158409118	0.1616325378417968	0.1917328238487243	0.1620357632637024	0.1352036893367767	0.2315778732299804	0.2315879464149475	sub-128154	ses-1		dir-AP	acq-multiband	space-ACPC			DSIStudio	autotrackgqi
Association_ExtremeCapsuleL	rd	TORTOISE_model-tensor	/scratch/grmpy/SLURM_11194840_55/job-11194840-55-sub-128154/ds/inputs/data/qsiprep/qsiprep/sub-128154/ses-1/dwi/sub-128154_ses-1_acq-multiband_dir-AP_space-ACPC_desc-preproc_dwi.nii.gz	0.0026262036766851	578.463781882038	213.6817563039404	554.4510300268893	579.9869457313471	555.3281846866744	211.88842759846827	518.7469348102082	518.7695088756586	sub-128154	ses-1		dir-AP	acq-multiband	space-ACPC			DSIStudio	autotrackgqi
Association_FrontalAslantTractL	ad	TORTOISE_model-tensor	/scratch/grmpy/SLURM_11194840_55/job-11194840-55-sub-128154/ds/inputs/data/qsiprep/qsiprep/sub-128154/ses-1/dwi/sub-128154_ses-1_acq-multiband_dir-AP_space-ACPC_desc-preproc_dwi.nii.gz	0.0	965.720580903549	200.68405277132044	917.499972474042	965.720580903549	917.499972474042	200.68405277132044	959.7138310417372	959.7138310417372	sub-128154	ses-1		dir-AP	acq-multiband	space-ACPC			DSIStudio	autotrackgqi
Association_FrontalAslantTractL	am	TORTOISE_model-tensor	/scratch/grmpy/SLURM_11194840_55/job-11194840-55-sub-128154/ds/inputs/data/qsiprep/qsiprep/sub-128154/ses-1/dwi/sub-128154_ses-1_acq-multiband_dir-AP_space-ACPC_desc-preproc_dwi.nii.gz	0.0	6671.1552734375	1147.077880859375	6523.509765625	6671.1552734375	6523.509765625	1147.077880859375	6188.02880859375	6188.02880859375	sub-128154	ses-1		dir-AP	acq-multiband	space-ACPC			DSIStudio	autotrackgqi
Association_FrontalAslantTractL	fa	TORTOISE_model-tensor	/scratch/grmpy/SLURM_11194840_55/job-11194840-55-sub-128154/ds/inputs/data/qsiprep/qsiprep/sub-128154/ses-1/dwi/sub-128154_ses-1_acq-multiband_dir-AP_space-ACPC_desc-preproc_dwi.nii.gz	0.0	0.3121019812322358	0.1734094236586663	0.2980563705922961	0.3121019812322358	0.2980563705922961	0.1734094236586663	0.3955683755076604	0.3955683755076604	sub-128154	ses-1		dir-AP	acq-multiband	space-ACPC			DSIStudio	autotrackgqi
Association_FrontalAslantTractL	li	TORTOISE_model-tensor	/scratch/grmpy/SLURM_11194840_55/job-11194840-55-sub-128154/ds/inputs/data/qsiprep/qsiprep/sub-128154/ses-1/dwi/sub-128154_ses-1_acq-multiband_dir-AP_space-ACPC_desc-preproc_dwi.nii.gz	0.0	0.1764745116233825	0.1249864101409912	0.1489275693893432	0.1764745116233825	0.1489275693893432	0.1249864101409912	0.2375898212194442	0.2375898212194442	sub-128154	ses-1		dir-AP	acq-multiband	space-ACPC			DSIStudio	autotrackgqi
Association_FrontalAslantTractL	rd	TORTOISE_model-tensor	/scratch/grmpy/SLURM_11194840_55/job-11194840-55-sub-128154/ds/inputs/data/qsiprep/qsiprep/sub-128154/ses-1/dwi/sub-128154_ses-1_acq-multiband_dir-AP_space-ACPC_desc-preproc_dwi.nii.gz	0.0	608.2430626208052	233.61172388983016	572.6528370151902	608.2430626208052	572.6528370151902	233.61172388983016	512.9583627915802	512.9583627915802	sub-128154	ses-1		dir-AP	acq-multiband	space-ACPC			DSIStudio	autotrackgqi
Association_SuperiorLongitudinalFasciculusR	ad	TORTOISE_model-tensor	/scratch/grmpy/SLURM_11194840_55/job-11194840-55-sub-128154/ds/inputs/data/qsiprep/qsiprep/sub-128154/ses-1/dwi/sub-128154_ses-1_acq-multiband_dir-AP_space-ACPC_desc-preproc_dwi.nii.gz	0.0002476473501733	938.23653594239	167.55269668544	900.7226106530989	938.4689452899112	900.7566551254348	166.92139276308362	976.2761750701438	976.2843214900062	sub-128154	ses-1		dir-AP	acq-multiband	space-ACPC			DSIStudio	autotrackgqi
Association_SuperiorLongitudinalFasciculusR	am	TORTOISE_model-tensor	/scratch/grmpy/SLURM_11194840_55/job-11194840-55-sub-128154/ds/inputs/data/qsiprep/qsiprep/sub-128154/ses-1/dwi/sub-128154_ses-1_acq-multiband_dir-AP_space-ACPC_desc-preproc_dwi.nii.gz	0.0002476473501733	6753.61865234375	990.3372192382812	6675.3466796875	6755.29150390625	6675.515625	984.7384033203124	6133.99609375	6134.046875	sub-128154	ses-1		dir-AP	acq-multiband	space-ACPC			DSIStudio	autotrackgqi
Association_SuperiorLongitudinalFasciculusR	fa	TORTOISE_model-tensor	/scratch/grmpy/SLURM_11194840_55/job-11194840-55-sub-128154/ds/inputs/data/qsiprep/qsiprep/sub-128154/ses-1/dwi/sub-128154_ses-1_acq-multiband_dir-AP_space-ACPC_desc-preproc_dwi.nii.gz	0.0002476473501733	0.3088594247291558	0.1719709727027302	0.2883494096280754	0.3089359318940627	0.2884742785756845	0.1719235451612057	0.4478600269810431	0.4478637640051565	sub-128154	ses-1		dir-AP	acq-multiband	space-ACPC			DSIStudio	autotrackgqi
Association_SuperiorLongitudinalFasciculusR	li	TORTOISE_model-tensor	/scratch/grmpy/SLURM_11194840_55/job-11194840-55-sub-128154/ds/inputs/data/qsiprep/qsiprep/sub-128154/ses-1/dwi/sub-128154_ses-1_acq-multiband_dir-AP_space-ACPC_desc-preproc_dwi.nii.gz	0.0002476473501733	0.1738645583391189	0.1246473789215087	0.1428386718034744	0.1739076226949691	0.1428966969251632	0.1246327757835388	0.2787464559078216	0.2787488102912903	sub-128154	ses-1		dir-AP	acq-multiband	space-ACPC			DSIStudio	autotrackgqi
Association_SuperiorLongitudinalFasciculusR	rd	TORTOISE_model-tensor	/scratch/grmpy/SLURM_11194840_55/job-11194840-55-sub-128154/ds/inputs/data/qsiprep/qsiprep/sub-128154/ses-1/dwi/sub-128154_ses-1_acq-multiband_dir-AP_space-ACPC_desc-preproc_dwi.nii.gz	0.0002476473501733	587.4936355495903	180.681688434356	570.136659375073	587.6391628311236	570.1788785725955	180.46728698595055	468.2526649775152	468.2565724175242	sub-128154	ses-1		dir-AP	acq-multiband	space-ACPC			DSIStudio	autotrackgqi
Association_UncinateFasciculusR	ad	TORTOISE_model-tensor	/scratch/grmpy/SLURM_11194840_55/job-11194840-55-sub-128154/ds/inputs/data/qsiprep/qsiprep/sub-128154/ses-1/dwi/sub-128154_ses-1_acq-multiband_dir-AP_space-ACPC_desc-preproc_dwi.nii.gz	0.0005370569280343	960.9014830252914	206.96431741911417	931.6131454994018	961.4178191257886	931.6439459911688	205.8174694667038	1016.440335948306	1016.4554839127144	sub-128154	ses-1		dir-AP	acq-multiband	space-ACPC			DSIStudio	autotrackgqi
Association_UncinateFasciculusR	am	TORTOISE_model-tensor	/scratch/grmpy/SLURM_11194840_55/job-11194840-55-sub-128154/ds/inputs/data/qsiprep/qsiprep/sub-128154/ses-1/dwi/sub-128154_ses-1_acq-multiband_dir-AP_space-ACPC_desc-preproc_dwi.nii.gz	0.0005370569280343	6722.52294921875	1778.3226318359375	6869.9755859375	6726.13525390625	6871.1201171875	1771.9576416015625	6472.3837890625	6472.48046875	sub-128154	ses-1		dir-AP	acq-multiband	space-ACPC			DSIStudio	autotrackgqi
Association_UncinateFasciculusR	fa	TORTOISE_model-tensor	/scratch/grmpy/SLURM_11194840_55/job-11194840-55-sub-128154/ds/inputs/data/qsiprep/qsiprep/sub-128154/ses-1/dwi/sub-128154_ses-1_acq-multiband_dir-AP_space-ACPC_desc-preproc_dwi.nii.gz	0.0005370569280343	0.2557014800405419	0.1385882340520955	0.2262525428452292	0.2558388800835513	0.2263445146318002	0.1384986172417485	0.3638539661649678	0.3638593887810497	sub-128154	ses-1		dir-AP	acq-multiband	space-ACPC			DSIStudio	autotrackgqi
Association_UncinateFasciculusR	li	TORTOISE_model-tensor	/scratch/grmpy/SLURM_11194840_55/job-11194840-55-sub-128154/ds/inputs/data/qsiprep/qsiprep/sub-128154/ses-1/dwi/sub-128154_ses-1_acq-multiband_dir-AP_space-ACPC_desc-preproc_dwi.nii.gz	0.0005370569280343	0.1293169856071472	0.0964700207114219	0.0972857028245925	0.1293864697217941	0.0973136201500892	0.0964493304491043	0.2122051119804382	0.2122082710266113	sub-128154	ses-1		dir-AP	acq-multiband	space-ACPC			DSIStudio	autotrackgqi
Association_UncinateFasciculusR	rd	TORTOISE_model-tensor	/scratch/grmpy/SLURM_11194840_55/job-11194840-55-sub-128154/ds/inputs/data/qsiprep/qsiprep/sub-128154/ses-1/dwi/sub-128154_ses-1_acq-multiband_dir-AP_space-ACPC_desc-preproc_dwi.nii.gz	0.0005370569280343	657.7566066542101	203.70783728460344	637.4742233954818	658.1100492155504	637.497709496502	203.1909865953873	568.1898937459075	568.1983612701453	sub-128154	ses-1		dir-AP	acq-multiband	space-ACPC			DSIStudio	autotrackgqi
Association_UncinateFasciculusL	ad	TORTOISE_model-tensor	/scratch/grmpy/SLURM_11194840_55/job-11194840-55-sub-128154/ds/inputs/data/qsiprep/qsiprep/sub-128154/ses-1/dwi/sub-128154_ses-1_acq-multiband_dir-AP_space-ACPC_desc-preproc_dwi.nii.gz	0.0002407318247472	984.0260349402748	190.24013117492763	948.54643435487	984.2629783630872	948.5763620809142	189.64916917235968	1029.5682427371044	1029.5703931481637	sub-128154	ses-1		dir-AP	acq-multiband	space-ACPC			DSIStudio	autotrackgqi
Association_UncinateFasciculusL	am	TORTOISE_model-tensor	/scratch/grmpy/SLURM_11194840_55/job-11194840-55-sub-128154/ds/inputs/data/qsiprep/qsiprep/sub-128154/ses-1/dwi/sub-128154_ses-1_acq-multiband_dir-AP_space-ACPC_desc-preproc_dwi.nii.gz	0.0002407318247472	6810.31689453125	1536.2012939453125	6806.22802734375	6811.95654296875	6806.64794921875	1532.74658203125	6485.4541015625	6485.4677734375	sub-128154	ses-1		dir-AP	acq-multiband	space-ACPC			DSIStudio	autotrackgqi
Association_UncinateFasciculusL	fa	TORTOISE_model-tensor	/scratch/grmpy/SLURM_11194840_55/job-11194840-55-sub-128154/ds/inputs/data/qsiprep/qsiprep/sub-128154/ses-1/dwi/sub-128154_ses-1_acq-multiband_dir-AP_space-ACPC_desc-preproc_dwi.nii.gz	0.0002407318247472	0.2618937372697209	0.1450816823630875	0.2255195479479932	0.2619567986078547	0.2255232182385493	0.14504221289612	0.3658416415112389	0.3658424058278808	sub-128154	ses-1		dir-AP	acq-multiband	space-ACPC			DSIStudio	autotrackgqi
Association_UncinateFasciculusL	li	TORTOISE_model-tensor	/scratch/grmpy/SLURM_11194840_55/job-11194840-55-sub-128154/ds/inputs/data/qsiprep/qsiprep/sub-128154/ses-1/dwi/sub-128154_ses-1_acq-multiband_dir-AP_space-ACPC_desc-preproc_dwi.nii.gz	0.0002407318247472	0.1379013359546661	0.1010962501168251	0.105335809290409	0.1379345506429672	0.1053766012191772	0.1010857671499252	0.2127172797918319	0.2127177268266677	sub-128154	ses-1		dir-AP	acq-multiband	space-ACPC			DSIStudio	autotrackgqi
Association_UncinateFasciculusL	rd	TORTOISE_model-tensor	/scratch/grmpy/SLURM_11194840_55/job-11194840-55-sub-128154/ds/inputs/data/qsiprep/qsiprep/sub-128154/ses-1/dwi/sub-128154_ses-1_acq-multiband_dir-AP_space-ACPC_desc-preproc_dwi.nii.gz	0.0002407318247472	664.4795354538006	198.23375212889604	644.7811607650772	664.6395353419426	644.7927468518217	197.98924328560156	573.1826175165316	573.1838143869498	sub-128154	ses-1		dir-AP	acq-multiband	space-ACPC			DSIStudio	autotrackgqi
Association_InferiorFrontoOccipitalFasciculusL	ad	TORTOISE_model-tensor	/scratch/grmpy/SLURM_11194840_55/job-11194840-55-sub-128154/ds/inputs/data/qsiprep/qsiprep/sub-128154/ses-1/dwi/sub-128154_ses-1_acq-multiband_dir-AP_space-ACPC_desc-preproc_dwi.nii.gz	0.0006025548324897	986.989306998155	208.7543431624237	941.2162367263264	987.584380739261	941.4446421511204	207.40531441994509	1107.2057040452307	1107.2184430536545	sub-128154	ses-1		dir-AP	acq-multiband	space-ACPC			DSIStudio	autotrackgqi
Association_InferiorFrontoOccipitalFasciculusL	am	TORTOISE_model-tensor	/scratch/grmpy/SLURM_11194840_55/job-11194840-55-sub-128154/ds/inputs/data/qsiprep/qsiprep/sub-128154/ses-1/dwi/sub-128154_ses-1_acq-multiband_dir-AP_space-ACPC_desc-preproc_dwi.nii.gz	0.0006025548324897	6447.201171875	1127.944091796875	6365.3154296875	6451.08837890625	6365.60107421875	1117.1162109375	6011.1767578125	6011.24609375	sub-128154	ses-1		dir-AP	acq-multiband	space-ACPC			DSIStudio	autotrackgqi
Association_InferiorFrontoOccipitalFasciculusL	fa	TORTOISE_model-tensor	/scratch/grmpy/SLURM_11194840_55/job-11194840-55-sub-128154/ds/inputs/data/qsiprep/qsiprep/sub-128154/ses-1/dwi/sub-128154_ses-1_acq-multiband_dir-AP_space-ACPC_desc-preproc_dwi.nii.gz	0.0006025548324897	0.3477613692851756	0.1943957465175448	0.3308992858081447	0.3479710409174469	0.3310814341190043	0.1942666484674554	0.5234012802946676	0.5234073024168611	sub-128154	ses-1		dir-AP	acq-multiband	space-ACPC			DSIStudio	autotrackgqi
Association_InferiorFrontoOccipitalFasciculusL	li	TORTOISE_model-tensor	/scratch/grmpy/SLURM_11194840_55/job-11194840-55-sub-128154/ds/inputs/data/qsiprep/qsiprep/sub-128154/ses-1/dwi/sub-128154_ses-1_acq-multiband_dir-AP_space-ACPC_desc-preproc_dwi.nii.gz	0.0007230657989877	0.2021279036998748	0.1453063040971756	0.1721782684326172	0.2022741585969925	0.1725608110427856	0.1452570706605911	0.3390549123287201	0.3390593826770782	sub-128154	ses-1		dir-AP	acq-multiband	space-ACPC			DSIStudio	autotrackgqi
Association_InferiorFrontoOccipitalFasciculusL	rd	TORTOISE_model-tensor	/scratch/grmpy/SLURM_11194840_55/job-11194840-55-sub-128154/ds/inputs/data/qsiprep/qsiprep/sub-128154/ses-1/dwi/sub-128154_ses-1_acq-multiband_dir-AP_space-ACPC_desc-preproc_dwi.nii.gz	0.0006025548324897	569.1960202619293	189.234514659388	549.8631892225026	569.5391988584938	550.0064700388368	188.7745697743312	442.12965327635897	442.1347400441763	sub-128154	ses-1		dir-AP	acq-multiband	space-ACPC			DSIStudio	autotrackgqi
Association_VerticalOccipitalFasciculusL	ad	TORTOISE_model-tensor	/scratch/grmpy/SLURM_11194840_55/job-11194840-55-sub-128154/ds/inputs/data/qsiprep/qsiprep/sub-128154/ses-1/dwi/sub-128154_ses-1_acq-multiband_dir-AP_space-ACPC_desc-preproc_dwi.nii.gz	0.008822531387852	897.4264847962268	177.72139500167438	871.1537397130733	905.4145329320372	872.4947243577661	156.95075166622956	946.567391990374	947.3252069685194	sub-128154	ses-1		dir-AP	acq-multiband	space-ACPC			DSIStudio	autotrackgqi
Association_VerticalOccipitalFasciculusL	am	TORTOISE_model-tensor	/scratch/grmpy/SLURM_11194840_55/job-11194840-55-sub-128154/ds/inputs/data/qsiprep/qsiprep/sub-128154/ses-1/dwi/sub-128154_ses-1_acq-multiband_dir-AP_space-ACPC_desc-preproc_dwi.nii.gz	0.008822531387852	6580.44091796875	1424.1790771484375	6653.90478515625	6639.01416015625	6661.77392578125	1287.4288330078125	6349.9560546875	6355.0400390625	sub-128154	ses-1		dir-AP	acq-multiband	space-ACPC			DSIStudio	autotrackgqi
Association_VerticalOccipitalFasciculusL	fa	TORTOISE_model-tensor	/scratch/grmpy/SLURM_11194840_55/job-11194840-55-sub-128154/ds/inputs/data/qsiprep/qsiprep/sub-128154/ses-1/dwi/sub-128154_ses-1_acq-multiband_dir-AP_space-ACPC_desc-preproc_dwi.nii.gz	0.008822531387852	0.2656721625156461	0.1758663306916213	0.2032965080648688	0.2680369267146899	0.2049293761970507	0.1748439955123841	0.3761100581931903	0.3764111690448014	sub-128154	ses-1		dir-AP	acq-multiband	space-ACPC			DSIStudio	autotrackgqi
Association_VerticalOccipitalFasciculusL	li	TORTOISE_model-tensor	/scratch/grmpy/SLURM_11194840_55/job-11194840-55-sub-128154/ds/inputs/data/qsiprep/qsiprep/sub-128154/ses-1/dwi/sub-128154_ses-1_acq-multiband_dir-AP_space-ACPC_desc-preproc_dwi.nii.gz	0.009501187648456	0.1389997750520706	0.1148973032832145	0.0927183553576469	0.1403331011533737	0.0938790887594223	0.1146338060498237	0.210465207695961	0.2106385231018066	sub-128154	ses-1		dir-AP	acq-multiband	space-ACPC			DSIStudio	autotrackgqi
Association_VerticalOccipitalFasciculusL	rd	TORTOISE_model-tensor	/scratch/grmpy/SLURM_11194840_55/job-11194840-55-sub-128154/ds/inputs/data/qsiprep/qsiprep/sub-128154/ses-1/dwi/sub-128154_ses-1_acq-multiband_dir-AP_space-ACPC_desc-preproc_dwi.nii.gz	0.008822531387852	596.1484355536865	167.84697210849396	598.5218646713256	601.4547893107544	600.3335511771716	158.84533439124766	511.4265310134834	511.835975618937	sub-128154	ses-1		dir-AP	acq-multiband	space-ACPC			DSIStudio	autotrackgqi
Association_MiddleLongitudinalFasciculusR	ad	TORTOISE_model-tensor	/scratch/grmpy/SLURM_11194840_55/job-11194840-55-sub-128154/ds/inputs/data/qsiprep/qsiprep/sub-128154/ses-1/dwi/sub-128154_ses-1_acq-multiband_dir-AP_space-ACPC_desc-preproc_dwi.nii.gz	0.0	968.0553587224678	175.29699262739737	928.2308387918524	968.0553587224678	928.2308387918524	175.29699262739737	1052.7987318136966	1052.7987318136966	sub-128154	ses-1		dir-AP	acq-multiband	space-ACPC			DSIStudio	autotrackgqi
Association_MiddleLongitudinalFasciculusR	am	TORTOISE_model-tensor	/scratch/grmpy/SLURM_11194840_55/job-11194840-55-sub-128154/ds/inputs/data/qsiprep/qsiprep/sub-128154/ses-1/dwi/sub-128154_ses-1_acq-multiband_dir-AP_space-ACPC_desc-preproc_dwi.nii.gz	0.0	6729.7177734375	966.5103759765624	6527.025390625	6729.7177734375	6527.025390625	966.5103759765624	6309.1025390625	6309.1025390625	sub-128154	ses-1		dir-AP	acq-multiband	space-ACPC			DSIStudio	autotrackgqi
Association_MiddleLongitudinalFasciculusR	fa	TORTOISE_model-tensor	/scratch/grmpy/SLURM_11194840_55/job-11194840-55-sub-128154/ds/inputs/data/qsiprep/qsiprep/sub-128154/ses-1/dwi/sub-128154_ses-1_acq-multiband_dir-AP_space-ACPC_desc-preproc_dwi.nii.gz	0.0	0.3257671123979637	0.185620571651796	0.3101141027628382	0.3257671123979637	0.3101141027628382	0.185620571651796	0.4592154193750414	0.4592154193750414	sub-128154	ses-1		dir-AP	acq-multiband	space-ACPC			DSIStudio	autotrackgqi
Association_MiddleLongitudinalFasciculusR	li	TORTOISE_model-tensor	/scratch/grmpy/SLURM_11194840_55/job-11194840-55-sub-128154/ds/inputs/data/qsiprep/qsiprep/sub-128154/ses-1/dwi/sub-128154_ses-1_acq-multiband_dir-AP_space-ACPC_desc-preproc_dwi.nii.gz	0.0	0.184675857424736	0.1355346739292144	0.1546177864074707	0.184675857424736	0.1546177864074707	0.1355346739292144	0.2890592217445373	0.2890592217445373	sub-128154	ses-1		dir-AP	acq-multiband	space-ACPC			DSIStudio	autotrackgqi
Association_MiddleLongitudinalFasciculusR	rd	TORTOISE_model-tensor	/scratch/grmpy/SLURM_11194840_55/job-11194840-55-sub-128154/ds/inputs/data/qsiprep/qsiprep/sub-128154/ses-1/dwi/sub-128154_ses-1_acq-multiband_dir-AP_space-ACPC_desc-preproc_dwi.nii.gz	0.0	583.9816467862053	166.67730805533571	571.5969539498551	583.9816467862053	571.5969539498551	166.67730805533571	489.8392097880167	489.8392097880167	sub-128154	ses-1		dir-AP	acq-multiband	space-ACPC			DSIStudio	autotrackgqi
Association_ParietalAslantTractL	ad	TORTOISE_model-tensor	/scratch/grmpy/SLURM_11194840_55/job-11194840-55-sub-128154/ds/inputs/data/qsiprep/qsiprep/sub-128154/ses-1/dwi/sub-128154_ses-1_acq-multiband_dir-AP_space-ACPC_desc-preproc_dwi.nii.gz	0.0101744186046511	916.1236628924692	185.67625744580403	886.5583026158206	925.5404993686032	887.8473451587986	161.59945709547526	955.11045318253	955.806632547982	sub-128154	ses-1		dir-AP	acq-multiband	space-ACPC			DSIStudio	autotrackgqi
Association_ParietalAslantTractL	am	TORTOISE_model-tensor	/scratch/grmpy/SLURM_11194840_55/job-11194840-55-sub-128154/ds/inputs/data/qsiprep/qsiprep/sub-128154/ses-1/dwi/sub-128154_ses-1_acq-multiband_dir-AP_space-ACPC_desc-preproc_dwi.nii.gz	0.0099927325581395	6435.84716796875	1570.4725341796875	6539.2509765625	6500.80810546875	6553.6640625	1438.395263671875	6121.42041015625	6125.80859375	sub-128154	ses-1		dir-AP	acq-multiband	space-ACPC			DSIStudio	autotrackgqi
Association_ParietalAslantTractL	fa	TORTOISE_model-tensor	/scratch/grmpy/SLURM_11194840_55/job-11194840-55-sub-128154/ds/inputs/data/qsiprep/qsiprep/sub-128154/ses-1/dwi/sub-128154_ses-1_acq-multiband_dir-AP_space-ACPC_desc-preproc_dwi.nii.gz	0.0101744186046511	0.266419496625141	0.1691982179401517	0.2108130737195248	0.2691580230221688	0.2132303656973097	0.1678845086271949	0.376628154982779	0.3769026790626797	sub-128154	ses-1		dir-AP	acq-multiband	space-ACPC			DSIStudio	autotrackgqi
Association_ParietalAslantTractL	li	TORTOISE_model-tensor	/scratch/grmpy/SLURM_11194840_55/job-11194840-55-sub-128154/ds/inputs/data/qsiprep/qsiprep/sub-128154/ses-1/dwi/sub-128154_ses-1_acq-multiband_dir-AP_space-ACPC_desc-preproc_dwi.nii.gz	0.0127180232558139	0.1438000500202179	0.1200417876243591	0.0966259688138961	0.1456524580717086	0.0980180948972702	0.1196906343102455	0.2193525731563568	0.2195709496736526	sub-128154	ses-1		dir-AP	acq-multiband	space-ACPC			DSIStudio	autotrackgqi
Association_ParietalAslantTractL	rd	TORTOISE_model-tensor	/scratch/grmpy/SLURM_11194840_55/job-11194840-55-sub-128154/ds/inputs/data/qsiprep/qsiprep/sub-128154/ses-1/dwi/sub-128154_ses-1_acq-multiband_dir-AP_space-ACPC_desc-preproc_dwi.nii.gz	0.0101744186046511	610.2558069686557	172.7514881228476	621.1558422346202	616.5286273046037	622.5972608437459	162.11866137586355	529.8778721231736	530.2640997151952	sub-128154	ses-1		dir-AP	acq-multiband	space-ACPC			DSIStudio	autotrackgqi
Association_InferiorLongitudinalFasciculusR	ad	TORTOISE_model-tensor	/scratch/grmpy/SLURM_11194840_55/job-11194840-55-sub-128154/ds/inputs/data/qsiprep/qsiprep/sub-128154/ses-1/dwi/sub-128154_ses-1_acq-multiband_dir-AP_space-ACPC_desc-preproc_dwi.nii.gz	0.0003968253968253	964.8713171975038	191.8424981250756	918.8653432830512	965.2543546398211	918.9832775121436	190.91470846018876	1091.1166136305112	1091.12643436437	sub-128154	ses-1		dir-AP	acq-multiband	space-ACPC			DSIStudio	autotrackgqi
Association_InferiorLongitudinalFasciculusR	am	TORTOISE_model-tensor	/scratch/grmpy/SLURM_11194840_55/job-11194840-55-sub-128154/ds/inputs/data/qsiprep/qsiprep/sub-128154/ses-1/dwi/sub-128154_ses-1_acq-multiband_dir-AP_space-ACPC_desc-preproc_dwi.nii.gz	0.0003968253968253	6552.46435546875	1271.5755615234375	6428.53515625	6555.0654296875	6429.2353515625	1265.1068115234375	5877.97705078125	5878.02978515625	sub-128154	ses-1		dir-AP	acq-multiband	space-ACPC			DSIStudio	autotrackgqi
Association_InferiorLongitudinalFasciculusR	fa	TORTOISE_model-tensor	/scratch/grmpy/SLURM_11194840_55/job-11194840-55-sub-128154/ds/inputs/data/qsiprep/qsiprep/sub-128154/ses-1/dwi/sub-128154_ses-1_acq-multiband_dir-AP_space-ACPC_desc-preproc_dwi.nii.gz	0.0003968253968253	0.319465130170233	0.1840832668544914	0.2914359558609033	0.3195919523735558	0.2916195254689737	0.1840097013787872	0.4781354280676695	0.4781397316190053	sub-128154	ses-1		dir-AP	acq-multiband	space-ACPC			DSIStudio	autotrackgqi
Association_InferiorLongitudinalFasciculusR	li	TORTOISE_model-tensor	/scratch/grmpy/SLURM_11194840_55/job-11194840-55-sub-128154/ds/inputs/data/qsiprep/qsiprep/sub-128154/ses-1/dwi/sub-128154_ses-1_acq-multiband_dir-AP_space-ACPC_desc-preproc_dwi.nii.gz	0.0004960317460317	0.1768187135457992	0.1354532241821289	0.1372818052768707	0.1769064664840698	0.1373367756605148	0.1354295313358307	0.2991789579391479	0.2991819977760315	sub-128154	ses-1		dir-AP	acq-multiband	space-ACPC			DSIStudio	autotrackgqi
Association_InferiorLongitudinalFasciculusR	rd	TORTOISE_model-tensor	/scratch/grmpy/SLURM_11194840_55/job-11194840-55-sub-128154/ds/inputs/data/qsiprep/qsiprep/sub-128154/ses-1/dwi/sub-128154_ses-1_acq-multiband_dir-AP_space-ACPC_desc-preproc_dwi.nii.gz	0.0003968253968253	584.4184637932061	154.29941807046615	580.340935454285	584.6504679471534	580.425624715904	153.889962546408	482.5630689343327	482.5674122660287	sub-128154	ses-1		dir-AP	acq-multiband	space-ACPC			DSIStudio	autotrackgqi
Association_FrontalAslantTractR	ad	TORTOISE_model-tensor	/scratch/grmpy/SLURM_11194840_55/job-11194840-55-sub-128154/ds/inputs/data/qsiprep/qsiprep/sub-128154/ses-1/dwi/sub-128154_ses-1_acq-multiband_dir-AP_space-ACPC_desc-preproc_dwi.nii.gz	0.0	953.2905444121247	164.84946778719416	916.8518680308844	953.2905444121247	916.8518680308844	164.84946778719416	980.9200138230732	980.9200138230732	sub-128154	ses-1		dir-AP	acq-multiband	space-ACPC			DSIStudio	autotrackgqi
Association_FrontalAslantTractR	am	TORTOISE_model-tensor	/scratch/grmpy/SLURM_11194840_55/job-11194840-55-sub-128154/ds/inputs/data/qsiprep/qsiprep/sub-128154/ses-1/dwi/sub-128154_ses-1_acq-multiband_dir-AP_space-ACPC_desc-preproc_dwi.nii.gz	0.0	6661.57666015625	996.11669921875	6475.5634765625	6661.57666015625	6475.5634765625	996.11669921875	6190.10302734375	6190.10302734375	sub-128154	ses-1		dir-AP	acq-multiband	space-ACPC			DSIStudio	autotrackgqi
Association_FrontalAslantTractR	fa	TORTOISE_model-tensor	/scratch/grmpy/SLURM_11194840_55/job-11194840-55-sub-128154/ds/inputs/data/qsiprep/qsiprep/sub-128154/ses-1/dwi/sub-128154_ses-1_acq-multiband_dir-AP_space-ACPC_desc-preproc_dwi.nii.gz	0.0	0.3250600305798111	0.1647443600507087	0.3154504309562764	0.3250600305798111	0.3154504309562764	0.1647443600507087	0.4144116412072425	0.4144116412072425	sub-128154	ses-1		dir-AP	acq-multiband	space-ACPC			DSIStudio	autotrackgqi
Association_FrontalAslantTractR	li	TORTOISE_model-tensor	/scratch/grmpy/SLURM_11194840_55/job-11194840-55-sub-128154/ds/inputs/data/qsiprep/qsiprep/sub-128154/ses-1/dwi/sub-128154_ses-1_acq-multiband_dir-AP_space-ACPC_desc-preproc_dwi.nii.gz	0.0	0.1885193884372711	0.1219178438186645	0.1663117110729217	0.1885193884372711	0.1663117110729217	0.1219178438186645	0.2576742470264435	0.2576742470264435	sub-128154	ses-1		dir-AP	acq-multiband	space-ACPC			DSIStudio	autotrackgqi
Association_FrontalAslantTractR	rd	TORTOISE_model-tensor	/scratch/grmpy/SLURM_11194840_55/job-11194840-55-sub-128154/ds/inputs/data/qsiprep/qsiprep/sub-128154/ses-1/dwi/sub-128154_ses-1_acq-multiband_dir-AP_space-ACPC_desc-preproc_dwi.nii.gz	0.0	582.66231489323	184.6543895700125	559.4791623768695	582.66231489323	559.4791623768695	184.6543895700125	503.5497462520062	503.5497462520062	sub-128154	ses-1		dir-AP	acq-multiband	space-ACPC			DSIStudio	autotrackgqi
Association_HippocampusAlveusL	ad	TORTOISE_model-tensor	/scratch/grmpy/SLURM_11194840_55/job-11194840-55-sub-128154/ds/inputs/data/qsiprep/qsiprep/sub-128154/ses-1/dwi/sub-128154_ses-1_acq-multiband_dir-AP_space-ACPC_desc-preproc_dwi.nii.gz	0.0	1074.247202724133	318.1111967742549	962.3408996882442	1074.247202724133	962.3408996882442	318.1111967742549	1172.6762380834605	1172.6762380834605	sub-128154	ses-1		dir-AP	acq-multiband	space-ACPC			DSIStudio	autotrackgqi
Association_HippocampusAlveusL	am	TORTOISE_model-tensor	/scratch/grmpy/SLURM_11194840_55/job-11194840-55-sub-128154/ds/inputs/data/qsiprep/qsiprep/sub-128154/ses-1/dwi/sub-128154_ses-1_acq-multiband_dir-AP_space-ACPC_desc-preproc_dwi.nii.gz	0.0	7413.73095703125	1720.6861572265625	7239.564453125	7413.73095703125	7239.564453125	1720.6861572265625	7291.1630859375	7291.1630859375	sub-128154	ses-1		dir-AP	acq-multiband	space-ACPC			DSIStudio	autotrackgqi
Association_HippocampusAlveusL	fa	TORTOISE_model-tensor	/scratch/grmpy/SLURM_11194840_55/job-11194840-55-sub-128154/ds/inputs/data/qsiprep/qsiprep/sub-128154/ses-1/dwi/sub-128154_ses-1_acq-multiband_dir-AP_space-ACPC_desc-preproc_dwi.nii.gz	0.0	0.2879994185946994	0.1701242863901491	0.244766240530077	0.2879994185946994	0.244766240530077	0.1701242863901491	0.3442092447475667	0.3442092447475667	sub-128154	ses-1		dir-AP	acq-multiband	space-ACPC			DSIStudio	autotrackgqi
Association_HippocampusAlveusL	li	TORTOISE_model-tensor	/scratch/grmpy/SLURM_11194840_55/job-11194840-55-sub-128154/ds/inputs/data/qsiprep/qsiprep/sub-128154/ses-1/dwi/sub-128154_ses-1_acq-multiband_dir-AP_space-ACPC_desc-preproc_dwi.nii.gz	0.0	0.1619705259799957	0.1240709125995636	0.1226771995425224	0.1619705259799957	0.1226771995425224	0.1240709125995636	0.208147644996643	0.208147644996643	sub-128154	ses-1		dir-AP	acq-multiband	space-ACPC			DSIStudio	autotrackgqi
Association_HippocampusAlveusL	rd	TORTOISE_model-tensor	/scratch/grmpy/SLURM_11194840_55/job-11194840-55-sub-128154/ds/inputs/data/qsiprep/qsiprep/sub-128154/ses-1/dwi/sub-128154_ses-1_acq-multiband_dir-AP_space-ACPC_desc-preproc_dwi.nii.gz	0.0	681.28642469233	248.23880318034415	639.6597283885649	681.28642469233	639.6597283885649	248.23880318034415	668.2290952470339	668.2290952470339	sub-128154	ses-1		dir-AP	acq-multiband	space-ACPC			DSIStudio	autotrackgqi
Association_CingulumL	ad	TORTOISE_model-tensor	/scratch/grmpy/SLURM_11194840_55/job-11194840-55-sub-128154/ds/inputs/data/qsiprep/qsiprep/sub-128154/ses-1/dwi/sub-128154_ses-1_acq-multiband_dir-AP_space-ACPC_desc-preproc_dwi.nii.gz	0.0007315288953913	957.2405835411192	177.87794842762494	917.6262680017531	957.9413453153072	917.7150890805956	176.04669491838897	1021.7824366797012	1021.8311615784636	sub-128154	ses-1		dir-AP	acq-multiband	space-ACPC			DSIStudio	autotrackgqi
Association_CingulumL	am	TORTOISE_model-tensor	/scratch/grmpy/SLURM_11194840_55/job-11194840-55-sub-128154/ds/inputs/data/qsiprep/qsiprep/sub-128154/ses-1/dwi/sub-128154_ses-1_acq-multiband_dir-AP_space-ACPC_desc-preproc_dwi.nii.gz	0.0007315288953913	7027.56494140625	1254.263916015625	6900.78466796875	7032.70947265625	6902.5185546875	1240.2213134765625	6461.3798828125	6461.68798828125	sub-128154	ses-1		dir-AP	acq-multiband	space-ACPC			DSIStudio	autotrackgqi
Association_CingulumL	fa	TORTOISE_model-tensor	/scratch/grmpy/SLURM_11194840_55/job-11194840-55-sub-128154/ds/inputs/data/qsiprep/qsiprep/sub-128154/ses-1/dwi/sub-128154_ses-1_acq-multiband_dir-AP_space-ACPC_desc-preproc_dwi.nii.gz	0.0007315288953913	0.2951460672824427	0.1773016410500013	0.2479162766124589	0.2953621332174957	0.2481757072056567	0.177186532521314	0.4269784299171245	0.4269987908076659	sub-128154	ses-1		dir-AP	acq-multiband	space-ACPC			DSIStudio	autotrackgqi
Association_CingulumL	li	TORTOISE_model-tensor	/scratch/grmpy/SLURM_11194840_55/job-11194840-55-sub-128154/ds/inputs/data/qsiprep/qsiprep/sub-128154/ses-1/dwi/sub-128154_ses-1_acq-multiband_dir-AP_space-ACPC_desc-preproc_dwi.nii.gz	0.0007315288953913	0.1607409119606018	0.1311258524656295	0.1133769005537033	0.1608585864305496	0.1137298792600631	0.1311016827821731	0.2540071904659271	0.2540192604064941	sub-128154	ses-1		dir-AP	acq-multiband	space-ACPC			DSIStudio	autotrackgqi
Association_CingulumL	rd	TORTOISE_model-tensor	/scratch/grmpy/SLURM_11194840_55/job-11194840-55-sub-128154/ds/inputs/data/qsiprep/qsiprep/sub-128154/ses-1/dwi/sub-128154_ses-1_acq-multiband_dir-AP_space-ACPC_desc-preproc_dwi.nii.gz	0.0007315288953913	605.4074613609588	162.88497376451792	608.9099684368971	605.8506586240342	608.9959815484389	162.11855570070335	502.722714529192	502.74668754313166	sub-128154	ses-1		dir-AP	acq-multiband	space-ACPC			DSIStudio	autotrackgqi
Association_ParietalAslantTractR	ad	TORTOISE_model-tensor	/scratch/grmpy/SLURM_11194840_55/job-11194840-55-sub-128154/ds/inputs/data/qsiprep/qsiprep/sub-128154/ses-1/dwi/sub-128154_ses-1_acq-multiband_dir-AP_space-ACPC_desc-preproc_dwi.nii.gz	0.0009372071227741	940.4664620779806	157.44456624172628	905.3333877184588	941.3487007853709	905.5765741970132	154.8597791674816	990.2698541000432	990.3502518096224	sub-128154	ses-1		dir-AP	acq-multiband	space-ACPC			DSIStudio	autotrackgqi
Association_ParietalAslantTractR	am	TORTOISE_model-tensor	/scratch/grmpy/SLURM_11194840_55/job-11194840-55-sub-128154/ds/inputs/data/qsiprep/qsiprep/sub-128154/ses-1/dwi/sub-128154_ses-1_acq-multiband_dir-AP_space-ACPC_desc-preproc_dwi.nii.gz	0.0009372071227741	6690.4873046875	1082.3848876953125	6623.265625	6696.763671875	6624.234375	1063.3087158203125	6138.5927734375	6139.0908203125	sub-128154	ses-1		dir-AP	acq-multiband	space-ACPC			DSIStudio	autotrackgqi
Association_ParietalAslantTractR	fa	TORTOISE_model-tensor	/scratch/grmpy/SLURM_11194840_55/job-11194840-55-sub-128154/ds/inputs/data/qsiprep/qsiprep/sub-128154/ses-1/dwi/sub-128154_ses-1_acq-multiband_dir-AP_space-ACPC_desc-preproc_dwi.nii.gz	0.0009372071227741	0.2823336458568128	0.1694540881272304	0.2418404745042516	0.2825984991831325	0.2420864080272484	0.1693126625094187	0.3845516529586418	0.3845828737832479	sub-128154	ses-1		dir-AP	acq-multiband	space-ACPC			DSIStudio	autotrackgqi
Association_ParietalAslantTractR	li	TORTOISE_model-tensor	/scratch/grmpy/SLURM_11194840_55/job-11194840-55-sub-128154/ds/inputs/data/qsiprep/qsiprep/sub-128154/ses-1/dwi/sub-128154_ses-1_acq-multiband_dir-AP_space-ACPC_desc-preproc_dwi.nii.gz	0.0009372071227741	0.1543477475643158	0.1177482604980468	0.1132110878825187	0.1544925272464752	0.1133649051189422	0.117708496749401	0.2267202585935592	0.2267386764287948	sub-128154	ses-1		dir-AP	acq-multiband	space-ACPC			DSIStudio	autotrackgqi
Association_ParietalAslantTractR	rd	TORTOISE_model-tensor	/scratch/grmpy/SLURM_11194840_55/job-11194840-55-sub-128154/ds/inputs/data/qsiprep/qsiprep/sub-128154/ses-1/dwi/sub-128154_ses-1_acq-multiband_dir-AP_space-ACPC_desc-preproc_dwi.nii.gz	0.0009372071227741	609.3864456671682	150.3963564878093	615.502028305659	609.9581027456553	615.560384146876	149.30370327617973	531.2461124291322	531.2892431242067	sub-128154	ses-1		dir-AP	acq-multiband	space-ACPC			DSIStudio	autotrackgqi
Association_ArcuateFasciculusR	ad	TORTOISE_model-tensor	/scratch/grmpy/SLURM_11194840_55/job-11194840-55-sub-128154/ds/inputs/data/qsiprep/qsiprep/sub-128154/ses-1/dwi/sub-128154_ses-1_acq-multiband_dir-AP_space-ACPC_desc-preproc_dwi.nii.gz	0.0	957.557064766542	175.6263971390198	920.3494168523008	957.557064766542	920.3494168523008	175.6263971390198	950.918146306126	950.918146306126	sub-128154	ses-1		dir-AP	acq-multiband	space-ACPC			DSIStudio	autotrackgqi
Association_ArcuateFasciculusR	am	TORTOISE_model-tensor	/scratch/grmpy/SLURM_11194840_55/job-11194840-55-sub-128154/ds/inputs/data/qsiprep/qsiprep/sub-128154/ses-1/dwi/sub-128154_ses-1_acq-multiband_dir-AP_space-ACPC_desc-preproc_dwi.nii.gz	0.0	6764.494140625	1187.321533203125	6636.35302734375	6764.494140625	6636.35302734375	1187.321533203125	6011.4697265625	6011.4697265625	sub-128154	ses-1		dir-AP	acq-multiband	space-ACPC			DSIStudio	autotrackgqi
Association_ArcuateFasciculusR	fa	TORTOISE_model-tensor	/scratch/grmpy/SLURM_11194840_55/job-11194840-55-sub-128154/ds/inputs/data/qsiprep/qsiprep/sub-128154/ses-1/dwi/sub-128154_ses-1_acq-multiband_dir-AP_space-ACPC_desc-preproc_dwi.nii.gz	0.0	0.3134288061212623	0.1654855509668817	0.2959648789065122	0.3134288061212623	0.2959648789065122	0.1654855509668817	0.4121739253952758	0.4121739253952758	sub-128154	ses-1		dir-AP	acq-multiband	space-ACPC			DSIStudio	autotrackgqi
Association_ArcuateFasciculusR	li	TORTOISE_model-tensor	/scratch/grmpy/SLURM_11194840_55/job-11194840-55-sub-128154/ds/inputs/data/qsiprep/qsiprep/sub-128154/ses-1/dwi/sub-128154_ses-1_acq-multiband_dir-AP_space-ACPC_desc-preproc_dwi.nii.gz	0.0002028809089064	0.1762158572673797	0.1243159621953964	0.1452116817235946	0.176251620054245	0.1453011482954025	0.1243032217025756	0.2458802759647369	0.2458852231502533	sub-128154	ses-1		dir-AP	acq-multiband	space-ACPC			DSIStudio	autotrackgqi
Association_ArcuateFasciculusR	rd	TORTOISE_model-tensor	/scratch/grmpy/SLURM_11194840_55/job-11194840-55-sub-128154/ds/inputs/data/qsiprep/qsiprep/sub-128154/ses-1/dwi/sub-128154_ses-1_acq-multiband_dir-AP_space-ACPC_desc-preproc_dwi.nii.gz	0.0	597.834962697189	193.7216977676045	575.400912470598	597.834962697189	575.400912470598	193.7216977676045	488.0872060823267	488.0872060823267	sub-128154	ses-1		dir-AP	acq-multiband	space-ACPC			DSIStudio	autotrackgqi
Association_HippocampusAlveusR	ad	TORTOISE_model-tensor	/scratch/grmpy/SLURM_11194840_55/job-11194840-55-sub-128154/ds/inputs/data/qsiprep/qsiprep/sub-128154/ses-1/dwi/sub-128154_ses-1_acq-multiband_dir-AP_space-ACPC_desc-preproc_dwi.nii.gz	0.0	1049.9629454544315	291.4428236642341	952.0061937092892	1049.9629454544315	952.0061937092892	291.4428236642341	1117.3153251596325	1117.3153251596325	sub-128154	ses-1		dir-AP	acq-multiband	space-ACPC			DSIStudio	autotrackgqi
Association_HippocampusAlveusR	am	TORTOISE_model-tensor	/scratch/grmpy/SLURM_11194840_55/job-11194840-55-sub-128154/ds/inputs/data/qsiprep/qsiprep/sub-128154/ses-1/dwi/sub-128154_ses-1_acq-multiband_dir-AP_space-ACPC_desc-preproc_dwi.nii.gz	0.0	7314.037109375	1593.552490234375	7198.1455078125	7314.037109375	7198.1455078125	1593.552490234375	7329.28271484375	7329.28271484375	sub-128154	ses-1		dir-AP	acq-multiband	space-ACPC			DSIStudio	autotrackgqi
Association_HippocampusAlveusR	fa	TORTOISE_model-tensor	/scratch/grmpy/SLURM_11194840_55/job-11194840-55-sub-128154/ds/inputs/data/qsiprep/qsiprep/sub-128154/ses-1/dwi/sub-128154_ses-1_acq-multiband_dir-AP_space-ACPC_desc-preproc_dwi.nii.gz	0.0	0.2701504039148029	0.1533233953882708	0.2357446893012419	0.2701504039148029	0.2357446893012419	0.1533233953882708	0.3033527651366445	0.3033527651366445	sub-128154	ses-1		dir-AP	acq-multiband	space-ACPC			DSIStudio	autotrackgqi
Association_HippocampusAlveusR	li	TORTOISE_model-tensor	/scratch/grmpy/SLURM_11194840_55/job-11194840-55-sub-128154/ds/inputs/data/qsiprep/qsiprep/sub-128154/ses-1/dwi/sub-128154_ses-1_acq-multiband_dir-AP_space-ACPC_desc-preproc_dwi.nii.gz	0.0	0.1496197432279586	0.10685496032238	0.1221989095211029	0.1496197432279586	0.1221989095211029	0.10685496032238	0.1750903725624084	0.1750903725624084	sub-128154	ses-1		dir-AP	acq-multiband	space-ACPC			DSIStudio	autotrackgqi
Association_HippocampusAlveusR	rd	TORTOISE_model-tensor	/scratch/grmpy/SLURM_11194840_55/job-11194840-55-sub-128154/ds/inputs/data/qsiprep/qsiprep/sub-128154/ses-1/dwi/sub-128154_ses-1_acq-multiband_dir-AP_space-ACPC_desc-preproc_dwi.nii.gz	0.0	686.4615835611806	219.85582298191864	650.3620622970316	686.4615835611806	650.3620622970316	219.85582298191864	685.6810867522006	685.6810867522006	sub-128154	ses-1		dir-AP	acq-multiband	space-ACPC			DSIStudio	autotrackgqi
Association_MiddleLongitudinalFasciculusL	ad	TORTOISE_model-tensor	/scratch/grmpy/SLURM_11194840_55/job-11194840-55-sub-128154/ds/inputs/data/qsiprep/qsiprep/sub-128154/ses-1/dwi/sub-128154_ses-1_acq-multiband_dir-AP_space-ACPC_desc-preproc_dwi.nii.gz	0.0035307963907414	959.5230410082136	206.60468106851545	910.7902563865192	962.9229257991876	911.3047981670873	198.90428613620253	1019.6340439742688	1019.8143368947474	sub-128154	ses-1		dir-AP	acq-multiband	space-ACPC			DSIStudio	autotrackgqi
Association_MiddleLongitudinalFasciculusL	am	TORTOISE_model-tensor	/scratch/grmpy/SLURM_11194840_55/job-11194840-55-sub-128154/ds/inputs/data/qsiprep/qsiprep/sub-128154/ses-1/dwi/sub-128154_ses-1_acq-multiband_dir-AP_space-ACPC_desc-preproc_dwi.nii.gz	0.0035307963907414	6507.06103515625	1301.3577880859375	6478.96044921875	6530.1171875	6481.4521484375	1244.57666015625	6189.705078125	6190.79931640625	sub-128154	ses-1		dir-AP	acq-multiband	space-ACPC			DSIStudio	autotrackgqi
Association_MiddleLongitudinalFasciculusL	fa	TORTOISE_model-tensor	/scratch/grmpy/SLURM_11194840_55/job-11194840-55-sub-128154/ds/inputs/data/qsiprep/qsiprep/sub-128154/ses-1/dwi/sub-128154_ses-1_acq-multiband_dir-AP_space-ACPC_desc-preproc_dwi.nii.gz	0.0035307963907414	0.309708028624135	0.1882617744867838	0.2707962717314941	0.3108054192767402	0.2720141050771181	0.1876885836094381	0.4444385864580845	0.4445171725010041	sub-128154	ses-1		dir-AP	acq-multiband	space-ACPC			DSIStudio	autotrackgqi
Association_MiddleLongitudinalFasciculusL	li	TORTOISE_model-tensor	/scratch/grmpy/SLURM_11194840_55/job-11194840-55-sub-128154/ds/inputs/data/qsiprep/qsiprep/sub-128154/ses-1/dwi/sub-128154_ses-1_acq-multiband_dir-AP_space-ACPC_desc-preproc_dwi.nii.gz	0.0047077285209886	0.1761321127414703	0.1379720121622085	0.130742996931076	0.1769652217626571	0.131398320198059	0.1377638876438141	0.2800950706005096	0.280159592628479	sub-128154	ses-1		dir-AP	acq-multiband	space-ACPC			DSIStudio	autotrackgqi
Association_MiddleLongitudinalFasciculusL	rd	TORTOISE_model-tensor	/scratch/grmpy/SLURM_11194840_55/job-11194840-55-sub-128154/ds/inputs/data/qsiprep/qsiprep/sub-128154/ses-1/dwi/sub-128154_ses-1_acq-multiband_dir-AP_space-ACPC_desc-preproc_dwi.nii.gz	0.0035307963907414	598.4263368861851	201.6726167474532	587.398074690959	600.5467451664905	588.1319242415931	198.85309373731076	487.8941135373322	487.98038370874735	sub-128154	ses-1		dir-AP	acq-multiband	space-ACPC			DSIStudio	autotrackgqi
Association_InferiorFrontoOccipitalFasciculusR	ad	TORTOISE_model-tensor	/scratch/grmpy/SLURM_11194840_55/job-11194840-55-sub-128154/ds/inputs/data/qsiprep/qsiprep/sub-128154/ses-1/dwi/sub-128154_ses-1_acq-multiband_dir-AP_space-ACPC_desc-preproc_dwi.nii.gz	0.0003340013360053	978.0091342563724	203.9295419702041	929.3373556065388	978.3358997539524	929.4010823991126	203.1784105453912	1094.8953938944787	1094.8994406322129	sub-128154	ses-1		dir-AP	acq-multiband	space-ACPC			DSIStudio	autotrackgqi
Association_InferiorFrontoOccipitalFasciculusR	am	TORTOISE_model-tensor	/scratch/grmpy/SLURM_11194840_55/job-11194840-55-sub-128154/ds/inputs/data/qsiprep/qsiprep/sub-128154/ses-1/dwi/sub-128154_ses-1_acq-multiband_dir-AP_space-ACPC_desc-preproc_dwi.nii.gz	0.0003340013360053	6432.5947265625	1196.8023681640625	6357.94970703125	6434.74365234375	6358.20361328125	1191.2115478515625	5979.5849609375	5979.60693359375	sub-128154	ses-1		dir-AP	acq-multiband	space-ACPC			DSIStudio	autotrackgqi
Association_InferiorFrontoOccipitalFasciculusR	fa	TORTOISE_model-tensor	/scratch/grmpy/SLURM_11194840_55/job-11194840-55-sub-128154/ds/inputs/data/qsiprep/qsiprep/sub-128154/ses-1/dwi/sub-128154_ses-1_acq-multiband_dir-AP_space-ACPC_desc-preproc_dwi.nii.gz	0.0003340013360053	0.3349266323802899	0.1884725177102665	0.3163350101807058	0.3350385356988266	0.3167943324634508	0.1884045284243315	0.4930424366172265	0.4930442588987935	sub-128154	ses-1		dir-AP	acq-multiband	space-ACPC			DSIStudio	autotrackgqi
Association_InferiorFrontoOccipitalFasciculusR	li	TORTOISE_model-tensor	/scratch/grmpy/SLURM_11194840_55/job-11194840-55-sub-128154/ds/inputs/data/qsiprep/qsiprep/sub-128154/ses-1/dwi/sub-128154_ses-1_acq-multiband_dir-AP_space-ACPC_desc-preproc_dwi.nii.gz	0.0003340013360053	0.1917203366756439	0.1412365734577179	0.1579843759536743	0.1917843967676162	0.1580373495817184	0.1412166655063629	0.3228538036346435	0.3228550255298614	sub-128154	ses-1		dir-AP	acq-multiband	space-ACPC			DSIStudio	autotrackgqi
Association_InferiorFrontoOccipitalFasciculusR	rd	TORTOISE_model-tensor	/scratch/grmpy/SLURM_11194840_55/job-11194840-55-sub-128154/ds/inputs/data/qsiprep/qsiprep/sub-128154/ses-1/dwi/sub-128154_ses-1_acq-multiband_dir-AP_space-ACPC_desc-preproc_dwi.nii.gz	0.0003340013360053	574.9505236318305	177.65828522914626	553.6156209166479	575.1426220359842	553.687316413366	177.37679599882637	464.6592052924756	464.6609226445123	sub-128154	ses-1		dir-AP	acq-multiband	space-ACPC			DSIStudio	autotrackgqi
Association_SuperiorLongitudinalFasciculusL	ad	TORTOISE_model-tensor	/scratch/grmpy/SLURM_11194840_55/job-11194840-55-sub-128154/ds/inputs/data/qsiprep/qsiprep/sub-128154/ses-1/dwi/sub-128154_ses-1_acq-multiband_dir-AP_space-ACPC_desc-preproc_dwi.nii.gz	0.0004290004290004	929.89123472113	172.72152390215874	889.8069231001473	930.290329671654	889.8522566205356	171.68067564681877	940.948154951774	940.9583626285096	sub-128154	ses-1		dir-AP	acq-multiband	space-ACPC			DSIStudio	autotrackgqi
Association_SuperiorLongitudinalFasciculusL	am	TORTOISE_model-tensor	/scratch/grmpy/SLURM_11194840_55/job-11194840-55-sub-128154/ds/inputs/data/qsiprep/qsiprep/sub-128154/ses-1/dwi/sub-128154_ses-1_acq-multiband_dir-AP_space-ACPC_desc-preproc_dwi.nii.gz	0.0003217503217503	6572.8125	1252.29248046875	6631.22607421875	6574.92822265625	6631.74755859375	1246.9290771484375	6106.5966796875	6106.62939453125	sub-128154	ses-1		dir-AP	acq-multiband	space-ACPC			DSIStudio	autotrackgqi
Association_SuperiorLongitudinalFasciculusL	fa	TORTOISE_model-tensor	/scratch/grmpy/SLURM_11194840_55/job-11194840-55-sub-128154/ds/inputs/data/qsiprep/qsiprep/sub-128154/ses-1/dwi/sub-128154_ses-1_acq-multiband_dir-AP_space-ACPC_desc-preproc_dwi.nii.gz	0.0004290004290004	0.2819281880304662	0.1709696570505742	0.2430199616421183	0.2820491872527969	0.2431571308478085	0.1709065277621229	0.3947987993238486	0.3948030820712059	sub-128154	ses-1		dir-AP	acq-multiband	space-ACPC			DSIStudio	autotrackgqi
Association_SuperiorLongitudinalFasciculusL	li	TORTOISE_model-tensor	/scratch/grmpy/SLURM_11194840_55/job-11194840-55-sub-128154/ds/inputs/data/qsiprep/qsiprep/sub-128154/ses-1/dwi/sub-128154_ses-1_acq-multiband_dir-AP_space-ACPC_desc-preproc_dwi.nii.gz	0.0021450021450021	0.1520533263683319	0.1205362528562545	0.1104743331670761	0.1523801833391189	0.1108033955097198	0.12045918405056	0.2376317828893661	0.2376803159713745	sub-128154	ses-1		dir-AP	acq-multiband	space-ACPC			DSIStudio	autotrackgqi
Association_SuperiorLongitudinalFasciculusL	rd	TORTOISE_model-tensor	/scratch/grmpy/SLURM_11194840_55/job-11194840-55-sub-128154/ds/inputs/data/qsiprep/qsiprep/sub-128154/ses-1/dwi/sub-128154_ses-1_acq-multiband_dir-AP_space-ACPC_desc-preproc_dwi.nii.gz	0.0004290004290004	610.015938738442	186.14816133683087	598.6014396850201	610.2777481542095	598.7256663821076	185.75853477408933	503.4841354268914	503.4895975103247	sub-128154	ses-1		dir-AP	acq-multiband	space-ACPC			DSIStudio	autotrackgqi
Association_InferiorLongitudinalFasciculusL	ad	TORTOISE_model-tensor	/scratch/grmpy/SLURM_11194840_55/job-11194840-55-sub-128154/ds/inputs/data/qsiprep/qsiprep/sub-128154/ses-1/dwi/sub-128154_ses-1_acq-multiband_dir-AP_space-ACPC_desc-preproc_dwi.nii.gz	0.0006768516727905	963.652865286975	200.97313375135928	915.4599256105438	964.3055571163904	915.5621862262622	199.4697040225408	1033.6687617106236	1033.6895870097833	sub-128154	ses-1		dir-AP	acq-multiband	space-ACPC			DSIStudio	autotrackgqi
Association_InferiorLongitudinalFasciculusL	am	TORTOISE_model-tensor	/scratch/grmpy/SLURM_11194840_55/job-11194840-55-sub-128154/ds/inputs/data/qsiprep/qsiprep/sub-128154/ses-1/dwi/sub-128154_ses-1_acq-multiband_dir-AP_space-ACPC_desc-preproc_dwi.nii.gz	0.0006768516727905	6479.85595703125	1348.3134765625	6433.38427734375	6484.2451171875	6434.55615234375	1338.1785888671875	6025.26904296875	6025.39013671875	sub-128154	ses-1		dir-AP	acq-multiband	space-ACPC			DSIStudio	autotrackgqi
Association_InferiorLongitudinalFasciculusL	fa	TORTOISE_model-tensor	/scratch/grmpy/SLURM_11194840_55/job-11194840-55-sub-128154/ds/inputs/data/qsiprep/qsiprep/sub-128154/ses-1/dwi/sub-128154_ses-1_acq-multiband_dir-AP_space-ACPC_desc-preproc_dwi.nii.gz	0.0006768516727905	0.3189714508620664	0.1918227350207225	0.2738143023952993	0.3191874934509425	0.2739311226507734	0.1917079180819143	0.450523540586705	0.4505326171692976	sub-128154	ses-1		dir-AP	acq-multiband	space-ACPC			DSIStudio	autotrackgqi
Association_InferiorLongitudinalFasciculusL	li	TORTOISE_model-tensor	/scratch/grmpy/SLURM_11194840_55/job-11194840-55-sub-128154/ds/inputs/data/qsiprep/qsiprep/sub-128154/ses-1/dwi/sub-128154_ses-1_acq-multiband_dir-AP_space-ACPC_desc-preproc_dwi.nii.gz	0.0007735447689035	0.1761403679847717	0.1404029279947281	0.1261664927005767	0.1762767285108566	0.1262407302856445	0.1403716653585434	0.2727940678596496	0.2728035449981689	sub-128154	ses-1		dir-AP	acq-multiband	space-ACPC			DSIStudio	autotrackgqi
Association_InferiorLongitudinalFasciculusL	rd	TORTOISE_model-tensor	/scratch/grmpy/SLURM_11194840_55/job-11194840-55-sub-128154/ds/inputs/data/qsiprep/qsiprep/sub-128154/ses-1/dwi/sub-128154_ses-1_acq-multiband_dir-AP_space-ACPC_desc-preproc_dwi.nii.gz	0.0006768516727905	585.2510225430982	176.67372427139202	583.9359772695799	585.6474189782991	584.1356637222731	176.0755451189318	490.121862200079	490.1317367895201	sub-128154	ses-1		dir-AP	acq-multiband	space-ACPC			DSIStudio	autotrackgqi
Association_ExtremeCapsuleR	ad	TORTOISE_model-tensor	/scratch/grmpy/SLURM_11194840_55/job-11194840-55-sub-128154/ds/inputs/data/qsiprep/qsiprep/sub-128154/ses-1/dwi/sub-128154_ses-1_acq-multiband_dir-AP_space-ACPC_desc-preproc_dwi.nii.gz	0.0	975.8640284367598	167.3669163293184	953.479101873202	975.8640284367598	953.479101873202	167.3669163293184	1028.2285350032134	1028.228623697457	sub-128154	ses-1		dir-AP	acq-multiband	space-ACPC			DSIStudio	autotrackgqi
Association_ExtremeCapsuleR	am	TORTOISE_model-tensor	/scratch/grmpy/SLURM_11194840_55/job-11194840-55-sub-128154/ds/inputs/data/qsiprep/qsiprep/sub-128154/ses-1/dwi/sub-128154_ses-1_acq-multiband_dir-AP_space-ACPC_desc-preproc_dwi.nii.gz	0.0	6701.833984375	979.7177124023438	6528.74267578125	6701.833984375	6528.74267578125	979.7177124023438	6493.921875	6493.9228515625	sub-128154	ses-1		dir-AP	acq-multiband	space-ACPC			DSIStudio	autotrackgqi
Association_ExtremeCapsuleR	fa	TORTOISE_model-tensor	/scratch/grmpy/SLURM_11194840_55/job-11194840-55-sub-128154/ds/inputs/data/qsiprep/qsiprep/sub-128154/ses-1/dwi/sub-128154_ses-1_acq-multiband_dir-AP_space-ACPC_desc-preproc_dwi.nii.gz	0.0	0.3741782812792317	0.1833150534508374	0.3789624672934521	0.3741782812792317	0.3789624672934521	0.1833150534508374	0.4615720537152682	0.4615720936240612	sub-128154	ses-1		dir-AP	acq-multiband	space-ACPC			DSIStudio	autotrackgqi
Association_ExtremeCapsuleR	li	TORTOISE_model-tensor	/scratch/grmpy/SLURM_11194840_55/job-11194840-55-sub-128154/ds/inputs/data/qsiprep/qsiprep/sub-128154/ses-1/dwi/sub-128154_ses-1_acq-multiband_dir-AP_space-ACPC_desc-preproc_dwi.nii.gz	0.0	0.2276002168655395	0.1400727182626724	0.2147965282201767	0.2276002168655395	0.2147965282201767	0.1400727182626724	0.297696053981781	0.2976961135864258	sub-128154	ses-1		dir-AP	acq-multiband	space-ACPC			DSIStudio	autotrackgqi
Association_ExtremeCapsuleR	rd	TORTOISE_model-tensor	/scratch/grmpy/SLURM_11194840_55/job-11194840-55-sub-128154/ds/inputs/data/qsiprep/qsiprep/sub-128154/ses-1/dwi/sub-128154_ses-1_acq-multiband_dir-AP_space-ACPC_desc-preproc_dwi.nii.gz	0.0	538.2407633220389	152.22691380491815	516.6645635726211	538.2407633220389	516.6645635726211	152.22691380491815	475.7405412639128	475.74058213129496	sub-128154	ses-1		dir-AP	acq-multiband	space-ACPC			DSIStudio	autotrackgqi
Association_VerticalOccipitalFasciculusR	ad	TORTOISE_model-tensor	/scratch/grmpy/SLURM_11194840_55/job-11194840-55-sub-128154/ds/inputs/data/qsiprep/qsiprep/sub-128154/ses-1/dwi/sub-128154_ses-1_acq-multiband_dir-AP_space-ACPC_desc-preproc_dwi.nii.gz	0.0	904.0538513629394	150.14087019968713	868.0523163198925	904.0538513629394	868.0523163198925	150.14087019968713	961.9182445001834	961.9182445001834	sub-128154	ses-1		dir-AP	acq-multiband	space-ACPC			DSIStudio	autotrackgqi
Association_VerticalOccipitalFasciculusR	am	TORTOISE_model-tensor	/scratch/grmpy/SLURM_11194840_55/job-11194840-55-sub-128154/ds/inputs/data/qsiprep/qsiprep/sub-128154/ses-1/dwi/sub-128154_ses-1_acq-multiband_dir-AP_space-ACPC_desc-preproc_dwi.nii.gz	0.0	6610.8134765625	979.9453125	6566.068359375	6610.8134765625	6566.068359375	979.9453125	6340.2607421875	6340.2607421875	sub-128154	ses-1		dir-AP	acq-multiband	space-ACPC			DSIStudio	autotrackgqi
Association_VerticalOccipitalFasciculusR	fa	TORTOISE_model-tensor	/scratch/grmpy/SLURM_11194840_55/job-11194840-55-sub-128154/ds/inputs/data/qsiprep/qsiprep/sub-128154/ses-1/dwi/sub-128154_ses-1_acq-multiband_dir-AP_space-ACPC_desc-preproc_dwi.nii.gz	0.0	0.2805490748103649	0.1622957852469873	0.2435098106698869	0.2805490748103649	0.2435098106698869	0.1622957852469873	0.398435019447442	0.398435019447442	sub-128154	ses-1		dir-AP	acq-multiband	space-ACPC			DSIStudio	autotrackgqi
Association_VerticalOccipitalFasciculusR	li	TORTOISE_model-tensor	/scratch/grmpy/SLURM_11194840_55/job-11194840-55-sub-128154/ds/inputs/data/qsiprep/qsiprep/sub-128154/ses-1/dwi/sub-128154_ses-1_acq-multiband_dir-AP_space-ACPC_desc-preproc_dwi.nii.gz	0.0003548616039744	0.1456761658191681	0.1059744134545326	0.1106346696615219	0.1457278877496719	0.1106477975845336	0.1059576645493507	0.2241345643997192	0.2241462022066116	sub-128154	ses-1		dir-AP	acq-multiband	space-ACPC			DSIStudio	autotrackgqi
Association_VerticalOccipitalFasciculusR	rd	TORTOISE_model-tensor	/scratch/grmpy/SLURM_11194840_55/job-11194840-55-sub-128154/ds/inputs/data/qsiprep/qsiprep/sub-128154/ses-1/dwi/sub-128154_ses-1_acq-multiband_dir-AP_space-ACPC_desc-preproc_dwi.nii.gz	0.0	591.9715019945342	147.51214592413683	579.0345013331607	591.9715019945342	579.0345013331607	147.51214592413683	508.234550641921	508.234550641921	sub-128154	ses-1		dir-AP	acq-multiband	space-ACPC			DSIStudio	autotrackgqi
Association_ArcuateFasciculusL	ad	TORTOISE_model-tensor	/scratch/grmpy/SLURM_11194840_55/job-11194840-55-sub-128154/ds/inputs/data/qsiprep/qsiprep/sub-128154/ses-1/dwi/sub-128154_ses-1_acq-multiband_dir-AP_space-ACPC_desc-preproc_dwi.nii.gz	0.0086219494373812	934.4458929786437	208.24675956232224	899.0805716773498	942.5727072011878	900.6731402533136	189.9572505157892	973.7741894350804	974.1174514751192	sub-128154	ses-1		dir-AP	acq-multiband	space-ACPC			DSIStudio	autotrackgqi
Association_ArcuateFasciculusL	am	TORTOISE_model-tensor	/scratch/grmpy/SLURM_11194840_55/job-11194840-55-sub-128154/ds/inputs/data/qsiprep/qsiprep/sub-128154/ses-1/dwi/sub-128154_ses-1_acq-multiband_dir-AP_space-ACPC_desc-preproc_dwi.nii.gz	0.0086219494373812	6387.23583984375	1533.6016845703125	6381.53564453125	6442.78515625	6395.9052734375	1419.3294677734375	5874.35498046875	5876.42578125	sub-128154	ses-1		dir-AP	acq-multiband	space-ACPC			DSIStudio	autotrackgqi
Association_ArcuateFasciculusL	fa	TORTOISE_model-tensor	/scratch/grmpy/SLURM_11194840_55/job-11194840-55-sub-128154/ds/inputs/data/qsiprep/qsiprep/sub-128154/ses-1/dwi/sub-128154_ses-1_acq-multiband_dir-AP_space-ACPC_desc-preproc_dwi.nii.gz	0.0086219494373812	0.3044780564042014	0.1808120280139087	0.2782561597115798	0.3071260819537073	0.2810262031885453	0.179343359322441	0.4563828060630908	0.4565436842070013	sub-128154	ses-1		dir-AP	acq-multiband	space-ACPC			DSIStudio	autotrackgqi
Association_ArcuateFasciculusL	li	TORTOISE_model-tensor	/scratch/grmpy/SLURM_11194840_55/job-11194840-55-sub-128154/ds/inputs/data/qsiprep/qsiprep/sub-128154/ses-1/dwi/sub-128154_ses-1_acq-multiband_dir-AP_space-ACPC_desc-preproc_dwi.nii.gz	0.0105217010083296	0.1705337762832641	0.1317714750766754	0.1314333230257034	0.1723471581935882	0.1339722573757171	0.1312852948904037	0.2900120317935943	0.290138304233551	sub-128154	ses-1		dir-AP	acq-multiband	space-ACPC			DSIStudio	autotrackgqi
Association_ArcuateFasciculusL	rd	TORTOISE_model-tensor	/scratch/grmpy/SLURM_11194840_55/job-11194840-55-sub-128154/ds/inputs/data/qsiprep/qsiprep/sub-128154/ses-1/dwi/sub-128154_ses-1_acq-multiband_dir-AP_space-ACPC_desc-preproc_dwi.nii.gz	0.0086219494373812	594.6934251480458	217.67561950271528	579.9346859025482	599.865434594351	581.4108674574168	211.40541532780463	469.8975752438175	470.0632171625623	sub-128154	ses-1		dir-AP	acq-multiband	space-ACPC			DSIStudio	autotrackgqi
ProjectionBasalGanglia_AcousticRadiationR	ad	TORTOISE_model-tensor	/scratch/grmpy/SLURM_11194840_55/job-11194840-55-sub-128154/ds/inputs/data/qsiprep/qsiprep/sub-128154/ses-1/dwi/sub-128154_ses-1_acq-multiband_dir-AP_space-ACPC_desc-preproc_dwi.nii.gz	0.0	1160.0952636421953	348.73197960733694	1070.8146803928212	1160.0952636421953	1070.8146803928212	348.73197960733694	1265.5777003078342	1265.5777003078342	sub-128154	ses-1		dir-AP	acq-multiband	space-ACPC			DSIStudio	autotrackgqi
ProjectionBasalGanglia_AcousticRadiationR	am	TORTOISE_model-tensor	/scratch/grmpy/SLURM_11194840_55/job-11194840-55-sub-128154/ds/inputs/data/qsiprep/qsiprep/sub-128154/ses-1/dwi/sub-128154_ses-1_acq-multiband_dir-AP_space-ACPC_desc-preproc_dwi.nii.gz	0.0	7014.97119140625	1748.108642578125	6493.05712890625	7014.97119140625	6493.05712890625	1748.108642578125	6903.68212890625	6903.68212890625	sub-128154	ses-1		dir-AP	acq-multiband	space-ACPC			DSIStudio	autotrackgqi
ProjectionBasalGanglia_AcousticRadiationR	fa	TORTOISE_model-tensor	/scratch/grmpy/SLURM_11194840_55/job-11194840-55-sub-128154/ds/inputs/data/qsiprep/qsiprep/sub-128154/ses-1/dwi/sub-128154_ses-1_acq-multiband_dir-AP_space-ACPC_desc-preproc_dwi.nii.gz	0.0	0.402259927016574	0.1968381697097924	0.4078164750884488	0.402259927016574	0.4078164750884488	0.1968381697097924	0.4554089549295788	0.4554089549295788	sub-128154	ses-1		dir-AP	acq-multiband	space-ACPC			DSIStudio	autotrackgqi
ProjectionBasalGanglia_AcousticRadiationR	li	TORTOISE_model-tensor	/scratch/grmpy/SLURM_11194840_55/job-11194840-55-sub-128154/ds/inputs/data/qsiprep/qsiprep/sub-128154/ses-1/dwi/sub-128154_ses-1_acq-multiband_dir-AP_space-ACPC_desc-preproc_dwi.nii.gz	0.0	0.2523686289787292	0.1533261835575103	0.2334146052598953	0.2523686289787292	0.2334146052598953	0.1533261835575103	0.2911335229873657	0.2911335229873657	sub-128154	ses-1		dir-AP	acq-multiband	space-ACPC			DSIStudio	autotrackgqi
ProjectionBasalGanglia_AcousticRadiationR	rd	TORTOISE_model-tensor	/scratch/grmpy/SLURM_11194840_55/job-11194840-55-sub-128154/ds/inputs/data/qsiprep/qsiprep/sub-128154/ses-1/dwi/sub-128154_ses-1_acq-multiband_dir-AP_space-ACPC_desc-preproc_dwi.nii.gz	0.0	621.0129311972589	332.2408976748258	527.1969920640524	621.0129311972589	527.1969920640524	332.2408976748258	611.1012167523488	611.1012167523488	sub-128154	ses-1		dir-AP	acq-multiband	space-ACPC			DSIStudio	autotrackgqi
ProjectionBasalGanglia_CorticostriatalTractL	ad	TORTOISE_model-tensor	/scratch/grmpy/SLURM_11194840_55/job-11194840-55-sub-128154/ds/inputs/data/qsiprep/qsiprep/sub-128154/ses-1/dwi/sub-128154_ses-1_acq-multiband_dir-AP_space-ACPC_desc-preproc_dwi.nii.gz	0.0009429918559794	968.7036728756392	197.30646053320675	925.652691356885	969.6180147669752	925.78999832379	195.1410314888254	982.493055624464	982.5370348155903	sub-128154	ses-1		dir-AP	acq-multiband	space-ACPC			DSIStudio	autotrackgqi
ProjectionBasalGanglia_CorticostriatalTractL	am	TORTOISE_model-tensor	/scratch/grmpy/SLURM_11194840_55/job-11194840-55-sub-128154/ds/inputs/data/qsiprep/qsiprep/sub-128154/ses-1/dwi/sub-128154_ses-1_acq-multiband_dir-AP_space-ACPC_desc-preproc_dwi.nii.gz	0.0009429918559794	6445.40283203125	1131.4305419921875	6401.74365234375	6451.486328125	6402.5078125	1114.492919921875	6217.94677734375	6218.224609375	sub-128154	ses-1		dir-AP	acq-multiband	space-ACPC			DSIStudio	autotrackgqi
ProjectionBasalGanglia_CorticostriatalTractL	fa	TORTOISE_model-tensor	/scratch/grmpy/SLURM_11194840_55/job-11194840-55-sub-128154/ds/inputs/data/qsiprep/qsiprep/sub-128154/ses-1/dwi/sub-128154_ses-1_acq-multiband_dir-AP_space-ACPC_desc-preproc_dwi.nii.gz	0.0009429918559794	0.3329163256985834	0.183093810292074	0.3136534325963416	0.3332305594022632	0.3138353297360623	0.1828941583878832	0.4250985960517337	0.4251176247295209	sub-128154	ses-1		dir-AP	acq-multiband	space-ACPC			DSIStudio	autotrackgqi
ProjectionBasalGanglia_CorticostriatalTractL	li	TORTOISE_model-tensor	/scratch/grmpy/SLURM_11194840_55/job-11194840-55-sub-128154/ds/inputs/data/qsiprep/qsiprep/sub-128154/ses-1/dwi/sub-128154_ses-1_acq-multiband_dir-AP_space-ACPC_desc-preproc_dwi.nii.gz	0.0011144449207029	0.1946476548910141	0.1338742822408676	0.1667979508638382	0.1948648244142532	0.1670970320701599	0.1337908953428268	0.2659507393836975	0.2659637331962585	sub-128154	ses-1		dir-AP	acq-multiband	space-ACPC			DSIStudio	autotrackgqi
ProjectionBasalGanglia_CorticostriatalTractL	rd	TORTOISE_model-tensor	/scratch/grmpy/SLURM_11194840_55/job-11194840-55-sub-128154/ds/inputs/data/qsiprep/qsiprep/sub-128154/ses-1/dwi/sub-128154_ses-1_acq-multiband_dir-AP_space-ACPC_desc-preproc_dwi.nii.gz	0.0009429918559794	577.7408302306696	201.0593157420142	554.2636831023643	578.2861493599418	554.4803733690524	200.3687955524444	484.2500234362533	484.2716997829035	sub-128154	ses-1		dir-AP	acq-multiband	space-ACPC			DSIStudio	autotrackgqi
ProjectionBrainstem_CorticopontineTractR	ad	TORTOISE_model-tensor	/scratch/grmpy/SLURM_11194840_55/job-11194840-55-sub-128154/ds/inputs/data/qsiprep/qsiprep/sub-128154/ses-1/dwi/sub-128154_ses-1_acq-multiband_dir-AP_space-ACPC_desc-preproc_dwi.nii.gz	0.0	993.5347030268284	195.33654880822257	956.4870618737892	993.5347030268284	956.4870618737892	195.33654880822257	1036.3519745740707	1036.3520923542842	sub-128154	ses-1		dir-AP	acq-multiband	space-ACPC			DSIStudio	autotrackgqi
ProjectionBrainstem_CorticopontineTractR	am	TORTOISE_model-tensor	/scratch/grmpy/SLURM_11194840_55/job-11194840-55-sub-128154/ds/inputs/data/qsiprep/qsiprep/sub-128154/ses-1/dwi/sub-128154_ses-1_acq-multiband_dir-AP_space-ACPC_desc-preproc_dwi.nii.gz	0.0	6432.00341796875	789.4487915039062	6415.26611328125	6432.00341796875	6415.26611328125	789.4487915039062	6423.599609375	6423.6005859375	sub-128154	ses-1		dir-AP	acq-multiband	space-ACPC			DSIStudio	autotrackgqi
ProjectionBrainstem_CorticopontineTractR	fa	TORTOISE_model-tensor	/scratch/grmpy/SLURM_11194840_55/job-11194840-55-sub-128154/ds/inputs/data/qsiprep/qsiprep/sub-128154/ses-1/dwi/sub-128154_ses-1_acq-multiband_dir-AP_space-ACPC_desc-preproc_dwi.nii.gz	0.0	0.433230371213699	0.1853005872980496	0.4400199739641132	0.433230371213699	0.4400199739641132	0.1853005872980496	0.533530878166533	0.5335309388083243	sub-128154	ses-1		dir-AP	acq-multiband	space-ACPC			DSIStudio	autotrackgqi
ProjectionBrainstem_CorticopontineTractR	li	TORTOISE_model-tensor	/scratch/grmpy/SLURM_11194840_55/job-11194840-55-sub-128154/ds/inputs/data/qsiprep/qsiprep/sub-128154/ses-1/dwi/sub-128154_ses-1_acq-multiband_dir-AP_space-ACPC_desc-preproc_dwi.nii.gz	0.0	0.2757035791873932	0.1528283059597015	0.2675239443778991	0.2757035791873932	0.2675239443778991	0.1528283059597015	0.3681988716125488	0.3681989014148712	sub-128154	ses-1		dir-AP	acq-multiband	space-ACPC			DSIStudio	autotrackgqi
ProjectionBrainstem_CorticopontineTractR	rd	TORTOISE_model-tensor	/scratch/grmpy/SLURM_11194840_55/job-11194840-55-sub-128154/ds/inputs/data/qsiprep/qsiprep/sub-128154/ses-1/dwi/sub-128154_ses-1_acq-multiband_dir-AP_space-ACPC_desc-preproc_dwi.nii.gz	0.0	486.1597734084674	155.43228688660085	461.2260655950101	486.1597734084674	461.2260655950101	155.43228688660085	405.295781580342	405.2958275701015	sub-128154	ses-1		dir-AP	acq-multiband	space-ACPC			DSIStudio	autotrackgqi
ProjectionBrainstem_DentatorubrothalamicTract-lr	ad	TORTOISE_model-tensor	/scratch/grmpy/SLURM_11194840_55/job-11194840-55-sub-128154/ds/inputs/data/qsiprep/qsiprep/sub-128154/ses-1/dwi/sub-128154_ses-1_acq-multiband_dir-AP_space-ACPC_desc-preproc_dwi.nii.gz	0.0	1156.5737911142137	489.1062444993638	1009.339982187632	1156.5737911142137	1009.339982187632	489.1062444993638	1163.9311872092003	1163.9310452058046	sub-128154	ses-1		dir-AP	acq-multiband	space-ACPC			DSIStudio	autotrackgqi
ProjectionBrainstem_DentatorubrothalamicTract-lr	am	TORTOISE_model-tensor	/scratch/grmpy/SLURM_11194840_55/job-11194840-55-sub-128154/ds/inputs/data/qsiprep/qsiprep/sub-128154/ses-1/dwi/sub-128154_ses-1_acq-multiband_dir-AP_space-ACPC_desc-preproc_dwi.nii.gz	0.0	7156.47412109375	2372.343017578125	6450.50048828125	7156.47412109375	6450.50048828125	2372.343017578125	7164.5859375	7164.5849609375	sub-128154	ses-1		dir-AP	acq-multiband	space-ACPC			DSIStudio	autotrackgqi
ProjectionBrainstem_DentatorubrothalamicTract-lr	fa	TORTOISE_model-tensor	/scratch/grmpy/SLURM_11194840_55/job-11194840-55-sub-128154/ds/inputs/data/qsiprep/qsiprep/sub-128154/ses-1/dwi/sub-128154_ses-1_acq-multiband_dir-AP_space-ACPC_desc-preproc_dwi.nii.gz	0.0	0.4700008390556403	0.1780900437076366	0.4551726220234527	0.4700008390556403	0.4551726220234527	0.1780900437076366	0.4785861804064661	0.4785861220173935	sub-128154	ses-1		dir-AP	acq-multiband	space-ACPC			DSIStudio	autotrackgqi
ProjectionBrainstem_DentatorubrothalamicTract-lr	li	TORTOISE_model-tensor	/scratch/grmpy/SLURM_11194840_55/job-11194840-55-sub-128154/ds/inputs/data/qsiprep/qsiprep/sub-128154/ses-1/dwi/sub-128154_ses-1_acq-multiband_dir-AP_space-ACPC_desc-preproc_dwi.nii.gz	0.0	0.3080258369445801	0.1577050238847732	0.2902769446372986	0.3080258369445801	0.2902769446372986	0.1577050238847732	0.3140770196914673	0.3140769600868225	sub-128154	ses-1		dir-AP	acq-multiband	space-ACPC			DSIStudio	autotrackgqi
ProjectionBrainstem_DentatorubrothalamicTract-lr	rd	TORTOISE_model-tensor	/scratch/grmpy/SLURM_11194840_55/job-11194840-55-sub-128154/ds/inputs/data/qsiprep/qsiprep/sub-128154/ses-1/dwi/sub-128154_ses-1_acq-multiband_dir-AP_space-ACPC_desc-preproc_dwi.nii.gz	0.0	580.7841318562859	490.60670174955874	447.3086698556459	580.7841318562859	447.3086698556459	490.60670174955874	576.1115504542502	576.1114801667647	sub-128154	ses-1		dir-AP	acq-multiband	space-ACPC			DSIStudio	autotrackgqi
ProjectionBasalGanglia_FasciculusSubthalamicusL	ad	TORTOISE_model-tensor	/scratch/grmpy/SLURM_11194840_55/job-11194840-55-sub-128154/ds/inputs/data/qsiprep/qsiprep/sub-128154/ses-1/dwi/sub-128154_ses-1_acq-multiband_dir-AP_space-ACPC_desc-preproc_dwi.nii.gz	0.0	954.5003915451188	259.81440557601684	886.8380183696089	954.5003915451188	886.8380183696089	259.81440557601684	931.1220255635858	931.1220255635858	sub-128154	ses-1		dir-AP	acq-multiband	space-ACPC			DSIStudio	autotrackgqi
ProjectionBasalGanglia_FasciculusSubthalamicusL	am	TORTOISE_model-tensor	/scratch/grmpy/SLURM_11194840_55/job-11194840-55-sub-128154/ds/inputs/data/qsiprep/qsiprep/sub-128154/ses-1/dwi/sub-128154_ses-1_acq-multiband_dir-AP_space-ACPC_desc-preproc_dwi.nii.gz	0.0	6425.7275390625	1635.822998046875	6296.5703125	6425.7275390625	6296.5703125	1635.822998046875	6394.57861328125	6394.57861328125	sub-128154	ses-1		dir-AP	acq-multiband	space-ACPC			DSIStudio	autotrackgqi
ProjectionBasalGanglia_FasciculusSubthalamicusL	fa	TORTOISE_model-tensor	/scratch/grmpy/SLURM_11194840_55/job-11194840-55-sub-128154/ds/inputs/data/qsiprep/qsiprep/sub-128154/ses-1/dwi/sub-128154_ses-1_acq-multiband_dir-AP_space-ACPC_desc-preproc_dwi.nii.gz	0.0	0.3632818019758067	0.1490817872245645	0.3353684802844327	0.3632818019758067	0.3353684802844327	0.1490817872245645	0.3840695517853438	0.3840695517853438	sub-128154	ses-1		dir-AP	acq-multiband	space-ACPC			DSIStudio	autotrackgqi
ProjectionBasalGanglia_FasciculusSubthalamicusL	li	TORTOISE_model-tensor	/scratch/grmpy/SLURM_11194840_55/job-11194840-55-sub-128154/ds/inputs/data/qsiprep/qsiprep/sub-128154/ses-1/dwi/sub-128154_ses-1_acq-multiband_dir-AP_space-ACPC_desc-preproc_dwi.nii.gz	0.0	0.2226370722055435	0.1190728098154068	0.1925483345985412	0.2226370722055435	0.1925483345985412	0.1190728098154068	0.2362374067306518	0.2362374067306518	sub-128154	ses-1		dir-AP	acq-multiband	space-ACPC			DSIStudio	autotrackgqi
ProjectionBasalGanglia_FasciculusSubthalamicusL	rd	TORTOISE_model-tensor	/scratch/grmpy/SLURM_11194840_55/job-11194840-55-sub-128154/ds/inputs/data/qsiprep/qsiprep/sub-128154/ses-1/dwi/sub-128154_ses-1_acq-multiband_dir-AP_space-ACPC_desc-preproc_dwi.nii.gz	0.0	539.8834568246882	201.0509772786878	512.0899598751296	539.8834568246882	512.0899598751296	201.0509772786878	505.81181939127487	505.81181939127487	sub-128154	ses-1		dir-AP	acq-multiband	space-ACPC			DSIStudio	autotrackgqi
ProjectionBasalGanglia_AcousticRadiationL	ad	TORTOISE_model-tensor	/scratch/grmpy/SLURM_11194840_55/job-11194840-55-sub-128154/ds/inputs/data/qsiprep/qsiprep/sub-128154/ses-1/dwi/sub-128154_ses-1_acq-multiband_dir-AP_space-ACPC_desc-preproc_dwi.nii.gz	0.0	1060.4368759388544	285.46052415701786	997.6328757111094	1060.4368759388544	997.6328757111094	285.46052415701786	1107.4237352259763	1107.4237352259763	sub-128154	ses-1		dir-AP	acq-multiband	space-ACPC			DSIStudio	autotrackgqi
ProjectionBasalGanglia_AcousticRadiationL	am	TORTOISE_model-tensor	/scratch/grmpy/SLURM_11194840_55/job-11194840-55-sub-128154/ds/inputs/data/qsiprep/qsiprep/sub-128154/ses-1/dwi/sub-128154_ses-1_acq-multiband_dir-AP_space-ACPC_desc-preproc_dwi.nii.gz	0.0	6773.5791015625	1381.0548095703125	6459.7197265625	6773.5791015625	6459.7197265625	1381.0548095703125	6556.3037109375	6556.3037109375	sub-128154	ses-1		dir-AP	acq-multiband	space-ACPC			DSIStudio	autotrackgqi
ProjectionBasalGanglia_AcousticRadiationL	fa	TORTOISE_model-tensor	/scratch/grmpy/SLURM_11194840_55/job-11194840-55-sub-128154/ds/inputs/data/qsiprep/qsiprep/sub-128154/ses-1/dwi/sub-128154_ses-1_acq-multiband_dir-AP_space-ACPC_desc-preproc_dwi.nii.gz	0.0	0.4033439007546225	0.1916017563510407	0.3769236354162552	0.4033439007546225	0.3769236354162552	0.1916017563510407	0.4640921187320563	0.4640921187320563	sub-128154	ses-1		dir-AP	acq-multiband	space-ACPC			DSIStudio	autotrackgqi
ProjectionBasalGanglia_AcousticRadiationL	li	TORTOISE_model-tensor	/scratch/grmpy/SLURM_11194840_55/job-11194840-55-sub-128154/ds/inputs/data/qsiprep/qsiprep/sub-128154/ses-1/dwi/sub-128154_ses-1_acq-multiband_dir-AP_space-ACPC_desc-preproc_dwi.nii.gz	0.0	0.2566041350364685	0.157358318567276	0.2169731259346008	0.2566041350364685	0.2169731259346008	0.157358318567276	0.3128212988376617	0.3128212988376617	sub-128154	ses-1		dir-AP	acq-multiband	space-ACPC			DSIStudio	autotrackgqi
ProjectionBasalGanglia_AcousticRadiationL	rd	TORTOISE_model-tensor	/scratch/grmpy/SLURM_11194840_55/job-11194840-55-sub-128154/ds/inputs/data/qsiprep/qsiprep/sub-128154/ses-1/dwi/sub-128154_ses-1_acq-multiband_dir-AP_space-ACPC_desc-preproc_dwi.nii.gz	0.0	553.9735160321264	234.78216721280324	513.0727109036984	553.9735160321264	513.0727109036984	234.78216721280324	509.0687180949392	509.0687180949392	sub-128154	ses-1		dir-AP	acq-multiband	space-ACPC			DSIStudio	autotrackgqi
ProjectionBasalGanglia_OpticRadiationL	ad	TORTOISE_model-tensor	/scratch/grmpy/SLURM_11194840_55/job-11194840-55-sub-128154/ds/inputs/data/qsiprep/qsiprep/sub-128154/ses-1/dwi/sub-128154_ses-1_acq-multiband_dir-AP_space-ACPC_desc-preproc_dwi.nii.gz	0.0	1045.7977900985538	257.71836048135106	989.9339460993846	1045.7977900985538	989.9339460993846	257.71836048135106	1117.0277752676634	1117.027870943379	sub-128154	ses-1		dir-AP	acq-multiband	space-ACPC			DSIStudio	autotrackgqi
ProjectionBasalGanglia_OpticRadiationL	am	TORTOISE_model-tensor	/scratch/grmpy/SLURM_11194840_55/job-11194840-55-sub-128154/ds/inputs/data/qsiprep/qsiprep/sub-128154/ses-1/dwi/sub-128154_ses-1_acq-multiband_dir-AP_space-ACPC_desc-preproc_dwi.nii.gz	0.0	6422.955078125	1243.35888671875	6150.6787109375	6422.955078125	6150.6787109375	1243.35888671875	5983.53173828125	5983.5322265625	sub-128154	ses-1		dir-AP	acq-multiband	space-ACPC			DSIStudio	autotrackgqi
ProjectionBasalGanglia_OpticRadiationL	fa	TORTOISE_model-tensor	/scratch/grmpy/SLURM_11194840_55/job-11194840-55-sub-128154/ds/inputs/data/qsiprep/qsiprep/sub-128154/ses-1/dwi/sub-128154_ses-1_acq-multiband_dir-AP_space-ACPC_desc-preproc_dwi.nii.gz	0.0	0.4236185611557823	0.2200995878029903	0.4413464019450259	0.4236185611557823	0.4413464019450259	0.2200995878029903	0.528156181252047	0.5281562264476302	sub-128154	ses-1		dir-AP	acq-multiband	space-ACPC			DSIStudio	autotrackgqi
ProjectionBasalGanglia_OpticRadiationL	li	TORTOISE_model-tensor	/scratch/grmpy/SLURM_11194840_55/job-11194840-55-sub-128154/ds/inputs/data/qsiprep/qsiprep/sub-128154/ses-1/dwi/sub-128154_ses-1_acq-multiband_dir-AP_space-ACPC_desc-preproc_dwi.nii.gz	0.0	0.2615305483341217	0.170293316245079	0.2531743347644806	0.2615305483341217	0.2531743347644806	0.170293316245079	0.3399394452571869	0.3399395048618316	sub-128154	ses-1		dir-AP	acq-multiband	space-ACPC			DSIStudio	autotrackgqi
ProjectionBasalGanglia_OpticRadiationL	rd	TORTOISE_model-tensor	/scratch/grmpy/SLURM_11194840_55/job-11194840-55-sub-128154/ds/inputs/data/qsiprep/qsiprep/sub-128154/ses-1/dwi/sub-128154_ses-1_acq-multiband_dir-AP_space-ACPC_desc-preproc_dwi.nii.gz	0.0	515.2596623459486	204.0112287586896	476.97568696149074	515.2596623459486	476.97568696149074	204.0112287586896	438.7553477279613	438.7553853697463	sub-128154	ses-1		dir-AP	acq-multiband	space-ACPC			DSIStudio	autotrackgqi
ProjectionBasalGanglia_FasciculusLenticularisR	ad	TORTOISE_model-tensor	/scratch/grmpy/SLURM_11194840_55/job-11194840-55-sub-128154/ds/inputs/data/qsiprep/qsiprep/sub-128154/ses-1/dwi/sub-128154_ses-1_acq-multiband_dir-AP_space-ACPC_desc-preproc_dwi.nii.gz	0.0	960.9972609793864	236.50822439421952	897.9657115930287	960.9972609793864	897.9657115930287	236.50822439421952	1111.9598818877696	1111.9598818877696	sub-128154	ses-1		dir-AP	acq-multiband	space-ACPC			DSIStudio	autotrackgqi
ProjectionBasalGanglia_FasciculusLenticularisR	am	TORTOISE_model-tensor	/scratch/grmpy/SLURM_11194840_55/job-11194840-55-sub-128154/ds/inputs/data/qsiprep/qsiprep/sub-128154/ses-1/dwi/sub-128154_ses-1_acq-multiband_dir-AP_space-ACPC_desc-preproc_dwi.nii.gz	0.0	6928.88525390625	1438.76318359375	6646.3994140625	6928.88525390625	6646.3994140625	1438.76318359375	7411.2744140625	7411.2744140625	sub-128154	ses-1		dir-AP	acq-multiband	space-ACPC			DSIStudio	autotrackgqi
ProjectionBasalGanglia_FasciculusLenticularisR	fa	TORTOISE_model-tensor	/scratch/grmpy/SLURM_11194840_55/job-11194840-55-sub-128154/ds/inputs/data/qsiprep/qsiprep/sub-128154/ses-1/dwi/sub-128154_ses-1_acq-multiband_dir-AP_space-ACPC_desc-preproc_dwi.nii.gz	0.0	0.2874606649874485	0.1233696883578601	0.2746246510357845	0.2874606649874485	0.2746246510357845	0.1233696883578601	0.3350078851766231	0.3350078851766231	sub-128154	ses-1		dir-AP	acq-multiband	space-ACPC			DSIStudio	autotrackgqi
ProjectionBasalGanglia_FasciculusLenticularisR	li	TORTOISE_model-tensor	/scratch/grmpy/SLURM_11194840_55/job-11194840-55-sub-128154/ds/inputs/data/qsiprep/qsiprep/sub-128154/ses-1/dwi/sub-128154_ses-1_acq-multiband_dir-AP_space-ACPC_desc-preproc_dwi.nii.gz	0.0	0.1682035624980926	0.0837992131710052	0.1500384509563446	0.1682035624980926	0.1500384509563446	0.0837992131710052	0.1879786103963852	0.1879786103963852	sub-128154	ses-1		dir-AP	acq-multiband	space-ACPC			DSIStudio	autotrackgqi
ProjectionBasalGanglia_FasciculusLenticularisR	rd	TORTOISE_model-tensor	/scratch/grmpy/SLURM_11194840_55/job-11194840-55-sub-128154/ds/inputs/data/qsiprep/qsiprep/sub-128154/ses-1/dwi/sub-128154_ses-1_acq-multiband_dir-AP_space-ACPC_desc-preproc_dwi.nii.gz	0.0	615.3305242266547	186.17137633287476	579.9100527083342	615.3305242266547	579.9100527083342	186.17137633287476	651.3660494246459	651.3660494246459	sub-128154	ses-1		dir-AP	acq-multiband	space-ACPC			DSIStudio	autotrackgqi
ProjectionBrainstem_MedialLemniscusL	ad	TORTOISE_model-tensor	/scratch/grmpy/SLURM_11194840_55/job-11194840-55-sub-128154/ds/inputs/data/qsiprep/qsiprep/sub-128154/ses-1/dwi/sub-128154_ses-1_acq-multiband_dir-AP_space-ACPC_desc-preproc_dwi.nii.gz	0.0	1025.7462958958713	207.9972437614061	988.7595223535455	1025.7462958958713	988.7595223535455	207.9972437614061	1055.645555290228	1055.645555290228	sub-128154	ses-1		dir-AP	acq-multiband	space-ACPC			DSIStudio	autotrackgqi
ProjectionBrainstem_MedialLemniscusL	am	TORTOISE_model-tensor	/scratch/grmpy/SLURM_11194840_55/job-11194840-55-sub-128154/ds/inputs/data/qsiprep/qsiprep/sub-128154/ses-1/dwi/sub-128154_ses-1_acq-multiband_dir-AP_space-ACPC_desc-preproc_dwi.nii.gz	0.0	6755.88134765625	813.8506469726562	6642.46044921875	6755.88134765625	6642.46044921875	813.8506469726562	6768.90283203125	6768.90283203125	sub-128154	ses-1		dir-AP	acq-multiband	space-ACPC			DSIStudio	autotrackgqi
ProjectionBrainstem_MedialLemniscusL	fa	TORTOISE_model-tensor	/scratch/grmpy/SLURM_11194840_55/job-11194840-55-sub-128154/ds/inputs/data/qsiprep/qsiprep/sub-128154/ses-1/dwi/sub-128154_ses-1_acq-multiband_dir-AP_space-ACPC_desc-preproc_dwi.nii.gz	0.0	0.4377986009290809	0.1879533903028528	0.4418440403935653	0.4377986009290809	0.4418440403935653	0.1879533903028528	0.51069890400159	0.51069890400159	sub-128154	ses-1		dir-AP	acq-multiband	space-ACPC			DSIStudio	autotrackgqi
ProjectionBrainstem_MedialLemniscusL	li	TORTOISE_model-tensor	/scratch/grmpy/SLURM_11194840_55/job-11194840-55-sub-128154/ds/inputs/data/qsiprep/qsiprep/sub-128154/ses-1/dwi/sub-128154_ses-1_acq-multiband_dir-AP_space-ACPC_desc-preproc_dwi.nii.gz	0.0	0.283483475446701	0.1592735797166824	0.2712244987487793	0.283483475446701	0.2712244987487793	0.1592735797166824	0.3490300476551056	0.3490300476551056	sub-128154	ses-1		dir-AP	acq-multiband	space-ACPC			DSIStudio	autotrackgqi
ProjectionBrainstem_MedialLemniscusL	rd	TORTOISE_model-tensor	/scratch/grmpy/SLURM_11194840_55/job-11194840-55-sub-128154/ds/inputs/data/qsiprep/qsiprep/sub-128154/ses-1/dwi/sub-128154_ses-1_acq-multiband_dir-AP_space-ACPC_desc-preproc_dwi.nii.gz	0.0	501.3226582181902	187.4597496901215	469.21377137428215	501.3226582181902	469.21377137428215	187.4597496901215	438.2425352987061	438.2425352987061	sub-128154	ses-1		dir-AP	acq-multiband	space-ACPC			DSIStudio	autotrackgqi
ProjectionBasalGanglia_FasciculusLenticularisL	ad	TORTOISE_model-tensor	/scratch/grmpy/SLURM_11194840_55/job-11194840-55-sub-128154/ds/inputs/data/qsiprep/qsiprep/sub-128154/ses-1/dwi/sub-128154_ses-1_acq-multiband_dir-AP_space-ACPC_desc-preproc_dwi.nii.gz	0.0	989.4812864660614	249.27938295822608	918.971397042102	989.4812864660614	918.971397042102	249.27938295822608	1023.0086174896092	1023.0086174896092	sub-128154	ses-1		dir-AP	acq-multiband	space-ACPC			DSIStudio	autotrackgqi
ProjectionBasalGanglia_FasciculusLenticularisL	am	TORTOISE_model-tensor	/scratch/grmpy/SLURM_11194840_55/job-11194840-55-sub-128154/ds/inputs/data/qsiprep/qsiprep/sub-128154/ses-1/dwi/sub-128154_ses-1_acq-multiband_dir-AP_space-ACPC_desc-preproc_dwi.nii.gz	0.0	6968.81298828125	1550.121826171875	6682.8525390625	6968.81298828125	6682.8525390625	1550.121826171875	6994.130859375	6994.130859375	sub-128154	ses-1		dir-AP	acq-multiband	space-ACPC			DSIStudio	autotrackgqi
ProjectionBasalGanglia_FasciculusLenticularisL	fa	TORTOISE_model-tensor	/scratch/grmpy/SLURM_11194840_55/job-11194840-55-sub-128154/ds/inputs/data/qsiprep/qsiprep/sub-128154/ses-1/dwi/sub-128154_ses-1_acq-multiband_dir-AP_space-ACPC_desc-preproc_dwi.nii.gz	0.0	0.306898582181819	0.1266132306288992	0.2880741650424039	0.306898582181819	0.2880741650424039	0.1266132306288992	0.3597055626590363	0.3597055626590363	sub-128154	ses-1		dir-AP	acq-multiband	space-ACPC			DSIStudio	autotrackgqi
ProjectionBasalGanglia_FasciculusLenticularisL	li	TORTOISE_model-tensor	/scratch/grmpy/SLURM_11194840_55/job-11194840-55-sub-128154/ds/inputs/data/qsiprep/qsiprep/sub-128154/ses-1/dwi/sub-128154_ses-1_acq-multiband_dir-AP_space-ACPC_desc-preproc_dwi.nii.gz	0.0	0.1751156896352768	0.0837591886520385	0.1602670699357986	0.1751156896352768	0.1602670699357986	0.0837591886520385	0.1981453895568847	0.1981453895568847	sub-128154	ses-1		dir-AP	acq-multiband	space-ACPC			DSIStudio	autotrackgqi
ProjectionBasalGanglia_FasciculusLenticularisL	rd	TORTOISE_model-tensor	/scratch/grmpy/SLURM_11194840_55/job-11194840-55-sub-128154/ds/inputs/data/qsiprep/qsiprep/sub-128154/ses-1/dwi/sub-128154_ses-1_acq-multiband_dir-AP_space-ACPC_desc-preproc_dwi.nii.gz	0.0	611.722698651895	192.44776555824365	571.0224985857539	611.722698651895	571.0224985857539	192.44776555824365	573.6120081038486	573.6120081038486	sub-128154	ses-1		dir-AP	acq-multiband	space-ACPC			DSIStudio	autotrackgqi
ProjectionBrainstem_NonDecussatingDentatorubrothalamicTractR	ad	TORTOISE_model-tensor	/scratch/grmpy/SLURM_11194840_55/job-11194840-55-sub-128154/ds/inputs/data/qsiprep/qsiprep/sub-128154/ses-1/dwi/sub-128154_ses-1_acq-multiband_dir-AP_space-ACPC_desc-preproc_dwi.nii.gz	0.0	967.9276502747074	243.7881338826962	917.6658263487648	967.9276502747074	917.6658263487648	243.7881338826962	1067.914600944187	1067.914600944187	sub-128154	ses-1		dir-AP	acq-multiband	space-ACPC			DSIStudio	autotrackgqi
ProjectionBrainstem_NonDecussatingDentatorubrothalamicTractR	am	TORTOISE_model-tensor	/scratch/grmpy/SLURM_11194840_55/job-11194840-55-sub-128154/ds/inputs/data/qsiprep/qsiprep/sub-128154/ses-1/dwi/sub-128154_ses-1_acq-multiband_dir-AP_space-ACPC_desc-preproc_dwi.nii.gz	0.0	6631.2041015625	1144.0531005859375	6476.4677734375	6631.2041015625	6476.4677734375	1144.0531005859375	6858.8154296875	6858.8154296875	sub-128154	ses-1		dir-AP	acq-multiband	space-ACPC			DSIStudio	autotrackgqi
ProjectionBrainstem_NonDecussatingDentatorubrothalamicTractR	fa	TORTOISE_model-tensor	/scratch/grmpy/SLURM_11194840_55/job-11194840-55-sub-128154/ds/inputs/data/qsiprep/qsiprep/sub-128154/ses-1/dwi/sub-128154_ses-1_acq-multiband_dir-AP_space-ACPC_desc-preproc_dwi.nii.gz	0.0	0.4063635951831935	0.1721355299012378	0.4091312661968563	0.4063635951831935	0.4091312661968563	0.1721355299012378	0.4860473383316318	0.4860473383316318	sub-128154	ses-1		dir-AP	acq-multiband	space-ACPC			DSIStudio	autotrackgqi
ProjectionBrainstem_NonDecussatingDentatorubrothalamicTractR	li	TORTOISE_model-tensor	/scratch/grmpy/SLURM_11194840_55/job-11194840-55-sub-128154/ds/inputs/data/qsiprep/qsiprep/sub-128154/ses-1/dwi/sub-128154_ses-1_acq-multiband_dir-AP_space-ACPC_desc-preproc_dwi.nii.gz	0.0	0.2550196349620819	0.1400041282176971	0.2415868788957595	0.2550196349620819	0.2415868788957595	0.1400041282176971	0.3145409524440765	0.3145409524440765	sub-128154	ses-1		dir-AP	acq-multiband	space-ACPC			DSIStudio	autotrackgqi
ProjectionBrainstem_NonDecussatingDentatorubrothalamicTractR	rd	TORTOISE_model-tensor	/scratch/grmpy/SLURM_11194840_55/job-11194840-55-sub-128154/ds/inputs/data/qsiprep/qsiprep/sub-128154/ses-1/dwi/sub-128154_ses-1_acq-multiband_dir-AP_space-ACPC_desc-preproc_dwi.nii.gz	0.0	508.0549178836213	218.00674880834544	469.174825860205	508.0549178836213	469.174825860205	218.00674880834544	473.7976949992109	473.7976949992109	sub-128154	ses-1		dir-AP	acq-multiband	space-ACPC			DSIStudio	autotrackgqi
ProjectionBrainstem_MedialForebrainBundleL	ad	TORTOISE_model-tensor	/scratch/grmpy/SLURM_11194840_55/job-11194840-55-sub-128154/ds/inputs/data/qsiprep/qsiprep/sub-128154/ses-1/dwi/sub-128154_ses-1_acq-multiband_dir-AP_space-ACPC_desc-preproc_dwi.nii.gz	0.0047879616963064	1070.8851353028597	339.6429766022511	990.8471065017908	1076.0371600087838	993.4396830979822	332.2176475509609	1069.5165118821924	1071.597084974715	sub-128154	ses-1		dir-AP	acq-multiband	space-ACPC			DSIStudio	autotrackgqi
ProjectionBrainstem_MedialForebrainBundleL	am	TORTOISE_model-tensor	/scratch/grmpy/SLURM_11194840_55/job-11194840-55-sub-128154/ds/inputs/data/qsiprep/qsiprep/sub-128154/ses-1/dwi/sub-128154_ses-1_acq-multiband_dir-AP_space-ACPC_desc-preproc_dwi.nii.gz	0.0	7001.36376953125	1967.2073974609373	7028.4482421875	7001.36376953125	7028.4482421875	1967.2073974609373	7008.833984375	7008.833984375	sub-128154	ses-1		dir-AP	acq-multiband	space-ACPC			DSIStudio	autotrackgqi
ProjectionBrainstem_MedialForebrainBundleL	fa	TORTOISE_model-tensor	/scratch/grmpy/SLURM_11194840_55/job-11194840-55-sub-128154/ds/inputs/data/qsiprep/qsiprep/sub-128154/ses-1/dwi/sub-128154_ses-1_acq-multiband_dir-AP_space-ACPC_desc-preproc_dwi.nii.gz	0.0047879616963064	0.3858158015001663	0.1757010078576574	0.3769438172095094	0.3876719599953562	0.3791669218510818	0.1740683287835075	0.4558595749641436	0.4567463764487661	sub-128154	ses-1		dir-AP	acq-multiband	space-ACPC			DSIStudio	autotrackgqi
ProjectionBrainstem_MedialForebrainBundleL	li	TORTOISE_model-tensor	/scratch/grmpy/SLURM_11194840_55/job-11194840-55-sub-128154/ds/inputs/data/qsiprep/qsiprep/sub-128154/ses-1/dwi/sub-128154_ses-1_acq-multiband_dir-AP_space-ACPC_desc-preproc_dwi.nii.gz	0.0075239398084815	0.2337063550949096	0.1313085556030273	0.2173882573843002	0.2354780733585357	0.2181728482246399	0.1302130669355392	0.2908273935317993	0.2916322946548462	sub-128154	ses-1		dir-AP	acq-multiband	space-ACPC			DSIStudio	autotrackgqi
ProjectionBrainstem_MedialForebrainBundleL	rd	TORTOISE_model-tensor	/scratch/grmpy/SLURM_11194840_55/job-11194840-55-sub-128154/ds/inputs/data/qsiprep/qsiprep/sub-128154/ses-1/dwi/sub-128154_ses-1_acq-multiband_dir-AP_space-ACPC_desc-preproc_dwi.nii.gz	0.0047879616963064	586.2052448122499	301.1786793638218	498.5268533741004	589.0254762305906	498.91322200125535	299.13844202485194	501.13008334435807	502.1049520088946	sub-128154	ses-1		dir-AP	acq-multiband	space-ACPC			DSIStudio	autotrackgqi
ProjectionBasalGanglia_AnsaSubthalamicaL	ad	TORTOISE_model-tensor	/scratch/grmpy/SLURM_11194840_55/job-11194840-55-sub-128154/ds/inputs/data/qsiprep/qsiprep/sub-128154/ses-1/dwi/sub-128154_ses-1_acq-multiband_dir-AP_space-ACPC_desc-preproc_dwi.nii.gz	0.0	1050.2587236953786	375.299305443616	928.3436014166508	1050.2587236953786	928.3436014166508	375.299305443616	1110.8137220488952	1110.8137220488952	sub-128154	ses-1		dir-AP	acq-multiband	space-ACPC			DSIStudio	autotrackgqi
ProjectionBasalGanglia_AnsaSubthalamicaL	am	TORTOISE_model-tensor	/scratch/grmpy/SLURM_11194840_55/job-11194840-55-sub-128154/ds/inputs/data/qsiprep/qsiprep/sub-128154/ses-1/dwi/sub-128154_ses-1_acq-multiband_dir-AP_space-ACPC_desc-preproc_dwi.nii.gz	0.0	6742.7412109375	2186.186767578125	6466.744140625	6742.7412109375	6466.744140625	2186.186767578125	6930.7431640625	6930.7431640625	sub-128154	ses-1		dir-AP	acq-multiband	space-ACPC			DSIStudio	autotrackgqi
ProjectionBasalGanglia_AnsaSubthalamicaL	fa	TORTOISE_model-tensor	/scratch/grmpy/SLURM_11194840_55/job-11194840-55-sub-128154/ds/inputs/data/qsiprep/qsiprep/sub-128154/ses-1/dwi/sub-128154_ses-1_acq-multiband_dir-AP_space-ACPC_desc-preproc_dwi.nii.gz	0.0	0.3290164887564325	0.1338978502659802	0.3184887145567242	0.3290164887564325	0.3184887145567242	0.1338978502659802	0.3652588982016858	0.3652588982016858	sub-128154	ses-1		dir-AP	acq-multiband	space-ACPC			DSIStudio	autotrackgqi
ProjectionBasalGanglia_AnsaSubthalamicaL	li	TORTOISE_model-tensor	/scratch/grmpy/SLURM_11194840_55/job-11194840-55-sub-128154/ds/inputs/data/qsiprep/qsiprep/sub-128154/ses-1/dwi/sub-128154_ses-1_acq-multiband_dir-AP_space-ACPC_desc-preproc_dwi.nii.gz	0.0	0.1953059136867523	0.0993671715259552	0.1807132512331009	0.1953059136867523	0.1807132512331009	0.0993671715259552	0.2200265973806381	0.2200265973806381	sub-128154	ses-1		dir-AP	acq-multiband	space-ACPC			DSIStudio	autotrackgqi
ProjectionBasalGanglia_AnsaSubthalamicaL	rd	TORTOISE_model-tensor	/scratch/grmpy/SLURM_11194840_55/job-11194840-55-sub-128154/ds/inputs/data/qsiprep/qsiprep/sub-128154/ses-1/dwi/sub-128154_ses-1_acq-multiband_dir-AP_space-ACPC_desc-preproc_dwi.nii.gz	0.0	636.5200593175213	305.54700868879115	546.1831387543061	636.5200593175213	546.1831387543061	305.54700868879115	624.6775751336079	624.6775751336079	sub-128154	ses-1		dir-AP	acq-multiband	space-ACPC			DSIStudio	autotrackgqi
ProjectionBrainstem_NonDecussatingDentatorubrothalamicTractL	ad	TORTOISE_model-tensor	/scratch/grmpy/SLURM_11194840_55/job-11194840-55-sub-128154/ds/inputs/data/qsiprep/qsiprep/sub-128154/ses-1/dwi/sub-128154_ses-1_acq-multiband_dir-AP_space-ACPC_desc-preproc_dwi.nii.gz	0.0	961.0872942108148	219.4979616859264	923.7771336372048	961.0872942108148	923.7771336372048	219.4979616859264	1002.3090755238632	1002.3090755238632	sub-128154	ses-1		dir-AP	acq-multiband	space-ACPC			DSIStudio	autotrackgqi
ProjectionBrainstem_NonDecussatingDentatorubrothalamicTractL	am	TORTOISE_model-tensor	/scratch/grmpy/SLURM_11194840_55/job-11194840-55-sub-128154/ds/inputs/data/qsiprep/qsiprep/sub-128154/ses-1/dwi/sub-128154_ses-1_acq-multiband_dir-AP_space-ACPC_desc-preproc_dwi.nii.gz	0.0	6616.9638671875	956.6586303710938	6510.412109375	6616.9638671875	6510.412109375	956.6586303710938	6729.49609375	6729.49609375	sub-128154	ses-1		dir-AP	acq-multiband	space-ACPC			DSIStudio	autotrackgqi
ProjectionBrainstem_NonDecussatingDentatorubrothalamicTractL	fa	TORTOISE_model-tensor	/scratch/grmpy/SLURM_11194840_55/job-11194840-55-sub-128154/ds/inputs/data/qsiprep/qsiprep/sub-128154/ses-1/dwi/sub-128154_ses-1_acq-multiband_dir-AP_space-ACPC_desc-preproc_dwi.nii.gz	0.0	0.4311222238036599	0.1761730151172182	0.433011692441182	0.4311222238036599	0.433011692441182	0.1761730151172182	0.5016406920540533	0.5016406920540533	sub-128154	ses-1		dir-AP	acq-multiband	space-ACPC			DSIStudio	autotrackgqi
ProjectionBrainstem_NonDecussatingDentatorubrothalamicTractL	li	TORTOISE_model-tensor	/scratch/grmpy/SLURM_11194840_55/job-11194840-55-sub-128154/ds/inputs/data/qsiprep/qsiprep/sub-128154/ses-1/dwi/sub-128154_ses-1_acq-multiband_dir-AP_space-ACPC_desc-preproc_dwi.nii.gz	0.0	0.2760680317878723	0.1487766206264495	0.26253542304039	0.2760680317878723	0.26253542304039	0.1487766206264495	0.3272399306297302	0.3272399306297302	sub-128154	ses-1		dir-AP	acq-multiband	space-ACPC			DSIStudio	autotrackgqi
ProjectionBrainstem_NonDecussatingDentatorubrothalamicTractL	rd	TORTOISE_model-tensor	/scratch/grmpy/SLURM_11194840_55/job-11194840-55-sub-128154/ds/inputs/data/qsiprep/qsiprep/sub-128154/ses-1/dwi/sub-128154_ses-1_acq-multiband_dir-AP_space-ACPC_desc-preproc_dwi.nii.gz	0.0	474.8299240579356	169.95184378801468	457.6444821447168	474.8299240579356	457.6444821447168	169.95184378801468	423.7058431650232	423.7058431650232	sub-128154	ses-1		dir-AP	acq-multiband	space-ACPC			DSIStudio	autotrackgqi
ProjectionBasalGanglia_AnsaLenticularisL	ad	TORTOISE_model-tensor	/scratch/grmpy/SLURM_11194840_55/job-11194840-55-sub-128154/ds/inputs/data/qsiprep/qsiprep/sub-128154/ses-1/dwi/sub-128154_ses-1_acq-multiband_dir-AP_space-ACPC_desc-preproc_dwi.nii.gz	0.0	1020.6405874942386	297.7828077701511	940.5552559685528	1020.6405874942386	940.5552559685528	297.7828077701511	963.7591317692588	963.7591317692588	sub-128154	ses-1		dir-AP	acq-multiband	space-ACPC			DSIStudio	autotrackgqi
ProjectionBasalGanglia_AnsaLenticularisL	am	TORTOISE_model-tensor	/scratch/grmpy/SLURM_11194840_55/job-11194840-55-sub-128154/ds/inputs/data/qsiprep/qsiprep/sub-128154/ses-1/dwi/sub-128154_ses-1_acq-multiband_dir-AP_space-ACPC_desc-preproc_dwi.nii.gz	0.0	7179.26318359375	1804.38671875	6829.5869140625	7179.26318359375	6829.5869140625	1804.38671875	6929.57373046875	6929.57373046875	sub-128154	ses-1		dir-AP	acq-multiband	space-ACPC			DSIStudio	autotrackgqi
ProjectionBasalGanglia_AnsaLenticularisL	fa	TORTOISE_model-tensor	/scratch/grmpy/SLURM_11194840_55/job-11194840-55-sub-128154/ds/inputs/data/qsiprep/qsiprep/sub-128154/ses-1/dwi/sub-128154_ses-1_acq-multiband_dir-AP_space-ACPC_desc-preproc_dwi.nii.gz	0.0	0.2976999016875533	0.1159201729704911	0.2909158555316701	0.2976999016875533	0.2909158555316701	0.1159201729704911	0.3152358095733732	0.3152358095733732	sub-128154	ses-1		dir-AP	acq-multiband	space-ACPC			DSIStudio	autotrackgqi
ProjectionBasalGanglia_AnsaLenticularisL	li	TORTOISE_model-tensor	/scratch/grmpy/SLURM_11194840_55/job-11194840-55-sub-128154/ds/inputs/data/qsiprep/qsiprep/sub-128154/ses-1/dwi/sub-128154_ses-1_acq-multiband_dir-AP_space-ACPC_desc-preproc_dwi.nii.gz	0.0	0.1699134409427642	0.0775990784168243	0.1619499325752258	0.1699134409427642	0.1619499325752258	0.0775990784168243	0.1748982220888137	0.1748982220888137	sub-128154	ses-1		dir-AP	acq-multiband	space-ACPC			DSIStudio	autotrackgqi
ProjectionBasalGanglia_AnsaLenticularisL	rd	TORTOISE_model-tensor	/scratch/grmpy/SLURM_11194840_55/job-11194840-55-sub-128154/ds/inputs/data/qsiprep/qsiprep/sub-128154/ses-1/dwi/sub-128154_ses-1_acq-multiband_dir-AP_space-ACPC_desc-preproc_dwi.nii.gz	0.0	651.2765104119514	252.7872206654423	580.614636766425	651.2765104119514	580.614636766425	252.7872206654423	593.2624139717279	593.2624139717279	sub-128154	ses-1		dir-AP	acq-multiband	space-ACPC			DSIStudio	autotrackgqi
ProjectionBrainstem_CorticobulbarTractL	ad	TORTOISE_model-tensor	/scratch/grmpy/SLURM_11194840_55/job-11194840-55-sub-128154/ds/inputs/data/qsiprep/qsiprep/sub-128154/ses-1/dwi/sub-128154_ses-1_acq-multiband_dir-AP_space-ACPC_desc-preproc_dwi.nii.gz	0.0043859649122807	965.4057516130572	259.27947946941686	905.8531354928466	969.6586403866828	906.270744641103	251.7898870888224	968.8062731525808	969.2203706620936	sub-128154	ses-1		dir-AP	acq-multiband	space-ACPC			DSIStudio	autotrackgqi
ProjectionBrainstem_CorticobulbarTractL	am	TORTOISE_model-tensor	/scratch/grmpy/SLURM_11194840_55/job-11194840-55-sub-128154/ds/inputs/data/qsiprep/qsiprep/sub-128154/ses-1/dwi/sub-128154_ses-1_acq-multiband_dir-AP_space-ACPC_desc-preproc_dwi.nii.gz	0.0	6266.92431640625	1199.8172607421875	6265.5927734375	6266.92431640625	6265.5927734375	1199.8172607421875	6168.79638671875	6168.796875	sub-128154	ses-1		dir-AP	acq-multiband	space-ACPC			DSIStudio	autotrackgqi
ProjectionBrainstem_CorticobulbarTractL	fa	TORTOISE_model-tensor	/scratch/grmpy/SLURM_11194840_55/job-11194840-55-sub-128154/ds/inputs/data/qsiprep/qsiprep/sub-128154/ses-1/dwi/sub-128154_ses-1_acq-multiband_dir-AP_space-ACPC_desc-preproc_dwi.nii.gz	0.0043859649122807	0.4632859147070315	0.1873509766886153	0.459276155426267	0.4653268218202784	0.459317183915553	0.1852169725146863	0.4727147475714483	0.472916799609044	sub-128154	ses-1		dir-AP	acq-multiband	space-ACPC			DSIStudio	autotrackgqi
ProjectionBrainstem_CorticobulbarTractL	li	TORTOISE_model-tensor	/scratch/grmpy/SLURM_11194840_55/job-11194840-55-sub-128154/ds/inputs/data/qsiprep/qsiprep/sub-128154/ses-1/dwi/sub-128154_ses-1_acq-multiband_dir-AP_space-ACPC_desc-preproc_dwi.nii.gz	0.0043859649122807	0.2992376089096069	0.1565488278865814	0.2733269333839416	0.3005558252334595	0.2735593020915985	0.155625507235527	0.3122835755348205	0.3124170899391174	sub-128154	ses-1		dir-AP	acq-multiband	space-ACPC			DSIStudio	autotrackgqi
ProjectionBrainstem_CorticobulbarTractL	rd	TORTOISE_model-tensor	/scratch/grmpy/SLURM_11194840_55/job-11194840-55-sub-128154/ds/inputs/data/qsiprep/qsiprep/sub-128154/ses-1/dwi/sub-128154_ses-1_acq-multiband_dir-AP_space-ACPC_desc-preproc_dwi.nii.gz	0.0043859649122807	430.8130058489805	119.94253320236965	432.85763320092826	432.7108605002976	433.038620922781	116.7405856237414	425.2458393298336	425.4276031775309	sub-128154	ses-1		dir-AP	acq-multiband	space-ACPC			DSIStudio	autotrackgqi
ProjectionBrainstem_ReticularTractL	ad	TORTOISE_model-tensor	/scratch/grmpy/SLURM_11194840_55/job-11194840-55-sub-128154/ds/inputs/data/qsiprep/qsiprep/sub-128154/ses-1/dwi/sub-128154_ses-1_acq-multiband_dir-AP_space-ACPC_desc-preproc_dwi.nii.gz	0.0011914217633042	1014.1212074278118	262.6776440359545	958.8048006741716	1015.3308947527752	959.1230229256494	260.4872691364118	1041.0516957302038	1041.1262874230438	sub-128154	ses-1		dir-AP	acq-multiband	space-ACPC			DSIStudio	autotrackgqi
ProjectionBrainstem_ReticularTractL	am	TORTOISE_model-tensor	/scratch/grmpy/SLURM_11194840_55/job-11194840-55-sub-128154/ds/inputs/data/qsiprep/qsiprep/sub-128154/ses-1/dwi/sub-128154_ses-1_acq-multiband_dir-AP_space-ACPC_desc-preproc_dwi.nii.gz	0.0	6275.6806640625	1582.85791015625	6119.45556640625	6275.6806640625	6119.45556640625	1582.85791015625	6380.064453125	6380.0654296875	sub-128154	ses-1		dir-AP	acq-multiband	space-ACPC			DSIStudio	autotrackgqi
ProjectionBrainstem_ReticularTractL	fa	TORTOISE_model-tensor	/scratch/grmpy/SLURM_11194840_55/job-11194840-55-sub-128154/ds/inputs/data/qsiprep/qsiprep/sub-128154/ses-1/dwi/sub-128154_ses-1_acq-multiband_dir-AP_space-ACPC_desc-preproc_dwi.nii.gz	0.0011914217633042	0.4104478507551592	0.1695580331983371	0.4047367154311717	0.4109374505771336	0.4050119073169795	0.1690651527267147	0.4798660318874737	0.4799004143166522	sub-128154	ses-1		dir-AP	acq-multiband	space-ACPC			DSIStudio	autotrackgqi
ProjectionBrainstem_ReticularTractL	li	TORTOISE_model-tensor	/scratch/grmpy/SLURM_11194840_55/job-11194840-55-sub-128154/ds/inputs/data/qsiprep/qsiprep/sub-128154/ses-1/dwi/sub-128154_ses-1_acq-multiband_dir-AP_space-ACPC_desc-preproc_dwi.nii.gz	0.0027799841143764	0.2522387504577636	0.1306026726961136	0.2385572493076324	0.2529419362545013	0.2390387505292892	0.1301028281450271	0.3031559884548187	0.3032211363315582	sub-128154	ses-1		dir-AP	acq-multiband	space-ACPC			DSIStudio	autotrackgqi
ProjectionBrainstem_ReticularTractL	rd	TORTOISE_model-tensor	/scratch/grmpy/SLURM_11194840_55/job-11194840-55-sub-128154/ds/inputs/data/qsiprep/qsiprep/sub-128154/ses-1/dwi/sub-128154_ses-1_acq-multiband_dir-AP_space-ACPC_desc-preproc_dwi.nii.gz	0.0011914217633042	524.9557132673301	222.06928222139885	491.50958518112327	525.5819029849453	491.7702904018903	221.459876486954	463.1375837516281	463.17076784187424	sub-128154	ses-1		dir-AP	acq-multiband	space-ACPC			DSIStudio	autotrackgqi
ProjectionBasalGanglia_CorticostriatalTractR	ad	TORTOISE_model-tensor	/scratch/grmpy/SLURM_11194840_55/job-11194840-55-sub-128154/ds/inputs/data/qsiprep/qsiprep/sub-128154/ses-1/dwi/sub-128154_ses-1_acq-multiband_dir-AP_space-ACPC_desc-preproc_dwi.nii.gz	0.0002164814547553	962.25310196932	176.5546506682793	925.0021683175391	962.461457025683	925.063062395997	176.00500130381684	992.4814695536214	992.496081176254	sub-128154	ses-1		dir-AP	acq-multiband	space-ACPC			DSIStudio	autotrackgqi
ProjectionBasalGanglia_CorticostriatalTractR	am	TORTOISE_model-tensor	/scratch/grmpy/SLURM_11194840_55/job-11194840-55-sub-128154/ds/inputs/data/qsiprep/qsiprep/sub-128154/ses-1/dwi/sub-128154_ses-1_acq-multiband_dir-AP_space-ACPC_desc-preproc_dwi.nii.gz	0.0002164814547553	6433.21875	1044.0968017578125	6386.576171875	6434.61181640625	6386.7529296875	1039.9091796875	6107.505859375	6107.595703125	sub-128154	ses-1		dir-AP	acq-multiband	space-ACPC			DSIStudio	autotrackgqi
ProjectionBasalGanglia_CorticostriatalTractR	fa	TORTOISE_model-tensor	/scratch/grmpy/SLURM_11194840_55/job-11194840-55-sub-128154/ds/inputs/data/qsiprep/qsiprep/sub-128154/ses-1/dwi/sub-128154_ses-1_acq-multiband_dir-AP_space-ACPC_desc-preproc_dwi.nii.gz	0.0002164814547553	0.3423197850979212	0.1805858580493102	0.3294071390661974	0.3423939070290143	0.329452166525408	0.1805351336714156	0.4360860567741829	0.4360924770686161	sub-128154	ses-1		dir-AP	acq-multiband	space-ACPC			DSIStudio	autotrackgqi
ProjectionBasalGanglia_CorticostriatalTractR	li	TORTOISE_model-tensor	/scratch/grmpy/SLURM_11194840_55/job-11194840-55-sub-128154/ds/inputs/data/qsiprep/qsiprep/sub-128154/ses-1/dwi/sub-128154_ses-1_acq-multiband_dir-AP_space-ACPC_desc-preproc_dwi.nii.gz	0.0002164814547553	0.2015318274497985	0.1359386444091797	0.1772852540016174	0.2015754729509353	0.1773135662078857	0.1359210163354873	0.2796722650527954	0.2796763777732849	sub-128154	ses-1		dir-AP	acq-multiband	space-ACPC			DSIStudio	autotrackgqi
ProjectionBasalGanglia_CorticostriatalTractR	rd	TORTOISE_model-tensor	/scratch/grmpy/SLURM_11194840_55/job-11194840-55-sub-128154/ds/inputs/data/qsiprep/qsiprep/sub-128154/ses-1/dwi/sub-128154_ses-1_acq-multiband_dir-AP_space-ACPC_desc-preproc_dwi.nii.gz	0.0002164814547553	562.7417804284825	166.91671010339573	546.6079251640974	562.8636299659264	546.6511979146153	166.72923011666225	481.7603007291156	481.7673932162571	sub-128154	ses-1		dir-AP	acq-multiband	space-ACPC			DSIStudio	autotrackgqi
ProjectionBasalGanglia_FornixL	ad	TORTOISE_model-tensor	/scratch/grmpy/SLURM_11194840_55/job-11194840-55-sub-128154/ds/inputs/data/qsiprep/qsiprep/sub-128154/ses-1/dwi/sub-128154_ses-1_acq-multiband_dir-AP_space-ACPC_desc-preproc_dwi.nii.gz	0.0	1225.4945945067118	403.66686068630105	1085.3203924345455	1225.4945945067118	1085.3203924345455	403.66686068630105	1332.7762359378462	1332.7762359378462	sub-128154	ses-1		dir-AP	acq-multiband	space-ACPC			DSIStudio	autotrackgqi
ProjectionBasalGanglia_FornixL	am	TORTOISE_model-tensor	/scratch/grmpy/SLURM_11194840_55/job-11194840-55-sub-128154/ds/inputs/data/qsiprep/qsiprep/sub-128154/ses-1/dwi/sub-128154_ses-1_acq-multiband_dir-AP_space-ACPC_desc-preproc_dwi.nii.gz	0.0	8011.439453125	1840.3680419921875	7686.4599609375	8011.439453125	7686.4599609375	1840.3680419921875	8093.48486328125	8093.48486328125	sub-128154	ses-1		dir-AP	acq-multiband	space-ACPC			DSIStudio	autotrackgqi
ProjectionBasalGanglia_FornixL	fa	TORTOISE_model-tensor	/scratch/grmpy/SLURM_11194840_55/job-11194840-55-sub-128154/ds/inputs/data/qsiprep/qsiprep/sub-128154/ses-1/dwi/sub-128154_ses-1_acq-multiband_dir-AP_space-ACPC_desc-preproc_dwi.nii.gz	0.0	0.3212784314716727	0.1675763845809678	0.2946203220758345	0.3212784314716727	0.2946203220758345	0.1675763845809678	0.402703072636835	0.402703072636835	sub-128154	ses-1		dir-AP	acq-multiband	space-ACPC			DSIStudio	autotrackgqi
ProjectionBasalGanglia_FornixL	li	TORTOISE_model-tensor	/scratch/grmpy/SLURM_11194840_55/job-11194840-55-sub-128154/ds/inputs/data/qsiprep/qsiprep/sub-128154/ses-1/dwi/sub-128154_ses-1_acq-multiband_dir-AP_space-ACPC_desc-preproc_dwi.nii.gz	0.0	0.1954740732908249	0.126767098903656	0.1685276925563812	0.1954740732908249	0.1685276925563812	0.126767098903656	0.2594093680381775	0.2594093680381775	sub-128154	ses-1		dir-AP	acq-multiband	space-ACPC			DSIStudio	autotrackgqi
ProjectionBasalGanglia_FornixL	rd	TORTOISE_model-tensor	/scratch/grmpy/SLURM_11194840_55/job-11194840-55-sub-128154/ds/inputs/data/qsiprep/qsiprep/sub-128154/ses-1/dwi/sub-128154_ses-1_acq-multiband_dir-AP_space-ACPC_desc-preproc_dwi.nii.gz	0.0	736.7297897916008	324.65554428486934	652.8906996095586	736.7297897916008	652.8906996095586	324.65554428486934	676.9686466599097	676.9686466599097	sub-128154	ses-1		dir-AP	acq-multiband	space-ACPC			DSIStudio	autotrackgqi
ProjectionBasalGanglia_ThalamicRadiationR	ad	TORTOISE_model-tensor	/scratch/grmpy/SLURM_11194840_55/job-11194840-55-sub-128154/ds/inputs/data/qsiprep/qsiprep/sub-128154/ses-1/dwi/sub-128154_ses-1_acq-multiband_dir-AP_space-ACPC_desc-preproc_dwi.nii.gz	0.0	966.2220790979298	182.72138776541135	928.630249581552	966.2220790979298	928.630249581552	182.72138776541135	971.8127771181762	971.8127771181762	sub-128154	ses-1		dir-AP	acq-multiband	space-ACPC			DSIStudio	autotrackgqi
ProjectionBasalGanglia_ThalamicRadiationR	am	TORTOISE_model-tensor	/scratch/grmpy/SLURM_11194840_55/job-11194840-55-sub-128154/ds/inputs/data/qsiprep/qsiprep/sub-128154/ses-1/dwi/sub-128154_ses-1_acq-multiband_dir-AP_space-ACPC_desc-preproc_dwi.nii.gz	0.0	6453.06298828125	992.2994384765624	6365.5234375	6453.06298828125	6365.5234375	992.2994384765624	6235.4697265625	6235.4697265625	sub-128154	ses-1		dir-AP	acq-multiband	space-ACPC			DSIStudio	autotrackgqi
ProjectionBasalGanglia_ThalamicRadiationR	fa	TORTOISE_model-tensor	/scratch/grmpy/SLURM_11194840_55/job-11194840-55-sub-128154/ds/inputs/data/qsiprep/qsiprep/sub-128154/ses-1/dwi/sub-128154_ses-1_acq-multiband_dir-AP_space-ACPC_desc-preproc_dwi.nii.gz	0.0	0.3668643275879267	0.170129180223171	0.3547027913695373	0.3668643275879267	0.3547027913695373	0.170129180223171	0.4209036915939336	0.4209036915939336	sub-128154	ses-1		dir-AP	acq-multiband	space-ACPC			DSIStudio	autotrackgqi
ProjectionBasalGanglia_ThalamicRadiationR	li	TORTOISE_model-tensor	/scratch/grmpy/SLURM_11194840_55/job-11194840-55-sub-128154/ds/inputs/data/qsiprep/qsiprep/sub-128154/ses-1/dwi/sub-128154_ses-1_acq-multiband_dir-AP_space-ACPC_desc-preproc_dwi.nii.gz	0.0	0.2210034132003784	0.1324059069156646	0.2005190849304199	0.2210034132003784	0.2005190849304199	0.1324059069156646	0.2670829892158508	0.2670829892158508	sub-128154	ses-1		dir-AP	acq-multiband	space-ACPC			DSIStudio	autotrackgqi
ProjectionBasalGanglia_ThalamicRadiationR	rd	TORTOISE_model-tensor	/scratch/grmpy/SLURM_11194840_55/job-11194840-55-sub-128154/ds/inputs/data/qsiprep/qsiprep/sub-128154/ses-1/dwi/sub-128154_ses-1_acq-multiband_dir-AP_space-ACPC_desc-preproc_dwi.nii.gz	0.0	541.9485738585721	168.27666484488913	524.1935205393478	541.9485738585721	524.1935205393478	168.27666484488913	487.9905198749245	487.9905198749245	sub-128154	ses-1		dir-AP	acq-multiband	space-ACPC			DSIStudio	autotrackgqi
ProjectionBrainstem_MedialForebrainBundleR	ad	TORTOISE_model-tensor	/scratch/grmpy/SLURM_11194840_55/job-11194840-55-sub-128154/ds/inputs/data/qsiprep/qsiprep/sub-128154/ses-1/dwi/sub-128154_ses-1_acq-multiband_dir-AP_space-ACPC_desc-preproc_dwi.nii.gz	0.0058214747736093	1085.9594726430375	361.3677637994605	995.3952974761056	1092.318376516679	995.8990111264144	352.7114565028833	1059.9277223235804	1060.6251463573396	sub-128154	ses-1		dir-AP	acq-multiband	space-ACPC			DSIStudio	autotrackgqi
ProjectionBrainstem_MedialForebrainBundleR	am	TORTOISE_model-tensor	/scratch/grmpy/SLURM_11194840_55/job-11194840-55-sub-128154/ds/inputs/data/qsiprep/qsiprep/sub-128154/ses-1/dwi/sub-128154_ses-1_acq-multiband_dir-AP_space-ACPC_desc-preproc_dwi.nii.gz	0.000646830530401	7208.84228515625	2201.452392578125	7039.38134765625	7213.50830078125	7039.50439453125	2194.50927734375	7152.169921875	7152.53173828125	sub-128154	ses-1		dir-AP	acq-multiband	space-ACPC			DSIStudio	autotrackgqi
ProjectionBrainstem_MedialForebrainBundleR	fa	TORTOISE_model-tensor	/scratch/grmpy/SLURM_11194840_55/job-11194840-55-sub-128154/ds/inputs/data/qsiprep/qsiprep/sub-128154/ses-1/dwi/sub-128154_ses-1_acq-multiband_dir-AP_space-ACPC_desc-preproc_dwi.nii.gz	0.0058214747736093	0.3850322536583844	0.1723034574584241	0.3830361237217137	0.3872868341937945	0.3850238759200292	0.1702620182579096	0.4313145057760078	0.4315983073389537	sub-128154	ses-1		dir-AP	acq-multiband	space-ACPC			DSIStudio	autotrackgqi
ProjectionBrainstem_MedialForebrainBundleR	li	TORTOISE_model-tensor	/scratch/grmpy/SLURM_11194840_55/job-11194840-55-sub-128154/ds/inputs/data/qsiprep/qsiprep/sub-128154/ses-1/dwi/sub-128154_ses-1_acq-multiband_dir-AP_space-ACPC_desc-preproc_dwi.nii.gz	0.0071151358344113	0.2392998933792114	0.130822479724884	0.2306640297174453	0.2410147488117218	0.2313085347414016	0.1297068297863006	0.2727532684803009	0.2733270227909088	sub-128154	ses-1		dir-AP	acq-multiband	space-ACPC			DSIStudio	autotrackgqi
ProjectionBrainstem_MedialForebrainBundleR	rd	TORTOISE_model-tensor	/scratch/grmpy/SLURM_11194840_55/job-11194840-55-sub-128154/ds/inputs/data/qsiprep/qsiprep/sub-128154/ses-1/dwi/sub-128154_ses-1_acq-multiband_dir-AP_space-ACPC_desc-preproc_dwi.nii.gz	0.0058214747736093	601.6272698600476	334.9076775336423	494.69374061139786	605.150136111668	496.71556301091135	332.69816329628947	530.1925138186153	530.5413762838691	sub-128154	ses-1		dir-AP	acq-multiband	space-ACPC			DSIStudio	autotrackgqi
ProjectionBrainstem_CorticospinalTractR	ad	TORTOISE_model-tensor	/scratch/grmpy/SLURM_11194840_55/job-11194840-55-sub-128154/ds/inputs/data/qsiprep/qsiprep/sub-128154/ses-1/dwi/sub-128154_ses-1_acq-multiband_dir-AP_space-ACPC_desc-preproc_dwi.nii.gz	0.0	970.3786250440934	184.72735584343192	936.011648237626	970.3786250440934	936.011648237626	184.72735584343192	1023.5926957182328	1023.5926957182328	sub-128154	ses-1		dir-AP	acq-multiband	space-ACPC			DSIStudio	autotrackgqi
ProjectionBrainstem_CorticospinalTractR	am	TORTOISE_model-tensor	/scratch/grmpy/SLURM_11194840_55/job-11194840-55-sub-128154/ds/inputs/data/qsiprep/qsiprep/sub-128154/ses-1/dwi/sub-128154_ses-1_acq-multiband_dir-AP_space-ACPC_desc-preproc_dwi.nii.gz	0.0	6517.09814453125	579.2302856445312	6534.263671875	6517.09814453125	6534.263671875	579.2302856445312	6525.83056640625	6525.83056640625	sub-128154	ses-1		dir-AP	acq-multiband	space-ACPC			DSIStudio	autotrackgqi
ProjectionBrainstem_CorticospinalTractR	fa	TORTOISE_model-tensor	/scratch/grmpy/SLURM_11194840_55/job-11194840-55-sub-128154/ds/inputs/data/qsiprep/qsiprep/sub-128154/ses-1/dwi/sub-128154_ses-1_acq-multiband_dir-AP_space-ACPC_desc-preproc_dwi.nii.gz	0.0	0.4751594215911596	0.1864685001806578	0.4794203142981857	0.4751594215911596	0.4794203142981857	0.1864685001806578	0.5636396257720866	0.5636396257720866	sub-128154	ses-1		dir-AP	acq-multiband	space-ACPC			DSIStudio	autotrackgqi
ProjectionBrainstem_CorticospinalTractR	li	TORTOISE_model-tensor	/scratch/grmpy/SLURM_11194840_55/job-11194840-55-sub-128154/ds/inputs/data/qsiprep/qsiprep/sub-128154/ses-1/dwi/sub-128154_ses-1_acq-multiband_dir-AP_space-ACPC_desc-preproc_dwi.nii.gz	0.0	0.3195101022720337	0.1641987711191177	0.3060659170150757	0.3195101022720337	0.3060659170150757	0.1641987711191177	0.4072188138961792	0.4072188138961792	sub-128154	ses-1		dir-AP	acq-multiband	space-ACPC			DSIStudio	autotrackgqi
ProjectionBrainstem_CorticospinalTractR	rd	TORTOISE_model-tensor	/scratch/grmpy/SLURM_11194840_55/job-11194840-55-sub-128154/ds/inputs/data/qsiprep/qsiprep/sub-128154/ses-1/dwi/sub-128154_ses-1_acq-multiband_dir-AP_space-ACPC_desc-preproc_dwi.nii.gz	0.0	435.7881684830598	134.96818603862695	420.9322653683803	435.7881684830598	420.9322653683803	134.96818603862695	367.9694527797879	367.9694527797879	sub-128154	ses-1		dir-AP	acq-multiband	space-ACPC			DSIStudio	autotrackgqi
ProjectionBrainstem_ReticularTractR	ad	TORTOISE_model-tensor	/scratch/grmpy/SLURM_11194840_55/job-11194840-55-sub-128154/ds/inputs/data/qsiprep/qsiprep/sub-128154/ses-1/dwi/sub-128154_ses-1_acq-multiband_dir-AP_space-ACPC_desc-preproc_dwi.nii.gz	0.0013793103448275	1006.7235486946248	269.4432648182964	947.192701226507	1008.1140508337056	947.3882994375156	267.0171605032088	1057.759107420094	1057.7739867091564	sub-128154	ses-1		dir-AP	acq-multiband	space-ACPC			DSIStudio	autotrackgqi
ProjectionBrainstem_ReticularTractR	am	TORTOISE_model-tensor	/scratch/grmpy/SLURM_11194840_55/job-11194840-55-sub-128154/ds/inputs/data/qsiprep/qsiprep/sub-128154/ses-1/dwi/sub-128154_ses-1_acq-multiband_dir-AP_space-ACPC_desc-preproc_dwi.nii.gz	0.0003448275862068	6370.56396484375	1657.0733642578125	6219.9365234375	6372.76171875	6220.07861328125	1653.12890625	6675.6748046875	6675.6982421875	sub-128154	ses-1		dir-AP	acq-multiband	space-ACPC			DSIStudio	autotrackgqi
ProjectionBrainstem_ReticularTractR	fa	TORTOISE_model-tensor	/scratch/grmpy/SLURM_11194840_55/job-11194840-55-sub-128154/ds/inputs/data/qsiprep/qsiprep/sub-128154/ses-1/dwi/sub-128154_ses-1_acq-multiband_dir-AP_space-ACPC_desc-preproc_dwi.nii.gz	0.0013793103448275	0.3999982074901986	0.1636350404251047	0.4030609504478298	0.4005506912022016	0.4033148069831399	0.1630708825530953	0.4505603802344928	0.4505667180767009	sub-128154	ses-1		dir-AP	acq-multiband	space-ACPC			DSIStudio	autotrackgqi
ProjectionBrainstem_ReticularTractR	li	TORTOISE_model-tensor	/scratch/grmpy/SLURM_11194840_55/job-11194840-55-sub-128154/ds/inputs/data/qsiprep/qsiprep/sub-128154/ses-1/dwi/sub-128154_ses-1_acq-multiband_dir-AP_space-ACPC_desc-preproc_dwi.nii.gz	0.0020689655172413	0.2519049346446991	0.1304243206977844	0.2428200244903564	0.2524272203445434	0.2436515837907791	0.1300535947084427	0.2846671640872955	0.2847065031528473	sub-128154	ses-1		dir-AP	acq-multiband	space-ACPC			DSIStudio	autotrackgqi
ProjectionBrainstem_ReticularTractR	rd	TORTOISE_model-tensor	/scratch/grmpy/SLURM_11194840_55/job-11194840-55-sub-128154/ds/inputs/data/qsiprep/qsiprep/sub-128154/ses-1/dwi/sub-128154_ses-1_acq-multiband_dir-AP_space-ACPC_desc-preproc_dwi.nii.gz	0.0013793103448275	538.2649847858621	253.73810272269304	484.14819981107	539.0084447095995	484.4462026762886	253.12293540078844	516.9699847110815	516.9772567929617	sub-128154	ses-1		dir-AP	acq-multiband	space-ACPC			DSIStudio	autotrackgqi
ProjectionBasalGanglia_AnsaLenticularisR	ad	TORTOISE_model-tensor	/scratch/grmpy/SLURM_11194840_55/job-11194840-55-sub-128154/ds/inputs/data/qsiprep/qsiprep/sub-128154/ses-1/dwi/sub-128154_ses-1_acq-multiband_dir-AP_space-ACPC_desc-preproc_dwi.nii.gz	0.0	1094.1024468503515	326.718809456999	972.662315631268	1094.1024468503515	972.662315631268	326.718809456999	1075.5178816812786	1075.5178816812786	sub-128154	ses-1		dir-AP	acq-multiband	space-ACPC			DSIStudio	autotrackgqi
ProjectionBasalGanglia_AnsaLenticularisR	am	TORTOISE_model-tensor	/scratch/grmpy/SLURM_11194840_55/job-11194840-55-sub-128154/ds/inputs/data/qsiprep/qsiprep/sub-128154/ses-1/dwi/sub-128154_ses-1_acq-multiband_dir-AP_space-ACPC_desc-preproc_dwi.nii.gz	0.0	7549.11328125	2005.6318359375	7306.40966796875	7549.11328125	7306.40966796875	2005.6318359375	7599.5400390625	7599.5400390625	sub-128154	ses-1		dir-AP	acq-multiband	space-ACPC			DSIStudio	autotrackgqi
ProjectionBasalGanglia_AnsaLenticularisR	fa	TORTOISE_model-tensor	/scratch/grmpy/SLURM_11194840_55/job-11194840-55-sub-128154/ds/inputs/data/qsiprep/qsiprep/sub-128154/ses-1/dwi/sub-128154_ses-1_acq-multiband_dir-AP_space-ACPC_desc-preproc_dwi.nii.gz	0.0	0.3084830374639462	0.1337805972978996	0.3015418580144103	0.3084830374639462	0.3015418580144103	0.1337805972978996	0.3215623800695469	0.3215623800695469	sub-128154	ses-1		dir-AP	acq-multiband	space-ACPC			DSIStudio	autotrackgqi
ProjectionBasalGanglia_AnsaLenticularisR	li	TORTOISE_model-tensor	/scratch/grmpy/SLURM_11194840_55/job-11194840-55-sub-128154/ds/inputs/data/qsiprep/qsiprep/sub-128154/ses-1/dwi/sub-128154_ses-1_acq-multiband_dir-AP_space-ACPC_desc-preproc_dwi.nii.gz	0.0	0.1829856783151626	0.0969786420464515	0.1760202944278717	0.1829856783151626	0.1760202944278717	0.0969786420464515	0.1869892477989196	0.1869892477989196	sub-128154	ses-1		dir-AP	acq-multiband	space-ACPC			DSIStudio	autotrackgqi
ProjectionBasalGanglia_AnsaLenticularisR	rd	TORTOISE_model-tensor	/scratch/grmpy/SLURM_11194840_55/job-11194840-55-sub-128154/ds/inputs/data/qsiprep/qsiprep/sub-128154/ses-1/dwi/sub-128154_ses-1_acq-multiband_dir-AP_space-ACPC_desc-preproc_dwi.nii.gz	0.0	690.449212208827	294.5108773594917	594.3009287426955	690.449212208827	594.3009287426955	294.5108773594917	665.021948862789	665.021948862789	sub-128154	ses-1		dir-AP	acq-multiband	space-ACPC			DSIStudio	autotrackgqi
ProjectionBrainstem_CorticopontineTractL	ad	TORTOISE_model-tensor	/scratch/grmpy/SLURM_11194840_55/job-11194840-55-sub-128154/ds/inputs/data/qsiprep/qsiprep/sub-128154/ses-1/dwi/sub-128154_ses-1_acq-multiband_dir-AP_space-ACPC_desc-preproc_dwi.nii.gz	0.0	999.3419856496752	197.34347999752157	961.7910280035056	999.3419856496752	961.7910280035056	197.34347999752157	1059.8871733795224	1059.8872654075042	sub-128154	ses-1		dir-AP	acq-multiband	space-ACPC			DSIStudio	autotrackgqi
ProjectionBrainstem_CorticopontineTractL	am	TORTOISE_model-tensor	/scratch/grmpy/SLURM_11194840_55/job-11194840-55-sub-128154/ds/inputs/data/qsiprep/qsiprep/sub-128154/ses-1/dwi/sub-128154_ses-1_acq-multiband_dir-AP_space-ACPC_desc-preproc_dwi.nii.gz	0.0	6423.34716796875	851.4077758789062	6377.4189453125	6423.34716796875	6377.4189453125	851.4077758789062	6434.30322265625	6434.3037109375	sub-128154	ses-1		dir-AP	acq-multiband	space-ACPC			DSIStudio	autotrackgqi
ProjectionBrainstem_CorticopontineTractL	fa	TORTOISE_model-tensor	/scratch/grmpy/SLURM_11194840_55/job-11194840-55-sub-128154/ds/inputs/data/qsiprep/qsiprep/sub-128154/ses-1/dwi/sub-128154_ses-1_acq-multiband_dir-AP_space-ACPC_desc-preproc_dwi.nii.gz	0.0	0.4321020791956011	0.1915111019566282	0.4408849819824995	0.4321020791956011	0.4408849819824995	0.1915111019566282	0.5100159119780415	0.5100159564453085	sub-128154	ses-1		dir-AP	acq-multiband	space-ACPC			DSIStudio	autotrackgqi
ProjectionBrainstem_CorticopontineTractL	li	TORTOISE_model-tensor	/scratch/grmpy/SLURM_11194840_55/job-11194840-55-sub-128154/ds/inputs/data/qsiprep/qsiprep/sub-128154/ses-1/dwi/sub-128154_ses-1_acq-multiband_dir-AP_space-ACPC_desc-preproc_dwi.nii.gz	0.0	0.2746500670909881	0.1570450812578201	0.2643863558769226	0.2746500670909881	0.2643863558769226	0.1570450812578201	0.3439259529113769	0.3439259827136993	sub-128154	ses-1		dir-AP	acq-multiband	space-ACPC			DSIStudio	autotrackgqi
ProjectionBrainstem_CorticopontineTractL	rd	TORTOISE_model-tensor	/scratch/grmpy/SLURM_11194840_55/job-11194840-55-sub-128154/ds/inputs/data/qsiprep/qsiprep/sub-128154/ses-1/dwi/sub-128154_ses-1_acq-multiband_dir-AP_space-ACPC_desc-preproc_dwi.nii.gz	0.0	491.4823009364501	165.4794941471243	462.9498823778938	491.4823009364501	462.9498823778938	165.4794941471243	440.1171078414275	440.1171458761383	sub-128154	ses-1		dir-AP	acq-multiband	space-ACPC			DSIStudio	autotrackgqi
ProjectionBrainstem_CorticobulbarTractR	ad	TORTOISE_model-tensor	/scratch/grmpy/SLURM_11194840_55/job-11194840-55-sub-128154/ds/inputs/data/qsiprep/qsiprep/sub-128154/ses-1/dwi/sub-128154_ses-1_acq-multiband_dir-AP_space-ACPC_desc-preproc_dwi.nii.gz	0.0	998.272999603515	208.8625720624344	979.0687333996568	998.272999603515	979.0687333996568	208.8625720624344	999.948119386976	999.948119386976	sub-128154	ses-1		dir-AP	acq-multiband	space-ACPC			DSIStudio	autotrackgqi
ProjectionBrainstem_CorticobulbarTractR	am	TORTOISE_model-tensor	/scratch/grmpy/SLURM_11194840_55/job-11194840-55-sub-128154/ds/inputs/data/qsiprep/qsiprep/sub-128154/ses-1/dwi/sub-128154_ses-1_acq-multiband_dir-AP_space-ACPC_desc-preproc_dwi.nii.gz	0.0	6167.16064453125	730.293701171875	6219.00830078125	6167.16064453125	6219.00830078125	730.293701171875	6061.3759765625	6061.3759765625	sub-128154	ses-1		dir-AP	acq-multiband	space-ACPC			DSIStudio	autotrackgqi
ProjectionBrainstem_CorticobulbarTractR	fa	TORTOISE_model-tensor	/scratch/grmpy/SLURM_11194840_55/job-11194840-55-sub-128154/ds/inputs/data/qsiprep/qsiprep/sub-128154/ses-1/dwi/sub-128154_ses-1_acq-multiband_dir-AP_space-ACPC_desc-preproc_dwi.nii.gz	0.0	0.5181744097484434	0.169436381008305	0.5036139665025274	0.5181744097484434	0.5036139665025274	0.169436381008305	0.5263633819519508	0.5263633819519508	sub-128154	ses-1		dir-AP	acq-multiband	space-ACPC			DSIStudio	autotrackgqi
ProjectionBrainstem_CorticobulbarTractR	li	TORTOISE_model-tensor	/scratch/grmpy/SLURM_11194840_55/job-11194840-55-sub-128154/ds/inputs/data/qsiprep/qsiprep/sub-128154/ses-1/dwi/sub-128154_ses-1_acq-multiband_dir-AP_space-ACPC_desc-preproc_dwi.nii.gz	0.0	0.3543736338615417	0.1577145904302597	0.3335623145103454	0.3543736338615417	0.3335623145103454	0.1577145904302597	0.3647371828556061	0.3647371828556061	sub-128154	ses-1		dir-AP	acq-multiband	space-ACPC			DSIStudio	autotrackgqi
ProjectionBrainstem_CorticobulbarTractR	rd	TORTOISE_model-tensor	/scratch/grmpy/SLURM_11194840_55/job-11194840-55-sub-128154/ds/inputs/data/qsiprep/qsiprep/sub-128154/ses-1/dwi/sub-128154_ses-1_acq-multiband_dir-AP_space-ACPC_desc-preproc_dwi.nii.gz	0.0	406.4446993035729	100.25157802946876	414.0239992220024	406.4446993035729	414.0239992220024	100.25157802946876	395.8822353832829	395.8822353832829	sub-128154	ses-1		dir-AP	acq-multiband	space-ACPC			DSIStudio	autotrackgqi
ProjectionBrainstem_DentatorubrothalamicTract-rl	ad	TORTOISE_model-tensor	/scratch/grmpy/SLURM_11194840_55/job-11194840-55-sub-128154/ds/inputs/data/qsiprep/qsiprep/sub-128154/ses-1/dwi/sub-128154_ses-1_acq-multiband_dir-AP_space-ACPC_desc-preproc_dwi.nii.gz	0.0	970.6581208565271	174.37269979261515	943.4225262238745	970.6581208565271	943.4225262238745	174.37269979261515	967.6840848570404	967.6840848570404	sub-128154	ses-1		dir-AP	acq-multiband	space-ACPC			DSIStudio	autotrackgqi
ProjectionBrainstem_DentatorubrothalamicTract-rl	am	TORTOISE_model-tensor	/scratch/grmpy/SLURM_11194840_55/job-11194840-55-sub-128154/ds/inputs/data/qsiprep/qsiprep/sub-128154/ses-1/dwi/sub-128154_ses-1_acq-multiband_dir-AP_space-ACPC_desc-preproc_dwi.nii.gz	0.0	6346.828125	736.2535400390625	6313.84765625	6346.828125	6313.84765625	736.2535400390625	6160.7353515625	6160.7353515625	sub-128154	ses-1		dir-AP	acq-multiband	space-ACPC			DSIStudio	autotrackgqi
ProjectionBrainstem_DentatorubrothalamicTract-rl	fa	TORTOISE_model-tensor	/scratch/grmpy/SLURM_11194840_55/job-11194840-55-sub-128154/ds/inputs/data/qsiprep/qsiprep/sub-128154/ses-1/dwi/sub-128154_ses-1_acq-multiband_dir-AP_space-ACPC_desc-preproc_dwi.nii.gz	0.0	0.4521283708980274	0.1690370544704421	0.4486026434185658	0.4521283708980274	0.4486026434185658	0.1690370544704421	0.5043006432223064	0.5043006432223064	sub-128154	ses-1		dir-AP	acq-multiband	space-ACPC			DSIStudio	autotrackgqi
ProjectionBrainstem_DentatorubrothalamicTract-rl	li	TORTOISE_model-tensor	/scratch/grmpy/SLURM_11194840_55/job-11194840-55-sub-128154/ds/inputs/data/qsiprep/qsiprep/sub-128154/ses-1/dwi/sub-128154_ses-1_acq-multiband_dir-AP_space-ACPC_desc-preproc_dwi.nii.gz	0.0	0.2879337668418884	0.1442558914422989	0.2746949791908264	0.2879337668418884	0.2746949791908264	0.1442558914422989	0.3404335081577301	0.3404335081577301	sub-128154	ses-1		dir-AP	acq-multiband	space-ACPC			DSIStudio	autotrackgqi
ProjectionBrainstem_DentatorubrothalamicTract-rl	rd	TORTOISE_model-tensor	/scratch/grmpy/SLURM_11194840_55/job-11194840-55-sub-128154/ds/inputs/data/qsiprep/qsiprep/sub-128154/ses-1/dwi/sub-128154_ses-1_acq-multiband_dir-AP_space-ACPC_desc-preproc_dwi.nii.gz	0.0	462.0427005916036	136.52994504611962	454.123435431592	462.0427005916036	454.123435431592	136.52994504611962	412.9051019844968	412.9051019844968	sub-128154	ses-1		dir-AP	acq-multiband	space-ACPC			DSIStudio	autotrackgqi
ProjectionBasalGanglia_ThalamicRadiationL	ad	TORTOISE_model-tensor	/scratch/grmpy/SLURM_11194840_55/job-11194840-55-sub-128154/ds/inputs/data/qsiprep/qsiprep/sub-128154/ses-1/dwi/sub-128154_ses-1_acq-multiband_dir-AP_space-ACPC_desc-preproc_dwi.nii.gz	0.0004591895304787	968.5618679818556	171.41089550342278	933.0722546901444	969.006825771212	933.2009137730196	170.18820736795874	997.1283754948932	997.1551814087942	sub-128154	ses-1		dir-AP	acq-multiband	space-ACPC			DSIStudio	autotrackgqi
ProjectionBasalGanglia_ThalamicRadiationL	am	TORTOISE_model-tensor	/scratch/grmpy/SLURM_11194840_55/job-11194840-55-sub-128154/ds/inputs/data/qsiprep/qsiprep/sub-128154/ses-1/dwi/sub-128154_ses-1_acq-multiband_dir-AP_space-ACPC_desc-preproc_dwi.nii.gz	0.0004591895304787	6413.99658203125	927.5601806640624	6329.287109375	6416.943359375	6330.2060546875	917.5265502929688	6261.94482421875	6262.11328125	sub-128154	ses-1		dir-AP	acq-multiband	space-ACPC			DSIStudio	autotrackgqi
ProjectionBasalGanglia_ThalamicRadiationL	fa	TORTOISE_model-tensor	/scratch/grmpy/SLURM_11194840_55/job-11194840-55-sub-128154/ds/inputs/data/qsiprep/qsiprep/sub-128154/ses-1/dwi/sub-128154_ses-1_acq-multiband_dir-AP_space-ACPC_desc-preproc_dwi.nii.gz	0.0004591895304787	0.3774787672624637	0.1803871663274524	0.3697632732048308	0.3776521811902287	0.3699088707598699	0.1802470202340493	0.4473113236190719	0.4473233486229857	sub-128154	ses-1		dir-AP	acq-multiband	space-ACPC			DSIStudio	autotrackgqi
ProjectionBasalGanglia_ThalamicRadiationL	li	TORTOISE_model-tensor	/scratch/grmpy/SLURM_11194840_55/job-11194840-55-sub-128154/ds/inputs/data/qsiprep/qsiprep/sub-128154/ses-1/dwi/sub-128154_ses-1_acq-multiband_dir-AP_space-ACPC_desc-preproc_dwi.nii.gz	0.0004591895304787	0.2303119301795959	0.1403313428163528	0.2090873271226883	0.2304177284240722	0.2092144042253494	0.140276700258255	0.2896106839179992	0.2896184623241424	sub-128154	ses-1		dir-AP	acq-multiband	space-ACPC			DSIStudio	autotrackgqi
ProjectionBasalGanglia_ThalamicRadiationL	rd	TORTOISE_model-tensor	/scratch/grmpy/SLURM_11194840_55/job-11194840-55-sub-128154/ds/inputs/data/qsiprep/qsiprep/sub-128154/ses-1/dwi/sub-128154_ses-1_acq-multiband_dir-AP_space-ACPC_desc-preproc_dwi.nii.gz	0.0004591895304787	530.1618697231207	157.00586427900103	515.4024632836605	530.405426341806	515.5422305871421	156.63008100062464	469.2127120270375	469.22532608590666	sub-128154	ses-1		dir-AP	acq-multiband	space-ACPC			DSIStudio	autotrackgqi
ProjectionBasalGanglia_FornixR	ad	TORTOISE_model-tensor	/scratch/grmpy/SLURM_11194840_55/job-11194840-55-sub-128154/ds/inputs/data/qsiprep/qsiprep/sub-128154/ses-1/dwi/sub-128154_ses-1_acq-multiband_dir-AP_space-ACPC_desc-preproc_dwi.nii.gz	0.0	1296.038599448562	433.2316995636232	1203.275020549839	1296.038599448562	1203.275020549839	433.2316995636232	1309.6843948488618	1309.684507102973	sub-128154	ses-1		dir-AP	acq-multiband	space-ACPC			DSIStudio	autotrackgqi
ProjectionBasalGanglia_FornixR	am	TORTOISE_model-tensor	/scratch/grmpy/SLURM_11194840_55/job-11194840-55-sub-128154/ds/inputs/data/qsiprep/qsiprep/sub-128154/ses-1/dwi/sub-128154_ses-1_acq-multiband_dir-AP_space-ACPC_desc-preproc_dwi.nii.gz	0.0	8351.48828125	1964.2337646484373	8010.46533203125	8351.48828125	8010.46533203125	1964.2337646484373	8083.0185546875	8083.01953125	sub-128154	ses-1		dir-AP	acq-multiband	space-ACPC			DSIStudio	autotrackgqi
ProjectionBasalGanglia_FornixR	fa	TORTOISE_model-tensor	/scratch/grmpy/SLURM_11194840_55/job-11194840-55-sub-128154/ds/inputs/data/qsiprep/qsiprep/sub-128154/ses-1/dwi/sub-128154_ses-1_acq-multiband_dir-AP_space-ACPC_desc-preproc_dwi.nii.gz	0.0	0.3200258083169521	0.1810368331614294	0.2824364133547612	0.3200258083169521	0.2824364133547612	0.1810368331614294	0.377755056144377	0.377755088542965	sub-128154	ses-1		dir-AP	acq-multiband	space-ACPC			DSIStudio	autotrackgqi
ProjectionBasalGanglia_FornixR	li	TORTOISE_model-tensor	/scratch/grmpy/SLURM_11194840_55/job-11194840-55-sub-128154/ds/inputs/data/qsiprep/qsiprep/sub-128154/ses-1/dwi/sub-128154_ses-1_acq-multiband_dir-AP_space-ACPC_desc-preproc_dwi.nii.gz	0.0	0.1975061595439911	0.1411880850791931	0.1607568711042404	0.1975061595439911	0.1607568711042404	0.1411880850791931	0.2458308637142181	0.2458308935165405	sub-128154	ses-1		dir-AP	acq-multiband	space-ACPC			DSIStudio	autotrackgqi
ProjectionBasalGanglia_FornixR	rd	TORTOISE_model-tensor	/scratch/grmpy/SLURM_11194840_55/job-11194840-55-sub-128154/ds/inputs/data/qsiprep/qsiprep/sub-128154/ses-1/dwi/sub-128154_ses-1_acq-multiband_dir-AP_space-ACPC_desc-preproc_dwi.nii.gz	0.0	784.0370960048285	366.3497859180905	678.2855703068269	784.0370960048285	678.2855703068269	366.3497859180905	703.4283662170376	703.4284265859233	sub-128154	ses-1		dir-AP	acq-multiband	space-ACPC			DSIStudio	autotrackgqi
ProjectionBasalGanglia_AnsaSubthalamicaR	ad	TORTOISE_model-tensor	/scratch/grmpy/SLURM_11194840_55/job-11194840-55-sub-128154/ds/inputs/data/qsiprep/qsiprep/sub-128154/ses-1/dwi/sub-128154_ses-1_acq-multiband_dir-AP_space-ACPC_desc-preproc_dwi.nii.gz	0.0	1082.8716775908492	295.9873787907364	1010.1195064745672	1082.8716775908492	1010.1195064745672	295.9873787907364	1060.264171121354	1060.2642643485403	sub-128154	ses-1		dir-AP	acq-multiband	space-ACPC			DSIStudio	autotrackgqi
ProjectionBasalGanglia_AnsaSubthalamicaR	am	TORTOISE_model-tensor	/scratch/grmpy/SLURM_11194840_55/job-11194840-55-sub-128154/ds/inputs/data/qsiprep/qsiprep/sub-128154/ses-1/dwi/sub-128154_ses-1_acq-multiband_dir-AP_space-ACPC_desc-preproc_dwi.nii.gz	0.0	7314.2373046875	2054.511962890625	7126.77001953125	7314.2373046875	7126.77001953125	2054.511962890625	7061.63671875	7061.6376953125	sub-128154	ses-1		dir-AP	acq-multiband	space-ACPC			DSIStudio	autotrackgqi
ProjectionBasalGanglia_AnsaSubthalamicaR	fa	TORTOISE_model-tensor	/scratch/grmpy/SLURM_11194840_55/job-11194840-55-sub-128154/ds/inputs/data/qsiprep/qsiprep/sub-128154/ses-1/dwi/sub-128154_ses-1_acq-multiband_dir-AP_space-ACPC_desc-preproc_dwi.nii.gz	0.0	0.3245887976422875	0.1507669418590686	0.3103659802087412	0.3245887976422875	0.3103659802087412	0.1507669418590686	0.3771881643128174	0.3771881974000589	sub-128154	ses-1		dir-AP	acq-multiband	space-ACPC			DSIStudio	autotrackgqi
ProjectionBasalGanglia_AnsaSubthalamicaR	li	TORTOISE_model-tensor	/scratch/grmpy/SLURM_11194840_55/job-11194840-55-sub-128154/ds/inputs/data/qsiprep/qsiprep/sub-128154/ses-1/dwi/sub-128154_ses-1_acq-multiband_dir-AP_space-ACPC_desc-preproc_dwi.nii.gz	0.0	0.1924261599779129	0.1099119111895561	0.1734233051538467	0.1924261599779129	0.1734233051538467	0.1099119111895561	0.2321540415287017	0.2321540564298629	sub-128154	ses-1		dir-AP	acq-multiband	space-ACPC			DSIStudio	autotrackgqi
ProjectionBasalGanglia_AnsaSubthalamicaR	rd	TORTOISE_model-tensor	/scratch/grmpy/SLURM_11194840_55/job-11194840-55-sub-128154/ds/inputs/data/qsiprep/qsiprep/sub-128154/ses-1/dwi/sub-128154_ses-1_acq-multiband_dir-AP_space-ACPC_desc-preproc_dwi.nii.gz	0.0	658.1049138173865	262.0182004562423	586.1332765920627	658.1049138173865	586.1332765920627	262.0182004562423	569.5988290480574	569.5988794132799	sub-128154	ses-1		dir-AP	acq-multiband	space-ACPC			DSIStudio	autotrackgqi
ProjectionBrainstem_MedialLemniscusR	ad	TORTOISE_model-tensor	/scratch/grmpy/SLURM_11194840_55/job-11194840-55-sub-128154/ds/inputs/data/qsiprep/qsiprep/sub-128154/ses-1/dwi/sub-128154_ses-1_acq-multiband_dir-AP_space-ACPC_desc-preproc_dwi.nii.gz	0.0	996.5687815164064	179.2523744533544	967.9971470684184	996.5687815164064	967.9971470684184	179.2523744533544	1046.8064545933858	1046.8064545933858	sub-128154	ses-1		dir-AP	acq-multiband	space-ACPC			DSIStudio	autotrackgqi
ProjectionBrainstem_MedialLemniscusR	am	TORTOISE_model-tensor	/scratch/grmpy/SLURM_11194840_55/job-11194840-55-sub-128154/ds/inputs/data/qsiprep/qsiprep/sub-128154/ses-1/dwi/sub-128154_ses-1_acq-multiband_dir-AP_space-ACPC_desc-preproc_dwi.nii.gz	0.0	6744.56494140625	757.0808715820312	6692.7109375	6744.56494140625	6692.7109375	757.0808715820312	6684.212890625	6684.212890625	sub-128154	ses-1		dir-AP	acq-multiband	space-ACPC			DSIStudio	autotrackgqi
ProjectionBrainstem_MedialLemniscusR	fa	TORTOISE_model-tensor	/scratch/grmpy/SLURM_11194840_55/job-11194840-55-sub-128154/ds/inputs/data/qsiprep/qsiprep/sub-128154/ses-1/dwi/sub-128154_ses-1_acq-multiband_dir-AP_space-ACPC_desc-preproc_dwi.nii.gz	0.0	0.4154203918928448	0.1728213927158189	0.4296542030408291	0.4154203918928448	0.4296542030408291	0.1728213927158189	0.5026810796180508	0.5026810796180508	sub-128154	ses-1		dir-AP	acq-multiband	space-ACPC			DSIStudio	autotrackgqi
ProjectionBrainstem_MedialLemniscusR	li	TORTOISE_model-tensor	/scratch/grmpy/SLURM_11194840_55/job-11194840-55-sub-128154/ds/inputs/data/qsiprep/qsiprep/sub-128154/ses-1/dwi/sub-128154_ses-1_acq-multiband_dir-AP_space-ACPC_desc-preproc_dwi.nii.gz	0.0	0.2596430480480194	0.1413648873567581	0.2572140097618103	0.2596430480480194	0.2572140097618103	0.1413648873567581	0.3311928510665893	0.3311928510665893	sub-128154	ses-1		dir-AP	acq-multiband	space-ACPC			DSIStudio	autotrackgqi
ProjectionBrainstem_MedialLemniscusR	rd	TORTOISE_model-tensor	/scratch/grmpy/SLURM_11194840_55/job-11194840-55-sub-128154/ds/inputs/data/qsiprep/qsiprep/sub-128154/ses-1/dwi/sub-128154_ses-1_acq-multiband_dir-AP_space-ACPC_desc-preproc_dwi.nii.gz	0.0	510.0772251822194	162.45901089759337	482.71894067211576	510.0772251822194	482.71894067211576	162.45901089759337	445.1386570892805	445.1386570892805	sub-128154	ses-1		dir-AP	acq-multiband	space-ACPC			DSIStudio	autotrackgqi
ProjectionBrainstem_CorticospinalTractL	ad	TORTOISE_model-tensor	/scratch/grmpy/SLURM_11194840_55/job-11194840-55-sub-128154/ds/inputs/data/qsiprep/qsiprep/sub-128154/ses-1/dwi/sub-128154_ses-1_acq-multiband_dir-AP_space-ACPC_desc-preproc_dwi.nii.gz	0.0	978.8591843801264	213.55301360615616	930.911372310786	978.8591843801264	930.911372310786	213.55301360615616	1019.2148389877212	1019.2148389877212	sub-128154	ses-1		dir-AP	acq-multiband	space-ACPC			DSIStudio	autotrackgqi
ProjectionBrainstem_CorticospinalTractL	am	TORTOISE_model-tensor	/scratch/grmpy/SLURM_11194840_55/job-11194840-55-sub-128154/ds/inputs/data/qsiprep/qsiprep/sub-128154/ses-1/dwi/sub-128154_ses-1_acq-multiband_dir-AP_space-ACPC_desc-preproc_dwi.nii.gz	0.0	6595.29150390625	742.8862915039062	6550.728515625	6595.29150390625	6550.728515625	742.8862915039062	6544.70166015625	6544.70166015625	sub-128154	ses-1		dir-AP	acq-multiband	space-ACPC			DSIStudio	autotrackgqi
ProjectionBrainstem_CorticospinalTractL	fa	TORTOISE_model-tensor	/scratch/grmpy/SLURM_11194840_55/job-11194840-55-sub-128154/ds/inputs/data/qsiprep/qsiprep/sub-128154/ses-1/dwi/sub-128154_ses-1_acq-multiband_dir-AP_space-ACPC_desc-preproc_dwi.nii.gz	0.0	0.454314032609514	0.191932047451832	0.459276155426267	0.454314032609514	0.459276155426267	0.191932047451832	0.5326975091581738	0.5326975091581738	sub-128154	ses-1		dir-AP	acq-multiband	space-ACPC			DSIStudio	autotrackgqi
ProjectionBrainstem_CorticospinalTractL	li	TORTOISE_model-tensor	/scratch/grmpy/SLURM_11194840_55/job-11194840-55-sub-128154/ds/inputs/data/qsiprep/qsiprep/sub-128154/ses-1/dwi/sub-128154_ses-1_acq-multiband_dir-AP_space-ACPC_desc-preproc_dwi.nii.gz	0.0	0.2980311810970306	0.1660681664943695	0.2832566499710083	0.2980311810970306	0.2832566499710083	0.1660681664943695	0.3668425679206848	0.3668425679206848	sub-128154	ses-1		dir-AP	acq-multiband	space-ACPC			DSIStudio	autotrackgqi
ProjectionBrainstem_CorticospinalTractL	rd	TORTOISE_model-tensor	/scratch/grmpy/SLURM_11194840_55/job-11194840-55-sub-128154/ds/inputs/data/qsiprep/qsiprep/sub-128154/ses-1/dwi/sub-128154_ses-1_acq-multiband_dir-AP_space-ACPC_desc-preproc_dwi.nii.gz	0.0	459.46303861482494	162.3495698583429	440.33589375294775	459.46303861482494	440.33589375294775	162.3495698583429	392.99954227252033	392.99954227252033	sub-128154	ses-1		dir-AP	acq-multiband	space-ACPC			DSIStudio	autotrackgqi
ProjectionBasalGanglia_FasciculusSubthalamicusR	ad	TORTOISE_model-tensor	/scratch/grmpy/SLURM_11194840_55/job-11194840-55-sub-128154/ds/inputs/data/qsiprep/qsiprep/sub-128154/ses-1/dwi/sub-128154_ses-1_acq-multiband_dir-AP_space-ACPC_desc-preproc_dwi.nii.gz	0.0	984.8871542094804	235.52960440123775	923.5254395848656	984.8871542094804	923.5254395848656	235.52960440123775	971.893222681486	971.893222681486	sub-128154	ses-1		dir-AP	acq-multiband	space-ACPC			DSIStudio	autotrackgqi
ProjectionBasalGanglia_FasciculusSubthalamicusR	am	TORTOISE_model-tensor	/scratch/grmpy/SLURM_11194840_55/job-11194840-55-sub-128154/ds/inputs/data/qsiprep/qsiprep/sub-128154/ses-1/dwi/sub-128154_ses-1_acq-multiband_dir-AP_space-ACPC_desc-preproc_dwi.nii.gz	0.0	6500.8623046875	1505.2327880859375	6231.90966796875	6500.8623046875	6231.90966796875	1505.2327880859375	6481.251953125	6481.251953125	sub-128154	ses-1		dir-AP	acq-multiband	space-ACPC			DSIStudio	autotrackgqi
ProjectionBasalGanglia_FasciculusSubthalamicusR	fa	TORTOISE_model-tensor	/scratch/grmpy/SLURM_11194840_55/job-11194840-55-sub-128154/ds/inputs/data/qsiprep/qsiprep/sub-128154/ses-1/dwi/sub-128154_ses-1_acq-multiband_dir-AP_space-ACPC_desc-preproc_dwi.nii.gz	0.0	0.380794681577033	0.1634622819490989	0.3510861529821427	0.380794681577033	0.3510861529821427	0.1634622819490989	0.388578906940613	0.388578906940613	sub-128154	ses-1		dir-AP	acq-multiband	space-ACPC			DSIStudio	autotrackgqi
ProjectionBasalGanglia_FasciculusSubthalamicusR	li	TORTOISE_model-tensor	/scratch/grmpy/SLURM_11194840_55/job-11194840-55-sub-128154/ds/inputs/data/qsiprep/qsiprep/sub-128154/ses-1/dwi/sub-128154_ses-1_acq-multiband_dir-AP_space-ACPC_desc-preproc_dwi.nii.gz	0.0	0.2392653673887252	0.1260082423686981	0.206961378455162	0.2392653673887252	0.206961378455162	0.1260082423686981	0.243216261267662	0.243216261267662	sub-128154	ses-1		dir-AP	acq-multiband	space-ACPC			DSIStudio	autotrackgqi
ProjectionBasalGanglia_FasciculusSubthalamicusR	rd	TORTOISE_model-tensor	/scratch/grmpy/SLURM_11194840_55/job-11194840-55-sub-128154/ds/inputs/data/qsiprep/qsiprep/sub-128154/ses-1/dwi/sub-128154_ses-1_acq-multiband_dir-AP_space-ACPC_desc-preproc_dwi.nii.gz	0.0	536.5501243556478	195.87572077489736	509.2718724440125	536.5501243556478	509.2718724440125	195.87572077489736	522.9472602747319	522.9472602747319	sub-128154	ses-1		dir-AP	acq-multiband	space-ACPC			DSIStudio	autotrackgqi
ProjectionBasalGanglia_OpticRadiationR	ad	TORTOISE_model-tensor	/scratch/grmpy/SLURM_11194840_55/job-11194840-55-sub-128154/ds/inputs/data/qsiprep/qsiprep/sub-128154/ses-1/dwi/sub-128154_ses-1_acq-multiband_dir-AP_space-ACPC_desc-preproc_dwi.nii.gz	0.0018159806295399	1104.3262900861391	309.6794880630028	1020.9993096277232	1106.3353736945433	1021.7997163124548	306.3545934990349	1174.2017725843964	1174.2143709203792	sub-128154	ses-1		dir-AP	acq-multiband	space-ACPC			DSIStudio	autotrackgqi
ProjectionBasalGanglia_OpticRadiationR	am	TORTOISE_model-tensor	/scratch/grmpy/SLURM_11194840_55/job-11194840-55-sub-128154/ds/inputs/data/qsiprep/qsiprep/sub-128154/ses-1/dwi/sub-128154_ses-1_acq-multiband_dir-AP_space-ACPC_desc-preproc_dwi.nii.gz	0.0018159806295399	6623.5654296875	1428.256591796875	6435.8955078125	6635.61572265625	6439.01953125	1401.309326171875	6096.607421875	6096.6728515625	sub-128154	ses-1		dir-AP	acq-multiband	space-ACPC			DSIStudio	autotrackgqi
ProjectionBasalGanglia_OpticRadiationR	fa	TORTOISE_model-tensor	/scratch/grmpy/SLURM_11194840_55/job-11194840-55-sub-128154/ds/inputs/data/qsiprep/qsiprep/sub-128154/ses-1/dwi/sub-128154_ses-1_acq-multiband_dir-AP_space-ACPC_desc-preproc_dwi.nii.gz	0.0018159806295399	0.4003273052474411	0.2174828602526419	0.3890931770470491	0.4010556144746954	0.3894650330414302	0.2170086448938966	0.5047419912989889	0.5047474066308428	sub-128154	ses-1		dir-AP	acq-multiband	space-ACPC			DSIStudio	autotrackgqi
ProjectionBasalGanglia_OpticRadiationR	li	TORTOISE_model-tensor	/scratch/grmpy/SLURM_11194840_55/job-11194840-55-sub-128154/ds/inputs/data/qsiprep/qsiprep/sub-128154/ses-1/dwi/sub-128154_ses-1_acq-multiband_dir-AP_space-ACPC_desc-preproc_dwi.nii.gz	0.0018159806295399	0.2403219044208526	0.1689092069864273	0.2093255519866943	0.2407591193914413	0.2095627039670944	0.1687511801719665	0.3283413648605346	0.3283448815345764	sub-128154	ses-1		dir-AP	acq-multiband	space-ACPC			DSIStudio	autotrackgqi
ProjectionBasalGanglia_OpticRadiationR	rd	TORTOISE_model-tensor	/scratch/grmpy/SLURM_11194840_55/job-11194840-55-sub-128154/ds/inputs/data/qsiprep/qsiprep/sub-128154/ses-1/dwi/sub-128154_ses-1_acq-multiband_dir-AP_space-ACPC_desc-preproc_dwi.nii.gz	0.0018159806295399	572.5432451207307	258.8403715915512	514.4516696958744	573.5848641233761	514.6707968996606	257.9200847232139	490.4525414449341	490.4578037770245	sub-128154	ses-1		dir-AP	acq-multiband	space-ACPC			DSIStudio	autotrackgqi
Commissure_AnteriorCommissure	ad	TORTOISE_model-tensor	/scratch/grmpy/SLURM_11194840_55/job-11194840-55-sub-128154/ds/inputs/data/qsiprep/qsiprep/sub-128154/ses-1/dwi/sub-128154_ses-1_acq-multiband_dir-AP_space-ACPC_desc-preproc_dwi.nii.gz	0.0	1007.8028649950188	170.6375126753893	976.0919758662884	1007.8028649950188	976.0919758662884	170.6375126753893	1030.7640873437135	1030.7640873437135	sub-128154	ses-1		dir-AP	acq-multiband	space-ACPC			DSIStudio	autotrackgqi
Commissure_AnteriorCommissure	am	TORTOISE_model-tensor	/scratch/grmpy/SLURM_11194840_55/job-11194840-55-sub-128154/ds/inputs/data/qsiprep/qsiprep/sub-128154/ses-1/dwi/sub-128154_ses-1_acq-multiband_dir-AP_space-ACPC_desc-preproc_dwi.nii.gz	0.0	6284.98486328125	1418.952392578125	5947.318359375	6284.98486328125	5947.318359375	1418.952392578125	6300.755859375	6300.755859375	sub-128154	ses-1		dir-AP	acq-multiband	space-ACPC			DSIStudio	autotrackgqi
Commissure_AnteriorCommissure	fa	TORTOISE_model-tensor	/scratch/grmpy/SLURM_11194840_55/job-11194840-55-sub-128154/ds/inputs/data/qsiprep/qsiprep/sub-128154/ses-1/dwi/sub-128154_ses-1_acq-multiband_dir-AP_space-ACPC_desc-preproc_dwi.nii.gz	0.0	0.3211171786903712	0.1516778143853328	0.3156778432029825	0.3211171786903712	0.3156778432029825	0.1516778143853328	0.3347876978581326	0.3347876978581326	sub-128154	ses-1		dir-AP	acq-multiband	space-ACPC			DSIStudio	autotrackgqi
Commissure_AnteriorCommissure	li	TORTOISE_model-tensor	/scratch/grmpy/SLURM_11194840_55/job-11194840-55-sub-128154/ds/inputs/data/qsiprep/qsiprep/sub-128154/ses-1/dwi/sub-128154_ses-1_acq-multiband_dir-AP_space-ACPC_desc-preproc_dwi.nii.gz	0.0	0.1877653300762176	0.1122863292694091	0.1678074896335601	0.1877653300762176	0.1678074896335601	0.1122863292694091	0.1962640881538391	0.1962640881538391	sub-128154	ses-1		dir-AP	acq-multiband	space-ACPC			DSIStudio	autotrackgqi
Commissure_AnteriorCommissure	rd	TORTOISE_model-tensor	/scratch/grmpy/SLURM_11194840_55/job-11194840-55-sub-128154/ds/inputs/data/qsiprep/qsiprep/sub-128154/ses-1/dwi/sub-128154_ses-1_acq-multiband_dir-AP_space-ACPC_desc-preproc_dwi.nii.gz	0.0	611.9337533708901	154.6568460050933	601.6581976111898	611.9337533708901	601.6581976111898	154.6568460050933	610.2393069995024	610.2393069995024	sub-128154	ses-1		dir-AP	acq-multiband	space-ACPC			DSIStudio	autotrackgqi
Commissure_CorpusCallosum	ad	TORTOISE_model-tensor	/scratch/grmpy/SLURM_11194840_55/job-11194840-55-sub-128154/ds/inputs/data/qsiprep/qsiprep/sub-128154/ses-1/dwi/sub-128154_ses-1_acq-multiband_dir-AP_space-ACPC_desc-preproc_dwi.nii.gz	0.0001211387038158	1026.0004545219235	242.1818923163217	957.7492334162756	1026.1247579450544	957.7639508365434	241.93309827791705	1138.0292789063128	1138.0356545992963	sub-128154	ses-1		dir-AP	acq-multiband	space-ACPC			DSIStudio	autotrackgqi
Commissure_CorpusCallosum	am	TORTOISE_model-tensor	/scratch/grmpy/SLURM_11194840_55/job-11194840-55-sub-128154/ds/inputs/data/qsiprep/qsiprep/sub-128154/ses-1/dwi/sub-128154_ses-1_acq-multiband_dir-AP_space-ACPC_desc-preproc_dwi.nii.gz	9.085402786190188e-05	6765.7646484375	1225.8193359375	6614.02685546875	6766.37939453125	6614.0986328125	1224.1771240234375	6248.7578125	6248.7900390625	sub-128154	ses-1		dir-AP	acq-multiband	space-ACPC			DSIStudio	autotrackgqi
Commissure_CorpusCallosum	fa	TORTOISE_model-tensor	/scratch/grmpy/SLURM_11194840_55/job-11194840-55-sub-128154/ds/inputs/data/qsiprep/qsiprep/sub-128154/ses-1/dwi/sub-128154_ses-1_acq-multiband_dir-AP_space-ACPC_desc-preproc_dwi.nii.gz	0.0001211387038158	0.3446960113611836	0.2071225831146115	0.3088142739941312	0.3447377724480943	0.3088450621467379	0.2071003748510921	0.5013430508392996	0.5013458595539335	sub-128154	ses-1		dir-AP	acq-multiband	space-ACPC			DSIStudio	autotrackgqi
Commissure_CorpusCallosum	li	TORTOISE_model-tensor	/scratch/grmpy/SLURM_11194840_55/job-11194840-55-sub-128154/ds/inputs/data/qsiprep/qsiprep/sub-128154/ses-1/dwi/sub-128154_ses-1_acq-multiband_dir-AP_space-ACPC_desc-preproc_dwi.nii.gz	0.0002725620835857	0.2105468809604644	0.1738175898790359	0.1591158211231231	0.2106042802333831	0.159211978316307	0.1738065034151077	0.3499113619327545	0.3499286770820617	sub-128154	ses-1		dir-AP	acq-multiband	space-ACPC			DSIStudio	autotrackgqi
Commissure_CorpusCallosum	rd	TORTOISE_model-tensor	/scratch/grmpy/SLURM_11194840_55/job-11194840-55-sub-128154/ds/inputs/data/qsiprep/qsiprep/sub-128154/ses-1/dwi/sub-128154_ses-1_acq-multiband_dir-AP_space-ACPC_desc-preproc_dwi.nii.gz	0.0001211387038158	594.7885225067797	228.2872576508675	576.0798833092649	594.8605831467733	576.0899941047205	228.20718632102023	473.2995027032874	473.3021543326688	sub-128154	ses-1		dir-AP	acq-multiband	space-ACPC			DSIStudio	autotrackgqi
Cerebellum_SuperiorCerebellarPeduncle	ad	TORTOISE_model-tensor	/scratch/grmpy/SLURM_11194840_55/job-11194840-55-sub-128154/ds/inputs/data/qsiprep/qsiprep/sub-128154/ses-1/dwi/sub-128154_ses-1_acq-multiband_dir-AP_space-ACPC_desc-preproc_dwi.nii.gz	0.0	1020.9628709481968	400.9551762984002	864.9458538150177	1020.9628709481968	864.9458538150177	400.9551762984002	1167.6533224874263	1167.6533224874263	sub-128154	ses-1		dir-AP	acq-multiband	space-ACPC			DSIStudio	autotrackgqi
Cerebellum_SuperiorCerebellarPeduncle	am	TORTOISE_model-tensor	/scratch/grmpy/SLURM_11194840_55/job-11194840-55-sub-128154/ds/inputs/data/qsiprep/qsiprep/sub-128154/ses-1/dwi/sub-128154_ses-1_acq-multiband_dir-AP_space-ACPC_desc-preproc_dwi.nii.gz	0.0	7378.52197265625	2045.58447265625	6917.93359375	7378.52197265625	6917.93359375	2045.58447265625	7560.447265625	7560.447265625	sub-128154	ses-1		dir-AP	acq-multiband	space-ACPC			DSIStudio	autotrackgqi
Cerebellum_SuperiorCerebellarPeduncle	fa	TORTOISE_model-tensor	/scratch/grmpy/SLURM_11194840_55/job-11194840-55-sub-128154/ds/inputs/data/qsiprep/qsiprep/sub-128154/ses-1/dwi/sub-128154_ses-1_acq-multiband_dir-AP_space-ACPC_desc-preproc_dwi.nii.gz	0.0	0.3295224234192159	0.1654670245017184	0.2994131990336363	0.3295224234192159	0.2994131990336363	0.1654670245017184	0.440067557087346	0.440067557087346	sub-128154	ses-1		dir-AP	acq-multiband	space-ACPC			DSIStudio	autotrackgqi
Cerebellum_SuperiorCerebellarPeduncle	li	TORTOISE_model-tensor	/scratch/grmpy/SLURM_11194840_55/job-11194840-55-sub-128154/ds/inputs/data/qsiprep/qsiprep/sub-128154/ses-1/dwi/sub-128154_ses-1_acq-multiband_dir-AP_space-ACPC_desc-preproc_dwi.nii.gz	0.0	0.1830325573682785	0.1123344525694847	0.1609515845775604	0.1830325573682785	0.1609515845775604	0.1123344525694847	0.258266270160675	0.258266270160675	sub-128154	ses-1		dir-AP	acq-multiband	space-ACPC			DSIStudio	autotrackgqi
Cerebellum_SuperiorCerebellarPeduncle	rd	TORTOISE_model-tensor	/scratch/grmpy/SLURM_11194840_55/job-11194840-55-sub-128154/ds/inputs/data/qsiprep/qsiprep/sub-128154/ses-1/dwi/sub-128154_ses-1_acq-multiband_dir-AP_space-ACPC_desc-preproc_dwi.nii.gz	0.0	626.1230703943136	349.2043681506133	518.0289966421831	626.1230703943136	518.0289966421831	349.2043681506133	565.8478871084737	565.8478871084737	sub-128154	ses-1		dir-AP	acq-multiband	space-ACPC			DSIStudio	autotrackgqi
Cerebellum_InferiorCerebellarPeduncleR	ad	TORTOISE_model-tensor	/scratch/grmpy/SLURM_11194840_55/job-11194840-55-sub-128154/ds/inputs/data/qsiprep/qsiprep/sub-128154/ses-1/dwi/sub-128154_ses-1_acq-multiband_dir-AP_space-ACPC_desc-preproc_dwi.nii.gz	0.0005813953488372	888.0676995330243	264.6610817813902	807.1335296167283	888.5843183227469	807.2416322378051	263.86962058228244	959.7629285014063	959.9534648545974	sub-128154	ses-1		dir-AP	acq-multiband	space-ACPC			DSIStudio	autotrackgqi
Cerebellum_InferiorCerebellarPeduncleR	am	TORTOISE_model-tensor	/scratch/grmpy/SLURM_11194840_55/job-11194840-55-sub-128154/ds/inputs/data/qsiprep/qsiprep/sub-128154/ses-1/dwi/sub-128154_ses-1_acq-multiband_dir-AP_space-ACPC_desc-preproc_dwi.nii.gz	0.0	7118.427734375	1310.8037109375	7080.99658203125	7118.427734375	7080.99658203125	1310.8037109375	6870.9599609375	6870.9599609375	sub-128154	ses-1		dir-AP	acq-multiband	space-ACPC			DSIStudio	autotrackgqi
Cerebellum_InferiorCerebellarPeduncleR	fa	TORTOISE_model-tensor	/scratch/grmpy/SLURM_11194840_55/job-11194840-55-sub-128154/ds/inputs/data/qsiprep/qsiprep/sub-128154/ses-1/dwi/sub-128154_ses-1_acq-multiband_dir-AP_space-ACPC_desc-preproc_dwi.nii.gz	0.0005813953488372	0.306720470242319	0.1631097642624017	0.2582682733391978	0.3068988998352465	0.2585495698590843	0.1629893010425916	0.4085216202047301	0.4086027218486086	sub-128154	ses-1		dir-AP	acq-multiband	space-ACPC			DSIStudio	autotrackgqi
Cerebellum_InferiorCerebellarPeduncleR	li	TORTOISE_model-tensor	/scratch/grmpy/SLURM_11194840_55/job-11194840-55-sub-128154/ds/inputs/data/qsiprep/qsiprep/sub-128154/ses-1/dwi/sub-128154_ses-1_acq-multiband_dir-AP_space-ACPC_desc-preproc_dwi.nii.gz	0.0011627906976744	0.1696915030479431	0.1121809333562851	0.1355904936790466	0.1698890477418899	0.1356367468833923	0.1120966151356697	0.2359184473752975	0.2361521571874618	sub-128154	ses-1		dir-AP	acq-multiband	space-ACPC			DSIStudio	autotrackgqi
Cerebellum_InferiorCerebellarPeduncleR	rd	TORTOISE_model-tensor	/scratch/grmpy/SLURM_11194840_55/job-11194840-55-sub-128154/ds/inputs/data/qsiprep/qsiprep/sub-128154/ses-1/dwi/sub-128154_ses-1_acq-multiband_dir-AP_space-ACPC_desc-preproc_dwi.nii.gz	0.0005813953488372	546.8370989739813	206.99938752005053	510.1463154935079	547.155212469603	510.1763243029108	206.63885290635028	485.88680949255456	485.9832696831632	sub-128154	ses-1		dir-AP	acq-multiband	space-ACPC			DSIStudio	autotrackgqi
Cerebellum_CerebellumR	ad	TORTOISE_model-tensor	/scratch/grmpy/SLURM_11194840_55/job-11194840-55-sub-128154/ds/inputs/data/qsiprep/qsiprep/sub-128154/ses-1/dwi/sub-128154_ses-1_acq-multiband_dir-AP_space-ACPC_desc-preproc_dwi.nii.gz	0.0053263606430369	789.6073705555311	161.13017072915275	757.7937313748478	793.8356253876365	758.4377511726584	150.81585147027337	783.8640749153319	784.8464649215975	sub-128154	ses-1		dir-AP	acq-multiband	space-ACPC			DSIStudio	autotrackgqi
Cerebellum_CerebellumR	am	TORTOISE_model-tensor	/scratch/grmpy/SLURM_11194840_55/job-11194840-55-sub-128154/ds/inputs/data/qsiprep/qsiprep/sub-128154/ses-1/dwi/sub-128154_ses-1_acq-multiband_dir-AP_space-ACPC_desc-preproc_dwi.nii.gz	0.0053263606430369	7039.57177734375	1371.3961181640625	7278.1923828125	7077.267578125	7286.0185546875	1274.36767578125	7206.82763671875	7215.859375	sub-128154	ses-1		dir-AP	acq-multiband	space-ACPC			DSIStudio	autotrackgqi
Cerebellum_CerebellumR	fa	TORTOISE_model-tensor	/scratch/grmpy/SLURM_11194840_55/job-11194840-55-sub-128154/ds/inputs/data/qsiprep/qsiprep/sub-128154/ses-1/dwi/sub-128154_ses-1_acq-multiband_dir-AP_space-ACPC_desc-preproc_dwi.nii.gz	0.0053263606430369	0.2399953940371031	0.1082203335137786	0.2183637586264468	0.2412805412157654	0.218659404838566	0.1070713502312557	0.2480821973120666	0.2483931102530375	sub-128154	ses-1		dir-AP	acq-multiband	space-ACPC			DSIStudio	autotrackgqi
Cerebellum_CerebellumR	li	TORTOISE_model-tensor	/scratch/grmpy/SLURM_11194840_55/job-11194840-55-sub-128154/ds/inputs/data/qsiprep/qsiprep/sub-128154/ses-1/dwi/sub-128154_ses-1_acq-multiband_dir-AP_space-ACPC_desc-preproc_dwi.nii.gz	0.0053263606430369	0.1351192593574524	0.0782422795891761	0.1206376552581787	0.1358428001403808	0.1208466216921806	0.0778225436806678	0.1422817111015319	0.1424600332975387	sub-128154	ses-1		dir-AP	acq-multiband	space-ACPC			DSIStudio	autotrackgqi
Cerebellum_CerebellumR	rd	TORTOISE_model-tensor	/scratch/grmpy/SLURM_11194840_55/job-11194840-55-sub-128154/ds/inputs/data/qsiprep/qsiprep/sub-128154/ses-1/dwi/sub-128154_ses-1_acq-multiband_dir-AP_space-ACPC_desc-preproc_dwi.nii.gz	0.0053263606430369	538.8013773336891	127.64803517576335	522.4228868243301	541.6865954968039	522.8034584711703	121.73080731844448	527.2055325928113	527.8662612244864	sub-128154	ses-1		dir-AP	acq-multiband	space-ACPC			DSIStudio	autotrackgqi
Cerebellum_InferiorCerebellarPeduncleL	ad	TORTOISE_model-tensor	/scratch/grmpy/SLURM_11194840_55/job-11194840-55-sub-128154/ds/inputs/data/qsiprep/qsiprep/sub-128154/ses-1/dwi/sub-128154_ses-1_acq-multiband_dir-AP_space-ACPC_desc-preproc_dwi.nii.gz	0.0024112986565621	889.276939499212	288.37994917782527	795.7030716019385	891.4264348640236	797.1107851927854	285.3907735453179	968.3329189082388	969.0601254881216	sub-128154	ses-1		dir-AP	acq-multiband	space-ACPC			DSIStudio	autotrackgqi
Cerebellum_InferiorCerebellarPeduncleL	am	TORTOISE_model-tensor	/scratch/grmpy/SLURM_11194840_55/job-11194840-55-sub-128154/ds/inputs/data/qsiprep/qsiprep/sub-128154/ses-1/dwi/sub-128154_ses-1_acq-multiband_dir-AP_space-ACPC_desc-preproc_dwi.nii.gz	0.0	7172.13232421875	1411.1771240234375	7150.77685546875	7172.13232421875	7150.77685546875	1411.1771240234375	6966.8447265625	6966.8447265625	sub-128154	ses-1		dir-AP	acq-multiband	space-ACPC			DSIStudio	autotrackgqi
Cerebellum_InferiorCerebellarPeduncleL	fa	TORTOISE_model-tensor	/scratch/grmpy/SLURM_11194840_55/job-11194840-55-sub-128154/ds/inputs/data/qsiprep/qsiprep/sub-128154/ses-1/dwi/sub-128154_ses-1_acq-multiband_dir-AP_space-ACPC_desc-preproc_dwi.nii.gz	0.0024112986565621	0.3025189016459867	0.1543134186770553	0.2566117113474978	0.3032501282728934	0.2570624991562605	0.1537805084231413	0.3818543112552555	0.3821410797196938	sub-128154	ses-1		dir-AP	acq-multiband	space-ACPC			DSIStudio	autotrackgqi
Cerebellum_InferiorCerebellarPeduncleL	li	TORTOISE_model-tensor	/scratch/grmpy/SLURM_11194840_55/job-11194840-55-sub-128154/ds/inputs/data/qsiprep/qsiprep/sub-128154/ses-1/dwi/sub-128154_ses-1_acq-multiband_dir-AP_space-ACPC_desc-preproc_dwi.nii.gz	0.0031002411298656	0.1687287092208862	0.1073419377207756	0.1344722658395767	0.1692534387111663	0.1347561180591583	0.1070948764681816	0.2253439128398895	0.2256365567445755	sub-128154	ses-1		dir-AP	acq-multiband	space-ACPC			DSIStudio	autotrackgqi
Cerebellum_InferiorCerebellarPeduncleL	rd	TORTOISE_model-tensor	/scratch/grmpy/SLURM_11194840_55/job-11194840-55-sub-128154/ds/inputs/data/qsiprep/qsiprep/sub-128154/ses-1/dwi/sub-128154_ses-1_acq-multiband_dir-AP_space-ACPC_desc-preproc_dwi.nii.gz	0.0024112986565621	561.2001192186059	252.2245001174785	503.1230025863756	562.5566112194797	503.3654270418944	251.013676458045	537.1685163972932	537.5719233224766	sub-128154	ses-1		dir-AP	acq-multiband	space-ACPC			DSIStudio	autotrackgqi
Cerebellum_Vermis	ad	TORTOISE_model-tensor	/scratch/grmpy/SLURM_11194840_55/job-11194840-55-sub-128154/ds/inputs/data/qsiprep/qsiprep/sub-128154/ses-1/dwi/sub-128154_ses-1_acq-multiband_dir-AP_space-ACPC_desc-preproc_dwi.nii.gz	0.0044735030970406	759.1819850334414	149.77100846179405	733.7663241635328	762.5934491901766	734.0504052027807	141.17575008535934	751.6432924347312	751.9628627655	sub-128154	ses-1		dir-AP	acq-multiband	space-ACPC			DSIStudio	autotrackgqi
Cerebellum_Vermis	am	TORTOISE_model-tensor	/scratch/grmpy/SLURM_11194840_55/job-11194840-55-sub-128154/ds/inputs/data/qsiprep/qsiprep/sub-128154/ses-1/dwi/sub-128154_ses-1_acq-multiband_dir-AP_space-ACPC_desc-preproc_dwi.nii.gz	0.0044735030970406	6679.51708984375	1486.3319091796875	7033.90966796875	6709.53173828125	7037.3173828125	1420.4654541015625	7073.8798828125	7076.8876953125	sub-128154	ses-1		dir-AP	acq-multiband	space-ACPC			DSIStudio	autotrackgqi
Cerebellum_Vermis	fa	TORTOISE_model-tensor	/scratch/grmpy/SLURM_11194840_55/job-11194840-55-sub-128154/ds/inputs/data/qsiprep/qsiprep/sub-128154/ses-1/dwi/sub-128154_ses-1_acq-multiband_dir-AP_space-ACPC_desc-preproc_dwi.nii.gz	0.0044735030970406	0.2275116914336315	0.0825252496978797	0.2160501219207102	0.2285340391656181	0.2162835271524048	0.0812857853868616	0.2218140124992603	0.2219083194596396	sub-128154	ses-1		dir-AP	acq-multiband	space-ACPC			DSIStudio	autotrackgqi
Cerebellum_Vermis	li	TORTOISE_model-tensor	/scratch/grmpy/SLURM_11194840_55/job-11194840-55-sub-128154/ds/inputs/data/qsiprep/qsiprep/sub-128154/ses-1/dwi/sub-128154_ses-1_acq-multiband_dir-AP_space-ACPC_desc-preproc_dwi.nii.gz	0.0049896765313145	0.1184006035327911	0.0512968860566616	0.1138709336519241	0.11899434030056	0.1140347272157669	0.0507337562739849	0.1159907430410385	0.1160613819956779	sub-128154	ses-1		dir-AP	acq-multiband	space-ACPC			DSIStudio	autotrackgqi
Cerebellum_Vermis	rd	TORTOISE_model-tensor	/scratch/grmpy/SLURM_11194840_55/job-11194840-55-sub-128154/ds/inputs/data/qsiprep/qsiprep/sub-128154/ses-1/dwi/sub-128154_ses-1_acq-multiband_dir-AP_space-ACPC_desc-preproc_dwi.nii.gz	0.0044735030970406	532.0886731229374	124.55651470266788	512.6531922255726	534.4796695801092	512.8255607854439	119.60811683329598	528.4571068056806	528.6817867844145	sub-128154	ses-1		dir-AP	acq-multiband	space-ACPC			DSIStudio	autotrackgqi
Cerebellum_MiddleCerebellarPeduncle	ad	TORTOISE_model-tensor	/scratch/grmpy/SLURM_11194840_55/job-11194840-55-sub-128154/ds/inputs/data/qsiprep/qsiprep/sub-128154/ses-1/dwi/sub-128154_ses-1_acq-multiband_dir-AP_space-ACPC_desc-preproc_dwi.nii.gz	0.0006734006734006	851.3189599850909	238.1313398740253	775.0322472401593	851.8926250524663	775.1073451441121	237.1835701326721	940.490484408235	940.5060688062152	sub-128154	ses-1		dir-AP	acq-multiband	space-ACPC			DSIStudio	autotrackgqi
Cerebellum_MiddleCerebellarPeduncle	am	TORTOISE_model-tensor	/scratch/grmpy/SLURM_11194840_55/job-11194840-55-sub-128154/ds/inputs/data/qsiprep/qsiprep/sub-128154/ses-1/dwi/sub-128154_ses-1_acq-multiband_dir-AP_space-ACPC_desc-preproc_dwi.nii.gz	0.0006734006734006	6783.22802734375	1211.985595703125	6722.91259765625	6787.798828125	6723.73583984375	1199.5301513671875	6471.3046875	6471.412109375	sub-128154	ses-1		dir-AP	acq-multiband	space-ACPC			DSIStudio	autotrackgqi
Cerebellum_MiddleCerebellarPeduncle	fa	TORTOISE_model-tensor	/scratch/grmpy/SLURM_11194840_55/job-11194840-55-sub-128154/ds/inputs/data/qsiprep/qsiprep/sub-128154/ses-1/dwi/sub-128154_ses-1_acq-multiband_dir-AP_space-ACPC_desc-preproc_dwi.nii.gz	0.0006734006734006	0.324624374024634	0.1666430325439395	0.2665081223061252	0.3248431236028178	0.2666299779038918	0.1664858969102053	0.4246337851900507	0.4246408214960572	sub-128154	ses-1		dir-AP	acq-multiband	space-ACPC			DSIStudio	autotrackgqi
Cerebellum_MiddleCerebellarPeduncle	li	TORTOISE_model-tensor	/scratch/grmpy/SLURM_11194840_55/job-11194840-55-sub-128154/ds/inputs/data/qsiprep/qsiprep/sub-128154/ses-1/dwi/sub-128154_ses-1_acq-multiband_dir-AP_space-ACPC_desc-preproc_dwi.nii.gz	0.0006734006734006	0.1913931667804718	0.129520758986473	0.1437306106090545	0.1915221363306045	0.1437664031982422	0.129469022154808	0.2706567049026489	0.2706612050533294	sub-128154	ses-1		dir-AP	acq-multiband	space-ACPC			DSIStudio	autotrackgqi
Cerebellum_MiddleCerebellarPeduncle	rd	TORTOISE_model-tensor	/scratch/grmpy/SLURM_11194840_55/job-11194840-55-sub-128154/ds/inputs/data/qsiprep/qsiprep/sub-128154/ses-1/dwi/sub-128154_ses-1_acq-multiband_dir-AP_space-ACPC_desc-preproc_dwi.nii.gz	0.0006734006734006	509.0033307641802	195.707394261494	486.92483869506793	509.3463249223771	486.9678653588873	195.3266262257697	476.3485592272328	476.3564525692874	sub-128154	ses-1		dir-AP	acq-multiband	space-ACPC			DSIStudio	autotrackgqi
Cerebellum_CerebellumL	ad	TORTOISE_model-tensor	/scratch/grmpy/SLURM_11194840_55/job-11194840-55-sub-128154/ds/inputs/data/qsiprep/qsiprep/sub-128154/ses-1/dwi/sub-128154_ses-1_acq-multiband_dir-AP_space-ACPC_desc-preproc_dwi.nii.gz	0.0134131043134227	775.4677950772058	185.70904550211492	743.5657860416362	786.0106377528446	745.0163907014917	163.30934242344603	772.643135868763	774.8816137182187	sub-128154	ses-1		dir-AP	acq-multiband	space-ACPC			DSIStudio	autotrackgqi
Cerebellum_CerebellumL	am	TORTOISE_model-tensor	/scratch/grmpy/SLURM_11194840_55/job-11194840-55-sub-128154/ds/inputs/data/qsiprep/qsiprep/sub-128154/ses-1/dwi/sub-128154_ses-1_acq-multiband_dir-AP_space-ACPC_desc-preproc_dwi.nii.gz	0.0134131043134227	7109.7265625	1576.4664306640625	7445.85009765625	7206.38671875	7458.978515625	1349.9869384765625	7326.41357421875	7347.6396484375	sub-128154	ses-1		dir-AP	acq-multiband	space-ACPC			DSIStudio	autotrackgqi
Cerebellum_CerebellumL	fa	TORTOISE_model-tensor	/scratch/grmpy/SLURM_11194840_55/job-11194840-55-sub-128154/ds/inputs/data/qsiprep/qsiprep/sub-128154/ses-1/dwi/sub-128154_ses-1_acq-multiband_dir-AP_space-ACPC_desc-preproc_dwi.nii.gz	0.0134131043134227	0.2331621487857099	0.1128863791208354	0.2102744424616092	0.2363320958398192	0.2111141496190036	0.1103060554858706	0.2370139792113318	0.2377006487838636	sub-128154	ses-1		dir-AP	acq-multiband	space-ACPC			DSIStudio	autotrackgqi
Cerebellum_CerebellumL	li	TORTOISE_model-tensor	/scratch/grmpy/SLURM_11194840_55/job-11194840-55-sub-128154/ds/inputs/data/qsiprep/qsiprep/sub-128154/ses-1/dwi/sub-128154_ses-1_acq-multiband_dir-AP_space-ACPC_desc-preproc_dwi.nii.gz	0.0135096014667567	0.1308447271585464	0.0824346244335174	0.1142578348517417	0.1326365917921066	0.1148518770933151	0.0815528184175491	0.1338953822851181	0.1342839747667312	sub-128154	ses-1		dir-AP	acq-multiband	space-ACPC			DSIStudio	autotrackgqi
Cerebellum_CerebellumL	rd	TORTOISE_model-tensor	/scratch/grmpy/SLURM_11194840_55/job-11194840-55-sub-128154/ds/inputs/data/qsiprep/qsiprep/sub-128154/ses-1/dwi/sub-128154_ses-1_acq-multiband_dir-AP_space-ACPC_desc-preproc_dwi.nii.gz	0.0134131043134227	533.5431678857741	143.55385109674452	520.5148568261716	540.7969335681022	521.1877123519964	130.25001049179073	529.8809263994895	531.4160810802077	sub-128154	ses-1		dir-AP	acq-multiband	space-ACPC			DSIStudio	autotrackgqi
CranialNerve_CNVIIR	ad	TORTOISE_model-tensor	/scratch/grmpy/SLURM_11194840_55/job-11194840-55-sub-128154/ds/inputs/data/qsiprep/qsiprep/sub-128154/ses-1/dwi/sub-128154_ses-1_acq-multiband_dir-AP_space-ACPC_desc-preproc_dwi.nii.gz	0.0	966.900257305948	326.18301770479536	838.9650512765825	966.900257305948	838.9650512765825	326.18301770479536	1110.6176695202494	1110.6176695202494	sub-128154	ses-1		dir-AP	acq-multiband	space-ACPC			DSIStudio	autotrackgqi
CranialNerve_CNVIIR	am	TORTOISE_model-tensor	/scratch/grmpy/SLURM_11194840_55/job-11194840-55-sub-128154/ds/inputs/data/qsiprep/qsiprep/sub-128154/ses-1/dwi/sub-128154_ses-1_acq-multiband_dir-AP_space-ACPC_desc-preproc_dwi.nii.gz	0.0	7316.42333984375	1502.997802734375	7005.3154296875	7316.42333984375	7005.3154296875	1502.997802734375	7551.8603515625	7551.8603515625	sub-128154	ses-1		dir-AP	acq-multiband	space-ACPC			DSIStudio	autotrackgqi
CranialNerve_CNVIIR	fa	TORTOISE_model-tensor	/scratch/grmpy/SLURM_11194840_55/job-11194840-55-sub-128154/ds/inputs/data/qsiprep/qsiprep/sub-128154/ses-1/dwi/sub-128154_ses-1_acq-multiband_dir-AP_space-ACPC_desc-preproc_dwi.nii.gz	0.0	0.2959910271921546	0.1858489392039818	0.211725976471493	0.2959910271921546	0.211725976471493	0.1858489392039818	0.3148819555884287	0.3148819555884287	sub-128154	ses-1		dir-AP	acq-multiband	space-ACPC			DSIStudio	autotrackgqi
CranialNerve_CNVIIR	li	TORTOISE_model-tensor	/scratch/grmpy/SLURM_11194840_55/job-11194840-55-sub-128154/ds/inputs/data/qsiprep/qsiprep/sub-128154/ses-1/dwi/sub-128154_ses-1_acq-multiband_dir-AP_space-ACPC_desc-preproc_dwi.nii.gz	0.0	0.1722524315118789	0.1433484554290771	0.1027101278305053	0.1722524315118789	0.1027101278305053	0.1433484554290771	0.1855910718441009	0.1855910718441009	sub-128154	ses-1		dir-AP	acq-multiband	space-ACPC			DSIStudio	autotrackgqi
CranialNerve_CNVIIR	rd	TORTOISE_model-tensor	/scratch/grmpy/SLURM_11194840_55/job-11194840-55-sub-128154/ds/inputs/data/qsiprep/qsiprep/sub-128154/ses-1/dwi/sub-128154_ses-1_acq-multiband_dir-AP_space-ACPC_desc-preproc_dwi.nii.gz	0.0	604.8802557315281	250.48557143650552	535.7388894022615	604.8802557315281	535.7388894022615	250.48557143650552	661.4421627701032	661.4421627701032	sub-128154	ses-1		dir-AP	acq-multiband	space-ACPC			DSIStudio	autotrackgqi
CranialNerve_CNVIIIL	ad	TORTOISE_model-tensor	/scratch/grmpy/SLURM_11194840_55/job-11194840-55-sub-128154/ds/inputs/data/qsiprep/qsiprep/sub-128154/ses-1/dwi/sub-128154_ses-1_acq-multiband_dir-AP_space-ACPC_desc-preproc_dwi.nii.gz	0.0033333333333333	921.2701867177864	303.768567952471	818.156061313817	924.3513579108226	818.8164039765143	299.5594620213695	995.902615466262	997.1251003308324	sub-128154	ses-1		dir-AP	acq-multiband	space-ACPC			DSIStudio	autotrackgqi
CranialNerve_CNVIIIL	am	TORTOISE_model-tensor	/scratch/grmpy/SLURM_11194840_55/job-11194840-55-sub-128154/ds/inputs/data/qsiprep/qsiprep/sub-128154/ses-1/dwi/sub-128154_ses-1_acq-multiband_dir-AP_space-ACPC_desc-preproc_dwi.nii.gz	0.0033333333333333	7396.02490234375	1388.42236328125	7266.6708984375	7420.7607421875	7271.43310546875	1323.104248046875	7222.2587890625	7231.1240234375	sub-128154	ses-1		dir-AP	acq-multiband	space-ACPC			DSIStudio	autotrackgqi
CranialNerve_CNVIIIL	fa	TORTOISE_model-tensor	/scratch/grmpy/SLURM_11194840_55/job-11194840-55-sub-128154/ds/inputs/data/qsiprep/qsiprep/sub-128154/ses-1/dwi/sub-128154_ses-1_acq-multiband_dir-AP_space-ACPC_desc-preproc_dwi.nii.gz	0.0033333333333333	0.3041814205428185	0.1684594420971174	0.2475578866935184	0.3051987497085136	0.2481202257202661	0.1678183771021575	0.3953614318973628	0.3958467440617895	sub-128154	ses-1		dir-AP	acq-multiband	space-ACPC			DSIStudio	autotrackgqi
CranialNerve_CNVIIIL	li	TORTOISE_model-tensor	/scratch/grmpy/SLURM_11194840_55/job-11194840-55-sub-128154/ds/inputs/data/qsiprep/qsiprep/sub-128154/ses-1/dwi/sub-128154_ses-1_acq-multiband_dir-AP_space-ACPC_desc-preproc_dwi.nii.gz	0.0033333333333333	0.1733129918575287	0.1224727630615234	0.1295334696769714	0.1738926321268081	0.1296511143445968	0.1222658902406692	0.2424672394990921	0.2427648603916168	sub-128154	ses-1		dir-AP	acq-multiband	space-ACPC			DSIStudio	autotrackgqi
CranialNerve_CNVIIIL	rd	TORTOISE_model-tensor	/scratch/grmpy/SLURM_11194840_55/job-11194840-55-sub-128154/ds/inputs/data/qsiprep/qsiprep/sub-128154/ses-1/dwi/sub-128154_ses-1_acq-multiband_dir-AP_space-ACPC_desc-preproc_dwi.nii.gz	0.0033333333333333	579.9624657689144	268.6702027511921	519.101189755973	581.9021395674727	520.3786863966903	267.01384701113614	540.4532414196909	541.1166552859177	sub-128154	ses-1		dir-AP	acq-multiband	space-ACPC			DSIStudio	autotrackgqi
CranialNerve_CNIIIL	ad	TORTOISE_model-tensor	/scratch/grmpy/SLURM_11194840_55/job-11194840-55-sub-128154/ds/inputs/data/qsiprep/qsiprep/sub-128154/ses-1/dwi/sub-128154_ses-1_acq-multiband_dir-AP_space-ACPC_desc-preproc_dwi.nii.gz	0.0	1225.0884016648597	488.230079101364	1055.3608900507463	1225.0884016648597	1055.3608900507463	488.230079101364	1149.4434779415535	1149.4434779415535	sub-128154	ses-1		dir-AP	acq-multiband	space-ACPC			DSIStudio	autotrackgqi
CranialNerve_CNIIIL	am	TORTOISE_model-tensor	/scratch/grmpy/SLURM_11194840_55/job-11194840-55-sub-128154/ds/inputs/data/qsiprep/qsiprep/sub-128154/ses-1/dwi/sub-128154_ses-1_acq-multiband_dir-AP_space-ACPC_desc-preproc_dwi.nii.gz	0.0	7823.7685546875	2324.189208984375	7352.6533203125	7823.7685546875	7352.6533203125	2324.189208984375	7779.001953125	7779.001953125	sub-128154	ses-1		dir-AP	acq-multiband	space-ACPC			DSIStudio	autotrackgqi
CranialNerve_CNIIIL	fa	TORTOISE_model-tensor	/scratch/grmpy/SLURM_11194840_55/job-11194840-55-sub-128154/ds/inputs/data/qsiprep/qsiprep/sub-128154/ses-1/dwi/sub-128154_ses-1_acq-multiband_dir-AP_space-ACPC_desc-preproc_dwi.nii.gz	0.0	0.3398597579064822	0.171051324147473	0.3149049236602373	0.3398597579064822	0.3149049236602373	0.171051324147473	0.3592230945988938	0.3592230945988938	sub-128154	ses-1		dir-AP	acq-multiband	space-ACPC			DSIStudio	autotrackgqi
CranialNerve_CNIIIL	li	TORTOISE_model-tensor	/scratch/grmpy/SLURM_11194840_55/job-11194840-55-sub-128154/ds/inputs/data/qsiprep/qsiprep/sub-128154/ses-1/dwi/sub-128154_ses-1_acq-multiband_dir-AP_space-ACPC_desc-preproc_dwi.nii.gz	0.0	0.1975577622652053	0.1204361915588378	0.1714755296707153	0.1975577622652053	0.1714755296707153	0.1204361915588378	0.2068680077791214	0.2068680077791214	sub-128154	ses-1		dir-AP	acq-multiband	space-ACPC			DSIStudio	autotrackgqi
CranialNerve_CNIIIL	rd	TORTOISE_model-tensor	/scratch/grmpy/SLURM_11194840_55/job-11194840-55-sub-128154/ds/inputs/data/qsiprep/qsiprep/sub-128154/ses-1/dwi/sub-128154_ses-1_acq-multiband_dir-AP_space-ACPC_desc-preproc_dwi.nii.gz	0.0	746.1113292678535	430.672804469534	576.2137972032801	746.1113292678535	576.2137972032801	430.672804469534	656.4788249027272	656.4788249027272	sub-128154	ses-1		dir-AP	acq-multiband	space-ACPC			DSIStudio	autotrackgqi
CranialNerve_CNIIIR	ad	TORTOISE_model-tensor	/scratch/grmpy/SLURM_11194840_55/job-11194840-55-sub-128154/ds/inputs/data/qsiprep/qsiprep/sub-128154/ses-1/dwi/sub-128154_ses-1_acq-multiband_dir-AP_space-ACPC_desc-preproc_dwi.nii.gz	0.0	1333.4593303080549	521.3130741372444	1163.133833325807	1333.4593303080549	1163.133833325807	521.3130741372444	1253.53677766668	1253.53677766668	sub-128154	ses-1		dir-AP	acq-multiband	space-ACPC			DSIStudio	autotrackgqi
CranialNerve_CNIIIR	am	TORTOISE_model-tensor	/scratch/grmpy/SLURM_11194840_55/job-11194840-55-sub-128154/ds/inputs/data/qsiprep/qsiprep/sub-128154/ses-1/dwi/sub-128154_ses-1_acq-multiband_dir-AP_space-ACPC_desc-preproc_dwi.nii.gz	0.0	8884.33203125	2626.142333984375	8199.3994140625	8884.33203125	8199.3994140625	2626.142333984375	8806.35546875	8806.35546875	sub-128154	ses-1		dir-AP	acq-multiband	space-ACPC			DSIStudio	autotrackgqi
CranialNerve_CNIIIR	fa	TORTOISE_model-tensor	/scratch/grmpy/SLURM_11194840_55/job-11194840-55-sub-128154/ds/inputs/data/qsiprep/qsiprep/sub-128154/ses-1/dwi/sub-128154_ses-1_acq-multiband_dir-AP_space-ACPC_desc-preproc_dwi.nii.gz	0.0	0.2976277944472372	0.1572089189722047	0.2717722800251522	0.2976277944472372	0.2717722800251522	0.1572089189722047	0.3043785406708185	0.3043785406708185	sub-128154	ses-1		dir-AP	acq-multiband	space-ACPC			DSIStudio	autotrackgqi
CranialNerve_CNIIIR	li	TORTOISE_model-tensor	/scratch/grmpy/SLURM_11194840_55/job-11194840-55-sub-128154/ds/inputs/data/qsiprep/qsiprep/sub-128154/ses-1/dwi/sub-128154_ses-1_acq-multiband_dir-AP_space-ACPC_desc-preproc_dwi.nii.gz	0.0	0.1680924892425537	0.1100388243794441	0.145353764295578	0.1680924892425537	0.145353764295578	0.1100388243794441	0.1756200045347213	0.1756200045347213	sub-128154	ses-1		dir-AP	acq-multiband	space-ACPC			DSIStudio	autotrackgqi
CranialNerve_CNIIIR	rd	TORTOISE_model-tensor	/scratch/grmpy/SLURM_11194840_55/job-11194840-55-sub-128154/ds/inputs/data/qsiprep/qsiprep/sub-128154/ses-1/dwi/sub-128154_ses-1_acq-multiband_dir-AP_space-ACPC_desc-preproc_dwi.nii.gz	0.0	896.4698675235112	511.03269651769216	715.6173988636963	896.4698675235112	715.6173988636963	511.03269651769216	826.9665852607658	826.9665852607658	sub-128154	ses-1		dir-AP	acq-multiband	space-ACPC			DSIStudio	autotrackgqi
CranialNerve_CNVL	ad	TORTOISE_model-tensor	/scratch/grmpy/SLURM_11194840_55/job-11194840-55-sub-128154/ds/inputs/data/qsiprep/qsiprep/sub-128154/ses-1/dwi/sub-128154_ses-1_acq-multiband_dir-AP_space-ACPC_desc-preproc_dwi.nii.gz	0.0011655011655011	992.7479290577048	352.8819752725636	868.4309459640474	993.906328041436	869.9938434648433	351.4536279215051	984.7760432076068	984.8518834121204	sub-128154	ses-1		dir-AP	acq-multiband	space-ACPC			DSIStudio	autotrackgqi
CranialNerve_CNVL	am	TORTOISE_model-tensor	/scratch/grmpy/SLURM_11194840_55/job-11194840-55-sub-128154/ds/inputs/data/qsiprep/qsiprep/sub-128154/ses-1/dwi/sub-128154_ses-1_acq-multiband_dir-AP_space-ACPC_desc-preproc_dwi.nii.gz	0.0	7272.22998046875	1542.67578125	7159.232421875	7272.22998046875	7159.232421875	1542.67578125	7105.3798828125	7105.3798828125	sub-128154	ses-1		dir-AP	acq-multiband	space-ACPC			DSIStudio	autotrackgqi
CranialNerve_CNVL	fa	TORTOISE_model-tensor	/scratch/grmpy/SLURM_11194840_55/job-11194840-55-sub-128154/ds/inputs/data/qsiprep/qsiprep/sub-128154/ses-1/dwi/sub-128154_ses-1_acq-multiband_dir-AP_space-ACPC_desc-preproc_dwi.nii.gz	0.0011655011655011	0.3128302896120443	0.1818447926536674	0.2431055247497011	0.31319531912151	0.2431939682689371	0.1816364178676813	0.3445951151926529	0.3446216534763845	sub-128154	ses-1		dir-AP	acq-multiband	space-ACPC			DSIStudio	autotrackgqi
CranialNerve_CNVL	li	TORTOISE_model-tensor	/scratch/grmpy/SLURM_11194840_55/job-11194840-55-sub-128154/ds/inputs/data/qsiprep/qsiprep/sub-128154/ses-1/dwi/sub-128154_ses-1_acq-multiband_dir-AP_space-ACPC_desc-preproc_dwi.nii.gz	0.0011655011655011	0.1770259588956833	0.1320408582687378	0.124728113412857	0.1772325336933136	0.1248011440038681	0.1319792568683624	0.2009740173816681	0.2009894847869873	sub-128154	ses-1		dir-AP	acq-multiband	space-ACPC			DSIStudio	autotrackgqi
CranialNerve_CNVL	rd	TORTOISE_model-tensor	/scratch/grmpy/SLURM_11194840_55/job-11194840-55-sub-128154/ds/inputs/data/qsiprep/qsiprep/sub-128154/ses-1/dwi/sub-128154_ses-1_acq-multiband_dir-AP_space-ACPC_desc-preproc_dwi.nii.gz	0.0011655011655011	621.5860864941906	327.1036736199717	522.3930338368	622.3113911458757	522.4548401159467	326.60419221559573	584.4889795573858	584.5339924045888	sub-128154	ses-1		dir-AP	acq-multiband	space-ACPC			DSIStudio	autotrackgqi
CranialNerve_CNIIL	ad	TORTOISE_model-tensor	/scratch/grmpy/SLURM_11194840_55/job-11194840-55-sub-128154/ds/inputs/data/qsiprep/qsiprep/sub-128154/ses-1/dwi/sub-128154_ses-1_acq-multiband_dir-AP_space-ACPC_desc-preproc_dwi.nii.gz	0.0	1109.9690209080352	350.82089433302514	1004.0413595235476	1109.9690209080352	1004.0413595235476	350.82089433302514	1197.5180956593863	1197.5180956593863	sub-128154	ses-1		dir-AP	acq-multiband	space-ACPC			DSIStudio	autotrackgqi
CranialNerve_CNIIL	am	TORTOISE_model-tensor	/scratch/grmpy/SLURM_11194840_55/job-11194840-55-sub-128154/ds/inputs/data/qsiprep/qsiprep/sub-128154/ses-1/dwi/sub-128154_ses-1_acq-multiband_dir-AP_space-ACPC_desc-preproc_dwi.nii.gz	0.0	7502.294921875	1918.1885986328125	7302.72705078125	7502.294921875	7302.72705078125	1918.1885986328125	7137.65966796875	7137.65966796875	sub-128154	ses-1		dir-AP	acq-multiband	space-ACPC			DSIStudio	autotrackgqi
CranialNerve_CNIIL	fa	TORTOISE_model-tensor	/scratch/grmpy/SLURM_11194840_55/job-11194840-55-sub-128154/ds/inputs/data/qsiprep/qsiprep/sub-128154/ses-1/dwi/sub-128154_ses-1_acq-multiband_dir-AP_space-ACPC_desc-preproc_dwi.nii.gz	0.0	0.2876359782394242	0.1856251479533034	0.235564824350083	0.2876359782394242	0.235564824350083	0.1856251479533034	0.3531683765306352	0.3531683765306352	sub-128154	ses-1		dir-AP	acq-multiband	space-ACPC			DSIStudio	autotrackgqi
CranialNerve_CNIIL	li	TORTOISE_model-tensor	/scratch/grmpy/SLURM_11194840_55/job-11194840-55-sub-128154/ds/inputs/data/qsiprep/qsiprep/sub-128154/ses-1/dwi/sub-128154_ses-1_acq-multiband_dir-AP_space-ACPC_desc-preproc_dwi.nii.gz	0.0	0.1712603121995926	0.1397069543600082	0.1265585124492645	0.1712603121995926	0.1265585124492645	0.1397069543600082	0.220569908618927	0.220569908618927	sub-128154	ses-1		dir-AP	acq-multiband	space-ACPC			DSIStudio	autotrackgqi
CranialNerve_CNIIL	rd	TORTOISE_model-tensor	/scratch/grmpy/SLURM_11194840_55/job-11194840-55-sub-128154/ds/inputs/data/qsiprep/qsiprep/sub-128154/ses-1/dwi/sub-128154_ses-1_acq-multiband_dir-AP_space-ACPC_desc-preproc_dwi.nii.gz	0.0	719.1106232082062	325.5115886196829	651.7125000678341	719.1106232082062	651.7125000678341	325.5115886196829	690.806322029622	690.806322029622	sub-128154	ses-1		dir-AP	acq-multiband	space-ACPC			DSIStudio	autotrackgqi
CranialNerve_CNVR	ad	TORTOISE_model-tensor	/scratch/grmpy/SLURM_11194840_55/job-11194840-55-sub-128154/ds/inputs/data/qsiprep/qsiprep/sub-128154/ses-1/dwi/sub-128154_ses-1_acq-multiband_dir-AP_space-ACPC_desc-preproc_dwi.nii.gz	0.0	1024.9799071449377	337.2383815473763	931.0976964234404	1024.9799071449377	931.0976964234404	337.2383815473763	1045.6939276521746	1045.6939276521746	sub-128154	ses-1		dir-AP	acq-multiband	space-ACPC			DSIStudio	autotrackgqi
CranialNerve_CNVR	am	TORTOISE_model-tensor	/scratch/grmpy/SLURM_11194840_55/job-11194840-55-sub-128154/ds/inputs/data/qsiprep/qsiprep/sub-128154/ses-1/dwi/sub-128154_ses-1_acq-multiband_dir-AP_space-ACPC_desc-preproc_dwi.nii.gz	0.0	7136.1826171875	1492.94677734375	6897.3720703125	7136.1826171875	6897.3720703125	1492.94677734375	7073.0654296875	7073.0654296875	sub-128154	ses-1		dir-AP	acq-multiband	space-ACPC			DSIStudio	autotrackgqi
CranialNerve_CNVR	fa	TORTOISE_model-tensor	/scratch/grmpy/SLURM_11194840_55/job-11194840-55-sub-128154/ds/inputs/data/qsiprep/qsiprep/sub-128154/ses-1/dwi/sub-128154_ses-1_acq-multiband_dir-AP_space-ACPC_desc-preproc_dwi.nii.gz	0.0	0.3777140503982176	0.1930465244295154	0.3477615193996531	0.3777140503982176	0.3477615193996531	0.1930465244295154	0.4257842541061983	0.4257842541061983	sub-128154	ses-1		dir-AP	acq-multiband	space-ACPC			DSIStudio	autotrackgqi
CranialNerve_CNVR	li	TORTOISE_model-tensor	/scratch/grmpy/SLURM_11194840_55/job-11194840-55-sub-128154/ds/inputs/data/qsiprep/qsiprep/sub-128154/ses-1/dwi/sub-128154_ses-1_acq-multiband_dir-AP_space-ACPC_desc-preproc_dwi.nii.gz	0.0	0.2174132466316223	0.143755629658699	0.1841160804033279	0.2174132466316223	0.1841160804033279	0.143755629658699	0.242518275976181	0.242518275976181	sub-128154	ses-1		dir-AP	acq-multiband	space-ACPC			DSIStudio	autotrackgqi
CranialNerve_CNVR	rd	TORTOISE_model-tensor	/scratch/grmpy/SLURM_11194840_55/job-11194840-55-sub-128154/ds/inputs/data/qsiprep/qsiprep/sub-128154/ses-1/dwi/sub-128154_ses-1_acq-multiband_dir-AP_space-ACPC_desc-preproc_dwi.nii.gz	0.0	562.958938867675	285.8967942253715	497.5726031532712	562.958938867675	497.5726031532712	285.8967942253715	529.5711223053485	529.5711223053485	sub-128154	ses-1		dir-AP	acq-multiband	space-ACPC			DSIStudio	autotrackgqi
CranialNerve_CNVIIIR	ad	TORTOISE_model-tensor	/scratch/grmpy/SLURM_11194840_55/job-11194840-55-sub-128154/ds/inputs/data/qsiprep/qsiprep/sub-128154/ses-1/dwi/sub-128154_ses-1_acq-multiband_dir-AP_space-ACPC_desc-preproc_dwi.nii.gz	0.0005998800239952	970.6470642162196	330.6915537186708	857.0949277566453	971.2296855032642	857.5461640054543	329.93436469980605	1012.68365972905	1012.844727929802	sub-128154	ses-1		dir-AP	acq-multiband	space-ACPC			DSIStudio	autotrackgqi
CranialNerve_CNVIIIR	am	TORTOISE_model-tensor	/scratch/grmpy/SLURM_11194840_55/job-11194840-55-sub-128154/ds/inputs/data/qsiprep/qsiprep/sub-128154/ses-1/dwi/sub-128154_ses-1_acq-multiband_dir-AP_space-ACPC_desc-preproc_dwi.nii.gz	0.0005998800239952	7389.50830078125	1514.78759765625	7189.47216796875	7393.943359375	7191.9755859375	1504.3812255859375	7222.9736328125	7224.123046875	sub-128154	ses-1		dir-AP	acq-multiband	space-ACPC			DSIStudio	autotrackgqi
CranialNerve_CNVIIIR	fa	TORTOISE_model-tensor	/scratch/grmpy/SLURM_11194840_55/job-11194840-55-sub-128154/ds/inputs/data/qsiprep/qsiprep/sub-128154/ses-1/dwi/sub-128154_ses-1_acq-multiband_dir-AP_space-ACPC_desc-preproc_dwi.nii.gz	0.0005998800239952	0.3234084036459303	0.1950065589539139	0.2657317871326366	0.3236025263371944	0.2659417952328042	0.1949039894584534	0.3929332087964018	0.3929957053301243	sub-128154	ses-1		dir-AP	acq-multiband	space-ACPC			DSIStudio	autotrackgqi
CranialNerve_CNVIIIR	li	TORTOISE_model-tensor	/scratch/grmpy/SLURM_11194840_55/job-11194840-55-sub-128154/ds/inputs/data/qsiprep/qsiprep/sub-128154/ses-1/dwi/sub-128154_ses-1_acq-multiband_dir-AP_space-ACPC_desc-preproc_dwi.nii.gz	0.0005998800239952	0.1864040791988372	0.1467186361551284	0.138810396194458	0.1865159571170807	0.1388308554887771	0.146691545844078	0.2356295436620712	0.2356670200824737	sub-128154	ses-1		dir-AP	acq-multiband	space-ACPC			DSIStudio	autotrackgqi
CranialNerve_CNVIIIR	rd	TORTOISE_model-tensor	/scratch/grmpy/SLURM_11194840_55/job-11194840-55-sub-128154/ds/inputs/data/qsiprep/qsiprep/sub-128154/ses-1/dwi/sub-128154_ses-1_acq-multiband_dir-AP_space-ACPC_desc-preproc_dwi.nii.gz	0.0005998800239952	587.0720043455125	294.8660838227809	519.9377762080118	587.4243885017822	519.9899841605084	294.6034569065578	537.1950102272284	537.28045134121	sub-128154	ses-1		dir-AP	acq-multiband	space-ACPC			DSIStudio	autotrackgqi
CranialNerve_CNVIIL	ad	TORTOISE_model-tensor	/scratch/grmpy/SLURM_11194840_55/job-11194840-55-sub-128154/ds/inputs/data/qsiprep/qsiprep/sub-128154/ses-1/dwi/sub-128154_ses-1_acq-multiband_dir-AP_space-ACPC_desc-preproc_dwi.nii.gz	0.0065466448445171	1030.5851899831728	403.7266857619511	879.7328753609996	1037.376525666752	880.21739850686	396.2627515706951	982.77833977515	986.250836581094	sub-128154	ses-1		dir-AP	acq-multiband	space-ACPC			DSIStudio	autotrackgqi
CranialNerve_CNVIIL	am	TORTOISE_model-tensor	/scratch/grmpy/SLURM_11194840_55/job-11194840-55-sub-128154/ds/inputs/data/qsiprep/qsiprep/sub-128154/ses-1/dwi/sub-128154_ses-1_acq-multiband_dir-AP_space-ACPC_desc-preproc_dwi.nii.gz	0.0065466448445171	7563.88232421875	1868.791748046875	7265.57958984375	7613.7265625	7270.24951171875	1770.845947265625	7263.302734375	7288.966796875	sub-128154	ses-1		dir-AP	acq-multiband	space-ACPC			DSIStudio	autotrackgqi
CranialNerve_CNVIIL	fa	TORTOISE_model-tensor	/scratch/grmpy/SLURM_11194840_55/job-11194840-55-sub-128154/ds/inputs/data/qsiprep/qsiprep/sub-128154/ses-1/dwi/sub-128154_ses-1_acq-multiband_dir-AP_space-ACPC_desc-preproc_dwi.nii.gz	0.0065466448445171	0.268199241520049	0.1608557336261703	0.2193805968760958	0.2699666170819603	0.2200008470754186	0.1598997889121245	0.3309449071643264	0.3321142504239502	sub-128154	ses-1		dir-AP	acq-multiband	space-ACPC			DSIStudio	autotrackgqi
CranialNerve_CNVIIL	li	TORTOISE_model-tensor	/scratch/grmpy/SLURM_11194840_55/job-11194840-55-sub-128154/ds/inputs/data/qsiprep/qsiprep/sub-128154/ses-1/dwi/sub-128154_ses-1_acq-multiband_dir-AP_space-ACPC_desc-preproc_dwi.nii.gz	0.0065466448445171	0.1428483426570892	0.1097087934613227	0.1089699864387512	0.1437896788120269	0.1102587282657623	0.1094530895352363	0.1864403188228607	0.1870990991592407	sub-128154	ses-1		dir-AP	acq-multiband	space-ACPC			DSIStudio	autotrackgqi
CranialNerve_CNVIIL	rd	TORTOISE_model-tensor	/scratch/grmpy/SLURM_11194840_55/job-11194840-55-sub-128154/ds/inputs/data/qsiprep/qsiprep/sub-128154/ses-1/dwi/sub-128154_ses-1_acq-multiband_dir-AP_space-ACPC_desc-preproc_dwi.nii.gz	0.0065466448445171	695.573884348263	369.02118818863016	552.0081738164038	700.1575672764229	552.7148349168212	365.8752682531807	599.4015018174682	601.5193950339423	sub-128154	ses-1		dir-AP	acq-multiband	space-ACPC			DSIStudio	autotrackgqi
CranialNerve_CNIIR	ad	TORTOISE_model-tensor	/scratch/grmpy/SLURM_11194840_55/job-11194840-55-sub-128154/ds/inputs/data/qsiprep/qsiprep/sub-128154/ses-1/dwi/sub-128154_ses-1_acq-multiband_dir-AP_space-ACPC_desc-preproc_dwi.nii.gz	0.0	1179.5235478276986	374.6029594428136	1082.1125627237266	1179.5235478276986	1082.1125627237266	374.6029594428136	1185.2964984892485	1185.2964984892485	sub-128154	ses-1		dir-AP	acq-multiband	space-ACPC			DSIStudio	autotrackgqi
CranialNerve_CNIIR	am	TORTOISE_model-tensor	/scratch/grmpy/SLURM_11194840_55/job-11194840-55-sub-128154/ds/inputs/data/qsiprep/qsiprep/sub-128154/ses-1/dwi/sub-128154_ses-1_acq-multiband_dir-AP_space-ACPC_desc-preproc_dwi.nii.gz	0.0	7569.0048828125	2000.8428955078125	7213.36376953125	7569.0048828125	7213.36376953125	2000.8428955078125	7034.19091796875	7034.19091796875	sub-128154	ses-1		dir-AP	acq-multiband	space-ACPC			DSIStudio	autotrackgqi
CranialNerve_CNIIR	fa	TORTOISE_model-tensor	/scratch/grmpy/SLURM_11194840_55/job-11194840-55-sub-128154/ds/inputs/data/qsiprep/qsiprep/sub-128154/ses-1/dwi/sub-128154_ses-1_acq-multiband_dir-AP_space-ACPC_desc-preproc_dwi.nii.gz	0.0	0.3073131493578451	0.1764260111405762	0.2723966522388485	0.3073131493578451	0.2723966522388485	0.1764260111405762	0.373688652827438	0.373688652827438	sub-128154	ses-1		dir-AP	acq-multiband	space-ACPC			DSIStudio	autotrackgqi
CranialNerve_CNIIR	li	TORTOISE_model-tensor	/scratch/grmpy/SLURM_11194840_55/job-11194840-55-sub-128154/ds/inputs/data/qsiprep/qsiprep/sub-128154/ses-1/dwi/sub-128154_ses-1_acq-multiband_dir-AP_space-ACPC_desc-preproc_dwi.nii.gz	0.0	0.1826590895652771	0.1296368539333343	0.1479841321706771	0.1826590895652771	0.1479841321706771	0.1296368539333343	0.2283520549535751	0.2283520549535751	sub-128154	ses-1		dir-AP	acq-multiband	space-ACPC			DSIStudio	autotrackgqi
CranialNerve_CNIIR	rd	TORTOISE_model-tensor	/scratch/grmpy/SLURM_11194840_55/job-11194840-55-sub-128154/ds/inputs/data/qsiprep/qsiprep/sub-128154/ses-1/dwi/sub-128154_ses-1_acq-multiband_dir-AP_space-ACPC_desc-preproc_dwi.nii.gz	0.0	746.9556949058123	354.5576429222133	640.5775893846169	746.9556949058123	640.5775893846169	354.5576429222133	663.746448498113	663.746448498113	sub-128154	ses-1		dir-AP	acq-multiband	space-ACPC			DSIStudio	autotrackgqi
