bundle	variable_name	qsirecon_suffix	source_file	zero_proportion	mean	stdev	median	masked_mean	masked_median	masked_stdev	weighted_mean	masked_weighted_mean	subject_id	session_id	task_id	dir_id	acq_id	space_id	rec_id	run_id	bundle_source	bundle_params_id
Association_CingulumR	ad	TORTOISE_model-MAPMRI	/scratch/grmpy/SLURM_11194840_88/job-11194840-88-sub-20461/ds/inputs/data/qsiprep/qsiprep/sub-20461/ses-1/dwi/sub-20461_ses-1_acq-multiband_dir-AP_space-ACPC_desc-preproc_dwi.nii.gz	0.0	1203.161924368154	437.5743482966098	1071.005518727035	1203.161924368154	1071.005518727035	437.5743482966098	1185.5024639851986	1185.5024639851986	sub-20461	ses-1		dir-AP	acq-multiband	space-ACPC			DSIStudio	autotrackgqi
Association_CingulumR	am	TORTOISE_model-MAPMRI	/scratch/grmpy/SLURM_11194840_88/job-11194840-88-sub-20461/ds/inputs/data/qsiprep/qsiprep/sub-20461/ses-1/dwi/sub-20461_ses-1_acq-multiband_dir-AP_space-ACPC_desc-preproc_dwi.nii.gz	0.0	6302.73486328125	1600.7801513671875	5952.76171875	6302.73486328125	5952.76171875	1600.7801513671875	5505.86669921875	5505.86669921875	sub-20461	ses-1		dir-AP	acq-multiband	space-ACPC			DSIStudio	autotrackgqi
Association_CingulumR	fa	TORTOISE_model-MAPMRI	/scratch/grmpy/SLURM_11194840_88/job-11194840-88-sub-20461/ds/inputs/data/qsiprep/qsiprep/sub-20461/ses-1/dwi/sub-20461_ses-1_acq-multiband_dir-AP_space-ACPC_desc-preproc_dwi.nii.gz	0.0	0.2636998204910576	0.1661890515693986	0.2185276292537803	0.2636998204910576	0.2185276292537803	0.1661890515693986	0.398833541514487	0.398833541514487	sub-20461	ses-1		dir-AP	acq-multiband	space-ACPC			DSIStudio	autotrackgqi
Association_CingulumR	li	TORTOISE_model-MAPMRI	/scratch/grmpy/SLURM_11194840_88/job-11194840-88-sub-20461/ds/inputs/data/qsiprep/qsiprep/sub-20461/ses-1/dwi/sub-20461_ses-1_acq-multiband_dir-AP_space-ACPC_desc-preproc_dwi.nii.gz	0.0	0.1371458023786544	0.1145422235131263	0.099700853228569	0.1371458023786544	0.099700853228569	0.1145422235131263	0.2331419736146927	0.2331419736146927	sub-20461	ses-1		dir-AP	acq-multiband	space-ACPC			DSIStudio	autotrackgqi
Association_CingulumR	ng	TORTOISE_model-MAPMRI	/scratch/grmpy/SLURM_11194840_88/job-11194840-88-sub-20461/ds/inputs/data/qsiprep/qsiprep/sub-20461/ses-1/dwi/sub-20461_ses-1_acq-multiband_dir-AP_space-ACPC_desc-preproc_dwi.nii.gz	0.0	0.2589615285396576	0.0830813869833946	0.2562603950500488	0.2589615285396576	0.2562603950500488	0.0830813869833946	0.2891000211238861	0.2891000211238861	sub-20461	ses-1		dir-AP	acq-multiband	space-ACPC			DSIStudio	autotrackgqi
Association_CingulumR	ngpar	TORTOISE_model-MAPMRI	/scratch/grmpy/SLURM_11194840_88/job-11194840-88-sub-20461/ds/inputs/data/qsiprep/qsiprep/sub-20461/ses-1/dwi/sub-20461_ses-1_acq-multiband_dir-AP_space-ACPC_desc-preproc_dwi.nii.gz	0.0	0.134499192237854	0.0421406477689743	0.1312164962291717	0.134499192237854	0.1312164962291717	0.0421406477689743	0.1194857507944107	0.1194857507944107	sub-20461	ses-1		dir-AP	acq-multiband	space-ACPC			DSIStudio	autotrackgqi
Association_CingulumR	ngperp	TORTOISE_model-MAPMRI	/scratch/grmpy/SLURM_11194840_88/job-11194840-88-sub-20461/ds/inputs/data/qsiprep/qsiprep/sub-20461/ses-1/dwi/sub-20461_ses-1_acq-multiband_dir-AP_space-ACPC_desc-preproc_dwi.nii.gz	0.0	0.218354657292366	0.0723111405968666	0.2166406065225601	0.218354657292366	0.2166406065225601	0.0723111405968666	0.2454770356416702	0.2454770356416702	sub-20461	ses-1		dir-AP	acq-multiband	space-ACPC			DSIStudio	autotrackgqi
Association_CingulumR	pa	TORTOISE_model-MAPMRI	/scratch/grmpy/SLURM_11194840_88/job-11194840-88-sub-20461/ds/inputs/data/qsiprep/qsiprep/sub-20461/ses-1/dwi/sub-20461_ses-1_acq-multiband_dir-AP_space-ACPC_desc-preproc_dwi.nii.gz	0.0	0.5395200848579407	0.2431255131959915	0.5002919435501099	0.5395200848579407	0.5002919435501099	0.2431255131959915	0.7107539772987366	0.7107539772987366	sub-20461	ses-1		dir-AP	acq-multiband	space-ACPC			DSIStudio	autotrackgqi
Association_CingulumR	path	TORTOISE_model-MAPMRI	/scratch/grmpy/SLURM_11194840_88/job-11194840-88-sub-20461/ds/inputs/data/qsiprep/qsiprep/sub-20461/ses-1/dwi/sub-20461_ses-1_acq-multiband_dir-AP_space-ACPC_desc-preproc_dwi.nii.gz	0.0	0.2092041820287704	0.1013305559754371	0.1768627166748047	0.2092041820287704	0.1768627166748047	0.1013305559754371	0.2877276837825775	0.2877276837825775	sub-20461	ses-1		dir-AP	acq-multiband	space-ACPC			DSIStudio	autotrackgqi
Association_CingulumR	rd	TORTOISE_model-MAPMRI	/scratch/grmpy/SLURM_11194840_88/job-11194840-88-sub-20461/ds/inputs/data/qsiprep/qsiprep/sub-20461/ses-1/dwi/sub-20461_ses-1_acq-multiband_dir-AP_space-ACPC_desc-preproc_dwi.nii.gz	0.0	823.6827953901317	417.9974187631654	704.8400677388411	823.6827953901317	704.8400677388411	417.9974187631654	625.3387690097389	625.3387690097389	sub-20461	ses-1		dir-AP	acq-multiband	space-ACPC			DSIStudio	autotrackgqi
Association_CingulumR	rtap	TORTOISE_model-MAPMRI	/scratch/grmpy/SLURM_11194840_88/job-11194840-88-sub-20461/ds/inputs/data/qsiprep/qsiprep/sub-20461/ses-1/dwi/sub-20461_ses-1_acq-multiband_dir-AP_space-ACPC_desc-preproc_dwi.nii.gz	0.0002328830926874	0.0109054446220397	0.0044953846372663	0.0100043583661317	0.0109079852700233	0.0100057525560259	0.0044928253628313	0.0148373106494545	0.0148375565186142	sub-20461	ses-1		dir-AP	acq-multiband	space-ACPC			DSIStudio	autotrackgqi
Association_CingulumR	rtop	TORTOISE_model-MAPMRI	/scratch/grmpy/SLURM_11194840_88/job-11194840-88-sub-20461/ds/inputs/data/qsiprep/qsiprep/sub-20461/ses-1/dwi/sub-20461_ses-1_acq-multiband_dir-AP_space-ACPC_desc-preproc_dwi.nii.gz	0.0002328830926874	0.0002336446486879	8.845738921081647e-05	0.0002281954803038	0.0002336990728508	0.0002282019122503	8.839577640173957e-05	0.0003011279331985	0.0003011329681612	sub-20461	ses-1		dir-AP	acq-multiband	space-ACPC			DSIStudio	autotrackgqi
Association_CingulumR	rtpp	TORTOISE_model-MAPMRI	/scratch/grmpy/SLURM_11194840_88/job-11194840-88-sub-20461/ds/inputs/data/qsiprep/qsiprep/sub-20461/ses-1/dwi/sub-20461_ses-1_acq-multiband_dir-AP_space-ACPC_desc-preproc_dwi.nii.gz	0.0	0.0479344464838504	0.0066639860160648	0.0495317392051219	0.0479344464838504	0.0495317392051219	0.0066639860160648	0.0479218699038028	0.0479218699038028	sub-20461	ses-1		dir-AP	acq-multiband	space-ACPC			DSIStudio	autotrackgqi
Association_VerticalOccipitalFasciculusR	ad	TORTOISE_model-MAPMRI	/scratch/grmpy/SLURM_11194840_88/job-11194840-88-sub-20461/ds/inputs/data/qsiprep/qsiprep/sub-20461/ses-1/dwi/sub-20461_ses-1_acq-multiband_dir-AP_space-ACPC_desc-preproc_dwi.nii.gz	0.0050933786078098	1094.9752256829654	241.06387298545437	1057.1444145127907	1100.5809008997724	1058.4108220710082	228.56025991908115	1124.8488141665869	1125.6245369355292	sub-20461	ses-1		dir-AP	acq-multiband	space-ACPC			DSIStudio	autotrackgqi
Association_VerticalOccipitalFasciculusR	am	TORTOISE_model-MAPMRI	/scratch/grmpy/SLURM_11194840_88/job-11194840-88-sub-20461/ds/inputs/data/qsiprep/qsiprep/sub-20461/ses-1/dwi/sub-20461_ses-1_acq-multiband_dir-AP_space-ACPC_desc-preproc_dwi.nii.gz	0.0050933786078098	5631.2109375	1082.21142578125	5556.04443359375	5660.0400390625	5560.4619140625	1006.978515625	5477.373046875	5481.150390625	sub-20461	ses-1		dir-AP	acq-multiband	space-ACPC			DSIStudio	autotrackgqi
Association_VerticalOccipitalFasciculusR	fa	TORTOISE_model-MAPMRI	/scratch/grmpy/SLURM_11194840_88/job-11194840-88-sub-20461/ds/inputs/data/qsiprep/qsiprep/sub-20461/ses-1/dwi/sub-20461_ses-1_acq-multiband_dir-AP_space-ACPC_desc-preproc_dwi.nii.gz	0.0050933786078098	0.3147617282380806	0.1724756477618556	0.3041292235940924	0.316373136403122	0.3055443317404814	0.1714360975942802	0.3929426793444771	0.3932136621051783	sub-20461	ses-1		dir-AP	acq-multiband	space-ACPC			DSIStudio	autotrackgqi
Association_VerticalOccipitalFasciculusR	li	TORTOISE_model-MAPMRI	/scratch/grmpy/SLURM_11194840_88/job-11194840-88-sub-20461/ds/inputs/data/qsiprep/qsiprep/sub-20461/ses-1/dwi/sub-20461_ses-1_acq-multiband_dir-AP_space-ACPC_desc-preproc_dwi.nii.gz	0.0050933786078098	0.1659138351678848	0.1137390285730362	0.1409230828285217	0.1667632162570953	0.1415618360042572	0.1134070008993148	0.2186298668384552	0.2187806367874145	sub-20461	ses-1		dir-AP	acq-multiband	space-ACPC			DSIStudio	autotrackgqi
Association_VerticalOccipitalFasciculusR	ng	TORTOISE_model-MAPMRI	/scratch/grmpy/SLURM_11194840_88/job-11194840-88-sub-20461/ds/inputs/data/qsiprep/qsiprep/sub-20461/ses-1/dwi/sub-20461_ses-1_acq-multiband_dir-AP_space-ACPC_desc-preproc_dwi.nii.gz	0.0050933786078098	0.2935593426227569	0.0703561380505561	0.3058505058288574	0.2950622141361236	0.306145966053009	0.0673193037509918	0.3300545215606689	0.3302821516990661	sub-20461	ses-1		dir-AP	acq-multiband	space-ACPC			DSIStudio	autotrackgqi
Association_VerticalOccipitalFasciculusR	ngpar	TORTOISE_model-MAPMRI	/scratch/grmpy/SLURM_11194840_88/job-11194840-88-sub-20461/ds/inputs/data/qsiprep/qsiprep/sub-20461/ses-1/dwi/sub-20461_ses-1_acq-multiband_dir-AP_space-ACPC_desc-preproc_dwi.nii.gz	0.0050933786078098	0.1460651457309723	0.0337641239166259	0.1454963237047195	0.1468129158020019	0.1457071453332901	0.032188031822443	0.1489991843700409	0.1491019427776336	sub-20461	ses-1		dir-AP	acq-multiband	space-ACPC			DSIStudio	autotrackgqi
Association_VerticalOccipitalFasciculusR	ngperp	TORTOISE_model-MAPMRI	/scratch/grmpy/SLURM_11194840_88/job-11194840-88-sub-20461/ds/inputs/data/qsiprep/qsiprep/sub-20461/ses-1/dwi/sub-20461_ses-1_acq-multiband_dir-AP_space-ACPC_desc-preproc_dwi.nii.gz	0.0050933786078098	0.250279039144516	0.0702373906970024	0.2597447335720062	0.2515603303909302	0.2605443596839905	0.0680898278951644	0.2863885760307312	0.286586046218872	sub-20461	ses-1		dir-AP	acq-multiband	space-ACPC			DSIStudio	autotrackgqi
Association_VerticalOccipitalFasciculusR	pa	TORTOISE_model-MAPMRI	/scratch/grmpy/SLURM_11194840_88/job-11194840-88-sub-20461/ds/inputs/data/qsiprep/qsiprep/sub-20461/ses-1/dwi/sub-20461_ses-1_acq-multiband_dir-AP_space-ACPC_desc-preproc_dwi.nii.gz	0.0050933786078098	0.6291583776473999	0.2451678365468979	0.6790206432342529	0.6323793530464172	0.6826276779174805	0.2416156232357025	0.7582075595855713	0.758730411529541	sub-20461	ses-1		dir-AP	acq-multiband	space-ACPC			DSIStudio	autotrackgqi
Association_VerticalOccipitalFasciculusR	path	TORTOISE_model-MAPMRI	/scratch/grmpy/SLURM_11194840_88/job-11194840-88-sub-20461/ds/inputs/data/qsiprep/qsiprep/sub-20461/ses-1/dwi/sub-20461_ses-1_acq-multiband_dir-AP_space-ACPC_desc-preproc_dwi.nii.gz	0.0050933786078098	0.2464874237775802	0.1075842604041099	0.2369010150432586	0.2477492988109588	0.2383379936218261	0.1064001768827438	0.3004602789878845	0.3006674647331238	sub-20461	ses-1		dir-AP	acq-multiband	space-ACPC			DSIStudio	autotrackgqi
Association_VerticalOccipitalFasciculusR	rd	TORTOISE_model-MAPMRI	/scratch/grmpy/SLURM_11194840_88/job-11194840-88-sub-20461/ds/inputs/data/qsiprep/qsiprep/sub-20461/ses-1/dwi/sub-20461_ses-1_acq-multiband_dir-AP_space-ACPC_desc-preproc_dwi.nii.gz	0.0050933786078098	675.1814275880217	211.03071215357508	648.1803286389062	678.6379877975168	649.3707657920468	205.95193121362684	604.1569789201719	604.5736200121235	sub-20461	ses-1		dir-AP	acq-multiband	space-ACPC			DSIStudio	autotrackgqi
Association_VerticalOccipitalFasciculusR	rtap	TORTOISE_model-MAPMRI	/scratch/grmpy/SLURM_11194840_88/job-11194840-88-sub-20461/ds/inputs/data/qsiprep/qsiprep/sub-20461/ses-1/dwi/sub-20461_ses-1_acq-multiband_dir-AP_space-ACPC_desc-preproc_dwi.nii.gz	0.0050933786078098	0.0130687672644853	0.0045329248532652	0.012454411946237	0.0131356725469231	0.0124842151999473	0.0044467691332101	0.0152767281979322	0.0152872633188962	sub-20461	ses-1		dir-AP	acq-multiband	space-ACPC			DSIStudio	autotrackgqi
Association_VerticalOccipitalFasciculusR	rtop	TORTOISE_model-MAPMRI	/scratch/grmpy/SLURM_11194840_88/job-11194840-88-sub-20461/ds/inputs/data/qsiprep/qsiprep/sub-20461/ses-1/dwi/sub-20461_ses-1_acq-multiband_dir-AP_space-ACPC_desc-preproc_dwi.nii.gz	0.0050933786078098	0.000289252406219	8.690172398928553e-05	0.0002882826374843	0.0002907332091126	0.0002888317103497	8.461708057438955e-05	0.0003334505890961	0.0003336805384606	sub-20461	ses-1		dir-AP	acq-multiband	space-ACPC			DSIStudio	autotrackgqi
Association_VerticalOccipitalFasciculusR	rtpp	TORTOISE_model-MAPMRI	/scratch/grmpy/SLURM_11194840_88/job-11194840-88-sub-20461/ds/inputs/data/qsiprep/qsiprep/sub-20461/ses-1/dwi/sub-20461_ses-1_acq-multiband_dir-AP_space-ACPC_desc-preproc_dwi.nii.gz	0.0050933786078098	0.0496018454432487	0.0058258683420717	0.0503683984279632	0.0498557798564434	0.0503947958350181	0.0046318899840116	0.0491584688425064	0.0491923689842224	sub-20461	ses-1		dir-AP	acq-multiband	space-ACPC			DSIStudio	autotrackgqi
Association_HippocampusAlveusL	ad	TORTOISE_model-MAPMRI	/scratch/grmpy/SLURM_11194840_88/job-11194840-88-sub-20461/ds/inputs/data/qsiprep/qsiprep/sub-20461/ses-1/dwi/sub-20461_ses-1_acq-multiband_dir-AP_space-ACPC_desc-preproc_dwi.nii.gz	0.0	1348.4871026774829	575.0170065961433	1139.3880098014429	1348.4871026774829	1139.3880098014429	575.0170065961433	1455.657778170695	1455.657778170695	sub-20461	ses-1		dir-AP	acq-multiband	space-ACPC			DSIStudio	autotrackgqi
Association_HippocampusAlveusL	am	TORTOISE_model-MAPMRI	/scratch/grmpy/SLURM_11194840_88/job-11194840-88-sub-20461/ds/inputs/data/qsiprep/qsiprep/sub-20461/ses-1/dwi/sub-20461_ses-1_acq-multiband_dir-AP_space-ACPC_desc-preproc_dwi.nii.gz	0.0	7024.48193359375	2111.46240234375	6757.89013671875	7024.48193359375	6757.89013671875	2111.46240234375	6954.44140625	6954.44140625	sub-20461	ses-1		dir-AP	acq-multiband	space-ACPC			DSIStudio	autotrackgqi
Association_HippocampusAlveusL	fa	TORTOISE_model-MAPMRI	/scratch/grmpy/SLURM_11194840_88/job-11194840-88-sub-20461/ds/inputs/data/qsiprep/qsiprep/sub-20461/ses-1/dwi/sub-20461_ses-1_acq-multiband_dir-AP_space-ACPC_desc-preproc_dwi.nii.gz	0.0	0.2744845459343312	0.1671726696785289	0.2222027377143593	0.2744845459343312	0.2222027377143593	0.1671726696785289	0.3179685051782739	0.3179685051782739	sub-20461	ses-1		dir-AP	acq-multiband	space-ACPC			DSIStudio	autotrackgqi
Association_HippocampusAlveusL	li	TORTOISE_model-MAPMRI	/scratch/grmpy/SLURM_11194840_88/job-11194840-88-sub-20461/ds/inputs/data/qsiprep/qsiprep/sub-20461/ses-1/dwi/sub-20461_ses-1_acq-multiband_dir-AP_space-ACPC_desc-preproc_dwi.nii.gz	0.0	0.1505509167909622	0.117338053882122	0.111542172729969	0.1505509167909622	0.111542172729969	0.117338053882122	0.1870195716619491	0.1870195716619491	sub-20461	ses-1		dir-AP	acq-multiband	space-ACPC			DSIStudio	autotrackgqi
Association_HippocampusAlveusL	ng	TORTOISE_model-MAPMRI	/scratch/grmpy/SLURM_11194840_88/job-11194840-88-sub-20461/ds/inputs/data/qsiprep/qsiprep/sub-20461/ses-1/dwi/sub-20461_ses-1_acq-multiband_dir-AP_space-ACPC_desc-preproc_dwi.nii.gz	0.0	0.2592740952968597	0.0886174589395523	0.2609522342681885	0.2592740952968597	0.2609522342681885	0.0886174589395523	0.2768195569515228	0.2768195569515228	sub-20461	ses-1		dir-AP	acq-multiband	space-ACPC			DSIStudio	autotrackgqi
Association_HippocampusAlveusL	ngpar	TORTOISE_model-MAPMRI	/scratch/grmpy/SLURM_11194840_88/job-11194840-88-sub-20461/ds/inputs/data/qsiprep/qsiprep/sub-20461/ses-1/dwi/sub-20461_ses-1_acq-multiband_dir-AP_space-ACPC_desc-preproc_dwi.nii.gz	0.0	0.1351910531520843	0.043757252395153	0.1303951889276504	0.1351910531520843	0.1303951889276504	0.043757252395153	0.1324527561664581	0.1324527561664581	sub-20461	ses-1		dir-AP	acq-multiband	space-ACPC			DSIStudio	autotrackgqi
Association_HippocampusAlveusL	ngperp	TORTOISE_model-MAPMRI	/scratch/grmpy/SLURM_11194840_88/job-11194840-88-sub-20461/ds/inputs/data/qsiprep/qsiprep/sub-20461/ses-1/dwi/sub-20461_ses-1_acq-multiband_dir-AP_space-ACPC_desc-preproc_dwi.nii.gz	0.0	0.2172519862651825	0.0784251317381858	0.2202984690666198	0.2172519862651825	0.2202984690666198	0.0784251317381858	0.236450120806694	0.236450120806694	sub-20461	ses-1		dir-AP	acq-multiband	space-ACPC			DSIStudio	autotrackgqi
Association_HippocampusAlveusL	pa	TORTOISE_model-MAPMRI	/scratch/grmpy/SLURM_11194840_88/job-11194840-88-sub-20461/ds/inputs/data/qsiprep/qsiprep/sub-20461/ses-1/dwi/sub-20461_ses-1_acq-multiband_dir-AP_space-ACPC_desc-preproc_dwi.nii.gz	0.0	0.5505948662757874	0.2381892800331115	0.541094183921814	0.5505948662757874	0.541094183921814	0.2381892800331115	0.6220275163650513	0.6220275163650513	sub-20461	ses-1		dir-AP	acq-multiband	space-ACPC			DSIStudio	autotrackgqi
Association_HippocampusAlveusL	path	TORTOISE_model-MAPMRI	/scratch/grmpy/SLURM_11194840_88/job-11194840-88-sub-20461/ds/inputs/data/qsiprep/qsiprep/sub-20461/ses-1/dwi/sub-20461_ses-1_acq-multiband_dir-AP_space-ACPC_desc-preproc_dwi.nii.gz	0.0	0.2115516662597656	0.0979286283254623	0.1891594231128692	0.2115516662597656	0.1891594231128692	0.0979286283254623	0.2377960383892059	0.2377960383892059	sub-20461	ses-1		dir-AP	acq-multiband	space-ACPC			DSIStudio	autotrackgqi
Association_HippocampusAlveusL	rd	TORTOISE_model-MAPMRI	/scratch/grmpy/SLURM_11194840_88/job-11194840-88-sub-20461/ds/inputs/data/qsiprep/qsiprep/sub-20461/ses-1/dwi/sub-20461_ses-1_acq-multiband_dir-AP_space-ACPC_desc-preproc_dwi.nii.gz	0.0	893.5213034386659	481.4040809969717	737.1478397374549	893.5213034386659	737.1478397374549	481.4040809969717	897.8518795391026	897.8518795391026	sub-20461	ses-1		dir-AP	acq-multiband	space-ACPC			DSIStudio	autotrackgqi
Association_HippocampusAlveusL	rtap	TORTOISE_model-MAPMRI	/scratch/grmpy/SLURM_11194840_88/job-11194840-88-sub-20461/ds/inputs/data/qsiprep/qsiprep/sub-20461/ses-1/dwi/sub-20461_ses-1_acq-multiband_dir-AP_space-ACPC_desc-preproc_dwi.nii.gz	0.0	0.0101068429648876	0.0042838864028453	0.0094047542661428	0.0101068429648876	0.0094047542661428	0.0042838864028453	0.0103274453431367	0.0103274453431367	sub-20461	ses-1		dir-AP	acq-multiband	space-ACPC			DSIStudio	autotrackgqi
Association_HippocampusAlveusL	rtop	TORTOISE_model-MAPMRI	/scratch/grmpy/SLURM_11194840_88/job-11194840-88-sub-20461/ds/inputs/data/qsiprep/qsiprep/sub-20461/ses-1/dwi/sub-20461_ses-1_acq-multiband_dir-AP_space-ACPC_desc-preproc_dwi.nii.gz	0.0	0.0002102773141814	8.667857036925852e-05	0.0002120522112818	0.0002102773141814	0.0002120522112818	8.667857036925852e-05	0.0002029834140557	0.0002029834140557	sub-20461	ses-1		dir-AP	acq-multiband	space-ACPC			DSIStudio	autotrackgqi
Association_HippocampusAlveusL	rtpp	TORTOISE_model-MAPMRI	/scratch/grmpy/SLURM_11194840_88/job-11194840-88-sub-20461/ds/inputs/data/qsiprep/qsiprep/sub-20461/ses-1/dwi/sub-20461_ses-1_acq-multiband_dir-AP_space-ACPC_desc-preproc_dwi.nii.gz	0.0	0.0457720942795276	0.0081173330545425	0.0480121038854122	0.0457720942795276	0.0480121038854122	0.0081173330545425	0.0434132255613803	0.0434132255613803	sub-20461	ses-1		dir-AP	acq-multiband	space-ACPC			DSIStudio	autotrackgqi
Association_UncinateFasciculusR	ad	TORTOISE_model-MAPMRI	/scratch/grmpy/SLURM_11194840_88/job-11194840-88-sub-20461/ds/inputs/data/qsiprep/qsiprep/sub-20461/ses-1/dwi/sub-20461_ses-1_acq-multiband_dir-AP_space-ACPC_desc-preproc_dwi.nii.gz	0.0002376425855513	1167.003643962663	405.2316692431579	1097.4890119054307	1167.28103964699	1097.5617572605047	404.8801554074128	1199.0626880385057	1199.0649060341989	sub-20461	ses-1		dir-AP	acq-multiband	space-ACPC			DSIStudio	autotrackgqi
Association_UncinateFasciculusR	am	TORTOISE_model-MAPMRI	/scratch/grmpy/SLURM_11194840_88/job-11194840-88-sub-20461/ds/inputs/data/qsiprep/qsiprep/sub-20461/ses-1/dwi/sub-20461_ses-1_acq-multiband_dir-AP_space-ACPC_desc-preproc_dwi.nii.gz	0.0002376425855513	5875.208984375	1891.8863525390625	5561.970703125	5876.60546875	5563.45166015625	1889.9412841796875	5298.88232421875	5298.89208984375	sub-20461	ses-1		dir-AP	acq-multiband	space-ACPC			DSIStudio	autotrackgqi
Association_UncinateFasciculusR	fa	TORTOISE_model-MAPMRI	/scratch/grmpy/SLURM_11194840_88/job-11194840-88-sub-20461/ds/inputs/data/qsiprep/qsiprep/sub-20461/ses-1/dwi/sub-20461_ses-1_acq-multiband_dir-AP_space-ACPC_desc-preproc_dwi.nii.gz	0.0002376425855513	0.2948688901373055	0.159106463744164	0.2716555996432395	0.2949389801991399	0.2716898598706753	0.1590604030995316	0.4058752536844571	0.405876004562387	sub-20461	ses-1		dir-AP	acq-multiband	space-ACPC			DSIStudio	autotrackgqi
Association_UncinateFasciculusR	li	TORTOISE_model-MAPMRI	/scratch/grmpy/SLURM_11194840_88/job-11194840-88-sub-20461/ds/inputs/data/qsiprep/qsiprep/sub-20461/ses-1/dwi/sub-20461_ses-1_acq-multiband_dir-AP_space-ACPC_desc-preproc_dwi.nii.gz	0.0009505703422053	0.1580062061548233	0.1170548796653747	0.1230127364397049	0.158156543970108	0.1230906471610069	0.1170089915394783	0.2506558299064636	0.250665009021759	sub-20461	ses-1		dir-AP	acq-multiband	space-ACPC			DSIStudio	autotrackgqi
Association_UncinateFasciculusR	ng	TORTOISE_model-MAPMRI	/scratch/grmpy/SLURM_11194840_88/job-11194840-88-sub-20461/ds/inputs/data/qsiprep/qsiprep/sub-20461/ses-1/dwi/sub-20461_ses-1_acq-multiband_dir-AP_space-ACPC_desc-preproc_dwi.nii.gz	0.0002376425855513	0.2528384327888489	0.0884431079030036	0.2541419267654419	0.2528985142707824	0.2542347609996795	0.0883676633238792	0.2794380784034729	0.2794386148452759	sub-20461	ses-1		dir-AP	acq-multiband	space-ACPC			DSIStudio	autotrackgqi
Association_UncinateFasciculusR	ngpar	TORTOISE_model-MAPMRI	/scratch/grmpy/SLURM_11194840_88/job-11194840-88-sub-20461/ds/inputs/data/qsiprep/qsiprep/sub-20461/ses-1/dwi/sub-20461_ses-1_acq-multiband_dir-AP_space-ACPC_desc-preproc_dwi.nii.gz	0.0002376425855513	0.1312327533960342	0.0506751649081707	0.1277025192975998	0.1312639415264129	0.1277455389499664	0.0506407767534256	0.1210846602916717	0.1210848838090896	sub-20461	ses-1		dir-AP	acq-multiband	space-ACPC			DSIStudio	autotrackgqi
Association_UncinateFasciculusR	ngperp	TORTOISE_model-MAPMRI	/scratch/grmpy/SLURM_11194840_88/job-11194840-88-sub-20461/ds/inputs/data/qsiprep/qsiprep/sub-20461/ses-1/dwi/sub-20461_ses-1_acq-multiband_dir-AP_space-ACPC_desc-preproc_dwi.nii.gz	0.0002376425855513	0.2111847698688507	0.0803121775388717	0.2128979563713073	0.2112349718809127	0.2129213660955429	0.0802556872367858	0.2397287786006927	0.2397292256355285	sub-20461	ses-1		dir-AP	acq-multiband	space-ACPC			DSIStudio	autotrackgqi
Association_UncinateFasciculusR	pa	TORTOISE_model-MAPMRI	/scratch/grmpy/SLURM_11194840_88/job-11194840-88-sub-20461/ds/inputs/data/qsiprep/qsiprep/sub-20461/ses-1/dwi/sub-20461_ses-1_acq-multiband_dir-AP_space-ACPC_desc-preproc_dwi.nii.gz	0.0002376425855513	0.5660029053688049	0.2431837171316146	0.5595000982284546	0.566137433052063	0.5596116781234741	0.243055984377861	0.7217357754707336	0.7217371463775635	sub-20461	ses-1		dir-AP	acq-multiband	space-ACPC			DSIStudio	autotrackgqi
Association_UncinateFasciculusR	path	TORTOISE_model-MAPMRI	/scratch/grmpy/SLURM_11194840_88/job-11194840-88-sub-20461/ds/inputs/data/qsiprep/qsiprep/sub-20461/ses-1/dwi/sub-20461_ses-1_acq-multiband_dir-AP_space-ACPC_desc-preproc_dwi.nii.gz	0.0002376425855513	0.2186047881841659	0.1030188724398613	0.1949106603860855	0.2186567634344101	0.1949459612369537	0.1029759645462036	0.2821192741394043	0.2821198403835296	sub-20461	ses-1		dir-AP	acq-multiband	space-ACPC			DSIStudio	autotrackgqi
Association_UncinateFasciculusR	rd	TORTOISE_model-MAPMRI	/scratch/grmpy/SLURM_11194840_88/job-11194840-88-sub-20461/ds/inputs/data/qsiprep/qsiprep/sub-20461/ses-1/dwi/sub-20461_ses-1_acq-multiband_dir-AP_space-ACPC_desc-preproc_dwi.nii.gz	0.0002376425855513	755.3394727714308	376.401115499106	682.0682848256779	755.519016263889	682.0705531120093	376.265634768622	617.7290076002535	617.7301500881481	sub-20461	ses-1		dir-AP	acq-multiband	space-ACPC			DSIStudio	autotrackgqi
Association_UncinateFasciculusR	rtap	TORTOISE_model-MAPMRI	/scratch/grmpy/SLURM_11194840_88/job-11194840-88-sub-20461/ds/inputs/data/qsiprep/qsiprep/sub-20461/ses-1/dwi/sub-20461_ses-1_acq-multiband_dir-AP_space-ACPC_desc-preproc_dwi.nii.gz	0.0026140684410646	0.0112981814891099	0.0050496375188231	0.0103659760206937	0.0113277928903698	0.0103758843615651	0.0050229709595441	0.0139022143557667	0.0139117948710918	sub-20461	ses-1		dir-AP	acq-multiband	space-ACPC			DSIStudio	autotrackgqi
Association_UncinateFasciculusR	rtop	TORTOISE_model-MAPMRI	/scratch/grmpy/SLURM_11194840_88/job-11194840-88-sub-20461/ds/inputs/data/qsiprep/qsiprep/sub-20461/ses-1/dwi/sub-20461_ses-1_acq-multiband_dir-AP_space-ACPC_desc-preproc_dwi.nii.gz	0.0023764258555133	0.0002481318661011	0.000397010036977	0.0002318964980076	0.0002487229357939	0.0002321984356967	0.000397297728341	0.000286650029011	0.0002867862349376	sub-20461	ses-1		dir-AP	acq-multiband	space-ACPC			DSIStudio	autotrackgqi
Association_UncinateFasciculusR	rtpp	TORTOISE_model-MAPMRI	/scratch/grmpy/SLURM_11194840_88/job-11194840-88-sub-20461/ds/inputs/data/qsiprep/qsiprep/sub-20461/ses-1/dwi/sub-20461_ses-1_acq-multiband_dir-AP_space-ACPC_desc-preproc_dwi.nii.gz	0.0002376425855513	0.0484143979847431	0.0063981520943343	0.0487594492733478	0.048425905406475	0.0487605445086956	0.0063552176579833	0.0471306070685386	0.0471306927502155	sub-20461	ses-1		dir-AP	acq-multiband	space-ACPC			DSIStudio	autotrackgqi
Association_InferiorFrontoOccipitalFasciculusL	ad	TORTOISE_model-MAPMRI	/scratch/grmpy/SLURM_11194840_88/job-11194840-88-sub-20461/ds/inputs/data/qsiprep/qsiprep/sub-20461/ses-1/dwi/sub-20461_ses-1_acq-multiband_dir-AP_space-ACPC_desc-preproc_dwi.nii.gz	0.0051728191864566	1144.2638823333637	282.2591070453732	1105.070796435818	1150.2137299843523	1106.355453872687	270.6305036626264	1253.1235991617389	1253.326421986941	sub-20461	ses-1		dir-AP	acq-multiband	space-ACPC			DSIStudio	autotrackgqi
Association_InferiorFrontoOccipitalFasciculusL	am	TORTOISE_model-MAPMRI	/scratch/grmpy/SLURM_11194840_88/job-11194840-88-sub-20461/ds/inputs/data/qsiprep/qsiprep/sub-20461/ses-1/dwi/sub-20461_ses-1_acq-multiband_dir-AP_space-ACPC_desc-preproc_dwi.nii.gz	0.0051728191864566	5437.041015625	1233.2633056640625	5345.5517578125	5465.31201171875	5349.623046875	1172.3209228515625	5141.56591796875	5142.39794921875	sub-20461	ses-1		dir-AP	acq-multiband	space-ACPC			DSIStudio	autotrackgqi
Association_InferiorFrontoOccipitalFasciculusL	fa	TORTOISE_model-MAPMRI	/scratch/grmpy/SLURM_11194840_88/job-11194840-88-sub-20461/ds/inputs/data/qsiprep/qsiprep/sub-20461/ses-1/dwi/sub-20461_ses-1_acq-multiband_dir-AP_space-ACPC_desc-preproc_dwi.nii.gz	0.0051728191864566	0.3568929532058225	0.180848845469865	0.3652468508159106	0.3587486953401945	0.3665876938425358	0.1794731828087928	0.5047935311130725	0.504875233992548	sub-20461	ses-1		dir-AP	acq-multiband	space-ACPC			DSIStudio	autotrackgqi
Association_InferiorFrontoOccipitalFasciculusL	li	TORTOISE_model-MAPMRI	/scratch/grmpy/SLURM_11194840_88/job-11194840-88-sub-20461/ds/inputs/data/qsiprep/qsiprep/sub-20461/ses-1/dwi/sub-20461_ses-1_acq-multiband_dir-AP_space-ACPC_desc-preproc_dwi.nii.gz	0.0059957676933928	0.2031408846378326	0.135045051574707	0.1895298212766647	0.2043662220239639	0.1913084983825683	0.1345241814851761	0.3298519849777221	0.3299520909786224	sub-20461	ses-1		dir-AP	acq-multiband	space-ACPC			DSIStudio	autotrackgqi
Association_InferiorFrontoOccipitalFasciculusL	ng	TORTOISE_model-MAPMRI	/scratch/grmpy/SLURM_11194840_88/job-11194840-88-sub-20461/ds/inputs/data/qsiprep/qsiprep/sub-20461/ses-1/dwi/sub-20461_ses-1_acq-multiband_dir-AP_space-ACPC_desc-preproc_dwi.nii.gz	0.0051728191864566	0.2991871833801269	0.0733733177185058	0.3188692033290863	0.3007428646087646	0.3192816376686096	0.0703119784593582	0.3268336951732635	0.3268866240978241	sub-20461	ses-1		dir-AP	acq-multiband	space-ACPC			DSIStudio	autotrackgqi
Association_InferiorFrontoOccipitalFasciculusL	ngpar	TORTOISE_model-MAPMRI	/scratch/grmpy/SLURM_11194840_88/job-11194840-88-sub-20461/ds/inputs/data/qsiprep/qsiprep/sub-20461/ses-1/dwi/sub-20461_ses-1_acq-multiband_dir-AP_space-ACPC_desc-preproc_dwi.nii.gz	0.0051728191864566	0.1420197039842605	0.0408026650547981	0.1420771181583404	0.1427581757307052	0.1423789262771606	0.0395991504192352	0.1322639882564544	0.13228540122509	sub-20461	ses-1		dir-AP	acq-multiband	space-ACPC			DSIStudio	autotrackgqi
Association_InferiorFrontoOccipitalFasciculusL	ngperp	TORTOISE_model-MAPMRI	/scratch/grmpy/SLURM_11194840_88/job-11194840-88-sub-20461/ds/inputs/data/qsiprep/qsiprep/sub-20461/ses-1/dwi/sub-20461_ses-1_acq-multiband_dir-AP_space-ACPC_desc-preproc_dwi.nii.gz	0.0051728191864566	0.2525537610054016	0.0682523101568222	0.266981840133667	0.253866970539093	0.2674888372421264	0.0659486204385757	0.2773782312870025	0.2774231135845184	sub-20461	ses-1		dir-AP	acq-multiband	space-ACPC			DSIStudio	autotrackgqi
Association_InferiorFrontoOccipitalFasciculusL	pa	TORTOISE_model-MAPMRI	/scratch/grmpy/SLURM_11194840_88/job-11194840-88-sub-20461/ds/inputs/data/qsiprep/qsiprep/sub-20461/ses-1/dwi/sub-20461_ses-1_acq-multiband_dir-AP_space-ACPC_desc-preproc_dwi.nii.gz	0.0051728191864566	0.679739236831665	0.2389701306819915	0.7714835405349731	0.6832736730575562	0.7738132476806641	0.2344966232776641	0.841261625289917	0.8413978219032288	sub-20461	ses-1		dir-AP	acq-multiband	space-ACPC			DSIStudio	autotrackgqi
Association_InferiorFrontoOccipitalFasciculusL	path	TORTOISE_model-MAPMRI	/scratch/grmpy/SLURM_11194840_88/job-11194840-88-sub-20461/ds/inputs/data/qsiprep/qsiprep/sub-20461/ses-1/dwi/sub-20461_ses-1_acq-multiband_dir-AP_space-ACPC_desc-preproc_dwi.nii.gz	0.0051728191864566	0.2697385549545288	0.1100927889347076	0.2788838148117065	0.2711411416530609	0.2801176905632019	0.1086423099040985	0.3535376787185669	0.3535948693752289	sub-20461	ses-1		dir-AP	acq-multiband	space-ACPC			DSIStudio	autotrackgqi
Association_InferiorFrontoOccipitalFasciculusL	rd	TORTOISE_model-MAPMRI	/scratch/grmpy/SLURM_11194840_88/job-11194840-88-sub-20461/ds/inputs/data/qsiprep/qsiprep/sub-20461/ses-1/dwi/sub-20461_ses-1_acq-multiband_dir-AP_space-ACPC_desc-preproc_dwi.nii.gz	0.0051728191864566	656.6587454003095	248.31436737602644	618.352983449767	660.0731846342511	618.9651862951068	244.39079342035933	531.8468284913913	531.9329097348249	sub-20461	ses-1		dir-AP	acq-multiband	space-ACPC			DSIStudio	autotrackgqi
Association_InferiorFrontoOccipitalFasciculusL	rtap	TORTOISE_model-MAPMRI	/scratch/grmpy/SLURM_11194840_88/job-11194840-88-sub-20461/ds/inputs/data/qsiprep/qsiprep/sub-20461/ses-1/dwi/sub-20461_ses-1_acq-multiband_dir-AP_space-ACPC_desc-preproc_dwi.nii.gz	0.0058782036209734	0.013805229216814	0.0048360833898186	0.0136292316019535	0.0138868587091565	0.0136623447760939	0.0047320621088147	0.0179164484143257	0.0179197210818529	sub-20461	ses-1		dir-AP	acq-multiband	space-ACPC			DSIStudio	autotrackgqi
Association_InferiorFrontoOccipitalFasciculusL	rtop	TORTOISE_model-MAPMRI	/scratch/grmpy/SLURM_11194840_88/job-11194840-88-sub-20461/ds/inputs/data/qsiprep/qsiprep/sub-20461/ses-1/dwi/sub-20461_ses-1_acq-multiband_dir-AP_space-ACPC_desc-preproc_dwi.nii.gz	0.0058782036209734	0.0002966650063171	8.864876872394234e-05	0.0003060538438148	0.0002984191814903	0.0003066089411731	8.591621008235961e-05	0.0003583076177164	0.0003583730722311	sub-20461	ses-1		dir-AP	acq-multiband	space-ACPC			DSIStudio	autotrackgqi
Association_InferiorFrontoOccipitalFasciculusL	rtpp	TORTOISE_model-MAPMRI	/scratch/grmpy/SLURM_11194840_88/job-11194840-88-sub-20461/ds/inputs/data/qsiprep/qsiprep/sub-20461/ses-1/dwi/sub-20461_ses-1_acq-multiband_dir-AP_space-ACPC_desc-preproc_dwi.nii.gz	0.0051728191864566	0.0486873760819435	0.0065933377481997	0.0491990596055984	0.048940535634756	0.0492272637784481	0.0055953846313059	0.0467025972902774	0.046710155904293	sub-20461	ses-1		dir-AP	acq-multiband	space-ACPC			DSIStudio	autotrackgqi
Association_UncinateFasciculusL	ad	TORTOISE_model-MAPMRI	/scratch/grmpy/SLURM_11194840_88/job-11194840-88-sub-20461/ds/inputs/data/qsiprep/qsiprep/sub-20461/ses-1/dwi/sub-20461_ses-1_acq-multiband_dir-AP_space-ACPC_desc-preproc_dwi.nii.gz	0.0046326935804103	1125.9979056925026	321.8630614874316	1073.216320655075	1131.2385874344227	1074.3612571215835	313.2882544615865	1157.763762990833	1158.3935975563095	sub-20461	ses-1		dir-AP	acq-multiband	space-ACPC			DSIStudio	autotrackgqi
Association_UncinateFasciculusL	am	TORTOISE_model-MAPMRI	/scratch/grmpy/SLURM_11194840_88/job-11194840-88-sub-20461/ds/inputs/data/qsiprep/qsiprep/sub-20461/ses-1/dwi/sub-20461_ses-1_acq-multiband_dir-AP_space-ACPC_desc-preproc_dwi.nii.gz	0.0044120891242003	6070.505859375	1770.145263671875	5900.6240234375	6097.40771484375	5908.63525390625	1727.21337890625	5552.4248046875	5555.37158203125	sub-20461	ses-1		dir-AP	acq-multiband	space-ACPC			DSIStudio	autotrackgqi
Association_UncinateFasciculusL	fa	TORTOISE_model-MAPMRI	/scratch/grmpy/SLURM_11194840_88/job-11194840-88-sub-20461/ds/inputs/data/qsiprep/qsiprep/sub-20461/ses-1/dwi/sub-20461_ses-1_acq-multiband_dir-AP_space-ACPC_desc-preproc_dwi.nii.gz	0.0046326935804103	0.2733770003756751	0.1525838302201892	0.2422589419767249	0.2746493667338065	0.2433261190632712	0.1517917329406769	0.3719230769908256	0.3721254065757731	sub-20461	ses-1		dir-AP	acq-multiband	space-ACPC			DSIStudio	autotrackgqi
Association_UncinateFasciculusL	li	TORTOISE_model-MAPMRI	/scratch/grmpy/SLURM_11194840_88/job-11194840-88-sub-20461/ds/inputs/data/qsiprep/qsiprep/sub-20461/ses-1/dwi/sub-20461_ses-1_acq-multiband_dir-AP_space-ACPC_desc-preproc_dwi.nii.gz	0.0052945069490403	0.141257181763649	0.1076242849230766	0.1050749123096466	0.1420090496540069	0.1058576703071594	0.1074144691228866	0.2167795300483703	0.2169069349765777	sub-20461	ses-1		dir-AP	acq-multiband	space-ACPC			DSIStudio	autotrackgqi
Association_UncinateFasciculusL	ng	TORTOISE_model-MAPMRI	/scratch/grmpy/SLURM_11194840_88/job-11194840-88-sub-20461/ds/inputs/data/qsiprep/qsiprep/sub-20461/ses-1/dwi/sub-20461_ses-1_acq-multiband_dir-AP_space-ACPC_desc-preproc_dwi.nii.gz	0.0044120891242003	0.2549100816249847	0.0883593931794166	0.2561070024967193	0.2560397684574127	0.2566365599632263	0.0869065076112747	0.2760059237480163	0.2761524021625519	sub-20461	ses-1		dir-AP	acq-multiband	space-ACPC			DSIStudio	autotrackgqi
Association_UncinateFasciculusL	ngpar	TORTOISE_model-MAPMRI	/scratch/grmpy/SLURM_11194840_88/job-11194840-88-sub-20461/ds/inputs/data/qsiprep/qsiprep/sub-20461/ses-1/dwi/sub-20461_ses-1_acq-multiband_dir-AP_space-ACPC_desc-preproc_dwi.nii.gz	0.0044120891242003	0.1394081711769104	0.0541046150028705	0.1365579962730407	0.1400259882211685	0.1369113773107528	0.053420715034008	0.1321040689945221	0.1321741789579391	sub-20461	ses-1		dir-AP	acq-multiband	space-ACPC			DSIStudio	autotrackgqi
Association_UncinateFasciculusL	ngperp	TORTOISE_model-MAPMRI	/scratch/grmpy/SLURM_11194840_88/job-11194840-88-sub-20461/ds/inputs/data/qsiprep/qsiprep/sub-20461/ses-1/dwi/sub-20461_ses-1_acq-multiband_dir-AP_space-ACPC_desc-preproc_dwi.nii.gz	0.0044120891242003	0.2079439312219619	0.0755311697721481	0.210138514637947	0.2088654637336731	0.2105049192905426	0.0744161456823349	0.2308325916528701	0.2309550940990448	sub-20461	ses-1		dir-AP	acq-multiband	space-ACPC			DSIStudio	autotrackgqi
Association_UncinateFasciculusL	pa	TORTOISE_model-MAPMRI	/scratch/grmpy/SLURM_11194840_88/job-11194840-88-sub-20461/ds/inputs/data/qsiprep/qsiprep/sub-20461/ses-1/dwi/sub-20461_ses-1_acq-multiband_dir-AP_space-ACPC_desc-preproc_dwi.nii.gz	0.0044120891242003	0.5471764206886292	0.229944422841072	0.530207633972168	0.5496012568473816	0.5325908660888672	0.2275434881448745	0.687008261680603	0.6873728632926941	sub-20461	ses-1		dir-AP	acq-multiband	space-ACPC			DSIStudio	autotrackgqi
Association_UncinateFasciculusL	path	TORTOISE_model-MAPMRI	/scratch/grmpy/SLURM_11194840_88/job-11194840-88-sub-20461/ds/inputs/data/qsiprep/qsiprep/sub-20461/ses-1/dwi/sub-20461_ses-1_acq-multiband_dir-AP_space-ACPC_desc-preproc_dwi.nii.gz	0.0044120891242003	0.20815309882164	0.0951722264289856	0.1858215183019638	0.2090755552053451	0.1865484118461609	0.09436646848917	0.2608747184276581	0.2610131800174713	sub-20461	ses-1		dir-AP	acq-multiband	space-ACPC			DSIStudio	autotrackgqi
Association_UncinateFasciculusL	rd	TORTOISE_model-MAPMRI	/scratch/grmpy/SLURM_11194840_88/job-11194840-88-sub-20461/ds/inputs/data/qsiprep/qsiprep/sub-20461/ses-1/dwi/sub-20461_ses-1_acq-multiband_dir-AP_space-ACPC_desc-preproc_dwi.nii.gz	0.0046326935804103	752.7629187174923	307.36809865534786	697.01957504707	756.2664695359913	697.4273334975421	303.75194077255605	641.3835967782018	641.7325157584229	sub-20461	ses-1		dir-AP	acq-multiband	space-ACPC			DSIStudio	autotrackgqi
Association_UncinateFasciculusL	rtap	TORTOISE_model-MAPMRI	/scratch/grmpy/SLURM_11194840_88/job-11194840-88-sub-20461/ds/inputs/data/qsiprep/qsiprep/sub-20461/ses-1/dwi/sub-20461_ses-1_acq-multiband_dir-AP_space-ACPC_desc-preproc_dwi.nii.gz	0.0072799470549305	0.0107886204496026	0.0039539788849651	0.0100146075710654	0.0108677372336387	0.0100368931889534	0.0038585981819778	0.0129950139671564	0.013003890402615	sub-20461	ses-1		dir-AP	acq-multiband	space-ACPC			DSIStudio	autotrackgqi
Association_UncinateFasciculusL	rtop	TORTOISE_model-MAPMRI	/scratch/grmpy/SLURM_11194840_88/job-11194840-88-sub-20461/ds/inputs/data/qsiprep/qsiprep/sub-20461/ses-1/dwi/sub-20461_ses-1_acq-multiband_dir-AP_space-ACPC_desc-preproc_dwi.nii.gz	0.0072799470549305	0.0002365490945521	9.469194628763944e-05	0.0002279899053974	0.0002382837992627	0.0002286080707563	9.283841063734144e-05	0.0002727175597101	0.000272903824225	sub-20461	ses-1		dir-AP	acq-multiband	space-ACPC			DSIStudio	autotrackgqi
Association_UncinateFasciculusL	rtpp	TORTOISE_model-MAPMRI	/scratch/grmpy/SLURM_11194840_88/job-11194840-88-sub-20461/ds/inputs/data/qsiprep/qsiprep/sub-20461/ses-1/dwi/sub-20461_ses-1_acq-multiband_dir-AP_space-ACPC_desc-preproc_dwi.nii.gz	0.0046326935804103	0.0488854236900806	0.0070827230811119	0.0494802743196487	0.0491129495203495	0.0495151951909065	0.0062629077583551	0.0480432398617267	0.0480693764984607	sub-20461	ses-1		dir-AP	acq-multiband	space-ACPC			DSIStudio	autotrackgqi
Association_FrontalAslantTractL	ad	TORTOISE_model-MAPMRI	/scratch/grmpy/SLURM_11194840_88/job-11194840-88-sub-20461/ds/inputs/data/qsiprep/qsiprep/sub-20461/ses-1/dwi/sub-20461_ses-1_acq-multiband_dir-AP_space-ACPC_desc-preproc_dwi.nii.gz	0.0	1131.4799789395092	307.40190399720007	1051.345518998773	1131.4799789395092	1051.345518998773	307.40190399720007	1131.6737402455296	1131.6737402455296	sub-20461	ses-1		dir-AP	acq-multiband	space-ACPC			DSIStudio	autotrackgqi
Association_FrontalAslantTractL	am	TORTOISE_model-MAPMRI	/scratch/grmpy/SLURM_11194840_88/job-11194840-88-sub-20461/ds/inputs/data/qsiprep/qsiprep/sub-20461/ses-1/dwi/sub-20461_ses-1_acq-multiband_dir-AP_space-ACPC_desc-preproc_dwi.nii.gz	0.0	5433.67724609375	1129.8154296875	5203.06396484375	5433.67724609375	5203.06396484375	1129.8154296875	5119.09033203125	5119.09033203125	sub-20461	ses-1		dir-AP	acq-multiband	space-ACPC			DSIStudio	autotrackgqi
Association_FrontalAslantTractL	fa	TORTOISE_model-MAPMRI	/scratch/grmpy/SLURM_11194840_88/job-11194840-88-sub-20461/ds/inputs/data/qsiprep/qsiprep/sub-20461/ses-1/dwi/sub-20461_ses-1_acq-multiband_dir-AP_space-ACPC_desc-preproc_dwi.nii.gz	0.0	0.3268846253088417	0.1769690837542099	0.3145624632678981	0.3268846253088417	0.3145624632678981	0.1769690837542099	0.4017191916232512	0.4017191916232512	sub-20461	ses-1		dir-AP	acq-multiband	space-ACPC			DSIStudio	autotrackgqi
Association_FrontalAslantTractL	li	TORTOISE_model-MAPMRI	/scratch/grmpy/SLURM_11194840_88/job-11194840-88-sub-20461/ds/inputs/data/qsiprep/qsiprep/sub-20461/ses-1/dwi/sub-20461_ses-1_acq-multiband_dir-AP_space-ACPC_desc-preproc_dwi.nii.gz	0.0028328611898017	0.1886748671531677	0.135616049170494	0.1604513376951217	0.1892108768224716	0.1608314514160156	0.1354346424341201	0.2481648474931717	0.2483534812927246	sub-20461	ses-1		dir-AP	acq-multiband	space-ACPC			DSIStudio	autotrackgqi
Association_FrontalAslantTractL	ng	TORTOISE_model-MAPMRI	/scratch/grmpy/SLURM_11194840_88/job-11194840-88-sub-20461/ds/inputs/data/qsiprep/qsiprep/sub-20461/ses-1/dwi/sub-20461_ses-1_acq-multiband_dir-AP_space-ACPC_desc-preproc_dwi.nii.gz	0.0	0.297820508480072	0.0749711245298385	0.3213343918323517	0.297820508480072	0.3213343918323517	0.0749711245298385	0.3349230587482452	0.3349230587482452	sub-20461	ses-1		dir-AP	acq-multiband	space-ACPC			DSIStudio	autotrackgqi
Association_FrontalAslantTractL	ngpar	TORTOISE_model-MAPMRI	/scratch/grmpy/SLURM_11194840_88/job-11194840-88-sub-20461/ds/inputs/data/qsiprep/qsiprep/sub-20461/ses-1/dwi/sub-20461_ses-1_acq-multiband_dir-AP_space-ACPC_desc-preproc_dwi.nii.gz	0.0	0.143862247467041	0.0367200039327144	0.1431387513875961	0.143862247467041	0.1431387513875961	0.0367200039327144	0.1492118239402771	0.1492118239402771	sub-20461	ses-1		dir-AP	acq-multiband	space-ACPC			DSIStudio	autotrackgqi
Association_FrontalAslantTractL	ngperp	TORTOISE_model-MAPMRI	/scratch/grmpy/SLURM_11194840_88/job-11194840-88-sub-20461/ds/inputs/data/qsiprep/qsiprep/sub-20461/ses-1/dwi/sub-20461_ses-1_acq-multiband_dir-AP_space-ACPC_desc-preproc_dwi.nii.gz	0.0	0.2521373331546783	0.06728395819664	0.2663544416427612	0.2521373331546783	0.2663544416427612	0.06728395819664	0.2834946811199188	0.2834946811199188	sub-20461	ses-1		dir-AP	acq-multiband	space-ACPC			DSIStudio	autotrackgqi
Association_FrontalAslantTractL	pa	TORTOISE_model-MAPMRI	/scratch/grmpy/SLURM_11194840_88/job-11194840-88-sub-20461/ds/inputs/data/qsiprep/qsiprep/sub-20461/ses-1/dwi/sub-20461_ses-1_acq-multiband_dir-AP_space-ACPC_desc-preproc_dwi.nii.gz	0.0	0.6504893898963928	0.2386110574007034	0.7273804545402527	0.6504893898963928	0.7273804545402527	0.2386110574007034	0.7677328586578369	0.7677328586578369	sub-20461	ses-1		dir-AP	acq-multiband	space-ACPC			DSIStudio	autotrackgqi
Association_FrontalAslantTractL	path	TORTOISE_model-MAPMRI	/scratch/grmpy/SLURM_11194840_88/job-11194840-88-sub-20461/ds/inputs/data/qsiprep/qsiprep/sub-20461/ses-1/dwi/sub-20461_ses-1_acq-multiband_dir-AP_space-ACPC_desc-preproc_dwi.nii.gz	0.0	0.2550200819969177	0.1059629917144775	0.2573661804199219	0.2550200819969177	0.2573661804199219	0.1059629917144775	0.3045596182346344	0.3045596182346344	sub-20461	ses-1		dir-AP	acq-multiband	space-ACPC			DSIStudio	autotrackgqi
Association_FrontalAslantTractL	rd	TORTOISE_model-MAPMRI	/scratch/grmpy/SLURM_11194840_88/job-11194840-88-sub-20461/ds/inputs/data/qsiprep/qsiprep/sub-20461/ses-1/dwi/sub-20461_ses-1_acq-multiband_dir-AP_space-ACPC_desc-preproc_dwi.nii.gz	0.0	703.2771972285688	331.88620796757294	631.9299921018933	703.2771972285688	631.9299921018933	331.88620796757294	601.9108806622685	601.9108806622685	sub-20461	ses-1		dir-AP	acq-multiband	space-ACPC			DSIStudio	autotrackgqi
Association_FrontalAslantTractL	rtap	TORTOISE_model-MAPMRI	/scratch/grmpy/SLURM_11194840_88/job-11194840-88-sub-20461/ds/inputs/data/qsiprep/qsiprep/sub-20461/ses-1/dwi/sub-20461_ses-1_acq-multiband_dir-AP_space-ACPC_desc-preproc_dwi.nii.gz	0.0	0.0135904802009463	0.005145956762135	0.0134206553921103	0.0135904802009463	0.0134206553921103	0.005145956762135	0.0158622059971094	0.0158622059971094	sub-20461	ses-1		dir-AP	acq-multiband	space-ACPC			DSIStudio	autotrackgqi
Association_FrontalAslantTractL	rtop	TORTOISE_model-MAPMRI	/scratch/grmpy/SLURM_11194840_88/job-11194840-88-sub-20461/ds/inputs/data/qsiprep/qsiprep/sub-20461/ses-1/dwi/sub-20461_ses-1_acq-multiband_dir-AP_space-ACPC_desc-preproc_dwi.nii.gz	0.0	0.0002993859816342	0.0001013940782286	0.000311514158966	0.0002993859816342	0.000311514158966	0.0001013940782286	0.0003463097382336	0.0003463097382336	sub-20461	ses-1		dir-AP	acq-multiband	space-ACPC			DSIStudio	autotrackgqi
Association_FrontalAslantTractL	rtpp	TORTOISE_model-MAPMRI	/scratch/grmpy/SLURM_11194840_88/job-11194840-88-sub-20461/ds/inputs/data/qsiprep/qsiprep/sub-20461/ses-1/dwi/sub-20461_ses-1_acq-multiband_dir-AP_space-ACPC_desc-preproc_dwi.nii.gz	0.0	0.0495382882654666	0.005608981475234	0.0504749901592731	0.0495382882654666	0.0504749901592731	0.005608981475234	0.0496700964868068	0.0496700964868068	sub-20461	ses-1		dir-AP	acq-multiband	space-ACPC			DSIStudio	autotrackgqi
Association_FrontalAslantTractR	ad	TORTOISE_model-MAPMRI	/scratch/grmpy/SLURM_11194840_88/job-11194840-88-sub-20461/ds/inputs/data/qsiprep/qsiprep/sub-20461/ses-1/dwi/sub-20461_ses-1_acq-multiband_dir-AP_space-ACPC_desc-preproc_dwi.nii.gz	0.0	1116.7108834767764	266.86154683206746	1056.494933545043	1116.7108834767764	1056.494933545043	266.86154683206746	1110.9324823483926	1110.9325781909197	sub-20461	ses-1		dir-AP	acq-multiband	space-ACPC			DSIStudio	autotrackgqi
Association_FrontalAslantTractR	am	TORTOISE_model-MAPMRI	/scratch/grmpy/SLURM_11194840_88/job-11194840-88-sub-20461/ds/inputs/data/qsiprep/qsiprep/sub-20461/ses-1/dwi/sub-20461_ses-1_acq-multiband_dir-AP_space-ACPC_desc-preproc_dwi.nii.gz	0.0	5563.33447265625	1259.3106689453125	5242.66796875	5563.33447265625	5242.66796875	1259.3106689453125	5128.0556640625	5128.05615234375	sub-20461	ses-1		dir-AP	acq-multiband	space-ACPC			DSIStudio	autotrackgqi
Association_FrontalAslantTractR	fa	TORTOISE_model-MAPMRI	/scratch/grmpy/SLURM_11194840_88/job-11194840-88-sub-20461/ds/inputs/data/qsiprep/qsiprep/sub-20461/ses-1/dwi/sub-20461_ses-1_acq-multiband_dir-AP_space-ACPC_desc-preproc_dwi.nii.gz	0.0	0.343057854245998	0.1762350821521336	0.3428841007430917	0.343057854245998	0.3428841007430917	0.1762350821521336	0.4227603928669153	0.4227604293232443	sub-20461	ses-1		dir-AP	acq-multiband	space-ACPC			DSIStudio	autotrackgqi
Association_FrontalAslantTractR	li	TORTOISE_model-MAPMRI	/scratch/grmpy/SLURM_11194840_88/job-11194840-88-sub-20461/ds/inputs/data/qsiprep/qsiprep/sub-20461/ses-1/dwi/sub-20461_ses-1_acq-multiband_dir-AP_space-ACPC_desc-preproc_dwi.nii.gz	0.0	0.2056063562631607	0.1355213522911071	0.1873369663953781	0.2056063562631607	0.1873369663953781	0.1355213522911071	0.2693158686161041	0.2693158984184265	sub-20461	ses-1		dir-AP	acq-multiband	space-ACPC			DSIStudio	autotrackgqi
Association_FrontalAslantTractR	ng	TORTOISE_model-MAPMRI	/scratch/grmpy/SLURM_11194840_88/job-11194840-88-sub-20461/ds/inputs/data/qsiprep/qsiprep/sub-20461/ses-1/dwi/sub-20461_ses-1_acq-multiband_dir-AP_space-ACPC_desc-preproc_dwi.nii.gz	0.0	0.2992751002311706	0.0748217776417732	0.323629081249237	0.2992751002311706	0.323629081249237	0.0748217776417732	0.3344789743423462	0.3344790041446686	sub-20461	ses-1		dir-AP	acq-multiband	space-ACPC			DSIStudio	autotrackgqi
Association_FrontalAslantTractR	ngpar	TORTOISE_model-MAPMRI	/scratch/grmpy/SLURM_11194840_88/job-11194840-88-sub-20461/ds/inputs/data/qsiprep/qsiprep/sub-20461/ses-1/dwi/sub-20461_ses-1_acq-multiband_dir-AP_space-ACPC_desc-preproc_dwi.nii.gz	0.0	0.1357848644256591	0.0375193953514099	0.1344891190528869	0.1357848644256591	0.1344891190528869	0.0375193953514099	0.1441817879676818	0.144181802868843	sub-20461	ses-1		dir-AP	acq-multiband	space-ACPC			DSIStudio	autotrackgqi
Association_FrontalAslantTractR	ngperp	TORTOISE_model-MAPMRI	/scratch/grmpy/SLURM_11194840_88/job-11194840-88-sub-20461/ds/inputs/data/qsiprep/qsiprep/sub-20461/ses-1/dwi/sub-20461_ses-1_acq-multiband_dir-AP_space-ACPC_desc-preproc_dwi.nii.gz	0.0	0.2574364840984344	0.067185565829277	0.2730706930160522	0.2574364840984344	0.2730706930160522	0.067185565829277	0.2858266830444336	0.285826712846756	sub-20461	ses-1		dir-AP	acq-multiband	space-ACPC			DSIStudio	autotrackgqi
Association_FrontalAslantTractR	pa	TORTOISE_model-MAPMRI	/scratch/grmpy/SLURM_11194840_88/job-11194840-88-sub-20461/ds/inputs/data/qsiprep/qsiprep/sub-20461/ses-1/dwi/sub-20461_ses-1_acq-multiband_dir-AP_space-ACPC_desc-preproc_dwi.nii.gz	0.0	0.6749970316886902	0.2360719591379165	0.7515084147453308	0.6749970316886902	0.7515084147453308	0.2360719591379165	0.7917372584342957	0.7917372584342957	sub-20461	ses-1		dir-AP	acq-multiband	space-ACPC			DSIStudio	autotrackgqi
Association_FrontalAslantTractR	path	TORTOISE_model-MAPMRI	/scratch/grmpy/SLURM_11194840_88/job-11194840-88-sub-20461/ds/inputs/data/qsiprep/qsiprep/sub-20461/ses-1/dwi/sub-20461_ses-1_acq-multiband_dir-AP_space-ACPC_desc-preproc_dwi.nii.gz	0.0	0.2671192586421966	0.1080793365836143	0.2687321007251739	0.2671192586421966	0.2687321007251739	0.1080793365836143	0.3159960806369781	0.3159961402416229	sub-20461	ses-1		dir-AP	acq-multiband	space-ACPC			DSIStudio	autotrackgqi
Association_FrontalAslantTractR	rd	TORTOISE_model-MAPMRI	/scratch/grmpy/SLURM_11194840_88/job-11194840-88-sub-20461/ds/inputs/data/qsiprep/qsiprep/sub-20461/ses-1/dwi/sub-20461_ses-1_acq-multiband_dir-AP_space-ACPC_desc-preproc_dwi.nii.gz	0.0	672.9983183629545	297.90957320975656	605.8653123198385	672.9983183629545	605.8653123198385	297.90957320975656	566.2835910100936	566.2836399714677	sub-20461	ses-1		dir-AP	acq-multiband	space-ACPC			DSIStudio	autotrackgqi
Association_FrontalAslantTractR	rtap	TORTOISE_model-MAPMRI	/scratch/grmpy/SLURM_11194840_88/job-11194840-88-sub-20461/ds/inputs/data/qsiprep/qsiprep/sub-20461/ses-1/dwi/sub-20461_ses-1_acq-multiband_dir-AP_space-ACPC_desc-preproc_dwi.nii.gz	0.0	0.0143000306561589	0.0051938435062766	0.0143814831972122	0.0143000306561589	0.0143814831972122	0.0051938435062766	0.0166797097772359	0.0166797116398811	sub-20461	ses-1		dir-AP	acq-multiband	space-ACPC			DSIStudio	autotrackgqi
Association_FrontalAslantTractR	rtop	TORTOISE_model-MAPMRI	/scratch/grmpy/SLURM_11194840_88/job-11194840-88-sub-20461/ds/inputs/data/qsiprep/qsiprep/sub-20461/ses-1/dwi/sub-20461_ses-1_acq-multiband_dir-AP_space-ACPC_desc-preproc_dwi.nii.gz	0.0	0.0003123322094324	0.000101890953374	0.0003305223071947	0.0003123322094324	0.0003305223071947	0.000101890953374	0.0003643751260824	0.0003643751842901	sub-20461	ses-1		dir-AP	acq-multiband	space-ACPC			DSIStudio	autotrackgqi
Association_FrontalAslantTractR	rtpp	TORTOISE_model-MAPMRI	/scratch/grmpy/SLURM_11194840_88/job-11194840-88-sub-20461/ds/inputs/data/qsiprep/qsiprep/sub-20461/ses-1/dwi/sub-20461_ses-1_acq-multiband_dir-AP_space-ACPC_desc-preproc_dwi.nii.gz	0.0	0.0496109947562217	0.0051170955412089	0.0502444170415401	0.0496109947562217	0.0502444170415401	0.0051170955412089	0.0499728471040725	0.0499728508293628	sub-20461	ses-1		dir-AP	acq-multiband	space-ACPC			DSIStudio	autotrackgqi
Association_SuperiorLongitudinalFasciculusL	ad	TORTOISE_model-MAPMRI	/scratch/grmpy/SLURM_11194840_88/job-11194840-88-sub-20461/ds/inputs/data/qsiprep/qsiprep/sub-20461/ses-1/dwi/sub-20461_ses-1_acq-multiband_dir-AP_space-ACPC_desc-preproc_dwi.nii.gz	0.0003579098067287	1105.917286346915	301.1747028397057	1041.0482023142272	1106.3132467072253	1041.1632530555355	300.5006184710279	1111.8323197859736	1111.8436511607388	sub-20461	ses-1		dir-AP	acq-multiband	space-ACPC			DSIStudio	autotrackgqi
Association_SuperiorLongitudinalFasciculusL	am	TORTOISE_model-MAPMRI	/scratch/grmpy/SLURM_11194840_88/job-11194840-88-sub-20461/ds/inputs/data/qsiprep/qsiprep/sub-20461/ses-1/dwi/sub-20461_ses-1_acq-multiband_dir-AP_space-ACPC_desc-preproc_dwi.nii.gz	0.0003579098067287	5594.166015625	1159.129150390625	5358.326171875	5596.1689453125	5358.47802734375	1154.4923095703125	5183.41845703125	5183.47119140625	sub-20461	ses-1		dir-AP	acq-multiband	space-ACPC			DSIStudio	autotrackgqi
Association_SuperiorLongitudinalFasciculusL	fa	TORTOISE_model-MAPMRI	/scratch/grmpy/SLURM_11194840_88/job-11194840-88-sub-20461/ds/inputs/data/qsiprep/qsiprep/sub-20461/ses-1/dwi/sub-20461_ses-1_acq-multiband_dir-AP_space-ACPC_desc-preproc_dwi.nii.gz	0.0003579098067287	0.3055019697184746	0.1732420408464353	0.292984479014701	0.3056113510180516	0.293059669648848	0.1731765638677282	0.4084608714897844	0.4084650344642055	sub-20461	ses-1		dir-AP	acq-multiband	space-ACPC			DSIStudio	autotrackgqi
Association_SuperiorLongitudinalFasciculusL	li	TORTOISE_model-MAPMRI	/scratch/grmpy/SLURM_11194840_88/job-11194840-88-sub-20461/ds/inputs/data/qsiprep/qsiprep/sub-20461/ses-1/dwi/sub-20461_ses-1_acq-multiband_dir-AP_space-ACPC_desc-preproc_dwi.nii.gz	0.0020281555714626	0.17085662484169	0.1268502622842788	0.1446010172367096	0.1712038516998291	0.1451102495193481	0.1267447918653488	0.2446366846561432	0.2449717074632644	sub-20461	ses-1		dir-AP	acq-multiband	space-ACPC			DSIStudio	autotrackgqi
Association_SuperiorLongitudinalFasciculusL	ng	TORTOISE_model-MAPMRI	/scratch/grmpy/SLURM_11194840_88/job-11194840-88-sub-20461/ds/inputs/data/qsiprep/qsiprep/sub-20461/ses-1/dwi/sub-20461_ses-1_acq-multiband_dir-AP_space-ACPC_desc-preproc_dwi.nii.gz	0.0003579098067287	0.2838797867298126	0.0732140988111496	0.2915700078010559	0.283981442451477	0.2915939390659332	0.0730298534035682	0.3194353580474853	0.3194386065006256	sub-20461	ses-1		dir-AP	acq-multiband	space-ACPC			DSIStudio	autotrackgqi
Association_SuperiorLongitudinalFasciculusL	ngpar	TORTOISE_model-MAPMRI	/scratch/grmpy/SLURM_11194840_88/job-11194840-88-sub-20461/ds/inputs/data/qsiprep/qsiprep/sub-20461/ses-1/dwi/sub-20461_ses-1_acq-multiband_dir-AP_space-ACPC_desc-preproc_dwi.nii.gz	0.0003579098067287	0.1405433565378189	0.0354557372629642	0.1396812945604324	0.1405936777591705	0.1396958976984024	0.0353621914982795	0.1418268978595733	0.1418283432722091	sub-20461	ses-1		dir-AP	acq-multiband	space-ACPC			DSIStudio	autotrackgqi
Association_SuperiorLongitudinalFasciculusL	ngperp	TORTOISE_model-MAPMRI	/scratch/grmpy/SLURM_11194840_88/job-11194840-88-sub-20461/ds/inputs/data/qsiprep/qsiprep/sub-20461/ses-1/dwi/sub-20461_ses-1_acq-multiband_dir-AP_space-ACPC_desc-preproc_dwi.nii.gz	0.0003579098067287	0.2405494153499603	0.0658916011452674	0.2430348247289657	0.2406355291604995	0.2431572824716568	0.06574597209692	0.2720535695552826	0.2720563411712646	sub-20461	ses-1		dir-AP	acq-multiband	space-ACPC			DSIStudio	autotrackgqi
Association_SuperiorLongitudinalFasciculusL	pa	TORTOISE_model-MAPMRI	/scratch/grmpy/SLURM_11194840_88/job-11194840-88-sub-20461/ds/inputs/data/qsiprep/qsiprep/sub-20461/ses-1/dwi/sub-20461_ses-1_acq-multiband_dir-AP_space-ACPC_desc-preproc_dwi.nii.gz	0.0003579098067287	0.6156041622161865	0.2470823973417282	0.6638486385345459	0.6158245801925659	0.66403728723526	0.2468518614768982	0.7577685117721558	0.7577762007713318	sub-20461	ses-1		dir-AP	acq-multiband	space-ACPC			DSIStudio	autotrackgqi
Association_SuperiorLongitudinalFasciculusL	path	TORTOISE_model-MAPMRI	/scratch/grmpy/SLURM_11194840_88/job-11194840-88-sub-20461/ds/inputs/data/qsiprep/qsiprep/sub-20461/ses-1/dwi/sub-20461_ses-1_acq-multiband_dir-AP_space-ACPC_desc-preproc_dwi.nii.gz	0.0003579098067287	0.2401021420955658	0.1052125245332717	0.2309916317462921	0.2401881068944931	0.2310638129711151	0.1051332056522369	0.3019917905330658	0.3019949197769165	sub-20461	ses-1		dir-AP	acq-multiband	space-ACPC			DSIStudio	autotrackgqi
Association_SuperiorLongitudinalFasciculusL	rd	TORTOISE_model-MAPMRI	/scratch/grmpy/SLURM_11194840_88/job-11194840-88-sub-20461/ds/inputs/data/qsiprep/qsiprep/sub-20461/ses-1/dwi/sub-20461_ses-1_acq-multiband_dir-AP_space-ACPC_desc-preproc_dwi.nii.gz	0.0003579098067287	711.5716510280196	318.63774545800106	636.5056215799841	711.8264206846712	636.5460960935166	318.41013277788005	585.4490237370908	585.4549903043652	sub-20461	ses-1		dir-AP	acq-multiband	space-ACPC			DSIStudio	autotrackgqi
Association_SuperiorLongitudinalFasciculusL	rtap	TORTOISE_model-MAPMRI	/scratch/grmpy/SLURM_11194840_88/job-11194840-88-sub-20461/ds/inputs/data/qsiprep/qsiprep/sub-20461/ses-1/dwi/sub-20461_ses-1_acq-multiband_dir-AP_space-ACPC_desc-preproc_dwi.nii.gz	0.0004772130756382	0.012982434593141	0.0047785560600459	0.0125726507976651	0.0129886325448751	0.012578547000885	0.004771267529577	0.0159196481108665	0.0159198958426713	sub-20461	ses-1		dir-AP	acq-multiband	space-ACPC			DSIStudio	autotrackgqi
Association_SuperiorLongitudinalFasciculusL	rtop	TORTOISE_model-MAPMRI	/scratch/grmpy/SLURM_11194840_88/job-11194840-88-sub-20461/ds/inputs/data/qsiprep/qsiprep/sub-20461/ses-1/dwi/sub-20461_ses-1_acq-multiband_dir-AP_space-ACPC_desc-preproc_dwi.nii.gz	0.0004772130756382	0.0002879452367778	9.703695104690269e-05	0.0002908689493779	0.0002880827232729	0.0002909507020376	9.685588156571612e-05	0.0003459087747614	0.0003459142462816	sub-20461	ses-1		dir-AP	acq-multiband	space-ACPC			DSIStudio	autotrackgqi
Association_SuperiorLongitudinalFasciculusL	rtpp	TORTOISE_model-MAPMRI	/scratch/grmpy/SLURM_11194840_88/job-11194840-88-sub-20461/ds/inputs/data/qsiprep/qsiprep/sub-20461/ses-1/dwi/sub-20461_ses-1_acq-multiband_dir-AP_space-ACPC_desc-preproc_dwi.nii.gz	0.0003579098067287	0.0499328039586544	0.0054980544373393	0.0507168509066104	0.0499506816267967	0.0507207885384559	0.0054172333329916	0.0497490465641021	0.0497495606541633	sub-20461	ses-1		dir-AP	acq-multiband	space-ACPC			DSIStudio	autotrackgqi
Association_InferiorLongitudinalFasciculusR	ad	TORTOISE_model-MAPMRI	/scratch/grmpy/SLURM_11194840_88/job-11194840-88-sub-20461/ds/inputs/data/qsiprep/qsiprep/sub-20461/ses-1/dwi/sub-20461_ses-1_acq-multiband_dir-AP_space-ACPC_desc-preproc_dwi.nii.gz	0.0008282430893467	1154.0545847649075	256.1177619368042	1110.880646354926	1155.0112148217015	1111.1346706417012	254.0585843063469	1250.2575649258583	1250.308241782649	sub-20461	ses-1		dir-AP	acq-multiband	space-ACPC			DSIStudio	autotrackgqi
Association_InferiorLongitudinalFasciculusR	am	TORTOISE_model-MAPMRI	/scratch/grmpy/SLURM_11194840_88/job-11194840-88-sub-20461/ds/inputs/data/qsiprep/qsiprep/sub-20461/ses-1/dwi/sub-20461_ses-1_acq-multiband_dir-AP_space-ACPC_desc-preproc_dwi.nii.gz	0.0008282430893467	5568.28271484375	1294.3338623046875	5349.1787109375	5572.8984375	5351.1435546875	1284.899169921875	5040.69091796875	5040.89501953125	sub-20461	ses-1		dir-AP	acq-multiband	space-ACPC			DSIStudio	autotrackgqi
Association_InferiorLongitudinalFasciculusR	fa	TORTOISE_model-MAPMRI	/scratch/grmpy/SLURM_11194840_88/job-11194840-88-sub-20461/ds/inputs/data/qsiprep/qsiprep/sub-20461/ses-1/dwi/sub-20461_ses-1_acq-multiband_dir-AP_space-ACPC_desc-preproc_dwi.nii.gz	0.0008282430893467	0.3472474898153028	0.1796846714601556	0.3416059691603687	0.3475353335536224	0.3417777268774804	0.1794806635612321	0.4571379595071628	0.4571564887709533	sub-20461	ses-1		dir-AP	acq-multiband	space-ACPC			DSIStudio	autotrackgqi
Association_InferiorLongitudinalFasciculusR	li	TORTOISE_model-MAPMRI	/scratch/grmpy/SLURM_11194840_88/job-11194840-88-sub-20461/ds/inputs/data/qsiprep/qsiprep/sub-20461/ses-1/dwi/sub-20461_ses-1_acq-multiband_dir-AP_space-ACPC_desc-preproc_dwi.nii.gz	0.000931773475515	0.192956730723381	0.1303862631320953	0.1671399921178817	0.1931366920471191	0.1673826873302459	0.1303137689828872	0.2820253670215606	0.282038927078247	sub-20461	ses-1		dir-AP	acq-multiband	space-ACPC			DSIStudio	autotrackgqi
Association_InferiorLongitudinalFasciculusR	ng	TORTOISE_model-MAPMRI	/scratch/grmpy/SLURM_11194840_88/job-11194840-88-sub-20461/ds/inputs/data/qsiprep/qsiprep/sub-20461/ses-1/dwi/sub-20461_ses-1_acq-multiband_dir-AP_space-ACPC_desc-preproc_dwi.nii.gz	0.0008282430893467	0.288711279630661	0.0773487836122512	0.3069818913936615	0.2889505922794342	0.3070897459983825	0.0769327133893966	0.3309189081192016	0.3309323191642761	sub-20461	ses-1		dir-AP	acq-multiband	space-ACPC			DSIStudio	autotrackgqi
Association_InferiorLongitudinalFasciculusR	ngpar	TORTOISE_model-MAPMRI	/scratch/grmpy/SLURM_11194840_88/job-11194840-88-sub-20461/ds/inputs/data/qsiprep/qsiprep/sub-20461/ses-1/dwi/sub-20461_ses-1_acq-multiband_dir-AP_space-ACPC_desc-preproc_dwi.nii.gz	0.0008282430893467	0.1341706663370132	0.0357162803411483	0.1347289681434631	0.1342818886041641	0.1347599625587463	0.0355214811861515	0.1294724345207214	0.1294776797294616	sub-20461	ses-1		dir-AP	acq-multiband	space-ACPC			DSIStudio	autotrackgqi
Association_InferiorLongitudinalFasciculusR	ngperp	TORTOISE_model-MAPMRI	/scratch/grmpy/SLURM_11194840_88/job-11194840-88-sub-20461/ds/inputs/data/qsiprep/qsiprep/sub-20461/ses-1/dwi/sub-20461_ses-1_acq-multiband_dir-AP_space-ACPC_desc-preproc_dwi.nii.gz	0.0008282430893467	0.2492305189371109	0.0735310912132263	0.2622922956943512	0.2494371235370636	0.262320876121521	0.0732104554772377	0.290384292602539	0.2903960645198822	sub-20461	ses-1		dir-AP	acq-multiband	space-ACPC			DSIStudio	autotrackgqi
Association_InferiorLongitudinalFasciculusR	pa	TORTOISE_model-MAPMRI	/scratch/grmpy/SLURM_11194840_88/job-11194840-88-sub-20461/ds/inputs/data/qsiprep/qsiprep/sub-20461/ses-1/dwi/sub-20461_ses-1_acq-multiband_dir-AP_space-ACPC_desc-preproc_dwi.nii.gz	0.0008282430893467	0.6597334146499634	0.2505868673324585	0.7396814227104187	0.6602802872657776	0.7402409315109253	0.249969482421875	0.813154935836792	0.813187837600708	sub-20461	ses-1		dir-AP	acq-multiband	space-ACPC			DSIStudio	autotrackgqi
Association_InferiorLongitudinalFasciculusR	path	TORTOISE_model-MAPMRI	/scratch/grmpy/SLURM_11194840_88/job-11194840-88-sub-20461/ds/inputs/data/qsiprep/qsiprep/sub-20461/ses-1/dwi/sub-20461_ses-1_acq-multiband_dir-AP_space-ACPC_desc-preproc_dwi.nii.gz	0.0008282430893467	0.2641026675701141	0.1151609644293785	0.2630488574504852	0.2643215656280517	0.2633126974105835	0.1149572730064392	0.3387093245983124	0.3387230634689331	sub-20461	ses-1		dir-AP	acq-multiband	space-ACPC			DSIStudio	autotrackgqi
Association_InferiorLongitudinalFasciculusR	rd	TORTOISE_model-MAPMRI	/scratch/grmpy/SLURM_11194840_88/job-11194840-88-sub-20461/ds/inputs/data/qsiprep/qsiprep/sub-20461/ses-1/dwi/sub-20461_ses-1_acq-multiband_dir-AP_space-ACPC_desc-preproc_dwi.nii.gz	0.0008282430893467	669.169801531185	201.2917455633318	645.775641732857	669.724496216943	645.908351560056	200.45064501861123	588.4191936015957	588.4430439599438	sub-20461	ses-1		dir-AP	acq-multiband	space-ACPC			DSIStudio	autotrackgqi
Association_InferiorLongitudinalFasciculusR	rtap	TORTOISE_model-MAPMRI	/scratch/grmpy/SLURM_11194840_88/job-11194840-88-sub-20461/ds/inputs/data/qsiprep/qsiprep/sub-20461/ses-1/dwi/sub-20461_ses-1_acq-multiband_dir-AP_space-ACPC_desc-preproc_dwi.nii.gz	0.0010353038616834	0.013390963897109	0.0045837168581783	0.0126645267009735	0.0134048424661159	0.0126738045364618	0.0045657637529075	0.0160868261009454	0.0160875339061021	sub-20461	ses-1		dir-AP	acq-multiband	space-ACPC			DSIStudio	autotrackgqi
Association_InferiorLongitudinalFasciculusR	rtop	TORTOISE_model-MAPMRI	/scratch/grmpy/SLURM_11194840_88/job-11194840-88-sub-20461/ds/inputs/data/qsiprep/qsiprep/sub-20461/ses-1/dwi/sub-20461_ses-1_acq-multiband_dir-AP_space-ACPC_desc-preproc_dwi.nii.gz	0.0010353038616834	0.0002839541702996	8.157717093126848e-05	0.000281115528196	0.0002842484391294	0.0002812160819303	8.110537601169199e-05	0.0003239872748963	0.0003240015357732	sub-20461	ses-1		dir-AP	acq-multiband	space-ACPC			DSIStudio	autotrackgqi
Association_InferiorLongitudinalFasciculusR	rtpp	TORTOISE_model-MAPMRI	/scratch/grmpy/SLURM_11194840_88/job-11194840-88-sub-20461/ds/inputs/data/qsiprep/qsiprep/sub-20461/ses-1/dwi/sub-20461_ses-1_acq-multiband_dir-AP_space-ACPC_desc-preproc_dwi.nii.gz	0.0008282430893467	0.0484396964311599	0.0055466834455728	0.048931635916233	0.048479851335287	0.0489386245608329	0.0053707151673734	0.0464534126222133	0.0464552976191043	sub-20461	ses-1		dir-AP	acq-multiband	space-ACPC			DSIStudio	autotrackgqi
Association_CingulumL	ad	TORTOISE_model-MAPMRI	/scratch/grmpy/SLURM_11194840_88/job-11194840-88-sub-20461/ds/inputs/data/qsiprep/qsiprep/sub-20461/ses-1/dwi/sub-20461_ses-1_acq-multiband_dir-AP_space-ACPC_desc-preproc_dwi.nii.gz	0.0	1143.688441813693	304.52813491862213	1074.9726193983329	1143.688441813693	1074.9726193983329	304.52813491862213	1196.392994933281	1196.392994933281	sub-20461	ses-1		dir-AP	acq-multiband	space-ACPC			DSIStudio	autotrackgqi
Association_CingulumL	am	TORTOISE_model-MAPMRI	/scratch/grmpy/SLURM_11194840_88/job-11194840-88-sub-20461/ds/inputs/data/qsiprep/qsiprep/sub-20461/ses-1/dwi/sub-20461_ses-1_acq-multiband_dir-AP_space-ACPC_desc-preproc_dwi.nii.gz	0.0	5999.90234375	1415.4595947265625	5702.61181640625	5999.90234375	5702.61181640625	1415.4595947265625	5443.212890625	5443.212890625	sub-20461	ses-1		dir-AP	acq-multiband	space-ACPC			DSIStudio	autotrackgqi
Association_CingulumL	fa	TORTOISE_model-MAPMRI	/scratch/grmpy/SLURM_11194840_88/job-11194840-88-sub-20461/ds/inputs/data/qsiprep/qsiprep/sub-20461/ses-1/dwi/sub-20461_ses-1_acq-multiband_dir-AP_space-ACPC_desc-preproc_dwi.nii.gz	0.0	0.3078178760066138	0.179086157350872	0.2730126712410536	0.3078178760066138	0.2730126712410536	0.179086157350872	0.4231141923971504	0.4231141923971504	sub-20461	ses-1		dir-AP	acq-multiband	space-ACPC			DSIStudio	autotrackgqi
Association_CingulumL	li	TORTOISE_model-MAPMRI	/scratch/grmpy/SLURM_11194840_88/job-11194840-88-sub-20461/ds/inputs/data/qsiprep/qsiprep/sub-20461/ses-1/dwi/sub-20461_ses-1_acq-multiband_dir-AP_space-ACPC_desc-preproc_dwi.nii.gz	0.0	0.1649370044469833	0.1295942664146423	0.1271938234567642	0.1649370044469833	0.1271938234567642	0.1295942664146423	0.245071142911911	0.245071142911911	sub-20461	ses-1		dir-AP	acq-multiband	space-ACPC			DSIStudio	autotrackgqi
Association_CingulumL	ng	TORTOISE_model-MAPMRI	/scratch/grmpy/SLURM_11194840_88/job-11194840-88-sub-20461/ds/inputs/data/qsiprep/qsiprep/sub-20461/ses-1/dwi/sub-20461_ses-1_acq-multiband_dir-AP_space-ACPC_desc-preproc_dwi.nii.gz	0.0	0.2710264325141907	0.0854198336601257	0.2762529850006103	0.2710264325141907	0.2762529850006103	0.0854198336601257	0.3089131712913513	0.3089131712913513	sub-20461	ses-1		dir-AP	acq-multiband	space-ACPC			DSIStudio	autotrackgqi
Association_CingulumL	ngpar	TORTOISE_model-MAPMRI	/scratch/grmpy/SLURM_11194840_88/job-11194840-88-sub-20461/ds/inputs/data/qsiprep/qsiprep/sub-20461/ses-1/dwi/sub-20461_ses-1_acq-multiband_dir-AP_space-ACPC_desc-preproc_dwi.nii.gz	0.0	0.1317074298858642	0.0442326292395591	0.1287626177072525	0.1317074298858642	0.1287626177072525	0.0442326292395591	0.1270858645439148	0.1270858645439148	sub-20461	ses-1		dir-AP	acq-multiband	space-ACPC			DSIStudio	autotrackgqi
Association_CingulumL	ngperp	TORTOISE_model-MAPMRI	/scratch/grmpy/SLURM_11194840_88/job-11194840-88-sub-20461/ds/inputs/data/qsiprep/qsiprep/sub-20461/ses-1/dwi/sub-20461_ses-1_acq-multiband_dir-AP_space-ACPC_desc-preproc_dwi.nii.gz	0.0	0.229045495390892	0.0765128955245018	0.2327156811952591	0.229045495390892	0.2327156811952591	0.0765128955245018	0.2622216939926147	0.2622216939926147	sub-20461	ses-1		dir-AP	acq-multiband	space-ACPC			DSIStudio	autotrackgqi
Association_CingulumL	pa	TORTOISE_model-MAPMRI	/scratch/grmpy/SLURM_11194840_88/job-11194840-88-sub-20461/ds/inputs/data/qsiprep/qsiprep/sub-20461/ses-1/dwi/sub-20461_ses-1_acq-multiband_dir-AP_space-ACPC_desc-preproc_dwi.nii.gz	0.0	0.602075457572937	0.2508180737495422	0.626514732837677	0.602075457572937	0.626514732837677	0.2508180737495422	0.7548799514770508	0.7548799514770508	sub-20461	ses-1		dir-AP	acq-multiband	space-ACPC			DSIStudio	autotrackgqi
Association_CingulumL	path	TORTOISE_model-MAPMRI	/scratch/grmpy/SLURM_11194840_88/job-11194840-88-sub-20461/ds/inputs/data/qsiprep/qsiprep/sub-20461/ses-1/dwi/sub-20461_ses-1_acq-multiband_dir-AP_space-ACPC_desc-preproc_dwi.nii.gz	0.0	0.2370535880327224	0.1110430583357811	0.2172712236642837	0.2370535880327224	0.2172712236642837	0.1110430583357811	0.3071382045745849	0.3071382045745849	sub-20461	ses-1		dir-AP	acq-multiband	space-ACPC			DSIStudio	autotrackgqi
Association_CingulumL	rd	TORTOISE_model-MAPMRI	/scratch/grmpy/SLURM_11194840_88/job-11194840-88-sub-20461/ds/inputs/data/qsiprep/qsiprep/sub-20461/ses-1/dwi/sub-20461_ses-1_acq-multiband_dir-AP_space-ACPC_desc-preproc_dwi.nii.gz	0.0	715.601816528216	273.75436923860866	671.7070079627865	715.601816528216	671.7070079627865	273.75436923860866	595.0647653328891	595.0647653328891	sub-20461	ses-1		dir-AP	acq-multiband	space-ACPC			DSIStudio	autotrackgqi
Association_CingulumL	rtap	TORTOISE_model-MAPMRI	/scratch/grmpy/SLURM_11194840_88/job-11194840-88-sub-20461/ds/inputs/data/qsiprep/qsiprep/sub-20461/ses-1/dwi/sub-20461_ses-1_acq-multiband_dir-AP_space-ACPC_desc-preproc_dwi.nii.gz	0.0001270163851136	0.0124251404777169	0.0050467606633901	0.01107775606215	0.0124267181381583	0.0110779358074069	0.0050451378338038	0.0157080553472042	0.0157082621008157	sub-20461	ses-1		dir-AP	acq-multiband	space-ACPC			DSIStudio	autotrackgqi
Association_CingulumL	rtop	TORTOISE_model-MAPMRI	/scratch/grmpy/SLURM_11194840_88/job-11194840-88-sub-20461/ds/inputs/data/qsiprep/qsiprep/sub-20461/ses-1/dwi/sub-20461_ses-1_acq-multiband_dir-AP_space-ACPC_desc-preproc_dwi.nii.gz	0.0001270163851136	0.0002644758496899	9.271382441511378e-05	0.0002492218045517	0.000264509464614	0.0002492232015356	9.26717693801038e-05	0.0003188480914104	0.0003188523114658	sub-20461	ses-1		dir-AP	acq-multiband	space-ACPC			DSIStudio	autotrackgqi
Association_CingulumL	rtpp	TORTOISE_model-MAPMRI	/scratch/grmpy/SLURM_11194840_88/job-11194840-88-sub-20461/ds/inputs/data/qsiprep/qsiprep/sub-20461/ses-1/dwi/sub-20461_ses-1_acq-multiband_dir-AP_space-ACPC_desc-preproc_dwi.nii.gz	0.0	0.0487313754856586	0.0054622082971036	0.0495957657694816	0.0487313754856586	0.0495957657694816	0.0054622082971036	0.047773540019989	0.047773540019989	sub-20461	ses-1		dir-AP	acq-multiband	space-ACPC			DSIStudio	autotrackgqi
Association_HippocampusAlveusR	ad	TORTOISE_model-MAPMRI	/scratch/grmpy/SLURM_11194840_88/job-11194840-88-sub-20461/ds/inputs/data/qsiprep/qsiprep/sub-20461/ses-1/dwi/sub-20461_ses-1_acq-multiband_dir-AP_space-ACPC_desc-preproc_dwi.nii.gz	0.0	1454.5993945335947	655.0753994185945	1207.2264940598516	1454.5993945335947	1207.2264940598516	655.0753994185945	1482.9978392140192	1482.9978392140192	sub-20461	ses-1		dir-AP	acq-multiband	space-ACPC			DSIStudio	autotrackgqi
Association_HippocampusAlveusR	am	TORTOISE_model-MAPMRI	/scratch/grmpy/SLURM_11194840_88/job-11194840-88-sub-20461/ds/inputs/data/qsiprep/qsiprep/sub-20461/ses-1/dwi/sub-20461_ses-1_acq-multiband_dir-AP_space-ACPC_desc-preproc_dwi.nii.gz	0.0	7057.1201171875	2398.912109375	6741.8330078125	7057.1201171875	6741.8330078125	2398.912109375	7092.8037109375	7092.8037109375	sub-20461	ses-1		dir-AP	acq-multiband	space-ACPC			DSIStudio	autotrackgqi
Association_HippocampusAlveusR	fa	TORTOISE_model-MAPMRI	/scratch/grmpy/SLURM_11194840_88/job-11194840-88-sub-20461/ds/inputs/data/qsiprep/qsiprep/sub-20461/ses-1/dwi/sub-20461_ses-1_acq-multiband_dir-AP_space-ACPC_desc-preproc_dwi.nii.gz	0.0	0.2682874794964942	0.1680749328286133	0.221507006687214	0.2682874794964942	0.221507006687214	0.1680749328286133	0.2869749106431538	0.2869749106431538	sub-20461	ses-1		dir-AP	acq-multiband	space-ACPC			DSIStudio	autotrackgqi
Association_HippocampusAlveusR	li	TORTOISE_model-MAPMRI	/scratch/grmpy/SLURM_11194840_88/job-11194840-88-sub-20461/ds/inputs/data/qsiprep/qsiprep/sub-20461/ses-1/dwi/sub-20461_ses-1_acq-multiband_dir-AP_space-ACPC_desc-preproc_dwi.nii.gz	0.0	0.14798504114151	0.1167626604437828	0.1097127124667167	0.14798504114151	0.1097127124667167	0.1167626604437828	0.1641052514314651	0.1641052514314651	sub-20461	ses-1		dir-AP	acq-multiband	space-ACPC			DSIStudio	autotrackgqi
Association_HippocampusAlveusR	ng	TORTOISE_model-MAPMRI	/scratch/grmpy/SLURM_11194840_88/job-11194840-88-sub-20461/ds/inputs/data/qsiprep/qsiprep/sub-20461/ses-1/dwi/sub-20461_ses-1_acq-multiband_dir-AP_space-ACPC_desc-preproc_dwi.nii.gz	0.0	0.2565928697586059	0.0856536552309989	0.2592913508415222	0.2565928697586059	0.2592913508415222	0.0856536552309989	0.266928493976593	0.266928493976593	sub-20461	ses-1		dir-AP	acq-multiband	space-ACPC			DSIStudio	autotrackgqi
Association_HippocampusAlveusR	ngpar	TORTOISE_model-MAPMRI	/scratch/grmpy/SLURM_11194840_88/job-11194840-88-sub-20461/ds/inputs/data/qsiprep/qsiprep/sub-20461/ses-1/dwi/sub-20461_ses-1_acq-multiband_dir-AP_space-ACPC_desc-preproc_dwi.nii.gz	0.0	0.1321753561496734	0.039817102253437	0.1285357028245926	0.1321753561496734	0.1285357028245926	0.039817102253437	0.1309930384159088	0.1309930384159088	sub-20461	ses-1		dir-AP	acq-multiband	space-ACPC			DSIStudio	autotrackgqi
Association_HippocampusAlveusR	ngperp	TORTOISE_model-MAPMRI	/scratch/grmpy/SLURM_11194840_88/job-11194840-88-sub-20461/ds/inputs/data/qsiprep/qsiprep/sub-20461/ses-1/dwi/sub-20461_ses-1_acq-multiband_dir-AP_space-ACPC_desc-preproc_dwi.nii.gz	0.0	0.2191448211669922	0.0759883299469947	0.221929594874382	0.2191448211669922	0.221929594874382	0.0759883299469947	0.230768620967865	0.230768620967865	sub-20461	ses-1		dir-AP	acq-multiband	space-ACPC			DSIStudio	autotrackgqi
Association_HippocampusAlveusR	pa	TORTOISE_model-MAPMRI	/scratch/grmpy/SLURM_11194840_88/job-11194840-88-sub-20461/ds/inputs/data/qsiprep/qsiprep/sub-20461/ses-1/dwi/sub-20461_ses-1_acq-multiband_dir-AP_space-ACPC_desc-preproc_dwi.nii.gz	0.0	0.5432641506195068	0.2407789230346679	0.528807520866394	0.5432641506195068	0.528807520866394	0.2407789230346679	0.5790129899978638	0.5790129899978638	sub-20461	ses-1		dir-AP	acq-multiband	space-ACPC			DSIStudio	autotrackgqi
Association_HippocampusAlveusR	path	TORTOISE_model-MAPMRI	/scratch/grmpy/SLURM_11194840_88/job-11194840-88-sub-20461/ds/inputs/data/qsiprep/qsiprep/sub-20461/ses-1/dwi/sub-20461_ses-1_acq-multiband_dir-AP_space-ACPC_desc-preproc_dwi.nii.gz	0.0	0.2092733830213546	0.0994397476315498	0.1853954344987869	0.2092733830213546	0.1853954344987869	0.0994397476315498	0.2214295268058776	0.2214295268058776	sub-20461	ses-1		dir-AP	acq-multiband	space-ACPC			DSIStudio	autotrackgqi
Association_HippocampusAlveusR	rd	TORTOISE_model-MAPMRI	/scratch/grmpy/SLURM_11194840_88/job-11194840-88-sub-20461/ds/inputs/data/qsiprep/qsiprep/sub-20461/ses-1/dwi/sub-20461_ses-1_acq-multiband_dir-AP_space-ACPC_desc-preproc_dwi.nii.gz	0.0	988.0646834019664	594.7758842291785	760.011712479939	988.0646834019664	760.011712479939	594.7758842291785	968.5008100666796	968.5008100666796	sub-20461	ses-1		dir-AP	acq-multiband	space-ACPC			DSIStudio	autotrackgqi
Association_HippocampusAlveusR	rtap	TORTOISE_model-MAPMRI	/scratch/grmpy/SLURM_11194840_88/job-11194840-88-sub-20461/ds/inputs/data/qsiprep/qsiprep/sub-20461/ses-1/dwi/sub-20461_ses-1_acq-multiband_dir-AP_space-ACPC_desc-preproc_dwi.nii.gz	0.0	0.0095970900729298	0.0043879193253815	0.0091133965179324	0.0095970900729298	0.0091133965179324	0.0043879193253815	0.0096658319234848	0.0096658319234848	sub-20461	ses-1		dir-AP	acq-multiband	space-ACPC			DSIStudio	autotrackgqi
Association_HippocampusAlveusR	rtop	TORTOISE_model-MAPMRI	/scratch/grmpy/SLURM_11194840_88/job-11194840-88-sub-20461/ds/inputs/data/qsiprep/qsiprep/sub-20461/ses-1/dwi/sub-20461_ses-1_acq-multiband_dir-AP_space-ACPC_desc-preproc_dwi.nii.gz	0.0	0.0001947928831214	8.727076055947691e-05	0.00020507350564	0.0001947928831214	0.00020507350564	8.727076055947691e-05	0.0001902650401461	0.0001902650401461	sub-20461	ses-1		dir-AP	acq-multiband	space-ACPC			DSIStudio	autotrackgqi
Association_HippocampusAlveusR	rtpp	TORTOISE_model-MAPMRI	/scratch/grmpy/SLURM_11194840_88/job-11194840-88-sub-20461/ds/inputs/data/qsiprep/qsiprep/sub-20461/ses-1/dwi/sub-20461_ses-1_acq-multiband_dir-AP_space-ACPC_desc-preproc_dwi.nii.gz	0.0	0.0442323796451091	0.0086109517142176	0.0465635061264038	0.0442323796451091	0.0465635061264038	0.0086109517142176	0.0432410277426242	0.0432410277426242	sub-20461	ses-1		dir-AP	acq-multiband	space-ACPC			DSIStudio	autotrackgqi
Association_ParietalAslantTractL	ad	TORTOISE_model-MAPMRI	/scratch/grmpy/SLURM_11194840_88/job-11194840-88-sub-20461/ds/inputs/data/qsiprep/qsiprep/sub-20461/ses-1/dwi/sub-20461_ses-1_acq-multiband_dir-AP_space-ACPC_desc-preproc_dwi.nii.gz	0.0092873006258833	1054.3923639032762	256.9346780649194	1007.7858897601866	1064.276620830024	1009.2431773876784	236.885410766936	1103.6421134679845	1104.5737166551378	sub-20461	ses-1		dir-AP	acq-multiband	space-ACPC			DSIStudio	autotrackgqi
Association_ParietalAslantTractL	am	TORTOISE_model-MAPMRI	/scratch/grmpy/SLURM_11194840_88/job-11194840-88-sub-20461/ds/inputs/data/qsiprep/qsiprep/sub-20461/ses-1/dwi/sub-20461_ses-1_acq-multiband_dir-AP_space-ACPC_desc-preproc_dwi.nii.gz	0.0092873006258833	5666.25048828125	1189.8028564453125	5583.36181640625	5719.36767578125	5591.47216796875	1060.708740234375	5332.5146484375	5337.015625	sub-20461	ses-1		dir-AP	acq-multiband	space-ACPC			DSIStudio	autotrackgqi
Association_ParietalAslantTractL	fa	TORTOISE_model-MAPMRI	/scratch/grmpy/SLURM_11194840_88/job-11194840-88-sub-20461/ds/inputs/data/qsiprep/qsiprep/sub-20461/ses-1/dwi/sub-20461_ses-1_acq-multiband_dir-AP_space-ACPC_desc-preproc_dwi.nii.gz	0.0092873006258833	0.2825050532858237	0.1793725627808648	0.2337998469631196	0.2851533582483564	0.2366215510170557	0.1781037866659907	0.3961287665294146	0.3964631455674201	sub-20461	ses-1		dir-AP	acq-multiband	space-ACPC			DSIStudio	autotrackgqi
Association_ParietalAslantTractL	li	TORTOISE_model-MAPMRI	/scratch/grmpy/SLURM_11194840_88/job-11194840-88-sub-20461/ds/inputs/data/qsiprep/qsiprep/sub-20461/ses-1/dwi/sub-20461_ses-1_acq-multiband_dir-AP_space-ACPC_desc-preproc_dwi.nii.gz	0.0100948919846557	0.1519816517829895	0.1250220239162445	0.1063725277781486	0.1535315364599228	0.1077793464064598	0.1247074455022811	0.2313549518585205	0.2315605282783508	sub-20461	ses-1		dir-AP	acq-multiband	space-ACPC			DSIStudio	autotrackgqi
Association_ParietalAslantTractL	ng	TORTOISE_model-MAPMRI	/scratch/grmpy/SLURM_11194840_88/job-11194840-88-sub-20461/ds/inputs/data/qsiprep/qsiprep/sub-20461/ses-1/dwi/sub-20461_ses-1_acq-multiband_dir-AP_space-ACPC_desc-preproc_dwi.nii.gz	0.0092873006258833	0.2530305385589599	0.0790603384375572	0.2467646896839141	0.255402535200119	0.2478862702846527	0.0755203142762184	0.2971824109554291	0.2974332571029663	sub-20461	ses-1		dir-AP	acq-multiband	space-ACPC			DSIStudio	autotrackgqi
Association_ParietalAslantTractL	ngpar	TORTOISE_model-MAPMRI	/scratch/grmpy/SLURM_11194840_88/job-11194840-88-sub-20461/ds/inputs/data/qsiprep/qsiprep/sub-20461/ses-1/dwi/sub-20461_ses-1_acq-multiband_dir-AP_space-ACPC_desc-preproc_dwi.nii.gz	0.0092873006258833	0.1268985271453857	0.0348724797368049	0.1271823197603225	0.128088116645813	0.1275073736906051	0.0327889844775199	0.1333484500646591	0.1334610283374786	sub-20461	ses-1		dir-AP	acq-multiband	space-ACPC			DSIStudio	autotrackgqi
Association_ParietalAslantTractL	ngperp	TORTOISE_model-MAPMRI	/scratch/grmpy/SLURM_11194840_88/job-11194840-88-sub-20461/ds/inputs/data/qsiprep/qsiprep/sub-20461/ses-1/dwi/sub-20461_ses-1_acq-multiband_dir-AP_space-ACPC_desc-preproc_dwi.nii.gz	0.0092873006258833	0.217125803232193	0.0723072811961174	0.2110218852758407	0.2191612124443054	0.2117617130279541	0.0695073381066322	0.2579979002475738	0.2582156658172607	sub-20461	ses-1		dir-AP	acq-multiband	space-ACPC			DSIStudio	autotrackgqi
Association_ParietalAslantTractL	pa	TORTOISE_model-MAPMRI	/scratch/grmpy/SLURM_11194840_88/job-11194840-88-sub-20461/ds/inputs/data/qsiprep/qsiprep/sub-20461/ses-1/dwi/sub-20461_ses-1_acq-multiband_dir-AP_space-ACPC_desc-preproc_dwi.nii.gz	0.0092873006258833	0.5503636002540588	0.2666719555854797	0.5079421997070312	0.5555229187011719	0.5142897963523865	0.2625156342983246	0.7166405320167542	0.7172454595565796	sub-20461	ses-1		dir-AP	acq-multiband	space-ACPC			DSIStudio	autotrackgqi
Association_ParietalAslantTractL	path	TORTOISE_model-MAPMRI	/scratch/grmpy/SLURM_11194840_88/job-11194840-88-sub-20461/ds/inputs/data/qsiprep/qsiprep/sub-20461/ses-1/dwi/sub-20461_ses-1_acq-multiband_dir-AP_space-ACPC_desc-preproc_dwi.nii.gz	0.0092873006258833	0.2176803946495056	0.113022930920124	0.1791261583566665	0.2197210192680359	0.1810180246829986	0.1115597039461135	0.2891913950443268	0.2894355058670044	sub-20461	ses-1		dir-AP	acq-multiband	space-ACPC			DSIStudio	autotrackgqi
Association_ParietalAslantTractL	rd	TORTOISE_model-MAPMRI	/scratch/grmpy/SLURM_11194840_88/job-11194840-88-sub-20461/ds/inputs/data/qsiprep/qsiprep/sub-20461/ses-1/dwi/sub-20461_ses-1_acq-multiband_dir-AP_space-ACPC_desc-preproc_dwi.nii.gz	0.0092873006258833	687.2002027267533	248.37674197388617	663.8035824331486	693.6422669870816	665.1622159011865	240.41803549055533	586.4166362708784	586.9116406438696	sub-20461	ses-1		dir-AP	acq-multiband	space-ACPC			DSIStudio	autotrackgqi
Association_ParietalAslantTractL	rtap	TORTOISE_model-MAPMRI	/scratch/grmpy/SLURM_11194840_88/job-11194840-88-sub-20461/ds/inputs/data/qsiprep/qsiprep/sub-20461/ses-1/dwi/sub-20461_ses-1_acq-multiband_dir-AP_space-ACPC_desc-preproc_dwi.nii.gz	0.0094891984655764	0.0123827001079916	0.0048212427645921	0.0109606441110372	0.0125013273209333	0.011023630388081	0.0046887164935469	0.015518881380558	0.015532118268311	sub-20461	ses-1		dir-AP	acq-multiband	space-ACPC			DSIStudio	autotrackgqi
Association_ParietalAslantTractL	rtop	TORTOISE_model-MAPMRI	/scratch/grmpy/SLURM_11194840_88/job-11194840-88-sub-20461/ds/inputs/data/qsiprep/qsiprep/sub-20461/ses-1/dwi/sub-20461_ses-1_acq-multiband_dir-AP_space-ACPC_desc-preproc_dwi.nii.gz	0.0094891984655764	0.0002721288474276	9.397500980412588e-05	0.0002526646421756	0.0002747358521446	0.0002534900559112	9.05519918887876e-05	0.0003340920084156	0.0003343769931234	sub-20461	ses-1		dir-AP	acq-multiband	space-ACPC			DSIStudio	autotrackgqi
Association_ParietalAslantTractL	rtpp	TORTOISE_model-MAPMRI	/scratch/grmpy/SLURM_11194840_88/job-11194840-88-sub-20461/ds/inputs/data/qsiprep/qsiprep/sub-20461/ses-1/dwi/sub-20461_ses-1_acq-multiband_dir-AP_space-ACPC_desc-preproc_dwi.nii.gz	0.0092873006258833	0.0498522222042083	0.006577581167221	0.051108244806528	0.0503195561468601	0.0511519499123096	0.0044893394224345	0.0494152046740055	0.0494569167494773	sub-20461	ses-1		dir-AP	acq-multiband	space-ACPC			DSIStudio	autotrackgqi
Association_ExtremeCapsuleR	ad	TORTOISE_model-MAPMRI	/scratch/grmpy/SLURM_11194840_88/job-11194840-88-sub-20461/ds/inputs/data/qsiprep/qsiprep/sub-20461/ses-1/dwi/sub-20461_ses-1_acq-multiband_dir-AP_space-ACPC_desc-preproc_dwi.nii.gz	0.0	1194.525180919526	310.6261585812643	1157.0010309156637	1194.525180919526	1157.0010309156637	310.6261585812643	1210.2465559027537	1210.2465559027537	sub-20461	ses-1		dir-AP	acq-multiband	space-ACPC			DSIStudio	autotrackgqi
Association_ExtremeCapsuleR	am	TORTOISE_model-MAPMRI	/scratch/grmpy/SLURM_11194840_88/job-11194840-88-sub-20461/ds/inputs/data/qsiprep/qsiprep/sub-20461/ses-1/dwi/sub-20461_ses-1_acq-multiband_dir-AP_space-ACPC_desc-preproc_dwi.nii.gz	0.0	5828.42041015625	1162.0369873046875	5619.3720703125	5828.42041015625	5619.3720703125	1162.0369873046875	5615.236328125	5615.236328125	sub-20461	ses-1		dir-AP	acq-multiband	space-ACPC			DSIStudio	autotrackgqi
Association_ExtremeCapsuleR	fa	TORTOISE_model-MAPMRI	/scratch/grmpy/SLURM_11194840_88/job-11194840-88-sub-20461/ds/inputs/data/qsiprep/qsiprep/sub-20461/ses-1/dwi/sub-20461_ses-1_acq-multiband_dir-AP_space-ACPC_desc-preproc_dwi.nii.gz	0.0	0.3758269210069862	0.1732004902065292	0.3987811208231683	0.3758269210069862	0.3987811208231683	0.1732004902065292	0.4406874146202486	0.4406874146202486	sub-20461	ses-1		dir-AP	acq-multiband	space-ACPC			DSIStudio	autotrackgqi
Association_ExtremeCapsuleR	li	TORTOISE_model-MAPMRI	/scratch/grmpy/SLURM_11194840_88/job-11194840-88-sub-20461/ds/inputs/data/qsiprep/qsiprep/sub-20461/ses-1/dwi/sub-20461_ses-1_acq-multiband_dir-AP_space-ACPC_desc-preproc_dwi.nii.gz	0.0	0.232612669467926	0.1343544125556945	0.2361530065536499	0.232612669467926	0.2361530065536499	0.1343544125556945	0.2872891426086426	0.2872891426086426	sub-20461	ses-1		dir-AP	acq-multiband	space-ACPC			DSIStudio	autotrackgqi
Association_ExtremeCapsuleR	ng	TORTOISE_model-MAPMRI	/scratch/grmpy/SLURM_11194840_88/job-11194840-88-sub-20461/ds/inputs/data/qsiprep/qsiprep/sub-20461/ses-1/dwi/sub-20461_ses-1_acq-multiband_dir-AP_space-ACPC_desc-preproc_dwi.nii.gz	0.0	0.300983726978302	0.0677499547600746	0.3217557668685913	0.300983726978302	0.3217557668685913	0.0677499547600746	0.3186272084712982	0.3186272084712982	sub-20461	ses-1		dir-AP	acq-multiband	space-ACPC			DSIStudio	autotrackgqi
Association_ExtremeCapsuleR	ngpar	TORTOISE_model-MAPMRI	/scratch/grmpy/SLURM_11194840_88/job-11194840-88-sub-20461/ds/inputs/data/qsiprep/qsiprep/sub-20461/ses-1/dwi/sub-20461_ses-1_acq-multiband_dir-AP_space-ACPC_desc-preproc_dwi.nii.gz	0.0	0.1337780505418777	0.0359633490443229	0.1322344690561294	0.1337780505418777	0.1322344690561294	0.0359633490443229	0.1301296353340149	0.1301296353340149	sub-20461	ses-1		dir-AP	acq-multiband	space-ACPC			DSIStudio	autotrackgqi
Association_ExtremeCapsuleR	ngperp	TORTOISE_model-MAPMRI	/scratch/grmpy/SLURM_11194840_88/job-11194840-88-sub-20461/ds/inputs/data/qsiprep/qsiprep/sub-20461/ses-1/dwi/sub-20461_ses-1_acq-multiband_dir-AP_space-ACPC_desc-preproc_dwi.nii.gz	0.0	0.2592954039573669	0.0626413747668266	0.2728444933891296	0.2592954039573669	0.2728444933891296	0.0626413747668266	0.2755289077758789	0.2755289077758789	sub-20461	ses-1		dir-AP	acq-multiband	space-ACPC			DSIStudio	autotrackgqi
Association_ExtremeCapsuleR	pa	TORTOISE_model-MAPMRI	/scratch/grmpy/SLURM_11194840_88/job-11194840-88-sub-20461/ds/inputs/data/qsiprep/qsiprep/sub-20461/ses-1/dwi/sub-20461_ses-1_acq-multiband_dir-AP_space-ACPC_desc-preproc_dwi.nii.gz	0.0	0.7095754146575928	0.2244043946266174	0.8078188896179199	0.7095754146575928	0.8078188896179199	0.2244043946266174	0.7937253713607788	0.7937253713607788	sub-20461	ses-1		dir-AP	acq-multiband	space-ACPC			DSIStudio	autotrackgqi
Association_ExtremeCapsuleR	path	TORTOISE_model-MAPMRI	/scratch/grmpy/SLURM_11194840_88/job-11194840-88-sub-20461/ds/inputs/data/qsiprep/qsiprep/sub-20461/ses-1/dwi/sub-20461_ses-1_acq-multiband_dir-AP_space-ACPC_desc-preproc_dwi.nii.gz	0.0	0.2825529277324676	0.1050736457109451	0.2995440661907196	0.2825529277324676	0.2995440661907196	0.1050736457109451	0.3203374147415161	0.3203374147415161	sub-20461	ses-1		dir-AP	acq-multiband	space-ACPC			DSIStudio	autotrackgqi
Association_ExtremeCapsuleR	rd	TORTOISE_model-MAPMRI	/scratch/grmpy/SLURM_11194840_88/job-11194840-88-sub-20461/ds/inputs/data/qsiprep/qsiprep/sub-20461/ses-1/dwi/sub-20461_ses-1_acq-multiband_dir-AP_space-ACPC_desc-preproc_dwi.nii.gz	0.0	674.0900718952804	305.8944948930406	598.7076846564398	674.0900718952804	598.7076846564398	305.8944948930406	593.5198260505617	593.5198260505617	sub-20461	ses-1		dir-AP	acq-multiband	space-ACPC			DSIStudio	autotrackgqi
Association_ExtremeCapsuleR	rtap	TORTOISE_model-MAPMRI	/scratch/grmpy/SLURM_11194840_88/job-11194840-88-sub-20461/ds/inputs/data/qsiprep/qsiprep/sub-20461/ses-1/dwi/sub-20461_ses-1_acq-multiband_dir-AP_space-ACPC_desc-preproc_dwi.nii.gz	0.0	0.0141315888613462	0.0048163486644625	0.0146853784099221	0.0141315888613462	0.0146853784099221	0.0048163486644625	0.015802577137947	0.015802577137947	sub-20461	ses-1		dir-AP	acq-multiband	space-ACPC			DSIStudio	autotrackgqi
Association_ExtremeCapsuleR	rtop	TORTOISE_model-MAPMRI	/scratch/grmpy/SLURM_11194840_88/job-11194840-88-sub-20461/ds/inputs/data/qsiprep/qsiprep/sub-20461/ses-1/dwi/sub-20461_ses-1_acq-multiband_dir-AP_space-ACPC_desc-preproc_dwi.nii.gz	0.0	0.0002965580206364	9.185585076920688e-05	0.0003123310452792	0.0002965580206364	0.0003123310452792	9.185585076920688e-05	0.0003249493602197	0.0003249493602197	sub-20461	ses-1		dir-AP	acq-multiband	space-ACPC			DSIStudio	autotrackgqi
Association_ExtremeCapsuleR	rtpp	TORTOISE_model-MAPMRI	/scratch/grmpy/SLURM_11194840_88/job-11194840-88-sub-20461/ds/inputs/data/qsiprep/qsiprep/sub-20461/ses-1/dwi/sub-20461_ses-1_acq-multiband_dir-AP_space-ACPC_desc-preproc_dwi.nii.gz	0.0	0.0477125607430934	0.0048984345048666	0.0478989481925964	0.0477125607430934	0.0478989481925964	0.0048984345048666	0.047266848385334	0.047266848385334	sub-20461	ses-1		dir-AP	acq-multiband	space-ACPC			DSIStudio	autotrackgqi
Association_ArcuateFasciculusL	ad	TORTOISE_model-MAPMRI	/scratch/grmpy/SLURM_11194840_88/job-11194840-88-sub-20461/ds/inputs/data/qsiprep/qsiprep/sub-20461/ses-1/dwi/sub-20461_ses-1_acq-multiband_dir-AP_space-ACPC_desc-preproc_dwi.nii.gz	0.0015378700499807	1138.3694602347812	313.053424750702	1073.6030316482008	1140.1228209744577	1073.7493226103425	310.08764457849753	1158.9416115893162	1158.994597876646	sub-20461	ses-1		dir-AP	acq-multiband	space-ACPC			DSIStudio	autotrackgqi
Association_ArcuateFasciculusL	am	TORTOISE_model-MAPMRI	/scratch/grmpy/SLURM_11194840_88/job-11194840-88-sub-20461/ds/inputs/data/qsiprep/qsiprep/sub-20461/ses-1/dwi/sub-20461_ses-1_acq-multiband_dir-AP_space-ACPC_desc-preproc_dwi.nii.gz	0.0013456362937331	5775.990234375	1403.74462890625	5489.3994140625	5783.7734375	5492.25341796875	1388.57470703125	5099.40380859375	5099.6337890625	sub-20461	ses-1		dir-AP	acq-multiband	space-ACPC			DSIStudio	autotrackgqi
Association_ArcuateFasciculusL	fa	TORTOISE_model-MAPMRI	/scratch/grmpy/SLURM_11194840_88/job-11194840-88-sub-20461/ds/inputs/data/qsiprep/qsiprep/sub-20461/ses-1/dwi/sub-20461_ses-1_acq-multiband_dir-AP_space-ACPC_desc-preproc_dwi.nii.gz	0.0015378700499807	0.3229823939461403	0.1844878830472566	0.3119553145497347	0.3234798639406666	0.3123401865963003	0.1841935956822625	0.4599449805877187	0.4599660091600607	sub-20461	ses-1		dir-AP	acq-multiband	space-ACPC			DSIStudio	autotrackgqi
Association_ArcuateFasciculusL	li	TORTOISE_model-MAPMRI	/scratch/grmpy/SLURM_11194840_88/job-11194840-88-sub-20461/ds/inputs/data/qsiprep/qsiprep/sub-20461/ses-1/dwi/sub-20461_ses-1_acq-multiband_dir-AP_space-ACPC_desc-preproc_dwi.nii.gz	0.0061514801999231	0.1840750426054	0.1385650336742401	0.1531423032283783	0.1852143853902816	0.1544474065303802	0.1382319927215576	0.2994485795497894	0.2997259795665741	sub-20461	ses-1		dir-AP	acq-multiband	space-ACPC			DSIStudio	autotrackgqi
Association_ArcuateFasciculusL	ng	TORTOISE_model-MAPMRI	/scratch/grmpy/SLURM_11194840_88/job-11194840-88-sub-20461/ds/inputs/data/qsiprep/qsiprep/sub-20461/ses-1/dwi/sub-20461_ses-1_acq-multiband_dir-AP_space-ACPC_desc-preproc_dwi.nii.gz	0.0013456362937331	0.2846125364303589	0.0790235549211502	0.300475537776947	0.2849960327148437	0.3006869554519653	0.0783826485276222	0.3304110765457153	0.3304260373115539	sub-20461	ses-1		dir-AP	acq-multiband	space-ACPC			DSIStudio	autotrackgqi
Association_ArcuateFasciculusL	ngpar	TORTOISE_model-MAPMRI	/scratch/grmpy/SLURM_11194840_88/job-11194840-88-sub-20461/ds/inputs/data/qsiprep/qsiprep/sub-20461/ses-1/dwi/sub-20461_ses-1_acq-multiband_dir-AP_space-ACPC_desc-preproc_dwi.nii.gz	0.0013456362937331	0.1386145651340484	0.039441242814064	0.1367419064044952	0.1388013511896133	0.1368045210838318	0.0391379967331886	0.1384772211313247	0.138483464717865	sub-20461	ses-1		dir-AP	acq-multiband	space-ACPC			DSIStudio	autotrackgqi
Association_ArcuateFasciculusL	ngperp	TORTOISE_model-MAPMRI	/scratch/grmpy/SLURM_11194840_88/job-11194840-88-sub-20461/ds/inputs/data/qsiprep/qsiprep/sub-20461/ses-1/dwi/sub-20461_ses-1_acq-multiband_dir-AP_space-ACPC_desc-preproc_dwi.nii.gz	0.0013456362937331	0.2407849878072738	0.0698787346482276	0.2496959865093231	0.2411094307899475	0.2498300224542617	0.0693641901016235	0.2794323265552521	0.2794449627399444	sub-20461	ses-1		dir-AP	acq-multiband	space-ACPC			DSIStudio	autotrackgqi
Association_ArcuateFasciculusL	pa	TORTOISE_model-MAPMRI	/scratch/grmpy/SLURM_11194840_88/job-11194840-88-sub-20461/ds/inputs/data/qsiprep/qsiprep/sub-20461/ses-1/dwi/sub-20461_ses-1_acq-multiband_dir-AP_space-ACPC_desc-preproc_dwi.nii.gz	0.0013456362937331	0.631018877029419	0.2567243576049804	0.6967509388923645	0.6318691372871399	0.6975301504135132	0.2558494508266449	0.81290602684021	0.8129426836967468	sub-20461	ses-1		dir-AP	acq-multiband	space-ACPC			DSIStudio	autotrackgqi
Association_ArcuateFasciculusL	path	TORTOISE_model-MAPMRI	/scratch/grmpy/SLURM_11194840_88/job-11194840-88-sub-20461/ds/inputs/data/qsiprep/qsiprep/sub-20461/ses-1/dwi/sub-20461_ses-1_acq-multiband_dir-AP_space-ACPC_desc-preproc_dwi.nii.gz	0.0013456362937331	0.2506977915763855	0.1141507849097251	0.2440930902957916	0.25103560090065	0.2444168329238891	0.1138558685779571	0.3357557654380798	0.3357709050178528	sub-20461	ses-1		dir-AP	acq-multiband	space-ACPC			DSIStudio	autotrackgqi
Association_ArcuateFasciculusL	rd	TORTOISE_model-MAPMRI	/scratch/grmpy/SLURM_11194840_88/job-11194840-88-sub-20461/ds/inputs/data/qsiprep/qsiprep/sub-20461/ses-1/dwi/sub-20461_ses-1_acq-multiband_dir-AP_space-ACPC_desc-preproc_dwi.nii.gz	0.0015378700499807	712.6382804056506	331.46476062348813	639.9580914821524	713.7359134906035	640.6063289123954	330.5369747837497	561.7280396705478	561.753721570585	sub-20461	ses-1		dir-AP	acq-multiband	space-ACPC			DSIStudio	autotrackgqi
Association_ArcuateFasciculusL	rtap	TORTOISE_model-MAPMRI	/scratch/grmpy/SLURM_11194840_88/job-11194840-88-sub-20461/ds/inputs/data/qsiprep/qsiprep/sub-20461/ses-1/dwi/sub-20461_ses-1_acq-multiband_dir-AP_space-ACPC_desc-preproc_dwi.nii.gz	0.0023068050749711	0.0132877305150032	0.0057609910145401	0.0125621333718299	0.0133184529840946	0.0125752091407775	0.0057320655323565	0.0174155868589878	0.0174165330827236	sub-20461	ses-1		dir-AP	acq-multiband	space-ACPC			DSIStudio	autotrackgqi
Association_ArcuateFasciculusL	rtop	TORTOISE_model-MAPMRI	/scratch/grmpy/SLURM_11194840_88/job-11194840-88-sub-20461/ds/inputs/data/qsiprep/qsiprep/sub-20461/ses-1/dwi/sub-20461_ses-1_acq-multiband_dir-AP_space-ACPC_desc-preproc_dwi.nii.gz	0.0023068050749711	0.0002888227463699	0.0001217855315189	0.0002848602598533	0.0002894905628636	0.0002852512989193	0.0001211308699566	0.0003676002088468	0.0003676201740745	sub-20461	ses-1		dir-AP	acq-multiband	space-ACPC			DSIStudio	autotrackgqi
Association_ArcuateFasciculusL	rtpp	TORTOISE_model-MAPMRI	/scratch/grmpy/SLURM_11194840_88/job-11194840-88-sub-20461/ds/inputs/data/qsiprep/qsiprep/sub-20461/ses-1/dwi/sub-20461_ses-1_acq-multiband_dir-AP_space-ACPC_desc-preproc_dwi.nii.gz	0.0015378700499807	0.049068659543991	0.0064125685021281	0.0499052107334136	0.0491442382335662	0.0499149709939956	0.0061212889850139	0.0488214939832687	0.0488237291574478	sub-20461	ses-1		dir-AP	acq-multiband	space-ACPC			DSIStudio	autotrackgqi
Association_InferiorLongitudinalFasciculusL	ad	TORTOISE_model-MAPMRI	/scratch/grmpy/SLURM_11194840_88/job-11194840-88-sub-20461/ds/inputs/data/qsiprep/qsiprep/sub-20461/ses-1/dwi/sub-20461_ses-1_acq-multiband_dir-AP_space-ACPC_desc-preproc_dwi.nii.gz	0.0007258399004562	1123.3579385657424	261.94040404091805	1080.080731492863	1124.173908843833	1080.3326074184984	260.2793131167455	1158.6179965161946	1158.6405106318934	sub-20461	ses-1		dir-AP	acq-multiband	space-ACPC			DSIStudio	autotrackgqi
Association_InferiorLongitudinalFasciculusL	am	TORTOISE_model-MAPMRI	/scratch/grmpy/SLURM_11194840_88/job-11194840-88-sub-20461/ds/inputs/data/qsiprep/qsiprep/sub-20461/ses-1/dwi/sub-20461_ses-1_acq-multiband_dir-AP_space-ACPC_desc-preproc_dwi.nii.gz	0.0007258399004562	5555.330078125	1329.2113037109375	5378.0361328125	5559.365234375	5379.048828125	1321.2315673828125	5072.5908203125	5072.68994140625	sub-20461	ses-1		dir-AP	acq-multiband	space-ACPC			DSIStudio	autotrackgqi
Association_InferiorLongitudinalFasciculusL	fa	TORTOISE_model-MAPMRI	/scratch/grmpy/SLURM_11194840_88/job-11194840-88-sub-20461/ds/inputs/data/qsiprep/qsiprep/sub-20461/ses-1/dwi/sub-20461_ses-1_acq-multiband_dir-AP_space-ACPC_desc-preproc_dwi.nii.gz	0.0007258399004562	0.3459414020846809	0.1785711514975132	0.3385017618388894	0.3461926825469195	0.3387424245213433	0.1783923396198015	0.4363246463002601	0.4363331249892345	sub-20461	ses-1		dir-AP	acq-multiband	space-ACPC			DSIStudio	autotrackgqi
Association_InferiorLongitudinalFasciculusL	li	TORTOISE_model-MAPMRI	/scratch/grmpy/SLURM_11194840_88/job-11194840-88-sub-20461/ds/inputs/data/qsiprep/qsiprep/sub-20461/ses-1/dwi/sub-20461_ses-1_acq-multiband_dir-AP_space-ACPC_desc-preproc_dwi.nii.gz	0.0012442969722107	0.1905453354120254	0.1292150616645813	0.1682111620903015	0.1907827258110046	0.1684237569570541	0.1291202753782272	0.2631728053092956	0.2631876468658447	sub-20461	ses-1		dir-AP	acq-multiband	space-ACPC			DSIStudio	autotrackgqi
Association_InferiorLongitudinalFasciculusL	ng	TORTOISE_model-MAPMRI	/scratch/grmpy/SLURM_11194840_88/job-11194840-88-sub-20461/ds/inputs/data/qsiprep/qsiprep/sub-20461/ses-1/dwi/sub-20461_ses-1_acq-multiband_dir-AP_space-ACPC_desc-preproc_dwi.nii.gz	0.0007258399004562	0.2827628552913666	0.0789510533213615	0.3002620339393616	0.2829682528972626	0.3003312647342682	0.0786109343171119	0.3226971328258514	0.3227034211158752	sub-20461	ses-1		dir-AP	acq-multiband	space-ACPC			DSIStudio	autotrackgqi
Association_InferiorLongitudinalFasciculusL	ngpar	TORTOISE_model-MAPMRI	/scratch/grmpy/SLURM_11194840_88/job-11194840-88-sub-20461/ds/inputs/data/qsiprep/qsiprep/sub-20461/ses-1/dwi/sub-20461_ses-1_acq-multiband_dir-AP_space-ACPC_desc-preproc_dwi.nii.gz	0.0007258399004562	0.1392973959445953	0.0400698371231555	0.1391114890575409	0.1393985897302627	0.1391299068927765	0.0399080626666545	0.144132912158966	0.1441357135772705	sub-20461	ses-1		dir-AP	acq-multiband	space-ACPC			DSIStudio	autotrackgqi
Association_InferiorLongitudinalFasciculusL	ngperp	TORTOISE_model-MAPMRI	/scratch/grmpy/SLURM_11194840_88/job-11194840-88-sub-20461/ds/inputs/data/qsiprep/qsiprep/sub-20461/ses-1/dwi/sub-20461_ses-1_acq-multiband_dir-AP_space-ACPC_desc-preproc_dwi.nii.gz	0.0007258399004562	0.2374546080827713	0.0742872208356857	0.2486768513917923	0.2376270890235901	0.2487570792436599	0.0740379244089126	0.2747251093387604	0.2747304439544678	sub-20461	ses-1		dir-AP	acq-multiband	space-ACPC			DSIStudio	autotrackgqi
Association_InferiorLongitudinalFasciculusL	pa	TORTOISE_model-MAPMRI	/scratch/grmpy/SLURM_11194840_88/job-11194840-88-sub-20461/ds/inputs/data/qsiprep/qsiprep/sub-20461/ses-1/dwi/sub-20461_ses-1_acq-multiband_dir-AP_space-ACPC_desc-preproc_dwi.nii.gz	0.0007258399004562	0.6461505889892578	0.2498536556959152	0.7184750437736511	0.6466199159622192	0.7187854647636414	0.2493365257978439	0.7900741696357727	0.79008948802948	sub-20461	ses-1		dir-AP	acq-multiband	space-ACPC			DSIStudio	autotrackgqi
Association_InferiorLongitudinalFasciculusL	path	TORTOISE_model-MAPMRI	/scratch/grmpy/SLURM_11194840_88/job-11194840-88-sub-20461/ds/inputs/data/qsiprep/qsiprep/sub-20461/ses-1/dwi/sub-20461_ses-1_acq-multiband_dir-AP_space-ACPC_desc-preproc_dwi.nii.gz	0.0007258399004562	0.256070613861084	0.1119488626718521	0.253385066986084	0.2562566101551056	0.2535220682621002	0.1117765009403228	0.3161210715770721	0.3161272406578064	sub-20461	ses-1		dir-AP	acq-multiband	space-ACPC			DSIStudio	autotrackgqi
Association_InferiorLongitudinalFasciculusL	rd	TORTOISE_model-MAPMRI	/scratch/grmpy/SLURM_11194840_88/job-11194840-88-sub-20461/ds/inputs/data/qsiprep/qsiprep/sub-20461/ses-1/dwi/sub-20461_ses-1_acq-multiband_dir-AP_space-ACPC_desc-preproc_dwi.nii.gz	0.0007258399004562	655.9139631660695	214.42209190394848	631.3997554629748	656.3903975068563	631.6001607632943	213.76974208379423	575.5966707051532	575.60785546477	sub-20461	ses-1		dir-AP	acq-multiband	space-ACPC			DSIStudio	autotrackgqi
Association_InferiorLongitudinalFasciculusL	rtap	TORTOISE_model-MAPMRI	/scratch/grmpy/SLURM_11194840_88/job-11194840-88-sub-20461/ds/inputs/data/qsiprep/qsiprep/sub-20461/ses-1/dwi/sub-20461_ses-1_acq-multiband_dir-AP_space-ACPC_desc-preproc_dwi.nii.gz	0.0011406055578598	0.0134386988356709	0.004646354354918	0.0127142593264579	0.0134540451690554	0.0127258049324154	0.0046267481520771	0.015851667150855	0.0158521551638841	sub-20461	ses-1		dir-AP	acq-multiband	space-ACPC			DSIStudio	autotrackgqi
Association_InferiorLongitudinalFasciculusL	rtop	TORTOISE_model-MAPMRI	/scratch/grmpy/SLURM_11194840_88/job-11194840-88-sub-20461/ds/inputs/data/qsiprep/qsiprep/sub-20461/ses-1/dwi/sub-20461_ses-1_acq-multiband_dir-AP_space-ACPC_desc-preproc_dwi.nii.gz	0.0011406055578598	0.0002908511960413	8.679610618855804e-05	0.0002891417825594	0.0002911832998506	0.0002893220225814	8.628706564195454e-05	0.0003386601747479	0.0003386705939192	sub-20461	ses-1		dir-AP	acq-multiband	space-ACPC			DSIStudio	autotrackgqi
Association_InferiorLongitudinalFasciculusL	rtpp	TORTOISE_model-MAPMRI	/scratch/grmpy/SLURM_11194840_88/job-11194840-88-sub-20461/ds/inputs/data/qsiprep/qsiprep/sub-20461/ses-1/dwi/sub-20461_ses-1_acq-multiband_dir-AP_space-ACPC_desc-preproc_dwi.nii.gz	0.0007258399004562	0.0493288598954677	0.0056356615386903	0.0498020835220813	0.0493646934628486	0.0498066656291484	0.0054785925894975	0.0486012771725654	0.0486022196710109	sub-20461	ses-1		dir-AP	acq-multiband	space-ACPC			DSIStudio	autotrackgqi
Association_ArcuateFasciculusR	ad	TORTOISE_model-MAPMRI	/scratch/grmpy/SLURM_11194840_88/job-11194840-88-sub-20461/ds/inputs/data/qsiprep/qsiprep/sub-20461/ses-1/dwi/sub-20461_ses-1_acq-multiband_dir-AP_space-ACPC_desc-preproc_dwi.nii.gz	0.0	1117.3752340714964	274.7455395231618	1076.9789446183595	1117.3752340714964	1076.9789446183595	274.7455395231618	1110.6400484030833	1110.6400484030833	sub-20461	ses-1		dir-AP	acq-multiband	space-ACPC			DSIStudio	autotrackgqi
Association_ArcuateFasciculusR	am	TORTOISE_model-MAPMRI	/scratch/grmpy/SLURM_11194840_88/job-11194840-88-sub-20461/ds/inputs/data/qsiprep/qsiprep/sub-20461/ses-1/dwi/sub-20461_ses-1_acq-multiband_dir-AP_space-ACPC_desc-preproc_dwi.nii.gz	0.0	5669.85791015625	1221.4967041015625	5351.38525390625	5669.85791015625	5351.38525390625	1221.4967041015625	5189.833984375	5189.833984375	sub-20461	ses-1		dir-AP	acq-multiband	space-ACPC			DSIStudio	autotrackgqi
Association_ArcuateFasciculusR	fa	TORTOISE_model-MAPMRI	/scratch/grmpy/SLURM_11194840_88/job-11194840-88-sub-20461/ds/inputs/data/qsiprep/qsiprep/sub-20461/ses-1/dwi/sub-20461_ses-1_acq-multiband_dir-AP_space-ACPC_desc-preproc_dwi.nii.gz	0.0	0.3595589913636813	0.175760892472939	0.3697843358390824	0.3595589913636813	0.3697843358390824	0.175760892472939	0.4174359855490992	0.4174359855490992	sub-20461	ses-1		dir-AP	acq-multiband	space-ACPC			DSIStudio	autotrackgqi
Association_ArcuateFasciculusR	li	TORTOISE_model-MAPMRI	/scratch/grmpy/SLURM_11194840_88/job-11194840-88-sub-20461/ds/inputs/data/qsiprep/qsiprep/sub-20461/ses-1/dwi/sub-20461_ses-1_acq-multiband_dir-AP_space-ACPC_desc-preproc_dwi.nii.gz	0.0	0.2123291045427322	0.1354432553052902	0.2007141858339309	0.2123291045427322	0.2007141858339309	0.1354432553052902	0.2685154378414154	0.2685154378414154	sub-20461	ses-1		dir-AP	acq-multiband	space-ACPC			DSIStudio	autotrackgqi
Association_ArcuateFasciculusR	ng	TORTOISE_model-MAPMRI	/scratch/grmpy/SLURM_11194840_88/job-11194840-88-sub-20461/ds/inputs/data/qsiprep/qsiprep/sub-20461/ses-1/dwi/sub-20461_ses-1_acq-multiband_dir-AP_space-ACPC_desc-preproc_dwi.nii.gz	0.0	0.2978513240814209	0.0798272788524627	0.3301450610160827	0.2978513240814209	0.3301450610160827	0.0798272788524627	0.3247000575065613	0.3247000575065613	sub-20461	ses-1		dir-AP	acq-multiband	space-ACPC			DSIStudio	autotrackgqi
Association_ArcuateFasciculusR	ngpar	TORTOISE_model-MAPMRI	/scratch/grmpy/SLURM_11194840_88/job-11194840-88-sub-20461/ds/inputs/data/qsiprep/qsiprep/sub-20461/ses-1/dwi/sub-20461_ses-1_acq-multiband_dir-AP_space-ACPC_desc-preproc_dwi.nii.gz	0.0	0.1347535997629165	0.0400544255971908	0.1308507323265075	0.1347535997629165	0.1308507323265075	0.0400544255971908	0.136674016714096	0.136674016714096	sub-20461	ses-1		dir-AP	acq-multiband	space-ACPC			DSIStudio	autotrackgqi
Association_ArcuateFasciculusR	ngperp	TORTOISE_model-MAPMRI	/scratch/grmpy/SLURM_11194840_88/job-11194840-88-sub-20461/ds/inputs/data/qsiprep/qsiprep/sub-20461/ses-1/dwi/sub-20461_ses-1_acq-multiband_dir-AP_space-ACPC_desc-preproc_dwi.nii.gz	0.0	0.2536045908927917	0.0700002312660217	0.2741381227970123	0.2536045908927917	0.2741381227970123	0.0700002312660217	0.2735089957714081	0.2735089957714081	sub-20461	ses-1		dir-AP	acq-multiband	space-ACPC			DSIStudio	autotrackgqi
Association_ArcuateFasciculusR	pa	TORTOISE_model-MAPMRI	/scratch/grmpy/SLURM_11194840_88/job-11194840-88-sub-20461/ds/inputs/data/qsiprep/qsiprep/sub-20461/ses-1/dwi/sub-20461_ses-1_acq-multiband_dir-AP_space-ACPC_desc-preproc_dwi.nii.gz	0.0	0.6869884133338928	0.2401107102632522	0.7747238278388977	0.6869884133338928	0.7747238278388977	0.2401107102632522	0.7802485823631287	0.7802485823631287	sub-20461	ses-1		dir-AP	acq-multiband	space-ACPC			DSIStudio	autotrackgqi
Association_ArcuateFasciculusR	path	TORTOISE_model-MAPMRI	/scratch/grmpy/SLURM_11194840_88/job-11194840-88-sub-20461/ds/inputs/data/qsiprep/qsiprep/sub-20461/ses-1/dwi/sub-20461_ses-1_acq-multiband_dir-AP_space-ACPC_desc-preproc_dwi.nii.gz	0.0	0.2730226516723633	0.1082664132118225	0.2806030213832855	0.2730226516723633	0.2806030213832855	0.1082664132118225	0.3131340146064758	0.3131340146064758	sub-20461	ses-1		dir-AP	acq-multiband	space-ACPC			DSIStudio	autotrackgqi
Association_ArcuateFasciculusR	rd	TORTOISE_model-MAPMRI	/scratch/grmpy/SLURM_11194840_88/job-11194840-88-sub-20461/ds/inputs/data/qsiprep/qsiprep/sub-20461/ses-1/dwi/sub-20461_ses-1_acq-multiband_dir-AP_space-ACPC_desc-preproc_dwi.nii.gz	0.0	650.777038794215	283.6489814827005	598.8153171036927	650.777038794215	598.8153171036927	283.6489814827005	577.95875597441	577.95875597441	sub-20461	ses-1		dir-AP	acq-multiband	space-ACPC			DSIStudio	autotrackgqi
Association_ArcuateFasciculusR	rtap	TORTOISE_model-MAPMRI	/scratch/grmpy/SLURM_11194840_88/job-11194840-88-sub-20461/ds/inputs/data/qsiprep/qsiprep/sub-20461/ses-1/dwi/sub-20461_ses-1_acq-multiband_dir-AP_space-ACPC_desc-preproc_dwi.nii.gz	0.0	0.0145786805078387	0.005049327854067	0.0146130416542291	0.0145786805078387	0.0146130416542291	0.005049327854067	0.0164762865751981	0.0164762865751981	sub-20461	ses-1		dir-AP	acq-multiband	space-ACPC			DSIStudio	autotrackgqi
Association_ArcuateFasciculusR	rtop	TORTOISE_model-MAPMRI	/scratch/grmpy/SLURM_11194840_88/job-11194840-88-sub-20461/ds/inputs/data/qsiprep/qsiprep/sub-20461/ses-1/dwi/sub-20461_ses-1_acq-multiband_dir-AP_space-ACPC_desc-preproc_dwi.nii.gz	0.0	0.0003161364002153	9.60213874350302e-05	0.0003360661503393	0.0003161364002153	0.0003360661503393	9.60213874350302e-05	0.0003542748163454	0.0003542748163454	sub-20461	ses-1		dir-AP	acq-multiband	space-ACPC			DSIStudio	autotrackgqi
Association_ArcuateFasciculusR	rtpp	TORTOISE_model-MAPMRI	/scratch/grmpy/SLURM_11194840_88/job-11194840-88-sub-20461/ds/inputs/data/qsiprep/qsiprep/sub-20461/ses-1/dwi/sub-20461_ses-1_acq-multiband_dir-AP_space-ACPC_desc-preproc_dwi.nii.gz	0.0	0.0496285744011402	0.0050127608701586	0.0499992258846759	0.0496285744011402	0.0499992258846759	0.0050127608701586	0.0499866642057895	0.0499866642057895	sub-20461	ses-1		dir-AP	acq-multiband	space-ACPC			DSIStudio	autotrackgqi
Association_InferiorFrontoOccipitalFasciculusR	ad	TORTOISE_model-MAPMRI	/scratch/grmpy/SLURM_11194840_88/job-11194840-88-sub-20461/ds/inputs/data/qsiprep/qsiprep/sub-20461/ses-1/dwi/sub-20461_ses-1_acq-multiband_dir-AP_space-ACPC_desc-preproc_dwi.nii.gz	0.0013995047906125	1164.6619813851837	285.28721784265304	1119.443213291403	1166.2942157273576	1120.0115422223337	282.1332926753976	1283.8284125299515	1283.8577981622352	sub-20461	ses-1		dir-AP	acq-multiband	space-ACPC			DSIStudio	autotrackgqi
Association_InferiorFrontoOccipitalFasciculusR	am	TORTOISE_model-MAPMRI	/scratch/grmpy/SLURM_11194840_88/job-11194840-88-sub-20461/ds/inputs/data/qsiprep/qsiprep/sub-20461/ses-1/dwi/sub-20461_ses-1_acq-multiband_dir-AP_space-ACPC_desc-preproc_dwi.nii.gz	0.00129185057595	5440.47607421875	1226.540283203125	5318.18212890625	5447.513671875	5319.6298828125	1211.614990234375	5158.01416015625	5158.1279296875	sub-20461	ses-1		dir-AP	acq-multiband	space-ACPC			DSIStudio	autotrackgqi
Association_InferiorFrontoOccipitalFasciculusR	fa	TORTOISE_model-MAPMRI	/scratch/grmpy/SLURM_11194840_88/job-11194840-88-sub-20461/ds/inputs/data/qsiprep/qsiprep/sub-20461/ses-1/dwi/sub-20461_ses-1_acq-multiband_dir-AP_space-ACPC_desc-preproc_dwi.nii.gz	0.0013995047906125	0.35240981653956	0.1798736191883266	0.3562418566228966	0.3529037069680867	0.356437279918521	0.1795148096392826	0.4861555120502668	0.4861666397690872	sub-20461	ses-1		dir-AP	acq-multiband	space-ACPC			DSIStudio	autotrackgqi
Association_InferiorFrontoOccipitalFasciculusR	li	TORTOISE_model-MAPMRI	/scratch/grmpy/SLURM_11194840_88/job-11194840-88-sub-20461/ds/inputs/data/qsiprep/qsiprep/sub-20461/ses-1/dwi/sub-20461_ses-1_acq-multiband_dir-AP_space-ACPC_desc-preproc_dwi.nii.gz	0.002368392722575	0.2017853707075119	0.1335742622613906	0.1855124980211258	0.2022644132375717	0.1862048953771591	0.133369967341423	0.3159590065479278	0.3159737884998321	sub-20461	ses-1		dir-AP	acq-multiband	space-ACPC			DSIStudio	autotrackgqi
Association_InferiorFrontoOccipitalFasciculusR	ng	TORTOISE_model-MAPMRI	/scratch/grmpy/SLURM_11194840_88/job-11194840-88-sub-20461/ds/inputs/data/qsiprep/qsiprep/sub-20461/ses-1/dwi/sub-20461_ses-1_acq-multiband_dir-AP_space-ACPC_desc-preproc_dwi.nii.gz	0.00129185057595	0.2996869087219238	0.0735064074397087	0.3188638687133789	0.3000745773315429	0.3190613389015198	0.0727588981389999	0.3342974185943603	0.3343047797679901	sub-20461	ses-1		dir-AP	acq-multiband	space-ACPC			DSIStudio	autotrackgqi
Association_InferiorFrontoOccipitalFasciculusR	ngpar	TORTOISE_model-MAPMRI	/scratch/grmpy/SLURM_11194840_88/job-11194840-88-sub-20461/ds/inputs/data/qsiprep/qsiprep/sub-20461/ses-1/dwi/sub-20461_ses-1_acq-multiband_dir-AP_space-ACPC_desc-preproc_dwi.nii.gz	0.00129185057595	0.1375508159399032	0.0406410135328769	0.1375604122877121	0.1377287358045578	0.1375829577445984	0.0403648726642131	0.1209268644452095	0.1209295243024826	sub-20461	ses-1		dir-AP	acq-multiband	space-ACPC			DSIStudio	autotrackgqi
Association_InferiorFrontoOccipitalFasciculusR	ngperp	TORTOISE_model-MAPMRI	/scratch/grmpy/SLURM_11194840_88/job-11194840-88-sub-20461/ds/inputs/data/qsiprep/qsiprep/sub-20461/ses-1/dwi/sub-20461_ses-1_acq-multiband_dir-AP_space-ACPC_desc-preproc_dwi.nii.gz	0.00129185057595	0.2566602230072021	0.0704856142401695	0.2705772817134857	0.2569922208786011	0.2707458734512329	0.0699237287044525	0.2919298410415649	0.2919362783432007	sub-20461	ses-1		dir-AP	acq-multiband	space-ACPC			DSIStudio	autotrackgqi
Association_InferiorFrontoOccipitalFasciculusR	pa	TORTOISE_model-MAPMRI	/scratch/grmpy/SLURM_11194840_88/job-11194840-88-sub-20461/ds/inputs/data/qsiprep/qsiprep/sub-20461/ses-1/dwi/sub-20461_ses-1_acq-multiband_dir-AP_space-ACPC_desc-preproc_dwi.nii.gz	0.00129185057595	0.6759901642799377	0.2405179589986801	0.7621017694473267	0.6768645644187927	0.7624975442886353	0.2394407242536544	0.8411156535148621	0.8411341309547424	sub-20461	ses-1		dir-AP	acq-multiband	space-ACPC			DSIStudio	autotrackgqi
Association_InferiorFrontoOccipitalFasciculusR	path	TORTOISE_model-MAPMRI	/scratch/grmpy/SLURM_11194840_88/job-11194840-88-sub-20461/ds/inputs/data/qsiprep/qsiprep/sub-20461/ses-1/dwi/sub-20461_ses-1_acq-multiband_dir-AP_space-ACPC_desc-preproc_dwi.nii.gz	0.00129185057595	0.2698550820350647	0.1128654181957244	0.2740236520767212	0.2702041566371918	0.2742252647876739	0.112520046532154	0.3528192341327667	0.3528270125389099	sub-20461	ses-1		dir-AP	acq-multiband	space-ACPC			DSIStudio	autotrackgqi
Association_InferiorFrontoOccipitalFasciculusR	rd	TORTOISE_model-MAPMRI	/scratch/grmpy/SLURM_11194840_88/job-11194840-88-sub-20461/ds/inputs/data/qsiprep/qsiprep/sub-20461/ses-1/dwi/sub-20461_ses-1_acq-multiband_dir-AP_space-ACPC_desc-preproc_dwi.nii.gz	0.0013995047906125	671.6689818111624	250.03441555127787	629.5786496117809	672.61030315264	629.7820952305444	248.9411221138726	564.1818838121256	564.1947971708752	sub-20461	ses-1		dir-AP	acq-multiband	space-ACPC			DSIStudio	autotrackgqi
Association_InferiorFrontoOccipitalFasciculusR	rtap	TORTOISE_model-MAPMRI	/scratch/grmpy/SLURM_11194840_88/job-11194840-88-sub-20461/ds/inputs/data/qsiprep/qsiprep/sub-20461/ses-1/dwi/sub-20461_ses-1_acq-multiband_dir-AP_space-ACPC_desc-preproc_dwi.nii.gz	0.0024760469372375	0.0136345932260155	0.0046860319562256	0.0133969523012638	0.0136684365570545	0.0134158730506896	0.0046422849409282	0.016896117478609	0.0168976709246635	sub-20461	ses-1		dir-AP	acq-multiband	space-ACPC			DSIStudio	autotrackgqi
Association_InferiorFrontoOccipitalFasciculusR	rtop	TORTOISE_model-MAPMRI	/scratch/grmpy/SLURM_11194840_88/job-11194840-88-sub-20461/ds/inputs/data/qsiprep/qsiprep/sub-20461/ses-1/dwi/sub-20461_ses-1_acq-multiband_dir-AP_space-ACPC_desc-preproc_dwi.nii.gz	0.002368392722575	0.0002920790284406	0.0002648907538969	0.0002965124731417	0.0002927724272012	0.0002968902408611	0.0002648220106493	0.0003316124493721	0.0003316369547974	sub-20461	ses-1		dir-AP	acq-multiband	space-ACPC			DSIStudio	autotrackgqi
Association_InferiorFrontoOccipitalFasciculusR	rtpp	TORTOISE_model-MAPMRI	/scratch/grmpy/SLURM_11194840_88/job-11194840-88-sub-20461/ds/inputs/data/qsiprep/qsiprep/sub-20461/ses-1/dwi/sub-20461_ses-1_acq-multiband_dir-AP_space-ACPC_desc-preproc_dwi.nii.gz	0.0013995047906125	0.0484441928565502	0.005898576695472	0.0488317012786865	0.0485120862722396	0.0488404035568237	0.0056167915463447	0.0458725579082965	0.0458736158907413	sub-20461	ses-1		dir-AP	acq-multiband	space-ACPC			DSIStudio	autotrackgqi
Association_MiddleLongitudinalFasciculusR	ad	TORTOISE_model-MAPMRI	/scratch/grmpy/SLURM_11194840_88/job-11194840-88-sub-20461/ds/inputs/data/qsiprep/qsiprep/sub-20461/ses-1/dwi/sub-20461_ses-1_acq-multiband_dir-AP_space-ACPC_desc-preproc_dwi.nii.gz	0.0002224199288256	1145.5989582934487	207.2690291617573	1119.0404509219557	1145.8538190183194	1119.2138416608675	206.58648237682704	1199.1529028773748	1199.1549034172972	sub-20461	ses-1		dir-AP	acq-multiband	space-ACPC			DSIStudio	autotrackgqi
Association_MiddleLongitudinalFasciculusR	am	TORTOISE_model-MAPMRI	/scratch/grmpy/SLURM_11194840_88/job-11194840-88-sub-20461/ds/inputs/data/qsiprep/qsiprep/sub-20461/ses-1/dwi/sub-20461_ses-1_acq-multiband_dir-AP_space-ACPC_desc-preproc_dwi.nii.gz	0.0002224199288256	5479.9453125	924.428466796875	5346.10009765625	5481.16455078125	5346.205078125	920.910400390625	5205.904296875	5205.9130859375	sub-20461	ses-1		dir-AP	acq-multiband	space-ACPC			DSIStudio	autotrackgqi
Association_MiddleLongitudinalFasciculusR	fa	TORTOISE_model-MAPMRI	/scratch/grmpy/SLURM_11194840_88/job-11194840-88-sub-20461/ds/inputs/data/qsiprep/qsiprep/sub-20461/ses-1/dwi/sub-20461_ses-1_acq-multiband_dir-AP_space-ACPC_desc-preproc_dwi.nii.gz	0.0002224199288256	0.3706593983990249	0.175055114737672	0.3943721306775103	0.3707418587768668	0.3944210657118694	0.1749872541069895	0.458221739030858	0.4582225034445378	sub-20461	ses-1		dir-AP	acq-multiband	space-ACPC			DSIStudio	autotrackgqi
Association_MiddleLongitudinalFasciculusR	li	TORTOISE_model-MAPMRI	/scratch/grmpy/SLURM_11194840_88/job-11194840-88-sub-20461/ds/inputs/data/qsiprep/qsiprep/sub-20461/ses-1/dwi/sub-20461_ses-1_acq-multiband_dir-AP_space-ACPC_desc-preproc_dwi.nii.gz	0.0002224199288256	0.2220709025859832	0.1310832053422927	0.2231761217117309	0.222120314836502	0.2231765687465667	0.131055936217308	0.2952836155891418	0.2952841222286224	sub-20461	ses-1		dir-AP	acq-multiband	space-ACPC			DSIStudio	autotrackgqi
Association_MiddleLongitudinalFasciculusR	ng	TORTOISE_model-MAPMRI	/scratch/grmpy/SLURM_11194840_88/job-11194840-88-sub-20461/ds/inputs/data/qsiprep/qsiprep/sub-20461/ses-1/dwi/sub-20461_ses-1_acq-multiband_dir-AP_space-ACPC_desc-preproc_dwi.nii.gz	0.0002224199288256	0.2967500388622284	0.0703464448451995	0.3205465078353882	0.2968160510063171	0.3205549418926239	0.0702148750424385	0.329052060842514	0.3290526270866394	sub-20461	ses-1		dir-AP	acq-multiband	space-ACPC			DSIStudio	autotrackgqi
Association_MiddleLongitudinalFasciculusR	ngpar	TORTOISE_model-MAPMRI	/scratch/grmpy/SLURM_11194840_88/job-11194840-88-sub-20461/ds/inputs/data/qsiprep/qsiprep/sub-20461/ses-1/dwi/sub-20461_ses-1_acq-multiband_dir-AP_space-ACPC_desc-preproc_dwi.nii.gz	0.0002224199288256	0.1302967220544815	0.0308092162013053	0.1300514042377472	0.1303257197141647	0.1300718933343887	0.0307512786239385	0.1305290758609771	0.1305292844772339	sub-20461	ses-1		dir-AP	acq-multiband	space-ACPC			DSIStudio	autotrackgqi
Association_MiddleLongitudinalFasciculusR	ngperp	TORTOISE_model-MAPMRI	/scratch/grmpy/SLURM_11194840_88/job-11194840-88-sub-20461/ds/inputs/data/qsiprep/qsiprep/sub-20461/ses-1/dwi/sub-20461_ses-1_acq-multiband_dir-AP_space-ACPC_desc-preproc_dwi.nii.gz	0.0002224199288256	0.2583292424678802	0.0661816373467445	0.2745136618614197	0.2583867013454437	0.2745259404182434	0.0660767257213592	0.2864734530448913	0.2864739298820495	sub-20461	ses-1		dir-AP	acq-multiband	space-ACPC			DSIStudio	autotrackgqi
Association_MiddleLongitudinalFasciculusR	pa	TORTOISE_model-MAPMRI	/scratch/grmpy/SLURM_11194840_88/job-11194840-88-sub-20461/ds/inputs/data/qsiprep/qsiprep/sub-20461/ses-1/dwi/sub-20461_ses-1_acq-multiband_dir-AP_space-ACPC_desc-preproc_dwi.nii.gz	0.0002224199288256	0.7007892727851868	0.2429958879947662	0.8175729513168335	0.7009451985359192	0.8176119923591614	0.2427979856729507	0.8235200047492981	0.8235213756561279	sub-20461	ses-1		dir-AP	acq-multiband	space-ACPC			DSIStudio	autotrackgqi
Association_MiddleLongitudinalFasciculusR	path	TORTOISE_model-MAPMRI	/scratch/grmpy/SLURM_11194840_88/job-11194840-88-sub-20461/ds/inputs/data/qsiprep/qsiprep/sub-20461/ses-1/dwi/sub-20461_ses-1_acq-multiband_dir-AP_space-ACPC_desc-preproc_dwi.nii.gz	0.0002224199288256	0.2825296819210052	0.1122055575251579	0.3056863248348236	0.2825925350189209	0.3057115077972412	0.1121388673782348	0.3370794653892517	0.3370800018310547	sub-20461	ses-1		dir-AP	acq-multiband	space-ACPC			DSIStudio	autotrackgqi
Association_MiddleLongitudinalFasciculusR	rd	TORTOISE_model-MAPMRI	/scratch/grmpy/SLURM_11194840_88/job-11194840-88-sub-20461/ds/inputs/data/qsiprep/qsiprep/sub-20461/ses-1/dwi/sub-20461_ses-1_acq-multiband_dir-AP_space-ACPC_desc-preproc_dwi.nii.gz	0.0002224199288256	645.3196141644904	189.41041760228413	610.564391166977	645.4631780386094	610.6090509648261	189.18673971117116	569.1139726416618	569.1149221503827	sub-20461	ses-1		dir-AP	acq-multiband	space-ACPC			DSIStudio	autotrackgqi
Association_MiddleLongitudinalFasciculusR	rtap	TORTOISE_model-MAPMRI	/scratch/grmpy/SLURM_11194840_88/job-11194840-88-sub-20461/ds/inputs/data/qsiprep/qsiprep/sub-20461/ses-1/dwi/sub-20461_ses-1_acq-multiband_dir-AP_space-ACPC_desc-preproc_dwi.nii.gz	0.0002224199288256	0.0142440674826502	0.0044950125738978	0.0144529044628143	0.0142472367733716	0.0144541533663868	0.0044904882088303	0.0164326094090938	0.0164326392114162	sub-20461	ses-1		dir-AP	acq-multiband	space-ACPC			DSIStudio	autotrackgqi
Association_MiddleLongitudinalFasciculusR	rtop	TORTOISE_model-MAPMRI	/scratch/grmpy/SLURM_11194840_88/job-11194840-88-sub-20461/ds/inputs/data/qsiprep/qsiprep/sub-20461/ses-1/dwi/sub-20461_ses-1_acq-multiband_dir-AP_space-ACPC_desc-preproc_dwi.nii.gz	0.0002224199288256	0.0003009223437402	8.103364962153137e-05	0.0003097337321378	0.0003009892825502	0.0003097651642747	8.091825293377042e-05	0.0003390359925106	0.0003390365163795	sub-20461	ses-1		dir-AP	acq-multiband	space-ACPC			DSIStudio	autotrackgqi
Association_MiddleLongitudinalFasciculusR	rtpp	TORTOISE_model-MAPMRI	/scratch/grmpy/SLURM_11194840_88/job-11194840-88-sub-20461/ds/inputs/data/qsiprep/qsiprep/sub-20461/ses-1/dwi/sub-20461_ses-1_acq-multiband_dir-AP_space-ACPC_desc-preproc_dwi.nii.gz	0.0002224199288256	0.0484844706952571	0.0044069220311939	0.0487629547715187	0.0484952554106712	0.0487655811011791	0.0043476657010614	0.0474900975823402	0.0474901720881462	sub-20461	ses-1		dir-AP	acq-multiband	space-ACPC			DSIStudio	autotrackgqi
Association_MiddleLongitudinalFasciculusL	ad	TORTOISE_model-MAPMRI	/scratch/grmpy/SLURM_11194840_88/job-11194840-88-sub-20461/ds/inputs/data/qsiprep/qsiprep/sub-20461/ses-1/dwi/sub-20461_ses-1_acq-multiband_dir-AP_space-ACPC_desc-preproc_dwi.nii.gz	0.0	1099.034771751879	213.0872660078887	1070.8033363059394	1099.034771751879	1070.8033363059394	213.0872660078887	1126.5542927326478	1126.5542927326478	sub-20461	ses-1		dir-AP	acq-multiband	space-ACPC			DSIStudio	autotrackgqi
Association_MiddleLongitudinalFasciculusL	am	TORTOISE_model-MAPMRI	/scratch/grmpy/SLURM_11194840_88/job-11194840-88-sub-20461/ds/inputs/data/qsiprep/qsiprep/sub-20461/ses-1/dwi/sub-20461_ses-1_acq-multiband_dir-AP_space-ACPC_desc-preproc_dwi.nii.gz	0.0	5521.43115234375	944.0206298828124	5389.3662109375	5521.43115234375	5389.3662109375	944.0206298828124	5337.24853515625	5337.24853515625	sub-20461	ses-1		dir-AP	acq-multiband	space-ACPC			DSIStudio	autotrackgqi
Association_MiddleLongitudinalFasciculusL	fa	TORTOISE_model-MAPMRI	/scratch/grmpy/SLURM_11194840_88/job-11194840-88-sub-20461/ds/inputs/data/qsiprep/qsiprep/sub-20461/ses-1/dwi/sub-20461_ses-1_acq-multiband_dir-AP_space-ACPC_desc-preproc_dwi.nii.gz	0.0	0.3551381824923336	0.1712075124608709	0.3786064949363377	0.3551381824923336	0.3786064949363377	0.1712075124608709	0.4184596057054526	0.4184596057054526	sub-20461	ses-1		dir-AP	acq-multiband	space-ACPC			DSIStudio	autotrackgqi
Association_MiddleLongitudinalFasciculusL	li	TORTOISE_model-MAPMRI	/scratch/grmpy/SLURM_11194840_88/job-11194840-88-sub-20461/ds/inputs/data/qsiprep/qsiprep/sub-20461/ses-1/dwi/sub-20461_ses-1_acq-multiband_dir-AP_space-ACPC_desc-preproc_dwi.nii.gz	0.0002557544757033	0.2028935700654983	0.1237402036786079	0.2034948170185089	0.2029454708099365	0.2035351544618606	0.1237134635448455	0.2522871494293213	0.2522884011268616	sub-20461	ses-1		dir-AP	acq-multiband	space-ACPC			DSIStudio	autotrackgqi
Association_MiddleLongitudinalFasciculusL	ng	TORTOISE_model-MAPMRI	/scratch/grmpy/SLURM_11194840_88/job-11194840-88-sub-20461/ds/inputs/data/qsiprep/qsiprep/sub-20461/ses-1/dwi/sub-20461_ses-1_acq-multiband_dir-AP_space-ACPC_desc-preproc_dwi.nii.gz	0.0	0.2885013520717621	0.0714845657348632	0.3076149225234985	0.2885013520717621	0.3076149225234985	0.0714845657348632	0.3231962919235229	0.3231962919235229	sub-20461	ses-1		dir-AP	acq-multiband	space-ACPC			DSIStudio	autotrackgqi
Association_MiddleLongitudinalFasciculusL	ngpar	TORTOISE_model-MAPMRI	/scratch/grmpy/SLURM_11194840_88/job-11194840-88-sub-20461/ds/inputs/data/qsiprep/qsiprep/sub-20461/ses-1/dwi/sub-20461_ses-1_acq-multiband_dir-AP_space-ACPC_desc-preproc_dwi.nii.gz	0.0	0.1377440243959427	0.032244224101305	0.1387366950511932	0.1377440243959427	0.1387366950511932	0.032244224101305	0.1457531303167343	0.1457531303167343	sub-20461	ses-1		dir-AP	acq-multiband	space-ACPC			DSIStudio	autotrackgqi
Association_MiddleLongitudinalFasciculusL	ngperp	TORTOISE_model-MAPMRI	/scratch/grmpy/SLURM_11194840_88/job-11194840-88-sub-20461/ds/inputs/data/qsiprep/qsiprep/sub-20461/ses-1/dwi/sub-20461_ses-1_acq-multiband_dir-AP_space-ACPC_desc-preproc_dwi.nii.gz	0.0	0.2458678781986236	0.0669130459427833	0.2596781849861145	0.2458678781986236	0.2596781849861145	0.0669130459427833	0.2764835953712463	0.2764835953712463	sub-20461	ses-1		dir-AP	acq-multiband	space-ACPC			DSIStudio	autotrackgqi
Association_MiddleLongitudinalFasciculusL	pa	TORTOISE_model-MAPMRI	/scratch/grmpy/SLURM_11194840_88/job-11194840-88-sub-20461/ds/inputs/data/qsiprep/qsiprep/sub-20461/ses-1/dwi/sub-20461_ses-1_acq-multiband_dir-AP_space-ACPC_desc-preproc_dwi.nii.gz	0.0	0.6731757521629333	0.2483326345682144	0.7884037494659424	0.6731757521629333	0.7884037494659424	0.2483326345682144	0.7891718149185181	0.7891718149185181	sub-20461	ses-1		dir-AP	acq-multiband	space-ACPC			DSIStudio	autotrackgqi
Association_MiddleLongitudinalFasciculusL	path	TORTOISE_model-MAPMRI	/scratch/grmpy/SLURM_11194840_88/job-11194840-88-sub-20461/ds/inputs/data/qsiprep/qsiprep/sub-20461/ses-1/dwi/sub-20461_ses-1_acq-multiband_dir-AP_space-ACPC_desc-preproc_dwi.nii.gz	0.0	0.2672940492630005	0.1090293750166893	0.2881104946136474	0.2672940492630005	0.2881104946136474	0.1090293750166893	0.3148312568664551	0.3148312568664551	sub-20461	ses-1		dir-AP	acq-multiband	space-ACPC			DSIStudio	autotrackgqi
Association_MiddleLongitudinalFasciculusL	rd	TORTOISE_model-MAPMRI	/scratch/grmpy/SLURM_11194840_88/job-11194840-88-sub-20461/ds/inputs/data/qsiprep/qsiprep/sub-20461/ses-1/dwi/sub-20461_ses-1_acq-multiband_dir-AP_space-ACPC_desc-preproc_dwi.nii.gz	0.0	642.3508881469014	200.8252655802497	609.4993215928056	642.3508881469014	609.4993215928056	200.8252655802497	592.6870193546681	592.6870193546681	sub-20461	ses-1		dir-AP	acq-multiband	space-ACPC			DSIStudio	autotrackgqi
Association_MiddleLongitudinalFasciculusL	rtap	TORTOISE_model-MAPMRI	/scratch/grmpy/SLURM_11194840_88/job-11194840-88-sub-20461/ds/inputs/data/qsiprep/qsiprep/sub-20461/ses-1/dwi/sub-20461_ses-1_acq-multiband_dir-AP_space-ACPC_desc-preproc_dwi.nii.gz	0.0002557544757033	0.0139795150607824	0.0043478813022375	0.0140613224357366	0.0139830913394689	0.0140623711049556	0.0043426835909485	0.0154218981042504	0.0154219754040241	sub-20461	ses-1		dir-AP	acq-multiband	space-ACPC			DSIStudio	autotrackgqi
Association_MiddleLongitudinalFasciculusL	rtop	TORTOISE_model-MAPMRI	/scratch/grmpy/SLURM_11194840_88/job-11194840-88-sub-20461/ds/inputs/data/qsiprep/qsiprep/sub-20461/ses-1/dwi/sub-20461_ses-1_acq-multiband_dir-AP_space-ACPC_desc-preproc_dwi.nii.gz	0.0002557544757033	0.0003059444134123	8.508023893227801e-05	0.0003089715610258	0.0003060227027162	0.0003090240352321	8.495026850141585e-05	0.0003357721143402	0.0003357738023623	sub-20461	ses-1		dir-AP	acq-multiband	space-ACPC			DSIStudio	autotrackgqi
Association_MiddleLongitudinalFasciculusL	rtpp	TORTOISE_model-MAPMRI	/scratch/grmpy/SLURM_11194840_88/job-11194840-88-sub-20461/ds/inputs/data/qsiprep/qsiprep/sub-20461/ses-1/dwi/sub-20461_ses-1_acq-multiband_dir-AP_space-ACPC_desc-preproc_dwi.nii.gz	0.0	0.0498096607625484	0.0046579274348914	0.0501848794519901	0.0498096607625484	0.0501848794519901	0.0046579274348914	0.0492518246173858	0.0492518246173858	sub-20461	ses-1		dir-AP	acq-multiband	space-ACPC			DSIStudio	autotrackgqi
Association_ParietalAslantTractR	ad	TORTOISE_model-MAPMRI	/scratch/grmpy/SLURM_11194840_88/job-11194840-88-sub-20461/ds/inputs/data/qsiprep/qsiprep/sub-20461/ses-1/dwi/sub-20461_ses-1_acq-multiband_dir-AP_space-ACPC_desc-preproc_dwi.nii.gz	0.0034343434343434	1093.9576594261164	231.00131181529125	1050.3901758790917	1097.7276331156042	1051.3729370579567	222.27706899415944	1165.4594693677725	1165.720582647396	sub-20461	ses-1		dir-AP	acq-multiband	space-ACPC			DSIStudio	autotrackgqi
Association_ParietalAslantTractR	am	TORTOISE_model-MAPMRI	/scratch/grmpy/SLURM_11194840_88/job-11194840-88-sub-20461/ds/inputs/data/qsiprep/qsiprep/sub-20461/ses-1/dwi/sub-20461_ses-1_acq-multiband_dir-AP_space-ACPC_desc-preproc_dwi.nii.gz	0.0034343434343434	5582.572265625	1122.2222900390625	5440.44287109375	5601.810546875	5442.47021484375	1075.1522216796875	5234.47900390625	5235.65234375	sub-20461	ses-1		dir-AP	acq-multiband	space-ACPC			DSIStudio	autotrackgqi
Association_ParietalAslantTractR	fa	TORTOISE_model-MAPMRI	/scratch/grmpy/SLURM_11194840_88/job-11194840-88-sub-20461/ds/inputs/data/qsiprep/qsiprep/sub-20461/ses-1/dwi/sub-20461_ses-1_acq-multiband_dir-AP_space-ACPC_desc-preproc_dwi.nii.gz	0.0034343434343434	0.3061107106676925	0.179849211018463	0.2743123824958234	0.3071656229079825	0.2757952319471115	0.1792572875155146	0.4220968162749509	0.4221913841769312	sub-20461	ses-1		dir-AP	acq-multiband	space-ACPC			DSIStudio	autotrackgqi
Association_ParietalAslantTractR	li	TORTOISE_model-MAPMRI	/scratch/grmpy/SLURM_11194840_88/job-11194840-88-sub-20461/ds/inputs/data/qsiprep/qsiprep/sub-20461/ses-1/dwi/sub-20461_ses-1_acq-multiband_dir-AP_space-ACPC_desc-preproc_dwi.nii.gz	0.0034343434343434	0.1670025736093521	0.1252511441707611	0.1308810412883758	0.1675780862569809	0.1318374574184417	0.1250818371772766	0.2520334720611572	0.2520899474620819	sub-20461	ses-1		dir-AP	acq-multiband	space-ACPC			DSIStudio	autotrackgqi
Association_ParietalAslantTractR	ng	TORTOISE_model-MAPMRI	/scratch/grmpy/SLURM_11194840_88/job-11194840-88-sub-20461/ds/inputs/data/qsiprep/qsiprep/sub-20461/ses-1/dwi/sub-20461_ses-1_acq-multiband_dir-AP_space-ACPC_desc-preproc_dwi.nii.gz	0.0034343434343434	0.2678390741348266	0.0812108814716339	0.2675480842590332	0.2687621116638183	0.2678649425506592	0.0798114165663719	0.3134466409683227	0.3135169148445129	sub-20461	ses-1		dir-AP	acq-multiband	space-ACPC			DSIStudio	autotrackgqi
Association_ParietalAslantTractR	ngpar	TORTOISE_model-MAPMRI	/scratch/grmpy/SLURM_11194840_88/job-11194840-88-sub-20461/ds/inputs/data/qsiprep/qsiprep/sub-20461/ses-1/dwi/sub-20461_ses-1_acq-multiband_dir-AP_space-ACPC_desc-preproc_dwi.nii.gz	0.0034343434343434	0.1270720958709716	0.0347872152924537	0.1246566250920295	0.1275100111961364	0.1247539296746254	0.0340364836156368	0.1279407888650894	0.1279694586992263	sub-20461	ses-1		dir-AP	acq-multiband	space-ACPC			DSIStudio	autotrackgqi
Association_ParietalAslantTractR	ngperp	TORTOISE_model-MAPMRI	/scratch/grmpy/SLURM_11194840_88/job-11194840-88-sub-20461/ds/inputs/data/qsiprep/qsiprep/sub-20461/ses-1/dwi/sub-20461_ses-1_acq-multiband_dir-AP_space-ACPC_desc-preproc_dwi.nii.gz	0.0034343434343434	0.2335645705461502	0.0755412653088569	0.2282916456460952	0.2343694865703582	0.228976771235466	0.0744144022464752	0.2778277993202209	0.2778900265693664	sub-20461	ses-1		dir-AP	acq-multiband	space-ACPC			DSIStudio	autotrackgqi
Association_ParietalAslantTractR	pa	TORTOISE_model-MAPMRI	/scratch/grmpy/SLURM_11194840_88/job-11194840-88-sub-20461/ds/inputs/data/qsiprep/qsiprep/sub-20461/ses-1/dwi/sub-20461_ses-1_acq-multiband_dir-AP_space-ACPC_desc-preproc_dwi.nii.gz	0.0034343434343434	0.593681275844574	0.2667209804058075	0.6075173020362854	0.5957272052764893	0.6092716455459595	0.2648894786834717	0.756540834903717	0.7567102909088135	sub-20461	ses-1		dir-AP	acq-multiband	space-ACPC			DSIStudio	autotrackgqi
Association_ParietalAslantTractR	path	TORTOISE_model-MAPMRI	/scratch/grmpy/SLURM_11194840_88/job-11194840-88-sub-20461/ds/inputs/data/qsiprep/qsiprep/sub-20461/ses-1/dwi/sub-20461_ses-1_acq-multiband_dir-AP_space-ACPC_desc-preproc_dwi.nii.gz	0.0034343434343434	0.2367763519287109	0.1169152557849884	0.2106720060110092	0.2375923246145248	0.2112718522548675	0.116285927593708	0.3119656145572662	0.312035471200943	sub-20461	ses-1		dir-AP	acq-multiband	space-ACPC			DSIStudio	autotrackgqi
Association_ParietalAslantTractR	rd	TORTOISE_model-MAPMRI	/scratch/grmpy/SLURM_11194840_88/job-11194840-88-sub-20461/ds/inputs/data/qsiprep/qsiprep/sub-20461/ses-1/dwi/sub-20461_ses-1_acq-multiband_dir-AP_space-ACPC_desc-preproc_dwi.nii.gz	0.0034343434343434	681.6277571054443	209.38762362590884	665.1886344724236	683.9767682286538	665.7175535348922	205.88248909946387	582.5874561294804	582.7179810054124	sub-20461	ses-1		dir-AP	acq-multiband	space-ACPC			DSIStudio	autotrackgqi
Association_ParietalAslantTractR	rtap	TORTOISE_model-MAPMRI	/scratch/grmpy/SLURM_11194840_88/job-11194840-88-sub-20461/ds/inputs/data/qsiprep/qsiprep/sub-20461/ses-1/dwi/sub-20461_ses-1_acq-multiband_dir-AP_space-ACPC_desc-preproc_dwi.nii.gz	0.0034343434343434	0.012792395427823	0.0046920203603804	0.0114974677562713	0.012836480513215	0.0115203326568007	0.0046395072713494	0.0160321351140737	0.0160357281565666	sub-20461	ses-1		dir-AP	acq-multiband	space-ACPC			DSIStudio	autotrackgqi
Association_ParietalAslantTractR	rtop	TORTOISE_model-MAPMRI	/scratch/grmpy/SLURM_11194840_88/job-11194840-88-sub-20461/ds/inputs/data/qsiprep/qsiprep/sub-20461/ses-1/dwi/sub-20461_ses-1_acq-multiband_dir-AP_space-ACPC_desc-preproc_dwi.nii.gz	0.0034343434343434	0.0002749885316006	8.518727554474026e-05	0.0002582635206636	0.0002759361814241	0.0002586517075542	8.378775237360969e-05	0.0003332764026708	0.000333351053996	sub-20461	ses-1		dir-AP	acq-multiband	space-ACPC			DSIStudio	autotrackgqi
Association_ParietalAslantTractR	rtpp	TORTOISE_model-MAPMRI	/scratch/grmpy/SLURM_11194840_88/job-11194840-88-sub-20461/ds/inputs/data/qsiprep/qsiprep/sub-20461/ses-1/dwi/sub-20461_ses-1_acq-multiband_dir-AP_space-ACPC_desc-preproc_dwi.nii.gz	0.0034343434343434	0.0491727441549301	0.0052226870320737	0.0499555021524429	0.0493422001600265	0.0499711222946643	0.0043599344789981	0.047967180609703	0.0479779280722141	sub-20461	ses-1		dir-AP	acq-multiband	space-ACPC			DSIStudio	autotrackgqi
Association_SuperiorLongitudinalFasciculusR	ad	TORTOISE_model-MAPMRI	/scratch/grmpy/SLURM_11194840_88/job-11194840-88-sub-20461/ds/inputs/data/qsiprep/qsiprep/sub-20461/ses-1/dwi/sub-20461_ses-1_acq-multiband_dir-AP_space-ACPC_desc-preproc_dwi.nii.gz	0.0	1106.9058447972873	293.03565105433705	1050.1876601804515	1106.9058447972873	1050.1876601804515	293.03565105433705	1126.043302081342	1126.043399119402	sub-20461	ses-1		dir-AP	acq-multiband	space-ACPC			DSIStudio	autotrackgqi
Association_SuperiorLongitudinalFasciculusR	am	TORTOISE_model-MAPMRI	/scratch/grmpy/SLURM_11194840_88/job-11194840-88-sub-20461/ds/inputs/data/qsiprep/qsiprep/sub-20461/ses-1/dwi/sub-20461_ses-1_acq-multiband_dir-AP_space-ACPC_desc-preproc_dwi.nii.gz	0.0	5766.34521484375	1313.5906982421875	5400.3525390625	5766.34521484375	5400.3525390625	1313.5906982421875	5128.3046875	5128.30517578125	sub-20461	ses-1		dir-AP	acq-multiband	space-ACPC			DSIStudio	autotrackgqi
Association_SuperiorLongitudinalFasciculusR	fa	TORTOISE_model-MAPMRI	/scratch/grmpy/SLURM_11194840_88/job-11194840-88-sub-20461/ds/inputs/data/qsiprep/qsiprep/sub-20461/ses-1/dwi/sub-20461_ses-1_acq-multiband_dir-AP_space-ACPC_desc-preproc_dwi.nii.gz	0.0	0.3210838535180924	0.1773232231530046	0.3155515494203543	0.3210838535180924	0.3155515494203543	0.1773232231530046	0.4486649378485173	0.4486649765367306	sub-20461	ses-1		dir-AP	acq-multiband	space-ACPC			DSIStudio	autotrackgqi
Association_SuperiorLongitudinalFasciculusR	li	TORTOISE_model-MAPMRI	/scratch/grmpy/SLURM_11194840_88/job-11194840-88-sub-20461/ds/inputs/data/qsiprep/qsiprep/sub-20461/ses-1/dwi/sub-20461_ses-1_acq-multiband_dir-AP_space-ACPC_desc-preproc_dwi.nii.gz	0.0	0.1824450492858886	0.1309989094734192	0.161239892244339	0.1824450492858886	0.161239892244339	0.1309989094734192	0.2837128341197967	0.2837128639221191	sub-20461	ses-1		dir-AP	acq-multiband	space-ACPC			DSIStudio	autotrackgqi
Association_SuperiorLongitudinalFasciculusR	ng	TORTOISE_model-MAPMRI	/scratch/grmpy/SLURM_11194840_88/job-11194840-88-sub-20461/ds/inputs/data/qsiprep/qsiprep/sub-20461/ses-1/dwi/sub-20461_ses-1_acq-multiband_dir-AP_space-ACPC_desc-preproc_dwi.nii.gz	0.0	0.2811634242534637	0.076882392168045	0.2929661870002746	0.2811634242534637	0.2929661870002746	0.076882392168045	0.3282240629196167	0.3282240927219391	sub-20461	ses-1		dir-AP	acq-multiband	space-ACPC			DSIStudio	autotrackgqi
Association_SuperiorLongitudinalFasciculusR	ngpar	TORTOISE_model-MAPMRI	/scratch/grmpy/SLURM_11194840_88/job-11194840-88-sub-20461/ds/inputs/data/qsiprep/qsiprep/sub-20461/ses-1/dwi/sub-20461_ses-1_acq-multiband_dir-AP_space-ACPC_desc-preproc_dwi.nii.gz	0.0	0.132177859544754	0.0365695171058177	0.1305598765611648	0.132177859544754	0.1305598765611648	0.0365695171058177	0.1347797214984893	0.1347797363996505	sub-20461	ses-1		dir-AP	acq-multiband	space-ACPC			DSIStudio	autotrackgqi
Association_SuperiorLongitudinalFasciculusR	ngperp	TORTOISE_model-MAPMRI	/scratch/grmpy/SLURM_11194840_88/job-11194840-88-sub-20461/ds/inputs/data/qsiprep/qsiprep/sub-20461/ses-1/dwi/sub-20461_ses-1_acq-multiband_dir-AP_space-ACPC_desc-preproc_dwi.nii.gz	0.0	0.2406402975320816	0.0680929347872734	0.2472898364067077	0.2406402975320816	0.2472898364067077	0.0680929347872734	0.2802029848098755	0.2802030146121979	sub-20461	ses-1		dir-AP	acq-multiband	space-ACPC			DSIStudio	autotrackgqi
Association_SuperiorLongitudinalFasciculusR	pa	TORTOISE_model-MAPMRI	/scratch/grmpy/SLURM_11194840_88/job-11194840-88-sub-20461/ds/inputs/data/qsiprep/qsiprep/sub-20461/ses-1/dwi/sub-20461_ses-1_acq-multiband_dir-AP_space-ACPC_desc-preproc_dwi.nii.gz	0.0	0.6346508860588074	0.2517975270748138	0.7051356434822083	0.6346508860588074	0.7051356434822083	0.2517975270748138	0.8059759140014648	0.8059760332107544	sub-20461	ses-1		dir-AP	acq-multiband	space-ACPC			DSIStudio	autotrackgqi
Association_SuperiorLongitudinalFasciculusR	path	TORTOISE_model-MAPMRI	/scratch/grmpy/SLURM_11194840_88/job-11194840-88-sub-20461/ds/inputs/data/qsiprep/qsiprep/sub-20461/ses-1/dwi/sub-20461_ses-1_acq-multiband_dir-AP_space-ACPC_desc-preproc_dwi.nii.gz	0.0	0.2503835260868072	0.1097868904471397	0.2476128041744232	0.2503835260868072	0.2476128041744232	0.1097868904471397	0.3297952115535736	0.329795241355896	sub-20461	ses-1		dir-AP	acq-multiband	space-ACPC			DSIStudio	autotrackgqi
Association_SuperiorLongitudinalFasciculusR	rd	TORTOISE_model-MAPMRI	/scratch/grmpy/SLURM_11194840_88/job-11194840-88-sub-20461/ds/inputs/data/qsiprep/qsiprep/sub-20461/ses-1/dwi/sub-20461_ses-1_acq-multiband_dir-AP_space-ACPC_desc-preproc_dwi.nii.gz	0.0	696.4529854230116	318.1312295911932	626.9066098473452	696.4529854230116	626.9066098473452	318.1312295911932	551.4393784562315	551.4394259612661	sub-20461	ses-1		dir-AP	acq-multiband	space-ACPC			DSIStudio	autotrackgqi
Association_SuperiorLongitudinalFasciculusR	rtap	TORTOISE_model-MAPMRI	/scratch/grmpy/SLURM_11194840_88/job-11194840-88-sub-20461/ds/inputs/data/qsiprep/qsiprep/sub-20461/ses-1/dwi/sub-20461_ses-1_acq-multiband_dir-AP_space-ACPC_desc-preproc_dwi.nii.gz	0.0	0.0134902708232402	0.0050703263841569	0.0130681321024894	0.0134902708232402	0.0130681321024894	0.0050703263841569	0.0175042189657688	0.0175042208284139	sub-20461	ses-1		dir-AP	acq-multiband	space-ACPC			DSIStudio	autotrackgqi
Association_SuperiorLongitudinalFasciculusR	rtop	TORTOISE_model-MAPMRI	/scratch/grmpy/SLURM_11194840_88/job-11194840-88-sub-20461/ds/inputs/data/qsiprep/qsiprep/sub-20461/ses-1/dwi/sub-20461_ses-1_acq-multiband_dir-AP_space-ACPC_desc-preproc_dwi.nii.gz	0.0	0.0002949615300167	0.0001016738970065	0.0002921068517025	0.0002949615300167	0.0002921068517025	0.0001016738970065	0.000373671966372	0.0003736720245797	sub-20461	ses-1		dir-AP	acq-multiband	space-ACPC			DSIStudio	autotrackgqi
Association_SuperiorLongitudinalFasciculusR	rtpp	TORTOISE_model-MAPMRI	/scratch/grmpy/SLURM_11194840_88/job-11194840-88-sub-20461/ds/inputs/data/qsiprep/qsiprep/sub-20461/ses-1/dwi/sub-20461_ses-1_acq-multiband_dir-AP_space-ACPC_desc-preproc_dwi.nii.gz	0.0	0.0497391074895858	0.005034985486418	0.0504113733768463	0.0497391074895858	0.0504113733768463	0.005034985486418	0.0495365522801876	0.0495365560054779	sub-20461	ses-1		dir-AP	acq-multiband	space-ACPC			DSIStudio	autotrackgqi
Association_VerticalOccipitalFasciculusL	ad	TORTOISE_model-MAPMRI	/scratch/grmpy/SLURM_11194840_88/job-11194840-88-sub-20461/ds/inputs/data/qsiprep/qsiprep/sub-20461/ses-1/dwi/sub-20461_ses-1_acq-multiband_dir-AP_space-ACPC_desc-preproc_dwi.nii.gz	0.0076358296622613	1062.3162177136164	249.4493887504873	1020.218205343796	1070.4902992941295	1021.9835896767096	232.27896588622505	1078.5721606303405	1079.1481035771917	sub-20461	ses-1		dir-AP	acq-multiband	space-ACPC			DSIStudio	autotrackgqi
Association_VerticalOccipitalFasciculusL	am	TORTOISE_model-MAPMRI	/scratch/grmpy/SLURM_11194840_88/job-11194840-88-sub-20461/ds/inputs/data/qsiprep/qsiprep/sub-20461/ses-1/dwi/sub-20461_ses-1_acq-multiband_dir-AP_space-ACPC_desc-preproc_dwi.nii.gz	0.0076358296622613	5488.3203125	1059.6605224609375	5450.12744140625	5530.55029296875	5455.40673828125	947.6093139648438	5371.9609375	5374.8291015625	sub-20461	ses-1		dir-AP	acq-multiband	space-ACPC			DSIStudio	autotrackgqi
Association_VerticalOccipitalFasciculusL	fa	TORTOISE_model-MAPMRI	/scratch/grmpy/SLURM_11194840_88/job-11194840-88-sub-20461/ds/inputs/data/qsiprep/qsiprep/sub-20461/ses-1/dwi/sub-20461_ses-1_acq-multiband_dir-AP_space-ACPC_desc-preproc_dwi.nii.gz	0.0076358296622613	0.296786445007312	0.1701669297025563	0.2734063589771672	0.299070093296803	0.2750621893918298	0.1688094294453769	0.3688478309560551	0.3690447905902825	sub-20461	ses-1		dir-AP	acq-multiband	space-ACPC			DSIStudio	autotrackgqi
Association_VerticalOccipitalFasciculusL	li	TORTOISE_model-MAPMRI	/scratch/grmpy/SLURM_11194840_88/job-11194840-88-sub-20461/ds/inputs/data/qsiprep/qsiprep/sub-20461/ses-1/dwi/sub-20461_ses-1_acq-multiband_dir-AP_space-ACPC_desc-preproc_dwi.nii.gz	0.0079295154185022	0.1522729098796844	0.1125293299555778	0.1218865439295768	0.1534900069236755	0.1227737367153167	0.1121483370661735	0.1963597536087036	0.1964767724275589	sub-20461	ses-1		dir-AP	acq-multiband	space-ACPC			DSIStudio	autotrackgqi
Association_VerticalOccipitalFasciculusL	ng	TORTOISE_model-MAPMRI	/scratch/grmpy/SLURM_11194840_88/job-11194840-88-sub-20461/ds/inputs/data/qsiprep/qsiprep/sub-20461/ses-1/dwi/sub-20461_ses-1_acq-multiband_dir-AP_space-ACPC_desc-preproc_dwi.nii.gz	0.0076358296622613	0.2793823778629303	0.075820580124855	0.2853433489799499	0.2815321087837219	0.2867087423801422	0.0720262303948402	0.3163411617279053	0.3165100812911987	sub-20461	ses-1		dir-AP	acq-multiband	space-ACPC			DSIStudio	autotrackgqi
Association_VerticalOccipitalFasciculusL	ngpar	TORTOISE_model-MAPMRI	/scratch/grmpy/SLURM_11194840_88/job-11194840-88-sub-20461/ds/inputs/data/qsiprep/qsiprep/sub-20461/ses-1/dwi/sub-20461_ses-1_acq-multiband_dir-AP_space-ACPC_desc-preproc_dwi.nii.gz	0.0076358296622613	0.1409331560134887	0.0348652936518192	0.1399393379688263	0.1420175731182098	0.1402948051691055	0.0327251441776752	0.1476073861122131	0.1476862132549286	sub-20461	ses-1		dir-AP	acq-multiband	space-ACPC			DSIStudio	autotrackgqi
Association_VerticalOccipitalFasciculusL	ngperp	TORTOISE_model-MAPMRI	/scratch/grmpy/SLURM_11194840_88/job-11194840-88-sub-20461/ds/inputs/data/qsiprep/qsiprep/sub-20461/ses-1/dwi/sub-20461_ses-1_acq-multiband_dir-AP_space-ACPC_desc-preproc_dwi.nii.gz	0.0076358296622613	0.2368817329406738	0.0741333216428756	0.2397288531064987	0.238704428076744	0.2408827245235443	0.0714349299669265	0.2734703719615936	0.2736163735389709	sub-20461	ses-1		dir-AP	acq-multiband	space-ACPC			DSIStudio	autotrackgqi
Association_VerticalOccipitalFasciculusL	pa	TORTOISE_model-MAPMRI	/scratch/grmpy/SLURM_11194840_88/job-11194840-88-sub-20461/ds/inputs/data/qsiprep/qsiprep/sub-20461/ses-1/dwi/sub-20461_ses-1_acq-multiband_dir-AP_space-ACPC_desc-preproc_dwi.nii.gz	0.0076358296622613	0.5958927273750305	0.2514315545558929	0.6002335548400879	0.6004778742790222	0.6059361100196838	0.2468825429677963	0.7165036201477051	0.7168862223625183	sub-20461	ses-1		dir-AP	acq-multiband	space-ACPC			DSIStudio	autotrackgqi
Association_VerticalOccipitalFasciculusL	path	TORTOISE_model-MAPMRI	/scratch/grmpy/SLURM_11194840_88/job-11194840-88-sub-20461/ds/inputs/data/qsiprep/qsiprep/sub-20461/ses-1/dwi/sub-20461_ses-1_acq-multiband_dir-AP_space-ACPC_desc-preproc_dwi.nii.gz	0.0076358296622613	0.2325728982686996	0.1072643399238586	0.2082012444734573	0.2343624532222747	0.2101329565048217	0.1057107672095298	0.2797235250473022	0.2798728942871094	sub-20461	ses-1		dir-AP	acq-multiband	space-ACPC			DSIStudio	autotrackgqi
Association_VerticalOccipitalFasciculusL	rd	TORTOISE_model-MAPMRI	/scratch/grmpy/SLURM_11194840_88/job-11194840-88-sub-20461/ds/inputs/data/qsiprep/qsiprep/sub-20461/ses-1/dwi/sub-20461_ses-1_acq-multiband_dir-AP_space-ACPC_desc-preproc_dwi.nii.gz	0.0076358296622613	674.8107530757085	220.9707415787174	647.7047091577081	680.0031412319584	648.9382634272047	213.712283367987	604.240492145166	604.563148555183	sub-20461	ses-1		dir-AP	acq-multiband	space-ACPC			DSIStudio	autotrackgqi
Association_VerticalOccipitalFasciculusL	rtap	TORTOISE_model-MAPMRI	/scratch/grmpy/SLURM_11194840_88/job-11194840-88-sub-20461/ds/inputs/data/qsiprep/qsiprep/sub-20461/ses-1/dwi/sub-20461_ses-1_acq-multiband_dir-AP_space-ACPC_desc-preproc_dwi.nii.gz	0.0079295154185022	0.012777498923242	0.0045143174938857	0.0120011698454618	0.012879628688097	0.012046824209392	0.0043848101049661	0.0149435428902506	0.0149518111720681	sub-20461	ses-1		dir-AP	acq-multiband	space-ACPC			DSIStudio	autotrackgqi
Association_VerticalOccipitalFasciculusL	rtop	TORTOISE_model-MAPMRI	/scratch/grmpy/SLURM_11194840_88/job-11194840-88-sub-20461/ds/inputs/data/qsiprep/qsiprep/sub-20461/ses-1/dwi/sub-20461_ses-1_acq-multiband_dir-AP_space-ACPC_desc-preproc_dwi.nii.gz	0.0079295154185022	0.0002857684448827	9.062772005563602e-05	0.0002839503576979	0.0002880525426007	0.0002858893421944	8.729883847991005e-05	0.0003333221247885	0.0003335065557621	sub-20461	ses-1		dir-AP	acq-multiband	space-ACPC			DSIStudio	autotrackgqi
Association_VerticalOccipitalFasciculusL	rtpp	TORTOISE_model-MAPMRI	/scratch/grmpy/SLURM_11194840_88/job-11194840-88-sub-20461/ds/inputs/data/qsiprep/qsiprep/sub-20461/ses-1/dwi/sub-20461_ses-1_acq-multiband_dir-AP_space-ACPC_desc-preproc_dwi.nii.gz	0.0076358296622613	0.0501726157963275	0.0065732863731682	0.0511156432330608	0.0505586713552475	0.0511635020375251	0.0049012256786227	0.0502271875739097	0.0502540096640586	sub-20461	ses-1		dir-AP	acq-multiband	space-ACPC			DSIStudio	autotrackgqi
Association_ExtremeCapsuleL	ad	TORTOISE_model-MAPMRI	/scratch/grmpy/SLURM_11194840_88/job-11194840-88-sub-20461/ds/inputs/data/qsiprep/qsiprep/sub-20461/ses-1/dwi/sub-20461_ses-1_acq-multiband_dir-AP_space-ACPC_desc-preproc_dwi.nii.gz	0.0	1208.189429018925	481.30742877088056	1100.627649993273	1208.189429018925	1100.627649993273	481.30742877088056	1127.9455798264817	1127.9455798264817	sub-20461	ses-1		dir-AP	acq-multiband	space-ACPC			DSIStudio	autotrackgqi
Association_ExtremeCapsuleL	am	TORTOISE_model-MAPMRI	/scratch/grmpy/SLURM_11194840_88/job-11194840-88-sub-20461/ds/inputs/data/qsiprep/qsiprep/sub-20461/ses-1/dwi/sub-20461_ses-1_acq-multiband_dir-AP_space-ACPC_desc-preproc_dwi.nii.gz	0.0	6179.0126953125	1514.6429443359375	5757.509765625	6179.0126953125	5757.509765625	1514.6429443359375	5881.5419921875	5881.5419921875	sub-20461	ses-1		dir-AP	acq-multiband	space-ACPC			DSIStudio	autotrackgqi
Association_ExtremeCapsuleL	fa	TORTOISE_model-MAPMRI	/scratch/grmpy/SLURM_11194840_88/job-11194840-88-sub-20461/ds/inputs/data/qsiprep/qsiprep/sub-20461/ses-1/dwi/sub-20461_ses-1_acq-multiband_dir-AP_space-ACPC_desc-preproc_dwi.nii.gz	0.0	0.3338313316709685	0.1728795921098002	0.3328591401043597	0.3338313316709685	0.3328591401043597	0.1728795921098002	0.3693689179996021	0.3693689179996021	sub-20461	ses-1		dir-AP	acq-multiband	space-ACPC			DSIStudio	autotrackgqi
Association_ExtremeCapsuleL	li	TORTOISE_model-MAPMRI	/scratch/grmpy/SLURM_11194840_88/job-11194840-88-sub-20461/ds/inputs/data/qsiprep/qsiprep/sub-20461/ses-1/dwi/sub-20461_ses-1_acq-multiband_dir-AP_space-ACPC_desc-preproc_dwi.nii.gz	0.0	0.190069705247879	0.1290981918573379	0.1777152717113495	0.190069705247879	0.1777152717113495	0.1290981918573379	0.2092418670654297	0.2092418670654297	sub-20461	ses-1		dir-AP	acq-multiband	space-ACPC			DSIStudio	autotrackgqi
Association_ExtremeCapsuleL	ng	TORTOISE_model-MAPMRI	/scratch/grmpy/SLURM_11194840_88/job-11194840-88-sub-20461/ds/inputs/data/qsiprep/qsiprep/sub-20461/ses-1/dwi/sub-20461_ses-1_acq-multiband_dir-AP_space-ACPC_desc-preproc_dwi.nii.gz	0.0	0.2896878123283386	0.0819009467959404	0.3071805834770202	0.2896878123283386	0.3071805834770202	0.0819009467959404	0.2943864464759826	0.2943864464759826	sub-20461	ses-1		dir-AP	acq-multiband	space-ACPC			DSIStudio	autotrackgqi
Association_ExtremeCapsuleL	ngpar	TORTOISE_model-MAPMRI	/scratch/grmpy/SLURM_11194840_88/job-11194840-88-sub-20461/ds/inputs/data/qsiprep/qsiprep/sub-20461/ses-1/dwi/sub-20461_ses-1_acq-multiband_dir-AP_space-ACPC_desc-preproc_dwi.nii.gz	0.0	0.1396447569131851	0.0428665392100811	0.138010948896408	0.1396447569131851	0.138010948896408	0.0428665392100811	0.1410927027463913	0.1410927027463913	sub-20461	ses-1		dir-AP	acq-multiband	space-ACPC			DSIStudio	autotrackgqi
Association_ExtremeCapsuleL	ngperp	TORTOISE_model-MAPMRI	/scratch/grmpy/SLURM_11194840_88/job-11194840-88-sub-20461/ds/inputs/data/qsiprep/qsiprep/sub-20461/ses-1/dwi/sub-20461_ses-1_acq-multiband_dir-AP_space-ACPC_desc-preproc_dwi.nii.gz	0.0	0.2443273365497589	0.0704978704452514	0.2575135231018066	0.2443273365497589	0.2575135231018066	0.0704978704452514	0.2496794313192367	0.2496794313192367	sub-20461	ses-1		dir-AP	acq-multiband	space-ACPC			DSIStudio	autotrackgqi
Association_ExtremeCapsuleL	pa	TORTOISE_model-MAPMRI	/scratch/grmpy/SLURM_11194840_88/job-11194840-88-sub-20461/ds/inputs/data/qsiprep/qsiprep/sub-20461/ses-1/dwi/sub-20461_ses-1_acq-multiband_dir-AP_space-ACPC_desc-preproc_dwi.nii.gz	0.0	0.6583819389343262	0.2274374365806579	0.7178524136543274	0.6583819389343262	0.7178524136543274	0.2274374365806579	0.701331377029419	0.701331377029419	sub-20461	ses-1		dir-AP	acq-multiband	space-ACPC			DSIStudio	autotrackgqi
Association_ExtremeCapsuleL	path	TORTOISE_model-MAPMRI	/scratch/grmpy/SLURM_11194840_88/job-11194840-88-sub-20461/ds/inputs/data/qsiprep/qsiprep/sub-20461/ses-1/dwi/sub-20461_ses-1_acq-multiband_dir-AP_space-ACPC_desc-preproc_dwi.nii.gz	0.0	0.2552977502346039	0.0998934060335159	0.2531106472015381	0.2552977502346039	0.2531106472015381	0.0998934060335159	0.2706022560596466	0.2706022560596466	sub-20461	ses-1		dir-AP	acq-multiband	space-ACPC			DSIStudio	autotrackgqi
Association_ExtremeCapsuleL	rd	TORTOISE_model-MAPMRI	/scratch/grmpy/SLURM_11194840_88/job-11194840-88-sub-20461/ds/inputs/data/qsiprep/qsiprep/sub-20461/ses-1/dwi/sub-20461_ses-1_acq-multiband_dir-AP_space-ACPC_desc-preproc_dwi.nii.gz	0.0	748.2893724978518	472.1883460910736	628.8851827525516	748.2893724978518	628.8851827525516	472.1883460910736	639.6145856427111	639.6145856427111	sub-20461	ses-1		dir-AP	acq-multiband	space-ACPC			DSIStudio	autotrackgqi
Association_ExtremeCapsuleL	rtap	TORTOISE_model-MAPMRI	/scratch/grmpy/SLURM_11194840_88/job-11194840-88-sub-20461/ds/inputs/data/qsiprep/qsiprep/sub-20461/ses-1/dwi/sub-20461_ses-1_acq-multiband_dir-AP_space-ACPC_desc-preproc_dwi.nii.gz	0.0	0.0129250986501574	0.0048681027255952	0.0129445204511284	0.0129250986501574	0.0129445204511284	0.0048681027255952	0.0138718653470277	0.0138718653470277	sub-20461	ses-1		dir-AP	acq-multiband	space-ACPC			DSIStudio	autotrackgqi
Association_ExtremeCapsuleL	rtop	TORTOISE_model-MAPMRI	/scratch/grmpy/SLURM_11194840_88/job-11194840-88-sub-20461/ds/inputs/data/qsiprep/qsiprep/sub-20461/ses-1/dwi/sub-20461_ses-1_acq-multiband_dir-AP_space-ACPC_desc-preproc_dwi.nii.gz	0.0	0.0002783112286124	9.845407475950196e-05	0.00029095064383	0.0002783112286124	0.00029095064383	9.845407475950196e-05	0.0003022020682692	0.0003022020682692	sub-20461	ses-1		dir-AP	acq-multiband	space-ACPC			DSIStudio	autotrackgqi
Association_ExtremeCapsuleL	rtpp	TORTOISE_model-MAPMRI	/scratch/grmpy/SLURM_11194840_88/job-11194840-88-sub-20461/ds/inputs/data/qsiprep/qsiprep/sub-20461/ses-1/dwi/sub-20461_ses-1_acq-multiband_dir-AP_space-ACPC_desc-preproc_dwi.nii.gz	0.0	0.0480566136538982	0.0065167075954377	0.0491589158773422	0.0480566136538982	0.0491589158773422	0.0065167075954377	0.0491059869527816	0.0491059869527816	sub-20461	ses-1		dir-AP	acq-multiband	space-ACPC			DSIStudio	autotrackgqi
ProjectionBrainstem_MedialLemniscusR	ad	TORTOISE_model-MAPMRI	/scratch/grmpy/SLURM_11194840_88/job-11194840-88-sub-20461/ds/inputs/data/qsiprep/qsiprep/sub-20461/ses-1/dwi/sub-20461_ses-1_acq-multiband_dir-AP_space-ACPC_desc-preproc_dwi.nii.gz	0.0	1278.0954191751218	326.49327887598645	1226.4168681913138	1278.0954191751218	1226.4168681913138	326.49327887598645	1293.513575232916	1293.513575232916	sub-20461	ses-1		dir-AP	acq-multiband	space-ACPC			DSIStudio	autotrackgqi
ProjectionBrainstem_MedialLemniscusR	am	TORTOISE_model-MAPMRI	/scratch/grmpy/SLURM_11194840_88/job-11194840-88-sub-20461/ds/inputs/data/qsiprep/qsiprep/sub-20461/ses-1/dwi/sub-20461_ses-1_acq-multiband_dir-AP_space-ACPC_desc-preproc_dwi.nii.gz	0.0	5815.1611328125	955.6705932617188	5744.1455078125	5815.1611328125	5744.1455078125	955.6705932617188	5946.001953125	5946.001953125	sub-20461	ses-1		dir-AP	acq-multiband	space-ACPC			DSIStudio	autotrackgqi
ProjectionBrainstem_MedialLemniscusR	fa	TORTOISE_model-MAPMRI	/scratch/grmpy/SLURM_11194840_88/job-11194840-88-sub-20461/ds/inputs/data/qsiprep/qsiprep/sub-20461/ses-1/dwi/sub-20461_ses-1_acq-multiband_dir-AP_space-ACPC_desc-preproc_dwi.nii.gz	0.0	0.4498969797942844	0.1601753870115597	0.4663753348793034	0.4498969797942844	0.4663753348793034	0.1601753870115597	0.4618751962894642	0.4618751962894642	sub-20461	ses-1		dir-AP	acq-multiband	space-ACPC			DSIStudio	autotrackgqi
ProjectionBrainstem_MedialLemniscusR	li	TORTOISE_model-MAPMRI	/scratch/grmpy/SLURM_11194840_88/job-11194840-88-sub-20461/ds/inputs/data/qsiprep/qsiprep/sub-20461/ses-1/dwi/sub-20461_ses-1_acq-multiband_dir-AP_space-ACPC_desc-preproc_dwi.nii.gz	0.0	0.2860366106033325	0.1289615184068679	0.2951537668704986	0.2860366106033325	0.2951537668704986	0.1289615184068679	0.2909823060035705	0.2909823060035705	sub-20461	ses-1		dir-AP	acq-multiband	space-ACPC			DSIStudio	autotrackgqi
ProjectionBrainstem_MedialLemniscusR	ng	TORTOISE_model-MAPMRI	/scratch/grmpy/SLURM_11194840_88/job-11194840-88-sub-20461/ds/inputs/data/qsiprep/qsiprep/sub-20461/ses-1/dwi/sub-20461_ses-1_acq-multiband_dir-AP_space-ACPC_desc-preproc_dwi.nii.gz	0.0	0.3357622623443603	0.0565570592880249	0.3428736925125122	0.3357622623443603	0.3428736925125122	0.0565570592880249	0.3404382765293121	0.3404382765293121	sub-20461	ses-1		dir-AP	acq-multiband	space-ACPC			DSIStudio	autotrackgqi
ProjectionBrainstem_MedialLemniscusR	ngpar	TORTOISE_model-MAPMRI	/scratch/grmpy/SLURM_11194840_88/job-11194840-88-sub-20461/ds/inputs/data/qsiprep/qsiprep/sub-20461/ses-1/dwi/sub-20461_ses-1_acq-multiband_dir-AP_space-ACPC_desc-preproc_dwi.nii.gz	0.0	0.1474209725856781	0.0387027077376842	0.1437447667121887	0.1474209725856781	0.1437447667121887	0.0387027077376842	0.1499386429786682	0.1499386429786682	sub-20461	ses-1		dir-AP	acq-multiband	space-ACPC			DSIStudio	autotrackgqi
ProjectionBrainstem_MedialLemniscusR	ngperp	TORTOISE_model-MAPMRI	/scratch/grmpy/SLURM_11194840_88/job-11194840-88-sub-20461/ds/inputs/data/qsiprep/qsiprep/sub-20461/ses-1/dwi/sub-20461_ses-1_acq-multiband_dir-AP_space-ACPC_desc-preproc_dwi.nii.gz	0.0	0.2868004739284515	0.0523386374115943	0.2940442264080047	0.2868004739284515	0.2940442264080047	0.0523386374115943	0.2913700342178345	0.2913700342178345	sub-20461	ses-1		dir-AP	acq-multiband	space-ACPC			DSIStudio	autotrackgqi
ProjectionBrainstem_MedialLemniscusR	pa	TORTOISE_model-MAPMRI	/scratch/grmpy/SLURM_11194840_88/job-11194840-88-sub-20461/ds/inputs/data/qsiprep/qsiprep/sub-20461/ses-1/dwi/sub-20461_ses-1_acq-multiband_dir-AP_space-ACPC_desc-preproc_dwi.nii.gz	0.0	0.8073186278343201	0.1556091457605362	0.863474428653717	0.8073186278343201	0.863474428653717	0.1556091457605362	0.8301695585250854	0.8301695585250854	sub-20461	ses-1		dir-AP	acq-multiband	space-ACPC			DSIStudio	autotrackgqi
ProjectionBrainstem_MedialLemniscusR	path	TORTOISE_model-MAPMRI	/scratch/grmpy/SLURM_11194840_88/job-11194840-88-sub-20461/ds/inputs/data/qsiprep/qsiprep/sub-20461/ses-1/dwi/sub-20461_ses-1_acq-multiband_dir-AP_space-ACPC_desc-preproc_dwi.nii.gz	0.0	0.3282772302627563	0.0888313204050064	0.3393727242946625	0.3282772302627563	0.3393727242946625	0.0888313204050064	0.3340636491775512	0.3340636491775512	sub-20461	ses-1		dir-AP	acq-multiband	space-ACPC			DSIStudio	autotrackgqi
ProjectionBrainstem_MedialLemniscusR	rd	TORTOISE_model-MAPMRI	/scratch/grmpy/SLURM_11194840_88/job-11194840-88-sub-20461/ds/inputs/data/qsiprep/qsiprep/sub-20461/ses-1/dwi/sub-20461_ses-1_acq-multiband_dir-AP_space-ACPC_desc-preproc_dwi.nii.gz	0.0	629.5057622164519	305.91228959564967	567.5780822891743	629.5057622164519	567.5780822891743	305.91228959564967	624.8910470533526	624.8910470533526	sub-20461	ses-1		dir-AP	acq-multiband	space-ACPC			DSIStudio	autotrackgqi
ProjectionBrainstem_MedialLemniscusR	rtap	TORTOISE_model-MAPMRI	/scratch/grmpy/SLURM_11194840_88/job-11194840-88-sub-20461/ds/inputs/data/qsiprep/qsiprep/sub-20461/ses-1/dwi/sub-20461_ses-1_acq-multiband_dir-AP_space-ACPC_desc-preproc_dwi.nii.gz	0.0	0.0158266201615333	0.0051220054738223	0.0157045945525169	0.0158266201615333	0.0157045945525169	0.0051220054738223	0.0156638920307159	0.0156638920307159	sub-20461	ses-1		dir-AP	acq-multiband	space-ACPC			DSIStudio	autotrackgqi
ProjectionBrainstem_MedialLemniscusR	rtop	TORTOISE_model-MAPMRI	/scratch/grmpy/SLURM_11194840_88/job-11194840-88-sub-20461/ds/inputs/data/qsiprep/qsiprep/sub-20461/ses-1/dwi/sub-20461_ses-1_acq-multiband_dir-AP_space-ACPC_desc-preproc_dwi.nii.gz	0.0	0.0003269747830927	9.428488556295632e-05	0.0003325667057652	0.0003269747830927	0.0003325667057652	9.428488556295632e-05	0.0003230134025216	0.0003230134025216	sub-20461	ses-1		dir-AP	acq-multiband	space-ACPC			DSIStudio	autotrackgqi
ProjectionBrainstem_MedialLemniscusR	rtpp	TORTOISE_model-MAPMRI	/scratch/grmpy/SLURM_11194840_88/job-11194840-88-sub-20461/ds/inputs/data/qsiprep/qsiprep/sub-20461/ses-1/dwi/sub-20461_ses-1_acq-multiband_dir-AP_space-ACPC_desc-preproc_dwi.nii.gz	0.0	0.046360295265913	0.0052153966389596	0.0465543009340763	0.046360295265913	0.0465543009340763	0.0052153966389596	0.0459254756569862	0.0459254756569862	sub-20461	ses-1		dir-AP	acq-multiband	space-ACPC			DSIStudio	autotrackgqi
ProjectionBasalGanglia_FornixL	ad	TORTOISE_model-MAPMRI	/scratch/grmpy/SLURM_11194840_88/job-11194840-88-sub-20461/ds/inputs/data/qsiprep/qsiprep/sub-20461/ses-1/dwi/sub-20461_ses-1_acq-multiband_dir-AP_space-ACPC_desc-preproc_dwi.nii.gz	0.0	1684.841555318828	782.6822242018204	1417.7919665220031	1684.841555318828	1417.7919665220031	782.6822242018204	1596.3297829899575	1596.3297829899575	sub-20461	ses-1		dir-AP	acq-multiband	space-ACPC			DSIStudio	autotrackgqi
ProjectionBasalGanglia_FornixL	am	TORTOISE_model-MAPMRI	/scratch/grmpy/SLURM_11194840_88/job-11194840-88-sub-20461/ds/inputs/data/qsiprep/qsiprep/sub-20461/ses-1/dwi/sub-20461_ses-1_acq-multiband_dir-AP_space-ACPC_desc-preproc_dwi.nii.gz	0.0	8026.98291015625	2495.7236328125	7538.955078125	8026.98291015625	7538.955078125	2495.7236328125	7640.498046875	7640.498046875	sub-20461	ses-1		dir-AP	acq-multiband	space-ACPC			DSIStudio	autotrackgqi
ProjectionBasalGanglia_FornixL	fa	TORTOISE_model-MAPMRI	/scratch/grmpy/SLURM_11194840_88/job-11194840-88-sub-20461/ds/inputs/data/qsiprep/qsiprep/sub-20461/ses-1/dwi/sub-20461_ses-1_acq-multiband_dir-AP_space-ACPC_desc-preproc_dwi.nii.gz	0.0	0.2869612188950433	0.1545563104465189	0.2582477110003173	0.2869612188950433	0.2582477110003173	0.1545563104465189	0.3151154181237186	0.3151154181237186	sub-20461	ses-1		dir-AP	acq-multiband	space-ACPC			DSIStudio	autotrackgqi
ProjectionBasalGanglia_FornixL	li	TORTOISE_model-MAPMRI	/scratch/grmpy/SLURM_11194840_88/job-11194840-88-sub-20461/ds/inputs/data/qsiprep/qsiprep/sub-20461/ses-1/dwi/sub-20461_ses-1_acq-multiband_dir-AP_space-ACPC_desc-preproc_dwi.nii.gz	0.0	0.1651349067687988	0.1045834347605705	0.1428638398647308	0.1651349067687988	0.1428638398647308	0.1045834347605705	0.1832275241613388	0.1832275241613388	sub-20461	ses-1		dir-AP	acq-multiband	space-ACPC			DSIStudio	autotrackgqi
ProjectionBasalGanglia_FornixL	ng	TORTOISE_model-MAPMRI	/scratch/grmpy/SLURM_11194840_88/job-11194840-88-sub-20461/ds/inputs/data/qsiprep/qsiprep/sub-20461/ses-1/dwi/sub-20461_ses-1_acq-multiband_dir-AP_space-ACPC_desc-preproc_dwi.nii.gz	0.0	0.2874283194541931	0.0842569470405578	0.2956457138061523	0.2874283194541931	0.2956457138061523	0.0842569470405578	0.2991558313369751	0.2991558313369751	sub-20461	ses-1		dir-AP	acq-multiband	space-ACPC			DSIStudio	autotrackgqi
ProjectionBasalGanglia_FornixL	ngpar	TORTOISE_model-MAPMRI	/scratch/grmpy/SLURM_11194840_88/job-11194840-88-sub-20461/ds/inputs/data/qsiprep/qsiprep/sub-20461/ses-1/dwi/sub-20461_ses-1_acq-multiband_dir-AP_space-ACPC_desc-preproc_dwi.nii.gz	0.0	0.1384622007608413	0.0394307263195514	0.1368237435817718	0.1384622007608413	0.1368237435817718	0.0394307263195514	0.1423321664333343	0.1423321664333343	sub-20461	ses-1		dir-AP	acq-multiband	space-ACPC			DSIStudio	autotrackgqi
ProjectionBasalGanglia_FornixL	ngperp	TORTOISE_model-MAPMRI	/scratch/grmpy/SLURM_11194840_88/job-11194840-88-sub-20461/ds/inputs/data/qsiprep/qsiprep/sub-20461/ses-1/dwi/sub-20461_ses-1_acq-multiband_dir-AP_space-ACPC_desc-preproc_dwi.nii.gz	0.0	0.247355118393898	0.0758055672049522	0.2530979514122009	0.247355118393898	0.2530979514122009	0.0758055672049522	0.2571718096733093	0.2571718096733093	sub-20461	ses-1		dir-AP	acq-multiband	space-ACPC			DSIStudio	autotrackgqi
ProjectionBasalGanglia_FornixL	pa	TORTOISE_model-MAPMRI	/scratch/grmpy/SLURM_11194840_88/job-11194840-88-sub-20461/ds/inputs/data/qsiprep/qsiprep/sub-20461/ses-1/dwi/sub-20461_ses-1_acq-multiband_dir-AP_space-ACPC_desc-preproc_dwi.nii.gz	0.0	0.612240731716156	0.2158549427986145	0.6364811062812805	0.612240731716156	0.6364811062812805	0.2158549427986145	0.6599209904670715	0.6599209904670715	sub-20461	ses-1		dir-AP	acq-multiband	space-ACPC			DSIStudio	autotrackgqi
ProjectionBasalGanglia_FornixL	path	TORTOISE_model-MAPMRI	/scratch/grmpy/SLURM_11194840_88/job-11194840-88-sub-20461/ds/inputs/data/qsiprep/qsiprep/sub-20461/ses-1/dwi/sub-20461_ses-1_acq-multiband_dir-AP_space-ACPC_desc-preproc_dwi.nii.gz	0.0	0.2317844182252884	0.0920615643262863	0.2208302319049835	0.2317844182252884	0.2208302319049835	0.0920615643262863	0.2463203966617584	0.2463203966617584	sub-20461	ses-1		dir-AP	acq-multiband	space-ACPC			DSIStudio	autotrackgqi
ProjectionBasalGanglia_FornixL	rd	TORTOISE_model-MAPMRI	/scratch/grmpy/SLURM_11194840_88/job-11194840-88-sub-20461/ds/inputs/data/qsiprep/qsiprep/sub-20461/ses-1/dwi/sub-20461_ses-1_acq-multiband_dir-AP_space-ACPC_desc-preproc_dwi.nii.gz	0.0	1116.8550311542192	693.0371049161832	823.6045639121585	1116.8550311542192	823.6045639121585	693.0371049161832	997.9990583748096	997.9990583748096	sub-20461	ses-1		dir-AP	acq-multiband	space-ACPC			DSIStudio	autotrackgqi
ProjectionBasalGanglia_FornixL	rtap	TORTOISE_model-MAPMRI	/scratch/grmpy/SLURM_11194840_88/job-11194840-88-sub-20461/ds/inputs/data/qsiprep/qsiprep/sub-20461/ses-1/dwi/sub-20461_ses-1_acq-multiband_dir-AP_space-ACPC_desc-preproc_dwi.nii.gz	0.0	0.0091556506231427	0.0045790197327733	0.0089679704979062	0.0091556506231427	0.0089679704979062	0.0045790197327733	0.009784372523427	0.009784372523427	sub-20461	ses-1		dir-AP	acq-multiband	space-ACPC			DSIStudio	autotrackgqi
ProjectionBasalGanglia_FornixL	rtop	TORTOISE_model-MAPMRI	/scratch/grmpy/SLURM_11194840_88/job-11194840-88-sub-20461/ds/inputs/data/qsiprep/qsiprep/sub-20461/ses-1/dwi/sub-20461_ses-1_acq-multiband_dir-AP_space-ACPC_desc-preproc_dwi.nii.gz	0.0	0.0001808925444493	9.851644426817074e-05	0.0001891664869617	0.0001808925444493	0.0001891664869617	9.851644426817074e-05	0.0001935965701704	0.0001935965701704	sub-20461	ses-1		dir-AP	acq-multiband	space-ACPC			DSIStudio	autotrackgqi
ProjectionBasalGanglia_FornixL	rtpp	TORTOISE_model-MAPMRI	/scratch/grmpy/SLURM_11194840_88/job-11194840-88-sub-20461/ds/inputs/data/qsiprep/qsiprep/sub-20461/ses-1/dwi/sub-20461_ses-1_acq-multiband_dir-AP_space-ACPC_desc-preproc_dwi.nii.gz	0.0	0.0411799401044845	0.0092771491035819	0.0423437915742397	0.0411799401044845	0.0423437915742397	0.0092771491035819	0.0417859852313995	0.0417859852313995	sub-20461	ses-1		dir-AP	acq-multiband	space-ACPC			DSIStudio	autotrackgqi
ProjectionBasalGanglia_AnsaSubthalamicaL	ad	TORTOISE_model-MAPMRI	/scratch/grmpy/SLURM_11194840_88/job-11194840-88-sub-20461/ds/inputs/data/qsiprep/qsiprep/sub-20461/ses-1/dwi/sub-20461_ses-1_acq-multiband_dir-AP_space-ACPC_desc-preproc_dwi.nii.gz	0.0	1215.2211729715266	349.934500694483	1127.9304944601688	1215.2211729715266	1127.9304944601688	349.934500694483	1220.7208165007105	1220.7208165007105	sub-20461	ses-1		dir-AP	acq-multiband	space-ACPC			DSIStudio	autotrackgqi
ProjectionBasalGanglia_AnsaSubthalamicaL	am	TORTOISE_model-MAPMRI	/scratch/grmpy/SLURM_11194840_88/job-11194840-88-sub-20461/ds/inputs/data/qsiprep/qsiprep/sub-20461/ses-1/dwi/sub-20461_ses-1_acq-multiband_dir-AP_space-ACPC_desc-preproc_dwi.nii.gz	0.0	5847.3857421875	1271.8125	5950.2314453125	5847.3857421875	5950.2314453125	1271.8125	5798.3935546875	5798.3935546875	sub-20461	ses-1		dir-AP	acq-multiband	space-ACPC			DSIStudio	autotrackgqi
ProjectionBasalGanglia_AnsaSubthalamicaL	fa	TORTOISE_model-MAPMRI	/scratch/grmpy/SLURM_11194840_88/job-11194840-88-sub-20461/ds/inputs/data/qsiprep/qsiprep/sub-20461/ses-1/dwi/sub-20461_ses-1_acq-multiband_dir-AP_space-ACPC_desc-preproc_dwi.nii.gz	0.0	0.3361027273220393	0.1121644137439934	0.3277408858011306	0.3361027273220393	0.3277408858011306	0.1121644137439934	0.361128771746716	0.361128771746716	sub-20461	ses-1		dir-AP	acq-multiband	space-ACPC			DSIStudio	autotrackgqi
ProjectionBasalGanglia_AnsaSubthalamicaL	li	TORTOISE_model-MAPMRI	/scratch/grmpy/SLURM_11194840_88/job-11194840-88-sub-20461/ds/inputs/data/qsiprep/qsiprep/sub-20461/ses-1/dwi/sub-20461_ses-1_acq-multiband_dir-AP_space-ACPC_desc-preproc_dwi.nii.gz	0.0	0.1987520009279251	0.0837641060352325	0.1922436207532882	0.1987520009279251	0.1922436207532882	0.0837641060352325	0.2166948765516281	0.2166948765516281	sub-20461	ses-1		dir-AP	acq-multiband	space-ACPC			DSIStudio	autotrackgqi
ProjectionBasalGanglia_AnsaSubthalamicaL	ng	TORTOISE_model-MAPMRI	/scratch/grmpy/SLURM_11194840_88/job-11194840-88-sub-20461/ds/inputs/data/qsiprep/qsiprep/sub-20461/ses-1/dwi/sub-20461_ses-1_acq-multiband_dir-AP_space-ACPC_desc-preproc_dwi.nii.gz	0.0	0.3139702975749969	0.0609792731702327	0.3142102062702179	0.3139702975749969	0.3142102062702179	0.0609792731702327	0.3172597289085388	0.3172597289085388	sub-20461	ses-1		dir-AP	acq-multiband	space-ACPC			DSIStudio	autotrackgqi
ProjectionBasalGanglia_AnsaSubthalamicaL	ngpar	TORTOISE_model-MAPMRI	/scratch/grmpy/SLURM_11194840_88/job-11194840-88-sub-20461/ds/inputs/data/qsiprep/qsiprep/sub-20461/ses-1/dwi/sub-20461_ses-1_acq-multiband_dir-AP_space-ACPC_desc-preproc_dwi.nii.gz	0.0	0.1625071763992309	0.0401662625372409	0.1643348634243011	0.1625071763992309	0.1643348634243011	0.0401662625372409	0.1572840511798858	0.1572840511798858	sub-20461	ses-1		dir-AP	acq-multiband	space-ACPC			DSIStudio	autotrackgqi
ProjectionBasalGanglia_AnsaSubthalamicaL	ngperp	TORTOISE_model-MAPMRI	/scratch/grmpy/SLURM_11194840_88/job-11194840-88-sub-20461/ds/inputs/data/qsiprep/qsiprep/sub-20461/ses-1/dwi/sub-20461_ses-1_acq-multiband_dir-AP_space-ACPC_desc-preproc_dwi.nii.gz	0.0	0.2633672654628753	0.0558032244443893	0.2674373090267181	0.2633672654628753	0.2674373090267181	0.0558032244443893	0.269780695438385	0.269780695438385	sub-20461	ses-1		dir-AP	acq-multiband	space-ACPC			DSIStudio	autotrackgqi
ProjectionBasalGanglia_AnsaSubthalamicaL	pa	TORTOISE_model-MAPMRI	/scratch/grmpy/SLURM_11194840_88/job-11194840-88-sub-20461/ds/inputs/data/qsiprep/qsiprep/sub-20461/ses-1/dwi/sub-20461_ses-1_acq-multiband_dir-AP_space-ACPC_desc-preproc_dwi.nii.gz	0.0	0.6917147636413574	0.1328182071447372	0.7007268667221069	0.6917147636413574	0.7007268667221069	0.1328182071447372	0.7230204343795776	0.7230204343795776	sub-20461	ses-1		dir-AP	acq-multiband	space-ACPC			DSIStudio	autotrackgqi
ProjectionBasalGanglia_AnsaSubthalamicaL	path	TORTOISE_model-MAPMRI	/scratch/grmpy/SLURM_11194840_88/job-11194840-88-sub-20461/ds/inputs/data/qsiprep/qsiprep/sub-20461/ses-1/dwi/sub-20461_ses-1_acq-multiband_dir-AP_space-ACPC_desc-preproc_dwi.nii.gz	0.0	0.2521554231643677	0.0586950033903121	0.2457520961761474	0.2521554231643677	0.2457520961761474	0.0586950033903121	0.2659569680690765	0.2659569680690765	sub-20461	ses-1		dir-AP	acq-multiband	space-ACPC			DSIStudio	autotrackgqi
ProjectionBasalGanglia_AnsaSubthalamicaL	rd	TORTOISE_model-MAPMRI	/scratch/grmpy/SLURM_11194840_88/job-11194840-88-sub-20461/ds/inputs/data/qsiprep/qsiprep/sub-20461/ses-1/dwi/sub-20461_ses-1_acq-multiband_dir-AP_space-ACPC_desc-preproc_dwi.nii.gz	0.0	726.0901382858148	263.4090465302689	667.9137051557592	726.0901382858148	667.9137051557592	263.4090465302689	687.7444255771621	687.7444255771621	sub-20461	ses-1		dir-AP	acq-multiband	space-ACPC			DSIStudio	autotrackgqi
ProjectionBasalGanglia_AnsaSubthalamicaL	rtap	TORTOISE_model-MAPMRI	/scratch/grmpy/SLURM_11194840_88/job-11194840-88-sub-20461/ds/inputs/data/qsiprep/qsiprep/sub-20461/ses-1/dwi/sub-20461_ses-1_acq-multiband_dir-AP_space-ACPC_desc-preproc_dwi.nii.gz	0.0	0.0119015425443649	0.0026818250771611	0.0120282126590609	0.0119015425443649	0.0120282126590609	0.0026818250771611	0.012361847795546	0.012361847795546	sub-20461	ses-1		dir-AP	acq-multiband	space-ACPC			DSIStudio	autotrackgqi
ProjectionBasalGanglia_AnsaSubthalamicaL	rtop	TORTOISE_model-MAPMRI	/scratch/grmpy/SLURM_11194840_88/job-11194840-88-sub-20461/ds/inputs/data/qsiprep/qsiprep/sub-20461/ses-1/dwi/sub-20461_ses-1_acq-multiband_dir-AP_space-ACPC_desc-preproc_dwi.nii.gz	0.0	0.0002639289596118	6.865030445624143e-05	0.0002711628330871	0.0002639289596118	0.0002711628330871	6.865030445624143e-05	0.000267511641141	0.000267511641141	sub-20461	ses-1		dir-AP	acq-multiband	space-ACPC			DSIStudio	autotrackgqi
ProjectionBasalGanglia_AnsaSubthalamicaL	rtpp	TORTOISE_model-MAPMRI	/scratch/grmpy/SLURM_11194840_88/job-11194840-88-sub-20461/ds/inputs/data/qsiprep/qsiprep/sub-20461/ses-1/dwi/sub-20461_ses-1_acq-multiband_dir-AP_space-ACPC_desc-preproc_dwi.nii.gz	0.0	0.0477582588791847	0.0060629583895206	0.0484118871390819	0.0477582588791847	0.0484118871390819	0.0060629583895206	0.0471332147717475	0.0471332147717475	sub-20461	ses-1		dir-AP	acq-multiband	space-ACPC			DSIStudio	autotrackgqi
ProjectionBrainstem_CorticobulbarTractL	ad	TORTOISE_model-MAPMRI	/scratch/grmpy/SLURM_11194840_88/job-11194840-88-sub-20461/ds/inputs/data/qsiprep/qsiprep/sub-20461/ses-1/dwi/sub-20461_ses-1_acq-multiband_dir-AP_space-ACPC_desc-preproc_dwi.nii.gz	0.0119904076738609	1359.7885092517658	453.1737793505644	1282.895987267536	1376.290796985404	1285.7046345815704	430.2869265212028	1293.4722748010477	1295.3519230061877	sub-20461	ses-1		dir-AP	acq-multiband	space-ACPC			DSIStudio	autotrackgqi
ProjectionBrainstem_CorticobulbarTractL	am	TORTOISE_model-MAPMRI	/scratch/grmpy/SLURM_11194840_88/job-11194840-88-sub-20461/ds/inputs/data/qsiprep/qsiprep/sub-20461/ses-1/dwi/sub-20461_ses-1_acq-multiband_dir-AP_space-ACPC_desc-preproc_dwi.nii.gz	0.0	5893.130859375	1486.100830078125	6108.18017578125	5893.130859375	6108.18017578125	1486.100830078125	5735.99072265625	5735.99072265625	sub-20461	ses-1		dir-AP	acq-multiband	space-ACPC			DSIStudio	autotrackgqi
ProjectionBrainstem_CorticobulbarTractL	fa	TORTOISE_model-MAPMRI	/scratch/grmpy/SLURM_11194840_88/job-11194840-88-sub-20461/ds/inputs/data/qsiprep/qsiprep/sub-20461/ses-1/dwi/sub-20461_ses-1_acq-multiband_dir-AP_space-ACPC_desc-preproc_dwi.nii.gz	0.0119904076738609	0.4226794303655509	0.1788143429141062	0.4110549885022307	0.4278090351029969	0.4123551616460862	0.1736897200969375	0.4839317577394983	0.4846349977231518	sub-20461	ses-1		dir-AP	acq-multiband	space-ACPC			DSIStudio	autotrackgqi
ProjectionBrainstem_CorticobulbarTractL	li	TORTOISE_model-MAPMRI	/scratch/grmpy/SLURM_11194840_88/job-11194840-88-sub-20461/ds/inputs/data/qsiprep/qsiprep/sub-20461/ses-1/dwi/sub-20461_ses-1_acq-multiband_dir-AP_space-ACPC_desc-preproc_dwi.nii.gz	0.0215827338129496	0.2604310214519501	0.1430757790803909	0.2432020306587219	0.2661758065223694	0.2442479729652404	0.1392591595649719	0.3179412484169006	0.3189992904663086	sub-20461	ses-1		dir-AP	acq-multiband	space-ACPC			DSIStudio	autotrackgqi
ProjectionBrainstem_CorticobulbarTractL	ng	TORTOISE_model-MAPMRI	/scratch/grmpy/SLURM_11194840_88/job-11194840-88-sub-20461/ds/inputs/data/qsiprep/qsiprep/sub-20461/ses-1/dwi/sub-20461_ses-1_acq-multiband_dir-AP_space-ACPC_desc-preproc_dwi.nii.gz	0.0	0.3602465391159057	0.0834961682558059	0.3519395589828491	0.3602465391159057	0.3519395589828491	0.0834961682558059	0.3471641838550567	0.3471641838550567	sub-20461	ses-1		dir-AP	acq-multiband	space-ACPC			DSIStudio	autotrackgqi
ProjectionBrainstem_CorticobulbarTractL	ngpar	TORTOISE_model-MAPMRI	/scratch/grmpy/SLURM_11194840_88/job-11194840-88-sub-20461/ds/inputs/data/qsiprep/qsiprep/sub-20461/ses-1/dwi/sub-20461_ses-1_acq-multiband_dir-AP_space-ACPC_desc-preproc_dwi.nii.gz	0.0	0.178941935300827	0.0607774369418621	0.1715779155492782	0.178941935300827	0.1715779155492782	0.0607774369418621	0.1664453893899917	0.1664453893899917	sub-20461	ses-1		dir-AP	acq-multiband	space-ACPC			DSIStudio	autotrackgqi
ProjectionBrainstem_CorticobulbarTractL	ngperp	TORTOISE_model-MAPMRI	/scratch/grmpy/SLURM_11194840_88/job-11194840-88-sub-20461/ds/inputs/data/qsiprep/qsiprep/sub-20461/ses-1/dwi/sub-20461_ses-1_acq-multiband_dir-AP_space-ACPC_desc-preproc_dwi.nii.gz	0.0	0.2906371653079986	0.0653046369552612	0.2904675006866455	0.2906371653079986	0.2904675006866455	0.0653046369552612	0.2877562642097473	0.2877562642097473	sub-20461	ses-1		dir-AP	acq-multiband	space-ACPC			DSIStudio	autotrackgqi
ProjectionBrainstem_CorticobulbarTractL	pa	TORTOISE_model-MAPMRI	/scratch/grmpy/SLURM_11194840_88/job-11194840-88-sub-20461/ds/inputs/data/qsiprep/qsiprep/sub-20461/ses-1/dwi/sub-20461_ses-1_acq-multiband_dir-AP_space-ACPC_desc-preproc_dwi.nii.gz	0.0	0.7830910086631775	0.1381992548704147	0.8116554617881775	0.7830910086631775	0.8116554617881775	0.1381992548704147	0.8174862265586853	0.8174862265586853	sub-20461	ses-1		dir-AP	acq-multiband	space-ACPC			DSIStudio	autotrackgqi
ProjectionBrainstem_CorticobulbarTractL	path	TORTOISE_model-MAPMRI	/scratch/grmpy/SLURM_11194840_88/job-11194840-88-sub-20461/ds/inputs/data/qsiprep/qsiprep/sub-20461/ses-1/dwi/sub-20461_ses-1_acq-multiband_dir-AP_space-ACPC_desc-preproc_dwi.nii.gz	0.0	0.3130604326725006	0.100929781794548	0.3019255697727203	0.3130604326725006	0.3019255697727203	0.100929781794548	0.3324693739414215	0.3324693739414215	sub-20461	ses-1		dir-AP	acq-multiband	space-ACPC			DSIStudio	autotrackgqi
ProjectionBrainstem_CorticobulbarTractL	rd	TORTOISE_model-MAPMRI	/scratch/grmpy/SLURM_11194840_88/job-11194840-88-sub-20461/ds/inputs/data/qsiprep/qsiprep/sub-20461/ses-1/dwi/sub-20461_ses-1_acq-multiband_dir-AP_space-ACPC_desc-preproc_dwi.nii.gz	0.0119904076738609	697.5304164648813	400.1941789605705	613.7955548624832	705.9955914219794	614.012409854246	395.1235729953748	569.7440404382351	570.5719811612595	sub-20461	ses-1		dir-AP	acq-multiband	space-ACPC			DSIStudio	autotrackgqi
ProjectionBrainstem_CorticobulbarTractL	rtap	TORTOISE_model-MAPMRI	/scratch/grmpy/SLURM_11194840_88/job-11194840-88-sub-20461/ds/inputs/data/qsiprep/qsiprep/sub-20461/ses-1/dwi/sub-20461_ses-1_acq-multiband_dir-AP_space-ACPC_desc-preproc_dwi.nii.gz	0.0119904076738609	0.0143154058605432	0.0058622169308364	0.0136981960386037	0.0144891366362571	0.0137832351028919	0.0056802672334015	0.0167149920016527	0.0167392827570438	sub-20461	ses-1		dir-AP	acq-multiband	space-ACPC			DSIStudio	autotrackgqi
ProjectionBrainstem_CorticobulbarTractL	rtop	TORTOISE_model-MAPMRI	/scratch/grmpy/SLURM_11194840_88/job-11194840-88-sub-20461/ds/inputs/data/qsiprep/qsiprep/sub-20461/ses-1/dwi/sub-20461_ses-1_acq-multiband_dir-AP_space-ACPC_desc-preproc_dwi.nii.gz	0.0119904076738609	0.0002992292284034	0.0001154585406766	0.0003031261148862	0.0003028606297448	0.0003039448347408	0.0001113222315325	0.0003508832305669	0.0003513931296765	sub-20461	ses-1		dir-AP	acq-multiband	space-ACPC			DSIStudio	autotrackgqi
ProjectionBrainstem_CorticobulbarTractL	rtpp	TORTOISE_model-MAPMRI	/scratch/grmpy/SLURM_11194840_88/job-11194840-88-sub-20461/ds/inputs/data/qsiprep/qsiprep/sub-20461/ses-1/dwi/sub-20461_ses-1_acq-multiband_dir-AP_space-ACPC_desc-preproc_dwi.nii.gz	0.0119904076738609	0.0448972135782241	0.0083358399569988	0.0457585044205188	0.0454420819878578	0.0457844212651252	0.0067505198530852	0.0462369918823242	0.0463041812181472	sub-20461	ses-1		dir-AP	acq-multiband	space-ACPC			DSIStudio	autotrackgqi
ProjectionBasalGanglia_FasciculusSubthalamicusR	ad	TORTOISE_model-MAPMRI	/scratch/grmpy/SLURM_11194840_88/job-11194840-88-sub-20461/ds/inputs/data/qsiprep/qsiprep/sub-20461/ses-1/dwi/sub-20461_ses-1_acq-multiband_dir-AP_space-ACPC_desc-preproc_dwi.nii.gz	0.0	1221.935925969021	381.9003941303695	1146.5998793772474	1221.935925969021	1146.5998793772474	381.9003941303695	1248.7382286234206	1248.7382286234206	sub-20461	ses-1		dir-AP	acq-multiband	space-ACPC			DSIStudio	autotrackgqi
ProjectionBasalGanglia_FasciculusSubthalamicusR	am	TORTOISE_model-MAPMRI	/scratch/grmpy/SLURM_11194840_88/job-11194840-88-sub-20461/ds/inputs/data/qsiprep/qsiprep/sub-20461/ses-1/dwi/sub-20461_ses-1_acq-multiband_dir-AP_space-ACPC_desc-preproc_dwi.nii.gz	0.0	5786.23876953125	1341.7205810546875	5648.93603515625	5786.23876953125	5648.93603515625	1341.7205810546875	5790.431640625	5790.431640625	sub-20461	ses-1		dir-AP	acq-multiband	space-ACPC			DSIStudio	autotrackgqi
ProjectionBasalGanglia_FasciculusSubthalamicusR	fa	TORTOISE_model-MAPMRI	/scratch/grmpy/SLURM_11194840_88/job-11194840-88-sub-20461/ds/inputs/data/qsiprep/qsiprep/sub-20461/ses-1/dwi/sub-20461_ses-1_acq-multiband_dir-AP_space-ACPC_desc-preproc_dwi.nii.gz	0.0	0.3646125643228102	0.1495838017570994	0.3349485834579753	0.3646125643228102	0.3349485834579753	0.1495838017570994	0.3941557015776213	0.3941557015776213	sub-20461	ses-1		dir-AP	acq-multiband	space-ACPC			DSIStudio	autotrackgqi
ProjectionBasalGanglia_FasciculusSubthalamicusR	li	TORTOISE_model-MAPMRI	/scratch/grmpy/SLURM_11194840_88/job-11194840-88-sub-20461/ds/inputs/data/qsiprep/qsiprep/sub-20461/ses-1/dwi/sub-20461_ses-1_acq-multiband_dir-AP_space-ACPC_desc-preproc_dwi.nii.gz	0.0	0.222301498055458	0.1161473989486694	0.1909897178411483	0.222301498055458	0.1909897178411483	0.1161473989486694	0.2458992600440979	0.2458992600440979	sub-20461	ses-1		dir-AP	acq-multiband	space-ACPC			DSIStudio	autotrackgqi
ProjectionBasalGanglia_FasciculusSubthalamicusR	ng	TORTOISE_model-MAPMRI	/scratch/grmpy/SLURM_11194840_88/job-11194840-88-sub-20461/ds/inputs/data/qsiprep/qsiprep/sub-20461/ses-1/dwi/sub-20461_ses-1_acq-multiband_dir-AP_space-ACPC_desc-preproc_dwi.nii.gz	0.0	0.3180727660655975	0.0602488182485103	0.3224773705005646	0.3180727660655975	0.3224773705005646	0.0602488182485103	0.3218621909618377	0.3218621909618377	sub-20461	ses-1		dir-AP	acq-multiband	space-ACPC			DSIStudio	autotrackgqi
ProjectionBasalGanglia_FasciculusSubthalamicusR	ngpar	TORTOISE_model-MAPMRI	/scratch/grmpy/SLURM_11194840_88/job-11194840-88-sub-20461/ds/inputs/data/qsiprep/qsiprep/sub-20461/ses-1/dwi/sub-20461_ses-1_acq-multiband_dir-AP_space-ACPC_desc-preproc_dwi.nii.gz	0.0	0.1493784934282302	0.037849698215723	0.1476715952157974	0.1493784934282302	0.1476715952157974	0.037849698215723	0.1460559964179992	0.1460559964179992	sub-20461	ses-1		dir-AP	acq-multiband	space-ACPC			DSIStudio	autotrackgqi
ProjectionBasalGanglia_FasciculusSubthalamicusR	ngperp	TORTOISE_model-MAPMRI	/scratch/grmpy/SLURM_11194840_88/job-11194840-88-sub-20461/ds/inputs/data/qsiprep/qsiprep/sub-20461/ses-1/dwi/sub-20461_ses-1_acq-multiband_dir-AP_space-ACPC_desc-preproc_dwi.nii.gz	0.0	0.26961150765419	0.0558096095919609	0.270678162574768	0.26961150765419	0.270678162574768	0.0558096095919609	0.2756604552268982	0.2756604552268982	sub-20461	ses-1		dir-AP	acq-multiband	space-ACPC			DSIStudio	autotrackgqi
ProjectionBasalGanglia_FasciculusSubthalamicusR	pa	TORTOISE_model-MAPMRI	/scratch/grmpy/SLURM_11194840_88/job-11194840-88-sub-20461/ds/inputs/data/qsiprep/qsiprep/sub-20461/ses-1/dwi/sub-20461_ses-1_acq-multiband_dir-AP_space-ACPC_desc-preproc_dwi.nii.gz	0.0	0.7164821028709412	0.1586446315050125	0.7152513265609741	0.7164821028709412	0.7152513265609741	0.1586446315050125	0.7429594993591309	0.7429594993591309	sub-20461	ses-1		dir-AP	acq-multiband	space-ACPC			DSIStudio	autotrackgqi
ProjectionBasalGanglia_FasciculusSubthalamicusR	path	TORTOISE_model-MAPMRI	/scratch/grmpy/SLURM_11194840_88/job-11194840-88-sub-20461/ds/inputs/data/qsiprep/qsiprep/sub-20461/ses-1/dwi/sub-20461_ses-1_acq-multiband_dir-AP_space-ACPC_desc-preproc_dwi.nii.gz	0.0	0.2740545868873596	0.0854506939649581	0.2519697546958923	0.2740545868873596	0.2519697546958923	0.0854506939649581	0.2889488339424133	0.2889488339424133	sub-20461	ses-1		dir-AP	acq-multiband	space-ACPC			DSIStudio	autotrackgqi
ProjectionBasalGanglia_FasciculusSubthalamicusR	rd	TORTOISE_model-MAPMRI	/scratch/grmpy/SLURM_11194840_88/job-11194840-88-sub-20461/ds/inputs/data/qsiprep/qsiprep/sub-20461/ses-1/dwi/sub-20461_ses-1_acq-multiband_dir-AP_space-ACPC_desc-preproc_dwi.nii.gz	0.0	698.7368364426765	308.41836866279004	643.1790465246884	698.7368364426765	643.1790465246884	308.41836866279004	671.7513592493515	671.7513592493515	sub-20461	ses-1		dir-AP	acq-multiband	space-ACPC			DSIStudio	autotrackgqi
ProjectionBasalGanglia_FasciculusSubthalamicusR	rtap	TORTOISE_model-MAPMRI	/scratch/grmpy/SLURM_11194840_88/job-11194840-88-sub-20461/ds/inputs/data/qsiprep/qsiprep/sub-20461/ses-1/dwi/sub-20461_ses-1_acq-multiband_dir-AP_space-ACPC_desc-preproc_dwi.nii.gz	0.0	0.0136297028511762	0.0049973716959357	0.0124962721019983	0.0136297028511762	0.0124962721019983	0.0049973716959357	0.0142577998340129	0.0142577998340129	sub-20461	ses-1		dir-AP	acq-multiband	space-ACPC			DSIStudio	autotrackgqi
ProjectionBasalGanglia_FasciculusSubthalamicusR	rtop	TORTOISE_model-MAPMRI	/scratch/grmpy/SLURM_11194840_88/job-11194840-88-sub-20461/ds/inputs/data/qsiprep/qsiprep/sub-20461/ses-1/dwi/sub-20461_ses-1_acq-multiband_dir-AP_space-ACPC_desc-preproc_dwi.nii.gz	0.0	0.0002934832009486	0.0001007429746096	0.0002871180768124	0.0002934832009486	0.0002871180768124	0.0001007429746096	0.0002991731162182	0.0002991731162182	sub-20461	ses-1		dir-AP	acq-multiband	space-ACPC			DSIStudio	autotrackgqi
ProjectionBasalGanglia_FasciculusSubthalamicusR	rtpp	TORTOISE_model-MAPMRI	/scratch/grmpy/SLURM_11194840_88/job-11194840-88-sub-20461/ds/inputs/data/qsiprep/qsiprep/sub-20461/ses-1/dwi/sub-20461_ses-1_acq-multiband_dir-AP_space-ACPC_desc-preproc_dwi.nii.gz	0.0	0.0477723143994808	0.006385073531419	0.0481401421129703	0.0477723143994808	0.0481401421129703	0.006385073531419	0.0467832349240779	0.0467832349240779	sub-20461	ses-1		dir-AP	acq-multiband	space-ACPC			DSIStudio	autotrackgqi
ProjectionBrainstem_MedialForebrainBundleR	ad	TORTOISE_model-MAPMRI	/scratch/grmpy/SLURM_11194840_88/job-11194840-88-sub-20461/ds/inputs/data/qsiprep/qsiprep/sub-20461/ses-1/dwi/sub-20461_ses-1_acq-multiband_dir-AP_space-ACPC_desc-preproc_dwi.nii.gz	0.0105967651979921	1568.5203888305248	777.5458735702994	1331.949002851712	1585.319648913828	1334.971333927748	764.4740486879057	1511.9004124048245	1521.5697868598452	sub-20461	ses-1		dir-AP	acq-multiband	space-ACPC			DSIStudio	autotrackgqi
ProjectionBrainstem_MedialForebrainBundleR	am	TORTOISE_model-MAPMRI	/scratch/grmpy/SLURM_11194840_88/job-11194840-88-sub-20461/ds/inputs/data/qsiprep/qsiprep/sub-20461/ses-1/dwi/sub-20461_ses-1_acq-multiband_dir-AP_space-ACPC_desc-preproc_dwi.nii.gz	0.0	6846.9638671875	2336.76513671875	6540.61962890625	6846.9638671875	6540.61962890625	2336.76513671875	6886.7998046875	6886.7998046875	sub-20461	ses-1		dir-AP	acq-multiband	space-ACPC			DSIStudio	autotrackgqi
ProjectionBrainstem_MedialForebrainBundleR	fa	TORTOISE_model-MAPMRI	/scratch/grmpy/SLURM_11194840_88/job-11194840-88-sub-20461/ds/inputs/data/qsiprep/qsiprep/sub-20461/ses-1/dwi/sub-20461_ses-1_acq-multiband_dir-AP_space-ACPC_desc-preproc_dwi.nii.gz	0.0105967651979921	0.3487512272952223	0.1575705499789849	0.3383742597341599	0.3524864433711012	0.3413792566542135	0.1542004689703106	0.3886503369792508	0.3911359540170148	sub-20461	ses-1		dir-AP	acq-multiband	space-ACPC			DSIStudio	autotrackgqi
ProjectionBrainstem_MedialForebrainBundleR	li	TORTOISE_model-MAPMRI	/scratch/grmpy/SLURM_11194840_88/job-11194840-88-sub-20461/ds/inputs/data/qsiprep/qsiprep/sub-20461/ses-1/dwi/sub-20461_ses-1_acq-multiband_dir-AP_space-ACPC_desc-preproc_dwi.nii.gz	0.0172894590072504	0.2054676264524459	0.1150045245885849	0.1951573342084884	0.209082543849945	0.1978329122066497	0.11270722001791	0.2404102087020874	0.2427472025156021	sub-20461	ses-1		dir-AP	acq-multiband	space-ACPC			DSIStudio	autotrackgqi
ProjectionBrainstem_MedialForebrainBundleR	ng	TORTOISE_model-MAPMRI	/scratch/grmpy/SLURM_11194840_88/job-11194840-88-sub-20461/ds/inputs/data/qsiprep/qsiprep/sub-20461/ses-1/dwi/sub-20461_ses-1_acq-multiband_dir-AP_space-ACPC_desc-preproc_dwi.nii.gz	0.0	0.359934389591217	0.083145871758461	0.3555699288845062	0.359934389591217	0.3555699288845062	0.083145871758461	0.3544989824295044	0.3544989824295044	sub-20461	ses-1		dir-AP	acq-multiband	space-ACPC			DSIStudio	autotrackgqi
ProjectionBrainstem_MedialForebrainBundleR	ngpar	TORTOISE_model-MAPMRI	/scratch/grmpy/SLURM_11194840_88/job-11194840-88-sub-20461/ds/inputs/data/qsiprep/qsiprep/sub-20461/ses-1/dwi/sub-20461_ses-1_acq-multiband_dir-AP_space-ACPC_desc-preproc_dwi.nii.gz	0.0	0.177842691540718	0.0539693869650363	0.1719924211502075	0.177842691540718	0.1719924211502075	0.0539693869650363	0.1720509529113769	0.1720509529113769	sub-20461	ses-1		dir-AP	acq-multiband	space-ACPC			DSIStudio	autotrackgqi
ProjectionBrainstem_MedialForebrainBundleR	ngperp	TORTOISE_model-MAPMRI	/scratch/grmpy/SLURM_11194840_88/job-11194840-88-sub-20461/ds/inputs/data/qsiprep/qsiprep/sub-20461/ses-1/dwi/sub-20461_ses-1_acq-multiband_dir-AP_space-ACPC_desc-preproc_dwi.nii.gz	0.0	0.2932178676128387	0.0628190040588378	0.292297750711441	0.2932178676128387	0.292297750711441	0.0628190040588378	0.2916373908519745	0.2916373908519745	sub-20461	ses-1		dir-AP	acq-multiband	space-ACPC			DSIStudio	autotrackgqi
ProjectionBrainstem_MedialForebrainBundleR	pa	TORTOISE_model-MAPMRI	/scratch/grmpy/SLURM_11194840_88/job-11194840-88-sub-20461/ds/inputs/data/qsiprep/qsiprep/sub-20461/ses-1/dwi/sub-20461_ses-1_acq-multiband_dir-AP_space-ACPC_desc-preproc_dwi.nii.gz	0.0	0.7403151988983154	0.1408985406160354	0.7668533325195312	0.7403151988983154	0.7668533325195312	0.1408985406160354	0.7655261754989624	0.7655261754989624	sub-20461	ses-1		dir-AP	acq-multiband	space-ACPC			DSIStudio	autotrackgqi
ProjectionBrainstem_MedialForebrainBundleR	path	TORTOISE_model-MAPMRI	/scratch/grmpy/SLURM_11194840_88/job-11194840-88-sub-20461/ds/inputs/data/qsiprep/qsiprep/sub-20461/ses-1/dwi/sub-20461_ses-1_acq-multiband_dir-AP_space-ACPC_desc-preproc_dwi.nii.gz	0.0	0.2840457260608673	0.09185591340065	0.2764638066291809	0.2840457260608673	0.2764638066291809	0.09185591340065	0.2966625690460205	0.2966625690460205	sub-20461	ses-1		dir-AP	acq-multiband	space-ACPC			DSIStudio	autotrackgqi
ProjectionBrainstem_MedialForebrainBundleR	rd	TORTOISE_model-MAPMRI	/scratch/grmpy/SLURM_11194840_88/job-11194840-88-sub-20461/ds/inputs/data/qsiprep/qsiprep/sub-20461/ses-1/dwi/sub-20461_ses-1_acq-multiband_dir-AP_space-ACPC_desc-preproc_dwi.nii.gz	0.0105967651979921	958.9708735762335	699.8783820571437	714.4519486195807	969.2417002943556	717.4236253058112	696.5063099151009	845.7323570159134	851.1412471157842	sub-20461	ses-1		dir-AP	acq-multiband	space-ACPC			DSIStudio	autotrackgqi
ProjectionBrainstem_MedialForebrainBundleR	rtap	TORTOISE_model-MAPMRI	/scratch/grmpy/SLURM_11194840_88/job-11194840-88-sub-20461/ds/inputs/data/qsiprep/qsiprep/sub-20461/ses-1/dwi/sub-20461_ses-1_acq-multiband_dir-AP_space-ACPC_desc-preproc_dwi.nii.gz	0.0105967651979921	0.0113317128270864	0.005312758963555	0.0118352249264717	0.0114530781283974	0.0118745509535074	0.0052093854174017	0.0123085938394069	0.0123873129487037	sub-20461	ses-1		dir-AP	acq-multiband	space-ACPC			DSIStudio	autotrackgqi
ProjectionBrainstem_MedialForebrainBundleR	rtop	TORTOISE_model-MAPMRI	/scratch/grmpy/SLURM_11194840_88/job-11194840-88-sub-20461/ds/inputs/data/qsiprep/qsiprep/sub-20461/ses-1/dwi/sub-20461_ses-1_acq-multiband_dir-AP_space-ACPC_desc-preproc_dwi.nii.gz	0.0105967651979921	0.0002356235636398	0.0001158811282948	0.0002545834868215	0.0002381471422268	0.0002550801436882	0.0001138914885814	0.0002506794116925	0.000252282625297	sub-20461	ses-1		dir-AP	acq-multiband	space-ACPC			DSIStudio	autotrackgqi
ProjectionBrainstem_MedialForebrainBundleR	rtpp	TORTOISE_model-MAPMRI	/scratch/grmpy/SLURM_11194840_88/job-11194840-88-sub-20461/ds/inputs/data/qsiprep/qsiprep/sub-20461/ses-1/dwi/sub-20461_ses-1_acq-multiband_dir-AP_space-ACPC_desc-preproc_dwi.nii.gz	0.0105967651979921	0.0425125211477279	0.009767803363502	0.044719148427248	0.0429678410291671	0.0448051542043685	0.0087674250826239	0.0427821241319179	0.043055735528469	sub-20461	ses-1		dir-AP	acq-multiband	space-ACPC			DSIStudio	autotrackgqi
ProjectionBasalGanglia_OpticRadiationR	ad	TORTOISE_model-MAPMRI	/scratch/grmpy/SLURM_11194840_88/job-11194840-88-sub-20461/ds/inputs/data/qsiprep/qsiprep/sub-20461/ses-1/dwi/sub-20461_ses-1_acq-multiband_dir-AP_space-ACPC_desc-preproc_dwi.nii.gz	0.0027459954233409	1268.284069650009	419.3379422255856	1175.830104452927	1271.7763617188025	1177.2577536470335	414.592682716519	1329.328539061291	1329.430521074538	sub-20461	ses-1		dir-AP	acq-multiband	space-ACPC			DSIStudio	autotrackgqi
ProjectionBasalGanglia_OpticRadiationR	am	TORTOISE_model-MAPMRI	/scratch/grmpy/SLURM_11194840_88/job-11194840-88-sub-20461/ds/inputs/data/qsiprep/qsiprep/sub-20461/ses-1/dwi/sub-20461_ses-1_acq-multiband_dir-AP_space-ACPC_desc-preproc_dwi.nii.gz	0.0027459954233409	5609.95703125	1399.6461181640625	5444.56640625	5625.404296875	5446.6650390625	1370.22119140625	5441.716796875	5442.13427734375	sub-20461	ses-1		dir-AP	acq-multiband	space-ACPC			DSIStudio	autotrackgqi
ProjectionBasalGanglia_OpticRadiationR	fa	TORTOISE_model-MAPMRI	/scratch/grmpy/SLURM_11194840_88/job-11194840-88-sub-20461/ds/inputs/data/qsiprep/qsiprep/sub-20461/ses-1/dwi/sub-20461_ses-1_acq-multiband_dir-AP_space-ACPC_desc-preproc_dwi.nii.gz	0.0027459954233409	0.3714926800544295	0.194177723890134	0.3589647551247586	0.3725156062041893	0.3596610824266735	0.19346254242903	0.4781504603057562	0.4781871423736338	sub-20461	ses-1		dir-AP	acq-multiband	space-ACPC			DSIStudio	autotrackgqi
ProjectionBasalGanglia_OpticRadiationR	li	TORTOISE_model-MAPMRI	/scratch/grmpy/SLURM_11194840_88/job-11194840-88-sub-20461/ds/inputs/data/qsiprep/qsiprep/sub-20461/ses-1/dwi/sub-20461_ses-1_acq-multiband_dir-AP_space-ACPC_desc-preproc_dwi.nii.gz	0.0032036613272311	0.2082304507493972	0.1411734968423843	0.1846165657043457	0.2088996917009353	0.1852101981639862	0.1409049481153488	0.2840279936790466	0.2840516269207001	sub-20461	ses-1		dir-AP	acq-multiband	space-ACPC			DSIStudio	autotrackgqi
ProjectionBasalGanglia_OpticRadiationR	ng	TORTOISE_model-MAPMRI	/scratch/grmpy/SLURM_11194840_88/job-11194840-88-sub-20461/ds/inputs/data/qsiprep/qsiprep/sub-20461/ses-1/dwi/sub-20461_ses-1_acq-multiband_dir-AP_space-ACPC_desc-preproc_dwi.nii.gz	0.0027459954233409	0.3197028934955597	0.066841684281826	0.3274125456809997	0.3205832242965698	0.3275675773620605	0.0647911801934242	0.3371933102607727	0.3372192084789276	sub-20461	ses-1		dir-AP	acq-multiband	space-ACPC			DSIStudio	autotrackgqi
ProjectionBasalGanglia_OpticRadiationR	ngpar	TORTOISE_model-MAPMRI	/scratch/grmpy/SLURM_11194840_88/job-11194840-88-sub-20461/ds/inputs/data/qsiprep/qsiprep/sub-20461/ses-1/dwi/sub-20461_ses-1_acq-multiband_dir-AP_space-ACPC_desc-preproc_dwi.nii.gz	0.0027459954233409	0.1445885747671127	0.0449896529316902	0.1423950642347335	0.1449867039918899	0.1424365490674972	0.0444062873721122	0.1358062773942947	0.1358166933059692	sub-20461	ses-1		dir-AP	acq-multiband	space-ACPC			DSIStudio	autotrackgqi
ProjectionBasalGanglia_OpticRadiationR	ngperp	TORTOISE_model-MAPMRI	/scratch/grmpy/SLURM_11194840_88/job-11194840-88-sub-20461/ds/inputs/data/qsiprep/qsiprep/sub-20461/ses-1/dwi/sub-20461_ses-1_acq-multiband_dir-AP_space-ACPC_desc-preproc_dwi.nii.gz	0.0027459954233409	0.2724045515060425	0.064273402094841	0.2807657420635223	0.273154616355896	0.2809756398200989	0.0627499520778656	0.2945958077907562	0.2946183979511261	sub-20461	ses-1		dir-AP	acq-multiband	space-ACPC			DSIStudio	autotrackgqi
ProjectionBasalGanglia_OpticRadiationR	pa	TORTOISE_model-MAPMRI	/scratch/grmpy/SLURM_11194840_88/job-11194840-88-sub-20461/ds/inputs/data/qsiprep/qsiprep/sub-20461/ses-1/dwi/sub-20461_ses-1_acq-multiband_dir-AP_space-ACPC_desc-preproc_dwi.nii.gz	0.0027459954233409	0.7113956212997437	0.2160424590110778	0.7749030590057373	0.7133544683456421	0.775071918964386	0.2130856662988662	0.8316805958747864	0.8317443132400513	sub-20461	ses-1		dir-AP	acq-multiband	space-ACPC			DSIStudio	autotrackgqi
ProjectionBasalGanglia_OpticRadiationR	path	TORTOISE_model-MAPMRI	/scratch/grmpy/SLURM_11194840_88/job-11194840-88-sub-20461/ds/inputs/data/qsiprep/qsiprep/sub-20461/ses-1/dwi/sub-20461_ses-1_acq-multiband_dir-AP_space-ACPC_desc-preproc_dwi.nii.gz	0.0027459954233409	0.2857738733291626	0.1109381169080734	0.2806987464427948	0.2865607440471649	0.2807889878749847	0.1100711673498153	0.3469052910804748	0.3469318747520447	sub-20461	ses-1		dir-AP	acq-multiband	space-ACPC			DSIStudio	autotrackgqi
ProjectionBasalGanglia_OpticRadiationR	rd	TORTOISE_model-MAPMRI	/scratch/grmpy/SLURM_11194840_88/job-11194840-88-sub-20461/ds/inputs/data/qsiprep/qsiprep/sub-20461/ses-1/dwi/sub-20461_ses-1_acq-multiband_dir-AP_space-ACPC_desc-preproc_dwi.nii.gz	0.0027459954233409	707.7585296733729	372.4235717026767	630.8927362638781	709.7073828987241	631.1072103975562	371.0769700040306	611.2021206846864	611.2490106327303	sub-20461	ses-1		dir-AP	acq-multiband	space-ACPC			DSIStudio	autotrackgqi
ProjectionBasalGanglia_OpticRadiationR	rtap	TORTOISE_model-MAPMRI	/scratch/grmpy/SLURM_11194840_88/job-11194840-88-sub-20461/ds/inputs/data/qsiprep/qsiprep/sub-20461/ses-1/dwi/sub-20461_ses-1_acq-multiband_dir-AP_space-ACPC_desc-preproc_dwi.nii.gz	0.0027459954233409	0.0139044551178812	0.005787412635982	0.0132956905290484	0.0139427417889237	0.0133222956210374	0.0057491352781653	0.016445817425847	0.016447078436613	sub-20461	ses-1		dir-AP	acq-multiband	space-ACPC			DSIStudio	autotrackgqi
ProjectionBasalGanglia_OpticRadiationR	rtop	TORTOISE_model-MAPMRI	/scratch/grmpy/SLURM_11194840_88/job-11194840-88-sub-20461/ds/inputs/data/qsiprep/qsiprep/sub-20461/ses-1/dwi/sub-20461_ses-1_acq-multiband_dir-AP_space-ACPC_desc-preproc_dwi.nii.gz	0.0027459954233409	0.0002889713796321	0.0001281145960092	0.0002917157544288	0.0002897670783568	0.0002921620616689	0.0001273890666197	0.0003277727228123	0.0003277978685218	sub-20461	ses-1		dir-AP	acq-multiband	space-ACPC			DSIStudio	autotrackgqi
ProjectionBasalGanglia_OpticRadiationR	rtpp	TORTOISE_model-MAPMRI	/scratch/grmpy/SLURM_11194840_88/job-11194840-88-sub-20461/ds/inputs/data/qsiprep/qsiprep/sub-20461/ses-1/dwi/sub-20461_ses-1_acq-multiband_dir-AP_space-ACPC_desc-preproc_dwi.nii.gz	0.0027459954233409	0.0467959605157375	0.0073987441137433	0.0476567409932613	0.0469248183071613	0.0476836413145065	0.0069889649748802	0.0451856926083564	0.0451891645789146	sub-20461	ses-1		dir-AP	acq-multiband	space-ACPC			DSIStudio	autotrackgqi
ProjectionBrainstem_CorticospinalTractL	ad	TORTOISE_model-MAPMRI	/scratch/grmpy/SLURM_11194840_88/job-11194840-88-sub-20461/ds/inputs/data/qsiprep/qsiprep/sub-20461/ses-1/dwi/sub-20461_ses-1_acq-multiband_dir-AP_space-ACPC_desc-preproc_dwi.nii.gz	0.0	1253.9701779577445	363.0851952031858	1175.0572211453596	1253.9701779577445	1175.0572211453596	363.0851952031858	1317.512348507748	1317.512348507748	sub-20461	ses-1		dir-AP	acq-multiband	space-ACPC			DSIStudio	autotrackgqi
ProjectionBrainstem_CorticospinalTractL	am	TORTOISE_model-MAPMRI	/scratch/grmpy/SLURM_11194840_88/job-11194840-88-sub-20461/ds/inputs/data/qsiprep/qsiprep/sub-20461/ses-1/dwi/sub-20461_ses-1_acq-multiband_dir-AP_space-ACPC_desc-preproc_dwi.nii.gz	0.0	5580.74267578125	892.69775390625	5542.3583984375	5580.74267578125	5542.3583984375	892.69775390625	5696.02099609375	5696.02099609375	sub-20461	ses-1		dir-AP	acq-multiband	space-ACPC			DSIStudio	autotrackgqi
ProjectionBrainstem_CorticospinalTractL	fa	TORTOISE_model-MAPMRI	/scratch/grmpy/SLURM_11194840_88/job-11194840-88-sub-20461/ds/inputs/data/qsiprep/qsiprep/sub-20461/ses-1/dwi/sub-20461_ses-1_acq-multiband_dir-AP_space-ACPC_desc-preproc_dwi.nii.gz	0.0	0.4667307067752504	0.1727009573732763	0.4669776583879907	0.4667307067752504	0.4669776583879907	0.1727009573732763	0.5392989621893959	0.5392989621893959	sub-20461	ses-1		dir-AP	acq-multiband	space-ACPC			DSIStudio	autotrackgqi
ProjectionBrainstem_CorticospinalTractL	li	TORTOISE_model-MAPMRI	/scratch/grmpy/SLURM_11194840_88/job-11194840-88-sub-20461/ds/inputs/data/qsiprep/qsiprep/sub-20461/ses-1/dwi/sub-20461_ses-1_acq-multiband_dir-AP_space-ACPC_desc-preproc_dwi.nii.gz	0.0	0.3088004291057586	0.1510636061429977	0.2981223464012146	0.3088004291057586	0.2981223464012146	0.1510636061429977	0.3720108270645141	0.3720108270645141	sub-20461	ses-1		dir-AP	acq-multiband	space-ACPC			DSIStudio	autotrackgqi
ProjectionBrainstem_CorticospinalTractL	ng	TORTOISE_model-MAPMRI	/scratch/grmpy/SLURM_11194840_88/job-11194840-88-sub-20461/ds/inputs/data/qsiprep/qsiprep/sub-20461/ses-1/dwi/sub-20461_ses-1_acq-multiband_dir-AP_space-ACPC_desc-preproc_dwi.nii.gz	0.0	0.3479017615318298	0.050999242812395	0.3548181056976318	0.3479017615318298	0.3548181056976318	0.050999242812395	0.3564876317977905	0.3564876317977905	sub-20461	ses-1		dir-AP	acq-multiband	space-ACPC			DSIStudio	autotrackgqi
ProjectionBrainstem_CorticospinalTractL	ngpar	TORTOISE_model-MAPMRI	/scratch/grmpy/SLURM_11194840_88/job-11194840-88-sub-20461/ds/inputs/data/qsiprep/qsiprep/sub-20461/ses-1/dwi/sub-20461_ses-1_acq-multiband_dir-AP_space-ACPC_desc-preproc_dwi.nii.gz	0.0	0.158486783504486	0.0375658571720123	0.1535988301038742	0.158486783504486	0.1535988301038742	0.0375658571720123	0.1590811908245086	0.1590811908245086	sub-20461	ses-1		dir-AP	acq-multiband	space-ACPC			DSIStudio	autotrackgqi
ProjectionBrainstem_CorticospinalTractL	ngperp	TORTOISE_model-MAPMRI	/scratch/grmpy/SLURM_11194840_88/job-11194840-88-sub-20461/ds/inputs/data/qsiprep/qsiprep/sub-20461/ses-1/dwi/sub-20461_ses-1_acq-multiband_dir-AP_space-ACPC_desc-preproc_dwi.nii.gz	0.0	0.2903901040554046	0.0484310463070869	0.2973890900611877	0.2903901040554046	0.2973890900611877	0.0484310463070869	0.2990288734436035	0.2990288734436035	sub-20461	ses-1		dir-AP	acq-multiband	space-ACPC			DSIStudio	autotrackgqi
ProjectionBrainstem_CorticospinalTractL	pa	TORTOISE_model-MAPMRI	/scratch/grmpy/SLURM_11194840_88/job-11194840-88-sub-20461/ds/inputs/data/qsiprep/qsiprep/sub-20461/ses-1/dwi/sub-20461_ses-1_acq-multiband_dir-AP_space-ACPC_desc-preproc_dwi.nii.gz	0.0	0.8123173713684082	0.1502030491828918	0.8537680506706238	0.8123173713684082	0.8537680506706238	0.1502030491828918	0.8650171160697937	0.8650171160697937	sub-20461	ses-1		dir-AP	acq-multiband	space-ACPC			DSIStudio	autotrackgqi
ProjectionBrainstem_CorticospinalTractL	path	TORTOISE_model-MAPMRI	/scratch/grmpy/SLURM_11194840_88/job-11194840-88-sub-20461/ds/inputs/data/qsiprep/qsiprep/sub-20461/ses-1/dwi/sub-20461_ses-1_acq-multiband_dir-AP_space-ACPC_desc-preproc_dwi.nii.gz	0.0	0.3322168588638305	0.0912666022777557	0.3314584195613861	0.3322168588638305	0.3314584195613861	0.0912666022777557	0.3691641092300415	0.3691641092300415	sub-20461	ses-1		dir-AP	acq-multiband	space-ACPC			DSIStudio	autotrackgqi
ProjectionBrainstem_CorticospinalTractL	rd	TORTOISE_model-MAPMRI	/scratch/grmpy/SLURM_11194840_88/job-11194840-88-sub-20461/ds/inputs/data/qsiprep/qsiprep/sub-20461/ses-1/dwi/sub-20461_ses-1_acq-multiband_dir-AP_space-ACPC_desc-preproc_dwi.nii.gz	0.0	589.8123481001094	312.153206163545	535.6565146099999	589.8123481001094	535.6565146099999	312.153206163545	517.9613730978542	517.9613730978542	sub-20461	ses-1		dir-AP	acq-multiband	space-ACPC			DSIStudio	autotrackgqi
ProjectionBrainstem_CorticospinalTractL	rtap	TORTOISE_model-MAPMRI	/scratch/grmpy/SLURM_11194840_88/job-11194840-88-sub-20461/ds/inputs/data/qsiprep/qsiprep/sub-20461/ses-1/dwi/sub-20461_ses-1_acq-multiband_dir-AP_space-ACPC_desc-preproc_dwi.nii.gz	0.0	0.0173608735203742	0.0056549692526459	0.0170105695724487	0.0173608735203742	0.0170105695724487	0.0056549692526459	0.0194356273859739	0.0194356273859739	sub-20461	ses-1		dir-AP	acq-multiband	space-ACPC			DSIStudio	autotrackgqi
ProjectionBrainstem_CorticospinalTractL	rtop	TORTOISE_model-MAPMRI	/scratch/grmpy/SLURM_11194840_88/job-11194840-88-sub-20461/ds/inputs/data/qsiprep/qsiprep/sub-20461/ses-1/dwi/sub-20461_ses-1_acq-multiband_dir-AP_space-ACPC_desc-preproc_dwi.nii.gz	0.0	0.000368139531929	0.0001030499188345	0.0003737249935511	0.000368139531929	0.0003737249935511	0.0001030499188345	0.0003986114170402	0.0003986114170402	sub-20461	ses-1		dir-AP	acq-multiband	space-ACPC			DSIStudio	autotrackgqi
ProjectionBrainstem_CorticospinalTractL	rtpp	TORTOISE_model-MAPMRI	/scratch/grmpy/SLURM_11194840_88/job-11194840-88-sub-20461/ds/inputs/data/qsiprep/qsiprep/sub-20461/ses-1/dwi/sub-20461_ses-1_acq-multiband_dir-AP_space-ACPC_desc-preproc_dwi.nii.gz	0.0	0.0477431416511535	0.0061545530334115	0.0481972098350524	0.0477431416511535	0.0481972098350524	0.0061545530334115	0.0463510602712631	0.0463510602712631	sub-20461	ses-1		dir-AP	acq-multiband	space-ACPC			DSIStudio	autotrackgqi
ProjectionBasalGanglia_ThalamicRadiationL	ad	TORTOISE_model-MAPMRI	/scratch/grmpy/SLURM_11194840_88/job-11194840-88-sub-20461/ds/inputs/data/qsiprep/qsiprep/sub-20461/ses-1/dwi/sub-20461_ses-1_acq-multiband_dir-AP_space-ACPC_desc-preproc_dwi.nii.gz	0.0001914608462569	1144.7351263075443	237.74681233557456	1111.1783703093124	1144.9543402344511	1111.2040692141677	237.24118731191908	1149.7845656312631	1149.7875811560273	sub-20461	ses-1		dir-AP	acq-multiband	space-ACPC			DSIStudio	autotrackgqi
ProjectionBasalGanglia_ThalamicRadiationL	am	TORTOISE_model-MAPMRI	/scratch/grmpy/SLURM_11194840_88/job-11194840-88-sub-20461/ds/inputs/data/qsiprep/qsiprep/sub-20461/ses-1/dwi/sub-20461_ses-1_acq-multiband_dir-AP_space-ACPC_desc-preproc_dwi.nii.gz	0.0001914608462569	5454.6591796875	926.8501586914062	5390.736328125	5455.70361328125	5390.8203125	923.8598022460938	5380.224609375	5380.23876953125	sub-20461	ses-1		dir-AP	acq-multiband	space-ACPC			DSIStudio	autotrackgqi
ProjectionBasalGanglia_ThalamicRadiationL	fa	TORTOISE_model-MAPMRI	/scratch/grmpy/SLURM_11194840_88/job-11194840-88-sub-20461/ds/inputs/data/qsiprep/qsiprep/sub-20461/ses-1/dwi/sub-20461_ses-1_acq-multiband_dir-AP_space-ACPC_desc-preproc_dwi.nii.gz	0.0001914608462569	0.3831296384843525	0.1634660047481978	0.3928467162239924	0.3832030068563334	0.3928530516981436	0.1633956448573885	0.4199342515296171	0.4199353529911288	sub-20461	ses-1		dir-AP	acq-multiband	space-ACPC			DSIStudio	autotrackgqi
ProjectionBasalGanglia_ThalamicRadiationL	li	TORTOISE_model-MAPMRI	/scratch/grmpy/SLURM_11194840_88/job-11194840-88-sub-20461/ds/inputs/data/qsiprep/qsiprep/sub-20461/ses-1/dwi/sub-20461_ses-1_acq-multiband_dir-AP_space-ACPC_desc-preproc_dwi.nii.gz	0.0001914608462569	0.2309286594390869	0.1255928725004196	0.2262260764837265	0.2309728860855102	0.2262532413005828	0.125564232468605	0.2586650252342224	0.2586657106876373	sub-20461	ses-1		dir-AP	acq-multiband	space-ACPC			DSIStudio	autotrackgqi
ProjectionBasalGanglia_ThalamicRadiationL	ng	TORTOISE_model-MAPMRI	/scratch/grmpy/SLURM_11194840_88/job-11194840-88-sub-20461/ds/inputs/data/qsiprep/qsiprep/sub-20461/ses-1/dwi/sub-20461_ses-1_acq-multiband_dir-AP_space-ACPC_desc-preproc_dwi.nii.gz	0.0001914608462569	0.315324455499649	0.063487522304058	0.3342158198356628	0.3153848648071289	0.3342407941818237	0.0633434578776359	0.324563980102539	0.3245648145675659	sub-20461	ses-1		dir-AP	acq-multiband	space-ACPC			DSIStudio	autotrackgqi
ProjectionBasalGanglia_ThalamicRadiationL	ngpar	TORTOISE_model-MAPMRI	/scratch/grmpy/SLURM_11194840_88/job-11194840-88-sub-20461/ds/inputs/data/qsiprep/qsiprep/sub-20461/ses-1/dwi/sub-20461_ses-1_acq-multiband_dir-AP_space-ACPC_desc-preproc_dwi.nii.gz	0.0001914608462569	0.1447231620550155	0.0345585756003856	0.1446283310651779	0.1447508633136749	0.1446323990821838	0.034503798931837	0.1433374285697937	0.1433378159999847	sub-20461	ses-1		dir-AP	acq-multiband	space-ACPC			DSIStudio	autotrackgqi
ProjectionBasalGanglia_ThalamicRadiationL	ngperp	TORTOISE_model-MAPMRI	/scratch/grmpy/SLURM_11194840_88/job-11194840-88-sub-20461/ds/inputs/data/qsiprep/qsiprep/sub-20461/ses-1/dwi/sub-20461_ses-1_acq-multiband_dir-AP_space-ACPC_desc-preproc_dwi.nii.gz	0.0001914608462569	0.268406331539154	0.059866078197956	0.2823619246482849	0.2684577107429504	0.2823700904846191	0.0597564615309238	0.2768514156341553	0.2768521308898926	sub-20461	ses-1		dir-AP	acq-multiband	space-ACPC			DSIStudio	autotrackgqi
ProjectionBasalGanglia_ThalamicRadiationL	pa	TORTOISE_model-MAPMRI	/scratch/grmpy/SLURM_11194840_88/job-11194840-88-sub-20461/ds/inputs/data/qsiprep/qsiprep/sub-20461/ses-1/dwi/sub-20461_ses-1_acq-multiband_dir-AP_space-ACPC_desc-preproc_dwi.nii.gz	0.0001914608462569	0.7291784286499023	0.2044150531291961	0.8085970878601074	0.7293180823326111	0.8086713552474976	0.2041854113340377	0.774194061756134	0.7741960883140564	sub-20461	ses-1		dir-AP	acq-multiband	space-ACPC			DSIStudio	autotrackgqi
ProjectionBasalGanglia_ThalamicRadiationL	path	TORTOISE_model-MAPMRI	/scratch/grmpy/SLURM_11194840_88/job-11194840-88-sub-20461/ds/inputs/data/qsiprep/qsiprep/sub-20461/ses-1/dwi/sub-20461_ses-1_acq-multiband_dir-AP_space-ACPC_desc-preproc_dwi.nii.gz	0.0001914608462569	0.2876962721347809	0.0973647609353065	0.30002361536026	0.2877513468265533	0.3000694513320923	0.0972926393151283	0.3063604831695556	0.3063612878322601	sub-20461	ses-1		dir-AP	acq-multiband	space-ACPC			DSIStudio	autotrackgqi
ProjectionBasalGanglia_ThalamicRadiationL	rd	TORTOISE_model-MAPMRI	/scratch/grmpy/SLURM_11194840_88/job-11194840-88-sub-20461/ds/inputs/data/qsiprep/qsiprep/sub-20461/ses-1/dwi/sub-20461_ses-1_acq-multiband_dir-AP_space-ACPC_desc-preproc_dwi.nii.gz	0.0001914608462569	633.8420293838859	227.562048219678	597.6654612762259	633.9634085545838	597.6803192629468	227.4147146454356	584.126384197263	584.1279159901795	sub-20461	ses-1		dir-AP	acq-multiband	space-ACPC			DSIStudio	autotrackgqi
ProjectionBasalGanglia_ThalamicRadiationL	rtap	TORTOISE_model-MAPMRI	/scratch/grmpy/SLURM_11194840_88/job-11194840-88-sub-20461/ds/inputs/data/qsiprep/qsiprep/sub-20461/ses-1/dwi/sub-20461_ses-1_acq-multiband_dir-AP_space-ACPC_desc-preproc_dwi.nii.gz	0.0001914608462569	0.0147616369649767	0.0046069445088505	0.0147086605429649	0.0147644635289907	0.0147091681137681	0.0046028541401028	0.0156375356018543	0.0156375765800476	sub-20461	ses-1		dir-AP	acq-multiband	space-ACPC			DSIStudio	autotrackgqi
ProjectionBasalGanglia_ThalamicRadiationL	rtop	TORTOISE_model-MAPMRI	/scratch/grmpy/SLURM_11194840_88/job-11194840-88-sub-20461/ds/inputs/data/qsiprep/qsiprep/sub-20461/ses-1/dwi/sub-20461_ses-1_acq-multiband_dir-AP_space-ACPC_desc-preproc_dwi.nii.gz	0.0001914608462569	0.0003195076424162	8.622540190117434e-05	0.0003258261713199	0.0003195688186679	0.0003258434589952	8.612020610598847e-05	0.0003350620972923	0.0003350629704073	sub-20461	ses-1		dir-AP	acq-multiband	space-ACPC			DSIStudio	autotrackgqi
ProjectionBasalGanglia_ThalamicRadiationL	rtpp	TORTOISE_model-MAPMRI	/scratch/grmpy/SLURM_11194840_88/job-11194840-88-sub-20461/ds/inputs/data/qsiprep/qsiprep/sub-20461/ses-1/dwi/sub-20461_ses-1_acq-multiband_dir-AP_space-ACPC_desc-preproc_dwi.nii.gz	0.0001914608462569	0.0489557571709156	0.0046967798843979	0.049259103834629	0.0489651337265968	0.0492597222328186	0.0046481094323098	0.0487849339842796	0.0487850606441497	sub-20461	ses-1		dir-AP	acq-multiband	space-ACPC			DSIStudio	autotrackgqi
ProjectionBrainstem_DentatorubrothalamicTract-rl	ad	TORTOISE_model-MAPMRI	/scratch/grmpy/SLURM_11194840_88/job-11194840-88-sub-20461/ds/inputs/data/qsiprep/qsiprep/sub-20461/ses-1/dwi/sub-20461_ses-1_acq-multiband_dir-AP_space-ACPC_desc-preproc_dwi.nii.gz	0.0	1462.9783335553452	676.8522885993258	1216.2166154766428	1462.9783335553452	1216.2166154766428	676.8522885993258	1386.170253206706	1386.170253206706	sub-20461	ses-1		dir-AP	acq-multiband	space-ACPC			DSIStudio	autotrackgqi
ProjectionBrainstem_DentatorubrothalamicTract-rl	am	TORTOISE_model-MAPMRI	/scratch/grmpy/SLURM_11194840_88/job-11194840-88-sub-20461/ds/inputs/data/qsiprep/qsiprep/sub-20461/ses-1/dwi/sub-20461_ses-1_acq-multiband_dir-AP_space-ACPC_desc-preproc_dwi.nii.gz	0.0	6457.51806640625	1860.6649169921875	5958.1298828125	6457.51806640625	5958.1298828125	1860.6649169921875	6232.685546875	6232.685546875	sub-20461	ses-1		dir-AP	acq-multiband	space-ACPC			DSIStudio	autotrackgqi
ProjectionBrainstem_DentatorubrothalamicTract-rl	fa	TORTOISE_model-MAPMRI	/scratch/grmpy/SLURM_11194840_88/job-11194840-88-sub-20461/ds/inputs/data/qsiprep/qsiprep/sub-20461/ses-1/dwi/sub-20461_ses-1_acq-multiband_dir-AP_space-ACPC_desc-preproc_dwi.nii.gz	0.0	0.4198561751580857	0.1786720444424468	0.3987416681848125	0.4198561751580857	0.3987416681848125	0.1786720444424468	0.4422954893153156	0.4422954893153156	sub-20461	ses-1		dir-AP	acq-multiband	space-ACPC			DSIStudio	autotrackgqi
ProjectionBrainstem_DentatorubrothalamicTract-rl	li	TORTOISE_model-MAPMRI	/scratch/grmpy/SLURM_11194840_88/job-11194840-88-sub-20461/ds/inputs/data/qsiprep/qsiprep/sub-20461/ses-1/dwi/sub-20461_ses-1_acq-multiband_dir-AP_space-ACPC_desc-preproc_dwi.nii.gz	0.0	0.2653996646404266	0.1369537115097046	0.2497643232345581	0.2653996646404266	0.2497643232345581	0.1369537115097046	0.2866756021976471	0.2866756021976471	sub-20461	ses-1		dir-AP	acq-multiband	space-ACPC			DSIStudio	autotrackgqi
ProjectionBrainstem_DentatorubrothalamicTract-rl	ng	TORTOISE_model-MAPMRI	/scratch/grmpy/SLURM_11194840_88/job-11194840-88-sub-20461/ds/inputs/data/qsiprep/qsiprep/sub-20461/ses-1/dwi/sub-20461_ses-1_acq-multiband_dir-AP_space-ACPC_desc-preproc_dwi.nii.gz	0.0	0.3628686368465423	0.0544924102723598	0.3632299304008484	0.3628686368465423	0.3632299304008484	0.0544924102723598	0.3624695837497711	0.3624695837497711	sub-20461	ses-1		dir-AP	acq-multiband	space-ACPC			DSIStudio	autotrackgqi
ProjectionBrainstem_DentatorubrothalamicTract-rl	ngpar	TORTOISE_model-MAPMRI	/scratch/grmpy/SLURM_11194840_88/job-11194840-88-sub-20461/ds/inputs/data/qsiprep/qsiprep/sub-20461/ses-1/dwi/sub-20461_ses-1_acq-multiband_dir-AP_space-ACPC_desc-preproc_dwi.nii.gz	0.0	0.1623797863721847	0.0430133789777755	0.1606627255678177	0.1623797863721847	0.1606627255678177	0.0430133789777755	0.1589287221431732	0.1589287221431732	sub-20461	ses-1		dir-AP	acq-multiband	space-ACPC			DSIStudio	autotrackgqi
ProjectionBrainstem_DentatorubrothalamicTract-rl	ngperp	TORTOISE_model-MAPMRI	/scratch/grmpy/SLURM_11194840_88/job-11194840-88-sub-20461/ds/inputs/data/qsiprep/qsiprep/sub-20461/ses-1/dwi/sub-20461_ses-1_acq-multiband_dir-AP_space-ACPC_desc-preproc_dwi.nii.gz	0.0	0.3056677579879761	0.0467638708651065	0.3101073503494262	0.3056677579879761	0.3101073503494262	0.0467638708651065	0.3088191747665405	0.3088191747665405	sub-20461	ses-1		dir-AP	acq-multiband	space-ACPC			DSIStudio	autotrackgqi
ProjectionBrainstem_DentatorubrothalamicTract-rl	pa	TORTOISE_model-MAPMRI	/scratch/grmpy/SLURM_11194840_88/job-11194840-88-sub-20461/ds/inputs/data/qsiprep/qsiprep/sub-20461/ses-1/dwi/sub-20461_ses-1_acq-multiband_dir-AP_space-ACPC_desc-preproc_dwi.nii.gz	0.0	0.8108827471733093	0.1241985484957695	0.8323066234588623	0.8108827471733093	0.8323066234588623	0.1241985484957695	0.8326220512390137	0.8326220512390137	sub-20461	ses-1		dir-AP	acq-multiband	space-ACPC			DSIStudio	autotrackgqi
ProjectionBrainstem_DentatorubrothalamicTract-rl	path	TORTOISE_model-MAPMRI	/scratch/grmpy/SLURM_11194840_88/job-11194840-88-sub-20461/ds/inputs/data/qsiprep/qsiprep/sub-20461/ses-1/dwi/sub-20461_ses-1_acq-multiband_dir-AP_space-ACPC_desc-preproc_dwi.nii.gz	0.0	0.3274039328098297	0.0881905630230903	0.3155556321144104	0.3274039328098297	0.3155556321144104	0.0881905630230903	0.3376992642879486	0.3376992642879486	sub-20461	ses-1		dir-AP	acq-multiband	space-ACPC			DSIStudio	autotrackgqi
ProjectionBrainstem_DentatorubrothalamicTract-rl	rd	TORTOISE_model-MAPMRI	/scratch/grmpy/SLURM_11194840_88/job-11194840-88-sub-20461/ds/inputs/data/qsiprep/qsiprep/sub-20461/ses-1/dwi/sub-20461_ses-1_acq-multiband_dir-AP_space-ACPC_desc-preproc_dwi.nii.gz	0.0	797.5327396345631	586.0137515431425	603.766349424182	797.5327396345631	603.766349424182	586.0137515431425	726.9552901266413	726.9552901266413	sub-20461	ses-1		dir-AP	acq-multiband	space-ACPC			DSIStudio	autotrackgqi
ProjectionBrainstem_DentatorubrothalamicTract-rl	rtap	TORTOISE_model-MAPMRI	/scratch/grmpy/SLURM_11194840_88/job-11194840-88-sub-20461/ds/inputs/data/qsiprep/qsiprep/sub-20461/ses-1/dwi/sub-20461_ses-1_acq-multiband_dir-AP_space-ACPC_desc-preproc_dwi.nii.gz	0.0	0.0152940321713685	0.0074150236323475	0.0152916461229324	0.0152940321713685	0.0152916461229324	0.0074150236323475	0.0161279439926147	0.0161279439926147	sub-20461	ses-1		dir-AP	acq-multiband	space-ACPC			DSIStudio	autotrackgqi
ProjectionBrainstem_DentatorubrothalamicTract-rl	rtop	TORTOISE_model-MAPMRI	/scratch/grmpy/SLURM_11194840_88/job-11194840-88-sub-20461/ds/inputs/data/qsiprep/qsiprep/sub-20461/ses-1/dwi/sub-20461_ses-1_acq-multiband_dir-AP_space-ACPC_desc-preproc_dwi.nii.gz	0.0	0.0003202558145858	0.0001431377459084	0.0003496765275485	0.0003202558145858	0.0003496765275485	0.0001431377459084	0.0003425342438276	0.0003425342438276	sub-20461	ses-1		dir-AP	acq-multiband	space-ACPC			DSIStudio	autotrackgqi
ProjectionBrainstem_DentatorubrothalamicTract-rl	rtpp	TORTOISE_model-MAPMRI	/scratch/grmpy/SLURM_11194840_88/job-11194840-88-sub-20461/ds/inputs/data/qsiprep/qsiprep/sub-20461/ses-1/dwi/sub-20461_ses-1_acq-multiband_dir-AP_space-ACPC_desc-preproc_dwi.nii.gz	0.0	0.0449199639260768	0.0089172720909118	0.047400064766407	0.0449199639260768	0.047400064766407	0.0089172720909118	0.0458690673112869	0.0458690673112869	sub-20461	ses-1		dir-AP	acq-multiband	space-ACPC			DSIStudio	autotrackgqi
ProjectionBrainstem_MedialLemniscusL	ad	TORTOISE_model-MAPMRI	/scratch/grmpy/SLURM_11194840_88/job-11194840-88-sub-20461/ds/inputs/data/qsiprep/qsiprep/sub-20461/ses-1/dwi/sub-20461_ses-1_acq-multiband_dir-AP_space-ACPC_desc-preproc_dwi.nii.gz	0.0	1289.1270005979964	392.1455767976501	1199.5654189324125	1289.1270005979964	1199.5654189324125	392.1455767976501	1321.4706002408388	1321.4706002408388	sub-20461	ses-1		dir-AP	acq-multiband	space-ACPC			DSIStudio	autotrackgqi
ProjectionBrainstem_MedialLemniscusL	am	TORTOISE_model-MAPMRI	/scratch/grmpy/SLURM_11194840_88/job-11194840-88-sub-20461/ds/inputs/data/qsiprep/qsiprep/sub-20461/ses-1/dwi/sub-20461_ses-1_acq-multiband_dir-AP_space-ACPC_desc-preproc_dwi.nii.gz	0.0	5803.5634765625	986.8028564453124	5751.47998046875	5803.5634765625	5751.47998046875	986.8028564453124	5975.1708984375	5975.1708984375	sub-20461	ses-1		dir-AP	acq-multiband	space-ACPC			DSIStudio	autotrackgqi
ProjectionBrainstem_MedialLemniscusL	fa	TORTOISE_model-MAPMRI	/scratch/grmpy/SLURM_11194840_88/job-11194840-88-sub-20461/ds/inputs/data/qsiprep/qsiprep/sub-20461/ses-1/dwi/sub-20461_ses-1_acq-multiband_dir-AP_space-ACPC_desc-preproc_dwi.nii.gz	0.0	0.4451549260673237	0.1587802112952067	0.4523774312371454	0.4451549260673237	0.4523774312371454	0.1587802112952067	0.4733894683317352	0.4733894683317352	sub-20461	ses-1		dir-AP	acq-multiband	space-ACPC			DSIStudio	autotrackgqi
ProjectionBrainstem_MedialLemniscusL	li	TORTOISE_model-MAPMRI	/scratch/grmpy/SLURM_11194840_88/job-11194840-88-sub-20461/ds/inputs/data/qsiprep/qsiprep/sub-20461/ses-1/dwi/sub-20461_ses-1_acq-multiband_dir-AP_space-ACPC_desc-preproc_dwi.nii.gz	0.0	0.2871645390987396	0.1292997300624847	0.2863039672374725	0.2871645390987396	0.2863039672374725	0.1292997300624847	0.3123049736022949	0.3123049736022949	sub-20461	ses-1		dir-AP	acq-multiband	space-ACPC			DSIStudio	autotrackgqi
ProjectionBrainstem_MedialLemniscusL	ng	TORTOISE_model-MAPMRI	/scratch/grmpy/SLURM_11194840_88/job-11194840-88-sub-20461/ds/inputs/data/qsiprep/qsiprep/sub-20461/ses-1/dwi/sub-20461_ses-1_acq-multiband_dir-AP_space-ACPC_desc-preproc_dwi.nii.gz	0.0	0.3420144617557525	0.0558182373642921	0.3464743494987488	0.3420144617557525	0.3464743494987488	0.0558182373642921	0.3496653437614441	0.3496653437614441	sub-20461	ses-1		dir-AP	acq-multiband	space-ACPC			DSIStudio	autotrackgqi
ProjectionBrainstem_MedialLemniscusL	ngpar	TORTOISE_model-MAPMRI	/scratch/grmpy/SLURM_11194840_88/job-11194840-88-sub-20461/ds/inputs/data/qsiprep/qsiprep/sub-20461/ses-1/dwi/sub-20461_ses-1_acq-multiband_dir-AP_space-ACPC_desc-preproc_dwi.nii.gz	0.0	0.1560649573802948	0.0393945761024951	0.1511249244213104	0.1560649573802948	0.1511249244213104	0.0393945761024951	0.1553245931863784	0.1553245931863784	sub-20461	ses-1		dir-AP	acq-multiband	space-ACPC			DSIStudio	autotrackgqi
ProjectionBrainstem_MedialLemniscusL	ngperp	TORTOISE_model-MAPMRI	/scratch/grmpy/SLURM_11194840_88/job-11194840-88-sub-20461/ds/inputs/data/qsiprep/qsiprep/sub-20461/ses-1/dwi/sub-20461_ses-1_acq-multiband_dir-AP_space-ACPC_desc-preproc_dwi.nii.gz	0.0	0.2874635457992553	0.0497307032346725	0.2923713326454162	0.2874635457992553	0.2923713326454162	0.0497307032346725	0.2958651483058929	0.2958651483058929	sub-20461	ses-1		dir-AP	acq-multiband	space-ACPC			DSIStudio	autotrackgqi
ProjectionBrainstem_MedialLemniscusL	pa	TORTOISE_model-MAPMRI	/scratch/grmpy/SLURM_11194840_88/job-11194840-88-sub-20461/ds/inputs/data/qsiprep/qsiprep/sub-20461/ses-1/dwi/sub-20461_ses-1_acq-multiband_dir-AP_space-ACPC_desc-preproc_dwi.nii.gz	0.0	0.8043822646141052	0.1472574919462204	0.8474361896514893	0.8043822646141052	0.8474361896514893	0.1472574919462204	0.836840033531189	0.836840033531189	sub-20461	ses-1		dir-AP	acq-multiband	space-ACPC			DSIStudio	autotrackgqi
ProjectionBrainstem_MedialLemniscusL	path	TORTOISE_model-MAPMRI	/scratch/grmpy/SLURM_11194840_88/job-11194840-88-sub-20461/ds/inputs/data/qsiprep/qsiprep/sub-20461/ses-1/dwi/sub-20461_ses-1_acq-multiband_dir-AP_space-ACPC_desc-preproc_dwi.nii.gz	0.0	0.3228378295898437	0.0839029625058174	0.326554000377655	0.3228378295898437	0.326554000377655	0.0839029625058174	0.3378281593322754	0.3378281593322754	sub-20461	ses-1		dir-AP	acq-multiband	space-ACPC			DSIStudio	autotrackgqi
ProjectionBrainstem_MedialLemniscusL	rd	TORTOISE_model-MAPMRI	/scratch/grmpy/SLURM_11194840_88/job-11194840-88-sub-20461/ds/inputs/data/qsiprep/qsiprep/sub-20461/ses-1/dwi/sub-20461_ses-1_acq-multiband_dir-AP_space-ACPC_desc-preproc_dwi.nii.gz	0.0	648.5080207302882	380.76868105277794	570.1073686229042	648.5080207302882	570.1073686229042	380.76868105277794	623.6768244150464	623.6768244150464	sub-20461	ses-1		dir-AP	acq-multiband	space-ACPC			DSIStudio	autotrackgqi
ProjectionBrainstem_MedialLemniscusL	rtap	TORTOISE_model-MAPMRI	/scratch/grmpy/SLURM_11194840_88/job-11194840-88-sub-20461/ds/inputs/data/qsiprep/qsiprep/sub-20461/ses-1/dwi/sub-20461_ses-1_acq-multiband_dir-AP_space-ACPC_desc-preproc_dwi.nii.gz	0.0	0.0157894641160964	0.0052873017266392	0.0156863816082477	0.0157894641160964	0.0156863816082477	0.0052873017266392	0.0162362493574619	0.0162362493574619	sub-20461	ses-1		dir-AP	acq-multiband	space-ACPC			DSIStudio	autotrackgqi
ProjectionBrainstem_MedialLemniscusL	rtop	TORTOISE_model-MAPMRI	/scratch/grmpy/SLURM_11194840_88/job-11194840-88-sub-20461/ds/inputs/data/qsiprep/qsiprep/sub-20461/ses-1/dwi/sub-20461_ses-1_acq-multiband_dir-AP_space-ACPC_desc-preproc_dwi.nii.gz	0.0	0.0003316567162983	0.0001018640614347	0.0003396905667614	0.0003316567162983	0.0003396905667614	0.0001018640614347	0.0003361035778652	0.0003361035778652	sub-20461	ses-1		dir-AP	acq-multiband	space-ACPC			DSIStudio	autotrackgqi
ProjectionBrainstem_MedialLemniscusL	rtpp	TORTOISE_model-MAPMRI	/scratch/grmpy/SLURM_11194840_88/job-11194840-88-sub-20461/ds/inputs/data/qsiprep/qsiprep/sub-20461/ses-1/dwi/sub-20461_ses-1_acq-multiband_dir-AP_space-ACPC_desc-preproc_dwi.nii.gz	0.0	0.046654425561428	0.0058835567906498	0.0475066527724266	0.046654425561428	0.0475066527724266	0.0058835567906498	0.0458624474704265	0.0458624474704265	sub-20461	ses-1		dir-AP	acq-multiband	space-ACPC			DSIStudio	autotrackgqi
ProjectionBasalGanglia_FornixR	ad	TORTOISE_model-MAPMRI	/scratch/grmpy/SLURM_11194840_88/job-11194840-88-sub-20461/ds/inputs/data/qsiprep/qsiprep/sub-20461/ses-1/dwi/sub-20461_ses-1_acq-multiband_dir-AP_space-ACPC_desc-preproc_dwi.nii.gz	0.0	1788.9603381829286	815.7507966854802	1622.7691610730474	1788.9603381829286	1622.7691610730474	815.7507966854802	1866.5070783059589	1866.5070783059589	sub-20461	ses-1		dir-AP	acq-multiband	space-ACPC			DSIStudio	autotrackgqi
ProjectionBasalGanglia_FornixR	am	TORTOISE_model-MAPMRI	/scratch/grmpy/SLURM_11194840_88/job-11194840-88-sub-20461/ds/inputs/data/qsiprep/qsiprep/sub-20461/ses-1/dwi/sub-20461_ses-1_acq-multiband_dir-AP_space-ACPC_desc-preproc_dwi.nii.gz	0.0	8163.91162109375	2553.018310546875	7692.873046875	8163.91162109375	7692.873046875	2553.018310546875	7885.49169921875	7885.49169921875	sub-20461	ses-1		dir-AP	acq-multiband	space-ACPC			DSIStudio	autotrackgqi
ProjectionBasalGanglia_FornixR	fa	TORTOISE_model-MAPMRI	/scratch/grmpy/SLURM_11194840_88/job-11194840-88-sub-20461/ds/inputs/data/qsiprep/qsiprep/sub-20461/ses-1/dwi/sub-20461_ses-1_acq-multiband_dir-AP_space-ACPC_desc-preproc_dwi.nii.gz	0.0	0.2904915308492996	0.1806784391527717	0.2442934230404701	0.2904915308492996	0.2442934230404701	0.1806784391527717	0.3618155235402946	0.3618155235402946	sub-20461	ses-1		dir-AP	acq-multiband	space-ACPC			DSIStudio	autotrackgqi
ProjectionBasalGanglia_FornixR	li	TORTOISE_model-MAPMRI	/scratch/grmpy/SLURM_11194840_88/job-11194840-88-sub-20461/ds/inputs/data/qsiprep/qsiprep/sub-20461/ses-1/dwi/sub-20461_ses-1_acq-multiband_dir-AP_space-ACPC_desc-preproc_dwi.nii.gz	0.0	0.1744274348020553	0.1353264302015304	0.1328805088996887	0.1744274348020553	0.1328805088996887	0.1353264302015304	0.2287218868732452	0.2287218868732452	sub-20461	ses-1		dir-AP	acq-multiband	space-ACPC			DSIStudio	autotrackgqi
ProjectionBasalGanglia_FornixR	ng	TORTOISE_model-MAPMRI	/scratch/grmpy/SLURM_11194840_88/job-11194840-88-sub-20461/ds/inputs/data/qsiprep/qsiprep/sub-20461/ses-1/dwi/sub-20461_ses-1_acq-multiband_dir-AP_space-ACPC_desc-preproc_dwi.nii.gz	0.0	0.2895935475826263	0.093134619295597	0.2912415266036987	0.2895935475826263	0.2912415266036987	0.093134619295597	0.3203074336051941	0.3203074336051941	sub-20461	ses-1		dir-AP	acq-multiband	space-ACPC			DSIStudio	autotrackgqi
ProjectionBasalGanglia_FornixR	ngpar	TORTOISE_model-MAPMRI	/scratch/grmpy/SLURM_11194840_88/job-11194840-88-sub-20461/ds/inputs/data/qsiprep/qsiprep/sub-20461/ses-1/dwi/sub-20461_ses-1_acq-multiband_dir-AP_space-ACPC_desc-preproc_dwi.nii.gz	0.0	0.1382095962762832	0.0426776781678199	0.1347120404243469	0.1382095962762832	0.1347120404243469	0.0426776781678199	0.1457955837249755	0.1457955837249755	sub-20461	ses-1		dir-AP	acq-multiband	space-ACPC			DSIStudio	autotrackgqi
ProjectionBasalGanglia_FornixR	ngperp	TORTOISE_model-MAPMRI	/scratch/grmpy/SLURM_11194840_88/job-11194840-88-sub-20461/ds/inputs/data/qsiprep/qsiprep/sub-20461/ses-1/dwi/sub-20461_ses-1_acq-multiband_dir-AP_space-ACPC_desc-preproc_dwi.nii.gz	0.0	0.2495220452547073	0.0819847956299781	0.2524749934673309	0.2495220452547073	0.2524749934673309	0.0819847956299781	0.2728113532066345	0.2728113532066345	sub-20461	ses-1		dir-AP	acq-multiband	space-ACPC			DSIStudio	autotrackgqi
ProjectionBasalGanglia_FornixR	pa	TORTOISE_model-MAPMRI	/scratch/grmpy/SLURM_11194840_88/job-11194840-88-sub-20461/ds/inputs/data/qsiprep/qsiprep/sub-20461/ses-1/dwi/sub-20461_ses-1_acq-multiband_dir-AP_space-ACPC_desc-preproc_dwi.nii.gz	0.0	0.6089944243431091	0.2287039309740066	0.6221247315406799	0.6089944243431091	0.6221247315406799	0.2287039309740066	0.6941617131233215	0.6941617131233215	sub-20461	ses-1		dir-AP	acq-multiband	space-ACPC			DSIStudio	autotrackgqi
ProjectionBasalGanglia_FornixR	path	TORTOISE_model-MAPMRI	/scratch/grmpy/SLURM_11194840_88/job-11194840-88-sub-20461/ds/inputs/data/qsiprep/qsiprep/sub-20461/ses-1/dwi/sub-20461_ses-1_acq-multiband_dir-AP_space-ACPC_desc-preproc_dwi.nii.gz	0.0	0.2362167984247207	0.106404110789299	0.2157254070043563	0.2362167984247207	0.2157254070043563	0.106404110789299	0.2795732319355011	0.2795732319355011	sub-20461	ses-1		dir-AP	acq-multiband	space-ACPC			DSIStudio	autotrackgqi
ProjectionBasalGanglia_FornixR	rd	TORTOISE_model-MAPMRI	/scratch/grmpy/SLURM_11194840_88/job-11194840-88-sub-20461/ds/inputs/data/qsiprep/qsiprep/sub-20461/ses-1/dwi/sub-20461_ses-1_acq-multiband_dir-AP_space-ACPC_desc-preproc_dwi.nii.gz	0.0	1180.3913326162838	731.1996349848544	871.564038972999	1180.3913326162838	871.564038972999	731.1996349848544	1093.5125095889823	1093.5125095889823	sub-20461	ses-1		dir-AP	acq-multiband	space-ACPC			DSIStudio	autotrackgqi
ProjectionBasalGanglia_FornixR	rtap	TORTOISE_model-MAPMRI	/scratch/grmpy/SLURM_11194840_88/job-11194840-88-sub-20461/ds/inputs/data/qsiprep/qsiprep/sub-20461/ses-1/dwi/sub-20461_ses-1_acq-multiband_dir-AP_space-ACPC_desc-preproc_dwi.nii.gz	0.0	0.0090941619127988	0.0058311424218118	0.0084059927612543	0.0090941619127988	0.0084059927612543	0.0058311424218118	0.0107831694185733	0.0107831694185733	sub-20461	ses-1		dir-AP	acq-multiband	space-ACPC			DSIStudio	autotrackgqi
ProjectionBasalGanglia_FornixR	rtop	TORTOISE_model-MAPMRI	/scratch/grmpy/SLURM_11194840_88/job-11194840-88-sub-20461/ds/inputs/data/qsiprep/qsiprep/sub-20461/ses-1/dwi/sub-20461_ses-1_acq-multiband_dir-AP_space-ACPC_desc-preproc_dwi.nii.gz	0.0	0.0001724639732856	0.000109212785901	0.0001758039579726	0.0001724639732856	0.0001758039579726	0.000109212785901	0.0001919819187605	0.0001919819187605	sub-20461	ses-1		dir-AP	acq-multiband	space-ACPC			DSIStudio	autotrackgqi
ProjectionBasalGanglia_FornixR	rtpp	TORTOISE_model-MAPMRI	/scratch/grmpy/SLURM_11194840_88/job-11194840-88-sub-20461/ds/inputs/data/qsiprep/qsiprep/sub-20461/ses-1/dwi/sub-20461_ses-1_acq-multiband_dir-AP_space-ACPC_desc-preproc_dwi.nii.gz	0.0	0.039794273674488	0.0094086052849888	0.0393467135727405	0.039794273674488	0.0393467135727405	0.0094086052849888	0.0382613688707351	0.0382613688707351	sub-20461	ses-1		dir-AP	acq-multiband	space-ACPC			DSIStudio	autotrackgqi
ProjectionBasalGanglia_OpticRadiationL	ad	TORTOISE_model-MAPMRI	/scratch/grmpy/SLURM_11194840_88/job-11194840-88-sub-20461/ds/inputs/data/qsiprep/qsiprep/sub-20461/ses-1/dwi/sub-20461_ses-1_acq-multiband_dir-AP_space-ACPC_desc-preproc_dwi.nii.gz	0.0	1244.9510879213562	427.59700656616	1147.7455815667176	1244.9510879213562	1147.7455815667176	427.59700656616	1314.91658268516	1314.91658268516	sub-20461	ses-1		dir-AP	acq-multiband	space-ACPC			DSIStudio	autotrackgqi
ProjectionBasalGanglia_OpticRadiationL	am	TORTOISE_model-MAPMRI	/scratch/grmpy/SLURM_11194840_88/job-11194840-88-sub-20461/ds/inputs/data/qsiprep/qsiprep/sub-20461/ses-1/dwi/sub-20461_ses-1_acq-multiband_dir-AP_space-ACPC_desc-preproc_dwi.nii.gz	0.0	5524.90234375	1201.084716796875	5388.7138671875	5524.90234375	5388.7138671875	1201.084716796875	5348.2548828125	5348.2548828125	sub-20461	ses-1		dir-AP	acq-multiband	space-ACPC			DSIStudio	autotrackgqi
ProjectionBasalGanglia_OpticRadiationL	fa	TORTOISE_model-MAPMRI	/scratch/grmpy/SLURM_11194840_88/job-11194840-88-sub-20461/ds/inputs/data/qsiprep/qsiprep/sub-20461/ses-1/dwi/sub-20461_ses-1_acq-multiband_dir-AP_space-ACPC_desc-preproc_dwi.nii.gz	0.0	0.3809532931447928	0.1853510095560724	0.384876450423225	0.3809532931447928	0.384876450423225	0.1853510095560724	0.4860890869703471	0.4860890869703471	sub-20461	ses-1		dir-AP	acq-multiband	space-ACPC			DSIStudio	autotrackgqi
ProjectionBasalGanglia_OpticRadiationL	li	TORTOISE_model-MAPMRI	/scratch/grmpy/SLURM_11194840_88/job-11194840-88-sub-20461/ds/inputs/data/qsiprep/qsiprep/sub-20461/ses-1/dwi/sub-20461_ses-1_acq-multiband_dir-AP_space-ACPC_desc-preproc_dwi.nii.gz	0.0	0.2150635123252868	0.1363300383090973	0.2016946673393249	0.2150635123252868	0.2016946673393249	0.1363300383090973	0.292512983083725	0.292512983083725	sub-20461	ses-1		dir-AP	acq-multiband	space-ACPC			DSIStudio	autotrackgqi
ProjectionBasalGanglia_OpticRadiationL	ng	TORTOISE_model-MAPMRI	/scratch/grmpy/SLURM_11194840_88/job-11194840-88-sub-20461/ds/inputs/data/qsiprep/qsiprep/sub-20461/ses-1/dwi/sub-20461_ses-1_acq-multiband_dir-AP_space-ACPC_desc-preproc_dwi.nii.gz	0.0	0.3241162598133087	0.0669209510087966	0.3351796865463257	0.3241162598133087	0.3351796865463257	0.0669209510087966	0.3443311154842376	0.3443311154842376	sub-20461	ses-1		dir-AP	acq-multiband	space-ACPC			DSIStudio	autotrackgqi
ProjectionBasalGanglia_OpticRadiationL	ngpar	TORTOISE_model-MAPMRI	/scratch/grmpy/SLURM_11194840_88/job-11194840-88-sub-20461/ds/inputs/data/qsiprep/qsiprep/sub-20461/ses-1/dwi/sub-20461_ses-1_acq-multiband_dir-AP_space-ACPC_desc-preproc_dwi.nii.gz	0.0	0.1493316441774368	0.0450016185641288	0.1480945348739624	0.1493316441774368	0.1480945348739624	0.0450016185641288	0.133490189909935	0.133490189909935	sub-20461	ses-1		dir-AP	acq-multiband	space-ACPC			DSIStudio	autotrackgqi
ProjectionBasalGanglia_OpticRadiationL	ngperp	TORTOISE_model-MAPMRI	/scratch/grmpy/SLURM_11194840_88/job-11194840-88-sub-20461/ds/inputs/data/qsiprep/qsiprep/sub-20461/ses-1/dwi/sub-20461_ses-1_acq-multiband_dir-AP_space-ACPC_desc-preproc_dwi.nii.gz	0.0	0.2712698578834533	0.0617476664483547	0.2829233407974243	0.2712698578834533	0.2829233407974243	0.0617476664483547	0.2929045259952545	0.2929045259952545	sub-20461	ses-1		dir-AP	acq-multiband	space-ACPC			DSIStudio	autotrackgqi
ProjectionBasalGanglia_OpticRadiationL	pa	TORTOISE_model-MAPMRI	/scratch/grmpy/SLURM_11194840_88/job-11194840-88-sub-20461/ds/inputs/data/qsiprep/qsiprep/sub-20461/ses-1/dwi/sub-20461_ses-1_acq-multiband_dir-AP_space-ACPC_desc-preproc_dwi.nii.gz	0.0	0.724582314491272	0.2081714868545532	0.7939049005508423	0.724582314491272	0.7939049005508423	0.2081714868545532	0.8365885615348816	0.8365885615348816	sub-20461	ses-1		dir-AP	acq-multiband	space-ACPC			DSIStudio	autotrackgqi
ProjectionBasalGanglia_OpticRadiationL	path	TORTOISE_model-MAPMRI	/scratch/grmpy/SLURM_11194840_88/job-11194840-88-sub-20461/ds/inputs/data/qsiprep/qsiprep/sub-20461/ses-1/dwi/sub-20461_ses-1_acq-multiband_dir-AP_space-ACPC_desc-preproc_dwi.nii.gz	0.0	0.2895931899547577	0.105169765651226	0.2912514209747314	0.2895931899547577	0.2912514209747314	0.105169765651226	0.3525204658508301	0.3525204658508301	sub-20461	ses-1		dir-AP	acq-multiband	space-ACPC			DSIStudio	autotrackgqi
ProjectionBasalGanglia_OpticRadiationL	rd	TORTOISE_model-MAPMRI	/scratch/grmpy/SLURM_11194840_88/job-11194840-88-sub-20461/ds/inputs/data/qsiprep/qsiprep/sub-20461/ses-1/dwi/sub-20461_ses-1_acq-multiband_dir-AP_space-ACPC_desc-preproc_dwi.nii.gz	0.0	695.6830671827669	399.6175604130732	600.3540883565496	695.6830671827669	600.3540883565496	399.6175604130732	592.4394697385923	592.4394697385923	sub-20461	ses-1		dir-AP	acq-multiband	space-ACPC			DSIStudio	autotrackgqi
ProjectionBasalGanglia_OpticRadiationL	rtap	TORTOISE_model-MAPMRI	/scratch/grmpy/SLURM_11194840_88/job-11194840-88-sub-20461/ds/inputs/data/qsiprep/qsiprep/sub-20461/ses-1/dwi/sub-20461_ses-1_acq-multiband_dir-AP_space-ACPC_desc-preproc_dwi.nii.gz	0.0	0.0142986122518777	0.0050818771123886	0.0142856175079941	0.0142986122518777	0.0142856175079941	0.0050818771123886	0.0170493125915527	0.0170493125915527	sub-20461	ses-1		dir-AP	acq-multiband	space-ACPC			DSIStudio	autotrackgqi
ProjectionBasalGanglia_OpticRadiationL	rtop	TORTOISE_model-MAPMRI	/scratch/grmpy/SLURM_11194840_88/job-11194840-88-sub-20461/ds/inputs/data/qsiprep/qsiprep/sub-20461/ses-1/dwi/sub-20461_ses-1_acq-multiband_dir-AP_space-ACPC_desc-preproc_dwi.nii.gz	0.0	0.0003012357919942	8.849050209391862e-05	0.0003197119222022	0.0003012357919942	0.0003197119222022	8.849050209391862e-05	0.00033636711305	0.00033636711305	sub-20461	ses-1		dir-AP	acq-multiband	space-ACPC			DSIStudio	autotrackgqi
ProjectionBasalGanglia_OpticRadiationL	rtpp	TORTOISE_model-MAPMRI	/scratch/grmpy/SLURM_11194840_88/job-11194840-88-sub-20461/ds/inputs/data/qsiprep/qsiprep/sub-20461/ses-1/dwi/sub-20461_ses-1_acq-multiband_dir-AP_space-ACPC_desc-preproc_dwi.nii.gz	0.0	0.0477300509810447	0.0067245871759951	0.0484977886080741	0.0477300509810447	0.0484977886080741	0.0067245871759951	0.0459721460938453	0.0459721460938453	sub-20461	ses-1		dir-AP	acq-multiband	space-ACPC			DSIStudio	autotrackgqi
ProjectionBrainstem_CorticobulbarTractR	ad	TORTOISE_model-MAPMRI	/scratch/grmpy/SLURM_11194840_88/job-11194840-88-sub-20461/ds/inputs/data/qsiprep/qsiprep/sub-20461/ses-1/dwi/sub-20461_ses-1_acq-multiband_dir-AP_space-ACPC_desc-preproc_dwi.nii.gz	0.0	1222.976986986799	291.29756916983587	1145.1851898573111	1222.976986986799	1145.1851898573111	291.29756916983587	1251.6549094523168	1251.6549094523168	sub-20461	ses-1		dir-AP	acq-multiband	space-ACPC			DSIStudio	autotrackgqi
ProjectionBrainstem_CorticobulbarTractR	am	TORTOISE_model-MAPMRI	/scratch/grmpy/SLURM_11194840_88/job-11194840-88-sub-20461/ds/inputs/data/qsiprep/qsiprep/sub-20461/ses-1/dwi/sub-20461_ses-1_acq-multiband_dir-AP_space-ACPC_desc-preproc_dwi.nii.gz	0.0	5288.818359375	816.4631958007812	5186.75048828125	5288.818359375	5186.75048828125	816.4631958007812	5306.876953125	5306.876953125	sub-20461	ses-1		dir-AP	acq-multiband	space-ACPC			DSIStudio	autotrackgqi
ProjectionBrainstem_CorticobulbarTractR	fa	TORTOISE_model-MAPMRI	/scratch/grmpy/SLURM_11194840_88/job-11194840-88-sub-20461/ds/inputs/data/qsiprep/qsiprep/sub-20461/ses-1/dwi/sub-20461_ses-1_acq-multiband_dir-AP_space-ACPC_desc-preproc_dwi.nii.gz	0.0	0.4905407266551705	0.1294842286024403	0.4992720958794439	0.4905407266551705	0.4992720958794439	0.1294842286024403	0.512257724402443	0.512257724402443	sub-20461	ses-1		dir-AP	acq-multiband	space-ACPC			DSIStudio	autotrackgqi
ProjectionBrainstem_CorticobulbarTractR	li	TORTOISE_model-MAPMRI	/scratch/grmpy/SLURM_11194840_88/job-11194840-88-sub-20461/ds/inputs/data/qsiprep/qsiprep/sub-20461/ses-1/dwi/sub-20461_ses-1_acq-multiband_dir-AP_space-ACPC_desc-preproc_dwi.nii.gz	0.0	0.3132104277610779	0.1232606992125511	0.3245576918125152	0.3132104277610779	0.3245576918125152	0.1232606992125511	0.3352561295032501	0.3352561295032501	sub-20461	ses-1		dir-AP	acq-multiband	space-ACPC			DSIStudio	autotrackgqi
ProjectionBrainstem_CorticobulbarTractR	ng	TORTOISE_model-MAPMRI	/scratch/grmpy/SLURM_11194840_88/job-11194840-88-sub-20461/ds/inputs/data/qsiprep/qsiprep/sub-20461/ses-1/dwi/sub-20461_ses-1_acq-multiband_dir-AP_space-ACPC_desc-preproc_dwi.nii.gz	0.0	0.3510782420635223	0.0425869598984718	0.3540458083152771	0.3510782420635223	0.3540458083152771	0.0425869598984718	0.3555503189563751	0.3555503189563751	sub-20461	ses-1		dir-AP	acq-multiband	space-ACPC			DSIStudio	autotrackgqi
ProjectionBrainstem_CorticobulbarTractR	ngpar	TORTOISE_model-MAPMRI	/scratch/grmpy/SLURM_11194840_88/job-11194840-88-sub-20461/ds/inputs/data/qsiprep/qsiprep/sub-20461/ses-1/dwi/sub-20461_ses-1_acq-multiband_dir-AP_space-ACPC_desc-preproc_dwi.nii.gz	0.0	0.1551212221384048	0.0451267212629318	0.1427048146724701	0.1551212221384048	0.1427048146724701	0.0451267212629318	0.1585903167724609	0.1585903167724609	sub-20461	ses-1		dir-AP	acq-multiband	space-ACPC			DSIStudio	autotrackgqi
ProjectionBrainstem_CorticobulbarTractR	ngperp	TORTOISE_model-MAPMRI	/scratch/grmpy/SLURM_11194840_88/job-11194840-88-sub-20461/ds/inputs/data/qsiprep/qsiprep/sub-20461/ses-1/dwi/sub-20461_ses-1_acq-multiband_dir-AP_space-ACPC_desc-preproc_dwi.nii.gz	0.0	0.2918679416179657	0.0474853552877903	0.2982766926288605	0.2918679416179657	0.2982766926288605	0.0474853552877903	0.2965565919876098	0.2965565919876098	sub-20461	ses-1		dir-AP	acq-multiband	space-ACPC			DSIStudio	autotrackgqi
ProjectionBrainstem_CorticobulbarTractR	pa	TORTOISE_model-MAPMRI	/scratch/grmpy/SLURM_11194840_88/job-11194840-88-sub-20461/ds/inputs/data/qsiprep/qsiprep/sub-20461/ses-1/dwi/sub-20461_ses-1_acq-multiband_dir-AP_space-ACPC_desc-preproc_dwi.nii.gz	0.0	0.8432584404945374	0.1040349751710891	0.880082368850708	0.8432584404945374	0.880082368850708	0.1040349751710891	0.855898380279541	0.855898380279541	sub-20461	ses-1		dir-AP	acq-multiband	space-ACPC			DSIStudio	autotrackgqi
ProjectionBrainstem_CorticobulbarTractR	path	TORTOISE_model-MAPMRI	/scratch/grmpy/SLURM_11194840_88/job-11194840-88-sub-20461/ds/inputs/data/qsiprep/qsiprep/sub-20461/ses-1/dwi/sub-20461_ses-1_acq-multiband_dir-AP_space-ACPC_desc-preproc_dwi.nii.gz	0.0	0.3447648882865906	0.0734665989875793	0.3542169332504272	0.3447648882865906	0.3542169332504272	0.0734665989875793	0.3566638231277466	0.3566638231277466	sub-20461	ses-1		dir-AP	acq-multiband	space-ACPC			DSIStudio	autotrackgqi
ProjectionBrainstem_CorticobulbarTractR	rd	TORTOISE_model-MAPMRI	/scratch/grmpy/SLURM_11194840_88/job-11194840-88-sub-20461/ds/inputs/data/qsiprep/qsiprep/sub-20461/ses-1/dwi/sub-20461_ses-1_acq-multiband_dir-AP_space-ACPC_desc-preproc_dwi.nii.gz	0.0	543.7792328412593	141.84816086227403	508.6609705185134	543.7792328412593	508.6609705185134	141.84816086227403	529.7912933565741	529.7912933565741	sub-20461	ses-1		dir-AP	acq-multiband	space-ACPC			DSIStudio	autotrackgqi
ProjectionBrainstem_CorticobulbarTractR	rtap	TORTOISE_model-MAPMRI	/scratch/grmpy/SLURM_11194840_88/job-11194840-88-sub-20461/ds/inputs/data/qsiprep/qsiprep/sub-20461/ses-1/dwi/sub-20461_ses-1_acq-multiband_dir-AP_space-ACPC_desc-preproc_dwi.nii.gz	0.0	0.0177938435226678	0.0042990827932953	0.0177829377353191	0.0177938435226678	0.0177829377353191	0.0042990827932953	0.0183940418064594	0.0183940418064594	sub-20461	ses-1		dir-AP	acq-multiband	space-ACPC			DSIStudio	autotrackgqi
ProjectionBrainstem_CorticobulbarTractR	rtop	TORTOISE_model-MAPMRI	/scratch/grmpy/SLURM_11194840_88/job-11194840-88-sub-20461/ds/inputs/data/qsiprep/qsiprep/sub-20461/ses-1/dwi/sub-20461_ses-1_acq-multiband_dir-AP_space-ACPC_desc-preproc_dwi.nii.gz	0.0	0.0003803110739681	8.379350765608251e-05	0.0003990463737864	0.0003803110739681	0.0003990463737864	8.379350765608251e-05	0.0003913910477422	0.0003913910477422	sub-20461	ses-1		dir-AP	acq-multiband	space-ACPC			DSIStudio	autotrackgqi
ProjectionBrainstem_CorticobulbarTractR	rtpp	TORTOISE_model-MAPMRI	/scratch/grmpy/SLURM_11194840_88/job-11194840-88-sub-20461/ds/inputs/data/qsiprep/qsiprep/sub-20461/ses-1/dwi/sub-20461_ses-1_acq-multiband_dir-AP_space-ACPC_desc-preproc_dwi.nii.gz	0.0	0.0483977310359478	0.0064731631428003	0.0493301600217819	0.0483977310359478	0.0493301600217819	0.0064731631428003	0.0477831810712814	0.0477831810712814	sub-20461	ses-1		dir-AP	acq-multiband	space-ACPC			DSIStudio	autotrackgqi
ProjectionBrainstem_NonDecussatingDentatorubrothalamicTractL	ad	TORTOISE_model-MAPMRI	/scratch/grmpy/SLURM_11194840_88/job-11194840-88-sub-20461/ds/inputs/data/qsiprep/qsiprep/sub-20461/ses-1/dwi/sub-20461_ses-1_acq-multiband_dir-AP_space-ACPC_desc-preproc_dwi.nii.gz	0.0	1207.188274828218	289.3881342307224	1152.3859254588383	1207.188274828218	1152.3859254588383	289.3881342307224	1253.0180044036283	1253.0180044036283	sub-20461	ses-1		dir-AP	acq-multiband	space-ACPC			DSIStudio	autotrackgqi
ProjectionBrainstem_NonDecussatingDentatorubrothalamicTractL	am	TORTOISE_model-MAPMRI	/scratch/grmpy/SLURM_11194840_88/job-11194840-88-sub-20461/ds/inputs/data/qsiprep/qsiprep/sub-20461/ses-1/dwi/sub-20461_ses-1_acq-multiband_dir-AP_space-ACPC_desc-preproc_dwi.nii.gz	0.0	5580.8662109375	1085.8468017578125	5531.5341796875	5580.8662109375	5531.5341796875	1085.8468017578125	5768.84912109375	5768.84912109375	sub-20461	ses-1		dir-AP	acq-multiband	space-ACPC			DSIStudio	autotrackgqi
ProjectionBrainstem_NonDecussatingDentatorubrothalamicTractL	fa	TORTOISE_model-MAPMRI	/scratch/grmpy/SLURM_11194840_88/job-11194840-88-sub-20461/ds/inputs/data/qsiprep/qsiprep/sub-20461/ses-1/dwi/sub-20461_ses-1_acq-multiband_dir-AP_space-ACPC_desc-preproc_dwi.nii.gz	0.0	0.4368929449168959	0.1650103977800507	0.4384881402254332	0.4368929449168959	0.4384881402254332	0.1650103977800507	0.4964197555425277	0.4964197555425277	sub-20461	ses-1		dir-AP	acq-multiband	space-ACPC			DSIStudio	autotrackgqi
ProjectionBrainstem_NonDecussatingDentatorubrothalamicTractL	li	TORTOISE_model-MAPMRI	/scratch/grmpy/SLURM_11194840_88/job-11194840-88-sub-20461/ds/inputs/data/qsiprep/qsiprep/sub-20461/ses-1/dwi/sub-20461_ses-1_acq-multiband_dir-AP_space-ACPC_desc-preproc_dwi.nii.gz	0.0	0.2823735773563385	0.1370364129543304	0.2765509486198425	0.2823735773563385	0.2765509486198425	0.1370364129543304	0.3219037652015686	0.3219037652015686	sub-20461	ses-1		dir-AP	acq-multiband	space-ACPC			DSIStudio	autotrackgqi
ProjectionBrainstem_NonDecussatingDentatorubrothalamicTractL	ng	TORTOISE_model-MAPMRI	/scratch/grmpy/SLURM_11194840_88/job-11194840-88-sub-20461/ds/inputs/data/qsiprep/qsiprep/sub-20461/ses-1/dwi/sub-20461_ses-1_acq-multiband_dir-AP_space-ACPC_desc-preproc_dwi.nii.gz	0.0	0.3396082818508148	0.0496468320488929	0.3498865365982055	0.3396082818508148	0.3498865365982055	0.0496468320488929	0.3476204574108124	0.3476204574108124	sub-20461	ses-1		dir-AP	acq-multiband	space-ACPC			DSIStudio	autotrackgqi
ProjectionBrainstem_NonDecussatingDentatorubrothalamicTractL	ngpar	TORTOISE_model-MAPMRI	/scratch/grmpy/SLURM_11194840_88/job-11194840-88-sub-20461/ds/inputs/data/qsiprep/qsiprep/sub-20461/ses-1/dwi/sub-20461_ses-1_acq-multiband_dir-AP_space-ACPC_desc-preproc_dwi.nii.gz	0.0	0.1546011418104171	0.0354271605610847	0.1524446457624435	0.1546011418104171	0.1524446457624435	0.0354271605610847	0.1555172502994537	0.1555172502994537	sub-20461	ses-1		dir-AP	acq-multiband	space-ACPC			DSIStudio	autotrackgqi
ProjectionBrainstem_NonDecussatingDentatorubrothalamicTractL	ngperp	TORTOISE_model-MAPMRI	/scratch/grmpy/SLURM_11194840_88/job-11194840-88-sub-20461/ds/inputs/data/qsiprep/qsiprep/sub-20461/ses-1/dwi/sub-20461_ses-1_acq-multiband_dir-AP_space-ACPC_desc-preproc_dwi.nii.gz	0.0	0.2880679368972778	0.0474896840751171	0.2975984215736389	0.2880679368972778	0.2975984215736389	0.0474896840751171	0.2945442795753479	0.2945442795753479	sub-20461	ses-1		dir-AP	acq-multiband	space-ACPC			DSIStudio	autotrackgqi
ProjectionBrainstem_NonDecussatingDentatorubrothalamicTractL	pa	TORTOISE_model-MAPMRI	/scratch/grmpy/SLURM_11194840_88/job-11194840-88-sub-20461/ds/inputs/data/qsiprep/qsiprep/sub-20461/ses-1/dwi/sub-20461_ses-1_acq-multiband_dir-AP_space-ACPC_desc-preproc_dwi.nii.gz	0.0	0.7915009260177612	0.1581394672393798	0.8412275314331055	0.7915009260177612	0.8412275314331055	0.1581394672393798	0.8388828039169312	0.8388828039169312	sub-20461	ses-1		dir-AP	acq-multiband	space-ACPC			DSIStudio	autotrackgqi
ProjectionBrainstem_NonDecussatingDentatorubrothalamicTractL	path	TORTOISE_model-MAPMRI	/scratch/grmpy/SLURM_11194840_88/job-11194840-88-sub-20461/ds/inputs/data/qsiprep/qsiprep/sub-20461/ses-1/dwi/sub-20461_ses-1_acq-multiband_dir-AP_space-ACPC_desc-preproc_dwi.nii.gz	0.0	0.3178516030311584	0.0899798274040222	0.3219242691993713	0.3178516030311584	0.3219242691993713	0.0899798274040222	0.3463751673698425	0.3463751673698425	sub-20461	ses-1		dir-AP	acq-multiband	space-ACPC			DSIStudio	autotrackgqi
ProjectionBrainstem_NonDecussatingDentatorubrothalamicTractL	rd	TORTOISE_model-MAPMRI	/scratch/grmpy/SLURM_11194840_88/job-11194840-88-sub-20461/ds/inputs/data/qsiprep/qsiprep/sub-20461/ses-1/dwi/sub-20461_ses-1_acq-multiband_dir-AP_space-ACPC_desc-preproc_dwi.nii.gz	0.0	600.7985387414678	251.5108331699968	561.6259723608393	600.7985387414678	561.6259723608393	251.5108331699968	543.2852255973605	543.2852255973605	sub-20461	ses-1		dir-AP	acq-multiband	space-ACPC			DSIStudio	autotrackgqi
ProjectionBrainstem_NonDecussatingDentatorubrothalamicTractL	rtap	TORTOISE_model-MAPMRI	/scratch/grmpy/SLURM_11194840_88/job-11194840-88-sub-20461/ds/inputs/data/qsiprep/qsiprep/sub-20461/ses-1/dwi/sub-20461_ses-1_acq-multiband_dir-AP_space-ACPC_desc-preproc_dwi.nii.gz	0.0	0.0164565611630678	0.0053738038986921	0.0160206630825996	0.0164565611630678	0.0160206630825996	0.0053738038986921	0.0180988833308219	0.0180988833308219	sub-20461	ses-1		dir-AP	acq-multiband	space-ACPC			DSIStudio	autotrackgqi
ProjectionBrainstem_NonDecussatingDentatorubrothalamicTractL	rtop	TORTOISE_model-MAPMRI	/scratch/grmpy/SLURM_11194840_88/job-11194840-88-sub-20461/ds/inputs/data/qsiprep/qsiprep/sub-20461/ses-1/dwi/sub-20461_ses-1_acq-multiband_dir-AP_space-ACPC_desc-preproc_dwi.nii.gz	0.0	0.000353119947249	9.899183351080865e-05	0.0003570838598534	0.000353119947249	0.0003570838598534	9.899183351080865e-05	0.0003780705737881	0.0003780705737881	sub-20461	ses-1		dir-AP	acq-multiband	space-ACPC			DSIStudio	autotrackgqi
ProjectionBrainstem_NonDecussatingDentatorubrothalamicTractL	rtpp	TORTOISE_model-MAPMRI	/scratch/grmpy/SLURM_11194840_88/job-11194840-88-sub-20461/ds/inputs/data/qsiprep/qsiprep/sub-20461/ses-1/dwi/sub-20461_ses-1_acq-multiband_dir-AP_space-ACPC_desc-preproc_dwi.nii.gz	0.0	0.0481117703020572	0.0052088103257119	0.0485109165310859	0.0481117703020572	0.0485109165310859	0.0052088103257119	0.0470818653702735	0.0470818653702735	sub-20461	ses-1		dir-AP	acq-multiband	space-ACPC			DSIStudio	autotrackgqi
ProjectionBrainstem_DentatorubrothalamicTract-lr	ad	TORTOISE_model-MAPMRI	/scratch/grmpy/SLURM_11194840_88/job-11194840-88-sub-20461/ds/inputs/data/qsiprep/qsiprep/sub-20461/ses-1/dwi/sub-20461_ses-1_acq-multiband_dir-AP_space-ACPC_desc-preproc_dwi.nii.gz	0.0	1366.0529550200604	528.9103738905491	1210.0975136623242	1366.0529550200604	1210.0975136623242	528.9103738905491	1422.994860482545	1422.994860482545	sub-20461	ses-1		dir-AP	acq-multiband	space-ACPC			DSIStudio	autotrackgqi
ProjectionBrainstem_DentatorubrothalamicTract-lr	am	TORTOISE_model-MAPMRI	/scratch/grmpy/SLURM_11194840_88/job-11194840-88-sub-20461/ds/inputs/data/qsiprep/qsiprep/sub-20461/ses-1/dwi/sub-20461_ses-1_acq-multiband_dir-AP_space-ACPC_desc-preproc_dwi.nii.gz	0.0	6099.16845703125	1680.6070556640625	5645.921875	6099.16845703125	5645.921875	1680.6070556640625	6339.787109375	6339.787109375	sub-20461	ses-1		dir-AP	acq-multiband	space-ACPC			DSIStudio	autotrackgqi
ProjectionBrainstem_DentatorubrothalamicTract-lr	fa	TORTOISE_model-MAPMRI	/scratch/grmpy/SLURM_11194840_88/job-11194840-88-sub-20461/ds/inputs/data/qsiprep/qsiprep/sub-20461/ses-1/dwi/sub-20461_ses-1_acq-multiband_dir-AP_space-ACPC_desc-preproc_dwi.nii.gz	0.0	0.4727302034005229	0.1695857441018415	0.4681627086737231	0.4727302034005229	0.4681627086737231	0.1695857441018415	0.4887313105832065	0.4887313105832065	sub-20461	ses-1		dir-AP	acq-multiband	space-ACPC			DSIStudio	autotrackgqi
ProjectionBrainstem_DentatorubrothalamicTract-lr	li	TORTOISE_model-MAPMRI	/scratch/grmpy/SLURM_11194840_88/job-11194840-88-sub-20461/ds/inputs/data/qsiprep/qsiprep/sub-20461/ses-1/dwi/sub-20461_ses-1_acq-multiband_dir-AP_space-ACPC_desc-preproc_dwi.nii.gz	0.0	0.3227483928203583	0.1467405557632446	0.3116925954818725	0.3227483928203583	0.3116925954818725	0.1467405557632446	0.3363759517669678	0.3363759517669678	sub-20461	ses-1		dir-AP	acq-multiband	space-ACPC			DSIStudio	autotrackgqi
ProjectionBrainstem_DentatorubrothalamicTract-lr	ng	TORTOISE_model-MAPMRI	/scratch/grmpy/SLURM_11194840_88/job-11194840-88-sub-20461/ds/inputs/data/qsiprep/qsiprep/sub-20461/ses-1/dwi/sub-20461_ses-1_acq-multiband_dir-AP_space-ACPC_desc-preproc_dwi.nii.gz	0.0	0.3578223288059234	0.0463502258062362	0.3620589971542358	0.3578223288059234	0.3620589971542358	0.0463502258062362	0.3535530567169189	0.3535530567169189	sub-20461	ses-1		dir-AP	acq-multiband	space-ACPC			DSIStudio	autotrackgqi
ProjectionBrainstem_DentatorubrothalamicTract-lr	ngpar	TORTOISE_model-MAPMRI	/scratch/grmpy/SLURM_11194840_88/job-11194840-88-sub-20461/ds/inputs/data/qsiprep/qsiprep/sub-20461/ses-1/dwi/sub-20461_ses-1_acq-multiband_dir-AP_space-ACPC_desc-preproc_dwi.nii.gz	0.0	0.1600484848022461	0.0390409156680107	0.1588599234819412	0.1600484848022461	0.1588599234819412	0.0390409156680107	0.1605831086635589	0.1605831086635589	sub-20461	ses-1		dir-AP	acq-multiband	space-ACPC			DSIStudio	autotrackgqi
ProjectionBrainstem_DentatorubrothalamicTract-lr	ngperp	TORTOISE_model-MAPMRI	/scratch/grmpy/SLURM_11194840_88/job-11194840-88-sub-20461/ds/inputs/data/qsiprep/qsiprep/sub-20461/ses-1/dwi/sub-20461_ses-1_acq-multiband_dir-AP_space-ACPC_desc-preproc_dwi.nii.gz	0.0	0.3034603297710418	0.043159857392311	0.3092291951179504	0.3034603297710418	0.3092291951179504	0.043159857392311	0.3010541498661041	0.3010541498661041	sub-20461	ses-1		dir-AP	acq-multiband	space-ACPC			DSIStudio	autotrackgqi
ProjectionBrainstem_DentatorubrothalamicTract-lr	pa	TORTOISE_model-MAPMRI	/scratch/grmpy/SLURM_11194840_88/job-11194840-88-sub-20461/ds/inputs/data/qsiprep/qsiprep/sub-20461/ses-1/dwi/sub-20461_ses-1_acq-multiband_dir-AP_space-ACPC_desc-preproc_dwi.nii.gz	0.0	0.8365589380264282	0.1304519325494766	0.864676296710968	0.8365589380264282	0.864676296710968	0.1304519325494766	0.8391811847686768	0.8391811847686768	sub-20461	ses-1		dir-AP	acq-multiband	space-ACPC			DSIStudio	autotrackgqi
ProjectionBrainstem_DentatorubrothalamicTract-lr	path	TORTOISE_model-MAPMRI	/scratch/grmpy/SLURM_11194840_88/job-11194840-88-sub-20461/ds/inputs/data/qsiprep/qsiprep/sub-20461/ses-1/dwi/sub-20461_ses-1_acq-multiband_dir-AP_space-ACPC_desc-preproc_dwi.nii.gz	0.0	0.3463623225688934	0.0865255072712898	0.3403887748718261	0.3463623225688934	0.3403887748718261	0.0865255072712898	0.3504429161548614	0.3504429161548614	sub-20461	ses-1		dir-AP	acq-multiband	space-ACPC			DSIStudio	autotrackgqi
ProjectionBrainstem_DentatorubrothalamicTract-lr	rd	TORTOISE_model-MAPMRI	/scratch/grmpy/SLURM_11194840_88/job-11194840-88-sub-20461/ds/inputs/data/qsiprep/qsiprep/sub-20461/ses-1/dwi/sub-20461_ses-1_acq-multiband_dir-AP_space-ACPC_desc-preproc_dwi.nii.gz	0.0	672.8525272285174	489.6642988414693	540.1812478181589	672.8525272285174	540.1812478181589	489.6642988414693	691.7833976709443	691.7833976709443	sub-20461	ses-1		dir-AP	acq-multiband	space-ACPC			DSIStudio	autotrackgqi
ProjectionBrainstem_DentatorubrothalamicTract-lr	rtap	TORTOISE_model-MAPMRI	/scratch/grmpy/SLURM_11194840_88/job-11194840-88-sub-20461/ds/inputs/data/qsiprep/qsiprep/sub-20461/ses-1/dwi/sub-20461_ses-1_acq-multiband_dir-AP_space-ACPC_desc-preproc_dwi.nii.gz	0.0	0.0172907896339893	0.0067186136730015	0.0169458277523517	0.0172907896339893	0.0169458277523517	0.0067186136730015	0.0175072029232978	0.0175072029232978	sub-20461	ses-1		dir-AP	acq-multiband	space-ACPC			DSIStudio	autotrackgqi
ProjectionBrainstem_DentatorubrothalamicTract-lr	rtop	TORTOISE_model-MAPMRI	/scratch/grmpy/SLURM_11194840_88/job-11194840-88-sub-20461/ds/inputs/data/qsiprep/qsiprep/sub-20461/ses-1/dwi/sub-20461_ses-1_acq-multiband_dir-AP_space-ACPC_desc-preproc_dwi.nii.gz	0.0	0.0003637973277363	0.0001300652947975	0.0003844713210128	0.0003637973277363	0.0003844713210128	0.0001300652947975	0.0003671953745651	0.0003671953745651	sub-20461	ses-1		dir-AP	acq-multiband	space-ACPC			DSIStudio	autotrackgqi
ProjectionBrainstem_DentatorubrothalamicTract-lr	rtpp	TORTOISE_model-MAPMRI	/scratch/grmpy/SLURM_11194840_88/job-11194840-88-sub-20461/ds/inputs/data/qsiprep/qsiprep/sub-20461/ses-1/dwi/sub-20461_ses-1_acq-multiband_dir-AP_space-ACPC_desc-preproc_dwi.nii.gz	0.0	0.0458928644657135	0.0070165959186851	0.0472138449549675	0.0458928644657135	0.0472138449549675	0.0070165959186851	0.0451187640428543	0.0451187640428543	sub-20461	ses-1		dir-AP	acq-multiband	space-ACPC			DSIStudio	autotrackgqi
ProjectionBasalGanglia_CorticostriatalTractL	ad	TORTOISE_model-MAPMRI	/scratch/grmpy/SLURM_11194840_88/job-11194840-88-sub-20461/ds/inputs/data/qsiprep/qsiprep/sub-20461/ses-1/dwi/sub-20461_ses-1_acq-multiband_dir-AP_space-ACPC_desc-preproc_dwi.nii.gz	0.0010383317469931	1133.22518156939	243.04051394052615	1093.831615391772	1134.403068289081	1094.006251177534	240.40359763364637	1149.5164841861058	1149.5865136217071	sub-20461	ses-1		dir-AP	acq-multiband	space-ACPC			DSIStudio	autotrackgqi
ProjectionBasalGanglia_CorticostriatalTractL	am	TORTOISE_model-MAPMRI	/scratch/grmpy/SLURM_11194840_88/job-11194840-88-sub-20461/ds/inputs/data/qsiprep/qsiprep/sub-20461/ses-1/dwi/sub-20461_ses-1_acq-multiband_dir-AP_space-ACPC_desc-preproc_dwi.nii.gz	0.0010383317469931	5368.34814453125	992.1735229492188	5292.2119140625	5373.92822265625	5293.5556640625	977.4688110351562	5247.3232421875	5247.64306640625	sub-20461	ses-1		dir-AP	acq-multiband	space-ACPC			DSIStudio	autotrackgqi
ProjectionBasalGanglia_CorticostriatalTractL	fa	TORTOISE_model-MAPMRI	/scratch/grmpy/SLURM_11194840_88/job-11194840-88-sub-20461/ds/inputs/data/qsiprep/qsiprep/sub-20461/ses-1/dwi/sub-20461_ses-1_acq-multiband_dir-AP_space-ACPC_desc-preproc_dwi.nii.gz	0.0010383317469931	0.3603239376389538	0.1710050514202464	0.366930277775437	0.3606984623034551	0.3672339867427021	0.1706986594950955	0.4176116568838852	0.4176370980761469	sub-20461	ses-1		dir-AP	acq-multiband	space-ACPC			DSIStudio	autotrackgqi
ProjectionBasalGanglia_CorticostriatalTractL	li	TORTOISE_model-MAPMRI	/scratch/grmpy/SLURM_11194840_88/job-11194840-88-sub-20461/ds/inputs/data/qsiprep/qsiprep/sub-20461/ses-1/dwi/sub-20461_ses-1_acq-multiband_dir-AP_space-ACPC_desc-preproc_dwi.nii.gz	0.0010383317469931	0.2116437554359436	0.1285627633333206	0.2029883712530136	0.2118637263774871	0.2030926942825317	0.1284482628107071	0.2589877843856811	0.2590035498142242	sub-20461	ses-1		dir-AP	acq-multiband	space-ACPC			DSIStudio	autotrackgqi
ProjectionBasalGanglia_CorticostriatalTractL	ng	TORTOISE_model-MAPMRI	/scratch/grmpy/SLURM_11194840_88/job-11194840-88-sub-20461/ds/inputs/data/qsiprep/qsiprep/sub-20461/ses-1/dwi/sub-20461_ses-1_acq-multiband_dir-AP_space-ACPC_desc-preproc_dwi.nii.gz	0.0010383317469931	0.3087882995605469	0.0663150623440742	0.3290145993232727	0.3091092407703399	0.3290862441062927	0.065597616136074	0.3317016065120697	0.3317218124866485	sub-20461	ses-1		dir-AP	acq-multiband	space-ACPC			DSIStudio	autotrackgqi
ProjectionBasalGanglia_CorticostriatalTractL	ngpar	TORTOISE_model-MAPMRI	/scratch/grmpy/SLURM_11194840_88/job-11194840-88-sub-20461/ds/inputs/data/qsiprep/qsiprep/sub-20461/ses-1/dwi/sub-20461_ses-1_acq-multiband_dir-AP_space-ACPC_desc-preproc_dwi.nii.gz	0.0010383317469931	0.1446755230426788	0.0362416952848434	0.1452058851718902	0.1448259055614471	0.1452727019786834	0.0359589643776416	0.1471152305603027	0.1471242010593414	sub-20461	ses-1		dir-AP	acq-multiband	space-ACPC			DSIStudio	autotrackgqi
ProjectionBasalGanglia_CorticostriatalTractL	ngperp	TORTOISE_model-MAPMRI	/scratch/grmpy/SLURM_11194840_88/job-11194840-88-sub-20461/ds/inputs/data/qsiprep/qsiprep/sub-20461/ses-1/dwi/sub-20461_ses-1_acq-multiband_dir-AP_space-ACPC_desc-preproc_dwi.nii.gz	0.0010383317469931	0.2614234089851379	0.0621590577065944	0.275497555732727	0.2616951465606689	0.2755737006664276	0.0616170056164264	0.2823458015918731	0.2823629975318908	sub-20461	ses-1		dir-AP	acq-multiband	space-ACPC			DSIStudio	autotrackgqi
ProjectionBasalGanglia_CorticostriatalTractL	pa	TORTOISE_model-MAPMRI	/scratch/grmpy/SLURM_11194840_88/job-11194840-88-sub-20461/ds/inputs/data/qsiprep/qsiprep/sub-20461/ses-1/dwi/sub-20461_ses-1_acq-multiband_dir-AP_space-ACPC_desc-preproc_dwi.nii.gz	0.0010383317469931	0.6962411403656006	0.2192269116640091	0.7756284475326538	0.6969648599624634	0.7758020758628845	0.2181880176067352	0.777664840221405	0.7777122855186462	sub-20461	ses-1		dir-AP	acq-multiband	space-ACPC			DSIStudio	autotrackgqi
ProjectionBasalGanglia_CorticostriatalTractL	path	TORTOISE_model-MAPMRI	/scratch/grmpy/SLURM_11194840_88/job-11194840-88-sub-20461/ds/inputs/data/qsiprep/qsiprep/sub-20461/ses-1/dwi/sub-20461_ses-1_acq-multiband_dir-AP_space-ACPC_desc-preproc_dwi.nii.gz	0.0010383317469931	0.2732308208942413	0.1013367176055908	0.2810868322849273	0.2735148072242737	0.2811799347400665	0.1010055616497993	0.3065451681613922	0.3065638542175293	sub-20461	ses-1		dir-AP	acq-multiband	space-ACPC			DSIStudio	autotrackgqi
ProjectionBasalGanglia_CorticostriatalTractL	rd	TORTOISE_model-MAPMRI	/scratch/grmpy/SLURM_11194840_88/job-11194840-88-sub-20461/ds/inputs/data/qsiprep/qsiprep/sub-20461/ses-1/dwi/sub-20461_ses-1_acq-multiband_dir-AP_space-ACPC_desc-preproc_dwi.nii.gz	0.0010383317469931	649.3853939262863	236.13997453756124	606.8334573862732	650.0603722482538	607.0599814997656	235.33225584818263	582.3883931099198	582.423872720143	sub-20461	ses-1		dir-AP	acq-multiband	space-ACPC			DSIStudio	autotrackgqi
ProjectionBasalGanglia_CorticostriatalTractL	rtap	TORTOISE_model-MAPMRI	/scratch/grmpy/SLURM_11194840_88/job-11194840-88-sub-20461/ds/inputs/data/qsiprep/qsiprep/sub-20461/ses-1/dwi/sub-20461_ses-1_acq-multiband_dir-AP_space-ACPC_desc-preproc_dwi.nii.gz	0.0012113870381586	0.0142377819865942	0.0046213087625801	0.0141787296161055	0.0142550505697727	0.014183921739459	0.0045974161475896	0.0157933849841356	0.0157944653183221	sub-20461	ses-1		dir-AP	acq-multiband	space-ACPC			DSIStudio	autotrackgqi
ProjectionBasalGanglia_CorticostriatalTractL	rtop	TORTOISE_model-MAPMRI	/scratch/grmpy/SLURM_11194840_88/job-11194840-88-sub-20461/ds/inputs/data/qsiprep/qsiprep/sub-20461/ses-1/dwi/sub-20461_ses-1_acq-multiband_dir-AP_space-ACPC_desc-preproc_dwi.nii.gz	0.0012113870381586	0.0003098989836871	8.655351120978594e-05	0.0003204189706593	0.0003102748305536	0.0003204813110642	8.593006350565702e-05	0.0003403787268325	0.0003404020098969	sub-20461	ses-1		dir-AP	acq-multiband	space-ACPC			DSIStudio	autotrackgqi
ProjectionBasalGanglia_CorticostriatalTractL	rtpp	TORTOISE_model-MAPMRI	/scratch/grmpy/SLURM_11194840_88/job-11194840-88-sub-20461/ds/inputs/data/qsiprep/qsiprep/sub-20461/ses-1/dwi/sub-20461_ses-1_acq-multiband_dir-AP_space-ACPC_desc-preproc_dwi.nii.gz	0.0010383317469931	0.0492659173905849	0.0052712862379848	0.0495726503431797	0.0493171252310276	0.0495788864791393	0.0050289095379412	0.0489206239581108	0.0489236004650592	sub-20461	ses-1		dir-AP	acq-multiband	space-ACPC			DSIStudio	autotrackgqi
ProjectionBrainstem_NonDecussatingDentatorubrothalamicTractR	ad	TORTOISE_model-MAPMRI	/scratch/grmpy/SLURM_11194840_88/job-11194840-88-sub-20461/ds/inputs/data/qsiprep/qsiprep/sub-20461/ses-1/dwi/sub-20461_ses-1_acq-multiband_dir-AP_space-ACPC_desc-preproc_dwi.nii.gz	0.0	1220.3891612834714	383.3543828902052	1145.0368197286675	1220.3891612834714	1145.0368197286675	383.3543828902052	1299.7996400063748	1299.7997506444874	sub-20461	ses-1		dir-AP	acq-multiband	space-ACPC			DSIStudio	autotrackgqi
ProjectionBrainstem_NonDecussatingDentatorubrothalamicTractR	am	TORTOISE_model-MAPMRI	/scratch/grmpy/SLURM_11194840_88/job-11194840-88-sub-20461/ds/inputs/data/qsiprep/qsiprep/sub-20461/ses-1/dwi/sub-20461_ses-1_acq-multiband_dir-AP_space-ACPC_desc-preproc_dwi.nii.gz	0.0	5743.03662109375	1245.4232177734375	5557.240234375	5743.03662109375	5557.240234375	1245.4232177734375	5925.8818359375	5925.88232421875	sub-20461	ses-1		dir-AP	acq-multiband	space-ACPC			DSIStudio	autotrackgqi
ProjectionBrainstem_NonDecussatingDentatorubrothalamicTractR	fa	TORTOISE_model-MAPMRI	/scratch/grmpy/SLURM_11194840_88/job-11194840-88-sub-20461/ds/inputs/data/qsiprep/qsiprep/sub-20461/ses-1/dwi/sub-20461_ses-1_acq-multiband_dir-AP_space-ACPC_desc-preproc_dwi.nii.gz	0.0	0.4120081975225276	0.164636270231538	0.4092109676455721	0.4120081975225276	0.4092109676455721	0.164636270231538	0.4733505231947782	0.4733505636072173	sub-20461	ses-1		dir-AP	acq-multiband	space-ACPC			DSIStudio	autotrackgqi
ProjectionBrainstem_NonDecussatingDentatorubrothalamicTractR	li	TORTOISE_model-MAPMRI	/scratch/grmpy/SLURM_11194840_88/job-11194840-88-sub-20461/ds/inputs/data/qsiprep/qsiprep/sub-20461/ses-1/dwi/sub-20461_ses-1_acq-multiband_dir-AP_space-ACPC_desc-preproc_dwi.nii.gz	0.0	0.2601784467697143	0.1337190568447113	0.2465751767158508	0.2601784467697143	0.2465751767158508	0.1337190568447113	0.3034453392028808	0.3034453392028808	sub-20461	ses-1		dir-AP	acq-multiband	space-ACPC			DSIStudio	autotrackgqi
ProjectionBrainstem_NonDecussatingDentatorubrothalamicTractR	ng	TORTOISE_model-MAPMRI	/scratch/grmpy/SLURM_11194840_88/job-11194840-88-sub-20461/ds/inputs/data/qsiprep/qsiprep/sub-20461/ses-1/dwi/sub-20461_ses-1_acq-multiband_dir-AP_space-ACPC_desc-preproc_dwi.nii.gz	0.0	0.3358608782291412	0.0553446374833583	0.3475956618785858	0.3358608782291412	0.3475956618785858	0.0553446374833583	0.3463770151138305	0.3463770449161529	sub-20461	ses-1		dir-AP	acq-multiband	space-ACPC			DSIStudio	autotrackgqi
ProjectionBrainstem_NonDecussatingDentatorubrothalamicTractR	ngpar	TORTOISE_model-MAPMRI	/scratch/grmpy/SLURM_11194840_88/job-11194840-88-sub-20461/ds/inputs/data/qsiprep/qsiprep/sub-20461/ses-1/dwi/sub-20461_ses-1_acq-multiband_dir-AP_space-ACPC_desc-preproc_dwi.nii.gz	0.0	0.1522278934717178	0.0380600616335868	0.1520567536354065	0.1522278934717178	0.1520567536354065	0.0380600616335868	0.1502550542354583	0.1502550840377807	sub-20461	ses-1		dir-AP	acq-multiband	space-ACPC			DSIStudio	autotrackgqi
ProjectionBrainstem_NonDecussatingDentatorubrothalamicTractR	ngperp	TORTOISE_model-MAPMRI	/scratch/grmpy/SLURM_11194840_88/job-11194840-88-sub-20461/ds/inputs/data/qsiprep/qsiprep/sub-20461/ses-1/dwi/sub-20461_ses-1_acq-multiband_dir-AP_space-ACPC_desc-preproc_dwi.nii.gz	0.0	0.2858567237854004	0.0509188547730445	0.2953824400901794	0.2858567237854004	0.2953824400901794	0.0509188547730445	0.2962896227836609	0.2962896227836609	sub-20461	ses-1		dir-AP	acq-multiband	space-ACPC			DSIStudio	autotrackgqi
ProjectionBrainstem_NonDecussatingDentatorubrothalamicTractR	pa	TORTOISE_model-MAPMRI	/scratch/grmpy/SLURM_11194840_88/job-11194840-88-sub-20461/ds/inputs/data/qsiprep/qsiprep/sub-20461/ses-1/dwi/sub-20461_ses-1_acq-multiband_dir-AP_space-ACPC_desc-preproc_dwi.nii.gz	0.0	0.7728861570358276	0.167855218052864	0.823566198348999	0.7728861570358276	0.823566198348999	0.167855218052864	0.8290318250656128	0.8290318250656128	sub-20461	ses-1		dir-AP	acq-multiband	space-ACPC			DSIStudio	autotrackgqi
ProjectionBrainstem_NonDecussatingDentatorubrothalamicTractR	path	TORTOISE_model-MAPMRI	/scratch/grmpy/SLURM_11194840_88/job-11194840-88-sub-20461/ds/inputs/data/qsiprep/qsiprep/sub-20461/ses-1/dwi/sub-20461_ses-1_acq-multiband_dir-AP_space-ACPC_desc-preproc_dwi.nii.gz	0.0	0.3082434237003326	0.0927354469895362	0.3096098899841308	0.3082434237003326	0.3096098899841308	0.0927354469895362	0.3420736193656921	0.3420736193656921	sub-20461	ses-1		dir-AP	acq-multiband	space-ACPC			DSIStudio	autotrackgqi
ProjectionBrainstem_NonDecussatingDentatorubrothalamicTractR	rd	TORTOISE_model-MAPMRI	/scratch/grmpy/SLURM_11194840_88/job-11194840-88-sub-20461/ds/inputs/data/qsiprep/qsiprep/sub-20461/ses-1/dwi/sub-20461_ses-1_acq-multiband_dir-AP_space-ACPC_desc-preproc_dwi.nii.gz	0.0	645.7261782050078	333.6242656584126	584.5860492259156	645.7261782050078	584.5860492259156	333.6242656584126	601.2980697156725	601.2981209534253	sub-20461	ses-1		dir-AP	acq-multiband	space-ACPC			DSIStudio	autotrackgqi
ProjectionBrainstem_NonDecussatingDentatorubrothalamicTractR	rtap	TORTOISE_model-MAPMRI	/scratch/grmpy/SLURM_11194840_88/job-11194840-88-sub-20461/ds/inputs/data/qsiprep/qsiprep/sub-20461/ses-1/dwi/sub-20461_ses-1_acq-multiband_dir-AP_space-ACPC_desc-preproc_dwi.nii.gz	0.0	0.0155948689207434	0.0052425148896873	0.0152650084346532	0.0155948689207434	0.0152650084346532	0.0052425148896873	0.01715580932796	0.0171558111906051	sub-20461	ses-1		dir-AP	acq-multiband	space-ACPC			DSIStudio	autotrackgqi
ProjectionBrainstem_NonDecussatingDentatorubrothalamicTractR	rtop	TORTOISE_model-MAPMRI	/scratch/grmpy/SLURM_11194840_88/job-11194840-88-sub-20461/ds/inputs/data/qsiprep/qsiprep/sub-20461/ses-1/dwi/sub-20461_ses-1_acq-multiband_dir-AP_space-ACPC_desc-preproc_dwi.nii.gz	0.0	0.0003355222870595	9.8762713605538e-05	0.0003467344213277	0.0003355222870595	0.0003467344213277	9.8762713605538e-05	0.0003552628913894	0.0003552629204932	sub-20461	ses-1		dir-AP	acq-multiband	space-ACPC			DSIStudio	autotrackgqi
ProjectionBrainstem_NonDecussatingDentatorubrothalamicTractR	rtpp	TORTOISE_model-MAPMRI	/scratch/grmpy/SLURM_11194840_88/job-11194840-88-sub-20461/ds/inputs/data/qsiprep/qsiprep/sub-20461/ses-1/dwi/sub-20461_ses-1_acq-multiband_dir-AP_space-ACPC_desc-preproc_dwi.nii.gz	0.0	0.0480527244508266	0.006088463589549	0.0485656708478927	0.0480527244508266	0.0485656708478927	0.006088463589549	0.0464840233325958	0.0464840270578861	sub-20461	ses-1		dir-AP	acq-multiband	space-ACPC			DSIStudio	autotrackgqi
ProjectionBasalGanglia_FasciculusLenticularisR	ad	TORTOISE_model-MAPMRI	/scratch/grmpy/SLURM_11194840_88/job-11194840-88-sub-20461/ds/inputs/data/qsiprep/qsiprep/sub-20461/ses-1/dwi/sub-20461_ses-1_acq-multiband_dir-AP_space-ACPC_desc-preproc_dwi.nii.gz	0.0	1237.2940142882885	555.6245782433683	1057.1977431699274	1237.2940142882885	1057.1977431699274	555.6245782433683	1429.2726844526028	1429.2726844526028	sub-20461	ses-1		dir-AP	acq-multiband	space-ACPC			DSIStudio	autotrackgqi
ProjectionBasalGanglia_FasciculusLenticularisR	am	TORTOISE_model-MAPMRI	/scratch/grmpy/SLURM_11194840_88/job-11194840-88-sub-20461/ds/inputs/data/qsiprep/qsiprep/sub-20461/ses-1/dwi/sub-20461_ses-1_acq-multiband_dir-AP_space-ACPC_desc-preproc_dwi.nii.gz	0.0	6497.5029296875	1845.4654541015625	6098.23876953125	6497.5029296875	6098.23876953125	1845.4654541015625	6954.24853515625	6954.24853515625	sub-20461	ses-1		dir-AP	acq-multiband	space-ACPC			DSIStudio	autotrackgqi
ProjectionBasalGanglia_FasciculusLenticularisR	fa	TORTOISE_model-MAPMRI	/scratch/grmpy/SLURM_11194840_88/job-11194840-88-sub-20461/ds/inputs/data/qsiprep/qsiprep/sub-20461/ses-1/dwi/sub-20461_ses-1_acq-multiband_dir-AP_space-ACPC_desc-preproc_dwi.nii.gz	0.0	0.2778689697963033	0.1005336890612563	0.2689502156252482	0.2778689697963033	0.2689502156252482	0.1005336890612563	0.2919727603370201	0.2919727603370201	sub-20461	ses-1		dir-AP	acq-multiband	space-ACPC			DSIStudio	autotrackgqi
ProjectionBasalGanglia_FasciculusLenticularisR	li	TORTOISE_model-MAPMRI	/scratch/grmpy/SLURM_11194840_88/job-11194840-88-sub-20461/ds/inputs/data/qsiprep/qsiprep/sub-20461/ses-1/dwi/sub-20461_ses-1_acq-multiband_dir-AP_space-ACPC_desc-preproc_dwi.nii.gz	0.0	0.1540900617837906	0.0627896785736084	0.148924320936203	0.1540900617837906	0.148924320936203	0.0627896785736084	0.1612264961004257	0.1612264961004257	sub-20461	ses-1		dir-AP	acq-multiband	space-ACPC			DSIStudio	autotrackgqi
ProjectionBasalGanglia_FasciculusLenticularisR	ng	TORTOISE_model-MAPMRI	/scratch/grmpy/SLURM_11194840_88/job-11194840-88-sub-20461/ds/inputs/data/qsiprep/qsiprep/sub-20461/ses-1/dwi/sub-20461_ses-1_acq-multiband_dir-AP_space-ACPC_desc-preproc_dwi.nii.gz	0.0	0.2745993137359619	0.0615181736648082	0.2726206481456756	0.2745993137359619	0.2726206481456756	0.0615181736648082	0.2833525538444519	0.2833525538444519	sub-20461	ses-1		dir-AP	acq-multiband	space-ACPC			DSIStudio	autotrackgqi
ProjectionBasalGanglia_FasciculusLenticularisR	ngpar	TORTOISE_model-MAPMRI	/scratch/grmpy/SLURM_11194840_88/job-11194840-88-sub-20461/ds/inputs/data/qsiprep/qsiprep/sub-20461/ses-1/dwi/sub-20461_ses-1_acq-multiband_dir-AP_space-ACPC_desc-preproc_dwi.nii.gz	0.0	0.1450569778680801	0.0352515429258346	0.1425791084766388	0.1450569778680801	0.1425791084766388	0.0352515429258346	0.1480160057544708	0.1480160057544708	sub-20461	ses-1		dir-AP	acq-multiband	space-ACPC			DSIStudio	autotrackgqi
ProjectionBasalGanglia_FasciculusLenticularisR	ngperp	TORTOISE_model-MAPMRI	/scratch/grmpy/SLURM_11194840_88/job-11194840-88-sub-20461/ds/inputs/data/qsiprep/qsiprep/sub-20461/ses-1/dwi/sub-20461_ses-1_acq-multiband_dir-AP_space-ACPC_desc-preproc_dwi.nii.gz	0.0	0.2302315086126327	0.0560524649918079	0.2287147492170334	0.2302315086126327	0.2287147492170334	0.0560524649918079	0.2393774688243866	0.2393774688243866	sub-20461	ses-1		dir-AP	acq-multiband	space-ACPC			DSIStudio	autotrackgqi
ProjectionBasalGanglia_FasciculusLenticularisR	pa	TORTOISE_model-MAPMRI	/scratch/grmpy/SLURM_11194840_88/job-11194840-88-sub-20461/ds/inputs/data/qsiprep/qsiprep/sub-20461/ses-1/dwi/sub-20461_ses-1_acq-multiband_dir-AP_space-ACPC_desc-preproc_dwi.nii.gz	0.0	0.6002681851387024	0.1506800949573516	0.6007218360900879	0.6002681851387024	0.6007218360900879	0.1506800949573516	0.6246970891952515	0.6246970891952515	sub-20461	ses-1		dir-AP	acq-multiband	space-ACPC			DSIStudio	autotrackgqi
ProjectionBasalGanglia_FasciculusLenticularisR	path	TORTOISE_model-MAPMRI	/scratch/grmpy/SLURM_11194840_88/job-11194840-88-sub-20461/ds/inputs/data/qsiprep/qsiprep/sub-20461/ses-1/dwi/sub-20461_ses-1_acq-multiband_dir-AP_space-ACPC_desc-preproc_dwi.nii.gz	0.0	0.2162850946187973	0.0582924485206604	0.2083659023046493	0.2162850946187973	0.2083659023046493	0.0582924485206604	0.2243561446666717	0.2243561446666717	sub-20461	ses-1		dir-AP	acq-multiband	space-ACPC			DSIStudio	autotrackgqi
ProjectionBasalGanglia_FasciculusLenticularisR	rd	TORTOISE_model-MAPMRI	/scratch/grmpy/SLURM_11194840_88/job-11194840-88-sub-20461/ds/inputs/data/qsiprep/qsiprep/sub-20461/ses-1/dwi/sub-20461_ses-1_acq-multiband_dir-AP_space-ACPC_desc-preproc_dwi.nii.gz	0.0	831.9678801592784	441.4006439423845	694.1721041457857	831.9678801592784	694.1721041457857	441.4006439423845	925.829914384941	925.829914384941	sub-20461	ses-1		dir-AP	acq-multiband	space-ACPC			DSIStudio	autotrackgqi
ProjectionBasalGanglia_FasciculusLenticularisR	rtap	TORTOISE_model-MAPMRI	/scratch/grmpy/SLURM_11194840_88/job-11194840-88-sub-20461/ds/inputs/data/qsiprep/qsiprep/sub-20461/ses-1/dwi/sub-20461_ses-1_acq-multiband_dir-AP_space-ACPC_desc-preproc_dwi.nii.gz	0.0	0.0105604473501443	0.0032284278422594	0.0108252801001071	0.0105604473501443	0.0108252801001071	0.0032284278422594	0.0097035467624664	0.0097035467624664	sub-20461	ses-1		dir-AP	acq-multiband	space-ACPC			DSIStudio	autotrackgqi
ProjectionBasalGanglia_FasciculusLenticularisR	rtop	TORTOISE_model-MAPMRI	/scratch/grmpy/SLURM_11194840_88/job-11194840-88-sub-20461/ds/inputs/data/qsiprep/qsiprep/sub-20461/ses-1/dwi/sub-20461_ses-1_acq-multiband_dir-AP_space-ACPC_desc-preproc_dwi.nii.gz	0.0	0.0002349559654248	8.123374573187903e-05	0.0002490484621375	0.0002349559654248	0.0002490484621375	8.123374573187903e-05	0.0002090207417495	0.0002090207417495	sub-20461	ses-1		dir-AP	acq-multiband	space-ACPC			DSIStudio	autotrackgqi
ProjectionBasalGanglia_FasciculusLenticularisR	rtpp	TORTOISE_model-MAPMRI	/scratch/grmpy/SLURM_11194840_88/job-11194840-88-sub-20461/ds/inputs/data/qsiprep/qsiprep/sub-20461/ses-1/dwi/sub-20461_ses-1_acq-multiband_dir-AP_space-ACPC_desc-preproc_dwi.nii.gz	0.0	0.0479765310883522	0.0077828387729823	0.0500786378979682	0.0479765310883522	0.0500786378979682	0.0077828387729823	0.0450836271047592	0.0450836271047592	sub-20461	ses-1		dir-AP	acq-multiband	space-ACPC			DSIStudio	autotrackgqi
ProjectionBasalGanglia_AnsaLenticularisL	ad	TORTOISE_model-MAPMRI	/scratch/grmpy/SLURM_11194840_88/job-11194840-88-sub-20461/ds/inputs/data/qsiprep/qsiprep/sub-20461/ses-1/dwi/sub-20461_ses-1_acq-multiband_dir-AP_space-ACPC_desc-preproc_dwi.nii.gz	0.0	1274.2142811512997	674.2619693698445	1080.9744207949816	1274.2142811512997	1080.9744207949816	674.2619693698445	1178.6203209785538	1178.6203209785538	sub-20461	ses-1		dir-AP	acq-multiband	space-ACPC			DSIStudio	autotrackgqi
ProjectionBasalGanglia_AnsaLenticularisL	am	TORTOISE_model-MAPMRI	/scratch/grmpy/SLURM_11194840_88/job-11194840-88-sub-20461/ds/inputs/data/qsiprep/qsiprep/sub-20461/ses-1/dwi/sub-20461_ses-1_acq-multiband_dir-AP_space-ACPC_desc-preproc_dwi.nii.gz	0.0	6528.48779296875	1911.5548095703125	6163.701171875	6528.48779296875	6163.701171875	1911.5548095703125	6475.71630859375	6475.71630859375	sub-20461	ses-1		dir-AP	acq-multiband	space-ACPC			DSIStudio	autotrackgqi
ProjectionBasalGanglia_AnsaLenticularisL	fa	TORTOISE_model-MAPMRI	/scratch/grmpy/SLURM_11194840_88/job-11194840-88-sub-20461/ds/inputs/data/qsiprep/qsiprep/sub-20461/ses-1/dwi/sub-20461_ses-1_acq-multiband_dir-AP_space-ACPC_desc-preproc_dwi.nii.gz	0.0	0.2914478803630207	0.1131946351993213	0.2815260992312488	0.2914478803630207	0.2815260992312488	0.1131946351993213	0.2981297909693513	0.2981297909693513	sub-20461	ses-1		dir-AP	acq-multiband	space-ACPC			DSIStudio	autotrackgqi
ProjectionBasalGanglia_AnsaLenticularisL	li	TORTOISE_model-MAPMRI	/scratch/grmpy/SLURM_11194840_88/job-11194840-88-sub-20461/ds/inputs/data/qsiprep/qsiprep/sub-20461/ses-1/dwi/sub-20461_ses-1_acq-multiband_dir-AP_space-ACPC_desc-preproc_dwi.nii.gz	0.0	0.1649560779333114	0.077090285718441	0.1541783511638641	0.1649560779333114	0.1541783511638641	0.077090285718441	0.1609720587730407	0.1609720587730407	sub-20461	ses-1		dir-AP	acq-multiband	space-ACPC			DSIStudio	autotrackgqi
ProjectionBasalGanglia_AnsaLenticularisL	ng	TORTOISE_model-MAPMRI	/scratch/grmpy/SLURM_11194840_88/job-11194840-88-sub-20461/ds/inputs/data/qsiprep/qsiprep/sub-20461/ses-1/dwi/sub-20461_ses-1_acq-multiband_dir-AP_space-ACPC_desc-preproc_dwi.nii.gz	0.0	0.2938252389431	0.0715681761503219	0.2996861338615417	0.2938252389431	0.2996861338615417	0.0715681761503219	0.2848929762840271	0.2848929762840271	sub-20461	ses-1		dir-AP	acq-multiband	space-ACPC			DSIStudio	autotrackgqi
ProjectionBasalGanglia_AnsaLenticularisL	ngpar	TORTOISE_model-MAPMRI	/scratch/grmpy/SLURM_11194840_88/job-11194840-88-sub-20461/ds/inputs/data/qsiprep/qsiprep/sub-20461/ses-1/dwi/sub-20461_ses-1_acq-multiband_dir-AP_space-ACPC_desc-preproc_dwi.nii.gz	0.0	0.1561002731323242	0.0399858094751834	0.1565350294113159	0.1561002731323242	0.1565350294113159	0.0399858094751834	0.1559811532497406	0.1559811532497406	sub-20461	ses-1		dir-AP	acq-multiband	space-ACPC			DSIStudio	autotrackgqi
ProjectionBasalGanglia_AnsaLenticularisL	ngperp	TORTOISE_model-MAPMRI	/scratch/grmpy/SLURM_11194840_88/job-11194840-88-sub-20461/ds/inputs/data/qsiprep/qsiprep/sub-20461/ses-1/dwi/sub-20461_ses-1_acq-multiband_dir-AP_space-ACPC_desc-preproc_dwi.nii.gz	0.0	0.2454689145088195	0.0637557208538055	0.2509880065917969	0.2454689145088195	0.2509880065917969	0.0637557208538055	0.2376006543636322	0.2376006543636322	sub-20461	ses-1		dir-AP	acq-multiband	space-ACPC			DSIStudio	autotrackgqi
ProjectionBasalGanglia_AnsaLenticularisL	pa	TORTOISE_model-MAPMRI	/scratch/grmpy/SLURM_11194840_88/job-11194840-88-sub-20461/ds/inputs/data/qsiprep/qsiprep/sub-20461/ses-1/dwi/sub-20461_ses-1_acq-multiband_dir-AP_space-ACPC_desc-preproc_dwi.nii.gz	0.0	0.6323400139808655	0.1552892178297042	0.6408534049987793	0.6323400139808655	0.6408534049987793	0.1552892178297042	0.6237727999687195	0.6237727999687195	sub-20461	ses-1		dir-AP	acq-multiband	space-ACPC			DSIStudio	autotrackgqi
ProjectionBasalGanglia_AnsaLenticularisL	path	TORTOISE_model-MAPMRI	/scratch/grmpy/SLURM_11194840_88/job-11194840-88-sub-20461/ds/inputs/data/qsiprep/qsiprep/sub-20461/ses-1/dwi/sub-20461_ses-1_acq-multiband_dir-AP_space-ACPC_desc-preproc_dwi.nii.gz	0.0	0.2290814965963363	0.0619652085006237	0.2224141955375671	0.2290814965963363	0.2224141955375671	0.0619652085006237	0.2246660590171814	0.2246660590171814	sub-20461	ses-1		dir-AP	acq-multiband	space-ACPC			DSIStudio	autotrackgqi
ProjectionBasalGanglia_AnsaLenticularisL	rd	TORTOISE_model-MAPMRI	/scratch/grmpy/SLURM_11194840_88/job-11194840-88-sub-20461/ds/inputs/data/qsiprep/qsiprep/sub-20461/ses-1/dwi/sub-20461_ses-1_acq-multiband_dir-AP_space-ACPC_desc-preproc_dwi.nii.gz	0.0	843.2608199720277	560.7543353453365	679.4130796641763	843.2608199720277	679.4130796641763	560.7543353453365	767.5887068194922	767.5887068194922	sub-20461	ses-1		dir-AP	acq-multiband	space-ACPC			DSIStudio	autotrackgqi
ProjectionBasalGanglia_AnsaLenticularisL	rtap	TORTOISE_model-MAPMRI	/scratch/grmpy/SLURM_11194840_88/job-11194840-88-sub-20461/ds/inputs/data/qsiprep/qsiprep/sub-20461/ses-1/dwi/sub-20461_ses-1_acq-multiband_dir-AP_space-ACPC_desc-preproc_dwi.nii.gz	0.0	0.0109076714143157	0.0034165414981544	0.0112556917592883	0.0109076714143157	0.0112556917592883	0.0034165414981544	0.0110904602333903	0.0110904602333903	sub-20461	ses-1		dir-AP	acq-multiband	space-ACPC			DSIStudio	autotrackgqi
ProjectionBasalGanglia_AnsaLenticularisL	rtop	TORTOISE_model-MAPMRI	/scratch/grmpy/SLURM_11194840_88/job-11194840-88-sub-20461/ds/inputs/data/qsiprep/qsiprep/sub-20461/ses-1/dwi/sub-20461_ses-1_acq-multiband_dir-AP_space-ACPC_desc-preproc_dwi.nii.gz	0.0	0.0002443147241137	8.541808347217739e-05	0.0002585266483947	0.0002443147241137	0.0002585266483947	8.541808347217739e-05	0.0002495809167157	0.0002495809167157	sub-20461	ses-1		dir-AP	acq-multiband	space-ACPC			DSIStudio	autotrackgqi
ProjectionBasalGanglia_AnsaLenticularisL	rtpp	TORTOISE_model-MAPMRI	/scratch/grmpy/SLURM_11194840_88/job-11194840-88-sub-20461/ds/inputs/data/qsiprep/qsiprep/sub-20461/ses-1/dwi/sub-20461_ses-1_acq-multiband_dir-AP_space-ACPC_desc-preproc_dwi.nii.gz	0.0	0.0475574322044849	0.0078974105417728	0.0494495704770088	0.0475574322044849	0.0494495704770088	0.0078974105417728	0.048486016690731	0.048486016690731	sub-20461	ses-1		dir-AP	acq-multiband	space-ACPC			DSIStudio	autotrackgqi
ProjectionBasalGanglia_AcousticRadiationL	ad	TORTOISE_model-MAPMRI	/scratch/grmpy/SLURM_11194840_88/job-11194840-88-sub-20461/ds/inputs/data/qsiprep/qsiprep/sub-20461/ses-1/dwi/sub-20461_ses-1_acq-multiband_dir-AP_space-ACPC_desc-preproc_dwi.nii.gz	0.0	1425.5076840981803	570.2333951505263	1286.9178104208909	1425.5076840981803	1286.9178104208909	570.2333951505263	1376.9372364067044	1376.9373957447983	sub-20461	ses-1		dir-AP	acq-multiband	space-ACPC			DSIStudio	autotrackgqi
ProjectionBasalGanglia_AcousticRadiationL	am	TORTOISE_model-MAPMRI	/scratch/grmpy/SLURM_11194840_88/job-11194840-88-sub-20461/ds/inputs/data/qsiprep/qsiprep/sub-20461/ses-1/dwi/sub-20461_ses-1_acq-multiband_dir-AP_space-ACPC_desc-preproc_dwi.nii.gz	0.0	5983.8486328125	1810.7080078125	5428.0888671875	5983.8486328125	5428.0888671875	1810.7080078125	5454.578125	5454.578125	sub-20461	ses-1		dir-AP	acq-multiband	space-ACPC			DSIStudio	autotrackgqi
ProjectionBasalGanglia_AcousticRadiationL	fa	TORTOISE_model-MAPMRI	/scratch/grmpy/SLURM_11194840_88/job-11194840-88-sub-20461/ds/inputs/data/qsiprep/qsiprep/sub-20461/ses-1/dwi/sub-20461_ses-1_acq-multiband_dir-AP_space-ACPC_desc-preproc_dwi.nii.gz	0.0	0.4147480077480682	0.1806096516199919	0.4291577480877008	0.4147480077480682	0.4291577480877008	0.1806096516199919	0.4846617663800586	0.4846618232786103	sub-20461	ses-1		dir-AP	acq-multiband	space-ACPC			DSIStudio	autotrackgqi
ProjectionBasalGanglia_AcousticRadiationL	li	TORTOISE_model-MAPMRI	/scratch/grmpy/SLURM_11194840_88/job-11194840-88-sub-20461/ds/inputs/data/qsiprep/qsiprep/sub-20461/ses-1/dwi/sub-20461_ses-1_acq-multiband_dir-AP_space-ACPC_desc-preproc_dwi.nii.gz	0.0	0.255131721496582	0.1374866962432861	0.2517440319061279	0.255131721496582	0.2517440319061279	0.1374866962432861	0.3229468762874603	0.3229469358921051	sub-20461	ses-1		dir-AP	acq-multiband	space-ACPC			DSIStudio	autotrackgqi
ProjectionBasalGanglia_AcousticRadiationL	ng	TORTOISE_model-MAPMRI	/scratch/grmpy/SLURM_11194840_88/job-11194840-88-sub-20461/ds/inputs/data/qsiprep/qsiprep/sub-20461/ses-1/dwi/sub-20461_ses-1_acq-multiband_dir-AP_space-ACPC_desc-preproc_dwi.nii.gz	0.0	0.3325414359569549	0.0813924372196197	0.3408421576023102	0.3325414359569549	0.3408421576023102	0.0813924372196197	0.3247252404689789	0.3247252702713012	sub-20461	ses-1		dir-AP	acq-multiband	space-ACPC			DSIStudio	autotrackgqi
ProjectionBasalGanglia_AcousticRadiationL	ngpar	TORTOISE_model-MAPMRI	/scratch/grmpy/SLURM_11194840_88/job-11194840-88-sub-20461/ds/inputs/data/qsiprep/qsiprep/sub-20461/ses-1/dwi/sub-20461_ses-1_acq-multiband_dir-AP_space-ACPC_desc-preproc_dwi.nii.gz	0.0	0.1474141478538513	0.0526813566684722	0.1405850350856781	0.1474141478538513	0.1405850350856781	0.0526813566684722	0.1303525865077972	0.1303526163101196	sub-20461	ses-1		dir-AP	acq-multiband	space-ACPC			DSIStudio	autotrackgqi
ProjectionBasalGanglia_AcousticRadiationL	ngperp	TORTOISE_model-MAPMRI	/scratch/grmpy/SLURM_11194840_88/job-11194840-88-sub-20461/ds/inputs/data/qsiprep/qsiprep/sub-20461/ses-1/dwi/sub-20461_ses-1_acq-multiband_dir-AP_space-ACPC_desc-preproc_dwi.nii.gz	0.0	0.2797702848911285	0.0684116631746292	0.2912726998329162	0.2797702848911285	0.2912726998329162	0.0684116631746292	0.2750473022460937	0.2750473320484161	sub-20461	ses-1		dir-AP	acq-multiband	space-ACPC			DSIStudio	autotrackgqi
ProjectionBasalGanglia_AcousticRadiationL	pa	TORTOISE_model-MAPMRI	/scratch/grmpy/SLURM_11194840_88/job-11194840-88-sub-20461/ds/inputs/data/qsiprep/qsiprep/sub-20461/ses-1/dwi/sub-20461_ses-1_acq-multiband_dir-AP_space-ACPC_desc-preproc_dwi.nii.gz	0.0	0.7725410461425781	0.177632063627243	0.8368135690689087	0.7725410461425781	0.8368135690689087	0.177632063627243	0.8292815685272217	0.8292816877365112	sub-20461	ses-1		dir-AP	acq-multiband	space-ACPC			DSIStudio	autotrackgqi
ProjectionBasalGanglia_AcousticRadiationL	path	TORTOISE_model-MAPMRI	/scratch/grmpy/SLURM_11194840_88/job-11194840-88-sub-20461/ds/inputs/data/qsiprep/qsiprep/sub-20461/ses-1/dwi/sub-20461_ses-1_acq-multiband_dir-AP_space-ACPC_desc-preproc_dwi.nii.gz	0.0	0.3106287121772766	0.0959211215376854	0.3187331557273865	0.3106287121772766	0.3187331557273865	0.0959211215376854	0.3453685641288757	0.3453686237335205	sub-20461	ses-1		dir-AP	acq-multiband	space-ACPC			DSIStudio	autotrackgqi
ProjectionBasalGanglia_AcousticRadiationL	rd	TORTOISE_model-MAPMRI	/scratch/grmpy/SLURM_11194840_88/job-11194840-88-sub-20461/ds/inputs/data/qsiprep/qsiprep/sub-20461/ses-1/dwi/sub-20461_ses-1_acq-multiband_dir-AP_space-ACPC_desc-preproc_dwi.nii.gz	0.0	782.2301100431935	568.1185012344449	590.1385112950993	782.2301100431935	590.1385112950993	568.1185012344449	642.6940829029717	642.6941565064453	sub-20461	ses-1		dir-AP	acq-multiband	space-ACPC			DSIStudio	autotrackgqi
ProjectionBasalGanglia_AcousticRadiationL	rtap	TORTOISE_model-MAPMRI	/scratch/grmpy/SLURM_11194840_88/job-11194840-88-sub-20461/ds/inputs/data/qsiprep/qsiprep/sub-20461/ses-1/dwi/sub-20461_ses-1_acq-multiband_dir-AP_space-ACPC_desc-preproc_dwi.nii.gz	0.0	0.0141211627051234	0.0056936228647828	0.0145054440945386	0.0141211627051234	0.0145054440945386	0.0056936228647828	0.0162077844142913	0.0162077862769365	sub-20461	ses-1		dir-AP	acq-multiband	space-ACPC			DSIStudio	autotrackgqi
ProjectionBasalGanglia_AcousticRadiationL	rtop	TORTOISE_model-MAPMRI	/scratch/grmpy/SLURM_11194840_88/job-11194840-88-sub-20461/ds/inputs/data/qsiprep/qsiprep/sub-20461/ses-1/dwi/sub-20461_ses-1_acq-multiband_dir-AP_space-ACPC_desc-preproc_dwi.nii.gz	0.0	0.000286367314402	0.0001090777586796	0.0003087613731622	0.000286367314402	0.0003087613731622	0.0001090777586796	0.0003170837881043	0.0003170838172081	sub-20461	ses-1		dir-AP	acq-multiband	space-ACPC			DSIStudio	autotrackgqi
ProjectionBasalGanglia_AcousticRadiationL	rtpp	TORTOISE_model-MAPMRI	/scratch/grmpy/SLURM_11194840_88/job-11194840-88-sub-20461/ds/inputs/data/qsiprep/qsiprep/sub-20461/ses-1/dwi/sub-20461_ses-1_acq-multiband_dir-AP_space-ACPC_desc-preproc_dwi.nii.gz	0.0	0.0445812828838825	0.0076517895795404	0.0453756004571914	0.0445812828838825	0.0453756004571914	0.0076517895795404	0.0446271076798439	0.0446271114051342	sub-20461	ses-1		dir-AP	acq-multiband	space-ACPC			DSIStudio	autotrackgqi
ProjectionBasalGanglia_AcousticRadiationR	ad	TORTOISE_model-MAPMRI	/scratch/grmpy/SLURM_11194840_88/job-11194840-88-sub-20461/ds/inputs/data/qsiprep/qsiprep/sub-20461/ses-1/dwi/sub-20461_ses-1_acq-multiband_dir-AP_space-ACPC_desc-preproc_dwi.nii.gz	0.0	1501.964429149415	568.410886059147	1356.990274728451	1501.964429149415	1356.990274728451	568.410886059147	1426.3585216094436	1426.3585216094436	sub-20461	ses-1		dir-AP	acq-multiband	space-ACPC			DSIStudio	autotrackgqi
ProjectionBasalGanglia_AcousticRadiationR	am	TORTOISE_model-MAPMRI	/scratch/grmpy/SLURM_11194840_88/job-11194840-88-sub-20461/ds/inputs/data/qsiprep/qsiprep/sub-20461/ses-1/dwi/sub-20461_ses-1_acq-multiband_dir-AP_space-ACPC_desc-preproc_dwi.nii.gz	0.0	5975.24658203125	1891.1636962890625	5295.34130859375	5975.24658203125	5295.34130859375	1891.1636962890625	5436.23779296875	5436.23779296875	sub-20461	ses-1		dir-AP	acq-multiband	space-ACPC			DSIStudio	autotrackgqi
ProjectionBasalGanglia_AcousticRadiationR	fa	TORTOISE_model-MAPMRI	/scratch/grmpy/SLURM_11194840_88/job-11194840-88-sub-20461/ds/inputs/data/qsiprep/qsiprep/sub-20461/ses-1/dwi/sub-20461_ses-1_acq-multiband_dir-AP_space-ACPC_desc-preproc_dwi.nii.gz	0.0	0.4419362291533212	0.1837113036945731	0.4705140769571482	0.4419362291533212	0.4705140769571482	0.1837113036945731	0.5012423405301729	0.5012423405301729	sub-20461	ses-1		dir-AP	acq-multiband	space-ACPC			DSIStudio	autotrackgqi
ProjectionBasalGanglia_AcousticRadiationR	li	TORTOISE_model-MAPMRI	/scratch/grmpy/SLURM_11194840_88/job-11194840-88-sub-20461/ds/inputs/data/qsiprep/qsiprep/sub-20461/ses-1/dwi/sub-20461_ses-1_acq-multiband_dir-AP_space-ACPC_desc-preproc_dwi.nii.gz	0.0	0.2765284478664398	0.1427642703056335	0.279592216014862	0.2765284478664398	0.279592216014862	0.1427642703056335	0.3107040524482727	0.3107040524482727	sub-20461	ses-1		dir-AP	acq-multiband	space-ACPC			DSIStudio	autotrackgqi
ProjectionBasalGanglia_AcousticRadiationR	ng	TORTOISE_model-MAPMRI	/scratch/grmpy/SLURM_11194840_88/job-11194840-88-sub-20461/ds/inputs/data/qsiprep/qsiprep/sub-20461/ses-1/dwi/sub-20461_ses-1_acq-multiband_dir-AP_space-ACPC_desc-preproc_dwi.nii.gz	0.0	0.3536551296710968	0.0736607611179351	0.3506695032119751	0.3536551296710968	0.3506695032119751	0.0736607611179351	0.3600907623767853	0.3600907623767853	sub-20461	ses-1		dir-AP	acq-multiband	space-ACPC			DSIStudio	autotrackgqi
ProjectionBasalGanglia_AcousticRadiationR	ngpar	TORTOISE_model-MAPMRI	/scratch/grmpy/SLURM_11194840_88/job-11194840-88-sub-20461/ds/inputs/data/qsiprep/qsiprep/sub-20461/ses-1/dwi/sub-20461_ses-1_acq-multiband_dir-AP_space-ACPC_desc-preproc_dwi.nii.gz	0.0	0.1503056734800338	0.0535884462296962	0.1442739963531494	0.1503056734800338	0.1442739963531494	0.0535884462296962	0.1420163363218307	0.1420163363218307	sub-20461	ses-1		dir-AP	acq-multiband	space-ACPC			DSIStudio	autotrackgqi
ProjectionBasalGanglia_AcousticRadiationR	ngperp	TORTOISE_model-MAPMRI	/scratch/grmpy/SLURM_11194840_88/job-11194840-88-sub-20461/ds/inputs/data/qsiprep/qsiprep/sub-20461/ses-1/dwi/sub-20461_ses-1_acq-multiband_dir-AP_space-ACPC_desc-preproc_dwi.nii.gz	0.0	0.3021073341369629	0.0591413676738739	0.3058783411979675	0.3021073341369629	0.3058783411979675	0.0591413676738739	0.3093478083610534	0.3093478083610534	sub-20461	ses-1		dir-AP	acq-multiband	space-ACPC			DSIStudio	autotrackgqi
ProjectionBasalGanglia_AcousticRadiationR	pa	TORTOISE_model-MAPMRI	/scratch/grmpy/SLURM_11194840_88/job-11194840-88-sub-20461/ds/inputs/data/qsiprep/qsiprep/sub-20461/ses-1/dwi/sub-20461_ses-1_acq-multiband_dir-AP_space-ACPC_desc-preproc_dwi.nii.gz	0.0	0.8184147477149963	0.1549314856529235	0.874577522277832	0.8184147477149963	0.874577522277832	0.1549314856529235	0.8690776228904724	0.8690776228904724	sub-20461	ses-1		dir-AP	acq-multiband	space-ACPC			DSIStudio	autotrackgqi
ProjectionBasalGanglia_AcousticRadiationR	path	TORTOISE_model-MAPMRI	/scratch/grmpy/SLURM_11194840_88/job-11194840-88-sub-20461/ds/inputs/data/qsiprep/qsiprep/sub-20461/ses-1/dwi/sub-20461_ses-1_acq-multiband_dir-AP_space-ACPC_desc-preproc_dwi.nii.gz	0.0	0.3374057114124298	0.0912608131766319	0.3490949273109436	0.3374057114124298	0.3490949273109436	0.0912608131766319	0.3676232099533081	0.3676232099533081	sub-20461	ses-1		dir-AP	acq-multiband	space-ACPC			DSIStudio	autotrackgqi
ProjectionBasalGanglia_AcousticRadiationR	rd	TORTOISE_model-MAPMRI	/scratch/grmpy/SLURM_11194840_88/job-11194840-88-sub-20461/ds/inputs/data/qsiprep/qsiprep/sub-20461/ses-1/dwi/sub-20461_ses-1_acq-multiband_dir-AP_space-ACPC_desc-preproc_dwi.nii.gz	0.0	798.7589304380073	589.1189305872745	567.025351833546	798.7589304380073	567.025351833546	589.1189305872745	655.2933319544886	655.2933319544886	sub-20461	ses-1		dir-AP	acq-multiband	space-ACPC			DSIStudio	autotrackgqi
ProjectionBasalGanglia_AcousticRadiationR	rtap	TORTOISE_model-MAPMRI	/scratch/grmpy/SLURM_11194840_88/job-11194840-88-sub-20461/ds/inputs/data/qsiprep/qsiprep/sub-20461/ses-1/dwi/sub-20461_ses-1_acq-multiband_dir-AP_space-ACPC_desc-preproc_dwi.nii.gz	0.0	0.014936938881874	0.0064421091228723	0.0159966722130775	0.014936938881874	0.0159966722130775	0.0064421091228723	0.0170136764645576	0.0170136764645576	sub-20461	ses-1		dir-AP	acq-multiband	space-ACPC			DSIStudio	autotrackgqi
ProjectionBasalGanglia_AcousticRadiationR	rtop	TORTOISE_model-MAPMRI	/scratch/grmpy/SLURM_11194840_88/job-11194840-88-sub-20461/ds/inputs/data/qsiprep/qsiprep/sub-20461/ses-1/dwi/sub-20461_ses-1_acq-multiband_dir-AP_space-ACPC_desc-preproc_dwi.nii.gz	0.0	0.0002990179345943	0.0001289857900701	0.0003261481469962	0.0002990179345943	0.0003261481469962	0.0001289857900701	0.0003376736422069	0.0003376736422069	sub-20461	ses-1		dir-AP	acq-multiband	space-ACPC			DSIStudio	autotrackgqi
ProjectionBasalGanglia_AcousticRadiationR	rtpp	TORTOISE_model-MAPMRI	/scratch/grmpy/SLURM_11194840_88/job-11194840-88-sub-20461/ds/inputs/data/qsiprep/qsiprep/sub-20461/ses-1/dwi/sub-20461_ses-1_acq-multiband_dir-AP_space-ACPC_desc-preproc_dwi.nii.gz	0.0	0.0431959256529808	0.007741049863398	0.0440159849822521	0.0431959256529808	0.0440159849822521	0.007741049863398	0.0439962223172187	0.0439962223172187	sub-20461	ses-1		dir-AP	acq-multiband	space-ACPC			DSIStudio	autotrackgqi
ProjectionBrainstem_CorticopontineTractL	ad	TORTOISE_model-MAPMRI	/scratch/grmpy/SLURM_11194840_88/job-11194840-88-sub-20461/ds/inputs/data/qsiprep/qsiprep/sub-20461/ses-1/dwi/sub-20461_ses-1_acq-multiband_dir-AP_space-ACPC_desc-preproc_dwi.nii.gz	0.0	1222.6597439416155	309.24109531534674	1163.2486651628924	1222.6597439416155	1163.2486651628924	309.24109531534674	1333.115969034478	1333.115969034478	sub-20461	ses-1		dir-AP	acq-multiband	space-ACPC			DSIStudio	autotrackgqi
ProjectionBrainstem_CorticopontineTractL	am	TORTOISE_model-MAPMRI	/scratch/grmpy/SLURM_11194840_88/job-11194840-88-sub-20461/ds/inputs/data/qsiprep/qsiprep/sub-20461/ses-1/dwi/sub-20461_ses-1_acq-multiband_dir-AP_space-ACPC_desc-preproc_dwi.nii.gz	0.0	5483.94140625	853.6298828125	5407.62109375	5483.94140625	5407.62109375	853.6298828125	5582.6337890625	5582.6337890625	sub-20461	ses-1		dir-AP	acq-multiband	space-ACPC			DSIStudio	autotrackgqi
ProjectionBrainstem_CorticopontineTractL	fa	TORTOISE_model-MAPMRI	/scratch/grmpy/SLURM_11194840_88/job-11194840-88-sub-20461/ds/inputs/data/qsiprep/qsiprep/sub-20461/ses-1/dwi/sub-20461_ses-1_acq-multiband_dir-AP_space-ACPC_desc-preproc_dwi.nii.gz	0.0	0.4253699330756684	0.1743084382892681	0.4382390232314267	0.4253699330756684	0.4382390232314267	0.1743084382892681	0.4898509845714147	0.4898509845714147	sub-20461	ses-1		dir-AP	acq-multiband	space-ACPC			DSIStudio	autotrackgqi
ProjectionBrainstem_CorticopontineTractL	li	TORTOISE_model-MAPMRI	/scratch/grmpy/SLURM_11194840_88/job-11194840-88-sub-20461/ds/inputs/data/qsiprep/qsiprep/sub-20461/ses-1/dwi/sub-20461_ses-1_acq-multiband_dir-AP_space-ACPC_desc-preproc_dwi.nii.gz	0.0	0.2647667229175567	0.1399396359920501	0.2630367875099182	0.2647667229175567	0.2630367875099182	0.1399396359920501	0.3208622336387634	0.3208622336387634	sub-20461	ses-1		dir-AP	acq-multiband	space-ACPC			DSIStudio	autotrackgqi
ProjectionBrainstem_CorticopontineTractL	ng	TORTOISE_model-MAPMRI	/scratch/grmpy/SLURM_11194840_88/job-11194840-88-sub-20461/ds/inputs/data/qsiprep/qsiprep/sub-20461/ses-1/dwi/sub-20461_ses-1_acq-multiband_dir-AP_space-ACPC_desc-preproc_dwi.nii.gz	0.0	0.3328074812889099	0.0621079020202159	0.3462668359279632	0.3328074812889099	0.3462668359279632	0.0621079020202159	0.3578744530677795	0.3578744530677795	sub-20461	ses-1		dir-AP	acq-multiband	space-ACPC			DSIStudio	autotrackgqi
ProjectionBrainstem_CorticopontineTractL	ngpar	TORTOISE_model-MAPMRI	/scratch/grmpy/SLURM_11194840_88/job-11194840-88-sub-20461/ds/inputs/data/qsiprep/qsiprep/sub-20461/ses-1/dwi/sub-20461_ses-1_acq-multiband_dir-AP_space-ACPC_desc-preproc_dwi.nii.gz	0.0	0.1494998782873153	0.0389989539980888	0.1473084241151809	0.1494998782873153	0.1473084241151809	0.0389989539980888	0.1568036824464798	0.1568036824464798	sub-20461	ses-1		dir-AP	acq-multiband	space-ACPC			DSIStudio	autotrackgqi
ProjectionBrainstem_CorticopontineTractL	ngperp	TORTOISE_model-MAPMRI	/scratch/grmpy/SLURM_11194840_88/job-11194840-88-sub-20461/ds/inputs/data/qsiprep/qsiprep/sub-20461/ses-1/dwi/sub-20461_ses-1_acq-multiband_dir-AP_space-ACPC_desc-preproc_dwi.nii.gz	0.0	0.2819324433803558	0.0557444281876087	0.2929367125034332	0.2819324433803558	0.2929367125034332	0.0557444281876087	0.3020735681056976	0.3020735681056976	sub-20461	ses-1		dir-AP	acq-multiband	space-ACPC			DSIStudio	autotrackgqi
ProjectionBrainstem_CorticopontineTractL	pa	TORTOISE_model-MAPMRI	/scratch/grmpy/SLURM_11194840_88/job-11194840-88-sub-20461/ds/inputs/data/qsiprep/qsiprep/sub-20461/ses-1/dwi/sub-20461_ses-1_acq-multiband_dir-AP_space-ACPC_desc-preproc_dwi.nii.gz	0.0	0.7726128697395325	0.1893053650856018	0.8414300680160522	0.7726128697395325	0.8414300680160522	0.1893053650856018	0.8433930277824402	0.8433930277824402	sub-20461	ses-1		dir-AP	acq-multiband	space-ACPC			DSIStudio	autotrackgqi
ProjectionBrainstem_CorticopontineTractL	path	TORTOISE_model-MAPMRI	/scratch/grmpy/SLURM_11194840_88/job-11194840-88-sub-20461/ds/inputs/data/qsiprep/qsiprep/sub-20461/ses-1/dwi/sub-20461_ses-1_acq-multiband_dir-AP_space-ACPC_desc-preproc_dwi.nii.gz	0.0	0.3119768798351288	0.0977540984749794	0.3220726549625397	0.3119768798351288	0.3220726549625397	0.0977540984749794	0.3503426313400268	0.3503426313400268	sub-20461	ses-1		dir-AP	acq-multiband	space-ACPC			DSIStudio	autotrackgqi
ProjectionBrainstem_CorticopontineTractL	rd	TORTOISE_model-MAPMRI	/scratch/grmpy/SLURM_11194840_88/job-11194840-88-sub-20461/ds/inputs/data/qsiprep/qsiprep/sub-20461/ses-1/dwi/sub-20461_ses-1_acq-multiband_dir-AP_space-ACPC_desc-preproc_dwi.nii.gz	0.0	624.2254332058507	281.4989926360621	568.2349144862476	624.2254332058507	568.2349144862476	281.4989926360621	602.189322111842	602.189322111842	sub-20461	ses-1		dir-AP	acq-multiband	space-ACPC			DSIStudio	autotrackgqi
ProjectionBrainstem_CorticopontineTractL	rtap	TORTOISE_model-MAPMRI	/scratch/grmpy/SLURM_11194840_88/job-11194840-88-sub-20461/ds/inputs/data/qsiprep/qsiprep/sub-20461/ses-1/dwi/sub-20461_ses-1_acq-multiband_dir-AP_space-ACPC_desc-preproc_dwi.nii.gz	0.0	0.0158657226711511	0.005220225546509	0.0159238073974847	0.0158657226711511	0.0159238073974847	0.005220225546509	0.0172442030161619	0.0172442030161619	sub-20461	ses-1		dir-AP	acq-multiband	space-ACPC			DSIStudio	autotrackgqi
ProjectionBrainstem_CorticopontineTractL	rtop	TORTOISE_model-MAPMRI	/scratch/grmpy/SLURM_11194840_88/job-11194840-88-sub-20461/ds/inputs/data/qsiprep/qsiprep/sub-20461/ses-1/dwi/sub-20461_ses-1_acq-multiband_dir-AP_space-ACPC_desc-preproc_dwi.nii.gz	0.0	0.0003360362024977	9.76969240582548e-05	0.0003489470400381	0.0003360362024977	0.0003489470400381	9.76969240582548e-05	0.0003545040090102	0.0003545040090102	sub-20461	ses-1		dir-AP	acq-multiband	space-ACPC			DSIStudio	autotrackgqi
ProjectionBrainstem_CorticopontineTractL	rtpp	TORTOISE_model-MAPMRI	/scratch/grmpy/SLURM_11194840_88/job-11194840-88-sub-20461/ds/inputs/data/qsiprep/qsiprep/sub-20461/ses-1/dwi/sub-20461_ses-1_acq-multiband_dir-AP_space-ACPC_desc-preproc_dwi.nii.gz	0.0	0.0477972440421581	0.0055536828003823	0.0482009202241897	0.0477972440421581	0.0482009202241897	0.0055536828003823	0.0458725318312644	0.0458725318312644	sub-20461	ses-1		dir-AP	acq-multiband	space-ACPC			DSIStudio	autotrackgqi
ProjectionBrainstem_CorticopontineTractR	ad	TORTOISE_model-MAPMRI	/scratch/grmpy/SLURM_11194840_88/job-11194840-88-sub-20461/ds/inputs/data/qsiprep/qsiprep/sub-20461/ses-1/dwi/sub-20461_ses-1_acq-multiband_dir-AP_space-ACPC_desc-preproc_dwi.nii.gz	0.0	1234.6475564395337	302.7674119208881	1188.5246932920147	1234.6475564395337	1188.5246932920147	302.7674119208881	1320.185607873952	1320.185607873952	sub-20461	ses-1		dir-AP	acq-multiband	space-ACPC			DSIStudio	autotrackgqi
ProjectionBrainstem_CorticopontineTractR	am	TORTOISE_model-MAPMRI	/scratch/grmpy/SLURM_11194840_88/job-11194840-88-sub-20461/ds/inputs/data/qsiprep/qsiprep/sub-20461/ses-1/dwi/sub-20461_ses-1_acq-multiband_dir-AP_space-ACPC_desc-preproc_dwi.nii.gz	0.0	5580.13427734375	1001.7161254882812	5448.18994140625	5580.13427734375	5448.18994140625	1001.7161254882812	5627.1953125	5627.1953125	sub-20461	ses-1		dir-AP	acq-multiband	space-ACPC			DSIStudio	autotrackgqi
ProjectionBrainstem_CorticopontineTractR	fa	TORTOISE_model-MAPMRI	/scratch/grmpy/SLURM_11194840_88/job-11194840-88-sub-20461/ds/inputs/data/qsiprep/qsiprep/sub-20461/ses-1/dwi/sub-20461_ses-1_acq-multiband_dir-AP_space-ACPC_desc-preproc_dwi.nii.gz	0.0	0.4332481488336593	0.1688978325778394	0.4436863456053059	0.4332481488336593	0.4436863456053059	0.1688978325778394	0.5038811301425556	0.5038811301425556	sub-20461	ses-1		dir-AP	acq-multiband	space-ACPC			DSIStudio	autotrackgqi
ProjectionBrainstem_CorticopontineTractR	li	TORTOISE_model-MAPMRI	/scratch/grmpy/SLURM_11194840_88/job-11194840-88-sub-20461/ds/inputs/data/qsiprep/qsiprep/sub-20461/ses-1/dwi/sub-20461_ses-1_acq-multiband_dir-AP_space-ACPC_desc-preproc_dwi.nii.gz	0.0	0.2748661637306213	0.1377098262310028	0.2689898014068603	0.2748661637306213	0.2689898014068603	0.1377098262310028	0.3380550742149353	0.3380550742149353	sub-20461	ses-1		dir-AP	acq-multiband	space-ACPC			DSIStudio	autotrackgqi
ProjectionBrainstem_CorticopontineTractR	ng	TORTOISE_model-MAPMRI	/scratch/grmpy/SLURM_11194840_88/job-11194840-88-sub-20461/ds/inputs/data/qsiprep/qsiprep/sub-20461/ses-1/dwi/sub-20461_ses-1_acq-multiband_dir-AP_space-ACPC_desc-preproc_dwi.nii.gz	0.0	0.335671067237854	0.0582224428653717	0.3477902114391327	0.335671067237854	0.3477902114391327	0.0582224428653717	0.3546001017093658	0.3546001017093658	sub-20461	ses-1		dir-AP	acq-multiband	space-ACPC			DSIStudio	autotrackgqi
ProjectionBrainstem_CorticopontineTractR	ngpar	TORTOISE_model-MAPMRI	/scratch/grmpy/SLURM_11194840_88/job-11194840-88-sub-20461/ds/inputs/data/qsiprep/qsiprep/sub-20461/ses-1/dwi/sub-20461_ses-1_acq-multiband_dir-AP_space-ACPC_desc-preproc_dwi.nii.gz	0.0	0.1469113975763321	0.0387194789946079	0.1446395963430404	0.1469113975763321	0.1446395963430404	0.0387194789946079	0.1488875597715377	0.1488875597715377	sub-20461	ses-1		dir-AP	acq-multiband	space-ACPC			DSIStudio	autotrackgqi
ProjectionBrainstem_CorticopontineTractR	ngperp	TORTOISE_model-MAPMRI	/scratch/grmpy/SLURM_11194840_88/job-11194840-88-sub-20461/ds/inputs/data/qsiprep/qsiprep/sub-20461/ses-1/dwi/sub-20461_ses-1_acq-multiband_dir-AP_space-ACPC_desc-preproc_dwi.nii.gz	0.0	0.2869398891925812	0.0528201796114444	0.2969253957271576	0.2869398891925812	0.2969253957271576	0.0528201796114444	0.3051178157329559	0.3051178157329559	sub-20461	ses-1		dir-AP	acq-multiband	space-ACPC			DSIStudio	autotrackgqi
ProjectionBrainstem_CorticopontineTractR	pa	TORTOISE_model-MAPMRI	/scratch/grmpy/SLURM_11194840_88/job-11194840-88-sub-20461/ds/inputs/data/qsiprep/qsiprep/sub-20461/ses-1/dwi/sub-20461_ses-1_acq-multiband_dir-AP_space-ACPC_desc-preproc_dwi.nii.gz	0.0	0.7869771122932434	0.1745492219924926	0.8473519682884216	0.7869771122932434	0.8473519682884216	0.1745492219924926	0.8561239242553711	0.8561239242553711	sub-20461	ses-1		dir-AP	acq-multiband	space-ACPC			DSIStudio	autotrackgqi
ProjectionBrainstem_CorticopontineTractR	path	TORTOISE_model-MAPMRI	/scratch/grmpy/SLURM_11194840_88/job-11194840-88-sub-20461/ds/inputs/data/qsiprep/qsiprep/sub-20461/ses-1/dwi/sub-20461_ses-1_acq-multiband_dir-AP_space-ACPC_desc-preproc_dwi.nii.gz	0.0	0.3193459510803222	0.0958283469080925	0.326490044593811	0.3193459510803222	0.326490044593811	0.0958283469080925	0.3606148660182953	0.3606148660182953	sub-20461	ses-1		dir-AP	acq-multiband	space-ACPC			DSIStudio	autotrackgqi
ProjectionBrainstem_CorticopontineTractR	rd	TORTOISE_model-MAPMRI	/scratch/grmpy/SLURM_11194840_88/job-11194840-88-sub-20461/ds/inputs/data/qsiprep/qsiprep/sub-20461/ses-1/dwi/sub-20461_ses-1_acq-multiband_dir-AP_space-ACPC_desc-preproc_dwi.nii.gz	0.0	622.8948221223892	280.9296109949967	567.9574817918442	622.8948221223892	567.9574817918442	280.9296109949967	574.0482762835036	574.0482762835036	sub-20461	ses-1		dir-AP	acq-multiband	space-ACPC			DSIStudio	autotrackgqi
ProjectionBrainstem_CorticopontineTractR	rtap	TORTOISE_model-MAPMRI	/scratch/grmpy/SLURM_11194840_88/job-11194840-88-sub-20461/ds/inputs/data/qsiprep/qsiprep/sub-20461/ses-1/dwi/sub-20461_ses-1_acq-multiband_dir-AP_space-ACPC_desc-preproc_dwi.nii.gz	0.0	0.0160739831626415	0.0053132255561649	0.0159875992685556	0.0160739831626415	0.0159875992685556	0.0053132255561649	0.0180574990808963	0.0180574990808963	sub-20461	ses-1		dir-AP	acq-multiband	space-ACPC			DSIStudio	autotrackgqi
ProjectionBrainstem_CorticopontineTractR	rtop	TORTOISE_model-MAPMRI	/scratch/grmpy/SLURM_11194840_88/job-11194840-88-sub-20461/ds/inputs/data/qsiprep/qsiprep/sub-20461/ses-1/dwi/sub-20461_ses-1_acq-multiband_dir-AP_space-ACPC_desc-preproc_dwi.nii.gz	0.0	0.0003377649700269	9.839094855124132e-05	0.0003501994069665	0.0003377649700269	0.0003501994069665	9.839094855124132e-05	0.0003681288508232	0.0003681288508232	sub-20461	ses-1		dir-AP	acq-multiband	space-ACPC			DSIStudio	autotrackgqi
ProjectionBrainstem_CorticopontineTractR	rtpp	TORTOISE_model-MAPMRI	/scratch/grmpy/SLURM_11194840_88/job-11194840-88-sub-20461/ds/inputs/data/qsiprep/qsiprep/sub-20461/ses-1/dwi/sub-20461_ses-1_acq-multiband_dir-AP_space-ACPC_desc-preproc_dwi.nii.gz	0.0	0.0474241226911544	0.0055478857830166	0.0475239753723144	0.0474241226911544	0.0475239753723144	0.0055478857830166	0.045761439949274	0.045761439949274	sub-20461	ses-1		dir-AP	acq-multiband	space-ACPC			DSIStudio	autotrackgqi
ProjectionBasalGanglia_FasciculusSubthalamicusL	ad	TORTOISE_model-MAPMRI	/scratch/grmpy/SLURM_11194840_88/job-11194840-88-sub-20461/ds/inputs/data/qsiprep/qsiprep/sub-20461/ses-1/dwi/sub-20461_ses-1_acq-multiband_dir-AP_space-ACPC_desc-preproc_dwi.nii.gz	0.0	1219.2284468646355	486.56011878372544	1096.2937808283505	1219.2284468646355	1096.2937808283505	486.56011878372544	1250.4997543748398	1250.4997543748398	sub-20461	ses-1		dir-AP	acq-multiband	space-ACPC			DSIStudio	autotrackgqi
ProjectionBasalGanglia_FasciculusSubthalamicusL	am	TORTOISE_model-MAPMRI	/scratch/grmpy/SLURM_11194840_88/job-11194840-88-sub-20461/ds/inputs/data/qsiprep/qsiprep/sub-20461/ses-1/dwi/sub-20461_ses-1_acq-multiband_dir-AP_space-ACPC_desc-preproc_dwi.nii.gz	0.0	5886.20947265625	1555.5252685546875	5673.802734375	5886.20947265625	5673.802734375	1555.5252685546875	5865.30126953125	5865.30126953125	sub-20461	ses-1		dir-AP	acq-multiband	space-ACPC			DSIStudio	autotrackgqi
ProjectionBasalGanglia_FasciculusSubthalamicusL	fa	TORTOISE_model-MAPMRI	/scratch/grmpy/SLURM_11194840_88/job-11194840-88-sub-20461/ds/inputs/data/qsiprep/qsiprep/sub-20461/ses-1/dwi/sub-20461_ses-1_acq-multiband_dir-AP_space-ACPC_desc-preproc_dwi.nii.gz	0.0	0.3248662872818273	0.1311403654732249	0.3084488735959927	0.3248662872818273	0.3084488735959927	0.1311403654732249	0.3367785786981377	0.3367785786981377	sub-20461	ses-1		dir-AP	acq-multiband	space-ACPC			DSIStudio	autotrackgqi
ProjectionBasalGanglia_FasciculusSubthalamicusL	li	TORTOISE_model-MAPMRI	/scratch/grmpy/SLURM_11194840_88/job-11194840-88-sub-20461/ds/inputs/data/qsiprep/qsiprep/sub-20461/ses-1/dwi/sub-20461_ses-1_acq-multiband_dir-AP_space-ACPC_desc-preproc_dwi.nii.gz	0.0	0.1900887787342071	0.098168134689331	0.1715532541275024	0.1900887787342071	0.1715532541275024	0.098168134689331	0.2013675719499588	0.2013675719499588	sub-20461	ses-1		dir-AP	acq-multiband	space-ACPC			DSIStudio	autotrackgqi
ProjectionBasalGanglia_FasciculusSubthalamicusL	ng	TORTOISE_model-MAPMRI	/scratch/grmpy/SLURM_11194840_88/job-11194840-88-sub-20461/ds/inputs/data/qsiprep/qsiprep/sub-20461/ses-1/dwi/sub-20461_ses-1_acq-multiband_dir-AP_space-ACPC_desc-preproc_dwi.nii.gz	0.0	0.3143523037433624	0.0656109079718589	0.3160390853881836	0.3143523037433624	0.3160390853881836	0.0656109079718589	0.3257190287113189	0.3257190287113189	sub-20461	ses-1		dir-AP	acq-multiband	space-ACPC			DSIStudio	autotrackgqi
ProjectionBasalGanglia_FasciculusSubthalamicusL	ngpar	TORTOISE_model-MAPMRI	/scratch/grmpy/SLURM_11194840_88/job-11194840-88-sub-20461/ds/inputs/data/qsiprep/qsiprep/sub-20461/ses-1/dwi/sub-20461_ses-1_acq-multiband_dir-AP_space-ACPC_desc-preproc_dwi.nii.gz	0.0	0.1644468307495117	0.0393344610929489	0.16716930270195	0.1644468307495117	0.16716930270195	0.0393344610929489	0.1685325354337692	0.1685325354337692	sub-20461	ses-1		dir-AP	acq-multiband	space-ACPC			DSIStudio	autotrackgqi
ProjectionBasalGanglia_FasciculusSubthalamicusL	ngperp	TORTOISE_model-MAPMRI	/scratch/grmpy/SLURM_11194840_88/job-11194840-88-sub-20461/ds/inputs/data/qsiprep/qsiprep/sub-20461/ses-1/dwi/sub-20461_ses-1_acq-multiband_dir-AP_space-ACPC_desc-preproc_dwi.nii.gz	0.0	0.2615582644939422	0.0608425140380859	0.2647573351860046	0.2615582644939422	0.2647573351860046	0.0608425140380859	0.2729519307613373	0.2729519307613373	sub-20461	ses-1		dir-AP	acq-multiband	space-ACPC			DSIStudio	autotrackgqi
ProjectionBasalGanglia_FasciculusSubthalamicusL	pa	TORTOISE_model-MAPMRI	/scratch/grmpy/SLURM_11194840_88/job-11194840-88-sub-20461/ds/inputs/data/qsiprep/qsiprep/sub-20461/ses-1/dwi/sub-20461_ses-1_acq-multiband_dir-AP_space-ACPC_desc-preproc_dwi.nii.gz	0.0	0.6761581301689148	0.1545983701944351	0.686225414276123	0.6761581301689148	0.686225414276123	0.1545983701944351	0.6974247694015503	0.6974247694015503	sub-20461	ses-1		dir-AP	acq-multiband	space-ACPC			DSIStudio	autotrackgqi
ProjectionBasalGanglia_FasciculusSubthalamicusL	path	TORTOISE_model-MAPMRI	/scratch/grmpy/SLURM_11194840_88/job-11194840-88-sub-20461/ds/inputs/data/qsiprep/qsiprep/sub-20461/ses-1/dwi/sub-20461_ses-1_acq-multiband_dir-AP_space-ACPC_desc-preproc_dwi.nii.gz	0.0	0.2495439350605011	0.0699207335710525	0.239784300327301	0.2495439350605011	0.239784300327301	0.0699207335710525	0.2581668496131897	0.2581668496131897	sub-20461	ses-1		dir-AP	acq-multiband	space-ACPC			DSIStudio	autotrackgqi
ProjectionBasalGanglia_FasciculusSubthalamicusL	rd	TORTOISE_model-MAPMRI	/scratch/grmpy/SLURM_11194840_88/job-11194840-88-sub-20461/ds/inputs/data/qsiprep/qsiprep/sub-20461/ses-1/dwi/sub-20461_ses-1_acq-multiband_dir-AP_space-ACPC_desc-preproc_dwi.nii.gz	0.0	744.9354572808268	370.5154699640453	655.4123298498258	744.9354572808268	655.4123298498258	370.5154699640453	748.4426397352115	748.4426397352115	sub-20461	ses-1		dir-AP	acq-multiband	space-ACPC			DSIStudio	autotrackgqi
ProjectionBasalGanglia_FasciculusSubthalamicusL	rtap	TORTOISE_model-MAPMRI	/scratch/grmpy/SLURM_11194840_88/job-11194840-88-sub-20461/ds/inputs/data/qsiprep/qsiprep/sub-20461/ses-1/dwi/sub-20461_ses-1_acq-multiband_dir-AP_space-ACPC_desc-preproc_dwi.nii.gz	0.0	0.012166011147201	0.0036818461958318	0.0119785219430923	0.012166011147201	0.0119785219430923	0.0036818461958318	0.0122545305639505	0.0122545305639505	sub-20461	ses-1		dir-AP	acq-multiband	space-ACPC			DSIStudio	autotrackgqi
ProjectionBasalGanglia_FasciculusSubthalamicusL	rtop	TORTOISE_model-MAPMRI	/scratch/grmpy/SLURM_11194840_88/job-11194840-88-sub-20461/ds/inputs/data/qsiprep/qsiprep/sub-20461/ses-1/dwi/sub-20461_ses-1_acq-multiband_dir-AP_space-ACPC_desc-preproc_dwi.nii.gz	0.0	0.0002743591321632	8.865159179549664e-05	0.000281096145045	0.0002743591321632	0.000281096145045	8.865159179549664e-05	0.0002730418927967	0.0002730418927967	sub-20461	ses-1		dir-AP	acq-multiband	space-ACPC			DSIStudio	autotrackgqi
ProjectionBasalGanglia_FasciculusSubthalamicusL	rtpp	TORTOISE_model-MAPMRI	/scratch/grmpy/SLURM_11194840_88/job-11194840-88-sub-20461/ds/inputs/data/qsiprep/qsiprep/sub-20461/ses-1/dwi/sub-20461_ses-1_acq-multiband_dir-AP_space-ACPC_desc-preproc_dwi.nii.gz	0.0	0.0483794920146465	0.0072043356485664	0.0495645031332969	0.0483794920146465	0.0495645031332969	0.0072043356485664	0.0474873594939708	0.0474873594939708	sub-20461	ses-1		dir-AP	acq-multiband	space-ACPC			DSIStudio	autotrackgqi
ProjectionBasalGanglia_FasciculusLenticularisL	ad	TORTOISE_model-MAPMRI	/scratch/grmpy/SLURM_11194840_88/job-11194840-88-sub-20461/ds/inputs/data/qsiprep/qsiprep/sub-20461/ses-1/dwi/sub-20461_ses-1_acq-multiband_dir-AP_space-ACPC_desc-preproc_dwi.nii.gz	0.0	1169.7089649864488	338.59678173911067	1081.1464005373434	1169.7089649864488	1081.1464005373434	338.59678173911067	1233.923087197236	1233.923087197236	sub-20461	ses-1		dir-AP	acq-multiband	space-ACPC			DSIStudio	autotrackgqi
ProjectionBasalGanglia_FasciculusLenticularisL	am	TORTOISE_model-MAPMRI	/scratch/grmpy/SLURM_11194840_88/job-11194840-88-sub-20461/ds/inputs/data/qsiprep/qsiprep/sub-20461/ses-1/dwi/sub-20461_ses-1_acq-multiband_dir-AP_space-ACPC_desc-preproc_dwi.nii.gz	0.0	6198.607421875	1699.5067138671875	5981.95068359375	6198.607421875	5981.95068359375	1699.5067138671875	6589.1396484375	6589.1396484375	sub-20461	ses-1		dir-AP	acq-multiband	space-ACPC			DSIStudio	autotrackgqi
ProjectionBasalGanglia_FasciculusLenticularisL	fa	TORTOISE_model-MAPMRI	/scratch/grmpy/SLURM_11194840_88/job-11194840-88-sub-20461/ds/inputs/data/qsiprep/qsiprep/sub-20461/ses-1/dwi/sub-20461_ses-1_acq-multiband_dir-AP_space-ACPC_desc-preproc_dwi.nii.gz	0.0	0.3127793293436608	0.1133842632149629	0.2917979019213059	0.3127793293436608	0.2917979019213059	0.1133842632149629	0.3441221109844442	0.3441221109844442	sub-20461	ses-1		dir-AP	acq-multiband	space-ACPC			DSIStudio	autotrackgqi
ProjectionBasalGanglia_FasciculusLenticularisL	li	TORTOISE_model-MAPMRI	/scratch/grmpy/SLURM_11194840_88/job-11194840-88-sub-20461/ds/inputs/data/qsiprep/qsiprep/sub-20461/ses-1/dwi/sub-20461_ses-1_acq-multiband_dir-AP_space-ACPC_desc-preproc_dwi.nii.gz	0.0	0.1705327183008194	0.0698942095041275	0.1555276960134506	0.1705327183008194	0.1555276960134506	0.0698942095041275	0.1812604069709777	0.1812604069709777	sub-20461	ses-1		dir-AP	acq-multiband	space-ACPC			DSIStudio	autotrackgqi
ProjectionBasalGanglia_FasciculusLenticularisL	ng	TORTOISE_model-MAPMRI	/scratch/grmpy/SLURM_11194840_88/job-11194840-88-sub-20461/ds/inputs/data/qsiprep/qsiprep/sub-20461/ses-1/dwi/sub-20461_ses-1_acq-multiband_dir-AP_space-ACPC_desc-preproc_dwi.nii.gz	0.0	0.2873317301273346	0.057421039789915	0.28864187002182	0.2873317301273346	0.28864187002182	0.057421039789915	0.2869177460670471	0.2869177460670471	sub-20461	ses-1		dir-AP	acq-multiband	space-ACPC			DSIStudio	autotrackgqi
ProjectionBasalGanglia_FasciculusLenticularisL	ngpar	TORTOISE_model-MAPMRI	/scratch/grmpy/SLURM_11194840_88/job-11194840-88-sub-20461/ds/inputs/data/qsiprep/qsiprep/sub-20461/ses-1/dwi/sub-20461_ses-1_acq-multiband_dir-AP_space-ACPC_desc-preproc_dwi.nii.gz	0.0	0.1500978022813797	0.0343870744109153	0.151242047548294	0.1500978022813797	0.151242047548294	0.0343870744109153	0.1383553892374038	0.1383553892374038	sub-20461	ses-1		dir-AP	acq-multiband	space-ACPC			DSIStudio	autotrackgqi
ProjectionBasalGanglia_FasciculusLenticularisL	ngperp	TORTOISE_model-MAPMRI	/scratch/grmpy/SLURM_11194840_88/job-11194840-88-sub-20461/ds/inputs/data/qsiprep/qsiprep/sub-20461/ses-1/dwi/sub-20461_ses-1_acq-multiband_dir-AP_space-ACPC_desc-preproc_dwi.nii.gz	0.0	0.2399001717567443	0.0538163371384143	0.2422825843095779	0.2399001717567443	0.2422825843095779	0.0538163371384143	0.2467761188745498	0.2467761188745498	sub-20461	ses-1		dir-AP	acq-multiband	space-ACPC			DSIStudio	autotrackgqi
ProjectionBasalGanglia_FasciculusLenticularisL	pa	TORTOISE_model-MAPMRI	/scratch/grmpy/SLURM_11194840_88/job-11194840-88-sub-20461/ds/inputs/data/qsiprep/qsiprep/sub-20461/ses-1/dwi/sub-20461_ses-1_acq-multiband_dir-AP_space-ACPC_desc-preproc_dwi.nii.gz	0.0	0.6514912247657776	0.1485174000263214	0.6495876908302307	0.6514912247657776	0.6495876908302307	0.1485174000263214	0.6904165148735046	0.6904165148735046	sub-20461	ses-1		dir-AP	acq-multiband	space-ACPC			DSIStudio	autotrackgqi
ProjectionBasalGanglia_FasciculusLenticularisL	path	TORTOISE_model-MAPMRI	/scratch/grmpy/SLURM_11194840_88/job-11194840-88-sub-20461/ds/inputs/data/qsiprep/qsiprep/sub-20461/ses-1/dwi/sub-20461_ses-1_acq-multiband_dir-AP_space-ACPC_desc-preproc_dwi.nii.gz	0.0	0.2373609244823455	0.0641535222530365	0.2256218791007995	0.2373609244823455	0.2256218791007995	0.0641535222530365	0.2543939054012298	0.2543939054012298	sub-20461	ses-1		dir-AP	acq-multiband	space-ACPC			DSIStudio	autotrackgqi
ProjectionBasalGanglia_FasciculusLenticularisL	rd	TORTOISE_model-MAPMRI	/scratch/grmpy/SLURM_11194840_88/job-11194840-88-sub-20461/ds/inputs/data/qsiprep/qsiprep/sub-20461/ses-1/dwi/sub-20461_ses-1_acq-multiband_dir-AP_space-ACPC_desc-preproc_dwi.nii.gz	0.0	732.3274455994176	237.60478187890112	670.0284589489805	732.3274455994176	670.0284589489805	237.60478187890112	717.5136970634319	717.5136970634319	sub-20461	ses-1		dir-AP	acq-multiband	space-ACPC			DSIStudio	autotrackgqi
ProjectionBasalGanglia_FasciculusLenticularisL	rtap	TORTOISE_model-MAPMRI	/scratch/grmpy/SLURM_11194840_88/job-11194840-88-sub-20461/ds/inputs/data/qsiprep/qsiprep/sub-20461/ses-1/dwi/sub-20461_ses-1_acq-multiband_dir-AP_space-ACPC_desc-preproc_dwi.nii.gz	0.0	0.0115294214338064	0.0030640647746622	0.0114241326227784	0.0115294214338064	0.0114241326227784	0.0030640647746622	0.0116323269903659	0.0116323269903659	sub-20461	ses-1		dir-AP	acq-multiband	space-ACPC			DSIStudio	autotrackgqi
ProjectionBasalGanglia_FasciculusLenticularisL	rtop	TORTOISE_model-MAPMRI	/scratch/grmpy/SLURM_11194840_88/job-11194840-88-sub-20461/ds/inputs/data/qsiprep/qsiprep/sub-20461/ses-1/dwi/sub-20461_ses-1_acq-multiband_dir-AP_space-ACPC_desc-preproc_dwi.nii.gz	0.0	0.0002561912115197	7.344190089497715e-05	0.0002645420318003	0.0002561912115197	0.0002645420318003	7.344190089497715e-05	0.0002461557160131	0.0002461557160131	sub-20461	ses-1		dir-AP	acq-multiband	space-ACPC			DSIStudio	autotrackgqi
ProjectionBasalGanglia_FasciculusLenticularisL	rtpp	TORTOISE_model-MAPMRI	/scratch/grmpy/SLURM_11194840_88/job-11194840-88-sub-20461/ds/inputs/data/qsiprep/qsiprep/sub-20461/ses-1/dwi/sub-20461_ses-1_acq-multiband_dir-AP_space-ACPC_desc-preproc_dwi.nii.gz	0.0	0.0485641658306121	0.0059262667782604	0.0494483076035976	0.0485641658306121	0.0494483076035976	0.0059262667782604	0.0466393381357193	0.0466393381357193	sub-20461	ses-1		dir-AP	acq-multiband	space-ACPC			DSIStudio	autotrackgqi
ProjectionBrainstem_CorticospinalTractR	ad	TORTOISE_model-MAPMRI	/scratch/grmpy/SLURM_11194840_88/job-11194840-88-sub-20461/ds/inputs/data/qsiprep/qsiprep/sub-20461/ses-1/dwi/sub-20461_ses-1_acq-multiband_dir-AP_space-ACPC_desc-preproc_dwi.nii.gz	0.0	1279.9024195401305	348.71390154179545	1211.5937301948793	1279.9024195401305	1211.5937301948793	348.71390154179545	1311.4798525717738	1311.4798525717738	sub-20461	ses-1		dir-AP	acq-multiband	space-ACPC			DSIStudio	autotrackgqi
ProjectionBrainstem_CorticospinalTractR	am	TORTOISE_model-MAPMRI	/scratch/grmpy/SLURM_11194840_88/job-11194840-88-sub-20461/ds/inputs/data/qsiprep/qsiprep/sub-20461/ses-1/dwi/sub-20461_ses-1_acq-multiband_dir-AP_space-ACPC_desc-preproc_dwi.nii.gz	0.0	5683.16162109375	893.2463989257812	5650.36376953125	5683.16162109375	5650.36376953125	893.2463989257812	5788.80859375	5788.80859375	sub-20461	ses-1		dir-AP	acq-multiband	space-ACPC			DSIStudio	autotrackgqi
ProjectionBrainstem_CorticospinalTractR	fa	TORTOISE_model-MAPMRI	/scratch/grmpy/SLURM_11194840_88/job-11194840-88-sub-20461/ds/inputs/data/qsiprep/qsiprep/sub-20461/ses-1/dwi/sub-20461_ses-1_acq-multiband_dir-AP_space-ACPC_desc-preproc_dwi.nii.gz	0.0	0.4803253981420107	0.158789991956483	0.4865907194420531	0.4803253981420107	0.4865907194420531	0.158789991956483	0.5320272327741622	0.5320272327741622	sub-20461	ses-1		dir-AP	acq-multiband	space-ACPC			DSIStudio	autotrackgqi
ProjectionBrainstem_CorticospinalTractR	li	TORTOISE_model-MAPMRI	/scratch/grmpy/SLURM_11194840_88/job-11194840-88-sub-20461/ds/inputs/data/qsiprep/qsiprep/sub-20461/ses-1/dwi/sub-20461_ses-1_acq-multiband_dir-AP_space-ACPC_desc-preproc_dwi.nii.gz	0.0	0.3189703226089477	0.1411475837230682	0.3148537278175354	0.3189703226089477	0.3148537278175354	0.1411475837230682	0.3679338693618774	0.3679338693618774	sub-20461	ses-1		dir-AP	acq-multiband	space-ACPC			DSIStudio	autotrackgqi
ProjectionBrainstem_CorticospinalTractR	ng	TORTOISE_model-MAPMRI	/scratch/grmpy/SLURM_11194840_88/job-11194840-88-sub-20461/ds/inputs/data/qsiprep/qsiprep/sub-20461/ses-1/dwi/sub-20461_ses-1_acq-multiband_dir-AP_space-ACPC_desc-preproc_dwi.nii.gz	0.0	0.3545916378498077	0.0441697388887405	0.3556467294692993	0.3545916378498077	0.3556467294692993	0.0441697388887405	0.3596056699752807	0.3596056699752807	sub-20461	ses-1		dir-AP	acq-multiband	space-ACPC			DSIStudio	autotrackgqi
ProjectionBrainstem_CorticospinalTractR	ngpar	TORTOISE_model-MAPMRI	/scratch/grmpy/SLURM_11194840_88/job-11194840-88-sub-20461/ds/inputs/data/qsiprep/qsiprep/sub-20461/ses-1/dwi/sub-20461_ses-1_acq-multiband_dir-AP_space-ACPC_desc-preproc_dwi.nii.gz	0.0	0.1567712426185608	0.0396793633699417	0.1526844203472137	0.1567712426185608	0.1526844203472137	0.0396793633699417	0.1570064723491668	0.1570064723491668	sub-20461	ses-1		dir-AP	acq-multiband	space-ACPC			DSIStudio	autotrackgqi
ProjectionBrainstem_CorticospinalTractR	ngperp	TORTOISE_model-MAPMRI	/scratch/grmpy/SLURM_11194840_88/job-11194840-88-sub-20461/ds/inputs/data/qsiprep/qsiprep/sub-20461/ses-1/dwi/sub-20461_ses-1_acq-multiband_dir-AP_space-ACPC_desc-preproc_dwi.nii.gz	0.0	0.2989478707313537	0.0413682088255882	0.3018651604652405	0.2989478707313537	0.3018651604652405	0.0413682088255882	0.3049567341804504	0.3049567341804504	sub-20461	ses-1		dir-AP	acq-multiband	space-ACPC			DSIStudio	autotrackgqi
ProjectionBrainstem_CorticospinalTractR	pa	TORTOISE_model-MAPMRI	/scratch/grmpy/SLURM_11194840_88/job-11194840-88-sub-20461/ds/inputs/data/qsiprep/qsiprep/sub-20461/ses-1/dwi/sub-20461_ses-1_acq-multiband_dir-AP_space-ACPC_desc-preproc_dwi.nii.gz	0.0	0.8360493779182434	0.1252959370613098	0.8748754262924194	0.8360493779182434	0.8748754262924194	0.1252959370613098	0.8684437274932861	0.8684437274932861	sub-20461	ses-1		dir-AP	acq-multiband	space-ACPC			DSIStudio	autotrackgqi
ProjectionBrainstem_CorticospinalTractR	path	TORTOISE_model-MAPMRI	/scratch/grmpy/SLURM_11194840_88/job-11194840-88-sub-20461/ds/inputs/data/qsiprep/qsiprep/sub-20461/ses-1/dwi/sub-20461_ses-1_acq-multiband_dir-AP_space-ACPC_desc-preproc_dwi.nii.gz	0.0	0.3449501693248749	0.0840642973780632	0.3493665754795074	0.3449501693248749	0.3493665754795074	0.0840642973780632	0.370148241519928	0.370148241519928	sub-20461	ses-1		dir-AP	acq-multiband	space-ACPC			DSIStudio	autotrackgqi
ProjectionBrainstem_CorticospinalTractR	rd	TORTOISE_model-MAPMRI	/scratch/grmpy/SLURM_11194840_88/job-11194840-88-sub-20461/ds/inputs/data/qsiprep/qsiprep/sub-20461/ses-1/dwi/sub-20461_ses-1_acq-multiband_dir-AP_space-ACPC_desc-preproc_dwi.nii.gz	0.0	586.9410567437491	289.0086279383676	538.6970261257951	586.9410567437491	538.6970261257951	289.0086279383676	526.1960648173983	526.1960648173983	sub-20461	ses-1		dir-AP	acq-multiband	space-ACPC			DSIStudio	autotrackgqi
ProjectionBrainstem_CorticospinalTractR	rtap	TORTOISE_model-MAPMRI	/scratch/grmpy/SLURM_11194840_88/job-11194840-88-sub-20461/ds/inputs/data/qsiprep/qsiprep/sub-20461/ses-1/dwi/sub-20461_ses-1_acq-multiband_dir-AP_space-ACPC_desc-preproc_dwi.nii.gz	0.0	0.0175305400043725	0.0054641352035105	0.0173823088407516	0.0175305400043725	0.0173823088407516	0.0054641352035105	0.0191701110452413	0.0191701110452413	sub-20461	ses-1		dir-AP	acq-multiband	space-ACPC			DSIStudio	autotrackgqi
ProjectionBrainstem_CorticospinalTractR	rtop	TORTOISE_model-MAPMRI	/scratch/grmpy/SLURM_11194840_88/job-11194840-88-sub-20461/ds/inputs/data/qsiprep/qsiprep/sub-20461/ses-1/dwi/sub-20461_ses-1_acq-multiband_dir-AP_space-ACPC_desc-preproc_dwi.nii.gz	0.0	0.0003673359460663	9.971099643735216e-05	0.0003756578953471	0.0003673359460663	0.0003756578953471	9.971099643735216e-05	0.000394225702621	0.000394225702621	sub-20461	ses-1		dir-AP	acq-multiband	space-ACPC			DSIStudio	autotrackgqi
ProjectionBrainstem_CorticospinalTractR	rtpp	TORTOISE_model-MAPMRI	/scratch/grmpy/SLURM_11194840_88/job-11194840-88-sub-20461/ds/inputs/data/qsiprep/qsiprep/sub-20461/ses-1/dwi/sub-20461_ses-1_acq-multiband_dir-AP_space-ACPC_desc-preproc_dwi.nii.gz	0.0	0.0470782443881034	0.0061017642728984	0.0472741983830928	0.0470782443881034	0.0472741983830928	0.0061017642728984	0.0463359616696834	0.0463359616696834	sub-20461	ses-1		dir-AP	acq-multiband	space-ACPC			DSIStudio	autotrackgqi
ProjectionBasalGanglia_AnsaSubthalamicaR	ad	TORTOISE_model-MAPMRI	/scratch/grmpy/SLURM_11194840_88/job-11194840-88-sub-20461/ds/inputs/data/qsiprep/qsiprep/sub-20461/ses-1/dwi/sub-20461_ses-1_acq-multiband_dir-AP_space-ACPC_desc-preproc_dwi.nii.gz	0.0	1238.5808026046786	396.12632633593705	1161.1666691482235	1238.5808026046786	1161.1666691482235	396.12632633593705	1245.0395823998197	1245.0395823998197	sub-20461	ses-1		dir-AP	acq-multiband	space-ACPC			DSIStudio	autotrackgqi
ProjectionBasalGanglia_AnsaSubthalamicaR	am	TORTOISE_model-MAPMRI	/scratch/grmpy/SLURM_11194840_88/job-11194840-88-sub-20461/ds/inputs/data/qsiprep/qsiprep/sub-20461/ses-1/dwi/sub-20461_ses-1_acq-multiband_dir-AP_space-ACPC_desc-preproc_dwi.nii.gz	0.0	6131.9892578125	1560.852783203125	6165.6884765625	6131.9892578125	6165.6884765625	1560.852783203125	6406.5341796875	6406.5341796875	sub-20461	ses-1		dir-AP	acq-multiband	space-ACPC			DSIStudio	autotrackgqi
ProjectionBasalGanglia_AnsaSubthalamicaR	fa	TORTOISE_model-MAPMRI	/scratch/grmpy/SLURM_11194840_88/job-11194840-88-sub-20461/ds/inputs/data/qsiprep/qsiprep/sub-20461/ses-1/dwi/sub-20461_ses-1_acq-multiband_dir-AP_space-ACPC_desc-preproc_dwi.nii.gz	0.0	0.3301429694980922	0.1204157305666757	0.3116172464259464	0.3301429694980922	0.3116172464259464	0.1204157305666757	0.3390639872870072	0.3390639872870072	sub-20461	ses-1		dir-AP	acq-multiband	space-ACPC			DSIStudio	autotrackgqi
ProjectionBasalGanglia_AnsaSubthalamicaR	li	TORTOISE_model-MAPMRI	/scratch/grmpy/SLURM_11194840_88/job-11194840-88-sub-20461/ds/inputs/data/qsiprep/qsiprep/sub-20461/ses-1/dwi/sub-20461_ses-1_acq-multiband_dir-AP_space-ACPC_desc-preproc_dwi.nii.gz	0.0	0.1924474835395813	0.0906586125493049	0.1698707938194275	0.1924474835395813	0.1698707938194275	0.0906586125493049	0.1980439126491546	0.1980439126491546	sub-20461	ses-1		dir-AP	acq-multiband	space-ACPC			DSIStudio	autotrackgqi
ProjectionBasalGanglia_AnsaSubthalamicaR	ng	TORTOISE_model-MAPMRI	/scratch/grmpy/SLURM_11194840_88/job-11194840-88-sub-20461/ds/inputs/data/qsiprep/qsiprep/sub-20461/ses-1/dwi/sub-20461_ses-1_acq-multiband_dir-AP_space-ACPC_desc-preproc_dwi.nii.gz	0.0	0.3067434728145599	0.0624843426048755	0.3136940002441406	0.3067434728145599	0.3136940002441406	0.0624843426048755	0.2931352257728576	0.2931352257728576	sub-20461	ses-1		dir-AP	acq-multiband	space-ACPC			DSIStudio	autotrackgqi
ProjectionBasalGanglia_AnsaSubthalamicaR	ngpar	TORTOISE_model-MAPMRI	/scratch/grmpy/SLURM_11194840_88/job-11194840-88-sub-20461/ds/inputs/data/qsiprep/qsiprep/sub-20461/ses-1/dwi/sub-20461_ses-1_acq-multiband_dir-AP_space-ACPC_desc-preproc_dwi.nii.gz	0.0	0.1520027965307235	0.0370958782732486	0.1511994153261184	0.1520027965307235	0.1511994153261184	0.0370958782732486	0.1406358331441879	0.1406358331441879	sub-20461	ses-1		dir-AP	acq-multiband	space-ACPC			DSIStudio	autotrackgqi
ProjectionBasalGanglia_AnsaSubthalamicaR	ngperp	TORTOISE_model-MAPMRI	/scratch/grmpy/SLURM_11194840_88/job-11194840-88-sub-20461/ds/inputs/data/qsiprep/qsiprep/sub-20461/ses-1/dwi/sub-20461_ses-1_acq-multiband_dir-AP_space-ACPC_desc-preproc_dwi.nii.gz	0.0	0.2597748935222626	0.0549331530928611	0.2660988867282867	0.2597748935222626	0.2660988867282867	0.0549331530928611	0.2512075901031494	0.2512075901031494	sub-20461	ses-1		dir-AP	acq-multiband	space-ACPC			DSIStudio	autotrackgqi
ProjectionBasalGanglia_AnsaSubthalamicaR	pa	TORTOISE_model-MAPMRI	/scratch/grmpy/SLURM_11194840_88/job-11194840-88-sub-20461/ds/inputs/data/qsiprep/qsiprep/sub-20461/ses-1/dwi/sub-20461_ses-1_acq-multiband_dir-AP_space-ACPC_desc-preproc_dwi.nii.gz	0.0	0.6836014986038208	0.1428449004888534	0.6834886074066162	0.6836014986038208	0.6834886074066162	0.1428449004888534	0.6877415180206299	0.6877415180206299	sub-20461	ses-1		dir-AP	acq-multiband	space-ACPC			DSIStudio	autotrackgqi
ProjectionBasalGanglia_AnsaSubthalamicaR	path	TORTOISE_model-MAPMRI	/scratch/grmpy/SLURM_11194840_88/job-11194840-88-sub-20461/ds/inputs/data/qsiprep/qsiprep/sub-20461/ses-1/dwi/sub-20461_ses-1_acq-multiband_dir-AP_space-ACPC_desc-preproc_dwi.nii.gz	0.0	0.2519453465938568	0.0685926675796508	0.2386829853057861	0.2519453465938568	0.2386829853057861	0.0685926675796508	0.2498850524425506	0.2498850524425506	sub-20461	ses-1		dir-AP	acq-multiband	space-ACPC			DSIStudio	autotrackgqi
ProjectionBasalGanglia_AnsaSubthalamicaR	rd	TORTOISE_model-MAPMRI	/scratch/grmpy/SLURM_11194840_88/job-11194840-88-sub-20461/ds/inputs/data/qsiprep/qsiprep/sub-20461/ses-1/dwi/sub-20461_ses-1_acq-multiband_dir-AP_space-ACPC_desc-preproc_dwi.nii.gz	0.0	748.6574437600099	295.10081829328817	697.8390008927622	748.6574437600099	697.8390008927622	295.10081829328817	730.0256159942076	730.0256159942076	sub-20461	ses-1		dir-AP	acq-multiband	space-ACPC			DSIStudio	autotrackgqi
ProjectionBasalGanglia_AnsaSubthalamicaR	rtap	TORTOISE_model-MAPMRI	/scratch/grmpy/SLURM_11194840_88/job-11194840-88-sub-20461/ds/inputs/data/qsiprep/qsiprep/sub-20461/ses-1/dwi/sub-20461_ses-1_acq-multiband_dir-AP_space-ACPC_desc-preproc_dwi.nii.gz	0.0	0.0117826182395219	0.0034779591951519	0.0113861914724111	0.0117826182395219	0.0113861914724111	0.0034779591951519	0.0114779472351074	0.0114779472351074	sub-20461	ses-1		dir-AP	acq-multiband	space-ACPC			DSIStudio	autotrackgqi
ProjectionBasalGanglia_AnsaSubthalamicaR	rtop	TORTOISE_model-MAPMRI	/scratch/grmpy/SLURM_11194840_88/job-11194840-88-sub-20461/ds/inputs/data/qsiprep/qsiprep/sub-20461/ses-1/dwi/sub-20461_ses-1_acq-multiband_dir-AP_space-ACPC_desc-preproc_dwi.nii.gz	0.0	0.0002543233567848	7.794261182425544e-05	0.0002554521779529	0.0002543233567848	0.0002554521779529	7.794261182425544e-05	0.0002407879073871	0.0002407879073871	sub-20461	ses-1		dir-AP	acq-multiband	space-ACPC			DSIStudio	autotrackgqi
ProjectionBasalGanglia_AnsaSubthalamicaR	rtpp	TORTOISE_model-MAPMRI	/scratch/grmpy/SLURM_11194840_88/job-11194840-88-sub-20461/ds/inputs/data/qsiprep/qsiprep/sub-20461/ses-1/dwi/sub-20461_ses-1_acq-multiband_dir-AP_space-ACPC_desc-preproc_dwi.nii.gz	0.0	0.0471616685390472	0.0059379553422331	0.047693770378828	0.0471616685390472	0.047693770378828	0.0059379553422331	0.0464803390204906	0.0464803390204906	sub-20461	ses-1		dir-AP	acq-multiband	space-ACPC			DSIStudio	autotrackgqi
ProjectionBrainstem_MedialForebrainBundleL	ad	TORTOISE_model-MAPMRI	/scratch/grmpy/SLURM_11194840_88/job-11194840-88-sub-20461/ds/inputs/data/qsiprep/qsiprep/sub-20461/ses-1/dwi/sub-20461_ses-1_acq-multiband_dir-AP_space-ACPC_desc-preproc_dwi.nii.gz	0.0102929532858273	1512.010432126805	720.1415094713338	1299.936772203172	1527.7353406209238	1303.0804993285392	707.0882368440716	1394.8991311479476	1402.48534603781	sub-20461	ses-1		dir-AP	acq-multiband	space-ACPC			DSIStudio	autotrackgqi
ProjectionBrainstem_MedialForebrainBundleL	am	TORTOISE_model-MAPMRI	/scratch/grmpy/SLURM_11194840_88/job-11194840-88-sub-20461/ds/inputs/data/qsiprep/qsiprep/sub-20461/ses-1/dwi/sub-20461_ses-1_acq-multiband_dir-AP_space-ACPC_desc-preproc_dwi.nii.gz	0.0	6449.14794921875	1981.0301513671875	6394.3251953125	6449.14794921875	6394.3251953125	1981.0301513671875	6504.89794921875	6504.89794921875	sub-20461	ses-1		dir-AP	acq-multiband	space-ACPC			DSIStudio	autotrackgqi
ProjectionBrainstem_MedialForebrainBundleL	fa	TORTOISE_model-MAPMRI	/scratch/grmpy/SLURM_11194840_88/job-11194840-88-sub-20461/ds/inputs/data/qsiprep/qsiprep/sub-20461/ses-1/dwi/sub-20461_ses-1_acq-multiband_dir-AP_space-ACPC_desc-preproc_dwi.nii.gz	0.0102929532858273	0.3632662376019826	0.1630875848427754	0.3590779278349832	0.3670442064730432	0.3602574789955951	0.1596480296493558	0.4124538817901471	0.4146970286272105	sub-20461	ses-1		dir-AP	acq-multiband	space-ACPC			DSIStudio	autotrackgqi
ProjectionBrainstem_MedialForebrainBundleL	li	TORTOISE_model-MAPMRI	/scratch/grmpy/SLURM_11194840_88/job-11194840-88-sub-20461/ds/inputs/data/qsiprep/qsiprep/sub-20461/ses-1/dwi/sub-20461_ses-1_acq-multiband_dir-AP_space-ACPC_desc-preproc_dwi.nii.gz	0.014251781472684	0.2171197384595871	0.122340977191925	0.2049193084239959	0.220258817076683	0.2083024978637695	0.1203839555382728	0.2618688941001892	0.2637942433357239	sub-20461	ses-1		dir-AP	acq-multiband	space-ACPC			DSIStudio	autotrackgqi
ProjectionBrainstem_MedialForebrainBundleL	ng	TORTOISE_model-MAPMRI	/scratch/grmpy/SLURM_11194840_88/job-11194840-88-sub-20461/ds/inputs/data/qsiprep/qsiprep/sub-20461/ses-1/dwi/sub-20461_ses-1_acq-multiband_dir-AP_space-ACPC_desc-preproc_dwi.nii.gz	0.0	0.3619019687175751	0.0829831361770629	0.3561515212059021	0.3619019687175751	0.3561515212059021	0.0829831361770629	0.3514556586742401	0.3514556586742401	sub-20461	ses-1		dir-AP	acq-multiband	space-ACPC			DSIStudio	autotrackgqi
ProjectionBrainstem_MedialForebrainBundleL	ngpar	TORTOISE_model-MAPMRI	/scratch/grmpy/SLURM_11194840_88/job-11194840-88-sub-20461/ds/inputs/data/qsiprep/qsiprep/sub-20461/ses-1/dwi/sub-20461_ses-1_acq-multiband_dir-AP_space-ACPC_desc-preproc_dwi.nii.gz	0.0	0.1809541434049606	0.0563740208745002	0.1780498474836349	0.1809541434049606	0.1780498474836349	0.0563740208745002	0.1714531481266021	0.1714531481266021	sub-20461	ses-1		dir-AP	acq-multiband	space-ACPC			DSIStudio	autotrackgqi
ProjectionBrainstem_MedialForebrainBundleL	ngperp	TORTOISE_model-MAPMRI	/scratch/grmpy/SLURM_11194840_88/job-11194840-88-sub-20461/ds/inputs/data/qsiprep/qsiprep/sub-20461/ses-1/dwi/sub-20461_ses-1_acq-multiband_dir-AP_space-ACPC_desc-preproc_dwi.nii.gz	0.0	0.2945736944675445	0.0635585263371467	0.2957942485809326	0.2945736944675445	0.2957942485809326	0.0635585263371467	0.2910415530204773	0.2910415530204773	sub-20461	ses-1		dir-AP	acq-multiband	space-ACPC			DSIStudio	autotrackgqi
ProjectionBrainstem_MedialForebrainBundleL	pa	TORTOISE_model-MAPMRI	/scratch/grmpy/SLURM_11194840_88/job-11194840-88-sub-20461/ds/inputs/data/qsiprep/qsiprep/sub-20461/ses-1/dwi/sub-20461_ses-1_acq-multiband_dir-AP_space-ACPC_desc-preproc_dwi.nii.gz	0.0	0.7493494153022766	0.1340778321027755	0.7689703702926636	0.7493494153022766	0.7689703702926636	0.1340778321027755	0.7774356007575989	0.7774356007575989	sub-20461	ses-1		dir-AP	acq-multiband	space-ACPC			DSIStudio	autotrackgqi
ProjectionBrainstem_MedialForebrainBundleL	path	TORTOISE_model-MAPMRI	/scratch/grmpy/SLURM_11194840_88/job-11194840-88-sub-20461/ds/inputs/data/qsiprep/qsiprep/sub-20461/ses-1/dwi/sub-20461_ses-1_acq-multiband_dir-AP_space-ACPC_desc-preproc_dwi.nii.gz	0.0	0.2885431051254272	0.0910990238189697	0.2775650024414062	0.2885431051254272	0.2775650024414062	0.0910990238189697	0.3022597134113312	0.3022597134113312	sub-20461	ses-1		dir-AP	acq-multiband	space-ACPC			DSIStudio	autotrackgqi
ProjectionBrainstem_MedialForebrainBundleL	rd	TORTOISE_model-MAPMRI	/scratch/grmpy/SLURM_11194840_88/job-11194840-88-sub-20461/ds/inputs/data/qsiprep/qsiprep/sub-20461/ses-1/dwi/sub-20461_ses-1_acq-multiband_dir-AP_space-ACPC_desc-preproc_dwi.nii.gz	0.0102929532858273	893.7006898418431	636.9136307821374	680.2899817653838	902.9951770161982	682.0018180057232	633.628400014389	739.0236166388935	743.0428262900281	sub-20461	ses-1		dir-AP	acq-multiband	space-ACPC			DSIStudio	autotrackgqi
ProjectionBrainstem_MedialForebrainBundleL	rtap	TORTOISE_model-MAPMRI	/scratch/grmpy/SLURM_11194840_88/job-11194840-88-sub-20461/ds/inputs/data/qsiprep/qsiprep/sub-20461/ses-1/dwi/sub-20461_ses-1_acq-multiband_dir-AP_space-ACPC_desc-preproc_dwi.nii.gz	0.0102929532858273	0.01203647069633	0.0055499859154224	0.0123306810855865	0.0121616497635841	0.0124049335718154	0.0054406160488724	0.0137596502900123	0.0138344820588827	sub-20461	ses-1		dir-AP	acq-multiband	space-ACPC			DSIStudio	autotrackgqi
ProjectionBrainstem_MedialForebrainBundleL	rtop	TORTOISE_model-MAPMRI	/scratch/grmpy/SLURM_11194840_88/job-11194840-88-sub-20461/ds/inputs/data/qsiprep/qsiprep/sub-20461/ses-1/dwi/sub-20461_ses-1_acq-multiband_dir-AP_space-ACPC_desc-preproc_dwi.nii.gz	0.0102929532858273	0.0002534183731768	0.0001209218316944	0.0002684740757104	0.0002560539287514	0.0002698256284929	0.0001187405359814	0.0002891314506996	0.0002907039015553	sub-20461	ses-1		dir-AP	acq-multiband	space-ACPC			DSIStudio	autotrackgqi
ProjectionBrainstem_MedialForebrainBundleL	rtpp	TORTOISE_model-MAPMRI	/scratch/grmpy/SLURM_11194840_88/job-11194840-88-sub-20461/ds/inputs/data/qsiprep/qsiprep/sub-20461/ses-1/dwi/sub-20461_ses-1_acq-multiband_dir-AP_space-ACPC_desc-preproc_dwi.nii.gz	0.0102929532858273	0.0433139279484748	0.0095945512875914	0.0451055727899074	0.0437643937766552	0.04523666203022	0.0085614528506994	0.0446937978267669	0.044936865568161	sub-20461	ses-1		dir-AP	acq-multiband	space-ACPC			DSIStudio	autotrackgqi
ProjectionBasalGanglia_AnsaLenticularisR	ad	TORTOISE_model-MAPMRI	/scratch/grmpy/SLURM_11194840_88/job-11194840-88-sub-20461/ds/inputs/data/qsiprep/qsiprep/sub-20461/ses-1/dwi/sub-20461_ses-1_acq-multiband_dir-AP_space-ACPC_desc-preproc_dwi.nii.gz	0.0	1498.2594664568453	801.4100113430416	1179.638889013902	1498.2594664568453	1179.638889013902	801.4100113430416	1435.3762715509988	1435.3763942981682	sub-20461	ses-1		dir-AP	acq-multiband	space-ACPC			DSIStudio	autotrackgqi
ProjectionBasalGanglia_AnsaLenticularisR	am	TORTOISE_model-MAPMRI	/scratch/grmpy/SLURM_11194840_88/job-11194840-88-sub-20461/ds/inputs/data/qsiprep/qsiprep/sub-20461/ses-1/dwi/sub-20461_ses-1_acq-multiband_dir-AP_space-ACPC_desc-preproc_dwi.nii.gz	0.0	7425.93115234375	2550.108154296875	6866.2353515625	7425.93115234375	6866.2353515625	2550.108154296875	7583.14892578125	7583.1494140625	sub-20461	ses-1		dir-AP	acq-multiband	space-ACPC			DSIStudio	autotrackgqi
ProjectionBasalGanglia_AnsaLenticularisR	fa	TORTOISE_model-MAPMRI	/scratch/grmpy/SLURM_11194840_88/job-11194840-88-sub-20461/ds/inputs/data/qsiprep/qsiprep/sub-20461/ses-1/dwi/sub-20461_ses-1_acq-multiband_dir-AP_space-ACPC_desc-preproc_dwi.nii.gz	0.0	0.2669151207844887	0.1108232454857122	0.2585818959858301	0.2669151207844887	0.2585818959858301	0.1108232454857122	0.2826625783712769	0.2826626025791484	sub-20461	ses-1		dir-AP	acq-multiband	space-ACPC			DSIStudio	autotrackgqi
ProjectionBasalGanglia_AnsaLenticularisR	li	TORTOISE_model-MAPMRI	/scratch/grmpy/SLURM_11194840_88/job-11194840-88-sub-20461/ds/inputs/data/qsiprep/qsiprep/sub-20461/ses-1/dwi/sub-20461_ses-1_acq-multiband_dir-AP_space-ACPC_desc-preproc_dwi.nii.gz	0.0	0.1506011486053466	0.0744511187076568	0.1427388936281204	0.1506011486053466	0.1427388936281204	0.0744511187076568	0.1537091135978698	0.1537091135978698	sub-20461	ses-1		dir-AP	acq-multiband	space-ACPC			DSIStudio	autotrackgqi
ProjectionBasalGanglia_AnsaLenticularisR	ng	TORTOISE_model-MAPMRI	/scratch/grmpy/SLURM_11194840_88/job-11194840-88-sub-20461/ds/inputs/data/qsiprep/qsiprep/sub-20461/ses-1/dwi/sub-20461_ses-1_acq-multiband_dir-AP_space-ACPC_desc-preproc_dwi.nii.gz	0.0	0.2933783829212188	0.0791458338499069	0.2919034361839294	0.2933783829212188	0.2919034361839294	0.0791458338499069	0.2851999998092651	0.2852000296115875	sub-20461	ses-1		dir-AP	acq-multiband	space-ACPC			DSIStudio	autotrackgqi
ProjectionBasalGanglia_AnsaLenticularisR	ngpar	TORTOISE_model-MAPMRI	/scratch/grmpy/SLURM_11194840_88/job-11194840-88-sub-20461/ds/inputs/data/qsiprep/qsiprep/sub-20461/ses-1/dwi/sub-20461_ses-1_acq-multiband_dir-AP_space-ACPC_desc-preproc_dwi.nii.gz	0.0	0.1501544415950775	0.0421141758561134	0.1464314758777618	0.1501544415950775	0.1464314758777618	0.0421141758561134	0.1453259289264679	0.1453259289264679	sub-20461	ses-1		dir-AP	acq-multiband	space-ACPC			DSIStudio	autotrackgqi
ProjectionBasalGanglia_AnsaLenticularisR	ngperp	TORTOISE_model-MAPMRI	/scratch/grmpy/SLURM_11194840_88/job-11194840-88-sub-20461/ds/inputs/data/qsiprep/qsiprep/sub-20461/ses-1/dwi/sub-20461_ses-1_acq-multiband_dir-AP_space-ACPC_desc-preproc_dwi.nii.gz	0.0	0.2462529093027115	0.0664042010903358	0.2500272095203399	0.2462529093027115	0.2500272095203399	0.0664042010903358	0.2420229464769363	0.2420229762792587	sub-20461	ses-1		dir-AP	acq-multiband	space-ACPC			DSIStudio	autotrackgqi
ProjectionBasalGanglia_AnsaLenticularisR	pa	TORTOISE_model-MAPMRI	/scratch/grmpy/SLURM_11194840_88/job-11194840-88-sub-20461/ds/inputs/data/qsiprep/qsiprep/sub-20461/ses-1/dwi/sub-20461_ses-1_acq-multiband_dir-AP_space-ACPC_desc-preproc_dwi.nii.gz	0.0	0.6135355234146118	0.1539671570062637	0.6174640655517578	0.6135355234146118	0.6174640655517578	0.1539671570062637	0.6265761852264404	0.6265761852264404	sub-20461	ses-1		dir-AP	acq-multiband	space-ACPC			DSIStudio	autotrackgqi
ProjectionBasalGanglia_AnsaLenticularisR	path	TORTOISE_model-MAPMRI	/scratch/grmpy/SLURM_11194840_88/job-11194840-88-sub-20461/ds/inputs/data/qsiprep/qsiprep/sub-20461/ses-1/dwi/sub-20461_ses-1_acq-multiband_dir-AP_space-ACPC_desc-preproc_dwi.nii.gz	0.0	0.2218279689550399	0.0613763555884361	0.2140982449054718	0.2218279689550399	0.2140982449054718	0.0613763555884361	0.2235970497131347	0.2235970795154571	sub-20461	ses-1		dir-AP	acq-multiband	space-ACPC			DSIStudio	autotrackgqi
ProjectionBasalGanglia_AnsaLenticularisR	rd	TORTOISE_model-MAPMRI	/scratch/grmpy/SLURM_11194840_88/job-11194840-88-sub-20461/ds/inputs/data/qsiprep/qsiprep/sub-20461/ses-1/dwi/sub-20461_ses-1_acq-multiband_dir-AP_space-ACPC_desc-preproc_dwi.nii.gz	0.0	1040.89929665316	692.690285152641	746.1712236317792	1040.89929665316	746.1712236317792	692.690285152641	968.915884302362	968.9159671727087	sub-20461	ses-1		dir-AP	acq-multiband	space-ACPC			DSIStudio	autotrackgqi
ProjectionBasalGanglia_AnsaLenticularisR	rtap	TORTOISE_model-MAPMRI	/scratch/grmpy/SLURM_11194840_88/job-11194840-88-sub-20461/ds/inputs/data/qsiprep/qsiprep/sub-20461/ses-1/dwi/sub-20461_ses-1_acq-multiband_dir-AP_space-ACPC_desc-preproc_dwi.nii.gz	0.0	0.0094097815454006	0.0037772320210933	0.0101536065340042	0.0094097815454006	0.0101536065340042	0.0037772320210933	0.009559853002429	0.009559853002429	sub-20461	ses-1		dir-AP	acq-multiband	space-ACPC			DSIStudio	autotrackgqi
ProjectionBasalGanglia_AnsaLenticularisR	rtop	TORTOISE_model-MAPMRI	/scratch/grmpy/SLURM_11194840_88/job-11194840-88-sub-20461/ds/inputs/data/qsiprep/qsiprep/sub-20461/ses-1/dwi/sub-20461_ses-1_acq-multiband_dir-AP_space-ACPC_desc-preproc_dwi.nii.gz	0.0	0.0001995049242395	9.099489398067816e-05	0.0002212772960774	0.0001995049242395	0.0002212772960774	9.099489398067816e-05	0.0002003149420488	0.0002003149420488	sub-20461	ses-1		dir-AP	acq-multiband	space-ACPC			DSIStudio	autotrackgqi
ProjectionBasalGanglia_AnsaLenticularisR	rtpp	TORTOISE_model-MAPMRI	/scratch/grmpy/SLURM_11194840_88/job-11194840-88-sub-20461/ds/inputs/data/qsiprep/qsiprep/sub-20461/ses-1/dwi/sub-20461_ses-1_acq-multiband_dir-AP_space-ACPC_desc-preproc_dwi.nii.gz	0.0	0.0441108681261539	0.0094396425411105	0.0470404922962188	0.0441108681261539	0.0470404922962188	0.0094396425411105	0.0442683957517147	0.044268399477005	sub-20461	ses-1		dir-AP	acq-multiband	space-ACPC			DSIStudio	autotrackgqi
ProjectionBrainstem_ReticularTractL	ad	TORTOISE_model-MAPMRI	/scratch/grmpy/SLURM_11194840_88/job-11194840-88-sub-20461/ds/inputs/data/qsiprep/qsiprep/sub-20461/ses-1/dwi/sub-20461_ses-1_acq-multiband_dir-AP_space-ACPC_desc-preproc_dwi.nii.gz	0.0	1239.3117080008255	363.375259448357	1161.3459074502646	1239.3117080008255	1161.3459074502646	363.375259448357	1251.6100597282448	1251.6100597282448	sub-20461	ses-1		dir-AP	acq-multiband	space-ACPC			DSIStudio	autotrackgqi
ProjectionBrainstem_ReticularTractL	am	TORTOISE_model-MAPMRI	/scratch/grmpy/SLURM_11194840_88/job-11194840-88-sub-20461/ds/inputs/data/qsiprep/qsiprep/sub-20461/ses-1/dwi/sub-20461_ses-1_acq-multiband_dir-AP_space-ACPC_desc-preproc_dwi.nii.gz	0.0	5617.216796875	1327.8846435546875	5392.44873046875	5617.216796875	5392.44873046875	1327.8846435546875	5699.62890625	5699.62890625	sub-20461	ses-1		dir-AP	acq-multiband	space-ACPC			DSIStudio	autotrackgqi
ProjectionBrainstem_ReticularTractL	fa	TORTOISE_model-MAPMRI	/scratch/grmpy/SLURM_11194840_88/job-11194840-88-sub-20461/ds/inputs/data/qsiprep/qsiprep/sub-20461/ses-1/dwi/sub-20461_ses-1_acq-multiband_dir-AP_space-ACPC_desc-preproc_dwi.nii.gz	0.0	0.4129514558526791	0.1599069497501397	0.4075088798160505	0.4129514558526791	0.4075088798160505	0.1599069497501397	0.435018460464597	0.435018460464597	sub-20461	ses-1		dir-AP	acq-multiband	space-ACPC			DSIStudio	autotrackgqi
ProjectionBrainstem_ReticularTractL	li	TORTOISE_model-MAPMRI	/scratch/grmpy/SLURM_11194840_88/job-11194840-88-sub-20461/ds/inputs/data/qsiprep/qsiprep/sub-20461/ses-1/dwi/sub-20461_ses-1_acq-multiband_dir-AP_space-ACPC_desc-preproc_dwi.nii.gz	0.0	0.2555908858776092	0.1259397268295288	0.2443822175264358	0.2555908858776092	0.2443822175264358	0.1259397268295288	0.2637759447097778	0.2637759447097778	sub-20461	ses-1		dir-AP	acq-multiband	space-ACPC			DSIStudio	autotrackgqi
ProjectionBrainstem_ReticularTractL	ng	TORTOISE_model-MAPMRI	/scratch/grmpy/SLURM_11194840_88/job-11194840-88-sub-20461/ds/inputs/data/qsiprep/qsiprep/sub-20461/ses-1/dwi/sub-20461_ses-1_acq-multiband_dir-AP_space-ACPC_desc-preproc_dwi.nii.gz	0.0	0.3502921462059021	0.045740470290184	0.3563681840896606	0.3502921462059021	0.3563681840896606	0.045740470290184	0.3475287556648254	0.3475287556648254	sub-20461	ses-1		dir-AP	acq-multiband	space-ACPC			DSIStudio	autotrackgqi
ProjectionBrainstem_ReticularTractL	ngpar	TORTOISE_model-MAPMRI	/scratch/grmpy/SLURM_11194840_88/job-11194840-88-sub-20461/ds/inputs/data/qsiprep/qsiprep/sub-20461/ses-1/dwi/sub-20461_ses-1_acq-multiband_dir-AP_space-ACPC_desc-preproc_dwi.nii.gz	0.0	0.1638848185539245	0.0370326712727546	0.1622643023729324	0.1638848185539245	0.1622643023729324	0.0370326712727546	0.1655365377664566	0.1655365377664566	sub-20461	ses-1		dir-AP	acq-multiband	space-ACPC			DSIStudio	autotrackgqi
ProjectionBrainstem_ReticularTractL	ngperp	TORTOISE_model-MAPMRI	/scratch/grmpy/SLURM_11194840_88/job-11194840-88-sub-20461/ds/inputs/data/qsiprep/qsiprep/sub-20461/ses-1/dwi/sub-20461_ses-1_acq-multiband_dir-AP_space-ACPC_desc-preproc_dwi.nii.gz	0.0	0.2921070456504822	0.0471227839589118	0.2984461188316345	0.2921070456504822	0.2984461188316345	0.0471227839589118	0.2889959812164306	0.2889959812164306	sub-20461	ses-1		dir-AP	acq-multiband	space-ACPC			DSIStudio	autotrackgqi
ProjectionBrainstem_ReticularTractL	pa	TORTOISE_model-MAPMRI	/scratch/grmpy/SLURM_11194840_88/job-11194840-88-sub-20461/ds/inputs/data/qsiprep/qsiprep/sub-20461/ses-1/dwi/sub-20461_ses-1_acq-multiband_dir-AP_space-ACPC_desc-preproc_dwi.nii.gz	0.0	0.7816392183303833	0.1378245800733566	0.8159928917884827	0.7816392183303833	0.8159928917884827	0.1378245800733566	0.791748046875	0.791748046875	sub-20461	ses-1		dir-AP	acq-multiband	space-ACPC			DSIStudio	autotrackgqi
ProjectionBrainstem_ReticularTractL	path	TORTOISE_model-MAPMRI	/scratch/grmpy/SLURM_11194840_88/job-11194840-88-sub-20461/ds/inputs/data/qsiprep/qsiprep/sub-20461/ses-1/dwi/sub-20461_ses-1_acq-multiband_dir-AP_space-ACPC_desc-preproc_dwi.nii.gz	0.0	0.3064318597316742	0.0813489183783531	0.3046714663505554	0.3064318597316742	0.3046714663505554	0.0813489183783531	0.3123998045921325	0.3123998045921325	sub-20461	ses-1		dir-AP	acq-multiband	space-ACPC			DSIStudio	autotrackgqi
ProjectionBrainstem_ReticularTractL	rd	TORTOISE_model-MAPMRI	/scratch/grmpy/SLURM_11194840_88/job-11194840-88-sub-20461/ds/inputs/data/qsiprep/qsiprep/sub-20461/ses-1/dwi/sub-20461_ses-1_acq-multiband_dir-AP_space-ACPC_desc-preproc_dwi.nii.gz	0.0	640.4903945665455	280.6978072923917	597.9559827669635	640.4903945665455	597.9559827669635	280.6978072923917	612.1434282245953	612.1434282245953	sub-20461	ses-1		dir-AP	acq-multiband	space-ACPC			DSIStudio	autotrackgqi
ProjectionBrainstem_ReticularTractL	rtap	TORTOISE_model-MAPMRI	/scratch/grmpy/SLURM_11194840_88/job-11194840-88-sub-20461/ds/inputs/data/qsiprep/qsiprep/sub-20461/ses-1/dwi/sub-20461_ses-1_acq-multiband_dir-AP_space-ACPC_desc-preproc_dwi.nii.gz	0.0	0.0153067894279956	0.0050515551120042	0.0148951243609189	0.0153067894279956	0.0148951243609189	0.0050515551120042	0.0156667549163103	0.0156667549163103	sub-20461	ses-1		dir-AP	acq-multiband	space-ACPC			DSIStudio	autotrackgqi
ProjectionBrainstem_ReticularTractL	rtop	TORTOISE_model-MAPMRI	/scratch/grmpy/SLURM_11194840_88/job-11194840-88-sub-20461/ds/inputs/data/qsiprep/qsiprep/sub-20461/ses-1/dwi/sub-20461_ses-1_acq-multiband_dir-AP_space-ACPC_desc-preproc_dwi.nii.gz	0.0	0.0003304402926005	9.27820656215772e-05	0.0003329103346914	0.0003304402926005	0.0003329103346914	9.27820656215772e-05	0.0003365064621903	0.0003365064621903	sub-20461	ses-1		dir-AP	acq-multiband	space-ACPC			DSIStudio	autotrackgqi
ProjectionBrainstem_ReticularTractL	rtpp	TORTOISE_model-MAPMRI	/scratch/grmpy/SLURM_11194840_88/job-11194840-88-sub-20461/ds/inputs/data/qsiprep/qsiprep/sub-20461/ses-1/dwi/sub-20461_ses-1_acq-multiband_dir-AP_space-ACPC_desc-preproc_dwi.nii.gz	0.0	0.0478974767029285	0.006125580985099	0.0482930056750774	0.0478974767029285	0.0482930056750774	0.006125580985099	0.047496061772108	0.047496061772108	sub-20461	ses-1		dir-AP	acq-multiband	space-ACPC			DSIStudio	autotrackgqi
ProjectionBasalGanglia_ThalamicRadiationR	ad	TORTOISE_model-MAPMRI	/scratch/grmpy/SLURM_11194840_88/job-11194840-88-sub-20461/ds/inputs/data/qsiprep/qsiprep/sub-20461/ses-1/dwi/sub-20461_ses-1_acq-multiband_dir-AP_space-ACPC_desc-preproc_dwi.nii.gz	0.0	1166.7731742929566	299.1990939518083	1118.942634438693	1166.7731742929566	1118.942634438693	299.1990939518083	1157.1679912871934	1157.1679912871934	sub-20461	ses-1		dir-AP	acq-multiband	space-ACPC			DSIStudio	autotrackgqi
ProjectionBasalGanglia_ThalamicRadiationR	am	TORTOISE_model-MAPMRI	/scratch/grmpy/SLURM_11194840_88/job-11194840-88-sub-20461/ds/inputs/data/qsiprep/qsiprep/sub-20461/ses-1/dwi/sub-20461_ses-1_acq-multiband_dir-AP_space-ACPC_desc-preproc_dwi.nii.gz	0.0	5563.27587890625	1203.7908935546875	5366.8134765625	5563.27587890625	5366.8134765625	1203.7908935546875	5461.38671875	5461.38671875	sub-20461	ses-1		dir-AP	acq-multiband	space-ACPC			DSIStudio	autotrackgqi
ProjectionBasalGanglia_ThalamicRadiationR	fa	TORTOISE_model-MAPMRI	/scratch/grmpy/SLURM_11194840_88/job-11194840-88-sub-20461/ds/inputs/data/qsiprep/qsiprep/sub-20461/ses-1/dwi/sub-20461_ses-1_acq-multiband_dir-AP_space-ACPC_desc-preproc_dwi.nii.gz	0.0	0.377244695178147	0.1607648861284551	0.3811617498161803	0.377244695178147	0.3811617498161803	0.1607648861284551	0.4184059130793762	0.4184059130793762	sub-20461	ses-1		dir-AP	acq-multiband	space-ACPC			DSIStudio	autotrackgqi
ProjectionBasalGanglia_ThalamicRadiationR	li	TORTOISE_model-MAPMRI	/scratch/grmpy/SLURM_11194840_88/job-11194840-88-sub-20461/ds/inputs/data/qsiprep/qsiprep/sub-20461/ses-1/dwi/sub-20461_ses-1_acq-multiband_dir-AP_space-ACPC_desc-preproc_dwi.nii.gz	0.0	0.2280731797218322	0.1243654638528823	0.216717928647995	0.2280731797218322	0.216717928647995	0.1243654638528823	0.2604051232337951	0.2604051232337951	sub-20461	ses-1		dir-AP	acq-multiband	space-ACPC			DSIStudio	autotrackgqi
ProjectionBasalGanglia_ThalamicRadiationR	ng	TORTOISE_model-MAPMRI	/scratch/grmpy/SLURM_11194840_88/job-11194840-88-sub-20461/ds/inputs/data/qsiprep/qsiprep/sub-20461/ses-1/dwi/sub-20461_ses-1_acq-multiband_dir-AP_space-ACPC_desc-preproc_dwi.nii.gz	0.0	0.3103260397911072	0.0638848319649696	0.3285186886787414	0.3103260397911072	0.3285186886787414	0.0638848319649696	0.3171298205852508	0.3171298205852508	sub-20461	ses-1		dir-AP	acq-multiband	space-ACPC			DSIStudio	autotrackgqi
ProjectionBasalGanglia_ThalamicRadiationR	ngpar	TORTOISE_model-MAPMRI	/scratch/grmpy/SLURM_11194840_88/job-11194840-88-sub-20461/ds/inputs/data/qsiprep/qsiprep/sub-20461/ses-1/dwi/sub-20461_ses-1_acq-multiband_dir-AP_space-ACPC_desc-preproc_dwi.nii.gz	0.0	0.1394642740488052	0.0350374691188335	0.1382522583007812	0.1394642740488052	0.1382522583007812	0.0350374691188335	0.1380647718906402	0.1380647718906402	sub-20461	ses-1		dir-AP	acq-multiband	space-ACPC			DSIStudio	autotrackgqi
ProjectionBasalGanglia_ThalamicRadiationR	ngperp	TORTOISE_model-MAPMRI	/scratch/grmpy/SLURM_11194840_88/job-11194840-88-sub-20461/ds/inputs/data/qsiprep/qsiprep/sub-20461/ses-1/dwi/sub-20461_ses-1_acq-multiband_dir-AP_space-ACPC_desc-preproc_dwi.nii.gz	0.0	0.2654182314872741	0.0604102276265621	0.2791012525558471	0.2654182314872741	0.2791012525558471	0.0604102276265621	0.2709113657474518	0.2709113657474518	sub-20461	ses-1		dir-AP	acq-multiband	space-ACPC			DSIStudio	autotrackgqi
ProjectionBasalGanglia_ThalamicRadiationR	pa	TORTOISE_model-MAPMRI	/scratch/grmpy/SLURM_11194840_88/job-11194840-88-sub-20461/ds/inputs/data/qsiprep/qsiprep/sub-20461/ses-1/dwi/sub-20461_ses-1_acq-multiband_dir-AP_space-ACPC_desc-preproc_dwi.nii.gz	0.0	0.724623441696167	0.2009773701429367	0.7942478060722351	0.724623441696167	0.7942478060722351	0.2009773701429367	0.7708338499069214	0.7708338499069214	sub-20461	ses-1		dir-AP	acq-multiband	space-ACPC			DSIStudio	autotrackgqi
ProjectionBasalGanglia_ThalamicRadiationR	path	TORTOISE_model-MAPMRI	/scratch/grmpy/SLURM_11194840_88/job-11194840-88-sub-20461/ds/inputs/data/qsiprep/qsiprep/sub-20461/ses-1/dwi/sub-20461_ses-1_acq-multiband_dir-AP_space-ACPC_desc-preproc_dwi.nii.gz	0.0	0.2856094241142273	0.0980592891573906	0.2914497256278991	0.2856094241142273	0.2914497256278991	0.0980592891573906	0.3059192597866058	0.3059192597866058	sub-20461	ses-1		dir-AP	acq-multiband	space-ACPC			DSIStudio	autotrackgqi
ProjectionBasalGanglia_ThalamicRadiationR	rd	TORTOISE_model-MAPMRI	/scratch/grmpy/SLURM_11194840_88/job-11194840-88-sub-20461/ds/inputs/data/qsiprep/qsiprep/sub-20461/ses-1/dwi/sub-20461_ses-1_acq-multiband_dir-AP_space-ACPC_desc-preproc_dwi.nii.gz	0.0	657.2376935091859	285.43588243522373	606.2698108930987	657.2376935091859	606.2698108930987	285.43588243522373	593.5223396710428	593.5223396710428	sub-20461	ses-1		dir-AP	acq-multiband	space-ACPC			DSIStudio	autotrackgqi
ProjectionBasalGanglia_ThalamicRadiationR	rtap	TORTOISE_model-MAPMRI	/scratch/grmpy/SLURM_11194840_88/job-11194840-88-sub-20461/ds/inputs/data/qsiprep/qsiprep/sub-20461/ses-1/dwi/sub-20461_ses-1_acq-multiband_dir-AP_space-ACPC_desc-preproc_dwi.nii.gz	0.0	0.0144386310130357	0.0046715098433196	0.0142252761870622	0.0144386310130357	0.0142252761870622	0.0046715098433196	0.0155343115329742	0.0155343115329742	sub-20461	ses-1		dir-AP	acq-multiband	space-ACPC			DSIStudio	autotrackgqi
ProjectionBasalGanglia_ThalamicRadiationR	rtop	TORTOISE_model-MAPMRI	/scratch/grmpy/SLURM_11194840_88/job-11194840-88-sub-20461/ds/inputs/data/qsiprep/qsiprep/sub-20461/ses-1/dwi/sub-20461_ses-1_acq-multiband_dir-AP_space-ACPC_desc-preproc_dwi.nii.gz	0.0	0.0003093420527875	8.701947808731347e-05	0.0003170950221829	0.0003093420527875	0.0003170950221829	8.701947808731347e-05	0.0003290069580543	0.0003290069580543	sub-20461	ses-1		dir-AP	acq-multiband	space-ACPC			DSIStudio	autotrackgqi
ProjectionBasalGanglia_ThalamicRadiationR	rtpp	TORTOISE_model-MAPMRI	/scratch/grmpy/SLURM_11194840_88/job-11194840-88-sub-20461/ds/inputs/data/qsiprep/qsiprep/sub-20461/ses-1/dwi/sub-20461_ses-1_acq-multiband_dir-AP_space-ACPC_desc-preproc_dwi.nii.gz	0.0	0.0485798306763172	0.0051973201334476	0.0489836111664772	0.0485798306763172	0.0489836111664772	0.0051973201334476	0.0485711321234703	0.0485711321234703	sub-20461	ses-1		dir-AP	acq-multiband	space-ACPC			DSIStudio	autotrackgqi
ProjectionBrainstem_ReticularTractR	ad	TORTOISE_model-MAPMRI	/scratch/grmpy/SLURM_11194840_88/job-11194840-88-sub-20461/ds/inputs/data/qsiprep/qsiprep/sub-20461/ses-1/dwi/sub-20461_ses-1_acq-multiband_dir-AP_space-ACPC_desc-preproc_dwi.nii.gz	0.0031446540880503	1225.6245843664806	412.9155703402565	1140.1385070766198	1229.4909079764695	1140.744675144963	407.7787526156906	1370.3420263620003	1370.795166878911	sub-20461	ses-1		dir-AP	acq-multiband	space-ACPC			DSIStudio	autotrackgqi
ProjectionBrainstem_ReticularTractR	am	TORTOISE_model-MAPMRI	/scratch/grmpy/SLURM_11194840_88/job-11194840-88-sub-20461/ds/inputs/data/qsiprep/qsiprep/sub-20461/ses-1/dwi/sub-20461_ses-1_acq-multiband_dir-AP_space-ACPC_desc-preproc_dwi.nii.gz	0.0	5576.275390625	1466.8336181640625	5203.4296875	5576.275390625	5203.4296875	1466.8336181640625	6024.181640625	6024.181640625	sub-20461	ses-1		dir-AP	acq-multiband	space-ACPC			DSIStudio	autotrackgqi
ProjectionBrainstem_ReticularTractR	fa	TORTOISE_model-MAPMRI	/scratch/grmpy/SLURM_11194840_88/job-11194840-88-sub-20461/ds/inputs/data/qsiprep/qsiprep/sub-20461/ses-1/dwi/sub-20461_ses-1_acq-multiband_dir-AP_space-ACPC_desc-preproc_dwi.nii.gz	0.0031446540880503	0.389131831313119	0.1602388080860889	0.3891894113400193	0.3903593765223087	0.3896687051471635	0.158991478325515	0.4338159151562631	0.4339593681230117	sub-20461	ses-1		dir-AP	acq-multiband	space-ACPC			DSIStudio	autotrackgqi
ProjectionBrainstem_ReticularTractR	li	TORTOISE_model-MAPMRI	/scratch/grmpy/SLURM_11194840_88/job-11194840-88-sub-20461/ds/inputs/data/qsiprep/qsiprep/sub-20461/ses-1/dwi/sub-20461_ses-1_acq-multiband_dir-AP_space-ACPC_desc-preproc_dwi.nii.gz	0.0040022870211549	0.239725261926651	0.1253135055303573	0.2328823804855346	0.2406885623931884	0.2333712875843048	0.1246383562684059	0.2730384171009063	0.2731644511222839	sub-20461	ses-1		dir-AP	acq-multiband	space-ACPC			DSIStudio	autotrackgqi
ProjectionBrainstem_ReticularTractR	ng	TORTOISE_model-MAPMRI	/scratch/grmpy/SLURM_11194840_88/job-11194840-88-sub-20461/ds/inputs/data/qsiprep/qsiprep/sub-20461/ses-1/dwi/sub-20461_ses-1_acq-multiband_dir-AP_space-ACPC_desc-preproc_dwi.nii.gz	0.0	0.3329410254955292	0.0690445676445961	0.3460776805877685	0.3329410254955292	0.3460776805877685	0.0690445676445961	0.3578744530677795	0.3578744530677795	sub-20461	ses-1		dir-AP	acq-multiband	space-ACPC			DSIStudio	autotrackgqi
ProjectionBrainstem_ReticularTractR	ngpar	TORTOISE_model-MAPMRI	/scratch/grmpy/SLURM_11194840_88/job-11194840-88-sub-20461/ds/inputs/data/qsiprep/qsiprep/sub-20461/ses-1/dwi/sub-20461_ses-1_acq-multiband_dir-AP_space-ACPC_desc-preproc_dwi.nii.gz	0.0	0.1503577530384063	0.0438439548015594	0.1495351791381836	0.1503577530384063	0.1495351791381836	0.0438439548015594	0.1544384360313415	0.1544384360313415	sub-20461	ses-1		dir-AP	acq-multiband	space-ACPC			DSIStudio	autotrackgqi
ProjectionBrainstem_ReticularTractR	ngperp	TORTOISE_model-MAPMRI	/scratch/grmpy/SLURM_11194840_88/job-11194840-88-sub-20461/ds/inputs/data/qsiprep/qsiprep/sub-20461/ses-1/dwi/sub-20461_ses-1_acq-multiband_dir-AP_space-ACPC_desc-preproc_dwi.nii.gz	0.0	0.2825729548931122	0.0588673688471317	0.2940234541893005	0.2825729548931122	0.2940234541893005	0.0588673688471317	0.3037339746952057	0.3037339746952057	sub-20461	ses-1		dir-AP	acq-multiband	space-ACPC			DSIStudio	autotrackgqi
ProjectionBrainstem_ReticularTractR	pa	TORTOISE_model-MAPMRI	/scratch/grmpy/SLURM_11194840_88/job-11194840-88-sub-20461/ds/inputs/data/qsiprep/qsiprep/sub-20461/ses-1/dwi/sub-20461_ses-1_acq-multiband_dir-AP_space-ACPC_desc-preproc_dwi.nii.gz	0.0	0.7557617425918579	0.1780460029840469	0.8064813017845154	0.7557617425918579	0.8064813017845154	0.1780460029840469	0.8164162039756775	0.8164162039756775	sub-20461	ses-1		dir-AP	acq-multiband	space-ACPC			DSIStudio	autotrackgqi
ProjectionBrainstem_ReticularTractR	path	TORTOISE_model-MAPMRI	/scratch/grmpy/SLURM_11194840_88/job-11194840-88-sub-20461/ds/inputs/data/qsiprep/qsiprep/sub-20461/ses-1/dwi/sub-20461_ses-1_acq-multiband_dir-AP_space-ACPC_desc-preproc_dwi.nii.gz	0.0	0.2985113859176636	0.0951531305909156	0.298723816871643	0.2985113859176636	0.298723816871643	0.0951531305909156	0.3267022967338562	0.3267022967338562	sub-20461	ses-1		dir-AP	acq-multiband	space-ACPC			DSIStudio	autotrackgqi
ProjectionBrainstem_ReticularTractR	rd	TORTOISE_model-MAPMRI	/scratch/grmpy/SLURM_11194840_88/job-11194840-88-sub-20461/ds/inputs/data/qsiprep/qsiprep/sub-20461/ses-1/dwi/sub-20461_ses-1_acq-multiband_dir-AP_space-ACPC_desc-preproc_dwi.nii.gz	0.0031446540880503	676.8820654624826	357.4508116542524	609.1225303817159	679.0173401169384	609.7485900247623	355.98350746702715	706.1563830375613	706.3898925380441	sub-20461	ses-1		dir-AP	acq-multiband	space-ACPC			DSIStudio	autotrackgqi
ProjectionBrainstem_ReticularTractR	rtap	TORTOISE_model-MAPMRI	/scratch/grmpy/SLURM_11194840_88/job-11194840-88-sub-20461/ds/inputs/data/qsiprep/qsiprep/sub-20461/ses-1/dwi/sub-20461_ses-1_acq-multiband_dir-AP_space-ACPC_desc-preproc_dwi.nii.gz	0.0031446540880503	0.0146733215078711	0.0051325601525604	0.0144139248877763	0.0147196091711521	0.0144342025741934	0.0050739464350044	0.0153431463986635	0.0153482193127274	sub-20461	ses-1		dir-AP	acq-multiband	space-ACPC			DSIStudio	autotrackgqi
ProjectionBrainstem_ReticularTractR	rtop	TORTOISE_model-MAPMRI	/scratch/grmpy/SLURM_11194840_88/job-11194840-88-sub-20461/ds/inputs/data/qsiprep/qsiprep/sub-20461/ses-1/dwi/sub-20461_ses-1_acq-multiband_dir-AP_space-ACPC_desc-preproc_dwi.nii.gz	0.0031446540880503	0.0003148383111692	0.0001004357327474	0.0003257483476772	0.0003158314793836	0.0003261211968492	9.902262536343188e-05	0.000318750826409	0.0003188562113791	sub-20461	ses-1		dir-AP	acq-multiband	space-ACPC			DSIStudio	autotrackgqi
ProjectionBrainstem_ReticularTractR	rtpp	TORTOISE_model-MAPMRI	/scratch/grmpy/SLURM_11194840_88/job-11194840-88-sub-20461/ds/inputs/data/qsiprep/qsiprep/sub-20461/ses-1/dwi/sub-20461_ses-1_acq-multiband_dir-AP_space-ACPC_desc-preproc_dwi.nii.gz	0.0031446540880503	0.0476004257798194	0.0065811318345367	0.0484977066516876	0.0477505847811698	0.0485193207859993	0.0060231005772948	0.0455153957009315	0.0455304495990276	sub-20461	ses-1		dir-AP	acq-multiband	space-ACPC			DSIStudio	autotrackgqi
ProjectionBasalGanglia_CorticostriatalTractR	ad	TORTOISE_model-MAPMRI	/scratch/grmpy/SLURM_11194840_88/job-11194840-88-sub-20461/ds/inputs/data/qsiprep/qsiprep/sub-20461/ses-1/dwi/sub-20461_ses-1_acq-multiband_dir-AP_space-ACPC_desc-preproc_dwi.nii.gz	0.0	1153.7855437756596	244.5034687177888	1121.3683136876705	1153.7855437756596	1121.3683136876705	244.5034687177888	1181.7298150648846	1181.7298150648846	sub-20461	ses-1		dir-AP	acq-multiband	space-ACPC			DSIStudio	autotrackgqi
ProjectionBasalGanglia_CorticostriatalTractR	am	TORTOISE_model-MAPMRI	/scratch/grmpy/SLURM_11194840_88/job-11194840-88-sub-20461/ds/inputs/data/qsiprep/qsiprep/sub-20461/ses-1/dwi/sub-20461_ses-1_acq-multiband_dir-AP_space-ACPC_desc-preproc_dwi.nii.gz	0.0	5360.7158203125	981.2488403320312	5245.46044921875	5360.7158203125	5245.46044921875	981.2488403320312	5290.9462890625	5290.9462890625	sub-20461	ses-1		dir-AP	acq-multiband	space-ACPC			DSIStudio	autotrackgqi
ProjectionBasalGanglia_CorticostriatalTractR	fa	TORTOISE_model-MAPMRI	/scratch/grmpy/SLURM_11194840_88/job-11194840-88-sub-20461/ds/inputs/data/qsiprep/qsiprep/sub-20461/ses-1/dwi/sub-20461_ses-1_acq-multiband_dir-AP_space-ACPC_desc-preproc_dwi.nii.gz	0.0	0.3764132447714663	0.1711641472659643	0.3876812736817484	0.3764132447714663	0.3876812736817484	0.1711641472659643	0.4465008456044382	0.4465008456044382	sub-20461	ses-1		dir-AP	acq-multiband	space-ACPC			DSIStudio	autotrackgqi
ProjectionBasalGanglia_CorticostriatalTractR	li	TORTOISE_model-MAPMRI	/scratch/grmpy/SLURM_11194840_88/job-11194840-88-sub-20461/ds/inputs/data/qsiprep/qsiprep/sub-20461/ses-1/dwi/sub-20461_ses-1_acq-multiband_dir-AP_space-ACPC_desc-preproc_dwi.nii.gz	0.0	0.2312604784965515	0.1322852224111557	0.2254641354084015	0.2312604784965515	0.2254641354084015	0.1322852224111557	0.2946681380271911	0.2946681380271911	sub-20461	ses-1		dir-AP	acq-multiband	space-ACPC			DSIStudio	autotrackgqi
ProjectionBasalGanglia_CorticostriatalTractR	ng	TORTOISE_model-MAPMRI	/scratch/grmpy/SLURM_11194840_88/job-11194840-88-sub-20461/ds/inputs/data/qsiprep/qsiprep/sub-20461/ses-1/dwi/sub-20461_ses-1_acq-multiband_dir-AP_space-ACPC_desc-preproc_dwi.nii.gz	0.0	0.3090491592884063	0.0649782940745353	0.3290182650089264	0.3090491592884063	0.3290182650089264	0.0649782940745353	0.3317978680133819	0.3317978680133819	sub-20461	ses-1		dir-AP	acq-multiband	space-ACPC			DSIStudio	autotrackgqi
ProjectionBasalGanglia_CorticostriatalTractR	ngpar	TORTOISE_model-MAPMRI	/scratch/grmpy/SLURM_11194840_88/job-11194840-88-sub-20461/ds/inputs/data/qsiprep/qsiprep/sub-20461/ses-1/dwi/sub-20461_ses-1_acq-multiband_dir-AP_space-ACPC_desc-preproc_dwi.nii.gz	0.0	0.1380691528320312	0.0354112982749938	0.1370012313127517	0.1380691528320312	0.1370012313127517	0.0354112982749938	0.1399477124214172	0.1399477124214172	sub-20461	ses-1		dir-AP	acq-multiband	space-ACPC			DSIStudio	autotrackgqi
ProjectionBasalGanglia_CorticostriatalTractR	ngperp	TORTOISE_model-MAPMRI	/scratch/grmpy/SLURM_11194840_88/job-11194840-88-sub-20461/ds/inputs/data/qsiprep/qsiprep/sub-20461/ses-1/dwi/sub-20461_ses-1_acq-multiband_dir-AP_space-ACPC_desc-preproc_dwi.nii.gz	0.0	0.2652663588523865	0.0614066384732723	0.2789778411388397	0.2652663588523865	0.2789778411388397	0.0614066384732723	0.286385715007782	0.286385715007782	sub-20461	ses-1		dir-AP	acq-multiband	space-ACPC			DSIStudio	autotrackgqi
ProjectionBasalGanglia_CorticostriatalTractR	pa	TORTOISE_model-MAPMRI	/scratch/grmpy/SLURM_11194840_88/job-11194840-88-sub-20461/ds/inputs/data/qsiprep/qsiprep/sub-20461/ses-1/dwi/sub-20461_ses-1_acq-multiband_dir-AP_space-ACPC_desc-preproc_dwi.nii.gz	0.0	0.7148441672325134	0.2150743305683136	0.7987022399902344	0.7148441672325134	0.7987022399902344	0.2150743305683136	0.801797091960907	0.801797091960907	sub-20461	ses-1		dir-AP	acq-multiband	space-ACPC			DSIStudio	autotrackgqi
ProjectionBasalGanglia_CorticostriatalTractR	path	TORTOISE_model-MAPMRI	/scratch/grmpy/SLURM_11194840_88/job-11194840-88-sub-20461/ds/inputs/data/qsiprep/qsiprep/sub-20461/ses-1/dwi/sub-20461_ses-1_acq-multiband_dir-AP_space-ACPC_desc-preproc_dwi.nii.gz	0.0	0.2836670279502868	0.1031771451234817	0.2940523028373718	0.2836670279502868	0.2940523028373718	0.1031771451234817	0.3238073587417602	0.3238073587417602	sub-20461	ses-1		dir-AP	acq-multiband	space-ACPC			DSIStudio	autotrackgqi
ProjectionBasalGanglia_CorticostriatalTractR	rd	TORTOISE_model-MAPMRI	/scratch/grmpy/SLURM_11194840_88/job-11194840-88-sub-20461/ds/inputs/data/qsiprep/qsiprep/sub-20461/ses-1/dwi/sub-20461_ses-1_acq-multiband_dir-AP_space-ACPC_desc-preproc_dwi.nii.gz	0.0	640.5501937195668	228.05438634458315	597.8517198270488	640.5501937195668	597.8517198270488	228.05438634458315	564.5263364766222	564.5263364766222	sub-20461	ses-1		dir-AP	acq-multiband	space-ACPC			DSIStudio	autotrackgqi
ProjectionBasalGanglia_CorticostriatalTractR	rtap	TORTOISE_model-MAPMRI	/scratch/grmpy/SLURM_11194840_88/job-11194840-88-sub-20461/ds/inputs/data/qsiprep/qsiprep/sub-20461/ses-1/dwi/sub-20461_ses-1_acq-multiband_dir-AP_space-ACPC_desc-preproc_dwi.nii.gz	0.0002426595486532	0.0146244214847683	0.0047776415012776	0.0146682122722268	0.0146279716864228	0.0146692097187042	0.0047727851197123	0.0165882222354412	0.0165887884795665	sub-20461	ses-1		dir-AP	acq-multiband	space-ACPC			DSIStudio	autotrackgqi
ProjectionBasalGanglia_CorticostriatalTractR	rtop	TORTOISE_model-MAPMRI	/scratch/grmpy/SLURM_11194840_88/job-11194840-88-sub-20461/ds/inputs/data/qsiprep/qsiprep/sub-20461/ses-1/dwi/sub-20461_ses-1_acq-multiband_dir-AP_space-ACPC_desc-preproc_dwi.nii.gz	0.0001617730324354	0.0003144886286463	0.0002345955144846	0.000321690517012	0.0003145395021419	0.0003217050107195	0.0002345804095966	0.0003498689620755	0.0003498799342196	sub-20461	ses-1		dir-AP	acq-multiband	space-ACPC			DSIStudio	autotrackgqi
ProjectionBasalGanglia_CorticostriatalTractR	rtpp	TORTOISE_model-MAPMRI	/scratch/grmpy/SLURM_11194840_88/job-11194840-88-sub-20461/ds/inputs/data/qsiprep/qsiprep/sub-20461/ses-1/dwi/sub-20461_ses-1_acq-multiband_dir-AP_space-ACPC_desc-preproc_dwi.nii.gz	0.0	0.0487163104116916	0.0049867397174239	0.0488907024264335	0.0487163104116916	0.0488907024264335	0.0049867397174239	0.0480825640261173	0.0480825640261173	sub-20461	ses-1		dir-AP	acq-multiband	space-ACPC			DSIStudio	autotrackgqi
Commissure_CorpusCallosum	ad	TORTOISE_model-MAPMRI	/scratch/grmpy/SLURM_11194840_88/job-11194840-88-sub-20461/ds/inputs/data/qsiprep/qsiprep/sub-20461/ses-1/dwi/sub-20461_ses-1_acq-multiband_dir-AP_space-ACPC_desc-preproc_dwi.nii.gz	0.0001818898353896	1268.4775408440314	413.7726065651669	1153.6255811414258	1268.708305988965	1153.6486106547106	413.4563373634124	1361.9531411745088	1361.9662921107465	sub-20461	ses-1		dir-AP	acq-multiband	space-ACPC			DSIStudio	autotrackgqi
Commissure_CorpusCallosum	am	TORTOISE_model-MAPMRI	/scratch/grmpy/SLURM_11194840_88/job-11194840-88-sub-20461/ds/inputs/data/qsiprep/qsiprep/sub-20461/ses-1/dwi/sub-20461_ses-1_acq-multiband_dir-AP_space-ACPC_desc-preproc_dwi.nii.gz	0.0001818898353896	5741.3828125	1521.8880615234375	5385.244140625	5742.42724609375	5385.3330078125	1520.0548095703125	5412.97900390625	5413.03125	sub-20461	ses-1		dir-AP	acq-multiband	space-ACPC			DSIStudio	autotrackgqi
Commissure_CorpusCallosum	fa	TORTOISE_model-MAPMRI	/scratch/grmpy/SLURM_11194840_88/job-11194840-88-sub-20461/ds/inputs/data/qsiprep/qsiprep/sub-20461/ses-1/dwi/sub-20461_ses-1_acq-multiband_dir-AP_space-ACPC_desc-preproc_dwi.nii.gz	0.0001818898353896	0.382451122204013	0.2100763456934933	0.3781434750686002	0.3825206988309565	0.3781516275902474	0.2100321050588023	0.5192610811707009	0.5192660950878468	sub-20461	ses-1		dir-AP	acq-multiband	space-ACPC			DSIStudio	autotrackgqi
Commissure_CorpusCallosum	li	TORTOISE_model-MAPMRI	/scratch/grmpy/SLURM_11194840_88/job-11194840-88-sub-20461/ds/inputs/data/qsiprep/qsiprep/sub-20461/ses-1/dwi/sub-20461_ses-1_acq-multiband_dir-AP_space-ACPC_desc-preproc_dwi.nii.gz	0.0002425197805195	0.2408185452222824	0.1802230328321457	0.2091009765863418	0.2408769577741623	0.2091914266347885	0.1802058517932891	0.3642264306545257	0.3642305135726928	sub-20461	ses-1		dir-AP	acq-multiband	space-ACPC			DSIStudio	autotrackgqi
Commissure_CorpusCallosum	ng	TORTOISE_model-MAPMRI	/scratch/grmpy/SLURM_11194840_88/job-11194840-88-sub-20461/ds/inputs/data/qsiprep/qsiprep/sub-20461/ses-1/dwi/sub-20461_ses-1_acq-multiband_dir-AP_space-ACPC_desc-preproc_dwi.nii.gz	0.0001818898353896	0.3023872971534729	0.0732935667037963	0.3233169913291931	0.3024423122406006	0.323333203792572	0.0731866508722305	0.3329352140426636	0.3329384624958038	sub-20461	ses-1		dir-AP	acq-multiband	space-ACPC			DSIStudio	autotrackgqi
Commissure_CorpusCallosum	ngpar	TORTOISE_model-MAPMRI	/scratch/grmpy/SLURM_11194840_88/job-11194840-88-sub-20461/ds/inputs/data/qsiprep/qsiprep/sub-20461/ses-1/dwi/sub-20461_ses-1_acq-multiband_dir-AP_space-ACPC_desc-preproc_dwi.nii.gz	0.0001818898353896	0.1360399723052978	0.0353929325938224	0.1352944076061248	0.1360647231340408	0.1353024244308471	0.0353485532104969	0.135250374674797	0.1352516710758209	sub-20461	ses-1		dir-AP	acq-multiband	space-ACPC			DSIStudio	autotrackgqi
Commissure_CorpusCallosum	ngperp	TORTOISE_model-MAPMRI	/scratch/grmpy/SLURM_11194840_88/job-11194840-88-sub-20461/ds/inputs/data/qsiprep/qsiprep/sub-20461/ses-1/dwi/sub-20461_ses-1_acq-multiband_dir-AP_space-ACPC_desc-preproc_dwi.nii.gz	0.0001818898353896	0.2612843513488769	0.0693151503801345	0.2758153080940246	0.2613318860530853	0.2758422791957855	0.0692318007349968	0.2910899519920349	0.2910927534103393	sub-20461	ses-1		dir-AP	acq-multiband	space-ACPC			DSIStudio	autotrackgqi
Commissure_CorpusCallosum	pa	TORTOISE_model-MAPMRI	/scratch/grmpy/SLURM_11194840_88/job-11194840-88-sub-20461/ds/inputs/data/qsiprep/qsiprep/sub-20461/ses-1/dwi/sub-20461_ses-1_acq-multiband_dir-AP_space-ACPC_desc-preproc_dwi.nii.gz	0.0001818898353896	0.6981392502784729	0.2451236844062805	0.7985410690307617	0.6982662677764893	0.7985754013061523	0.2449650168418884	0.8366929292678833	0.8367010354995728	sub-20461	ses-1		dir-AP	acq-multiband	space-ACPC			DSIStudio	autotrackgqi
Commissure_CorpusCallosum	path	TORTOISE_model-MAPMRI	/scratch/grmpy/SLURM_11194840_88/job-11194840-88-sub-20461/ds/inputs/data/qsiprep/qsiprep/sub-20461/ses-1/dwi/sub-20461_ses-1_acq-multiband_dir-AP_space-ACPC_desc-preproc_dwi.nii.gz	0.0001818898353896	0.2874869108200073	0.1249380931258201	0.2939572334289551	0.2875392138957977	0.2939774692058563	0.1248892769217491	0.3667336702346802	0.3667371869087219	sub-20461	ses-1		dir-AP	acq-multiband	space-ACPC			DSIStudio	autotrackgqi
Commissure_CorpusCallosum	rd	TORTOISE_model-MAPMRI	/scratch/grmpy/SLURM_11194840_88/job-11194840-88-sub-20461/ds/inputs/data/qsiprep/qsiprep/sub-20461/ses-1/dwi/sub-20461_ses-1_acq-multiband_dir-AP_space-ACPC_desc-preproc_dwi.nii.gz	0.0001818898353896	702.6340097964561	391.35604299226486	616.8555603904592	702.7618350309481	616.8861097512004	391.2768647952746	556.1736568417963	556.1790273110076	sub-20461	ses-1		dir-AP	acq-multiband	space-ACPC			DSIStudio	autotrackgqi
Commissure_CorpusCallosum	rtap	TORTOISE_model-MAPMRI	/scratch/grmpy/SLURM_11194840_88/job-11194840-88-sub-20461/ds/inputs/data/qsiprep/qsiprep/sub-20461/ses-1/dwi/sub-20461_ses-1_acq-multiband_dir-AP_space-ACPC_desc-preproc_dwi.nii.gz	0.0004244096159092	0.0147668300196528	0.007073760498315	0.0139726549386978	0.0147731006145477	0.0139747587963938	0.0070687136612832	0.0191183071583509	0.0191289111971855	sub-20461	ses-1		dir-AP	acq-multiband	space-ACPC			DSIStudio	autotrackgqi
Commissure_CorpusCallosum	rtop	TORTOISE_model-MAPMRI	/scratch/grmpy/SLURM_11194840_88/job-11194840-88-sub-20461/ds/inputs/data/qsiprep/qsiprep/sub-20461/ses-1/dwi/sub-20461_ses-1_acq-multiband_dir-AP_space-ACPC_desc-preproc_dwi.nii.gz	0.0004244096159092	0.0003039435250684	0.0001238837576238	0.0003077229193877	0.0003040725714527	0.0003077522560488	0.0001237515971297	0.0003724065027199	0.0003726130817085	sub-20461	ses-1		dir-AP	acq-multiband	space-ACPC			DSIStudio	autotrackgqi
Commissure_CorpusCallosum	rtpp	TORTOISE_model-MAPMRI	/scratch/grmpy/SLURM_11194840_88/job-11194840-88-sub-20461/ds/inputs/data/qsiprep/qsiprep/sub-20461/ses-1/dwi/sub-20461_ses-1_acq-multiband_dir-AP_space-ACPC_desc-preproc_dwi.nii.gz	0.0001818898353896	0.0468872673809528	0.006717586889863	0.0480513498187065	0.0468957982957363	0.0480523817241191	0.0066883605904877	0.0449622273445129	0.0449626632034778	sub-20461	ses-1		dir-AP	acq-multiband	space-ACPC			DSIStudio	autotrackgqi
Commissure_AnteriorCommissure	ad	TORTOISE_model-MAPMRI	/scratch/grmpy/SLURM_11194840_88/job-11194840-88-sub-20461/ds/inputs/data/qsiprep/qsiprep/sub-20461/ses-1/dwi/sub-20461_ses-1_acq-multiband_dir-AP_space-ACPC_desc-preproc_dwi.nii.gz	0.0	1177.5315688809503	346.8347223598918	1106.0839628991555	1177.5315688809503	1106.0839628991555	346.8347223598918	1178.3568495573636	1178.3568495573636	sub-20461	ses-1		dir-AP	acq-multiband	space-ACPC			DSIStudio	autotrackgqi
Commissure_AnteriorCommissure	am	TORTOISE_model-MAPMRI	/scratch/grmpy/SLURM_11194840_88/job-11194840-88-sub-20461/ds/inputs/data/qsiprep/qsiprep/sub-20461/ses-1/dwi/sub-20461_ses-1_acq-multiband_dir-AP_space-ACPC_desc-preproc_dwi.nii.gz	0.0	5663.1640625	1856.3818359375	5503.154296875	5663.1640625	5503.154296875	1856.3818359375	5473.798828125	5473.798828125	sub-20461	ses-1		dir-AP	acq-multiband	space-ACPC			DSIStudio	autotrackgqi
Commissure_AnteriorCommissure	fa	TORTOISE_model-MAPMRI	/scratch/grmpy/SLURM_11194840_88/job-11194840-88-sub-20461/ds/inputs/data/qsiprep/qsiprep/sub-20461/ses-1/dwi/sub-20461_ses-1_acq-multiband_dir-AP_space-ACPC_desc-preproc_dwi.nii.gz	0.0	0.3227875035456737	0.1738374480639578	0.2860750922154695	0.3227875035456737	0.2860750922154695	0.1738374480639578	0.3348581738912753	0.3348581738912753	sub-20461	ses-1		dir-AP	acq-multiband	space-ACPC			DSIStudio	autotrackgqi
Commissure_AnteriorCommissure	li	TORTOISE_model-MAPMRI	/scratch/grmpy/SLURM_11194840_88/job-11194840-88-sub-20461/ds/inputs/data/qsiprep/qsiprep/sub-20461/ses-1/dwi/sub-20461_ses-1_acq-multiband_dir-AP_space-ACPC_desc-preproc_dwi.nii.gz	0.0	0.1793058812618255	0.1223909631371498	0.1426475793123245	0.1793058812618255	0.1426475793123245	0.1223909631371498	0.1927926838397979	0.1927926838397979	sub-20461	ses-1		dir-AP	acq-multiband	space-ACPC			DSIStudio	autotrackgqi
Commissure_AnteriorCommissure	ng	TORTOISE_model-MAPMRI	/scratch/grmpy/SLURM_11194840_88/job-11194840-88-sub-20461/ds/inputs/data/qsiprep/qsiprep/sub-20461/ses-1/dwi/sub-20461_ses-1_acq-multiband_dir-AP_space-ACPC_desc-preproc_dwi.nii.gz	0.0	0.2609306871891022	0.0878070443868637	0.2587444186210632	0.2609306871891022	0.2587444186210632	0.0878070443868637	0.263145238161087	0.263145238161087	sub-20461	ses-1		dir-AP	acq-multiband	space-ACPC			DSIStudio	autotrackgqi
Commissure_AnteriorCommissure	ngpar	TORTOISE_model-MAPMRI	/scratch/grmpy/SLURM_11194840_88/job-11194840-88-sub-20461/ds/inputs/data/qsiprep/qsiprep/sub-20461/ses-1/dwi/sub-20461_ses-1_acq-multiband_dir-AP_space-ACPC_desc-preproc_dwi.nii.gz	0.0	0.1253727376461029	0.0667801052331924	0.1180122047662735	0.1253727376461029	0.1180122047662735	0.0667801052331924	0.1202563494443893	0.1202563494443893	sub-20461	ses-1		dir-AP	acq-multiband	space-ACPC			DSIStudio	autotrackgqi
Commissure_AnteriorCommissure	ngperp	TORTOISE_model-MAPMRI	/scratch/grmpy/SLURM_11194840_88/job-11194840-88-sub-20461/ds/inputs/data/qsiprep/qsiprep/sub-20461/ses-1/dwi/sub-20461_ses-1_acq-multiband_dir-AP_space-ACPC_desc-preproc_dwi.nii.gz	0.0	0.2168343067169189	0.0869015902280807	0.2116265892982483	0.2168343067169189	0.2116265892982483	0.0869015902280807	0.2192114889621734	0.2192114889621734	sub-20461	ses-1		dir-AP	acq-multiband	space-ACPC			DSIStudio	autotrackgqi
Commissure_AnteriorCommissure	pa	TORTOISE_model-MAPMRI	/scratch/grmpy/SLURM_11194840_88/job-11194840-88-sub-20461/ds/inputs/data/qsiprep/qsiprep/sub-20461/ses-1/dwi/sub-20461_ses-1_acq-multiband_dir-AP_space-ACPC_desc-preproc_dwi.nii.gz	0.0	0.6035152673721313	0.2445524483919143	0.6095767617225647	0.6035152673721313	0.6095767617225647	0.2445524483919143	0.6269203424453735	0.6269203424453735	sub-20461	ses-1		dir-AP	acq-multiband	space-ACPC			DSIStudio	autotrackgqi
Commissure_AnteriorCommissure	path	TORTOISE_model-MAPMRI	/scratch/grmpy/SLURM_11194840_88/job-11194840-88-sub-20461/ds/inputs/data/qsiprep/qsiprep/sub-20461/ses-1/dwi/sub-20461_ses-1_acq-multiband_dir-AP_space-ACPC_desc-preproc_dwi.nii.gz	0.0	0.2389362156391143	0.1219492927193641	0.2113779783248901	0.2389362156391143	0.2113779783248901	0.1219492927193641	0.2407547831535339	0.2407547831535339	sub-20461	ses-1		dir-AP	acq-multiband	space-ACPC			DSIStudio	autotrackgqi
Commissure_AnteriorCommissure	rd	TORTOISE_model-MAPMRI	/scratch/grmpy/SLURM_11194840_88/job-11194840-88-sub-20461/ds/inputs/data/qsiprep/qsiprep/sub-20461/ses-1/dwi/sub-20461_ses-1_acq-multiband_dir-AP_space-ACPC_desc-preproc_dwi.nii.gz	0.0	709.0573533838603	289.8823517046124	668.1617766431812	709.0573533838603	668.1617766431812	289.8823517046124	684.9011488978838	684.9011488978838	sub-20461	ses-1		dir-AP	acq-multiband	space-ACPC			DSIStudio	autotrackgqi
Commissure_AnteriorCommissure	rtap	TORTOISE_model-MAPMRI	/scratch/grmpy/SLURM_11194840_88/job-11194840-88-sub-20461/ds/inputs/data/qsiprep/qsiprep/sub-20461/ses-1/dwi/sub-20461_ses-1_acq-multiband_dir-AP_space-ACPC_desc-preproc_dwi.nii.gz	0.0135135135135135	0.0116640180349349	0.0041928025893867	0.0107840467244386	0.0118237994611263	0.0108740786090493	0.0039913896471261	0.0120985070243477	0.0121192820370197	sub-20461	ses-1		dir-AP	acq-multiband	space-ACPC			DSIStudio	autotrackgqi
Commissure_AnteriorCommissure	rtop	TORTOISE_model-MAPMRI	/scratch/grmpy/SLURM_11194840_88/job-11194840-88-sub-20461/ds/inputs/data/qsiprep/qsiprep/sub-20461/ses-1/dwi/sub-20461_ses-1_acq-multiband_dir-AP_space-ACPC_desc-preproc_dwi.nii.gz	0.0101351351351351	0.0003275763301644	0.0014091510092839	0.0002334451273782	0.0003309303428977	0.000233546088566	0.0014159549027681	0.0002563213347457	0.000256692583207	sub-20461	ses-1		dir-AP	acq-multiband	space-ACPC			DSIStudio	autotrackgqi
Commissure_AnteriorCommissure	rtpp	TORTOISE_model-MAPMRI	/scratch/grmpy/SLURM_11194840_88/job-11194840-88-sub-20461/ds/inputs/data/qsiprep/qsiprep/sub-20461/ses-1/dwi/sub-20461_ses-1_acq-multiband_dir-AP_space-ACPC_desc-preproc_dwi.nii.gz	0.0	0.0486843734979629	0.0087235858663916	0.0485016480088233	0.0486843734979629	0.0485016480088233	0.0087235858663916	0.0480139255523681	0.0480139255523681	sub-20461	ses-1		dir-AP	acq-multiband	space-ACPC			DSIStudio	autotrackgqi
Cerebellum_CerebellumR	ad	TORTOISE_model-MAPMRI	/scratch/grmpy/SLURM_11194840_88/job-11194840-88-sub-20461/ds/inputs/data/qsiprep/qsiprep/sub-20461/ses-1/dwi/sub-20461_ses-1_acq-multiband_dir-AP_space-ACPC_desc-preproc_dwi.nii.gz	0.0040271545276723	985.037045192852	279.21438664883897	917.1235738275084	989.0199814892648	917.6922492990778	272.6475734096676	954.4231108663672	955.0897921287692	sub-20461	ses-1		dir-AP	acq-multiband	space-ACPC			DSIStudio	autotrackgqi
Cerebellum_CerebellumR	am	TORTOISE_model-MAPMRI	/scratch/grmpy/SLURM_11194840_88/job-11194840-88-sub-20461/ds/inputs/data/qsiprep/qsiprep/sub-20461/ses-1/dwi/sub-20461_ses-1_acq-multiband_dir-AP_space-ACPC_desc-preproc_dwi.nii.gz	0.0040271545276723	6349.67626953125	1510.9384765625	6581.7490234375	6375.3505859375	6585.150390625	1458.9317626953125	6394.17626953125	6398.642578125	sub-20461	ses-1		dir-AP	acq-multiband	space-ACPC			DSIStudio	autotrackgqi
Cerebellum_CerebellumR	fa	TORTOISE_model-MAPMRI	/scratch/grmpy/SLURM_11194840_88/job-11194840-88-sub-20461/ds/inputs/data/qsiprep/qsiprep/sub-20461/ses-1/dwi/sub-20461_ses-1_acq-multiband_dir-AP_space-ACPC_desc-preproc_dwi.nii.gz	0.0040271545276723	0.2640785139588398	0.1076479576450432	0.2492130908389816	0.2651462990776659	0.2496520051664364	0.1065449163867629	0.2663030956652774	0.2664891130432136	sub-20461	ses-1		dir-AP	acq-multiband	space-ACPC			DSIStudio	autotrackgqi
Cerebellum_CerebellumR	li	TORTOISE_model-MAPMRI	/scratch/grmpy/SLURM_11194840_88/job-11194840-88-sub-20461/ds/inputs/data/qsiprep/qsiprep/sub-20461/ses-1/dwi/sub-20461_ses-1_acq-multiband_dir-AP_space-ACPC_desc-preproc_dwi.nii.gz	0.0050627085490737	0.1507513523101806	0.0764437913894653	0.1401565819978714	0.1515184491872787	0.1405283212661743	0.0758759453892707	0.1533676087856292	0.1536073982715606	sub-20461	ses-1		dir-AP	acq-multiband	space-ACPC			DSIStudio	autotrackgqi
Cerebellum_CerebellumR	ng	TORTOISE_model-MAPMRI	/scratch/grmpy/SLURM_11194840_88/job-11194840-88-sub-20461/ds/inputs/data/qsiprep/qsiprep/sub-20461/ses-1/dwi/sub-20461_ses-1_acq-multiband_dir-AP_space-ACPC_desc-preproc_dwi.nii.gz	0.0040271545276723	0.3105085492134094	0.054676704108715	0.3071475625038147	0.3117640912532806	0.3074496388435364	0.0510901473462581	0.3068300485610962	0.3070443868637085	sub-20461	ses-1		dir-AP	acq-multiband	space-ACPC			DSIStudio	autotrackgqi
Cerebellum_CerebellumR	ngpar	TORTOISE_model-MAPMRI	/scratch/grmpy/SLURM_11194840_88/job-11194840-88-sub-20461/ds/inputs/data/qsiprep/qsiprep/sub-20461/ses-1/dwi/sub-20461_ses-1_acq-multiband_dir-AP_space-ACPC_desc-preproc_dwi.nii.gz	0.0040271545276723	0.1678115576505661	0.0354176796972751	0.1650840044021606	0.1684900820255279	0.1652484536170959	0.033840175718069	0.1644319146871566	0.1645467579364776	sub-20461	ses-1		dir-AP	acq-multiband	space-ACPC			DSIStudio	autotrackgqi
Cerebellum_CerebellumR	ngperp	TORTOISE_model-MAPMRI	/scratch/grmpy/SLURM_11194840_88/job-11194840-88-sub-20461/ds/inputs/data/qsiprep/qsiprep/sub-20461/ses-1/dwi/sub-20461_ses-1_acq-multiband_dir-AP_space-ACPC_desc-preproc_dwi.nii.gz	0.0040271545276723	0.2525572776794433	0.0484770834445953	0.2525500655174255	0.2535784840583801	0.2527389526367187	0.0458320379257202	0.2513808906078338	0.2515564858913421	sub-20461	ses-1		dir-AP	acq-multiband	space-ACPC			DSIStudio	autotrackgqi
Cerebellum_CerebellumR	pa	TORTOISE_model-MAPMRI	/scratch/grmpy/SLURM_11194840_88/job-11194840-88-sub-20461/ds/inputs/data/qsiprep/qsiprep/sub-20461/ses-1/dwi/sub-20461_ses-1_acq-multiband_dir-AP_space-ACPC_desc-preproc_dwi.nii.gz	0.0040271545276723	0.5905194282531738	0.1265811622142791	0.5723951458930969	0.592907190322876	0.5727948546409607	0.1211275309324264	0.5910598635673523	0.5914727449417114	sub-20461	ses-1		dir-AP	acq-multiband	space-ACPC			DSIStudio	autotrackgqi
Cerebellum_CerebellumR	path	TORTOISE_model-MAPMRI	/scratch/grmpy/SLURM_11194840_88/job-11194840-88-sub-20461/ds/inputs/data/qsiprep/qsiprep/sub-20461/ses-1/dwi/sub-20461_ses-1_acq-multiband_dir-AP_space-ACPC_desc-preproc_dwi.nii.gz	0.0040271545276723	0.212423026561737	0.0602541454136371	0.1990284919738769	0.2132819592952728	0.1991573870182037	0.0588391907513141	0.2119800448417663	0.2121281176805496	sub-20461	ses-1		dir-AP	acq-multiband	space-ACPC			DSIStudio	autotrackgqi
Cerebellum_CerebellumR	rd	TORTOISE_model-MAPMRI	/scratch/grmpy/SLURM_11194840_88/job-11194840-88-sub-20461/ds/inputs/data/qsiprep/qsiprep/sub-20461/ses-1/dwi/sub-20461_ses-1_acq-multiband_dir-AP_space-ACPC_desc-preproc_dwi.nii.gz	0.0040271545276723	654.7529665267549	242.7935273562456	600.8699510982696	657.400419603053	601.2441147248477	239.6802360826358	630.0777874930717	630.5179078574373	sub-20461	ses-1		dir-AP	acq-multiband	space-ACPC			DSIStudio	autotrackgqi
Cerebellum_CerebellumR	rtap	TORTOISE_model-MAPMRI	/scratch/grmpy/SLURM_11194840_88/job-11194840-88-sub-20461/ds/inputs/data/qsiprep/qsiprep/sub-20461/ses-1/dwi/sub-20461_ses-1_acq-multiband_dir-AP_space-ACPC_desc-preproc_dwi.nii.gz	0.0050627085490737	0.0130766509100794	0.0034181629307568	0.0131796859204769	0.013143191114068	0.0131894880905747	0.0032967773731797	0.0133837321773171	0.0133962677791714	sub-20461	ses-1		dir-AP	acq-multiband	space-ACPC			DSIStudio	autotrackgqi
Cerebellum_CerebellumR	rtop	TORTOISE_model-MAPMRI	/scratch/grmpy/SLURM_11194840_88/job-11194840-88-sub-20461/ds/inputs/data/qsiprep/qsiprep/sub-20461/ses-1/dwi/sub-20461_ses-1_acq-multiband_dir-AP_space-ACPC_desc-preproc_dwi.nii.gz	0.0050627085490737	0.0003202121879439	8.45592439873144e-05	0.0003291560860816	0.0003218415949959	0.0003293956397101	8.162257290678099e-05	0.0003290481399744	0.0003293563204351	sub-20461	ses-1		dir-AP	acq-multiband	space-ACPC			DSIStudio	autotrackgqi
Cerebellum_CerebellumR	rtpp	TORTOISE_model-MAPMRI	/scratch/grmpy/SLURM_11194840_88/job-11194840-88-sub-20461/ds/inputs/data/qsiprep/qsiprep/sub-20461/ses-1/dwi/sub-20461_ses-1_acq-multiband_dir-AP_space-ACPC_desc-preproc_dwi.nii.gz	0.0040271545276723	0.0539464429020881	0.0095777306705713	0.0550276637077331	0.0541645735502243	0.0550414770841598	0.008960410952568	0.0546425767242908	0.0546807497739791	sub-20461	ses-1		dir-AP	acq-multiband	space-ACPC			DSIStudio	autotrackgqi
Cerebellum_MiddleCerebellarPeduncle	ad	TORTOISE_model-MAPMRI	/scratch/grmpy/SLURM_11194840_88/job-11194840-88-sub-20461/ds/inputs/data/qsiprep/qsiprep/sub-20461/ses-1/dwi/sub-20461_ses-1_acq-multiband_dir-AP_space-ACPC_desc-preproc_dwi.nii.gz	0.0028912875867386	1133.9047629033269	507.7322466573789	987.471120156635	1137.1927140812795	988.3329303754088	504.7776860691615	1175.2956763369657	1175.701844686382	sub-20461	ses-1		dir-AP	acq-multiband	space-ACPC			DSIStudio	autotrackgqi
Cerebellum_MiddleCerebellarPeduncle	am	TORTOISE_model-MAPMRI	/scratch/grmpy/SLURM_11194840_88/job-11194840-88-sub-20461/ds/inputs/data/qsiprep/qsiprep/sub-20461/ses-1/dwi/sub-20461_ses-1_acq-multiband_dir-AP_space-ACPC_desc-preproc_dwi.nii.gz	0.0028912875867386	5932.47705078125	1488.855224609375	5762.37451171875	5949.6796875	5768.12060546875	1456.2862548828125	5617.9580078125	5619.8994140625	sub-20461	ses-1		dir-AP	acq-multiband	space-ACPC			DSIStudio	autotrackgqi
Cerebellum_MiddleCerebellarPeduncle	fa	TORTOISE_model-MAPMRI	/scratch/grmpy/SLURM_11194840_88/job-11194840-88-sub-20461/ds/inputs/data/qsiprep/qsiprep/sub-20461/ses-1/dwi/sub-20461_ses-1_acq-multiband_dir-AP_space-ACPC_desc-preproc_dwi.nii.gz	0.0028912875867386	0.332663210901423	0.1503991562246616	0.2969093957130635	0.3336278248901184	0.2972553008545262	0.1495448909878783	0.4158975044936699	0.4160412336758214	sub-20461	ses-1		dir-AP	acq-multiband	space-ACPC			DSIStudio	autotrackgqi
Cerebellum_MiddleCerebellarPeduncle	li	TORTOISE_model-MAPMRI	/scratch/grmpy/SLURM_11194840_88/job-11194840-88-sub-20461/ds/inputs/data/qsiprep/qsiprep/sub-20461/ses-1/dwi/sub-20461_ses-1_acq-multiband_dir-AP_space-ACPC_desc-preproc_dwi.nii.gz	0.0031804163454124	0.1925642192363739	0.1137657910585403	0.1610569655895233	0.1931786090135574	0.1613149493932724	0.1134251356124877	0.2580680251121521	0.2581872344017029	sub-20461	ses-1		dir-AP	acq-multiband	space-ACPC			DSIStudio	autotrackgqi
Cerebellum_MiddleCerebellarPeduncle	ng	TORTOISE_model-MAPMRI	/scratch/grmpy/SLURM_11194840_88/job-11194840-88-sub-20461/ds/inputs/data/qsiprep/qsiprep/sub-20461/ses-1/dwi/sub-20461_ses-1_acq-multiband_dir-AP_space-ACPC_desc-preproc_dwi.nii.gz	0.0028912875867386	0.3417404294013977	0.0677741095423698	0.3410356640815735	0.3427313566207886	0.3412820398807525	0.0653224661946296	0.3592728972434997	0.3593970537185669	sub-20461	ses-1		dir-AP	acq-multiband	space-ACPC			DSIStudio	autotrackgqi
Cerebellum_MiddleCerebellarPeduncle	ngpar	TORTOISE_model-MAPMRI	/scratch/grmpy/SLURM_11194840_88/job-11194840-88-sub-20461/ds/inputs/data/qsiprep/qsiprep/sub-20461/ses-1/dwi/sub-20461_ses-1_acq-multiband_dir-AP_space-ACPC_desc-preproc_dwi.nii.gz	0.0028912875867386	0.1763489693403244	0.0410489328205585	0.1722021996974945	0.1768603175878524	0.1723420023918151	0.0399932824075222	0.1762737035751342	0.1763346344232559	sub-20461	ses-1		dir-AP	acq-multiband	space-ACPC			DSIStudio	autotrackgqi
Cerebellum_MiddleCerebellarPeduncle	ngperp	TORTOISE_model-MAPMRI	/scratch/grmpy/SLURM_11194840_88/job-11194840-88-sub-20461/ds/inputs/data/qsiprep/qsiprep/sub-20461/ses-1/dwi/sub-20461_ses-1_acq-multiband_dir-AP_space-ACPC_desc-preproc_dwi.nii.gz	0.0028912875867386	0.2761793136596679	0.0559305436909198	0.2754473984241485	0.2769801318645477	0.2755869328975677	0.0539952106773853	0.2934472560882568	0.2935486733913421	sub-20461	ses-1		dir-AP	acq-multiband	space-ACPC			DSIStudio	autotrackgqi
Cerebellum_MiddleCerebellarPeduncle	pa	TORTOISE_model-MAPMRI	/scratch/grmpy/SLURM_11194840_88/job-11194840-88-sub-20461/ds/inputs/data/qsiprep/qsiprep/sub-20461/ses-1/dwi/sub-20461_ses-1_acq-multiband_dir-AP_space-ACPC_desc-preproc_dwi.nii.gz	0.0028912875867386	0.6888014674186707	0.1604358553886413	0.684589147567749	0.6907987594604492	0.6850008964538574	0.1563156098127365	0.777350127696991	0.7776187658309937	sub-20461	ses-1		dir-AP	acq-multiband	space-ACPC			DSIStudio	autotrackgqi
Cerebellum_MiddleCerebellarPeduncle	path	TORTOISE_model-MAPMRI	/scratch/grmpy/SLURM_11194840_88/job-11194840-88-sub-20461/ds/inputs/data/qsiprep/qsiprep/sub-20461/ses-1/dwi/sub-20461_ses-1_acq-multiband_dir-AP_space-ACPC_desc-preproc_dwi.nii.gz	0.0028912875867386	0.2586483955383301	0.0803890973329544	0.2391248941421508	0.2593984007835388	0.2392905354499817	0.0792880728840828	0.3045447766780853	0.3046500086784363	sub-20461	ses-1		dir-AP	acq-multiband	space-ACPC			DSIStudio	autotrackgqi
Cerebellum_MiddleCerebellarPeduncle	rd	TORTOISE_model-MAPMRI	/scratch/grmpy/SLURM_11194840_88/job-11194840-88-sub-20461/ds/inputs/data/qsiprep/qsiprep/sub-20461/ses-1/dwi/sub-20461_ses-1_acq-multiband_dir-AP_space-ACPC_desc-preproc_dwi.nii.gz	0.0028912875867386	687.8944043346778	422.4862573570339	587.2038321047145	689.889072044908	587.6283037787655	421.468995289709	615.4019669518791	615.6146427551143	sub-20461	ses-1		dir-AP	acq-multiband	space-ACPC			DSIStudio	autotrackgqi
Cerebellum_MiddleCerebellarPeduncle	rtap	TORTOISE_model-MAPMRI	/scratch/grmpy/SLURM_11194840_88/job-11194840-88-sub-20461/ds/inputs/data/qsiprep/qsiprep/sub-20461/ses-1/dwi/sub-20461_ses-1_acq-multiband_dir-AP_space-ACPC_desc-preproc_dwi.nii.gz	0.0029876638396299	0.0142692821100354	0.0048114149831235	0.0138706061989068	0.0143120419234037	0.0138753531500697	0.0047546932473778	0.0164653845131397	0.0164715722203254	sub-20461	ses-1		dir-AP	acq-multiband	space-ACPC			DSIStudio	autotrackgqi
Cerebellum_MiddleCerebellarPeduncle	rtop	TORTOISE_model-MAPMRI	/scratch/grmpy/SLURM_11194840_88/job-11194840-88-sub-20461/ds/inputs/data/qsiprep/qsiprep/sub-20461/ses-1/dwi/sub-20461_ses-1_acq-multiband_dir-AP_space-ACPC_desc-preproc_dwi.nii.gz	0.0029876638396299	0.0003367623139638	0.0001055288375937	0.0003474996483419	0.0003377714601811	0.0003476991550996	0.0001040617426042	0.0003743900742847	0.0003745307622011	sub-20461	ses-1		dir-AP	acq-multiband	space-ACPC			DSIStudio	autotrackgqi
Cerebellum_MiddleCerebellarPeduncle	rtpp	TORTOISE_model-MAPMRI	/scratch/grmpy/SLURM_11194840_88/job-11194840-88-sub-20461/ds/inputs/data/qsiprep/qsiprep/sub-20461/ses-1/dwi/sub-20461_ses-1_acq-multiband_dir-AP_space-ACPC_desc-preproc_dwi.nii.gz	0.0028912875867386	0.0513822436332702	0.0085598919540643	0.0533684939146041	0.0515312328934669	0.0533812083303928	0.0081121195107698	0.0500935241580009	0.0501108393073082	sub-20461	ses-1		dir-AP	acq-multiband	space-ACPC			DSIStudio	autotrackgqi
Cerebellum_InferiorCerebellarPeduncleL	ad	TORTOISE_model-MAPMRI	/scratch/grmpy/SLURM_11194840_88/job-11194840-88-sub-20461/ds/inputs/data/qsiprep/qsiprep/sub-20461/ses-1/dwi/sub-20461_ses-1_acq-multiband_dir-AP_space-ACPC_desc-preproc_dwi.nii.gz	0.0036455412226584	1149.5949757034823	534.5117171007738	991.8795766280342	1153.8012055611084	993.2840109581078	530.9378256989958	1223.6139521295229	1225.5624659797916	sub-20461	ses-1		dir-AP	acq-multiband	space-ACPC			DSIStudio	autotrackgqi
Cerebellum_InferiorCerebellarPeduncleL	am	TORTOISE_model-MAPMRI	/scratch/grmpy/SLURM_11194840_88/job-11194840-88-sub-20461/ds/inputs/data/qsiprep/qsiprep/sub-20461/ses-1/dwi/sub-20461_ses-1_acq-multiband_dir-AP_space-ACPC_desc-preproc_dwi.nii.gz	0.0008412787436904	6045.49951171875	1586.6298828125	5877.8974609375	6050.58984375	5880.2763671875	1577.566162109375	5787.26025390625	5787.498046875	sub-20461	ses-1		dir-AP	acq-multiband	space-ACPC			DSIStudio	autotrackgqi
Cerebellum_InferiorCerebellarPeduncleL	fa	TORTOISE_model-MAPMRI	/scratch/grmpy/SLURM_11194840_88/job-11194840-88-sub-20461/ds/inputs/data/qsiprep/qsiprep/sub-20461/ses-1/dwi/sub-20461_ses-1_acq-multiband_dir-AP_space-ACPC_desc-preproc_dwi.nii.gz	0.0036455412226584	0.3226516415036808	0.1464239906592235	0.2959002851316825	0.3238321850836268	0.2965380856633828	0.1453827134225226	0.3873900829623	0.3880069725808901	sub-20461	ses-1		dir-AP	acq-multiband	space-ACPC			DSIStudio	autotrackgqi
Cerebellum_InferiorCerebellarPeduncleL	li	TORTOISE_model-MAPMRI	/scratch/grmpy/SLURM_11194840_88/job-11194840-88-sub-20461/ds/inputs/data/qsiprep/qsiprep/sub-20461/ses-1/dwi/sub-20461_ses-1_acq-multiband_dir-AP_space-ACPC_desc-preproc_dwi.nii.gz	0.0053280987100392	0.1832015961408615	0.1078952178359031	0.1592518985271453	0.1841829419136047	0.1599455773830413	0.1073451861739158	0.2331587523221969	0.2336824089288711	sub-20461	ses-1		dir-AP	acq-multiband	space-ACPC			DSIStudio	autotrackgqi
Cerebellum_InferiorCerebellarPeduncleL	ng	TORTOISE_model-MAPMRI	/scratch/grmpy/SLURM_11194840_88/job-11194840-88-sub-20461/ds/inputs/data/qsiprep/qsiprep/sub-20461/ses-1/dwi/sub-20461_ses-1_acq-multiband_dir-AP_space-ACPC_desc-preproc_dwi.nii.gz	0.0008412787436904	0.3440179526805877	0.0729655921459198	0.3399578630924225	0.3443076312541961	0.339995265007019	0.0723099485039711	0.3606119155883789	0.360626757144928	sub-20461	ses-1		dir-AP	acq-multiband	space-ACPC			DSIStudio	autotrackgqi
Cerebellum_InferiorCerebellarPeduncleL	ngpar	TORTOISE_model-MAPMRI	/scratch/grmpy/SLURM_11194840_88/job-11194840-88-sub-20461/ds/inputs/data/qsiprep/qsiprep/sub-20461/ses-1/dwi/sub-20461_ses-1_acq-multiband_dir-AP_space-ACPC_desc-preproc_dwi.nii.gz	0.0008412787436904	0.1785409748554229	0.0459460616111755	0.1731968224048614	0.1786913126707077	0.1732361912727356	0.0456722602248191	0.1762227118015289	0.1762299537658691	sub-20461	ses-1		dir-AP	acq-multiband	space-ACPC			DSIStudio	autotrackgqi
Cerebellum_InferiorCerebellarPeduncleL	ngperp	TORTOISE_model-MAPMRI	/scratch/grmpy/SLURM_11194840_88/job-11194840-88-sub-20461/ds/inputs/data/qsiprep/qsiprep/sub-20461/ses-1/dwi/sub-20461_ses-1_acq-multiband_dir-AP_space-ACPC_desc-preproc_dwi.nii.gz	0.0008412787436904	0.2782493531703949	0.0578489676117897	0.2766034603118896	0.2784836590290069	0.2766224443912506	0.0573068670928478	0.2949723899364471	0.2949845194816589	sub-20461	ses-1		dir-AP	acq-multiband	space-ACPC			DSIStudio	autotrackgqi
Cerebellum_InferiorCerebellarPeduncleL	pa	TORTOISE_model-MAPMRI	/scratch/grmpy/SLURM_11194840_88/job-11194840-88-sub-20461/ds/inputs/data/qsiprep/qsiprep/sub-20461/ses-1/dwi/sub-20461_ses-1_acq-multiband_dir-AP_space-ACPC_desc-preproc_dwi.nii.gz	0.0008412787436904	0.6887262463569641	0.1558078229427337	0.6890987157821655	0.6893061399459839	0.689290463924408	0.1545858681201934	0.7716686725616455	0.771700382232666	sub-20461	ses-1		dir-AP	acq-multiband	space-ACPC			DSIStudio	autotrackgqi
Cerebellum_InferiorCerebellarPeduncleL	path	TORTOISE_model-MAPMRI	/scratch/grmpy/SLURM_11194840_88/job-11194840-88-sub-20461/ds/inputs/data/qsiprep/qsiprep/sub-20461/ses-1/dwi/sub-20461_ses-1_acq-multiband_dir-AP_space-ACPC_desc-preproc_dwi.nii.gz	0.0008412787436904	0.2581292390823364	0.0812336206436157	0.240948885679245	0.2583465874195099	0.2410269081592559	0.0809216126799583	0.2976012229919433	0.2976134419441223	sub-20461	ses-1		dir-AP	acq-multiband	space-ACPC			DSIStudio	autotrackgqi
Cerebellum_InferiorCerebellarPeduncleL	rd	TORTOISE_model-MAPMRI	/scratch/grmpy/SLURM_11194840_88/job-11194840-88-sub-20461/ds/inputs/data/qsiprep/qsiprep/sub-20461/ses-1/dwi/sub-20461_ses-1_acq-multiband_dir-AP_space-ACPC_desc-preproc_dwi.nii.gz	0.0036455412226584	717.8052886355482	463.148481881881	594.9380430836746	720.4316519207331	595.1681016400993	461.9515716966557	692.3851691004904	693.4877410405439	sub-20461	ses-1		dir-AP	acq-multiband	space-ACPC			DSIStudio	autotrackgqi
Cerebellum_InferiorCerebellarPeduncleL	rtap	TORTOISE_model-MAPMRI	/scratch/grmpy/SLURM_11194840_88/job-11194840-88-sub-20461/ds/inputs/data/qsiprep/qsiprep/sub-20461/ses-1/dwi/sub-20461_ses-1_acq-multiband_dir-AP_space-ACPC_desc-preproc_dwi.nii.gz	0.0039259674705552	0.0137559780851006	0.0047393371351063	0.0135686220601201	0.013810196891427	0.013584766536951	0.0046691629104316	0.0151618495583534	0.0151862893253564	sub-20461	ses-1		dir-AP	acq-multiband	space-ACPC			DSIStudio	autotrackgqi
Cerebellum_InferiorCerebellarPeduncleL	rtop	TORTOISE_model-MAPMRI	/scratch/grmpy/SLURM_11194840_88/job-11194840-88-sub-20461/ds/inputs/data/qsiprep/qsiprep/sub-20461/ses-1/dwi/sub-20461_ses-1_acq-multiband_dir-AP_space-ACPC_desc-preproc_dwi.nii.gz	0.0039259674705552	0.0003252614405937	0.0001083618481061	0.000338605052093	0.0003265434352215	0.0003387798205949	0.0001066299300873	0.0003460877924226	0.0003466456546448	sub-20461	ses-1		dir-AP	acq-multiband	space-ACPC			DSIStudio	autotrackgqi
Cerebellum_InferiorCerebellarPeduncleL	rtpp	TORTOISE_model-MAPMRI	/scratch/grmpy/SLURM_11194840_88/job-11194840-88-sub-20461/ds/inputs/data/qsiprep/qsiprep/sub-20461/ses-1/dwi/sub-20461_ses-1_acq-multiband_dir-AP_space-ACPC_desc-preproc_dwi.nii.gz	0.0036455412226584	0.0508537106215953	0.0088923219591379	0.0530082769691944	0.0510397776961326	0.0530230551958084	0.0083585809916257	0.049142450094223	0.0492207035422325	sub-20461	ses-1		dir-AP	acq-multiband	space-ACPC			DSIStudio	autotrackgqi
Cerebellum_Vermis	ad	TORTOISE_model-MAPMRI	/scratch/grmpy/SLURM_11194840_88/job-11194840-88-sub-20461/ds/inputs/data/qsiprep/qsiprep/sub-20461/ses-1/dwi/sub-20461_ses-1_acq-multiband_dir-AP_space-ACPC_desc-preproc_dwi.nii.gz	0.0082284607938044	966.5691234153642	374.96704808752247	890.1573307745809	974.5884865671754	890.985442240486	365.9934846282303	921.62189890051	923.4117889380716	sub-20461	ses-1		dir-AP	acq-multiband	space-ACPC			DSIStudio	autotrackgqi
Cerebellum_Vermis	am	TORTOISE_model-MAPMRI	/scratch/grmpy/SLURM_11194840_88/job-11194840-88-sub-20461/ds/inputs/data/qsiprep/qsiprep/sub-20461/ses-1/dwi/sub-20461_ses-1_acq-multiband_dir-AP_space-ACPC_desc-preproc_dwi.nii.gz	0.0043562439496611	6154.1533203125	1596.6197509765625	6453.84375	6181.07958984375	6458.25537109375	1547.2279052734375	6489.4267578125	6496.3271484375	sub-20461	ses-1		dir-AP	acq-multiband	space-ACPC			DSIStudio	autotrackgqi
Cerebellum_Vermis	fa	TORTOISE_model-MAPMRI	/scratch/grmpy/SLURM_11194840_88/job-11194840-88-sub-20461/ds/inputs/data/qsiprep/qsiprep/sub-20461/ses-1/dwi/sub-20461_ses-1_acq-multiband_dir-AP_space-ACPC_desc-preproc_dwi.nii.gz	0.0082284607938044	0.2488876683698563	0.0867308858082134	0.2414448121849207	0.2509526221825882	0.2419225186225216	0.0840621854853599	0.2449400982145835	0.2454157985480387	sub-20461	ses-1		dir-AP	acq-multiband	space-ACPC			DSIStudio	autotrackgqi
Cerebellum_Vermis	li	TORTOISE_model-MAPMRI	/scratch/grmpy/SLURM_11194840_88/job-11194840-88-sub-20461/ds/inputs/data/qsiprep/qsiprep/sub-20461/ses-1/dwi/sub-20461_ses-1_acq-multiband_dir-AP_space-ACPC_desc-preproc_dwi.nii.gz	0.0113746369796708	0.1268646121025085	0.0540610440075397	0.1231620162725448	0.1283242553472519	0.1236201450228691	0.0526204816997051	0.1258827596902847	0.1263150870800018	sub-20461	ses-1		dir-AP	acq-multiband	space-ACPC			DSIStudio	autotrackgqi
Cerebellum_Vermis	ng	TORTOISE_model-MAPMRI	/scratch/grmpy/SLURM_11194840_88/job-11194840-88-sub-20461/ds/inputs/data/qsiprep/qsiprep/sub-20461/ses-1/dwi/sub-20461_ses-1_acq-multiband_dir-AP_space-ACPC_desc-preproc_dwi.nii.gz	0.0043562439496611	0.3112682998180389	0.0649449303746223	0.3053733110427856	0.3126302063465118	0.3054980635643005	0.0617294870316982	0.3010056316852569	0.3013256788253784	sub-20461	ses-1		dir-AP	acq-multiband	space-ACPC			DSIStudio	autotrackgqi
Cerebellum_Vermis	ngpar	TORTOISE_model-MAPMRI	/scratch/grmpy/SLURM_11194840_88/job-11194840-88-sub-20461/ds/inputs/data/qsiprep/qsiprep/sub-20461/ses-1/dwi/sub-20461_ses-1_acq-multiband_dir-AP_space-ACPC_desc-preproc_dwi.nii.gz	0.0043562439496611	0.1772416085004806	0.0461258925497531	0.1719130575656891	0.1780170947313308	0.1723003089427948	0.0447085797786712	0.1723663806915283	0.1725496351718902	sub-20461	ses-1		dir-AP	acq-multiband	space-ACPC			DSIStudio	autotrackgqi
Cerebellum_Vermis	ngperp	TORTOISE_model-MAPMRI	/scratch/grmpy/SLURM_11194840_88/job-11194840-88-sub-20461/ds/inputs/data/qsiprep/qsiprep/sub-20461/ses-1/dwi/sub-20461_ses-1_acq-multiband_dir-AP_space-ACPC_desc-preproc_dwi.nii.gz	0.0043562439496611	0.2459108680486679	0.0526092499494552	0.2451445460319519	0.2469868063926696	0.2453767210245132	0.0501408129930496	0.2394705861806869	0.2397252023220062	sub-20461	ses-1		dir-AP	acq-multiband	space-ACPC			DSIStudio	autotrackgqi
Cerebellum_Vermis	pa	TORTOISE_model-MAPMRI	/scratch/grmpy/SLURM_11194840_88/job-11194840-88-sub-20461/ds/inputs/data/qsiprep/qsiprep/sub-20461/ses-1/dwi/sub-20461_ses-1_acq-multiband_dir-AP_space-ACPC_desc-preproc_dwi.nii.gz	0.0043562439496611	0.5798306465148926	0.114441379904747	0.5714995861053467	0.5823675990104675	0.5721514225006104	0.1080587953329086	0.5610905885696411	0.5616872310638428	sub-20461	ses-1		dir-AP	acq-multiband	space-ACPC			DSIStudio	autotrackgqi
Cerebellum_Vermis	path	TORTOISE_model-MAPMRI	/scratch/grmpy/SLURM_11194840_88/job-11194840-88-sub-20461/ds/inputs/data/qsiprep/qsiprep/sub-20461/ses-1/dwi/sub-20461_ses-1_acq-multiband_dir-AP_space-ACPC_desc-preproc_dwi.nii.gz	0.0043562439496611	0.2076602429151535	0.0612714923918247	0.1987399756908416	0.2085688263177871	0.198949933052063	0.0598424710333347	0.1980693042278289	0.1982798874378204	sub-20461	ses-1		dir-AP	acq-multiband	space-ACPC			DSIStudio	autotrackgqi
Cerebellum_Vermis	rd	TORTOISE_model-MAPMRI	/scratch/grmpy/SLURM_11194840_88/job-11194840-88-sub-20461/ds/inputs/data/qsiprep/qsiprep/sub-20461/ses-1/dwi/sub-20461_ses-1_acq-multiband_dir-AP_space-ACPC_desc-preproc_dwi.nii.gz	0.0082284607938044	664.6477757772038	309.1206995530658	605.564030313125	670.1621789925345	605.9424429097625	304.3893255333438	633.4313250864977	634.661517714515	sub-20461	ses-1		dir-AP	acq-multiband	space-ACPC			DSIStudio	autotrackgqi
Cerebellum_Vermis	rtap	TORTOISE_model-MAPMRI	/scratch/grmpy/SLURM_11194840_88/job-11194840-88-sub-20461/ds/inputs/data/qsiprep/qsiprep/sub-20461/ses-1/dwi/sub-20461_ses-1_acq-multiband_dir-AP_space-ACPC_desc-preproc_dwi.nii.gz	0.0089545014520813	0.0125643108040094	0.003841338912025	0.0128883654251694	0.0126778343692421	0.0129037173464894	0.003667420707643	0.0128146791830658	0.0128415450453758	sub-20461	ses-1		dir-AP	acq-multiband	space-ACPC			DSIStudio	autotrackgqi
Cerebellum_Vermis	rtop	TORTOISE_model-MAPMRI	/scratch/grmpy/SLURM_11194840_88/job-11194840-88-sub-20461/ds/inputs/data/qsiprep/qsiprep/sub-20461/ses-1/dwi/sub-20461_ses-1_acq-multiband_dir-AP_space-ACPC_desc-preproc_dwi.nii.gz	0.0089545014520813	0.000317840866046	0.0001251735229743	0.0003284774138592	0.0003207126865163	0.0003291495959274	0.0001220203048433	0.0003265694249421	0.0003272541216574	sub-20461	ses-1		dir-AP	acq-multiband	space-ACPC			DSIStudio	autotrackgqi
Cerebellum_Vermis	rtpp	TORTOISE_model-MAPMRI	/scratch/grmpy/SLURM_11194840_88/job-11194840-88-sub-20461/ds/inputs/data/qsiprep/qsiprep/sub-20461/ses-1/dwi/sub-20461_ses-1_acq-multiband_dir-AP_space-ACPC_desc-preproc_dwi.nii.gz	0.0082284607938044	0.0544774755835533	0.0082407547160983	0.0559544786810874	0.0549294576048851	0.0560000389814376	0.0066065257415175	0.055755503475666	0.055863793939352	sub-20461	ses-1		dir-AP	acq-multiband	space-ACPC			DSIStudio	autotrackgqi
Cerebellum_InferiorCerebellarPeduncleR	ad	TORTOISE_model-MAPMRI	/scratch/grmpy/SLURM_11194840_88/job-11194840-88-sub-20461/ds/inputs/data/qsiprep/qsiprep/sub-20461/ses-1/dwi/sub-20461_ses-1_acq-multiband_dir-AP_space-ACPC_desc-preproc_dwi.nii.gz	0.0033444816053511	1139.676208573244	448.7129258487873	1014.8197816849676	1143.5006253805368	1015.615318603603	444.57363331229385	1178.9222316388154	1180.146679663687	sub-20461	ses-1		dir-AP	acq-multiband	space-ACPC			DSIStudio	autotrackgqi
Cerebellum_InferiorCerebellarPeduncleR	am	TORTOISE_model-MAPMRI	/scratch/grmpy/SLURM_11194840_88/job-11194840-88-sub-20461/ds/inputs/data/qsiprep/qsiprep/sub-20461/ses-1/dwi/sub-20461_ses-1_acq-multiband_dir-AP_space-ACPC_desc-preproc_dwi.nii.gz	0.0	6117.63525390625	1530.22021484375	5988.2255859375	6117.63525390625	5988.2255859375	1530.22021484375	5839.63671875	5839.63671875	sub-20461	ses-1		dir-AP	acq-multiband	space-ACPC			DSIStudio	autotrackgqi
Cerebellum_InferiorCerebellarPeduncleR	fa	TORTOISE_model-MAPMRI	/scratch/grmpy/SLURM_11194840_88/job-11194840-88-sub-20461/ds/inputs/data/qsiprep/qsiprep/sub-20461/ses-1/dwi/sub-20461_ses-1_acq-multiband_dir-AP_space-ACPC_desc-preproc_dwi.nii.gz	0.0033444816053511	0.317229050765732	0.1451967449825099	0.292794658700086	0.3182935777817244	0.2931513572546171	0.1442706065883078	0.3697316865040266	0.3701156958251649	sub-20461	ses-1		dir-AP	acq-multiband	space-ACPC			DSIStudio	autotrackgqi
Cerebellum_InferiorCerebellarPeduncleR	li	TORTOISE_model-MAPMRI	/scratch/grmpy/SLURM_11194840_88/job-11194840-88-sub-20461/ds/inputs/data/qsiprep/qsiprep/sub-20461/ses-1/dwi/sub-20461_ses-1_acq-multiband_dir-AP_space-ACPC_desc-preproc_dwi.nii.gz	0.0047380156075808	0.177158698439598	0.1004276499152183	0.1582598090171814	0.1780020743608474	0.1589920967817306	0.0999179929494857	0.2146161049604416	0.2149137407541275	sub-20461	ses-1		dir-AP	acq-multiband	space-ACPC			DSIStudio	autotrackgqi
Cerebellum_InferiorCerebellarPeduncleR	ng	TORTOISE_model-MAPMRI	/scratch/grmpy/SLURM_11194840_88/job-11194840-88-sub-20461/ds/inputs/data/qsiprep/qsiprep/sub-20461/ses-1/dwi/sub-20461_ses-1_acq-multiband_dir-AP_space-ACPC_desc-preproc_dwi.nii.gz	0.0	0.3438797891139984	0.0631205439567565	0.3420502543449402	0.3438797891139984	0.3420502543449402	0.0631205439567565	0.3569190502166748	0.3569190502166748	sub-20461	ses-1		dir-AP	acq-multiband	space-ACPC			DSIStudio	autotrackgqi
Cerebellum_InferiorCerebellarPeduncleR	ngpar	TORTOISE_model-MAPMRI	/scratch/grmpy/SLURM_11194840_88/job-11194840-88-sub-20461/ds/inputs/data/qsiprep/qsiprep/sub-20461/ses-1/dwi/sub-20461_ses-1_acq-multiband_dir-AP_space-ACPC_desc-preproc_dwi.nii.gz	0.0	0.1784695535898208	0.0413546152412891	0.1756106615066528	0.1784695535898208	0.1756106615066528	0.0413546152412891	0.1780230402946472	0.1780230402946472	sub-20461	ses-1		dir-AP	acq-multiband	space-ACPC			DSIStudio	autotrackgqi
Cerebellum_InferiorCerebellarPeduncleR	ngperp	TORTOISE_model-MAPMRI	/scratch/grmpy/SLURM_11194840_88/job-11194840-88-sub-20461/ds/inputs/data/qsiprep/qsiprep/sub-20461/ses-1/dwi/sub-20461_ses-1_acq-multiband_dir-AP_space-ACPC_desc-preproc_dwi.nii.gz	0.0	0.2802996039390564	0.0512286350131034	0.2797386050224304	0.2802996039390564	0.2797386050224304	0.0512286350131034	0.2940641939640045	0.2940641939640045	sub-20461	ses-1		dir-AP	acq-multiband	space-ACPC			DSIStudio	autotrackgqi
Cerebellum_InferiorCerebellarPeduncleR	pa	TORTOISE_model-MAPMRI	/scratch/grmpy/SLURM_11194840_88/job-11194840-88-sub-20461/ds/inputs/data/qsiprep/qsiprep/sub-20461/ses-1/dwi/sub-20461_ses-1_acq-multiband_dir-AP_space-ACPC_desc-preproc_dwi.nii.gz	0.0	0.6841709613800049	0.1522811353206634	0.6793776750564575	0.6841709613800049	0.6793776750564575	0.1522811353206634	0.7498115301132202	0.7498115301132202	sub-20461	ses-1		dir-AP	acq-multiband	space-ACPC			DSIStudio	autotrackgqi
Cerebellum_InferiorCerebellarPeduncleR	path	TORTOISE_model-MAPMRI	/scratch/grmpy/SLURM_11194840_88/job-11194840-88-sub-20461/ds/inputs/data/qsiprep/qsiprep/sub-20461/ses-1/dwi/sub-20461_ses-1_acq-multiband_dir-AP_space-ACPC_desc-preproc_dwi.nii.gz	0.0	0.2558214366436004	0.0811717212200164	0.2370426058769226	0.2558214366436004	0.2370426058769226	0.0811717212200164	0.2857691943645477	0.2857691943645477	sub-20461	ses-1		dir-AP	acq-multiband	space-ACPC			DSIStudio	autotrackgqi
Cerebellum_InferiorCerebellarPeduncleR	rd	TORTOISE_model-MAPMRI	/scratch/grmpy/SLURM_11194840_88/job-11194840-88-sub-20461/ds/inputs/data/qsiprep/qsiprep/sub-20461/ses-1/dwi/sub-20461_ses-1_acq-multiband_dir-AP_space-ACPC_desc-preproc_dwi.nii.gz	0.0033444816053511	712.1520350016262	390.9282251497267	610.3772508269665	714.541806931162	610.8375139418488	389.3971243146047	676.8239694462857	677.5269301005037	sub-20461	ses-1		dir-AP	acq-multiband	space-ACPC			DSIStudio	autotrackgqi
Cerebellum_InferiorCerebellarPeduncleR	rtap	TORTOISE_model-MAPMRI	/scratch/grmpy/SLURM_11194840_88/job-11194840-88-sub-20461/ds/inputs/data/qsiprep/qsiprep/sub-20461/ses-1/dwi/sub-20461_ses-1_acq-multiband_dir-AP_space-ACPC_desc-preproc_dwi.nii.gz	0.0033444816053511	0.0134732760488986	0.0043438491411507	0.0135179460048675	0.0135184880346059	0.0135233364999294	0.0042803208343684	0.0145210968330502	0.0145361786708235	sub-20461	ses-1		dir-AP	acq-multiband	space-ACPC			DSIStudio	autotrackgqi
Cerebellum_InferiorCerebellarPeduncleR	rtop	TORTOISE_model-MAPMRI	/scratch/grmpy/SLURM_11194840_88/job-11194840-88-sub-20461/ds/inputs/data/qsiprep/qsiprep/sub-20461/ses-1/dwi/sub-20461_ses-1_acq-multiband_dir-AP_space-ACPC_desc-preproc_dwi.nii.gz	0.0033444816053511	0.0003161145432386	9.893561218632384e-05	0.0003309868916403	0.0003171753196511	0.0003311836044304	9.738914377521724e-05	0.0003337956150062	0.0003341422998346	sub-20461	ses-1		dir-AP	acq-multiband	space-ACPC			DSIStudio	autotrackgqi
Cerebellum_InferiorCerebellarPeduncleR	rtpp	TORTOISE_model-MAPMRI	/scratch/grmpy/SLURM_11194840_88/job-11194840-88-sub-20461/ds/inputs/data/qsiprep/qsiprep/sub-20461/ses-1/dwi/sub-20461_ses-1_acq-multiband_dir-AP_space-ACPC_desc-preproc_dwi.nii.gz	0.0033444816053511	0.0506049841642379	0.008104489184916	0.0524135679006576	0.050774797797203	0.0524360761046409	0.0075684092007577	0.0497470125555992	0.0497986786067485	sub-20461	ses-1		dir-AP	acq-multiband	space-ACPC			DSIStudio	autotrackgqi
Cerebellum_CerebellumL	ad	TORTOISE_model-MAPMRI	/scratch/grmpy/SLURM_11194840_88/job-11194840-88-sub-20461/ds/inputs/data/qsiprep/qsiprep/sub-20461/ses-1/dwi/sub-20461_ses-1_acq-multiband_dir-AP_space-ACPC_desc-preproc_dwi.nii.gz	0.0130318556471374	963.5372521997756	285.95342079444083	906.3227725383836	976.2597280498348	908.0230474926166	265.383862964854	935.9148557450376	939.9922323045364	sub-20461	ses-1		dir-AP	acq-multiband	space-ACPC			DSIStudio	autotrackgqi
Cerebellum_CerebellumL	am	TORTOISE_model-MAPMRI	/scratch/grmpy/SLURM_11194840_88/job-11194840-88-sub-20461/ds/inputs/data/qsiprep/qsiprep/sub-20461/ses-1/dwi/sub-20461_ses-1_acq-multiband_dir-AP_space-ACPC_desc-preproc_dwi.nii.gz	0.0130318556471374	6214.4658203125	1596.2645263671875	6496.69921875	6296.52099609375	6514.21923828125	1437.0252685546875	6388.3564453125	6416.1875	sub-20461	ses-1		dir-AP	acq-multiband	space-ACPC			DSIStudio	autotrackgqi
Cerebellum_CerebellumL	fa	TORTOISE_model-MAPMRI	/scratch/grmpy/SLURM_11194840_88/job-11194840-88-sub-20461/ds/inputs/data/qsiprep/qsiprep/sub-20461/ses-1/dwi/sub-20461_ses-1_acq-multiband_dir-AP_space-ACPC_desc-preproc_dwi.nii.gz	0.0130318556471374	0.2579463007621483	0.1022386471963989	0.2484869794437466	0.2613522049703834	0.2493106064972823	0.0984917135500858	0.2613978544222313	0.2625366518760489	sub-20461	ses-1		dir-AP	acq-multiband	space-ACPC			DSIStudio	autotrackgqi
Cerebellum_CerebellumL	li	TORTOISE_model-MAPMRI	/scratch/grmpy/SLURM_11194840_88/job-11194840-88-sub-20461/ds/inputs/data/qsiprep/qsiprep/sub-20461/ses-1/dwi/sub-20461_ses-1_acq-multiband_dir-AP_space-ACPC_desc-preproc_dwi.nii.gz	0.0145912229895299	0.1432008445262909	0.0711526721715927	0.1365515887737274	0.1453212648630142	0.1374236047267913	0.069494791328907	0.1476405262947082	0.148366168141365	sub-20461	ses-1		dir-AP	acq-multiband	space-ACPC			DSIStudio	autotrackgqi
Cerebellum_CerebellumL	ng	TORTOISE_model-MAPMRI	/scratch/grmpy/SLURM_11194840_88/job-11194840-88-sub-20461/ds/inputs/data/qsiprep/qsiprep/sub-20461/ses-1/dwi/sub-20461_ses-1_acq-multiband_dir-AP_space-ACPC_desc-preproc_dwi.nii.gz	0.0130318556471374	0.3023909032344818	0.063690461218357	0.3009180128574371	0.3063836395740509	0.3018082082271576	0.0537282414734363	0.2980491816997528	0.2993476688861847	sub-20461	ses-1		dir-AP	acq-multiband	space-ACPC			DSIStudio	autotrackgqi
Cerebellum_CerebellumL	ngpar	TORTOISE_model-MAPMRI	/scratch/grmpy/SLURM_11194840_88/job-11194840-88-sub-20461/ds/inputs/data/qsiprep/qsiprep/sub-20461/ses-1/dwi/sub-20461_ses-1_acq-multiband_dir-AP_space-ACPC_desc-preproc_dwi.nii.gz	0.0130318556471374	0.1668273359537124	0.0415363647043705	0.1640138924121856	0.1690301150083542	0.1643814742565155	0.0370906256139278	0.1632972210645675	0.164008617401123	sub-20461	ses-1		dir-AP	acq-multiband	space-ACPC			DSIStudio	autotrackgqi
Cerebellum_CerebellumL	ngperp	TORTOISE_model-MAPMRI	/scratch/grmpy/SLURM_11194840_88/job-11194840-88-sub-20461/ds/inputs/data/qsiprep/qsiprep/sub-20461/ses-1/dwi/sub-20461_ses-1_acq-multiband_dir-AP_space-ACPC_desc-preproc_dwi.nii.gz	0.0130318556471374	0.2448810935020446	0.0535494163632392	0.2463290393352508	0.2481144815683365	0.2469855844974517	0.0458601266145706	0.2434207499027252	0.2444812357425689	sub-20461	ses-1		dir-AP	acq-multiband	space-ACPC			DSIStudio	autotrackgqi
Cerebellum_CerebellumL	pa	TORTOISE_model-MAPMRI	/scratch/grmpy/SLURM_11194840_88/job-11194840-88-sub-20461/ds/inputs/data/qsiprep/qsiprep/sub-20461/ses-1/dwi/sub-20461_ses-1_acq-multiband_dir-AP_space-ACPC_desc-preproc_dwi.nii.gz	0.0130318556471374	0.5741826891899109	0.1365398466587066	0.5642957091331482	0.5817641615867615	0.5658338069915771	0.120327353477478	0.5740258693695068	0.5765267014503479	sub-20461	ses-1		dir-AP	acq-multiband	space-ACPC			DSIStudio	autotrackgqi
Cerebellum_CerebellumL	path	TORTOISE_model-MAPMRI	/scratch/grmpy/SLURM_11194840_88/job-11194840-88-sub-20461/ds/inputs/data/qsiprep/qsiprep/sub-20461/ses-1/dwi/sub-20461_ses-1_acq-multiband_dir-AP_space-ACPC_desc-preproc_dwi.nii.gz	0.0130318556471374	0.205921322107315	0.0594523921608924	0.1964330822229385	0.2086402922868728	0.1969236135482788	0.0548996403813362	0.2047352641820907	0.2056272029876709	sub-20461	ses-1		dir-AP	acq-multiband	space-ACPC			DSIStudio	autotrackgqi
Cerebellum_CerebellumL	rd	TORTOISE_model-MAPMRI	/scratch/grmpy/SLURM_11194840_88/job-11194840-88-sub-20461/ds/inputs/data/qsiprep/qsiprep/sub-20461/ses-1/dwi/sub-20461_ses-1_acq-multiband_dir-AP_space-ACPC_desc-preproc_dwi.nii.gz	0.0130318556471374	646.5209931406891	240.1714101590864	596.3303254431297	655.0576093462485	597.4497138961494	229.895549834867	622.5060302769477	625.2180200181151	sub-20461	ses-1		dir-AP	acq-multiband	space-ACPC			DSIStudio	autotrackgqi
Cerebellum_CerebellumL	rtap	TORTOISE_model-MAPMRI	/scratch/grmpy/SLURM_11194840_88/job-11194840-88-sub-20461/ds/inputs/data/qsiprep/qsiprep/sub-20461/ses-1/dwi/sub-20461_ses-1_acq-multiband_dir-AP_space-ACPC_desc-preproc_dwi.nii.gz	0.0138115393183337	0.012803959660232	0.0035231381189078	0.0131019316613674	0.0129832783713936	0.0131252165883779	0.0032028406858444	0.013170220889151	0.0132287265732884	sub-20461	ses-1		dir-AP	acq-multiband	space-ACPC			DSIStudio	autotrackgqi
Cerebellum_CerebellumL	rtop	TORTOISE_model-MAPMRI	/scratch/grmpy/SLURM_11194840_88/job-11194840-88-sub-20461/ds/inputs/data/qsiprep/qsiprep/sub-20461/ses-1/dwi/sub-20461_ses-1_acq-multiband_dir-AP_space-ACPC_desc-preproc_dwi.nii.gz	0.0138115393183337	0.0003161809581797	9.40086174523458e-05	0.0003302501863799	0.0003206090768799	0.0003309353778604	8.684296335559338e-05	0.0003262391546741	0.0003276884090155	sub-20461	ses-1		dir-AP	acq-multiband	space-ACPC			DSIStudio	autotrackgqi
Cerebellum_CerebellumL	rtpp	TORTOISE_model-MAPMRI	/scratch/grmpy/SLURM_11194840_88/job-11194840-88-sub-20461/ds/inputs/data/qsiprep/qsiprep/sub-20461/ses-1/dwi/sub-20461_ses-1_acq-multiband_dir-AP_space-ACPC_desc-preproc_dwi.nii.gz	0.0130318556471374	0.0535852871835231	0.0084051499143242	0.0552114769816398	0.0542928241193294	0.0552673116326332	0.0057589239440858	0.0546841323375701	0.0549223683774471	sub-20461	ses-1		dir-AP	acq-multiband	space-ACPC			DSIStudio	autotrackgqi
Cerebellum_SuperiorCerebellarPeduncle	ad	TORTOISE_model-MAPMRI	/scratch/grmpy/SLURM_11194840_88/job-11194840-88-sub-20461/ds/inputs/data/qsiprep/qsiprep/sub-20461/ses-1/dwi/sub-20461_ses-1_acq-multiband_dir-AP_space-ACPC_desc-preproc_dwi.nii.gz	0.0	1385.7282132241717	709.4836266995814	1158.1072516192485	1385.7282132241717	1158.1072516192485	709.4836266995814	1553.150301088166	1553.150434353704	sub-20461	ses-1		dir-AP	acq-multiband	space-ACPC			DSIStudio	autotrackgqi
Cerebellum_SuperiorCerebellarPeduncle	am	TORTOISE_model-MAPMRI	/scratch/grmpy/SLURM_11194840_88/job-11194840-88-sub-20461/ds/inputs/data/qsiprep/qsiprep/sub-20461/ses-1/dwi/sub-20461_ses-1_acq-multiband_dir-AP_space-ACPC_desc-preproc_dwi.nii.gz	0.0	6786.50341796875	2132.345947265625	6466.38232421875	6786.50341796875	6466.38232421875	2132.345947265625	7285.00048828125	7285.0009765625	sub-20461	ses-1		dir-AP	acq-multiband	space-ACPC			DSIStudio	autotrackgqi
Cerebellum_SuperiorCerebellarPeduncle	fa	TORTOISE_model-MAPMRI	/scratch/grmpy/SLURM_11194840_88/job-11194840-88-sub-20461/ds/inputs/data/qsiprep/qsiprep/sub-20461/ses-1/dwi/sub-20461_ses-1_acq-multiband_dir-AP_space-ACPC_desc-preproc_dwi.nii.gz	0.0	0.3221089650119739	0.1569342630990605	0.2957455487576485	0.3221089650119739	0.2957455487576485	0.1569342630990605	0.3951735687664358	0.3951736027610282	sub-20461	ses-1		dir-AP	acq-multiband	space-ACPC			DSIStudio	autotrackgqi
Cerebellum_SuperiorCerebellarPeduncle	li	TORTOISE_model-MAPMRI	/scratch/grmpy/SLURM_11194840_88/job-11194840-88-sub-20461/ds/inputs/data/qsiprep/qsiprep/sub-20461/ses-1/dwi/sub-20461_ses-1_acq-multiband_dir-AP_space-ACPC_desc-preproc_dwi.nii.gz	0.0	0.1786756962537765	0.1081150919198989	0.1561557352542877	0.1786756962537765	0.1561557352542877	0.1081150919198989	0.2324270904064178	0.2324270904064178	sub-20461	ses-1		dir-AP	acq-multiband	space-ACPC			DSIStudio	autotrackgqi
Cerebellum_SuperiorCerebellarPeduncle	ng	TORTOISE_model-MAPMRI	/scratch/grmpy/SLURM_11194840_88/job-11194840-88-sub-20461/ds/inputs/data/qsiprep/qsiprep/sub-20461/ses-1/dwi/sub-20461_ses-1_acq-multiband_dir-AP_space-ACPC_desc-preproc_dwi.nii.gz	0.0	0.3390753865242004	0.0628962591290474	0.345354825258255	0.3390753865242004	0.345354825258255	0.0628962591290474	0.3451633155345917	0.345163345336914	sub-20461	ses-1		dir-AP	acq-multiband	space-ACPC			DSIStudio	autotrackgqi
Cerebellum_SuperiorCerebellarPeduncle	ngpar	TORTOISE_model-MAPMRI	/scratch/grmpy/SLURM_11194840_88/job-11194840-88-sub-20461/ds/inputs/data/qsiprep/qsiprep/sub-20461/ses-1/dwi/sub-20461_ses-1_acq-multiband_dir-AP_space-ACPC_desc-preproc_dwi.nii.gz	0.0	0.1731587201356887	0.0393467731773853	0.1739547699689865	0.1731587201356887	0.1739547699689865	0.0393467731773853	0.161648079752922	0.1616480946540832	sub-20461	ses-1		dir-AP	acq-multiband	space-ACPC			DSIStudio	autotrackgqi
Cerebellum_SuperiorCerebellarPeduncle	ngperp	TORTOISE_model-MAPMRI	/scratch/grmpy/SLURM_11194840_88/job-11194840-88-sub-20461/ds/inputs/data/qsiprep/qsiprep/sub-20461/ses-1/dwi/sub-20461_ses-1_acq-multiband_dir-AP_space-ACPC_desc-preproc_dwi.nii.gz	0.0	0.2790393531322479	0.0555748455226421	0.2857857346534729	0.2790393531322479	0.2857857346534729	0.0555748455226421	0.2893545031547546	0.289354532957077	sub-20461	ses-1		dir-AP	acq-multiband	space-ACPC			DSIStudio	autotrackgqi
Cerebellum_SuperiorCerebellarPeduncle	pa	TORTOISE_model-MAPMRI	/scratch/grmpy/SLURM_11194840_88/job-11194840-88-sub-20461/ds/inputs/data/qsiprep/qsiprep/sub-20461/ses-1/dwi/sub-20461_ses-1_acq-multiband_dir-AP_space-ACPC_desc-preproc_dwi.nii.gz	0.0	0.6903445720672607	0.16132453083992	0.7056548595428467	0.6903445720672607	0.7056548595428467	0.16132453083992	0.7501566410064697	0.7501566410064697	sub-20461	ses-1		dir-AP	acq-multiband	space-ACPC			DSIStudio	autotrackgqi
Cerebellum_SuperiorCerebellarPeduncle	path	TORTOISE_model-MAPMRI	/scratch/grmpy/SLURM_11194840_88/job-11194840-88-sub-20461/ds/inputs/data/qsiprep/qsiprep/sub-20461/ses-1/dwi/sub-20461_ses-1_acq-multiband_dir-AP_space-ACPC_desc-preproc_dwi.nii.gz	0.0	0.259470134973526	0.081636905670166	0.2478334009647369	0.259470134973526	0.2478334009647369	0.081636905670166	0.3013296723365783	0.3013297021389007	sub-20461	ses-1		dir-AP	acq-multiband	space-ACPC			DSIStudio	autotrackgqi
Cerebellum_SuperiorCerebellarPeduncle	rd	TORTOISE_model-MAPMRI	/scratch/grmpy/SLURM_11194840_88/job-11194840-88-sub-20461/ds/inputs/data/qsiprep/qsiprep/sub-20461/ses-1/dwi/sub-20461_ses-1_acq-multiband_dir-AP_space-ACPC_desc-preproc_dwi.nii.gz	0.0	873.9758589732978	612.6052243422627	668.8719564559212	873.9758589732978	668.8719564559212	612.6052243422627	854.8676810200537	854.8677543178944	sub-20461	ses-1		dir-AP	acq-multiband	space-ACPC			DSIStudio	autotrackgqi
Cerebellum_SuperiorCerebellarPeduncle	rtap	TORTOISE_model-MAPMRI	/scratch/grmpy/SLURM_11194840_88/job-11194840-88-sub-20461/ds/inputs/data/qsiprep/qsiprep/sub-20461/ses-1/dwi/sub-20461_ses-1_acq-multiband_dir-AP_space-ACPC_desc-preproc_dwi.nii.gz	0.0	0.0121875740587711	0.0053853737190365	0.0122925182804465	0.0121875740587711	0.0122925182804465	0.0053853737190365	0.0136807737872004	0.013680774718523	sub-20461	ses-1		dir-AP	acq-multiband	space-ACPC			DSIStudio	autotrackgqi
Cerebellum_SuperiorCerebellarPeduncle	rtop	TORTOISE_model-MAPMRI	/scratch/grmpy/SLURM_11194840_88/job-11194840-88-sub-20461/ds/inputs/data/qsiprep/qsiprep/sub-20461/ses-1/dwi/sub-20461_ses-1_acq-multiband_dir-AP_space-ACPC_desc-preproc_dwi.nii.gz	0.0	0.000270192802418	0.000115878174256	0.0002910298353526	0.000270192802418	0.0002910298353526	0.000115878174256	0.0002731020213104	0.0002731020213104	sub-20461	ses-1		dir-AP	acq-multiband	space-ACPC			DSIStudio	autotrackgqi
Cerebellum_SuperiorCerebellarPeduncle	rtpp	TORTOISE_model-MAPMRI	/scratch/grmpy/SLURM_11194840_88/job-11194840-88-sub-20461/ds/inputs/data/qsiprep/qsiprep/sub-20461/ses-1/dwi/sub-20461_ses-1_acq-multiband_dir-AP_space-ACPC_desc-preproc_dwi.nii.gz	0.0	0.0466667041182518	0.0093166679143905	0.0485772974789142	0.0466667041182518	0.0485772974789142	0.0093166679143905	0.0431549958884716	0.0431549996137619	sub-20461	ses-1		dir-AP	acq-multiband	space-ACPC			DSIStudio	autotrackgqi
CranialNerve_CNVIIL	ad	TORTOISE_model-MAPMRI	/scratch/grmpy/SLURM_11194840_88/job-11194840-88-sub-20461/ds/inputs/data/qsiprep/qsiprep/sub-20461/ses-1/dwi/sub-20461_ses-1_acq-multiband_dir-AP_space-ACPC_desc-preproc_dwi.nii.gz	0.007396449704142	1477.299323952214	730.7789961426087	1200.16776342182	1488.3075156359118	1204.2910291537878	722.2421928457284	1459.5887758281483	1469.883873046423	sub-20461	ses-1		dir-AP	acq-multiband	space-ACPC			DSIStudio	autotrackgqi
CranialNerve_CNVIIL	am	TORTOISE_model-MAPMRI	/scratch/grmpy/SLURM_11194840_88/job-11194840-88-sub-20461/ds/inputs/data/qsiprep/qsiprep/sub-20461/ses-1/dwi/sub-20461_ses-1_acq-multiband_dir-AP_space-ACPC_desc-preproc_dwi.nii.gz	0.007396449704142	6584.0771484375	1968.4068603515625	6275.05224609375	6633.138671875	6301.3515625	1891.5771484375	6426.41650390625	6471.744140625	sub-20461	ses-1		dir-AP	acq-multiband	space-ACPC			DSIStudio	autotrackgqi
CranialNerve_CNVIIL	fa	TORTOISE_model-MAPMRI	/scratch/grmpy/SLURM_11194840_88/job-11194840-88-sub-20461/ds/inputs/data/qsiprep/qsiprep/sub-20461/ses-1/dwi/sub-20461_ses-1_acq-multiband_dir-AP_space-ACPC_desc-preproc_dwi.nii.gz	0.007396449704142	0.315904458977694	0.1688701403786164	0.2886098562864608	0.3182584415334146	0.2911209284512809	0.1672735684214511	0.3398171732356314	0.3422140478759578	sub-20461	ses-1		dir-AP	acq-multiband	space-ACPC			DSIStudio	autotrackgqi
CranialNerve_CNVIIL	li	TORTOISE_model-MAPMRI	/scratch/grmpy/SLURM_11194840_88/job-11194840-88-sub-20461/ds/inputs/data/qsiprep/qsiprep/sub-20461/ses-1/dwi/sub-20461_ses-1_acq-multiband_dir-AP_space-ACPC_desc-preproc_dwi.nii.gz	0.007396449704142	0.1736954450607299	0.1187792867422103	0.1435081660747528	0.1749897450208664	0.1441604644060135	0.1182673200964927	0.1874362975358963	0.188758373260498	sub-20461	ses-1		dir-AP	acq-multiband	space-ACPC			DSIStudio	autotrackgqi
CranialNerve_CNVIIL	ng	TORTOISE_model-MAPMRI	/scratch/grmpy/SLURM_11194840_88/job-11194840-88-sub-20461/ds/inputs/data/qsiprep/qsiprep/sub-20461/ses-1/dwi/sub-20461_ses-1_acq-multiband_dir-AP_space-ACPC_desc-preproc_dwi.nii.gz	0.007396449704142	0.3745145201683044	0.0826982110738754	0.3668189644813537	0.3773052394390106	0.3675670921802521	0.0764002725481987	0.3700212240219116	0.372631162405014	sub-20461	ses-1		dir-AP	acq-multiband	space-ACPC			DSIStudio	autotrackgqi
CranialNerve_CNVIIL	ngpar	TORTOISE_model-MAPMRI	/scratch/grmpy/SLURM_11194840_88/job-11194840-88-sub-20461/ds/inputs/data/qsiprep/qsiprep/sub-20461/ses-1/dwi/sub-20461_ses-1_acq-multiband_dir-AP_space-ACPC_desc-preproc_dwi.nii.gz	0.007396449704142	0.1929419636726379	0.0511431023478508	0.1894020736217498	0.1943796873092651	0.1898158639669418	0.0485349781811237	0.1935890913009643	0.1949545592069625	sub-20461	ses-1		dir-AP	acq-multiband	space-ACPC			DSIStudio	autotrackgqi
CranialNerve_CNVIIL	ngperp	TORTOISE_model-MAPMRI	/scratch/grmpy/SLURM_11194840_88/job-11194840-88-sub-20461/ds/inputs/data/qsiprep/qsiprep/sub-20461/ses-1/dwi/sub-20461_ses-1_acq-multiband_dir-AP_space-ACPC_desc-preproc_dwi.nii.gz	0.007396449704142	0.2994396388530731	0.0643117576837539	0.3042228817939758	0.3016709387302398	0.3047171533107757	0.0591075755655765	0.293527603149414	0.2955979704856872	sub-20461	ses-1		dir-AP	acq-multiband	space-ACPC			DSIStudio	autotrackgqi
CranialNerve_CNVIIL	pa	TORTOISE_model-MAPMRI	/scratch/grmpy/SLURM_11194840_88/job-11194840-88-sub-20461/ds/inputs/data/qsiprep/qsiprep/sub-20461/ses-1/dwi/sub-20461_ses-1_acq-multiband_dir-AP_space-ACPC_desc-preproc_dwi.nii.gz	0.007396449704142	0.7147840857505798	0.158387690782547	0.730449914932251	0.7201103568077087	0.7330071330070496	0.1464175581932068	0.7214710116386414	0.7265598773956299	sub-20461	ses-1		dir-AP	acq-multiband	space-ACPC			DSIStudio	autotrackgqi
CranialNerve_CNVIIL	path	TORTOISE_model-MAPMRI	/scratch/grmpy/SLURM_11194840_88/job-11194840-88-sub-20461/ds/inputs/data/qsiprep/qsiprep/sub-20461/ses-1/dwi/sub-20461_ses-1_acq-multiband_dir-AP_space-ACPC_desc-preproc_dwi.nii.gz	0.007396449704142	0.2696566879749298	0.0799816697835922	0.2587636411190033	0.2716660499572754	0.2599380910396576	0.0768040418624877	0.2711610198020935	0.2730736136436462	sub-20461	ses-1		dir-AP	acq-multiband	space-ACPC			DSIStudio	autotrackgqi
CranialNerve_CNVIIL	rd	TORTOISE_model-MAPMRI	/scratch/grmpy/SLURM_11194840_88/job-11194840-88-sub-20461/ds/inputs/data/qsiprep/qsiprep/sub-20461/ses-1/dwi/sub-20461_ses-1_acq-multiband_dir-AP_space-ACPC_desc-preproc_dwi.nii.gz	0.007396449704142	959.6375620768188	641.2434830053268	671.498293393197	966.7883635826072	673.9124706747491	638.2350081522566	899.0232688292772	905.36445998851	sub-20461	ses-1		dir-AP	acq-multiband	space-ACPC			DSIStudio	autotrackgqi
CranialNerve_CNVIIL	rtap	TORTOISE_model-MAPMRI	/scratch/grmpy/SLURM_11194840_88/job-11194840-88-sub-20461/ds/inputs/data/qsiprep/qsiprep/sub-20461/ses-1/dwi/sub-20461_ses-1_acq-multiband_dir-AP_space-ACPC_desc-preproc_dwi.nii.gz	0.007396449704142	0.0118729574605822	0.0062380135059356	0.0122314970940351	0.0119614293798804	0.0122687695547938	0.006176124792546	0.0118633136153221	0.0119469910860061	sub-20461	ses-1		dir-AP	acq-multiband	space-ACPC			DSIStudio	autotrackgqi
CranialNerve_CNVIIL	rtop	TORTOISE_model-MAPMRI	/scratch/grmpy/SLURM_11194840_88/job-11194840-88-sub-20461/ds/inputs/data/qsiprep/qsiprep/sub-20461/ses-1/dwi/sub-20461_ses-1_acq-multiband_dir-AP_space-ACPC_desc-preproc_dwi.nii.gz	0.007396449704142	0.0002679218596313	0.00015561717737	0.0002981849829666	0.0002699182950891	0.0002988470951095	0.0001544612605357	0.0002618744038045	0.0002637215075083	sub-20461	ses-1		dir-AP	acq-multiband	space-ACPC			DSIStudio	autotrackgqi
CranialNerve_CNVIIL	rtpp	TORTOISE_model-MAPMRI	/scratch/grmpy/SLURM_11194840_88/job-11194840-88-sub-20461/ds/inputs/data/qsiprep/qsiprep/sub-20461/ses-1/dwi/sub-20461_ses-1_acq-multiband_dir-AP_space-ACPC_desc-preproc_dwi.nii.gz	0.007396449704142	0.0451594591140747	0.0115954466164112	0.047220405191183	0.045495968312025	0.0473990105092525	0.0109611358493566	0.0447692573070526	0.0450850315392017	sub-20461	ses-1		dir-AP	acq-multiband	space-ACPC			DSIStudio	autotrackgqi
CranialNerve_CNVIIR	ad	TORTOISE_model-MAPMRI	/scratch/grmpy/SLURM_11194840_88/job-11194840-88-sub-20461/ds/inputs/data/qsiprep/qsiprep/sub-20461/ses-1/dwi/sub-20461_ses-1_acq-multiband_dir-AP_space-ACPC_desc-preproc_dwi.nii.gz	0.0	1357.1265281805254	488.7908882080977	1214.076438689614	1357.1265281805254	1214.076438689614	488.7908882080977	1491.916896322518	1491.916896322518	sub-20461	ses-1		dir-AP	acq-multiband	space-ACPC			DSIStudio	autotrackgqi
CranialNerve_CNVIIR	am	TORTOISE_model-MAPMRI	/scratch/grmpy/SLURM_11194840_88/job-11194840-88-sub-20461/ds/inputs/data/qsiprep/qsiprep/sub-20461/ses-1/dwi/sub-20461_ses-1_acq-multiband_dir-AP_space-ACPC_desc-preproc_dwi.nii.gz	0.0	6963.4443359375	1490.3714599609375	6630.205078125	6963.4443359375	6630.205078125	1490.3714599609375	7023.9873046875	7023.9873046875	sub-20461	ses-1		dir-AP	acq-multiband	space-ACPC			DSIStudio	autotrackgqi
CranialNerve_CNVIIR	fa	TORTOISE_model-MAPMRI	/scratch/grmpy/SLURM_11194840_88/job-11194840-88-sub-20461/ds/inputs/data/qsiprep/qsiprep/sub-20461/ses-1/dwi/sub-20461_ses-1_acq-multiband_dir-AP_space-ACPC_desc-preproc_dwi.nii.gz	0.0	0.4123675016447551	0.2099190961057238	0.4094289599745625	0.4123675016447551	0.4094289599745625	0.2099190961057238	0.4802190599485585	0.4802190599485585	sub-20461	ses-1		dir-AP	acq-multiband	space-ACPC			DSIStudio	autotrackgqi
CranialNerve_CNVIIR	li	TORTOISE_model-MAPMRI	/scratch/grmpy/SLURM_11194840_88/job-11194840-88-sub-20461/ds/inputs/data/qsiprep/qsiprep/sub-20461/ses-1/dwi/sub-20461_ses-1_acq-multiband_dir-AP_space-ACPC_desc-preproc_dwi.nii.gz	0.0	0.2678880989551544	0.1697923243045807	0.2476257383823394	0.2678880989551544	0.2476257383823394	0.1697923243045807	0.3209019601345062	0.3209019601345062	sub-20461	ses-1		dir-AP	acq-multiband	space-ACPC			DSIStudio	autotrackgqi
CranialNerve_CNVIIR	ng	TORTOISE_model-MAPMRI	/scratch/grmpy/SLURM_11194840_88/job-11194840-88-sub-20461/ds/inputs/data/qsiprep/qsiprep/sub-20461/ses-1/dwi/sub-20461_ses-1_acq-multiband_dir-AP_space-ACPC_desc-preproc_dwi.nii.gz	0.0	0.3738877773284912	0.0786118060350418	0.3755764365196228	0.3738877773284912	0.3755764365196228	0.0786118060350418	0.3821896612644195	0.3821896612644195	sub-20461	ses-1		dir-AP	acq-multiband	space-ACPC			DSIStudio	autotrackgqi
CranialNerve_CNVIIR	ngpar	TORTOISE_model-MAPMRI	/scratch/grmpy/SLURM_11194840_88/job-11194840-88-sub-20461/ds/inputs/data/qsiprep/qsiprep/sub-20461/ses-1/dwi/sub-20461_ses-1_acq-multiband_dir-AP_space-ACPC_desc-preproc_dwi.nii.gz	0.0	0.1661838442087173	0.0559219494462013	0.1621567010879516	0.1661838442087173	0.1621567010879516	0.0559219494462013	0.1441658437252044	0.1441658437252044	sub-20461	ses-1		dir-AP	acq-multiband	space-ACPC			DSIStudio	autotrackgqi
CranialNerve_CNVIIR	ngperp	TORTOISE_model-MAPMRI	/scratch/grmpy/SLURM_11194840_88/job-11194840-88-sub-20461/ds/inputs/data/qsiprep/qsiprep/sub-20461/ses-1/dwi/sub-20461_ses-1_acq-multiband_dir-AP_space-ACPC_desc-preproc_dwi.nii.gz	0.0	0.3170650005340576	0.0699403882026672	0.3231906294822693	0.3170650005340576	0.3231906294822693	0.0699403882026672	0.3324910402297973	0.3324910402297973	sub-20461	ses-1		dir-AP	acq-multiband	space-ACPC			DSIStudio	autotrackgqi
CranialNerve_CNVIIR	pa	TORTOISE_model-MAPMRI	/scratch/grmpy/SLURM_11194840_88/job-11194840-88-sub-20461/ds/inputs/data/qsiprep/qsiprep/sub-20461/ses-1/dwi/sub-20461_ses-1_acq-multiband_dir-AP_space-ACPC_desc-preproc_dwi.nii.gz	0.0	0.7803980708122253	0.1785491406917572	0.8447754383087158	0.7803980708122253	0.8447754383087158	0.1785491406917572	0.8442036509513855	0.8442036509513855	sub-20461	ses-1		dir-AP	acq-multiband	space-ACPC			DSIStudio	autotrackgqi
CranialNerve_CNVIIR	path	TORTOISE_model-MAPMRI	/scratch/grmpy/SLURM_11194840_88/job-11194840-88-sub-20461/ds/inputs/data/qsiprep/qsiprep/sub-20461/ses-1/dwi/sub-20461_ses-1_acq-multiband_dir-AP_space-ACPC_desc-preproc_dwi.nii.gz	0.0	0.3235505521297455	0.1120274141430854	0.3245584368705749	0.3235505521297455	0.3245584368705749	0.1120274141430854	0.363681435585022	0.363681435585022	sub-20461	ses-1		dir-AP	acq-multiband	space-ACPC			DSIStudio	autotrackgqi
CranialNerve_CNVIIR	rd	TORTOISE_model-MAPMRI	/scratch/grmpy/SLURM_11194840_88/job-11194840-88-sub-20461/ds/inputs/data/qsiprep/qsiprep/sub-20461/ses-1/dwi/sub-20461_ses-1_acq-multiband_dir-AP_space-ACPC_desc-preproc_dwi.nii.gz	0.0	712.453048873906	424.1636589992637	582.460982557459	712.453048873906	582.460982557459	424.1636589992637	670.4919750511401	670.4919750511401	sub-20461	ses-1		dir-AP	acq-multiband	space-ACPC			DSIStudio	autotrackgqi
CranialNerve_CNVIIR	rtap	TORTOISE_model-MAPMRI	/scratch/grmpy/SLURM_11194840_88/job-11194840-88-sub-20461/ds/inputs/data/qsiprep/qsiprep/sub-20461/ses-1/dwi/sub-20461_ses-1_acq-multiband_dir-AP_space-ACPC_desc-preproc_dwi.nii.gz	0.0	0.0161789935082197	0.0076738777570426	0.0150199569761753	0.0161789935082197	0.0150199569761753	0.0076738777570426	0.0173678398132324	0.0173678398132324	sub-20461	ses-1		dir-AP	acq-multiband	space-ACPC			DSIStudio	autotrackgqi
CranialNerve_CNVIIR	rtop	TORTOISE_model-MAPMRI	/scratch/grmpy/SLURM_11194840_88/job-11194840-88-sub-20461/ds/inputs/data/qsiprep/qsiprep/sub-20461/ses-1/dwi/sub-20461_ses-1_acq-multiband_dir-AP_space-ACPC_desc-preproc_dwi.nii.gz	0.0	0.0003383697767276	0.0001394972350681	0.0003450528020039	0.0003383697767276	0.0003450528020039	0.0001394972350681	0.0003359480760991	0.0003359480760991	sub-20461	ses-1		dir-AP	acq-multiband	space-ACPC			DSIStudio	autotrackgqi
CranialNerve_CNVIIR	rtpp	TORTOISE_model-MAPMRI	/scratch/grmpy/SLURM_11194840_88/job-11194840-88-sub-20461/ds/inputs/data/qsiprep/qsiprep/sub-20461/ses-1/dwi/sub-20461_ses-1_acq-multiband_dir-AP_space-ACPC_desc-preproc_dwi.nii.gz	0.0	0.0464001335203647	0.0085353208705782	0.0474057123064994	0.0464001335203647	0.0474057123064994	0.0085353208705782	0.0436073541641235	0.0436073541641235	sub-20461	ses-1		dir-AP	acq-multiband	space-ACPC			DSIStudio	autotrackgqi
CranialNerve_CNVIIIL	ad	TORTOISE_model-MAPMRI	/scratch/grmpy/SLURM_11194840_88/job-11194840-88-sub-20461/ds/inputs/data/qsiprep/qsiprep/sub-20461/ses-1/dwi/sub-20461_ses-1_acq-multiband_dir-AP_space-ACPC_desc-preproc_dwi.nii.gz	0.002927400468384	1250.290479688963	600.0390483277554	1064.8270075274904	1253.961326663975	1065.7595239508214	597.0769257503626	1359.7154423450404	1361.170058375063	sub-20461	ses-1		dir-AP	acq-multiband	space-ACPC			DSIStudio	autotrackgqi
CranialNerve_CNVIIIL	am	TORTOISE_model-MAPMRI	/scratch/grmpy/SLURM_11194840_88/job-11194840-88-sub-20461/ds/inputs/data/qsiprep/qsiprep/sub-20461/ses-1/dwi/sub-20461_ses-1_acq-multiband_dir-AP_space-ACPC_desc-preproc_dwi.nii.gz	0.002927400468384	6550.1142578125	1631.262939453125	6289.9970703125	6569.34521484375	6292.91943359375	1594.5205078125	6219.046875	6225.70068359375	sub-20461	ses-1		dir-AP	acq-multiband	space-ACPC			DSIStudio	autotrackgqi
CranialNerve_CNVIIIL	fa	TORTOISE_model-MAPMRI	/scratch/grmpy/SLURM_11194840_88/job-11194840-88-sub-20461/ds/inputs/data/qsiprep/qsiprep/sub-20461/ses-1/dwi/sub-20461_ses-1_acq-multiband_dir-AP_space-ACPC_desc-preproc_dwi.nii.gz	0.002927400468384	0.3283120637725112	0.1604151214677809	0.3015203000800424	0.3292759864494711	0.3019945224536386	0.15965953339902	0.3869246130190245	0.3873385432240417	sub-20461	ses-1		dir-AP	acq-multiband	space-ACPC			DSIStudio	autotrackgqi
CranialNerve_CNVIIIL	li	TORTOISE_model-MAPMRI	/scratch/grmpy/SLURM_11194840_88/job-11194840-88-sub-20461/ds/inputs/data/qsiprep/qsiprep/sub-20461/ses-1/dwi/sub-20461_ses-1_acq-multiband_dir-AP_space-ACPC_desc-preproc_dwi.nii.gz	0.002927400468384	0.1862810850143432	0.1188486963510513	0.1576208472251892	0.186828002333641	0.1587066799402237	0.1185930147767067	0.2252605855464935	0.2255015671253204	sub-20461	ses-1		dir-AP	acq-multiband	space-ACPC			DSIStudio	autotrackgqi
CranialNerve_CNVIIIL	ng	TORTOISE_model-MAPMRI	/scratch/grmpy/SLURM_11194840_88/job-11194840-88-sub-20461/ds/inputs/data/qsiprep/qsiprep/sub-20461/ses-1/dwi/sub-20461_ses-1_acq-multiband_dir-AP_space-ACPC_desc-preproc_dwi.nii.gz	0.002927400468384	0.3467121422290802	0.0697457417845726	0.3478944897651672	0.3477300703525543	0.3484673202037811	0.0672664865851402	0.3650282621383667	0.365418791770935	sub-20461	ses-1		dir-AP	acq-multiband	space-ACPC			DSIStudio	autotrackgqi
CranialNerve_CNVIIIL	ngpar	TORTOISE_model-MAPMRI	/scratch/grmpy/SLURM_11194840_88/job-11194840-88-sub-20461/ds/inputs/data/qsiprep/qsiprep/sub-20461/ses-1/dwi/sub-20461_ses-1_acq-multiband_dir-AP_space-ACPC_desc-preproc_dwi.nii.gz	0.002927400468384	0.1768202483654022	0.0420460253953933	0.1725330948829651	0.1773393899202346	0.1727807074785232	0.0409999303519725	0.1781599223613739	0.1783505380153656	sub-20461	ses-1		dir-AP	acq-multiband	space-ACPC			DSIStudio	autotrackgqi
CranialNerve_CNVIIIL	ngperp	TORTOISE_model-MAPMRI	/scratch/grmpy/SLURM_11194840_88/job-11194840-88-sub-20461/ds/inputs/data/qsiprep/qsiprep/sub-20461/ses-1/dwi/sub-20461_ses-1_acq-multiband_dir-AP_space-ACPC_desc-preproc_dwi.nii.gz	0.002927400468384	0.281038373708725	0.0587649568915367	0.2850954532623291	0.2818635106086731	0.2852325141429901	0.0568408817052841	0.2969245910644531	0.2972422242164612	sub-20461	ses-1		dir-AP	acq-multiband	space-ACPC			DSIStudio	autotrackgqi
CranialNerve_CNVIIIL	pa	TORTOISE_model-MAPMRI	/scratch/grmpy/SLURM_11194840_88/job-11194840-88-sub-20461/ds/inputs/data/qsiprep/qsiprep/sub-20461/ses-1/dwi/sub-20461_ses-1_acq-multiband_dir-AP_space-ACPC_desc-preproc_dwi.nii.gz	0.002927400468384	0.6944048404693604	0.1669178456068039	0.7026206254959106	0.6964436173439026	0.7032381296157837	0.1628603041172027	0.7677888870239258	0.7686102390289307	sub-20461	ses-1		dir-AP	acq-multiband	space-ACPC			DSIStudio	autotrackgqi
CranialNerve_CNVIIIL	path	TORTOISE_model-MAPMRI	/scratch/grmpy/SLURM_11194840_88/job-11194840-88-sub-20461/ds/inputs/data/qsiprep/qsiprep/sub-20461/ses-1/dwi/sub-20461_ses-1_acq-multiband_dir-AP_space-ACPC_desc-preproc_dwi.nii.gz	0.002927400468384	0.2625854015350342	0.0833068788051605	0.246548593044281	0.2633563280105591	0.2468091994524002	0.0822032615542411	0.296422392129898	0.2967395186424255	sub-20461	ses-1		dir-AP	acq-multiband	space-ACPC			DSIStudio	autotrackgqi
CranialNerve_CNVIIIL	rd	TORTOISE_model-MAPMRI	/scratch/grmpy/SLURM_11194840_88/job-11194840-88-sub-20461/ds/inputs/data/qsiprep/qsiprep/sub-20461/ses-1/dwi/sub-20461_ses-1_acq-multiband_dir-AP_space-ACPC_desc-preproc_dwi.nii.gz	0.002927400468384	779.9891766285141	528.6464547318923	610.5071422904905	782.2792211870242	610.899425879109	527.7273290664609	777.0814298517946	777.9127471296619	sub-20461	ses-1		dir-AP	acq-multiband	space-ACPC			DSIStudio	autotrackgqi
CranialNerve_CNVIIIL	rtap	TORTOISE_model-MAPMRI	/scratch/grmpy/SLURM_11194840_88/job-11194840-88-sub-20461/ds/inputs/data/qsiprep/qsiprep/sub-20461/ses-1/dwi/sub-20461_ses-1_acq-multiband_dir-AP_space-ACPC_desc-preproc_dwi.nii.gz	0.002927400468384	0.0133952749893069	0.0053349118679761	0.0132012050598859	0.0134346028789877	0.0132107585668563	0.0052930596284568	0.0141991022974252	0.0142142921686172	sub-20461	ses-1		dir-AP	acq-multiband	space-ACPC			DSIStudio	autotrackgqi
CranialNerve_CNVIIIL	rtop	TORTOISE_model-MAPMRI	/scratch/grmpy/SLURM_11194840_88/job-11194840-88-sub-20461/ds/inputs/data/qsiprep/qsiprep/sub-20461/ses-1/dwi/sub-20461_ses-1_acq-multiband_dir-AP_space-ACPC_desc-preproc_dwi.nii.gz	0.002927400468384	0.0003068515507038	0.000118951415061	0.0003260009398218	0.0003077524597756	0.0003262811515014	0.0001179564496851	0.0003125125076621	0.0003128467942588	sub-20461	ses-1		dir-AP	acq-multiband	space-ACPC			DSIStudio	autotrackgqi
CranialNerve_CNVIIIL	rtpp	TORTOISE_model-MAPMRI	/scratch/grmpy/SLURM_11194840_88/job-11194840-88-sub-20461/ds/inputs/data/qsiprep/qsiprep/sub-20461/ses-1/dwi/sub-20461_ses-1_acq-multiband_dir-AP_space-ACPC_desc-preproc_dwi.nii.gz	0.002927400468384	0.0490181595087051	0.0092780413106083	0.0511155202984809	0.0491620749235153	0.0511427260935306	0.0089027825742959	0.0467606484889984	0.0468106716871261	sub-20461	ses-1		dir-AP	acq-multiband	space-ACPC			DSIStudio	autotrackgqi
CranialNerve_CNIIR	ad	TORTOISE_model-MAPMRI	/scratch/grmpy/SLURM_11194840_88/job-11194840-88-sub-20461/ds/inputs/data/qsiprep/qsiprep/sub-20461/ses-1/dwi/sub-20461_ses-1_acq-multiband_dir-AP_space-ACPC_desc-preproc_dwi.nii.gz	0.0	1640.4495390269117	926.6427550144348	1339.8896327002744	1640.4495390269117	1339.8896327002744	926.6427550144348	1671.6017546237904	1671.6017546237904	sub-20461	ses-1		dir-AP	acq-multiband	space-ACPC			DSIStudio	autotrackgqi
CranialNerve_CNIIR	am	TORTOISE_model-MAPMRI	/scratch/grmpy/SLURM_11194840_88/job-11194840-88-sub-20461/ds/inputs/data/qsiprep/qsiprep/sub-20461/ses-1/dwi/sub-20461_ses-1_acq-multiband_dir-AP_space-ACPC_desc-preproc_dwi.nii.gz	0.0	7165.17431640625	2225.14501953125	6777.35791015625	7165.17431640625	6777.35791015625	2225.14501953125	6626.1240234375	6626.1240234375	sub-20461	ses-1		dir-AP	acq-multiband	space-ACPC			DSIStudio	autotrackgqi
CranialNerve_CNIIR	fa	TORTOISE_model-MAPMRI	/scratch/grmpy/SLURM_11194840_88/job-11194840-88-sub-20461/ds/inputs/data/qsiprep/qsiprep/sub-20461/ses-1/dwi/sub-20461_ses-1_acq-multiband_dir-AP_space-ACPC_desc-preproc_dwi.nii.gz	0.0	0.2867896890781491	0.1653777100635598	0.2497821234799016	0.2867896890781491	0.2497821234799016	0.1653777100635598	0.3362234918840091	0.3362234918840091	sub-20461	ses-1		dir-AP	acq-multiband	space-ACPC			DSIStudio	autotrackgqi
CranialNerve_CNIIR	li	TORTOISE_model-MAPMRI	/scratch/grmpy/SLURM_11194840_88/job-11194840-88-sub-20461/ds/inputs/data/qsiprep/qsiprep/sub-20461/ses-1/dwi/sub-20461_ses-1_acq-multiband_dir-AP_space-ACPC_desc-preproc_dwi.nii.gz	0.0	0.1653261631727218	0.1188422515988349	0.131685122847557	0.1653261631727218	0.131685122847557	0.1188422515988349	0.2001998275518417	0.2001998275518417	sub-20461	ses-1		dir-AP	acq-multiband	space-ACPC			DSIStudio	autotrackgqi
CranialNerve_CNIIR	ng	TORTOISE_model-MAPMRI	/scratch/grmpy/SLURM_11194840_88/job-11194840-88-sub-20461/ds/inputs/data/qsiprep/qsiprep/sub-20461/ses-1/dwi/sub-20461_ses-1_acq-multiband_dir-AP_space-ACPC_desc-preproc_dwi.nii.gz	0.0	0.3050470054149627	0.0962783396244049	0.3019122183322906	0.3050470054149627	0.3019122183322906	0.0962783396244049	0.3188895285129547	0.3188895285129547	sub-20461	ses-1		dir-AP	acq-multiband	space-ACPC			DSIStudio	autotrackgqi
CranialNerve_CNIIR	ngpar	TORTOISE_model-MAPMRI	/scratch/grmpy/SLURM_11194840_88/job-11194840-88-sub-20461/ds/inputs/data/qsiprep/qsiprep/sub-20461/ses-1/dwi/sub-20461_ses-1_acq-multiband_dir-AP_space-ACPC_desc-preproc_dwi.nii.gz	0.0	0.1548498123884201	0.0517848283052444	0.1468527615070343	0.1548498123884201	0.1468527615070343	0.0517848283052444	0.152204692363739	0.152204692363739	sub-20461	ses-1		dir-AP	acq-multiband	space-ACPC			DSIStudio	autotrackgqi
CranialNerve_CNIIR	ngperp	TORTOISE_model-MAPMRI	/scratch/grmpy/SLURM_11194840_88/job-11194840-88-sub-20461/ds/inputs/data/qsiprep/qsiprep/sub-20461/ses-1/dwi/sub-20461_ses-1_acq-multiband_dir-AP_space-ACPC_desc-preproc_dwi.nii.gz	0.0	0.2540673911571502	0.0791246742010116	0.2585151493549347	0.2540673911571502	0.2585151493549347	0.0791246742010116	0.2681880593299866	0.2681880593299866	sub-20461	ses-1		dir-AP	acq-multiband	space-ACPC			DSIStudio	autotrackgqi
CranialNerve_CNIIR	pa	TORTOISE_model-MAPMRI	/scratch/grmpy/SLURM_11194840_88/job-11194840-88-sub-20461/ds/inputs/data/qsiprep/qsiprep/sub-20461/ses-1/dwi/sub-20461_ses-1_acq-multiband_dir-AP_space-ACPC_desc-preproc_dwi.nii.gz	0.0	0.6318082809448242	0.1973627209663391	0.638603925704956	0.6318082809448242	0.638603925704956	0.1973627209663391	0.6958112716674805	0.6958112716674805	sub-20461	ses-1		dir-AP	acq-multiband	space-ACPC			DSIStudio	autotrackgqi
CranialNerve_CNIIR	path	TORTOISE_model-MAPMRI	/scratch/grmpy/SLURM_11194840_88/job-11194840-88-sub-20461/ds/inputs/data/qsiprep/qsiprep/sub-20461/ses-1/dwi/sub-20461_ses-1_acq-multiband_dir-AP_space-ACPC_desc-preproc_dwi.nii.gz	0.0	0.2388714700937271	0.0900439992547035	0.2215974926948547	0.2388714700937271	0.2215974926948547	0.0900439992547035	0.2672143578529358	0.2672143578529358	sub-20461	ses-1		dir-AP	acq-multiband	space-ACPC			DSIStudio	autotrackgqi
CranialNerve_CNIIR	rd	TORTOISE_model-MAPMRI	/scratch/grmpy/SLURM_11194840_88/job-11194840-88-sub-20461/ds/inputs/data/qsiprep/qsiprep/sub-20461/ses-1/dwi/sub-20461_ses-1_acq-multiband_dir-AP_space-ACPC_desc-preproc_dwi.nii.gz	0.0	1115.8978438810227	826.4492743972705	777.6059543930555	1115.8978438810227	777.6059543930555	826.4492743972705	1050.2380383254904	1050.2380383254904	sub-20461	ses-1		dir-AP	acq-multiband	space-ACPC			DSIStudio	autotrackgqi
CranialNerve_CNIIR	rtap	TORTOISE_model-MAPMRI	/scratch/grmpy/SLURM_11194840_88/job-11194840-88-sub-20461/ds/inputs/data/qsiprep/qsiprep/sub-20461/ses-1/dwi/sub-20461_ses-1_acq-multiband_dir-AP_space-ACPC_desc-preproc_dwi.nii.gz	0.0	0.0096582742407917	0.0051354216411709	0.0093744415789842	0.0096582742407917	0.0093744415789842	0.0051354216411709	0.0105941779911518	0.0105941779911518	sub-20461	ses-1		dir-AP	acq-multiband	space-ACPC			DSIStudio	autotrackgqi
CranialNerve_CNIIR	rtop	TORTOISE_model-MAPMRI	/scratch/grmpy/SLURM_11194840_88/job-11194840-88-sub-20461/ds/inputs/data/qsiprep/qsiprep/sub-20461/ses-1/dwi/sub-20461_ses-1_acq-multiband_dir-AP_space-ACPC_desc-preproc_dwi.nii.gz	0.0	0.0001967169373529	0.0001083631577785	0.0002012657059822	0.0001967169373529	0.0002012657059822	0.0001083631577785	0.0002072670322377	0.0002072670322377	sub-20461	ses-1		dir-AP	acq-multiband	space-ACPC			DSIStudio	autotrackgqi
CranialNerve_CNIIR	rtpp	TORTOISE_model-MAPMRI	/scratch/grmpy/SLURM_11194840_88/job-11194840-88-sub-20461/ds/inputs/data/qsiprep/qsiprep/sub-20461/ses-1/dwi/sub-20461_ses-1_acq-multiband_dir-AP_space-ACPC_desc-preproc_dwi.nii.gz	0.0	0.0420959182083606	0.0098604140803217	0.0439880155026912	0.0420959182083606	0.0439880155026912	0.0098604140803217	0.0410433374345302	0.0410433374345302	sub-20461	ses-1		dir-AP	acq-multiband	space-ACPC			DSIStudio	autotrackgqi
CranialNerve_CNIIIL	ad	TORTOISE_model-MAPMRI	/scratch/grmpy/SLURM_11194840_88/job-11194840-88-sub-20461/ds/inputs/data/qsiprep/qsiprep/sub-20461/ses-1/dwi/sub-20461_ses-1_acq-multiband_dir-AP_space-ACPC_desc-preproc_dwi.nii.gz	0.0	1818.7195897848296	1189.983383772413	1322.8832052214257	1818.7195897848296	1322.8832052214257	1189.983383772413	1660.7775264469471	1660.7775264469471	sub-20461	ses-1		dir-AP	acq-multiband	space-ACPC			DSIStudio	autotrackgqi
CranialNerve_CNIIIL	am	TORTOISE_model-MAPMRI	/scratch/grmpy/SLURM_11194840_88/job-11194840-88-sub-20461/ds/inputs/data/qsiprep/qsiprep/sub-20461/ses-1/dwi/sub-20461_ses-1_acq-multiband_dir-AP_space-ACPC_desc-preproc_dwi.nii.gz	0.0	8146.9794921875	2235.013671875	7498.0498046875	8146.9794921875	7498.0498046875	2235.013671875	7990.42236328125	7990.42236328125	sub-20461	ses-1		dir-AP	acq-multiband	space-ACPC			DSIStudio	autotrackgqi
CranialNerve_CNIIIL	fa	TORTOISE_model-MAPMRI	/scratch/grmpy/SLURM_11194840_88/job-11194840-88-sub-20461/ds/inputs/data/qsiprep/qsiprep/sub-20461/ses-1/dwi/sub-20461_ses-1_acq-multiband_dir-AP_space-ACPC_desc-preproc_dwi.nii.gz	0.0	0.3045265822568158	0.1626044193798061	0.2633972220066982	0.3045265822568158	0.2633972220066982	0.1626044193798061	0.2992521167381317	0.2992521167381317	sub-20461	ses-1		dir-AP	acq-multiband	space-ACPC			DSIStudio	autotrackgqi
CranialNerve_CNIIIL	li	TORTOISE_model-MAPMRI	/scratch/grmpy/SLURM_11194840_88/job-11194840-88-sub-20461/ds/inputs/data/qsiprep/qsiprep/sub-20461/ses-1/dwi/sub-20461_ses-1_acq-multiband_dir-AP_space-ACPC_desc-preproc_dwi.nii.gz	0.0	0.1707394272089004	0.1167630702257156	0.1332626342773437	0.1707394272089004	0.1332626342773437	0.1167630702257156	0.1625561416149139	0.1625561416149139	sub-20461	ses-1		dir-AP	acq-multiband	space-ACPC			DSIStudio	autotrackgqi
CranialNerve_CNIIIL	ng	TORTOISE_model-MAPMRI	/scratch/grmpy/SLURM_11194840_88/job-11194840-88-sub-20461/ds/inputs/data/qsiprep/qsiprep/sub-20461/ses-1/dwi/sub-20461_ses-1_acq-multiband_dir-AP_space-ACPC_desc-preproc_dwi.nii.gz	0.0	0.336333155632019	0.0688767209649086	0.3343322873115539	0.336333155632019	0.3343322873115539	0.0688767209649086	0.3333275318145752	0.3333275318145752	sub-20461	ses-1		dir-AP	acq-multiband	space-ACPC			DSIStudio	autotrackgqi
CranialNerve_CNIIIL	ngpar	TORTOISE_model-MAPMRI	/scratch/grmpy/SLURM_11194840_88/job-11194840-88-sub-20461/ds/inputs/data/qsiprep/qsiprep/sub-20461/ses-1/dwi/sub-20461_ses-1_acq-multiband_dir-AP_space-ACPC_desc-preproc_dwi.nii.gz	0.0	0.1679221242666244	0.0379813089966774	0.1714315563440323	0.1679221242666244	0.1714315563440323	0.0379813089966774	0.168170541524887	0.168170541524887	sub-20461	ses-1		dir-AP	acq-multiband	space-ACPC			DSIStudio	autotrackgqi
CranialNerve_CNIIIL	ngperp	TORTOISE_model-MAPMRI	/scratch/grmpy/SLURM_11194840_88/job-11194840-88-sub-20461/ds/inputs/data/qsiprep/qsiprep/sub-20461/ses-1/dwi/sub-20461_ses-1_acq-multiband_dir-AP_space-ACPC_desc-preproc_dwi.nii.gz	0.0	0.2808797955513	0.0645170211791992	0.2868109941482544	0.2808797955513	0.2868109941482544	0.0645170211791992	0.2780909538269043	0.2780909538269043	sub-20461	ses-1		dir-AP	acq-multiband	space-ACPC			DSIStudio	autotrackgqi
CranialNerve_CNIIIL	pa	TORTOISE_model-MAPMRI	/scratch/grmpy/SLURM_11194840_88/job-11194840-88-sub-20461/ds/inputs/data/qsiprep/qsiprep/sub-20461/ses-1/dwi/sub-20461_ses-1_acq-multiband_dir-AP_space-ACPC_desc-preproc_dwi.nii.gz	0.0	0.6727831959724426	0.1648838371038437	0.6855172514915466	0.6727831959724426	0.6855172514915466	0.1648838371038437	0.6685869693756104	0.6685869693756104	sub-20461	ses-1		dir-AP	acq-multiband	space-ACPC			DSIStudio	autotrackgqi
CranialNerve_CNIIIL	path	TORTOISE_model-MAPMRI	/scratch/grmpy/SLURM_11194840_88/job-11194840-88-sub-20461/ds/inputs/data/qsiprep/qsiprep/sub-20461/ses-1/dwi/sub-20461_ses-1_acq-multiband_dir-AP_space-ACPC_desc-preproc_dwi.nii.gz	0.0	0.2534075379371643	0.0868001505732536	0.2395075857639312	0.2534075379371643	0.2395075857639312	0.0868001505732536	0.2467607408761978	0.2467607408761978	sub-20461	ses-1		dir-AP	acq-multiband	space-ACPC			DSIStudio	autotrackgqi
CranialNerve_CNIIIL	rd	TORTOISE_model-MAPMRI	/scratch/grmpy/SLURM_11194840_88/job-11194840-88-sub-20461/ds/inputs/data/qsiprep/qsiprep/sub-20461/ses-1/dwi/sub-20461_ses-1_acq-multiband_dir-AP_space-ACPC_desc-preproc_dwi.nii.gz	0.0	1199.096849717525	988.6074750967476	808.9882398293072	1199.096849717525	808.9882398293072	988.6074750967476	1092.725744158125	1092.725744158125	sub-20461	ses-1		dir-AP	acq-multiband	space-ACPC			DSIStudio	autotrackgqi
CranialNerve_CNIIIL	rtap	TORTOISE_model-MAPMRI	/scratch/grmpy/SLURM_11194840_88/job-11194840-88-sub-20461/ds/inputs/data/qsiprep/qsiprep/sub-20461/ses-1/dwi/sub-20461_ses-1_acq-multiband_dir-AP_space-ACPC_desc-preproc_dwi.nii.gz	0.0	0.0103785526007413	0.0066574341617524	0.0096005322411656	0.0103785526007413	0.0096005322411656	0.0066574341617524	0.0101358089596033	0.0101358089596033	sub-20461	ses-1		dir-AP	acq-multiband	space-ACPC			DSIStudio	autotrackgqi
CranialNerve_CNIIIL	rtop	TORTOISE_model-MAPMRI	/scratch/grmpy/SLURM_11194840_88/job-11194840-88-sub-20461/ds/inputs/data/qsiprep/qsiprep/sub-20461/ses-1/dwi/sub-20461_ses-1_acq-multiband_dir-AP_space-ACPC_desc-preproc_dwi.nii.gz	0.0	0.0002162884484278	0.0001350839011138	0.0002142154553439	0.0002162884484278	0.0002142154553439	0.0001350839011138	0.0002157990820705	0.0002157990820705	sub-20461	ses-1		dir-AP	acq-multiband	space-ACPC			DSIStudio	autotrackgqi
CranialNerve_CNIIIL	rtpp	TORTOISE_model-MAPMRI	/scratch/grmpy/SLURM_11194840_88/job-11194840-88-sub-20461/ds/inputs/data/qsiprep/qsiprep/sub-20461/ses-1/dwi/sub-20461_ses-1_acq-multiband_dir-AP_space-ACPC_desc-preproc_dwi.nii.gz	0.0	0.0415848866105079	0.0113228308036923	0.0446353144943714	0.0415848866105079	0.0446353144943714	0.0113228308036923	0.0430663228034973	0.0430663228034973	sub-20461	ses-1		dir-AP	acq-multiband	space-ACPC			DSIStudio	autotrackgqi
CranialNerve_CNVL	ad	TORTOISE_model-MAPMRI	/scratch/grmpy/SLURM_11194840_88/job-11194840-88-sub-20461/ds/inputs/data/qsiprep/qsiprep/sub-20461/ses-1/dwi/sub-20461_ses-1_acq-multiband_dir-AP_space-ACPC_desc-preproc_dwi.nii.gz	0.0014847809948032	1564.8313837898445	824.8512416273865	1260.5632054786747	1567.158270605889	1261.9524287236964	823.2525054499608	1609.889743501563	1610.2475450814454	sub-20461	ses-1		dir-AP	acq-multiband	space-ACPC			DSIStudio	autotrackgqi
CranialNerve_CNVL	am	TORTOISE_model-MAPMRI	/scratch/grmpy/SLURM_11194840_88/job-11194840-88-sub-20461/ds/inputs/data/qsiprep/qsiprep/sub-20461/ses-1/dwi/sub-20461_ses-1_acq-multiband_dir-AP_space-ACPC_desc-preproc_dwi.nii.gz	0.0	6595.9716796875	1978.46533203125	6260.11865234375	6595.9716796875	6260.11865234375	1978.46533203125	6486.6767578125	6486.6767578125	sub-20461	ses-1		dir-AP	acq-multiband	space-ACPC			DSIStudio	autotrackgqi
CranialNerve_CNVL	fa	TORTOISE_model-MAPMRI	/scratch/grmpy/SLURM_11194840_88/job-11194840-88-sub-20461/ds/inputs/data/qsiprep/qsiprep/sub-20461/ses-1/dwi/sub-20461_ses-1_acq-multiband_dir-AP_space-ACPC_desc-preproc_dwi.nii.gz	0.0014847809948032	0.3556829847135808	0.1763584988528215	0.3185430107958882	0.3562118813451252	0.3185997344490657	0.1759550216862537	0.3941841385400921	0.3942717463423478	sub-20461	ses-1		dir-AP	acq-multiband	space-ACPC			DSIStudio	autotrackgqi
CranialNerve_CNVL	li	TORTOISE_model-MAPMRI	/scratch/grmpy/SLURM_11194840_88/job-11194840-88-sub-20461/ds/inputs/data/qsiprep/qsiprep/sub-20461/ses-1/dwi/sub-20461_ses-1_acq-multiband_dir-AP_space-ACPC_desc-preproc_dwi.nii.gz	0.0014847809948032	0.1969645023345947	0.1230211183428764	0.1666569709777832	0.1972573846578598	0.1666901111602783	0.1228776797652244	0.2161253094673156	0.2161733508110046	sub-20461	ses-1		dir-AP	acq-multiband	space-ACPC			DSIStudio	autotrackgqi
CranialNerve_CNVL	ng	TORTOISE_model-MAPMRI	/scratch/grmpy/SLURM_11194840_88/job-11194840-88-sub-20461/ds/inputs/data/qsiprep/qsiprep/sub-20461/ses-1/dwi/sub-20461_ses-1_acq-multiband_dir-AP_space-ACPC_desc-preproc_dwi.nii.gz	0.0	0.3801706433296203	0.0780282467603683	0.3720926642417907	0.3801706433296203	0.3720926642417907	0.0780282467603683	0.3869302272796631	0.3869302272796631	sub-20461	ses-1		dir-AP	acq-multiband	space-ACPC			DSIStudio	autotrackgqi
CranialNerve_CNVL	ngpar	TORTOISE_model-MAPMRI	/scratch/grmpy/SLURM_11194840_88/job-11194840-88-sub-20461/ds/inputs/data/qsiprep/qsiprep/sub-20461/ses-1/dwi/sub-20461_ses-1_acq-multiband_dir-AP_space-ACPC_desc-preproc_dwi.nii.gz	0.0	0.1894983947277069	0.0494985841214656	0.1841457188129425	0.1894983947277069	0.1841457188129425	0.0494985841214656	0.1892304569482803	0.1892304569482803	sub-20461	ses-1		dir-AP	acq-multiband	space-ACPC			DSIStudio	autotrackgqi
CranialNerve_CNVL	ngperp	TORTOISE_model-MAPMRI	/scratch/grmpy/SLURM_11194840_88/job-11194840-88-sub-20461/ds/inputs/data/qsiprep/qsiprep/sub-20461/ses-1/dwi/sub-20461_ses-1_acq-multiband_dir-AP_space-ACPC_desc-preproc_dwi.nii.gz	0.0	0.3048161268234253	0.0622767657041549	0.3067377805709839	0.3048161268234253	0.3067377805709839	0.0622767657041549	0.3114161789417267	0.3114161789417267	sub-20461	ses-1		dir-AP	acq-multiband	space-ACPC			DSIStudio	autotrackgqi
CranialNerve_CNVL	pa	TORTOISE_model-MAPMRI	/scratch/grmpy/SLURM_11194840_88/job-11194840-88-sub-20461/ds/inputs/data/qsiprep/qsiprep/sub-20461/ses-1/dwi/sub-20461_ses-1_acq-multiband_dir-AP_space-ACPC_desc-preproc_dwi.nii.gz	0.0	0.7529345154762268	0.1367135941982269	0.769268810749054	0.7529345154762268	0.769268810749054	0.1367135941982269	0.7933051586151123	0.7933051586151123	sub-20461	ses-1		dir-AP	acq-multiband	space-ACPC			DSIStudio	autotrackgqi
CranialNerve_CNVL	path	TORTOISE_model-MAPMRI	/scratch/grmpy/SLURM_11194840_88/job-11194840-88-sub-20461/ds/inputs/data/qsiprep/qsiprep/sub-20461/ses-1/dwi/sub-20461_ses-1_acq-multiband_dir-AP_space-ACPC_desc-preproc_dwi.nii.gz	0.0	0.289613127708435	0.0821665599942207	0.277720957994461	0.289613127708435	0.277720957994461	0.0821665599942207	0.3099264800548553	0.3099264800548553	sub-20461	ses-1		dir-AP	acq-multiband	space-ACPC			DSIStudio	autotrackgqi
CranialNerve_CNVL	rd	TORTOISE_model-MAPMRI	/scratch/grmpy/SLURM_11194840_88/job-11194840-88-sub-20461/ds/inputs/data/qsiprep/qsiprep/sub-20461/ses-1/dwi/sub-20461_ses-1_acq-multiband_dir-AP_space-ACPC_desc-preproc_dwi.nii.gz	0.0014847809948032	960.8174457101738	731.1532943298339	643.9982826669111	962.2461705365088	644.1655207471949	730.756646878739	928.5826706814056	928.7890508976916	sub-20461	ses-1		dir-AP	acq-multiband	space-ACPC			DSIStudio	autotrackgqi
CranialNerve_CNVL	rtap	TORTOISE_model-MAPMRI	/scratch/grmpy/SLURM_11194840_88/job-11194840-88-sub-20461/ds/inputs/data/qsiprep/qsiprep/sub-20461/ses-1/dwi/sub-20461_ses-1_acq-multiband_dir-AP_space-ACPC_desc-preproc_dwi.nii.gz	0.0014847809948032	0.0126855056732892	0.0065807113423943	0.0130015891045331	0.0127043686807155	0.0130218602716922	0.0065673822537064	0.0131245627999305	0.0131274797022342	sub-20461	ses-1		dir-AP	acq-multiband	space-ACPC			DSIStudio	autotrackgqi
CranialNerve_CNVL	rtop	TORTOISE_model-MAPMRI	/scratch/grmpy/SLURM_11194840_88/job-11194840-88-sub-20461/ds/inputs/data/qsiprep/qsiprep/sub-20461/ses-1/dwi/sub-20461_ses-1_acq-multiband_dir-AP_space-ACPC_desc-preproc_dwi.nii.gz	0.0014847809948032	0.0002767733240034	0.0001450315612601	0.0003114048740826	0.0002771848812699	0.0003114407882094	0.0001447458198526	0.0002772136067505	0.0002772752195596	sub-20461	ses-1		dir-AP	acq-multiband	space-ACPC			DSIStudio	autotrackgqi
CranialNerve_CNVL	rtpp	TORTOISE_model-MAPMRI	/scratch/grmpy/SLURM_11194840_88/job-11194840-88-sub-20461/ds/inputs/data/qsiprep/qsiprep/sub-20461/ses-1/dwi/sub-20461_ses-1_acq-multiband_dir-AP_space-ACPC_desc-preproc_dwi.nii.gz	0.0014847809948032	0.0445458330214023	0.011091268621385	0.046615894883871	0.0446120724081993	0.046627689152956	0.0109655866399407	0.0432258620858192	0.0432354658842086	sub-20461	ses-1		dir-AP	acq-multiband	space-ACPC			DSIStudio	autotrackgqi
CranialNerve_CNVR	ad	TORTOISE_model-MAPMRI	/scratch/grmpy/SLURM_11194840_88/job-11194840-88-sub-20461/ds/inputs/data/qsiprep/qsiprep/sub-20461/ses-1/dwi/sub-20461_ses-1_acq-multiband_dir-AP_space-ACPC_desc-preproc_dwi.nii.gz	0.0006153846153846	1489.628721386089	692.4360229328438	1267.2858886620156	1490.545980450982	1267.2873096580306	691.6615268619703	1511.4985173652533	1511.5565365014488	sub-20461	ses-1		dir-AP	acq-multiband	space-ACPC			DSIStudio	autotrackgqi
CranialNerve_CNVR	am	TORTOISE_model-MAPMRI	/scratch/grmpy/SLURM_11194840_88/job-11194840-88-sub-20461/ds/inputs/data/qsiprep/qsiprep/sub-20461/ses-1/dwi/sub-20461_ses-1_acq-multiband_dir-AP_space-ACPC_desc-preproc_dwi.nii.gz	0.0	6387.0693359375	1943.88671875	6110.58203125	6387.0693359375	6110.58203125	1943.88671875	6327.86865234375	6327.86865234375	sub-20461	ses-1		dir-AP	acq-multiband	space-ACPC			DSIStudio	autotrackgqi
CranialNerve_CNVR	fa	TORTOISE_model-MAPMRI	/scratch/grmpy/SLURM_11194840_88/job-11194840-88-sub-20461/ds/inputs/data/qsiprep/qsiprep/sub-20461/ses-1/dwi/sub-20461_ses-1_acq-multiband_dir-AP_space-ACPC_desc-preproc_dwi.nii.gz	0.0006153846153846	0.3772118926167641	0.1778582862337603	0.3518219501158654	0.3774441659496562	0.3518220989610566	0.1776664812699751	0.4238180371554372	0.4238343052587948	sub-20461	ses-1		dir-AP	acq-multiband	space-ACPC			DSIStudio	autotrackgqi
CranialNerve_CNVR	li	TORTOISE_model-MAPMRI	/scratch/grmpy/SLURM_11194840_88/job-11194840-88-sub-20461/ds/inputs/data/qsiprep/qsiprep/sub-20461/ses-1/dwi/sub-20461_ses-1_acq-multiband_dir-AP_space-ACPC_desc-preproc_dwi.nii.gz	0.0006153846153846	0.2111127525568008	0.1259877979755401	0.1827138811349868	0.2112427502870559	0.1828006505966186	0.1259175837039947	0.2390125691890716	0.239021748304367	sub-20461	ses-1		dir-AP	acq-multiband	space-ACPC			DSIStudio	autotrackgqi
CranialNerve_CNVR	ng	TORTOISE_model-MAPMRI	/scratch/grmpy/SLURM_11194840_88/job-11194840-88-sub-20461/ds/inputs/data/qsiprep/qsiprep/sub-20461/ses-1/dwi/sub-20461_ses-1_acq-multiband_dir-AP_space-ACPC_desc-preproc_dwi.nii.gz	0.0	0.3741964995861053	0.0684050768613815	0.3692531585693359	0.3741964995861053	0.3692531585693359	0.0684050768613815	0.3752535581588745	0.3752535581588745	sub-20461	ses-1		dir-AP	acq-multiband	space-ACPC			DSIStudio	autotrackgqi
CranialNerve_CNVR	ngpar	TORTOISE_model-MAPMRI	/scratch/grmpy/SLURM_11194840_88/job-11194840-88-sub-20461/ds/inputs/data/qsiprep/qsiprep/sub-20461/ses-1/dwi/sub-20461_ses-1_acq-multiband_dir-AP_space-ACPC_desc-preproc_dwi.nii.gz	0.0	0.1855745613574981	0.0466314814984798	0.183263212442398	0.1855745613574981	0.183263212442398	0.0466314814984798	0.1780598759651184	0.1780598759651184	sub-20461	ses-1		dir-AP	acq-multiband	space-ACPC			DSIStudio	autotrackgqi
CranialNerve_CNVR	ngperp	TORTOISE_model-MAPMRI	/scratch/grmpy/SLURM_11194840_88/job-11194840-88-sub-20461/ds/inputs/data/qsiprep/qsiprep/sub-20461/ses-1/dwi/sub-20461_ses-1_acq-multiband_dir-AP_space-ACPC_desc-preproc_dwi.nii.gz	0.0	0.3025837540626526	0.0579780787229537	0.3030760288238525	0.3025837540626526	0.3030760288238525	0.0579780787229537	0.307420551776886	0.307420551776886	sub-20461	ses-1		dir-AP	acq-multiband	space-ACPC			DSIStudio	autotrackgqi
CranialNerve_CNVR	pa	TORTOISE_model-MAPMRI	/scratch/grmpy/SLURM_11194840_88/job-11194840-88-sub-20461/ds/inputs/data/qsiprep/qsiprep/sub-20461/ses-1/dwi/sub-20461_ses-1_acq-multiband_dir-AP_space-ACPC_desc-preproc_dwi.nii.gz	0.0	0.758688747882843	0.1408066749572754	0.7808055877685547	0.758688747882843	0.7808055877685547	0.1408066749572754	0.8008050322532654	0.8008050322532654	sub-20461	ses-1		dir-AP	acq-multiband	space-ACPC			DSIStudio	autotrackgqi
CranialNerve_CNVR	path	TORTOISE_model-MAPMRI	/scratch/grmpy/SLURM_11194840_88/job-11194840-88-sub-20461/ds/inputs/data/qsiprep/qsiprep/sub-20461/ses-1/dwi/sub-20461_ses-1_acq-multiband_dir-AP_space-ACPC_desc-preproc_dwi.nii.gz	0.0	0.2941195368766784	0.0847024321556091	0.2838894426822662	0.2941195368766784	0.2838894426822662	0.0847024321556091	0.3166235387325287	0.3166235387325287	sub-20461	ses-1		dir-AP	acq-multiband	space-ACPC			DSIStudio	autotrackgqi
CranialNerve_CNVR	rd	TORTOISE_model-MAPMRI	/scratch/grmpy/SLURM_11194840_88/job-11194840-88-sub-20461/ds/inputs/data/qsiprep/qsiprep/sub-20461/ses-1/dwi/sub-20461_ses-1_acq-multiband_dir-AP_space-ACPC_desc-preproc_dwi.nii.gz	0.0006153846153846	868.0625591208452	623.074050110113	636.9023838202879	868.5970804010921	636.9299277927919	622.8932820351533	798.1288487136246	798.1594851887692	sub-20461	ses-1		dir-AP	acq-multiband	space-ACPC			DSIStudio	autotrackgqi
CranialNerve_CNVR	rtap	TORTOISE_model-MAPMRI	/scratch/grmpy/SLURM_11194840_88/job-11194840-88-sub-20461/ds/inputs/data/qsiprep/qsiprep/sub-20461/ses-1/dwi/sub-20461_ses-1_acq-multiband_dir-AP_space-ACPC_desc-preproc_dwi.nii.gz	0.0006153846153846	0.013350517489016	0.0062992488965392	0.0133686885237693	0.0133587382733821	0.0133723895996809	0.0062924679368734	0.0141341742128133	0.0141347162425518	sub-20461	ses-1		dir-AP	acq-multiband	space-ACPC			DSIStudio	autotrackgqi
CranialNerve_CNVR	rtop	TORTOISE_model-MAPMRI	/scratch/grmpy/SLURM_11194840_88/job-11194840-88-sub-20461/ds/inputs/data/qsiprep/qsiprep/sub-20461/ses-1/dwi/sub-20461_ses-1_acq-multiband_dir-AP_space-ACPC_desc-preproc_dwi.nii.gz	0.0006153846153846	0.0002881343243643	0.0001350164966424	0.0003149652329739	0.0002883117704186	0.0003150776610709	0.0001348685327684	0.0002950014604721	0.0002950127818621	sub-20461	ses-1		dir-AP	acq-multiband	space-ACPC			DSIStudio	autotrackgqi
CranialNerve_CNVR	rtpp	TORTOISE_model-MAPMRI	/scratch/grmpy/SLURM_11194840_88/job-11194840-88-sub-20461/ds/inputs/data/qsiprep/qsiprep/sub-20461/ses-1/dwi/sub-20461_ses-1_acq-multiband_dir-AP_space-ACPC_desc-preproc_dwi.nii.gz	0.0006153846153846	0.0451155714690685	0.0096976403146982	0.0465960018336772	0.0451433546841144	0.0466027706861496	0.0096357688307762	0.0442000925540924	0.0442017838358879	sub-20461	ses-1		dir-AP	acq-multiband	space-ACPC			DSIStudio	autotrackgqi
CranialNerve_CNVIIIR	ad	TORTOISE_model-MAPMRI	/scratch/grmpy/SLURM_11194840_88/job-11194840-88-sub-20461/ds/inputs/data/qsiprep/qsiprep/sub-20461/ses-1/dwi/sub-20461_ses-1_acq-multiband_dir-AP_space-ACPC_desc-preproc_dwi.nii.gz	0.0012128562765312	1379.4144619928888	657.5074334966831	1165.1632547268189	1381.089525091848	1165.4931682937984	656.1460103711393	1475.3642375987774	1475.4907026044928	sub-20461	ses-1		dir-AP	acq-multiband	space-ACPC			DSIStudio	autotrackgqi
CranialNerve_CNVIIIR	am	TORTOISE_model-MAPMRI	/scratch/grmpy/SLURM_11194840_88/job-11194840-88-sub-20461/ds/inputs/data/qsiprep/qsiprep/sub-20461/ses-1/dwi/sub-20461_ses-1_acq-multiband_dir-AP_space-ACPC_desc-preproc_dwi.nii.gz	0.0012128562765312	6900.0029296875	1740.2684326171875	6564.31494140625	6908.3818359375	6565.595703125	1724.623779296875	6697.61328125	6698.1875	sub-20461	ses-1		dir-AP	acq-multiband	space-ACPC			DSIStudio	autotrackgqi
CranialNerve_CNVIIIR	fa	TORTOISE_model-MAPMRI	/scratch/grmpy/SLURM_11194840_88/job-11194840-88-sub-20461/ds/inputs/data/qsiprep/qsiprep/sub-20461/ses-1/dwi/sub-20461_ses-1_acq-multiband_dir-AP_space-ACPC_desc-preproc_dwi.nii.gz	0.0012128562765312	0.3350373941881239	0.1819476012241823	0.2908967731137905	0.3354442398398399	0.2917463434790196	0.1816828440983391	0.389910633553528	0.3899440556994664	sub-20461	ses-1		dir-AP	acq-multiband	space-ACPC			DSIStudio	autotrackgqi
CranialNerve_CNVIIIR	li	TORTOISE_model-MAPMRI	/scratch/grmpy/SLURM_11194840_88/job-11194840-88-sub-20461/ds/inputs/data/qsiprep/qsiprep/sub-20461/ses-1/dwi/sub-20461_ses-1_acq-multiband_dir-AP_space-ACPC_desc-preproc_dwi.nii.gz	0.0012128562765312	0.1926735341548919	0.1303359866142273	0.1564748138189315	0.1929074972867965	0.1568151861429214	0.1302419304847717	0.2280210554599762	0.2280405908823013	sub-20461	ses-1		dir-AP	acq-multiband	space-ACPC			DSIStudio	autotrackgqi
CranialNerve_CNVIIIR	ng	TORTOISE_model-MAPMRI	/scratch/grmpy/SLURM_11194840_88/job-11194840-88-sub-20461/ds/inputs/data/qsiprep/qsiprep/sub-20461/ses-1/dwi/sub-20461_ses-1_acq-multiband_dir-AP_space-ACPC_desc-preproc_dwi.nii.gz	0.0012128562765312	0.3540340363979339	0.0676477998495101	0.3515441119670868	0.3544639348983764	0.3515651822090149	0.0665536820888519	0.3652496635913849	0.3652809858322143	sub-20461	ses-1		dir-AP	acq-multiband	space-ACPC			DSIStudio	autotrackgqi
CranialNerve_CNVIIIR	ngpar	TORTOISE_model-MAPMRI	/scratch/grmpy/SLURM_11194840_88/job-11194840-88-sub-20461/ds/inputs/data/qsiprep/qsiprep/sub-20461/ses-1/dwi/sub-20461_ses-1_acq-multiband_dir-AP_space-ACPC_desc-preproc_dwi.nii.gz	0.0012128562765312	0.1810294240713119	0.0424781627953052	0.178668737411499	0.1812492460012436	0.1787870526313781	0.0420326255261898	0.1802238374948501	0.1802392899990081	sub-20461	ses-1		dir-AP	acq-multiband	space-ACPC			DSIStudio	autotrackgqi
CranialNerve_CNVIIIR	ngperp	TORTOISE_model-MAPMRI	/scratch/grmpy/SLURM_11194840_88/job-11194840-88-sub-20461/ds/inputs/data/qsiprep/qsiprep/sub-20461/ses-1/dwi/sub-20461_ses-1_acq-multiband_dir-AP_space-ACPC_desc-preproc_dwi.nii.gz	0.0012128562765312	0.2895983755588531	0.0561623498797416	0.2897221148014068	0.2899500429630279	0.2897579967975616	0.0552817620337009	0.3000674843788147	0.3000932335853576	sub-20461	ses-1		dir-AP	acq-multiband	space-ACPC			DSIStudio	autotrackgqi
CranialNerve_CNVIIIR	pa	TORTOISE_model-MAPMRI	/scratch/grmpy/SLURM_11194840_88/job-11194840-88-sub-20461/ds/inputs/data/qsiprep/qsiprep/sub-20461/ses-1/dwi/sub-20461_ses-1_acq-multiband_dir-AP_space-ACPC_desc-preproc_dwi.nii.gz	0.0012128562765312	0.7027628421783447	0.1728264242410659	0.715392529964447	0.7036162614822388	0.7155200242996216	0.1711864173412323	0.7599571347236633	0.7600222229957581	sub-20461	ses-1		dir-AP	acq-multiband	space-ACPC			DSIStudio	autotrackgqi
CranialNerve_CNVIIIR	path	TORTOISE_model-MAPMRI	/scratch/grmpy/SLURM_11194840_88/job-11194840-88-sub-20461/ds/inputs/data/qsiprep/qsiprep/sub-20461/ses-1/dwi/sub-20461_ses-1_acq-multiband_dir-AP_space-ACPC_desc-preproc_dwi.nii.gz	0.0012128562765312	0.2702800035476684	0.0917717963457107	0.2520314455032348	0.2706082165241241	0.2520872056484222	0.0913426205515861	0.2988074123859405	0.2988330125808716	sub-20461	ses-1		dir-AP	acq-multiband	space-ACPC			DSIStudio	autotrackgqi
CranialNerve_CNVIIIR	rd	TORTOISE_model-MAPMRI	/scratch/grmpy/SLURM_11194840_88/job-11194840-88-sub-20461/ds/inputs/data/qsiprep/qsiprep/sub-20461/ses-1/dwi/sub-20461_ses-1_acq-multiband_dir-AP_space-ACPC_desc-preproc_dwi.nii.gz	0.0012128562765312	853.8191209276398	586.2964875675617	644.9170471301996	854.8559383179587	644.971282877337	585.8964581279035	824.5378220593072	824.6084996945691	sub-20461	ses-1		dir-AP	acq-multiband	space-ACPC			DSIStudio	autotrackgqi
CranialNerve_CNVIIIR	rtap	TORTOISE_model-MAPMRI	/scratch/grmpy/SLURM_11194840_88/job-11194840-88-sub-20461/ds/inputs/data/qsiprep/qsiprep/sub-20461/ses-1/dwi/sub-20461_ses-1_acq-multiband_dir-AP_space-ACPC_desc-preproc_dwi.nii.gz	0.0012128562765312	0.0128527181223034	0.0059455363079905	0.0125152980908751	0.0128683252260088	0.0125159006565809	0.0059322412125766	0.0133743993937969	0.0133755449205636	sub-20461	ses-1		dir-AP	acq-multiband	space-ACPC			DSIStudio	autotrackgqi
CranialNerve_CNVIIIR	rtop	TORTOISE_model-MAPMRI	/scratch/grmpy/SLURM_11194840_88/job-11194840-88-sub-20461/ds/inputs/data/qsiprep/qsiprep/sub-20461/ses-1/dwi/sub-20461_ses-1_acq-multiband_dir-AP_space-ACPC_desc-preproc_dwi.nii.gz	0.0012128562765312	0.0002833013422787	0.0001236223615705	0.000304154731566	0.0002836453786585	0.0003042056632693	0.0001233023504028	0.0002815746702253	0.000281598768197	sub-20461	ses-1		dir-AP	acq-multiband	space-ACPC			DSIStudio	autotrackgqi
CranialNerve_CNVIIIR	rtpp	TORTOISE_model-MAPMRI	/scratch/grmpy/SLURM_11194840_88/job-11194840-88-sub-20461/ds/inputs/data/qsiprep/qsiprep/sub-20461/ses-1/dwi/sub-20461_ses-1_acq-multiband_dir-AP_space-ACPC_desc-preproc_dwi.nii.gz	0.0012128562765312	0.0465297289192676	0.0093750786036252	0.0486082844436168	0.0465862303972244	0.0486135929822921	0.0092394044622778	0.044496938586235	0.0445007532835006	sub-20461	ses-1		dir-AP	acq-multiband	space-ACPC			DSIStudio	autotrackgqi
CranialNerve_CNIIL	ad	TORTOISE_model-MAPMRI	/scratch/grmpy/SLURM_11194840_88/job-11194840-88-sub-20461/ds/inputs/data/qsiprep/qsiprep/sub-20461/ses-1/dwi/sub-20461_ses-1_acq-multiband_dir-AP_space-ACPC_desc-preproc_dwi.nii.gz	0.0	1552.5571888036604	918.8109750482926	1247.6865950639838	1552.5571888036604	1247.6865950639838	918.8109750482926	1566.2200637778758	1566.2200637778758	sub-20461	ses-1		dir-AP	acq-multiband	space-ACPC			DSIStudio	autotrackgqi
CranialNerve_CNIIL	am	TORTOISE_model-MAPMRI	/scratch/grmpy/SLURM_11194840_88/job-11194840-88-sub-20461/ds/inputs/data/qsiprep/qsiprep/sub-20461/ses-1/dwi/sub-20461_ses-1_acq-multiband_dir-AP_space-ACPC_desc-preproc_dwi.nii.gz	0.0	6972.68115234375	1895.7723388671875	6753.87939453125	6972.68115234375	6753.87939453125	1895.7723388671875	6653.28515625	6653.28515625	sub-20461	ses-1		dir-AP	acq-multiband	space-ACPC			DSIStudio	autotrackgqi
CranialNerve_CNIIL	fa	TORTOISE_model-MAPMRI	/scratch/grmpy/SLURM_11194840_88/job-11194840-88-sub-20461/ds/inputs/data/qsiprep/qsiprep/sub-20461/ses-1/dwi/sub-20461_ses-1_acq-multiband_dir-AP_space-ACPC_desc-preproc_dwi.nii.gz	0.0	0.2847992810518158	0.1617045428863179	0.2421758543841405	0.2847992810518158	0.2421758543841405	0.1617045428863179	0.3401642789721892	0.3401642789721892	sub-20461	ses-1		dir-AP	acq-multiband	space-ACPC			DSIStudio	autotrackgqi
CranialNerve_CNIIL	li	TORTOISE_model-MAPMRI	/scratch/grmpy/SLURM_11194840_88/job-11194840-88-sub-20461/ds/inputs/data/qsiprep/qsiprep/sub-20461/ses-1/dwi/sub-20461_ses-1_acq-multiband_dir-AP_space-ACPC_desc-preproc_dwi.nii.gz	0.0	0.1664680689573288	0.1204138621687889	0.1306339800357818	0.1664680689573288	0.1306339800357818	0.1204138621687889	0.20960034430027	0.20960034430027	sub-20461	ses-1		dir-AP	acq-multiband	space-ACPC			DSIStudio	autotrackgqi
CranialNerve_CNIIL	ng	TORTOISE_model-MAPMRI	/scratch/grmpy/SLURM_11194840_88/job-11194840-88-sub-20461/ds/inputs/data/qsiprep/qsiprep/sub-20461/ses-1/dwi/sub-20461_ses-1_acq-multiband_dir-AP_space-ACPC_desc-preproc_dwi.nii.gz	0.0	0.2955732941627502	0.0978121906518936	0.2978586256504059	0.2955732941627502	0.2978586256504059	0.0978121906518936	0.3011952042579651	0.3011952042579651	sub-20461	ses-1		dir-AP	acq-multiband	space-ACPC			DSIStudio	autotrackgqi
CranialNerve_CNIIL	ngpar	TORTOISE_model-MAPMRI	/scratch/grmpy/SLURM_11194840_88/job-11194840-88-sub-20461/ds/inputs/data/qsiprep/qsiprep/sub-20461/ses-1/dwi/sub-20461_ses-1_acq-multiband_dir-AP_space-ACPC_desc-preproc_dwi.nii.gz	0.0	0.1524958610534668	0.0529266484081745	0.1471187323331833	0.1524958610534668	0.1471187323331833	0.0529266484081745	0.1428849399089813	0.1428849399089813	sub-20461	ses-1		dir-AP	acq-multiband	space-ACPC			DSIStudio	autotrackgqi
CranialNerve_CNIIL	ngperp	TORTOISE_model-MAPMRI	/scratch/grmpy/SLURM_11194840_88/job-11194840-88-sub-20461/ds/inputs/data/qsiprep/qsiprep/sub-20461/ses-1/dwi/sub-20461_ses-1_acq-multiband_dir-AP_space-ACPC_desc-preproc_dwi.nii.gz	0.0	0.2453542798757553	0.0794621929526329	0.2497127503156662	0.2453542798757553	0.2497127503156662	0.0794621929526329	0.2537755370140075	0.2537755370140075	sub-20461	ses-1		dir-AP	acq-multiband	space-ACPC			DSIStudio	autotrackgqi
CranialNerve_CNIIL	pa	TORTOISE_model-MAPMRI	/scratch/grmpy/SLURM_11194840_88/job-11194840-88-sub-20461/ds/inputs/data/qsiprep/qsiprep/sub-20461/ses-1/dwi/sub-20461_ses-1_acq-multiband_dir-AP_space-ACPC_desc-preproc_dwi.nii.gz	0.0	0.6152136325836182	0.2027348428964615	0.6315943002700806	0.6152136325836182	0.6315943002700806	0.2027348428964615	0.6811118125915527	0.6811118125915527	sub-20461	ses-1		dir-AP	acq-multiband	space-ACPC			DSIStudio	autotrackgqi
CranialNerve_CNIIL	path	TORTOISE_model-MAPMRI	/scratch/grmpy/SLURM_11194840_88/job-11194840-88-sub-20461/ds/inputs/data/qsiprep/qsiprep/sub-20461/ses-1/dwi/sub-20461_ses-1_acq-multiband_dir-AP_space-ACPC_desc-preproc_dwi.nii.gz	0.0	0.2317377477884292	0.0885319262742996	0.2190763801336288	0.2317377477884292	0.2190763801336288	0.0885319262742996	0.2639386057853699	0.2639386057853699	sub-20461	ses-1		dir-AP	acq-multiband	space-ACPC			DSIStudio	autotrackgqi
CranialNerve_CNIIL	rd	TORTOISE_model-MAPMRI	/scratch/grmpy/SLURM_11194840_88/job-11194840-88-sub-20461/ds/inputs/data/qsiprep/qsiprep/sub-20461/ses-1/dwi/sub-20461_ses-1_acq-multiband_dir-AP_space-ACPC_desc-preproc_dwi.nii.gz	0.0	1053.3534697746074	809.9254044098009	759.1468979885685	1053.3534697746074	759.1468979885685	809.9254044098009	969.1420016812864	969.1420016812864	sub-20461	ses-1		dir-AP	acq-multiband	space-ACPC			DSIStudio	autotrackgqi
CranialNerve_CNIIL	rtap	TORTOISE_model-MAPMRI	/scratch/grmpy/SLURM_11194840_88/job-11194840-88-sub-20461/ds/inputs/data/qsiprep/qsiprep/sub-20461/ses-1/dwi/sub-20461_ses-1_acq-multiband_dir-AP_space-ACPC_desc-preproc_dwi.nii.gz	0.0	0.0098992846906185	0.0048881429247558	0.0093600787222385	0.0098992846906185	0.0093600787222385	0.0048881429247558	0.011088834144175	0.011088834144175	sub-20461	ses-1		dir-AP	acq-multiband	space-ACPC			DSIStudio	autotrackgqi
CranialNerve_CNIIL	rtop	TORTOISE_model-MAPMRI	/scratch/grmpy/SLURM_11194840_88/job-11194840-88-sub-20461/ds/inputs/data/qsiprep/qsiprep/sub-20461/ses-1/dwi/sub-20461_ses-1_acq-multiband_dir-AP_space-ACPC_desc-preproc_dwi.nii.gz	0.0	0.000205576288863	0.0001039350609062	0.0002040945837507	0.000205576288863	0.0002040945837507	0.0001039350609062	0.0002214197156718	0.0002214197156718	sub-20461	ses-1		dir-AP	acq-multiband	space-ACPC			DSIStudio	autotrackgqi
CranialNerve_CNIIL	rtpp	TORTOISE_model-MAPMRI	/scratch/grmpy/SLURM_11194840_88/job-11194840-88-sub-20461/ds/inputs/data/qsiprep/qsiprep/sub-20461/ses-1/dwi/sub-20461_ses-1_acq-multiband_dir-AP_space-ACPC_desc-preproc_dwi.nii.gz	0.0	0.0434031374752521	0.0094168977811932	0.0454114824533462	0.0434031374752521	0.0454114824533462	0.0094168977811932	0.0425857454538345	0.0425857454538345	sub-20461	ses-1		dir-AP	acq-multiband	space-ACPC			DSIStudio	autotrackgqi
CranialNerve_CNIIIR	ad	TORTOISE_model-MAPMRI	/scratch/grmpy/SLURM_11194840_88/job-11194840-88-sub-20461/ds/inputs/data/qsiprep/qsiprep/sub-20461/ses-1/dwi/sub-20461_ses-1_acq-multiband_dir-AP_space-ACPC_desc-preproc_dwi.nii.gz	0.0	2096.271545056129	1229.7144186518572	1585.8301527379938	2096.271545056129	1585.8301527379938	1229.7144186518572	2096.4812868801687	2096.481467941995	sub-20461	ses-1		dir-AP	acq-multiband	space-ACPC			DSIStudio	autotrackgqi
CranialNerve_CNIIIR	am	TORTOISE_model-MAPMRI	/scratch/grmpy/SLURM_11194840_88/job-11194840-88-sub-20461/ds/inputs/data/qsiprep/qsiprep/sub-20461/ses-1/dwi/sub-20461_ses-1_acq-multiband_dir-AP_space-ACPC_desc-preproc_dwi.nii.gz	0.0	8785.029296875	2868.998291015625	8073.59228515625	8785.029296875	8073.59228515625	2868.998291015625	8989.958984375	8989.958984375	sub-20461	ses-1		dir-AP	acq-multiband	space-ACPC			DSIStudio	autotrackgqi
CranialNerve_CNIIIR	fa	TORTOISE_model-MAPMRI	/scratch/grmpy/SLURM_11194840_88/job-11194840-88-sub-20461/ds/inputs/data/qsiprep/qsiprep/sub-20461/ses-1/dwi/sub-20461_ses-1_acq-multiband_dir-AP_space-ACPC_desc-preproc_dwi.nii.gz	0.0	0.2655158913191949	0.1318545844769156	0.2407778535861094	0.2655158913191949	0.2407778535861094	0.1318545844769156	0.2638840016429668	0.2638840242372706	sub-20461	ses-1		dir-AP	acq-multiband	space-ACPC			DSIStudio	autotrackgqi
CranialNerve_CNIIIR	li	TORTOISE_model-MAPMRI	/scratch/grmpy/SLURM_11194840_88/job-11194840-88-sub-20461/ds/inputs/data/qsiprep/qsiprep/sub-20461/ses-1/dwi/sub-20461_ses-1_acq-multiband_dir-AP_space-ACPC_desc-preproc_dwi.nii.gz	0.0	0.1513942927122116	0.090725690126419	0.1328008323907852	0.1513942927122116	0.1328008323907852	0.090725690126419	0.1526454240083694	0.1526454240083694	sub-20461	ses-1		dir-AP	acq-multiband	space-ACPC			DSIStudio	autotrackgqi
CranialNerve_CNIIIR	ng	TORTOISE_model-MAPMRI	/scratch/grmpy/SLURM_11194840_88/job-11194840-88-sub-20461/ds/inputs/data/qsiprep/qsiprep/sub-20461/ses-1/dwi/sub-20461_ses-1_acq-multiband_dir-AP_space-ACPC_desc-preproc_dwi.nii.gz	0.0	0.3396297395229339	0.0815397724509239	0.3420426547527313	0.3396297395229339	0.3420426547527313	0.0815397724509239	0.358814001083374	0.358814001083374	sub-20461	ses-1		dir-AP	acq-multiband	space-ACPC			DSIStudio	autotrackgqi
CranialNerve_CNIIIR	ngpar	TORTOISE_model-MAPMRI	/scratch/grmpy/SLURM_11194840_88/job-11194840-88-sub-20461/ds/inputs/data/qsiprep/qsiprep/sub-20461/ses-1/dwi/sub-20461_ses-1_acq-multiband_dir-AP_space-ACPC_desc-preproc_dwi.nii.gz	0.0	0.1721608936786651	0.0433262325823307	0.1714122295379638	0.1721608936786651	0.1714122295379638	0.0433262325823307	0.1799124181270599	0.1799124330282211	sub-20461	ses-1		dir-AP	acq-multiband	space-ACPC			DSIStudio	autotrackgqi
CranialNerve_CNIIIR	ngperp	TORTOISE_model-MAPMRI	/scratch/grmpy/SLURM_11194840_88/job-11194840-88-sub-20461/ds/inputs/data/qsiprep/qsiprep/sub-20461/ses-1/dwi/sub-20461_ses-1_acq-multiband_dir-AP_space-ACPC_desc-preproc_dwi.nii.gz	0.0	0.2781996130943298	0.0672521740198135	0.2838627398014068	0.2781996130943298	0.2838627398014068	0.0672521740198135	0.2924966514110565	0.2924966812133789	sub-20461	ses-1		dir-AP	acq-multiband	space-ACPC			DSIStudio	autotrackgqi
CranialNerve_CNIIIR	pa	TORTOISE_model-MAPMRI	/scratch/grmpy/SLURM_11194840_88/job-11194840-88-sub-20461/ds/inputs/data/qsiprep/qsiprep/sub-20461/ses-1/dwi/sub-20461_ses-1_acq-multiband_dir-AP_space-ACPC_desc-preproc_dwi.nii.gz	0.0	0.6613768339157104	0.1586120873689651	0.6806948184967041	0.6613768339157104	0.6806948184967041	0.1586120873689651	0.6821630597114563	0.6821631193161011	sub-20461	ses-1		dir-AP	acq-multiband	space-ACPC			DSIStudio	autotrackgqi
CranialNerve_CNIIIR	path	TORTOISE_model-MAPMRI	/scratch/grmpy/SLURM_11194840_88/job-11194840-88-sub-20461/ds/inputs/data/qsiprep/qsiprep/sub-20461/ses-1/dwi/sub-20461_ses-1_acq-multiband_dir-AP_space-ACPC_desc-preproc_dwi.nii.gz	0.0	0.2418426722288131	0.0659027323126792	0.2375663369894027	0.2418426722288131	0.2375663369894027	0.0659027323126792	0.2495859563350677	0.2495859563350677	sub-20461	ses-1		dir-AP	acq-multiband	space-ACPC			DSIStudio	autotrackgqi
CranialNerve_CNIIIR	rd	TORTOISE_model-MAPMRI	/scratch/grmpy/SLURM_11194840_88/job-11194840-88-sub-20461/ds/inputs/data/qsiprep/qsiprep/sub-20461/ses-1/dwi/sub-20461_ses-1_acq-multiband_dir-AP_space-ACPC_desc-preproc_dwi.nii.gz	0.0	1491.9218279905235	1080.506215872037	1012.838474305047	1491.9218279905235	1012.838474305047	1080.506215872037	1467.439624525388	1467.4397515051237	sub-20461	ses-1		dir-AP	acq-multiband	space-ACPC			DSIStudio	autotrackgqi
CranialNerve_CNIIIR	rtap	TORTOISE_model-MAPMRI	/scratch/grmpy/SLURM_11194840_88/job-11194840-88-sub-20461/ds/inputs/data/qsiprep/qsiprep/sub-20461/ses-1/dwi/sub-20461_ses-1_acq-multiband_dir-AP_space-ACPC_desc-preproc_dwi.nii.gz	0.0	0.0079569201916456	0.0048254644498229	0.0076768742874264	0.0079569201916456	0.0076768742874264	0.0048254644498229	0.007414064835757	0.0074140653014183	sub-20461	ses-1		dir-AP	acq-multiband	space-ACPC			DSIStudio	autotrackgqi
CranialNerve_CNIIIR	rtop	TORTOISE_model-MAPMRI	/scratch/grmpy/SLURM_11194840_88/job-11194840-88-sub-20461/ds/inputs/data/qsiprep/qsiprep/sub-20461/ses-1/dwi/sub-20461_ses-1_acq-multiband_dir-AP_space-ACPC_desc-preproc_dwi.nii.gz	0.0	0.0001612844062037	0.0001135530546889	0.0001450292329536	0.0001612844062037	0.0001450292329536	0.0001135530546889	0.0001444565714336	0.0001444565714336	sub-20461	ses-1		dir-AP	acq-multiband	space-ACPC			DSIStudio	autotrackgqi
CranialNerve_CNIIIR	rtpp	TORTOISE_model-MAPMRI	/scratch/grmpy/SLURM_11194840_88/job-11194840-88-sub-20461/ds/inputs/data/qsiprep/qsiprep/sub-20461/ses-1/dwi/sub-20461_ses-1_acq-multiband_dir-AP_space-ACPC_desc-preproc_dwi.nii.gz	0.0	0.0378150306642055	0.0112696187570691	0.03976521641016	0.0378150306642055	0.03976521641016	0.0112696187570691	0.0366796553134918	0.0366796590387821	sub-20461	ses-1		dir-AP	acq-multiband	space-ACPC			DSIStudio	autotrackgqi
