bundle	variable_name	qsirecon_suffix	source_file	zero_proportion	mean	stdev	median	masked_mean	masked_median	masked_stdev	weighted_mean	masked_weighted_mean	subject_id	session_id	task_id	dir_id	acq_id	space_id	rec_id	run_id	bundle_source	bundle_params_id
Association_FrontalAslantTractR	directions	NODDI	/scratch/grmpy/SLURM_11194840_83/job-11194840-83-sub-20326/ds/inputs/data/qsiprep/qsiprep/sub-20326/ses-1/dwi/sub-20326_ses-1_acq-multiband_dir-AP_space-ACPC_desc-preproc_dwi.nii.gz	0.0	-0.027298935	0.5767045	-0.061293624	-0.027298935	-0.061293624	0.5767045	-0.09468919		sub-20326	ses-1		dir-AP	acq-multiband	space-ACPC			DSIStudio	autotrackgqi
Association_FrontalAslantTractR	icvf	NODDI	/scratch/grmpy/SLURM_11194840_83/job-11194840-83-sub-20326/ds/inputs/data/qsiprep/qsiprep/sub-20326/ses-1/dwi/sub-20326_ses-1_acq-multiband_dir-AP_space-ACPC_desc-preproc_dwi.nii.gz	0.0	0.46543664	0.1183751	0.43841884	0.46543664	0.43841884	0.1183751	0.44753012	0.4475301206111908	sub-20326	ses-1		dir-AP	acq-multiband	space-ACPC			DSIStudio	autotrackgqi
Association_FrontalAslantTractR	isovf	NODDI	/scratch/grmpy/SLURM_11194840_83/job-11194840-83-sub-20326/ds/inputs/data/qsiprep/qsiprep/sub-20326/ses-1/dwi/sub-20326_ses-1_acq-multiband_dir-AP_space-ACPC_desc-preproc_dwi.nii.gz	0.4924385633270321	0.092130944	0.17182775	0.002921695	0.18151684	0.1023785	0.20480432	0.05996017	0.1333231031894683	sub-20326	ses-1		dir-AP	acq-multiband	space-ACPC			DSIStudio	autotrackgqi
Association_FrontalAslantTractR	modulated_icvf	NODDI	/scratch/grmpy/SLURM_11194840_83/job-11194840-83-sub-20326/ds/inputs/data/qsiprep/qsiprep/sub-20326/ses-1/dwi/sub-20326_ses-1_acq-multiband_dir-AP_space-ACPC_desc-preproc_dwi.nii.gz	0.0	0.4095293	0.085717306	0.42004734	0.4095293	0.42004734	0.085717306	0.4150201	0.4150201082229614	sub-20326	ses-1		dir-AP	acq-multiband	space-ACPC			DSIStudio	autotrackgqi
Association_FrontalAslantTractR	modulated_od	NODDI	/scratch/grmpy/SLURM_11194840_83/job-11194840-83-sub-20326/ds/inputs/data/qsiprep/qsiprep/sub-20326/ses-1/dwi/sub-20326_ses-1_acq-multiband_dir-AP_space-ACPC_desc-preproc_dwi.nii.gz	0.0	0.29378387	0.1604515	0.27512085	0.29378387	0.27512085	0.1604515	0.26070666	0.2607066631317138	sub-20326	ses-1		dir-AP	acq-multiband	space-ACPC			DSIStudio	autotrackgqi
Association_FrontalAslantTractR	nrmse	NODDI	/scratch/grmpy/SLURM_11194840_83/job-11194840-83-sub-20326/ds/inputs/data/qsiprep/qsiprep/sub-20326/ses-1/dwi/sub-20326_ses-1_acq-multiband_dir-AP_space-ACPC_desc-preproc_dwi.nii.gz	0.0	0.08864416	0.029283881	0.082634196	0.08864416	0.082634196	0.029283881	0.08288871	0.0828887075185775	sub-20326	ses-1		dir-AP	acq-multiband	space-ACPC			DSIStudio	autotrackgqi
Association_FrontalAslantTractR	od	NODDI	/scratch/grmpy/SLURM_11194840_83/job-11194840-83-sub-20326/ds/inputs/data/qsiprep/qsiprep/sub-20326/ses-1/dwi/sub-20326_ses-1_acq-multiband_dir-AP_space-ACPC_desc-preproc_dwi.nii.gz	0.0	0.32723075	0.16663677	0.3061071	0.32723075	0.3061071	0.16663677	0.27872995	0.2787299454212188	sub-20326	ses-1		dir-AP	acq-multiband	space-ACPC			DSIStudio	autotrackgqi
Association_FrontalAslantTractR	rmse	NODDI	/scratch/grmpy/SLURM_11194840_83/job-11194840-83-sub-20326/ds/inputs/data/qsiprep/qsiprep/sub-20326/ses-1/dwi/sub-20326_ses-1_acq-multiband_dir-AP_space-ACPC_desc-preproc_dwi.nii.gz	0.0	0.043320697	0.014473817	0.041022122	0.043320697	0.041022122	0.014473817	0.04111339	0.0411133915185928	sub-20326	ses-1		dir-AP	acq-multiband	space-ACPC			DSIStudio	autotrackgqi
Association_FrontalAslantTractR	tf	NODDI	/scratch/grmpy/SLURM_11194840_83/job-11194840-83-sub-20326/ds/inputs/data/qsiprep/qsiprep/sub-20326/ses-1/dwi/sub-20326_ses-1_acq-multiband_dir-AP_space-ACPC_desc-preproc_dwi.nii.gz	0.0	0.907869	0.17182773	0.9970783	0.907869	0.9970783	0.17182773	0.9400398	0.9400398135185242	sub-20326	ses-1		dir-AP	acq-multiband	space-ACPC			DSIStudio	autotrackgqi
Association_SuperiorLongitudinalFasciculusR	directions	NODDI	/scratch/grmpy/SLURM_11194840_83/job-11194840-83-sub-20326/ds/inputs/data/qsiprep/qsiprep/sub-20326/ses-1/dwi/sub-20326_ses-1_acq-multiband_dir-AP_space-ACPC_desc-preproc_dwi.nii.gz	19.0	-0.019442916	0.57521355	-0.0247103	-0.019565279	-0.031644672	0.5770187	0.005243672		sub-20326	ses-1		dir-AP	acq-multiband	space-ACPC			DSIStudio	autotrackgqi
Association_SuperiorLongitudinalFasciculusR	icvf	NODDI	/scratch/grmpy/SLURM_11194840_83/job-11194840-83-sub-20326/ds/inputs/data/qsiprep/qsiprep/sub-20326/ses-1/dwi/sub-20326_ses-1_acq-multiband_dir-AP_space-ACPC_desc-preproc_dwi.nii.gz	0.0125082290980908	0.5116534	0.20610434	0.43634754	0.51813436	0.43778592	0.19914584	0.47654307	0.4773188233375549	sub-20326	ses-1		dir-AP	acq-multiband	space-ACPC			DSIStudio	autotrackgqi
Association_SuperiorLongitudinalFasciculusR	isovf	NODDI	/scratch/grmpy/SLURM_11194840_83/job-11194840-83-sub-20326/ds/inputs/data/qsiprep/qsiprep/sub-20326/ses-1/dwi/sub-20326_ses-1_acq-multiband_dir-AP_space-ACPC_desc-preproc_dwi.nii.gz	0.489137590520079	0.1625682	0.2553437	0.007427806	0.31822306	0.20641288	0.27945513	0.10262577	0.2308241426944732	sub-20326	ses-1		dir-AP	acq-multiband	space-ACPC			DSIStudio	autotrackgqi
Association_SuperiorLongitudinalFasciculusR	modulated_icvf	NODDI	/scratch/grmpy/SLURM_11194840_83/job-11194840-83-sub-20326/ds/inputs/data/qsiprep/qsiprep/sub-20326/ses-1/dwi/sub-20326_ses-1_acq-multiband_dir-AP_space-ACPC_desc-preproc_dwi.nii.gz	0.0125082290980908	0.39338854	0.12361153	0.40636513	0.39837146	0.40772158	0.11613915	0.40434444	0.4050027132034302	sub-20326	ses-1		dir-AP	acq-multiband	space-ACPC			DSIStudio	autotrackgqi
Association_SuperiorLongitudinalFasciculusR	modulated_od	NODDI	/scratch/grmpy/SLURM_11194840_83/job-11194840-83-sub-20326/ds/inputs/data/qsiprep/qsiprep/sub-20326/ses-1/dwi/sub-20326_ses-1_acq-multiband_dir-AP_space-ACPC_desc-preproc_dwi.nii.gz	0.0062541145490454	0.32818133	0.20320065	0.3224541	0.33024672	0.32453254	0.20215902	0.30660033	0.3068752884864807	sub-20326	ses-1		dir-AP	acq-multiband	space-ACPC			DSIStudio	autotrackgqi
Association_SuperiorLongitudinalFasciculusR	nrmse	NODDI	/scratch/grmpy/SLURM_11194840_83/job-11194840-83-sub-20326/ds/inputs/data/qsiprep/qsiprep/sub-20326/ses-1/dwi/sub-20326_ses-1_acq-multiband_dir-AP_space-ACPC_desc-preproc_dwi.nii.gz	0.0062541145490454	0.10936216	0.055758167	0.09411177	0.11005043	0.09422382	0.055252105	0.09825148	0.0983395874500274	sub-20326	ses-1		dir-AP	acq-multiband	space-ACPC			DSIStudio	autotrackgqi
Association_SuperiorLongitudinalFasciculusR	od	NODDI	/scratch/grmpy/SLURM_11194840_83/job-11194840-83-sub-20326/ds/inputs/data/qsiprep/qsiprep/sub-20326/ses-1/dwi/sub-20326_ses-1_acq-multiband_dir-AP_space-ACPC_desc-preproc_dwi.nii.gz	0.0062541145490454	0.39223433	0.20213337	0.39793307	0.39470285	0.39942166	0.20035146	0.34309614	0.3434038162231445	sub-20326	ses-1		dir-AP	acq-multiband	space-ACPC			DSIStudio	autotrackgqi
Association_SuperiorLongitudinalFasciculusR	rmse	NODDI	/scratch/grmpy/SLURM_11194840_83/job-11194840-83-sub-20326/ds/inputs/data/qsiprep/qsiprep/sub-20326/ses-1/dwi/sub-20326_ses-1_acq-multiband_dir-AP_space-ACPC_desc-preproc_dwi.nii.gz	0.0062541145490454	0.05136228	0.02410505	0.04620349	0.051685527	0.046316817	0.023832815	0.04771886	0.0477616488933563	sub-20326	ses-1		dir-AP	acq-multiband	space-ACPC			DSIStudio	autotrackgqi
Association_SuperiorLongitudinalFasciculusR	tf	NODDI	/scratch/grmpy/SLURM_11194840_83/job-11194840-83-sub-20326/ds/inputs/data/qsiprep/qsiprep/sub-20326/ses-1/dwi/sub-20326_ses-1_acq-multiband_dir-AP_space-ACPC_desc-preproc_dwi.nii.gz	0.0125082290980908	0.83117765	0.26340458	0.98981	0.8417059	0.9925722	0.24778844	0.8964783	0.8979376554489136	sub-20326	ses-1		dir-AP	acq-multiband	space-ACPC			DSIStudio	autotrackgqi
Association_CingulumL	directions	NODDI	/scratch/grmpy/SLURM_11194840_83/job-11194840-83-sub-20326/ds/inputs/data/qsiprep/qsiprep/sub-20326/ses-1/dwi/sub-20326_ses-1_acq-multiband_dir-AP_space-ACPC_desc-preproc_dwi.nii.gz	0.0	0.030557757	0.576541	0.0820828	0.030557757	0.0820828	0.576541	0.124683544		sub-20326	ses-1		dir-AP	acq-multiband	space-ACPC			DSIStudio	autotrackgqi
Association_CingulumL	icvf	NODDI	/scratch/grmpy/SLURM_11194840_83/job-11194840-83-sub-20326/ds/inputs/data/qsiprep/qsiprep/sub-20326/ses-1/dwi/sub-20326_ses-1_acq-multiband_dir-AP_space-ACPC_desc-preproc_dwi.nii.gz	0.0	0.65357167	0.20892079	0.6338376	0.65357167	0.6338376	0.20892079	0.6305318	0.6305317878723145	sub-20326	ses-1		dir-AP	acq-multiband	space-ACPC			DSIStudio	autotrackgqi
Association_CingulumL	isovf	NODDI	/scratch/grmpy/SLURM_11194840_83/job-11194840-83-sub-20326/ds/inputs/data/qsiprep/qsiprep/sub-20326/ses-1/dwi/sub-20326_ses-1_acq-multiband_dir-AP_space-ACPC_desc-preproc_dwi.nii.gz	0.217391304347826	0.2524475	0.26327562	0.1701477	0.32257178	0.2399644	0.25680313	0.1847358	0.2313921451568603	sub-20326	ses-1		dir-AP	acq-multiband	space-ACPC			DSIStudio	autotrackgqi
Association_CingulumL	modulated_icvf	NODDI	/scratch/grmpy/SLURM_11194840_83/job-11194840-83-sub-20326/ds/inputs/data/qsiprep/qsiprep/sub-20326/ses-1/dwi/sub-20326_ses-1_acq-multiband_dir-AP_space-ACPC_desc-preproc_dwi.nii.gz	0.0	0.44968593	0.15483385	0.45409423	0.44968593	0.45409423	0.15483385	0.49867892	0.4986789226531982	sub-20326	ses-1		dir-AP	acq-multiband	space-ACPC			DSIStudio	autotrackgqi
Association_CingulumL	modulated_od	NODDI	/scratch/grmpy/SLURM_11194840_83/job-11194840-83-sub-20326/ds/inputs/data/qsiprep/qsiprep/sub-20326/ses-1/dwi/sub-20326_ses-1_acq-multiband_dir-AP_space-ACPC_desc-preproc_dwi.nii.gz	0.0	0.19797912	0.1155112	0.19721988	0.19797912	0.19721988	0.1155112	0.20834535	0.208345353603363	sub-20326	ses-1		dir-AP	acq-multiband	space-ACPC			DSIStudio	autotrackgqi
Association_CingulumL	nrmse	NODDI	/scratch/grmpy/SLURM_11194840_83/job-11194840-83-sub-20326/ds/inputs/data/qsiprep/qsiprep/sub-20326/ses-1/dwi/sub-20326_ses-1_acq-multiband_dir-AP_space-ACPC_desc-preproc_dwi.nii.gz	0.0	0.13812596	0.053676803	0.1261007	0.13812596	0.1261007	0.053676803	0.12761348	0.1276134848594665	sub-20326	ses-1		dir-AP	acq-multiband	space-ACPC			DSIStudio	autotrackgqi
Association_CingulumL	od	NODDI	/scratch/grmpy/SLURM_11194840_83/job-11194840-83-sub-20326/ds/inputs/data/qsiprep/qsiprep/sub-20326/ses-1/dwi/sub-20326_ses-1_acq-multiband_dir-AP_space-ACPC_desc-preproc_dwi.nii.gz	0.0	0.27482837	0.1391966	0.25753078	0.27482837	0.25753078	0.1391966	0.26399952	0.2639995217323303	sub-20326	ses-1		dir-AP	acq-multiband	space-ACPC			DSIStudio	autotrackgqi
Association_CingulumL	rmse	NODDI	/scratch/grmpy/SLURM_11194840_83/job-11194840-83-sub-20326/ds/inputs/data/qsiprep/qsiprep/sub-20326/ses-1/dwi/sub-20326_ses-1_acq-multiband_dir-AP_space-ACPC_desc-preproc_dwi.nii.gz	0.0	0.06430235	0.017792696	0.06113492	0.06430235	0.06113492	0.017792696	0.06404224	0.0640422403812408	sub-20326	ses-1		dir-AP	acq-multiband	space-ACPC			DSIStudio	autotrackgqi
Association_CingulumL	tf	NODDI	/scratch/grmpy/SLURM_11194840_83/job-11194840-83-sub-20326/ds/inputs/data/qsiprep/qsiprep/sub-20326/ses-1/dwi/sub-20326_ses-1_acq-multiband_dir-AP_space-ACPC_desc-preproc_dwi.nii.gz	0.0	0.74755245	0.26327562	0.8298523	0.74755245	0.8298523	0.26327562	0.8152642	0.8152642250061035	sub-20326	ses-1		dir-AP	acq-multiband	space-ACPC			DSIStudio	autotrackgqi
Association_ParietalAslantTractR	directions	NODDI	/scratch/grmpy/SLURM_11194840_83/job-11194840-83-sub-20326/ds/inputs/data/qsiprep/qsiprep/sub-20326/ses-1/dwi/sub-20326_ses-1_acq-multiband_dir-AP_space-ACPC_desc-preproc_dwi.nii.gz	4.0	-0.03461937	0.5752646	-0.06703271	-0.03474503	-0.07236545	0.57630384	-0.1976331		sub-20326	ses-1		dir-AP	acq-multiband	space-ACPC			DSIStudio	autotrackgqi
Association_ParietalAslantTractR	icvf	NODDI	/scratch/grmpy/SLURM_11194840_83/job-11194840-83-sub-20326/ds/inputs/data/qsiprep/qsiprep/sub-20326/ses-1/dwi/sub-20326_ses-1_acq-multiband_dir-AP_space-ACPC_desc-preproc_dwi.nii.gz	0.0135623869801084	0.6632404	0.22750124	0.6088124	0.67235917	0.6108617	0.21526101	0.73214006	0.7441019415855408	sub-20326	ses-1		dir-AP	acq-multiband	space-ACPC			DSIStudio	autotrackgqi
Association_ParietalAslantTractR	isovf	NODDI	/scratch/grmpy/SLURM_11194840_83/job-11194840-83-sub-20326/ds/inputs/data/qsiprep/qsiprep/sub-20326/ses-1/dwi/sub-20326_ses-1_acq-multiband_dir-AP_space-ACPC_desc-preproc_dwi.nii.gz	0.2260397830018083	0.27171502	0.28507435	0.16157325	0.35107106	0.27059484	0.27774522	0.3980659	0.4564210474491119	sub-20326	ses-1		dir-AP	acq-multiband	space-ACPC			DSIStudio	autotrackgqi
Association_ParietalAslantTractR	modulated_icvf	NODDI	/scratch/grmpy/SLURM_11194840_83/job-11194840-83-sub-20326/ds/inputs/data/qsiprep/qsiprep/sub-20326/ses-1/dwi/sub-20326_ses-1_acq-multiband_dir-AP_space-ACPC_desc-preproc_dwi.nii.gz	0.0135623869801084	0.43910766	0.15246314	0.4486454	0.4451449	0.45166528	0.1444893	0.39546144	0.4019225239753723	sub-20326	ses-1		dir-AP	acq-multiband	space-ACPC			DSIStudio	autotrackgqi
Association_ParietalAslantTractR	modulated_od	NODDI	/scratch/grmpy/SLURM_11194840_83/job-11194840-83-sub-20326/ds/inputs/data/qsiprep/qsiprep/sub-20326/ses-1/dwi/sub-20326_ses-1_acq-multiband_dir-AP_space-ACPC_desc-preproc_dwi.nii.gz	0.0036166365280289	0.34658793	0.19139066	0.36947095	0.34784594	0.37032896	0.19059314	0.2864445	0.2866142690181732	sub-20326	ses-1		dir-AP	acq-multiband	space-ACPC			DSIStudio	autotrackgqi
Association_ParietalAslantTractR	nrmse	NODDI	/scratch/grmpy/SLURM_11194840_83/job-11194840-83-sub-20326/ds/inputs/data/qsiprep/qsiprep/sub-20326/ses-1/dwi/sub-20326_ses-1_acq-multiband_dir-AP_space-ACPC_desc-preproc_dwi.nii.gz	0.0036166365280289	0.12291032	0.07689144	0.09101458	0.123356454	0.09124789	0.076672815	0.12411593	0.1241895034909248	sub-20326	ses-1		dir-AP	acq-multiband	space-ACPC			DSIStudio	autotrackgqi
Association_ParietalAslantTractR	od	NODDI	/scratch/grmpy/SLURM_11194840_83/job-11194840-83-sub-20326/ds/inputs/data/qsiprep/qsiprep/sub-20326/ses-1/dwi/sub-20326_ses-1_acq-multiband_dir-AP_space-ACPC_desc-preproc_dwi.nii.gz	0.0036166365280289	0.46698686	0.1709587	0.47071272	0.46868193	0.47122806	0.16893348	0.45146322	0.4517308473587036	sub-20326	ses-1		dir-AP	acq-multiband	space-ACPC			DSIStudio	autotrackgqi
Association_ParietalAslantTractR	rmse	NODDI	/scratch/grmpy/SLURM_11194840_83/job-11194840-83-sub-20326/ds/inputs/data/qsiprep/qsiprep/sub-20326/ses-1/dwi/sub-20326_ses-1_acq-multiband_dir-AP_space-ACPC_desc-preproc_dwi.nii.gz	0.0036166365280289	0.055820595	0.033056635	0.04398376	0.05602321	0.04401385	0.032944746	0.051928014	0.051958791911602	sub-20326	ses-1		dir-AP	acq-multiband	space-ACPC			DSIStudio	autotrackgqi
Association_ParietalAslantTractR	tf	NODDI	/scratch/grmpy/SLURM_11194840_83/job-11194840-83-sub-20326/ds/inputs/data/qsiprep/qsiprep/sub-20326/ses-1/dwi/sub-20326_ses-1_acq-multiband_dir-AP_space-ACPC_desc-preproc_dwi.nii.gz	0.0135623869801084	0.7246683	0.28793323	0.83445185	0.73463166	0.84047633	0.2769946	0.6013416	0.6111664175987244	sub-20326	ses-1		dir-AP	acq-multiband	space-ACPC			DSIStudio	autotrackgqi
Association_UncinateFasciculusR	directions	NODDI	/scratch/grmpy/SLURM_11194840_83/job-11194840-83-sub-20326/ds/inputs/data/qsiprep/qsiprep/sub-20326/ses-1/dwi/sub-20326_ses-1_acq-multiband_dir-AP_space-ACPC_desc-preproc_dwi.nii.gz	129.0	-0.023542924	0.5513245	0.0	-0.025771124	-0.04069165	0.5767748	-0.11458252		sub-20326	ses-1		dir-AP	acq-multiband	space-ACPC			DSIStudio	autotrackgqi
Association_UncinateFasciculusR	icvf	NODDI	/scratch/grmpy/SLURM_11194840_83/job-11194840-83-sub-20326/ds/inputs/data/qsiprep/qsiprep/sub-20326/ses-1/dwi/sub-20326_ses-1_acq-multiband_dir-AP_space-ACPC_desc-preproc_dwi.nii.gz	0.0864611260053619	0.4620368	0.22460306	0.43549895	0.50576586	0.44371817	0.18194593	0.4741599	0.4985116124153137	sub-20326	ses-1		dir-AP	acq-multiband	space-ACPC			DSIStudio	autotrackgqi
Association_UncinateFasciculusR	isovf	NODDI	/scratch/grmpy/SLURM_11194840_83/job-11194840-83-sub-20326/ds/inputs/data/qsiprep/qsiprep/sub-20326/ses-1/dwi/sub-20326_ses-1_acq-multiband_dir-AP_space-ACPC_desc-preproc_dwi.nii.gz	0.4919571045576407	0.12086556	0.19612318	0.0052870903	0.23790425	0.16115075	0.21878469	0.08609897	0.1709624677896499	sub-20326	ses-1		dir-AP	acq-multiband	space-ACPC			DSIStudio	autotrackgqi
Association_UncinateFasciculusR	modulated_icvf	NODDI	/scratch/grmpy/SLURM_11194840_83/job-11194840-83-sub-20326/ds/inputs/data/qsiprep/qsiprep/sub-20326/ses-1/dwi/sub-20326_ses-1_acq-multiband_dir-AP_space-ACPC_desc-preproc_dwi.nii.gz	0.0864611260053619	0.3806588	0.17036782	0.41179413	0.41668594	0.4185203	0.12946141	0.4204592	0.4420529901981354	sub-20326	ses-1		dir-AP	acq-multiband	space-ACPC			DSIStudio	autotrackgqi
Association_UncinateFasciculusR	modulated_od	NODDI	/scratch/grmpy/SLURM_11194840_83/job-11194840-83-sub-20326/ds/inputs/data/qsiprep/qsiprep/sub-20326/ses-1/dwi/sub-20326_ses-1_acq-multiband_dir-AP_space-ACPC_desc-preproc_dwi.nii.gz	0.0864611260053619	0.3698065	0.19837156	0.3864569	0.40480652	0.40365663	0.17002177	0.35930377	0.3777567148208618	sub-20326	ses-1		dir-AP	acq-multiband	space-ACPC			DSIStudio	autotrackgqi
Association_UncinateFasciculusR	nrmse	NODDI	/scratch/grmpy/SLURM_11194840_83/job-11194840-83-sub-20326/ds/inputs/data/qsiprep/qsiprep/sub-20326/ses-1/dwi/sub-20326_ses-1_acq-multiband_dir-AP_space-ACPC_desc-preproc_dwi.nii.gz	0.0864611260053619	0.114963084	0.06950713	0.10479714	0.12584367	0.10788823	0.06260381	0.12611108	0.1325878202915191	sub-20326	ses-1		dir-AP	acq-multiband	space-ACPC			DSIStudio	autotrackgqi
Association_UncinateFasciculusR	od	NODDI	/scratch/grmpy/SLURM_11194840_83/job-11194840-83-sub-20326/ds/inputs/data/qsiprep/qsiprep/sub-20326/ses-1/dwi/sub-20326_ses-1_acq-multiband_dir-AP_space-ACPC_desc-preproc_dwi.nii.gz	0.0864611260053619	0.42578706	0.2064122	0.44572854	0.4660853	0.4648784	0.1669011	0.39452577	0.414787620306015	sub-20326	ses-1		dir-AP	acq-multiband	space-ACPC			DSIStudio	autotrackgqi
Association_UncinateFasciculusR	rmse	NODDI	/scratch/grmpy/SLURM_11194840_83/job-11194840-83-sub-20326/ds/inputs/data/qsiprep/qsiprep/sub-20326/ses-1/dwi/sub-20326_ses-1_acq-multiband_dir-AP_space-ACPC_desc-preproc_dwi.nii.gz	0.0864611260053619	0.058110848	0.04922734	0.050903857	0.0636107	0.05252751	0.047987863	0.06637724	0.069786213338375	sub-20326	ses-1		dir-AP	acq-multiband	space-ACPC			DSIStudio	autotrackgqi
Association_UncinateFasciculusR	tf	NODDI	/scratch/grmpy/SLURM_11194840_83/job-11194840-83-sub-20326/ds/inputs/data/qsiprep/qsiprep/sub-20326/ses-1/dwi/sub-20326_ses-1_acq-multiband_dir-AP_space-ACPC_desc-preproc_dwi.nii.gz	0.0864611260053619	0.79267323	0.31072426	0.94726676	0.86769515	0.9754224	0.20147274	0.8650521	0.9094791412353516	sub-20326	ses-1		dir-AP	acq-multiband	space-ACPC			DSIStudio	autotrackgqi
Association_InferiorFrontoOccipitalFasciculusR	directions	NODDI	/scratch/grmpy/SLURM_11194840_83/job-11194840-83-sub-20326/ds/inputs/data/qsiprep/qsiprep/sub-20326/ses-1/dwi/sub-20326_ses-1_acq-multiband_dir-AP_space-ACPC_desc-preproc_dwi.nii.gz	46.0	-0.096302986	0.5540957	-0.055945158	-0.10149027	-0.1155629	0.56836	-0.37883672		sub-20326	ses-1		dir-AP	acq-multiband	space-ACPC			DSIStudio	autotrackgqi
Association_InferiorFrontoOccipitalFasciculusR	icvf	NODDI	/scratch/grmpy/SLURM_11194840_83/job-11194840-83-sub-20326/ds/inputs/data/qsiprep/qsiprep/sub-20326/ses-1/dwi/sub-20326_ses-1_acq-multiband_dir-AP_space-ACPC_desc-preproc_dwi.nii.gz	0.0555555555555555	0.60748994	0.2239825	0.61259437	0.64322466	0.61945665	0.17359085	0.6746627	0.7015607357025146	sub-20326	ses-1		dir-AP	acq-multiband	space-ACPC			DSIStudio	autotrackgqi
Association_InferiorFrontoOccipitalFasciculusR	isovf	NODDI	/scratch/grmpy/SLURM_11194840_83/job-11194840-83-sub-20326/ds/inputs/data/qsiprep/qsiprep/sub-20326/ses-1/dwi/sub-20326_ses-1_acq-multiband_dir-AP_space-ACPC_desc-preproc_dwi.nii.gz	0.2933333333333333	0.16158853	0.22899203	0.07334205	0.22866303	0.13013765	0.2426239	0.18966097	0.2295415997505188	sub-20326	ses-1		dir-AP	acq-multiband	space-ACPC			DSIStudio	autotrackgqi
Association_InferiorFrontoOccipitalFasciculusR	modulated_icvf	NODDI	/scratch/grmpy/SLURM_11194840_83/job-11194840-83-sub-20326/ds/inputs/data/qsiprep/qsiprep/sub-20326/ses-1/dwi/sub-20326_ses-1_acq-multiband_dir-AP_space-ACPC_desc-preproc_dwi.nii.gz	0.0555555555555555	0.48411396	0.18419284	0.54290754	0.51259124	0.5530455	0.14603251	0.53276575	0.5540064573287964	sub-20326	ses-1		dir-AP	acq-multiband	space-ACPC			DSIStudio	autotrackgqi
Association_InferiorFrontoOccipitalFasciculusR	modulated_od	NODDI	/scratch/grmpy/SLURM_11194840_83/job-11194840-83-sub-20326/ds/inputs/data/qsiprep/qsiprep/sub-20326/ses-1/dwi/sub-20326_ses-1_acq-multiband_dir-AP_space-ACPC_desc-preproc_dwi.nii.gz	0.0522222222222222	0.2864628	0.19899735	0.28978798	0.3022468	0.31383	0.192383	0.22151399	0.2287148535251617	sub-20326	ses-1		dir-AP	acq-multiband	space-ACPC			DSIStudio	autotrackgqi
Association_InferiorFrontoOccipitalFasciculusR	nrmse	NODDI	/scratch/grmpy/SLURM_11194840_83/job-11194840-83-sub-20326/ds/inputs/data/qsiprep/qsiprep/sub-20326/ses-1/dwi/sub-20326_ses-1_acq-multiband_dir-AP_space-ACPC_desc-preproc_dwi.nii.gz	0.0511111111111111	0.0945989	0.06013993	0.07959786	0.099694386	0.082098916	0.05747726	0.10434201	0.1075051128864288	sub-20326	ses-1		dir-AP	acq-multiband	space-ACPC			DSIStudio	autotrackgqi
Association_InferiorFrontoOccipitalFasciculusR	od	NODDI	/scratch/grmpy/SLURM_11194840_83/job-11194840-83-sub-20326/ds/inputs/data/qsiprep/qsiprep/sub-20326/ses-1/dwi/sub-20326_ses-1_acq-multiband_dir-AP_space-ACPC_desc-preproc_dwi.nii.gz	0.0511111111111111	0.34278753	0.2106225	0.37549382	0.3612515	0.38998446	0.20020296	0.27405274	0.2823605835437774	sub-20326	ses-1		dir-AP	acq-multiband	space-ACPC			DSIStudio	autotrackgqi
Association_InferiorFrontoOccipitalFasciculusR	rmse	NODDI	/scratch/grmpy/SLURM_11194840_83/job-11194840-83-sub-20326/ds/inputs/data/qsiprep/qsiprep/sub-20326/ses-1/dwi/sub-20326_ses-1_acq-multiband_dir-AP_space-ACPC_desc-preproc_dwi.nii.gz	0.0511111111111111	0.04654462	0.026120914	0.04223156	0.049051706	0.043035332	0.024414686	0.05176151	0.0533306524157524	sub-20326	ses-1		dir-AP	acq-multiband	space-ACPC			DSIStudio	autotrackgqi
Association_InferiorFrontoOccipitalFasciculusR	tf	NODDI	/scratch/grmpy/SLURM_11194840_83/job-11194840-83-sub-20326/ds/inputs/data/qsiprep/qsiprep/sub-20326/ses-1/dwi/sub-20326_ses-1_acq-multiband_dir-AP_space-ACPC_desc-preproc_dwi.nii.gz	0.0555555555555555	0.78730035	0.2905481	0.9089682	0.83361214	0.91847384	0.2253395	0.7809161	0.8120502829551697	sub-20326	ses-1		dir-AP	acq-multiband	space-ACPC			DSIStudio	autotrackgqi
Association_VerticalOccipitalFasciculusR	directions	NODDI	/scratch/grmpy/SLURM_11194840_83/job-11194840-83-sub-20326/ds/inputs/data/qsiprep/qsiprep/sub-20326/ses-1/dwi/sub-20326_ses-1_acq-multiband_dir-AP_space-ACPC_desc-preproc_dwi.nii.gz	0.0	0.0585597	0.57437277	0.061549313	0.0585597	0.061549313	0.57437277	0.12826234		sub-20326	ses-1		dir-AP	acq-multiband	space-ACPC			DSIStudio	autotrackgqi
Association_VerticalOccipitalFasciculusR	icvf	NODDI	/scratch/grmpy/SLURM_11194840_83/job-11194840-83-sub-20326/ds/inputs/data/qsiprep/qsiprep/sub-20326/ses-1/dwi/sub-20326_ses-1_acq-multiband_dir-AP_space-ACPC_desc-preproc_dwi.nii.gz	0.0300794551645856	0.65689886	0.19403422	0.6065005	0.6772708	0.60986966	0.15817568	0.67769426	0.6872730255126953	sub-20326	ses-1		dir-AP	acq-multiband	space-ACPC			DSIStudio	autotrackgqi
Association_VerticalOccipitalFasciculusR	isovf	NODDI	/scratch/grmpy/SLURM_11194840_83/job-11194840-83-sub-20326/ds/inputs/data/qsiprep/qsiprep/sub-20326/ses-1/dwi/sub-20326_ses-1_acq-multiband_dir-AP_space-ACPC_desc-preproc_dwi.nii.gz	0.1259931895573212	0.23955692	0.27666363	0.12161636	0.27409047	0.14802273	0.27948442	0.2511694	0.290009081363678	sub-20326	ses-1		dir-AP	acq-multiband	space-ACPC			DSIStudio	autotrackgqi
Association_VerticalOccipitalFasciculusR	modulated_icvf	NODDI	/scratch/grmpy/SLURM_11194840_83/job-11194840-83-sub-20326/ds/inputs/data/qsiprep/qsiprep/sub-20326/ses-1/dwi/sub-20326_ses-1_acq-multiband_dir-AP_space-ACPC_desc-preproc_dwi.nii.gz	0.0300794551645856	0.48271874	0.14941035	0.5287211	0.49768895	0.5315117	0.124760754	0.4765244	0.48325976729393	sub-20326	ses-1		dir-AP	acq-multiband	space-ACPC			DSIStudio	autotrackgqi
Association_VerticalOccipitalFasciculusR	modulated_od	NODDI	/scratch/grmpy/SLURM_11194840_83/job-11194840-83-sub-20326/ds/inputs/data/qsiprep/qsiprep/sub-20326/ses-1/dwi/sub-20326_ses-1_acq-multiband_dir-AP_space-ACPC_desc-preproc_dwi.nii.gz	0.0	0.31607294	0.17601687	0.36356503	0.31607294	0.36356503	0.17601687	0.30987847	0.3098784685134887	sub-20326	ses-1		dir-AP	acq-multiband	space-ACPC			DSIStudio	autotrackgqi
Association_VerticalOccipitalFasciculusR	nrmse	NODDI	/scratch/grmpy/SLURM_11194840_83/job-11194840-83-sub-20326/ds/inputs/data/qsiprep/qsiprep/sub-20326/ses-1/dwi/sub-20326_ses-1_acq-multiband_dir-AP_space-ACPC_desc-preproc_dwi.nii.gz	0.0	0.107159	0.069594435	0.08205524	0.107159	0.08205524	0.069594435	0.100719154	0.100719153881073	sub-20326	ses-1		dir-AP	acq-multiband	space-ACPC			DSIStudio	autotrackgqi
Association_VerticalOccipitalFasciculusR	od	NODDI	/scratch/grmpy/SLURM_11194840_83/job-11194840-83-sub-20326/ds/inputs/data/qsiprep/qsiprep/sub-20326/ses-1/dwi/sub-20326_ses-1_acq-multiband_dir-AP_space-ACPC_desc-preproc_dwi.nii.gz	0.0	0.42612264	0.18968445	0.4381159	0.42612264	0.4381159	0.18968445	0.40621883	0.4062188267707824	sub-20326	ses-1		dir-AP	acq-multiband	space-ACPC			DSIStudio	autotrackgqi
Association_VerticalOccipitalFasciculusR	rmse	NODDI	/scratch/grmpy/SLURM_11194840_83/job-11194840-83-sub-20326/ds/inputs/data/qsiprep/qsiprep/sub-20326/ses-1/dwi/sub-20326_ses-1_acq-multiband_dir-AP_space-ACPC_desc-preproc_dwi.nii.gz	0.0	0.049074963	0.02380251	0.04258312	0.049074963	0.04258312	0.02380251	0.046201814	0.0462018139660358	sub-20326	ses-1		dir-AP	acq-multiband	space-ACPC			DSIStudio	autotrackgqi
Association_VerticalOccipitalFasciculusR	tf	NODDI	/scratch/grmpy/SLURM_11194840_83/job-11194840-83-sub-20326/ds/inputs/data/qsiprep/qsiprep/sub-20326/ses-1/dwi/sub-20326_ses-1_acq-multiband_dir-AP_space-ACPC_desc-preproc_dwi.nii.gz	0.0300794551645856	0.76044303	0.27666363	0.87838364	0.78402615	0.8830174	0.24581859	0.74883056	0.7594148516654968	sub-20326	ses-1		dir-AP	acq-multiband	space-ACPC			DSIStudio	autotrackgqi
Association_FrontalAslantTractL	directions	NODDI	/scratch/grmpy/SLURM_11194840_83/job-11194840-83-sub-20326/ds/inputs/data/qsiprep/qsiprep/sub-20326/ses-1/dwi/sub-20326_ses-1_acq-multiband_dir-AP_space-ACPC_desc-preproc_dwi.nii.gz	0.0	0.046637975	0.57546353	0.10250207	0.046637975	0.10250207	0.57546353	0.21280684		sub-20326	ses-1		dir-AP	acq-multiband	space-ACPC			DSIStudio	autotrackgqi
Association_FrontalAslantTractL	icvf	NODDI	/scratch/grmpy/SLURM_11194840_83/job-11194840-83-sub-20326/ds/inputs/data/qsiprep/qsiprep/sub-20326/ses-1/dwi/sub-20326_ses-1_acq-multiband_dir-AP_space-ACPC_desc-preproc_dwi.nii.gz	0.0170068027210884	0.45971555	0.15232891	0.4242974	0.4676691	0.4254012	0.14101745	0.4735331	0.4861971735954284	sub-20326	ses-1		dir-AP	acq-multiband	space-ACPC			DSIStudio	autotrackgqi
Association_FrontalAslantTractL	isovf	NODDI	/scratch/grmpy/SLURM_11194840_83/job-11194840-83-sub-20326/ds/inputs/data/qsiprep/qsiprep/sub-20326/ses-1/dwi/sub-20326_ses-1_acq-multiband_dir-AP_space-ACPC_desc-preproc_dwi.nii.gz	0.564625850340136	0.116618566	0.23214728	0.0	0.26785827	0.1305033	0.28857094	0.15118484	0.4634351134300232	sub-20326	ses-1		dir-AP	acq-multiband	space-ACPC			DSIStudio	autotrackgqi
Association_FrontalAslantTractL	modulated_icvf	NODDI	/scratch/grmpy/SLURM_11194840_83/job-11194840-83-sub-20326/ds/inputs/data/qsiprep/qsiprep/sub-20326/ses-1/dwi/sub-20326_ses-1_acq-multiband_dir-AP_space-ACPC_desc-preproc_dwi.nii.gz	0.0170068027210884	0.3893486	0.08649679	0.41301447	0.39608473	0.41380757	0.07030687	0.37678093	0.3868575394153595	sub-20326	ses-1		dir-AP	acq-multiband	space-ACPC			DSIStudio	autotrackgqi
Association_FrontalAslantTractL	modulated_od	NODDI	/scratch/grmpy/SLURM_11194840_83/job-11194840-83-sub-20326/ds/inputs/data/qsiprep/qsiprep/sub-20326/ses-1/dwi/sub-20326_ses-1_acq-multiband_dir-AP_space-ACPC_desc-preproc_dwi.nii.gz	0.0	0.30244166	0.15357412	0.30137047	0.30244166	0.30137047	0.15357412	0.28327313	0.2832731306552887	sub-20326	ses-1		dir-AP	acq-multiband	space-ACPC			DSIStudio	autotrackgqi
Association_FrontalAslantTractL	nrmse	NODDI	/scratch/grmpy/SLURM_11194840_83/job-11194840-83-sub-20326/ds/inputs/data/qsiprep/qsiprep/sub-20326/ses-1/dwi/sub-20326_ses-1_acq-multiband_dir-AP_space-ACPC_desc-preproc_dwi.nii.gz	0.0	0.103366256	0.05435332	0.089140385	0.103366256	0.089140385	0.05435332	0.10140598	0.1014059782028198	sub-20326	ses-1		dir-AP	acq-multiband	space-ACPC			DSIStudio	autotrackgqi
Association_FrontalAslantTractL	od	NODDI	/scratch/grmpy/SLURM_11194840_83/job-11194840-83-sub-20326/ds/inputs/data/qsiprep/qsiprep/sub-20326/ses-1/dwi/sub-20326_ses-1_acq-multiband_dir-AP_space-ACPC_desc-preproc_dwi.nii.gz	0.0	0.35420045	0.17442875	0.33530712	0.35420045	0.33530712	0.17442875	0.34708816	0.3470881581306457	sub-20326	ses-1		dir-AP	acq-multiband	space-ACPC			DSIStudio	autotrackgqi
Association_FrontalAslantTractL	rmse	NODDI	/scratch/grmpy/SLURM_11194840_83/job-11194840-83-sub-20326/ds/inputs/data/qsiprep/qsiprep/sub-20326/ses-1/dwi/sub-20326_ses-1_acq-multiband_dir-AP_space-ACPC_desc-preproc_dwi.nii.gz	0.0	0.048109192	0.01703702	0.04460902	0.048109192	0.04460902	0.01703702	0.046047382	0.0460473820567131	sub-20326	ses-1		dir-AP	acq-multiband	space-ACPC			DSIStudio	autotrackgqi
Association_FrontalAslantTractL	tf	NODDI	/scratch/grmpy/SLURM_11194840_83/job-11194840-83-sub-20326/ds/inputs/data/qsiprep/qsiprep/sub-20326/ses-1/dwi/sub-20326_ses-1_acq-multiband_dir-AP_space-ACPC_desc-preproc_dwi.nii.gz	0.0170068027210884	0.8833814	0.23214728	1.0	0.89866483	1.0	0.20270689	0.8488152	0.8715158104896545	sub-20326	ses-1		dir-AP	acq-multiband	space-ACPC			DSIStudio	autotrackgqi
Association_VerticalOccipitalFasciculusL	directions	NODDI	/scratch/grmpy/SLURM_11194840_83/job-11194840-83-sub-20326/ds/inputs/data/qsiprep/qsiprep/sub-20326/ses-1/dwi/sub-20326_ses-1_acq-multiband_dir-AP_space-ACPC_desc-preproc_dwi.nii.gz	0.0	0.037588406	0.5761254	0.015196373	0.037588406	0.015196373	0.5761254	0.105388924		sub-20326	ses-1		dir-AP	acq-multiband	space-ACPC			DSIStudio	autotrackgqi
Association_VerticalOccipitalFasciculusL	icvf	NODDI	/scratch/grmpy/SLURM_11194840_83/job-11194840-83-sub-20326/ds/inputs/data/qsiprep/qsiprep/sub-20326/ses-1/dwi/sub-20326_ses-1_acq-multiband_dir-AP_space-ACPC_desc-preproc_dwi.nii.gz	0.0359249329758713	0.6406271	0.18365088	0.61381805	0.66449916	0.6182522	0.13828044	0.6556567	0.6798288822174072	sub-20326	ses-1		dir-AP	acq-multiband	space-ACPC			DSIStudio	autotrackgqi
Association_VerticalOccipitalFasciculusL	isovf	NODDI	/scratch/grmpy/SLURM_11194840_83/job-11194840-83-sub-20326/ds/inputs/data/qsiprep/qsiprep/sub-20326/ses-1/dwi/sub-20326_ses-1_acq-multiband_dir-AP_space-ACPC_desc-preproc_dwi.nii.gz	0.092225201072386	0.23635742	0.26635617	0.1384638	0.2603701	0.15140833	0.26814386	0.24794349	0.261066734790802	sub-20326	ses-1		dir-AP	acq-multiband	space-ACPC			DSIStudio	autotrackgqi
Association_VerticalOccipitalFasciculusL	modulated_icvf	NODDI	/scratch/grmpy/SLURM_11194840_83/job-11194840-83-sub-20326/ds/inputs/data/qsiprep/qsiprep/sub-20326/ses-1/dwi/sub-20326_ses-1_acq-multiband_dir-AP_space-ACPC_desc-preproc_dwi.nii.gz	0.0359249329758713	0.48252985	0.15384755	0.5237368	0.50051063	0.52626663	0.124705546	0.49087495	0.50897216796875	sub-20326	ses-1		dir-AP	acq-multiband	space-ACPC			DSIStudio	autotrackgqi
Association_VerticalOccipitalFasciculusL	modulated_od	NODDI	/scratch/grmpy/SLURM_11194840_83/job-11194840-83-sub-20326/ds/inputs/data/qsiprep/qsiprep/sub-20326/ses-1/dwi/sub-20326_ses-1_acq-multiband_dir-AP_space-ACPC_desc-preproc_dwi.nii.gz	0.0	0.29606673	0.17590356	0.30453214	0.29606673	0.30453214	0.17590356	0.21199977	0.2119997888803482	sub-20326	ses-1		dir-AP	acq-multiband	space-ACPC			DSIStudio	autotrackgqi
Association_VerticalOccipitalFasciculusL	nrmse	NODDI	/scratch/grmpy/SLURM_11194840_83/job-11194840-83-sub-20326/ds/inputs/data/qsiprep/qsiprep/sub-20326/ses-1/dwi/sub-20326_ses-1_acq-multiband_dir-AP_space-ACPC_desc-preproc_dwi.nii.gz	0.0005361930294906	0.107740976	0.065765455	0.08724923	0.10779878	0.08728726	0.06573572	0.111364074	0.1113664954900741	sub-20326	ses-1		dir-AP	acq-multiband	space-ACPC			DSIStudio	autotrackgqi
Association_VerticalOccipitalFasciculusL	od	NODDI	/scratch/grmpy/SLURM_11194840_83/job-11194840-83-sub-20326/ds/inputs/data/qsiprep/qsiprep/sub-20326/ses-1/dwi/sub-20326_ses-1_acq-multiband_dir-AP_space-ACPC_desc-preproc_dwi.nii.gz	0.0	0.4036836	0.20159467	0.39810017	0.4036836	0.39810017	0.20159467	0.31241453	0.3124145567417145	sub-20326	ses-1		dir-AP	acq-multiband	space-ACPC			DSIStudio	autotrackgqi
Association_VerticalOccipitalFasciculusL	rmse	NODDI	/scratch/grmpy/SLURM_11194840_83/job-11194840-83-sub-20326/ds/inputs/data/qsiprep/qsiprep/sub-20326/ses-1/dwi/sub-20326_ses-1_acq-multiband_dir-AP_space-ACPC_desc-preproc_dwi.nii.gz	0.0005361930294906	0.05012451	0.02369901	0.04432976	0.050151404	0.04433838	0.023676902	0.052382253	0.0523833930492401	sub-20326	ses-1		dir-AP	acq-multiband	space-ACPC			DSIStudio	autotrackgqi
Association_VerticalOccipitalFasciculusL	tf	NODDI	/scratch/grmpy/SLURM_11194840_83/job-11194840-83-sub-20326/ds/inputs/data/qsiprep/qsiprep/sub-20326/ses-1/dwi/sub-20326_ses-1_acq-multiband_dir-AP_space-ACPC_desc-preproc_dwi.nii.gz	0.0353887399463807	0.76364255	0.26635617	0.8615362	0.79165834	0.8664682	0.2266483	0.7520565	0.7797651290893555	sub-20326	ses-1		dir-AP	acq-multiband	space-ACPC			DSIStudio	autotrackgqi
Association_ArcuateFasciculusL	directions	NODDI	/scratch/grmpy/SLURM_11194840_83/job-11194840-83-sub-20326/ds/inputs/data/qsiprep/qsiprep/sub-20326/ses-1/dwi/sub-20326_ses-1_acq-multiband_dir-AP_space-ACPC_desc-preproc_dwi.nii.gz	0.0	-0.020445148	0.57698816	-0.028275428	-0.020445148	-0.028275428	0.57698816	0.045293584		sub-20326	ses-1		dir-AP	acq-multiband	space-ACPC			DSIStudio	autotrackgqi
Association_ArcuateFasciculusL	icvf	NODDI	/scratch/grmpy/SLURM_11194840_83/job-11194840-83-sub-20326/ds/inputs/data/qsiprep/qsiprep/sub-20326/ses-1/dwi/sub-20326_ses-1_acq-multiband_dir-AP_space-ACPC_desc-preproc_dwi.nii.gz	0.0122186495176848	0.66038185	0.22638416	0.6259512	0.66855067	0.6290232	0.2154588	0.66082966	0.666724681854248	sub-20326	ses-1		dir-AP	acq-multiband	space-ACPC			DSIStudio	autotrackgqi
Association_ArcuateFasciculusL	isovf	NODDI	/scratch/grmpy/SLURM_11194840_83/job-11194840-83-sub-20326/ds/inputs/data/qsiprep/qsiprep/sub-20326/ses-1/dwi/sub-20326_ses-1_acq-multiband_dir-AP_space-ACPC_desc-preproc_dwi.nii.gz	0.2630225080385852	0.25991195	0.28462574	0.14554432	0.35267285	0.24992238	0.2778671	0.2374788	0.2964904308319092	sub-20326	ses-1		dir-AP	acq-multiband	space-ACPC			DSIStudio	autotrackgqi
Association_ArcuateFasciculusL	modulated_icvf	NODDI	/scratch/grmpy/SLURM_11194840_83/job-11194840-83-sub-20326/ds/inputs/data/qsiprep/qsiprep/sub-20326/ses-1/dwi/sub-20326_ses-1_acq-multiband_dir-AP_space-ACPC_desc-preproc_dwi.nii.gz	0.0122186495176848	0.44963834	0.16211954	0.4410808	0.45520028	0.4431523	0.15516463	0.47701186	0.4812670350074768	sub-20326	ses-1		dir-AP	acq-multiband	space-ACPC			DSIStudio	autotrackgqi
Association_ArcuateFasciculusL	modulated_od	NODDI	/scratch/grmpy/SLURM_11194840_83/job-11194840-83-sub-20326/ds/inputs/data/qsiprep/qsiprep/sub-20326/ses-1/dwi/sub-20326_ses-1_acq-multiband_dir-AP_space-ACPC_desc-preproc_dwi.nii.gz	0.0	0.25147533	0.17458177	0.22424684	0.25147533	0.22424684	0.17458177	0.20589234	0.205892339348793	sub-20326	ses-1		dir-AP	acq-multiband	space-ACPC			DSIStudio	autotrackgqi
Association_ArcuateFasciculusL	nrmse	NODDI	/scratch/grmpy/SLURM_11194840_83/job-11194840-83-sub-20326/ds/inputs/data/qsiprep/qsiprep/sub-20326/ses-1/dwi/sub-20326_ses-1_acq-multiband_dir-AP_space-ACPC_desc-preproc_dwi.nii.gz	0.0	0.13575439	0.075434476	0.11162851	0.13575439	0.11162851	0.075434476	0.13109227	0.1310922652482986	sub-20326	ses-1		dir-AP	acq-multiband	space-ACPC			DSIStudio	autotrackgqi
Association_ArcuateFasciculusL	od	NODDI	/scratch/grmpy/SLURM_11194840_83/job-11194840-83-sub-20326/ds/inputs/data/qsiprep/qsiprep/sub-20326/ses-1/dwi/sub-20326_ses-1_acq-multiband_dir-AP_space-ACPC_desc-preproc_dwi.nii.gz	0.0	0.35027474	0.19622833	0.33580974	0.35027474	0.33580974	0.19622833	0.2822324	0.282232403755188	sub-20326	ses-1		dir-AP	acq-multiband	space-ACPC			DSIStudio	autotrackgqi
Association_ArcuateFasciculusL	rmse	NODDI	/scratch/grmpy/SLURM_11194840_83/job-11194840-83-sub-20326/ds/inputs/data/qsiprep/qsiprep/sub-20326/ses-1/dwi/sub-20326_ses-1_acq-multiband_dir-AP_space-ACPC_desc-preproc_dwi.nii.gz	0.0	0.06284851	0.032827128	0.055046774	0.06284851	0.055046774	0.032827128	0.063103825	0.0631038248538971	sub-20326	ses-1		dir-AP	acq-multiband	space-ACPC			DSIStudio	autotrackgqi
Association_ArcuateFasciculusL	tf	NODDI	/scratch/grmpy/SLURM_11194840_83/job-11194840-83-sub-20326/ds/inputs/data/qsiprep/qsiprep/sub-20326/ses-1/dwi/sub-20326_ses-1_acq-multiband_dir-AP_space-ACPC_desc-preproc_dwi.nii.gz	0.0122186495176848	0.74008805	0.28462574	0.8544557	0.7492428	0.8577888	0.27414373	0.7625212	0.7693232893943787	sub-20326	ses-1		dir-AP	acq-multiband	space-ACPC			DSIStudio	autotrackgqi
Association_ParietalAslantTractL	directions	NODDI	/scratch/grmpy/SLURM_11194840_83/job-11194840-83-sub-20326/ds/inputs/data/qsiprep/qsiprep/sub-20326/ses-1/dwi/sub-20326_ses-1_acq-multiband_dir-AP_space-ACPC_desc-preproc_dwi.nii.gz	1.0	0.022200024	0.5766562	0.0069086105	0.022220561	0.0078113656	0.57692254	0.22034952		sub-20326	ses-1		dir-AP	acq-multiband	space-ACPC			DSIStudio	autotrackgqi
Association_ParietalAslantTractL	icvf	NODDI	/scratch/grmpy/SLURM_11194840_83/job-11194840-83-sub-20326/ds/inputs/data/qsiprep/qsiprep/sub-20326/ses-1/dwi/sub-20326_ses-1_acq-multiband_dir-AP_space-ACPC_desc-preproc_dwi.nii.gz	0.0240295748613678	0.6709322	0.19572233	0.6133004	0.68745136	0.615128	0.1670158	0.68321913	0.6913387775421143	sub-20326	ses-1		dir-AP	acq-multiband	space-ACPC			DSIStudio	autotrackgqi
Association_ParietalAslantTractL	isovf	NODDI	/scratch/grmpy/SLURM_11194840_83/job-11194840-83-sub-20326/ds/inputs/data/qsiprep/qsiprep/sub-20326/ses-1/dwi/sub-20326_ses-1_acq-multiband_dir-AP_space-ACPC_desc-preproc_dwi.nii.gz	0.1580406654343807	0.259329	0.28318644	0.14374423	0.30800655	0.179463	0.28329232	0.2568327	0.294780284166336	sub-20326	ses-1		dir-AP	acq-multiband	space-ACPC			DSIStudio	autotrackgqi
Association_ParietalAslantTractL	modulated_icvf	NODDI	/scratch/grmpy/SLURM_11194840_83/job-11194840-83-sub-20326/ds/inputs/data/qsiprep/qsiprep/sub-20326/ses-1/dwi/sub-20326_ses-1_acq-multiband_dir-AP_space-ACPC_desc-preproc_dwi.nii.gz	0.0240295748613678	0.47264704	0.15512875	0.51858866	0.4842842	0.5221187	0.13791937	0.47702032	0.4826893806457519	sub-20326	ses-1		dir-AP	acq-multiband	space-ACPC			DSIStudio	autotrackgqi
Association_ParietalAslantTractL	modulated_od	NODDI	/scratch/grmpy/SLURM_11194840_83/job-11194840-83-sub-20326/ds/inputs/data/qsiprep/qsiprep/sub-20326/ses-1/dwi/sub-20326_ses-1_acq-multiband_dir-AP_space-ACPC_desc-preproc_dwi.nii.gz	0.0009242144177449	0.32674223	0.17483665	0.36203855	0.3270445	0.36209404	0.17463471	0.31731856	0.3173381090164184	sub-20326	ses-1		dir-AP	acq-multiband	space-ACPC			DSIStudio	autotrackgqi
Association_ParietalAslantTractL	nrmse	NODDI	/scratch/grmpy/SLURM_11194840_83/job-11194840-83-sub-20326/ds/inputs/data/qsiprep/qsiprep/sub-20326/ses-1/dwi/sub-20326_ses-1_acq-multiband_dir-AP_space-ACPC_desc-preproc_dwi.nii.gz	0.0009242144177449	0.1205892	0.08296752	0.088291906	0.12070075	0.088305615	0.08292474	0.115007766	0.1150148436427116	sub-20326	ses-1		dir-AP	acq-multiband	space-ACPC			DSIStudio	autotrackgqi
Association_ParietalAslantTractL	od	NODDI	/scratch/grmpy/SLURM_11194840_83/job-11194840-83-sub-20326/ds/inputs/data/qsiprep/qsiprep/sub-20326/ses-1/dwi/sub-20326_ses-1_acq-multiband_dir-AP_space-ACPC_desc-preproc_dwi.nii.gz	0.0009242144177449	0.44741532	0.17109725	0.44938406	0.44782922	0.44941506	0.17063409	0.43468362	0.4347103834152221	sub-20326	ses-1		dir-AP	acq-multiband	space-ACPC			DSIStudio	autotrackgqi
Association_ParietalAslantTractL	rmse	NODDI	/scratch/grmpy/SLURM_11194840_83/job-11194840-83-sub-20326/ds/inputs/data/qsiprep/qsiprep/sub-20326/ses-1/dwi/sub-20326_ses-1_acq-multiband_dir-AP_space-ACPC_desc-preproc_dwi.nii.gz	0.0009242144177449	0.055216953	0.038913734	0.045019016	0.055268034	0.04502624	0.038895458	0.0526703	0.0526735372841358	sub-20326	ses-1		dir-AP	acq-multiband	space-ACPC			DSIStudio	autotrackgqi
Association_ParietalAslantTractL	tf	NODDI	/scratch/grmpy/SLURM_11194840_83/job-11194840-83-sub-20326/ds/inputs/data/qsiprep/qsiprep/sub-20326/ses-1/dwi/sub-20326_ses-1_acq-multiband_dir-AP_space-ACPC_desc-preproc_dwi.nii.gz	0.0240295748613678	0.73974675	0.2839693	0.85589695	0.75796026	0.86366594	0.2623336	0.7431058	0.7519370913505554	sub-20326	ses-1		dir-AP	acq-multiband	space-ACPC			DSIStudio	autotrackgqi
Association_HippocampusAlveusR	directions	NODDI	/scratch/grmpy/SLURM_11194840_83/job-11194840-83-sub-20326/ds/inputs/data/qsiprep/qsiprep/sub-20326/ses-1/dwi/sub-20326_ses-1_acq-multiband_dir-AP_space-ACPC_desc-preproc_dwi.nii.gz	0.0	-0.09528587	0.569433	-0.23946111	-0.09528587	-0.23946111	0.569433	-0.28585765		sub-20326	ses-1		dir-AP	acq-multiband	space-ACPC			DSIStudio	autotrackgqi
Association_HippocampusAlveusR	icvf	NODDI	/scratch/grmpy/SLURM_11194840_83/job-11194840-83-sub-20326/ds/inputs/data/qsiprep/qsiprep/sub-20326/ses-1/dwi/sub-20326_ses-1_acq-multiband_dir-AP_space-ACPC_desc-preproc_dwi.nii.gz	0.0	0.5157596	0.163866	0.45851028	0.5157596	0.45851028	0.163866	0.5157596	0.5157596468925476	sub-20326	ses-1		dir-AP	acq-multiband	space-ACPC			DSIStudio	autotrackgqi
Association_HippocampusAlveusR	isovf	NODDI	/scratch/grmpy/SLURM_11194840_83/job-11194840-83-sub-20326/ds/inputs/data/qsiprep/qsiprep/sub-20326/ses-1/dwi/sub-20326_ses-1_acq-multiband_dir-AP_space-ACPC_desc-preproc_dwi.nii.gz	0.5161290322580645	0.053086862	0.08087395	0.0	0.10971285	0.10216779	0.08546714	0.053086866	0.1097128614783287	sub-20326	ses-1		dir-AP	acq-multiband	space-ACPC			DSIStudio	autotrackgqi
Association_HippocampusAlveusR	modulated_icvf	NODDI	/scratch/grmpy/SLURM_11194840_83/job-11194840-83-sub-20326/ds/inputs/data/qsiprep/qsiprep/sub-20326/ses-1/dwi/sub-20326_ses-1_acq-multiband_dir-AP_space-ACPC_desc-preproc_dwi.nii.gz	0.0	0.4829977	0.1397901	0.44659021	0.4829977	0.44659021	0.1397901	0.48299766	0.4829978048801422	sub-20326	ses-1		dir-AP	acq-multiband	space-ACPC			DSIStudio	autotrackgqi
Association_HippocampusAlveusR	modulated_od	NODDI	/scratch/grmpy/SLURM_11194840_83/job-11194840-83-sub-20326/ds/inputs/data/qsiprep/qsiprep/sub-20326/ses-1/dwi/sub-20326_ses-1_acq-multiband_dir-AP_space-ACPC_desc-preproc_dwi.nii.gz	0.0	0.4068797	0.16340466	0.40008554	0.4068797	0.40008554	0.16340466	0.40687972	0.4068797826766968	sub-20326	ses-1		dir-AP	acq-multiband	space-ACPC			DSIStudio	autotrackgqi
Association_HippocampusAlveusR	nrmse	NODDI	/scratch/grmpy/SLURM_11194840_83/job-11194840-83-sub-20326/ds/inputs/data/qsiprep/qsiprep/sub-20326/ses-1/dwi/sub-20326_ses-1_acq-multiband_dir-AP_space-ACPC_desc-preproc_dwi.nii.gz	0.0	0.12697153	0.06605382	0.101888716	0.12697153	0.101888716	0.06605382	0.12697151	0.1269715577363968	sub-20326	ses-1		dir-AP	acq-multiband	space-ACPC			DSIStudio	autotrackgqi
Association_HippocampusAlveusR	od	NODDI	/scratch/grmpy/SLURM_11194840_83/job-11194840-83-sub-20326/ds/inputs/data/qsiprep/qsiprep/sub-20326/ses-1/dwi/sub-20326_ses-1_acq-multiband_dir-AP_space-ACPC_desc-preproc_dwi.nii.gz	0.0	0.43090332	0.17332654	0.4146623	0.43090332	0.4146623	0.17332654	0.43090326	0.4309034049510956	sub-20326	ses-1		dir-AP	acq-multiband	space-ACPC			DSIStudio	autotrackgqi
Association_HippocampusAlveusR	rmse	NODDI	/scratch/grmpy/SLURM_11194840_83/job-11194840-83-sub-20326/ds/inputs/data/qsiprep/qsiprep/sub-20326/ses-1/dwi/sub-20326_ses-1_acq-multiband_dir-AP_space-ACPC_desc-preproc_dwi.nii.gz	0.0	0.0681726	0.046210326	0.05153223	0.0681726	0.05153223	0.046210326	0.0681726	0.0681726112961769	sub-20326	ses-1		dir-AP	acq-multiband	space-ACPC			DSIStudio	autotrackgqi
Association_HippocampusAlveusR	tf	NODDI	/scratch/grmpy/SLURM_11194840_83/job-11194840-83-sub-20326/ds/inputs/data/qsiprep/qsiprep/sub-20326/ses-1/dwi/sub-20326_ses-1_acq-multiband_dir-AP_space-ACPC_desc-preproc_dwi.nii.gz	0.0	0.9469132	0.08087395	1.0	0.9469132	1.0	0.08087395	0.946913	0.9469134211540222	sub-20326	ses-1		dir-AP	acq-multiband	space-ACPC			DSIStudio	autotrackgqi
Association_MiddleLongitudinalFasciculusR	directions	NODDI	/scratch/grmpy/SLURM_11194840_83/job-11194840-83-sub-20326/ds/inputs/data/qsiprep/qsiprep/sub-20326/ses-1/dwi/sub-20326_ses-1_acq-multiband_dir-AP_space-ACPC_desc-preproc_dwi.nii.gz	17.0	0.0074436767	0.5736795	0.005447251	0.007537971	0.028879631	0.5773011	0.2609477		sub-20326	ses-1		dir-AP	acq-multiband	space-ACPC			DSIStudio	autotrackgqi
Association_MiddleLongitudinalFasciculusR	icvf	NODDI	/scratch/grmpy/SLURM_11194840_83/job-11194840-83-sub-20326/ds/inputs/data/qsiprep/qsiprep/sub-20326/ses-1/dwi/sub-20326_ses-1_acq-multiband_dir-AP_space-ACPC_desc-preproc_dwi.nii.gz	0.0132450331125827	0.5074461	0.18437435	0.45638058	0.5142575	0.45851028	0.17591874	0.5128919	0.5135416388511658	sub-20326	ses-1		dir-AP	acq-multiband	space-ACPC			DSIStudio	autotrackgqi
Association_MiddleLongitudinalFasciculusR	isovf	NODDI	/scratch/grmpy/SLURM_11194840_83/job-11194840-83-sub-20326/ds/inputs/data/qsiprep/qsiprep/sub-20326/ses-1/dwi/sub-20326_ses-1_acq-multiband_dir-AP_space-ACPC_desc-preproc_dwi.nii.gz	0.5018395879323032	0.11865686	0.2040272	0.0	0.23819005	0.12936412	0.23471266	0.066103764	0.1168869882822036	sub-20326	ses-1		dir-AP	acq-multiband	space-ACPC			DSIStudio	autotrackgqi
Association_MiddleLongitudinalFasciculusR	modulated_icvf	NODDI	/scratch/grmpy/SLURM_11194840_83/job-11194840-83-sub-20326/ds/inputs/data/qsiprep/qsiprep/sub-20326/ses-1/dwi/sub-20326_ses-1_acq-multiband_dir-AP_space-ACPC_desc-preproc_dwi.nii.gz	0.0132450331125827	0.42023432	0.1128149	0.42363638	0.42587507	0.42396927	0.10244897	0.47135186	0.4719489216804504	sub-20326	ses-1		dir-AP	acq-multiband	space-ACPC			DSIStudio	autotrackgqi
Association_MiddleLongitudinalFasciculusR	modulated_od	NODDI	/scratch/grmpy/SLURM_11194840_83/job-11194840-83-sub-20326/ds/inputs/data/qsiprep/qsiprep/sub-20326/ses-1/dwi/sub-20326_ses-1_acq-multiband_dir-AP_space-ACPC_desc-preproc_dwi.nii.gz	0.0125091979396615	0.33869642	0.20088594	0.33613276	0.3429869	0.33927947	0.19848117	0.1946638	0.1949047446250915	sub-20326	ses-1		dir-AP	acq-multiband	space-ACPC			DSIStudio	autotrackgqi
Association_MiddleLongitudinalFasciculusR	nrmse	NODDI	/scratch/grmpy/SLURM_11194840_83/job-11194840-83-sub-20326/ds/inputs/data/qsiprep/qsiprep/sub-20326/ses-1/dwi/sub-20326_ses-1_acq-multiband_dir-AP_space-ACPC_desc-preproc_dwi.nii.gz	0.0125091979396615	0.107374676	0.053282626	0.09486216	0.10873486	0.09526722	0.052221663	0.105578616	0.1057093143463134	sub-20326	ses-1		dir-AP	acq-multiband	space-ACPC			DSIStudio	autotrackgqi
Association_MiddleLongitudinalFasciculusR	od	NODDI	/scratch/grmpy/SLURM_11194840_83/job-11194840-83-sub-20326/ds/inputs/data/qsiprep/qsiprep/sub-20326/ses-1/dwi/sub-20326_ses-1_acq-multiband_dir-AP_space-ACPC_desc-preproc_dwi.nii.gz	0.0125091979396615	0.3888419	0.20813662	0.40496114	0.39376763	0.40800396	0.20476826	0.20883834	0.2090968489646911	sub-20326	ses-1		dir-AP	acq-multiband	space-ACPC			DSIStudio	autotrackgqi
Association_MiddleLongitudinalFasciculusR	rmse	NODDI	/scratch/grmpy/SLURM_11194840_83/job-11194840-83-sub-20326/ds/inputs/data/qsiprep/qsiprep/sub-20326/ses-1/dwi/sub-20326_ses-1_acq-multiband_dir-AP_space-ACPC_desc-preproc_dwi.nii.gz	0.0125091979396615	0.052973766	0.030522954	0.047572542	0.05364482	0.047712564	0.030123977	0.055049807	0.0551179498434066	sub-20326	ses-1		dir-AP	acq-multiband	space-ACPC			DSIStudio	autotrackgqi
Association_MiddleLongitudinalFasciculusR	tf	NODDI	/scratch/grmpy/SLURM_11194840_83/job-11194840-83-sub-20326/ds/inputs/data/qsiprep/qsiprep/sub-20326/ses-1/dwi/sub-20326_ses-1_acq-multiband_dir-AP_space-ACPC_desc-preproc_dwi.nii.gz	0.0132450331125827	0.86883396	0.22585663	0.9935828	0.88049614	0.99818915	0.20353724	0.93265986	0.9338412284851074	sub-20326	ses-1		dir-AP	acq-multiband	space-ACPC			DSIStudio	autotrackgqi
Association_CingulumR	directions	NODDI	/scratch/grmpy/SLURM_11194840_83/job-11194840-83-sub-20326/ds/inputs/data/qsiprep/qsiprep/sub-20326/ses-1/dwi/sub-20326_ses-1_acq-multiband_dir-AP_space-ACPC_desc-preproc_dwi.nii.gz	88.0	0.03101611	0.55672723	0.0	0.03325334	0.01592069	0.5763918	0.37873948		sub-20326	ses-1		dir-AP	acq-multiband	space-ACPC			DSIStudio	autotrackgqi
Association_CingulumR	icvf	NODDI	/scratch/grmpy/SLURM_11194840_83/job-11194840-83-sub-20326/ds/inputs/data/qsiprep/qsiprep/sub-20326/ses-1/dwi/sub-20326_ses-1_acq-multiband_dir-AP_space-ACPC_desc-preproc_dwi.nii.gz	0.1085626911314984	0.6341494	0.3153188	0.6281185	0.7113786	0.66636366	0.23789752	0.6639775	0.731208324432373	sub-20326	ses-1		dir-AP	acq-multiband	space-ACPC			DSIStudio	autotrackgqi
Association_CingulumR	isovf	NODDI	/scratch/grmpy/SLURM_11194840_83/job-11194840-83-sub-20326/ds/inputs/data/qsiprep/qsiprep/sub-20326/ses-1/dwi/sub-20326_ses-1_acq-multiband_dir-AP_space-ACPC_desc-preproc_dwi.nii.gz	0.2178899082568807	0.35341382	0.32502267	0.24397461	0.4518722	0.45220107	0.30096436	0.41027158	0.4501738548278808	sub-20326	ses-1		dir-AP	acq-multiband	space-ACPC			DSIStudio	autotrackgqi
Association_CingulumR	modulated_icvf	NODDI	/scratch/grmpy/SLURM_11194840_83/job-11194840-83-sub-20326/ds/inputs/data/qsiprep/qsiprep/sub-20326/ses-1/dwi/sub-20326_ses-1_acq-multiband_dir-AP_space-ACPC_desc-preproc_dwi.nii.gz	0.1085626911314984	0.3656574	0.20764014	0.38952875	0.41018856	0.41159374	0.17349033	0.37204415	0.4097154140472412	sub-20326	ses-1		dir-AP	acq-multiband	space-ACPC			DSIStudio	autotrackgqi
Association_CingulumR	modulated_od	NODDI	/scratch/grmpy/SLURM_11194840_83/job-11194840-83-sub-20326/ds/inputs/data/qsiprep/qsiprep/sub-20326/ses-1/dwi/sub-20326_ses-1_acq-multiband_dir-AP_space-ACPC_desc-preproc_dwi.nii.gz	0.0672782874617737	0.22937515	0.20546319	0.16407984	0.24592026	0.19046861	0.20295657	0.15233773	0.1563504934310913	sub-20326	ses-1		dir-AP	acq-multiband	space-ACPC			DSIStudio	autotrackgqi
Association_CingulumR	nrmse	NODDI	/scratch/grmpy/SLURM_11194840_83/job-11194840-83-sub-20326/ds/inputs/data/qsiprep/qsiprep/sub-20326/ses-1/dwi/sub-20326_ses-1_acq-multiband_dir-AP_space-ACPC_desc-preproc_dwi.nii.gz	0.0672782874617737	0.1539056	0.10350249	0.116516836	0.165007	0.12172781	0.09825316	0.15473902	0.1588150262832641	sub-20326	ses-1		dir-AP	acq-multiband	space-ACPC			DSIStudio	autotrackgqi
Association_CingulumR	od	NODDI	/scratch/grmpy/SLURM_11194840_83/job-11194840-83-sub-20326/ds/inputs/data/qsiprep/qsiprep/sub-20326/ses-1/dwi/sub-20326_ses-1_acq-multiband_dir-AP_space-ACPC_desc-preproc_dwi.nii.gz	0.0672782874617737	0.3800732	0.24801138	0.37332556	0.40748832	0.3912198	0.23404072	0.31519902	0.3235017657279968	sub-20326	ses-1		dir-AP	acq-multiband	space-ACPC			DSIStudio	autotrackgqi
Association_CingulumR	rmse	NODDI	/scratch/grmpy/SLURM_11194840_83/job-11194840-83-sub-20326/ds/inputs/data/qsiprep/qsiprep/sub-20326/ses-1/dwi/sub-20326_ses-1_acq-multiband_dir-AP_space-ACPC_desc-preproc_dwi.nii.gz	0.0672782874617737	0.06546994	0.043028947	0.054498356	0.07019237	0.056307353	0.04066402	0.06262827	0.0642779767513275	sub-20326	ses-1		dir-AP	acq-multiband	space-ACPC			DSIStudio	autotrackgqi
Association_CingulumR	tf	NODDI	/scratch/grmpy/SLURM_11194840_83/job-11194840-83-sub-20326/ds/inputs/data/qsiprep/qsiprep/sub-20326/ses-1/dwi/sub-20326_ses-1_acq-multiband_dir-AP_space-ACPC_desc-preproc_dwi.nii.gz	0.1085626911314984	0.5793079	0.34761688	0.63057387	0.6498583	0.7363341	0.2995093	0.5640632	0.6211773157119751	sub-20326	ses-1		dir-AP	acq-multiband	space-ACPC			DSIStudio	autotrackgqi
Association_InferiorLongitudinalFasciculusL	directions	NODDI	/scratch/grmpy/SLURM_11194840_83/job-11194840-83-sub-20326/ds/inputs/data/qsiprep/qsiprep/sub-20326/ses-1/dwi/sub-20326_ses-1_acq-multiband_dir-AP_space-ACPC_desc-preproc_dwi.nii.gz	1.0	0.00043442057	0.5772569	-0.046655633	0.00043456088	-0.046880543	0.5773501	-0.008710831		sub-20326	ses-1		dir-AP	acq-multiband	space-ACPC			DSIStudio	autotrackgqi
Association_InferiorLongitudinalFasciculusL	icvf	NODDI	/scratch/grmpy/SLURM_11194840_83/job-11194840-83-sub-20326/ds/inputs/data/qsiprep/qsiprep/sub-20326/ses-1/dwi/sub-20326_ses-1_acq-multiband_dir-AP_space-ACPC_desc-preproc_dwi.nii.gz	0.0277688085243784	0.6958279	0.20077206	0.6610761	0.7157021	0.66673136	0.16503553	0.7387908	0.7615811824798584	sub-20326	ses-1		dir-AP	acq-multiband	space-ACPC			DSIStudio	autotrackgqi
Association_InferiorLongitudinalFasciculusL	isovf	NODDI	/scratch/grmpy/SLURM_11194840_83/job-11194840-83-sub-20326/ds/inputs/data/qsiprep/qsiprep/sub-20326/ses-1/dwi/sub-20326_ses-1_acq-multiband_dir-AP_space-ACPC_desc-preproc_dwi.nii.gz	0.0800774943493703	0.26660725	0.27651373	0.1518722	0.28981492	0.16256797	0.27638668	0.3267883	0.3390162587165832	sub-20326	ses-1		dir-AP	acq-multiband	space-ACPC			DSIStudio	autotrackgqi
Association_InferiorLongitudinalFasciculusL	modulated_icvf	NODDI	/scratch/grmpy/SLURM_11194840_83/job-11194840-83-sub-20326/ds/inputs/data/qsiprep/qsiprep/sub-20326/ses-1/dwi/sub-20326_ses-1_acq-multiband_dir-AP_space-ACPC_desc-preproc_dwi.nii.gz	0.0277688085243784	0.48711234	0.17470954	0.52501756	0.5010252	0.5284125	0.15628351	0.47967893	0.4944762289524078	sub-20326	ses-1		dir-AP	acq-multiband	space-ACPC			DSIStudio	autotrackgqi
Association_InferiorLongitudinalFasciculusL	modulated_od	NODDI	/scratch/grmpy/SLURM_11194840_83/job-11194840-83-sub-20326/ds/inputs/data/qsiprep/qsiprep/sub-20326/ses-1/dwi/sub-20326_ses-1_acq-multiband_dir-AP_space-ACPC_desc-preproc_dwi.nii.gz	0.0003228931223764	0.26820037	0.17312044	0.26460806	0.268287	0.26477835	0.17308126	0.18575224	0.1858056187629699	sub-20326	ses-1		dir-AP	acq-multiband	space-ACPC			DSIStudio	autotrackgqi
Association_InferiorLongitudinalFasciculusL	nrmse	NODDI	/scratch/grmpy/SLURM_11194840_83/job-11194840-83-sub-20326/ds/inputs/data/qsiprep/qsiprep/sub-20326/ses-1/dwi/sub-20326_ses-1_acq-multiband_dir-AP_space-ACPC_desc-preproc_dwi.nii.gz	0.0074265418146593	0.12761426	0.09758979	0.090178005	0.12856908	0.09056256	0.097325556	0.15102822	0.151153951883316	sub-20326	ses-1		dir-AP	acq-multiband	space-ACPC			DSIStudio	autotrackgqi
Association_InferiorLongitudinalFasciculusL	od	NODDI	/scratch/grmpy/SLURM_11194840_83/job-11194840-83-sub-20326/ds/inputs/data/qsiprep/qsiprep/sub-20326/ses-1/dwi/sub-20326_ses-1_acq-multiband_dir-AP_space-ACPC_desc-preproc_dwi.nii.gz	0.0003228931223764	0.37679383	0.19333827	0.37221304	0.37691554	0.37267745	0.19325083	0.3037085	0.3037957549095154	sub-20326	ses-1		dir-AP	acq-multiband	space-ACPC			DSIStudio	autotrackgqi
Association_InferiorLongitudinalFasciculusL	rmse	NODDI	/scratch/grmpy/SLURM_11194840_83/job-11194840-83-sub-20326/ds/inputs/data/qsiprep/qsiprep/sub-20326/ses-1/dwi/sub-20326_ses-1_acq-multiband_dir-AP_space-ACPC_desc-preproc_dwi.nii.gz	0.0074265418146593	0.057584412	0.037431322	0.046183933	0.058015265	0.046295136	0.03723696	0.06609144	0.066146470606327	sub-20326	ses-1		dir-AP	acq-multiband	space-ACPC			DSIStudio	autotrackgqi
Association_InferiorLongitudinalFasciculusL	tf	NODDI	/scratch/grmpy/SLURM_11194840_83/job-11194840-83-sub-20326/ds/inputs/data/qsiprep/qsiprep/sub-20326/ses-1/dwi/sub-20326_ses-1_acq-multiband_dir-AP_space-ACPC_desc-preproc_dwi.nii.gz	0.0206651598320955	0.7330699	0.27678594	0.84811056	0.74853855	0.8513775	0.25816303	0.67292446	0.6932937502861023	sub-20326	ses-1		dir-AP	acq-multiband	space-ACPC			DSIStudio	autotrackgqi
Association_MiddleLongitudinalFasciculusL	directions	NODDI	/scratch/grmpy/SLURM_11194840_83/job-11194840-83-sub-20326/ds/inputs/data/qsiprep/qsiprep/sub-20326/ses-1/dwi/sub-20326_ses-1_acq-multiband_dir-AP_space-ACPC_desc-preproc_dwi.nii.gz	0.0	0.06117702	0.5740999	0.09569914	0.06117702	0.09569914	0.5740999	0.32649827		sub-20326	ses-1		dir-AP	acq-multiband	space-ACPC			DSIStudio	autotrackgqi
Association_MiddleLongitudinalFasciculusL	icvf	NODDI	/scratch/grmpy/SLURM_11194840_83/job-11194840-83-sub-20326/ds/inputs/data/qsiprep/qsiprep/sub-20326/ses-1/dwi/sub-20326_ses-1_acq-multiband_dir-AP_space-ACPC_desc-preproc_dwi.nii.gz	0.0	0.61049074	0.0988388	0.5926032	0.61049074	0.5926032	0.0988388	0.62953836	0.629538357257843	sub-20326	ses-1		dir-AP	acq-multiband	space-ACPC			DSIStudio	autotrackgqi
Association_MiddleLongitudinalFasciculusL	isovf	NODDI	/scratch/grmpy/SLURM_11194840_83/job-11194840-83-sub-20326/ds/inputs/data/qsiprep/qsiprep/sub-20326/ses-1/dwi/sub-20326_ses-1_acq-multiband_dir-AP_space-ACPC_desc-preproc_dwi.nii.gz	0.320754716981132	0.07907634	0.13587022	0.049609706	0.11641795	0.06468192	0.15109946	0.09863529	0.1614031791687011	sub-20326	ses-1		dir-AP	acq-multiband	space-ACPC			DSIStudio	autotrackgqi
Association_MiddleLongitudinalFasciculusL	modulated_icvf	NODDI	/scratch/grmpy/SLURM_11194840_83/job-11194840-83-sub-20326/ds/inputs/data/qsiprep/qsiprep/sub-20326/ses-1/dwi/sub-20326_ses-1_acq-multiband_dir-AP_space-ACPC_desc-preproc_dwi.nii.gz	0.0	0.5496778	0.049399905	0.558537	0.5496778	0.558537	0.049399905	0.54561925	0.5456191897392273	sub-20326	ses-1		dir-AP	acq-multiband	space-ACPC			DSIStudio	autotrackgqi
Association_MiddleLongitudinalFasciculusL	modulated_od	NODDI	/scratch/grmpy/SLURM_11194840_83/job-11194840-83-sub-20326/ds/inputs/data/qsiprep/qsiprep/sub-20326/ses-1/dwi/sub-20326_ses-1_acq-multiband_dir-AP_space-ACPC_desc-preproc_dwi.nii.gz	0.0	0.44784403	0.086466484	0.45383826	0.44784403	0.45383826	0.086466484	0.4366405	0.4366404414176941	sub-20326	ses-1		dir-AP	acq-multiband	space-ACPC			DSIStudio	autotrackgqi
Association_MiddleLongitudinalFasciculusL	nrmse	NODDI	/scratch/grmpy/SLURM_11194840_83/job-11194840-83-sub-20326/ds/inputs/data/qsiprep/qsiprep/sub-20326/ses-1/dwi/sub-20326_ses-1_acq-multiband_dir-AP_space-ACPC_desc-preproc_dwi.nii.gz	0.0	0.08294588	0.025361959	0.07788637	0.08294588	0.07788637	0.025361959	0.08415666	0.084156647324562	sub-20326	ses-1		dir-AP	acq-multiband	space-ACPC			DSIStudio	autotrackgqi
Association_MiddleLongitudinalFasciculusL	od	NODDI	/scratch/grmpy/SLURM_11194840_83/job-11194840-83-sub-20326/ds/inputs/data/qsiprep/qsiprep/sub-20326/ses-1/dwi/sub-20326_ses-1_acq-multiband_dir-AP_space-ACPC_desc-preproc_dwi.nii.gz	0.0	0.48814288	0.07809427	0.48018742	0.48814288	0.48018742	0.07809427	0.48916662	0.4891665577888489	sub-20326	ses-1		dir-AP	acq-multiband	space-ACPC			DSIStudio	autotrackgqi
Association_MiddleLongitudinalFasciculusL	rmse	NODDI	/scratch/grmpy/SLURM_11194840_83/job-11194840-83-sub-20326/ds/inputs/data/qsiprep/qsiprep/sub-20326/ses-1/dwi/sub-20326_ses-1_acq-multiband_dir-AP_space-ACPC_desc-preproc_dwi.nii.gz	0.0	0.043653384	0.010516776	0.042632226	0.043653384	0.042632226	0.010516776	0.043680195	0.0436801873147487	sub-20326	ses-1		dir-AP	acq-multiband	space-ACPC			DSIStudio	autotrackgqi
Association_MiddleLongitudinalFasciculusL	tf	NODDI	/scratch/grmpy/SLURM_11194840_83/job-11194840-83-sub-20326/ds/inputs/data/qsiprep/qsiprep/sub-20326/ses-1/dwi/sub-20326_ses-1_acq-multiband_dir-AP_space-ACPC_desc-preproc_dwi.nii.gz	0.0	0.9209237	0.13587022	0.9503903	0.9209237	0.9503903	0.13587022	0.9013648	0.9013646245002748	sub-20326	ses-1		dir-AP	acq-multiband	space-ACPC			DSIStudio	autotrackgqi
Association_InferiorLongitudinalFasciculusR	directions	NODDI	/scratch/grmpy/SLURM_11194840_83/job-11194840-83-sub-20326/ds/inputs/data/qsiprep/qsiprep/sub-20326/ses-1/dwi/sub-20326_ses-1_acq-multiband_dir-AP_space-ACPC_desc-preproc_dwi.nii.gz	22.0	-0.05104735	0.5724341	-0.06714718	-0.051518228	-0.07923682	0.57504714	-0.30956447		sub-20326	ses-1		dir-AP	acq-multiband	space-ACPC			DSIStudio	autotrackgqi
Association_InferiorLongitudinalFasciculusR	icvf	NODDI	/scratch/grmpy/SLURM_11194840_83/job-11194840-83-sub-20326/ds/inputs/data/qsiprep/qsiprep/sub-20326/ses-1/dwi/sub-20326_ses-1_acq-multiband_dir-AP_space-ACPC_desc-preproc_dwi.nii.gz	0.0365600332363938	0.66945106	0.21523932	0.62575567	0.694855	0.6312531	0.17445329	0.7259406	0.7390761375427246	sub-20326	ses-1		dir-AP	acq-multiband	space-ACPC			DSIStudio	autotrackgqi
Association_InferiorLongitudinalFasciculusR	isovf	NODDI	/scratch/grmpy/SLURM_11194840_83/job-11194840-83-sub-20326/ds/inputs/data/qsiprep/qsiprep/sub-20326/ses-1/dwi/sub-20326_ses-1_acq-multiband_dir-AP_space-ACPC_desc-preproc_dwi.nii.gz	0.1985874532613211	0.2221885	0.26646113	0.11424666	0.27724612	0.1534321	0.27079692	0.29907885	0.3542798459529876	sub-20326	ses-1		dir-AP	acq-multiband	space-ACPC			DSIStudio	autotrackgqi
Association_InferiorLongitudinalFasciculusR	modulated_icvf	NODDI	/scratch/grmpy/SLURM_11194840_83/job-11194840-83-sub-20326/ds/inputs/data/qsiprep/qsiprep/sub-20326/ses-1/dwi/sub-20326_ses-1_acq-multiband_dir-AP_space-ACPC_desc-preproc_dwi.nii.gz	0.0365600332363938	0.48975462	0.16858618	0.53398806	0.5083395	0.53803015	0.14160639	0.47246557	0.481014609336853	sub-20326	ses-1		dir-AP	acq-multiband	space-ACPC			DSIStudio	autotrackgqi
Association_InferiorLongitudinalFasciculusR	modulated_od	NODDI	/scratch/grmpy/SLURM_11194840_83/job-11194840-83-sub-20326/ds/inputs/data/qsiprep/qsiprep/sub-20326/ses-1/dwi/sub-20326_ses-1_acq-multiband_dir-AP_space-ACPC_desc-preproc_dwi.nii.gz	0.0091400083090984	0.2919411	0.19751082	0.29182738	0.29463404	0.2974789	0.19641012	0.24735513	0.2480316162109375	sub-20326	ses-1		dir-AP	acq-multiband	space-ACPC			DSIStudio	autotrackgqi
Association_InferiorLongitudinalFasciculusR	nrmse	NODDI	/scratch/grmpy/SLURM_11194840_83/job-11194840-83-sub-20326/ds/inputs/data/qsiprep/qsiprep/sub-20326/ses-1/dwi/sub-20326_ses-1_acq-multiband_dir-AP_space-ACPC_desc-preproc_dwi.nii.gz	0.0232654756958869	0.11085862	0.07587211	0.0845992	0.11349923	0.08579987	0.07479297	0.11182698	0.1124903410673141	sub-20326	ses-1		dir-AP	acq-multiband	space-ACPC			DSIStudio	autotrackgqi
Association_InferiorLongitudinalFasciculusR	od	NODDI	/scratch/grmpy/SLURM_11194840_83/job-11194840-83-sub-20326/ds/inputs/data/qsiprep/qsiprep/sub-20326/ses-1/dwi/sub-20326_ses-1_acq-multiband_dir-AP_space-ACPC_desc-preproc_dwi.nii.gz	0.0091400083090984	0.38092673	0.2097535	0.3980055	0.3844405	0.39984176	0.20748861	0.348754	0.3497077524662018	sub-20326	ses-1		dir-AP	acq-multiband	space-ACPC			DSIStudio	autotrackgqi
Association_InferiorLongitudinalFasciculusR	rmse	NODDI	/scratch/grmpy/SLURM_11194840_83/job-11194840-83-sub-20326/ds/inputs/data/qsiprep/qsiprep/sub-20326/ses-1/dwi/sub-20326_ses-1_acq-multiband_dir-AP_space-ACPC_desc-preproc_dwi.nii.gz	0.0232654756958869	0.051831838	0.029736929	0.044630032	0.053066455	0.045027573	0.028979845	0.050016638	0.0503133386373519	sub-20326	ses-1		dir-AP	acq-multiband	space-ACPC			DSIStudio	autotrackgqi
Association_InferiorLongitudinalFasciculusR	tf	NODDI	/scratch/grmpy/SLURM_11194840_83/job-11194840-83-sub-20326/ds/inputs/data/qsiprep/qsiprep/sub-20326/ses-1/dwi/sub-20326_ses-1_acq-multiband_dir-AP_space-ACPC_desc-preproc_dwi.nii.gz	0.0224345658496053	0.76867145	0.2756744	0.8830184	0.786312	0.88681203	0.25272408	0.6981938	0.7085407972335815	sub-20326	ses-1		dir-AP	acq-multiband	space-ACPC			DSIStudio	autotrackgqi
Association_UncinateFasciculusL	directions	NODDI	/scratch/grmpy/SLURM_11194840_83/job-11194840-83-sub-20326/ds/inputs/data/qsiprep/qsiprep/sub-20326/ses-1/dwi/sub-20326_ses-1_acq-multiband_dir-AP_space-ACPC_desc-preproc_dwi.nii.gz	40.0	-0.0061324253	0.5666047	0.0	-0.006366487	0.008605849	0.57731515	0.08123264		sub-20326	ses-1		dir-AP	acq-multiband	space-ACPC			DSIStudio	autotrackgqi
Association_UncinateFasciculusL	icvf	NODDI	/scratch/grmpy/SLURM_11194840_83/job-11194840-83-sub-20326/ds/inputs/data/qsiprep/qsiprep/sub-20326/ses-1/dwi/sub-20326_ses-1_acq-multiband_dir-AP_space-ACPC_desc-preproc_dwi.nii.gz	0.0367647058823529	0.5117024	0.22135462	0.44431067	0.5312331	0.4479315	0.20122798	0.48882312	0.4927812218666076	sub-20326	ses-1		dir-AP	acq-multiband	space-ACPC			DSIStudio	autotrackgqi
Association_UncinateFasciculusL	isovf	NODDI	/scratch/grmpy/SLURM_11194840_83/job-11194840-83-sub-20326/ds/inputs/data/qsiprep/qsiprep/sub-20326/ses-1/dwi/sub-20326_ses-1_acq-multiband_dir-AP_space-ACPC_desc-preproc_dwi.nii.gz	0.5027573529411765	0.1277681	0.20875841	0.0	0.2569532	0.17540352	0.23334299	0.087475866	0.1656876057386398	sub-20326	ses-1		dir-AP	acq-multiband	space-ACPC			DSIStudio	autotrackgqi
Association_UncinateFasciculusL	modulated_icvf	NODDI	/scratch/grmpy/SLURM_11194840_83/job-11194840-83-sub-20326/ds/inputs/data/qsiprep/qsiprep/sub-20326/ses-1/dwi/sub-20326_ses-1_acq-multiband_dir-AP_space-ACPC_desc-preproc_dwi.nii.gz	0.0367647058823529	0.41358006	0.14412422	0.42301363	0.42936555	0.42363638	0.12160125	0.4305253	0.4340113699436188	sub-20326	ses-1		dir-AP	acq-multiband	space-ACPC			DSIStudio	autotrackgqi
Association_UncinateFasciculusL	modulated_od	NODDI	/scratch/grmpy/SLURM_11194840_83/job-11194840-83-sub-20326/ds/inputs/data/qsiprep/qsiprep/sub-20326/ses-1/dwi/sub-20326_ses-1_acq-multiband_dir-AP_space-ACPC_desc-preproc_dwi.nii.gz	0.0367647058823529	0.36771342	0.1837908	0.36573267	0.3817483	0.37576514	0.17236748	0.34176105	0.3445283472537994	sub-20326	ses-1		dir-AP	acq-multiband	space-ACPC			DSIStudio	autotrackgqi
Association_UncinateFasciculusL	nrmse	NODDI	/scratch/grmpy/SLURM_11194840_83/job-11194840-83-sub-20326/ds/inputs/data/qsiprep/qsiprep/sub-20326/ses-1/dwi/sub-20326_ses-1_acq-multiband_dir-AP_space-ACPC_desc-preproc_dwi.nii.gz	0.0367647058823529	0.12324594	0.068193056	0.10710963	0.12794998	0.108603716	0.06500694	0.11879943	0.1197613775730133	sub-20326	ses-1		dir-AP	acq-multiband	space-ACPC			DSIStudio	autotrackgqi
Association_UncinateFasciculusL	od	NODDI	/scratch/grmpy/SLURM_11194840_83/job-11194840-83-sub-20326/ds/inputs/data/qsiprep/qsiprep/sub-20326/ses-1/dwi/sub-20326_ses-1_acq-multiband_dir-AP_space-ACPC_desc-preproc_dwi.nii.gz	0.0367647058823529	0.43164623	0.19304489	0.43699616	0.44812128	0.44492602	0.17693467	0.38038245	0.3834624588489532	sub-20326	ses-1		dir-AP	acq-multiband	space-ACPC			DSIStudio	autotrackgqi
Association_UncinateFasciculusL	rmse	NODDI	/scratch/grmpy/SLURM_11194840_83/job-11194840-83-sub-20326/ds/inputs/data/qsiprep/qsiprep/sub-20326/ses-1/dwi/sub-20326_ses-1_acq-multiband_dir-AP_space-ACPC_desc-preproc_dwi.nii.gz	0.0367647058823529	0.06271437	0.05057135	0.05332338	0.065108046	0.053954717	0.049992267	0.060137384	0.060624323785305	sub-20326	ses-1		dir-AP	acq-multiband	space-ACPC			DSIStudio	autotrackgqi
Association_UncinateFasciculusL	tf	NODDI	/scratch/grmpy/SLURM_11194840_83/job-11194840-83-sub-20326/ds/inputs/data/qsiprep/qsiprep/sub-20326/ses-1/dwi/sub-20326_ses-1_acq-multiband_dir-AP_space-ACPC_desc-preproc_dwi.nii.gz	0.0367647058823529	0.83546716	0.26381513	0.9824896	0.8673552	0.9907525	0.21117902	0.9044921	0.9118157625198364	sub-20326	ses-1		dir-AP	acq-multiband	space-ACPC			DSIStudio	autotrackgqi
Association_ExtremeCapsuleR	directions	NODDI	/scratch/grmpy/SLURM_11194840_83/job-11194840-83-sub-20326/ds/inputs/data/qsiprep/qsiprep/sub-20326/ses-1/dwi/sub-20326_ses-1_acq-multiband_dir-AP_space-ACPC_desc-preproc_dwi.nii.gz	104.0	0.024056187	0.557655	0.0	0.025737533	0.040890053	0.5767763	0.29960465		sub-20326	ses-1		dir-AP	acq-multiband	space-ACPC			DSIStudio	autotrackgqi
Association_ExtremeCapsuleR	icvf	NODDI	/scratch/grmpy/SLURM_11194840_83/job-11194840-83-sub-20326/ds/inputs/data/qsiprep/qsiprep/sub-20326/ses-1/dwi/sub-20326_ses-1_acq-multiband_dir-AP_space-ACPC_desc-preproc_dwi.nii.gz	0.0653266331658291	0.49180496	0.23692316	0.44470447	0.5261784	0.4538515	0.20486398	0.48526782	0.4941646456718445	sub-20326	ses-1		dir-AP	acq-multiband	space-ACPC			DSIStudio	autotrackgqi
Association_ExtremeCapsuleR	isovf	NODDI	/scratch/grmpy/SLURM_11194840_83/job-11194840-83-sub-20326/ds/inputs/data/qsiprep/qsiprep/sub-20326/ses-1/dwi/sub-20326_ses-1_acq-multiband_dir-AP_space-ACPC_desc-preproc_dwi.nii.gz	0.4949748743718593	0.15072985	0.23446724	0.0022640345	0.2984601	0.20753038	0.25448805	0.07450922	0.1762933433055877	sub-20326	ses-1		dir-AP	acq-multiband	space-ACPC			DSIStudio	autotrackgqi
Association_ExtremeCapsuleR	modulated_icvf	NODDI	/scratch/grmpy/SLURM_11194840_83/job-11194840-83-sub-20326/ds/inputs/data/qsiprep/qsiprep/sub-20326/ses-1/dwi/sub-20326_ses-1_acq-multiband_dir-AP_space-ACPC_desc-preproc_dwi.nii.gz	0.0653266331658291	0.3832317	0.16707231	0.41247904	0.41001672	0.4189468	0.13741098	0.43499583	0.4429709911346435	sub-20326	ses-1		dir-AP	acq-multiband	space-ACPC			DSIStudio	autotrackgqi
Association_ExtremeCapsuleR	modulated_od	NODDI	/scratch/grmpy/SLURM_11194840_83/job-11194840-83-sub-20326/ds/inputs/data/qsiprep/qsiprep/sub-20326/ses-1/dwi/sub-20326_ses-1_acq-multiband_dir-AP_space-ACPC_desc-preproc_dwi.nii.gz	0.0653266331658291	0.31576708	0.21490596	0.312441	0.3378368	0.33883145	0.20483299	0.27431697	0.2793462574481964	sub-20326	ses-1		dir-AP	acq-multiband	space-ACPC			DSIStudio	autotrackgqi
Association_ExtremeCapsuleR	nrmse	NODDI	/scratch/grmpy/SLURM_11194840_83/job-11194840-83-sub-20326/ds/inputs/data/qsiprep/qsiprep/sub-20326/ses-1/dwi/sub-20326_ses-1_acq-multiband_dir-AP_space-ACPC_desc-preproc_dwi.nii.gz	0.0653266331658291	0.11570096	0.0682724	0.101779655	0.12378758	0.10494314	0.06313377	0.11104591	0.1130818054080009	sub-20326	ses-1		dir-AP	acq-multiband	space-ACPC			DSIStudio	autotrackgqi
Association_ExtremeCapsuleR	od	NODDI	/scratch/grmpy/SLURM_11194840_83/job-11194840-83-sub-20326/ds/inputs/data/qsiprep/qsiprep/sub-20326/ses-1/dwi/sub-20326_ses-1_acq-multiband_dir-AP_space-ACPC_desc-preproc_dwi.nii.gz	0.0653266331658291	0.37479773	0.22365476	0.39361426	0.40099326	0.41128045	0.2073966	0.2990181	0.3045002818107605	sub-20326	ses-1		dir-AP	acq-multiband	space-ACPC			DSIStudio	autotrackgqi
Association_ExtremeCapsuleR	rmse	NODDI	/scratch/grmpy/SLURM_11194840_83/job-11194840-83-sub-20326/ds/inputs/data/qsiprep/qsiprep/sub-20326/ses-1/dwi/sub-20326_ses-1_acq-multiband_dir-AP_space-ACPC_desc-preproc_dwi.nii.gz	0.0653266331658291	0.05736871	0.044895265	0.049924042	0.061378352	0.051133513	0.043707594	0.057264123	0.0583139955997467	sub-20326	ses-1		dir-AP	acq-multiband	space-ACPC			DSIStudio	autotrackgqi
Association_ExtremeCapsuleR	tf	NODDI	/scratch/grmpy/SLURM_11194840_83/job-11194840-83-sub-20326/ds/inputs/data/qsiprep/qsiprep/sub-20326/ses-1/dwi/sub-20326_ses-1_acq-multiband_dir-AP_space-ACPC_desc-preproc_dwi.nii.gz	0.0653266331658291	0.78394353	0.31038785	0.9546239	0.8387353	0.9778788	0.23899437	0.90748703	0.9241247177124025	sub-20326	ses-1		dir-AP	acq-multiband	space-ACPC			DSIStudio	autotrackgqi
Association_ExtremeCapsuleL	directions	NODDI	/scratch/grmpy/SLURM_11194840_83/job-11194840-83-sub-20326/ds/inputs/data/qsiprep/qsiprep/sub-20326/ses-1/dwi/sub-20326_ses-1_acq-multiband_dir-AP_space-ACPC_desc-preproc_dwi.nii.gz	0.0	-0.069994256	0.57309175	-0.11986625	-0.069994256	-0.11986625	0.57309175	-0.30359396		sub-20326	ses-1		dir-AP	acq-multiband	space-ACPC			DSIStudio	autotrackgqi
Association_ExtremeCapsuleL	icvf	NODDI	/scratch/grmpy/SLURM_11194840_83/job-11194840-83-sub-20326/ds/inputs/data/qsiprep/qsiprep/sub-20326/ses-1/dwi/sub-20326_ses-1_acq-multiband_dir-AP_space-ACPC_desc-preproc_dwi.nii.gz	0.0	0.5614552	0.201292	0.47901636	0.5614552	0.47901636	0.201292	0.51544964	0.5154496431350708	sub-20326	ses-1		dir-AP	acq-multiband	space-ACPC			DSIStudio	autotrackgqi
Association_ExtremeCapsuleL	isovf	NODDI	/scratch/grmpy/SLURM_11194840_83/job-11194840-83-sub-20326/ds/inputs/data/qsiprep/qsiprep/sub-20326/ses-1/dwi/sub-20326_ses-1_acq-multiband_dir-AP_space-ACPC_desc-preproc_dwi.nii.gz	0.4747081712062256	0.13460177	0.20743881	0.013117523	0.2562419	0.18440622	0.22527474	0.057867773	0.1257566809654235	sub-20326	ses-1		dir-AP	acq-multiband	space-ACPC			DSIStudio	autotrackgqi
Association_ExtremeCapsuleL	modulated_icvf	NODDI	/scratch/grmpy/SLURM_11194840_83/job-11194840-83-sub-20326/ds/inputs/data/qsiprep/qsiprep/sub-20326/ses-1/dwi/sub-20326_ses-1_acq-multiband_dir-AP_space-ACPC_desc-preproc_dwi.nii.gz	0.0	0.451656	0.10094325	0.4427709	0.451656	0.4427709	0.10094325	0.47509426	0.4750942587852478	sub-20326	ses-1		dir-AP	acq-multiband	space-ACPC			DSIStudio	autotrackgqi
Association_ExtremeCapsuleL	modulated_od	NODDI	/scratch/grmpy/SLURM_11194840_83/job-11194840-83-sub-20326/ds/inputs/data/qsiprep/qsiprep/sub-20326/ses-1/dwi/sub-20326_ses-1_acq-multiband_dir-AP_space-ACPC_desc-preproc_dwi.nii.gz	0.0	0.33107477	0.17745805	0.32823625	0.33107477	0.32823625	0.17745805	0.25527522	0.2552752196788788	sub-20326	ses-1		dir-AP	acq-multiband	space-ACPC			DSIStudio	autotrackgqi
Association_ExtremeCapsuleL	nrmse	NODDI	/scratch/grmpy/SLURM_11194840_83/job-11194840-83-sub-20326/ds/inputs/data/qsiprep/qsiprep/sub-20326/ses-1/dwi/sub-20326_ses-1_acq-multiband_dir-AP_space-ACPC_desc-preproc_dwi.nii.gz	0.0	0.12273708	0.04279276	0.11407117	0.12273708	0.11407117	0.04279276	0.11720709	0.1172070875763893	sub-20326	ses-1		dir-AP	acq-multiband	space-ACPC			DSIStudio	autotrackgqi
Association_ExtremeCapsuleL	od	NODDI	/scratch/grmpy/SLURM_11194840_83/job-11194840-83-sub-20326/ds/inputs/data/qsiprep/qsiprep/sub-20326/ses-1/dwi/sub-20326_ses-1_acq-multiband_dir-AP_space-ACPC_desc-preproc_dwi.nii.gz	0.0	0.40006977	0.20696577	0.41007853	0.40006977	0.41007853	0.20696577	0.27256295	0.2725629508495331	sub-20326	ses-1		dir-AP	acq-multiband	space-ACPC			DSIStudio	autotrackgqi
Association_ExtremeCapsuleL	rmse	NODDI	/scratch/grmpy/SLURM_11194840_83/job-11194840-83-sub-20326/ds/inputs/data/qsiprep/qsiprep/sub-20326/ses-1/dwi/sub-20326_ses-1_acq-multiband_dir-AP_space-ACPC_desc-preproc_dwi.nii.gz	0.0	0.06115758	0.022761429	0.057419103	0.06115758	0.057419103	0.022761429	0.061280683	0.061280682682991	sub-20326	ses-1		dir-AP	acq-multiband	space-ACPC			DSIStudio	autotrackgqi
Association_ExtremeCapsuleL	tf	NODDI	/scratch/grmpy/SLURM_11194840_83/job-11194840-83-sub-20326/ds/inputs/data/qsiprep/qsiprep/sub-20326/ses-1/dwi/sub-20326_ses-1_acq-multiband_dir-AP_space-ACPC_desc-preproc_dwi.nii.gz	0.0	0.8653982	0.20743881	0.98688245	0.8653982	0.98688245	0.20743881	0.94213223	0.9421322345733644	sub-20326	ses-1		dir-AP	acq-multiband	space-ACPC			DSIStudio	autotrackgqi
Association_SuperiorLongitudinalFasciculusL	directions	NODDI	/scratch/grmpy/SLURM_11194840_83/job-11194840-83-sub-20326/ds/inputs/data/qsiprep/qsiprep/sub-20326/ses-1/dwi/sub-20326_ses-1_acq-multiband_dir-AP_space-ACPC_desc-preproc_dwi.nii.gz	2.0	-0.04278173	0.57558876	-0.07687865	-0.042807505	-0.07760275	0.5757611	-0.10729395		sub-20326	ses-1		dir-AP	acq-multiband	space-ACPC			DSIStudio	autotrackgqi
Association_SuperiorLongitudinalFasciculusL	icvf	NODDI	/scratch/grmpy/SLURM_11194840_83/job-11194840-83-sub-20326/ds/inputs/data/qsiprep/qsiprep/sub-20326/ses-1/dwi/sub-20326_ses-1_acq-multiband_dir-AP_space-ACPC_desc-preproc_dwi.nii.gz	0.0036122817579771	0.58587974	0.20637836	0.51808786	0.58800375	0.5195961	0.20370935	0.53037894	0.5313472747802734	sub-20326	ses-1		dir-AP	acq-multiband	space-ACPC			DSIStudio	autotrackgqi
Association_SuperiorLongitudinalFasciculusL	isovf	NODDI	/scratch/grmpy/SLURM_11194840_83/job-11194840-83-sub-20326/ds/inputs/data/qsiprep/qsiprep/sub-20326/ses-1/dwi/sub-20326_ses-1_acq-multiband_dir-AP_space-ACPC_desc-preproc_dwi.nii.gz	0.4000602046959662	0.16601671	0.2429088	0.053427055	0.27672228	0.16674459	0.26022357	0.10350879	0.2317045927047729	sub-20326	ses-1		dir-AP	acq-multiband	space-ACPC			DSIStudio	autotrackgqi
Association_SuperiorLongitudinalFasciculusL	modulated_icvf	NODDI	/scratch/grmpy/SLURM_11194840_83/job-11194840-83-sub-20326/ds/inputs/data/qsiprep/qsiprep/sub-20326/ses-1/dwi/sub-20326_ses-1_acq-multiband_dir-AP_space-ACPC_desc-preproc_dwi.nii.gz	0.0036122817579771	0.4521762	0.1338816	0.44153914	0.45381552	0.4421094	0.13132145	0.4494015	0.4502220153808594	sub-20326	ses-1		dir-AP	acq-multiband	space-ACPC			DSIStudio	autotrackgqi
Association_SuperiorLongitudinalFasciculusL	modulated_od	NODDI	/scratch/grmpy/SLURM_11194840_83/job-11194840-83-sub-20326/ds/inputs/data/qsiprep/qsiprep/sub-20326/ses-1/dwi/sub-20326_ses-1_acq-multiband_dir-AP_space-ACPC_desc-preproc_dwi.nii.gz	0.0006020469596628	0.31121352	0.1925802	0.29471412	0.311401	0.29488218	0.1924866	0.33773908	0.3377531468868255	sub-20326	ses-1		dir-AP	acq-multiband	space-ACPC			DSIStudio	autotrackgqi
Association_SuperiorLongitudinalFasciculusL	nrmse	NODDI	/scratch/grmpy/SLURM_11194840_83/job-11194840-83-sub-20326/ds/inputs/data/qsiprep/qsiprep/sub-20326/ses-1/dwi/sub-20326_ses-1_acq-multiband_dir-AP_space-ACPC_desc-preproc_dwi.nii.gz	0.0006020469596628	0.119276956	0.059147358	0.10403138	0.11934881	0.10405961	0.059092652	0.109619826	0.1096243858337402	sub-20326	ses-1		dir-AP	acq-multiband	space-ACPC			DSIStudio	autotrackgqi
Association_SuperiorLongitudinalFasciculusL	od	NODDI	/scratch/grmpy/SLURM_11194840_83/job-11194840-83-sub-20326/ds/inputs/data/qsiprep/qsiprep/sub-20326/ses-1/dwi/sub-20326_ses-1_acq-multiband_dir-AP_space-ACPC_desc-preproc_dwi.nii.gz	0.0006020469596628	0.3736569	0.19527459	0.3662098	0.373882	0.36654794	0.19511785	0.37411952	0.3741350769996643	sub-20326	ses-1		dir-AP	acq-multiband	space-ACPC			DSIStudio	autotrackgqi
Association_SuperiorLongitudinalFasciculusL	rmse	NODDI	/scratch/grmpy/SLURM_11194840_83/job-11194840-83-sub-20326/ds/inputs/data/qsiprep/qsiprep/sub-20326/ses-1/dwi/sub-20326_ses-1_acq-multiband_dir-AP_space-ACPC_desc-preproc_dwi.nii.gz	0.0006020469596628	0.057194974	0.022076575	0.05281075	0.05722943	0.05281965	0.022038534	0.0543017	0.0543039664626121	sub-20326	ses-1		dir-AP	acq-multiband	space-ACPC			DSIStudio	autotrackgqi
Association_SuperiorLongitudinalFasciculusL	tf	NODDI	/scratch/grmpy/SLURM_11194840_83/job-11194840-83-sub-20326/ds/inputs/data/qsiprep/qsiprep/sub-20326/ses-1/dwi/sub-20326_ses-1_acq-multiband_dir-AP_space-ACPC_desc-preproc_dwi.nii.gz	0.0036122817579771	0.83338124	0.24373442	0.9463277	0.83640254	0.946851	0.23894519	0.8964495	0.8980860710144043	sub-20326	ses-1		dir-AP	acq-multiband	space-ACPC			DSIStudio	autotrackgqi
Association_InferiorFrontoOccipitalFasciculusL	directions	NODDI	/scratch/grmpy/SLURM_11194840_83/job-11194840-83-sub-20326/ds/inputs/data/qsiprep/qsiprep/sub-20326/ses-1/dwi/sub-20326_ses-1_acq-multiband_dir-AP_space-ACPC_desc-preproc_dwi.nii.gz	0.0	-0.121756785	0.5643657	-0.24183798	-0.121756785	-0.24183798	0.5643657	-0.315035		sub-20326	ses-1		dir-AP	acq-multiband	space-ACPC			DSIStudio	autotrackgqi
Association_InferiorFrontoOccipitalFasciculusL	icvf	NODDI	/scratch/grmpy/SLURM_11194840_83/job-11194840-83-sub-20326/ds/inputs/data/qsiprep/qsiprep/sub-20326/ses-1/dwi/sub-20326_ses-1_acq-multiband_dir-AP_space-ACPC_desc-preproc_dwi.nii.gz	0.0098039215686274	0.6917978	0.18652134	0.6145262	0.6986473	0.6214695	0.17421047	0.77221763	0.790763795375824	sub-20326	ses-1		dir-AP	acq-multiband	space-ACPC			DSIStudio	autotrackgqi
Association_InferiorFrontoOccipitalFasciculusL	isovf	NODDI	/scratch/grmpy/SLURM_11194840_83/job-11194840-83-sub-20326/ds/inputs/data/qsiprep/qsiprep/sub-20326/ses-1/dwi/sub-20326_ses-1_acq-multiband_dir-AP_space-ACPC_desc-preproc_dwi.nii.gz	0.1617647058823529	0.22394137	0.2764752	0.111220464	0.26715812	0.134948	0.28221288	0.37093812	0.4207015633583069	sub-20326	ses-1		dir-AP	acq-multiband	space-ACPC			DSIStudio	autotrackgqi
Association_InferiorFrontoOccipitalFasciculusL	modulated_icvf	NODDI	/scratch/grmpy/SLURM_11194840_83/job-11194840-83-sub-20326/ds/inputs/data/qsiprep/qsiprep/sub-20326/ses-1/dwi/sub-20326_ses-1_acq-multiband_dir-AP_space-ACPC_desc-preproc_dwi.nii.gz	0.0098039215686274	0.5109338	0.18479885	0.53639054	0.5159926	0.5376388	0.1785454	0.45538616	0.4663229882717132	sub-20326	ses-1		dir-AP	acq-multiband	space-ACPC			DSIStudio	autotrackgqi
Association_InferiorFrontoOccipitalFasciculusL	modulated_od	NODDI	/scratch/grmpy/SLURM_11194840_83/job-11194840-83-sub-20326/ds/inputs/data/qsiprep/qsiprep/sub-20326/ses-1/dwi/sub-20326_ses-1_acq-multiband_dir-AP_space-ACPC_desc-preproc_dwi.nii.gz	0.0	0.32107446	0.17034425	0.36090714	0.32107446	0.36090714	0.17034425	0.2586458	0.2586458027362823	sub-20326	ses-1		dir-AP	acq-multiband	space-ACPC			DSIStudio	autotrackgqi
Association_InferiorFrontoOccipitalFasciculusL	nrmse	NODDI	/scratch/grmpy/SLURM_11194840_83/job-11194840-83-sub-20326/ds/inputs/data/qsiprep/qsiprep/sub-20326/ses-1/dwi/sub-20326_ses-1_acq-multiband_dir-AP_space-ACPC_desc-preproc_dwi.nii.gz	0.0	0.12605387	0.10109843	0.08082011	0.12605387	0.08082011	0.10109843	0.17712837	0.1771283745765686	sub-20326	ses-1		dir-AP	acq-multiband	space-ACPC			DSIStudio	autotrackgqi
Association_InferiorFrontoOccipitalFasciculusL	od	NODDI	/scratch/grmpy/SLURM_11194840_83/job-11194840-83-sub-20326/ds/inputs/data/qsiprep/qsiprep/sub-20326/ses-1/dwi/sub-20326_ses-1_acq-multiband_dir-AP_space-ACPC_desc-preproc_dwi.nii.gz	0.0	0.40378714	0.16392452	0.40957963	0.40378714	0.40957963	0.16392452	0.40024078	0.4002407789230346	sub-20326	ses-1		dir-AP	acq-multiband	space-ACPC			DSIStudio	autotrackgqi
Association_InferiorFrontoOccipitalFasciculusL	rmse	NODDI	/scratch/grmpy/SLURM_11194840_83/job-11194840-83-sub-20326/ds/inputs/data/qsiprep/qsiprep/sub-20326/ses-1/dwi/sub-20326_ses-1_acq-multiband_dir-AP_space-ACPC_desc-preproc_dwi.nii.gz	0.0	0.062451486	0.055299427	0.042036213	0.062451486	0.042036213	0.055299427	0.07917607	0.0791760683059692	sub-20326	ses-1		dir-AP	acq-multiband	space-ACPC			DSIStudio	autotrackgqi
Association_InferiorFrontoOccipitalFasciculusL	tf	NODDI	/scratch/grmpy/SLURM_11194840_83/job-11194840-83-sub-20326/ds/inputs/data/qsiprep/qsiprep/sub-20326/ses-1/dwi/sub-20326_ses-1_acq-multiband_dir-AP_space-ACPC_desc-preproc_dwi.nii.gz	0.0098039215686274	0.7760587	0.2764752	0.8887795	0.78374237	0.89112514	0.26678318	0.6290619	0.644169807434082	sub-20326	ses-1		dir-AP	acq-multiband	space-ACPC			DSIStudio	autotrackgqi
Association_ArcuateFasciculusR	directions	NODDI	/scratch/grmpy/SLURM_11194840_83/job-11194840-83-sub-20326/ds/inputs/data/qsiprep/qsiprep/sub-20326/ses-1/dwi/sub-20326_ses-1_acq-multiband_dir-AP_space-ACPC_desc-preproc_dwi.nii.gz	75.0	-0.0018719254	0.5567453	0.0	-0.0020130253	0.012475613	0.57734674	0.10386175		sub-20326	ses-1		dir-AP	acq-multiband	space-ACPC			DSIStudio	autotrackgqi
Association_ArcuateFasciculusR	icvf	NODDI	/scratch/grmpy/SLURM_11194840_83/job-11194840-83-sub-20326/ds/inputs/data/qsiprep/qsiprep/sub-20326/ses-1/dwi/sub-20326_ses-1_acq-multiband_dir-AP_space-ACPC_desc-preproc_dwi.nii.gz	0.0700934579439252	0.4421448	0.20685938	0.42363638	0.4754723	0.42777878	0.17369494	0.43835217	0.4538551568984985	sub-20326	ses-1		dir-AP	acq-multiband	space-ACPC			DSIStudio	autotrackgqi
Association_ArcuateFasciculusR	isovf	NODDI	/scratch/grmpy/SLURM_11194840_83/job-11194840-83-sub-20326/ds/inputs/data/qsiprep/qsiprep/sub-20326/ses-1/dwi/sub-20326_ses-1_acq-multiband_dir-AP_space-ACPC_desc-preproc_dwi.nii.gz	0.6205607476635514	0.10248126	0.20135525	0.0	0.27008608	0.16490808	0.24816227	0.057346225	0.1890602111816406	sub-20326	ses-1		dir-AP	acq-multiband	space-ACPC			DSIStudio	autotrackgqi
Association_ArcuateFasciculusR	modulated_icvf	NODDI	/scratch/grmpy/SLURM_11194840_83/job-11194840-83-sub-20326/ds/inputs/data/qsiprep/qsiprep/sub-20326/ses-1/dwi/sub-20326_ses-1_acq-multiband_dir-AP_space-ACPC_desc-preproc_dwi.nii.gz	0.0700934579439252	0.3753463	0.16076656	0.4124593	0.40363875	0.41917855	0.12796149	0.40219152	0.4164156317710876	sub-20326	ses-1		dir-AP	acq-multiband	space-ACPC			DSIStudio	autotrackgqi
Association_ArcuateFasciculusR	modulated_od	NODDI	/scratch/grmpy/SLURM_11194840_83/job-11194840-83-sub-20326/ds/inputs/data/qsiprep/qsiprep/sub-20326/ses-1/dwi/sub-20326_ses-1_acq-multiband_dir-AP_space-ACPC_desc-preproc_dwi.nii.gz	0.0700934579439252	0.3638737	0.21398349	0.387174	0.39130136	0.4048604	0.19623424	0.38599706	0.3996484279632568	sub-20326	ses-1		dir-AP	acq-multiband	space-ACPC			DSIStudio	autotrackgqi
Association_ArcuateFasciculusR	nrmse	NODDI	/scratch/grmpy/SLURM_11194840_83/job-11194840-83-sub-20326/ds/inputs/data/qsiprep/qsiprep/sub-20326/ses-1/dwi/sub-20326_ses-1_acq-multiband_dir-AP_space-ACPC_desc-preproc_dwi.nii.gz	0.0700934579439252	0.11250088	0.0719785	0.0991077	0.12098085	0.102190845	0.06742041	0.11713135	0.1212738752365112	sub-20326	ses-1		dir-AP	acq-multiband	space-ACPC			DSIStudio	autotrackgqi
Association_ArcuateFasciculusR	od	NODDI	/scratch/grmpy/SLURM_11194840_83/job-11194840-83-sub-20326/ds/inputs/data/qsiprep/qsiprep/sub-20326/ses-1/dwi/sub-20326_ses-1_acq-multiband_dir-AP_space-ACPC_desc-preproc_dwi.nii.gz	0.0700934579439252	0.4032614	0.21468303	0.42868108	0.43365797	0.445234	0.19073834	0.41187292	0.4264394044876098	sub-20326	ses-1		dir-AP	acq-multiband	space-ACPC			DSIStudio	autotrackgqi
Association_ArcuateFasciculusR	rmse	NODDI	/scratch/grmpy/SLURM_11194840_83/job-11194840-83-sub-20326/ds/inputs/data/qsiprep/qsiprep/sub-20326/ses-1/dwi/sub-20326_ses-1_acq-multiband_dir-AP_space-ACPC_desc-preproc_dwi.nii.gz	0.0700934579439252	0.058297116	0.057114273	0.0486314	0.06269137	0.050228465	0.056854554	0.0610404	0.0631991922855377	sub-20326	ses-1		dir-AP	acq-multiband	space-ACPC			DSIStudio	autotrackgqi
Association_ArcuateFasciculusR	tf	NODDI	/scratch/grmpy/SLURM_11194840_83/job-11194840-83-sub-20326/ds/inputs/data/qsiprep/qsiprep/sub-20326/ses-1/dwi/sub-20326_ses-1_acq-multiband_dir-AP_space-ACPC_desc-preproc_dwi.nii.gz	0.0700934579439252	0.82742524	0.30225447	1.0	0.889794	1.0	0.20675759	0.9084953	0.9406256675720216	sub-20326	ses-1		dir-AP	acq-multiband	space-ACPC			DSIStudio	autotrackgqi
ProjectionBrainstem_CorticospinalTractR	directions	NODDI	/scratch/grmpy/SLURM_11194840_83/job-11194840-83-sub-20326/ds/inputs/data/qsiprep/qsiprep/sub-20326/ses-1/dwi/sub-20326_ses-1_acq-multiband_dir-AP_space-ACPC_desc-preproc_dwi.nii.gz	0.0	-0.043132626	0.5757368	-0.063205495	-0.043132626	-0.063205495	0.5757368	-0.24179757		sub-20326	ses-1		dir-AP	acq-multiband	space-ACPC			DSIStudio	autotrackgqi
ProjectionBrainstem_CorticospinalTractR	icvf	NODDI	/scratch/grmpy/SLURM_11194840_83/job-11194840-83-sub-20326/ds/inputs/data/qsiprep/qsiprep/sub-20326/ses-1/dwi/sub-20326_ses-1_acq-multiband_dir-AP_space-ACPC_desc-preproc_dwi.nii.gz	0.0276442307692307	0.7141747	0.16562992	0.72618794	0.73447883	0.729833	0.11532681	0.7493328	0.7529855966567993	sub-20326	ses-1		dir-AP	acq-multiband	space-ACPC			DSIStudio	autotrackgqi
ProjectionBrainstem_CorticospinalTractR	isovf	NODDI	/scratch/grmpy/SLURM_11194840_83/job-11194840-83-sub-20326/ds/inputs/data/qsiprep/qsiprep/sub-20326/ses-1/dwi/sub-20326_ses-1_acq-multiband_dir-AP_space-ACPC_desc-preproc_dwi.nii.gz	0.0300480769230769	0.19296399	0.21278669	0.12638733	0.1989418	0.12922063	0.21328764	0.18220513	0.1862145215272903	sub-20326	ses-1		dir-AP	acq-multiband	space-ACPC			DSIStudio	autotrackgqi
ProjectionBrainstem_CorticospinalTractR	modulated_icvf	NODDI	/scratch/grmpy/SLURM_11194840_83/job-11194840-83-sub-20326/ds/inputs/data/qsiprep/qsiprep/sub-20326/ses-1/dwi/sub-20326_ses-1_acq-multiband_dir-AP_space-ACPC_desc-preproc_dwi.nii.gz	0.0276442307692307	0.5707043	0.16028647	0.6220492	0.5869295	0.6255899	0.12999661	0.60077953	0.6037081480026245	sub-20326	ses-1		dir-AP	acq-multiband	space-ACPC			DSIStudio	autotrackgqi
ProjectionBrainstem_CorticospinalTractR	modulated_od	NODDI	/scratch/grmpy/SLURM_11194840_83/job-11194840-83-sub-20326/ds/inputs/data/qsiprep/qsiprep/sub-20326/ses-1/dwi/sub-20326_ses-1_acq-multiband_dir-AP_space-ACPC_desc-preproc_dwi.nii.gz	0.0	0.13674277	0.14155932	0.08470559	0.13674277	0.08470559	0.14155932	0.10657302	0.1065730229020118	sub-20326	ses-1		dir-AP	acq-multiband	space-ACPC			DSIStudio	autotrackgqi
ProjectionBrainstem_CorticospinalTractR	nrmse	NODDI	/scratch/grmpy/SLURM_11194840_83/job-11194840-83-sub-20326/ds/inputs/data/qsiprep/qsiprep/sub-20326/ses-1/dwi/sub-20326_ses-1_acq-multiband_dir-AP_space-ACPC_desc-preproc_dwi.nii.gz	0.0108173076923076	0.11420402	0.06695922	0.099112734	0.11545291	0.09925149	0.06624484	0.11383326	0.1140378713607788	sub-20326	ses-1		dir-AP	acq-multiband	space-ACPC			DSIStudio	autotrackgqi
ProjectionBrainstem_CorticospinalTractR	od	NODDI	/scratch/grmpy/SLURM_11194840_83/job-11194840-83-sub-20326/ds/inputs/data/qsiprep/qsiprep/sub-20326/ses-1/dwi/sub-20326_ses-1_acq-multiband_dir-AP_space-ACPC_desc-preproc_dwi.nii.gz	0.0	0.18991166	0.19409968	0.12342387	0.18991166	0.12342387	0.19409968	0.14179555	0.1417955458164215	sub-20326	ses-1		dir-AP	acq-multiband	space-ACPC			DSIStudio	autotrackgqi
ProjectionBrainstem_CorticospinalTractR	rmse	NODDI	/scratch/grmpy/SLURM_11194840_83/job-11194840-83-sub-20326/ds/inputs/data/qsiprep/qsiprep/sub-20326/ses-1/dwi/sub-20326_ses-1_acq-multiband_dir-AP_space-ACPC_desc-preproc_dwi.nii.gz	0.0108173076923076	0.056776006	0.018850096	0.054028668	0.057396885	0.05419229	0.017988194	0.05828964	0.0583944134414196	sub-20326	ses-1		dir-AP	acq-multiband	space-ACPC			DSIStudio	autotrackgqi
ProjectionBrainstem_CorticospinalTractR	tf	NODDI	/scratch/grmpy/SLURM_11194840_83/job-11194840-83-sub-20326/ds/inputs/data/qsiprep/qsiprep/sub-20326/ses-1/dwi/sub-20326_ses-1_acq-multiband_dir-AP_space-ACPC_desc-preproc_dwi.nii.gz	0.016826923076923	0.80703604	0.2127867	0.87361264	0.8208484	0.87432694	0.18632033	0.8177948	0.8203024864196777	sub-20326	ses-1		dir-AP	acq-multiband	space-ACPC			DSIStudio	autotrackgqi
ProjectionBasalGanglia_AnsaLenticularisR	directions	NODDI	/scratch/grmpy/SLURM_11194840_83/job-11194840-83-sub-20326/ds/inputs/data/qsiprep/qsiprep/sub-20326/ses-1/dwi/sub-20326_ses-1_acq-multiband_dir-AP_space-ACPC_desc-preproc_dwi.nii.gz	6.0	0.11259612	0.53884363	0.062909216	0.123855725	0.13594277	0.5639088	0.6252738		sub-20326	ses-1		dir-AP	acq-multiband	space-ACPC			DSIStudio	autotrackgqi
ProjectionBasalGanglia_AnsaLenticularisR	icvf	NODDI	/scratch/grmpy/SLURM_11194840_83/job-11194840-83-sub-20326/ds/inputs/data/qsiprep/qsiprep/sub-20326/ses-1/dwi/sub-20326_ses-1_acq-multiband_dir-AP_space-ACPC_desc-preproc_dwi.nii.gz	0.1212121212121212	0.7168623	0.3490598	0.99	0.81573987	0.99	0.24081166	0.6964605	0.7400609850883484	sub-20326	ses-1		dir-AP	acq-multiband	space-ACPC			DSIStudio	autotrackgqi
ProjectionBasalGanglia_AnsaLenticularisR	isovf	NODDI	/scratch/grmpy/SLURM_11194840_83/job-11194840-83-sub-20326/ds/inputs/data/qsiprep/qsiprep/sub-20326/ses-1/dwi/sub-20326_ses-1_acq-multiband_dir-AP_space-ACPC_desc-preproc_dwi.nii.gz	0.1363636363636363	0.5601382	0.2996718	0.6332532	0.64858115	0.68131757	0.21591721	0.5595897	0.6138355731964111	sub-20326	ses-1		dir-AP	acq-multiband	space-ACPC			DSIStudio	autotrackgqi
ProjectionBasalGanglia_AnsaLenticularisR	modulated_icvf	NODDI	/scratch/grmpy/SLURM_11194840_83/job-11194840-83-sub-20326/ds/inputs/data/qsiprep/qsiprep/sub-20326/ses-1/dwi/sub-20326_ses-1_acq-multiband_dir-AP_space-ACPC_desc-preproc_dwi.nii.gz	0.1212121212121212	0.28274506	0.25175786	0.18903773	0.32174438	0.21689852	0.2440831	0.3048576	0.3239426016807556	sub-20326	ses-1		dir-AP	acq-multiband	space-ACPC			DSIStudio	autotrackgqi
ProjectionBasalGanglia_AnsaLenticularisR	modulated_od	NODDI	/scratch/grmpy/SLURM_11194840_83/job-11194840-83-sub-20326/ds/inputs/data/qsiprep/qsiprep/sub-20326/ses-1/dwi/sub-20326_ses-1_acq-multiband_dir-AP_space-ACPC_desc-preproc_dwi.nii.gz	0.1212121212121212	0.15149942	0.18572785	0.057481438	0.17239588	0.0932316	0.18881282	0.13979469	0.1485462486743927	sub-20326	ses-1		dir-AP	acq-multiband	space-ACPC			DSIStudio	autotrackgqi
ProjectionBasalGanglia_AnsaLenticularisR	nrmse	NODDI	/scratch/grmpy/SLURM_11194840_83/job-11194840-83-sub-20326/ds/inputs/data/qsiprep/qsiprep/sub-20326/ses-1/dwi/sub-20326_ses-1_acq-multiband_dir-AP_space-ACPC_desc-preproc_dwi.nii.gz	0.0909090909090909	0.16857806	0.08692662	0.15999088	0.18543586	0.18112499	0.072012626	0.18170357	0.1866222918033599	sub-20326	ses-1		dir-AP	acq-multiband	space-ACPC			DSIStudio	autotrackgqi
ProjectionBasalGanglia_AnsaLenticularisR	od	NODDI	/scratch/grmpy/SLURM_11194840_83/job-11194840-83-sub-20326/ds/inputs/data/qsiprep/qsiprep/sub-20326/ses-1/dwi/sub-20326_ses-1_acq-multiband_dir-AP_space-ACPC_desc-preproc_dwi.nii.gz	0.0909090909090909	0.36327505	0.29241538	0.36925924	0.39960256	0.38897705	0.2820299	0.3127162	0.3211814165115356	sub-20326	ses-1		dir-AP	acq-multiband	space-ACPC			DSIStudio	autotrackgqi
ProjectionBasalGanglia_AnsaLenticularisR	rmse	NODDI	/scratch/grmpy/SLURM_11194840_83/job-11194840-83-sub-20326/ds/inputs/data/qsiprep/qsiprep/sub-20326/ses-1/dwi/sub-20326_ses-1_acq-multiband_dir-AP_space-ACPC_desc-preproc_dwi.nii.gz	0.0909090909090909	0.07243061	0.04810235	0.066194594	0.07967367	0.06980519	0.044363707	0.079671	0.081827700138092	sub-20326	ses-1		dir-AP	acq-multiband	space-ACPC			DSIStudio	autotrackgqi
ProjectionBasalGanglia_AnsaLenticularisR	tf	NODDI	/scratch/grmpy/SLURM_11194840_83/job-11194840-83-sub-20326/ds/inputs/data/qsiprep/qsiprep/sub-20326/ses-1/dwi/sub-20326_ses-1_acq-multiband_dir-AP_space-ACPC_desc-preproc_dwi.nii.gz	0.1212121212121212	0.34895265	0.26571503	0.28196517	0.39708403	0.3442341	0.24744862	0.41405374	0.4399747252464294	sub-20326	ses-1		dir-AP	acq-multiband	space-ACPC			DSIStudio	autotrackgqi
ProjectionBrainstem_CorticospinalTractL	directions	NODDI	/scratch/grmpy/SLURM_11194840_83/job-11194840-83-sub-20326/ds/inputs/data/qsiprep/qsiprep/sub-20326/ses-1/dwi/sub-20326_ses-1_acq-multiband_dir-AP_space-ACPC_desc-preproc_dwi.nii.gz	1.0	0.09325103	0.5695585	-0.013645079	0.0933184	-0.013708809	0.5697587	0.36133227		sub-20326	ses-1		dir-AP	acq-multiband	space-ACPC			DSIStudio	autotrackgqi
ProjectionBrainstem_CorticospinalTractL	icvf	NODDI	/scratch/grmpy/SLURM_11194840_83/job-11194840-83-sub-20326/ds/inputs/data/qsiprep/qsiprep/sub-20326/ses-1/dwi/sub-20326_ses-1_acq-multiband_dir-AP_space-ACPC_desc-preproc_dwi.nii.gz	0.0137184115523465	0.7035084	0.14984262	0.69777066	0.7132937	0.6987077	0.12563978	0.70440495	0.7107833027839661	sub-20326	ses-1		dir-AP	acq-multiband	space-ACPC			DSIStudio	autotrackgqi
ProjectionBrainstem_CorticospinalTractL	isovf	NODDI	/scratch/grmpy/SLURM_11194840_83/job-11194840-83-sub-20326/ds/inputs/data/qsiprep/qsiprep/sub-20326/ses-1/dwi/sub-20326_ses-1_acq-multiband_dir-AP_space-ACPC_desc-preproc_dwi.nii.gz	0.0505415162454873	0.18476194	0.2106811	0.113388866	0.19459718	0.11701514	0.2117437	0.16082917	0.1691923141479492	sub-20326	ses-1		dir-AP	acq-multiband	space-ACPC			DSIStudio	autotrackgqi
ProjectionBrainstem_CorticospinalTractL	modulated_icvf	NODDI	/scratch/grmpy/SLURM_11194840_83/job-11194840-83-sub-20326/ds/inputs/data/qsiprep/qsiprep/sub-20326/ses-1/dwi/sub-20326_ses-1_acq-multiband_dir-AP_space-ACPC_desc-preproc_dwi.nii.gz	0.0137184115523465	0.56061846	0.14794166	0.6002473	0.56841624	0.60222054	0.1332621	0.5814458	0.5867107510566711	sub-20326	ses-1		dir-AP	acq-multiband	space-ACPC			DSIStudio	autotrackgqi
ProjectionBrainstem_CorticospinalTractL	modulated_od	NODDI	/scratch/grmpy/SLURM_11194840_83/job-11194840-83-sub-20326/ds/inputs/data/qsiprep/qsiprep/sub-20326/ses-1/dwi/sub-20326_ses-1_acq-multiband_dir-AP_space-ACPC_desc-preproc_dwi.nii.gz	0.0007220216606498	0.14216189	0.12053641	0.107464045	0.14226462	0.10750798	0.12051934	0.11816187	0.1181694269180297	sub-20326	ses-1		dir-AP	acq-multiband	space-ACPC			DSIStudio	autotrackgqi
ProjectionBrainstem_CorticospinalTractL	nrmse	NODDI	/scratch/grmpy/SLURM_11194840_83/job-11194840-83-sub-20326/ds/inputs/data/qsiprep/qsiprep/sub-20326/ses-1/dwi/sub-20326_ses-1_acq-multiband_dir-AP_space-ACPC_desc-preproc_dwi.nii.gz	0.0057761732851985	0.11470427	0.0694623	0.098240755	0.115370676	0.098411925	0.06910977	0.10878272	0.1093467622995376	sub-20326	ses-1		dir-AP	acq-multiband	space-ACPC			DSIStudio	autotrackgqi
ProjectionBrainstem_CorticospinalTractL	od	NODDI	/scratch/grmpy/SLURM_11194840_83/job-11194840-83-sub-20326/ds/inputs/data/qsiprep/qsiprep/sub-20326/ses-1/dwi/sub-20326_ses-1_acq-multiband_dir-AP_space-ACPC_desc-preproc_dwi.nii.gz	0.0007220216606498	0.19718158	0.1731608	0.15420882	0.19732405	0.15441349	0.1731422	0.155061	0.1550709158182144	sub-20326	ses-1		dir-AP	acq-multiband	space-ACPC			DSIStudio	autotrackgqi
ProjectionBrainstem_CorticospinalTractL	rmse	NODDI	/scratch/grmpy/SLURM_11194840_83/job-11194840-83-sub-20326/ds/inputs/data/qsiprep/qsiprep/sub-20326/ses-1/dwi/sub-20326_ses-1_acq-multiband_dir-AP_space-ACPC_desc-preproc_dwi.nii.gz	0.0057761732851985	0.056989267	0.02118345	0.05281622	0.05732036	0.052878283	0.020793444	0.056260046	0.0565517470240592	sub-20326	ses-1		dir-AP	acq-multiband	space-ACPC			DSIStudio	autotrackgqi
ProjectionBrainstem_CorticospinalTractL	tf	NODDI	/scratch/grmpy/SLURM_11194840_83/job-11194840-83-sub-20326/ds/inputs/data/qsiprep/qsiprep/sub-20326/ses-1/dwi/sub-20326_ses-1_acq-multiband_dir-AP_space-ACPC_desc-preproc_dwi.nii.gz	0.0086642599277978	0.81451607	0.21175745	0.8865405	0.8216349	0.88757133	0.19845408	0.8391069	0.8423746824264526	sub-20326	ses-1		dir-AP	acq-multiband	space-ACPC			DSIStudio	autotrackgqi
ProjectionBasalGanglia_FornixR	directions	NODDI	/scratch/grmpy/SLURM_11194840_83/job-11194840-83-sub-20326/ds/inputs/data/qsiprep/qsiprep/sub-20326/ses-1/dwi/sub-20326_ses-1_acq-multiband_dir-AP_space-ACPC_desc-preproc_dwi.nii.gz	7.0	0.08182507	0.51500916	0.0029106785	0.1003017	0.13518082	0.5685709	0.38813064		sub-20326	ses-1		dir-AP	acq-multiband	space-ACPC			DSIStudio	autotrackgqi
ProjectionBasalGanglia_FornixR	icvf	NODDI	/scratch/grmpy/SLURM_11194840_83/job-11194840-83-sub-20326/ds/inputs/data/qsiprep/qsiprep/sub-20326/ses-1/dwi/sub-20326_ses-1_acq-multiband_dir-AP_space-ACPC_desc-preproc_dwi.nii.gz	0.2368421052631578	0.6090341	0.40022016	0.70300955	0.79804474	0.99	0.24299616	0.561021	0.743466854095459	sub-20326	ses-1		dir-AP	acq-multiband	space-ACPC			DSIStudio	autotrackgqi
ProjectionBasalGanglia_FornixR	isovf	NODDI	/scratch/grmpy/SLURM_11194840_83/job-11194840-83-sub-20326/ds/inputs/data/qsiprep/qsiprep/sub-20326/ses-1/dwi/sub-20326_ses-1_acq-multiband_dir-AP_space-ACPC_desc-preproc_dwi.nii.gz	0.2105263157894736	0.50725186	0.31541637	0.5909339	0.642519	0.6508975	0.19775176	0.47963566	0.6356147527694702	sub-20326	ses-1		dir-AP	acq-multiband	space-ACPC			DSIStudio	autotrackgqi
ProjectionBasalGanglia_FornixR	modulated_icvf	NODDI	/scratch/grmpy/SLURM_11194840_83/job-11194840-83-sub-20326/ds/inputs/data/qsiprep/qsiprep/sub-20326/ses-1/dwi/sub-20326_ses-1_acq-multiband_dir-AP_space-ACPC_desc-preproc_dwi.nii.gz	0.2368421052631578	0.24043013	0.21807837	0.21452257	0.31504637	0.27311176	0.19700263	0.25006512	0.3313871920108795	sub-20326	ses-1		dir-AP	acq-multiband	space-ACPC			DSIStudio	autotrackgqi
ProjectionBasalGanglia_FornixR	modulated_od	NODDI	/scratch/grmpy/SLURM_11194840_83/job-11194840-83-sub-20326/ds/inputs/data/qsiprep/qsiprep/sub-20326/ses-1/dwi/sub-20326_ses-1_acq-multiband_dir-AP_space-ACPC_desc-preproc_dwi.nii.gz	0.2368421052631578	0.14635174	0.16681942	0.10682404	0.19177124	0.17099184	0.16659851	0.13948327	0.1848436892032623	sub-20326	ses-1		dir-AP	acq-multiband	space-ACPC			DSIStudio	autotrackgqi
ProjectionBasalGanglia_FornixR	nrmse	NODDI	/scratch/grmpy/SLURM_11194840_83/job-11194840-83-sub-20326/ds/inputs/data/qsiprep/qsiprep/sub-20326/ses-1/dwi/sub-20326_ses-1_acq-multiband_dir-AP_space-ACPC_desc-preproc_dwi.nii.gz	0.1842105263157894	0.16048597	0.10138674	0.14830512	0.19672474	0.19265687	0.07396848	0.1722596	0.2095395922660827	sub-20326	ses-1		dir-AP	acq-multiband	space-ACPC			DSIStudio	autotrackgqi
ProjectionBasalGanglia_FornixR	od	NODDI	/scratch/grmpy/SLURM_11194840_83/job-11194840-83-sub-20326/ds/inputs/data/qsiprep/qsiprep/sub-20326/ses-1/dwi/sub-20326_ses-1_acq-multiband_dir-AP_space-ACPC_desc-preproc_dwi.nii.gz	0.1842105263157894	0.40093723	0.28660253	0.4446422	0.49147144	0.4885031	0.23705272	0.3711339	0.4514538943767547	sub-20326	ses-1		dir-AP	acq-multiband	space-ACPC			DSIStudio	autotrackgqi
ProjectionBasalGanglia_FornixR	rmse	NODDI	/scratch/grmpy/SLURM_11194840_83/job-11194840-83-sub-20326/ds/inputs/data/qsiprep/qsiprep/sub-20326/ses-1/dwi/sub-20326_ses-1_acq-multiband_dir-AP_space-ACPC_desc-preproc_dwi.nii.gz	0.1842105263157894	0.06570545	0.046013433	0.061491966	0.08054216	0.068702	0.037421126	0.07389427	0.0898862928152084	sub-20326	ses-1		dir-AP	acq-multiband	space-ACPC			DSIStudio	autotrackgqi
ProjectionBasalGanglia_FornixR	tf	NODDI	/scratch/grmpy/SLURM_11194840_83/job-11194840-83-sub-20326/ds/inputs/data/qsiprep/qsiprep/sub-20326/ses-1/dwi/sub-20326_ses-1_acq-multiband_dir-AP_space-ACPC_desc-preproc_dwi.nii.gz	0.2368421052631578	0.3085376	0.2507633	0.2832173	0.40429065	0.3650846	0.20901038	0.3424502	0.4538161754608154	sub-20326	ses-1		dir-AP	acq-multiband	space-ACPC			DSIStudio	autotrackgqi
ProjectionBrainstem_DentatorubrothalamicTract-rl	directions	NODDI	/scratch/grmpy/SLURM_11194840_83/job-11194840-83-sub-20326/ds/inputs/data/qsiprep/qsiprep/sub-20326/ses-1/dwi/sub-20326_ses-1_acq-multiband_dir-AP_space-ACPC_desc-preproc_dwi.nii.gz	0.0	-0.045754004	0.57553446	-0.06382996	-0.045754004	-0.06382996	0.57553446	-0.29934114		sub-20326	ses-1		dir-AP	acq-multiband	space-ACPC			DSIStudio	autotrackgqi
ProjectionBrainstem_DentatorubrothalamicTract-rl	icvf	NODDI	/scratch/grmpy/SLURM_11194840_83/job-11194840-83-sub-20326/ds/inputs/data/qsiprep/qsiprep/sub-20326/ses-1/dwi/sub-20326_ses-1_acq-multiband_dir-AP_space-ACPC_desc-preproc_dwi.nii.gz	0.027027027027027	0.68164164	0.17147692	0.68255275	0.7005761	0.686849	0.13021547	0.69224995	0.7015947103500366	sub-20326	ses-1		dir-AP	acq-multiband	space-ACPC			DSIStudio	autotrackgqi
ProjectionBrainstem_DentatorubrothalamicTract-rl	isovf	NODDI	/scratch/grmpy/SLURM_11194840_83/job-11194840-83-sub-20326/ds/inputs/data/qsiprep/qsiprep/sub-20326/ses-1/dwi/sub-20326_ses-1_acq-multiband_dir-AP_space-ACPC_desc-preproc_dwi.nii.gz	0.079002079002079	0.18636413	0.18293351	0.13795236	0.20235021	0.14771336	0.18193527	0.1476645	0.1633910089731216	sub-20326	ses-1		dir-AP	acq-multiband	space-ACPC			DSIStudio	autotrackgqi
ProjectionBrainstem_DentatorubrothalamicTract-rl	modulated_icvf	NODDI	/scratch/grmpy/SLURM_11194840_83/job-11194840-83-sub-20326/ds/inputs/data/qsiprep/qsiprep/sub-20326/ses-1/dwi/sub-20326_ses-1_acq-multiband_dir-AP_space-ACPC_desc-preproc_dwi.nii.gz	0.027027027027027	0.53747493	0.14900777	0.5658358	0.5524048	0.57156634	0.12071764	0.5807611	0.5886009931564331	sub-20326	ses-1		dir-AP	acq-multiband	space-ACPC			DSIStudio	autotrackgqi
ProjectionBrainstem_DentatorubrothalamicTract-rl	modulated_od	NODDI	/scratch/grmpy/SLURM_11194840_83/job-11194840-83-sub-20326/ds/inputs/data/qsiprep/qsiprep/sub-20326/ses-1/dwi/sub-20326_ses-1_acq-multiband_dir-AP_space-ACPC_desc-preproc_dwi.nii.gz	0.0	0.17029402	0.18359402	0.099508636	0.17029402	0.099508636	0.18359402	0.14246249	0.1424624919891357	sub-20326	ses-1		dir-AP	acq-multiband	space-ACPC			DSIStudio	autotrackgqi
ProjectionBrainstem_DentatorubrothalamicTract-rl	nrmse	NODDI	/scratch/grmpy/SLURM_11194840_83/job-11194840-83-sub-20326/ds/inputs/data/qsiprep/qsiprep/sub-20326/ses-1/dwi/sub-20326_ses-1_acq-multiband_dir-AP_space-ACPC_desc-preproc_dwi.nii.gz	0.0249480249480249	0.10692117	0.046279892	0.10022672	0.1096569	0.100877926	0.04355042	0.103216924	0.1045754253864288	sub-20326	ses-1		dir-AP	acq-multiband	space-ACPC			DSIStudio	autotrackgqi
ProjectionBrainstem_DentatorubrothalamicTract-rl	od	NODDI	/scratch/grmpy/SLURM_11194840_83/job-11194840-83-sub-20326/ds/inputs/data/qsiprep/qsiprep/sub-20326/ses-1/dwi/sub-20326_ses-1_acq-multiband_dir-AP_space-ACPC_desc-preproc_dwi.nii.gz	0.0	0.21567735	0.20498833	0.14931749	0.21567735	0.14931749	0.20498833	0.16827482	0.1682748198509216	sub-20326	ses-1		dir-AP	acq-multiband	space-ACPC			DSIStudio	autotrackgqi
ProjectionBrainstem_DentatorubrothalamicTract-rl	rmse	NODDI	/scratch/grmpy/SLURM_11194840_83/job-11194840-83-sub-20326/ds/inputs/data/qsiprep/qsiprep/sub-20326/ses-1/dwi/sub-20326_ses-1_acq-multiband_dir-AP_space-ACPC_desc-preproc_dwi.nii.gz	0.0249480249480249	0.05394121	0.015817406	0.05312089	0.055321366	0.053334806	0.01342533	0.055046882	0.055771380662918	sub-20326	ses-1		dir-AP	acq-multiband	space-ACPC			DSIStudio	autotrackgqi
ProjectionBrainstem_DentatorubrothalamicTract-rl	tf	NODDI	/scratch/grmpy/SLURM_11194840_83/job-11194840-83-sub-20326/ds/inputs/data/qsiprep/qsiprep/sub-20326/ses-1/dwi/sub-20326_ses-1_acq-multiband_dir-AP_space-ACPC_desc-preproc_dwi.nii.gz	0.002079002079002	0.8136358	0.18293351	0.8620477	0.81533086	0.8624852	0.17931074	0.8523355	0.8526158928871155	sub-20326	ses-1		dir-AP	acq-multiband	space-ACPC			DSIStudio	autotrackgqi
ProjectionBasalGanglia_ThalamicRadiationR	directions	NODDI	/scratch/grmpy/SLURM_11194840_83/job-11194840-83-sub-20326/ds/inputs/data/qsiprep/qsiprep/sub-20326/ses-1/dwi/sub-20326_ses-1_acq-multiband_dir-AP_space-ACPC_desc-preproc_dwi.nii.gz	0.0	0.03866927	0.5760538	0.009238049	0.03866927	0.009238049	0.5760538	0.28869668		sub-20326	ses-1		dir-AP	acq-multiband	space-ACPC			DSIStudio	autotrackgqi
ProjectionBasalGanglia_ThalamicRadiationR	icvf	NODDI	/scratch/grmpy/SLURM_11194840_83/job-11194840-83-sub-20326/ds/inputs/data/qsiprep/qsiprep/sub-20326/ses-1/dwi/sub-20326_ses-1_acq-multiband_dir-AP_space-ACPC_desc-preproc_dwi.nii.gz	0.0416666666666666	0.70447135	0.23898046	0.6338334	0.73510057	0.64421344	0.1925597	0.6821243	0.7106673717498779	sub-20326	ses-1		dir-AP	acq-multiband	space-ACPC			DSIStudio	autotrackgqi
ProjectionBasalGanglia_ThalamicRadiationR	isovf	NODDI	/scratch/grmpy/SLURM_11194840_83/job-11194840-83-sub-20326/ds/inputs/data/qsiprep/qsiprep/sub-20326/ses-1/dwi/sub-20326_ses-1_acq-multiband_dir-AP_space-ACPC_desc-preproc_dwi.nii.gz	0.1388888888888889	0.35725418	0.33115786	0.21208565	0.41487584	0.29270682	0.32163283	0.34341007	0.3992831707000732	sub-20326	ses-1		dir-AP	acq-multiband	space-ACPC			DSIStudio	autotrackgqi
ProjectionBasalGanglia_ThalamicRadiationR	modulated_icvf	NODDI	/scratch/grmpy/SLURM_11194840_83/job-11194840-83-sub-20326/ds/inputs/data/qsiprep/qsiprep/sub-20326/ses-1/dwi/sub-20326_ses-1_acq-multiband_dir-AP_space-ACPC_desc-preproc_dwi.nii.gz	0.0416666666666666	0.42564985	0.19807975	0.47840083	0.44415638	0.48015326	0.18089138	0.42218804	0.4398542046546936	sub-20326	ses-1		dir-AP	acq-multiband	space-ACPC			DSIStudio	autotrackgqi
ProjectionBasalGanglia_ThalamicRadiationR	modulated_od	NODDI	/scratch/grmpy/SLURM_11194840_83/job-11194840-83-sub-20326/ds/inputs/data/qsiprep/qsiprep/sub-20326/ses-1/dwi/sub-20326_ses-1_acq-multiband_dir-AP_space-ACPC_desc-preproc_dwi.nii.gz	0.0	0.20021711	0.17332286	0.13932967	0.20021711	0.13932967	0.17332286	0.1664851	0.1664851009845733	sub-20326	ses-1		dir-AP	acq-multiband	space-ACPC			DSIStudio	autotrackgqi
ProjectionBasalGanglia_ThalamicRadiationR	nrmse	NODDI	/scratch/grmpy/SLURM_11194840_83/job-11194840-83-sub-20326/ds/inputs/data/qsiprep/qsiprep/sub-20326/ses-1/dwi/sub-20326_ses-1_acq-multiband_dir-AP_space-ACPC_desc-preproc_dwi.nii.gz	0.0	0.17083925	0.11283958	0.1109633	0.17083925	0.1109633	0.11283958	0.14451872	0.1445187181234359	sub-20326	ses-1		dir-AP	acq-multiband	space-ACPC			DSIStudio	autotrackgqi
ProjectionBasalGanglia_ThalamicRadiationR	od	NODDI	/scratch/grmpy/SLURM_11194840_83/job-11194840-83-sub-20326/ds/inputs/data/qsiprep/qsiprep/sub-20326/ses-1/dwi/sub-20326_ses-1_acq-multiband_dir-AP_space-ACPC_desc-preproc_dwi.nii.gz	0.0	0.3450746	0.2281176	0.2896366	0.3450746	0.2896366	0.2281176	0.28064427	0.2806442677974701	sub-20326	ses-1		dir-AP	acq-multiband	space-ACPC			DSIStudio	autotrackgqi
ProjectionBasalGanglia_ThalamicRadiationR	rmse	NODDI	/scratch/grmpy/SLURM_11194840_83/job-11194840-83-sub-20326/ds/inputs/data/qsiprep/qsiprep/sub-20326/ses-1/dwi/sub-20326_ses-1_acq-multiband_dir-AP_space-ACPC_desc-preproc_dwi.nii.gz	0.0	0.07279583	0.051336188	0.054315604	0.07279583	0.054315604	0.051336188	0.060810614	0.0608106143772602	sub-20326	ses-1		dir-AP	acq-multiband	space-ACPC			DSIStudio	autotrackgqi
ProjectionBasalGanglia_ThalamicRadiationR	tf	NODDI	/scratch/grmpy/SLURM_11194840_83/job-11194840-83-sub-20326/ds/inputs/data/qsiprep/qsiprep/sub-20326/ses-1/dwi/sub-20326_ses-1_acq-multiband_dir-AP_space-ACPC_desc-preproc_dwi.nii.gz	0.0416666666666666	0.6427458	0.33115786	0.7879144	0.6706913	0.80720365	0.30933928	0.65659	0.684064507484436	sub-20326	ses-1		dir-AP	acq-multiband	space-ACPC			DSIStudio	autotrackgqi
ProjectionBrainstem_MedialForebrainBundleR	directions	NODDI	/scratch/grmpy/SLURM_11194840_83/job-11194840-83-sub-20326/ds/inputs/data/qsiprep/qsiprep/sub-20326/ses-1/dwi/sub-20326_ses-1_acq-multiband_dir-AP_space-ACPC_desc-preproc_dwi.nii.gz	0.0	-0.105667785	0.5675981	-0.096636996	-0.105667785	-0.096636996	0.5675981	-0.3414818		sub-20326	ses-1		dir-AP	acq-multiband	space-ACPC			DSIStudio	autotrackgqi
ProjectionBrainstem_MedialForebrainBundleR	icvf	NODDI	/scratch/grmpy/SLURM_11194840_83/job-11194840-83-sub-20326/ds/inputs/data/qsiprep/qsiprep/sub-20326/ses-1/dwi/sub-20326_ses-1_acq-multiband_dir-AP_space-ACPC_desc-preproc_dwi.nii.gz	0.2	0.79200006	0.396	0.99	0.99000007	0.99	5.9604645e-08	0.8522164	0.9900000095367432	sub-20326	ses-1		dir-AP	acq-multiband	space-ACPC			DSIStudio	autotrackgqi
ProjectionBrainstem_MedialForebrainBundleR	isovf	NODDI	/scratch/grmpy/SLURM_11194840_83/job-11194840-83-sub-20326/ds/inputs/data/qsiprep/qsiprep/sub-20326/ses-1/dwi/sub-20326_ses-1_acq-multiband_dir-AP_space-ACPC_desc-preproc_dwi.nii.gz	0.0857142857142857	0.6579943	0.30726048	0.73580253	0.71968126	0.7402574	0.24262086	0.6823452	0.7078875303268433	sub-20326	ses-1		dir-AP	acq-multiband	space-ACPC			DSIStudio	autotrackgqi
ProjectionBrainstem_MedialForebrainBundleR	modulated_icvf	NODDI	/scratch/grmpy/SLURM_11194840_83/job-11194840-83-sub-20326/ds/inputs/data/qsiprep/qsiprep/sub-20326/ses-1/dwi/sub-20326_ses-1_acq-multiband_dir-AP_space-ACPC_desc-preproc_dwi.nii.gz	0.2	0.3385856	0.30418786	0.2615555	0.423232	0.37679344	0.28255576	0.31447825	0.3653220236301422	sub-20326	ses-1		dir-AP	acq-multiband	space-ACPC			DSIStudio	autotrackgqi
ProjectionBrainstem_MedialForebrainBundleR	modulated_od	NODDI	/scratch/grmpy/SLURM_11194840_83/job-11194840-83-sub-20326/ds/inputs/data/qsiprep/qsiprep/sub-20326/ses-1/dwi/sub-20326_ses-1_acq-multiband_dir-AP_space-ACPC_desc-preproc_dwi.nii.gz	0.0	0.18263823	0.19931002	0.1190226	0.18263823	0.1190226	0.19931002	0.14966834	0.1496683359146118	sub-20326	ses-1		dir-AP	acq-multiband	space-ACPC			DSIStudio	autotrackgqi
ProjectionBrainstem_MedialForebrainBundleR	nrmse	NODDI	/scratch/grmpy/SLURM_11194840_83/job-11194840-83-sub-20326/ds/inputs/data/qsiprep/qsiprep/sub-20326/ses-1/dwi/sub-20326_ses-1_acq-multiband_dir-AP_space-ACPC_desc-preproc_dwi.nii.gz	0.0	0.3246391	0.06559162	0.33353665	0.3246391	0.33353665	0.06559162	0.3250752	0.3250752091407776	sub-20326	ses-1		dir-AP	acq-multiband	space-ACPC			DSIStudio	autotrackgqi
ProjectionBrainstem_MedialForebrainBundleR	od	NODDI	/scratch/grmpy/SLURM_11194840_83/job-11194840-83-sub-20326/ds/inputs/data/qsiprep/qsiprep/sub-20326/ses-1/dwi/sub-20326_ses-1_acq-multiband_dir-AP_space-ACPC_desc-preproc_dwi.nii.gz	0.0	0.5884485	0.25403932	0.52294725	0.5884485	0.52294725	0.25403932	0.52299976	0.5229997634887695	sub-20326	ses-1		dir-AP	acq-multiband	space-ACPC			DSIStudio	autotrackgqi
ProjectionBrainstem_MedialForebrainBundleR	rmse	NODDI	/scratch/grmpy/SLURM_11194840_83/job-11194840-83-sub-20326/ds/inputs/data/qsiprep/qsiprep/sub-20326/ses-1/dwi/sub-20326_ses-1_acq-multiband_dir-AP_space-ACPC_desc-preproc_dwi.nii.gz	0.0	0.12259959	0.033464137	0.114678465	0.12259959	0.114678465	0.033464137	0.11802312	0.1180231198668479	sub-20326	ses-1		dir-AP	acq-multiband	space-ACPC			DSIStudio	autotrackgqi
ProjectionBrainstem_MedialForebrainBundleR	tf	NODDI	/scratch/grmpy/SLURM_11194840_83/job-11194840-83-sub-20326/ds/inputs/data/qsiprep/qsiprep/sub-20326/ses-1/dwi/sub-20326_ses-1_acq-multiband_dir-AP_space-ACPC_desc-preproc_dwi.nii.gz	0.2	0.3420056	0.30726048	0.26419747	0.427507	0.3805994	0.28540987	0.3176548	0.3690121471881866	sub-20326	ses-1		dir-AP	acq-multiband	space-ACPC			DSIStudio	autotrackgqi
ProjectionBrainstem_NonDecussatingDentatorubrothalamicTractL	directions	NODDI	/scratch/grmpy/SLURM_11194840_83/job-11194840-83-sub-20326/ds/inputs/data/qsiprep/qsiprep/sub-20326/ses-1/dwi/sub-20326_ses-1_acq-multiband_dir-AP_space-ACPC_desc-preproc_dwi.nii.gz	0.0	0.09324281	0.5697711	-0.05050397	0.09324281	-0.05050397	0.5697711	0.32883084		sub-20326	ses-1		dir-AP	acq-multiband	space-ACPC			DSIStudio	autotrackgqi
ProjectionBrainstem_NonDecussatingDentatorubrothalamicTractL	icvf	NODDI	/scratch/grmpy/SLURM_11194840_83/job-11194840-83-sub-20326/ds/inputs/data/qsiprep/qsiprep/sub-20326/ses-1/dwi/sub-20326_ses-1_acq-multiband_dir-AP_space-ACPC_desc-preproc_dwi.nii.gz	0.0380952380952381	0.6987845	0.18110102	0.72087276	0.7264591	0.72740054	0.11828781	0.71047235	0.7272071838378906	sub-20326	ses-1		dir-AP	acq-multiband	space-ACPC			DSIStudio	autotrackgqi
ProjectionBrainstem_NonDecussatingDentatorubrothalamicTractL	isovf	NODDI	/scratch/grmpy/SLURM_11194840_83/job-11194840-83-sub-20326/ds/inputs/data/qsiprep/qsiprep/sub-20326/ses-1/dwi/sub-20326_ses-1_acq-multiband_dir-AP_space-ACPC_desc-preproc_dwi.nii.gz	0.0595238095238095	0.19034867	0.22157595	0.11971778	0.20239605	0.12418423	0.22308046	0.1728788	0.1787553876638412	sub-20326	ses-1		dir-AP	acq-multiband	space-ACPC			DSIStudio	autotrackgqi
ProjectionBrainstem_NonDecussatingDentatorubrothalamicTractL	modulated_icvf	NODDI	/scratch/grmpy/SLURM_11194840_83/job-11194840-83-sub-20326/ds/inputs/data/qsiprep/qsiprep/sub-20326/ses-1/dwi/sub-20326_ses-1_acq-multiband_dir-AP_space-ACPC_desc-preproc_dwi.nii.gz	0.0380952380952381	0.5661877	0.17051284	0.6165525	0.58861095	0.62014824	0.13048951	0.5884363	0.6022966504096985	sub-20326	ses-1		dir-AP	acq-multiband	space-ACPC			DSIStudio	autotrackgqi
ProjectionBrainstem_NonDecussatingDentatorubrothalamicTractL	modulated_od	NODDI	/scratch/grmpy/SLURM_11194840_83/job-11194840-83-sub-20326/ds/inputs/data/qsiprep/qsiprep/sub-20326/ses-1/dwi/sub-20326_ses-1_acq-multiband_dir-AP_space-ACPC_desc-preproc_dwi.nii.gz	0.0	0.12110656	0.13627535	0.06969577	0.12110656	0.06969577	0.13627535	0.113415286	0.1134152859449386	sub-20326	ses-1		dir-AP	acq-multiband	space-ACPC			DSIStudio	autotrackgqi
ProjectionBrainstem_NonDecussatingDentatorubrothalamicTractL	nrmse	NODDI	/scratch/grmpy/SLURM_11194840_83/job-11194840-83-sub-20326/ds/inputs/data/qsiprep/qsiprep/sub-20326/ses-1/dwi/sub-20326_ses-1_acq-multiband_dir-AP_space-ACPC_desc-preproc_dwi.nii.gz	0.0119047619047619	0.12299665	0.084779404	0.101202294	0.124478534	0.10165384	0.08420024	0.11827859	0.1185620725154876	sub-20326	ses-1		dir-AP	acq-multiband	space-ACPC			DSIStudio	autotrackgqi
ProjectionBrainstem_NonDecussatingDentatorubrothalamicTractL	od	NODDI	/scratch/grmpy/SLURM_11194840_83/job-11194840-83-sub-20326/ds/inputs/data/qsiprep/qsiprep/sub-20326/ses-1/dwi/sub-20326_ses-1_acq-multiband_dir-AP_space-ACPC_desc-preproc_dwi.nii.gz	0.0	0.18385431	0.21081062	0.093700826	0.18385431	0.093700826	0.21081062	0.16930619	0.1693061888217926	sub-20326	ses-1		dir-AP	acq-multiband	space-ACPC			DSIStudio	autotrackgqi
ProjectionBrainstem_NonDecussatingDentatorubrothalamicTractL	rmse	NODDI	/scratch/grmpy/SLURM_11194840_83/job-11194840-83-sub-20326/ds/inputs/data/qsiprep/qsiprep/sub-20326/ses-1/dwi/sub-20326_ses-1_acq-multiband_dir-AP_space-ACPC_desc-preproc_dwi.nii.gz	0.0119047619047619	0.060345344	0.02487428	0.05553557	0.061072398	0.05563635	0.024120148	0.05906254	0.0592040941119194	sub-20326	ses-1		dir-AP	acq-multiband	space-ACPC			DSIStudio	autotrackgqi
ProjectionBrainstem_NonDecussatingDentatorubrothalamicTractL	tf	NODDI	/scratch/grmpy/SLURM_11194840_83/job-11194840-83-sub-20326/ds/inputs/data/qsiprep/qsiprep/sub-20326/ses-1/dwi/sub-20326_ses-1_acq-multiband_dir-AP_space-ACPC_desc-preproc_dwi.nii.gz	0.0261904761904761	0.8096513	0.22157595	0.88028216	0.8314268	0.8810079	0.17975433	0.8271212	0.8445369601249695	sub-20326	ses-1		dir-AP	acq-multiband	space-ACPC			DSIStudio	autotrackgqi
ProjectionBrainstem_CorticopontineTractL	directions	NODDI	/scratch/grmpy/SLURM_11194840_83/job-11194840-83-sub-20326/ds/inputs/data/qsiprep/qsiprep/sub-20326/ses-1/dwi/sub-20326_ses-1_acq-multiband_dir-AP_space-ACPC_desc-preproc_dwi.nii.gz	5.0	0.023755202	0.5754865	0.0	0.023868646	-0.0028600113	0.5768567	0.36528176		sub-20326	ses-1		dir-AP	acq-multiband	space-ACPC			DSIStudio	autotrackgqi
ProjectionBrainstem_CorticopontineTractL	icvf	NODDI	/scratch/grmpy/SLURM_11194840_83/job-11194840-83-sub-20326/ds/inputs/data/qsiprep/qsiprep/sub-20326/ses-1/dwi/sub-20326_ses-1_acq-multiband_dir-AP_space-ACPC_desc-preproc_dwi.nii.gz	0.061787072243346	0.68388194	0.24641944	0.66117406	0.72891974	0.6781735	0.17858481	0.6905822	0.7351149320602417	sub-20326	ses-1		dir-AP	acq-multiband	space-ACPC			DSIStudio	autotrackgqi
ProjectionBrainstem_CorticopontineTractL	isovf	NODDI	/scratch/grmpy/SLURM_11194840_83/job-11194840-83-sub-20326/ds/inputs/data/qsiprep/qsiprep/sub-20326/ses-1/dwi/sub-20326_ses-1_acq-multiband_dir-AP_space-ACPC_desc-preproc_dwi.nii.gz	0.1378326996197718	0.31206423	0.31657407	0.17318341	0.36195323	0.20574524	0.3133424	0.3753065	0.4080382585525512	sub-20326	ses-1		dir-AP	acq-multiband	space-ACPC			DSIStudio	autotrackgqi
ProjectionBrainstem_CorticopontineTractL	modulated_icvf	NODDI	/scratch/grmpy/SLURM_11194840_83/job-11194840-83-sub-20326/ds/inputs/data/qsiprep/qsiprep/sub-20326/ses-1/dwi/sub-20326_ses-1_acq-multiband_dir-AP_space-ACPC_desc-preproc_dwi.nii.gz	0.061787072243346	0.44680908	0.20281304	0.5066575	0.4762342	0.5177634	0.17271002	0.41426796	0.4409823417663574	sub-20326	ses-1		dir-AP	acq-multiband	space-ACPC			DSIStudio	autotrackgqi
ProjectionBrainstem_CorticopontineTractL	modulated_od	NODDI	/scratch/grmpy/SLURM_11194840_83/job-11194840-83-sub-20326/ds/inputs/data/qsiprep/qsiprep/sub-20326/ses-1/dwi/sub-20326_ses-1_acq-multiband_dir-AP_space-ACPC_desc-preproc_dwi.nii.gz	0.0047528517110266	0.19893916	0.1869864	0.14614654	0.1998892	0.14652124	0.18692508	0.15667997	0.1567654311656952	sub-20326	ses-1		dir-AP	acq-multiband	space-ACPC			DSIStudio	autotrackgqi
ProjectionBrainstem_CorticopontineTractL	nrmse	NODDI	/scratch/grmpy/SLURM_11194840_83/job-11194840-83-sub-20326/ds/inputs/data/qsiprep/qsiprep/sub-20326/ses-1/dwi/sub-20326_ses-1_acq-multiband_dir-AP_space-ACPC_desc-preproc_dwi.nii.gz	0.0209125475285171	0.16057357	0.11579016	0.10979746	0.1640033	0.11059341	0.11459164	0.16182117	0.1629567146301269	sub-20326	ses-1		dir-AP	acq-multiband	space-ACPC			DSIStudio	autotrackgqi
ProjectionBrainstem_CorticopontineTractL	od	NODDI	/scratch/grmpy/SLURM_11194840_83/job-11194840-83-sub-20326/ds/inputs/data/qsiprep/qsiprep/sub-20326/ses-1/dwi/sub-20326_ses-1_acq-multiband_dir-AP_space-ACPC_desc-preproc_dwi.nii.gz	0.0047528517110266	0.33361688	0.24670479	0.28857315	0.33521008	0.2895765	0.24621098	0.31117868	0.3113483786582947	sub-20326	ses-1		dir-AP	acq-multiband	space-ACPC			DSIStudio	autotrackgqi
ProjectionBrainstem_CorticopontineTractL	rmse	NODDI	/scratch/grmpy/SLURM_11194840_83/job-11194840-83-sub-20326/ds/inputs/data/qsiprep/qsiprep/sub-20326/ses-1/dwi/sub-20326_ses-1_acq-multiband_dir-AP_space-ACPC_desc-preproc_dwi.nii.gz	0.0209125475285171	0.06811838	0.03340801	0.057200942	0.069573335	0.05752378	0.03222899	0.066145346	0.066609501838684	sub-20326	ses-1		dir-AP	acq-multiband	space-ACPC			DSIStudio	autotrackgqi
ProjectionBrainstem_CorticopontineTractL	tf	NODDI	/scratch/grmpy/SLURM_11194840_83/job-11194840-83-sub-20326/ds/inputs/data/qsiprep/qsiprep/sub-20326/ses-1/dwi/sub-20326_ses-1_acq-multiband_dir-AP_space-ACPC_desc-preproc_dwi.nii.gz	0.0456273764258555	0.6831829	0.3193478	0.82434106	0.71584505	0.8336512	0.28892502	0.62414837	0.6598851680755615	sub-20326	ses-1		dir-AP	acq-multiband	space-ACPC			DSIStudio	autotrackgqi
ProjectionBasalGanglia_ThalamicRadiationL	directions	NODDI	/scratch/grmpy/SLURM_11194840_83/job-11194840-83-sub-20326/ds/inputs/data/qsiprep/qsiprep/sub-20326/ses-1/dwi/sub-20326_ses-1_acq-multiband_dir-AP_space-ACPC_desc-preproc_dwi.nii.gz	0.0	0.06537339	0.57363725	0.053178728	0.06537339	0.053178728	0.57363725	0.2486074		sub-20326	ses-1		dir-AP	acq-multiband	space-ACPC			DSIStudio	autotrackgqi
ProjectionBasalGanglia_ThalamicRadiationL	icvf	NODDI	/scratch/grmpy/SLURM_11194840_83/job-11194840-83-sub-20326/ds/inputs/data/qsiprep/qsiprep/sub-20326/ses-1/dwi/sub-20326_ses-1_acq-multiband_dir-AP_space-ACPC_desc-preproc_dwi.nii.gz	0.0272727272727272	0.72655725	0.21903257	0.6681987	0.746928	0.6800635	0.18467505	0.7399111	0.7538216710090637	sub-20326	ses-1		dir-AP	acq-multiband	space-ACPC			DSIStudio	autotrackgqi
ProjectionBasalGanglia_ThalamicRadiationL	isovf	NODDI	/scratch/grmpy/SLURM_11194840_83/job-11194840-83-sub-20326/ds/inputs/data/qsiprep/qsiprep/sub-20326/ses-1/dwi/sub-20326_ses-1_acq-multiband_dir-AP_space-ACPC_desc-preproc_dwi.nii.gz	0.1545454545454545	0.38259783	0.33829987	0.2538869	0.45253506	0.42408007	0.32205296	0.4083761	0.4791051149368286	sub-20326	ses-1		dir-AP	acq-multiband	space-ACPC			DSIStudio	autotrackgqi
ProjectionBasalGanglia_ThalamicRadiationL	modulated_icvf	NODDI	/scratch/grmpy/SLURM_11194840_83/job-11194840-83-sub-20326/ds/inputs/data/qsiprep/qsiprep/sub-20326/ses-1/dwi/sub-20326_ses-1_acq-multiband_dir-AP_space-ACPC_desc-preproc_dwi.nii.gz	0.0272727272727272	0.40825775	0.18325284	0.46536565	0.41970423	0.48719993	0.17239203	0.39081636	0.3981638252735138	sub-20326	ses-1		dir-AP	acq-multiband	space-ACPC			DSIStudio	autotrackgqi
ProjectionBasalGanglia_ThalamicRadiationL	modulated_od	NODDI	/scratch/grmpy/SLURM_11194840_83/job-11194840-83-sub-20326/ds/inputs/data/qsiprep/qsiprep/sub-20326/ses-1/dwi/sub-20326_ses-1_acq-multiband_dir-AP_space-ACPC_desc-preproc_dwi.nii.gz	0.0	0.14988622	0.10186146	0.13685739	0.14988622	0.13685739	0.10186146	0.13444467	0.1344446688890457	sub-20326	ses-1		dir-AP	acq-multiband	space-ACPC			DSIStudio	autotrackgqi
ProjectionBasalGanglia_ThalamicRadiationL	nrmse	NODDI	/scratch/grmpy/SLURM_11194840_83/job-11194840-83-sub-20326/ds/inputs/data/qsiprep/qsiprep/sub-20326/ses-1/dwi/sub-20326_ses-1_acq-multiband_dir-AP_space-ACPC_desc-preproc_dwi.nii.gz	0.0	0.16012298	0.10555087	0.11503193	0.16012298	0.11503193	0.10555087	0.15683337	0.1568333655595779	sub-20326	ses-1		dir-AP	acq-multiband	space-ACPC			DSIStudio	autotrackgqi
ProjectionBasalGanglia_ThalamicRadiationL	od	NODDI	/scratch/grmpy/SLURM_11194840_83/job-11194840-83-sub-20326/ds/inputs/data/qsiprep/qsiprep/sub-20326/ses-1/dwi/sub-20326_ses-1_acq-multiband_dir-AP_space-ACPC_desc-preproc_dwi.nii.gz	0.0	0.29688704	0.19143218	0.25647318	0.29688704	0.25647318	0.19143218	0.2726834	0.2726834118366241	sub-20326	ses-1		dir-AP	acq-multiband	space-ACPC			DSIStudio	autotrackgqi
ProjectionBasalGanglia_ThalamicRadiationL	rmse	NODDI	/scratch/grmpy/SLURM_11194840_83/job-11194840-83-sub-20326/ds/inputs/data/qsiprep/qsiprep/sub-20326/ses-1/dwi/sub-20326_ses-1_acq-multiband_dir-AP_space-ACPC_desc-preproc_dwi.nii.gz	0.0	0.06482777	0.027197547	0.053244323	0.06482777	0.053244323	0.027197547	0.062858	0.0628580003976821	sub-20326	ses-1		dir-AP	acq-multiband	space-ACPC			DSIStudio	autotrackgqi
ProjectionBasalGanglia_ThalamicRadiationL	tf	NODDI	/scratch/grmpy/SLURM_11194840_83/job-11194840-83-sub-20326/ds/inputs/data/qsiprep/qsiprep/sub-20326/ses-1/dwi/sub-20326_ses-1_acq-multiband_dir-AP_space-ACPC_desc-preproc_dwi.nii.gz	0.0272727272727272	0.6174021	0.33829984	0.74611306	0.63471246	0.77136886	0.32660142	0.59162396	0.6027467250823975	sub-20326	ses-1		dir-AP	acq-multiband	space-ACPC			DSIStudio	autotrackgqi
ProjectionBrainstem_CorticopontineTractR	directions	NODDI	/scratch/grmpy/SLURM_11194840_83/job-11194840-83-sub-20326/ds/inputs/data/qsiprep/qsiprep/sub-20326/ses-1/dwi/sub-20326_ses-1_acq-multiband_dir-AP_space-ACPC_desc-preproc_dwi.nii.gz	0.0	-0.039917506	0.5759687	-0.064870834	-0.039917506	-0.064870834	0.5759687	0.08127716		sub-20326	ses-1		dir-AP	acq-multiband	space-ACPC			DSIStudio	autotrackgqi
ProjectionBrainstem_CorticopontineTractR	icvf	NODDI	/scratch/grmpy/SLURM_11194840_83/job-11194840-83-sub-20326/ds/inputs/data/qsiprep/qsiprep/sub-20326/ses-1/dwi/sub-20326_ses-1_acq-multiband_dir-AP_space-ACPC_desc-preproc_dwi.nii.gz	0.0228571428571428	0.65813076	0.19349925	0.59976965	0.67352563	0.60334784	0.1671794	0.70084226	0.7106747031211853	sub-20326	ses-1		dir-AP	acq-multiband	space-ACPC			DSIStudio	autotrackgqi
ProjectionBrainstem_CorticopontineTractR	isovf	NODDI	/scratch/grmpy/SLURM_11194840_83/job-11194840-83-sub-20326/ds/inputs/data/qsiprep/qsiprep/sub-20326/ses-1/dwi/sub-20326_ses-1_acq-multiband_dir-AP_space-ACPC_desc-preproc_dwi.nii.gz	0.2	0.23274906	0.29013425	0.12604952	0.29093632	0.1573614	0.2971423	0.313713	0.3419922888278961	sub-20326	ses-1		dir-AP	acq-multiband	space-ACPC			DSIStudio	autotrackgqi
ProjectionBrainstem_CorticopontineTractR	modulated_icvf	NODDI	/scratch/grmpy/SLURM_11194840_83/job-11194840-83-sub-20326/ds/inputs/data/qsiprep/qsiprep/sub-20326/ses-1/dwi/sub-20326_ses-1_acq-multiband_dir-AP_space-ACPC_desc-preproc_dwi.nii.gz	0.0228571428571428	0.47875148	0.15688248	0.5299158	0.48995036	0.53051466	0.14036006	0.4442507	0.4504833221435547	sub-20326	ses-1		dir-AP	acq-multiband	space-ACPC			DSIStudio	autotrackgqi
ProjectionBrainstem_CorticopontineTractR	modulated_od	NODDI	/scratch/grmpy/SLURM_11194840_83/job-11194840-83-sub-20326/ds/inputs/data/qsiprep/qsiprep/sub-20326/ses-1/dwi/sub-20326_ses-1_acq-multiband_dir-AP_space-ACPC_desc-preproc_dwi.nii.gz	0.0	0.21736926	0.13578278	0.21605529	0.21736926	0.21605529	0.13578278	0.1471803	0.1471803188323974	sub-20326	ses-1		dir-AP	acq-multiband	space-ACPC			DSIStudio	autotrackgqi
ProjectionBrainstem_CorticopontineTractR	nrmse	NODDI	/scratch/grmpy/SLURM_11194840_83/job-11194840-83-sub-20326/ds/inputs/data/qsiprep/qsiprep/sub-20326/ses-1/dwi/sub-20326_ses-1_acq-multiband_dir-AP_space-ACPC_desc-preproc_dwi.nii.gz	0.0	0.13836373	0.08851449	0.10279407	0.13836373	0.10279407	0.08851449	0.14260359	0.1426036059856414	sub-20326	ses-1		dir-AP	acq-multiband	space-ACPC			DSIStudio	autotrackgqi
ProjectionBrainstem_CorticopontineTractR	od	NODDI	/scratch/grmpy/SLURM_11194840_83/job-11194840-83-sub-20326/ds/inputs/data/qsiprep/qsiprep/sub-20326/ses-1/dwi/sub-20326_ses-1_acq-multiband_dir-AP_space-ACPC_desc-preproc_dwi.nii.gz	0.0	0.30764085	0.18180008	0.28404343	0.30764085	0.28404343	0.18180008	0.23510134	0.2351013720035553	sub-20326	ses-1		dir-AP	acq-multiband	space-ACPC			DSIStudio	autotrackgqi
ProjectionBrainstem_CorticopontineTractR	rmse	NODDI	/scratch/grmpy/SLURM_11194840_83/job-11194840-83-sub-20326/ds/inputs/data/qsiprep/qsiprep/sub-20326/ses-1/dwi/sub-20326_ses-1_acq-multiband_dir-AP_space-ACPC_desc-preproc_dwi.nii.gz	0.0	0.062397942	0.02536404	0.052652612	0.062397942	0.052652612	0.02536404	0.061373457	0.0613734647631645	sub-20326	ses-1		dir-AP	acq-multiband	space-ACPC			DSIStudio	autotrackgqi
ProjectionBrainstem_CorticopontineTractR	tf	NODDI	/scratch/grmpy/SLURM_11194840_83/job-11194840-83-sub-20326/ds/inputs/data/qsiprep/qsiprep/sub-20326/ses-1/dwi/sub-20326_ses-1_acq-multiband_dir-AP_space-ACPC_desc-preproc_dwi.nii.gz	0.0228571428571428	0.76725096	0.29013425	0.8739505	0.7851984	0.88286114	0.26843005	0.686287	0.6959152221679688	sub-20326	ses-1		dir-AP	acq-multiband	space-ACPC			DSIStudio	autotrackgqi
ProjectionBrainstem_NonDecussatingDentatorubrothalamicTractR	directions	NODDI	/scratch/grmpy/SLURM_11194840_83/job-11194840-83-sub-20326/ds/inputs/data/qsiprep/qsiprep/sub-20326/ses-1/dwi/sub-20326_ses-1_acq-multiband_dir-AP_space-ACPC_desc-preproc_dwi.nii.gz	0.0	-0.10392724	0.56791943	-0.20694636	-0.10392724	-0.20694636	0.56791943	-0.28466675		sub-20326	ses-1		dir-AP	acq-multiband	space-ACPC			DSIStudio	autotrackgqi
ProjectionBrainstem_NonDecussatingDentatorubrothalamicTractR	icvf	NODDI	/scratch/grmpy/SLURM_11194840_83/job-11194840-83-sub-20326/ds/inputs/data/qsiprep/qsiprep/sub-20326/ses-1/dwi/sub-20326_ses-1_acq-multiband_dir-AP_space-ACPC_desc-preproc_dwi.nii.gz	0.017391304347826	0.75147265	0.17043653	0.73337716	0.7647731	0.73388106	0.13925143	0.76086855	0.7633997201919556	sub-20326	ses-1		dir-AP	acq-multiband	space-ACPC			DSIStudio	autotrackgqi
ProjectionBrainstem_NonDecussatingDentatorubrothalamicTractR	isovf	NODDI	/scratch/grmpy/SLURM_11194840_83/job-11194840-83-sub-20326/ds/inputs/data/qsiprep/qsiprep/sub-20326/ses-1/dwi/sub-20326_ses-1_acq-multiband_dir-AP_space-ACPC_desc-preproc_dwi.nii.gz	0.0434782608695652	0.27121127	0.27120185	0.17651354	0.28353906	0.18380451	0.27092108	0.2563869	0.2688674926757812	sub-20326	ses-1		dir-AP	acq-multiband	space-ACPC			DSIStudio	autotrackgqi
ProjectionBrainstem_NonDecussatingDentatorubrothalamicTractR	modulated_icvf	NODDI	/scratch/grmpy/SLURM_11194840_83/job-11194840-83-sub-20326/ds/inputs/data/qsiprep/qsiprep/sub-20326/ses-1/dwi/sub-20326_ses-1_acq-multiband_dir-AP_space-ACPC_desc-preproc_dwi.nii.gz	0.017391304347826	0.5311735	0.18461737	0.59076124	0.54057485	0.5959722	0.1720602	0.5410588	0.5428587794303894	sub-20326	ses-1		dir-AP	acq-multiband	space-ACPC			DSIStudio	autotrackgqi
ProjectionBrainstem_NonDecussatingDentatorubrothalamicTractR	modulated_od	NODDI	/scratch/grmpy/SLURM_11194840_83/job-11194840-83-sub-20326/ds/inputs/data/qsiprep/qsiprep/sub-20326/ses-1/dwi/sub-20326_ses-1_acq-multiband_dir-AP_space-ACPC_desc-preproc_dwi.nii.gz	0.0	0.1457254	0.13690138	0.07844987	0.1457254	0.07844987	0.13690138	0.13196303	0.1319630593061447	sub-20326	ses-1		dir-AP	acq-multiband	space-ACPC			DSIStudio	autotrackgqi
ProjectionBrainstem_NonDecussatingDentatorubrothalamicTractR	nrmse	NODDI	/scratch/grmpy/SLURM_11194840_83/job-11194840-83-sub-20326/ds/inputs/data/qsiprep/qsiprep/sub-20326/ses-1/dwi/sub-20326_ses-1_acq-multiband_dir-AP_space-ACPC_desc-preproc_dwi.nii.gz	0.0	0.14458255	0.08020037	0.118773565	0.14458255	0.118773565	0.08020037	0.14532861	0.1453286111354828	sub-20326	ses-1		dir-AP	acq-multiband	space-ACPC			DSIStudio	autotrackgqi
ProjectionBrainstem_NonDecussatingDentatorubrothalamicTractR	od	NODDI	/scratch/grmpy/SLURM_11194840_83/job-11194840-83-sub-20326/ds/inputs/data/qsiprep/qsiprep/sub-20326/ses-1/dwi/sub-20326_ses-1_acq-multiband_dir-AP_space-ACPC_desc-preproc_dwi.nii.gz	0.0	0.23083594	0.20145565	0.15733896	0.23083594	0.15733896	0.20145565	0.19635062	0.1963506489992141	sub-20326	ses-1		dir-AP	acq-multiband	space-ACPC			DSIStudio	autotrackgqi
ProjectionBrainstem_NonDecussatingDentatorubrothalamicTractR	rmse	NODDI	/scratch/grmpy/SLURM_11194840_83/job-11194840-83-sub-20326/ds/inputs/data/qsiprep/qsiprep/sub-20326/ses-1/dwi/sub-20326_ses-1_acq-multiband_dir-AP_space-ACPC_desc-preproc_dwi.nii.gz	0.0	0.06693768	0.019491082	0.06147187	0.06693768	0.06147187	0.019491082	0.06764135	0.0676413550972938	sub-20326	ses-1		dir-AP	acq-multiband	space-ACPC			DSIStudio	autotrackgqi
ProjectionBrainstem_NonDecussatingDentatorubrothalamicTractR	tf	NODDI	/scratch/grmpy/SLURM_11194840_83/job-11194840-83-sub-20326/ds/inputs/data/qsiprep/qsiprep/sub-20326/ses-1/dwi/sub-20326_ses-1_acq-multiband_dir-AP_space-ACPC_desc-preproc_dwi.nii.gz	0.017391304347826	0.7287886	0.27120188	0.82348645	0.74168754	0.83148956	0.25550982	0.74361306	0.7460868954658508	sub-20326	ses-1		dir-AP	acq-multiband	space-ACPC			DSIStudio	autotrackgqi
ProjectionBrainstem_CorticobulbarTractL	directions	NODDI	/scratch/grmpy/SLURM_11194840_83/job-11194840-83-sub-20326/ds/inputs/data/qsiprep/qsiprep/sub-20326/ses-1/dwi/sub-20326_ses-1_acq-multiband_dir-AP_space-ACPC_desc-preproc_dwi.nii.gz	0.0	0.011890831	0.57722783	-0.07263904	0.011890831	-0.07263904	0.57722783	0.08925572		sub-20326	ses-1		dir-AP	acq-multiband	space-ACPC			DSIStudio	autotrackgqi
ProjectionBrainstem_CorticobulbarTractL	icvf	NODDI	/scratch/grmpy/SLURM_11194840_83/job-11194840-83-sub-20326/ds/inputs/data/qsiprep/qsiprep/sub-20326/ses-1/dwi/sub-20326_ses-1_acq-multiband_dir-AP_space-ACPC_desc-preproc_dwi.nii.gz	0.0161290322580645	0.6181606	0.18662977	0.6311525	0.6282944	0.63949096	0.17039561	0.6396714	0.6572407484054565	sub-20326	ses-1		dir-AP	acq-multiband	space-ACPC			DSIStudio	autotrackgqi
ProjectionBrainstem_CorticobulbarTractL	isovf	NODDI	/scratch/grmpy/SLURM_11194840_83/job-11194840-83-sub-20326/ds/inputs/data/qsiprep/qsiprep/sub-20326/ses-1/dwi/sub-20326_ses-1_acq-multiband_dir-AP_space-ACPC_desc-preproc_dwi.nii.gz	0.2016129032258064	0.1746265	0.17839302	0.13619733	0.2187241	0.16609687	0.17382532	0.15976086	0.1965380162000656	sub-20326	ses-1		dir-AP	acq-multiband	space-ACPC			DSIStudio	autotrackgqi
ProjectionBrainstem_CorticobulbarTractL	modulated_icvf	NODDI	/scratch/grmpy/SLURM_11194840_83/job-11194840-83-sub-20326/ds/inputs/data/qsiprep/qsiprep/sub-20326/ses-1/dwi/sub-20326_ses-1_acq-multiband_dir-AP_space-ACPC_desc-preproc_dwi.nii.gz	0.0161290322580645	0.4900499	0.14089617	0.4974323	0.4980835	0.49911642	0.12718399	0.52144325	0.5357654094696045	sub-20326	ses-1		dir-AP	acq-multiband	space-ACPC			DSIStudio	autotrackgqi
ProjectionBrainstem_CorticobulbarTractL	modulated_od	NODDI	/scratch/grmpy/SLURM_11194840_83/job-11194840-83-sub-20326/ds/inputs/data/qsiprep/qsiprep/sub-20326/ses-1/dwi/sub-20326_ses-1_acq-multiband_dir-AP_space-ACPC_desc-preproc_dwi.nii.gz	0.0	0.22170968	0.18918888	0.16908738	0.22170968	0.16908738	0.18918888	0.1796894	0.1796894073486328	sub-20326	ses-1		dir-AP	acq-multiband	space-ACPC			DSIStudio	autotrackgqi
ProjectionBrainstem_CorticobulbarTractL	nrmse	NODDI	/scratch/grmpy/SLURM_11194840_83/job-11194840-83-sub-20326/ds/inputs/data/qsiprep/qsiprep/sub-20326/ses-1/dwi/sub-20326_ses-1_acq-multiband_dir-AP_space-ACPC_desc-preproc_dwi.nii.gz	0.0161290322580645	0.10489933	0.027689243	0.10269806	0.10661899	0.10289085	0.024411356	0.10491192	0.1077934578061103	sub-20326	ses-1		dir-AP	acq-multiband	space-ACPC			DSIStudio	autotrackgqi
ProjectionBrainstem_CorticobulbarTractL	od	NODDI	/scratch/grmpy/SLURM_11194840_83/job-11194840-83-sub-20326/ds/inputs/data/qsiprep/qsiprep/sub-20326/ses-1/dwi/sub-20326_ses-1_acq-multiband_dir-AP_space-ACPC_desc-preproc_dwi.nii.gz	0.0	0.26594532	0.19368732	0.24130988	0.26594532	0.24130988	0.19368732	0.21299279	0.2129927575588226	sub-20326	ses-1		dir-AP	acq-multiband	space-ACPC			DSIStudio	autotrackgqi
ProjectionBrainstem_CorticobulbarTractL	rmse	NODDI	/scratch/grmpy/SLURM_11194840_83/job-11194840-83-sub-20326/ds/inputs/data/qsiprep/qsiprep/sub-20326/ses-1/dwi/sub-20326_ses-1_acq-multiband_dir-AP_space-ACPC_desc-preproc_dwi.nii.gz	0.0161290322580645	0.05316109	0.014990837	0.052407335	0.05403258	0.05283853	0.013465519	0.054486133	0.0559826605021953	sub-20326	ses-1		dir-AP	acq-multiband	space-ACPC			DSIStudio	autotrackgqi
ProjectionBrainstem_CorticobulbarTractL	tf	NODDI	/scratch/grmpy/SLURM_11194840_83/job-11194840-83-sub-20326/ds/inputs/data/qsiprep/qsiprep/sub-20326/ses-1/dwi/sub-20326_ses-1_acq-multiband_dir-AP_space-ACPC_desc-preproc_dwi.nii.gz	0.0	0.8253734	0.17839302	0.8638027	0.8253734	0.8638027	0.17839302	0.84023917	0.8402390480041504	sub-20326	ses-1		dir-AP	acq-multiband	space-ACPC			DSIStudio	autotrackgqi
ProjectionBasalGanglia_CorticostriatalTractL	directions	NODDI	/scratch/grmpy/SLURM_11194840_83/job-11194840-83-sub-20326/ds/inputs/data/qsiprep/qsiprep/sub-20326/ses-1/dwi/sub-20326_ses-1_acq-multiband_dir-AP_space-ACPC_desc-preproc_dwi.nii.gz	0.0	0.0043549878	0.57733387	-0.070476815	0.0043549878	-0.070476815	0.57733387	0.05241543		sub-20326	ses-1		dir-AP	acq-multiband	space-ACPC			DSIStudio	autotrackgqi
ProjectionBasalGanglia_CorticostriatalTractL	icvf	NODDI	/scratch/grmpy/SLURM_11194840_83/job-11194840-83-sub-20326/ds/inputs/data/qsiprep/qsiprep/sub-20326/ses-1/dwi/sub-20326_ses-1_acq-multiband_dir-AP_space-ACPC_desc-preproc_dwi.nii.gz	0.0122950819672131	0.71031004	0.18776916	0.7024691	0.71915203	0.708997	0.17128158	0.7141316	0.715214729309082	sub-20326	ses-1		dir-AP	acq-multiband	space-ACPC			DSIStudio	autotrackgqi
ProjectionBasalGanglia_CorticostriatalTractL	isovf	NODDI	/scratch/grmpy/SLURM_11194840_83/job-11194840-83-sub-20326/ds/inputs/data/qsiprep/qsiprep/sub-20326/ses-1/dwi/sub-20326_ses-1_acq-multiband_dir-AP_space-ACPC_desc-preproc_dwi.nii.gz	0.1147540983606557	0.26780742	0.2586273	0.17543858	0.3025232	0.20181128	0.2550616	0.23957077	0.2622617483139038	sub-20326	ses-1		dir-AP	acq-multiband	space-ACPC			DSIStudio	autotrackgqi
ProjectionBasalGanglia_CorticostriatalTractL	modulated_icvf	NODDI	/scratch/grmpy/SLURM_11194840_83/job-11194840-83-sub-20326/ds/inputs/data/qsiprep/qsiprep/sub-20326/ses-1/dwi/sub-20326_ses-1_acq-multiband_dir-AP_space-ACPC_desc-preproc_dwi.nii.gz	0.0122950819672131	0.50084955	0.17147236	0.5552791	0.5070842	0.5558597	0.16311742	0.5223433	0.5231355428695679	sub-20326	ses-1		dir-AP	acq-multiband	space-ACPC			DSIStudio	autotrackgqi
ProjectionBasalGanglia_CorticostriatalTractL	modulated_od	NODDI	/scratch/grmpy/SLURM_11194840_83/job-11194840-83-sub-20326/ds/inputs/data/qsiprep/qsiprep/sub-20326/ses-1/dwi/sub-20326_ses-1_acq-multiband_dir-AP_space-ACPC_desc-preproc_dwi.nii.gz	0.0	0.17058533	0.14227782	0.133468	0.17058533	0.133468	0.14227782	0.15311354	0.1531135439872741	sub-20326	ses-1		dir-AP	acq-multiband	space-ACPC			DSIStudio	autotrackgqi
ProjectionBasalGanglia_CorticostriatalTractL	nrmse	NODDI	/scratch/grmpy/SLURM_11194840_83/job-11194840-83-sub-20326/ds/inputs/data/qsiprep/qsiprep/sub-20326/ses-1/dwi/sub-20326_ses-1_acq-multiband_dir-AP_space-ACPC_desc-preproc_dwi.nii.gz	0.0	0.13606727	0.060973074	0.123087436	0.13606727	0.123087436	0.060973074	0.122007854	0.1220078542828559	sub-20326	ses-1		dir-AP	acq-multiband	space-ACPC			DSIStudio	autotrackgqi
ProjectionBasalGanglia_CorticostriatalTractL	od	NODDI	/scratch/grmpy/SLURM_11194840_83/job-11194840-83-sub-20326/ds/inputs/data/qsiprep/qsiprep/sub-20326/ses-1/dwi/sub-20326_ses-1_acq-multiband_dir-AP_space-ACPC_desc-preproc_dwi.nii.gz	0.0	0.25135192	0.1903437	0.2305046	0.25135192	0.2305046	0.1903437	0.20866165	0.2086616456508636	sub-20326	ses-1		dir-AP	acq-multiband	space-ACPC			DSIStudio	autotrackgqi
ProjectionBasalGanglia_CorticostriatalTractL	rmse	NODDI	/scratch/grmpy/SLURM_11194840_83/job-11194840-83-sub-20326/ds/inputs/data/qsiprep/qsiprep/sub-20326/ses-1/dwi/sub-20326_ses-1_acq-multiband_dir-AP_space-ACPC_desc-preproc_dwi.nii.gz	0.0	0.06484324	0.019778604	0.06205553	0.06484324	0.06205553	0.019778604	0.060546055	0.0605460554361343	sub-20326	ses-1		dir-AP	acq-multiband	space-ACPC			DSIStudio	autotrackgqi
ProjectionBasalGanglia_CorticostriatalTractL	tf	NODDI	/scratch/grmpy/SLURM_11194840_83/job-11194840-83-sub-20326/ds/inputs/data/qsiprep/qsiprep/sub-20326/ses-1/dwi/sub-20326_ses-1_acq-multiband_dir-AP_space-ACPC_desc-preproc_dwi.nii.gz	0.0122950819672131	0.7321926	0.2586273	0.8245614	0.74130696	0.830117	0.24690911	0.76042926	0.7615827322006226	sub-20326	ses-1		dir-AP	acq-multiband	space-ACPC			DSIStudio	autotrackgqi
ProjectionBasalGanglia_FasciculusSubthalamicusL	directions	NODDI	/scratch/grmpy/SLURM_11194840_83/job-11194840-83-sub-20326/ds/inputs/data/qsiprep/qsiprep/sub-20326/ses-1/dwi/sub-20326_ses-1_acq-multiband_dir-AP_space-ACPC_desc-preproc_dwi.nii.gz	1.0	0.012610189	0.5683954	0.0	0.013004257	-0.025712956	0.5772038	-0.062617436		sub-20326	ses-1		dir-AP	acq-multiband	space-ACPC			DSIStudio	autotrackgqi
ProjectionBasalGanglia_FasciculusSubthalamicusL	icvf	NODDI	/scratch/grmpy/SLURM_11194840_83/job-11194840-83-sub-20326/ds/inputs/data/qsiprep/qsiprep/sub-20326/ses-1/dwi/sub-20326_ses-1_acq-multiband_dir-AP_space-ACPC_desc-preproc_dwi.nii.gz	0.0303030303030303	0.96000004	0.16970561	0.99	0.99	0.99	0.0	0.9834869	0.990000069141388	sub-20326	ses-1		dir-AP	acq-multiband	space-ACPC			DSIStudio	autotrackgqi
ProjectionBasalGanglia_FasciculusSubthalamicusL	isovf	NODDI	/scratch/grmpy/SLURM_11194840_83/job-11194840-83-sub-20326/ds/inputs/data/qsiprep/qsiprep/sub-20326/ses-1/dwi/sub-20326_ses-1_acq-multiband_dir-AP_space-ACPC_desc-preproc_dwi.nii.gz	0.0909090909090909	0.5473183	0.26088667	0.6432925	0.60205007	0.67744744	0.20473576	0.5880315	0.6121971607208252	sub-20326	ses-1		dir-AP	acq-multiband	space-ACPC			DSIStudio	autotrackgqi
ProjectionBasalGanglia_FasciculusSubthalamicusL	modulated_icvf	NODDI	/scratch/grmpy/SLURM_11194840_83/job-11194840-83-sub-20326/ds/inputs/data/qsiprep/qsiprep/sub-20326/ses-1/dwi/sub-20326_ses-1_acq-multiband_dir-AP_space-ACPC_desc-preproc_dwi.nii.gz	0.0303030303030303	0.41815493	0.25099146	0.3264028	0.43122226	0.33977163	0.24357839	0.40133572	0.4039935767650604	sub-20326	ses-1		dir-AP	acq-multiband	space-ACPC			DSIStudio	autotrackgqi
ProjectionBasalGanglia_FasciculusSubthalamicusL	modulated_od	NODDI	/scratch/grmpy/SLURM_11194840_83/job-11194840-83-sub-20326/ds/inputs/data/qsiprep/qsiprep/sub-20326/ses-1/dwi/sub-20326_ses-1_acq-multiband_dir-AP_space-ACPC_desc-preproc_dwi.nii.gz	0.0303030303030303	0.2361878	0.17701839	0.16818663	0.24356867	0.1790244	0.17469116	0.21545544	0.2168823480606079	sub-20326	ses-1		dir-AP	acq-multiband	space-ACPC			DSIStudio	autotrackgqi
ProjectionBasalGanglia_FasciculusSubthalamicusL	nrmse	NODDI	/scratch/grmpy/SLURM_11194840_83/job-11194840-83-sub-20326/ds/inputs/data/qsiprep/qsiprep/sub-20326/ses-1/dwi/sub-20326_ses-1_acq-multiband_dir-AP_space-ACPC_desc-preproc_dwi.nii.gz	0.0303030303030303	0.33429185	0.087795705	0.33306593	0.34473845	0.3356132	0.06593642	0.3478793	0.3501830995082855	sub-20326	ses-1		dir-AP	acq-multiband	space-ACPC			DSIStudio	autotrackgqi
ProjectionBasalGanglia_FasciculusSubthalamicusL	od	NODDI	/scratch/grmpy/SLURM_11194840_83/job-11194840-83-sub-20326/ds/inputs/data/qsiprep/qsiprep/sub-20326/ses-1/dwi/sub-20326_ses-1_acq-multiband_dir-AP_space-ACPC_desc-preproc_dwi.nii.gz	0.0303030303030303	0.50478435	0.17331842	0.5119567	0.52055883	0.51271236	0.15088552	0.5028648	0.506195068359375	sub-20326	ses-1		dir-AP	acq-multiband	space-ACPC			DSIStudio	autotrackgqi
ProjectionBasalGanglia_FasciculusSubthalamicusL	rmse	NODDI	/scratch/grmpy/SLURM_11194840_83/job-11194840-83-sub-20326/ds/inputs/data/qsiprep/qsiprep/sub-20326/ses-1/dwi/sub-20326_ses-1_acq-multiband_dir-AP_space-ACPC_desc-preproc_dwi.nii.gz	0.0303030303030303	0.13291639	0.038862776	0.13374999	0.13707003	0.13440183	0.031435225	0.13369386	0.1345792561769485	sub-20326	ses-1		dir-AP	acq-multiband	space-ACPC			DSIStudio	autotrackgqi
ProjectionBasalGanglia_FasciculusSubthalamicusL	tf	NODDI	/scratch/grmpy/SLURM_11194840_83/job-11194840-83-sub-20326/ds/inputs/data/qsiprep/qsiprep/sub-20326/ses-1/dwi/sub-20326_ses-1_acq-multiband_dir-AP_space-ACPC_desc-preproc_dwi.nii.gz	0.0303030303030303	0.4223787	0.25352675	0.3296998	0.43557802	0.34320366	0.24603878	0.4053896	0.4080743193626404	sub-20326	ses-1		dir-AP	acq-multiband	space-ACPC			DSIStudio	autotrackgqi
ProjectionBasalGanglia_CorticostriatalTractR	directions	NODDI	/scratch/grmpy/SLURM_11194840_83/job-11194840-83-sub-20326/ds/inputs/data/qsiprep/qsiprep/sub-20326/ses-1/dwi/sub-20326_ses-1_acq-multiband_dir-AP_space-ACPC_desc-preproc_dwi.nii.gz	0.0	-0.112961605	0.5661917	-0.22546625	-0.112961605	-0.22546625	0.5661917	-0.37407488		sub-20326	ses-1		dir-AP	acq-multiband	space-ACPC			DSIStudio	autotrackgqi
ProjectionBasalGanglia_CorticostriatalTractR	icvf	NODDI	/scratch/grmpy/SLURM_11194840_83/job-11194840-83-sub-20326/ds/inputs/data/qsiprep/qsiprep/sub-20326/ses-1/dwi/sub-20326_ses-1_acq-multiband_dir-AP_space-ACPC_desc-preproc_dwi.nii.gz	0.0275229357798165	0.69274783	0.2227278	0.718452	0.7123539	0.7234153	0.19247131	0.727558	0.7365959286689758	sub-20326	ses-1		dir-AP	acq-multiband	space-ACPC			DSIStudio	autotrackgqi
ProjectionBasalGanglia_CorticostriatalTractR	isovf	NODDI	/scratch/grmpy/SLURM_11194840_83/job-11194840-83-sub-20326/ds/inputs/data/qsiprep/qsiprep/sub-20326/ses-1/dwi/sub-20326_ses-1_acq-multiband_dir-AP_space-ACPC_desc-preproc_dwi.nii.gz	0.073394495412844	0.3280044	0.29974028	0.1818058	0.35398495	0.19757612	0.29624972	0.26950312	0.2883742153644562	sub-20326	ses-1		dir-AP	acq-multiband	space-ACPC			DSIStudio	autotrackgqi
ProjectionBasalGanglia_CorticostriatalTractR	modulated_icvf	NODDI	/scratch/grmpy/SLURM_11194840_83/job-11194840-83-sub-20326/ds/inputs/data/qsiprep/qsiprep/sub-20326/ses-1/dwi/sub-20326_ses-1_acq-multiband_dir-AP_space-ACPC_desc-preproc_dwi.nii.gz	0.0275229357798165	0.44462398	0.19818029	0.46940875	0.45720765	0.47401115	0.18610114	0.5107663	0.5171113014221191	sub-20326	ses-1		dir-AP	acq-multiband	space-ACPC			DSIStudio	autotrackgqi
ProjectionBasalGanglia_CorticostriatalTractR	modulated_od	NODDI	/scratch/grmpy/SLURM_11194840_83/job-11194840-83-sub-20326/ds/inputs/data/qsiprep/qsiprep/sub-20326/ses-1/dwi/sub-20326_ses-1_acq-multiband_dir-AP_space-ACPC_desc-preproc_dwi.nii.gz	0.0	0.11540863	0.093625285	0.08309055	0.11540863	0.08309055	0.093625285	0.10758355	0.1075835525989532	sub-20326	ses-1		dir-AP	acq-multiband	space-ACPC			DSIStudio	autotrackgqi
ProjectionBasalGanglia_CorticostriatalTractR	nrmse	NODDI	/scratch/grmpy/SLURM_11194840_83/job-11194840-83-sub-20326/ds/inputs/data/qsiprep/qsiprep/sub-20326/ses-1/dwi/sub-20326_ses-1_acq-multiband_dir-AP_space-ACPC_desc-preproc_dwi.nii.gz	0.0	0.13516317	0.062300052	0.115755826	0.13516317	0.115755826	0.062300052	0.123259254	0.1232592537999153	sub-20326	ses-1		dir-AP	acq-multiband	space-ACPC			DSIStudio	autotrackgqi
ProjectionBasalGanglia_CorticostriatalTractR	od	NODDI	/scratch/grmpy/SLURM_11194840_83/job-11194840-83-sub-20326/ds/inputs/data/qsiprep/qsiprep/sub-20326/ses-1/dwi/sub-20326_ses-1_acq-multiband_dir-AP_space-ACPC_desc-preproc_dwi.nii.gz	0.0	0.22497867	0.19939174	0.16748726	0.22497867	0.16748726	0.19939174	0.18680161	0.1868016123771667	sub-20326	ses-1		dir-AP	acq-multiband	space-ACPC			DSIStudio	autotrackgqi
ProjectionBasalGanglia_CorticostriatalTractR	rmse	NODDI	/scratch/grmpy/SLURM_11194840_83/job-11194840-83-sub-20326/ds/inputs/data/qsiprep/qsiprep/sub-20326/ses-1/dwi/sub-20326_ses-1_acq-multiband_dir-AP_space-ACPC_desc-preproc_dwi.nii.gz	0.0	0.05947691	0.01476419	0.0569855	0.05947691	0.0569855	0.01476419	0.058670964	0.0586709640920162	sub-20326	ses-1		dir-AP	acq-multiband	space-ACPC			DSIStudio	autotrackgqi
ProjectionBasalGanglia_CorticostriatalTractR	tf	NODDI	/scratch/grmpy/SLURM_11194840_83/job-11194840-83-sub-20326/ds/inputs/data/qsiprep/qsiprep/sub-20326/ses-1/dwi/sub-20326_ses-1_acq-multiband_dir-AP_space-ACPC_desc-preproc_dwi.nii.gz	0.0275229357798165	0.67199576	0.29974028	0.8181942	0.69101447	0.819162	0.28150448	0.7304969	0.7395713329315186	sub-20326	ses-1		dir-AP	acq-multiband	space-ACPC			DSIStudio	autotrackgqi
ProjectionBrainstem_MedialLemniscusL	directions	NODDI	/scratch/grmpy/SLURM_11194840_83/job-11194840-83-sub-20326/ds/inputs/data/qsiprep/qsiprep/sub-20326/ses-1/dwi/sub-20326_ses-1_acq-multiband_dir-AP_space-ACPC_desc-preproc_dwi.nii.gz	0.0	0.024722306	0.57682073	-0.023403682	0.024722306	-0.023403682	0.57682073	0.31920463		sub-20326	ses-1		dir-AP	acq-multiband	space-ACPC			DSIStudio	autotrackgqi
ProjectionBrainstem_MedialLemniscusL	icvf	NODDI	/scratch/grmpy/SLURM_11194840_83/job-11194840-83-sub-20326/ds/inputs/data/qsiprep/qsiprep/sub-20326/ses-1/dwi/sub-20326_ses-1_acq-multiband_dir-AP_space-ACPC_desc-preproc_dwi.nii.gz	0.016	0.69948167	0.16491802	0.68720055	0.71085536	0.6894742	0.13983974	0.656443	0.6699125170707703	sub-20326	ses-1		dir-AP	acq-multiband	space-ACPC			DSIStudio	autotrackgqi
ProjectionBrainstem_MedialLemniscusL	isovf	NODDI	/scratch/grmpy/SLURM_11194840_83/job-11194840-83-sub-20326/ds/inputs/data/qsiprep/qsiprep/sub-20326/ses-1/dwi/sub-20326_ses-1_acq-multiband_dir-AP_space-ACPC_desc-preproc_dwi.nii.gz	0.084	0.18342797	0.12501948	0.17472965	0.20024888	0.18672377	0.117024824	0.16347662	0.1780637502670288	sub-20326	ses-1		dir-AP	acq-multiband	space-ACPC			DSIStudio	autotrackgqi
ProjectionBrainstem_MedialLemniscusL	modulated_icvf	NODDI	/scratch/grmpy/SLURM_11194840_83/job-11194840-83-sub-20326/ds/inputs/data/qsiprep/qsiprep/sub-20326/ses-1/dwi/sub-20326_ses-1_acq-multiband_dir-AP_space-ACPC_desc-preproc_dwi.nii.gz	0.016	0.5585415	0.12057799	0.5644612	0.5676235	0.5665257	0.09808321	0.53985405	0.5509313344955444	sub-20326	ses-1		dir-AP	acq-multiband	space-ACPC			DSIStudio	autotrackgqi
ProjectionBrainstem_MedialLemniscusL	modulated_od	NODDI	/scratch/grmpy/SLURM_11194840_83/job-11194840-83-sub-20326/ds/inputs/data/qsiprep/qsiprep/sub-20326/ses-1/dwi/sub-20326_ses-1_acq-multiband_dir-AP_space-ACPC_desc-preproc_dwi.nii.gz	0.0	0.13740042	0.14719038	0.0842064	0.13740042	0.0842064	0.14719038	0.101397164	0.1013971716165542	sub-20326	ses-1		dir-AP	acq-multiband	space-ACPC			DSIStudio	autotrackgqi
ProjectionBrainstem_MedialLemniscusL	nrmse	NODDI	/scratch/grmpy/SLURM_11194840_83/job-11194840-83-sub-20326/ds/inputs/data/qsiprep/qsiprep/sub-20326/ses-1/dwi/sub-20326_ses-1_acq-multiband_dir-AP_space-ACPC_desc-preproc_dwi.nii.gz	0.016	0.11494624	0.030082822	0.10928979	0.11681528	0.10962217	0.02648317	0.10554528	0.1077109649777412	sub-20326	ses-1		dir-AP	acq-multiband	space-ACPC			DSIStudio	autotrackgqi
ProjectionBrainstem_MedialLemniscusL	od	NODDI	/scratch/grmpy/SLURM_11194840_83/job-11194840-83-sub-20326/ds/inputs/data/qsiprep/qsiprep/sub-20326/ses-1/dwi/sub-20326_ses-1_acq-multiband_dir-AP_space-ACPC_desc-preproc_dwi.nii.gz	0.0	0.16587774	0.15631399	0.10795669	0.16587774	0.10795669	0.15631399	0.11962614	0.1196261495351791	sub-20326	ses-1		dir-AP	acq-multiband	space-ACPC			DSIStudio	autotrackgqi
ProjectionBrainstem_MedialLemniscusL	rmse	NODDI	/scratch/grmpy/SLURM_11194840_83/job-11194840-83-sub-20326/ds/inputs/data/qsiprep/qsiprep/sub-20326/ses-1/dwi/sub-20326_ses-1_acq-multiband_dir-AP_space-ACPC_desc-preproc_dwi.nii.gz	0.016	0.060438115	0.016144335	0.0581424	0.061420847	0.058214437	0.014300954	0.05563352	0.0567750558257103	sub-20326	ses-1		dir-AP	acq-multiband	space-ACPC			DSIStudio	autotrackgqi
ProjectionBrainstem_MedialLemniscusL	tf	NODDI	/scratch/grmpy/SLURM_11194840_83/job-11194840-83-sub-20326/ds/inputs/data/qsiprep/qsiprep/sub-20326/ses-1/dwi/sub-20326_ses-1_acq-multiband_dir-AP_space-ACPC_desc-preproc_dwi.nii.gz	0.0	0.816572	0.12501948	0.82527035	0.816572	0.82527035	0.12501948	0.8365234	0.8365234136581421	sub-20326	ses-1		dir-AP	acq-multiband	space-ACPC			DSIStudio	autotrackgqi
ProjectionBasalGanglia_AcousticRadiationL	directions	NODDI	/scratch/grmpy/SLURM_11194840_83/job-11194840-83-sub-20326/ds/inputs/data/qsiprep/qsiprep/sub-20326/ses-1/dwi/sub-20326_ses-1_acq-multiband_dir-AP_space-ACPC_desc-preproc_dwi.nii.gz	3.0	-0.042613048	0.57179654	-0.058701083	-0.043204896	-0.06452646	0.5757314	-0.1044552		sub-20326	ses-1		dir-AP	acq-multiband	space-ACPC			DSIStudio	autotrackgqi
ProjectionBasalGanglia_AcousticRadiationL	icvf	NODDI	/scratch/grmpy/SLURM_11194840_83/job-11194840-83-sub-20326/ds/inputs/data/qsiprep/qsiprep/sub-20326/ses-1/dwi/sub-20326_ses-1_acq-multiband_dir-AP_space-ACPC_desc-preproc_dwi.nii.gz	0.0547945205479452	0.9357532	0.22530296	0.99	0.98999983	0.99	1.7881393e-07	0.919783	0.9900001287460328	sub-20326	ses-1		dir-AP	acq-multiband	space-ACPC			DSIStudio	autotrackgqi
ProjectionBasalGanglia_AcousticRadiationL	isovf	NODDI	/scratch/grmpy/SLURM_11194840_83/job-11194840-83-sub-20326/ds/inputs/data/qsiprep/qsiprep/sub-20326/ses-1/dwi/sub-20326_ses-1_acq-multiband_dir-AP_space-ACPC_desc-preproc_dwi.nii.gz	0.0776255707762557	0.6335092	0.28443083	0.7355439	0.6868244	0.75047493	0.22603376	0.71645534	0.7289999127388	sub-20326	ses-1		dir-AP	acq-multiband	space-ACPC			DSIStudio	autotrackgqi
ProjectionBasalGanglia_AcousticRadiationL	modulated_icvf	NODDI	/scratch/grmpy/SLURM_11194840_83/job-11194840-83-sub-20326/ds/inputs/data/qsiprep/qsiprep/sub-20326/ses-1/dwi/sub-20326_ses-1_acq-multiband_dir-AP_space-ACPC_desc-preproc_dwi.nii.gz	0.0547945205479452	0.34926423	0.2748128	0.2610033	0.36951146	0.27280506	0.26910698	0.27863523	0.2999064922332763	sub-20326	ses-1		dir-AP	acq-multiband	space-ACPC			DSIStudio	autotrackgqi
ProjectionBasalGanglia_AcousticRadiationL	modulated_od	NODDI	/scratch/grmpy/SLURM_11194840_83/job-11194840-83-sub-20326/ds/inputs/data/qsiprep/qsiprep/sub-20326/ses-1/dwi/sub-20326_ses-1_acq-multiband_dir-AP_space-ACPC_desc-preproc_dwi.nii.gz	0.0136986301369863	0.1933776	0.20564137	0.10827023	0.1960634	0.10988029	0.20578903	0.15286148	0.1531823873519897	sub-20326	ses-1		dir-AP	acq-multiband	space-ACPC			DSIStudio	autotrackgqi
ProjectionBasalGanglia_AcousticRadiationL	nrmse	NODDI	/scratch/grmpy/SLURM_11194840_83/job-11194840-83-sub-20326/ds/inputs/data/qsiprep/qsiprep/sub-20326/ses-1/dwi/sub-20326_ses-1_acq-multiband_dir-AP_space-ACPC_desc-preproc_dwi.nii.gz	0.0136986301369863	0.35048443	0.09035941	0.3579582	0.35535225	0.35867834	0.08092234	0.37882248	0.3796177208423614	sub-20326	ses-1		dir-AP	acq-multiband	space-ACPC			DSIStudio	autotrackgqi
ProjectionBasalGanglia_AcousticRadiationL	od	NODDI	/scratch/grmpy/SLURM_11194840_83/job-11194840-83-sub-20326/ds/inputs/data/qsiprep/qsiprep/sub-20326/ses-1/dwi/sub-20326_ses-1_acq-multiband_dir-AP_space-ACPC_desc-preproc_dwi.nii.gz	0.0136986301369863	0.48159608	0.23493898	0.49	0.48828492	0.49	0.229558	0.49509755	0.4961369037628174	sub-20326	ses-1		dir-AP	acq-multiband	space-ACPC			DSIStudio	autotrackgqi
ProjectionBasalGanglia_AcousticRadiationL	rmse	NODDI	/scratch/grmpy/SLURM_11194840_83/job-11194840-83-sub-20326/ds/inputs/data/qsiprep/qsiprep/sub-20326/ses-1/dwi/sub-20326_ses-1_acq-multiband_dir-AP_space-ACPC_desc-preproc_dwi.nii.gz	0.0136986301369863	0.13379405	0.0464668	0.12836802	0.13565232	0.12904546	0.04401223	0.13438198	0.1346640735864639	sub-20326	ses-1		dir-AP	acq-multiband	space-ACPC			DSIStudio	autotrackgqi
ProjectionBasalGanglia_AcousticRadiationL	tf	NODDI	/scratch/grmpy/SLURM_11194840_83/job-11194840-83-sub-20326/ds/inputs/data/qsiprep/qsiprep/sub-20326/ses-1/dwi/sub-20326_ses-1_acq-multiband_dir-AP_space-ACPC_desc-preproc_dwi.nii.gz	0.0547945205479452	0.3527921	0.27758864	0.2636397	0.37324384	0.27556068	0.27182525	0.28144974	0.3029358386993408	sub-20326	ses-1		dir-AP	acq-multiband	space-ACPC			DSIStudio	autotrackgqi
ProjectionBasalGanglia_AcousticRadiationR	directions	NODDI	/scratch/grmpy/SLURM_11194840_83/job-11194840-83-sub-20326/ds/inputs/data/qsiprep/qsiprep/sub-20326/ses-1/dwi/sub-20326_ses-1_acq-multiband_dir-AP_space-ACPC_desc-preproc_dwi.nii.gz	0.0	-0.19068448	0.54495203	-0.23449445	-0.19068448	-0.23449445	0.54495203	-0.8237843		sub-20326	ses-1		dir-AP	acq-multiband	space-ACPC			DSIStudio	autotrackgqi
ProjectionBasalGanglia_AcousticRadiationR	icvf	NODDI	/scratch/grmpy/SLURM_11194840_83/job-11194840-83-sub-20326/ds/inputs/data/qsiprep/qsiprep/sub-20326/ses-1/dwi/sub-20326_ses-1_acq-multiband_dir-AP_space-ACPC_desc-preproc_dwi.nii.gz	0.0	0.9825068	0.04167639	0.99	0.9825068	0.99	0.04167639	0.9860942	0.9860941767692566	sub-20326	ses-1		dir-AP	acq-multiband	space-ACPC			DSIStudio	autotrackgqi
ProjectionBasalGanglia_AcousticRadiationR	isovf	NODDI	/scratch/grmpy/SLURM_11194840_83/job-11194840-83-sub-20326/ds/inputs/data/qsiprep/qsiprep/sub-20326/ses-1/dwi/sub-20326_ses-1_acq-multiband_dir-AP_space-ACPC_desc-preproc_dwi.nii.gz	0.0472972972972973	0.593167	0.23602615	0.6642153	0.62261504	0.6685097	0.20034778	0.6036383	0.6276520490646362	sub-20326	ses-1		dir-AP	acq-multiband	space-ACPC			DSIStudio	autotrackgqi
ProjectionBasalGanglia_AcousticRadiationR	modulated_icvf	NODDI	/scratch/grmpy/SLURM_11194840_83/job-11194840-83-sub-20326/ds/inputs/data/qsiprep/qsiprep/sub-20326/ses-1/dwi/sub-20326_ses-1_acq-multiband_dir-AP_space-ACPC_desc-preproc_dwi.nii.gz	0.0	0.39744067	0.22833118	0.33242685	0.39744067	0.33242685	0.22833118	0.38987944	0.389879435300827	sub-20326	ses-1		dir-AP	acq-multiband	space-ACPC			DSIStudio	autotrackgqi
ProjectionBasalGanglia_AcousticRadiationR	modulated_od	NODDI	/scratch/grmpy/SLURM_11194840_83/job-11194840-83-sub-20326/ds/inputs/data/qsiprep/qsiprep/sub-20326/ses-1/dwi/sub-20326_ses-1_acq-multiband_dir-AP_space-ACPC_desc-preproc_dwi.nii.gz	0.0	0.16426359	0.1617944	0.11660308	0.16426359	0.11660308	0.1617944	0.14226511	0.142265111207962	sub-20326	ses-1		dir-AP	acq-multiband	space-ACPC			DSIStudio	autotrackgqi
ProjectionBasalGanglia_AcousticRadiationR	nrmse	NODDI	/scratch/grmpy/SLURM_11194840_83/job-11194840-83-sub-20326/ds/inputs/data/qsiprep/qsiprep/sub-20326/ses-1/dwi/sub-20326_ses-1_acq-multiband_dir-AP_space-ACPC_desc-preproc_dwi.nii.gz	0.0	0.28883728	0.0889233	0.29800397	0.28883728	0.29800397	0.0889233	0.28134254	0.2813425362110138	sub-20326	ses-1		dir-AP	acq-multiband	space-ACPC			DSIStudio	autotrackgqi
ProjectionBasalGanglia_AcousticRadiationR	od	NODDI	/scratch/grmpy/SLURM_11194840_83/job-11194840-83-sub-20326/ds/inputs/data/qsiprep/qsiprep/sub-20326/ses-1/dwi/sub-20326_ses-1_acq-multiband_dir-AP_space-ACPC_desc-preproc_dwi.nii.gz	0.0	0.3831429	0.19944681	0.35202026	0.3831429	0.35202026	0.19944681	0.3400626	0.3400625884532928	sub-20326	ses-1		dir-AP	acq-multiband	space-ACPC			DSIStudio	autotrackgqi
ProjectionBasalGanglia_AcousticRadiationR	rmse	NODDI	/scratch/grmpy/SLURM_11194840_83/job-11194840-83-sub-20326/ds/inputs/data/qsiprep/qsiprep/sub-20326/ses-1/dwi/sub-20326_ses-1_acq-multiband_dir-AP_space-ACPC_desc-preproc_dwi.nii.gz	0.0	0.113226965	0.039661698	0.10801014	0.113226965	0.10801014	0.039661698	0.10926639	0.1092663928866386	sub-20326	ses-1		dir-AP	acq-multiband	space-ACPC			DSIStudio	autotrackgqi
ProjectionBasalGanglia_AcousticRadiationR	tf	NODDI	/scratch/grmpy/SLURM_11194840_83/job-11194840-83-sub-20326/ds/inputs/data/qsiprep/qsiprep/sub-20326/ses-1/dwi/sub-20326_ses-1_acq-multiband_dir-AP_space-ACPC_desc-preproc_dwi.nii.gz	0.0	0.406833	0.23602615	0.3357847	0.406833	0.3357847	0.23602615	0.39636165	0.3963616490364074	sub-20326	ses-1		dir-AP	acq-multiband	space-ACPC			DSIStudio	autotrackgqi
ProjectionBrainstem_MedialLemniscusR	directions	NODDI	/scratch/grmpy/SLURM_11194840_83/job-11194840-83-sub-20326/ds/inputs/data/qsiprep/qsiprep/sub-20326/ses-1/dwi/sub-20326_ses-1_acq-multiband_dir-AP_space-ACPC_desc-preproc_dwi.nii.gz	0.0	-0.023406124	0.5768756	-0.04646519	-0.023406124	-0.04646519	0.5768756	0.14639655		sub-20326	ses-1		dir-AP	acq-multiband	space-ACPC			DSIStudio	autotrackgqi
ProjectionBrainstem_MedialLemniscusR	icvf	NODDI	/scratch/grmpy/SLURM_11194840_83/job-11194840-83-sub-20326/ds/inputs/data/qsiprep/qsiprep/sub-20326/ses-1/dwi/sub-20326_ses-1_acq-multiband_dir-AP_space-ACPC_desc-preproc_dwi.nii.gz	0.0327868852459016	0.6503799	0.19905925	0.61620057	0.6724267	0.6206386	0.1616878	0.68864477	0.7067806124687195	sub-20326	ses-1		dir-AP	acq-multiband	space-ACPC			DSIStudio	autotrackgqi
ProjectionBrainstem_MedialLemniscusR	isovf	NODDI	/scratch/grmpy/SLURM_11194840_83/job-11194840-83-sub-20326/ds/inputs/data/qsiprep/qsiprep/sub-20326/ses-1/dwi/sub-20326_ses-1_acq-multiband_dir-AP_space-ACPC_desc-preproc_dwi.nii.gz	0.160655737704918	0.22776994	0.26469338	0.14034119	0.27136654	0.16524032	0.2676609	0.31953117	0.3607248663902282	sub-20326	ses-1		dir-AP	acq-multiband	space-ACPC			DSIStudio	autotrackgqi
ProjectionBrainstem_MedialLemniscusR	modulated_icvf	NODDI	/scratch/grmpy/SLURM_11194840_83/job-11194840-83-sub-20326/ds/inputs/data/qsiprep/qsiprep/sub-20326/ses-1/dwi/sub-20326_ses-1_acq-multiband_dir-AP_space-ACPC_desc-preproc_dwi.nii.gz	0.0327868852459016	0.4819486	0.15837082	0.5183183	0.49828583	0.5215896	0.1333826	0.4364952	0.4479906558990478	sub-20326	ses-1		dir-AP	acq-multiband	space-ACPC			DSIStudio	autotrackgqi
ProjectionBrainstem_MedialLemniscusR	modulated_od	NODDI	/scratch/grmpy/SLURM_11194840_83/job-11194840-83-sub-20326/ds/inputs/data/qsiprep/qsiprep/sub-20326/ses-1/dwi/sub-20326_ses-1_acq-multiband_dir-AP_space-ACPC_desc-preproc_dwi.nii.gz	0.0	0.206332	0.16266425	0.1922848	0.206332	0.1922848	0.16266425	0.15216735	0.1521673500537872	sub-20326	ses-1		dir-AP	acq-multiband	space-ACPC			DSIStudio	autotrackgqi
ProjectionBrainstem_MedialLemniscusR	nrmse	NODDI	/scratch/grmpy/SLURM_11194840_83/job-11194840-83-sub-20326/ds/inputs/data/qsiprep/qsiprep/sub-20326/ses-1/dwi/sub-20326_ses-1_acq-multiband_dir-AP_space-ACPC_desc-preproc_dwi.nii.gz	0.0098360655737704	0.13056906	0.07810348	0.105387345	0.1318661	0.105612434	0.07739325	0.14224821	0.1424258649349212	sub-20326	ses-1		dir-AP	acq-multiband	space-ACPC			DSIStudio	autotrackgqi
ProjectionBrainstem_MedialLemniscusR	od	NODDI	/scratch/grmpy/SLURM_11194840_83/job-11194840-83-sub-20326/ds/inputs/data/qsiprep/qsiprep/sub-20326/ses-1/dwi/sub-20326_ses-1_acq-multiband_dir-AP_space-ACPC_desc-preproc_dwi.nii.gz	0.0	0.28613913	0.20367561	0.25137904	0.28613913	0.25137904	0.20367561	0.24655205	0.2465520501136779	sub-20326	ses-1		dir-AP	acq-multiband	space-ACPC			DSIStudio	autotrackgqi
ProjectionBrainstem_MedialLemniscusR	rmse	NODDI	/scratch/grmpy/SLURM_11194840_83/job-11194840-83-sub-20326/ds/inputs/data/qsiprep/qsiprep/sub-20326/ses-1/dwi/sub-20326_ses-1_acq-multiband_dir-AP_space-ACPC_desc-preproc_dwi.nii.gz	0.0098360655737704	0.061280973	0.030770538	0.054316312	0.061889723	0.054404046	0.030307692	0.061552294	0.0616291686892509	sub-20326	ses-1		dir-AP	acq-multiband	space-ACPC			DSIStudio	autotrackgqi
ProjectionBrainstem_MedialLemniscusR	tf	NODDI	/scratch/grmpy/SLURM_11194840_83/job-11194840-83-sub-20326/ds/inputs/data/qsiprep/qsiprep/sub-20326/ses-1/dwi/sub-20326_ses-1_acq-multiband_dir-AP_space-ACPC_desc-preproc_dwi.nii.gz	0.0229508196721311	0.7722301	0.26469338	0.85965884	0.79036975	0.8627255	0.23952316	0.6804688	0.6974965333938599	sub-20326	ses-1		dir-AP	acq-multiband	space-ACPC			DSIStudio	autotrackgqi
Commissure_CorpusCallosum	directions	NODDI	/scratch/grmpy/SLURM_11194840_83/job-11194840-83-sub-20326/ds/inputs/data/qsiprep/qsiprep/sub-20326/ses-1/dwi/sub-20326_ses-1_acq-multiband_dir-AP_space-ACPC_desc-preproc_dwi.nii.gz	0.0	-0.017186902	0.5770944	-0.043435633	-0.017186902	-0.043435633	0.5770944	-0.0020130873		sub-20326	ses-1		dir-AP	acq-multiband	space-ACPC			DSIStudio	autotrackgqi
Commissure_CorpusCallosum	icvf	NODDI	/scratch/grmpy/SLURM_11194840_83/job-11194840-83-sub-20326/ds/inputs/data/qsiprep/qsiprep/sub-20326/ses-1/dwi/sub-20326_ses-1_acq-multiband_dir-AP_space-ACPC_desc-preproc_dwi.nii.gz	0.0194034173182739	0.6960114	0.1965039	0.6817219	0.7097836	0.68592507	0.17205393	0.71662736	0.7218348979949951	sub-20326	ses-1		dir-AP	acq-multiband	space-ACPC			DSIStudio	autotrackgqi
Commissure_CorpusCallosum	isovf	NODDI	/scratch/grmpy/SLURM_11194840_83/job-11194840-83-sub-20326/ds/inputs/data/qsiprep/qsiprep/sub-20326/ses-1/dwi/sub-20326_ses-1_acq-multiband_dir-AP_space-ACPC_desc-preproc_dwi.nii.gz	0.085722560092673	0.2592976	0.26246762	0.15347123	0.28360933	0.16735686	0.26163578	0.21007812	0.2145386040210724	sub-20326	ses-1		dir-AP	acq-multiband	space-ACPC			DSIStudio	autotrackgqi
Commissure_CorpusCallosum	modulated_icvf	NODDI	/scratch/grmpy/SLURM_11194840_83/job-11194840-83-sub-20326/ds/inputs/data/qsiprep/qsiprep/sub-20326/ses-1/dwi/sub-20326_ses-1_acq-multiband_dir-AP_space-ACPC_desc-preproc_dwi.nii.gz	0.0194034173182739	0.49396577	0.1648162	0.5322701	0.5037401	0.53495574	0.15092446	0.5535445	0.5575670003890991	sub-20326	ses-1		dir-AP	acq-multiband	space-ACPC			DSIStudio	autotrackgqi
Commissure_CorpusCallosum	modulated_od	NODDI	/scratch/grmpy/SLURM_11194840_83/job-11194840-83-sub-20326/ds/inputs/data/qsiprep/qsiprep/sub-20326/ses-1/dwi/sub-20326_ses-1_acq-multiband_dir-AP_space-ACPC_desc-preproc_dwi.nii.gz	0.0	0.21756575	0.16793428	0.18638399	0.21756575	0.18638399	0.16793428	0.1611889	0.1611889004707336	sub-20326	ses-1		dir-AP	acq-multiband	space-ACPC			DSIStudio	autotrackgqi
Commissure_CorpusCallosum	nrmse	NODDI	/scratch/grmpy/SLURM_11194840_83/job-11194840-83-sub-20326/ds/inputs/data/qsiprep/qsiprep/sub-20326/ses-1/dwi/sub-20326_ses-1_acq-multiband_dir-AP_space-ACPC_desc-preproc_dwi.nii.gz	0.0015928178395598	0.12547886	0.07802608	0.10057007	0.12567905	0.10060601	0.07792704	0.1175596	0.1175656914710998	sub-20326	ses-1		dir-AP	acq-multiband	space-ACPC			DSIStudio	autotrackgqi
Commissure_CorpusCallosum	od	NODDI	/scratch/grmpy/SLURM_11194840_83/job-11194840-83-sub-20326/ds/inputs/data/qsiprep/qsiprep/sub-20326/ses-1/dwi/sub-20326_ses-1_acq-multiband_dir-AP_space-ACPC_desc-preproc_dwi.nii.gz	0.0	0.30584842	0.20277843	0.27784202	0.30584842	0.27784202	0.20277843	0.21459615	0.214596152305603	sub-20326	ses-1		dir-AP	acq-multiband	space-ACPC			DSIStudio	autotrackgqi
Commissure_CorpusCallosum	rmse	NODDI	/scratch/grmpy/SLURM_11194840_83/job-11194840-83-sub-20326/ds/inputs/data/qsiprep/qsiprep/sub-20326/ses-1/dwi/sub-20326_ses-1_acq-multiband_dir-AP_space-ACPC_desc-preproc_dwi.nii.gz	0.0015928178395598	0.057692815	0.026199147	0.051632717	0.057784855	0.051660355	0.026118418	0.057997987	0.058000985532999	sub-20326	ses-1		dir-AP	acq-multiband	space-ACPC			DSIStudio	autotrackgqi
Commissure_CorpusCallosum	tf	NODDI	/scratch/grmpy/SLURM_11194840_83/job-11194840-83-sub-20326/ds/inputs/data/qsiprep/qsiprep/sub-20326/ses-1/dwi/sub-20326_ses-1_acq-multiband_dir-AP_space-ACPC_desc-preproc_dwi.nii.gz	0.0178105994787141	0.74070245	0.26246762	0.84652877	0.754134	0.84865826	0.24496786	0.7899219	0.7956205010414124	sub-20326	ses-1		dir-AP	acq-multiband	space-ACPC			DSIStudio	autotrackgqi
Commissure_AnteriorCommissure	directions	NODDI	/scratch/grmpy/SLURM_11194840_83/job-11194840-83-sub-20326/ds/inputs/data/qsiprep/qsiprep/sub-20326/ses-1/dwi/sub-20326_ses-1_acq-multiband_dir-AP_space-ACPC_desc-preproc_dwi.nii.gz	0.0	-0.12030146	0.56467766	-0.15903494	-0.12030146	-0.15903494	0.56467766	-0.5491569		sub-20326	ses-1		dir-AP	acq-multiband	space-ACPC			DSIStudio	autotrackgqi
Commissure_AnteriorCommissure	icvf	NODDI	/scratch/grmpy/SLURM_11194840_83/job-11194840-83-sub-20326/ds/inputs/data/qsiprep/qsiprep/sub-20326/ses-1/dwi/sub-20326_ses-1_acq-multiband_dir-AP_space-ACPC_desc-preproc_dwi.nii.gz	0.015174506828528	0.76055425	0.19280237	0.7333648	0.7722731	0.7395416	0.16939704	0.78316104	0.7922683954238892	sub-20326	ses-1		dir-AP	acq-multiband	space-ACPC			DSIStudio	autotrackgqi
Commissure_AnteriorCommissure	isovf	NODDI	/scratch/grmpy/SLURM_11194840_83/job-11194840-83-sub-20326/ds/inputs/data/qsiprep/qsiprep/sub-20326/ses-1/dwi/sub-20326_ses-1_acq-multiband_dir-AP_space-ACPC_desc-preproc_dwi.nii.gz	0.0652503793626707	0.3014323	0.2761051	0.15865393	0.32247385	0.17543003	0.27344143	0.3526582	0.3711336553096771	sub-20326	ses-1		dir-AP	acq-multiband	space-ACPC			DSIStudio	autotrackgqi
Commissure_AnteriorCommissure	modulated_icvf	NODDI	/scratch/grmpy/SLURM_11194840_83/job-11194840-83-sub-20326/ds/inputs/data/qsiprep/qsiprep/sub-20326/ses-1/dwi/sub-20326_ses-1_acq-multiband_dir-AP_space-ACPC_desc-preproc_dwi.nii.gz	0.015174506828528	0.49422392	0.16584422	0.5457824	0.5018391	0.5473741	0.15526271	0.4694693	0.4749287366867065	sub-20326	ses-1		dir-AP	acq-multiband	space-ACPC			DSIStudio	autotrackgqi
Commissure_AnteriorCommissure	modulated_od	NODDI	/scratch/grmpy/SLURM_11194840_83/job-11194840-83-sub-20326/ds/inputs/data/qsiprep/qsiprep/sub-20326/ses-1/dwi/sub-20326_ses-1_acq-multiband_dir-AP_space-ACPC_desc-preproc_dwi.nii.gz	0.0	0.20483491	0.1710299	0.16063645	0.20483491	0.16063645	0.1710299	0.17941356	0.1794135570526123	sub-20326	ses-1		dir-AP	acq-multiband	space-ACPC			DSIStudio	autotrackgqi
Commissure_AnteriorCommissure	nrmse	NODDI	/scratch/grmpy/SLURM_11194840_83/job-11194840-83-sub-20326/ds/inputs/data/qsiprep/qsiprep/sub-20326/ses-1/dwi/sub-20326_ses-1_acq-multiband_dir-AP_space-ACPC_desc-preproc_dwi.nii.gz	0.0091047040971168	0.14582239	0.097855	0.1046098	0.14716226	0.10498502	0.097295456	0.16330513	0.1635253578424453	sub-20326	ses-1		dir-AP	acq-multiband	space-ACPC			DSIStudio	autotrackgqi
Commissure_AnteriorCommissure	od	NODDI	/scratch/grmpy/SLURM_11194840_83/job-11194840-83-sub-20326/ds/inputs/data/qsiprep/qsiprep/sub-20326/ses-1/dwi/sub-20326_ses-1_acq-multiband_dir-AP_space-ACPC_desc-preproc_dwi.nii.gz	0.0	0.28300297	0.1778179	0.24515428	0.28300297	0.24515428	0.1778179	0.267251	0.2672510147094726	sub-20326	ses-1		dir-AP	acq-multiband	space-ACPC			DSIStudio	autotrackgqi
Commissure_AnteriorCommissure	rmse	NODDI	/scratch/grmpy/SLURM_11194840_83/job-11194840-83-sub-20326/ds/inputs/data/qsiprep/qsiprep/sub-20326/ses-1/dwi/sub-20326_ses-1_acq-multiband_dir-AP_space-ACPC_desc-preproc_dwi.nii.gz	0.0091047040971168	0.06404523	0.031900052	0.054335825	0.0646337	0.0548567	0.03144723	0.06900759	0.0691006481647491	sub-20326	ses-1		dir-AP	acq-multiband	space-ACPC			DSIStudio	autotrackgqi
Commissure_AnteriorCommissure	tf	NODDI	/scratch/grmpy/SLURM_11194840_83/job-11194840-83-sub-20326/ds/inputs/data/qsiprep/qsiprep/sub-20326/ses-1/dwi/sub-20326_ses-1_acq-multiband_dir-AP_space-ACPC_desc-preproc_dwi.nii.gz	0.0060698027314112	0.6985677	0.2761051	0.8413461	0.7028338	0.84302175	0.27147973	0.64734185	0.6539788246154785	sub-20326	ses-1		dir-AP	acq-multiband	space-ACPC			DSIStudio	autotrackgqi
Cerebellum_InferiorCerebellarPeduncleL	directions	NODDI	/scratch/grmpy/SLURM_11194840_83/job-11194840-83-sub-20326/ds/inputs/data/qsiprep/qsiprep/sub-20326/ses-1/dwi/sub-20326_ses-1_acq-multiband_dir-AP_space-ACPC_desc-preproc_dwi.nii.gz	0.0	0.0027395508	0.57734376	0.016426476	0.0027395508	0.016426476	0.57734376	-0.09825785		sub-20326	ses-1		dir-AP	acq-multiband	space-ACPC			DSIStudio	autotrackgqi
Cerebellum_InferiorCerebellarPeduncleL	icvf	NODDI	/scratch/grmpy/SLURM_11194840_83/job-11194840-83-sub-20326/ds/inputs/data/qsiprep/qsiprep/sub-20326/ses-1/dwi/sub-20326_ses-1_acq-multiband_dir-AP_space-ACPC_desc-preproc_dwi.nii.gz	0.2051282051282051	0.7762846	0.3997322	0.99	0.9766161	0.99	0.07330688	0.73204076	0.9792232513427734	sub-20326	ses-1		dir-AP	acq-multiband	space-ACPC			DSIStudio	autotrackgqi
Cerebellum_InferiorCerebellarPeduncleL	isovf	NODDI	/scratch/grmpy/SLURM_11194840_83/job-11194840-83-sub-20326/ds/inputs/data/qsiprep/qsiprep/sub-20326/ses-1/dwi/sub-20326_ses-1_acq-multiband_dir-AP_space-ACPC_desc-preproc_dwi.nii.gz	0.0769230769230769	0.73903143	0.25088346	0.78415793	0.8006174	0.793698	0.13740794	0.78120005	0.8210570216178894	sub-20326	ses-1		dir-AP	acq-multiband	space-ACPC			DSIStudio	autotrackgqi
Cerebellum_InferiorCerebellarPeduncleL	modulated_icvf	NODDI	/scratch/grmpy/SLURM_11194840_83/job-11194840-83-sub-20326/ds/inputs/data/qsiprep/qsiprep/sub-20326/ses-1/dwi/sub-20326_ses-1_acq-multiband_dir-AP_space-ACPC_desc-preproc_dwi.nii.gz	0.2051282051282051	0.17556337	0.12543865	0.17483506	0.22087005	0.2141395	0.09893723	0.16352409	0.2187400162220001	sub-20326	ses-1		dir-AP	acq-multiband	space-ACPC			DSIStudio	autotrackgqi
Cerebellum_InferiorCerebellarPeduncleL	modulated_od	NODDI	/scratch/grmpy/SLURM_11194840_83/job-11194840-83-sub-20326/ds/inputs/data/qsiprep/qsiprep/sub-20326/ses-1/dwi/sub-20326_ses-1_acq-multiband_dir-AP_space-ACPC_desc-preproc_dwi.nii.gz	0.0	0.14898808	0.254327	0.06982047	0.14898808	0.06982047	0.254327	0.11629669	0.1162966787815094	sub-20326	ses-1		dir-AP	acq-multiband	space-ACPC			DSIStudio	autotrackgqi
Cerebellum_InferiorCerebellarPeduncleL	nrmse	NODDI	/scratch/grmpy/SLURM_11194840_83/job-11194840-83-sub-20326/ds/inputs/data/qsiprep/qsiprep/sub-20326/ses-1/dwi/sub-20326_ses-1_acq-multiband_dir-AP_space-ACPC_desc-preproc_dwi.nii.gz	0.0769230769230769	0.31751102	0.121172	0.35000038	0.34397027	0.35426933	0.082492486	0.33630234	0.3534606099128723	sub-20326	ses-1		dir-AP	acq-multiband	space-ACPC			DSIStudio	autotrackgqi
Cerebellum_InferiorCerebellarPeduncleL	od	NODDI	/scratch/grmpy/SLURM_11194840_83/job-11194840-83-sub-20326/ds/inputs/data/qsiprep/qsiprep/sub-20326/ses-1/dwi/sub-20326_ses-1_acq-multiband_dir-AP_space-ACPC_desc-preproc_dwi.nii.gz	0.0	0.5377205	0.3229905	0.45431098	0.5377205	0.45431098	0.3229905	0.5635071	0.5635070204734802	sub-20326	ses-1		dir-AP	acq-multiband	space-ACPC			DSIStudio	autotrackgqi
Cerebellum_InferiorCerebellarPeduncleL	rmse	NODDI	/scratch/grmpy/SLURM_11194840_83/job-11194840-83-sub-20326/ds/inputs/data/qsiprep/qsiprep/sub-20326/ses-1/dwi/sub-20326_ses-1_acq-multiband_dir-AP_space-ACPC_desc-preproc_dwi.nii.gz	0.0769230769230769	0.10276661	0.03652764	0.11298907	0.111330494	0.11405747	0.022181885	0.107707515	0.1132028028368949	sub-20326	ses-1		dir-AP	acq-multiband	space-ACPC			DSIStudio	autotrackgqi
Cerebellum_InferiorCerebellarPeduncleL	tf	NODDI	/scratch/grmpy/SLURM_11194840_83/job-11194840-83-sub-20326/ds/inputs/data/qsiprep/qsiprep/sub-20326/ses-1/dwi/sub-20326_ses-1_acq-multiband_dir-AP_space-ACPC_desc-preproc_dwi.nii.gz	0.1282051282051282	0.2609686	0.2508835	0.21584207	0.29934633	0.22271037	0.24639505	0.2188	0.2748341262340545	sub-20326	ses-1		dir-AP	acq-multiband	space-ACPC			DSIStudio	autotrackgqi
Cerebellum_MiddleCerebellarPeduncle	directions	NODDI	/scratch/grmpy/SLURM_11194840_83/job-11194840-83-sub-20326/ds/inputs/data/qsiprep/qsiprep/sub-20326/ses-1/dwi/sub-20326_ses-1_acq-multiband_dir-AP_space-ACPC_desc-preproc_dwi.nii.gz	10.0	-0.023074811	0.57545197	-0.030106667	-0.023190012	-0.034606103	0.5768843	-0.41275638		sub-20326	ses-1		dir-AP	acq-multiband	space-ACPC			DSIStudio	autotrackgqi
Cerebellum_MiddleCerebellarPeduncle	icvf	NODDI	/scratch/grmpy/SLURM_11194840_83/job-11194840-83-sub-20326/ds/inputs/data/qsiprep/qsiprep/sub-20326/ses-1/dwi/sub-20326_ses-1_acq-multiband_dir-AP_space-ACPC_desc-preproc_dwi.nii.gz	0.132141082960755	0.6540764	0.31679168	0.6413564	0.7536667	0.6922908	0.2014435	0.7282798	0.7853134274482727	sub-20326	ses-1		dir-AP	acq-multiband	space-ACPC			DSIStudio	autotrackgqi
Cerebellum_MiddleCerebellarPeduncle	isovf	NODDI	/scratch/grmpy/SLURM_11194840_83/job-11194840-83-sub-20326/ds/inputs/data/qsiprep/qsiprep/sub-20326/ses-1/dwi/sub-20326_ses-1_acq-multiband_dir-AP_space-ACPC_desc-preproc_dwi.nii.gz	0.2598112270243418	0.35300142	0.35992676	0.18739222	0.47690728	0.48626882	0.34048152	0.40919527	0.4709230065345764	sub-20326	ses-1		dir-AP	acq-multiband	space-ACPC			DSIStudio	autotrackgqi
Cerebellum_MiddleCerebellarPeduncle	modulated_icvf	NODDI	/scratch/grmpy/SLURM_11194840_83/job-11194840-83-sub-20326/ds/inputs/data/qsiprep/qsiprep/sub-20326/ses-1/dwi/sub-20326_ses-1_acq-multiband_dir-AP_space-ACPC_desc-preproc_dwi.nii.gz	0.132141082960755	0.38680136	0.22714183	0.45388088	0.44569615	0.49805078	0.1822084	0.39970028	0.4310019016265869	sub-20326	ses-1		dir-AP	acq-multiband	space-ACPC			DSIStudio	autotrackgqi
Cerebellum_MiddleCerebellarPeduncle	modulated_od	NODDI	/scratch/grmpy/SLURM_11194840_83/job-11194840-83-sub-20326/ds/inputs/data/qsiprep/qsiprep/sub-20326/ses-1/dwi/sub-20326_ses-1_acq-multiband_dir-AP_space-ACPC_desc-preproc_dwi.nii.gz	0.0049677098857426	0.30267793	0.26148325	0.24701448	0.30418903	0.24775915	0.26125693	0.21773379	0.2180542349815368	sub-20326	ses-1		dir-AP	acq-multiband	space-ACPC			DSIStudio	autotrackgqi
Cerebellum_MiddleCerebellarPeduncle	nrmse	NODDI	/scratch/grmpy/SLURM_11194840_83/job-11194840-83-sub-20326/ds/inputs/data/qsiprep/qsiprep/sub-20326/ses-1/dwi/sub-20326_ses-1_acq-multiband_dir-AP_space-ACPC_desc-preproc_dwi.nii.gz	0.0685543964232488	0.16886456	0.13390703	0.10374517	0.181293	0.11035049	0.13037497	0.18400535	0.1873866319656372	sub-20326	ses-1		dir-AP	acq-multiband	space-ACPC			DSIStudio	autotrackgqi
Cerebellum_MiddleCerebellarPeduncle	od	NODDI	/scratch/grmpy/SLURM_11194840_83/job-11194840-83-sub-20326/ds/inputs/data/qsiprep/qsiprep/sub-20326/ses-1/dwi/sub-20326_ses-1_acq-multiband_dir-AP_space-ACPC_desc-preproc_dwi.nii.gz	0.0049677098857426	0.48155057	0.25507978	0.43874252	0.48395473	0.43991745	0.25343055	0.40002966	0.4006184339523315	sub-20326	ses-1		dir-AP	acq-multiband	space-ACPC			DSIStudio	autotrackgqi
Cerebellum_MiddleCerebellarPeduncle	rmse	NODDI	/scratch/grmpy/SLURM_11194840_83/job-11194840-83-sub-20326/ds/inputs/data/qsiprep/qsiprep/sub-20326/ses-1/dwi/sub-20326_ses-1_acq-multiband_dir-AP_space-ACPC_desc-preproc_dwi.nii.gz	0.0685543964232488	0.06741395	0.04521519	0.052075777	0.07237562	0.054288983	0.042845987	0.0722125	0.073539488017559	sub-20326	ses-1		dir-AP	acq-multiband	space-ACPC			DSIStudio	autotrackgqi
Cerebellum_MiddleCerebellarPeduncle	tf	NODDI	/scratch/grmpy/SLURM_11194840_83/job-11194840-83-sub-20326/ds/inputs/data/qsiprep/qsiprep/sub-20326/ses-1/dwi/sub-20326_ses-1_acq-multiband_dir-AP_space-ACPC_desc-preproc_dwi.nii.gz	0.0685543964232488	0.64203084	0.3619159	0.8094138	0.6892843	0.8508554	0.32871324	0.5893351	0.6243289709091187	sub-20326	ses-1		dir-AP	acq-multiband	space-ACPC			DSIStudio	autotrackgqi
Cerebellum_InferiorCerebellarPeduncleR	directions	NODDI	/scratch/grmpy/SLURM_11194840_83/job-11194840-83-sub-20326/ds/inputs/data/qsiprep/qsiprep/sub-20326/ses-1/dwi/sub-20326_ses-1_acq-multiband_dir-AP_space-ACPC_desc-preproc_dwi.nii.gz	4.0	0.011224347	0.57635343	0.015455972	0.0112589365	0.017910648	0.57724047	-0.027567387		sub-20326	ses-1		dir-AP	acq-multiband	space-ACPC			DSIStudio	autotrackgqi
Cerebellum_InferiorCerebellarPeduncleR	icvf	NODDI	/scratch/grmpy/SLURM_11194840_83/job-11194840-83-sub-20326/ds/inputs/data/qsiprep/qsiprep/sub-20326/ses-1/dwi/sub-20326_ses-1_acq-multiband_dir-AP_space-ACPC_desc-preproc_dwi.nii.gz	0.1589861751152073	0.61426955	0.31702074	0.6220845	0.73039174	0.66636366	0.18624316	0.67373174	0.737750768661499	sub-20326	ses-1		dir-AP	acq-multiband	space-ACPC			DSIStudio	autotrackgqi
Cerebellum_InferiorCerebellarPeduncleR	isovf	NODDI	/scratch/grmpy/SLURM_11194840_83/job-11194840-83-sub-20326/ds/inputs/data/qsiprep/qsiprep/sub-20326/ses-1/dwi/sub-20326_ses-1_acq-multiband_dir-AP_space-ACPC_desc-preproc_dwi.nii.gz	0.2572964669738863	0.33759612	0.35750523	0.1769906	0.4545503	0.37949392	0.34485644	0.34915936	0.4308575093746185	sub-20326	ses-1		dir-AP	acq-multiband	space-ACPC			DSIStudio	autotrackgqi
Cerebellum_InferiorCerebellarPeduncleR	modulated_icvf	NODDI	/scratch/grmpy/SLURM_11194840_83/job-11194840-83-sub-20326/ds/inputs/data/qsiprep/qsiprep/sub-20326/ses-1/dwi/sub-20326_ses-1_acq-multiband_dir-AP_space-ACPC_desc-preproc_dwi.nii.gz	0.1589861751152073	0.38455337	0.2281626	0.46453547	0.45724976	0.5071464	0.1692894	0.41113877	0.4502058327198028	sub-20326	ses-1		dir-AP	acq-multiband	space-ACPC			DSIStudio	autotrackgqi
Cerebellum_InferiorCerebellarPeduncleR	modulated_od	NODDI	/scratch/grmpy/SLURM_11194840_83/job-11194840-83-sub-20326/ds/inputs/data/qsiprep/qsiprep/sub-20326/ses-1/dwi/sub-20326_ses-1_acq-multiband_dir-AP_space-ACPC_desc-preproc_dwi.nii.gz	0.0030721966205837	0.32152733	0.26905805	0.2836163	0.32251817	0.28440344	0.26887873	0.27170733	0.2718186974525451	sub-20326	ses-1		dir-AP	acq-multiband	space-ACPC			DSIStudio	autotrackgqi
Cerebellum_InferiorCerebellarPeduncleR	nrmse	NODDI	/scratch/grmpy/SLURM_11194840_83/job-11194840-83-sub-20326/ds/inputs/data/qsiprep/qsiprep/sub-20326/ses-1/dwi/sub-20326_ses-1_acq-multiband_dir-AP_space-ACPC_desc-preproc_dwi.nii.gz	0.0775729646697388	0.14245978	0.11535335	0.09849034	0.15444016	0.1031749	0.112139046	0.13129655	0.136012390255928	sub-20326	ses-1		dir-AP	acq-multiband	space-ACPC			DSIStudio	autotrackgqi
Cerebellum_InferiorCerebellarPeduncleR	od	NODDI	/scratch/grmpy/SLURM_11194840_83/job-11194840-83-sub-20326/ds/inputs/data/qsiprep/qsiprep/sub-20326/ses-1/dwi/sub-20326_ses-1_acq-multiband_dir-AP_space-ACPC_desc-preproc_dwi.nii.gz	0.0030721966205837	0.5049591	0.2647085	0.45136374	0.50651526	0.45245925	0.26362535	0.4364547	0.4366336464881897	sub-20326	ses-1		dir-AP	acq-multiband	space-ACPC			DSIStudio	autotrackgqi
Cerebellum_InferiorCerebellarPeduncleR	rmse	NODDI	/scratch/grmpy/SLURM_11194840_83/job-11194840-83-sub-20326/ds/inputs/data/qsiprep/qsiprep/sub-20326/ses-1/dwi/sub-20326_ses-1_acq-multiband_dir-AP_space-ACPC_desc-preproc_dwi.nii.gz	0.0775729646697388	0.057818986	0.038095154	0.049405202	0.06268136	0.051181294	0.03561607	0.0544661	0.0564223825931549	sub-20326	ses-1		dir-AP	acq-multiband	space-ACPC			DSIStudio	autotrackgqi
Cerebellum_InferiorCerebellarPeduncleR	tf	NODDI	/scratch/grmpy/SLURM_11194840_83/job-11194840-83-sub-20326/ds/inputs/data/qsiprep/qsiprep/sub-20326/ses-1/dwi/sub-20326_ses-1_acq-multiband_dir-AP_space-ACPC_desc-preproc_dwi.nii.gz	0.0844854070660522	0.6593317	0.35888502	0.8187187	0.72017604	0.85632634	0.3112323	0.6504308	0.6864804029464722	sub-20326	ses-1		dir-AP	acq-multiband	space-ACPC			DSIStudio	autotrackgqi
Cerebellum_Vermis	directions	NODDI	/scratch/grmpy/SLURM_11194840_83/job-11194840-83-sub-20326/ds/inputs/data/qsiprep/qsiprep/sub-20326/ses-1/dwi/sub-20326_ses-1_acq-multiband_dir-AP_space-ACPC_desc-preproc_dwi.nii.gz	15.0	0.0043472243	0.57432306	-8.296916e-05	0.00439292	-0.011312234	0.57733357	-0.08368547		sub-20326	ses-1		dir-AP	acq-multiband	space-ACPC			DSIStudio	autotrackgqi
Cerebellum_Vermis	icvf	NODDI	/scratch/grmpy/SLURM_11194840_83/job-11194840-83-sub-20326/ds/inputs/data/qsiprep/qsiprep/sub-20326/ses-1/dwi/sub-20326_ses-1_acq-multiband_dir-AP_space-ACPC_desc-preproc_dwi.nii.gz	0.188626907073509	0.6099233	0.34708518	0.61882764	0.75171745	0.69238204	0.20465888	0.6841699	0.846797525882721	sub-20326	ses-1		dir-AP	acq-multiband	space-ACPC			DSIStudio	autotrackgqi
Cerebellum_Vermis	isovf	NODDI	/scratch/grmpy/SLURM_11194840_83/job-11194840-83-sub-20326/ds/inputs/data/qsiprep/qsiprep/sub-20326/ses-1/dwi/sub-20326_ses-1_acq-multiband_dir-AP_space-ACPC_desc-preproc_dwi.nii.gz	0.2427184466019417	0.40251952	0.3721411	0.3129717	0.5315322	0.5609999	0.33808592	0.5831988	0.6651788949966431	sub-20326	ses-1		dir-AP	acq-multiband	space-ACPC			DSIStudio	autotrackgqi
Cerebellum_Vermis	modulated_icvf	NODDI	/scratch/grmpy/SLURM_11194840_83/job-11194840-83-sub-20326/ds/inputs/data/qsiprep/qsiprep/sub-20326/ses-1/dwi/sub-20326_ses-1_acq-multiband_dir-AP_space-ACPC_desc-preproc_dwi.nii.gz	0.188626907073509	0.33446547	0.23139457	0.37350196	0.41222152	0.43569633	0.18422388	0.27219194	0.336892157793045	sub-20326	ses-1		dir-AP	acq-multiband	space-ACPC			DSIStudio	autotrackgqi
Cerebellum_Vermis	modulated_od	NODDI	/scratch/grmpy/SLURM_11194840_83/job-11194840-83-sub-20326/ds/inputs/data/qsiprep/qsiprep/sub-20326/ses-1/dwi/sub-20326_ses-1_acq-multiband_dir-AP_space-ACPC_desc-preproc_dwi.nii.gz	0.0104022191400832	0.31807697	0.28145236	0.2723118	0.32142046	0.27473158	0.28102213	0.22780992	0.2280483841896057	sub-20326	ses-1		dir-AP	acq-multiband	space-ACPC			DSIStudio	autotrackgqi
Cerebellum_Vermis	nrmse	NODDI	/scratch/grmpy/SLURM_11194840_83/job-11194840-83-sub-20326/ds/inputs/data/qsiprep/qsiprep/sub-20326/ses-1/dwi/sub-20326_ses-1_acq-multiband_dir-AP_space-ACPC_desc-preproc_dwi.nii.gz	0.0915395284327323	0.1469112	0.111669995	0.103985675	0.16171446	0.11173892	0.106455736	0.18448558	0.1930867433547973	sub-20326	ses-1		dir-AP	acq-multiband	space-ACPC			DSIStudio	autotrackgqi
Cerebellum_Vermis	od	NODDI	/scratch/grmpy/SLURM_11194840_83/job-11194840-83-sub-20326/ds/inputs/data/qsiprep/qsiprep/sub-20326/ses-1/dwi/sub-20326_ses-1_acq-multiband_dir-AP_space-ACPC_desc-preproc_dwi.nii.gz	0.0104022191400832	0.55447775	0.25973284	0.5020933	0.56030613	0.5050829	0.25476375	0.5794066	0.58001309633255	sub-20326	ses-1		dir-AP	acq-multiband	space-ACPC			DSIStudio	autotrackgqi
Cerebellum_Vermis	rmse	NODDI	/scratch/grmpy/SLURM_11194840_83/job-11194840-83-sub-20326/ds/inputs/data/qsiprep/qsiprep/sub-20326/ses-1/dwi/sub-20326_ses-1_acq-multiband_dir-AP_space-ACPC_desc-preproc_dwi.nii.gz	0.0915395284327323	0.058209263	0.03862815	0.04897503	0.06407463	0.05092082	0.035590246	0.06669628	0.0698058158159256	sub-20326	ses-1		dir-AP	acq-multiband	space-ACPC			DSIStudio	autotrackgqi
Cerebellum_Vermis	tf	NODDI	/scratch/grmpy/SLURM_11194840_83/job-11194840-83-sub-20326/ds/inputs/data/qsiprep/qsiprep/sub-20326/ses-1/dwi/sub-20326_ses-1_acq-multiband_dir-AP_space-ACPC_desc-preproc_dwi.nii.gz	0.1074895977808599	0.5870783	0.37471163	0.6668717	0.65778315	0.75118196	0.33288214	0.41575557	0.4882914423942566	sub-20326	ses-1		dir-AP	acq-multiband	space-ACPC			DSIStudio	autotrackgqi
Cerebellum_SuperiorCerebellarPeduncle	directions	NODDI	/scratch/grmpy/SLURM_11194840_83/job-11194840-83-sub-20326/ds/inputs/data/qsiprep/qsiprep/sub-20326/ses-1/dwi/sub-20326_ses-1_acq-multiband_dir-AP_space-ACPC_desc-preproc_dwi.nii.gz	0.0	-0.09116906	0.5701066	-0.081069	-0.09116906	-0.081069	0.5701066	-0.43678457		sub-20326	ses-1		dir-AP	acq-multiband	space-ACPC			DSIStudio	autotrackgqi
Cerebellum_SuperiorCerebellarPeduncle	icvf	NODDI	/scratch/grmpy/SLURM_11194840_83/job-11194840-83-sub-20326/ds/inputs/data/qsiprep/qsiprep/sub-20326/ses-1/dwi/sub-20326_ses-1_acq-multiband_dir-AP_space-ACPC_desc-preproc_dwi.nii.gz	0.1464968152866242	0.8449215	0.35004878	0.99	0.98994535	0.99	0.00062795007	0.8697076	0.9899863600730896	sub-20326	ses-1		dir-AP	acq-multiband	space-ACPC			DSIStudio	autotrackgqi
Cerebellum_SuperiorCerebellarPeduncle	isovf	NODDI	/scratch/grmpy/SLURM_11194840_83/job-11194840-83-sub-20326/ds/inputs/data/qsiprep/qsiprep/sub-20326/ses-1/dwi/sub-20326_ses-1_acq-multiband_dir-AP_space-ACPC_desc-preproc_dwi.nii.gz	0.0318471337579617	0.708936	0.2472951	0.77351433	0.73225623	0.77930385	0.21468611	0.7454429	0.7562525272369385	sub-20326	ses-1		dir-AP	acq-multiband	space-ACPC			DSIStudio	autotrackgqi
Cerebellum_SuperiorCerebellarPeduncle	modulated_icvf	NODDI	/scratch/grmpy/SLURM_11194840_83/job-11194840-83-sub-20326/ds/inputs/data/qsiprep/qsiprep/sub-20326/ses-1/dwi/sub-20326_ses-1_acq-multiband_dir-AP_space-ACPC_desc-preproc_dwi.nii.gz	0.1464968152866242	0.288122	0.24477369	0.22422084	0.33757576	0.26059574	0.23130831	0.25200337	0.2868548631668091	sub-20326	ses-1		dir-AP	acq-multiband	space-ACPC			DSIStudio	autotrackgqi
Cerebellum_SuperiorCerebellarPeduncle	modulated_od	NODDI	/scratch/grmpy/SLURM_11194840_83/job-11194840-83-sub-20326/ds/inputs/data/qsiprep/qsiprep/sub-20326/ses-1/dwi/sub-20326_ses-1_acq-multiband_dir-AP_space-ACPC_desc-preproc_dwi.nii.gz	0.0	0.14371131	0.16799802	0.081496425	0.14371131	0.081496425	0.16799802	0.113986254	0.1139862611889839	sub-20326	ses-1		dir-AP	acq-multiband	space-ACPC			DSIStudio	autotrackgqi
Cerebellum_SuperiorCerebellarPeduncle	nrmse	NODDI	/scratch/grmpy/SLURM_11194840_83/job-11194840-83-sub-20326/ds/inputs/data/qsiprep/qsiprep/sub-20326/ses-1/dwi/sub-20326_ses-1_acq-multiband_dir-AP_space-ACPC_desc-preproc_dwi.nii.gz	0.0	0.33558947	0.079108335	0.34046036	0.33558947	0.34046036	0.079108335	0.33135718	0.3313571810722351	sub-20326	ses-1		dir-AP	acq-multiband	space-ACPC			DSIStudio	autotrackgqi
Cerebellum_SuperiorCerebellarPeduncle	od	NODDI	/scratch/grmpy/SLURM_11194840_83/job-11194840-83-sub-20326/ds/inputs/data/qsiprep/qsiprep/sub-20326/ses-1/dwi/sub-20326_ses-1_acq-multiband_dir-AP_space-ACPC_desc-preproc_dwi.nii.gz	0.0	0.5289812	0.257498	0.49	0.5289812	0.49	0.257498	0.47949934	0.4794994294643402	sub-20326	ses-1		dir-AP	acq-multiband	space-ACPC			DSIStudio	autotrackgqi
Cerebellum_SuperiorCerebellarPeduncle	rmse	NODDI	/scratch/grmpy/SLURM_11194840_83/job-11194840-83-sub-20326/ds/inputs/data/qsiprep/qsiprep/sub-20326/ses-1/dwi/sub-20326_ses-1_acq-multiband_dir-AP_space-ACPC_desc-preproc_dwi.nii.gz	0.0	0.11934812	0.03122123	0.11528439	0.11934812	0.11528439	0.03122123	0.1133164	0.1133164018392562	sub-20326	ses-1		dir-AP	acq-multiband	space-ACPC			DSIStudio	autotrackgqi
Cerebellum_SuperiorCerebellarPeduncle	tf	NODDI	/scratch/grmpy/SLURM_11194840_83/job-11194840-83-sub-20326/ds/inputs/data/qsiprep/qsiprep/sub-20326/ses-1/dwi/sub-20326_ses-1_acq-multiband_dir-AP_space-ACPC_desc-preproc_dwi.nii.gz	0.1464968152866242	0.29106402	0.2472951	0.22648567	0.3410228	0.26322803	0.23369749	0.25455707	0.2897617220878601	sub-20326	ses-1		dir-AP	acq-multiband	space-ACPC			DSIStudio	autotrackgqi
Cerebellum_CerebellumR	directions	NODDI	/scratch/grmpy/SLURM_11194840_83/job-11194840-83-sub-20326/ds/inputs/data/qsiprep/qsiprep/sub-20326/ses-1/dwi/sub-20326_ses-1_acq-multiband_dir-AP_space-ACPC_desc-preproc_dwi.nii.gz	2.0	-0.009959175	0.57711834	0.027640773	-0.009964213	0.028290614	0.57726425	-0.14968753		sub-20326	ses-1		dir-AP	acq-multiband	space-ACPC			DSIStudio	autotrackgqi
Cerebellum_CerebellumR	icvf	NODDI	/scratch/grmpy/SLURM_11194840_83/job-11194840-83-sub-20326/ds/inputs/data/qsiprep/qsiprep/sub-20326/ses-1/dwi/sub-20326_ses-1_acq-multiband_dir-AP_space-ACPC_desc-preproc_dwi.nii.gz	0.0889787664307381	0.58007884	0.22594255	0.5854545	0.6367347	0.5948762	0.14128444	0.6172831	0.6443915963172913	sub-20326	ses-1		dir-AP	acq-multiband	space-ACPC			DSIStudio	autotrackgqi
Cerebellum_CerebellumR	isovf	NODDI	/scratch/grmpy/SLURM_11194840_83/job-11194840-83-sub-20326/ds/inputs/data/qsiprep/qsiprep/sub-20326/ses-1/dwi/sub-20326_ses-1_acq-multiband_dir-AP_space-ACPC_desc-preproc_dwi.nii.gz	0.3859959555106168	0.15194069	0.25061706	0.0408523	0.24745879	0.119538985	0.2804589	0.18239689	0.2790526449680328	sub-20326	ses-1		dir-AP	acq-multiband	space-ACPC			DSIStudio	autotrackgqi
Cerebellum_CerebellumR	modulated_icvf	NODDI	/scratch/grmpy/SLURM_11194840_83/job-11194840-83-sub-20326/ds/inputs/data/qsiprep/qsiprep/sub-20326/ses-1/dwi/sub-20326_ses-1_acq-multiband_dir-AP_space-ACPC_desc-preproc_dwi.nii.gz	0.0889787664307381	0.47207862	0.186776	0.5385814	0.51818615	0.5468788	0.120000765	0.48095107	0.5020723938941956	sub-20326	ses-1		dir-AP	acq-multiband	space-ACPC			DSIStudio	autotrackgqi
Cerebellum_CerebellumR	modulated_od	NODDI	/scratch/grmpy/SLURM_11194840_83/job-11194840-83-sub-20326/ds/inputs/data/qsiprep/qsiprep/sub-20326/ses-1/dwi/sub-20326_ses-1_acq-multiband_dir-AP_space-ACPC_desc-preproc_dwi.nii.gz	0.0005055611729019	0.41982052	0.22444996	0.41711348	0.42003286	0.41712674	0.22430798	0.3729536	0.3729601502418518	sub-20326	ses-1		dir-AP	acq-multiband	space-ACPC			DSIStudio	autotrackgqi
Cerebellum_CerebellumR	nrmse	NODDI	/scratch/grmpy/SLURM_11194840_83/job-11194840-83-sub-20326/ds/inputs/data/qsiprep/qsiprep/sub-20326/ses-1/dwi/sub-20326_ses-1_acq-multiband_dir-AP_space-ACPC_desc-preproc_dwi.nii.gz	0.0690091001011122	0.08647	0.061324526	0.07469926	0.092879534	0.07650637	0.058686815	0.08890938	0.0910196304321289	sub-20326	ses-1		dir-AP	acq-multiband	space-ACPC			DSIStudio	autotrackgqi
Cerebellum_CerebellumR	od	NODDI	/scratch/grmpy/SLURM_11194840_83/job-11194840-83-sub-20326/ds/inputs/data/qsiprep/qsiprep/sub-20326/ses-1/dwi/sub-20326_ses-1_acq-multiband_dir-AP_space-ACPC_desc-preproc_dwi.nii.gz	0.0005055611729019	0.49649423	0.2041492	0.46613362	0.49674538	0.46618718	0.20389515	0.4608861	0.4608941972255707	sub-20326	ses-1		dir-AP	acq-multiband	space-ACPC			DSIStudio	autotrackgqi
Cerebellum_CerebellumR	rmse	NODDI	/scratch/grmpy/SLURM_11194840_83/job-11194840-83-sub-20326/ds/inputs/data/qsiprep/qsiprep/sub-20326/ses-1/dwi/sub-20326_ses-1_acq-multiband_dir-AP_space-ACPC_desc-preproc_dwi.nii.gz	0.0690091001011122	0.04177181	0.022905607	0.03953176	0.04486812	0.040555723	0.020606598	0.042404696	0.0434111654758453	sub-20326	ses-1		dir-AP	acq-multiband	space-ACPC			DSIStudio	autotrackgqi
Cerebellum_CerebellumR	tf	NODDI	/scratch/grmpy/SLURM_11194840_83/job-11194840-83-sub-20326/ds/inputs/data/qsiprep/qsiprep/sub-20326/ses-1/dwi/sub-20326_ses-1_acq-multiband_dir-AP_space-ACPC_desc-preproc_dwi.nii.gz	0.0204752275025278	0.84755373	0.25131768	0.9589174	0.8652704	0.962919	0.22170068	0.81758547	0.833336591720581	sub-20326	ses-1		dir-AP	acq-multiband	space-ACPC			DSIStudio	autotrackgqi
Cerebellum_CerebellumL	directions	NODDI	/scratch/grmpy/SLURM_11194840_83/job-11194840-83-sub-20326/ds/inputs/data/qsiprep/qsiprep/sub-20326/ses-1/dwi/sub-20326_ses-1_acq-multiband_dir-AP_space-ACPC_desc-preproc_dwi.nii.gz	7.0	-0.091567874	0.56940234	-0.12671128	-0.09176874	-0.1278146	0.57001036	-0.3762035		sub-20326	ses-1		dir-AP	acq-multiband	space-ACPC			DSIStudio	autotrackgqi
Cerebellum_CerebellumL	icvf	NODDI	/scratch/grmpy/SLURM_11194840_83/job-11194840-83-sub-20326/ds/inputs/data/qsiprep/qsiprep/sub-20326/ses-1/dwi/sub-20326_ses-1_acq-multiband_dir-AP_space-ACPC_desc-preproc_dwi.nii.gz	0.0703564727954971	0.57061934	0.19127257	0.5816816	0.61380446	0.5874926	0.11334369	0.60146546	0.6197903156280518	sub-20326	ses-1		dir-AP	acq-multiband	space-ACPC			DSIStudio	autotrackgqi
Cerebellum_CerebellumL	isovf	NODDI	/scratch/grmpy/SLURM_11194840_83/job-11194840-83-sub-20326/ds/inputs/data/qsiprep/qsiprep/sub-20326/ses-1/dwi/sub-20326_ses-1_acq-multiband_dir-AP_space-ACPC_desc-preproc_dwi.nii.gz	0.3702313946216385	0.11077245	0.19139099	0.03415799	0.17589389	0.08936602	0.21612625	0.10893725	0.1603952646255493	sub-20326	ses-1		dir-AP	acq-multiband	space-ACPC			DSIStudio	autotrackgqi
Cerebellum_CerebellumL	modulated_icvf	NODDI	/scratch/grmpy/SLURM_11194840_83/job-11194840-83-sub-20326/ds/inputs/data/qsiprep/qsiprep/sub-20326/ses-1/dwi/sub-20326_ses-1_acq-multiband_dir-AP_space-ACPC_desc-preproc_dwi.nii.gz	0.0703564727954971	0.49110392	0.16319308	0.5443791	0.5282712	0.54925495	0.09493738	0.52107954	0.5369552373886108	sub-20326	ses-1		dir-AP	acq-multiband	space-ACPC			DSIStudio	autotrackgqi
Cerebellum_CerebellumL	modulated_od	NODDI	/scratch/grmpy/SLURM_11194840_83/job-11194840-83-sub-20326/ds/inputs/data/qsiprep/qsiprep/sub-20326/ses-1/dwi/sub-20326_ses-1_acq-multiband_dir-AP_space-ACPC_desc-preproc_dwi.nii.gz	0.0021888680425265	0.4314903	0.20071954	0.41573492	0.43243685	0.41608447	0.19991845	0.39668995	0.39706552028656	sub-20326	ses-1		dir-AP	acq-multiband	space-ACPC			DSIStudio	autotrackgqi
Cerebellum_CerebellumL	nrmse	NODDI	/scratch/grmpy/SLURM_11194840_83/job-11194840-83-sub-20326/ds/inputs/data/qsiprep/qsiprep/sub-20326/ses-1/dwi/sub-20326_ses-1_acq-multiband_dir-AP_space-ACPC_desc-preproc_dwi.nii.gz	0.0644152595372107	0.07737193	0.040005952	0.0730553	0.08269901	0.074470595	0.03563882	0.07798651	0.0802091881632804	sub-20326	ses-1		dir-AP	acq-multiband	space-ACPC			DSIStudio	autotrackgqi
Cerebellum_CerebellumL	od	NODDI	/scratch/grmpy/SLURM_11194840_83/job-11194840-83-sub-20326/ds/inputs/data/qsiprep/qsiprep/sub-20326/ses-1/dwi/sub-20326_ses-1_acq-multiband_dir-AP_space-ACPC_desc-preproc_dwi.nii.gz	0.0021888680425265	0.48150235	0.18284139	0.44596195	0.4825586	0.44616577	0.18164419	0.43996292	0.4403794407844543	sub-20326	ses-1		dir-AP	acq-multiband	space-ACPC			DSIStudio	autotrackgqi
Cerebellum_CerebellumL	rmse	NODDI	/scratch/grmpy/SLURM_11194840_83/job-11194840-83-sub-20326/ds/inputs/data/qsiprep/qsiprep/sub-20326/ses-1/dwi/sub-20326_ses-1_acq-multiband_dir-AP_space-ACPC_desc-preproc_dwi.nii.gz	0.0644152595372107	0.039388467	0.017025473	0.038716644	0.042100374	0.039358936	0.013987559	0.040468417	0.0416218042373657	sub-20326	ses-1		dir-AP	acq-multiband	space-ACPC			DSIStudio	autotrackgqi
Cerebellum_CerebellumL	tf	NODDI	/scratch/grmpy/SLURM_11194840_83/job-11194840-83-sub-20326/ds/inputs/data/qsiprep/qsiprep/sub-20326/ses-1/dwi/sub-20326_ses-1_acq-multiband_dir-AP_space-ACPC_desc-preproc_dwi.nii.gz	0.008130081300813	0.88703865	0.1957796	0.96548	0.8943094	0.96634287	0.17928044	0.890117	0.8926171064376831	sub-20326	ses-1		dir-AP	acq-multiband	space-ACPC			DSIStudio	autotrackgqi
CranialNerve_CNVR	directions	NODDI	/scratch/grmpy/SLURM_11194840_83/job-11194840-83-sub-20326/ds/inputs/data/qsiprep/qsiprep/sub-20326/ses-1/dwi/sub-20326_ses-1_acq-multiband_dir-AP_space-ACPC_desc-preproc_dwi.nii.gz	5.0	0.0064296033	0.5701595	0.0	0.006591967	-0.012658821	0.57731265	0.04496806		sub-20326	ses-1		dir-AP	acq-multiband	space-ACPC			DSIStudio	autotrackgqi
CranialNerve_CNVR	icvf	NODDI	/scratch/grmpy/SLURM_11194840_83/job-11194840-83-sub-20326/ds/inputs/data/qsiprep/qsiprep/sub-20326/ses-1/dwi/sub-20326_ses-1_acq-multiband_dir-AP_space-ACPC_desc-preproc_dwi.nii.gz	0.2561576354679803	0.6822556	0.4284296	0.99	0.9172046	0.99	0.1768207	0.68049514	0.9309234023094176	sub-20326	ses-1		dir-AP	acq-multiband	space-ACPC			DSIStudio	autotrackgqi
CranialNerve_CNVR	isovf	NODDI	/scratch/grmpy/SLURM_11194840_83/job-11194840-83-sub-20326/ds/inputs/data/qsiprep/qsiprep/sub-20326/ses-1/dwi/sub-20326_ses-1_acq-multiband_dir-AP_space-ACPC_desc-preproc_dwi.nii.gz	0.1379310344827586	0.6459446	0.34005228	0.7809243	0.7492958	0.8180465	0.23811063	0.74929017	0.8041964769363403	sub-20326	ses-1		dir-AP	acq-multiband	space-ACPC			DSIStudio	autotrackgqi
CranialNerve_CNVR	modulated_icvf	NODDI	/scratch/grmpy/SLURM_11194840_83/job-11194840-83-sub-20326/ds/inputs/data/qsiprep/qsiprep/sub-20326/ses-1/dwi/sub-20326_ses-1_acq-multiband_dir-AP_space-ACPC_desc-preproc_dwi.nii.gz	0.2561576354679803	0.21017104	0.19297354	0.16850792	0.28254783	0.24392442	0.17208382	0.16999081	0.2325489223003387	sub-20326	ses-1		dir-AP	acq-multiband	space-ACPC			DSIStudio	autotrackgqi
CranialNerve_CNVR	modulated_od	NODDI	/scratch/grmpy/SLURM_11194840_83/job-11194840-83-sub-20326/ds/inputs/data/qsiprep/qsiprep/sub-20326/ses-1/dwi/sub-20326_ses-1_acq-multiband_dir-AP_space-ACPC_desc-preproc_dwi.nii.gz	0.0246305418719211	0.16542104	0.26309323	0.055229984	0.16959834	0.056701634	0.26506132	0.094555765	0.0951000750064849	sub-20326	ses-1		dir-AP	acq-multiband	space-ACPC			DSIStudio	autotrackgqi
CranialNerve_CNVR	nrmse	NODDI	/scratch/grmpy/SLURM_11194840_83/job-11194840-83-sub-20326/ds/inputs/data/qsiprep/qsiprep/sub-20326/ses-1/dwi/sub-20326_ses-1_acq-multiband_dir-AP_space-ACPC_desc-preproc_dwi.nii.gz	0.0935960591133004	0.2920086	0.14271224	0.33170897	0.32216167	0.3431338	0.11294118	0.32182485	0.3362595438957214	sub-20326	ses-1		dir-AP	acq-multiband	space-ACPC			DSIStudio	autotrackgqi
CranialNerve_CNVR	od	NODDI	/scratch/grmpy/SLURM_11194840_83/job-11194840-83-sub-20326/ds/inputs/data/qsiprep/qsiprep/sub-20326/ses-1/dwi/sub-20326_ses-1_acq-multiband_dir-AP_space-ACPC_desc-preproc_dwi.nii.gz	0.0246305418719211	0.5141916	0.3312205	0.4569808	0.52717626	0.46689412	0.3250111	0.49810618	0.5009735226631165	sub-20326	ses-1		dir-AP	acq-multiband	space-ACPC			DSIStudio	autotrackgqi
CranialNerve_CNVR	rmse	NODDI	/scratch/grmpy/SLURM_11194840_83/job-11194840-83-sub-20326/ds/inputs/data/qsiprep/qsiprep/sub-20326/ses-1/dwi/sub-20326_ses-1_acq-multiband_dir-AP_space-ACPC_desc-preproc_dwi.nii.gz	0.0935960591133004	0.09895763	0.04367684	0.112116754	0.10917608	0.113684855	0.031449057	0.10415412	0.1088257208466529	sub-20326	ses-1		dir-AP	acq-multiband	space-ACPC			DSIStudio	autotrackgqi
CranialNerve_CNVR	tf	NODDI	/scratch/grmpy/SLURM_11194840_83/job-11194840-83-sub-20326/ds/inputs/data/qsiprep/qsiprep/sub-20326/ses-1/dwi/sub-20326_ses-1_acq-multiband_dir-AP_space-ACPC_desc-preproc_dwi.nii.gz	0.1871921182266009	0.32942486	0.32838926	0.21441782	0.4052924	0.27768034	0.31925964	0.2449862	0.3189123570919037	sub-20326	ses-1		dir-AP	acq-multiband	space-ACPC			DSIStudio	autotrackgqi
CranialNerve_CNIIR	directions	NODDI	/scratch/grmpy/SLURM_11194840_83/job-11194840-83-sub-20326/ds/inputs/data/qsiprep/qsiprep/sub-20326/ses-1/dwi/sub-20326_ses-1_acq-multiband_dir-AP_space-ACPC_desc-preproc_dwi.nii.gz	58.0	0.07211959	0.51392066	0.0	0.08926278	0.08535303	0.57040817	0.18028569		sub-20326	ses-1		dir-AP	acq-multiband	space-ACPC			DSIStudio	autotrackgqi
CranialNerve_CNIIR	icvf	NODDI	/scratch/grmpy/SLURM_11194840_83/job-11194840-83-sub-20326/ds/inputs/data/qsiprep/qsiprep/sub-20326/ses-1/dwi/sub-20326_ses-1_acq-multiband_dir-AP_space-ACPC_desc-preproc_dwi.nii.gz	0.1986754966887417	0.5475863	0.36312273	0.48848057	0.6833515	0.6429244	0.26790833	0.5189407	0.6635521650314331	sub-20326	ses-1		dir-AP	acq-multiband	space-ACPC			DSIStudio	autotrackgqi
CranialNerve_CNIIR	isovf	NODDI	/scratch/grmpy/SLURM_11194840_83/job-11194840-83-sub-20326/ds/inputs/data/qsiprep/qsiprep/sub-20326/ses-1/dwi/sub-20326_ses-1_acq-multiband_dir-AP_space-ACPC_desc-preproc_dwi.nii.gz	0.3874172185430463	0.3424659	0.32365197	0.3554623	0.55905247	0.60000086	0.22341669	0.33347747	0.5269854664802551	sub-20326	ses-1		dir-AP	acq-multiband	space-ACPC			DSIStudio	autotrackgqi
CranialNerve_CNIIR	modulated_icvf	NODDI	/scratch/grmpy/SLURM_11194840_83/job-11194840-83-sub-20326/ds/inputs/data/qsiprep/qsiprep/sub-20326/ses-1/dwi/sub-20326_ses-1_acq-multiband_dir-AP_space-ACPC_desc-preproc_dwi.nii.gz	0.1986754966887417	0.27905208	0.20968936	0.27996054	0.34823856	0.3426287	0.17543602	0.27784717	0.3552739024162292	sub-20326	ses-1		dir-AP	acq-multiband	space-ACPC			DSIStudio	autotrackgqi
CranialNerve_CNIIR	modulated_od	NODDI	/scratch/grmpy/SLURM_11194840_83/job-11194840-83-sub-20326/ds/inputs/data/qsiprep/qsiprep/sub-20326/ses-1/dwi/sub-20326_ses-1_acq-multiband_dir-AP_space-ACPC_desc-preproc_dwi.nii.gz	0.1986754966887417	0.22270821	0.2297347	0.14411727	0.27792513	0.21432623	0.2247606	0.1893007	0.2420524954795837	sub-20326	ses-1		dir-AP	acq-multiband	space-ACPC			DSIStudio	autotrackgqi
CranialNerve_CNIIR	nrmse	NODDI	/scratch/grmpy/SLURM_11194840_83/job-11194840-83-sub-20326/ds/inputs/data/qsiprep/qsiprep/sub-20326/ses-1/dwi/sub-20326_ses-1_acq-multiband_dir-AP_space-ACPC_desc-preproc_dwi.nii.gz	0.1920529801324503	0.12808242	0.0872677	0.11420534	0.15852825	0.13619813	0.067818925	0.13071951	0.1657261550426483	sub-20326	ses-1		dir-AP	acq-multiband	space-ACPC			DSIStudio	autotrackgqi
CranialNerve_CNIIR	od	NODDI	/scratch/grmpy/SLURM_11194840_83/job-11194840-83-sub-20326/ds/inputs/data/qsiprep/qsiprep/sub-20326/ses-1/dwi/sub-20326_ses-1_acq-multiband_dir-AP_space-ACPC_desc-preproc_dwi.nii.gz	0.1920529801324503	0.3586916	0.26612377	0.39499825	0.44395435	0.47569245	0.22316767	0.30117062	0.3818240463733673	sub-20326	ses-1		dir-AP	acq-multiband	space-ACPC			DSIStudio	autotrackgqi
CranialNerve_CNIIR	rmse	NODDI	/scratch/grmpy/SLURM_11194840_83/job-11194840-83-sub-20326/ds/inputs/data/qsiprep/qsiprep/sub-20326/ses-1/dwi/sub-20326_ses-1_acq-multiband_dir-AP_space-ACPC_desc-preproc_dwi.nii.gz	0.1920529801324503	0.05746618	0.048572324	0.051045783	0.07112617	0.058130786	0.044141795	0.05931257	0.0751964598894119	sub-20326	ses-1		dir-AP	acq-multiband	space-ACPC			DSIStudio	autotrackgqi
CranialNerve_CNIIR	tf	NODDI	/scratch/grmpy/SLURM_11194840_83/job-11194840-83-sub-20326/ds/inputs/data/qsiprep/qsiprep/sub-20326/ses-1/dwi/sub-20326_ses-1_acq-multiband_dir-AP_space-ACPC_desc-preproc_dwi.nii.gz	0.1986754966887417	0.46548107	0.358296	0.40587285	0.58088964	0.50773203	0.3052297	0.4552906	0.5821648836135864	sub-20326	ses-1		dir-AP	acq-multiband	space-ACPC			DSIStudio	autotrackgqi
CranialNerve_CNVIIL	directions	NODDI	/scratch/grmpy/SLURM_11194840_83/job-11194840-83-sub-20326/ds/inputs/data/qsiprep/qsiprep/sub-20326/ses-1/dwi/sub-20326_ses-1_acq-multiband_dir-AP_space-ACPC_desc-preproc_dwi.nii.gz	0.0	-0.08018944	0.5717543	-0.23407745	-0.08018944	-0.23407745	0.5717543	-0.06096853		sub-20326	ses-1		dir-AP	acq-multiband	space-ACPC			DSIStudio	autotrackgqi
CranialNerve_CNVIIL	icvf	NODDI	/scratch/grmpy/SLURM_11194840_83/job-11194840-83-sub-20326/ds/inputs/data/qsiprep/qsiprep/sub-20326/ses-1/dwi/sub-20326_ses-1_acq-multiband_dir-AP_space-ACPC_desc-preproc_dwi.nii.gz	0.1578947368421052	0.8336842	0.36099586	0.99	0.99	0.99	0.0	0.8058138	0.9899998903274536	sub-20326	ses-1		dir-AP	acq-multiband	space-ACPC			DSIStudio	autotrackgqi
CranialNerve_CNVIIL	isovf	NODDI	/scratch/grmpy/SLURM_11194840_83/job-11194840-83-sub-20326/ds/inputs/data/qsiprep/qsiprep/sub-20326/ses-1/dwi/sub-20326_ses-1_acq-multiband_dir-AP_space-ACPC_desc-preproc_dwi.nii.gz	0.0	0.78702223	0.15786277	0.81505585	0.78702223	0.81505585	0.15786277	0.81023985	0.810239851474762	sub-20326	ses-1		dir-AP	acq-multiband	space-ACPC			DSIStudio	autotrackgqi
CranialNerve_CNVIIL	modulated_icvf	NODDI	/scratch/grmpy/SLURM_11194840_83/job-11194840-83-sub-20326/ds/inputs/data/qsiprep/qsiprep/sub-20326/ses-1/dwi/sub-20326_ses-1_acq-multiband_dir-AP_space-ACPC_desc-preproc_dwi.nii.gz	0.1578947368421052	0.2108479	0.15628414	0.18309474	0.2503819	0.20913891	0.13822365	0.18786263	0.2308026403188705	sub-20326	ses-1		dir-AP	acq-multiband	space-ACPC			DSIStudio	autotrackgqi
CranialNerve_CNVIIL	modulated_od	NODDI	/scratch/grmpy/SLURM_11194840_83/job-11194840-83-sub-20326/ds/inputs/data/qsiprep/qsiprep/sub-20326/ses-1/dwi/sub-20326_ses-1_acq-multiband_dir-AP_space-ACPC_desc-preproc_dwi.nii.gz	0.0	0.11808669	0.11118435	0.080220714	0.11808669	0.080220714	0.11118435	0.105664685	0.1056646853685379	sub-20326	ses-1		dir-AP	acq-multiband	space-ACPC			DSIStudio	autotrackgqi
CranialNerve_CNVIIL	nrmse	NODDI	/scratch/grmpy/SLURM_11194840_83/job-11194840-83-sub-20326/ds/inputs/data/qsiprep/qsiprep/sub-20326/ses-1/dwi/sub-20326_ses-1_acq-multiband_dir-AP_space-ACPC_desc-preproc_dwi.nii.gz	0.0	0.3873873	0.07020655	0.39378762	0.3873873	0.39378762	0.07020655	0.38818154	0.3881815373897552	sub-20326	ses-1		dir-AP	acq-multiband	space-ACPC			DSIStudio	autotrackgqi
CranialNerve_CNVIIL	od	NODDI	/scratch/grmpy/SLURM_11194840_83/job-11194840-83-sub-20326/ds/inputs/data/qsiprep/qsiprep/sub-20326/ses-1/dwi/sub-20326_ses-1_acq-multiband_dir-AP_space-ACPC_desc-preproc_dwi.nii.gz	0.0	0.5833347	0.24115092	0.51947033	0.5833347	0.51947033	0.24115092	0.60333675	0.603336751461029	sub-20326	ses-1		dir-AP	acq-multiband	space-ACPC			DSIStudio	autotrackgqi
CranialNerve_CNVIIL	rmse	NODDI	/scratch/grmpy/SLURM_11194840_83/job-11194840-83-sub-20326/ds/inputs/data/qsiprep/qsiprep/sub-20326/ses-1/dwi/sub-20326_ses-1_acq-multiband_dir-AP_space-ACPC_desc-preproc_dwi.nii.gz	0.0	0.12902611	0.025442395	0.13080859	0.12902611	0.13080859	0.025442395	0.12675238	0.1267523765563964	sub-20326	ses-1		dir-AP	acq-multiband	space-ACPC			DSIStudio	autotrackgqi
CranialNerve_CNVIIL	tf	NODDI	/scratch/grmpy/SLURM_11194840_83/job-11194840-83-sub-20326/ds/inputs/data/qsiprep/qsiprep/sub-20326/ses-1/dwi/sub-20326_ses-1_acq-multiband_dir-AP_space-ACPC_desc-preproc_dwi.nii.gz	0.1578947368421052	0.21297769	0.15786277	0.18494418	0.252911	0.21125141	0.13961984	0.18976021	0.2331339865922927	sub-20326	ses-1		dir-AP	acq-multiband	space-ACPC			DSIStudio	autotrackgqi
CranialNerve_CNVL	directions	NODDI	/scratch/grmpy/SLURM_11194840_83/job-11194840-83-sub-20326/ds/inputs/data/qsiprep/qsiprep/sub-20326/ses-1/dwi/sub-20326_ses-1_acq-multiband_dir-AP_space-ACPC_desc-preproc_dwi.nii.gz	0.0	0.00708304	0.5773068	-0.13406983	0.00708304	-0.13406983	0.5773068	0.030563232		sub-20326	ses-1		dir-AP	acq-multiband	space-ACPC			DSIStudio	autotrackgqi
CranialNerve_CNVL	icvf	NODDI	/scratch/grmpy/SLURM_11194840_83/job-11194840-83-sub-20326/ds/inputs/data/qsiprep/qsiprep/sub-20326/ses-1/dwi/sub-20326_ses-1_acq-multiband_dir-AP_space-ACPC_desc-preproc_dwi.nii.gz	0.3043478260869565	0.68869567	0.4555294	0.99	0.99	0.99	0.0	0.59080637	0.990000069141388	sub-20326	ses-1		dir-AP	acq-multiband	space-ACPC			DSIStudio	autotrackgqi
CranialNerve_CNVL	isovf	NODDI	/scratch/grmpy/SLURM_11194840_83/job-11194840-83-sub-20326/ds/inputs/data/qsiprep/qsiprep/sub-20326/ses-1/dwi/sub-20326_ses-1_acq-multiband_dir-AP_space-ACPC_desc-preproc_dwi.nii.gz	0.0434782608695652	0.75630337	0.24448392	0.7932729	0.7906808	0.793698	0.18790357	0.7955574	0.8360094428062439	sub-20326	ses-1		dir-AP	acq-multiband	space-ACPC			DSIStudio	autotrackgqi
CranialNerve_CNVL	modulated_icvf	NODDI	/scratch/grmpy/SLURM_11194840_83/job-11194840-83-sub-20326/ds/inputs/data/qsiprep/qsiprep/sub-20326/ses-1/dwi/sub-20326_ses-1_acq-multiband_dir-AP_space-ACPC_desc-preproc_dwi.nii.gz	0.3043478260869565	0.19821616	0.18677914	0.20381814	0.2849357	0.25924674	0.15949844	0.15449497	0.2588835060596466	sub-20326	ses-1		dir-AP	acq-multiband	space-ACPC			DSIStudio	autotrackgqi
CranialNerve_CNVL	modulated_od	NODDI	/scratch/grmpy/SLURM_11194840_83/job-11194840-83-sub-20326/ds/inputs/data/qsiprep/qsiprep/sub-20326/ses-1/dwi/sub-20326_ses-1_acq-multiband_dir-AP_space-ACPC_desc-preproc_dwi.nii.gz	0.0	0.15239687	0.21370386	0.10053064	0.15239687	0.10053064	0.21370386	0.1310003	0.1310003101825714	sub-20326	ses-1		dir-AP	acq-multiband	space-ACPC			DSIStudio	autotrackgqi
CranialNerve_CNVL	nrmse	NODDI	/scratch/grmpy/SLURM_11194840_83/job-11194840-83-sub-20326/ds/inputs/data/qsiprep/qsiprep/sub-20326/ses-1/dwi/sub-20326_ses-1_acq-multiband_dir-AP_space-ACPC_desc-preproc_dwi.nii.gz	0.0434782608695652	0.37200525	0.09846872	0.4098615	0.3889146	0.41012675	0.059670217	0.3798402	0.3991541266441345	sub-20326	ses-1		dir-AP	acq-multiband	space-ACPC			DSIStudio	autotrackgqi
CranialNerve_CNVL	od	NODDI	/scratch/grmpy/SLURM_11194840_83/job-11194840-83-sub-20326/ds/inputs/data/qsiprep/qsiprep/sub-20326/ses-1/dwi/sub-20326_ses-1_acq-multiband_dir-AP_space-ACPC_desc-preproc_dwi.nii.gz	0.0	0.6782224	0.25270587	0.6281973	0.6782224	0.6281973	0.25270587	0.70794284	0.7079430222511292	sub-20326	ses-1		dir-AP	acq-multiband	space-ACPC			DSIStudio	autotrackgqi
CranialNerve_CNVL	rmse	NODDI	/scratch/grmpy/SLURM_11194840_83/job-11194840-83-sub-20326/ds/inputs/data/qsiprep/qsiprep/sub-20326/ses-1/dwi/sub-20326_ses-1_acq-multiband_dir-AP_space-ACPC_desc-preproc_dwi.nii.gz	0.0434782608695652	0.12287993	0.030736538	0.13195375	0.12846538	0.13221729	0.016435932	0.12167052	0.1278571933507919	sub-20326	ses-1		dir-AP	acq-multiband	space-ACPC			DSIStudio	autotrackgqi
CranialNerve_CNVL	tf	NODDI	/scratch/grmpy/SLURM_11194840_83/job-11194840-83-sub-20326/ds/inputs/data/qsiprep/qsiprep/sub-20326/ses-1/dwi/sub-20326_ses-1_acq-multiband_dir-AP_space-ACPC_desc-preproc_dwi.nii.gz	0.2608695652173913	0.24369659	0.24448395	0.20672709	0.32970715	0.26971042	0.2291511	0.20444264	0.3168860971927643	sub-20326	ses-1		dir-AP	acq-multiband	space-ACPC			DSIStudio	autotrackgqi
CranialNerve_CNVIIIL	directions	NODDI	/scratch/grmpy/SLURM_11194840_83/job-11194840-83-sub-20326/ds/inputs/data/qsiprep/qsiprep/sub-20326/ses-1/dwi/sub-20326_ses-1_acq-multiband_dir-AP_space-ACPC_desc-preproc_dwi.nii.gz	0.0	-0.048200704	0.57533467	-0.08428238	-0.048200704	-0.08428238	0.57533467	-0.087863475		sub-20326	ses-1		dir-AP	acq-multiband	space-ACPC			DSIStudio	autotrackgqi
CranialNerve_CNVIIIL	icvf	NODDI	/scratch/grmpy/SLURM_11194840_83/job-11194840-83-sub-20326/ds/inputs/data/qsiprep/qsiprep/sub-20326/ses-1/dwi/sub-20326_ses-1_acq-multiband_dir-AP_space-ACPC_desc-preproc_dwi.nii.gz	0.1724137931034483	0.80500335	0.3750933	0.99	0.97271234	0.99	0.08290839	0.7154827	0.9790815114974976	sub-20326	ses-1		dir-AP	acq-multiband	space-ACPC			DSIStudio	autotrackgqi
CranialNerve_CNVIIIL	isovf	NODDI	/scratch/grmpy/SLURM_11194840_83/job-11194840-83-sub-20326/ds/inputs/data/qsiprep/qsiprep/sub-20326/ses-1/dwi/sub-20326_ses-1_acq-multiband_dir-AP_space-ACPC_desc-preproc_dwi.nii.gz	0.0	0.7918861	0.16710548	0.7941231	0.7918861	0.7941231	0.16710548	0.8383582	0.8383580446243286	sub-20326	ses-1		dir-AP	acq-multiband	space-ACPC			DSIStudio	autotrackgqi
CranialNerve_CNVIIIL	modulated_icvf	NODDI	/scratch/grmpy/SLURM_11194840_83/job-11194840-83-sub-20326/ds/inputs/data/qsiprep/qsiprep/sub-20326/ses-1/dwi/sub-20326_ses-1_acq-multiband_dir-AP_space-ACPC_desc-preproc_dwi.nii.gz	0.1724137931034483	0.19710079	0.14913714	0.20381814	0.23816346	0.21578923	0.13075162	0.15504423	0.2121657878160476	sub-20326	ses-1		dir-AP	acq-multiband	space-ACPC			DSIStudio	autotrackgqi
CranialNerve_CNVIIIL	modulated_od	NODDI	/scratch/grmpy/SLURM_11194840_83/job-11194840-83-sub-20326/ds/inputs/data/qsiprep/qsiprep/sub-20326/ses-1/dwi/sub-20326_ses-1_acq-multiband_dir-AP_space-ACPC_desc-preproc_dwi.nii.gz	0.0	0.08612004	0.09733097	0.059384022	0.08612004	0.059384022	0.09733097	0.07158497	0.0715849623084068	sub-20326	ses-1		dir-AP	acq-multiband	space-ACPC			DSIStudio	autotrackgqi
CranialNerve_CNVIIIL	nrmse	NODDI	/scratch/grmpy/SLURM_11194840_83/job-11194840-83-sub-20326/ds/inputs/data/qsiprep/qsiprep/sub-20326/ses-1/dwi/sub-20326_ses-1_acq-multiband_dir-AP_space-ACPC_desc-preproc_dwi.nii.gz	0.0	0.3565056	0.08807212	0.3822976	0.3565056	0.3822976	0.08807212	0.37915713	0.3791570663452148	sub-20326	ses-1		dir-AP	acq-multiband	space-ACPC			DSIStudio	autotrackgqi
CranialNerve_CNVIIIL	od	NODDI	/scratch/grmpy/SLURM_11194840_83/job-11194840-83-sub-20326/ds/inputs/data/qsiprep/qsiprep/sub-20326/ses-1/dwi/sub-20326_ses-1_acq-multiband_dir-AP_space-ACPC_desc-preproc_dwi.nii.gz	0.0	0.5209866	0.31433558	0.45431098	0.5209866	0.45431098	0.31433558	0.59939903	0.5993989706039429	sub-20326	ses-1		dir-AP	acq-multiband	space-ACPC			DSIStudio	autotrackgqi
CranialNerve_CNVIIIL	rmse	NODDI	/scratch/grmpy/SLURM_11194840_83/job-11194840-83-sub-20326/ds/inputs/data/qsiprep/qsiprep/sub-20326/ses-1/dwi/sub-20326_ses-1_acq-multiband_dir-AP_space-ACPC_desc-preproc_dwi.nii.gz	0.0	0.11649714	0.025811348	0.12319144	0.11649714	0.12319144	0.025811348	0.120345145	0.1203451380133628	sub-20326	ses-1		dir-AP	acq-multiband	space-ACPC			DSIStudio	autotrackgqi
CranialNerve_CNVIIIL	tf	NODDI	/scratch/grmpy/SLURM_11194840_83/job-11194840-83-sub-20326/ds/inputs/data/qsiprep/qsiprep/sub-20326/ses-1/dwi/sub-20326_ses-1_acq-multiband_dir-AP_space-ACPC_desc-preproc_dwi.nii.gz	0.1724137931034483	0.20811388	0.16710547	0.20587689	0.25147095	0.21796891	0.15112494	0.16164193	0.2211942076683044	sub-20326	ses-1		dir-AP	acq-multiband	space-ACPC			DSIStudio	autotrackgqi
