bundle	variable_name	qsirecon_suffix	source_file	zero_proportion	mean	stdev	median	masked_mean	masked_median	masked_stdev	weighted_mean	masked_weighted_mean	subject_id	session_id	task_id	dir_id	acq_id	space_id	rec_id	run_id	bundle_source	bundle_params_id
Association_MiddleLongitudinalFasciculusL	ad	TORTOISE_model-MAPMRI	/scratch/grmpy/SLURM_11194840_49/job-11194840-49-sub-127008/ds/inputs/data/qsiprep/qsiprep/sub-127008/ses-1/dwi/sub-127008_ses-1_acq-multiband_dir-AP_space-ACPC_desc-preproc_dwi.nii.gz	0.0039729837107667	1077.1328539643514	259.0656363076688	1023.4559860569144	1081.429355176814	1024.4274178096985	250.4722575581085	1200.2306348631728	1200.4580298058634	sub-127008	ses-1		dir-AP	acq-multiband	space-ACPC			DSIStudio	autotrackgqi
Association_MiddleLongitudinalFasciculusL	am	TORTOISE_model-MAPMRI	/scratch/grmpy/SLURM_11194840_49/job-11194840-49-sub-127008/ds/inputs/data/qsiprep/qsiprep/sub-127008/ses-1/dwi/sub-127008_ses-1_acq-multiband_dir-AP_space-ACPC_desc-preproc_dwi.nii.gz	0.0039729837107667	5751.13134765625	1036.580810546875	5597.05078125	5774.07177734375	5599.578125	972.7933959960938	5419.1171875	5420.1435546875	sub-127008	ses-1		dir-AP	acq-multiband	space-ACPC			DSIStudio	autotrackgqi
Association_MiddleLongitudinalFasciculusL	fa	TORTOISE_model-MAPMRI	/scratch/grmpy/SLURM_11194840_49/job-11194840-49-sub-127008/ds/inputs/data/qsiprep/qsiprep/sub-127008/ses-1/dwi/sub-127008_ses-1_acq-multiband_dir-AP_space-ACPC_desc-preproc_dwi.nii.gz	0.0039729837107667	0.3484652725142147	0.2035597910792286	0.331955067574982	0.3498552416905778	0.3330291398461769	0.2027697810382222	0.4687599292190755	0.4688487402167579	sub-127008	ses-1		dir-AP	acq-multiband	space-ACPC			DSIStudio	autotrackgqi
Association_MiddleLongitudinalFasciculusL	li	TORTOISE_model-MAPMRI	/scratch/grmpy/SLURM_11194840_49/job-11194840-49-sub-127008/ds/inputs/data/qsiprep/qsiprep/sub-127008/ses-1/dwi/sub-127008_ses-1_acq-multiband_dir-AP_space-ACPC_desc-preproc_dwi.nii.gz	0.0039729837107667	0.1969788372516632	0.1523001044988632	0.1640396565198898	0.1977645456790924	0.1659614443778991	0.1520935744047165	0.2917295694351196	0.2917848229408264	sub-127008	ses-1		dir-AP	acq-multiband	space-ACPC			DSIStudio	autotrackgqi
Association_MiddleLongitudinalFasciculusL	ng	TORTOISE_model-MAPMRI	/scratch/grmpy/SLURM_11194840_49/job-11194840-49-sub-127008/ds/inputs/data/qsiprep/qsiprep/sub-127008/ses-1/dwi/sub-127008_ses-1_acq-multiband_dir-AP_space-ACPC_desc-preproc_dwi.nii.gz	0.0039729837107667	0.2627106308937073	0.0876739025115966	0.2770945727825165	0.2637585401535034	0.2776286005973816	0.0862611159682273	0.3105652630329132	0.3106241226196289	sub-127008	ses-1		dir-AP	acq-multiband	space-ACPC			DSIStudio	autotrackgqi
Association_MiddleLongitudinalFasciculusL	ngpar	TORTOISE_model-MAPMRI	/scratch/grmpy/SLURM_11194840_49/job-11194840-49-sub-127008/ds/inputs/data/qsiprep/qsiprep/sub-127008/ses-1/dwi/sub-127008_ses-1_acq-multiband_dir-AP_space-ACPC_desc-preproc_dwi.nii.gz	0.0039729837107667	0.1210118979215622	0.0366159901022911	0.1202460080385208	0.1214945912361145	0.1203996762633323	0.0358808264136314	0.1274122297763824	0.1274363696575164	sub-127008	ses-1		dir-AP	acq-multiband	space-ACPC			DSIStudio	autotrackgqi
Association_MiddleLongitudinalFasciculusL	ngperp	TORTOISE_model-MAPMRI	/scratch/grmpy/SLURM_11194840_49/job-11194840-49-sub-127008/ds/inputs/data/qsiprep/qsiprep/sub-127008/ses-1/dwi/sub-127008_ses-1_acq-multiband_dir-AP_space-ACPC_desc-preproc_dwi.nii.gz	0.0039729837107667	0.227091833949089	0.0805989652872085	0.2347134053707122	0.2279976606369018	0.2352883219718933	0.0794706121087074	0.2713637948036194	0.2714152038097381	sub-127008	ses-1		dir-AP	acq-multiband	space-ACPC			DSIStudio	autotrackgqi
Association_MiddleLongitudinalFasciculusL	pa	TORTOISE_model-MAPMRI	/scratch/grmpy/SLURM_11194840_49/job-11194840-49-sub-127008/ds/inputs/data/qsiprep/qsiprep/sub-127008/ses-1/dwi/sub-127008_ses-1_acq-multiband_dir-AP_space-ACPC_desc-preproc_dwi.nii.gz	0.0039729837107667	0.6322746276855469	0.2806462347507477	0.7202485799789429	0.634796679019928	0.7235885262489319	0.2783442139625549	0.7875982522964478	0.7877475023269653	sub-127008	ses-1		dir-AP	acq-multiband	space-ACPC			DSIStudio	autotrackgqi
Association_MiddleLongitudinalFasciculusL	path	TORTOISE_model-MAPMRI	/scratch/grmpy/SLURM_11194840_49/job-11194840-49-sub-127008/ds/inputs/data/qsiprep/qsiprep/sub-127008/ses-1/dwi/sub-127008_ses-1_acq-multiband_dir-AP_space-ACPC_desc-preproc_dwi.nii.gz	0.0039729837107667	0.2587502300739288	0.1279007494449615	0.2541694641113281	0.2597823143005371	0.2556579411029815	0.1271051913499832	0.3355768322944641	0.3356404602527618	sub-127008	ses-1		dir-AP	acq-multiband	space-ACPC			DSIStudio	autotrackgqi
Association_MiddleLongitudinalFasciculusL	rd	TORTOISE_model-MAPMRI	/scratch/grmpy/SLURM_11194840_49/job-11194840-49-sub-127008/ds/inputs/data/qsiprep/qsiprep/sub-127008/ses-1/dwi/sub-127008_ses-1_acq-multiband_dir-AP_space-ACPC_desc-preproc_dwi.nii.gz	0.0039729837107667	621.6015912603765	212.9927663662997	606.3654864249834	624.0810551265926	606.8857890991235	209.76055180396895	540.3460252388371	540.4483987258405	sub-127008	ses-1		dir-AP	acq-multiband	space-ACPC			DSIStudio	autotrackgqi
Association_MiddleLongitudinalFasciculusL	rtap	TORTOISE_model-MAPMRI	/scratch/grmpy/SLURM_11194840_49/job-11194840-49-sub-127008/ds/inputs/data/qsiprep/qsiprep/sub-127008/ses-1/dwi/sub-127008_ses-1_acq-multiband_dir-AP_space-ACPC_desc-preproc_dwi.nii.gz	0.0039729837107667	0.0143154840916395	0.0055031669326126	0.0133662316948175	0.0143725862726569	0.0134032201021909	0.0054392041638493	0.0176462698727846	0.0176496133208274	sub-127008	ses-1		dir-AP	acq-multiband	space-ACPC			DSIStudio	autotrackgqi
Association_MiddleLongitudinalFasciculusL	rtop	TORTOISE_model-MAPMRI	/scratch/grmpy/SLURM_11194840_49/job-11194840-49-sub-127008/ds/inputs/data/qsiprep/qsiprep/sub-127008/ses-1/dwi/sub-127008_ses-1_acq-multiband_dir-AP_space-ACPC_desc-preproc_dwi.nii.gz	0.0039729837107667	0.0003066313802264	9.56583462539129e-05	0.0003031539381481	0.0003078544978052	0.0003039845905732	9.38641678658314e-05	0.0003585803206078	0.0003586482489481	sub-127008	ses-1		dir-AP	acq-multiband	space-ACPC			DSIStudio	autotrackgqi
Association_MiddleLongitudinalFasciculusL	rtpp	TORTOISE_model-MAPMRI	/scratch/grmpy/SLURM_11194840_49/job-11194840-49-sub-127008/ds/inputs/data/qsiprep/qsiprep/sub-127008/ses-1/dwi/sub-127008_ses-1_acq-multiband_dir-AP_space-ACPC_desc-preproc_dwi.nii.gz	0.0039729837107667	0.0497682578861713	0.0060143773443996	0.0507911033928394	0.049966774880886	0.0508252531290054	0.0051378752104938	0.0475014150142669	0.047510415315628	sub-127008	ses-1		dir-AP	acq-multiband	space-ACPC			DSIStudio	autotrackgqi
Association_ParietalAslantTractL	ad	TORTOISE_model-MAPMRI	/scratch/grmpy/SLURM_11194840_49/job-11194840-49-sub-127008/ds/inputs/data/qsiprep/qsiprep/sub-127008/ses-1/dwi/sub-127008_ses-1_acq-multiband_dir-AP_space-ACPC_desc-preproc_dwi.nii.gz	0.006525037936267	1047.5525121792964	244.1373978521198	992.6378270026916	1054.4327257158338	994.5391395873172	229.65150410623997	1134.105967503496	1134.6168328816452	sub-127008	ses-1		dir-AP	acq-multiband	space-ACPC			DSIStudio	autotrackgqi
Association_ParietalAslantTractL	am	TORTOISE_model-MAPMRI	/scratch/grmpy/SLURM_11194840_49/job-11194840-49-sub-127008/ds/inputs/data/qsiprep/qsiprep/sub-127008/ses-1/dwi/sub-127008_ses-1_acq-multiband_dir-AP_space-ACPC_desc-preproc_dwi.nii.gz	0.006525037936267	5609.97509765625	1239.84130859375	5591.8271484375	5646.82080078125	5598.91796875	1157.2559814453125	5305.5029296875	5307.8935546875	sub-127008	ses-1		dir-AP	acq-multiband	space-ACPC			DSIStudio	autotrackgqi
Association_ParietalAslantTractL	fa	TORTOISE_model-MAPMRI	/scratch/grmpy/SLURM_11194840_49/job-11194840-49-sub-127008/ds/inputs/data/qsiprep/qsiprep/sub-127008/ses-1/dwi/sub-127008_ses-1_acq-multiband_dir-AP_space-ACPC_desc-preproc_dwi.nii.gz	0.006525037936267	0.2989834395864587	0.1891620140141751	0.2510217135915382	0.3009471310332615	0.253563680346378	0.1882187938757471	0.4262073314931388	0.4263993193054554	sub-127008	ses-1		dir-AP	acq-multiband	space-ACPC			DSIStudio	autotrackgqi
Association_ParietalAslantTractL	li	TORTOISE_model-MAPMRI	/scratch/grmpy/SLURM_11194840_49/job-11194840-49-sub-127008/ds/inputs/data/qsiprep/qsiprep/sub-127008/ses-1/dwi/sub-127008_ses-1_acq-multiband_dir-AP_space-ACPC_desc-preproc_dwi.nii.gz	0.007587253414264	0.1673644781112671	0.1399062573909759	0.1158643215894699	0.1686440259218216	0.1176559776067733	0.1396696865558624	0.2619112133979797	0.2620512843132019	sub-127008	ses-1		dir-AP	acq-multiband	space-ACPC			DSIStudio	autotrackgqi
Association_ParietalAslantTractL	ng	TORTOISE_model-MAPMRI	/scratch/grmpy/SLURM_11194840_49/job-11194840-49-sub-127008/ds/inputs/data/qsiprep/qsiprep/sub-127008/ses-1/dwi/sub-127008_ses-1_acq-multiband_dir-AP_space-ACPC_desc-preproc_dwi.nii.gz	0.006525037936267	0.2488233298063278	0.0922142639756202	0.2408934980630874	0.2504575848579407	0.2419914156198501	0.0902774184942245	0.3001255095005035	0.3002607226371765	sub-127008	ses-1		dir-AP	acq-multiband	space-ACPC			DSIStudio	autotrackgqi
Association_ParietalAslantTractL	ngpar	TORTOISE_model-MAPMRI	/scratch/grmpy/SLURM_11194840_49/job-11194840-49-sub-127008/ds/inputs/data/qsiprep/qsiprep/sub-127008/ses-1/dwi/sub-127008_ses-1_acq-multiband_dir-AP_space-ACPC_desc-preproc_dwi.nii.gz	0.006525037936267	0.115651749074459	0.0393913201987743	0.1124838814139366	0.1164113357663154	0.1127735823392868	0.0383854508399963	0.1161454692482948	0.116197794675827	sub-127008	ses-1		dir-AP	acq-multiband	space-ACPC			DSIStudio	autotrackgqi
Association_ParietalAslantTractL	ngperp	TORTOISE_model-MAPMRI	/scratch/grmpy/SLURM_11194840_49/job-11194840-49-sub-127008/ds/inputs/data/qsiprep/qsiprep/sub-127008/ses-1/dwi/sub-127008_ses-1_acq-multiband_dir-AP_space-ACPC_desc-preproc_dwi.nii.gz	0.006525037936267	0.2174243479967117	0.0830243751406669	0.2084979861974716	0.2188523560762405	0.20933897793293	0.0813989788293838	0.266347736120224	0.2664677202701568	sub-127008	ses-1		dir-AP	acq-multiband	space-ACPC			DSIStudio	autotrackgqi
Association_ParietalAslantTractL	pa	TORTOISE_model-MAPMRI	/scratch/grmpy/SLURM_11194840_49/job-11194840-49-sub-127008/ds/inputs/data/qsiprep/qsiprep/sub-127008/ses-1/dwi/sub-127008_ses-1_acq-multiband_dir-AP_space-ACPC_desc-preproc_dwi.nii.gz	0.006525037936267	0.5642263293266296	0.2801569402217865	0.5429507493972778	0.56793212890625	0.5473411679267883	0.2773062586784363	0.7422047257423401	0.7425390481948853	sub-127008	ses-1		dir-AP	acq-multiband	space-ACPC			DSIStudio	autotrackgqi
Association_ParietalAslantTractL	path	TORTOISE_model-MAPMRI	/scratch/grmpy/SLURM_11194840_49/job-11194840-49-sub-127008/ds/inputs/data/qsiprep/qsiprep/sub-127008/ses-1/dwi/sub-127008_ses-1_acq-multiband_dir-AP_space-ACPC_desc-preproc_dwi.nii.gz	0.006525037936267	0.2276123762130737	0.1229379624128341	0.1897332221269607	0.2291073054075241	0.191095620393753	0.1219446882605552	0.310057520866394	0.3101972043514251	sub-127008	ses-1		dir-AP	acq-multiband	space-ACPC			DSIStudio	autotrackgqi
Association_ParietalAslantTractL	rd	TORTOISE_model-MAPMRI	/scratch/grmpy/SLURM_11194840_49/job-11194840-49-sub-127008/ds/inputs/data/qsiprep/qsiprep/sub-127008/ses-1/dwi/sub-127008_ses-1_acq-multiband_dir-AP_space-ACPC_desc-preproc_dwi.nii.gz	0.006525037936267	655.8956381971342	214.3268070596091	645.7071359141091	660.2034910217068	646.6693818076569	208.3113616332943	555.3038334426425	555.5539737816702	sub-127008	ses-1		dir-AP	acq-multiband	space-ACPC			DSIStudio	autotrackgqi
Association_ParietalAslantTractL	rtap	TORTOISE_model-MAPMRI	/scratch/grmpy/SLURM_11194840_49/job-11194840-49-sub-127008/ds/inputs/data/qsiprep/qsiprep/sub-127008/ses-1/dwi/sub-127008_ses-1_acq-multiband_dir-AP_space-ACPC_desc-preproc_dwi.nii.gz	0.0068285280728376	0.0131141301244497	0.0052662654779851	0.011334640905261	0.0132042961195111	0.0113890636712312	0.0051704598590731	0.0168848261237144	0.0168928429484367	sub-127008	ses-1		dir-AP	acq-multiband	space-ACPC			DSIStudio	autotrackgqi
Association_ParietalAslantTractL	rtop	TORTOISE_model-MAPMRI	/scratch/grmpy/SLURM_11194840_49/job-11194840-49-sub-127008/ds/inputs/data/qsiprep/qsiprep/sub-127008/ses-1/dwi/sub-127008_ses-1_acq-multiband_dir-AP_space-ACPC_desc-preproc_dwi.nii.gz	0.0068285280728376	0.0002828607684932	9.58931923378259e-05	0.0002559369895607	0.0002848055737558	0.0002569154312368	9.32997209019959e-05	0.0003490437229629	0.0003492094692774	sub-127008	ses-1		dir-AP	acq-multiband	space-ACPC			DSIStudio	autotrackgqi
Association_ParietalAslantTractL	rtpp	TORTOISE_model-MAPMRI	/scratch/grmpy/SLURM_11194840_49/job-11194840-49-sub-127008/ds/inputs/data/qsiprep/qsiprep/sub-127008/ses-1/dwi/sub-127008_ses-1_acq-multiband_dir-AP_space-ACPC_desc-preproc_dwi.nii.gz	0.006525037936267	0.0500049628317356	0.0064827851019799	0.0512583628296852	0.0503333918750286	0.05128750577569	0.0050765806809067	0.0486030504107475	0.0486249402165412	sub-127008	ses-1		dir-AP	acq-multiband	space-ACPC			DSIStudio	autotrackgqi
Association_SuperiorLongitudinalFasciculusL	ad	TORTOISE_model-MAPMRI	/scratch/grmpy/SLURM_11194840_49/job-11194840-49-sub-127008/ds/inputs/data/qsiprep/qsiprep/sub-127008/ses-1/dwi/sub-127008_ses-1_acq-multiband_dir-AP_space-ACPC_desc-preproc_dwi.nii.gz	0.0	1062.8468667224404	235.3226424617905	1013.8690295728225	1062.8468667224404	1013.8690295728225	235.3226424617905	1101.6831078516163	1101.683201577279	sub-127008	ses-1		dir-AP	acq-multiband	space-ACPC			DSIStudio	autotrackgqi
Association_SuperiorLongitudinalFasciculusL	am	TORTOISE_model-MAPMRI	/scratch/grmpy/SLURM_11194840_49/job-11194840-49-sub-127008/ds/inputs/data/qsiprep/qsiprep/sub-127008/ses-1/dwi/sub-127008_ses-1_acq-multiband_dir-AP_space-ACPC_desc-preproc_dwi.nii.gz	0.0	5754.91357421875	932.7339477539062	5664.81689453125	5754.91357421875	5664.81689453125	932.7339477539062	5338.765625	5338.765625	sub-127008	ses-1		dir-AP	acq-multiband	space-ACPC			DSIStudio	autotrackgqi
Association_SuperiorLongitudinalFasciculusL	fa	TORTOISE_model-MAPMRI	/scratch/grmpy/SLURM_11194840_49/job-11194840-49-sub-127008/ds/inputs/data/qsiprep/qsiprep/sub-127008/ses-1/dwi/sub-127008_ses-1_acq-multiband_dir-AP_space-ACPC_desc-preproc_dwi.nii.gz	0.0	0.3099871761744913	0.179209858752158	0.2943870617361376	0.3099871761744913	0.2943870617361376	0.179209858752158	0.4039883718365238	0.4039884061930821	sub-127008	ses-1		dir-AP	acq-multiband	space-ACPC			DSIStudio	autotrackgqi
Association_SuperiorLongitudinalFasciculusL	li	TORTOISE_model-MAPMRI	/scratch/grmpy/SLURM_11194840_49/job-11194840-49-sub-127008/ds/inputs/data/qsiprep/qsiprep/sub-127008/ses-1/dwi/sub-127008_ses-1_acq-multiband_dir-AP_space-ACPC_desc-preproc_dwi.nii.gz	0.0002394349335568	0.1739563047885894	0.1321222633123397	0.1429060399532318	0.1739979684352874	0.1429926007986068	0.1321106553077697	0.2490047365427017	0.2490060627460479	sub-127008	ses-1		dir-AP	acq-multiband	space-ACPC			DSIStudio	autotrackgqi
Association_SuperiorLongitudinalFasciculusL	ng	TORTOISE_model-MAPMRI	/scratch/grmpy/SLURM_11194840_49/job-11194840-49-sub-127008/ds/inputs/data/qsiprep/qsiprep/sub-127008/ses-1/dwi/sub-127008_ses-1_acq-multiband_dir-AP_space-ACPC_desc-preproc_dwi.nii.gz	0.0	0.2692293226718902	0.0820963457226753	0.2739011347293854	0.2692293226718902	0.2739011347293854	0.0820963457226753	0.31297168135643	0.3129717409610748	sub-127008	ses-1		dir-AP	acq-multiband	space-ACPC			DSIStudio	autotrackgqi
Association_SuperiorLongitudinalFasciculusL	ngpar	TORTOISE_model-MAPMRI	/scratch/grmpy/SLURM_11194840_49/job-11194840-49-sub-127008/ds/inputs/data/qsiprep/qsiprep/sub-127008/ses-1/dwi/sub-127008_ses-1_acq-multiband_dir-AP_space-ACPC_desc-preproc_dwi.nii.gz	0.0	0.1264034658670425	0.0369927361607551	0.1247352808713913	0.1264034658670425	0.1247352808713913	0.0369927361607551	0.1337693482637405	0.1337693631649017	sub-127008	ses-1		dir-AP	acq-multiband	space-ACPC			DSIStudio	autotrackgqi
Association_SuperiorLongitudinalFasciculusL	ngperp	TORTOISE_model-MAPMRI	/scratch/grmpy/SLURM_11194840_49/job-11194840-49-sub-127008/ds/inputs/data/qsiprep/qsiprep/sub-127008/ses-1/dwi/sub-127008_ses-1_acq-multiband_dir-AP_space-ACPC_desc-preproc_dwi.nii.gz	0.0	0.2314438223838806	0.0738888308405876	0.2328816056251526	0.2314438223838806	0.2328816056251526	0.0738888308405876	0.2699188590049743	0.2699188888072967	sub-127008	ses-1		dir-AP	acq-multiband	space-ACPC			DSIStudio	autotrackgqi
Association_SuperiorLongitudinalFasciculusL	pa	TORTOISE_model-MAPMRI	/scratch/grmpy/SLURM_11194840_49/job-11194840-49-sub-127008/ds/inputs/data/qsiprep/qsiprep/sub-127008/ses-1/dwi/sub-127008_ses-1_acq-multiband_dir-AP_space-ACPC_desc-preproc_dwi.nii.gz	0.0	0.6056711077690125	0.2648451030254364	0.6583424806594849	0.6056711077690125	0.6583424806594849	0.2648451030254364	0.7533965110778809	0.7533966302871704	sub-127008	ses-1		dir-AP	acq-multiband	space-ACPC			DSIStudio	autotrackgqi
Association_SuperiorLongitudinalFasciculusL	path	TORTOISE_model-MAPMRI	/scratch/grmpy/SLURM_11194840_49/job-11194840-49-sub-127008/ds/inputs/data/qsiprep/qsiprep/sub-127008/ses-1/dwi/sub-127008_ses-1_acq-multiband_dir-AP_space-ACPC_desc-preproc_dwi.nii.gz	0.0	0.2401259392499923	0.1137534230947494	0.228898137807846	0.2401259392499923	0.228898137807846	0.1137534230947494	0.303132027387619	0.303132027387619	sub-127008	ses-1		dir-AP	acq-multiband	space-ACPC			DSIStudio	autotrackgqi
Association_SuperiorLongitudinalFasciculusL	rd	TORTOISE_model-MAPMRI	/scratch/grmpy/SLURM_11194840_49/job-11194840-49-sub-127008/ds/inputs/data/qsiprep/qsiprep/sub-127008/ses-1/dwi/sub-127008_ses-1_acq-multiband_dir-AP_space-ACPC_desc-preproc_dwi.nii.gz	0.0	665.0443224071025	230.01015085872805	629.3512639269027	665.0443224071025	629.3512639269027	230.01015085872805	580.4409605179217	580.4410099548155	sub-127008	ses-1		dir-AP	acq-multiband	space-ACPC			DSIStudio	autotrackgqi
Association_SuperiorLongitudinalFasciculusL	rtap	TORTOISE_model-MAPMRI	/scratch/grmpy/SLURM_11194840_49/job-11194840-49-sub-127008/ds/inputs/data/qsiprep/qsiprep/sub-127008/ses-1/dwi/sub-127008_ses-1_acq-multiband_dir-AP_space-ACPC_desc-preproc_dwi.nii.gz	0.0	0.0133891506120562	0.0047868895344436	0.0126140313223004	0.0133891506120562	0.0126140313223004	0.0047868895344436	0.0159388072788715	0.0159388091415166	sub-127008	ses-1		dir-AP	acq-multiband	space-ACPC			DSIStudio	autotrackgqi
Association_SuperiorLongitudinalFasciculusL	rtop	TORTOISE_model-MAPMRI	/scratch/grmpy/SLURM_11194840_49/job-11194840-49-sub-127008/ds/inputs/data/qsiprep/qsiprep/sub-127008/ses-1/dwi/sub-127008_ses-1_acq-multiband_dir-AP_space-ACPC_desc-preproc_dwi.nii.gz	0.0	0.0002931971393991	8.868240547599271e-05	0.0002885067369788	0.0002931971393991	0.0002885067369788	8.868240547599271e-05	0.0003435949329286	0.0003435949620325	sub-127008	ses-1		dir-AP	acq-multiband	space-ACPC			DSIStudio	autotrackgqi
Association_SuperiorLongitudinalFasciculusL	rtpp	TORTOISE_model-MAPMRI	/scratch/grmpy/SLURM_11194840_49/job-11194840-49-sub-127008/ds/inputs/data/qsiprep/qsiprep/sub-127008/ses-1/dwi/sub-127008_ses-1_acq-multiband_dir-AP_space-ACPC_desc-preproc_dwi.nii.gz	0.0	0.0505107045173645	0.0048303683288395	0.0512327626347541	0.0505107045173645	0.0512327626347541	0.0048303683288395	0.0497923120856285	0.0497923158109188	sub-127008	ses-1		dir-AP	acq-multiband	space-ACPC			DSIStudio	autotrackgqi
Association_VerticalOccipitalFasciculusR	ad	TORTOISE_model-MAPMRI	/scratch/grmpy/SLURM_11194840_49/job-11194840-49-sub-127008/ds/inputs/data/qsiprep/qsiprep/sub-127008/ses-1/dwi/sub-127008_ses-1_acq-multiband_dir-AP_space-ACPC_desc-preproc_dwi.nii.gz	0.0048192771084337	1033.7196151017806	195.53847498656103	1008.2318122913766	1038.7255212281814	1009.3930469890948	182.26544259467576	1079.1494537241508	1079.88909704381	sub-127008	ses-1		dir-AP	acq-multiband	space-ACPC			DSIStudio	autotrackgqi
Association_VerticalOccipitalFasciculusR	am	TORTOISE_model-MAPMRI	/scratch/grmpy/SLURM_11194840_49/job-11194840-49-sub-127008/ds/inputs/data/qsiprep/qsiprep/sub-127008/ses-1/dwi/sub-127008_ses-1_acq-multiband_dir-AP_space-ACPC_desc-preproc_dwi.nii.gz	0.0048192771084337	5879.94677734375	1031.261962890625	5804.91943359375	5908.42138671875	5806.4638671875	948.90087890625	5785.630859375	5789.59619140625	sub-127008	ses-1		dir-AP	acq-multiband	space-ACPC			DSIStudio	autotrackgqi
Association_VerticalOccipitalFasciculusR	fa	TORTOISE_model-MAPMRI	/scratch/grmpy/SLURM_11194840_49/job-11194840-49-sub-127008/ds/inputs/data/qsiprep/qsiprep/sub-127008/ses-1/dwi/sub-127008_ses-1_acq-multiband_dir-AP_space-ACPC_desc-preproc_dwi.nii.gz	0.0048192771084337	0.2945191716616057	0.1715206917019467	0.271705679345975	0.2959454146236473	0.2728148230788166	0.1707036150521997	0.3661639982137638	0.3664149649671925	sub-127008	ses-1		dir-AP	acq-multiband	space-ACPC			DSIStudio	autotrackgqi
Association_VerticalOccipitalFasciculusR	li	TORTOISE_model-MAPMRI	/scratch/grmpy/SLURM_11194840_49/job-11194840-49-sub-127008/ds/inputs/data/qsiprep/qsiprep/sub-127008/ses-1/dwi/sub-127008_ses-1_acq-multiband_dir-AP_space-ACPC_desc-preproc_dwi.nii.gz	0.0048192771084337	0.147921472787857	0.1114320009946823	0.1150963902473449	0.1486378014087677	0.116056889295578	0.1112238690257072	0.1944732069969177	0.1946065127849578	sub-127008	ses-1		dir-AP	acq-multiband	space-ACPC			DSIStudio	autotrackgqi
Association_VerticalOccipitalFasciculusR	ng	TORTOISE_model-MAPMRI	/scratch/grmpy/SLURM_11194840_49/job-11194840-49-sub-127008/ds/inputs/data/qsiprep/qsiprep/sub-127008/ses-1/dwi/sub-127008_ses-1_acq-multiband_dir-AP_space-ACPC_desc-preproc_dwi.nii.gz	0.0048192771084337	0.2873849868774414	0.0716857835650444	0.2933746576309204	0.288776695728302	0.2939197719097137	0.0690061450004577	0.3194764852523803	0.3196954727172851	sub-127008	ses-1		dir-AP	acq-multiband	space-ACPC			DSIStudio	autotrackgqi
Association_VerticalOccipitalFasciculusR	ngpar	TORTOISE_model-MAPMRI	/scratch/grmpy/SLURM_11194840_49/job-11194840-49-sub-127008/ds/inputs/data/qsiprep/qsiprep/sub-127008/ses-1/dwi/sub-127008_ses-1_acq-multiband_dir-AP_space-ACPC_desc-preproc_dwi.nii.gz	0.0048192771084337	0.1356300413608551	0.0323184318840503	0.1359929144382476	0.1362868547439575	0.1361031383275985	0.0309842750430107	0.1397227048873901	0.139818474650383	sub-127008	ses-1		dir-AP	acq-multiband	space-ACPC			DSIStudio	autotrackgqi
Association_VerticalOccipitalFasciculusR	ngperp	TORTOISE_model-MAPMRI	/scratch/grmpy/SLURM_11194840_49/job-11194840-49-sub-127008/ds/inputs/data/qsiprep/qsiprep/sub-127008/ses-1/dwi/sub-127008_ses-1_acq-multiband_dir-AP_space-ACPC_desc-preproc_dwi.nii.gz	0.0048192771084337	0.2495570629835128	0.0670507252216339	0.2523699998855591	0.2507655620574951	0.2527314722537994	0.0649193301796913	0.2803247272968292	0.2805168628692627	sub-127008	ses-1		dir-AP	acq-multiband	space-ACPC			DSIStudio	autotrackgqi
Association_VerticalOccipitalFasciculusR	pa	TORTOISE_model-MAPMRI	/scratch/grmpy/SLURM_11194840_49/job-11194840-49-sub-127008/ds/inputs/data/qsiprep/qsiprep/sub-127008/ses-1/dwi/sub-127008_ses-1_acq-multiband_dir-AP_space-ACPC_desc-preproc_dwi.nii.gz	0.0048192771084337	0.6155949234962463	0.2465893924236297	0.6369674205780029	0.6185760498046875	0.6390457153320312	0.243427112698555	0.7302785515785217	0.7307791113853455	sub-127008	ses-1		dir-AP	acq-multiband	space-ACPC			DSIStudio	autotrackgqi
Association_VerticalOccipitalFasciculusR	path	TORTOISE_model-MAPMRI	/scratch/grmpy/SLURM_11194840_49/job-11194840-49-sub-127008/ds/inputs/data/qsiprep/qsiprep/sub-127008/ses-1/dwi/sub-127008_ses-1_acq-multiband_dir-AP_space-ACPC_desc-preproc_dwi.nii.gz	0.0048192771084337	0.2410204857587814	0.1075173541903495	0.2210057079792022	0.2421876490116119	0.221757635474205	0.10645791888237	0.2884784042835235	0.2886761426925659	sub-127008	ses-1		dir-AP	acq-multiband	space-ACPC			DSIStudio	autotrackgqi
Association_VerticalOccipitalFasciculusR	rd	TORTOISE_model-MAPMRI	/scratch/grmpy/SLURM_11194840_49/job-11194840-49-sub-127008/ds/inputs/data/qsiprep/qsiprep/sub-127008/ses-1/dwi/sub-127008_ses-1_acq-multiband_dir-AP_space-ACPC_desc-preproc_dwi.nii.gz	0.0048192771084337	660.4217006535583	178.6336045345796	635.9073853092259	663.6198686954642	636.8514779758558	173.03792788554466	609.9614488096986	610.3795132771611	sub-127008	ses-1		dir-AP	acq-multiband	space-ACPC			DSIStudio	autotrackgqi
Association_VerticalOccipitalFasciculusR	rtap	TORTOISE_model-MAPMRI	/scratch/grmpy/SLURM_11194840_49/job-11194840-49-sub-127008/ds/inputs/data/qsiprep/qsiprep/sub-127008/ses-1/dwi/sub-127008_ses-1_acq-multiband_dir-AP_space-ACPC_desc-preproc_dwi.nii.gz	0.0048192771084337	0.0133445402607321	0.0044810357503592	0.0125854704529047	0.0134091628715395	0.0126011352986097	0.0043943584896624	0.0150711983442306	0.0150815285742282	sub-127008	ses-1		dir-AP	acq-multiband	space-ACPC			DSIStudio	autotrackgqi
Association_VerticalOccipitalFasciculusR	rtop	TORTOISE_model-MAPMRI	/scratch/grmpy/SLURM_11194840_49/job-11194840-49-sub-127008/ds/inputs/data/qsiprep/qsiprep/sub-127008/ses-1/dwi/sub-127008_ses-1_acq-multiband_dir-AP_space-ACPC_desc-preproc_dwi.nii.gz	0.0048192771084337	0.0002985858300235	8.500797412125394e-05	0.0002957541146315	0.0003000317665282	0.0002968736225739	8.262882329290733e-05	0.0003320010437164	0.0003322286065667	sub-127008	ses-1		dir-AP	acq-multiband	space-ACPC			DSIStudio	autotrackgqi
Association_VerticalOccipitalFasciculusR	rtpp	TORTOISE_model-MAPMRI	/scratch/grmpy/SLURM_11194840_49/job-11194840-49-sub-127008/ds/inputs/data/qsiprep/qsiprep/sub-127008/ses-1/dwi/sub-127008_ses-1_acq-multiband_dir-AP_space-ACPC_desc-preproc_dwi.nii.gz	0.0048192771084337	0.0508466102182865	0.00556017505005	0.0515689253807067	0.0510928407311439	0.0515786260366439	0.0042993766255676	0.050110425800085	0.0501447729766368	sub-127008	ses-1		dir-AP	acq-multiband	space-ACPC			DSIStudio	autotrackgqi
Association_VerticalOccipitalFasciculusL	ad	TORTOISE_model-MAPMRI	/scratch/grmpy/SLURM_11194840_49/job-11194840-49-sub-127008/ds/inputs/data/qsiprep/qsiprep/sub-127008/ses-1/dwi/sub-127008_ses-1_acq-multiband_dir-AP_space-ACPC_desc-preproc_dwi.nii.gz	0.0086563793752352	1001.792327520974	203.7663215777466	971.0996992374772	1010.5399446557432	972.8020514291914	181.77858718752535	1040.6943289988037	1042.0769539349044	sub-127008	ses-1		dir-AP	acq-multiband	space-ACPC			DSIStudio	autotrackgqi
Association_VerticalOccipitalFasciculusL	am	TORTOISE_model-MAPMRI	/scratch/grmpy/SLURM_11194840_49/job-11194840-49-sub-127008/ds/inputs/data/qsiprep/qsiprep/sub-127008/ses-1/dwi/sub-127008_ses-1_acq-multiband_dir-AP_space-ACPC_desc-preproc_dwi.nii.gz	0.0086563793752352	5575.478515625	1060.3472900390625	5595.734375	5624.1630859375	5601.86376953125	927.5462646484376	5516.31201171875	5523.640625	sub-127008	ses-1		dir-AP	acq-multiband	space-ACPC			DSIStudio	autotrackgqi
Association_VerticalOccipitalFasciculusL	fa	TORTOISE_model-MAPMRI	/scratch/grmpy/SLURM_11194840_49/job-11194840-49-sub-127008/ds/inputs/data/qsiprep/qsiprep/sub-127008/ses-1/dwi/sub-127008_ses-1_acq-multiband_dir-AP_space-ACPC_desc-preproc_dwi.nii.gz	0.0086563793752352	0.2937498610545518	0.1775729964273593	0.2615744001013514	0.2963148750273136	0.2629361794753436	0.1762028805444898	0.3625072027995785	0.3629888151884116	sub-127008	ses-1		dir-AP	acq-multiband	space-ACPC			DSIStudio	autotrackgqi
Association_VerticalOccipitalFasciculusL	li	TORTOISE_model-MAPMRI	/scratch/grmpy/SLURM_11194840_49/job-11194840-49-sub-127008/ds/inputs/data/qsiprep/qsiprep/sub-127008/ses-1/dwi/sub-127008_ses-1_acq-multiband_dir-AP_space-ACPC_desc-preproc_dwi.nii.gz	0.0086563793752352	0.1516185849905014	0.1198561340570449	0.1140713617205619	0.1529425084590912	0.1154578626155853	0.1195342987775802	0.1967231035232544	0.1969844698905944	sub-127008	ses-1		dir-AP	acq-multiband	space-ACPC			DSIStudio	autotrackgqi
Association_VerticalOccipitalFasciculusL	ng	TORTOISE_model-MAPMRI	/scratch/grmpy/SLURM_11194840_49/job-11194840-49-sub-127008/ds/inputs/data/qsiprep/qsiprep/sub-127008/ses-1/dwi/sub-127008_ses-1_acq-multiband_dir-AP_space-ACPC_desc-preproc_dwi.nii.gz	0.0086563793752352	0.2761160433292389	0.079720452427864	0.2790120244026184	0.2785270810127258	0.2800551354885101	0.0757582038640976	0.3072594106197357	0.30766761302948	sub-127008	ses-1		dir-AP	acq-multiband	space-ACPC			DSIStudio	autotrackgqi
Association_VerticalOccipitalFasciculusL	ngpar	TORTOISE_model-MAPMRI	/scratch/grmpy/SLURM_11194840_49/job-11194840-49-sub-127008/ds/inputs/data/qsiprep/qsiprep/sub-127008/ses-1/dwi/sub-127008_ses-1_acq-multiband_dir-AP_space-ACPC_desc-preproc_dwi.nii.gz	0.0086563793752352	0.1318963021039962	0.0323488786816597	0.1319310963153839	0.1330480277538299	0.1321626603603363	0.030039208009839	0.1314069628715515	0.1315815448760986	sub-127008	ses-1		dir-AP	acq-multiband	space-ACPC			DSIStudio	autotrackgqi
Association_VerticalOccipitalFasciculusL	ngperp	TORTOISE_model-MAPMRI	/scratch/grmpy/SLURM_11194840_49/job-11194840-49-sub-127008/ds/inputs/data/qsiprep/qsiprep/sub-127008/ses-1/dwi/sub-127008_ses-1_acq-multiband_dir-AP_space-ACPC_desc-preproc_dwi.nii.gz	0.0086563793752352	0.2400867342948913	0.0745286494493484	0.2402056902647018	0.2421831637620926	0.241478681564331	0.0713813751935958	0.2712762951850891	0.2716366648674011	sub-127008	ses-1		dir-AP	acq-multiband	space-ACPC			DSIStudio	autotrackgqi
Association_VerticalOccipitalFasciculusL	pa	TORTOISE_model-MAPMRI	/scratch/grmpy/SLURM_11194840_49/job-11194840-49-sub-127008/ds/inputs/data/qsiprep/qsiprep/sub-127008/ses-1/dwi/sub-127008_ses-1_acq-multiband_dir-AP_space-ACPC_desc-preproc_dwi.nii.gz	0.0086563793752352	0.5975330471992493	0.2624346315860748	0.6121522784233093	0.6027506589889526	0.6183991432189941	0.2575429677963257	0.7060284614562988	0.7069665193557739	sub-127008	ses-1		dir-AP	acq-multiband	space-ACPC			DSIStudio	autotrackgqi
Association_VerticalOccipitalFasciculusL	path	TORTOISE_model-MAPMRI	/scratch/grmpy/SLURM_11194840_49/job-11194840-49-sub-127008/ds/inputs/data/qsiprep/qsiprep/sub-127008/ses-1/dwi/sub-127008_ses-1_acq-multiband_dir-AP_space-ACPC_desc-preproc_dwi.nii.gz	0.0086563793752352	0.2367378622293472	0.1144227907061576	0.2122608870267868	0.2388050556182861	0.214423581957817	0.1127530261874198	0.2834886312484741	0.2838652729988098	sub-127008	ses-1		dir-AP	acq-multiband	space-ACPC			DSIStudio	autotrackgqi
Association_VerticalOccipitalFasciculusL	rd	TORTOISE_model-MAPMRI	/scratch/grmpy/SLURM_11194840_49/job-11194840-49-sub-127008/ds/inputs/data/qsiprep/qsiprep/sub-127008/ses-1/dwi/sub-127008_ses-1_acq-multiband_dir-AP_space-ACPC_desc-preproc_dwi.nii.gz	0.0086563793752352	638.8491786678734	171.49623272534126	630.1026314707718	644.4275883525207	630.4759856384894	161.47102600874362	586.1358189730248	586.9145360783732	sub-127008	ses-1		dir-AP	acq-multiband	space-ACPC			DSIStudio	autotrackgqi
Association_VerticalOccipitalFasciculusL	rtap	TORTOISE_model-MAPMRI	/scratch/grmpy/SLURM_11194840_49/job-11194840-49-sub-127008/ds/inputs/data/qsiprep/qsiprep/sub-127008/ses-1/dwi/sub-127008_ses-1_acq-multiband_dir-AP_space-ACPC_desc-preproc_dwi.nii.gz	0.0086563793752352	0.0135461678728461	0.0048462734557688	0.0124655244871974	0.0136644523590803	0.0125166252255439	0.0046984199434518	0.0156534668058156	0.0156742632389068	sub-127008	ses-1		dir-AP	acq-multiband	space-ACPC			DSIStudio	autotrackgqi
Association_VerticalOccipitalFasciculusL	rtop	TORTOISE_model-MAPMRI	/scratch/grmpy/SLURM_11194840_49/job-11194840-49-sub-127008/ds/inputs/data/qsiprep/qsiprep/sub-127008/ses-1/dwi/sub-127008_ses-1_acq-multiband_dir-AP_space-ACPC_desc-preproc_dwi.nii.gz	0.0086563793752352	0.0003052927786484	9.140977635979652e-05	0.0002961529826279	0.0003079586022067	0.000297169375699	8.722241909708828e-05	0.0003460856387391	0.0003465454210527	sub-127008	ses-1		dir-AP	acq-multiband	space-ACPC			DSIStudio	autotrackgqi
Association_VerticalOccipitalFasciculusL	rtpp	TORTOISE_model-MAPMRI	/scratch/grmpy/SLURM_11194840_49/job-11194840-49-sub-127008/ds/inputs/data/qsiprep/qsiprep/sub-127008/ses-1/dwi/sub-127008_ses-1_acq-multiband_dir-AP_space-ACPC_desc-preproc_dwi.nii.gz	0.0086563793752352	0.0512628704309463	0.0064155790023505	0.0522567331790924	0.0517104938626289	0.0522931739687919	0.0042862705886363	0.0509015657007694	0.0509691908955574	sub-127008	ses-1		dir-AP	acq-multiband	space-ACPC			DSIStudio	autotrackgqi
Association_UncinateFasciculusR	ad	TORTOISE_model-MAPMRI	/scratch/grmpy/SLURM_11194840_49/job-11194840-49-sub-127008/ds/inputs/data/qsiprep/qsiprep/sub-127008/ses-1/dwi/sub-127008_ses-1_acq-multiband_dir-AP_space-ACPC_desc-preproc_dwi.nii.gz	0.0	1134.5448921323386	324.77534617214553	1069.461006933621	1134.5448921323386	1069.461006933621	324.77534617214553	1185.120228707353	1185.120228707353	sub-127008	ses-1		dir-AP	acq-multiband	space-ACPC			DSIStudio	autotrackgqi
Association_UncinateFasciculusR	am	TORTOISE_model-MAPMRI	/scratch/grmpy/SLURM_11194840_49/job-11194840-49-sub-127008/ds/inputs/data/qsiprep/qsiprep/sub-127008/ses-1/dwi/sub-127008_ses-1_acq-multiband_dir-AP_space-ACPC_desc-preproc_dwi.nii.gz	0.0	6052.73388671875	1475.2935791015625	5852.7822265625	6052.73388671875	5852.7822265625	1475.2935791015625	5444.28515625	5444.28515625	sub-127008	ses-1		dir-AP	acq-multiband	space-ACPC			DSIStudio	autotrackgqi
Association_UncinateFasciculusR	fa	TORTOISE_model-MAPMRI	/scratch/grmpy/SLURM_11194840_49/job-11194840-49-sub-127008/ds/inputs/data/qsiprep/qsiprep/sub-127008/ses-1/dwi/sub-127008_ses-1_acq-multiband_dir-AP_space-ACPC_desc-preproc_dwi.nii.gz	0.0	0.2980878989702454	0.1611930023522002	0.2783336761266136	0.2980878989702454	0.2783336761266136	0.1611930023522002	0.4163196043270309	0.4163196043270309	sub-127008	ses-1		dir-AP	acq-multiband	space-ACPC			DSIStudio	autotrackgqi
Association_UncinateFasciculusR	li	TORTOISE_model-MAPMRI	/scratch/grmpy/SLURM_11194840_49/job-11194840-49-sub-127008/ds/inputs/data/qsiprep/qsiprep/sub-127008/ses-1/dwi/sub-127008_ses-1_acq-multiband_dir-AP_space-ACPC_desc-preproc_dwi.nii.gz	0.0	0.1640788614749908	0.1171276867389679	0.1330633163452148	0.1640788614749908	0.1330633163452148	0.1171276867389679	0.2624191045761108	0.2624191045761108	sub-127008	ses-1		dir-AP	acq-multiband	space-ACPC			DSIStudio	autotrackgqi
Association_UncinateFasciculusR	ng	TORTOISE_model-MAPMRI	/scratch/grmpy/SLURM_11194840_49/job-11194840-49-sub-127008/ds/inputs/data/qsiprep/qsiprep/sub-127008/ses-1/dwi/sub-127008_ses-1_acq-multiband_dir-AP_space-ACPC_desc-preproc_dwi.nii.gz	0.0	0.2605791389942169	0.0871748328208923	0.2618800699710846	0.2605791389942169	0.2618800699710846	0.0871748328208923	0.2873440980911255	0.2873440980911255	sub-127008	ses-1		dir-AP	acq-multiband	space-ACPC			DSIStudio	autotrackgqi
Association_UncinateFasciculusR	ngpar	TORTOISE_model-MAPMRI	/scratch/grmpy/SLURM_11194840_49/job-11194840-49-sub-127008/ds/inputs/data/qsiprep/qsiprep/sub-127008/ses-1/dwi/sub-127008_ses-1_acq-multiband_dir-AP_space-ACPC_desc-preproc_dwi.nii.gz	0.0	0.1309965997934341	0.0472124479711055	0.1263005435466766	0.1309965997934341	0.1263005435466766	0.0472124479711055	0.1232990771532058	0.1232990771532058	sub-127008	ses-1		dir-AP	acq-multiband	space-ACPC			DSIStudio	autotrackgqi
Association_UncinateFasciculusR	ngperp	TORTOISE_model-MAPMRI	/scratch/grmpy/SLURM_11194840_49/job-11194840-49-sub-127008/ds/inputs/data/qsiprep/qsiprep/sub-127008/ses-1/dwi/sub-127008_ses-1_acq-multiband_dir-AP_space-ACPC_desc-preproc_dwi.nii.gz	0.0	0.2189403027296066	0.074915774166584	0.2212291955947876	0.2189403027296066	0.2212291955947876	0.074915774166584	0.2460170686244964	0.2460170686244964	sub-127008	ses-1		dir-AP	acq-multiband	space-ACPC			DSIStudio	autotrackgqi
Association_UncinateFasciculusR	pa	TORTOISE_model-MAPMRI	/scratch/grmpy/SLURM_11194840_49/job-11194840-49-sub-127008/ds/inputs/data/qsiprep/qsiprep/sub-127008/ses-1/dwi/sub-127008_ses-1_acq-multiband_dir-AP_space-ACPC_desc-preproc_dwi.nii.gz	0.0	0.5898864269256592	0.2371423244476318	0.608597457408905	0.5898864269256592	0.608597457408905	0.2371423244476318	0.7495172023773193	0.7495172023773193	sub-127008	ses-1		dir-AP	acq-multiband	space-ACPC			DSIStudio	autotrackgqi
Association_UncinateFasciculusR	path	TORTOISE_model-MAPMRI	/scratch/grmpy/SLURM_11194840_49/job-11194840-49-sub-127008/ds/inputs/data/qsiprep/qsiprep/sub-127008/ses-1/dwi/sub-127008_ses-1_acq-multiband_dir-AP_space-ACPC_desc-preproc_dwi.nii.gz	0.0	0.2256850004196167	0.0966423898935318	0.211041122674942	0.2256850004196167	0.211041122674942	0.0966423898935318	0.2919580042362213	0.2919580042362213	sub-127008	ses-1		dir-AP	acq-multiband	space-ACPC			DSIStudio	autotrackgqi
Association_UncinateFasciculusR	rd	TORTOISE_model-MAPMRI	/scratch/grmpy/SLURM_11194840_49/job-11194840-49-sub-127008/ds/inputs/data/qsiprep/qsiprep/sub-127008/ses-1/dwi/sub-127008_ses-1_acq-multiband_dir-AP_space-ACPC_desc-preproc_dwi.nii.gz	0.0	730.1405553016879	320.4249471090373	669.0727540613027	730.1405553016879	669.0727540613027	320.4249471090373	604.1713755079677	604.1713755079677	sub-127008	ses-1		dir-AP	acq-multiband	space-ACPC			DSIStudio	autotrackgqi
Association_UncinateFasciculusR	rtap	TORTOISE_model-MAPMRI	/scratch/grmpy/SLURM_11194840_49/job-11194840-49-sub-127008/ds/inputs/data/qsiprep/qsiprep/sub-127008/ses-1/dwi/sub-127008_ses-1_acq-multiband_dir-AP_space-ACPC_desc-preproc_dwi.nii.gz	0.0001798561151079	0.0117345545440912	0.0039440356194972	0.0109749715775251	0.0117366658523678	0.010975488461554	0.0039412481710314	0.0143417594954371	0.0143420966342091	sub-127008	ses-1		dir-AP	acq-multiband	space-ACPC			DSIStudio	autotrackgqi
Association_UncinateFasciculusR	rtop	TORTOISE_model-MAPMRI	/scratch/grmpy/SLURM_11194840_49/job-11194840-49-sub-127008/ds/inputs/data/qsiprep/qsiprep/sub-127008/ses-1/dwi/sub-127008_ses-1_acq-multiband_dir-AP_space-ACPC_desc-preproc_dwi.nii.gz	0.0001798561151079	0.0002525101008359	7.807762449374422e-05	0.0002458172384649	0.0002525555319152	0.000245832838118	7.801115134498104e-05	0.0002941818966064	0.0002941887942142	sub-127008	ses-1		dir-AP	acq-multiband	space-ACPC			DSIStudio	autotrackgqi
Association_UncinateFasciculusR	rtpp	TORTOISE_model-MAPMRI	/scratch/grmpy/SLURM_11194840_49/job-11194840-49-sub-127008/ds/inputs/data/qsiprep/qsiprep/sub-127008/ses-1/dwi/sub-127008_ses-1_acq-multiband_dir-AP_space-ACPC_desc-preproc_dwi.nii.gz	0.0	0.0488216169178485	0.0052954126149415	0.0495594218373298	0.0488216169178485	0.0495594218373298	0.0052954126149415	0.0474242642521858	0.0474242642521858	sub-127008	ses-1		dir-AP	acq-multiband	space-ACPC			DSIStudio	autotrackgqi
Association_CingulumL	ad	TORTOISE_model-MAPMRI	/scratch/grmpy/SLURM_11194840_49/job-11194840-49-sub-127008/ds/inputs/data/qsiprep/qsiprep/sub-127008/ses-1/dwi/sub-127008_ses-1_acq-multiband_dir-AP_space-ACPC_desc-preproc_dwi.nii.gz	0.0001169590643274	1108.7109509902414	245.95478744768872	1052.1185217033571	1108.8406399539786	1052.1546116134275	245.67667613304263	1220.5640502302972	1220.567033833936	sub-127008	ses-1		dir-AP	acq-multiband	space-ACPC			DSIStudio	autotrackgqi
Association_CingulumL	am	TORTOISE_model-MAPMRI	/scratch/grmpy/SLURM_11194840_49/job-11194840-49-sub-127008/ds/inputs/data/qsiprep/qsiprep/sub-127008/ses-1/dwi/sub-127008_ses-1_acq-multiband_dir-AP_space-ACPC_desc-preproc_dwi.nii.gz	0.0001169590643274	6128.0068359375	1208.302001953125	5929.744140625	6128.7236328125	5929.80126953125	1206.553466796875	5506.3056640625	5506.3193359375	sub-127008	ses-1		dir-AP	acq-multiband	space-ACPC			DSIStudio	autotrackgqi
Association_CingulumL	fa	TORTOISE_model-MAPMRI	/scratch/grmpy/SLURM_11194840_49/job-11194840-49-sub-127008/ds/inputs/data/qsiprep/qsiprep/sub-127008/ses-1/dwi/sub-127008_ses-1_acq-multiband_dir-AP_space-ACPC_desc-preproc_dwi.nii.gz	0.0001169590643274	0.3249105242201704	0.1877201157829294	0.2941125603489894	0.3249485298961816	0.2941963489537036	0.1876981991524834	0.465250945392157	0.4652520828086453	sub-127008	ses-1		dir-AP	acq-multiband	space-ACPC			DSIStudio	autotrackgqi
Association_CingulumL	li	TORTOISE_model-MAPMRI	/scratch/grmpy/SLURM_11194840_49/job-11194840-49-sub-127008/ds/inputs/data/qsiprep/qsiprep/sub-127008/ses-1/dwi/sub-127008_ses-1_acq-multiband_dir-AP_space-ACPC_desc-preproc_dwi.nii.gz	0.0001169590643274	0.1796909272670745	0.1417697221040725	0.1388296484947204	0.1797119528055191	0.1388338655233383	0.141764685511589	0.2817751765251159	0.2817758321762085	sub-127008	ses-1		dir-AP	acq-multiband	space-ACPC			DSIStudio	autotrackgqi
Association_CingulumL	ng	TORTOISE_model-MAPMRI	/scratch/grmpy/SLURM_11194840_49/job-11194840-49-sub-127008/ds/inputs/data/qsiprep/qsiprep/sub-127008/ses-1/dwi/sub-127008_ses-1_acq-multiband_dir-AP_space-ACPC_desc-preproc_dwi.nii.gz	0.0001169590643274	0.267760157585144	0.0832443386316299	0.2717010974884033	0.2677914798259735	0.2717046439647674	0.0831988230347633	0.3187067806720733	0.3187075853347778	sub-127008	ses-1		dir-AP	acq-multiband	space-ACPC			DSIStudio	autotrackgqi
Association_CingulumL	ngpar	TORTOISE_model-MAPMRI	/scratch/grmpy/SLURM_11194840_49/job-11194840-49-sub-127008/ds/inputs/data/qsiprep/qsiprep/sub-127008/ses-1/dwi/sub-127008_ses-1_acq-multiband_dir-AP_space-ACPC_desc-preproc_dwi.nii.gz	0.0001169590643274	0.1263582855463028	0.0393756106495857	0.1238228380680084	0.1263730674982071	0.1238233596086502	0.0393541865050792	0.1287735849618911	0.1287739127874374	sub-127008	ses-1		dir-AP	acq-multiband	space-ACPC			DSIStudio	autotrackgqi
Association_CingulumL	ngperp	TORTOISE_model-MAPMRI	/scratch/grmpy/SLURM_11194840_49/job-11194840-49-sub-127008/ds/inputs/data/qsiprep/qsiprep/sub-127008/ses-1/dwi/sub-127008_ses-1_acq-multiband_dir-AP_space-ACPC_desc-preproc_dwi.nii.gz	0.0001169590643274	0.2268814146518707	0.0763120353221893	0.2289444953203201	0.2269079536199569	0.2289730012416839	0.0762770324945449	0.2693682610988617	0.2693689167499542	sub-127008	ses-1		dir-AP	acq-multiband	space-ACPC			DSIStudio	autotrackgqi
Association_CingulumL	pa	TORTOISE_model-MAPMRI	/scratch/grmpy/SLURM_11194840_49/job-11194840-49-sub-127008/ds/inputs/data/qsiprep/qsiprep/sub-127008/ses-1/dwi/sub-127008_ses-1_acq-multiband_dir-AP_space-ACPC_desc-preproc_dwi.nii.gz	0.0001169590643274	0.614169180393219	0.257135272026062	0.6469606161117554	0.6142410039901733	0.6470264196395874	0.2570644915103912	0.7946809530258179	0.7946828603744507	sub-127008	ses-1		dir-AP	acq-multiband	space-ACPC			DSIStudio	autotrackgqi
Association_CingulumL	path	TORTOISE_model-MAPMRI	/scratch/grmpy/SLURM_11194840_49/job-11194840-49-sub-127008/ds/inputs/data/qsiprep/qsiprep/sub-127008/ses-1/dwi/sub-127008_ses-1_acq-multiband_dir-AP_space-ACPC_desc-preproc_dwi.nii.gz	0.0001169590643274	0.2453207820653915	0.117308609187603	0.2246508598327636	0.2453494817018509	0.224675104022026	0.1172854602336883	0.3303204774856567	0.3303212821483612	sub-127008	ses-1		dir-AP	acq-multiband	space-ACPC			DSIStudio	autotrackgqi
Association_CingulumL	rd	TORTOISE_model-MAPMRI	/scratch/grmpy/SLURM_11194840_49/job-11194840-49-sub-127008/ds/inputs/data/qsiprep/qsiprep/sub-127008/ses-1/dwi/sub-127008_ses-1_acq-multiband_dir-AP_space-ACPC_desc-preproc_dwi.nii.gz	0.0001169590643274	666.6411773681418	207.3212740723579	649.3885099925101	666.7191562168222	649.3952717110183	207.2079835003429	557.9865805047214	557.9879442773743	sub-127008	ses-1		dir-AP	acq-multiband	space-ACPC			DSIStudio	autotrackgqi
Association_CingulumL	rtap	TORTOISE_model-MAPMRI	/scratch/grmpy/SLURM_11194840_49/job-11194840-49-sub-127008/ds/inputs/data/qsiprep/qsiprep/sub-127008/ses-1/dwi/sub-127008_ses-1_acq-multiband_dir-AP_space-ACPC_desc-preproc_dwi.nii.gz	0.0002339181286549	0.0131864249706268	0.005274184513837	0.011621369048953	0.0131895104423165	0.0116243343800306	0.0052709430456161	0.0169608574360609	0.016961058601737	sub-127008	ses-1		dir-AP	acq-multiband	space-ACPC			DSIStudio	autotrackgqi
Association_CingulumL	rtop	TORTOISE_model-MAPMRI	/scratch/grmpy/SLURM_11194840_49/job-11194840-49-sub-127008/ds/inputs/data/qsiprep/qsiprep/sub-127008/ses-1/dwi/sub-127008_ses-1_acq-multiband_dir-AP_space-ACPC_desc-preproc_dwi.nii.gz	0.0002339181286549	0.0002797356864903	8.851597522152588e-05	0.0002616310375742	0.000279801141005	0.00026168016484	8.842284296406433e-05	0.0003416645340621	0.0003416685503907	sub-127008	ses-1		dir-AP	acq-multiband	space-ACPC			DSIStudio	autotrackgqi
Association_CingulumL	rtpp	TORTOISE_model-MAPMRI	/scratch/grmpy/SLURM_11194840_49/job-11194840-49-sub-127008/ds/inputs/data/qsiprep/qsiprep/sub-127008/ses-1/dwi/sub-127008_ses-1_acq-multiband_dir-AP_space-ACPC_desc-preproc_dwi.nii.gz	0.0001169590643274	0.0492697730660438	0.0048650307580828	0.0499191582202911	0.0492755360901355	0.0499198995530605	0.0048360428772866	0.0473184958100318	0.0473186112940311	sub-127008	ses-1		dir-AP	acq-multiband	space-ACPC			DSIStudio	autotrackgqi
Association_ArcuateFasciculusL	ad	TORTOISE_model-MAPMRI	/scratch/grmpy/SLURM_11194840_49/job-11194840-49-sub-127008/ds/inputs/data/qsiprep/qsiprep/sub-127008/ses-1/dwi/sub-127008_ses-1_acq-multiband_dir-AP_space-ACPC_desc-preproc_dwi.nii.gz	0.0034121374603948	1080.9221472033869	265.55189172480294	1030.744357419479	1084.6230300747118	1031.502421132378	258.3508944899575	1178.56806393958	1178.7851002342236	sub-127008	ses-1		dir-AP	acq-multiband	space-ACPC			DSIStudio	autotrackgqi
Association_ArcuateFasciculusL	am	TORTOISE_model-MAPMRI	/scratch/grmpy/SLURM_11194840_49/job-11194840-49-sub-127008/ds/inputs/data/qsiprep/qsiprep/sub-127008/ses-1/dwi/sub-127008_ses-1_acq-multiband_dir-AP_space-ACPC_desc-preproc_dwi.nii.gz	0.0034121374603948	5593.48388671875	1257.5504150390625	5457.10400390625	5612.634765625	5462.86865234375	1216.289306640625	5096.36669921875	5097.3056640625	sub-127008	ses-1		dir-AP	acq-multiband	space-ACPC			DSIStudio	autotrackgqi
Association_ArcuateFasciculusL	fa	TORTOISE_model-MAPMRI	/scratch/grmpy/SLURM_11194840_49/job-11194840-49-sub-127008/ds/inputs/data/qsiprep/qsiprep/sub-127008/ses-1/dwi/sub-127008_ses-1_acq-multiband_dir-AP_space-ACPC_desc-preproc_dwi.nii.gz	0.0034121374603948	0.3348242527182735	0.1968638003934897	0.3169275813528117	0.3359706306928531	0.3190609296341108	0.1962215531920011	0.492834035409466	0.4929247919539621	sub-127008	ses-1		dir-AP	acq-multiband	space-ACPC			DSIStudio	autotrackgqi
Association_ArcuateFasciculusL	li	TORTOISE_model-MAPMRI	/scratch/grmpy/SLURM_11194840_49/job-11194840-49-sub-127008/ds/inputs/data/qsiprep/qsiprep/sub-127008/ses-1/dwi/sub-127008_ses-1_acq-multiband_dir-AP_space-ACPC_desc-preproc_dwi.nii.gz	0.0045088959298074	0.1957015544176101	0.152167335152626	0.1561788767576217	0.1965879499912262	0.1578388959169387	0.1519391983747482	0.3321386277675628	0.3322098553180694	sub-127008	ses-1		dir-AP	acq-multiband	space-ACPC			DSIStudio	autotrackgqi
Association_ArcuateFasciculusL	ng	TORTOISE_model-MAPMRI	/scratch/grmpy/SLURM_11194840_49/job-11194840-49-sub-127008/ds/inputs/data/qsiprep/qsiprep/sub-127008/ses-1/dwi/sub-127008_ses-1_acq-multiband_dir-AP_space-ACPC_desc-preproc_dwi.nii.gz	0.0034121374603948	0.2643274366855621	0.0896211937069892	0.2749978899955749	0.2652324438095093	0.275736927986145	0.0884274914860725	0.3243126273155212	0.3243723809719085	sub-127008	ses-1		dir-AP	acq-multiband	space-ACPC			DSIStudio	autotrackgqi
Association_ArcuateFasciculusL	ngpar	TORTOISE_model-MAPMRI	/scratch/grmpy/SLURM_11194840_49/job-11194840-49-sub-127008/ds/inputs/data/qsiprep/qsiprep/sub-127008/ses-1/dwi/sub-127008_ses-1_acq-multiband_dir-AP_space-ACPC_desc-preproc_dwi.nii.gz	0.0034121374603948	0.1258788406848907	0.0412492491304874	0.1243477389216423	0.1263098269701004	0.1245004683732986	0.0406557284295558	0.1292483210563659	0.1292721182107925	sub-127008	ses-1		dir-AP	acq-multiband	space-ACPC			DSIStudio	autotrackgqi
Association_ArcuateFasciculusL	ngperp	TORTOISE_model-MAPMRI	/scratch/grmpy/SLURM_11194840_49/job-11194840-49-sub-127008/ds/inputs/data/qsiprep/qsiprep/sub-127008/ses-1/dwi/sub-127008_ses-1_acq-multiband_dir-AP_space-ACPC_desc-preproc_dwi.nii.gz	0.0034121374603948	0.2263640463352203	0.0799416750669479	0.2328674346208572	0.2271390706300735	0.233448714017868	0.0789715871214866	0.2802341282367706	0.2802857756614685	sub-127008	ses-1		dir-AP	acq-multiband	space-ACPC			DSIStudio	autotrackgqi
Association_ArcuateFasciculusL	pa	TORTOISE_model-MAPMRI	/scratch/grmpy/SLURM_11194840_49/job-11194840-49-sub-127008/ds/inputs/data/qsiprep/qsiprep/sub-127008/ses-1/dwi/sub-127008_ses-1_acq-multiband_dir-AP_space-ACPC_desc-preproc_dwi.nii.gz	0.0034121374603948	0.6158588528633118	0.279340922832489	0.6884030103683472	0.617967426776886	0.6909455060958862	0.2774805724620819	0.8218070864677429	0.8219584226608276	sub-127008	ses-1		dir-AP	acq-multiband	space-ACPC			DSIStudio	autotrackgqi
Association_ArcuateFasciculusL	path	TORTOISE_model-MAPMRI	/scratch/grmpy/SLURM_11194840_49/job-11194840-49-sub-127008/ds/inputs/data/qsiprep/qsiprep/sub-127008/ses-1/dwi/sub-127008_ses-1_acq-multiband_dir-AP_space-ACPC_desc-preproc_dwi.nii.gz	0.0034121374603948	0.2499316930770874	0.1247172132134437	0.2406660914421081	0.2507874071598053	0.2417019605636596	0.1240686625242233	0.3508907258510589	0.3509553372859955	sub-127008	ses-1		dir-AP	acq-multiband	space-ACPC			DSIStudio	autotrackgqi
Association_ArcuateFasciculusL	rd	TORTOISE_model-MAPMRI	/scratch/grmpy/SLURM_11194840_49/job-11194840-49-sub-127008/ds/inputs/data/qsiprep/qsiprep/sub-127008/ses-1/dwi/sub-127008_ses-1_acq-multiband_dir-AP_space-ACPC_desc-preproc_dwi.nii.gz	0.0034121374603948	650.2594228126916	257.7707426846257	612.9740678663867	652.4857940328866	613.5375205233225	255.38319932731787	517.8261868810608	517.9215461191887	sub-127008	ses-1		dir-AP	acq-multiband	space-ACPC			DSIStudio	autotrackgqi
Association_ArcuateFasciculusL	rtap	TORTOISE_model-MAPMRI	/scratch/grmpy/SLURM_11194840_49/job-11194840-49-sub-127008/ds/inputs/data/qsiprep/qsiprep/sub-127008/ses-1/dwi/sub-127008_ses-1_acq-multiband_dir-AP_space-ACPC_desc-preproc_dwi.nii.gz	0.0038995856690226	0.013930469751358	0.0056200050748884	0.0128240063786506	0.0139850061386823	0.0128551684319973	0.0055628609843552	0.0188399069011211	0.0188434887677431	sub-127008	ses-1		dir-AP	acq-multiband	space-ACPC			DSIStudio	autotrackgqi
Association_ArcuateFasciculusL	rtop	TORTOISE_model-MAPMRI	/scratch/grmpy/SLURM_11194840_49/job-11194840-49-sub-127008/ds/inputs/data/qsiprep/qsiprep/sub-127008/ses-1/dwi/sub-127008_ses-1_acq-multiband_dir-AP_space-ACPC_desc-preproc_dwi.nii.gz	0.0038995856690226	0.0003018322458956	0.0001055788088706	0.0002923698048107	0.000303013890516	0.0002930427144747	0.0001040791685227	0.0003886274353135	0.0003887012717314	sub-127008	ses-1		dir-AP	acq-multiband	space-ACPC			DSIStudio	autotrackgqi
Association_ArcuateFasciculusL	rtpp	TORTOISE_model-MAPMRI	/scratch/grmpy/SLURM_11194840_49/job-11194840-49-sub-127008/ds/inputs/data/qsiprep/qsiprep/sub-127008/ses-1/dwi/sub-127008_ses-1_acq-multiband_dir-AP_space-ACPC_desc-preproc_dwi.nii.gz	0.0034121374603948	0.0498241074383258	0.0059929592534899	0.050658244639635	0.049994695931673	0.0506766662001609	0.0052449973300099	0.0481725595891475	0.0481814257800579	sub-127008	ses-1		dir-AP	acq-multiband	space-ACPC			DSIStudio	autotrackgqi
Association_InferiorFrontoOccipitalFasciculusR	ad	TORTOISE_model-MAPMRI	/scratch/grmpy/SLURM_11194840_49/job-11194840-49-sub-127008/ds/inputs/data/qsiprep/qsiprep/sub-127008/ses-1/dwi/sub-127008_ses-1_acq-multiband_dir-AP_space-ACPC_desc-preproc_dwi.nii.gz	0.0	1136.579132824114	260.40799055742616	1082.1434568615578	1136.579132824114	1082.1434568615578	260.40799055742616	1284.7522110624684	1284.7522110624684	sub-127008	ses-1		dir-AP	acq-multiband	space-ACPC			DSIStudio	autotrackgqi
Association_InferiorFrontoOccipitalFasciculusR	am	TORTOISE_model-MAPMRI	/scratch/grmpy/SLURM_11194840_49/job-11194840-49-sub-127008/ds/inputs/data/qsiprep/qsiprep/sub-127008/ses-1/dwi/sub-127008_ses-1_acq-multiband_dir-AP_space-ACPC_desc-preproc_dwi.nii.gz	0.0	5657.82275390625	1060.1800537109375	5541.314453125	5657.82275390625	5541.314453125	1060.1800537109375	5248.36962890625	5248.36962890625	sub-127008	ses-1		dir-AP	acq-multiband	space-ACPC			DSIStudio	autotrackgqi
Association_InferiorFrontoOccipitalFasciculusR	fa	TORTOISE_model-MAPMRI	/scratch/grmpy/SLURM_11194840_49/job-11194840-49-sub-127008/ds/inputs/data/qsiprep/qsiprep/sub-127008/ses-1/dwi/sub-127008_ses-1_acq-multiband_dir-AP_space-ACPC_desc-preproc_dwi.nii.gz	0.0	0.355801939108703	0.1920668545846025	0.3539508715108125	0.355801939108703	0.3539508715108125	0.1920668545846025	0.5063571032658881	0.5063571032658881	sub-127008	ses-1		dir-AP	acq-multiband	space-ACPC			DSIStudio	autotrackgqi
Association_InferiorFrontoOccipitalFasciculusR	li	TORTOISE_model-MAPMRI	/scratch/grmpy/SLURM_11194840_49/job-11194840-49-sub-127008/ds/inputs/data/qsiprep/qsiprep/sub-127008/ses-1/dwi/sub-127008_ses-1_acq-multiband_dir-AP_space-ACPC_desc-preproc_dwi.nii.gz	0.0	0.2077300250530243	0.1460475325584411	0.1849496662616729	0.2077300250530243	0.1849496662616729	0.1460475325584411	0.3349109292030334	0.3349109292030334	sub-127008	ses-1		dir-AP	acq-multiband	space-ACPC			DSIStudio	autotrackgqi
Association_InferiorFrontoOccipitalFasciculusR	ng	TORTOISE_model-MAPMRI	/scratch/grmpy/SLURM_11194840_49/job-11194840-49-sub-127008/ds/inputs/data/qsiprep/qsiprep/sub-127008/ses-1/dwi/sub-127008_ses-1_acq-multiband_dir-AP_space-ACPC_desc-preproc_dwi.nii.gz	0.0	0.2956451177597046	0.0713064596056938	0.3110635876655578	0.2956451177597046	0.3110635876655578	0.0713064596056938	0.3311454653739929	0.3311454653739929	sub-127008	ses-1		dir-AP	acq-multiband	space-ACPC			DSIStudio	autotrackgqi
Association_InferiorFrontoOccipitalFasciculusR	ngpar	TORTOISE_model-MAPMRI	/scratch/grmpy/SLURM_11194840_49/job-11194840-49-sub-127008/ds/inputs/data/qsiprep/qsiprep/sub-127008/ses-1/dwi/sub-127008_ses-1_acq-multiband_dir-AP_space-ACPC_desc-preproc_dwi.nii.gz	0.0	0.1319646537303924	0.0370245166122913	0.1320863366127014	0.1319646537303924	0.1320863366127014	0.0370245166122913	0.1164862662553787	0.1164862662553787	sub-127008	ses-1		dir-AP	acq-multiband	space-ACPC			DSIStudio	autotrackgqi
Association_InferiorFrontoOccipitalFasciculusR	ngperp	TORTOISE_model-MAPMRI	/scratch/grmpy/SLURM_11194840_49/job-11194840-49-sub-127008/ds/inputs/data/qsiprep/qsiprep/sub-127008/ses-1/dwi/sub-127008_ses-1_acq-multiband_dir-AP_space-ACPC_desc-preproc_dwi.nii.gz	0.0	0.2550104558467865	0.0668076053261756	0.2647616565227508	0.2550104558467865	0.2647616565227508	0.0668076053261756	0.2896274924278259	0.2896274924278259	sub-127008	ses-1		dir-AP	acq-multiband	space-ACPC			DSIStudio	autotrackgqi
Association_InferiorFrontoOccipitalFasciculusR	pa	TORTOISE_model-MAPMRI	/scratch/grmpy/SLURM_11194840_49/job-11194840-49-sub-127008/ds/inputs/data/qsiprep/qsiprep/sub-127008/ses-1/dwi/sub-127008_ses-1_acq-multiband_dir-AP_space-ACPC_desc-preproc_dwi.nii.gz	0.0	0.6768472790718079	0.2445990294218063	0.7628918886184692	0.6768472790718079	0.7628918886184692	0.2445990294218063	0.8453688621520996	0.8453688621520996	sub-127008	ses-1		dir-AP	acq-multiband	space-ACPC			DSIStudio	autotrackgqi
Association_InferiorFrontoOccipitalFasciculusR	path	TORTOISE_model-MAPMRI	/scratch/grmpy/SLURM_11194840_49/job-11194840-49-sub-127008/ds/inputs/data/qsiprep/qsiprep/sub-127008/ses-1/dwi/sub-127008_ses-1_acq-multiband_dir-AP_space-ACPC_desc-preproc_dwi.nii.gz	0.0	0.272843986749649	0.1168927922844886	0.2744264602661133	0.272843986749649	0.2744264602661133	0.1168927922844886	0.3647466897964477	0.3647466897964477	sub-127008	ses-1		dir-AP	acq-multiband	space-ACPC			DSIStudio	autotrackgqi
Association_InferiorFrontoOccipitalFasciculusR	rd	TORTOISE_model-MAPMRI	/scratch/grmpy/SLURM_11194840_49/job-11194840-49-sub-127008/ds/inputs/data/qsiprep/qsiprep/sub-127008/ses-1/dwi/sub-127008_ses-1_acq-multiband_dir-AP_space-ACPC_desc-preproc_dwi.nii.gz	0.0	646.6255313253092	214.68763109513105	618.1343704017362	646.6255313253092	618.1343704017362	214.68763109513105	535.4772104873776	535.4772104873776	sub-127008	ses-1		dir-AP	acq-multiband	space-ACPC			DSIStudio	autotrackgqi
Association_InferiorFrontoOccipitalFasciculusR	rtap	TORTOISE_model-MAPMRI	/scratch/grmpy/SLURM_11194840_49/job-11194840-49-sub-127008/ds/inputs/data/qsiprep/qsiprep/sub-127008/ses-1/dwi/sub-127008_ses-1_acq-multiband_dir-AP_space-ACPC_desc-preproc_dwi.nii.gz	0.0	0.0142997540533542	0.0052527240477502	0.0136772897094488	0.0142997540533542	0.0136772897094488	0.0052527240477502	0.0183076672255992	0.0183076672255992	sub-127008	ses-1		dir-AP	acq-multiband	space-ACPC			DSIStudio	autotrackgqi
Association_InferiorFrontoOccipitalFasciculusR	rtop	TORTOISE_model-MAPMRI	/scratch/grmpy/SLURM_11194840_49/job-11194840-49-sub-127008/ds/inputs/data/qsiprep/qsiprep/sub-127008/ses-1/dwi/sub-127008_ses-1_acq-multiband_dir-AP_space-ACPC_desc-preproc_dwi.nii.gz	0.0	0.0003027125494554	9.141244663624092e-05	0.000305485969875	0.0003027125494554	0.000305485969875	9.141244663624092e-05	0.0003538424498401	0.0003538424498401	sub-127008	ses-1		dir-AP	acq-multiband	space-ACPC			DSIStudio	autotrackgqi
Association_InferiorFrontoOccipitalFasciculusR	rtpp	TORTOISE_model-MAPMRI	/scratch/grmpy/SLURM_11194840_49/job-11194840-49-sub-127008/ds/inputs/data/qsiprep/qsiprep/sub-127008/ses-1/dwi/sub-127008_ses-1_acq-multiband_dir-AP_space-ACPC_desc-preproc_dwi.nii.gz	0.0	0.049072328954935	0.0052244984544813	0.0496856197714805	0.049072328954935	0.0496856197714805	0.0052244984544813	0.0459704585373401	0.0459704585373401	sub-127008	ses-1		dir-AP	acq-multiband	space-ACPC			DSIStudio	autotrackgqi
Association_HippocampusAlveusL	ad	TORTOISE_model-MAPMRI	/scratch/grmpy/SLURM_11194840_49/job-11194840-49-sub-127008/ds/inputs/data/qsiprep/qsiprep/sub-127008/ses-1/dwi/sub-127008_ses-1_acq-multiband_dir-AP_space-ACPC_desc-preproc_dwi.nii.gz	0.0006702412868632	1289.9764180919506	495.437432134932	1126.8136615425667	1290.8415934226628	1127.1690000791714	494.4755519237492	1409.1039119269926	1409.2031110834969	sub-127008	ses-1		dir-AP	acq-multiband	space-ACPC			DSIStudio	autotrackgqi
Association_HippocampusAlveusL	am	TORTOISE_model-MAPMRI	/scratch/grmpy/SLURM_11194840_49/job-11194840-49-sub-127008/ds/inputs/data/qsiprep/qsiprep/sub-127008/ses-1/dwi/sub-127008_ses-1_acq-multiband_dir-AP_space-ACPC_desc-preproc_dwi.nii.gz	0.0006702412868632	6532.662109375	1758.9859619140625	6232.912109375	6537.04345703125	6233.86572265625	1751.4180908203125	6474.98046875	6475.435546875	sub-127008	ses-1		dir-AP	acq-multiband	space-ACPC			DSIStudio	autotrackgqi
Association_HippocampusAlveusL	fa	TORTOISE_model-MAPMRI	/scratch/grmpy/SLURM_11194840_49/job-11194840-49-sub-127008/ds/inputs/data/qsiprep/qsiprep/sub-127008/ses-1/dwi/sub-127008_ses-1_acq-multiband_dir-AP_space-ACPC_desc-preproc_dwi.nii.gz	0.0006702412868632	0.3122590967313784	0.1728265895739115	0.2763232844111186	0.3124685260383747	0.2765990920994169	0.1726951732993605	0.359135392097564	0.3591606747172745	sub-127008	ses-1		dir-AP	acq-multiband	space-ACPC			DSIStudio	autotrackgqi
Association_HippocampusAlveusL	li	TORTOISE_model-MAPMRI	/scratch/grmpy/SLURM_11194840_49/job-11194840-49-sub-127008/ds/inputs/data/qsiprep/qsiprep/sub-127008/ses-1/dwi/sub-127008_ses-1_acq-multiband_dir-AP_space-ACPC_desc-preproc_dwi.nii.gz	0.0006702412868632	0.1726249456405639	0.1263319998979568	0.1376968771219253	0.1727407276630401	0.1377942562103271	0.126295194029808	0.2153334021568298	0.2153485566377639	sub-127008	ses-1		dir-AP	acq-multiband	space-ACPC			DSIStudio	autotrackgqi
Association_HippocampusAlveusL	ng	TORTOISE_model-MAPMRI	/scratch/grmpy/SLURM_11194840_49/job-11194840-49-sub-127008/ds/inputs/data/qsiprep/qsiprep/sub-127008/ses-1/dwi/sub-127008_ses-1_acq-multiband_dir-AP_space-ACPC_desc-preproc_dwi.nii.gz	0.0006702412868632	0.2636012732982635	0.0836381390690803	0.267424076795578	0.2637780606746673	0.2674582600593567	0.083387017250061	0.2844680547714233	0.2844880819320678	sub-127008	ses-1		dir-AP	acq-multiband	space-ACPC			DSIStudio	autotrackgqi
Association_HippocampusAlveusL	ngpar	TORTOISE_model-MAPMRI	/scratch/grmpy/SLURM_11194840_49/job-11194840-49-sub-127008/ds/inputs/data/qsiprep/qsiprep/sub-127008/ses-1/dwi/sub-127008_ses-1_acq-multiband_dir-AP_space-ACPC_desc-preproc_dwi.nii.gz	0.0006702412868632	0.1317748576402664	0.0431389398872852	0.1304803788661956	0.1318632364273071	0.1304871737957	0.0430181622505188	0.1291759759187698	0.129185065627098	sub-127008	ses-1		dir-AP	acq-multiband	space-ACPC			DSIStudio	autotrackgqi
Association_HippocampusAlveusL	ngperp	TORTOISE_model-MAPMRI	/scratch/grmpy/SLURM_11194840_49/job-11194840-49-sub-127008/ds/inputs/data/qsiprep/qsiprep/sub-127008/ses-1/dwi/sub-127008_ses-1_acq-multiband_dir-AP_space-ACPC_desc-preproc_dwi.nii.gz	0.0006702412868632	0.219474121928215	0.0763257890939712	0.2230221927165985	0.2196213155984878	0.2230661511421203	0.0761393755674362	0.243996724486351	0.2440139055252075	sub-127008	ses-1		dir-AP	acq-multiband	space-ACPC			DSIStudio	autotrackgqi
Association_HippocampusAlveusL	pa	TORTOISE_model-MAPMRI	/scratch/grmpy/SLURM_11194840_49/job-11194840-49-sub-127008/ds/inputs/data/qsiprep/qsiprep/sub-127008/ses-1/dwi/sub-127008_ses-1_acq-multiband_dir-AP_space-ACPC_desc-preproc_dwi.nii.gz	0.0006702412868632	0.60223788022995	0.2309388667345047	0.619621992111206	0.602641761302948	0.6201727390289307	0.2304888665676117	0.6771707534790039	0.6772184371948242	sub-127008	ses-1		dir-AP	acq-multiband	space-ACPC			DSIStudio	autotrackgqi
Association_HippocampusAlveusL	path	TORTOISE_model-MAPMRI	/scratch/grmpy/SLURM_11194840_49/job-11194840-49-sub-127008/ds/inputs/data/qsiprep/qsiprep/sub-127008/ses-1/dwi/sub-127008_ses-1_acq-multiband_dir-AP_space-ACPC_desc-preproc_dwi.nii.gz	0.0006702412868632	0.2326452136039734	0.1024196445941925	0.2148498892784118	0.2328012436628341	0.2150422036647796	0.1022765636444091	0.2653441429138183	0.2653628289699554	sub-127008	ses-1		dir-AP	acq-multiband	space-ACPC			DSIStudio	autotrackgqi
Association_HippocampusAlveusL	rd	TORTOISE_model-MAPMRI	/scratch/grmpy/SLURM_11194840_49/job-11194840-49-sub-127008/ds/inputs/data/qsiprep/qsiprep/sub-127008/ses-1/dwi/sub-127008_ses-1_acq-multiband_dir-AP_space-ACPC_desc-preproc_dwi.nii.gz	0.0006702412868632	808.3994518396489	417.04963916742753	684.7591640174876	808.9416379240485	684.8385500452575	416.6634831043638	809.6091254733495	809.6661209117206	sub-127008	ses-1		dir-AP	acq-multiband	space-ACPC			DSIStudio	autotrackgqi
Association_HippocampusAlveusL	rtap	TORTOISE_model-MAPMRI	/scratch/grmpy/SLURM_11194840_49/job-11194840-49-sub-127008/ds/inputs/data/qsiprep/qsiprep/sub-127008/ses-1/dwi/sub-127008_ses-1_acq-multiband_dir-AP_space-ACPC_desc-preproc_dwi.nii.gz	0.0006702412868632	0.0112864999100565	0.0049632294103503	0.0104012666270136	0.011294069699943	0.0104030352085828	0.0049562761560082	0.0118975322693586	0.0118983695283532	sub-127008	ses-1		dir-AP	acq-multiband	space-ACPC			DSIStudio	autotrackgqi
Association_HippocampusAlveusL	rtop	TORTOISE_model-MAPMRI	/scratch/grmpy/SLURM_11194840_49/job-11194840-49-sub-127008/ds/inputs/data/qsiprep/qsiprep/sub-127008/ses-1/dwi/sub-127008_ses-1_acq-multiband_dir-AP_space-ACPC_desc-preproc_dwi.nii.gz	0.0006702412868632	0.0002339562634006	9.463304741075262e-05	0.0002321302890777	0.0002341131767025	0.0002322264772374	9.447054617339744e-05	0.0002336155594093	0.0002336320176254	sub-127008	ses-1		dir-AP	acq-multiband	space-ACPC			DSIStudio	autotrackgqi
Association_HippocampusAlveusL	rtpp	TORTOISE_model-MAPMRI	/scratch/grmpy/SLURM_11194840_49/job-11194840-49-sub-127008/ds/inputs/data/qsiprep/qsiprep/sub-127008/ses-1/dwi/sub-127008_ses-1_acq-multiband_dir-AP_space-ACPC_desc-preproc_dwi.nii.gz	0.0006702412868632	0.0464732199907302	0.0075757377780973	0.0483970716595649	0.0465043894946575	0.0484004318714141	0.0074820308946073	0.0440791174769401	0.044082224369049	sub-127008	ses-1		dir-AP	acq-multiband	space-ACPC			DSIStudio	autotrackgqi
Association_ParietalAslantTractR	ad	TORTOISE_model-MAPMRI	/scratch/grmpy/SLURM_11194840_49/job-11194840-49-sub-127008/ds/inputs/data/qsiprep/qsiprep/sub-127008/ses-1/dwi/sub-127008_ses-1_acq-multiband_dir-AP_space-ACPC_desc-preproc_dwi.nii.gz	0.0	1068.415148921275	200.31725913512625	1020.0370514632187	1068.415148921275	1020.0370514632187	200.31725913512625	1160.0007392582725	1160.0007392582725	sub-127008	ses-1		dir-AP	acq-multiband	space-ACPC			DSIStudio	autotrackgqi
Association_ParietalAslantTractR	am	TORTOISE_model-MAPMRI	/scratch/grmpy/SLURM_11194840_49/job-11194840-49-sub-127008/ds/inputs/data/qsiprep/qsiprep/sub-127008/ses-1/dwi/sub-127008_ses-1_acq-multiband_dir-AP_space-ACPC_desc-preproc_dwi.nii.gz	0.0	5761.34765625	983.464111328125	5613.01806640625	5761.34765625	5613.01806640625	983.464111328125	5387.34033203125	5387.34033203125	sub-127008	ses-1		dir-AP	acq-multiband	space-ACPC			DSIStudio	autotrackgqi
Association_ParietalAslantTractR	fa	TORTOISE_model-MAPMRI	/scratch/grmpy/SLURM_11194840_49/job-11194840-49-sub-127008/ds/inputs/data/qsiprep/qsiprep/sub-127008/ses-1/dwi/sub-127008_ses-1_acq-multiband_dir-AP_space-ACPC_desc-preproc_dwi.nii.gz	0.0	0.3150363920863868	0.1874638092579951	0.2828306508459403	0.3150363920863868	0.2828306508459403	0.1874638092579951	0.4324969319237968	0.4324969319237968	sub-127008	ses-1		dir-AP	acq-multiband	space-ACPC			DSIStudio	autotrackgqi
Association_ParietalAslantTractR	li	TORTOISE_model-MAPMRI	/scratch/grmpy/SLURM_11194840_49/job-11194840-49-sub-127008/ds/inputs/data/qsiprep/qsiprep/sub-127008/ses-1/dwi/sub-127008_ses-1_acq-multiband_dir-AP_space-ACPC_desc-preproc_dwi.nii.gz	0.0011748909029875	0.1753275990486145	0.131943792104721	0.1373417377471923	0.1755338311195373	0.1375391334295272	0.1318841874599456	0.2623437345027923	0.2623625695705414	sub-127008	ses-1		dir-AP	acq-multiband	space-ACPC			DSIStudio	autotrackgqi
Association_ParietalAslantTractR	ng	TORTOISE_model-MAPMRI	/scratch/grmpy/SLURM_11194840_49/job-11194840-49-sub-127008/ds/inputs/data/qsiprep/qsiprep/sub-127008/ses-1/dwi/sub-127008_ses-1_acq-multiband_dir-AP_space-ACPC_desc-preproc_dwi.nii.gz	0.0	0.2628170251846313	0.083276942372322	0.2583951652050018	0.2628170251846313	0.2583951652050018	0.083276942372322	0.3078682422637939	0.3078682422637939	sub-127008	ses-1		dir-AP	acq-multiband	space-ACPC			DSIStudio	autotrackgqi
Association_ParietalAslantTractR	ngpar	TORTOISE_model-MAPMRI	/scratch/grmpy/SLURM_11194840_49/job-11194840-49-sub-127008/ds/inputs/data/qsiprep/qsiprep/sub-127008/ses-1/dwi/sub-127008_ses-1_acq-multiband_dir-AP_space-ACPC_desc-preproc_dwi.nii.gz	0.0	0.1148989647626876	0.0310318917036056	0.1134836673736572	0.1148989647626876	0.1134836673736572	0.0310318917036056	0.1158406734466552	0.1158406734466552	sub-127008	ses-1		dir-AP	acq-multiband	space-ACPC			DSIStudio	autotrackgqi
Association_ParietalAslantTractR	ngperp	TORTOISE_model-MAPMRI	/scratch/grmpy/SLURM_11194840_49/job-11194840-49-sub-127008/ds/inputs/data/qsiprep/qsiprep/sub-127008/ses-1/dwi/sub-127008_ses-1_acq-multiband_dir-AP_space-ACPC_desc-preproc_dwi.nii.gz	0.0	0.2328047156333923	0.0759956464171409	0.227117508649826	0.2328047156333923	0.227117508649826	0.0759956464171409	0.2748442590236664	0.2748442590236664	sub-127008	ses-1		dir-AP	acq-multiband	space-ACPC			DSIStudio	autotrackgqi
Association_ParietalAslantTractR	pa	TORTOISE_model-MAPMRI	/scratch/grmpy/SLURM_11194840_49/job-11194840-49-sub-127008/ds/inputs/data/qsiprep/qsiprep/sub-127008/ses-1/dwi/sub-127008_ses-1_acq-multiband_dir-AP_space-ACPC_desc-preproc_dwi.nii.gz	0.0	0.6027043461799622	0.270967960357666	0.6253292560577393	0.6027043461799622	0.6253292560577393	0.270967960357666	0.7622233629226685	0.7622233629226685	sub-127008	ses-1		dir-AP	acq-multiband	space-ACPC			DSIStudio	autotrackgqi
Association_ParietalAslantTractR	path	TORTOISE_model-MAPMRI	/scratch/grmpy/SLURM_11194840_49/job-11194840-49-sub-127008/ds/inputs/data/qsiprep/qsiprep/sub-127008/ses-1/dwi/sub-127008_ses-1_acq-multiband_dir-AP_space-ACPC_desc-preproc_dwi.nii.gz	0.0	0.243104875087738	0.1216706186532974	0.2168524861335754	0.243104875087738	0.2168524861335754	0.1216706186532974	0.3174983859062195	0.3174983859062195	sub-127008	ses-1		dir-AP	acq-multiband	space-ACPC			DSIStudio	autotrackgqi
Association_ParietalAslantTractR	rd	TORTOISE_model-MAPMRI	/scratch/grmpy/SLURM_11194840_49/job-11194840-49-sub-127008/ds/inputs/data/qsiprep/qsiprep/sub-127008/ses-1/dwi/sub-127008_ses-1_acq-multiband_dir-AP_space-ACPC_desc-preproc_dwi.nii.gz	0.0	649.2914954690457	167.42868282661988	643.9838138939306	649.2914954690457	643.9838138939306	167.42868282661988	562.478313725936	562.478313725936	sub-127008	ses-1		dir-AP	acq-multiband	space-ACPC			DSIStudio	autotrackgqi
Association_ParietalAslantTractR	rtap	TORTOISE_model-MAPMRI	/scratch/grmpy/SLURM_11194840_49/job-11194840-49-sub-127008/ds/inputs/data/qsiprep/qsiprep/sub-127008/ses-1/dwi/sub-127008_ses-1_acq-multiband_dir-AP_space-ACPC_desc-preproc_dwi.nii.gz	0.0001678415575696	0.0135786794126033	0.0050160433165729	0.0120948953554034	0.0135809583589434	0.0120951812714338	0.005013377405703	0.0168189033865928	0.0168189611285924	sub-127008	ses-1		dir-AP	acq-multiband	space-ACPC			DSIStudio	autotrackgqi
Association_ParietalAslantTractR	rtop	TORTOISE_model-MAPMRI	/scratch/grmpy/SLURM_11194840_49/job-11194840-49-sub-127008/ds/inputs/data/qsiprep/qsiprep/sub-127008/ses-1/dwi/sub-127008_ses-1_acq-multiband_dir-AP_space-ACPC_desc-preproc_dwi.nii.gz	0.0001678415575696	0.0002891187032219	8.601523586548865e-05	0.0002687045489437	0.0002891672484111	0.0002687319356482	8.594083919888362e-05	0.0003434995014686	0.0003435007238294	sub-127008	ses-1		dir-AP	acq-multiband	space-ACPC			DSIStudio	autotrackgqi
Association_ParietalAslantTractR	rtpp	TORTOISE_model-MAPMRI	/scratch/grmpy/SLURM_11194840_49/job-11194840-49-sub-127008/ds/inputs/data/qsiprep/qsiprep/sub-127008/ses-1/dwi/sub-127008_ses-1_acq-multiband_dir-AP_space-ACPC_desc-preproc_dwi.nii.gz	0.0	0.049881774932146	0.0042674853466451	0.0506504401564598	0.049881774932146	0.0506504401564598	0.0042674853466451	0.0479715280234813	0.0479715280234813	sub-127008	ses-1		dir-AP	acq-multiband	space-ACPC			DSIStudio	autotrackgqi
Association_ExtremeCapsuleL	ad	TORTOISE_model-MAPMRI	/scratch/grmpy/SLURM_11194840_49/job-11194840-49-sub-127008/ds/inputs/data/qsiprep/qsiprep/sub-127008/ses-1/dwi/sub-127008_ses-1_acq-multiband_dir-AP_space-ACPC_desc-preproc_dwi.nii.gz	0.0002853881278538	1166.1390254552043	371.7895268608711	1094.693343233905	1166.4719226934158	1094.7104864983096	371.3200731674488	1141.7272730867226	1141.7324443691673	sub-127008	ses-1		dir-AP	acq-multiband	space-ACPC			DSIStudio	autotrackgqi
Association_ExtremeCapsuleL	am	TORTOISE_model-MAPMRI	/scratch/grmpy/SLURM_11194840_49/job-11194840-49-sub-127008/ds/inputs/data/qsiprep/qsiprep/sub-127008/ses-1/dwi/sub-127008_ses-1_acq-multiband_dir-AP_space-ACPC_desc-preproc_dwi.nii.gz	0.0002853881278538	6122.53466796875	1251.0032958984375	5800.0751953125	6124.28271484375	5800.23193359375	1246.8970947265625	6061.89111328125	6061.9189453125	sub-127008	ses-1		dir-AP	acq-multiband	space-ACPC			DSIStudio	autotrackgqi
Association_ExtremeCapsuleL	fa	TORTOISE_model-MAPMRI	/scratch/grmpy/SLURM_11194840_49/job-11194840-49-sub-127008/ds/inputs/data/qsiprep/qsiprep/sub-127008/ses-1/dwi/sub-127008_ses-1_acq-multiband_dir-AP_space-ACPC_desc-preproc_dwi.nii.gz	0.0002853881278538	0.3474724551767975	0.1849824285356932	0.3432024934408109	0.347571647998715	0.3434820735107644	0.1849156310198722	0.3825163844827106	0.3825181170666573	sub-127008	ses-1		dir-AP	acq-multiband	space-ACPC			DSIStudio	autotrackgqi
Association_ExtremeCapsuleL	li	TORTOISE_model-MAPMRI	/scratch/grmpy/SLURM_11194840_49/job-11194840-49-sub-127008/ds/inputs/data/qsiprep/qsiprep/sub-127008/ses-1/dwi/sub-127008_ses-1_acq-multiband_dir-AP_space-ACPC_desc-preproc_dwi.nii.gz	0.0002853881278538	0.2005507349967956	0.1391730606555938	0.179967001080513	0.2006079852581024	0.180081620812416	0.1391516625881195	0.2227957844734192	0.2227967828512191	sub-127008	ses-1		dir-AP	acq-multiband	space-ACPC			DSIStudio	autotrackgqi
Association_ExtremeCapsuleL	ng	TORTOISE_model-MAPMRI	/scratch/grmpy/SLURM_11194840_49/job-11194840-49-sub-127008/ds/inputs/data/qsiprep/qsiprep/sub-127008/ses-1/dwi/sub-127008_ses-1_acq-multiband_dir-AP_space-ACPC_desc-preproc_dwi.nii.gz	0.0002853881278538	0.2768028378486633	0.0878485888242721	0.2952537536621094	0.2768818736076355	0.2953775525093078	0.0877365320920944	0.2856512367725372	0.2856525182723999	sub-127008	ses-1		dir-AP	acq-multiband	space-ACPC			DSIStudio	autotrackgqi
Association_ExtremeCapsuleL	ngpar	TORTOISE_model-MAPMRI	/scratch/grmpy/SLURM_11194840_49/job-11194840-49-sub-127008/ds/inputs/data/qsiprep/qsiprep/sub-127008/ses-1/dwi/sub-127008_ses-1_acq-multiband_dir-AP_space-ACPC_desc-preproc_dwi.nii.gz	0.0002853881278538	0.1271695047616958	0.0437289848923683	0.1234179437160492	0.127205803990364	0.1234185174107551	0.043682400137186	0.1315736770629882	0.131574273109436	sub-127008	ses-1		dir-AP	acq-multiband	space-ACPC			DSIStudio	autotrackgqi
Association_ExtremeCapsuleL	ngperp	TORTOISE_model-MAPMRI	/scratch/grmpy/SLURM_11194840_49/job-11194840-49-sub-127008/ds/inputs/data/qsiprep/qsiprep/sub-127008/ses-1/dwi/sub-127008_ses-1_acq-multiband_dir-AP_space-ACPC_desc-preproc_dwi.nii.gz	0.0002853881278538	0.236785888671875	0.0786821469664573	0.2482850551605224	0.2368534803390503	0.2482941001653671	0.0785915926098823	0.2445527017116546	0.2445538192987442	sub-127008	ses-1		dir-AP	acq-multiband	space-ACPC			DSIStudio	autotrackgqi
Association_ExtremeCapsuleL	pa	TORTOISE_model-MAPMRI	/scratch/grmpy/SLURM_11194840_49/job-11194840-49-sub-127008/ds/inputs/data/qsiprep/qsiprep/sub-127008/ses-1/dwi/sub-127008_ses-1_acq-multiband_dir-AP_space-ACPC_desc-preproc_dwi.nii.gz	0.0002853881278538	0.6539514064788818	0.2454865872859954	0.719833254814148	0.6541380882263184	0.7198896408081055	0.2452728152275085	0.7049241065979004	0.7049273252487183	sub-127008	ses-1		dir-AP	acq-multiband	space-ACPC			DSIStudio	autotrackgqi
Association_ExtremeCapsuleL	path	TORTOISE_model-MAPMRI	/scratch/grmpy/SLURM_11194840_49/job-11194840-49-sub-127008/ds/inputs/data/qsiprep/qsiprep/sub-127008/ses-1/dwi/sub-127008_ses-1_acq-multiband_dir-AP_space-ACPC_desc-preproc_dwi.nii.gz	0.0002853881278538	0.2599027454853058	0.1128860116004943	0.2539854049682617	0.2599769532680511	0.2540103793144226	0.1128166690468788	0.2758539915084839	0.2758552730083465	sub-127008	ses-1		dir-AP	acq-multiband	space-ACPC			DSIStudio	autotrackgqi
Association_ExtremeCapsuleL	rd	TORTOISE_model-MAPMRI	/scratch/grmpy/SLURM_11194840_49/job-11194840-49-sub-127008/ds/inputs/data/qsiprep/qsiprep/sub-127008/ses-1/dwi/sub-127008_ses-1_acq-multiband_dir-AP_space-ACPC_desc-preproc_dwi.nii.gz	0.0002853881278538	694.4968971411347	373.6965409309105	614.2290052059856	694.6951548908182	614.2717804712868	373.5655786864099	632.0700742384358	632.0729369178498	sub-127008	ses-1		dir-AP	acq-multiband	space-ACPC			DSIStudio	autotrackgqi
Association_ExtremeCapsuleL	rtap	TORTOISE_model-MAPMRI	/scratch/grmpy/SLURM_11194840_49/job-11194840-49-sub-127008/ds/inputs/data/qsiprep/qsiprep/sub-127008/ses-1/dwi/sub-127008_ses-1_acq-multiband_dir-AP_space-ACPC_desc-preproc_dwi.nii.gz	0.0002853881278538	0.0136322630569338	0.005367015954107	0.0130795761942863	0.0136361541226506	0.0130799347534775	0.0053628366440534	0.0142956338822841	0.0142956990748643	sub-127008	ses-1		dir-AP	acq-multiband	space-ACPC			DSIStudio	autotrackgqi
Association_ExtremeCapsuleL	rtop	TORTOISE_model-MAPMRI	/scratch/grmpy/SLURM_11194840_49/job-11194840-49-sub-127008/ds/inputs/data/qsiprep/qsiprep/sub-127008/ses-1/dwi/sub-127008_ses-1_acq-multiband_dir-AP_space-ACPC_desc-preproc_dwi.nii.gz	0.0002853881278538	0.0002883457054849	9.882292215479538e-05	0.0002908473543357	0.0002884280111175	0.0002909400791395	9.87168459687382e-05	0.0003061949391849	0.0003061963361687	sub-127008	ses-1		dir-AP	acq-multiband	space-ACPC			DSIStudio	autotrackgqi
Association_ExtremeCapsuleL	rtpp	TORTOISE_model-MAPMRI	/scratch/grmpy/SLURM_11194840_49/job-11194840-49-sub-127008/ds/inputs/data/qsiprep/qsiprep/sub-127008/ses-1/dwi/sub-127008_ses-1_acq-multiband_dir-AP_space-ACPC_desc-preproc_dwi.nii.gz	0.0002853881278538	0.0484012849628925	0.0058413175866007	0.0491087883710861	0.0484151020646095	0.0491095222532749	0.0057846149429678	0.0487302578985691	0.0487304776906967	sub-127008	ses-1		dir-AP	acq-multiband	space-ACPC			DSIStudio	autotrackgqi
Association_CingulumR	ad	TORTOISE_model-MAPMRI	/scratch/grmpy/SLURM_11194840_49/job-11194840-49-sub-127008/ds/inputs/data/qsiprep/qsiprep/sub-127008/ses-1/dwi/sub-127008_ses-1_acq-multiband_dir-AP_space-ACPC_desc-preproc_dwi.nii.gz	0.0	1126.924640224925	330.74899663429505	1042.8448588508113	1126.924640224925	1042.8448588508113	330.74899663429505	1168.849165705865	1168.8492661721502	sub-127008	ses-1		dir-AP	acq-multiband	space-ACPC			DSIStudio	autotrackgqi
Association_CingulumR	am	TORTOISE_model-MAPMRI	/scratch/grmpy/SLURM_11194840_49/job-11194840-49-sub-127008/ds/inputs/data/qsiprep/qsiprep/sub-127008/ses-1/dwi/sub-127008_ses-1_acq-multiband_dir-AP_space-ACPC_desc-preproc_dwi.nii.gz	0.0	6390.27490234375	1368.9835205078125	6238.7470703125	6390.27490234375	6238.7470703125	1368.9835205078125	5558.63720703125	5558.63720703125	sub-127008	ses-1		dir-AP	acq-multiband	space-ACPC			DSIStudio	autotrackgqi
Association_CingulumR	fa	TORTOISE_model-MAPMRI	/scratch/grmpy/SLURM_11194840_49/job-11194840-49-sub-127008/ds/inputs/data/qsiprep/qsiprep/sub-127008/ses-1/dwi/sub-127008_ses-1_acq-multiband_dir-AP_space-ACPC_desc-preproc_dwi.nii.gz	0.0	0.2708626061486787	0.169391099270053	0.2220738001647496	0.2708626061486787	0.2220738001647496	0.169391099270053	0.4205782706515165	0.4205783068478964	sub-127008	ses-1		dir-AP	acq-multiband	space-ACPC			DSIStudio	autotrackgqi
Association_CingulumR	li	TORTOISE_model-MAPMRI	/scratch/grmpy/SLURM_11194840_49/job-11194840-49-sub-127008/ds/inputs/data/qsiprep/qsiprep/sub-127008/ses-1/dwi/sub-127008_ses-1_acq-multiband_dir-AP_space-ACPC_desc-preproc_dwi.nii.gz	0.0	0.1421792358160019	0.1187688484787941	0.0996828228235244	0.1421792358160019	0.0996828228235244	0.1187688484787941	0.2496572732925415	0.2496572881937027	sub-127008	ses-1		dir-AP	acq-multiband	space-ACPC			DSIStudio	autotrackgqi
Association_CingulumR	ng	TORTOISE_model-MAPMRI	/scratch/grmpy/SLURM_11194840_49/job-11194840-49-sub-127008/ds/inputs/data/qsiprep/qsiprep/sub-127008/ses-1/dwi/sub-127008_ses-1_acq-multiband_dir-AP_space-ACPC_desc-preproc_dwi.nii.gz	0.0	0.2563932836055755	0.0828805342316627	0.2527555525302887	0.2563932836055755	0.2527555525302887	0.0828805342316627	0.2951551973819732	0.295155256986618	sub-127008	ses-1		dir-AP	acq-multiband	space-ACPC			DSIStudio	autotrackgqi
Association_CingulumR	ngpar	TORTOISE_model-MAPMRI	/scratch/grmpy/SLURM_11194840_49/job-11194840-49-sub-127008/ds/inputs/data/qsiprep/qsiprep/sub-127008/ses-1/dwi/sub-127008_ses-1_acq-multiband_dir-AP_space-ACPC_desc-preproc_dwi.nii.gz	0.0	0.1315551996231079	0.0416065379977226	0.1291853040456771	0.1315551996231079	0.1291853040456771	0.0416065379977226	0.1212795078754425	0.1212795227766037	sub-127008	ses-1		dir-AP	acq-multiband	space-ACPC			DSIStudio	autotrackgqi
Association_CingulumR	ngperp	TORTOISE_model-MAPMRI	/scratch/grmpy/SLURM_11194840_49/job-11194840-49-sub-127008/ds/inputs/data/qsiprep/qsiprep/sub-127008/ses-1/dwi/sub-127008_ses-1_acq-multiband_dir-AP_space-ACPC_desc-preproc_dwi.nii.gz	0.0	0.2152148783206939	0.0736564621329307	0.2136622071266174	0.2152148783206939	0.2136622071266174	0.0736564621329307	0.2485126852989196	0.2485127300024032	sub-127008	ses-1		dir-AP	acq-multiband	space-ACPC			DSIStudio	autotrackgqi
Association_CingulumR	pa	TORTOISE_model-MAPMRI	/scratch/grmpy/SLURM_11194840_49/job-11194840-49-sub-127008/ds/inputs/data/qsiprep/qsiprep/sub-127008/ses-1/dwi/sub-127008_ses-1_acq-multiband_dir-AP_space-ACPC_desc-preproc_dwi.nii.gz	0.0	0.545545220375061	0.2466216683387756	0.4945161640644073	0.545545220375061	0.4945161640644073	0.2466216683387756	0.7319811582565308	0.7319812178611755	sub-127008	ses-1		dir-AP	acq-multiband	space-ACPC			DSIStudio	autotrackgqi
Association_CingulumR	path	TORTOISE_model-MAPMRI	/scratch/grmpy/SLURM_11194840_49/job-11194840-49-sub-127008/ds/inputs/data/qsiprep/qsiprep/sub-127008/ses-1/dwi/sub-127008_ses-1_acq-multiband_dir-AP_space-ACPC_desc-preproc_dwi.nii.gz	0.0	0.2123280614614486	0.1031972244381904	0.175165370106697	0.2123280614614486	0.175165370106697	0.1031972244381904	0.2992457449436188	0.2992458045482635	sub-127008	ses-1		dir-AP	acq-multiband	space-ACPC			DSIStudio	autotrackgqi
Association_CingulumR	rd	TORTOISE_model-MAPMRI	/scratch/grmpy/SLURM_11194840_49/job-11194840-49-sub-127008/ds/inputs/data/qsiprep/qsiprep/sub-127008/ses-1/dwi/sub-127008_ses-1_acq-multiband_dir-AP_space-ACPC_desc-preproc_dwi.nii.gz	0.0	755.6741856891281	318.7819296677363	683.5645445289581	755.6741856891281	683.5645445289581	318.7819296677363	582.5063281670319	582.5063781449516	sub-127008	ses-1		dir-AP	acq-multiband	space-ACPC			DSIStudio	autotrackgqi
Association_CingulumR	rtap	TORTOISE_model-MAPMRI	/scratch/grmpy/SLURM_11194840_49/job-11194840-49-sub-127008/ds/inputs/data/qsiprep/qsiprep/sub-127008/ses-1/dwi/sub-127008_ses-1_acq-multiband_dir-AP_space-ACPC_desc-preproc_dwi.nii.gz	0.0	0.0115067083388566	0.004557117819786	0.0102918222546577	0.0115067083388566	0.0102918222546577	0.004557117819786	0.0157656669616699	0.0157656669616699	sub-127008	ses-1		dir-AP	acq-multiband	space-ACPC			DSIStudio	autotrackgqi
Association_CingulumR	rtop	TORTOISE_model-MAPMRI	/scratch/grmpy/SLURM_11194840_49/job-11194840-49-sub-127008/ds/inputs/data/qsiprep/qsiprep/sub-127008/ses-1/dwi/sub-127008_ses-1_acq-multiband_dir-AP_space-ACPC_desc-preproc_dwi.nii.gz	0.0	0.0002488950267434	8.560434798710048e-05	0.0002371185255469	0.0002488950267434	0.0002371185255469	8.560434798710048e-05	0.0003212470328435	0.0003212470328435	sub-127008	ses-1		dir-AP	acq-multiband	space-ACPC			DSIStudio	autotrackgqi
Association_CingulumR	rtpp	TORTOISE_model-MAPMRI	/scratch/grmpy/SLURM_11194840_49/job-11194840-49-sub-127008/ds/inputs/data/qsiprep/qsiprep/sub-127008/ses-1/dwi/sub-127008_ses-1_acq-multiband_dir-AP_space-ACPC_desc-preproc_dwi.nii.gz	0.0	0.0491280928254127	0.0056568337604403	0.0502307601273059	0.0491280928254127	0.0502307601273059	0.0056568337604403	0.0482801832258701	0.0482801832258701	sub-127008	ses-1		dir-AP	acq-multiband	space-ACPC			DSIStudio	autotrackgqi
Association_InferiorLongitudinalFasciculusL	ad	TORTOISE_model-MAPMRI	/scratch/grmpy/SLURM_11194840_49/job-11194840-49-sub-127008/ds/inputs/data/qsiprep/qsiprep/sub-127008/ses-1/dwi/sub-127008_ses-1_acq-multiband_dir-AP_space-ACPC_desc-preproc_dwi.nii.gz	0.0006079643327591	1083.14083972409	232.75478170688012	1033.477808452203	1083.7997513167438	1033.5490711292075	231.2868707094001	1189.3767710769555	1189.3900288227874	sub-127008	ses-1		dir-AP	acq-multiband	space-ACPC			DSIStudio	autotrackgqi
Association_InferiorLongitudinalFasciculusL	am	TORTOISE_model-MAPMRI	/scratch/grmpy/SLURM_11194840_49/job-11194840-49-sub-127008/ds/inputs/data/qsiprep/qsiprep/sub-127008/ses-1/dwi/sub-127008_ses-1_acq-multiband_dir-AP_space-ACPC_desc-preproc_dwi.nii.gz	0.0006079643327591	5565.2314453125	1122.1361083984375	5505.29541015625	5568.61669921875	5505.845703125	1114.0478515625	5114.3310546875	5114.38818359375	sub-127008	ses-1		dir-AP	acq-multiband	space-ACPC			DSIStudio	autotrackgqi
Association_InferiorLongitudinalFasciculusL	fa	TORTOISE_model-MAPMRI	/scratch/grmpy/SLURM_11194840_49/job-11194840-49-sub-127008/ds/inputs/data/qsiprep/qsiprep/sub-127008/ses-1/dwi/sub-127008_ses-1_acq-multiband_dir-AP_space-ACPC_desc-preproc_dwi.nii.gz	0.0006079643327591	0.346798054150667	0.1966260306270186	0.3281384403588629	0.3470090232599547	0.3282711470467658	0.1964996362017898	0.4757241070855099	0.4757294098883917	sub-127008	ses-1		dir-AP	acq-multiband	space-ACPC			DSIStudio	autotrackgqi
Association_InferiorLongitudinalFasciculusL	li	TORTOISE_model-MAPMRI	/scratch/grmpy/SLURM_11194840_49/job-11194840-49-sub-127008/ds/inputs/data/qsiprep/qsiprep/sub-127008/ses-1/dwi/sub-127008_ses-1_acq-multiband_dir-AP_space-ACPC_desc-preproc_dwi.nii.gz	0.0006079643327591	0.1921504288911819	0.1472936123609542	0.1527280509471893	0.1922673285007476	0.1528684496879577	0.1472621262073516	0.2967561483383178	0.2967594563961029	sub-127008	ses-1		dir-AP	acq-multiband	space-ACPC			DSIStudio	autotrackgqi
Association_InferiorLongitudinalFasciculusL	ng	TORTOISE_model-MAPMRI	/scratch/grmpy/SLURM_11194840_49/job-11194840-49-sub-127008/ds/inputs/data/qsiprep/qsiprep/sub-127008/ses-1/dwi/sub-127008_ses-1_acq-multiband_dir-AP_space-ACPC_desc-preproc_dwi.nii.gz	0.0006079643327591	0.2702401578426361	0.0817348659038543	0.2807425260543823	0.2704045474529266	0.2808289229869842	0.0814874172210693	0.3127142786979675	0.3127177655696869	sub-127008	ses-1		dir-AP	acq-multiband	space-ACPC			DSIStudio	autotrackgqi
Association_InferiorLongitudinalFasciculusL	ngpar	TORTOISE_model-MAPMRI	/scratch/grmpy/SLURM_11194840_49/job-11194840-49-sub-127008/ds/inputs/data/qsiprep/qsiprep/sub-127008/ses-1/dwi/sub-127008_ses-1_acq-multiband_dir-AP_space-ACPC_desc-preproc_dwi.nii.gz	0.0006079643327591	0.128357857465744	0.0382642149925231	0.1274069845676422	0.1284359395503997	0.1274137794971466	0.0381446182727813	0.1309841126203537	0.1309855729341507	sub-127008	ses-1		dir-AP	acq-multiband	space-ACPC			DSIStudio	autotrackgqi
Association_InferiorLongitudinalFasciculusL	ngperp	TORTOISE_model-MAPMRI	/scratch/grmpy/SLURM_11194840_49/job-11194840-49-sub-127008/ds/inputs/data/qsiprep/qsiprep/sub-127008/ses-1/dwi/sub-127008_ses-1_acq-multiband_dir-AP_space-ACPC_desc-preproc_dwi.nii.gz	0.0006079643327591	0.2313127219676971	0.0764781907200813	0.2363928854465484	0.2314534336328506	0.2364247143268585	0.0762882903218269	0.2705737948417663	0.2705768048763275	sub-127008	ses-1		dir-AP	acq-multiband	space-ACPC			DSIStudio	autotrackgqi
Association_InferiorLongitudinalFasciculusL	pa	TORTOISE_model-MAPMRI	/scratch/grmpy/SLURM_11194840_49/job-11194840-49-sub-127008/ds/inputs/data/qsiprep/qsiprep/sub-127008/ses-1/dwi/sub-127008_ses-1_acq-multiband_dir-AP_space-ACPC_desc-preproc_dwi.nii.gz	0.0006079643327591	0.6326441168785095	0.266794741153717	0.6978216171264648	0.6330289840698242	0.6978969573974609	0.2664190530776977	0.800828754901886	0.8008376955986023	sub-127008	ses-1		dir-AP	acq-multiband	space-ACPC			DSIStudio	autotrackgqi
Association_InferiorLongitudinalFasciculusL	path	TORTOISE_model-MAPMRI	/scratch/grmpy/SLURM_11194840_49/job-11194840-49-sub-127008/ds/inputs/data/qsiprep/qsiprep/sub-127008/ses-1/dwi/sub-127008_ses-1_acq-multiband_dir-AP_space-ACPC_desc-preproc_dwi.nii.gz	0.0006079643327591	0.2564693689346313	0.1233539208769798	0.2445380836725235	0.2566253840923309	0.2445694655179977	0.1232290789484977	0.3367354869842529	0.3367392718791961	sub-127008	ses-1		dir-AP	acq-multiband	space-ACPC			DSIStudio	autotrackgqi
Association_InferiorLongitudinalFasciculusL	rd	TORTOISE_model-MAPMRI	/scratch/grmpy/SLURM_11194840_49/job-11194840-49-sub-127008/ds/inputs/data/qsiprep/qsiprep/sub-127008/ses-1/dwi/sub-127008_ses-1_acq-multiband_dir-AP_space-ACPC_desc-preproc_dwi.nii.gz	0.0006079643327591	625.9311717124498	180.2371813405406	617.3178157371809	626.3119470374294	617.4299503500439	179.62939460676714	535.4204151301959	535.4263833845436	sub-127008	ses-1		dir-AP	acq-multiband	space-ACPC			DSIStudio	autotrackgqi
Association_InferiorLongitudinalFasciculusL	rtap	TORTOISE_model-MAPMRI	/scratch/grmpy/SLURM_11194840_49/job-11194840-49-sub-127008/ds/inputs/data/qsiprep/qsiprep/sub-127008/ses-1/dwi/sub-127008_ses-1_acq-multiband_dir-AP_space-ACPC_desc-preproc_dwi.nii.gz	0.0008106191103455	0.0141731929033994	0.0055928947404026	0.0128627307713031	0.0141846919432282	0.0128673380240798	0.0055805682204663	0.0176016278564929	0.0176031403243541	sub-127008	ses-1		dir-AP	acq-multiband	space-ACPC			DSIStudio	autotrackgqi
Association_InferiorLongitudinalFasciculusL	rtop	TORTOISE_model-MAPMRI	/scratch/grmpy/SLURM_11194840_49/job-11194840-49-sub-127008/ds/inputs/data/qsiprep/qsiprep/sub-127008/ses-1/dwi/sub-127008_ses-1_acq-multiband_dir-AP_space-ACPC_desc-preproc_dwi.nii.gz	0.0008106191103455	0.0003052575339097	9.870163194136694e-05	0.0002928208559751	0.0003055051784031	0.0002930308692157	9.83578065643087e-05	0.0003618554910644	0.0003618865448515	sub-127008	ses-1		dir-AP	acq-multiband	space-ACPC			DSIStudio	autotrackgqi
Association_InferiorLongitudinalFasciculusL	rtpp	TORTOISE_model-MAPMRI	/scratch/grmpy/SLURM_11194840_49/job-11194840-49-sub-127008/ds/inputs/data/qsiprep/qsiprep/sub-127008/ses-1/dwi/sub-127008_ses-1_acq-multiband_dir-AP_space-ACPC_desc-preproc_dwi.nii.gz	0.0006079643327591	0.0499636605381965	0.0051274001598358	0.0506702437996864	0.0499940551817417	0.0506769232451915	0.0049786218442022	0.0478004813194274	0.0478010177612304	sub-127008	ses-1		dir-AP	acq-multiband	space-ACPC			DSIStudio	autotrackgqi
Association_InferiorLongitudinalFasciculusR	ad	TORTOISE_model-MAPMRI	/scratch/grmpy/SLURM_11194840_49/job-11194840-49-sub-127008/ds/inputs/data/qsiprep/qsiprep/sub-127008/ses-1/dwi/sub-127008_ses-1_acq-multiband_dir-AP_space-ACPC_desc-preproc_dwi.nii.gz	0.0005808887598024	1134.6431533240273	271.32336530939347	1076.0769690741963	1135.3026378653374	1076.5418072429404	270.0193359731994	1296.475871253133	1296.49967364442	sub-127008	ses-1		dir-AP	acq-multiband	space-ACPC			DSIStudio	autotrackgqi
Association_InferiorLongitudinalFasciculusR	am	TORTOISE_model-MAPMRI	/scratch/grmpy/SLURM_11194840_49/job-11194840-49-sub-127008/ds/inputs/data/qsiprep/qsiprep/sub-127008/ses-1/dwi/sub-127008_ses-1_acq-multiband_dir-AP_space-ACPC_desc-preproc_dwi.nii.gz	0.0005808887598024	5847.20166015625	1263.4676513671875	5681.97802734375	5850.60009765625	5682.49462890625	1255.9437255859375	5370.76171875	5370.8603515625	sub-127008	ses-1		dir-AP	acq-multiband	space-ACPC			DSIStudio	autotrackgqi
Association_InferiorLongitudinalFasciculusR	fa	TORTOISE_model-MAPMRI	/scratch/grmpy/SLURM_11194840_49/job-11194840-49-sub-127008/ds/inputs/data/qsiprep/qsiprep/sub-127008/ses-1/dwi/sub-127008_ses-1_acq-multiband_dir-AP_space-ACPC_desc-preproc_dwi.nii.gz	0.0005808887598024	0.3473234314707535	0.191559200262103	0.3351631861888373	0.3475253050141832	0.3354986040600818	0.191431708711716	0.501694881359613	0.5017040920902393	sub-127008	ses-1		dir-AP	acq-multiband	space-ACPC			DSIStudio	autotrackgqi
Association_InferiorLongitudinalFasciculusR	li	TORTOISE_model-MAPMRI	/scratch/grmpy/SLURM_11194840_49/job-11194840-49-sub-127008/ds/inputs/data/qsiprep/qsiprep/sub-127008/ses-1/dwi/sub-127008_ses-1_acq-multiband_dir-AP_space-ACPC_desc-preproc_dwi.nii.gz	0.0005808887598024	0.1948092877864837	0.1432363390922546	0.1614824682474136	0.1949225068092346	0.1615657955408096	0.1432009190320968	0.3112543821334839	0.3112601041793823	sub-127008	ses-1		dir-AP	acq-multiband	space-ACPC			DSIStudio	autotrackgqi
Association_InferiorLongitudinalFasciculusR	ng	TORTOISE_model-MAPMRI	/scratch/grmpy/SLURM_11194840_49/job-11194840-49-sub-127008/ds/inputs/data/qsiprep/qsiprep/sub-127008/ses-1/dwi/sub-127008_ses-1_acq-multiband_dir-AP_space-ACPC_desc-preproc_dwi.nii.gz	0.0005808887598024	0.2786858379840851	0.0810214355587959	0.2896790206432342	0.2788478136062622	0.2897717654705047	0.0807658433914184	0.3257317245006561	0.325737714767456	sub-127008	ses-1		dir-AP	acq-multiband	space-ACPC			DSIStudio	autotrackgqi
Association_InferiorLongitudinalFasciculusR	ngpar	TORTOISE_model-MAPMRI	/scratch/grmpy/SLURM_11194840_49/job-11194840-49-sub-127008/ds/inputs/data/qsiprep/qsiprep/sub-127008/ses-1/dwi/sub-127008_ses-1_acq-multiband_dir-AP_space-ACPC_desc-preproc_dwi.nii.gz	0.0005808887598024	0.1266611665487289	0.038307961076498	0.1260230839252472	0.1267347931861877	0.1260339319705963	0.0381971560418605	0.1194601356983184	0.1194623336195945	sub-127008	ses-1		dir-AP	acq-multiband	space-ACPC			DSIStudio	autotrackgqi
Association_InferiorLongitudinalFasciculusR	ngperp	TORTOISE_model-MAPMRI	/scratch/grmpy/SLURM_11194840_49/job-11194840-49-sub-127008/ds/inputs/data/qsiprep/qsiprep/sub-127008/ses-1/dwi/sub-127008_ses-1_acq-multiband_dir-AP_space-ACPC_desc-preproc_dwi.nii.gz	0.0005808887598024	0.2413010448217392	0.0756279155611991	0.248475506901741	0.2414412945508957	0.2485167980194091	0.0754257515072822	0.2876796126365661	0.2876848876476288	sub-127008	ses-1		dir-AP	acq-multiband	space-ACPC			DSIStudio	autotrackgqi
Association_InferiorLongitudinalFasciculusR	pa	TORTOISE_model-MAPMRI	/scratch/grmpy/SLURM_11194840_49/job-11194840-49-sub-127008/ds/inputs/data/qsiprep/qsiprep/sub-127008/ses-1/dwi/sub-127008_ses-1_acq-multiband_dir-AP_space-ACPC_desc-preproc_dwi.nii.gz	0.0005808887598024	0.6491036415100098	0.2587276101112366	0.7232946753501892	0.6494808793067932	0.72353196144104	0.2583289444446563	0.8300684094429016	0.8300836682319641	sub-127008	ses-1		dir-AP	acq-multiband	space-ACPC			DSIStudio	autotrackgqi
Association_InferiorLongitudinalFasciculusR	path	TORTOISE_model-MAPMRI	/scratch/grmpy/SLURM_11194840_49/job-11194840-49-sub-127008/ds/inputs/data/qsiprep/qsiprep/sub-127008/ses-1/dwi/sub-127008_ses-1_acq-multiband_dir-AP_space-ACPC_desc-preproc_dwi.nii.gz	0.0005808887598024	0.262855976819992	0.121333010494709	0.2555263936519623	0.2630087435245514	0.2556325793266296	0.1212026104331016	0.3592351078987121	0.3592417240142822	sub-127008	ses-1		dir-AP	acq-multiband	space-ACPC			DSIStudio	autotrackgqi
Association_InferiorLongitudinalFasciculusR	rd	TORTOISE_model-MAPMRI	/scratch/grmpy/SLURM_11194840_49/job-11194840-49-sub-127008/ds/inputs/data/qsiprep/qsiprep/sub-127008/ses-1/dwi/sub-127008_ses-1_acq-multiband_dir-AP_space-ACPC_desc-preproc_dwi.nii.gz	0.0005808887598024	657.1137397051076	218.97665964872823	632.5714384753621	657.49567155033	632.617191712005	218.4663113457766	546.458460366809	546.4684930537513	sub-127008	ses-1		dir-AP	acq-multiband	space-ACPC			DSIStudio	autotrackgqi
Association_InferiorLongitudinalFasciculusR	rtap	TORTOISE_model-MAPMRI	/scratch/grmpy/SLURM_11194840_49/job-11194840-49-sub-127008/ds/inputs/data/qsiprep/qsiprep/sub-127008/ses-1/dwi/sub-127008_ses-1_acq-multiband_dir-AP_space-ACPC_desc-preproc_dwi.nii.gz	0.0006777035531029	0.0137762948870658	0.0051638623699545	0.012702845968306	0.0137856369838118	0.012707257643342	0.0051531316712498	0.0179179497063159	0.0179183036088943	sub-127008	ses-1		dir-AP	acq-multiband	space-ACPC			DSIStudio	autotrackgqi
Association_InferiorLongitudinalFasciculusR	rtop	TORTOISE_model-MAPMRI	/scratch/grmpy/SLURM_11194840_49/job-11194840-49-sub-127008/ds/inputs/data/qsiprep/qsiprep/sub-127008/ses-1/dwi/sub-127008_ses-1_acq-multiband_dir-AP_space-ACPC_desc-preproc_dwi.nii.gz	0.0006777035531029	0.0002905456058215	8.816500485409051e-05	0.0002823181566782	0.0002907426678575	0.0002824018010869	8.786952093942091e-05	0.0003466657362878	0.0003466726047918	sub-127008	ses-1		dir-AP	acq-multiband	space-ACPC			DSIStudio	autotrackgqi
Association_InferiorLongitudinalFasciculusR	rtpp	TORTOISE_model-MAPMRI	/scratch/grmpy/SLURM_11194840_49/job-11194840-49-sub-127008/ds/inputs/data/qsiprep/qsiprep/sub-127008/ses-1/dwi/sub-127008_ses-1_acq-multiband_dir-AP_space-ACPC_desc-preproc_dwi.nii.gz	0.0005808887598024	0.0488431416451931	0.0054950797930359	0.0495496317744255	0.0488715283572673	0.0495521463453769	0.0053689889609813	0.0455646552145481	0.0455654896795749	sub-127008	ses-1		dir-AP	acq-multiband	space-ACPC			DSIStudio	autotrackgqi
Association_ArcuateFasciculusR	ad	TORTOISE_model-MAPMRI	/scratch/grmpy/SLURM_11194840_49/job-11194840-49-sub-127008/ds/inputs/data/qsiprep/qsiprep/sub-127008/ses-1/dwi/sub-127008_ses-1_acq-multiband_dir-AP_space-ACPC_desc-preproc_dwi.nii.gz	0.0001529987760097	1102.830888187859	247.4407102917135	1059.410315138423	1102.9996457836032	1059.446232984439	247.08325442315245	1151.086310190247	1151.0938565763524	sub-127008	ses-1		dir-AP	acq-multiband	space-ACPC			DSIStudio	autotrackgqi
Association_ArcuateFasciculusR	am	TORTOISE_model-MAPMRI	/scratch/grmpy/SLURM_11194840_49/job-11194840-49-sub-127008/ds/inputs/data/qsiprep/qsiprep/sub-127008/ses-1/dwi/sub-127008_ses-1_acq-multiband_dir-AP_space-ACPC_desc-preproc_dwi.nii.gz	0.0001529987760097	5761.07470703125	1144.8555908203125	5571.3994140625	5761.9560546875	5571.4140625	1142.7227783203125	5307.974609375	5308.00927734375	sub-127008	ses-1		dir-AP	acq-multiband	space-ACPC			DSIStudio	autotrackgqi
Association_ArcuateFasciculusR	fa	TORTOISE_model-MAPMRI	/scratch/grmpy/SLURM_11194840_49/job-11194840-49-sub-127008/ds/inputs/data/qsiprep/qsiprep/sub-127008/ses-1/dwi/sub-127008_ses-1_acq-multiband_dir-AP_space-ACPC_desc-preproc_dwi.nii.gz	0.0001529987760097	0.3489872631008729	0.1832420135102001	0.3477929192284296	0.3490406658955326	0.3478022468204449	0.1832051688450011	0.4569936481361342	0.4569966442531746	sub-127008	ses-1		dir-AP	acq-multiband	space-ACPC			DSIStudio	autotrackgqi
Association_ArcuateFasciculusR	li	TORTOISE_model-MAPMRI	/scratch/grmpy/SLURM_11194840_49/job-11194840-49-sub-127008/ds/inputs/data/qsiprep/qsiprep/sub-127008/ses-1/dwi/sub-127008_ses-1_acq-multiband_dir-AP_space-ACPC_desc-preproc_dwi.nii.gz	0.0004589963280293	0.2047228962182998	0.1400220692157745	0.1821535527706146	0.2048169076442718	0.1822328567504882	0.1399854570627212	0.2809180617332458	0.280921459197998	sub-127008	ses-1		dir-AP	acq-multiband	space-ACPC			DSIStudio	autotrackgqi
Association_ArcuateFasciculusR	ng	TORTOISE_model-MAPMRI	/scratch/grmpy/SLURM_11194840_49/job-11194840-49-sub-127008/ds/inputs/data/qsiprep/qsiprep/sub-127008/ses-1/dwi/sub-127008_ses-1_acq-multiband_dir-AP_space-ACPC_desc-preproc_dwi.nii.gz	0.0001529987760097	0.2841054797172546	0.0844934657216072	0.3079828321933746	0.2841489613056183	0.3079944849014282	0.0844267979264259	0.3324227333068847	0.332424908876419	sub-127008	ses-1		dir-AP	acq-multiband	space-ACPC			DSIStudio	autotrackgqi
Association_ArcuateFasciculusR	ngpar	TORTOISE_model-MAPMRI	/scratch/grmpy/SLURM_11194840_49/job-11194840-49-sub-127008/ds/inputs/data/qsiprep/qsiprep/sub-127008/ses-1/dwi/sub-127008_ses-1_acq-multiband_dir-AP_space-ACPC_desc-preproc_dwi.nii.gz	0.0001529987760097	0.1252222657203674	0.0396557338535785	0.1216295957565307	0.1252414286136627	0.1216314658522605	0.0396284982562065	0.1317162066698074	0.1317170709371566	sub-127008	ses-1		dir-AP	acq-multiband	space-ACPC			DSIStudio	autotrackgqi
Association_ArcuateFasciculusR	ngperp	TORTOISE_model-MAPMRI	/scratch/grmpy/SLURM_11194840_49/job-11194840-49-sub-127008/ds/inputs/data/qsiprep/qsiprep/sub-127008/ses-1/dwi/sub-127008_ses-1_acq-multiband_dir-AP_space-ACPC_desc-preproc_dwi.nii.gz	0.0001529987760097	0.2456107288599014	0.0742837265133857	0.2584376335144043	0.2456483244895935	0.2584752440452575	0.0742272436618805	0.284958928823471	0.2849608063697815	sub-127008	ses-1		dir-AP	acq-multiband	space-ACPC			DSIStudio	autotrackgqi
Association_ArcuateFasciculusR	pa	TORTOISE_model-MAPMRI	/scratch/grmpy/SLURM_11194840_49/job-11194840-49-sub-127008/ds/inputs/data/qsiprep/qsiprep/sub-127008/ses-1/dwi/sub-127008_ses-1_acq-multiband_dir-AP_space-ACPC_desc-preproc_dwi.nii.gz	0.0001529987760097	0.6626043915748596	0.2553519606590271	0.7573251724243164	0.6627057790756226	0.7574329972267151	0.2552399039268493	0.8160198926925659	0.8160251975059509	sub-127008	ses-1		dir-AP	acq-multiband	space-ACPC			DSIStudio	autotrackgqi
Association_ArcuateFasciculusR	path	TORTOISE_model-MAPMRI	/scratch/grmpy/SLURM_11194840_49/job-11194840-49-sub-127008/ds/inputs/data/qsiprep/qsiprep/sub-127008/ses-1/dwi/sub-127008_ses-1_acq-multiband_dir-AP_space-ACPC_desc-preproc_dwi.nii.gz	0.0001529987760097	0.2664007544517517	0.1168441027402877	0.2716129422187805	0.2664415240287781	0.2716669142246246	0.1168065518140792	0.3345557153224945	0.3345579206943512	sub-127008	ses-1		dir-AP	acq-multiband	space-ACPC			DSIStudio	autotrackgqi
Association_ArcuateFasciculusR	rd	TORTOISE_model-MAPMRI	/scratch/grmpy/SLURM_11194840_49/job-11194840-49-sub-127008/ds/inputs/data/qsiprep/qsiprep/sub-127008/ses-1/dwi/sub-127008_ses-1_acq-multiband_dir-AP_space-ACPC_desc-preproc_dwi.nii.gz	0.0001529987760097	645.7086216851925	233.6598442337908	615.1618553640484	645.8074294314335	615.1733473289869	233.5411453499136	546.3490000148807	546.352581589845	sub-127008	ses-1		dir-AP	acq-multiband	space-ACPC			DSIStudio	autotrackgqi
Association_ArcuateFasciculusR	rtap	TORTOISE_model-MAPMRI	/scratch/grmpy/SLURM_11194840_49/job-11194840-49-sub-127008/ds/inputs/data/qsiprep/qsiprep/sub-127008/ses-1/dwi/sub-127008_ses-1_acq-multiband_dir-AP_space-ACPC_desc-preproc_dwi.nii.gz	0.0004589963280293	0.0143308816477656	0.0051972325891256	0.013741978444159	0.0143374623730778	0.0137462364509701	0.0051893428899347	0.017521996051073	0.0175231117755174	sub-127008	ses-1		dir-AP	acq-multiband	space-ACPC			DSIStudio	autotrackgqi
Association_ArcuateFasciculusR	rtop	TORTOISE_model-MAPMRI	/scratch/grmpy/SLURM_11194840_49/job-11194840-49-sub-127008/ds/inputs/data/qsiprep/qsiprep/sub-127008/ses-1/dwi/sub-127008_ses-1_acq-multiband_dir-AP_space-ACPC_desc-preproc_dwi.nii.gz	0.0004589963280293	0.0003068731166422	9.585130464984104e-05	0.0003032041422557	0.0003070140373893	0.0003033696266356	9.564741048961878e-05	0.000368570734281	0.0003685941919684	sub-127008	ses-1		dir-AP	acq-multiband	space-ACPC			DSIStudio	autotrackgqi
Association_ArcuateFasciculusR	rtpp	TORTOISE_model-MAPMRI	/scratch/grmpy/SLURM_11194840_49/job-11194840-49-sub-127008/ds/inputs/data/qsiprep/qsiprep/sub-127008/ses-1/dwi/sub-127008_ses-1_acq-multiband_dir-AP_space-ACPC_desc-preproc_dwi.nii.gz	0.0001529987760097	0.0495798923075199	0.0048034470528364	0.050170674920082	0.0495874769985675	0.0501708984375	0.0047644958831369	0.0489536188542842	0.0489539355039596	sub-127008	ses-1		dir-AP	acq-multiband	space-ACPC			DSIStudio	autotrackgqi
Association_UncinateFasciculusL	ad	TORTOISE_model-MAPMRI	/scratch/grmpy/SLURM_11194840_49/job-11194840-49-sub-127008/ds/inputs/data/qsiprep/qsiprep/sub-127008/ses-1/dwi/sub-127008_ses-1_acq-multiband_dir-AP_space-ACPC_desc-preproc_dwi.nii.gz	0.0010766580534022	1111.9292579410003	332.80339863463735	1055.4083281143444	1113.1277158607472	1055.4989543710894	330.9734771050446	1142.386309693381	1142.4753819430473	sub-127008	ses-1		dir-AP	acq-multiband	space-ACPC			DSIStudio	autotrackgqi
Association_UncinateFasciculusL	am	TORTOISE_model-MAPMRI	/scratch/grmpy/SLURM_11194840_49/job-11194840-49-sub-127008/ds/inputs/data/qsiprep/qsiprep/sub-127008/ses-1/dwi/sub-127008_ses-1_acq-multiband_dir-AP_space-ACPC_desc-preproc_dwi.nii.gz	0.0010766580534022	5884.67724609375	1517.1392822265625	5685.796875	5891.01953125	5688.07568359375	1505.598876953125	5346.404296875	5346.8212890625	sub-127008	ses-1		dir-AP	acq-multiband	space-ACPC			DSIStudio	autotrackgqi
Association_UncinateFasciculusL	fa	TORTOISE_model-MAPMRI	/scratch/grmpy/SLURM_11194840_49/job-11194840-49-sub-127008/ds/inputs/data/qsiprep/qsiprep/sub-127008/ses-1/dwi/sub-127008_ses-1_acq-multiband_dir-AP_space-ACPC_desc-preproc_dwi.nii.gz	0.0010766580534022	0.2952217694700083	0.1575875070534738	0.2722866602823441	0.2955399649533776	0.2727654644357046	0.1573739154065769	0.3929980204542048	0.3930286627309583	sub-127008	ses-1		dir-AP	acq-multiband	space-ACPC			DSIStudio	autotrackgqi
Association_UncinateFasciculusL	li	TORTOISE_model-MAPMRI	/scratch/grmpy/SLURM_11194840_49/job-11194840-49-sub-127008/ds/inputs/data/qsiprep/qsiprep/sub-127008/ses-1/dwi/sub-127008_ses-1_acq-multiband_dir-AP_space-ACPC_desc-preproc_dwi.nii.gz	0.0010766580534022	0.1609421521425247	0.1153605654835701	0.1251312345266342	0.1611156165599823	0.1251534670591354	0.1153015792369842	0.2347838431596756	0.2348021566867828	sub-127008	ses-1		dir-AP	acq-multiband	space-ACPC			DSIStudio	autotrackgqi
Association_UncinateFasciculusL	ng	TORTOISE_model-MAPMRI	/scratch/grmpy/SLURM_11194840_49/job-11194840-49-sub-127008/ds/inputs/data/qsiprep/qsiprep/sub-127008/ses-1/dwi/sub-127008_ses-1_acq-multiband_dir-AP_space-ACPC_desc-preproc_dwi.nii.gz	0.0010766580534022	0.2543226778507232	0.0835197642445564	0.2568056583404541	0.2545967698097229	0.2568888068199157	0.083146147429943	0.2918803691864013	0.2919031381607055	sub-127008	ses-1		dir-AP	acq-multiband	space-ACPC			DSIStudio	autotrackgqi
Association_UncinateFasciculusL	ngpar	TORTOISE_model-MAPMRI	/scratch/grmpy/SLURM_11194840_49/job-11194840-49-sub-127008/ds/inputs/data/qsiprep/qsiprep/sub-127008/ses-1/dwi/sub-127008_ses-1_acq-multiband_dir-AP_space-ACPC_desc-preproc_dwi.nii.gz	0.0010766580534022	0.1319763660430908	0.0490199066698551	0.1279488801956176	0.1321186125278473	0.1280041337013244	0.0488543510437011	0.1336219906806945	0.133632406592369	sub-127008	ses-1		dir-AP	acq-multiband	space-ACPC			DSIStudio	autotrackgqi
Association_UncinateFasciculusL	ngperp	TORTOISE_model-MAPMRI	/scratch/grmpy/SLURM_11194840_49/job-11194840-49-sub-127008/ds/inputs/data/qsiprep/qsiprep/sub-127008/ses-1/dwi/sub-127008_ses-1_acq-multiband_dir-AP_space-ACPC_desc-preproc_dwi.nii.gz	0.0010766580534022	0.2101888209581375	0.0723462179303169	0.2130145728588104	0.2104153633117675	0.2130856662988662	0.0720551759004592	0.2464721947908401	0.2464914172887802	sub-127008	ses-1		dir-AP	acq-multiband	space-ACPC			DSIStudio	autotrackgqi
Association_UncinateFasciculusL	pa	TORTOISE_model-MAPMRI	/scratch/grmpy/SLURM_11194840_49/job-11194840-49-sub-127008/ds/inputs/data/qsiprep/qsiprep/sub-127008/ses-1/dwi/sub-127008_ses-1_acq-multiband_dir-AP_space-ACPC_desc-preproc_dwi.nii.gz	0.0010766580534022	0.5786153674125671	0.2328558266162872	0.592086672782898	0.579239010810852	0.5928691029548645	0.2322047352790832	0.7328771352767944	0.732934296131134	sub-127008	ses-1		dir-AP	acq-multiband	space-ACPC			DSIStudio	autotrackgqi
Association_UncinateFasciculusL	path	TORTOISE_model-MAPMRI	/scratch/grmpy/SLURM_11194840_49/job-11194840-49-sub-127008/ds/inputs/data/qsiprep/qsiprep/sub-127008/ses-1/dwi/sub-127008_ses-1_acq-multiband_dir-AP_space-ACPC_desc-preproc_dwi.nii.gz	0.0010766580534022	0.2198572307825088	0.0934067219495773	0.2054739594459533	0.2200941890478134	0.2057342678308487	0.0931775942444801	0.2821870148181915	0.2822090089321136	sub-127008	ses-1		dir-AP	acq-multiband	space-ACPC			DSIStudio	autotrackgqi
Association_UncinateFasciculusL	rd	TORTOISE_model-MAPMRI	/scratch/grmpy/SLURM_11194840_49/job-11194840-49-sub-127008/ds/inputs/data/qsiprep/qsiprep/sub-127008/ses-1/dwi/sub-127008_ses-1_acq-multiband_dir-AP_space-ACPC_desc-preproc_dwi.nii.gz	0.0010766580534022	717.0674392968618	315.2094931936702	670.4273480379633	717.8403078453603	670.4486291178362	314.49851707343555	613.409884400468	613.4577120276973	sub-127008	ses-1		dir-AP	acq-multiband	space-ACPC			DSIStudio	autotrackgqi
Association_UncinateFasciculusL	rtap	TORTOISE_model-MAPMRI	/scratch/grmpy/SLURM_11194840_49/job-11194840-49-sub-127008/ds/inputs/data/qsiprep/qsiprep/sub-127008/ses-1/dwi/sub-127008_ses-1_acq-multiband_dir-AP_space-ACPC_desc-preproc_dwi.nii.gz	0.0015073212747631	0.0116243045777082	0.0037978121545165	0.0107497768476605	0.0116418525576591	0.0107609704136848	0.0037737062666565	0.0140798762440681	0.0140810739248991	sub-127008	ses-1		dir-AP	acq-multiband	space-ACPC			DSIStudio	autotrackgqi
Association_UncinateFasciculusL	rtop	TORTOISE_model-MAPMRI	/scratch/grmpy/SLURM_11194840_49/job-11194840-49-sub-127008/ds/inputs/data/qsiprep/qsiprep/sub-127008/ses-1/dwi/sub-127008_ses-1_acq-multiband_dir-AP_space-ACPC_desc-preproc_dwi.nii.gz	0.0015073212747631	0.000252554891631	7.394812564598396e-05	0.0002431450702715	0.0002529361518099	0.0002432607288938	7.33494816813618e-05	0.0002976655086968	0.0002976908290293	sub-127008	ses-1		dir-AP	acq-multiband	space-ACPC			DSIStudio	autotrackgqi
Association_UncinateFasciculusL	rtpp	TORTOISE_model-MAPMRI	/scratch/grmpy/SLURM_11194840_49/job-11194840-49-sub-127008/ds/inputs/data/qsiprep/qsiprep/sub-127008/ses-1/dwi/sub-127008_ses-1_acq-multiband_dir-AP_space-ACPC_desc-preproc_dwi.nii.gz	0.0010766580534022	0.0493192262947559	0.0055169286206364	0.0498674809932708	0.0493723824620246	0.0498755984008312	0.0052768182940781	0.0484571456909179	0.0484609231352806	sub-127008	ses-1		dir-AP	acq-multiband	space-ACPC			DSIStudio	autotrackgqi
Association_SuperiorLongitudinalFasciculusR	ad	TORTOISE_model-MAPMRI	/scratch/grmpy/SLURM_11194840_49/job-11194840-49-sub-127008/ds/inputs/data/qsiprep/qsiprep/sub-127008/ses-1/dwi/sub-127008_ses-1_acq-multiband_dir-AP_space-ACPC_desc-preproc_dwi.nii.gz	0.0	1069.7486672468503	219.2268351063181	1023.3712760960434	1069.7486672468503	1023.3712760960434	219.2268351063181	1138.7688534852264	1138.7688534852264	sub-127008	ses-1		dir-AP	acq-multiband	space-ACPC			DSIStudio	autotrackgqi
Association_SuperiorLongitudinalFasciculusR	am	TORTOISE_model-MAPMRI	/scratch/grmpy/SLURM_11194840_49/job-11194840-49-sub-127008/ds/inputs/data/qsiprep/qsiprep/sub-127008/ses-1/dwi/sub-127008_ses-1_acq-multiband_dir-AP_space-ACPC_desc-preproc_dwi.nii.gz	0.0	5759.1708984375	995.3521728515624	5602.2529296875	5759.1708984375	5602.2529296875	995.3521728515624	5070.49609375	5070.49609375	sub-127008	ses-1		dir-AP	acq-multiband	space-ACPC			DSIStudio	autotrackgqi
Association_SuperiorLongitudinalFasciculusR	fa	TORTOISE_model-MAPMRI	/scratch/grmpy/SLURM_11194840_49/job-11194840-49-sub-127008/ds/inputs/data/qsiprep/qsiprep/sub-127008/ses-1/dwi/sub-127008_ses-1_acq-multiband_dir-AP_space-ACPC_desc-preproc_dwi.nii.gz	0.0	0.3352011742745752	0.1797315396969314	0.3306860540010069	0.3352011742745752	0.3306860540010069	0.1797315396969314	0.4604038038848614	0.4604038038848614	sub-127008	ses-1		dir-AP	acq-multiband	space-ACPC			DSIStudio	autotrackgqi
Association_SuperiorLongitudinalFasciculusR	li	TORTOISE_model-MAPMRI	/scratch/grmpy/SLURM_11194840_49/job-11194840-49-sub-127008/ds/inputs/data/qsiprep/qsiprep/sub-127008/ses-1/dwi/sub-127008_ses-1_acq-multiband_dir-AP_space-ACPC_desc-preproc_dwi.nii.gz	0.000265780730897	0.1950907260179519	0.1379832178354263	0.1676495522260666	0.1951425969600677	0.1678755581378936	0.1379648745059967	0.3030784130096435	0.303079754114151	sub-127008	ses-1		dir-AP	acq-multiband	space-ACPC			DSIStudio	autotrackgqi
Association_SuperiorLongitudinalFasciculusR	ng	TORTOISE_model-MAPMRI	/scratch/grmpy/SLURM_11194840_49/job-11194840-49-sub-127008/ds/inputs/data/qsiprep/qsiprep/sub-127008/ses-1/dwi/sub-127008_ses-1_acq-multiband_dir-AP_space-ACPC_desc-preproc_dwi.nii.gz	0.0	0.2767889201641083	0.0803999304771423	0.2914330959320068	0.2767889201641083	0.2914330959320068	0.0803999304771423	0.3210137188434601	0.3210137188434601	sub-127008	ses-1		dir-AP	acq-multiband	space-ACPC			DSIStudio	autotrackgqi
Association_SuperiorLongitudinalFasciculusR	ngpar	TORTOISE_model-MAPMRI	/scratch/grmpy/SLURM_11194840_49/job-11194840-49-sub-127008/ds/inputs/data/qsiprep/qsiprep/sub-127008/ses-1/dwi/sub-127008_ses-1_acq-multiband_dir-AP_space-ACPC_desc-preproc_dwi.nii.gz	0.0	0.125438243150711	0.0375749468803405	0.1224259883165359	0.125438243150711	0.1224259883165359	0.0375749468803405	0.1286273896694183	0.1286273896694183	sub-127008	ses-1		dir-AP	acq-multiband	space-ACPC			DSIStudio	autotrackgqi
Association_SuperiorLongitudinalFasciculusR	ngperp	TORTOISE_model-MAPMRI	/scratch/grmpy/SLURM_11194840_49/job-11194840-49-sub-127008/ds/inputs/data/qsiprep/qsiprep/sub-127008/ses-1/dwi/sub-127008_ses-1_acq-multiband_dir-AP_space-ACPC_desc-preproc_dwi.nii.gz	0.0	0.2380333840847015	0.0708609148859977	0.2451221346855163	0.2380333840847015	0.2451221346855163	0.0708609148859977	0.2746866047382355	0.2746866047382355	sub-127008	ses-1		dir-AP	acq-multiband	space-ACPC			DSIStudio	autotrackgqi
Association_SuperiorLongitudinalFasciculusR	pa	TORTOISE_model-MAPMRI	/scratch/grmpy/SLURM_11194840_49/job-11194840-49-sub-127008/ds/inputs/data/qsiprep/qsiprep/sub-127008/ses-1/dwi/sub-127008_ses-1_acq-multiband_dir-AP_space-ACPC_desc-preproc_dwi.nii.gz	0.0	0.6437633633613586	0.2550745606422424	0.7250025272369385	0.6437633633613586	0.7250025272369385	0.2550745606422424	0.8117927312850952	0.8117927312850952	sub-127008	ses-1		dir-AP	acq-multiband	space-ACPC			DSIStudio	autotrackgqi
Association_SuperiorLongitudinalFasciculusR	path	TORTOISE_model-MAPMRI	/scratch/grmpy/SLURM_11194840_49/job-11194840-49-sub-127008/ds/inputs/data/qsiprep/qsiprep/sub-127008/ses-1/dwi/sub-127008_ses-1_acq-multiband_dir-AP_space-ACPC_desc-preproc_dwi.nii.gz	0.0	0.2563244998455047	0.1137158572673797	0.2562926411628723	0.2563244998455047	0.2562926411628723	0.1137158572673797	0.3376428186893463	0.3376428186893463	sub-127008	ses-1		dir-AP	acq-multiband	space-ACPC			DSIStudio	autotrackgqi
Association_SuperiorLongitudinalFasciculusR	rd	TORTOISE_model-MAPMRI	/scratch/grmpy/SLURM_11194840_49/job-11194840-49-sub-127008/ds/inputs/data/qsiprep/qsiprep/sub-127008/ses-1/dwi/sub-127008_ses-1_acq-multiband_dir-AP_space-ACPC_desc-preproc_dwi.nii.gz	0.0	643.7631660774823	211.36228347760607	615.1503633991099	643.7631660774823	615.1503633991099	211.36228347760607	547.2111472053456	547.2111472053456	sub-127008	ses-1		dir-AP	acq-multiband	space-ACPC			DSIStudio	autotrackgqi
Association_SuperiorLongitudinalFasciculusR	rtap	TORTOISE_model-MAPMRI	/scratch/grmpy/SLURM_11194840_49/job-11194840-49-sub-127008/ds/inputs/data/qsiprep/qsiprep/sub-127008/ses-1/dwi/sub-127008_ses-1_acq-multiband_dir-AP_space-ACPC_desc-preproc_dwi.nii.gz	0.0	0.0141060631722211	0.0050176493823528	0.0134621821343898	0.0141060631722211	0.0134621821343898	0.0050176493823528	0.0176595579832792	0.0176595579832792	sub-127008	ses-1		dir-AP	acq-multiband	space-ACPC			DSIStudio	autotrackgqi
Association_SuperiorLongitudinalFasciculusR	rtop	TORTOISE_model-MAPMRI	/scratch/grmpy/SLURM_11194840_49/job-11194840-49-sub-127008/ds/inputs/data/qsiprep/qsiprep/sub-127008/ses-1/dwi/sub-127008_ses-1_acq-multiband_dir-AP_space-ACPC_desc-preproc_dwi.nii.gz	0.0	0.0003065874916501	9.411863720742986e-05	0.0003004056634381	0.0003065874916501	0.0003004056634381	9.411863720742986e-05	0.0003716835926752	0.0003716835926752	sub-127008	ses-1		dir-AP	acq-multiband	space-ACPC			DSIStudio	autotrackgqi
Association_SuperiorLongitudinalFasciculusR	rtpp	TORTOISE_model-MAPMRI	/scratch/grmpy/SLURM_11194840_49/job-11194840-49-sub-127008/ds/inputs/data/qsiprep/qsiprep/sub-127008/ses-1/dwi/sub-127008_ses-1_acq-multiband_dir-AP_space-ACPC_desc-preproc_dwi.nii.gz	0.0	0.0503443665802478	0.0043932502157986	0.0509837977588176	0.0503443665802478	0.0509837977588176	0.0043932502157986	0.0491358935832977	0.0491358935832977	sub-127008	ses-1		dir-AP	acq-multiband	space-ACPC			DSIStudio	autotrackgqi
Association_FrontalAslantTractR	ad	TORTOISE_model-MAPMRI	/scratch/grmpy/SLURM_11194840_49/job-11194840-49-sub-127008/ds/inputs/data/qsiprep/qsiprep/sub-127008/ses-1/dwi/sub-127008_ses-1_acq-multiband_dir-AP_space-ACPC_desc-preproc_dwi.nii.gz	0.0	1126.231854553009	242.3335065834999	1079.313967184234	1126.231854553009	1079.313967184234	242.3335065834999	1190.2904396383658	1190.2904396383658	sub-127008	ses-1		dir-AP	acq-multiband	space-ACPC			DSIStudio	autotrackgqi
Association_FrontalAslantTractR	am	TORTOISE_model-MAPMRI	/scratch/grmpy/SLURM_11194840_49/job-11194840-49-sub-127008/ds/inputs/data/qsiprep/qsiprep/sub-127008/ses-1/dwi/sub-127008_ses-1_acq-multiband_dir-AP_space-ACPC_desc-preproc_dwi.nii.gz	0.0	5536.2705078125	960.4157104492188	5358.126953125	5536.2705078125	5358.126953125	960.4157104492188	5182.65673828125	5182.65673828125	sub-127008	ses-1		dir-AP	acq-multiband	space-ACPC			DSIStudio	autotrackgqi
Association_FrontalAslantTractR	fa	TORTOISE_model-MAPMRI	/scratch/grmpy/SLURM_11194840_49/job-11194840-49-sub-127008/ds/inputs/data/qsiprep/qsiprep/sub-127008/ses-1/dwi/sub-127008_ses-1_acq-multiband_dir-AP_space-ACPC_desc-preproc_dwi.nii.gz	0.0	0.365996161396227	0.1802774392764664	0.3666355959243641	0.365996161396227	0.3666355959243641	0.1802774392764664	0.4601708189447829	0.4601708189447829	sub-127008	ses-1		dir-AP	acq-multiband	space-ACPC			DSIStudio	autotrackgqi
Association_FrontalAslantTractR	li	TORTOISE_model-MAPMRI	/scratch/grmpy/SLURM_11194840_49/job-11194840-49-sub-127008/ds/inputs/data/qsiprep/qsiprep/sub-127008/ses-1/dwi/sub-127008_ses-1_acq-multiband_dir-AP_space-ACPC_desc-preproc_dwi.nii.gz	0.0001560549313358	0.2210302501916885	0.1419690698385238	0.2052685320377349	0.2210647463798523	0.205330416560173	0.1419532746076584	0.3021889626979828	0.3021901249885559	sub-127008	ses-1		dir-AP	acq-multiband	space-ACPC			DSIStudio	autotrackgqi
Association_FrontalAslantTractR	ng	TORTOISE_model-MAPMRI	/scratch/grmpy/SLURM_11194840_49/job-11194840-49-sub-127008/ds/inputs/data/qsiprep/qsiprep/sub-127008/ses-1/dwi/sub-127008_ses-1_acq-multiband_dir-AP_space-ACPC_desc-preproc_dwi.nii.gz	0.0	0.2915630340576172	0.0803026854991912	0.3184788227081299	0.2915630340576172	0.3184788227081299	0.0803026854991912	0.3318302631378174	0.3318302631378174	sub-127008	ses-1		dir-AP	acq-multiband	space-ACPC			DSIStudio	autotrackgqi
Association_FrontalAslantTractR	ngpar	TORTOISE_model-MAPMRI	/scratch/grmpy/SLURM_11194840_49/job-11194840-49-sub-127008/ds/inputs/data/qsiprep/qsiprep/sub-127008/ses-1/dwi/sub-127008_ses-1_acq-multiband_dir-AP_space-ACPC_desc-preproc_dwi.nii.gz	0.0	0.1307051479816436	0.0386758483946323	0.1297259032726287	0.1307051479816436	0.1297259032726287	0.0386758483946323	0.1335363686084747	0.1335363686084747	sub-127008	ses-1		dir-AP	acq-multiband	space-ACPC			DSIStudio	autotrackgqi
Association_FrontalAslantTractR	ngperp	TORTOISE_model-MAPMRI	/scratch/grmpy/SLURM_11194840_49/job-11194840-49-sub-127008/ds/inputs/data/qsiprep/qsiprep/sub-127008/ses-1/dwi/sub-127008_ses-1_acq-multiband_dir-AP_space-ACPC_desc-preproc_dwi.nii.gz	0.0	0.2493888139724731	0.0728839933872222	0.2665278315544128	0.2493888139724731	0.2665278315544128	0.0728839933872222	0.2855210304260254	0.2855210304260254	sub-127008	ses-1		dir-AP	acq-multiband	space-ACPC			DSIStudio	autotrackgqi
Association_FrontalAslantTractR	pa	TORTOISE_model-MAPMRI	/scratch/grmpy/SLURM_11194840_49/job-11194840-49-sub-127008/ds/inputs/data/qsiprep/qsiprep/sub-127008/ses-1/dwi/sub-127008_ses-1_acq-multiband_dir-AP_space-ACPC_desc-preproc_dwi.nii.gz	0.0	0.6829410195350647	0.2421037405729293	0.7831668853759766	0.6829410195350647	0.7831668853759766	0.2421037405729293	0.8112077713012695	0.8112077713012695	sub-127008	ses-1		dir-AP	acq-multiband	space-ACPC			DSIStudio	autotrackgqi
Association_FrontalAslantTractR	path	TORTOISE_model-MAPMRI	/scratch/grmpy/SLURM_11194840_49/job-11194840-49-sub-127008/ds/inputs/data/qsiprep/qsiprep/sub-127008/ses-1/dwi/sub-127008_ses-1_acq-multiband_dir-AP_space-ACPC_desc-preproc_dwi.nii.gz	0.0	0.2736712992191314	0.112733170390129	0.2851871252059936	0.2736712992191314	0.2851871252059936	0.112733170390129	0.333300769329071	0.333300769329071	sub-127008	ses-1		dir-AP	acq-multiband	space-ACPC			DSIStudio	autotrackgqi
Association_FrontalAslantTractR	rd	TORTOISE_model-MAPMRI	/scratch/grmpy/SLURM_11194840_49/job-11194840-49-sub-127008/ds/inputs/data/qsiprep/qsiprep/sub-127008/ses-1/dwi/sub-127008_ses-1_acq-multiband_dir-AP_space-ACPC_desc-preproc_dwi.nii.gz	0.0	640.8468522722262	241.62539781852536	604.2401750656104	640.8468522722262	604.2401750656104	241.62539781852536	556.0710792081139	556.0710792081139	sub-127008	ses-1		dir-AP	acq-multiband	space-ACPC			DSIStudio	autotrackgqi
Association_FrontalAslantTractR	rtap	TORTOISE_model-MAPMRI	/scratch/grmpy/SLURM_11194840_49/job-11194840-49-sub-127008/ds/inputs/data/qsiprep/qsiprep/sub-127008/ses-1/dwi/sub-127008_ses-1_acq-multiband_dir-AP_space-ACPC_desc-preproc_dwi.nii.gz	0.0	0.0145540675148367	0.0052864635363221	0.0141483936458826	0.0145540675148367	0.0141483936458826	0.0052864635363221	0.0171095989644527	0.0171095989644527	sub-127008	ses-1		dir-AP	acq-multiband	space-ACPC			DSIStudio	autotrackgqi
Association_FrontalAslantTractR	rtop	TORTOISE_model-MAPMRI	/scratch/grmpy/SLURM_11194840_49/job-11194840-49-sub-127008/ds/inputs/data/qsiprep/qsiprep/sub-127008/ses-1/dwi/sub-127008_ses-1_acq-multiband_dir-AP_space-ACPC_desc-preproc_dwi.nii.gz	0.0	0.0003105371142737	9.49929526541382e-05	0.0003132250276394	0.0003105371142737	0.0003132250276394	9.49929526541382e-05	0.0003544562496244	0.0003544562496244	sub-127008	ses-1		dir-AP	acq-multiband	space-ACPC			DSIStudio	autotrackgqi
Association_FrontalAslantTractR	rtpp	TORTOISE_model-MAPMRI	/scratch/grmpy/SLURM_11194840_49/job-11194840-49-sub-127008/ds/inputs/data/qsiprep/qsiprep/sub-127008/ses-1/dwi/sub-127008_ses-1_acq-multiband_dir-AP_space-ACPC_desc-preproc_dwi.nii.gz	0.0	0.0491447485983371	0.0046611898578703	0.0497330576181411	0.0491447485983371	0.0497330576181411	0.0046611898578703	0.0478881858289241	0.0478881858289241	sub-127008	ses-1		dir-AP	acq-multiband	space-ACPC			DSIStudio	autotrackgqi
Association_HippocampusAlveusR	ad	TORTOISE_model-MAPMRI	/scratch/grmpy/SLURM_11194840_49/job-11194840-49-sub-127008/ds/inputs/data/qsiprep/qsiprep/sub-127008/ses-1/dwi/sub-127008_ses-1_acq-multiband_dir-AP_space-ACPC_desc-preproc_dwi.nii.gz	0.0	1374.314268651245	602.4212443223663	1160.292812714737	1374.314268651245	1160.292812714737	602.4212443223663	1418.094931897588	1418.094931897588	sub-127008	ses-1		dir-AP	acq-multiband	space-ACPC			DSIStudio	autotrackgqi
Association_HippocampusAlveusR	am	TORTOISE_model-MAPMRI	/scratch/grmpy/SLURM_11194840_49/job-11194840-49-sub-127008/ds/inputs/data/qsiprep/qsiprep/sub-127008/ses-1/dwi/sub-127008_ses-1_acq-multiband_dir-AP_space-ACPC_desc-preproc_dwi.nii.gz	0.0	7112.08984375	2003.88037109375	6699.96435546875	7112.08984375	6699.96435546875	2003.88037109375	7071.310546875	7071.310546875	sub-127008	ses-1		dir-AP	acq-multiband	space-ACPC			DSIStudio	autotrackgqi
Association_HippocampusAlveusR	fa	TORTOISE_model-MAPMRI	/scratch/grmpy/SLURM_11194840_49/job-11194840-49-sub-127008/ds/inputs/data/qsiprep/qsiprep/sub-127008/ses-1/dwi/sub-127008_ses-1_acq-multiband_dir-AP_space-ACPC_desc-preproc_dwi.nii.gz	0.0	0.2686411941558028	0.1591811042423284	0.2262533731536871	0.2686411941558028	0.2262533731536871	0.1591811042423284	0.2822774351650542	0.2822774351650542	sub-127008	ses-1		dir-AP	acq-multiband	space-ACPC			DSIStudio	autotrackgqi
Association_HippocampusAlveusR	li	TORTOISE_model-MAPMRI	/scratch/grmpy/SLURM_11194840_49/job-11194840-49-sub-127008/ds/inputs/data/qsiprep/qsiprep/sub-127008/ses-1/dwi/sub-127008_ses-1_acq-multiband_dir-AP_space-ACPC_desc-preproc_dwi.nii.gz	0.0	0.1465518623590469	0.1101342961192131	0.1120267361402511	0.1465518623590469	0.1120267361402511	0.1101342961192131	0.1579017043113708	0.1579017043113708	sub-127008	ses-1		dir-AP	acq-multiband	space-ACPC			DSIStudio	autotrackgqi
Association_HippocampusAlveusR	ng	TORTOISE_model-MAPMRI	/scratch/grmpy/SLURM_11194840_49/job-11194840-49-sub-127008/ds/inputs/data/qsiprep/qsiprep/sub-127008/ses-1/dwi/sub-127008_ses-1_acq-multiband_dir-AP_space-ACPC_desc-preproc_dwi.nii.gz	0.0	0.2532715201377868	0.0880823507905006	0.2525932192802429	0.2532715201377868	0.2525932192802429	0.0880823507905006	0.2734009623527527	0.2734009623527527	sub-127008	ses-1		dir-AP	acq-multiband	space-ACPC			DSIStudio	autotrackgqi
Association_HippocampusAlveusR	ngpar	TORTOISE_model-MAPMRI	/scratch/grmpy/SLURM_11194840_49/job-11194840-49-sub-127008/ds/inputs/data/qsiprep/qsiprep/sub-127008/ses-1/dwi/sub-127008_ses-1_acq-multiband_dir-AP_space-ACPC_desc-preproc_dwi.nii.gz	0.0	0.1285846084356308	0.0437408052384853	0.1261163800954818	0.1285846084356308	0.1261163800954818	0.0437408052384853	0.1339842081069946	0.1339842081069946	sub-127008	ses-1		dir-AP	acq-multiband	space-ACPC			DSIStudio	autotrackgqi
Association_HippocampusAlveusR	ngperp	TORTOISE_model-MAPMRI	/scratch/grmpy/SLURM_11194840_49/job-11194840-49-sub-127008/ds/inputs/data/qsiprep/qsiprep/sub-127008/ses-1/dwi/sub-127008_ses-1_acq-multiband_dir-AP_space-ACPC_desc-preproc_dwi.nii.gz	0.0	0.2141785025596618	0.0779340118169784	0.2148845493793487	0.2141785025596618	0.2148845493793487	0.0779340118169784	0.2336340844631195	0.2336340844631195	sub-127008	ses-1		dir-AP	acq-multiband	space-ACPC			DSIStudio	autotrackgqi
Association_HippocampusAlveusR	pa	TORTOISE_model-MAPMRI	/scratch/grmpy/SLURM_11194840_49/job-11194840-49-sub-127008/ds/inputs/data/qsiprep/qsiprep/sub-127008/ses-1/dwi/sub-127008_ses-1_acq-multiband_dir-AP_space-ACPC_desc-preproc_dwi.nii.gz	0.0	0.5474992394447327	0.2343319803476333	0.5434776544570923	0.5474992394447327	0.5434776544570923	0.2343319803476333	0.5906770825386047	0.5906770825386047	sub-127008	ses-1		dir-AP	acq-multiband	space-ACPC			DSIStudio	autotrackgqi
Association_HippocampusAlveusR	path	TORTOISE_model-MAPMRI	/scratch/grmpy/SLURM_11194840_49/job-11194840-49-sub-127008/ds/inputs/data/qsiprep/qsiprep/sub-127008/ses-1/dwi/sub-127008_ses-1_acq-multiband_dir-AP_space-ACPC_desc-preproc_dwi.nii.gz	0.0	0.2087388932704925	0.0942614823579788	0.1898963153362274	0.2087388932704925	0.1898963153362274	0.0942614823579788	0.2225681841373443	0.2225681841373443	sub-127008	ses-1		dir-AP	acq-multiband	space-ACPC			DSIStudio	autotrackgqi
Association_HippocampusAlveusR	rd	TORTOISE_model-MAPMRI	/scratch/grmpy/SLURM_11194840_49/job-11194840-49-sub-127008/ds/inputs/data/qsiprep/qsiprep/sub-127008/ses-1/dwi/sub-127008_ses-1_acq-multiband_dir-AP_space-ACPC_desc-preproc_dwi.nii.gz	0.0	926.7527863878856	523.3548297195944	736.8103569161433	926.7527863878856	736.8103569161433	523.3548297195944	936.0040977009462	936.0040977009462	sub-127008	ses-1		dir-AP	acq-multiband	space-ACPC			DSIStudio	autotrackgqi
Association_HippocampusAlveusR	rtap	TORTOISE_model-MAPMRI	/scratch/grmpy/SLURM_11194840_49/job-11194840-49-sub-127008/ds/inputs/data/qsiprep/qsiprep/sub-127008/ses-1/dwi/sub-127008_ses-1_acq-multiband_dir-AP_space-ACPC_desc-preproc_dwi.nii.gz	0.0	0.0098336460068821	0.0040985895320773	0.0093108136206865	0.0098336460068821	0.0093108136206865	0.0040985895320773	0.0097761917859315	0.0097761917859315	sub-127008	ses-1		dir-AP	acq-multiband	space-ACPC			DSIStudio	autotrackgqi
Association_HippocampusAlveusR	rtop	TORTOISE_model-MAPMRI	/scratch/grmpy/SLURM_11194840_49/job-11194840-49-sub-127008/ds/inputs/data/qsiprep/qsiprep/sub-127008/ses-1/dwi/sub-127008_ses-1_acq-multiband_dir-AP_space-ACPC_desc-preproc_dwi.nii.gz	0.0	0.0002019749517785	8.252850966528058e-05	0.0002085900341626	0.0002019749517785	0.0002085900341626	8.252850966528058e-05	0.0001956191117642	0.0001956191117642	sub-127008	ses-1		dir-AP	acq-multiband	space-ACPC			DSIStudio	autotrackgqi
Association_HippocampusAlveusR	rtpp	TORTOISE_model-MAPMRI	/scratch/grmpy/SLURM_11194840_49/job-11194840-49-sub-127008/ds/inputs/data/qsiprep/qsiprep/sub-127008/ses-1/dwi/sub-127008_ses-1_acq-multiband_dir-AP_space-ACPC_desc-preproc_dwi.nii.gz	0.0	0.0453204736113548	0.0081685613840818	0.0475253984332084	0.0453204736113548	0.0475253984332084	0.0081685613840818	0.0439895093441009	0.0439895093441009	sub-127008	ses-1		dir-AP	acq-multiband	space-ACPC			DSIStudio	autotrackgqi
Association_InferiorFrontoOccipitalFasciculusL	ad	TORTOISE_model-MAPMRI	/scratch/grmpy/SLURM_11194840_49/job-11194840-49-sub-127008/ds/inputs/data/qsiprep/qsiprep/sub-127008/ses-1/dwi/sub-127008_ses-1_acq-multiband_dir-AP_space-ACPC_desc-preproc_dwi.nii.gz	0.0012036327825801	1126.179018752435	243.73423631992304	1081.3723265209292	1127.5361582360324	1081.9444859504936	240.72337598695756	1283.260055265646	1283.2781060451025	sub-127008	ses-1		dir-AP	acq-multiband	space-ACPC			DSIStudio	autotrackgqi
Association_InferiorFrontoOccipitalFasciculusL	am	TORTOISE_model-MAPMRI	/scratch/grmpy/SLURM_11194840_49/job-11194840-49-sub-127008/ds/inputs/data/qsiprep/qsiprep/sub-127008/ses-1/dwi/sub-127008_ses-1_acq-multiband_dir-AP_space-ACPC_desc-preproc_dwi.nii.gz	0.0012036327825801	5617.2021484375	994.9676513671876	5572.36962890625	5623.9716796875	5573.6435546875	976.2601928710938	5274.40283203125	5274.4775390625	sub-127008	ses-1		dir-AP	acq-multiband	space-ACPC			DSIStudio	autotrackgqi
Association_InferiorFrontoOccipitalFasciculusL	fa	TORTOISE_model-MAPMRI	/scratch/grmpy/SLURM_11194840_49/job-11194840-49-sub-127008/ds/inputs/data/qsiprep/qsiprep/sub-127008/ses-1/dwi/sub-127008_ses-1_acq-multiband_dir-AP_space-ACPC_desc-preproc_dwi.nii.gz	0.0012036327825801	0.3652325748695603	0.1974886766012652	0.3659573638053366	0.3656727105316511	0.3663779793084278	0.1971999801577325	0.5395995063891454	0.5396070965532193	sub-127008	ses-1		dir-AP	acq-multiband	space-ACPC			DSIStudio	autotrackgqi
Association_InferiorFrontoOccipitalFasciculusL	li	TORTOISE_model-MAPMRI	/scratch/grmpy/SLURM_11194840_49/job-11194840-49-sub-127008/ds/inputs/data/qsiprep/qsiprep/sub-127008/ses-1/dwi/sub-127008_ses-1_acq-multiband_dir-AP_space-ACPC_desc-preproc_dwi.nii.gz	0.0012036327825801	0.2113861143589019	0.150779128074646	0.1883355528116226	0.2116408497095108	0.1884903907775879	0.1506911814212799	0.358644425868988	0.3586494624614715	sub-127008	ses-1		dir-AP	acq-multiband	space-ACPC			DSIStudio	autotrackgqi
Association_InferiorFrontoOccipitalFasciculusL	ng	TORTOISE_model-MAPMRI	/scratch/grmpy/SLURM_11194840_49/job-11194840-49-sub-127008/ds/inputs/data/qsiprep/qsiprep/sub-127008/ses-1/dwi/sub-127008_ses-1_acq-multiband_dir-AP_space-ACPC_desc-preproc_dwi.nii.gz	0.0012036327825801	0.2894019484519958	0.0724201574921608	0.3037289679050445	0.289750725030899	0.3038306832313537	0.0717631354928016	0.3213813602924347	0.3213858604431152	sub-127008	ses-1		dir-AP	acq-multiband	space-ACPC			DSIStudio	autotrackgqi
Association_InferiorFrontoOccipitalFasciculusL	ngpar	TORTOISE_model-MAPMRI	/scratch/grmpy/SLURM_11194840_49/job-11194840-49-sub-127008/ds/inputs/data/qsiprep/qsiprep/sub-127008/ses-1/dwi/sub-127008_ses-1_acq-multiband_dir-AP_space-ACPC_desc-preproc_dwi.nii.gz	0.0012036327825801	0.1293276995420456	0.0362111143767833	0.1287260502576828	0.1294835358858108	0.1287685930728912	0.0359533727169036	0.114209346473217	0.1142109557986259	sub-127008	ses-1		dir-AP	acq-multiband	space-ACPC			DSIStudio	autotrackgqi
Association_InferiorFrontoOccipitalFasciculusL	ngperp	TORTOISE_model-MAPMRI	/scratch/grmpy/SLURM_11194840_49/job-11194840-49-sub-127008/ds/inputs/data/qsiprep/qsiprep/sub-127008/ses-1/dwi/sub-127008_ses-1_acq-multiband_dir-AP_space-ACPC_desc-preproc_dwi.nii.gz	0.0012036327825801	0.2490092813968658	0.0681638419628143	0.2587760984897613	0.2493093609809875	0.2589417099952698	0.0676542446017265	0.2780491709709167	0.2780530750751495	sub-127008	ses-1		dir-AP	acq-multiband	space-ACPC			DSIStudio	autotrackgqi
Association_InferiorFrontoOccipitalFasciculusL	pa	TORTOISE_model-MAPMRI	/scratch/grmpy/SLURM_11194840_49/job-11194840-49-sub-127008/ds/inputs/data/qsiprep/qsiprep/sub-127008/ses-1/dwi/sub-127008_ses-1_acq-multiband_dir-AP_space-ACPC_desc-preproc_dwi.nii.gz	0.0012036327825801	0.6771214604377747	0.2500222623348236	0.7746691107749939	0.6779374480247498	0.775243878364563	0.2490648180246353	0.8638489246368408	0.8638610243797302	sub-127008	ses-1		dir-AP	acq-multiband	space-ACPC			DSIStudio	autotrackgqi
Association_InferiorFrontoOccipitalFasciculusL	path	TORTOISE_model-MAPMRI	/scratch/grmpy/SLURM_11194840_49/job-11194840-49-sub-127008/ds/inputs/data/qsiprep/qsiprep/sub-127008/ses-1/dwi/sub-127008_ses-1_acq-multiband_dir-AP_space-ACPC_desc-preproc_dwi.nii.gz	0.0012036327825801	0.2746506333351135	0.119659423828125	0.2805737853050232	0.2749816179275512	0.2808809280395508	0.119350828230381	0.3764635920524597	0.3764688968658447	sub-127008	ses-1		dir-AP	acq-multiband	space-ACPC			DSIStudio	autotrackgqi
Association_InferiorFrontoOccipitalFasciculusL	rd	TORTOISE_model-MAPMRI	/scratch/grmpy/SLURM_11194840_49/job-11194840-49-sub-127008/ds/inputs/data/qsiprep/qsiprep/sub-127008/ses-1/dwi/sub-127008_ses-1_acq-multiband_dir-AP_space-ACPC_desc-preproc_dwi.nii.gz	0.0012036327825801	628.3796586261539	195.5341359050261	610.8238742688939	629.136908433876	611.0124612202167	194.43060245362616	501.6441704304328	501.651226893906	sub-127008	ses-1		dir-AP	acq-multiband	space-ACPC			DSIStudio	autotrackgqi
Association_InferiorFrontoOccipitalFasciculusL	rtap	TORTOISE_model-MAPMRI	/scratch/grmpy/SLURM_11194840_49/job-11194840-49-sub-127008/ds/inputs/data/qsiprep/qsiprep/sub-127008/ses-1/dwi/sub-127008_ses-1_acq-multiband_dir-AP_space-ACPC_desc-preproc_dwi.nii.gz	0.0013130539446328	0.0146089689806103	0.0054925763979554	0.0137366820126771	0.0146281765773892	0.0137584805488586	0.0054705655202269	0.0195432212203741	0.019543508067727	sub-127008	ses-1		dir-AP	acq-multiband	space-ACPC			DSIStudio	autotrackgqi
Association_InferiorFrontoOccipitalFasciculusL	rtop	TORTOISE_model-MAPMRI	/scratch/grmpy/SLURM_11194840_49/job-11194840-49-sub-127008/ds/inputs/data/qsiprep/qsiprep/sub-127008/ses-1/dwi/sub-127008_ses-1_acq-multiband_dir-AP_space-ACPC_desc-preproc_dwi.nii.gz	0.0013130539446328	0.000307834270643	8.850373706081882e-05	0.0003058916190639	0.0003082389885094	0.0003060653689317	8.78547434695065e-05	0.0003754177887458	0.0003754233184736	sub-127008	ses-1		dir-AP	acq-multiband	space-ACPC			DSIStudio	autotrackgqi
Association_InferiorFrontoOccipitalFasciculusL	rtpp	TORTOISE_model-MAPMRI	/scratch/grmpy/SLURM_11194840_49/job-11194840-49-sub-127008/ds/inputs/data/qsiprep/qsiprep/sub-127008/ses-1/dwi/sub-127008_ses-1_acq-multiband_dir-AP_space-ACPC_desc-preproc_dwi.nii.gz	0.0012036327825801	0.0490794628858566	0.0053257709369063	0.0495893023908138	0.049138605594635	0.0495960786938667	0.0050489325076341	0.0458508729934692	0.0458515211939811	sub-127008	ses-1		dir-AP	acq-multiband	space-ACPC			DSIStudio	autotrackgqi
Association_ExtremeCapsuleR	ad	TORTOISE_model-MAPMRI	/scratch/grmpy/SLURM_11194840_49/job-11194840-49-sub-127008/ds/inputs/data/qsiprep/qsiprep/sub-127008/ses-1/dwi/sub-127008_ses-1_acq-multiband_dir-AP_space-ACPC_desc-preproc_dwi.nii.gz	0.0	1168.994894738105	326.42051230912284	1114.662157126124	1168.994894738105	1114.662157126124	326.42051230912284	1209.573407789694	1209.573407789694	sub-127008	ses-1		dir-AP	acq-multiband	space-ACPC			DSIStudio	autotrackgqi
Association_ExtremeCapsuleR	am	TORTOISE_model-MAPMRI	/scratch/grmpy/SLURM_11194840_49/job-11194840-49-sub-127008/ds/inputs/data/qsiprep/qsiprep/sub-127008/ses-1/dwi/sub-127008_ses-1_acq-multiband_dir-AP_space-ACPC_desc-preproc_dwi.nii.gz	0.0	6070.7939453125	1096.5146484375	5849.84619140625	6070.7939453125	5849.84619140625	1096.5146484375	5942.14697265625	5942.14697265625	sub-127008	ses-1		dir-AP	acq-multiband	space-ACPC			DSIStudio	autotrackgqi
Association_ExtremeCapsuleR	fa	TORTOISE_model-MAPMRI	/scratch/grmpy/SLURM_11194840_49/job-11194840-49-sub-127008/ds/inputs/data/qsiprep/qsiprep/sub-127008/ses-1/dwi/sub-127008_ses-1_acq-multiband_dir-AP_space-ACPC_desc-preproc_dwi.nii.gz	0.0	0.3766364353312805	0.1946566192667399	0.3821712617672498	0.3766364353312805	0.3821712617672498	0.1946566192667399	0.4617351057153404	0.4617351057153404	sub-127008	ses-1		dir-AP	acq-multiband	space-ACPC			DSIStudio	autotrackgqi
Association_ExtremeCapsuleR	li	TORTOISE_model-MAPMRI	/scratch/grmpy/SLURM_11194840_49/job-11194840-49-sub-127008/ds/inputs/data/qsiprep/qsiprep/sub-127008/ses-1/dwi/sub-127008_ses-1_acq-multiband_dir-AP_space-ACPC_desc-preproc_dwi.nii.gz	0.0	0.2300592362880706	0.1515952348709106	0.2153177559375763	0.2300592362880706	0.2153177559375763	0.1515952348709106	0.2925468683242798	0.2925468683242798	sub-127008	ses-1		dir-AP	acq-multiband	space-ACPC			DSIStudio	autotrackgqi
Association_ExtremeCapsuleR	ng	TORTOISE_model-MAPMRI	/scratch/grmpy/SLURM_11194840_49/job-11194840-49-sub-127008/ds/inputs/data/qsiprep/qsiprep/sub-127008/ses-1/dwi/sub-127008_ses-1_acq-multiband_dir-AP_space-ACPC_desc-preproc_dwi.nii.gz	0.0	0.2912047505378723	0.0784923359751701	0.3139514923095703	0.2912047505378723	0.3139514923095703	0.0784923359751701	0.3042254447937011	0.3042254447937011	sub-127008	ses-1		dir-AP	acq-multiband	space-ACPC			DSIStudio	autotrackgqi
Association_ExtremeCapsuleR	ngpar	TORTOISE_model-MAPMRI	/scratch/grmpy/SLURM_11194840_49/job-11194840-49-sub-127008/ds/inputs/data/qsiprep/qsiprep/sub-127008/ses-1/dwi/sub-127008_ses-1_acq-multiband_dir-AP_space-ACPC_desc-preproc_dwi.nii.gz	0.0	0.1300183981657028	0.040004339069128	0.1259979009628296	0.1300183981657028	0.1259979009628296	0.040004339069128	0.1217426508665084	0.1217426508665084	sub-127008	ses-1		dir-AP	acq-multiband	space-ACPC			DSIStudio	autotrackgqi
Association_ExtremeCapsuleR	ngperp	TORTOISE_model-MAPMRI	/scratch/grmpy/SLURM_11194840_49/job-11194840-49-sub-127008/ds/inputs/data/qsiprep/qsiprep/sub-127008/ses-1/dwi/sub-127008_ses-1_acq-multiband_dir-AP_space-ACPC_desc-preproc_dwi.nii.gz	0.0	0.2501594424247741	0.0695240497589111	0.2645621597766876	0.2501594424247741	0.2645621597766876	0.0695240497589111	0.2639049887657165	0.2639049887657165	sub-127008	ses-1		dir-AP	acq-multiband	space-ACPC			DSIStudio	autotrackgqi
Association_ExtremeCapsuleR	pa	TORTOISE_model-MAPMRI	/scratch/grmpy/SLURM_11194840_49/job-11194840-49-sub-127008/ds/inputs/data/qsiprep/qsiprep/sub-127008/ses-1/dwi/sub-127008_ses-1_acq-multiband_dir-AP_space-ACPC_desc-preproc_dwi.nii.gz	0.0	0.6914331912994385	0.2377557158470153	0.7760509848594666	0.6914331912994385	0.7760509848594666	0.2377557158470153	0.7860232591629028	0.7860232591629028	sub-127008	ses-1		dir-AP	acq-multiband	space-ACPC			DSIStudio	autotrackgqi
Association_ExtremeCapsuleR	path	TORTOISE_model-MAPMRI	/scratch/grmpy/SLURM_11194840_49/job-11194840-49-sub-127008/ds/inputs/data/qsiprep/qsiprep/sub-127008/ses-1/dwi/sub-127008_ses-1_acq-multiband_dir-AP_space-ACPC_desc-preproc_dwi.nii.gz	0.0	0.2797105312347412	0.1160908564925193	0.281313419342041	0.2797105312347412	0.281313419342041	0.1160908564925193	0.3257483839988708	0.3257483839988708	sub-127008	ses-1		dir-AP	acq-multiband	space-ACPC			DSIStudio	autotrackgqi
Association_ExtremeCapsuleR	rd	TORTOISE_model-MAPMRI	/scratch/grmpy/SLURM_11194840_49/job-11194840-49-sub-127008/ds/inputs/data/qsiprep/qsiprep/sub-127008/ses-1/dwi/sub-127008_ses-1_acq-multiband_dir-AP_space-ACPC_desc-preproc_dwi.nii.gz	0.0	650.4620710591136	314.5079393122934	594.7653921845315	650.4620710591136	594.7653921845315	314.5079393122934	558.2688530302007	558.2688530302007	sub-127008	ses-1		dir-AP	acq-multiband	space-ACPC			DSIStudio	autotrackgqi
Association_ExtremeCapsuleR	rtap	TORTOISE_model-MAPMRI	/scratch/grmpy/SLURM_11194840_49/job-11194840-49-sub-127008/ds/inputs/data/qsiprep/qsiprep/sub-127008/ses-1/dwi/sub-127008_ses-1_acq-multiband_dir-AP_space-ACPC_desc-preproc_dwi.nii.gz	0.0	0.0147614665329456	0.0056380359455943	0.0143068879842758	0.0147614665329456	0.0143068879842758	0.0056380359455943	0.0169191099703311	0.0169191099703311	sub-127008	ses-1		dir-AP	acq-multiband	space-ACPC			DSIStudio	autotrackgqi
Association_ExtremeCapsuleR	rtop	TORTOISE_model-MAPMRI	/scratch/grmpy/SLURM_11194840_49/job-11194840-49-sub-127008/ds/inputs/data/qsiprep/qsiprep/sub-127008/ses-1/dwi/sub-127008_ses-1_acq-multiband_dir-AP_space-ACPC_desc-preproc_dwi.nii.gz	0.0	0.0003099575696978	0.0001011408385238	0.0003113592392764	0.0003099575696978	0.0003113592392764	0.0001011408385238	0.000342223822372	0.000342223822372	sub-127008	ses-1		dir-AP	acq-multiband	space-ACPC			DSIStudio	autotrackgqi
Association_ExtremeCapsuleR	rtpp	TORTOISE_model-MAPMRI	/scratch/grmpy/SLURM_11194840_49/job-11194840-49-sub-127008/ds/inputs/data/qsiprep/qsiprep/sub-127008/ses-1/dwi/sub-127008_ses-1_acq-multiband_dir-AP_space-ACPC_desc-preproc_dwi.nii.gz	0.0	0.0483890734612941	0.0054885847494006	0.0487183332443237	0.0483890734612941	0.0487183332443237	0.0054885847494006	0.0472314283251762	0.0472314283251762	sub-127008	ses-1		dir-AP	acq-multiband	space-ACPC			DSIStudio	autotrackgqi
Association_FrontalAslantTractL	ad	TORTOISE_model-MAPMRI	/scratch/grmpy/SLURM_11194840_49/job-11194840-49-sub-127008/ds/inputs/data/qsiprep/qsiprep/sub-127008/ses-1/dwi/sub-127008_ses-1_acq-multiband_dir-AP_space-ACPC_desc-preproc_dwi.nii.gz	0.0	1109.361729816436	261.33309349658145	1059.842144269575	1109.361729816436	1059.842144269575	261.33309349658145	1141.5609103410563	1141.5609103410563	sub-127008	ses-1		dir-AP	acq-multiband	space-ACPC			DSIStudio	autotrackgqi
Association_FrontalAslantTractL	am	TORTOISE_model-MAPMRI	/scratch/grmpy/SLURM_11194840_49/job-11194840-49-sub-127008/ds/inputs/data/qsiprep/qsiprep/sub-127008/ses-1/dwi/sub-127008_ses-1_acq-multiband_dir-AP_space-ACPC_desc-preproc_dwi.nii.gz	0.0	5631.91650390625	943.9969482421876	5441.5439453125	5631.91650390625	5441.5439453125	943.9969482421876	5200.3251953125	5200.3251953125	sub-127008	ses-1		dir-AP	acq-multiband	space-ACPC			DSIStudio	autotrackgqi
Association_FrontalAslantTractL	fa	TORTOISE_model-MAPMRI	/scratch/grmpy/SLURM_11194840_49/job-11194840-49-sub-127008/ds/inputs/data/qsiprep/qsiprep/sub-127008/ses-1/dwi/sub-127008_ses-1_acq-multiband_dir-AP_space-ACPC_desc-preproc_dwi.nii.gz	0.0	0.3400580939587477	0.1783246920764	0.3347247625282544	0.3400580939587477	0.3347247625282544	0.1783246920764	0.4305293952136602	0.4305293952136602	sub-127008	ses-1		dir-AP	acq-multiband	space-ACPC			DSIStudio	autotrackgqi
Association_FrontalAslantTractL	li	TORTOISE_model-MAPMRI	/scratch/grmpy/SLURM_11194840_49/job-11194840-49-sub-127008/ds/inputs/data/qsiprep/qsiprep/sub-127008/ses-1/dwi/sub-127008_ses-1_acq-multiband_dir-AP_space-ACPC_desc-preproc_dwi.nii.gz	0.0003165057762304	0.198262333869934	0.1369963884353637	0.1749750524759292	0.1983251124620437	0.1750251352787017	0.1369726359844207	0.2713487148284912	0.2713511288166046	sub-127008	ses-1		dir-AP	acq-multiband	space-ACPC			DSIStudio	autotrackgqi
Association_FrontalAslantTractL	ng	TORTOISE_model-MAPMRI	/scratch/grmpy/SLURM_11194840_49/job-11194840-49-sub-127008/ds/inputs/data/qsiprep/qsiprep/sub-127008/ses-1/dwi/sub-127008_ses-1_acq-multiband_dir-AP_space-ACPC_desc-preproc_dwi.nii.gz	0.0	0.2847595512866974	0.0805771052837371	0.3079352080821991	0.2847595512866974	0.3079352080821991	0.0805771052837371	0.3257859349250793	0.3257859349250793	sub-127008	ses-1		dir-AP	acq-multiband	space-ACPC			DSIStudio	autotrackgqi
Association_FrontalAslantTractL	ngpar	TORTOISE_model-MAPMRI	/scratch/grmpy/SLURM_11194840_49/job-11194840-49-sub-127008/ds/inputs/data/qsiprep/qsiprep/sub-127008/ses-1/dwi/sub-127008_ses-1_acq-multiband_dir-AP_space-ACPC_desc-preproc_dwi.nii.gz	0.0	0.1323420256376266	0.0375576987862587	0.1304402351379394	0.1323420256376266	0.1304402351379394	0.0375576987862587	0.1390854716300964	0.1390854716300964	sub-127008	ses-1		dir-AP	acq-multiband	space-ACPC			DSIStudio	autotrackgqi
Association_FrontalAslantTractL	ngperp	TORTOISE_model-MAPMRI	/scratch/grmpy/SLURM_11194840_49/job-11194840-49-sub-127008/ds/inputs/data/qsiprep/qsiprep/sub-127008/ses-1/dwi/sub-127008_ses-1_acq-multiband_dir-AP_space-ACPC_desc-preproc_dwi.nii.gz	0.0	0.2434809952974319	0.0727758407592773	0.2574407458305359	0.2434809952974319	0.2574407458305359	0.0727758407592773	0.2794800102710724	0.2794800102710724	sub-127008	ses-1		dir-AP	acq-multiband	space-ACPC			DSIStudio	autotrackgqi
Association_FrontalAslantTractL	pa	TORTOISE_model-MAPMRI	/scratch/grmpy/SLURM_11194840_49/job-11194840-49-sub-127008/ds/inputs/data/qsiprep/qsiprep/sub-127008/ses-1/dwi/sub-127008_ses-1_acq-multiband_dir-AP_space-ACPC_desc-preproc_dwi.nii.gz	0.0	0.6521425247192383	0.2529028654098511	0.7480623722076416	0.6521425247192383	0.7480623722076416	0.2529028654098511	0.7850196361541748	0.7850196361541748	sub-127008	ses-1		dir-AP	acq-multiband	space-ACPC			DSIStudio	autotrackgqi
Association_FrontalAslantTractL	path	TORTOISE_model-MAPMRI	/scratch/grmpy/SLURM_11194840_49/job-11194840-49-sub-127008/ds/inputs/data/qsiprep/qsiprep/sub-127008/ses-1/dwi/sub-127008_ses-1_acq-multiband_dir-AP_space-ACPC_desc-preproc_dwi.nii.gz	0.0	0.2597278654575348	0.1130872368812561	0.2670527100563049	0.2597278654575348	0.2670527100563049	0.1130872368812561	0.3188892602920532	0.3188892602920532	sub-127008	ses-1		dir-AP	acq-multiband	space-ACPC			DSIStudio	autotrackgqi
Association_FrontalAslantTractL	rd	TORTOISE_model-MAPMRI	/scratch/grmpy/SLURM_11194840_49/job-11194840-49-sub-127008/ds/inputs/data/qsiprep/qsiprep/sub-127008/ses-1/dwi/sub-127008_ses-1_acq-multiband_dir-AP_space-ACPC_desc-preproc_dwi.nii.gz	0.0	667.0405241765014	275.308695742342	621.5225038437188	667.0405241765014	621.5225038437188	275.308695742342	572.9146211693826	572.9146211693826	sub-127008	ses-1		dir-AP	acq-multiband	space-ACPC			DSIStudio	autotrackgqi
Association_FrontalAslantTractL	rtap	TORTOISE_model-MAPMRI	/scratch/grmpy/SLURM_11194840_49/job-11194840-49-sub-127008/ds/inputs/data/qsiprep/qsiprep/sub-127008/ses-1/dwi/sub-127008_ses-1_acq-multiband_dir-AP_space-ACPC_desc-preproc_dwi.nii.gz	0.0	0.0139165539294481	0.0050925947725772	0.0133536932989954	0.0139165539294481	0.0133536932989954	0.0050925947725772	0.016447240486741	0.016447240486741	sub-127008	ses-1		dir-AP	acq-multiband	space-ACPC			DSIStudio	autotrackgqi
Association_FrontalAslantTractL	rtop	TORTOISE_model-MAPMRI	/scratch/grmpy/SLURM_11194840_49/job-11194840-49-sub-127008/ds/inputs/data/qsiprep/qsiprep/sub-127008/ses-1/dwi/sub-127008_ses-1_acq-multiband_dir-AP_space-ACPC_desc-preproc_dwi.nii.gz	0.0	0.0003015863767359	9.499723091721536e-05	0.0003040362207684	0.0003015863767359	0.0003040362207684	9.499723091721536e-05	0.0003502139588817	0.0003502139588817	sub-127008	ses-1		dir-AP	acq-multiband	space-ACPC			DSIStudio	autotrackgqi
Association_FrontalAslantTractL	rtpp	TORTOISE_model-MAPMRI	/scratch/grmpy/SLURM_11194840_49/job-11194840-49-sub-127008/ds/inputs/data/qsiprep/qsiprep/sub-127008/ses-1/dwi/sub-127008_ses-1_acq-multiband_dir-AP_space-ACPC_desc-preproc_dwi.nii.gz	0.0	0.04954170063138	0.0049455580301582	0.0502073653042316	0.04954170063138	0.0502073653042316	0.0049455580301582	0.0488897413015365	0.0488897413015365	sub-127008	ses-1		dir-AP	acq-multiband	space-ACPC			DSIStudio	autotrackgqi
Association_MiddleLongitudinalFasciculusR	ad	TORTOISE_model-MAPMRI	/scratch/grmpy/SLURM_11194840_49/job-11194840-49-sub-127008/ds/inputs/data/qsiprep/qsiprep/sub-127008/ses-1/dwi/sub-127008_ses-1_acq-multiband_dir-AP_space-ACPC_desc-preproc_dwi.nii.gz	0.0	1093.5525873556282	235.13190564636605	1054.790280367993	1093.5525873556282	1054.790280367993	235.13190564636605	1177.0550799643977	1177.0550799643977	sub-127008	ses-1		dir-AP	acq-multiband	space-ACPC			DSIStudio	autotrackgqi
Association_MiddleLongitudinalFasciculusR	am	TORTOISE_model-MAPMRI	/scratch/grmpy/SLURM_11194840_49/job-11194840-49-sub-127008/ds/inputs/data/qsiprep/qsiprep/sub-127008/ses-1/dwi/sub-127008_ses-1_acq-multiband_dir-AP_space-ACPC_desc-preproc_dwi.nii.gz	0.0	5786.83251953125	1006.5841674804688	5653.087890625	5786.83251953125	5653.087890625	1006.5841674804688	5489.5361328125	5489.5361328125	sub-127008	ses-1		dir-AP	acq-multiband	space-ACPC			DSIStudio	autotrackgqi
Association_MiddleLongitudinalFasciculusR	fa	TORTOISE_model-MAPMRI	/scratch/grmpy/SLURM_11194840_49/job-11194840-49-sub-127008/ds/inputs/data/qsiprep/qsiprep/sub-127008/ses-1/dwi/sub-127008_ses-1_acq-multiband_dir-AP_space-ACPC_desc-preproc_dwi.nii.gz	0.0	0.3523538660192033	0.1859254300953138	0.3552322869746542	0.3523538660192033	0.3552322869746542	0.1859254300953138	0.4660397305262717	0.4660397305262717	sub-127008	ses-1		dir-AP	acq-multiband	space-ACPC			DSIStudio	autotrackgqi
Association_MiddleLongitudinalFasciculusR	li	TORTOISE_model-MAPMRI	/scratch/grmpy/SLURM_11194840_49/job-11194840-49-sub-127008/ds/inputs/data/qsiprep/qsiprep/sub-127008/ses-1/dwi/sub-127008_ses-1_acq-multiband_dir-AP_space-ACPC_desc-preproc_dwi.nii.gz	0.0	0.2050293982028961	0.1358698457479477	0.1865907907485962	0.2050293982028961	0.1865907907485962	0.1358698457479477	0.2942891716957092	0.2942891716957092	sub-127008	ses-1		dir-AP	acq-multiband	space-ACPC			DSIStudio	autotrackgqi
Association_MiddleLongitudinalFasciculusR	ng	TORTOISE_model-MAPMRI	/scratch/grmpy/SLURM_11194840_49/job-11194840-49-sub-127008/ds/inputs/data/qsiprep/qsiprep/sub-127008/ses-1/dwi/sub-127008_ses-1_acq-multiband_dir-AP_space-ACPC_desc-preproc_dwi.nii.gz	0.0	0.2786343097686767	0.0797073319554328	0.3005712032318115	0.2786343097686767	0.3005712032318115	0.0797073319554328	0.3176508545875549	0.3176508545875549	sub-127008	ses-1		dir-AP	acq-multiband	space-ACPC			DSIStudio	autotrackgqi
Association_MiddleLongitudinalFasciculusR	ngpar	TORTOISE_model-MAPMRI	/scratch/grmpy/SLURM_11194840_49/job-11194840-49-sub-127008/ds/inputs/data/qsiprep/qsiprep/sub-127008/ses-1/dwi/sub-127008_ses-1_acq-multiband_dir-AP_space-ACPC_desc-preproc_dwi.nii.gz	0.0	0.1221737191081047	0.0325395241379737	0.1220343559980392	0.1221737191081047	0.1220343559980392	0.0325395241379737	0.1258583664894104	0.1258583664894104	sub-127008	ses-1		dir-AP	acq-multiband	space-ACPC			DSIStudio	autotrackgqi
Association_MiddleLongitudinalFasciculusR	ngperp	TORTOISE_model-MAPMRI	/scratch/grmpy/SLURM_11194840_49/job-11194840-49-sub-127008/ds/inputs/data/qsiprep/qsiprep/sub-127008/ses-1/dwi/sub-127008_ses-1_acq-multiband_dir-AP_space-ACPC_desc-preproc_dwi.nii.gz	0.0	0.2431143075227737	0.0737927332520484	0.2571835815906524	0.2431143075227737	0.2571835815906524	0.0737927332520484	0.2785407900810241	0.2785407900810241	sub-127008	ses-1		dir-AP	acq-multiband	space-ACPC			DSIStudio	autotrackgqi
Association_MiddleLongitudinalFasciculusR	pa	TORTOISE_model-MAPMRI	/scratch/grmpy/SLURM_11194840_49/job-11194840-49-sub-127008/ds/inputs/data/qsiprep/qsiprep/sub-127008/ses-1/dwi/sub-127008_ses-1_acq-multiband_dir-AP_space-ACPC_desc-preproc_dwi.nii.gz	0.0	0.662763237953186	0.2614872753620147	0.7660324573516846	0.662763237953186	0.7660324573516846	0.2614872753620147	0.809760570526123	0.809760570526123	sub-127008	ses-1		dir-AP	acq-multiband	space-ACPC			DSIStudio	autotrackgqi
Association_MiddleLongitudinalFasciculusR	path	TORTOISE_model-MAPMRI	/scratch/grmpy/SLURM_11194840_49/job-11194840-49-sub-127008/ds/inputs/data/qsiprep/qsiprep/sub-127008/ses-1/dwi/sub-127008_ses-1_acq-multiband_dir-AP_space-ACPC_desc-preproc_dwi.nii.gz	0.0	0.2684569060802459	0.119567759335041	0.2760391235351562	0.2684569060802459	0.2760391235351562	0.119567759335041	0.337844967842102	0.337844967842102	sub-127008	ses-1		dir-AP	acq-multiband	space-ACPC			DSIStudio	autotrackgqi
Association_MiddleLongitudinalFasciculusR	rd	TORTOISE_model-MAPMRI	/scratch/grmpy/SLURM_11194840_49/job-11194840-49-sub-127008/ds/inputs/data/qsiprep/qsiprep/sub-127008/ses-1/dwi/sub-127008_ses-1_acq-multiband_dir-AP_space-ACPC_desc-preproc_dwi.nii.gz	0.0	631.7732620743446	201.98922688981577	604.1132362010235	631.7732620743446	604.1132362010235	201.98922688981577	543.96440171916	543.96440171916	sub-127008	ses-1		dir-AP	acq-multiband	space-ACPC			DSIStudio	autotrackgqi
Association_MiddleLongitudinalFasciculusR	rtap	TORTOISE_model-MAPMRI	/scratch/grmpy/SLURM_11194840_49/job-11194840-49-sub-127008/ds/inputs/data/qsiprep/qsiprep/sub-127008/ses-1/dwi/sub-127008_ses-1_acq-multiband_dir-AP_space-ACPC_desc-preproc_dwi.nii.gz	0.0	0.0143333794549107	0.0047594425268471	0.0139047382399439	0.0143333794549107	0.0139047382399439	0.0047594425268471	0.0172709729522466	0.0172709729522466	sub-127008	ses-1		dir-AP	acq-multiband	space-ACPC			DSIStudio	autotrackgqi
Association_MiddleLongitudinalFasciculusR	rtop	TORTOISE_model-MAPMRI	/scratch/grmpy/SLURM_11194840_49/job-11194840-49-sub-127008/ds/inputs/data/qsiprep/qsiprep/sub-127008/ses-1/dwi/sub-127008_ses-1_acq-multiband_dir-AP_space-ACPC_desc-preproc_dwi.nii.gz	0.0	0.0003064270713366	8.357815386261791e-05	0.00030796387	0.0003064270713366	0.00030796387	8.357815386261791e-05	0.0003569032123778	0.0003569032123778	sub-127008	ses-1		dir-AP	acq-multiband	space-ACPC			DSIStudio	autotrackgqi
Association_MiddleLongitudinalFasciculusR	rtpp	TORTOISE_model-MAPMRI	/scratch/grmpy/SLURM_11194840_49/job-11194840-49-sub-127008/ds/inputs/data/qsiprep/qsiprep/sub-127008/ses-1/dwi/sub-127008_ses-1_acq-multiband_dir-AP_space-ACPC_desc-preproc_dwi.nii.gz	0.0	0.0496881492435932	0.0049532437697052	0.0503049120306968	0.0496881492435932	0.0503049120306968	0.0049532437697052	0.0478915572166442	0.0478915572166442	sub-127008	ses-1		dir-AP	acq-multiband	space-ACPC			DSIStudio	autotrackgqi
ProjectionBasalGanglia_FasciculusSubthalamicusR	ad	TORTOISE_model-MAPMRI	/scratch/grmpy/SLURM_11194840_49/job-11194840-49-sub-127008/ds/inputs/data/qsiprep/qsiprep/sub-127008/ses-1/dwi/sub-127008_ses-1_acq-multiband_dir-AP_space-ACPC_desc-preproc_dwi.nii.gz	0.0	1227.5758484668552	436.87544095017967	1121.477363164364	1227.5758484668552	1121.477363164364	436.87544095017967	1102.6575319777107	1102.6575319777107	sub-127008	ses-1		dir-AP	acq-multiband	space-ACPC			DSIStudio	autotrackgqi
ProjectionBasalGanglia_FasciculusSubthalamicusR	am	TORTOISE_model-MAPMRI	/scratch/grmpy/SLURM_11194840_49/job-11194840-49-sub-127008/ds/inputs/data/qsiprep/qsiprep/sub-127008/ses-1/dwi/sub-127008_ses-1_acq-multiband_dir-AP_space-ACPC_desc-preproc_dwi.nii.gz	0.0	5902.029296875	1447.1925048828125	5638.01953125	5902.029296875	5638.01953125	1447.1925048828125	5846.55322265625	5846.55322265625	sub-127008	ses-1		dir-AP	acq-multiband	space-ACPC			DSIStudio	autotrackgqi
ProjectionBasalGanglia_FasciculusSubthalamicusR	fa	TORTOISE_model-MAPMRI	/scratch/grmpy/SLURM_11194840_49/job-11194840-49-sub-127008/ds/inputs/data/qsiprep/qsiprep/sub-127008/ses-1/dwi/sub-127008_ses-1_acq-multiband_dir-AP_space-ACPC_desc-preproc_dwi.nii.gz	0.0	0.3783896723660354	0.1643154537921268	0.3346100861943222	0.3783896723660354	0.3346100861943222	0.1643154537921268	0.3715072019521153	0.3715072019521153	sub-127008	ses-1		dir-AP	acq-multiband	space-ACPC			DSIStudio	autotrackgqi
ProjectionBasalGanglia_FasciculusSubthalamicusR	li	TORTOISE_model-MAPMRI	/scratch/grmpy/SLURM_11194840_49/job-11194840-49-sub-127008/ds/inputs/data/qsiprep/qsiprep/sub-127008/ses-1/dwi/sub-127008_ses-1_acq-multiband_dir-AP_space-ACPC_desc-preproc_dwi.nii.gz	0.0	0.2288513779640197	0.1270892769098281	0.1883889734745025	0.2288513779640197	0.1883889734745025	0.1270892769098281	0.2144307792186737	0.2144307792186737	sub-127008	ses-1		dir-AP	acq-multiband	space-ACPC			DSIStudio	autotrackgqi
ProjectionBasalGanglia_FasciculusSubthalamicusR	ng	TORTOISE_model-MAPMRI	/scratch/grmpy/SLURM_11194840_49/job-11194840-49-sub-127008/ds/inputs/data/qsiprep/qsiprep/sub-127008/ses-1/dwi/sub-127008_ses-1_acq-multiband_dir-AP_space-ACPC_desc-preproc_dwi.nii.gz	0.0	0.3333194255828857	0.0708707496523857	0.3411065340042114	0.3333194255828857	0.3411065340042114	0.0708707496523857	0.3287262618541717	0.3287262618541717	sub-127008	ses-1		dir-AP	acq-multiband	space-ACPC			DSIStudio	autotrackgqi
ProjectionBasalGanglia_FasciculusSubthalamicusR	ngpar	TORTOISE_model-MAPMRI	/scratch/grmpy/SLURM_11194840_49/job-11194840-49-sub-127008/ds/inputs/data/qsiprep/qsiprep/sub-127008/ses-1/dwi/sub-127008_ses-1_acq-multiband_dir-AP_space-ACPC_desc-preproc_dwi.nii.gz	0.0	0.159573420882225	0.0441382117569446	0.1586682647466659	0.159573420882225	0.1586682647466659	0.0441382117569446	0.159555047750473	0.159555047750473	sub-127008	ses-1		dir-AP	acq-multiband	space-ACPC			DSIStudio	autotrackgqi
ProjectionBasalGanglia_FasciculusSubthalamicusR	ngperp	TORTOISE_model-MAPMRI	/scratch/grmpy/SLURM_11194840_49/job-11194840-49-sub-127008/ds/inputs/data/qsiprep/qsiprep/sub-127008/ses-1/dwi/sub-127008_ses-1_acq-multiband_dir-AP_space-ACPC_desc-preproc_dwi.nii.gz	0.0	0.2766256630420685	0.0595368966460228	0.2824687361717224	0.2766256630420685	0.2824687361717224	0.0595368966460228	0.2741789221763611	0.2741789221763611	sub-127008	ses-1		dir-AP	acq-multiband	space-ACPC			DSIStudio	autotrackgqi
ProjectionBasalGanglia_FasciculusSubthalamicusR	pa	TORTOISE_model-MAPMRI	/scratch/grmpy/SLURM_11194840_49/job-11194840-49-sub-127008/ds/inputs/data/qsiprep/qsiprep/sub-127008/ses-1/dwi/sub-127008_ses-1_acq-multiband_dir-AP_space-ACPC_desc-preproc_dwi.nii.gz	0.0	0.7380885481834412	0.1523346602916717	0.7474741339683533	0.7380885481834412	0.7474741339683533	0.1523346602916717	0.7381258606910706	0.7381258606910706	sub-127008	ses-1		dir-AP	acq-multiband	space-ACPC			DSIStudio	autotrackgqi
ProjectionBasalGanglia_FasciculusSubthalamicusR	path	TORTOISE_model-MAPMRI	/scratch/grmpy/SLURM_11194840_49/job-11194840-49-sub-127008/ds/inputs/data/qsiprep/qsiprep/sub-127008/ses-1/dwi/sub-127008_ses-1_acq-multiband_dir-AP_space-ACPC_desc-preproc_dwi.nii.gz	0.0	0.2857410311698913	0.0887435972690582	0.2667679786682129	0.2857410311698913	0.2667679786682129	0.0887435972690582	0.2820497155189514	0.2820497155189514	sub-127008	ses-1		dir-AP	acq-multiband	space-ACPC			DSIStudio	autotrackgqi
ProjectionBasalGanglia_FasciculusSubthalamicusR	rd	TORTOISE_model-MAPMRI	/scratch/grmpy/SLURM_11194840_49/job-11194840-49-sub-127008/ds/inputs/data/qsiprep/qsiprep/sub-127008/ses-1/dwi/sub-127008_ses-1_acq-multiband_dir-AP_space-ACPC_desc-preproc_dwi.nii.gz	0.0	691.6022963529733	384.7329784468252	625.7935910777151	691.6022963529733	625.7935910777151	384.7329784468252	628.8032960522676	628.8032960522676	sub-127008	ses-1		dir-AP	acq-multiband	space-ACPC			DSIStudio	autotrackgqi
ProjectionBasalGanglia_FasciculusSubthalamicusR	rtap	TORTOISE_model-MAPMRI	/scratch/grmpy/SLURM_11194840_49/job-11194840-49-sub-127008/ds/inputs/data/qsiprep/qsiprep/sub-127008/ses-1/dwi/sub-127008_ses-1_acq-multiband_dir-AP_space-ACPC_desc-preproc_dwi.nii.gz	0.0	0.0144396750256419	0.0056891031563282	0.0132164172828197	0.0144396750256419	0.0132164172828197	0.0056891031563282	0.015006118454039	0.015006118454039	sub-127008	ses-1		dir-AP	acq-multiband	space-ACPC			DSIStudio	autotrackgqi
ProjectionBasalGanglia_FasciculusSubthalamicusR	rtop	TORTOISE_model-MAPMRI	/scratch/grmpy/SLURM_11194840_49/job-11194840-49-sub-127008/ds/inputs/data/qsiprep/qsiprep/sub-127008/ses-1/dwi/sub-127008_ses-1_acq-multiband_dir-AP_space-ACPC_desc-preproc_dwi.nii.gz	0.0	0.0003152029821649	0.0001120882734539	0.0003136665327474	0.0003152029821649	0.0003136665327474	0.0001120882734539	0.0003424018505029	0.0003424018505029	sub-127008	ses-1		dir-AP	acq-multiband	space-ACPC			DSIStudio	autotrackgqi
ProjectionBasalGanglia_FasciculusSubthalamicusR	rtpp	TORTOISE_model-MAPMRI	/scratch/grmpy/SLURM_11194840_49/job-11194840-49-sub-127008/ds/inputs/data/qsiprep/qsiprep/sub-127008/ses-1/dwi/sub-127008_ses-1_acq-multiband_dir-AP_space-ACPC_desc-preproc_dwi.nii.gz	0.0	0.0483631938695907	0.0071045439690351	0.0490400232374668	0.0483631938695907	0.0490400232374668	0.0071045439690351	0.0507723651826381	0.0507723651826381	sub-127008	ses-1		dir-AP	acq-multiband	space-ACPC			DSIStudio	autotrackgqi
ProjectionBrainstem_MedialForebrainBundleR	ad	TORTOISE_model-MAPMRI	/scratch/grmpy/SLURM_11194840_49/job-11194840-49-sub-127008/ds/inputs/data/qsiprep/qsiprep/sub-127008/ses-1/dwi/sub-127008_ses-1_acq-multiband_dir-AP_space-ACPC_desc-preproc_dwi.nii.gz	0.0134445989800649	1468.1400862341868	678.1726831555158	1278.3543956416097	1488.147634401852	1284.628788755584	660.6146265245709	1436.5754509230037	1445.0827888215704	sub-127008	ses-1		dir-AP	acq-multiband	space-ACPC			DSIStudio	autotrackgqi
ProjectionBrainstem_MedialForebrainBundleR	am	TORTOISE_model-MAPMRI	/scratch/grmpy/SLURM_11194840_49/job-11194840-49-sub-127008/ds/inputs/data/qsiprep/qsiprep/sub-127008/ses-1/dwi/sub-127008_ses-1_acq-multiband_dir-AP_space-ACPC_desc-preproc_dwi.nii.gz	0.0	6508.69970703125	2187.3330078125	6339.94482421875	6508.69970703125	6339.94482421875	2187.3330078125	6490.96435546875	6490.96435546875	sub-127008	ses-1		dir-AP	acq-multiband	space-ACPC			DSIStudio	autotrackgqi
ProjectionBrainstem_MedialForebrainBundleR	fa	TORTOISE_model-MAPMRI	/scratch/grmpy/SLURM_11194840_49/job-11194840-49-sub-127008/ds/inputs/data/qsiprep/qsiprep/sub-127008/ses-1/dwi/sub-127008_ses-1_acq-multiband_dir-AP_space-ACPC_desc-preproc_dwi.nii.gz	0.0139082058414464	0.3984530906521838	0.1830461612588707	0.396852974410333	0.4040730214089142	0.4016922410423071	0.1780663202297296	0.4559147796170237	0.4586196075847832	sub-127008	ses-1		dir-AP	acq-multiband	space-ACPC			DSIStudio	autotrackgqi
ProjectionBrainstem_MedialForebrainBundleR	li	TORTOISE_model-MAPMRI	/scratch/grmpy/SLURM_11194840_49/job-11194840-49-sub-127008/ds/inputs/data/qsiprep/qsiprep/sub-127008/ses-1/dwi/sub-127008_ses-1_acq-multiband_dir-AP_space-ACPC_desc-preproc_dwi.nii.gz	0.0176170607324988	0.2476506680250167	0.1414609551429748	0.2367680817842483	0.2520917952060699	0.2395440638065338	0.1387461423873901	0.2980157136917114	0.3002077639102936	sub-127008	ses-1		dir-AP	acq-multiband	space-ACPC			DSIStudio	autotrackgqi
ProjectionBrainstem_MedialForebrainBundleR	ng	TORTOISE_model-MAPMRI	/scratch/grmpy/SLURM_11194840_49/job-11194840-49-sub-127008/ds/inputs/data/qsiprep/qsiprep/sub-127008/ses-1/dwi/sub-127008_ses-1_acq-multiband_dir-AP_space-ACPC_desc-preproc_dwi.nii.gz	0.0	0.364998996257782	0.0936138331890106	0.3586939573287964	0.364998996257782	0.3586939573287964	0.0936138331890106	0.353617250919342	0.353617250919342	sub-127008	ses-1		dir-AP	acq-multiband	space-ACPC			DSIStudio	autotrackgqi
ProjectionBrainstem_MedialForebrainBundleR	ngpar	TORTOISE_model-MAPMRI	/scratch/grmpy/SLURM_11194840_49/job-11194840-49-sub-127008/ds/inputs/data/qsiprep/qsiprep/sub-127008/ses-1/dwi/sub-127008_ses-1_acq-multiband_dir-AP_space-ACPC_desc-preproc_dwi.nii.gz	0.0	0.1750605404376983	0.0624157004058361	0.1679570972919464	0.1750605404376983	0.1679570972919464	0.0624157004058361	0.1626068949699401	0.1626068949699401	sub-127008	ses-1		dir-AP	acq-multiband	space-ACPC			DSIStudio	autotrackgqi
ProjectionBrainstem_MedialForebrainBundleR	ngperp	TORTOISE_model-MAPMRI	/scratch/grmpy/SLURM_11194840_49/job-11194840-49-sub-127008/ds/inputs/data/qsiprep/qsiprep/sub-127008/ses-1/dwi/sub-127008_ses-1_acq-multiband_dir-AP_space-ACPC_desc-preproc_dwi.nii.gz	0.0	0.2946360111236572	0.0741576999425888	0.2944152355194092	0.2946360111236572	0.2944152355194092	0.0741576999425888	0.2916088402271271	0.2916088402271271	sub-127008	ses-1		dir-AP	acq-multiband	space-ACPC			DSIStudio	autotrackgqi
ProjectionBrainstem_MedialForebrainBundleR	pa	TORTOISE_model-MAPMRI	/scratch/grmpy/SLURM_11194840_49/job-11194840-49-sub-127008/ds/inputs/data/qsiprep/qsiprep/sub-127008/ses-1/dwi/sub-127008_ses-1_acq-multiband_dir-AP_space-ACPC_desc-preproc_dwi.nii.gz	0.0	0.7764909863471985	0.147647276520729	0.8092973828315735	0.7764909863471985	0.8092973828315735	0.147647276520729	0.8112167716026306	0.8112167716026306	sub-127008	ses-1		dir-AP	acq-multiband	space-ACPC			DSIStudio	autotrackgqi
ProjectionBrainstem_MedialForebrainBundleR	path	TORTOISE_model-MAPMRI	/scratch/grmpy/SLURM_11194840_49/job-11194840-49-sub-127008/ds/inputs/data/qsiprep/qsiprep/sub-127008/ses-1/dwi/sub-127008_ses-1_acq-multiband_dir-AP_space-ACPC_desc-preproc_dwi.nii.gz	0.0	0.3100358545780182	0.1032052710652351	0.3004566729068756	0.3100358545780182	0.3004566729068756	0.1032052710652351	0.3294609487056732	0.3294609487056732	sub-127008	ses-1		dir-AP	acq-multiband	space-ACPC			DSIStudio	autotrackgqi
ProjectionBrainstem_MedialForebrainBundleR	rd	TORTOISE_model-MAPMRI	/scratch/grmpy/SLURM_11194840_49/job-11194840-49-sub-127008/ds/inputs/data/qsiprep/qsiprep/sub-127008/ses-1/dwi/sub-127008_ses-1_acq-multiband_dir-AP_space-ACPC_desc-preproc_dwi.nii.gz	0.0134445989800649	817.8371336987123	605.4582290823546	622.5744520058361	828.9824705771251	625.482042923601	601.9435686316868	708.3992847512911	712.5943949325507	sub-127008	ses-1		dir-AP	acq-multiband	space-ACPC			DSIStudio	autotrackgqi
ProjectionBrainstem_MedialForebrainBundleR	rtap	TORTOISE_model-MAPMRI	/scratch/grmpy/SLURM_11194840_49/job-11194840-49-sub-127008/ds/inputs/data/qsiprep/qsiprep/sub-127008/ses-1/dwi/sub-127008_ses-1_acq-multiband_dir-AP_space-ACPC_desc-preproc_dwi.nii.gz	0.0134445989800649	0.0135276149958372	0.006290866062045	0.0135978525504469	0.013711966574192	0.013675102032721	0.0061307824216783	0.0151506084948778	0.0152403302490711	sub-127008	ses-1		dir-AP	acq-multiband	space-ACPC			DSIStudio	autotrackgqi
ProjectionBrainstem_MedialForebrainBundleR	rtop	TORTOISE_model-MAPMRI	/scratch/grmpy/SLURM_11194840_49/job-11194840-49-sub-127008/ds/inputs/data/qsiprep/qsiprep/sub-127008/ses-1/dwi/sub-127008_ses-1_acq-multiband_dir-AP_space-ACPC_desc-preproc_dwi.nii.gz	0.0134445989800649	0.0002832524187397	0.0001330172090092	0.0002997362753376	0.0002871125179808	0.0003011517983395	0.0001297166745644	0.0003079473681282	0.0003097710141446	sub-127008	ses-1		dir-AP	acq-multiband	space-ACPC			DSIStudio	autotrackgqi
ProjectionBrainstem_MedialForebrainBundleR	rtpp	TORTOISE_model-MAPMRI	/scratch/grmpy/SLURM_11194840_49/job-11194840-49-sub-127008/ds/inputs/data/qsiprep/qsiprep/sub-127008/ses-1/dwi/sub-127008_ses-1_acq-multiband_dir-AP_space-ACPC_desc-preproc_dwi.nii.gz	0.0134445989800649	0.0439733937382698	0.0102988881990313	0.0458429083228111	0.0445726551115512	0.0460052341222763	0.0089889867231249	0.0440546795725822	0.0443155691027641	sub-127008	ses-1		dir-AP	acq-multiband	space-ACPC			DSIStudio	autotrackgqi
ProjectionBasalGanglia_AcousticRadiationL	ad	TORTOISE_model-MAPMRI	/scratch/grmpy/SLURM_11194840_49/job-11194840-49-sub-127008/ds/inputs/data/qsiprep/qsiprep/sub-127008/ses-1/dwi/sub-127008_ses-1_acq-multiband_dir-AP_space-ACPC_desc-preproc_dwi.nii.gz	0.0	1349.3950177898446	510.6642238762736	1213.3711513451783	1349.3950177898446	1213.3711513451783	510.6642238762736	1324.1266457583306	1324.1266457583306	sub-127008	ses-1		dir-AP	acq-multiband	space-ACPC			DSIStudio	autotrackgqi
ProjectionBasalGanglia_AcousticRadiationL	am	TORTOISE_model-MAPMRI	/scratch/grmpy/SLURM_11194840_49/job-11194840-49-sub-127008/ds/inputs/data/qsiprep/qsiprep/sub-127008/ses-1/dwi/sub-127008_ses-1_acq-multiband_dir-AP_space-ACPC_desc-preproc_dwi.nii.gz	0.0	5949.4404296875	1314.5858154296875	5675.2705078125	5949.4404296875	5675.2705078125	1314.5858154296875	5724.2255859375	5724.2255859375	sub-127008	ses-1		dir-AP	acq-multiband	space-ACPC			DSIStudio	autotrackgqi
ProjectionBasalGanglia_AcousticRadiationL	fa	TORTOISE_model-MAPMRI	/scratch/grmpy/SLURM_11194840_49/job-11194840-49-sub-127008/ds/inputs/data/qsiprep/qsiprep/sub-127008/ses-1/dwi/sub-127008_ses-1_acq-multiband_dir-AP_space-ACPC_desc-preproc_dwi.nii.gz	0.0	0.4000334236538183	0.1831975099590169	0.3866830146843765	0.4000334236538183	0.3866830146843765	0.1831975099590169	0.4502215490546564	0.4502215490546564	sub-127008	ses-1		dir-AP	acq-multiband	space-ACPC			DSIStudio	autotrackgqi
ProjectionBasalGanglia_AcousticRadiationL	li	TORTOISE_model-MAPMRI	/scratch/grmpy/SLURM_11194840_49/job-11194840-49-sub-127008/ds/inputs/data/qsiprep/qsiprep/sub-127008/ses-1/dwi/sub-127008_ses-1_acq-multiband_dir-AP_space-ACPC_desc-preproc_dwi.nii.gz	0.0	0.2450340390205383	0.1423182338476181	0.2273975014686584	0.2450340390205383	0.2273975014686584	0.1423182338476181	0.2828849554061889	0.2828849554061889	sub-127008	ses-1		dir-AP	acq-multiband	space-ACPC			DSIStudio	autotrackgqi
ProjectionBasalGanglia_AcousticRadiationL	ng	TORTOISE_model-MAPMRI	/scratch/grmpy/SLURM_11194840_49/job-11194840-49-sub-127008/ds/inputs/data/qsiprep/qsiprep/sub-127008/ses-1/dwi/sub-127008_ses-1_acq-multiband_dir-AP_space-ACPC_desc-preproc_dwi.nii.gz	0.0	0.3421136736869812	0.0800941586494445	0.3465631008148193	0.3421136736869812	0.3465631008148193	0.0800941586494445	0.3556075692176819	0.3556075692176819	sub-127008	ses-1		dir-AP	acq-multiband	space-ACPC			DSIStudio	autotrackgqi
ProjectionBasalGanglia_AcousticRadiationL	ngpar	TORTOISE_model-MAPMRI	/scratch/grmpy/SLURM_11194840_49/job-11194840-49-sub-127008/ds/inputs/data/qsiprep/qsiprep/sub-127008/ses-1/dwi/sub-127008_ses-1_acq-multiband_dir-AP_space-ACPC_desc-preproc_dwi.nii.gz	0.0	0.15615114569664	0.0518433339893817	0.1465082466602325	0.15615114569664	0.1465082466602325	0.0518433339893817	0.1516626179218292	0.1516626179218292	sub-127008	ses-1		dir-AP	acq-multiband	space-ACPC			DSIStudio	autotrackgqi
ProjectionBasalGanglia_AcousticRadiationL	ngperp	TORTOISE_model-MAPMRI	/scratch/grmpy/SLURM_11194840_49/job-11194840-49-sub-127008/ds/inputs/data/qsiprep/qsiprep/sub-127008/ses-1/dwi/sub-127008_ses-1_acq-multiband_dir-AP_space-ACPC_desc-preproc_dwi.nii.gz	0.0	0.2855439782142639	0.0652372986078262	0.2952237725257873	0.2855439782142639	0.2952237725257873	0.0652372986078262	0.3014501929283142	0.3014501929283142	sub-127008	ses-1		dir-AP	acq-multiband	space-ACPC			DSIStudio	autotrackgqi
ProjectionBasalGanglia_AcousticRadiationL	pa	TORTOISE_model-MAPMRI	/scratch/grmpy/SLURM_11194840_49/job-11194840-49-sub-127008/ds/inputs/data/qsiprep/qsiprep/sub-127008/ses-1/dwi/sub-127008_ses-1_acq-multiband_dir-AP_space-ACPC_desc-preproc_dwi.nii.gz	0.0	0.7654795050621033	0.1640197932720184	0.7981077432632446	0.7654795050621033	0.7981077432632446	0.1640197932720184	0.8240901231765747	0.8240901231765747	sub-127008	ses-1		dir-AP	acq-multiband	space-ACPC			DSIStudio	autotrackgqi
ProjectionBasalGanglia_AcousticRadiationL	path	TORTOISE_model-MAPMRI	/scratch/grmpy/SLURM_11194840_49/job-11194840-49-sub-127008/ds/inputs/data/qsiprep/qsiprep/sub-127008/ses-1/dwi/sub-127008_ses-1_acq-multiband_dir-AP_space-ACPC_desc-preproc_dwi.nii.gz	0.0	0.3044573366641998	0.0940757021307945	0.2937020063400268	0.3044573366641998	0.2937020063400268	0.0940757021307945	0.3363015353679657	0.3363015353679657	sub-127008	ses-1		dir-AP	acq-multiband	space-ACPC			DSIStudio	autotrackgqi
ProjectionBasalGanglia_AcousticRadiationL	rd	TORTOISE_model-MAPMRI	/scratch/grmpy/SLURM_11194840_49/job-11194840-49-sub-127008/ds/inputs/data/qsiprep/qsiprep/sub-127008/ses-1/dwi/sub-127008_ses-1_acq-multiband_dir-AP_space-ACPC_desc-preproc_dwi.nii.gz	0.0	750.3775907066672	493.2346890062354	595.9173109583407	750.3775907066672	595.9173109583407	493.2346890062354	666.9727275571131	666.9727275571131	sub-127008	ses-1		dir-AP	acq-multiband	space-ACPC			DSIStudio	autotrackgqi
ProjectionBasalGanglia_AcousticRadiationL	rtap	TORTOISE_model-MAPMRI	/scratch/grmpy/SLURM_11194840_49/job-11194840-49-sub-127008/ds/inputs/data/qsiprep/qsiprep/sub-127008/ses-1/dwi/sub-127008_ses-1_acq-multiband_dir-AP_space-ACPC_desc-preproc_dwi.nii.gz	0.0	0.0145630920305848	0.0061200056225061	0.0142136681824922	0.0145630920305848	0.0142136681824922	0.0061200056225061	0.0161921139806509	0.0161921139806509	sub-127008	ses-1		dir-AP	acq-multiband	space-ACPC			DSIStudio	autotrackgqi
ProjectionBasalGanglia_AcousticRadiationL	rtop	TORTOISE_model-MAPMRI	/scratch/grmpy/SLURM_11194840_49/job-11194840-49-sub-127008/ds/inputs/data/qsiprep/qsiprep/sub-127008/ses-1/dwi/sub-127008_ses-1_acq-multiband_dir-AP_space-ACPC_desc-preproc_dwi.nii.gz	0.0	0.0003050733357667	0.0001203970605274	0.0003178019833285	0.0003050733357667	0.0003178019833285	0.0001203970605274	0.00033412661287	0.00033412661287	sub-127008	ses-1		dir-AP	acq-multiband	space-ACPC			DSIStudio	autotrackgqi
ProjectionBasalGanglia_AcousticRadiationL	rtpp	TORTOISE_model-MAPMRI	/scratch/grmpy/SLURM_11194840_49/job-11194840-49-sub-127008/ds/inputs/data/qsiprep/qsiprep/sub-127008/ses-1/dwi/sub-127008_ses-1_acq-multiband_dir-AP_space-ACPC_desc-preproc_dwi.nii.gz	0.0	0.0460680052638053	0.007785574067384	0.0470170155167579	0.0460680052638053	0.0470170155167579	0.007785574067384	0.0459748059511184	0.0459748059511184	sub-127008	ses-1		dir-AP	acq-multiband	space-ACPC			DSIStudio	autotrackgqi
ProjectionBasalGanglia_FasciculusSubthalamicusL	ad	TORTOISE_model-MAPMRI	/scratch/grmpy/SLURM_11194840_49/job-11194840-49-sub-127008/ds/inputs/data/qsiprep/qsiprep/sub-127008/ses-1/dwi/sub-127008_ses-1_acq-multiband_dir-AP_space-ACPC_desc-preproc_dwi.nii.gz	0.0	1140.5551523094134	310.95208154210434	1077.6632136007563	1140.5551523094134	1077.6632136007563	310.95208154210434	1122.4346343600405	1122.4346343600405	sub-127008	ses-1		dir-AP	acq-multiband	space-ACPC			DSIStudio	autotrackgqi
ProjectionBasalGanglia_FasciculusSubthalamicusL	am	TORTOISE_model-MAPMRI	/scratch/grmpy/SLURM_11194840_49/job-11194840-49-sub-127008/ds/inputs/data/qsiprep/qsiprep/sub-127008/ses-1/dwi/sub-127008_ses-1_acq-multiband_dir-AP_space-ACPC_desc-preproc_dwi.nii.gz	0.0	5913.138671875	1442.87109375	5746.18212890625	5913.138671875	5746.18212890625	1442.87109375	5888.04248046875	5888.04248046875	sub-127008	ses-1		dir-AP	acq-multiband	space-ACPC			DSIStudio	autotrackgqi
ProjectionBasalGanglia_FasciculusSubthalamicusL	fa	TORTOISE_model-MAPMRI	/scratch/grmpy/SLURM_11194840_49/job-11194840-49-sub-127008/ds/inputs/data/qsiprep/qsiprep/sub-127008/ses-1/dwi/sub-127008_ses-1_acq-multiband_dir-AP_space-ACPC_desc-preproc_dwi.nii.gz	0.0	0.3645141505263443	0.1596772296466149	0.3431678451907989	0.3645141505263443	0.3431678451907989	0.1596772296466149	0.4139591315745304	0.4139591315745304	sub-127008	ses-1		dir-AP	acq-multiband	space-ACPC			DSIStudio	autotrackgqi
ProjectionBasalGanglia_FasciculusSubthalamicusL	li	TORTOISE_model-MAPMRI	/scratch/grmpy/SLURM_11194840_49/job-11194840-49-sub-127008/ds/inputs/data/qsiprep/qsiprep/sub-127008/ses-1/dwi/sub-127008_ses-1_acq-multiband_dir-AP_space-ACPC_desc-preproc_dwi.nii.gz	0.0	0.2250913679599762	0.1263585388660431	0.1930481344461441	0.2250913679599762	0.1930481344461441	0.1263585388660431	0.2574757933616638	0.2574757933616638	sub-127008	ses-1		dir-AP	acq-multiband	space-ACPC			DSIStudio	autotrackgqi
ProjectionBasalGanglia_FasciculusSubthalamicusL	ng	TORTOISE_model-MAPMRI	/scratch/grmpy/SLURM_11194840_49/job-11194840-49-sub-127008/ds/inputs/data/qsiprep/qsiprep/sub-127008/ses-1/dwi/sub-127008_ses-1_acq-multiband_dir-AP_space-ACPC_desc-preproc_dwi.nii.gz	0.0	0.3195773363113403	0.0676431506872177	0.3341664969921112	0.3195773363113403	0.3341664969921112	0.0676431506872177	0.3416513800621032	0.3416513800621032	sub-127008	ses-1		dir-AP	acq-multiband	space-ACPC			DSIStudio	autotrackgqi
ProjectionBasalGanglia_FasciculusSubthalamicusL	ngpar	TORTOISE_model-MAPMRI	/scratch/grmpy/SLURM_11194840_49/job-11194840-49-sub-127008/ds/inputs/data/qsiprep/qsiprep/sub-127008/ses-1/dwi/sub-127008_ses-1_acq-multiband_dir-AP_space-ACPC_desc-preproc_dwi.nii.gz	0.0	0.16266930103302	0.0425519421696662	0.162341371178627	0.16266930103302	0.162341371178627	0.0425519421696662	0.1659364998340606	0.1659364998340606	sub-127008	ses-1		dir-AP	acq-multiband	space-ACPC			DSIStudio	autotrackgqi
ProjectionBasalGanglia_FasciculusSubthalamicusL	ngperp	TORTOISE_model-MAPMRI	/scratch/grmpy/SLURM_11194840_49/job-11194840-49-sub-127008/ds/inputs/data/qsiprep/qsiprep/sub-127008/ses-1/dwi/sub-127008_ses-1_acq-multiband_dir-AP_space-ACPC_desc-preproc_dwi.nii.gz	0.0	0.2634863257408142	0.0611346289515495	0.2693177461624145	0.2634863257408142	0.2693177461624145	0.0611346289515495	0.2860162258148193	0.2860162258148193	sub-127008	ses-1		dir-AP	acq-multiband	space-ACPC			DSIStudio	autotrackgqi
ProjectionBasalGanglia_FasciculusSubthalamicusL	pa	TORTOISE_model-MAPMRI	/scratch/grmpy/SLURM_11194840_49/job-11194840-49-sub-127008/ds/inputs/data/qsiprep/qsiprep/sub-127008/ses-1/dwi/sub-127008_ses-1_acq-multiband_dir-AP_space-ACPC_desc-preproc_dwi.nii.gz	0.0	0.7051020264625549	0.1799529045820236	0.7293647527694702	0.7051020264625549	0.7293647527694702	0.1799529045820236	0.7663233876228333	0.7663233876228333	sub-127008	ses-1		dir-AP	acq-multiband	space-ACPC			DSIStudio	autotrackgqi
ProjectionBasalGanglia_FasciculusSubthalamicusL	path	TORTOISE_model-MAPMRI	/scratch/grmpy/SLURM_11194840_49/job-11194840-49-sub-127008/ds/inputs/data/qsiprep/qsiprep/sub-127008/ses-1/dwi/sub-127008_ses-1_acq-multiband_dir-AP_space-ACPC_desc-preproc_dwi.nii.gz	0.0	0.2704073488712311	0.0887895375490188	0.2582680284976959	0.2704073488712311	0.2582680284976959	0.0887895375490188	0.302957534790039	0.302957534790039	sub-127008	ses-1		dir-AP	acq-multiband	space-ACPC			DSIStudio	autotrackgqi
ProjectionBasalGanglia_FasciculusSubthalamicusL	rd	TORTOISE_model-MAPMRI	/scratch/grmpy/SLURM_11194840_49/job-11194840-49-sub-127008/ds/inputs/data/qsiprep/qsiprep/sub-127008/ses-1/dwi/sub-127008_ses-1_acq-multiband_dir-AP_space-ACPC_desc-preproc_dwi.nii.gz	0.0	648.4696688862409	258.8290648222439	612.8051312488238	648.4696688862409	612.8051312488238	258.8290648222439	581.2813039247616	581.2813039247616	sub-127008	ses-1		dir-AP	acq-multiband	space-ACPC			DSIStudio	autotrackgqi
ProjectionBasalGanglia_FasciculusSubthalamicusL	rtap	TORTOISE_model-MAPMRI	/scratch/grmpy/SLURM_11194840_49/job-11194840-49-sub-127008/ds/inputs/data/qsiprep/qsiprep/sub-127008/ses-1/dwi/sub-127008_ses-1_acq-multiband_dir-AP_space-ACPC_desc-preproc_dwi.nii.gz	0.0	0.0142302867025136	0.004792658612132	0.0132826073095202	0.0142302867025136	0.0132826073095202	0.004792658612132	0.016396015882492	0.016396015882492	sub-127008	ses-1		dir-AP	acq-multiband	space-ACPC			DSIStudio	autotrackgqi
ProjectionBasalGanglia_FasciculusSubthalamicusL	rtop	TORTOISE_model-MAPMRI	/scratch/grmpy/SLURM_11194840_49/job-11194840-49-sub-127008/ds/inputs/data/qsiprep/qsiprep/sub-127008/ses-1/dwi/sub-127008_ses-1_acq-multiband_dir-AP_space-ACPC_desc-preproc_dwi.nii.gz	0.0	0.0003215968317817	0.0001032481668516	0.0003167451068293	0.0003215968317817	0.0003167451068293	0.0001032481668516	0.0003697776119224	0.0003697776119224	sub-127008	ses-1		dir-AP	acq-multiband	space-ACPC			DSIStudio	autotrackgqi
ProjectionBasalGanglia_FasciculusSubthalamicusL	rtpp	TORTOISE_model-MAPMRI	/scratch/grmpy/SLURM_11194840_49/job-11194840-49-sub-127008/ds/inputs/data/qsiprep/qsiprep/sub-127008/ses-1/dwi/sub-127008_ses-1_acq-multiband_dir-AP_space-ACPC_desc-preproc_dwi.nii.gz	0.0	0.0499025173485279	0.0061927861534059	0.0501582436263561	0.0499025173485279	0.0501582436263561	0.0061927861534059	0.0502274073660373	0.0502274073660373	sub-127008	ses-1		dir-AP	acq-multiband	space-ACPC			DSIStudio	autotrackgqi
ProjectionBrainstem_MedialForebrainBundleL	ad	TORTOISE_model-MAPMRI	/scratch/grmpy/SLURM_11194840_49/job-11194840-49-sub-127008/ds/inputs/data/qsiprep/qsiprep/sub-127008/ses-1/dwi/sub-127008_ses-1_acq-multiband_dir-AP_space-ACPC_desc-preproc_dwi.nii.gz	0.0153751537515375	1401.711000196613	578.3641332535892	1254.3292367943775	1423.59905454072	1258.256100993616	555.4895447100055	1394.9052314647042	1403.843122442302	sub-127008	ses-1		dir-AP	acq-multiband	space-ACPC			DSIStudio	autotrackgqi
ProjectionBrainstem_MedialForebrainBundleL	am	TORTOISE_model-MAPMRI	/scratch/grmpy/SLURM_11194840_49/job-11194840-49-sub-127008/ds/inputs/data/qsiprep/qsiprep/sub-127008/ses-1/dwi/sub-127008_ses-1_acq-multiband_dir-AP_space-ACPC_desc-preproc_dwi.nii.gz	0.0	6323.58447265625	1997.2705078125	6299.408203125	6323.58447265625	6299.408203125	1997.2705078125	6304.296875	6304.296875	sub-127008	ses-1		dir-AP	acq-multiband	space-ACPC			DSIStudio	autotrackgqi
ProjectionBrainstem_MedialForebrainBundleL	fa	TORTOISE_model-MAPMRI	/scratch/grmpy/SLURM_11194840_49/job-11194840-49-sub-127008/ds/inputs/data/qsiprep/qsiprep/sub-127008/ses-1/dwi/sub-127008_ses-1_acq-multiband_dir-AP_space-ACPC_desc-preproc_dwi.nii.gz	0.0153751537515375	0.4269080849162673	0.1885265602890408	0.4191990669098486	0.4335743573228299	0.4217070083305064	0.1822277151213678	0.4870388269998253	0.4901595403788156	sub-127008	ses-1		dir-AP	acq-multiband	space-ACPC			DSIStudio	autotrackgqi
ProjectionBrainstem_MedialForebrainBundleL	li	TORTOISE_model-MAPMRI	/scratch/grmpy/SLURM_11194840_49/job-11194840-49-sub-127008/ds/inputs/data/qsiprep/qsiprep/sub-127008/ses-1/dwi/sub-127008_ses-1_acq-multiband_dir-AP_space-ACPC_desc-preproc_dwi.nii.gz	0.018450184501845	0.2713316977024078	0.1469665318727493	0.2561633586883545	0.2764319181442261	0.2592006027698517	0.1435106247663498	0.3248838186264038	0.3272989094257355	sub-127008	ses-1		dir-AP	acq-multiband	space-ACPC			DSIStudio	autotrackgqi
ProjectionBrainstem_MedialForebrainBundleL	ng	TORTOISE_model-MAPMRI	/scratch/grmpy/SLURM_11194840_49/job-11194840-49-sub-127008/ds/inputs/data/qsiprep/qsiprep/sub-127008/ses-1/dwi/sub-127008_ses-1_acq-multiband_dir-AP_space-ACPC_desc-preproc_dwi.nii.gz	0.0	0.3660699427127838	0.0913551598787307	0.3567416369915008	0.3660699427127838	0.3567416369915008	0.0913551598787307	0.3577589392662048	0.3577589392662048	sub-127008	ses-1		dir-AP	acq-multiband	space-ACPC			DSIStudio	autotrackgqi
ProjectionBrainstem_MedialForebrainBundleL	ngpar	TORTOISE_model-MAPMRI	/scratch/grmpy/SLURM_11194840_49/job-11194840-49-sub-127008/ds/inputs/data/qsiprep/qsiprep/sub-127008/ses-1/dwi/sub-127008_ses-1_acq-multiband_dir-AP_space-ACPC_desc-preproc_dwi.nii.gz	0.0	0.1770131736993789	0.0629326626658439	0.1694935709238052	0.1770131736993789	0.1694935709238052	0.0629326626658439	0.16620734333992	0.16620734333992	sub-127008	ses-1		dir-AP	acq-multiband	space-ACPC			DSIStudio	autotrackgqi
ProjectionBrainstem_MedialForebrainBundleL	ngperp	TORTOISE_model-MAPMRI	/scratch/grmpy/SLURM_11194840_49/job-11194840-49-sub-127008/ds/inputs/data/qsiprep/qsiprep/sub-127008/ses-1/dwi/sub-127008_ses-1_acq-multiband_dir-AP_space-ACPC_desc-preproc_dwi.nii.gz	0.0	0.2970345616340637	0.0695619732141494	0.2954121828079223	0.2970345616340637	0.2954121828079223	0.0695619732141494	0.2997203469276428	0.2997203469276428	sub-127008	ses-1		dir-AP	acq-multiband	space-ACPC			DSIStudio	autotrackgqi
ProjectionBrainstem_MedialForebrainBundleL	pa	TORTOISE_model-MAPMRI	/scratch/grmpy/SLURM_11194840_49/job-11194840-49-sub-127008/ds/inputs/data/qsiprep/qsiprep/sub-127008/ses-1/dwi/sub-127008_ses-1_acq-multiband_dir-AP_space-ACPC_desc-preproc_dwi.nii.gz	0.0	0.7963227033615112	0.1367055773735046	0.8209489583969116	0.7963227033615112	0.8209489583969116	0.1367055773735046	0.8336727023124695	0.8336727023124695	sub-127008	ses-1		dir-AP	acq-multiband	space-ACPC			DSIStudio	autotrackgqi
ProjectionBrainstem_MedialForebrainBundleL	path	TORTOISE_model-MAPMRI	/scratch/grmpy/SLURM_11194840_49/job-11194840-49-sub-127008/ds/inputs/data/qsiprep/qsiprep/sub-127008/ses-1/dwi/sub-127008_ses-1_acq-multiband_dir-AP_space-ACPC_desc-preproc_dwi.nii.gz	0.0	0.3243426978588104	0.1087149530649185	0.3078818321228027	0.3243426978588104	0.3078818321228027	0.1087149530649185	0.3453853726387024	0.3453853726387024	sub-127008	ses-1		dir-AP	acq-multiband	space-ACPC			DSIStudio	autotrackgqi
ProjectionBrainstem_MedialForebrainBundleL	rd	TORTOISE_model-MAPMRI	/scratch/grmpy/SLURM_11194840_49/job-11194840-49-sub-127008/ds/inputs/data/qsiprep/qsiprep/sub-127008/ses-1/dwi/sub-127008_ses-1_acq-multiband_dir-AP_space-ACPC_desc-preproc_dwi.nii.gz	0.0153751537515375	729.0980721338917	508.02009664405966	582.9921737718187	740.4831138599051	586.7346476937588	503.6705646597382	629.7223255653071	633.7572880306345	sub-127008	ses-1		dir-AP	acq-multiband	space-ACPC			DSIStudio	autotrackgqi
ProjectionBrainstem_MedialForebrainBundleL	rtap	TORTOISE_model-MAPMRI	/scratch/grmpy/SLURM_11194840_49/job-11194840-49-sub-127008/ds/inputs/data/qsiprep/qsiprep/sub-127008/ses-1/dwi/sub-127008_ses-1_acq-multiband_dir-AP_space-ACPC_desc-preproc_dwi.nii.gz	0.0153751537515375	0.01493685785681	0.0073627633973956	0.0145710529759526	0.0151701001450419	0.0146389305591583	0.0071776369586586	0.0164974331855773	0.0166031420230865	sub-127008	ses-1		dir-AP	acq-multiband	space-ACPC			DSIStudio	autotrackgqi
ProjectionBrainstem_MedialForebrainBundleL	rtop	TORTOISE_model-MAPMRI	/scratch/grmpy/SLURM_11194840_49/job-11194840-49-sub-127008/ds/inputs/data/qsiprep/qsiprep/sub-127008/ses-1/dwi/sub-127008_ses-1_acq-multiband_dir-AP_space-ACPC_desc-preproc_dwi.nii.gz	0.0153751537515375	0.0003128360840491	0.0001473901647841	0.0003263382823206	0.0003177210746798	0.0003283990372437	0.0001432166609447	0.0003373881918378	0.0003395500243641	sub-127008	ses-1		dir-AP	acq-multiband	space-ACPC			DSIStudio	autotrackgqi
ProjectionBrainstem_MedialForebrainBundleL	rtpp	TORTOISE_model-MAPMRI	/scratch/grmpy/SLURM_11194840_49/job-11194840-49-sub-127008/ds/inputs/data/qsiprep/qsiprep/sub-127008/ses-1/dwi/sub-127008_ses-1_acq-multiband_dir-AP_space-ACPC_desc-preproc_dwi.nii.gz	0.0153751537515375	0.0445431731641292	0.0098550412803888	0.0463239550590515	0.0452387258410453	0.0464374311268329	0.0081958845257759	0.0442754216492176	0.0445591211318969	sub-127008	ses-1		dir-AP	acq-multiband	space-ACPC			DSIStudio	autotrackgqi
ProjectionBasalGanglia_OpticRadiationL	ad	TORTOISE_model-MAPMRI	/scratch/grmpy/SLURM_11194840_49/job-11194840-49-sub-127008/ds/inputs/data/qsiprep/qsiprep/sub-127008/ses-1/dwi/sub-127008_ses-1_acq-multiband_dir-AP_space-ACPC_desc-preproc_dwi.nii.gz	0.0031088082901554	1208.8575248769253	374.761126642273	1130.4970120224343	1212.62735083808	1131.8290040399147	369.2052125272471	1290.3728632822845	1290.431240068309	sub-127008	ses-1		dir-AP	acq-multiband	space-ACPC			DSIStudio	autotrackgqi
ProjectionBasalGanglia_OpticRadiationL	am	TORTOISE_model-MAPMRI	/scratch/grmpy/SLURM_11194840_49/job-11194840-49-sub-127008/ds/inputs/data/qsiprep/qsiprep/sub-127008/ses-1/dwi/sub-127008_ses-1_acq-multiband_dir-AP_space-ACPC_desc-preproc_dwi.nii.gz	0.0031088082901554	5534.70947265625	1177.8385009765625	5555.07763671875	5551.96923828125	5559.251953125	1138.3333740234375	5346.59228515625	5346.833984375	sub-127008	ses-1		dir-AP	acq-multiband	space-ACPC			DSIStudio	autotrackgqi
ProjectionBasalGanglia_OpticRadiationL	fa	TORTOISE_model-MAPMRI	/scratch/grmpy/SLURM_11194840_49/job-11194840-49-sub-127008/ds/inputs/data/qsiprep/qsiprep/sub-127008/ses-1/dwi/sub-127008_ses-1_acq-multiband_dir-AP_space-ACPC_desc-preproc_dwi.nii.gz	0.0031088082901554	0.3946407047680657	0.2197380459889883	0.4010444286932059	0.3958713930365731	0.4017706933420479	0.2189707535329816	0.5156819308642274	0.5157052603274641	sub-127008	ses-1		dir-AP	acq-multiband	space-ACPC			DSIStudio	autotrackgqi
ProjectionBasalGanglia_OpticRadiationL	li	TORTOISE_model-MAPMRI	/scratch/grmpy/SLURM_11194840_49/job-11194840-49-sub-127008/ds/inputs/data/qsiprep/qsiprep/sub-127008/ses-1/dwi/sub-127008_ses-1_acq-multiband_dir-AP_space-ACPC_desc-preproc_dwi.nii.gz	0.0031088082901554	0.2313001453876495	0.1692849397659301	0.2088445574045181	0.2320214509963989	0.2100468873977661	0.1690544337034225	0.3225663602352142	0.3225809633731842	sub-127008	ses-1		dir-AP	acq-multiband	space-ACPC			DSIStudio	autotrackgqi
ProjectionBasalGanglia_OpticRadiationL	ng	TORTOISE_model-MAPMRI	/scratch/grmpy/SLURM_11194840_49/job-11194840-49-sub-127008/ds/inputs/data/qsiprep/qsiprep/sub-127008/ses-1/dwi/sub-127008_ses-1_acq-multiband_dir-AP_space-ACPC_desc-preproc_dwi.nii.gz	0.0031088082901554	0.3137368857860565	0.0781793370842933	0.3292048871517181	0.3147152960300445	0.3293675780296325	0.0763096064329147	0.3400313556194305	0.3400467336177826	sub-127008	ses-1		dir-AP	acq-multiband	space-ACPC			DSIStudio	autotrackgqi
ProjectionBasalGanglia_OpticRadiationL	ngpar	TORTOISE_model-MAPMRI	/scratch/grmpy/SLURM_11194840_49/job-11194840-49-sub-127008/ds/inputs/data/qsiprep/qsiprep/sub-127008/ses-1/dwi/sub-127008_ses-1_acq-multiband_dir-AP_space-ACPC_desc-preproc_dwi.nii.gz	0.0031088082901554	0.1409064680337906	0.0493973605334758	0.135934516787529	0.1413458883762359	0.1360589116811752	0.0488425940275192	0.1353784799575805	0.1353846043348312	sub-127008	ses-1		dir-AP	acq-multiband	space-ACPC			DSIStudio	autotrackgqi
ProjectionBasalGanglia_OpticRadiationL	ngperp	TORTOISE_model-MAPMRI	/scratch/grmpy/SLURM_11194840_49/job-11194840-49-sub-127008/ds/inputs/data/qsiprep/qsiprep/sub-127008/ses-1/dwi/sub-127008_ses-1_acq-multiband_dir-AP_space-ACPC_desc-preproc_dwi.nii.gz	0.0031088082901554	0.2661013603210449	0.070525549352169	0.2800534963607788	0.2669312059879303	0.2803945243358612	0.0690496489405632	0.2901980280876159	0.2902111709117889	sub-127008	ses-1		dir-AP	acq-multiband	space-ACPC			DSIStudio	autotrackgqi
ProjectionBasalGanglia_OpticRadiationL	pa	TORTOISE_model-MAPMRI	/scratch/grmpy/SLURM_11194840_49/job-11194840-49-sub-127008/ds/inputs/data/qsiprep/qsiprep/sub-127008/ses-1/dwi/sub-127008_ses-1_acq-multiband_dir-AP_space-ACPC_desc-preproc_dwi.nii.gz	0.0031088082901554	0.7107709646224976	0.2412927746772766	0.803885281085968	0.71298748254776	0.8053869009017944	0.2383766025304794	0.8441161513328552	0.8441542387008667	sub-127008	ses-1		dir-AP	acq-multiband	space-ACPC			DSIStudio	autotrackgqi
ProjectionBasalGanglia_OpticRadiationL	path	TORTOISE_model-MAPMRI	/scratch/grmpy/SLURM_11194840_49/job-11194840-49-sub-127008/ds/inputs/data/qsiprep/qsiprep/sub-127008/ses-1/dwi/sub-127008_ses-1_acq-multiband_dir-AP_space-ACPC_desc-preproc_dwi.nii.gz	0.0031088082901554	0.2960754036903381	0.1273114681243896	0.2971463799476623	0.2969987094402313	0.2980564534664154	0.1264299601316452	0.3658996224403381	0.3659161925315857	sub-127008	ses-1		dir-AP	acq-multiband	space-ACPC			DSIStudio	autotrackgqi
ProjectionBasalGanglia_OpticRadiationL	rd	TORTOISE_model-MAPMRI	/scratch/grmpy/SLURM_11194840_49/job-11194840-49-sub-127008/ds/inputs/data/qsiprep/qsiprep/sub-127008/ses-1/dwi/sub-127008_ses-1_acq-multiband_dir-AP_space-ACPC_desc-preproc_dwi.nii.gz	0.0031088082901554	642.1941126170383	334.7472583986077	580.4001951784496	644.1967969599189	580.9149078761457	333.33924206503383	543.5225420268553	543.5471313859856	sub-127008	ses-1		dir-AP	acq-multiband	space-ACPC			DSIStudio	autotrackgqi
ProjectionBasalGanglia_OpticRadiationL	rtap	TORTOISE_model-MAPMRI	/scratch/grmpy/SLURM_11194840_49/job-11194840-49-sub-127008/ds/inputs/data/qsiprep/qsiprep/sub-127008/ses-1/dwi/sub-127008_ses-1_acq-multiband_dir-AP_space-ACPC_desc-preproc_dwi.nii.gz	0.0031088082901554	0.0157037694007158	0.0068697012029588	0.0147370211780071	0.0157527420669794	0.014778159558773	0.0068241134285926	0.0191313754767179	0.0191322397440671	sub-127008	ses-1		dir-AP	acq-multiband	space-ACPC			DSIStudio	autotrackgqi
ProjectionBasalGanglia_OpticRadiationL	rtop	TORTOISE_model-MAPMRI	/scratch/grmpy/SLURM_11194840_49/job-11194840-49-sub-127008/ds/inputs/data/qsiprep/qsiprep/sub-127008/ses-1/dwi/sub-127008_ses-1_acq-multiband_dir-AP_space-ACPC_desc-preproc_dwi.nii.gz	0.0031088082901554	0.0003251607413403	0.0001096250198315	0.000327683519572	0.0003261747770011	0.0003280546225141	0.0001082791495718	0.0003794206131715	0.0003794377844315	sub-127008	ses-1		dir-AP	acq-multiband	space-ACPC			DSIStudio	autotrackgqi
ProjectionBasalGanglia_OpticRadiationL	rtpp	TORTOISE_model-MAPMRI	/scratch/grmpy/SLURM_11194840_49/job-11194840-49-sub-127008/ds/inputs/data/qsiprep/qsiprep/sub-127008/ses-1/dwi/sub-127008_ses-1_acq-multiband_dir-AP_space-ACPC_desc-preproc_dwi.nii.gz	0.0031088082901554	0.0479534193873405	0.0072503960691392	0.0487501621246337	0.0481029637157917	0.0487595684826374	0.0067482381127774	0.0463893562555313	0.0463914573192596	sub-127008	ses-1		dir-AP	acq-multiband	space-ACPC			DSIStudio	autotrackgqi
ProjectionBrainstem_ReticularTractL	ad	TORTOISE_model-MAPMRI	/scratch/grmpy/SLURM_11194840_49/job-11194840-49-sub-127008/ds/inputs/data/qsiprep/qsiprep/sub-127008/ses-1/dwi/sub-127008_ses-1_acq-multiband_dir-AP_space-ACPC_desc-preproc_dwi.nii.gz	0.0053370786516853	1221.186824836382	356.50054112314336	1164.46299606272	1227.739366398622	1166.313547753401	346.01989187313933	1301.702189108442	1302.5156590495585	sub-127008	ses-1		dir-AP	acq-multiband	space-ACPC			DSIStudio	autotrackgqi
ProjectionBrainstem_ReticularTractL	am	TORTOISE_model-MAPMRI	/scratch/grmpy/SLURM_11194840_49/job-11194840-49-sub-127008/ds/inputs/data/qsiprep/qsiprep/sub-127008/ses-1/dwi/sub-127008_ses-1_acq-multiband_dir-AP_space-ACPC_desc-preproc_dwi.nii.gz	0.0	5475.13916015625	1206.5653076171875	5415.556640625	5475.13916015625	5415.556640625	1206.5653076171875	5612.583984375	5612.583984375	sub-127008	ses-1		dir-AP	acq-multiband	space-ACPC			DSIStudio	autotrackgqi
ProjectionBrainstem_ReticularTractL	fa	TORTOISE_model-MAPMRI	/scratch/grmpy/SLURM_11194840_49/job-11194840-49-sub-127008/ds/inputs/data/qsiprep/qsiprep/sub-127008/ses-1/dwi/sub-127008_ses-1_acq-multiband_dir-AP_space-ACPC_desc-preproc_dwi.nii.gz	0.0053370786516853	0.4230545966080185	0.1729727807440222	0.4210158272490902	0.4253245873833792	0.4217081499138137	0.1706301262086526	0.4940807217667222	0.4943894865475502	sub-127008	ses-1		dir-AP	acq-multiband	space-ACPC			DSIStudio	autotrackgqi
ProjectionBrainstem_ReticularTractL	li	TORTOISE_model-MAPMRI	/scratch/grmpy/SLURM_11194840_49/job-11194840-49-sub-127008/ds/inputs/data/qsiprep/qsiprep/sub-127008/ses-1/dwi/sub-127008_ses-1_acq-multiband_dir-AP_space-ACPC_desc-preproc_dwi.nii.gz	0.0061797752808988	0.2670488059520721	0.1378484964370727	0.2564134001731872	0.2687093615531921	0.2577853798866272	0.1366534233093261	0.3202345967292785	0.3204870522022247	sub-127008	ses-1		dir-AP	acq-multiband	space-ACPC			DSIStudio	autotrackgqi
ProjectionBrainstem_ReticularTractL	ng	TORTOISE_model-MAPMRI	/scratch/grmpy/SLURM_11194840_49/job-11194840-49-sub-127008/ds/inputs/data/qsiprep/qsiprep/sub-127008/ses-1/dwi/sub-127008_ses-1_acq-multiband_dir-AP_space-ACPC_desc-preproc_dwi.nii.gz	0.0	0.3369208574295044	0.0760155394673347	0.3481133282184601	0.3369208574295044	0.3481133282184601	0.0760155394673347	0.3496356904506683	0.3496356904506683	sub-127008	ses-1		dir-AP	acq-multiband	space-ACPC			DSIStudio	autotrackgqi
ProjectionBrainstem_ReticularTractL	ngpar	TORTOISE_model-MAPMRI	/scratch/grmpy/SLURM_11194840_49/job-11194840-49-sub-127008/ds/inputs/data/qsiprep/qsiprep/sub-127008/ses-1/dwi/sub-127008_ses-1_acq-multiband_dir-AP_space-ACPC_desc-preproc_dwi.nii.gz	0.0	0.1515771746635437	0.0496660023927688	0.1465158462524414	0.1515771746635437	0.1465158462524414	0.0496660023927688	0.1597881019115448	0.1597881019115448	sub-127008	ses-1		dir-AP	acq-multiband	space-ACPC			DSIStudio	autotrackgqi
ProjectionBrainstem_ReticularTractL	ngperp	TORTOISE_model-MAPMRI	/scratch/grmpy/SLURM_11194840_49/job-11194840-49-sub-127008/ds/inputs/data/qsiprep/qsiprep/sub-127008/ses-1/dwi/sub-127008_ses-1_acq-multiband_dir-AP_space-ACPC_desc-preproc_dwi.nii.gz	0.0	0.281694084405899	0.0639470070600509	0.2907257080078125	0.281694084405899	0.2907257080078125	0.0639470070600509	0.2907795310020447	0.2907795310020447	sub-127008	ses-1		dir-AP	acq-multiband	space-ACPC			DSIStudio	autotrackgqi
ProjectionBrainstem_ReticularTractL	pa	TORTOISE_model-MAPMRI	/scratch/grmpy/SLURM_11194840_49/job-11194840-49-sub-127008/ds/inputs/data/qsiprep/qsiprep/sub-127008/ses-1/dwi/sub-127008_ses-1_acq-multiband_dir-AP_space-ACPC_desc-preproc_dwi.nii.gz	0.0	0.7760124206542969	0.178888663649559	0.8350421190261841	0.7760124206542969	0.8350421190261841	0.178888663649559	0.830207109451294	0.830207109451294	sub-127008	ses-1		dir-AP	acq-multiband	space-ACPC			DSIStudio	autotrackgqi
ProjectionBrainstem_ReticularTractL	path	TORTOISE_model-MAPMRI	/scratch/grmpy/SLURM_11194840_49/job-11194840-49-sub-127008/ds/inputs/data/qsiprep/qsiprep/sub-127008/ses-1/dwi/sub-127008_ses-1_acq-multiband_dir-AP_space-ACPC_desc-preproc_dwi.nii.gz	0.0	0.3139910399913788	0.1029502674937248	0.3174746930599212	0.3139910399913788	0.3174746930599212	0.1029502674937248	0.3416824340820312	0.3416824340820312	sub-127008	ses-1		dir-AP	acq-multiband	space-ACPC			DSIStudio	autotrackgqi
ProjectionBrainstem_ReticularTractL	rd	TORTOISE_model-MAPMRI	/scratch/grmpy/SLURM_11194840_49/job-11194840-49-sub-127008/ds/inputs/data/qsiprep/qsiprep/sub-127008/ses-1/dwi/sub-127008_ses-1_acq-multiband_dir-AP_space-ACPC_desc-preproc_dwi.nii.gz	0.0053370786516853	615.5191955023806	268.07175723829494	588.8366863897719	618.8218966361127	589.5375808056983	264.9608967963769	569.1538810286343	569.5095610449196	sub-127008	ses-1		dir-AP	acq-multiband	space-ACPC			DSIStudio	autotrackgqi
ProjectionBrainstem_ReticularTractL	rtap	TORTOISE_model-MAPMRI	/scratch/grmpy/SLURM_11194840_49/job-11194840-49-sub-127008/ds/inputs/data/qsiprep/qsiprep/sub-127008/ses-1/dwi/sub-127008_ses-1_acq-multiband_dir-AP_space-ACPC_desc-preproc_dwi.nii.gz	0.0053370786516853	0.0156807769089937	0.0056373733095824	0.015035105869174	0.0157649163156747	0.0150668062269687	0.0055339010432362	0.0174707602709531	0.0174816772341728	sub-127008	ses-1		dir-AP	acq-multiband	space-ACPC			DSIStudio	autotrackgqi
ProjectionBrainstem_ReticularTractL	rtop	TORTOISE_model-MAPMRI	/scratch/grmpy/SLURM_11194840_49/job-11194840-49-sub-127008/ds/inputs/data/qsiprep/qsiprep/sub-127008/ses-1/dwi/sub-127008_ses-1_acq-multiband_dir-AP_space-ACPC_desc-preproc_dwi.nii.gz	0.0053370786516853	0.0003312128246761	0.0001026640748023	0.0003292563778813	0.0003329900209791	0.0003297795774415	0.0001000233969534	0.0003650961443781	0.0003653243184089	sub-127008	ses-1		dir-AP	acq-multiband	space-ACPC			DSIStudio	autotrackgqi
ProjectionBrainstem_ReticularTractL	rtpp	TORTOISE_model-MAPMRI	/scratch/grmpy/SLURM_11194840_49/job-11194840-49-sub-127008/ds/inputs/data/qsiprep/qsiprep/sub-127008/ses-1/dwi/sub-127008_ses-1_acq-multiband_dir-AP_space-ACPC_desc-preproc_dwi.nii.gz	0.0053370786516853	0.0475585795938968	0.0067534283734858	0.0481922253966331	0.0478137657046318	0.0482438802719116	0.0058010458014905	0.0464823246002197	0.0465113669633865	sub-127008	ses-1		dir-AP	acq-multiband	space-ACPC			DSIStudio	autotrackgqi
ProjectionBrainstem_NonDecussatingDentatorubrothalamicTractR	ad	TORTOISE_model-MAPMRI	/scratch/grmpy/SLURM_11194840_49/job-11194840-49-sub-127008/ds/inputs/data/qsiprep/qsiprep/sub-127008/ses-1/dwi/sub-127008_ses-1_acq-multiband_dir-AP_space-ACPC_desc-preproc_dwi.nii.gz	0.0	1200.3143643903531	378.8653327683375	1126.499852513246	1200.3143643903531	1126.499852513246	378.8653327683375	1316.4778237639075	1316.4778237639075	sub-127008	ses-1		dir-AP	acq-multiband	space-ACPC			DSIStudio	autotrackgqi
ProjectionBrainstem_NonDecussatingDentatorubrothalamicTractR	am	TORTOISE_model-MAPMRI	/scratch/grmpy/SLURM_11194840_49/job-11194840-49-sub-127008/ds/inputs/data/qsiprep/qsiprep/sub-127008/ses-1/dwi/sub-127008_ses-1_acq-multiband_dir-AP_space-ACPC_desc-preproc_dwi.nii.gz	0.0	5829.3193359375	1114.708251953125	5705.259765625	5829.3193359375	5705.259765625	1114.708251953125	6166.97705078125	6166.97705078125	sub-127008	ses-1		dir-AP	acq-multiband	space-ACPC			DSIStudio	autotrackgqi
ProjectionBrainstem_NonDecussatingDentatorubrothalamicTractR	fa	TORTOISE_model-MAPMRI	/scratch/grmpy/SLURM_11194840_49/job-11194840-49-sub-127008/ds/inputs/data/qsiprep/qsiprep/sub-127008/ses-1/dwi/sub-127008_ses-1_acq-multiband_dir-AP_space-ACPC_desc-preproc_dwi.nii.gz	0.0	0.4265652354882877	0.18042221834059	0.4237062441978835	0.4265652354882877	0.4237062441978835	0.18042221834059	0.4999750433869698	0.4999750433869698	sub-127008	ses-1		dir-AP	acq-multiband	space-ACPC			DSIStudio	autotrackgqi
ProjectionBrainstem_NonDecussatingDentatorubrothalamicTractR	li	TORTOISE_model-MAPMRI	/scratch/grmpy/SLURM_11194840_49/job-11194840-49-sub-127008/ds/inputs/data/qsiprep/qsiprep/sub-127008/ses-1/dwi/sub-127008_ses-1_acq-multiband_dir-AP_space-ACPC_desc-preproc_dwi.nii.gz	0.0	0.2716884016990661	0.1493097990751266	0.2537950277328491	0.2716884016990661	0.2537950277328491	0.1493097990751266	0.3287038803100586	0.3287038803100586	sub-127008	ses-1		dir-AP	acq-multiband	space-ACPC			DSIStudio	autotrackgqi
ProjectionBrainstem_NonDecussatingDentatorubrothalamicTractR	ng	TORTOISE_model-MAPMRI	/scratch/grmpy/SLURM_11194840_49/job-11194840-49-sub-127008/ds/inputs/data/qsiprep/qsiprep/sub-127008/ses-1/dwi/sub-127008_ses-1_acq-multiband_dir-AP_space-ACPC_desc-preproc_dwi.nii.gz	0.0	0.3310917913913727	0.0598385334014892	0.3429577648639679	0.3310917913913727	0.3429577648639679	0.0598385334014892	0.35042405128479	0.35042405128479	sub-127008	ses-1		dir-AP	acq-multiband	space-ACPC			DSIStudio	autotrackgqi
ProjectionBrainstem_NonDecussatingDentatorubrothalamicTractR	ngpar	TORTOISE_model-MAPMRI	/scratch/grmpy/SLURM_11194840_49/job-11194840-49-sub-127008/ds/inputs/data/qsiprep/qsiprep/sub-127008/ses-1/dwi/sub-127008_ses-1_acq-multiband_dir-AP_space-ACPC_desc-preproc_dwi.nii.gz	0.0	0.1463873982429504	0.041204709559679	0.1441641747951507	0.1463873982429504	0.1441641747951507	0.041204709559679	0.1499316394329071	0.1499316394329071	sub-127008	ses-1		dir-AP	acq-multiband	space-ACPC			DSIStudio	autotrackgqi
ProjectionBrainstem_NonDecussatingDentatorubrothalamicTractR	ngperp	TORTOISE_model-MAPMRI	/scratch/grmpy/SLURM_11194840_49/job-11194840-49-sub-127008/ds/inputs/data/qsiprep/qsiprep/sub-127008/ses-1/dwi/sub-127008_ses-1_acq-multiband_dir-AP_space-ACPC_desc-preproc_dwi.nii.gz	0.0	0.2798729538917541	0.0555584728717803	0.2889807224273681	0.2798729538917541	0.2889807224273681	0.0555584728717803	0.2982838749885559	0.2982838749885559	sub-127008	ses-1		dir-AP	acq-multiband	space-ACPC			DSIStudio	autotrackgqi
ProjectionBrainstem_NonDecussatingDentatorubrothalamicTractR	pa	TORTOISE_model-MAPMRI	/scratch/grmpy/SLURM_11194840_49/job-11194840-49-sub-127008/ds/inputs/data/qsiprep/qsiprep/sub-127008/ses-1/dwi/sub-127008_ses-1_acq-multiband_dir-AP_space-ACPC_desc-preproc_dwi.nii.gz	0.0	0.7752254009246826	0.1819736063480377	0.8366121053695679	0.7752254009246826	0.8366121053695679	0.1819736063480377	0.846381425857544	0.846381425857544	sub-127008	ses-1		dir-AP	acq-multiband	space-ACPC			DSIStudio	autotrackgqi
ProjectionBrainstem_NonDecussatingDentatorubrothalamicTractR	path	TORTOISE_model-MAPMRI	/scratch/grmpy/SLURM_11194840_49/job-11194840-49-sub-127008/ds/inputs/data/qsiprep/qsiprep/sub-127008/ses-1/dwi/sub-127008_ses-1_acq-multiband_dir-AP_space-ACPC_desc-preproc_dwi.nii.gz	0.0	0.3148892223834991	0.1010882332921028	0.3185893893241882	0.3148892223834991	0.3185893893241882	0.1010882332921028	0.3564586639404297	0.3564586639404297	sub-127008	ses-1		dir-AP	acq-multiband	space-ACPC			DSIStudio	autotrackgqi
ProjectionBrainstem_NonDecussatingDentatorubrothalamicTractR	rd	TORTOISE_model-MAPMRI	/scratch/grmpy/SLURM_11194840_49/job-11194840-49-sub-127008/ds/inputs/data/qsiprep/qsiprep/sub-127008/ses-1/dwi/sub-127008_ses-1_acq-multiband_dir-AP_space-ACPC_desc-preproc_dwi.nii.gz	0.0	612.7312311238874	331.1580100330373	563.2654886322697	612.7312311238874	563.2654886322697	331.1580100330373	579.129569027612	579.129569027612	sub-127008	ses-1		dir-AP	acq-multiband	space-ACPC			DSIStudio	autotrackgqi
ProjectionBrainstem_NonDecussatingDentatorubrothalamicTractR	rtap	TORTOISE_model-MAPMRI	/scratch/grmpy/SLURM_11194840_49/job-11194840-49-sub-127008/ds/inputs/data/qsiprep/qsiprep/sub-127008/ses-1/dwi/sub-127008_ses-1_acq-multiband_dir-AP_space-ACPC_desc-preproc_dwi.nii.gz	0.0	0.0165433567017316	0.0058999089524149	0.0158233754336833	0.0165433567017316	0.0158233754336833	0.0058999089524149	0.0184989161789417	0.0184989161789417	sub-127008	ses-1		dir-AP	acq-multiband	space-ACPC			DSIStudio	autotrackgqi
ProjectionBrainstem_NonDecussatingDentatorubrothalamicTractR	rtop	TORTOISE_model-MAPMRI	/scratch/grmpy/SLURM_11194840_49/job-11194840-49-sub-127008/ds/inputs/data/qsiprep/qsiprep/sub-127008/ses-1/dwi/sub-127008_ses-1_acq-multiband_dir-AP_space-ACPC_desc-preproc_dwi.nii.gz	0.0	0.0003528912493493	0.0001046265242621	0.0003569650580175	0.0003528912493493	0.0003569650580175	0.0001046265242621	0.0003830661880783	0.0003830661880783	sub-127008	ses-1		dir-AP	acq-multiband	space-ACPC			DSIStudio	autotrackgqi
ProjectionBrainstem_NonDecussatingDentatorubrothalamicTractR	rtpp	TORTOISE_model-MAPMRI	/scratch/grmpy/SLURM_11194840_49/job-11194840-49-sub-127008/ds/inputs/data/qsiprep/qsiprep/sub-127008/ses-1/dwi/sub-127008_ses-1_acq-multiband_dir-AP_space-ACPC_desc-preproc_dwi.nii.gz	0.0	0.0485403724014759	0.0061274669133126	0.0489857345819473	0.0485403724014759	0.0489857345819473	0.0061274669133126	0.0466444231569767	0.0466444231569767	sub-127008	ses-1		dir-AP	acq-multiband	space-ACPC			DSIStudio	autotrackgqi
ProjectionBasalGanglia_AnsaSubthalamicaL	ad	TORTOISE_model-MAPMRI	/scratch/grmpy/SLURM_11194840_49/job-11194840-49-sub-127008/ds/inputs/data/qsiprep/qsiprep/sub-127008/ses-1/dwi/sub-127008_ses-1_acq-multiband_dir-AP_space-ACPC_desc-preproc_dwi.nii.gz	0.0	1196.5764773761634	321.6929914352553	1119.3122248086756	1196.5764773761634	1119.3122248086756	321.6929914352553	1164.6108075480442	1164.6108075480442	sub-127008	ses-1		dir-AP	acq-multiband	space-ACPC			DSIStudio	autotrackgqi
ProjectionBasalGanglia_AnsaSubthalamicaL	am	TORTOISE_model-MAPMRI	/scratch/grmpy/SLURM_11194840_49/job-11194840-49-sub-127008/ds/inputs/data/qsiprep/qsiprep/sub-127008/ses-1/dwi/sub-127008_ses-1_acq-multiband_dir-AP_space-ACPC_desc-preproc_dwi.nii.gz	0.0	5988.4287109375	1587.3843994140625	5955.57568359375	5988.4287109375	5955.57568359375	1587.3843994140625	5968.1728515625	5968.1728515625	sub-127008	ses-1		dir-AP	acq-multiband	space-ACPC			DSIStudio	autotrackgqi
ProjectionBasalGanglia_AnsaSubthalamicaL	fa	TORTOISE_model-MAPMRI	/scratch/grmpy/SLURM_11194840_49/job-11194840-49-sub-127008/ds/inputs/data/qsiprep/qsiprep/sub-127008/ses-1/dwi/sub-127008_ses-1_acq-multiband_dir-AP_space-ACPC_desc-preproc_dwi.nii.gz	0.0	0.3692979629640801	0.1455196142821012	0.3544682833662876	0.3692979629640801	0.3544682833662876	0.1455196142821012	0.3826451082267566	0.3826451082267566	sub-127008	ses-1		dir-AP	acq-multiband	space-ACPC			DSIStudio	autotrackgqi
ProjectionBasalGanglia_AnsaSubthalamicaL	li	TORTOISE_model-MAPMRI	/scratch/grmpy/SLURM_11194840_49/job-11194840-49-sub-127008/ds/inputs/data/qsiprep/qsiprep/sub-127008/ses-1/dwi/sub-127008_ses-1_acq-multiband_dir-AP_space-ACPC_desc-preproc_dwi.nii.gz	0.0	0.225681185722351	0.1089572012424469	0.2073630094528198	0.225681185722351	0.2073630094528198	0.1089572012424469	0.2339549660682678	0.2339549660682678	sub-127008	ses-1		dir-AP	acq-multiband	space-ACPC			DSIStudio	autotrackgqi
ProjectionBasalGanglia_AnsaSubthalamicaL	ng	TORTOISE_model-MAPMRI	/scratch/grmpy/SLURM_11194840_49/job-11194840-49-sub-127008/ds/inputs/data/qsiprep/qsiprep/sub-127008/ses-1/dwi/sub-127008_ses-1_acq-multiband_dir-AP_space-ACPC_desc-preproc_dwi.nii.gz	0.0	0.3121500015258789	0.0662384927272796	0.3219700157642364	0.3121500015258789	0.3219700157642364	0.0662384927272796	0.3086842596530914	0.3086842596530914	sub-127008	ses-1		dir-AP	acq-multiband	space-ACPC			DSIStudio	autotrackgqi
ProjectionBasalGanglia_AnsaSubthalamicaL	ngpar	TORTOISE_model-MAPMRI	/scratch/grmpy/SLURM_11194840_49/job-11194840-49-sub-127008/ds/inputs/data/qsiprep/qsiprep/sub-127008/ses-1/dwi/sub-127008_ses-1_acq-multiband_dir-AP_space-ACPC_desc-preproc_dwi.nii.gz	0.0	0.1577463001012802	0.0486299991607666	0.1556680351495742	0.1577463001012802	0.1556680351495742	0.0486299991607666	0.1555804908275604	0.1555804908275604	sub-127008	ses-1		dir-AP	acq-multiband	space-ACPC			DSIStudio	autotrackgqi
ProjectionBasalGanglia_AnsaSubthalamicaL	ngperp	TORTOISE_model-MAPMRI	/scratch/grmpy/SLURM_11194840_49/job-11194840-49-sub-127008/ds/inputs/data/qsiprep/qsiprep/sub-127008/ses-1/dwi/sub-127008_ses-1_acq-multiband_dir-AP_space-ACPC_desc-preproc_dwi.nii.gz	0.0	0.2557899951934814	0.0578567534685134	0.2635437548160553	0.2557899951934814	0.2635437548160553	0.0578567534685134	0.2549843788146972	0.2549843788146972	sub-127008	ses-1		dir-AP	acq-multiband	space-ACPC			DSIStudio	autotrackgqi
ProjectionBasalGanglia_AnsaSubthalamicaL	pa	TORTOISE_model-MAPMRI	/scratch/grmpy/SLURM_11194840_49/job-11194840-49-sub-127008/ds/inputs/data/qsiprep/qsiprep/sub-127008/ses-1/dwi/sub-127008_ses-1_acq-multiband_dir-AP_space-ACPC_desc-preproc_dwi.nii.gz	0.0	0.7133225202560425	0.1586120724678039	0.7388777732849121	0.7133225202560425	0.7388777732849121	0.1586120724678039	0.7289065718650818	0.7289065718650818	sub-127008	ses-1		dir-AP	acq-multiband	space-ACPC			DSIStudio	autotrackgqi
ProjectionBasalGanglia_AnsaSubthalamicaL	path	TORTOISE_model-MAPMRI	/scratch/grmpy/SLURM_11194840_49/job-11194840-49-sub-127008/ds/inputs/data/qsiprep/qsiprep/sub-127008/ses-1/dwi/sub-127008_ses-1_acq-multiband_dir-AP_space-ACPC_desc-preproc_dwi.nii.gz	0.0	0.2689348757266998	0.0773309022188186	0.2626707255840301	0.2689348757266998	0.2626707255840301	0.0773309022188186	0.2723274230957031	0.2723274230957031	sub-127008	ses-1		dir-AP	acq-multiband	space-ACPC			DSIStudio	autotrackgqi
ProjectionBasalGanglia_AnsaSubthalamicaL	rd	TORTOISE_model-MAPMRI	/scratch/grmpy/SLURM_11194840_49/job-11194840-49-sub-127008/ds/inputs/data/qsiprep/qsiprep/sub-127008/ses-1/dwi/sub-127008_ses-1_acq-multiband_dir-AP_space-ACPC_desc-preproc_dwi.nii.gz	0.0	676.5543235064251	266.54180911578607	628.6984221464285	676.5543235064251	628.6984221464285	266.54180911578607	644.2949099492287	644.2949099492287	sub-127008	ses-1		dir-AP	acq-multiband	space-ACPC			DSIStudio	autotrackgqi
ProjectionBasalGanglia_AnsaSubthalamicaL	rtap	TORTOISE_model-MAPMRI	/scratch/grmpy/SLURM_11194840_49/job-11194840-49-sub-127008/ds/inputs/data/qsiprep/qsiprep/sub-127008/ses-1/dwi/sub-127008_ses-1_acq-multiband_dir-AP_space-ACPC_desc-preproc_dwi.nii.gz	0.0	0.0132807819172739	0.0040099523030221	0.0128568597137928	0.0132807819172739	0.0128568597137928	0.0040099523030221	0.0133762005716562	0.0133762005716562	sub-127008	ses-1		dir-AP	acq-multiband	space-ACPC			DSIStudio	autotrackgqi
ProjectionBasalGanglia_AnsaSubthalamicaL	rtop	TORTOISE_model-MAPMRI	/scratch/grmpy/SLURM_11194840_49/job-11194840-49-sub-127008/ds/inputs/data/qsiprep/qsiprep/sub-127008/ses-1/dwi/sub-127008_ses-1_acq-multiband_dir-AP_space-ACPC_desc-preproc_dwi.nii.gz	0.0	0.000292422104394	9.099046292249112e-05	0.000292754615657	0.000292422104394	0.000292754615657	9.099046292249112e-05	0.0002945171436294	0.0002945171436294	sub-127008	ses-1		dir-AP	acq-multiband	space-ACPC			DSIStudio	autotrackgqi
ProjectionBasalGanglia_AnsaSubthalamicaL	rtpp	TORTOISE_model-MAPMRI	/scratch/grmpy/SLURM_11194840_49/job-11194840-49-sub-127008/ds/inputs/data/qsiprep/qsiprep/sub-127008/ses-1/dwi/sub-127008_ses-1_acq-multiband_dir-AP_space-ACPC_desc-preproc_dwi.nii.gz	0.0	0.0485308170318603	0.0060084541328251	0.0487521775066852	0.0485308170318603	0.0487521775066852	0.0060084541328251	0.0487352311611175	0.0487352311611175	sub-127008	ses-1		dir-AP	acq-multiband	space-ACPC			DSIStudio	autotrackgqi
ProjectionBasalGanglia_ThalamicRadiationL	ad	TORTOISE_model-MAPMRI	/scratch/grmpy/SLURM_11194840_49/job-11194840-49-sub-127008/ds/inputs/data/qsiprep/qsiprep/sub-127008/ses-1/dwi/sub-127008_ses-1_acq-multiband_dir-AP_space-ACPC_desc-preproc_dwi.nii.gz	0.0007238134629304	1137.6336737834238	241.0654468457274	1102.0918986895465	1138.457704797133	1102.4317947640334	239.1997456515261	1165.2563190982455	1165.2907697136493	sub-127008	ses-1		dir-AP	acq-multiband	space-ACPC			DSIStudio	autotrackgqi
ProjectionBasalGanglia_ThalamicRadiationL	am	TORTOISE_model-MAPMRI	/scratch/grmpy/SLURM_11194840_49/job-11194840-49-sub-127008/ds/inputs/data/qsiprep/qsiprep/sub-127008/ses-1/dwi/sub-127008_ses-1_acq-multiband_dir-AP_space-ACPC_desc-preproc_dwi.nii.gz	0.0007238134629304	5595.97900390625	919.4529418945312	5501.126953125	5600.0322265625	5501.595703125	907.3626708984376	5513.83740234375	5514.0	sub-127008	ses-1		dir-AP	acq-multiband	space-ACPC			DSIStudio	autotrackgqi
ProjectionBasalGanglia_ThalamicRadiationL	fa	TORTOISE_model-MAPMRI	/scratch/grmpy/SLURM_11194840_49/job-11194840-49-sub-127008/ds/inputs/data/qsiprep/qsiprep/sub-127008/ses-1/dwi/sub-127008_ses-1_acq-multiband_dir-AP_space-ACPC_desc-preproc_dwi.nii.gz	0.0007238134629304	0.3899928640199701	0.1773138206808197	0.3937459373101624	0.3902753505729647	0.3940078704768803	0.1770669838877012	0.4453367826203618	0.4453499489064089	sub-127008	ses-1		dir-AP	acq-multiband	space-ACPC			DSIStudio	autotrackgqi
ProjectionBasalGanglia_ThalamicRadiationL	li	TORTOISE_model-MAPMRI	/scratch/grmpy/SLURM_11194840_49/job-11194840-49-sub-127008/ds/inputs/data/qsiprep/qsiprep/sub-127008/ses-1/dwi/sub-127008_ses-1_acq-multiband_dir-AP_space-ACPC_desc-preproc_dwi.nii.gz	0.0007238134629304	0.2379479706287384	0.1404850333929062	0.2258190214633941	0.2381203323602676	0.2260635495185852	0.1403898149728775	0.2849549949169159	0.2849634289741516	sub-127008	ses-1		dir-AP	acq-multiband	space-ACPC			DSIStudio	autotrackgqi
ProjectionBasalGanglia_ThalamicRadiationL	ng	TORTOISE_model-MAPMRI	/scratch/grmpy/SLURM_11194840_49/job-11194840-49-sub-127008/ds/inputs/data/qsiprep/qsiprep/sub-127008/ses-1/dwi/sub-127008_ses-1_acq-multiband_dir-AP_space-ACPC_desc-preproc_dwi.nii.gz	0.0007238134629304	0.3091299831867218	0.0721591413021087	0.3322597444057464	0.3093538880348205	0.3323134779930115	0.0717038586735725	0.3294476568698883	0.3294573724269867	sub-127008	ses-1		dir-AP	acq-multiband	space-ACPC			DSIStudio	autotrackgqi
ProjectionBasalGanglia_ThalamicRadiationL	ngpar	TORTOISE_model-MAPMRI	/scratch/grmpy/SLURM_11194840_49/job-11194840-49-sub-127008/ds/inputs/data/qsiprep/qsiprep/sub-127008/ses-1/dwi/sub-127008_ses-1_acq-multiband_dir-AP_space-ACPC_desc-preproc_dwi.nii.gz	0.0007238134629304	0.1361773610115051	0.0366060957312583	0.1342710554599762	0.1362760066986084	0.1343086063861847	0.0364353545010089	0.1375569105148315	0.1375609785318374	sub-127008	ses-1		dir-AP	acq-multiband	space-ACPC			DSIStudio	autotrackgqi
ProjectionBasalGanglia_ThalamicRadiationL	ngperp	TORTOISE_model-MAPMRI	/scratch/grmpy/SLURM_11194840_49/job-11194840-49-sub-127008/ds/inputs/data/qsiprep/qsiprep/sub-127008/ses-1/dwi/sub-127008_ses-1_acq-multiband_dir-AP_space-ACPC_desc-preproc_dwi.nii.gz	0.0007238134629304	0.2644621729850769	0.0669188201427459	0.2816929221153259	0.264653742313385	0.2817610502243042	0.0665633231401443	0.2827431559562683	0.2827515006065368	sub-127008	ses-1		dir-AP	acq-multiband	space-ACPC			DSIStudio	autotrackgqi
ProjectionBasalGanglia_ThalamicRadiationL	pa	TORTOISE_model-MAPMRI	/scratch/grmpy/SLURM_11194840_49/job-11194840-49-sub-127008/ds/inputs/data/qsiprep/qsiprep/sub-127008/ses-1/dwi/sub-127008_ses-1_acq-multiband_dir-AP_space-ACPC_desc-preproc_dwi.nii.gz	0.0007238134629304	0.7252699732780457	0.2211955189704895	0.8128077387809753	0.725795328617096	0.8130332231521606	0.2204123437404632	0.7983341217041016	0.7983577251434326	sub-127008	ses-1		dir-AP	acq-multiband	space-ACPC			DSIStudio	autotrackgqi
ProjectionBasalGanglia_ThalamicRadiationL	path	TORTOISE_model-MAPMRI	/scratch/grmpy/SLURM_11194840_49/job-11194840-49-sub-127008/ds/inputs/data/qsiprep/qsiprep/sub-127008/ses-1/dwi/sub-127008_ses-1_acq-multiband_dir-AP_space-ACPC_desc-preproc_dwi.nii.gz	0.0007238134629304	0.2915704250335693	0.1076676920056343	0.302649438381195	0.2917816340923309	0.3027915060520172	0.1074202209711074	0.3250739574432373	0.3250835835933685	sub-127008	ses-1		dir-AP	acq-multiband	space-ACPC			DSIStudio	autotrackgqi
ProjectionBasalGanglia_ThalamicRadiationL	rd	TORTOISE_model-MAPMRI	/scratch/grmpy/SLURM_11194840_49/job-11194840-49-sub-127008/ds/inputs/data/qsiprep/qsiprep/sub-127008/ses-1/dwi/sub-127008_ses-1_acq-multiband_dir-AP_space-ACPC_desc-preproc_dwi.nii.gz	0.0007238134629304	614.8814810461854	212.9315125990112	590.1871095155562	615.326862913665	590.4868175277907	212.3643448888677	561.0995169813951	561.1161057948325	sub-127008	ses-1		dir-AP	acq-multiband	space-ACPC			DSIStudio	autotrackgqi
ProjectionBasalGanglia_ThalamicRadiationL	rtap	TORTOISE_model-MAPMRI	/scratch/grmpy/SLURM_11194840_49/job-11194840-49-sub-127008/ds/inputs/data/qsiprep/qsiprep/sub-127008/ses-1/dwi/sub-127008_ses-1_acq-multiband_dir-AP_space-ACPC_desc-preproc_dwi.nii.gz	0.0007238134629304	0.0152788460254669	0.0050900867208838	0.01477986946702	0.015289912931621	0.0147939370945096	0.0050752870738506	0.0167905893176794	0.0167910847812891	sub-127008	ses-1		dir-AP	acq-multiband	space-ACPC			DSIStudio	autotrackgqi
ProjectionBasalGanglia_ThalamicRadiationL	rtop	TORTOISE_model-MAPMRI	/scratch/grmpy/SLURM_11194840_49/job-11194840-49-sub-127008/ds/inputs/data/qsiprep/qsiprep/sub-127008/ses-1/dwi/sub-127008_ses-1_acq-multiband_dir-AP_space-ACPC_desc-preproc_dwi.nii.gz	0.0007238134629304	0.0003260163939557	8.878095832187682e-05	0.0003275477502029	0.0003262525424361	0.00032763578929	8.83782995515503e-05	0.0003536226577125	0.0003536331350915	sub-127008	ses-1		dir-AP	acq-multiband	space-ACPC			DSIStudio	autotrackgqi
ProjectionBasalGanglia_ThalamicRadiationL	rtpp	TORTOISE_model-MAPMRI	/scratch/grmpy/SLURM_11194840_49/job-11194840-49-sub-127008/ds/inputs/data/qsiprep/qsiprep/sub-127008/ses-1/dwi/sub-127008_ses-1_acq-multiband_dir-AP_space-ACPC_desc-preproc_dwi.nii.gz	0.0007238134629304	0.0490386448800563	0.0050635877996683	0.0493550077080726	0.0490741655230522	0.0493585169315338	0.0048903324641287	0.0485239326953887	0.048525370657444	sub-127008	ses-1		dir-AP	acq-multiband	space-ACPC			DSIStudio	autotrackgqi
ProjectionBrainstem_DentatorubrothalamicTract-rl	ad	TORTOISE_model-MAPMRI	/scratch/grmpy/SLURM_11194840_49/job-11194840-49-sub-127008/ds/inputs/data/qsiprep/qsiprep/sub-127008/ses-1/dwi/sub-127008_ses-1_acq-multiband_dir-AP_space-ACPC_desc-preproc_dwi.nii.gz	0.0	1216.350354881833	280.1277603143105	1163.078869681471	1216.350354881833	1163.078869681471	280.1277603143105	1232.755542767793	1232.755542767793	sub-127008	ses-1		dir-AP	acq-multiband	space-ACPC			DSIStudio	autotrackgqi
ProjectionBrainstem_DentatorubrothalamicTract-rl	am	TORTOISE_model-MAPMRI	/scratch/grmpy/SLURM_11194840_49/job-11194840-49-sub-127008/ds/inputs/data/qsiprep/qsiprep/sub-127008/ses-1/dwi/sub-127008_ses-1_acq-multiband_dir-AP_space-ACPC_desc-preproc_dwi.nii.gz	0.0	5734.6201171875	1067.8155517578125	5618.27734375	5734.6201171875	5618.27734375	1067.8155517578125	5550.833984375	5550.833984375	sub-127008	ses-1		dir-AP	acq-multiband	space-ACPC			DSIStudio	autotrackgqi
ProjectionBrainstem_DentatorubrothalamicTract-rl	fa	TORTOISE_model-MAPMRI	/scratch/grmpy/SLURM_11194840_49/job-11194840-49-sub-127008/ds/inputs/data/qsiprep/qsiprep/sub-127008/ses-1/dwi/sub-127008_ses-1_acq-multiband_dir-AP_space-ACPC_desc-preproc_dwi.nii.gz	0.0	0.4925771291393944	0.1848181871030993	0.5017307103075541	0.4925771291393944	0.5017307103075541	0.1848181871030993	0.5359594451421928	0.5359594451421928	sub-127008	ses-1		dir-AP	acq-multiband	space-ACPC			DSIStudio	autotrackgqi
ProjectionBrainstem_DentatorubrothalamicTract-rl	li	TORTOISE_model-MAPMRI	/scratch/grmpy/SLURM_11194840_49/job-11194840-49-sub-127008/ds/inputs/data/qsiprep/qsiprep/sub-127008/ses-1/dwi/sub-127008_ses-1_acq-multiband_dir-AP_space-ACPC_desc-preproc_dwi.nii.gz	0.0	0.3290337324142456	0.1592418998479843	0.3193360567092895	0.3290337324142456	0.3193360567092895	0.1592418998479843	0.3642067015171051	0.3642067015171051	sub-127008	ses-1		dir-AP	acq-multiband	space-ACPC			DSIStudio	autotrackgqi
ProjectionBrainstem_DentatorubrothalamicTract-rl	ng	TORTOISE_model-MAPMRI	/scratch/grmpy/SLURM_11194840_49/job-11194840-49-sub-127008/ds/inputs/data/qsiprep/qsiprep/sub-127008/ses-1/dwi/sub-127008_ses-1_acq-multiband_dir-AP_space-ACPC_desc-preproc_dwi.nii.gz	0.0	0.3357764482498169	0.0585712008178234	0.3519942462444305	0.3357764482498169	0.3519942462444305	0.0585712008178234	0.3427763283252716	0.3427763283252716	sub-127008	ses-1		dir-AP	acq-multiband	space-ACPC			DSIStudio	autotrackgqi
ProjectionBrainstem_DentatorubrothalamicTract-rl	ngpar	TORTOISE_model-MAPMRI	/scratch/grmpy/SLURM_11194840_49/job-11194840-49-sub-127008/ds/inputs/data/qsiprep/qsiprep/sub-127008/ses-1/dwi/sub-127008_ses-1_acq-multiband_dir-AP_space-ACPC_desc-preproc_dwi.nii.gz	0.0	0.1444935351610183	0.0447274893522262	0.1440170556306839	0.1444935351610183	0.1440170556306839	0.0447274893522262	0.1444523781538009	0.1444523781538009	sub-127008	ses-1		dir-AP	acq-multiband	space-ACPC			DSIStudio	autotrackgqi
ProjectionBrainstem_DentatorubrothalamicTract-rl	ngperp	TORTOISE_model-MAPMRI	/scratch/grmpy/SLURM_11194840_49/job-11194840-49-sub-127008/ds/inputs/data/qsiprep/qsiprep/sub-127008/ses-1/dwi/sub-127008_ses-1_acq-multiband_dir-AP_space-ACPC_desc-preproc_dwi.nii.gz	0.0	0.2804670035839081	0.0560488477349281	0.2957847714424133	0.2804670035839081	0.2957847714424133	0.0560488477349281	0.2860941886901855	0.2860941886901855	sub-127008	ses-1		dir-AP	acq-multiband	space-ACPC			DSIStudio	autotrackgqi
ProjectionBrainstem_DentatorubrothalamicTract-rl	pa	TORTOISE_model-MAPMRI	/scratch/grmpy/SLURM_11194840_49/job-11194840-49-sub-127008/ds/inputs/data/qsiprep/qsiprep/sub-127008/ses-1/dwi/sub-127008_ses-1_acq-multiband_dir-AP_space-ACPC_desc-preproc_dwi.nii.gz	0.0	0.8201274275779724	0.1783809065818786	0.870509684085846	0.8201274275779724	0.870509684085846	0.1783809065818786	0.857313871383667	0.857313871383667	sub-127008	ses-1		dir-AP	acq-multiband	space-ACPC			DSIStudio	autotrackgqi
ProjectionBrainstem_DentatorubrothalamicTract-rl	path	TORTOISE_model-MAPMRI	/scratch/grmpy/SLURM_11194840_49/job-11194840-49-sub-127008/ds/inputs/data/qsiprep/qsiprep/sub-127008/ses-1/dwi/sub-127008_ses-1_acq-multiband_dir-AP_space-ACPC_desc-preproc_dwi.nii.gz	0.0	0.3466408848762512	0.1036107614636421	0.3454430699348449	0.3466408848762512	0.3454430699348449	0.1036107614636421	0.3675490617752075	0.3675490617752075	sub-127008	ses-1		dir-AP	acq-multiband	space-ACPC			DSIStudio	autotrackgqi
ProjectionBrainstem_DentatorubrothalamicTract-rl	rd	TORTOISE_model-MAPMRI	/scratch/grmpy/SLURM_11194840_49/job-11194840-49-sub-127008/ds/inputs/data/qsiprep/qsiprep/sub-127008/ses-1/dwi/sub-127008_ses-1_acq-multiband_dir-AP_space-ACPC_desc-preproc_dwi.nii.gz	0.0	540.748222683753	275.3089363003856	520.8103056159898	540.748222683753	520.8103056159898	275.3089363003856	485.19776719727935	485.19776719727935	sub-127008	ses-1		dir-AP	acq-multiband	space-ACPC			DSIStudio	autotrackgqi
ProjectionBrainstem_DentatorubrothalamicTract-rl	rtap	TORTOISE_model-MAPMRI	/scratch/grmpy/SLURM_11194840_49/job-11194840-49-sub-127008/ds/inputs/data/qsiprep/qsiprep/sub-127008/ses-1/dwi/sub-127008_ses-1_acq-multiband_dir-AP_space-ACPC_desc-preproc_dwi.nii.gz	0.0	0.0191312655806541	0.0065595707856118	0.0178085155785083	0.0191312655806541	0.0178085155785083	0.0065595707856118	0.0203353613615036	0.0203353613615036	sub-127008	ses-1		dir-AP	acq-multiband	space-ACPC			DSIStudio	autotrackgqi
ProjectionBrainstem_DentatorubrothalamicTract-rl	rtop	TORTOISE_model-MAPMRI	/scratch/grmpy/SLURM_11194840_49/job-11194840-49-sub-127008/ds/inputs/data/qsiprep/qsiprep/sub-127008/ses-1/dwi/sub-127008_ses-1_acq-multiband_dir-AP_space-ACPC_desc-preproc_dwi.nii.gz	0.0	0.000398520118324	0.0001070611324394	0.0003912830143235	0.000398520118324	0.0003912830143235	0.0001070611324394	0.0004169753810856	0.0004169753810856	sub-127008	ses-1		dir-AP	acq-multiband	space-ACPC			DSIStudio	autotrackgqi
ProjectionBrainstem_DentatorubrothalamicTract-rl	rtpp	TORTOISE_model-MAPMRI	/scratch/grmpy/SLURM_11194840_49/job-11194840-49-sub-127008/ds/inputs/data/qsiprep/qsiprep/sub-127008/ses-1/dwi/sub-127008_ses-1_acq-multiband_dir-AP_space-ACPC_desc-preproc_dwi.nii.gz	0.0	0.0482188314199447	0.0055355145595967	0.0486770346760749	0.0482188314199447	0.0486770346760749	0.0055355145595967	0.0476755388081073	0.0476755388081073	sub-127008	ses-1		dir-AP	acq-multiband	space-ACPC			DSIStudio	autotrackgqi
ProjectionBasalGanglia_FornixR	ad	TORTOISE_model-MAPMRI	/scratch/grmpy/SLURM_11194840_49/job-11194840-49-sub-127008/ds/inputs/data/qsiprep/qsiprep/sub-127008/ses-1/dwi/sub-127008_ses-1_acq-multiband_dir-AP_space-ACPC_desc-preproc_dwi.nii.gz	0.0010643959552953	1758.325838641981	795.4893975332018	1560.8831710442769	1760.1993877508162	1561.251239211349	793.8386691543075	1674.88567146041	1675.0218532705435	sub-127008	ses-1		dir-AP	acq-multiband	space-ACPC			DSIStudio	autotrackgqi
ProjectionBasalGanglia_FornixR	am	TORTOISE_model-MAPMRI	/scratch/grmpy/SLURM_11194840_49/job-11194840-49-sub-127008/ds/inputs/data/qsiprep/qsiprep/sub-127008/ses-1/dwi/sub-127008_ses-1_acq-multiband_dir-AP_space-ACPC_desc-preproc_dwi.nii.gz	0.0010643959552953	8199.3125	2671.8212890625	7714.1044921875	8208.0498046875	7718.00244140625	2659.797607421875	7585.724609375	7586.341796875	sub-127008	ses-1		dir-AP	acq-multiband	space-ACPC			DSIStudio	autotrackgqi
ProjectionBasalGanglia_FornixR	fa	TORTOISE_model-MAPMRI	/scratch/grmpy/SLURM_11194840_49/job-11194840-49-sub-127008/ds/inputs/data/qsiprep/qsiprep/sub-127008/ses-1/dwi/sub-127008_ses-1_acq-multiband_dir-AP_space-ACPC_desc-preproc_dwi.nii.gz	0.0010643959552953	0.2992490772686461	0.1858641164247066	0.2571056187659403	0.2995679361682397	0.2571897246932002	0.1857061095111366	0.364281870216972	0.3643114893038388	sub-127008	ses-1		dir-AP	acq-multiband	space-ACPC			DSIStudio	autotrackgqi
ProjectionBasalGanglia_FornixR	li	TORTOISE_model-MAPMRI	/scratch/grmpy/SLURM_11194840_49/job-11194840-49-sub-127008/ds/inputs/data/qsiprep/qsiprep/sub-127008/ses-1/dwi/sub-127008_ses-1_acq-multiband_dir-AP_space-ACPC_desc-preproc_dwi.nii.gz	0.0010643959552953	0.1844221651554107	0.1461571305990219	0.1471278369426727	0.184618666768074	0.1476514041423797	0.1461108922958374	0.2297722995281219	0.229790985584259	sub-127008	ses-1		dir-AP	acq-multiband	space-ACPC			DSIStudio	autotrackgqi
ProjectionBasalGanglia_FornixR	ng	TORTOISE_model-MAPMRI	/scratch/grmpy/SLURM_11194840_49/job-11194840-49-sub-127008/ds/inputs/data/qsiprep/qsiprep/sub-127008/ses-1/dwi/sub-127008_ses-1_acq-multiband_dir-AP_space-ACPC_desc-preproc_dwi.nii.gz	0.0010643959552953	0.3100654184818268	0.103770226240158	0.313197910785675	0.3103958070278168	0.3132172226905823	0.1033304557204246	0.3187379837036133	0.3187639117240906	sub-127008	ses-1		dir-AP	acq-multiband	space-ACPC			DSIStudio	autotrackgqi
ProjectionBasalGanglia_FornixR	ngpar	TORTOISE_model-MAPMRI	/scratch/grmpy/SLURM_11194840_49/job-11194840-49-sub-127008/ds/inputs/data/qsiprep/qsiprep/sub-127008/ses-1/dwi/sub-127008_ses-1_acq-multiband_dir-AP_space-ACPC_desc-preproc_dwi.nii.gz	0.0010643959552953	0.147587701678276	0.0506369434297084	0.1430383473634719	0.1477449536323547	0.1430514305830001	0.0504340976476669	0.1407162845134735	0.1407277137041092	sub-127008	ses-1		dir-AP	acq-multiband	space-ACPC			DSIStudio	autotrackgqi
ProjectionBasalGanglia_FornixR	ngperp	TORTOISE_model-MAPMRI	/scratch/grmpy/SLURM_11194840_49/job-11194840-49-sub-127008/ds/inputs/data/qsiprep/qsiprep/sub-127008/ses-1/dwi/sub-127008_ses-1_acq-multiband_dir-AP_space-ACPC_desc-preproc_dwi.nii.gz	0.0010643959552953	0.2628997564315796	0.0864361152052879	0.2689135372638702	0.2631798982620239	0.2689669132232666	0.0860548540949821	0.2708761394023895	0.270898163318634	sub-127008	ses-1		dir-AP	acq-multiband	space-ACPC			DSIStudio	autotrackgqi
ProjectionBasalGanglia_FornixR	pa	TORTOISE_model-MAPMRI	/scratch/grmpy/SLURM_11194840_49/job-11194840-49-sub-127008/ds/inputs/data/qsiprep/qsiprep/sub-127008/ses-1/dwi/sub-127008_ses-1_acq-multiband_dir-AP_space-ACPC_desc-preproc_dwi.nii.gz	0.0010643959552953	0.6350287199020386	0.2181029915809631	0.6501244306564331	0.6357053518295288	0.6502108573913574	0.217231348156929	0.6975592374801636	0.6976158618927002	sub-127008	ses-1		dir-AP	acq-multiband	space-ACPC			DSIStudio	autotrackgqi
ProjectionBasalGanglia_FornixR	path	TORTOISE_model-MAPMRI	/scratch/grmpy/SLURM_11194840_49/job-11194840-49-sub-127008/ds/inputs/data/qsiprep/qsiprep/sub-127008/ses-1/dwi/sub-127008_ses-1_acq-multiband_dir-AP_space-ACPC_desc-preproc_dwi.nii.gz	0.0010643959552953	0.2465212196111679	0.1064135879278183	0.2258209586143493	0.246783897280693	0.2258530259132385	0.1061654016375541	0.2768900692462921	0.2769125699996948	sub-127008	ses-1		dir-AP	acq-multiband	space-ACPC			DSIStudio	autotrackgqi
ProjectionBasalGanglia_FornixR	rd	TORTOISE_model-MAPMRI	/scratch/grmpy/SLURM_11194840_49/job-11194840-49-sub-127008/ds/inputs/data/qsiprep/qsiprep/sub-127008/ses-1/dwi/sub-127008_ses-1_acq-multiband_dir-AP_space-ACPC_desc-preproc_dwi.nii.gz	0.0010643959552953	1138.80356202231	701.5743142844489	840.5604932095739	1140.0169914970274	840.779822027572	700.9619455476708	949.2823958929292	949.3595800332664	sub-127008	ses-1		dir-AP	acq-multiband	space-ACPC			DSIStudio	autotrackgqi
ProjectionBasalGanglia_FornixR	rtap	TORTOISE_model-MAPMRI	/scratch/grmpy/SLURM_11194840_49/job-11194840-49-sub-127008/ds/inputs/data/qsiprep/qsiprep/sub-127008/ses-1/dwi/sub-127008_ses-1_acq-multiband_dir-AP_space-ACPC_desc-preproc_dwi.nii.gz	0.0010643959552953	0.0095835104584693	0.0063734985888004	0.0088596269488334	0.0095937214791774	0.0088614821434021	0.0063692070543766	0.0111007736995816	0.0111016761511564	sub-127008	ses-1		dir-AP	acq-multiband	space-ACPC			DSIStudio	autotrackgqi
ProjectionBasalGanglia_FornixR	rtop	TORTOISE_model-MAPMRI	/scratch/grmpy/SLURM_11194840_49/job-11194840-49-sub-127008/ds/inputs/data/qsiprep/qsiprep/sub-127008/ses-1/dwi/sub-127008_ses-1_acq-multiband_dir-AP_space-ACPC_desc-preproc_dwi.nii.gz	0.0010643959552953	0.000182747025974	0.0001148478404502	0.0001868028921307	0.0001829417597036	0.0001868480758275	0.0001147539005614	0.0002047502493951	0.000204766911338	sub-127008	ses-1		dir-AP	acq-multiband	space-ACPC			DSIStudio	autotrackgqi
ProjectionBasalGanglia_FornixR	rtpp	TORTOISE_model-MAPMRI	/scratch/grmpy/SLURM_11194840_49/job-11194840-49-sub-127008/ds/inputs/data/qsiprep/qsiprep/sub-127008/ses-1/dwi/sub-127008_ses-1_acq-multiband_dir-AP_space-ACPC_desc-preproc_dwi.nii.gz	0.0010643959552953	0.0401338785886764	0.0094777084887027	0.0404698848724365	0.0401766449213027	0.0404744409024715	0.0093917287886142	0.0407782047986984	0.040781520307064	sub-127008	ses-1		dir-AP	acq-multiband	space-ACPC			DSIStudio	autotrackgqi
ProjectionBrainstem_MedialLemniscusL	ad	TORTOISE_model-MAPMRI	/scratch/grmpy/SLURM_11194840_49/job-11194840-49-sub-127008/ds/inputs/data/qsiprep/qsiprep/sub-127008/ses-1/dwi/sub-127008_ses-1_acq-multiband_dir-AP_space-ACPC_desc-preproc_dwi.nii.gz	0.0	1266.3572140381896	323.940937408726	1225.8139741256227	1266.3572140381896	1225.8139741256227	323.940937408726	1373.5969697658334	1373.5969697658334	sub-127008	ses-1		dir-AP	acq-multiband	space-ACPC			DSIStudio	autotrackgqi
ProjectionBrainstem_MedialLemniscusL	am	TORTOISE_model-MAPMRI	/scratch/grmpy/SLURM_11194840_49/job-11194840-49-sub-127008/ds/inputs/data/qsiprep/qsiprep/sub-127008/ses-1/dwi/sub-127008_ses-1_acq-multiband_dir-AP_space-ACPC_desc-preproc_dwi.nii.gz	0.0	6075.65478515625	782.3067016601562	6043.1875	6075.65478515625	6043.1875	782.3067016601562	6276.42333984375	6276.42333984375	sub-127008	ses-1		dir-AP	acq-multiband	space-ACPC			DSIStudio	autotrackgqi
ProjectionBrainstem_MedialLemniscusL	fa	TORTOISE_model-MAPMRI	/scratch/grmpy/SLURM_11194840_49/job-11194840-49-sub-127008/ds/inputs/data/qsiprep/qsiprep/sub-127008/ses-1/dwi/sub-127008_ses-1_acq-multiband_dir-AP_space-ACPC_desc-preproc_dwi.nii.gz	0.0	0.4785545759980636	0.1778916788799029	0.5036559519207366	0.4785545759980636	0.5036559519207366	0.1778916788799029	0.5449787245093733	0.5449787245093733	sub-127008	ses-1		dir-AP	acq-multiband	space-ACPC			DSIStudio	autotrackgqi
ProjectionBrainstem_MedialLemniscusL	li	TORTOISE_model-MAPMRI	/scratch/grmpy/SLURM_11194840_49/job-11194840-49-sub-127008/ds/inputs/data/qsiprep/qsiprep/sub-127008/ses-1/dwi/sub-127008_ses-1_acq-multiband_dir-AP_space-ACPC_desc-preproc_dwi.nii.gz	0.0	0.3237282931804657	0.1552143394947052	0.3321313560009002	0.3237282931804657	0.3321313560009002	0.1552143394947052	0.3852736949920654	0.3852736949920654	sub-127008	ses-1		dir-AP	acq-multiband	space-ACPC			DSIStudio	autotrackgqi
ProjectionBrainstem_MedialLemniscusL	ng	TORTOISE_model-MAPMRI	/scratch/grmpy/SLURM_11194840_49/job-11194840-49-sub-127008/ds/inputs/data/qsiprep/qsiprep/sub-127008/ses-1/dwi/sub-127008_ses-1_acq-multiband_dir-AP_space-ACPC_desc-preproc_dwi.nii.gz	0.0	0.3427268862724304	0.0584105066955089	0.3492737412452698	0.3427268862724304	0.3492737412452698	0.0584105066955089	0.3531554937362671	0.3531554937362671	sub-127008	ses-1		dir-AP	acq-multiband	space-ACPC			DSIStudio	autotrackgqi
ProjectionBrainstem_MedialLemniscusL	ngpar	TORTOISE_model-MAPMRI	/scratch/grmpy/SLURM_11194840_49/job-11194840-49-sub-127008/ds/inputs/data/qsiprep/qsiprep/sub-127008/ses-1/dwi/sub-127008_ses-1_acq-multiband_dir-AP_space-ACPC_desc-preproc_dwi.nii.gz	0.0	0.1480323672294616	0.0423641391098499	0.1430328637361526	0.1480323672294616	0.1430328637361526	0.0423641391098499	0.1525981575250625	0.1525981575250625	sub-127008	ses-1		dir-AP	acq-multiband	space-ACPC			DSIStudio	autotrackgqi
ProjectionBrainstem_MedialLemniscusL	ngperp	TORTOISE_model-MAPMRI	/scratch/grmpy/SLURM_11194840_49/job-11194840-49-sub-127008/ds/inputs/data/qsiprep/qsiprep/sub-127008/ses-1/dwi/sub-127008_ses-1_acq-multiband_dir-AP_space-ACPC_desc-preproc_dwi.nii.gz	0.0	0.2921108305454254	0.0524253696203231	0.3008883595466614	0.2921108305454254	0.3008883595466614	0.0524253696203231	0.3013461232185364	0.3013461232185364	sub-127008	ses-1		dir-AP	acq-multiband	space-ACPC			DSIStudio	autotrackgqi
ProjectionBrainstem_MedialLemniscusL	pa	TORTOISE_model-MAPMRI	/scratch/grmpy/SLURM_11194840_49/job-11194840-49-sub-127008/ds/inputs/data/qsiprep/qsiprep/sub-127008/ses-1/dwi/sub-127008_ses-1_acq-multiband_dir-AP_space-ACPC_desc-preproc_dwi.nii.gz	0.0	0.8250551819801331	0.1561741530895233	0.8854547739028931	0.8250551819801331	0.8854547739028931	0.1561741530895233	0.8689908385276794	0.8689908385276794	sub-127008	ses-1		dir-AP	acq-multiband	space-ACPC			DSIStudio	autotrackgqi
ProjectionBrainstem_MedialLemniscusL	path	TORTOISE_model-MAPMRI	/scratch/grmpy/SLURM_11194840_49/job-11194840-49-sub-127008/ds/inputs/data/qsiprep/qsiprep/sub-127008/ses-1/dwi/sub-127008_ses-1_acq-multiband_dir-AP_space-ACPC_desc-preproc_dwi.nii.gz	0.0	0.3449897468090057	0.0957110822200775	0.3594322800636291	0.3449897468090057	0.3594322800636291	0.0957110822200775	0.3774281144142151	0.3774281144142151	sub-127008	ses-1		dir-AP	acq-multiband	space-ACPC			DSIStudio	autotrackgqi
ProjectionBrainstem_MedialLemniscusL	rd	TORTOISE_model-MAPMRI	/scratch/grmpy/SLURM_11194840_49/job-11194840-49-sub-127008/ds/inputs/data/qsiprep/qsiprep/sub-127008/ses-1/dwi/sub-127008_ses-1_acq-multiband_dir-AP_space-ACPC_desc-preproc_dwi.nii.gz	0.0	586.8346152083992	313.3680045775966	527.1764473326629	586.8346152083992	527.1764473326629	313.3680045775966	549.657227257651	549.657227257651	sub-127008	ses-1		dir-AP	acq-multiband	space-ACPC			DSIStudio	autotrackgqi
ProjectionBrainstem_MedialLemniscusL	rtap	TORTOISE_model-MAPMRI	/scratch/grmpy/SLURM_11194840_49/job-11194840-49-sub-127008/ds/inputs/data/qsiprep/qsiprep/sub-127008/ses-1/dwi/sub-127008_ses-1_acq-multiband_dir-AP_space-ACPC_desc-preproc_dwi.nii.gz	0.0005208333333333	0.0178225208073854	0.0064727528952062	0.0175619907677173	0.0178318079560995	0.0175678357481956	0.0064616370946168	0.0198570452630519	0.0198574867099523	sub-127008	ses-1		dir-AP	acq-multiband	space-ACPC			DSIStudio	autotrackgqi
ProjectionBrainstem_MedialLemniscusL	rtop	TORTOISE_model-MAPMRI	/scratch/grmpy/SLURM_11194840_49/job-11194840-49-sub-127008/ds/inputs/data/qsiprep/qsiprep/sub-127008/ses-1/dwi/sub-127008_ses-1_acq-multiband_dir-AP_space-ACPC_desc-preproc_dwi.nii.gz	0.0005208333333333	0.0003693965554703	0.0001193749267258	0.0003704568371176	0.0003695890482049	0.0003705122508108	0.0001191077390103	0.0003983042552135	0.000398313102778	sub-127008	ses-1		dir-AP	acq-multiband	space-ACPC			DSIStudio	autotrackgqi
ProjectionBrainstem_MedialLemniscusL	rtpp	TORTOISE_model-MAPMRI	/scratch/grmpy/SLURM_11194840_49/job-11194840-49-sub-127008/ds/inputs/data/qsiprep/qsiprep/sub-127008/ses-1/dwi/sub-127008_ses-1_acq-multiband_dir-AP_space-ACPC_desc-preproc_dwi.nii.gz	0.0	0.0468406341969966	0.0055057299323379	0.0467116087675094	0.0468406341969966	0.0467116087675094	0.0055057299323379	0.0447534397244453	0.0447534397244453	sub-127008	ses-1		dir-AP	acq-multiband	space-ACPC			DSIStudio	autotrackgqi
ProjectionBrainstem_MedialLemniscusR	ad	TORTOISE_model-MAPMRI	/scratch/grmpy/SLURM_11194840_49/job-11194840-49-sub-127008/ds/inputs/data/qsiprep/qsiprep/sub-127008/ses-1/dwi/sub-127008_ses-1_acq-multiband_dir-AP_space-ACPC_desc-preproc_dwi.nii.gz	0.0	1206.632102669064	257.9099998705499	1176.784494857826	1206.632102669064	1176.784494857826	257.9099998705499	1294.6677927639755	1294.6677927639755	sub-127008	ses-1		dir-AP	acq-multiband	space-ACPC			DSIStudio	autotrackgqi
ProjectionBrainstem_MedialLemniscusR	am	TORTOISE_model-MAPMRI	/scratch/grmpy/SLURM_11194840_49/job-11194840-49-sub-127008/ds/inputs/data/qsiprep/qsiprep/sub-127008/ses-1/dwi/sub-127008_ses-1_acq-multiband_dir-AP_space-ACPC_desc-preproc_dwi.nii.gz	0.0	5960.396484375	772.6312866210938	5919.00244140625	5960.396484375	5919.00244140625	772.6312866210938	6119.8466796875	6119.8466796875	sub-127008	ses-1		dir-AP	acq-multiband	space-ACPC			DSIStudio	autotrackgqi
ProjectionBrainstem_MedialLemniscusR	fa	TORTOISE_model-MAPMRI	/scratch/grmpy/SLURM_11194840_49/job-11194840-49-sub-127008/ds/inputs/data/qsiprep/qsiprep/sub-127008/ses-1/dwi/sub-127008_ses-1_acq-multiband_dir-AP_space-ACPC_desc-preproc_dwi.nii.gz	0.0	0.4483377162657916	0.1792523327954157	0.4649893791104623	0.4483377162657916	0.4649893791104623	0.1792523327954157	0.5240789145140488	0.5240789145140488	sub-127008	ses-1		dir-AP	acq-multiband	space-ACPC			DSIStudio	autotrackgqi
ProjectionBrainstem_MedialLemniscusR	li	TORTOISE_model-MAPMRI	/scratch/grmpy/SLURM_11194840_49/job-11194840-49-sub-127008/ds/inputs/data/qsiprep/qsiprep/sub-127008/ses-1/dwi/sub-127008_ses-1_acq-multiband_dir-AP_space-ACPC_desc-preproc_dwi.nii.gz	0.0	0.2851397097110748	0.1486759036779403	0.2837339639663696	0.2851397097110748	0.2837339639663696	0.1486759036779403	0.3470056653022766	0.3470056653022766	sub-127008	ses-1		dir-AP	acq-multiband	space-ACPC			DSIStudio	autotrackgqi
ProjectionBrainstem_MedialLemniscusR	ng	TORTOISE_model-MAPMRI	/scratch/grmpy/SLURM_11194840_49/job-11194840-49-sub-127008/ds/inputs/data/qsiprep/qsiprep/sub-127008/ses-1/dwi/sub-127008_ses-1_acq-multiband_dir-AP_space-ACPC_desc-preproc_dwi.nii.gz	0.0	0.3262190222740173	0.0584138669073581	0.3388610184192657	0.3262190222740173	0.3388610184192657	0.0584138669073581	0.3464983105659485	0.3464983105659485	sub-127008	ses-1		dir-AP	acq-multiband	space-ACPC			DSIStudio	autotrackgqi
ProjectionBrainstem_MedialLemniscusR	ngpar	TORTOISE_model-MAPMRI	/scratch/grmpy/SLURM_11194840_49/job-11194840-49-sub-127008/ds/inputs/data/qsiprep/qsiprep/sub-127008/ses-1/dwi/sub-127008_ses-1_acq-multiband_dir-AP_space-ACPC_desc-preproc_dwi.nii.gz	0.0	0.1393727362155914	0.0386407412588596	0.1356240212917328	0.1393727362155914	0.1356240212917328	0.0386407412588596	0.1442204415798187	0.1442204415798187	sub-127008	ses-1		dir-AP	acq-multiband	space-ACPC			DSIStudio	autotrackgqi
ProjectionBrainstem_MedialLemniscusR	ngperp	TORTOISE_model-MAPMRI	/scratch/grmpy/SLURM_11194840_49/job-11194840-49-sub-127008/ds/inputs/data/qsiprep/qsiprep/sub-127008/ses-1/dwi/sub-127008_ses-1_acq-multiband_dir-AP_space-ACPC_desc-preproc_dwi.nii.gz	0.0	0.2791119217872619	0.0545282997190952	0.2897815406322479	0.2791119217872619	0.2897815406322479	0.0545282997190952	0.2958690524101257	0.2958690524101257	sub-127008	ses-1		dir-AP	acq-multiband	space-ACPC			DSIStudio	autotrackgqi
ProjectionBrainstem_MedialLemniscusR	pa	TORTOISE_model-MAPMRI	/scratch/grmpy/SLURM_11194840_49/job-11194840-49-sub-127008/ds/inputs/data/qsiprep/qsiprep/sub-127008/ses-1/dwi/sub-127008_ses-1_acq-multiband_dir-AP_space-ACPC_desc-preproc_dwi.nii.gz	0.0	0.7916675209999084	0.1884012073278427	0.8671543598175049	0.7916675209999084	0.8671543598175049	0.1884012073278427	0.8650174140930176	0.8650174140930176	sub-127008	ses-1		dir-AP	acq-multiband	space-ACPC			DSIStudio	autotrackgqi
ProjectionBrainstem_MedialLemniscusR	path	TORTOISE_model-MAPMRI	/scratch/grmpy/SLURM_11194840_49/job-11194840-49-sub-127008/ds/inputs/data/qsiprep/qsiprep/sub-127008/ses-1/dwi/sub-127008_ses-1_acq-multiband_dir-AP_space-ACPC_desc-preproc_dwi.nii.gz	0.0	0.3271327912807464	0.1020602881908416	0.3425105810165405	0.3271327912807464	0.3425105810165405	0.1020602881908416	0.3645958304405212	0.3645958304405212	sub-127008	ses-1		dir-AP	acq-multiband	space-ACPC			DSIStudio	autotrackgqi
ProjectionBrainstem_MedialLemniscusR	rd	TORTOISE_model-MAPMRI	/scratch/grmpy/SLURM_11194840_49/job-11194840-49-sub-127008/ds/inputs/data/qsiprep/qsiprep/sub-127008/ses-1/dwi/sub-127008_ses-1_acq-multiband_dir-AP_space-ACPC_desc-preproc_dwi.nii.gz	0.0	583.8714275385529	211.6828841547185	547.7269730252843	583.8714275385529	547.7269730252843	211.6828841547185	531.8780455185373	531.8780455185373	sub-127008	ses-1		dir-AP	acq-multiband	space-ACPC			DSIStudio	autotrackgqi
ProjectionBrainstem_MedialLemniscusR	rtap	TORTOISE_model-MAPMRI	/scratch/grmpy/SLURM_11194840_49/job-11194840-49-sub-127008/ds/inputs/data/qsiprep/qsiprep/sub-127008/ses-1/dwi/sub-127008_ses-1_acq-multiband_dir-AP_space-ACPC_desc-preproc_dwi.nii.gz	0.0	0.0168093312531709	0.0055481516756117	0.0166251230984926	0.0168093312531709	0.0166251230984926	0.0055481516756117	0.0183725412935018	0.0183725412935018	sub-127008	ses-1		dir-AP	acq-multiband	space-ACPC			DSIStudio	autotrackgqi
ProjectionBrainstem_MedialLemniscusR	rtop	TORTOISE_model-MAPMRI	/scratch/grmpy/SLURM_11194840_49/job-11194840-49-sub-127008/ds/inputs/data/qsiprep/qsiprep/sub-127008/ses-1/dwi/sub-127008_ses-1_acq-multiband_dir-AP_space-ACPC_desc-preproc_dwi.nii.gz	0.0	0.0003504223423078	9.964107448467983e-05	0.0003540077887009	0.0003504223423078	0.0003540077887009	9.964107448467983e-05	0.0003737305232789	0.0003737305232789	sub-127008	ses-1		dir-AP	acq-multiband	space-ACPC			DSIStudio	autotrackgqi
ProjectionBrainstem_MedialLemniscusR	rtpp	TORTOISE_model-MAPMRI	/scratch/grmpy/SLURM_11194840_49/job-11194840-49-sub-127008/ds/inputs/data/qsiprep/qsiprep/sub-127008/ses-1/dwi/sub-127008_ses-1_acq-multiband_dir-AP_space-ACPC_desc-preproc_dwi.nii.gz	0.0	0.0477641969919204	0.0049762120470404	0.0479137562215328	0.0477641969919204	0.0479137562215328	0.0049762120470404	0.0460304394364357	0.0460304394364357	sub-127008	ses-1		dir-AP	acq-multiband	space-ACPC			DSIStudio	autotrackgqi
ProjectionBasalGanglia_FornixL	ad	TORTOISE_model-MAPMRI	/scratch/grmpy/SLURM_11194840_49/job-11194840-49-sub-127008/ds/inputs/data/qsiprep/qsiprep/sub-127008/ses-1/dwi/sub-127008_ses-1_acq-multiband_dir-AP_space-ACPC_desc-preproc_dwi.nii.gz	0.0	1564.0986583219874	649.4314584760759	1359.6734764512466	1564.0986583219874	1359.6734764512466	649.4314584760759	1472.2640356924232	1472.264163601562	sub-127008	ses-1		dir-AP	acq-multiband	space-ACPC			DSIStudio	autotrackgqi
ProjectionBasalGanglia_FornixL	am	TORTOISE_model-MAPMRI	/scratch/grmpy/SLURM_11194840_49/job-11194840-49-sub-127008/ds/inputs/data/qsiprep/qsiprep/sub-127008/ses-1/dwi/sub-127008_ses-1_acq-multiband_dir-AP_space-ACPC_desc-preproc_dwi.nii.gz	0.0	7346.50732421875	2128.634033203125	7021.7021484375	7346.50732421875	7021.7021484375	2128.634033203125	7074.76220703125	7074.7626953125	sub-127008	ses-1		dir-AP	acq-multiband	space-ACPC			DSIStudio	autotrackgqi
ProjectionBasalGanglia_FornixL	fa	TORTOISE_model-MAPMRI	/scratch/grmpy/SLURM_11194840_49/job-11194840-49-sub-127008/ds/inputs/data/qsiprep/qsiprep/sub-127008/ses-1/dwi/sub-127008_ses-1_acq-multiband_dir-AP_space-ACPC_desc-preproc_dwi.nii.gz	0.0	0.3170026772686318	0.1571499643289486	0.2994799576040792	0.3170026772686318	0.2994799576040792	0.1571499643289486	0.3476461623983636	0.3476461923670043	sub-127008	ses-1		dir-AP	acq-multiband	space-ACPC			DSIStudio	autotrackgqi
ProjectionBasalGanglia_FornixL	li	TORTOISE_model-MAPMRI	/scratch/grmpy/SLURM_11194840_49/job-11194840-49-sub-127008/ds/inputs/data/qsiprep/qsiprep/sub-127008/ses-1/dwi/sub-127008_ses-1_acq-multiband_dir-AP_space-ACPC_desc-preproc_dwi.nii.gz	0.0	0.1897648274898529	0.1137081980705261	0.1708731353282928	0.1897648274898529	0.1708731353282928	0.1137081980705261	0.2162881791591644	0.2162882089614868	sub-127008	ses-1		dir-AP	acq-multiband	space-ACPC			DSIStudio	autotrackgqi
ProjectionBasalGanglia_FornixL	ng	TORTOISE_model-MAPMRI	/scratch/grmpy/SLURM_11194840_49/job-11194840-49-sub-127008/ds/inputs/data/qsiprep/qsiprep/sub-127008/ses-1/dwi/sub-127008_ses-1_acq-multiband_dir-AP_space-ACPC_desc-preproc_dwi.nii.gz	0.0	0.3035205006599426	0.0788013115525245	0.3086857795715332	0.3035205006599426	0.3086857795715332	0.0788013115525245	0.3099296689033508	0.3099297285079956	sub-127008	ses-1		dir-AP	acq-multiband	space-ACPC			DSIStudio	autotrackgqi
ProjectionBasalGanglia_FornixL	ngpar	TORTOISE_model-MAPMRI	/scratch/grmpy/SLURM_11194840_49/job-11194840-49-sub-127008/ds/inputs/data/qsiprep/qsiprep/sub-127008/ses-1/dwi/sub-127008_ses-1_acq-multiband_dir-AP_space-ACPC_desc-preproc_dwi.nii.gz	0.0	0.1446720659732818	0.0407829955220222	0.1419729590415954	0.1446720659732818	0.1419729590415954	0.0407829955220222	0.1409068703651428	0.140906885266304	sub-127008	ses-1		dir-AP	acq-multiband	space-ACPC			DSIStudio	autotrackgqi
ProjectionBasalGanglia_FornixL	ngperp	TORTOISE_model-MAPMRI	/scratch/grmpy/SLURM_11194840_49/job-11194840-49-sub-127008/ds/inputs/data/qsiprep/qsiprep/sub-127008/ses-1/dwi/sub-127008_ses-1_acq-multiband_dir-AP_space-ACPC_desc-preproc_dwi.nii.gz	0.0	0.2576740086078644	0.0710944011807441	0.2637884318828583	0.2576740086078644	0.2637884318828583	0.0710944011807441	0.2652753591537475	0.2652753591537475	sub-127008	ses-1		dir-AP	acq-multiband	space-ACPC			DSIStudio	autotrackgqi
ProjectionBasalGanglia_FornixL	pa	TORTOISE_model-MAPMRI	/scratch/grmpy/SLURM_11194840_49/job-11194840-49-sub-127008/ds/inputs/data/qsiprep/qsiprep/sub-127008/ses-1/dwi/sub-127008_ses-1_acq-multiband_dir-AP_space-ACPC_desc-preproc_dwi.nii.gz	0.0	0.6595766544342041	0.1889266818761825	0.6829910278320312	0.6595766544342041	0.6829910278320312	0.1889266818761825	0.6991784572601318	0.6991785764694214	sub-127008	ses-1		dir-AP	acq-multiband	space-ACPC			DSIStudio	autotrackgqi
ProjectionBasalGanglia_FornixL	path	TORTOISE_model-MAPMRI	/scratch/grmpy/SLURM_11194840_49/job-11194840-49-sub-127008/ds/inputs/data/qsiprep/qsiprep/sub-127008/ses-1/dwi/sub-127008_ses-1_acq-multiband_dir-AP_space-ACPC_desc-preproc_dwi.nii.gz	0.0	0.2492399662733078	0.0876912474632263	0.2384834587574005	0.2492399662733078	0.2384834587574005	0.0876912474632263	0.2639578580856323	0.2639579176902771	sub-127008	ses-1		dir-AP	acq-multiband	space-ACPC			DSIStudio	autotrackgqi
ProjectionBasalGanglia_FornixL	rd	TORTOISE_model-MAPMRI	/scratch/grmpy/SLURM_11194840_49/job-11194840-49-sub-127008/ds/inputs/data/qsiprep/qsiprep/sub-127008/ses-1/dwi/sub-127008_ses-1_acq-multiband_dir-AP_space-ACPC_desc-preproc_dwi.nii.gz	0.0	986.2491156632252	567.6869743501272	750.0695780188073	986.2491156632252	750.0695780188073	567.6869743501272	866.9582500432448	866.958325759852	sub-127008	ses-1		dir-AP	acq-multiband	space-ACPC			DSIStudio	autotrackgqi
ProjectionBasalGanglia_FornixL	rtap	TORTOISE_model-MAPMRI	/scratch/grmpy/SLURM_11194840_49/job-11194840-49-sub-127008/ds/inputs/data/qsiprep/qsiprep/sub-127008/ses-1/dwi/sub-127008_ses-1_acq-multiband_dir-AP_space-ACPC_desc-preproc_dwi.nii.gz	0.0	0.0102660004049539	0.0048208176158368	0.0100986417382955	0.0102660004049539	0.0100986417382955	0.0048208176158368	0.0110029838979244	0.0110029857605695	sub-127008	ses-1		dir-AP	acq-multiband	space-ACPC			DSIStudio	autotrackgqi
ProjectionBasalGanglia_FornixL	rtop	TORTOISE_model-MAPMRI	/scratch/grmpy/SLURM_11194840_49/job-11194840-49-sub-127008/ds/inputs/data/qsiprep/qsiprep/sub-127008/ses-1/dwi/sub-127008_ses-1_acq-multiband_dir-AP_space-ACPC_desc-preproc_dwi.nii.gz	0.0	0.0002053980861091	0.0001015575035125	0.0002148741768905	0.0002053980861091	0.0002148741768905	0.0001015575035125	0.0002184368495363	0.0002184368786402	sub-127008	ses-1		dir-AP	acq-multiband	space-ACPC			DSIStudio	autotrackgqi
ProjectionBasalGanglia_FornixL	rtpp	TORTOISE_model-MAPMRI	/scratch/grmpy/SLURM_11194840_49/job-11194840-49-sub-127008/ds/inputs/data/qsiprep/qsiprep/sub-127008/ses-1/dwi/sub-127008_ses-1_acq-multiband_dir-AP_space-ACPC_desc-preproc_dwi.nii.gz	0.0	0.0425271019339561	0.0086884051561355	0.0439193546772003	0.0425271019339561	0.0439193546772003	0.0086884051561355	0.0431601330637931	0.0431601330637931	sub-127008	ses-1		dir-AP	acq-multiband	space-ACPC			DSIStudio	autotrackgqi
ProjectionBrainstem_CorticobulbarTractR	ad	TORTOISE_model-MAPMRI	/scratch/grmpy/SLURM_11194840_49/job-11194840-49-sub-127008/ds/inputs/data/qsiprep/qsiprep/sub-127008/ses-1/dwi/sub-127008_ses-1_acq-multiband_dir-AP_space-ACPC_desc-preproc_dwi.nii.gz	0.0	1247.7810525912662	254.7007897878673	1215.2636274173306	1247.7810525912662	1215.2636274173306	254.7007897878673	1279.678822870123	1279.678822870123	sub-127008	ses-1		dir-AP	acq-multiband	space-ACPC			DSIStudio	autotrackgqi
ProjectionBrainstem_CorticobulbarTractR	am	TORTOISE_model-MAPMRI	/scratch/grmpy/SLURM_11194840_49/job-11194840-49-sub-127008/ds/inputs/data/qsiprep/qsiprep/sub-127008/ses-1/dwi/sub-127008_ses-1_acq-multiband_dir-AP_space-ACPC_desc-preproc_dwi.nii.gz	0.0	5773.80078125	748.4320068359375	5826.912109375	5773.80078125	5826.912109375	748.4320068359375	5781.89111328125	5781.89111328125	sub-127008	ses-1		dir-AP	acq-multiband	space-ACPC			DSIStudio	autotrackgqi
ProjectionBrainstem_CorticobulbarTractR	fa	TORTOISE_model-MAPMRI	/scratch/grmpy/SLURM_11194840_49/job-11194840-49-sub-127008/ds/inputs/data/qsiprep/qsiprep/sub-127008/ses-1/dwi/sub-127008_ses-1_acq-multiband_dir-AP_space-ACPC_desc-preproc_dwi.nii.gz	0.0	0.5253966421124436	0.1776379901548041	0.5333916857221366	0.5253966421124436	0.5333916857221366	0.1776379901548041	0.561597300239266	0.561597300239266	sub-127008	ses-1		dir-AP	acq-multiband	space-ACPC			DSIStudio	autotrackgqi
ProjectionBrainstem_CorticobulbarTractR	li	TORTOISE_model-MAPMRI	/scratch/grmpy/SLURM_11194840_49/job-11194840-49-sub-127008/ds/inputs/data/qsiprep/qsiprep/sub-127008/ses-1/dwi/sub-127008_ses-1_acq-multiband_dir-AP_space-ACPC_desc-preproc_dwi.nii.gz	0.0	0.3572987616062164	0.1709070950746536	0.3751061558723449	0.3572987616062164	0.3751061558723449	0.1709070950746536	0.3926446139812469	0.3926446139812469	sub-127008	ses-1		dir-AP	acq-multiband	space-ACPC			DSIStudio	autotrackgqi
ProjectionBrainstem_CorticobulbarTractR	ng	TORTOISE_model-MAPMRI	/scratch/grmpy/SLURM_11194840_49/job-11194840-49-sub-127008/ds/inputs/data/qsiprep/qsiprep/sub-127008/ses-1/dwi/sub-127008_ses-1_acq-multiband_dir-AP_space-ACPC_desc-preproc_dwi.nii.gz	0.0	0.3469008505344391	0.0370474867522716	0.3527449071407318	0.3469008505344391	0.3527449071407318	0.0370474867522716	0.3542028069496155	0.3542028069496155	sub-127008	ses-1		dir-AP	acq-multiband	space-ACPC			DSIStudio	autotrackgqi
ProjectionBrainstem_CorticobulbarTractR	ngpar	TORTOISE_model-MAPMRI	/scratch/grmpy/SLURM_11194840_49/job-11194840-49-sub-127008/ds/inputs/data/qsiprep/qsiprep/sub-127008/ses-1/dwi/sub-127008_ses-1_acq-multiband_dir-AP_space-ACPC_desc-preproc_dwi.nii.gz	0.0	0.1540122181177139	0.0343727618455886	0.1511628031730651	0.1540122181177139	0.1511628031730651	0.0343727618455886	0.1566604971885681	0.1566604971885681	sub-127008	ses-1		dir-AP	acq-multiband	space-ACPC			DSIStudio	autotrackgqi
ProjectionBrainstem_CorticobulbarTractR	ngperp	TORTOISE_model-MAPMRI	/scratch/grmpy/SLURM_11194840_49/job-11194840-49-sub-127008/ds/inputs/data/qsiprep/qsiprep/sub-127008/ses-1/dwi/sub-127008_ses-1_acq-multiband_dir-AP_space-ACPC_desc-preproc_dwi.nii.gz	0.0	0.2881549894809723	0.0432440526783466	0.2975350618362427	0.2881549894809723	0.2975350618362427	0.0432440526783466	0.2946648001670837	0.2946648001670837	sub-127008	ses-1		dir-AP	acq-multiband	space-ACPC			DSIStudio	autotrackgqi
ProjectionBrainstem_CorticobulbarTractR	pa	TORTOISE_model-MAPMRI	/scratch/grmpy/SLURM_11194840_49/job-11194840-49-sub-127008/ds/inputs/data/qsiprep/qsiprep/sub-127008/ses-1/dwi/sub-127008_ses-1_acq-multiband_dir-AP_space-ACPC_desc-preproc_dwi.nii.gz	0.0	0.8537724614143372	0.1252662241458892	0.8991290330886841	0.8537724614143372	0.8991290330886841	0.1252662241458892	0.8795794248580933	0.8795794248580933	sub-127008	ses-1		dir-AP	acq-multiband	space-ACPC			DSIStudio	autotrackgqi
ProjectionBrainstem_CorticobulbarTractR	path	TORTOISE_model-MAPMRI	/scratch/grmpy/SLURM_11194840_49/job-11194840-49-sub-127008/ds/inputs/data/qsiprep/qsiprep/sub-127008/ses-1/dwi/sub-127008_ses-1_acq-multiband_dir-AP_space-ACPC_desc-preproc_dwi.nii.gz	0.0	0.3660593330860138	0.0940522924065589	0.3738194406032562	0.3660593330860138	0.3738194406032562	0.0940522924065589	0.3858001828193664	0.3858001828193664	sub-127008	ses-1		dir-AP	acq-multiband	space-ACPC			DSIStudio	autotrackgqi
ProjectionBrainstem_CorticobulbarTractR	rd	TORTOISE_model-MAPMRI	/scratch/grmpy/SLURM_11194840_49/job-11194840-49-sub-127008/ds/inputs/data/qsiprep/qsiprep/sub-127008/ses-1/dwi/sub-127008_ses-1_acq-multiband_dir-AP_space-ACPC_desc-preproc_dwi.nii.gz	0.0	508.559804854324	154.05889724214668	496.4429869003545	508.559804854324	496.4429869003545	154.05889724214668	480.661431309536	480.661431309536	sub-127008	ses-1		dir-AP	acq-multiband	space-ACPC			DSIStudio	autotrackgqi
ProjectionBrainstem_CorticobulbarTractR	rtap	TORTOISE_model-MAPMRI	/scratch/grmpy/SLURM_11194840_49/job-11194840-49-sub-127008/ds/inputs/data/qsiprep/qsiprep/sub-127008/ses-1/dwi/sub-127008_ses-1_acq-multiband_dir-AP_space-ACPC_desc-preproc_dwi.nii.gz	0.0	0.0199673660099506	0.0064807091839611	0.0193425882607698	0.0199673660099506	0.0193425882607698	0.0064807091839611	0.0211721248924732	0.0211721248924732	sub-127008	ses-1		dir-AP	acq-multiband	space-ACPC			DSIStudio	autotrackgqi
ProjectionBrainstem_CorticobulbarTractR	rtop	TORTOISE_model-MAPMRI	/scratch/grmpy/SLURM_11194840_49/job-11194840-49-sub-127008/ds/inputs/data/qsiprep/qsiprep/sub-127008/ses-1/dwi/sub-127008_ses-1_acq-multiband_dir-AP_space-ACPC_desc-preproc_dwi.nii.gz	0.0	0.0004143351106904	0.0001078546192729	0.0004049287526868	0.0004143351106904	0.0004049287526868	0.0001078546192729	0.0004358670557849	0.0004358670557849	sub-127008	ses-1		dir-AP	acq-multiband	space-ACPC			DSIStudio	autotrackgqi
ProjectionBrainstem_CorticobulbarTractR	rtpp	TORTOISE_model-MAPMRI	/scratch/grmpy/SLURM_11194840_49/job-11194840-49-sub-127008/ds/inputs/data/qsiprep/qsiprep/sub-127008/ses-1/dwi/sub-127008_ses-1_acq-multiband_dir-AP_space-ACPC_desc-preproc_dwi.nii.gz	0.0	0.0479163900017738	0.0057285223156213	0.0480989813804626	0.0479163900017738	0.0480989813804626	0.0057285223156213	0.0472491793334484	0.0472491793334484	sub-127008	ses-1		dir-AP	acq-multiband	space-ACPC			DSIStudio	autotrackgqi
ProjectionBasalGanglia_ThalamicRadiationR	ad	TORTOISE_model-MAPMRI	/scratch/grmpy/SLURM_11194840_49/job-11194840-49-sub-127008/ds/inputs/data/qsiprep/qsiprep/sub-127008/ses-1/dwi/sub-127008_ses-1_acq-multiband_dir-AP_space-ACPC_desc-preproc_dwi.nii.gz	0.0002087029114056	1158.389777201001	305.593447085324	1103.9010264911512	1158.6315869864516	1103.9460353677428	305.16664419198065	1212.854234248407	1212.858789609495	sub-127008	ses-1		dir-AP	acq-multiband	space-ACPC			DSIStudio	autotrackgqi
ProjectionBasalGanglia_ThalamicRadiationR	am	TORTOISE_model-MAPMRI	/scratch/grmpy/SLURM_11194840_49/job-11194840-49-sub-127008/ds/inputs/data/qsiprep/qsiprep/sub-127008/ses-1/dwi/sub-127008_ses-1_acq-multiband_dir-AP_space-ACPC_desc-preproc_dwi.nii.gz	0.0002087029114056	5696.8671875	1111.4559326171875	5554.97607421875	5698.05615234375	5555.48193359375	1108.5196533203125	5671.525390625	5671.5458984375	sub-127008	ses-1		dir-AP	acq-multiband	space-ACPC			DSIStudio	autotrackgqi
ProjectionBasalGanglia_ThalamicRadiationR	fa	TORTOISE_model-MAPMRI	/scratch/grmpy/SLURM_11194840_49/job-11194840-49-sub-127008/ds/inputs/data/qsiprep/qsiprep/sub-127008/ses-1/dwi/sub-127008_ses-1_acq-multiband_dir-AP_space-ACPC_desc-preproc_dwi.nii.gz	0.0002087029114056	0.3801851144944469	0.1743677961515482	0.3749656928292648	0.3802644767978587	0.3749820668308269	0.1742994447055179	0.4331489503489273	0.4331505771940107	sub-127008	ses-1		dir-AP	acq-multiband	space-ACPC			DSIStudio	autotrackgqi
ProjectionBasalGanglia_ThalamicRadiationR	li	TORTOISE_model-MAPMRI	/scratch/grmpy/SLURM_11194840_49/job-11194840-49-sub-127008/ds/inputs/data/qsiprep/qsiprep/sub-127008/ses-1/dwi/sub-127008_ses-1_acq-multiband_dir-AP_space-ACPC_desc-preproc_dwi.nii.gz	0.0002087029114056	0.2280865758657455	0.1363137364387512	0.2087503373622894	0.2281341850757599	0.20880226790905	0.136288121342659	0.2663926184177398	0.266393631696701	sub-127008	ses-1		dir-AP	acq-multiband	space-ACPC			DSIStudio	autotrackgqi
ProjectionBasalGanglia_ThalamicRadiationR	ng	TORTOISE_model-MAPMRI	/scratch/grmpy/SLURM_11194840_49/job-11194840-49-sub-127008/ds/inputs/data/qsiprep/qsiprep/sub-127008/ses-1/dwi/sub-127008_ses-1_acq-multiband_dir-AP_space-ACPC_desc-preproc_dwi.nii.gz	0.0002087029114056	0.3073548376560211	0.0678206011652946	0.324797123670578	0.3074190020561218	0.3247993886470794	0.0676821321249008	0.3239469528198242	0.3239481449127197	sub-127008	ses-1		dir-AP	acq-multiband	space-ACPC			DSIStudio	autotrackgqi
ProjectionBasalGanglia_ThalamicRadiationR	ngpar	TORTOISE_model-MAPMRI	/scratch/grmpy/SLURM_11194840_49/job-11194840-49-sub-127008/ds/inputs/data/qsiprep/qsiprep/sub-127008/ses-1/dwi/sub-127008_ses-1_acq-multiband_dir-AP_space-ACPC_desc-preproc_dwi.nii.gz	0.0002087029114056	0.1376190781593322	0.0375644750893116	0.1364403367042541	0.137647807598114	0.1364441365003585	0.0375157333910465	0.1378323435783386	0.1378328502178192	sub-127008	ses-1		dir-AP	acq-multiband	space-ACPC			DSIStudio	autotrackgqi
ProjectionBasalGanglia_ThalamicRadiationR	ngperp	TORTOISE_model-MAPMRI	/scratch/grmpy/SLURM_11194840_49/job-11194840-49-sub-127008/ds/inputs/data/qsiprep/qsiprep/sub-127008/ses-1/dwi/sub-127008_ses-1_acq-multiband_dir-AP_space-ACPC_desc-preproc_dwi.nii.gz	0.0002087029114056	0.2630631625652313	0.0618326440453529	0.2751708924770355	0.2631180882453918	0.275181770324707	0.0617221593856811	0.2778727412223816	0.2778737843036651	sub-127008	ses-1		dir-AP	acq-multiband	space-ACPC			DSIStudio	autotrackgqi
ProjectionBasalGanglia_ThalamicRadiationR	pa	TORTOISE_model-MAPMRI	/scratch/grmpy/SLURM_11194840_49/job-11194840-49-sub-127008/ds/inputs/data/qsiprep/qsiprep/sub-127008/ses-1/dwi/sub-127008_ses-1_acq-multiband_dir-AP_space-ACPC_desc-preproc_dwi.nii.gz	0.0002087029114056	0.7186619639396667	0.2112506330013275	0.7847239375114441	0.7188119888305664	0.7847316861152649	0.2110173404216766	0.7865428924560547	0.7865458726882935	sub-127008	ses-1		dir-AP	acq-multiband	space-ACPC			DSIStudio	autotrackgqi
ProjectionBasalGanglia_ThalamicRadiationR	path	TORTOISE_model-MAPMRI	/scratch/grmpy/SLURM_11194840_49/job-11194840-49-sub-127008/ds/inputs/data/qsiprep/qsiprep/sub-127008/ses-1/dwi/sub-127008_ses-1_acq-multiband_dir-AP_space-ACPC_desc-preproc_dwi.nii.gz	0.0002087029114056	0.2861729264259338	0.1050261110067367	0.2860497236251831	0.2862326502799988	0.2860540151596069	0.1049556508660316	0.3171882629394531	0.317189484834671	sub-127008	ses-1		dir-AP	acq-multiband	space-ACPC			DSIStudio	autotrackgqi
ProjectionBasalGanglia_ThalamicRadiationR	rd	TORTOISE_model-MAPMRI	/scratch/grmpy/SLURM_11194840_49/job-11194840-49-sub-127008/ds/inputs/data/qsiprep/qsiprep/sub-127008/ses-1/dwi/sub-127008_ses-1_acq-multiband_dir-AP_space-ACPC_desc-preproc_dwi.nii.gz	0.0002087029114056	641.5311186646003	265.4045541232861	602.7607680741924	641.6650360257661	602.8174985423466	265.2703362131636	603.276206073055	603.2784719764484	sub-127008	ses-1		dir-AP	acq-multiband	space-ACPC			DSIStudio	autotrackgqi
ProjectionBasalGanglia_ThalamicRadiationR	rtap	TORTOISE_model-MAPMRI	/scratch/grmpy/SLURM_11194840_49/job-11194840-49-sub-127008/ds/inputs/data/qsiprep/qsiprep/sub-127008/ses-1/dwi/sub-127008_ses-1_acq-multiband_dir-AP_space-ACPC_desc-preproc_dwi.nii.gz	0.0002087029114056	0.0147873274981975	0.0051508103497326	0.0140825035050511	0.0147904139012098	0.0140847852453589	0.005146914627403	0.0158991254866123	0.015899185091257	sub-127008	ses-1		dir-AP	acq-multiband	space-ACPC			DSIStudio	autotrackgqi
ProjectionBasalGanglia_ThalamicRadiationR	rtop	TORTOISE_model-MAPMRI	/scratch/grmpy/SLURM_11194840_49/job-11194840-49-sub-127008/ds/inputs/data/qsiprep/qsiprep/sub-127008/ses-1/dwi/sub-127008_ses-1_acq-multiband_dir-AP_space-ACPC_desc-preproc_dwi.nii.gz	0.0002087029114056	0.0003156400634907	9.162216883851217e-05	0.000316519930493	0.000315705925459	0.0003165291273035	9.15181590244174e-05	0.0003309775202069	0.0003309787425678	sub-127008	ses-1		dir-AP	acq-multiband	space-ACPC			DSIStudio	autotrackgqi
ProjectionBasalGanglia_ThalamicRadiationR	rtpp	TORTOISE_model-MAPMRI	/scratch/grmpy/SLURM_11194840_49/job-11194840-49-sub-127008/ds/inputs/data/qsiprep/qsiprep/sub-127008/ses-1/dwi/sub-127008_ses-1_acq-multiband_dir-AP_space-ACPC_desc-preproc_dwi.nii.gz	0.0002087029114056	0.0487722344696521	0.0053585120476782	0.049241617321968	0.0487824156880378	0.0492419265210628	0.0053125312551856	0.0476484857499599	0.0476486682891845	sub-127008	ses-1		dir-AP	acq-multiband	space-ACPC			DSIStudio	autotrackgqi
ProjectionBrainstem_CorticopontineTractR	ad	TORTOISE_model-MAPMRI	/scratch/grmpy/SLURM_11194840_49/job-11194840-49-sub-127008/ds/inputs/data/qsiprep/qsiprep/sub-127008/ses-1/dwi/sub-127008_ses-1_acq-multiband_dir-AP_space-ACPC_desc-preproc_dwi.nii.gz	0.0	1212.8314103046534	292.17154727254734	1167.0433865846092	1212.8314103046534	1167.0433865846092	292.17154727254734	1319.1025403456545	1319.1025403456545	sub-127008	ses-1		dir-AP	acq-multiband	space-ACPC			DSIStudio	autotrackgqi
ProjectionBrainstem_CorticopontineTractR	am	TORTOISE_model-MAPMRI	/scratch/grmpy/SLURM_11194840_49/job-11194840-49-sub-127008/ds/inputs/data/qsiprep/qsiprep/sub-127008/ses-1/dwi/sub-127008_ses-1_acq-multiband_dir-AP_space-ACPC_desc-preproc_dwi.nii.gz	0.0	5752.62451171875	906.2098999023438	5652.39892578125	5752.62451171875	5652.39892578125	906.2098999023438	5832.19921875	5832.19921875	sub-127008	ses-1		dir-AP	acq-multiband	space-ACPC			DSIStudio	autotrackgqi
ProjectionBrainstem_CorticopontineTractR	fa	TORTOISE_model-MAPMRI	/scratch/grmpy/SLURM_11194840_49/job-11194840-49-sub-127008/ds/inputs/data/qsiprep/qsiprep/sub-127008/ses-1/dwi/sub-127008_ses-1_acq-multiband_dir-AP_space-ACPC_desc-preproc_dwi.nii.gz	0.0	0.4461237741540867	0.1934926931195792	0.4562725026982288	0.4461237741540867	0.4562725026982288	0.1934926931195792	0.5406664438273694	0.5406664438273694	sub-127008	ses-1		dir-AP	acq-multiband	space-ACPC			DSIStudio	autotrackgqi
ProjectionBrainstem_CorticopontineTractR	li	TORTOISE_model-MAPMRI	/scratch/grmpy/SLURM_11194840_49/job-11194840-49-sub-127008/ds/inputs/data/qsiprep/qsiprep/sub-127008/ses-1/dwi/sub-127008_ses-1_acq-multiband_dir-AP_space-ACPC_desc-preproc_dwi.nii.gz	0.0001054852320675	0.2858792841434479	0.1622060537338256	0.2761820554733276	0.2859094440937042	0.2761844396591186	0.1621880233287811	0.3642116785049438	0.3642134070396423	sub-127008	ses-1		dir-AP	acq-multiband	space-ACPC			DSIStudio	autotrackgqi
ProjectionBrainstem_CorticopontineTractR	ng	TORTOISE_model-MAPMRI	/scratch/grmpy/SLURM_11194840_49/job-11194840-49-sub-127008/ds/inputs/data/qsiprep/qsiprep/sub-127008/ses-1/dwi/sub-127008_ses-1_acq-multiband_dir-AP_space-ACPC_desc-preproc_dwi.nii.gz	0.0	0.3248127698898315	0.0676848292350769	0.3420575559139251	0.3248127698898315	0.3420575559139251	0.0676848292350769	0.3484491109848022	0.3484491109848022	sub-127008	ses-1		dir-AP	acq-multiband	space-ACPC			DSIStudio	autotrackgqi
ProjectionBrainstem_CorticopontineTractR	ngpar	TORTOISE_model-MAPMRI	/scratch/grmpy/SLURM_11194840_49/job-11194840-49-sub-127008/ds/inputs/data/qsiprep/qsiprep/sub-127008/ses-1/dwi/sub-127008_ses-1_acq-multiband_dir-AP_space-ACPC_desc-preproc_dwi.nii.gz	0.0	0.1401941478252411	0.0408331863582134	0.1378870606422424	0.1401941478252411	0.1378870606422424	0.0408331863582134	0.1493773460388183	0.1493773460388183	sub-127008	ses-1		dir-AP	acq-multiband	space-ACPC			DSIStudio	autotrackgqi
ProjectionBrainstem_CorticopontineTractR	ngperp	TORTOISE_model-MAPMRI	/scratch/grmpy/SLURM_11194840_49/job-11194840-49-sub-127008/ds/inputs/data/qsiprep/qsiprep/sub-127008/ses-1/dwi/sub-127008_ses-1_acq-multiband_dir-AP_space-ACPC_desc-preproc_dwi.nii.gz	0.0	0.2771097719669342	0.0615588016808033	0.2916216254234314	0.2771097719669342	0.2916216254234314	0.0615588016808033	0.2973151504993438	0.2973151504993438	sub-127008	ses-1		dir-AP	acq-multiband	space-ACPC			DSIStudio	autotrackgqi
ProjectionBrainstem_CorticopontineTractR	pa	TORTOISE_model-MAPMRI	/scratch/grmpy/SLURM_11194840_49/job-11194840-49-sub-127008/ds/inputs/data/qsiprep/qsiprep/sub-127008/ses-1/dwi/sub-127008_ses-1_acq-multiband_dir-AP_space-ACPC_desc-preproc_dwi.nii.gz	0.0	0.7790654301643372	0.2057358473539352	0.861409068107605	0.7790654301643372	0.861409068107605	0.2057358473539352	0.8680312633514404	0.8680312633514404	sub-127008	ses-1		dir-AP	acq-multiband	space-ACPC			DSIStudio	autotrackgqi
ProjectionBrainstem_CorticopontineTractR	path	TORTOISE_model-MAPMRI	/scratch/grmpy/SLURM_11194840_49/job-11194840-49-sub-127008/ds/inputs/data/qsiprep/qsiprep/sub-127008/ses-1/dwi/sub-127008_ses-1_acq-multiband_dir-AP_space-ACPC_desc-preproc_dwi.nii.gz	0.0	0.3250729739665985	0.1115777269005775	0.3376458585262298	0.3250729739665985	0.3376458585262298	0.1115777269005775	0.3783200681209564	0.3783200681209564	sub-127008	ses-1		dir-AP	acq-multiband	space-ACPC			DSIStudio	autotrackgqi
ProjectionBrainstem_CorticopontineTractR	rd	TORTOISE_model-MAPMRI	/scratch/grmpy/SLURM_11194840_49/job-11194840-49-sub-127008/ds/inputs/data/qsiprep/qsiprep/sub-127008/ses-1/dwi/sub-127008_ses-1_acq-multiband_dir-AP_space-ACPC_desc-preproc_dwi.nii.gz	0.0	587.5117661727388	245.53978739294917	557.1882163285179	587.5117661727388	557.1882163285179	245.53978739294917	523.4572225205593	523.4572225205593	sub-127008	ses-1		dir-AP	acq-multiband	space-ACPC			DSIStudio	autotrackgqi
ProjectionBrainstem_CorticopontineTractR	rtap	TORTOISE_model-MAPMRI	/scratch/grmpy/SLURM_11194840_49/job-11194840-49-sub-127008/ds/inputs/data/qsiprep/qsiprep/sub-127008/ses-1/dwi/sub-127008_ses-1_acq-multiband_dir-AP_space-ACPC_desc-preproc_dwi.nii.gz	0.0001054852320675	0.0170714780688285	0.0064058355055749	0.0163605194538831	0.0170732792466878	0.0163611844182014	0.0064037730917334	0.0199944097548723	0.0199980977922678	sub-127008	ses-1		dir-AP	acq-multiband	space-ACPC			DSIStudio	autotrackgqi
ProjectionBrainstem_CorticopontineTractR	rtop	TORTOISE_model-MAPMRI	/scratch/grmpy/SLURM_11194840_49/job-11194840-49-sub-127008/ds/inputs/data/qsiprep/qsiprep/sub-127008/ses-1/dwi/sub-127008_ses-1_acq-multiband_dir-AP_space-ACPC_desc-preproc_dwi.nii.gz	0.0001054852320675	0.0003547735395841	0.000111415873107	0.0003550056717358	0.00035481096711	0.0003550075634848	0.00011136214016	0.000405009050155	0.0004050837596878	sub-127008	ses-1		dir-AP	acq-multiband	space-ACPC			DSIStudio	autotrackgqi
ProjectionBrainstem_CorticopontineTractR	rtpp	TORTOISE_model-MAPMRI	/scratch/grmpy/SLURM_11194840_49/job-11194840-49-sub-127008/ds/inputs/data/qsiprep/qsiprep/sub-127008/ses-1/dwi/sub-127008_ses-1_acq-multiband_dir-AP_space-ACPC_desc-preproc_dwi.nii.gz	0.0	0.0478274635970592	0.0054647368378937	0.0481456518173217	0.0478274635970592	0.0481456518173217	0.0054647368378937	0.0459057874977588	0.0459057874977588	sub-127008	ses-1		dir-AP	acq-multiband	space-ACPC			DSIStudio	autotrackgqi
ProjectionBrainstem_DentatorubrothalamicTract-lr	ad	TORTOISE_model-MAPMRI	/scratch/grmpy/SLURM_11194840_49/job-11194840-49-sub-127008/ds/inputs/data/qsiprep/qsiprep/sub-127008/ses-1/dwi/sub-127008_ses-1_acq-multiband_dir-AP_space-ACPC_desc-preproc_dwi.nii.gz	0.0	1251.7192709155177	442.6228105707864	1157.452540732083	1251.7192709155177	1157.452540732083	442.6228105707864	1353.859444303985	1353.859444303985	sub-127008	ses-1		dir-AP	acq-multiband	space-ACPC			DSIStudio	autotrackgqi
ProjectionBrainstem_DentatorubrothalamicTract-lr	am	TORTOISE_model-MAPMRI	/scratch/grmpy/SLURM_11194840_49/job-11194840-49-sub-127008/ds/inputs/data/qsiprep/qsiprep/sub-127008/ses-1/dwi/sub-127008_ses-1_acq-multiband_dir-AP_space-ACPC_desc-preproc_dwi.nii.gz	0.0	5636.650390625	1138.1790771484375	5431.185546875	5636.650390625	5431.185546875	1138.1790771484375	5902.31201171875	5902.31201171875	sub-127008	ses-1		dir-AP	acq-multiband	space-ACPC			DSIStudio	autotrackgqi
ProjectionBrainstem_DentatorubrothalamicTract-lr	fa	TORTOISE_model-MAPMRI	/scratch/grmpy/SLURM_11194840_49/job-11194840-49-sub-127008/ds/inputs/data/qsiprep/qsiprep/sub-127008/ses-1/dwi/sub-127008_ses-1_acq-multiband_dir-AP_space-ACPC_desc-preproc_dwi.nii.gz	0.0	0.4488275406783454	0.1682899878275893	0.435391682927805	0.4488275406783454	0.435391682927805	0.1682899878275893	0.4759900453828056	0.4759900453828056	sub-127008	ses-1		dir-AP	acq-multiband	space-ACPC			DSIStudio	autotrackgqi
ProjectionBrainstem_DentatorubrothalamicTract-lr	li	TORTOISE_model-MAPMRI	/scratch/grmpy/SLURM_11194840_49/job-11194840-49-sub-127008/ds/inputs/data/qsiprep/qsiprep/sub-127008/ses-1/dwi/sub-127008_ses-1_acq-multiband_dir-AP_space-ACPC_desc-preproc_dwi.nii.gz	0.0	0.2918194532394409	0.1448478251695633	0.2725228071212768	0.2918194532394409	0.2725228071212768	0.1448478251695633	0.3157826662063598	0.3157826662063598	sub-127008	ses-1		dir-AP	acq-multiband	space-ACPC			DSIStudio	autotrackgqi
ProjectionBrainstem_DentatorubrothalamicTract-lr	ng	TORTOISE_model-MAPMRI	/scratch/grmpy/SLURM_11194840_49/job-11194840-49-sub-127008/ds/inputs/data/qsiprep/qsiprep/sub-127008/ses-1/dwi/sub-127008_ses-1_acq-multiband_dir-AP_space-ACPC_desc-preproc_dwi.nii.gz	0.0	0.3394739627838135	0.0681836083531379	0.3573867976665497	0.3394739627838135	0.3573867976665497	0.0681836083531379	0.3568889796733856	0.3568889796733856	sub-127008	ses-1		dir-AP	acq-multiband	space-ACPC			DSIStudio	autotrackgqi
ProjectionBrainstem_DentatorubrothalamicTract-lr	ngpar	TORTOISE_model-MAPMRI	/scratch/grmpy/SLURM_11194840_49/job-11194840-49-sub-127008/ds/inputs/data/qsiprep/qsiprep/sub-127008/ses-1/dwi/sub-127008_ses-1_acq-multiband_dir-AP_space-ACPC_desc-preproc_dwi.nii.gz	0.0	0.1436973214149475	0.0450241304934024	0.1376347541809082	0.1436973214149475	0.1376347541809082	0.0450241304934024	0.1573353111743927	0.1573353111743927	sub-127008	ses-1		dir-AP	acq-multiband	space-ACPC			DSIStudio	autotrackgqi
ProjectionBrainstem_DentatorubrothalamicTract-lr	ngperp	TORTOISE_model-MAPMRI	/scratch/grmpy/SLURM_11194840_49/job-11194840-49-sub-127008/ds/inputs/data/qsiprep/qsiprep/sub-127008/ses-1/dwi/sub-127008_ses-1_acq-multiband_dir-AP_space-ACPC_desc-preproc_dwi.nii.gz	0.0	0.2871522307395935	0.0618032328784465	0.303590178489685	0.2871522307395935	0.303590178489685	0.0618032328784465	0.2992586195468902	0.2992586195468902	sub-127008	ses-1		dir-AP	acq-multiband	space-ACPC			DSIStudio	autotrackgqi
ProjectionBrainstem_DentatorubrothalamicTract-lr	pa	TORTOISE_model-MAPMRI	/scratch/grmpy/SLURM_11194840_49/job-11194840-49-sub-127008/ds/inputs/data/qsiprep/qsiprep/sub-127008/ses-1/dwi/sub-127008_ses-1_acq-multiband_dir-AP_space-ACPC_desc-preproc_dwi.nii.gz	0.0	0.8055099844932556	0.1742064356803894	0.8542956113815308	0.8055099844932556	0.8542956113815308	0.1742064356803894	0.8416503667831421	0.8416503667831421	sub-127008	ses-1		dir-AP	acq-multiband	space-ACPC			DSIStudio	autotrackgqi
ProjectionBrainstem_DentatorubrothalamicTract-lr	path	TORTOISE_model-MAPMRI	/scratch/grmpy/SLURM_11194840_49/job-11194840-49-sub-127008/ds/inputs/data/qsiprep/qsiprep/sub-127008/ses-1/dwi/sub-127008_ses-1_acq-multiband_dir-AP_space-ACPC_desc-preproc_dwi.nii.gz	0.0	0.3317941129207611	0.0962844341993331	0.3318759202957153	0.3317941129207611	0.3318759202957153	0.0962844341993331	0.3484990298748016	0.3484990298748016	sub-127008	ses-1		dir-AP	acq-multiband	space-ACPC			DSIStudio	autotrackgqi
ProjectionBrainstem_DentatorubrothalamicTract-lr	rd	TORTOISE_model-MAPMRI	/scratch/grmpy/SLURM_11194840_49/job-11194840-49-sub-127008/ds/inputs/data/qsiprep/qsiprep/sub-127008/ses-1/dwi/sub-127008_ses-1_acq-multiband_dir-AP_space-ACPC_desc-preproc_dwi.nii.gz	0.0	620.5370808942357	384.3063080438909	568.0738898436565	620.5370808942357	568.0738898436565	384.3063080438909	658.3301516297174	658.3301516297174	sub-127008	ses-1		dir-AP	acq-multiband	space-ACPC			DSIStudio	autotrackgqi
ProjectionBrainstem_DentatorubrothalamicTract-lr	rtap	TORTOISE_model-MAPMRI	/scratch/grmpy/SLURM_11194840_49/job-11194840-49-sub-127008/ds/inputs/data/qsiprep/qsiprep/sub-127008/ses-1/dwi/sub-127008_ses-1_acq-multiband_dir-AP_space-ACPC_desc-preproc_dwi.nii.gz	0.0	0.0167959406971931	0.0056138825602829	0.0160222332924604	0.0167959406971931	0.0160222332924604	0.0056138825602829	0.0171899758279323	0.0171899758279323	sub-127008	ses-1		dir-AP	acq-multiband	space-ACPC			DSIStudio	autotrackgqi
ProjectionBrainstem_DentatorubrothalamicTract-lr	rtop	TORTOISE_model-MAPMRI	/scratch/grmpy/SLURM_11194840_49/job-11194840-49-sub-127008/ds/inputs/data/qsiprep/qsiprep/sub-127008/ses-1/dwi/sub-127008_ses-1_acq-multiband_dir-AP_space-ACPC_desc-preproc_dwi.nii.gz	0.0	0.0003521553298924	0.0001002411081572	0.000356591946911	0.0003521553298924	0.000356591946911	0.0001002411081572	0.0003610818821471	0.0003610818821471	sub-127008	ses-1		dir-AP	acq-multiband	space-ACPC			DSIStudio	autotrackgqi
ProjectionBrainstem_DentatorubrothalamicTract-lr	rtpp	TORTOISE_model-MAPMRI	/scratch/grmpy/SLURM_11194840_49/job-11194840-49-sub-127008/ds/inputs/data/qsiprep/qsiprep/sub-127008/ses-1/dwi/sub-127008_ses-1_acq-multiband_dir-AP_space-ACPC_desc-preproc_dwi.nii.gz	0.0	0.047608844935894	0.0064205690287053	0.0483472310006618	0.047608844935894	0.0483472310006618	0.0064205690287053	0.0464252233505249	0.0464252233505249	sub-127008	ses-1		dir-AP	acq-multiband	space-ACPC			DSIStudio	autotrackgqi
ProjectionBasalGanglia_OpticRadiationR	ad	TORTOISE_model-MAPMRI	/scratch/grmpy/SLURM_11194840_49/job-11194840-49-sub-127008/ds/inputs/data/qsiprep/qsiprep/sub-127008/ses-1/dwi/sub-127008_ses-1_acq-multiband_dir-AP_space-ACPC_desc-preproc_dwi.nii.gz	0.0013464991023339	1279.1685644026643	416.853906903554	1200.266316155583	1280.893286062533	1200.390780583332	414.47833252519615	1347.9831423623018	1348.036496656042	sub-127008	ses-1		dir-AP	acq-multiband	space-ACPC			DSIStudio	autotrackgqi
ProjectionBasalGanglia_OpticRadiationR	am	TORTOISE_model-MAPMRI	/scratch/grmpy/SLURM_11194840_49/job-11194840-49-sub-127008/ds/inputs/data/qsiprep/qsiprep/sub-127008/ses-1/dwi/sub-127008_ses-1_acq-multiband_dir-AP_space-ACPC_desc-preproc_dwi.nii.gz	0.0013464991023339	5934.0419921875	1276.091064453125	5811.9580078125	5942.04296875	5815.4287109375	1258.197998046875	5644.58544921875	5644.80908203125	sub-127008	ses-1		dir-AP	acq-multiband	space-ACPC			DSIStudio	autotrackgqi
ProjectionBasalGanglia_OpticRadiationR	fa	TORTOISE_model-MAPMRI	/scratch/grmpy/SLURM_11194840_49/job-11194840-49-sub-127008/ds/inputs/data/qsiprep/qsiprep/sub-127008/ses-1/dwi/sub-127008_ses-1_acq-multiband_dir-AP_space-ACPC_desc-preproc_dwi.nii.gz	0.0013464991023339	0.3943451791832551	0.2150399460101499	0.3994982656019386	0.394876880548446	0.4011814315993441	0.2146964620298518	0.5055316252691494	0.5055516344984867	sub-127008	ses-1		dir-AP	acq-multiband	space-ACPC			DSIStudio	autotrackgqi
ProjectionBasalGanglia_OpticRadiationR	li	TORTOISE_model-MAPMRI	/scratch/grmpy/SLURM_11194840_49/job-11194840-49-sub-127008/ds/inputs/data/qsiprep/qsiprep/sub-127008/ses-1/dwi/sub-127008_ses-1_acq-multiband_dir-AP_space-ACPC_desc-preproc_dwi.nii.gz	0.0013464991023339	0.2383639812469482	0.1703512668609619	0.2127552628517151	0.2386853694915771	0.2131484150886535	0.1702409237623214	0.3298471868038177	0.3298602104187011	sub-127008	ses-1		dir-AP	acq-multiband	space-ACPC			DSIStudio	autotrackgqi
ProjectionBasalGanglia_OpticRadiationR	ng	TORTOISE_model-MAPMRI	/scratch/grmpy/SLURM_11194840_49/job-11194840-49-sub-127008/ds/inputs/data/qsiprep/qsiprep/sub-127008/ses-1/dwi/sub-127008_ses-1_acq-multiband_dir-AP_space-ACPC_desc-preproc_dwi.nii.gz	0.0013464991023339	0.3169385194778442	0.0724630132317543	0.3291301727294922	0.3173658549785614	0.3292559087276459	0.0715705752372741	0.3339753746986389	0.333988606929779	sub-127008	ses-1		dir-AP	acq-multiband	space-ACPC			DSIStudio	autotrackgqi
ProjectionBasalGanglia_OpticRadiationR	ngpar	TORTOISE_model-MAPMRI	/scratch/grmpy/SLURM_11194840_49/job-11194840-49-sub-127008/ds/inputs/data/qsiprep/qsiprep/sub-127008/ses-1/dwi/sub-127008_ses-1_acq-multiband_dir-AP_space-ACPC_desc-preproc_dwi.nii.gz	0.0013464991023339	0.1374125182628631	0.0453251004219055	0.1326393783092498	0.1375977993011474	0.1326537430286407	0.0450737290084362	0.1326514929533004	0.1326567232608795	sub-127008	ses-1		dir-AP	acq-multiband	space-ACPC			DSIStudio	autotrackgqi
ProjectionBasalGanglia_OpticRadiationR	ngperp	TORTOISE_model-MAPMRI	/scratch/grmpy/SLURM_11194840_49/job-11194840-49-sub-127008/ds/inputs/data/qsiprep/qsiprep/sub-127008/ses-1/dwi/sub-127008_ses-1_acq-multiband_dir-AP_space-ACPC_desc-preproc_dwi.nii.gz	0.0013464991023339	0.27346271276474	0.0654053539037704	0.2877647280693054	0.2738314270973205	0.2878207862377167	0.0646735057234764	0.2904453873634338	0.2904568910598755	sub-127008	ses-1		dir-AP	acq-multiband	space-ACPC			DSIStudio	autotrackgqi
ProjectionBasalGanglia_OpticRadiationR	pa	TORTOISE_model-MAPMRI	/scratch/grmpy/SLURM_11194840_49/job-11194840-49-sub-127008/ds/inputs/data/qsiprep/qsiprep/sub-127008/ses-1/dwi/sub-127008_ses-1_acq-multiband_dir-AP_space-ACPC_desc-preproc_dwi.nii.gz	0.0013464991023339	0.7218334078788757	0.2373682260513305	0.821346640586853	0.7228066921234131	0.8219941258430481	0.236042708158493	0.8425143957138062	0.8425477147102356	sub-127008	ses-1		dir-AP	acq-multiband	space-ACPC			DSIStudio	autotrackgqi
ProjectionBasalGanglia_OpticRadiationR	path	TORTOISE_model-MAPMRI	/scratch/grmpy/SLURM_11194840_49/job-11194840-49-sub-127008/ds/inputs/data/qsiprep/qsiprep/sub-127008/ses-1/dwi/sub-127008_ses-1_acq-multiband_dir-AP_space-ACPC_desc-preproc_dwi.nii.gz	0.0013464991023339	0.3005211651325226	0.1242459937930107	0.3081429302692413	0.3009263575077057	0.3085691332817077	0.1238383948802948	0.3612552285194397	0.3612695634365082	sub-127008	ses-1		dir-AP	acq-multiband	space-ACPC			DSIStudio	autotrackgqi
ProjectionBasalGanglia_OpticRadiationR	rd	TORTOISE_model-MAPMRI	/scratch/grmpy/SLURM_11194840_49/job-11194840-49-sub-127008/ds/inputs/data/qsiprep/qsiprep/sub-127008/ses-1/dwi/sub-127008_ses-1_acq-multiband_dir-AP_space-ACPC_desc-preproc_dwi.nii.gz	0.0013464991023339	681.8081577727285	354.9714170295996	600.1159463950262	682.7274496708491	600.1660325996536	354.3260858047813	583.1864985340235	583.209581801563	sub-127008	ses-1		dir-AP	acq-multiband	space-ACPC			DSIStudio	autotrackgqi
ProjectionBasalGanglia_OpticRadiationR	rtap	TORTOISE_model-MAPMRI	/scratch/grmpy/SLURM_11194840_49/job-11194840-49-sub-127008/ds/inputs/data/qsiprep/qsiprep/sub-127008/ses-1/dwi/sub-127008_ses-1_acq-multiband_dir-AP_space-ACPC_desc-preproc_dwi.nii.gz	0.0013464991023339	0.014984774403274	0.0063027911819517	0.0142867229878902	0.0150049785152077	0.0143121201545	0.0062829595990478	0.0175560805946588	0.0175567734986543	sub-127008	ses-1		dir-AP	acq-multiband	space-ACPC			DSIStudio	autotrackgqi
ProjectionBasalGanglia_OpticRadiationR	rtop	TORTOISE_model-MAPMRI	/scratch/grmpy/SLURM_11194840_49/job-11194840-49-sub-127008/ds/inputs/data/qsiprep/qsiprep/sub-127008/ses-1/dwi/sub-127008_ses-1_acq-multiband_dir-AP_space-ACPC_desc-preproc_dwi.nii.gz	0.0013464991023339	0.000304927729303	0.0001058812340488	0.000308896851493	0.0003053388791158	0.0003094132407568	0.0001053585074259	0.0003434935642872	0.0003435071848798	sub-127008	ses-1		dir-AP	acq-multiband	space-ACPC			DSIStudio	autotrackgqi
ProjectionBasalGanglia_OpticRadiationR	rtpp	TORTOISE_model-MAPMRI	/scratch/grmpy/SLURM_11194840_49/job-11194840-49-sub-127008/ds/inputs/data/qsiprep/qsiprep/sub-127008/ses-1/dwi/sub-127008_ses-1_acq-multiband_dir-AP_space-ACPC_desc-preproc_dwi.nii.gz	0.0013464991023339	0.0466744564473629	0.0072609917260706	0.0469320937991142	0.0467373915016651	0.0469347424805164	0.007060581818223	0.0449294336140155	0.0449312143027782	sub-127008	ses-1		dir-AP	acq-multiband	space-ACPC			DSIStudio	autotrackgqi
ProjectionBasalGanglia_AnsaLenticularisR	ad	TORTOISE_model-MAPMRI	/scratch/grmpy/SLURM_11194840_49/job-11194840-49-sub-127008/ds/inputs/data/qsiprep/qsiprep/sub-127008/ses-1/dwi/sub-127008_ses-1_acq-multiband_dir-AP_space-ACPC_desc-preproc_dwi.nii.gz	0.0	1428.2128167029962	690.2392387874307	1163.1802367138464	1428.2128167029962	1163.1802367138464	690.2392387874307	1355.2674549885958	1355.2674549885958	sub-127008	ses-1		dir-AP	acq-multiband	space-ACPC			DSIStudio	autotrackgqi
ProjectionBasalGanglia_AnsaLenticularisR	am	TORTOISE_model-MAPMRI	/scratch/grmpy/SLURM_11194840_49/job-11194840-49-sub-127008/ds/inputs/data/qsiprep/qsiprep/sub-127008/ses-1/dwi/sub-127008_ses-1_acq-multiband_dir-AP_space-ACPC_desc-preproc_dwi.nii.gz	0.0	6922.23828125	2201.576904296875	6631.146484375	6922.23828125	6631.146484375	2201.576904296875	6823.892578125	6823.892578125	sub-127008	ses-1		dir-AP	acq-multiband	space-ACPC			DSIStudio	autotrackgqi
ProjectionBasalGanglia_AnsaLenticularisR	fa	TORTOISE_model-MAPMRI	/scratch/grmpy/SLURM_11194840_49/job-11194840-49-sub-127008/ds/inputs/data/qsiprep/qsiprep/sub-127008/ses-1/dwi/sub-127008_ses-1_acq-multiband_dir-AP_space-ACPC_desc-preproc_dwi.nii.gz	0.0	0.2910968484817093	0.1258613303593523	0.2840853651509961	0.2910968484817093	0.2840853651509961	0.1258613303593523	0.3029113969974529	0.3029113969974529	sub-127008	ses-1		dir-AP	acq-multiband	space-ACPC			DSIStudio	autotrackgqi
ProjectionBasalGanglia_AnsaLenticularisR	li	TORTOISE_model-MAPMRI	/scratch/grmpy/SLURM_11194840_49/job-11194840-49-sub-127008/ds/inputs/data/qsiprep/qsiprep/sub-127008/ses-1/dwi/sub-127008_ses-1_acq-multiband_dir-AP_space-ACPC_desc-preproc_dwi.nii.gz	0.0	0.167305514216423	0.0873448625206947	0.1596786975860595	0.167305514216423	0.1596786975860595	0.0873448625206947	0.1713293492794037	0.1713293492794037	sub-127008	ses-1		dir-AP	acq-multiband	space-ACPC			DSIStudio	autotrackgqi
ProjectionBasalGanglia_AnsaLenticularisR	ng	TORTOISE_model-MAPMRI	/scratch/grmpy/SLURM_11194840_49/job-11194840-49-sub-127008/ds/inputs/data/qsiprep/qsiprep/sub-127008/ses-1/dwi/sub-127008_ses-1_acq-multiband_dir-AP_space-ACPC_desc-preproc_dwi.nii.gz	0.0	0.3109120726585388	0.0932495594024658	0.3045329451560974	0.3109120726585388	0.3045329451560974	0.0932495594024658	0.3022139072418213	0.3022139072418213	sub-127008	ses-1		dir-AP	acq-multiband	space-ACPC			DSIStudio	autotrackgqi
ProjectionBasalGanglia_AnsaLenticularisR	ngpar	TORTOISE_model-MAPMRI	/scratch/grmpy/SLURM_11194840_49/job-11194840-49-sub-127008/ds/inputs/data/qsiprep/qsiprep/sub-127008/ses-1/dwi/sub-127008_ses-1_acq-multiband_dir-AP_space-ACPC_desc-preproc_dwi.nii.gz	0.0	0.1581566333770752	0.0521119236946105	0.1504944264888763	0.1581566333770752	0.1504944264888763	0.0521119236946105	0.1525903493165969	0.1525903493165969	sub-127008	ses-1		dir-AP	acq-multiband	space-ACPC			DSIStudio	autotrackgqi
ProjectionBasalGanglia_AnsaLenticularisR	ngperp	TORTOISE_model-MAPMRI	/scratch/grmpy/SLURM_11194840_49/job-11194840-49-sub-127008/ds/inputs/data/qsiprep/qsiprep/sub-127008/ses-1/dwi/sub-127008_ses-1_acq-multiband_dir-AP_space-ACPC_desc-preproc_dwi.nii.gz	0.0	0.2572313845157623	0.0724429860711097	0.260629802942276	0.2572313845157623	0.260629802942276	0.0724429860711097	0.2521050274372101	0.2521050274372101	sub-127008	ses-1		dir-AP	acq-multiband	space-ACPC			DSIStudio	autotrackgqi
ProjectionBasalGanglia_AnsaLenticularisR	pa	TORTOISE_model-MAPMRI	/scratch/grmpy/SLURM_11194840_49/job-11194840-49-sub-127008/ds/inputs/data/qsiprep/qsiprep/sub-127008/ses-1/dwi/sub-127008_ses-1_acq-multiband_dir-AP_space-ACPC_desc-preproc_dwi.nii.gz	0.0	0.6543982028961182	0.1472617089748382	0.6666231155395508	0.6543982028961182	0.6666231155395508	0.1472617089748382	0.6643514633178711	0.6643514633178711	sub-127008	ses-1		dir-AP	acq-multiband	space-ACPC			DSIStudio	autotrackgqi
ProjectionBasalGanglia_AnsaLenticularisR	path	TORTOISE_model-MAPMRI	/scratch/grmpy/SLURM_11194840_49/job-11194840-49-sub-127008/ds/inputs/data/qsiprep/qsiprep/sub-127008/ses-1/dwi/sub-127008_ses-1_acq-multiband_dir-AP_space-ACPC_desc-preproc_dwi.nii.gz	0.0	0.238517165184021	0.064929224550724	0.2320565283298492	0.238517165184021	0.2320565283298492	0.064929224550724	0.2388315796852111	0.2388315796852111	sub-127008	ses-1		dir-AP	acq-multiband	space-ACPC			DSIStudio	autotrackgqi
ProjectionBasalGanglia_AnsaLenticularisR	rd	TORTOISE_model-MAPMRI	/scratch/grmpy/SLURM_11194840_49/job-11194840-49-sub-127008/ds/inputs/data/qsiprep/qsiprep/sub-127008/ses-1/dwi/sub-127008_ses-1_acq-multiband_dir-AP_space-ACPC_desc-preproc_dwi.nii.gz	0.0	965.9234669745748	648.658312659965	704.7826479167154	965.9234669745748	704.7826479167154	648.658312659965	895.6225567834542	895.6225567834542	sub-127008	ses-1		dir-AP	acq-multiband	space-ACPC			DSIStudio	autotrackgqi
ProjectionBasalGanglia_AnsaLenticularisR	rtap	TORTOISE_model-MAPMRI	/scratch/grmpy/SLURM_11194840_49/job-11194840-49-sub-127008/ds/inputs/data/qsiprep/qsiprep/sub-127008/ses-1/dwi/sub-127008_ses-1_acq-multiband_dir-AP_space-ACPC_desc-preproc_dwi.nii.gz	0.0	0.0103366347029805	0.0042152157984673	0.0107984747737646	0.0103366347029805	0.0107984747737646	0.0042152157984673	0.0106209013611078	0.0106209013611078	sub-127008	ses-1		dir-AP	acq-multiband	space-ACPC			DSIStudio	autotrackgqi
ProjectionBasalGanglia_AnsaLenticularisR	rtop	TORTOISE_model-MAPMRI	/scratch/grmpy/SLURM_11194840_49/job-11194840-49-sub-127008/ds/inputs/data/qsiprep/qsiprep/sub-127008/ses-1/dwi/sub-127008_ses-1_acq-multiband_dir-AP_space-ACPC_desc-preproc_dwi.nii.gz	0.0	0.0002204361080657	9.295631753047928e-05	0.0002396501367911	0.0002204361080657	0.0002396501367911	9.295631753047928e-05	0.0002281170745845	0.0002281170745845	sub-127008	ses-1		dir-AP	acq-multiband	space-ACPC			DSIStudio	autotrackgqi
ProjectionBasalGanglia_AnsaLenticularisR	rtpp	TORTOISE_model-MAPMRI	/scratch/grmpy/SLURM_11194840_49/job-11194840-49-sub-127008/ds/inputs/data/qsiprep/qsiprep/sub-127008/ses-1/dwi/sub-127008_ses-1_acq-multiband_dir-AP_space-ACPC_desc-preproc_dwi.nii.gz	0.0	0.0448467917740345	0.0087596904486417	0.0475238934159278	0.0448467917740345	0.0475238934159278	0.0087596904486417	0.0457367151975631	0.0457367151975631	sub-127008	ses-1		dir-AP	acq-multiband	space-ACPC			DSIStudio	autotrackgqi
ProjectionBasalGanglia_FasciculusLenticularisL	ad	TORTOISE_model-MAPMRI	/scratch/grmpy/SLURM_11194840_49/job-11194840-49-sub-127008/ds/inputs/data/qsiprep/qsiprep/sub-127008/ses-1/dwi/sub-127008_ses-1_acq-multiband_dir-AP_space-ACPC_desc-preproc_dwi.nii.gz	0.0	1153.400686913012	352.78239768697813	1068.841046685775	1153.400686913012	1068.841046685775	352.78239768697813	1200.8913604190118	1200.8914628339437	sub-127008	ses-1		dir-AP	acq-multiband	space-ACPC			DSIStudio	autotrackgqi
ProjectionBasalGanglia_FasciculusLenticularisL	am	TORTOISE_model-MAPMRI	/scratch/grmpy/SLURM_11194840_49/job-11194840-49-sub-127008/ds/inputs/data/qsiprep/qsiprep/sub-127008/ses-1/dwi/sub-127008_ses-1_acq-multiband_dir-AP_space-ACPC_desc-preproc_dwi.nii.gz	0.0	6024.57421875	1439.570556640625	5748.9326171875	6024.57421875	5748.9326171875	1439.570556640625	6052.19189453125	6052.193359375	sub-127008	ses-1		dir-AP	acq-multiband	space-ACPC			DSIStudio	autotrackgqi
ProjectionBasalGanglia_FasciculusLenticularisL	fa	TORTOISE_model-MAPMRI	/scratch/grmpy/SLURM_11194840_49/job-11194840-49-sub-127008/ds/inputs/data/qsiprep/qsiprep/sub-127008/ses-1/dwi/sub-127008_ses-1_acq-multiband_dir-AP_space-ACPC_desc-preproc_dwi.nii.gz	0.0	0.325081480566591	0.1354818577466987	0.3035215079779342	0.325081480566591	0.3035215079779342	0.1354818577466987	0.3732233894433728	0.3732234213630724	sub-127008	ses-1		dir-AP	acq-multiband	space-ACPC			DSIStudio	autotrackgqi
ProjectionBasalGanglia_FasciculusLenticularisL	li	TORTOISE_model-MAPMRI	/scratch/grmpy/SLURM_11194840_49/job-11194840-49-sub-127008/ds/inputs/data/qsiprep/qsiprep/sub-127008/ses-1/dwi/sub-127008_ses-1_acq-multiband_dir-AP_space-ACPC_desc-preproc_dwi.nii.gz	0.0	0.1875313967466354	0.0920708030462265	0.1698441356420517	0.1875313967466354	0.1698441356420517	0.0920708030462265	0.2095581591129303	0.2095581740140915	sub-127008	ses-1		dir-AP	acq-multiband	space-ACPC			DSIStudio	autotrackgqi
ProjectionBasalGanglia_FasciculusLenticularisL	ng	TORTOISE_model-MAPMRI	/scratch/grmpy/SLURM_11194840_49/job-11194840-49-sub-127008/ds/inputs/data/qsiprep/qsiprep/sub-127008/ses-1/dwi/sub-127008_ses-1_acq-multiband_dir-AP_space-ACPC_desc-preproc_dwi.nii.gz	0.0	0.2951785624027252	0.0656299963593483	0.2997744977474212	0.2951785624027252	0.2997744977474212	0.0656299963593483	0.3000047206878662	0.3000047504901886	sub-127008	ses-1		dir-AP	acq-multiband	space-ACPC			DSIStudio	autotrackgqi
ProjectionBasalGanglia_FasciculusLenticularisL	ngpar	TORTOISE_model-MAPMRI	/scratch/grmpy/SLURM_11194840_49/job-11194840-49-sub-127008/ds/inputs/data/qsiprep/qsiprep/sub-127008/ses-1/dwi/sub-127008_ses-1_acq-multiband_dir-AP_space-ACPC_desc-preproc_dwi.nii.gz	0.0	0.1435210555791854	0.0376095622777938	0.1407884061336517	0.1435210555791854	0.1407884061336517	0.0376095622777938	0.1395502686500549	0.1395502835512161	sub-127008	ses-1		dir-AP	acq-multiband	space-ACPC			DSIStudio	autotrackgqi
ProjectionBasalGanglia_FasciculusLenticularisL	ngperp	TORTOISE_model-MAPMRI	/scratch/grmpy/SLURM_11194840_49/job-11194840-49-sub-127008/ds/inputs/data/qsiprep/qsiprep/sub-127008/ses-1/dwi/sub-127008_ses-1_acq-multiband_dir-AP_space-ACPC_desc-preproc_dwi.nii.gz	0.0	0.2468702942132949	0.0601692162454128	0.2500405311584472	0.2468702942132949	0.2500405311584472	0.0601692162454128	0.2538303136825561	0.2538303136825561	sub-127008	ses-1		dir-AP	acq-multiband	space-ACPC			DSIStudio	autotrackgqi
ProjectionBasalGanglia_FasciculusLenticularisL	pa	TORTOISE_model-MAPMRI	/scratch/grmpy/SLURM_11194840_49/job-11194840-49-sub-127008/ds/inputs/data/qsiprep/qsiprep/sub-127008/ses-1/dwi/sub-127008_ses-1_acq-multiband_dir-AP_space-ACPC_desc-preproc_dwi.nii.gz	0.0	0.6639347076416016	0.1692555099725723	0.6777059435844421	0.6639347076416016	0.6777059435844421	0.1692555099725723	0.7244678735733032	0.724467933177948	sub-127008	ses-1		dir-AP	acq-multiband	space-ACPC			DSIStudio	autotrackgqi
ProjectionBasalGanglia_FasciculusLenticularisL	path	TORTOISE_model-MAPMRI	/scratch/grmpy/SLURM_11194840_49/job-11194840-49-sub-127008/ds/inputs/data/qsiprep/qsiprep/sub-127008/ses-1/dwi/sub-127008_ses-1_acq-multiband_dir-AP_space-ACPC_desc-preproc_dwi.nii.gz	0.0	0.2473044842481613	0.0782783180475235	0.2363803386688232	0.2473044842481613	0.2363803386688232	0.0782783180475235	0.2714562118053436	0.271456241607666	sub-127008	ses-1		dir-AP	acq-multiband	space-ACPC			DSIStudio	autotrackgqi
ProjectionBasalGanglia_FasciculusLenticularisL	rd	TORTOISE_model-MAPMRI	/scratch/grmpy/SLURM_11194840_49/job-11194840-49-sub-127008/ds/inputs/data/qsiprep/qsiprep/sub-127008/ses-1/dwi/sub-127008_ses-1_acq-multiband_dir-AP_space-ACPC_desc-preproc_dwi.nii.gz	0.0	701.92961022398	271.5752405548984	658.4491127258218	701.92961022398	658.4491127258218	271.5752405548984	666.8142150526623	666.8142718527322	sub-127008	ses-1		dir-AP	acq-multiband	space-ACPC			DSIStudio	autotrackgqi
ProjectionBasalGanglia_FasciculusLenticularisL	rtap	TORTOISE_model-MAPMRI	/scratch/grmpy/SLURM_11194840_49/job-11194840-49-sub-127008/ds/inputs/data/qsiprep/qsiprep/sub-127008/ses-1/dwi/sub-127008_ses-1_acq-multiband_dir-AP_space-ACPC_desc-preproc_dwi.nii.gz	0.0	0.0126220779493451	0.0040930192917585	0.0120868766680359	0.0126220779493451	0.0120868766680359	0.0040930192917585	0.0130204437300562	0.0130204446613788	sub-127008	ses-1		dir-AP	acq-multiband	space-ACPC			DSIStudio	autotrackgqi
ProjectionBasalGanglia_FasciculusLenticularisL	rtop	TORTOISE_model-MAPMRI	/scratch/grmpy/SLURM_11194840_49/job-11194840-49-sub-127008/ds/inputs/data/qsiprep/qsiprep/sub-127008/ses-1/dwi/sub-127008_ses-1_acq-multiband_dir-AP_space-ACPC_desc-preproc_dwi.nii.gz	0.0	0.0002770538558252	8.339976920979097e-05	0.0002781294460874	0.0002770538558252	0.0002781294460874	8.339976920979097e-05	0.0002770608698483	0.0002770608989521	sub-127008	ses-1		dir-AP	acq-multiband	space-ACPC			DSIStudio	autotrackgqi
ProjectionBasalGanglia_FasciculusLenticularisL	rtpp	TORTOISE_model-MAPMRI	/scratch/grmpy/SLURM_11194840_49/job-11194840-49-sub-127008/ds/inputs/data/qsiprep/qsiprep/sub-127008/ses-1/dwi/sub-127008_ses-1_acq-multiband_dir-AP_space-ACPC_desc-preproc_dwi.nii.gz	0.0	0.049173280596733	0.0059934766031801	0.0499134585261344	0.049173280596733	0.0499134585261344	0.0059934766031801	0.0476354584097862	0.0476354658603668	sub-127008	ses-1		dir-AP	acq-multiband	space-ACPC			DSIStudio	autotrackgqi
ProjectionBrainstem_CorticospinalTractL	ad	TORTOISE_model-MAPMRI	/scratch/grmpy/SLURM_11194840_49/job-11194840-49-sub-127008/ds/inputs/data/qsiprep/qsiprep/sub-127008/ses-1/dwi/sub-127008_ses-1_acq-multiband_dir-AP_space-ACPC_desc-preproc_dwi.nii.gz	0.0	1263.0245164575265	355.8640342625505	1199.9803265943049	1263.0245164575265	1199.9803265943049	355.8640342625505	1334.9192873181364	1334.9194384742111	sub-127008	ses-1		dir-AP	acq-multiband	space-ACPC			DSIStudio	autotrackgqi
ProjectionBrainstem_CorticospinalTractL	am	TORTOISE_model-MAPMRI	/scratch/grmpy/SLURM_11194840_49/job-11194840-49-sub-127008/ds/inputs/data/qsiprep/qsiprep/sub-127008/ses-1/dwi/sub-127008_ses-1_acq-multiband_dir-AP_space-ACPC_desc-preproc_dwi.nii.gz	0.0	6148.2177734375	745.3462524414062	6066.19140625	6148.2177734375	6066.19140625	745.3462524414062	6287.70556640625	6287.7060546875	sub-127008	ses-1		dir-AP	acq-multiband	space-ACPC			DSIStudio	autotrackgqi
ProjectionBrainstem_CorticospinalTractL	fa	TORTOISE_model-MAPMRI	/scratch/grmpy/SLURM_11194840_49/job-11194840-49-sub-127008/ds/inputs/data/qsiprep/qsiprep/sub-127008/ses-1/dwi/sub-127008_ses-1_acq-multiband_dir-AP_space-ACPC_desc-preproc_dwi.nii.gz	0.0	0.4883803510110244	0.1878077551497367	0.5079848544013652	0.4883803510110244	0.5079848544013652	0.1878077551497367	0.5465027556709753	0.5465028175383942	sub-127008	ses-1		dir-AP	acq-multiband	space-ACPC			DSIStudio	autotrackgqi
ProjectionBrainstem_CorticospinalTractL	li	TORTOISE_model-MAPMRI	/scratch/grmpy/SLURM_11194840_49/job-11194840-49-sub-127008/ds/inputs/data/qsiprep/qsiprep/sub-127008/ses-1/dwi/sub-127008_ses-1_acq-multiband_dir-AP_space-ACPC_desc-preproc_dwi.nii.gz	0.0	0.3308317363262176	0.1669428497552871	0.3301349580287933	0.3308317363262176	0.3301349580287933	0.1669428497552871	0.3787125945091247	0.3787126541137695	sub-127008	ses-1		dir-AP	acq-multiband	space-ACPC			DSIStudio	autotrackgqi
ProjectionBrainstem_CorticospinalTractL	ng	TORTOISE_model-MAPMRI	/scratch/grmpy/SLURM_11194840_49/job-11194840-49-sub-127008/ds/inputs/data/qsiprep/qsiprep/sub-127008/ses-1/dwi/sub-127008_ses-1_acq-multiband_dir-AP_space-ACPC_desc-preproc_dwi.nii.gz	0.0	0.3393278121948242	0.0551004596054554	0.3462312221527099	0.3393278121948242	0.3462312221527099	0.0551004596054554	0.3503113985061645	0.3503114283084869	sub-127008	ses-1		dir-AP	acq-multiband	space-ACPC			DSIStudio	autotrackgqi
ProjectionBrainstem_CorticospinalTractL	ngpar	TORTOISE_model-MAPMRI	/scratch/grmpy/SLURM_11194840_49/job-11194840-49-sub-127008/ds/inputs/data/qsiprep/qsiprep/sub-127008/ses-1/dwi/sub-127008_ses-1_acq-multiband_dir-AP_space-ACPC_desc-preproc_dwi.nii.gz	0.0	0.1493397057056427	0.0394382625818252	0.1450127065181732	0.1493397057056427	0.1450127065181732	0.0394382625818252	0.153697982430458	0.1536979973316192	sub-127008	ses-1		dir-AP	acq-multiband	space-ACPC			DSIStudio	autotrackgqi
ProjectionBrainstem_CorticospinalTractL	ngperp	TORTOISE_model-MAPMRI	/scratch/grmpy/SLURM_11194840_49/job-11194840-49-sub-127008/ds/inputs/data/qsiprep/qsiprep/sub-127008/ses-1/dwi/sub-127008_ses-1_acq-multiband_dir-AP_space-ACPC_desc-preproc_dwi.nii.gz	0.0	0.2869777381420135	0.0513194873929023	0.294781744480133	0.2869777381420135	0.294781744480133	0.0513194873929023	0.2959348857402801	0.2959349155426025	sub-127008	ses-1		dir-AP	acq-multiband	space-ACPC			DSIStudio	autotrackgqi
ProjectionBrainstem_CorticospinalTractL	pa	TORTOISE_model-MAPMRI	/scratch/grmpy/SLURM_11194840_49/job-11194840-49-sub-127008/ds/inputs/data/qsiprep/qsiprep/sub-127008/ses-1/dwi/sub-127008_ses-1_acq-multiband_dir-AP_space-ACPC_desc-preproc_dwi.nii.gz	0.0	0.8190093636512756	0.1684930324554443	0.8781788349151611	0.8190093636512756	0.8781788349151611	0.1684930324554443	0.8670274019241333	0.8670274615287781	sub-127008	ses-1		dir-AP	acq-multiband	space-ACPC			DSIStudio	autotrackgqi
ProjectionBrainstem_CorticospinalTractL	path	TORTOISE_model-MAPMRI	/scratch/grmpy/SLURM_11194840_49/job-11194840-49-sub-127008/ds/inputs/data/qsiprep/qsiprep/sub-127008/ses-1/dwi/sub-127008_ses-1_acq-multiband_dir-AP_space-ACPC_desc-preproc_dwi.nii.gz	0.0	0.3459412157535553	0.1045539230108261	0.3524212539196014	0.3459412157535553	0.3524212539196014	0.1045539230108261	0.3775695562362671	0.3775695562362671	sub-127008	ses-1		dir-AP	acq-multiband	space-ACPC			DSIStudio	autotrackgqi
ProjectionBrainstem_CorticospinalTractL	rd	TORTOISE_model-MAPMRI	/scratch/grmpy/SLURM_11194840_49/job-11194840-49-sub-127008/ds/inputs/data/qsiprep/qsiprep/sub-127008/ses-1/dwi/sub-127008_ses-1_acq-multiband_dir-AP_space-ACPC_desc-preproc_dwi.nii.gz	0.0	561.6970107012921	295.5303080221556	510.7390188504944	561.6970107012921	510.7390188504944	295.5303080221556	525.534920204272	525.5349797836602	sub-127008	ses-1		dir-AP	acq-multiband	space-ACPC			DSIStudio	autotrackgqi
ProjectionBrainstem_CorticospinalTractL	rtap	TORTOISE_model-MAPMRI	/scratch/grmpy/SLURM_11194840_49/job-11194840-49-sub-127008/ds/inputs/data/qsiprep/qsiprep/sub-127008/ses-1/dwi/sub-127008_ses-1_acq-multiband_dir-AP_space-ACPC_desc-preproc_dwi.nii.gz	0.0014866204162537	0.0185075961053371	0.0069626867771148	0.0180415287613868	0.0185351502150297	0.0180466528981924	0.0069311219267547	0.0201515518128871	0.0201981253921985	sub-127008	ses-1		dir-AP	acq-multiband	space-ACPC			DSIStudio	autotrackgqi
ProjectionBrainstem_CorticospinalTractL	rtop	TORTOISE_model-MAPMRI	/scratch/grmpy/SLURM_11194840_49/job-11194840-49-sub-127008/ds/inputs/data/qsiprep/qsiprep/sub-127008/ses-1/dwi/sub-127008_ses-1_acq-multiband_dir-AP_space-ACPC_desc-preproc_dwi.nii.gz	0.0014866204162537	0.0003841092984657	0.0001244723680429	0.0003875677939504	0.0003846811596304	0.0003875856928061	0.0001236788084497	0.0004086890548933	0.0004096335615031	sub-127008	ses-1		dir-AP	acq-multiband	space-ACPC			DSIStudio	autotrackgqi
ProjectionBrainstem_CorticospinalTractL	rtpp	TORTOISE_model-MAPMRI	/scratch/grmpy/SLURM_11194840_49/job-11194840-49-sub-127008/ds/inputs/data/qsiprep/qsiprep/sub-127008/ses-1/dwi/sub-127008_ses-1_acq-multiband_dir-AP_space-ACPC_desc-preproc_dwi.nii.gz	0.0	0.0472743473947048	0.006155043374747	0.047497771680355	0.0472743473947048	0.047497771680355	0.006155043374747	0.0459250658750534	0.045925073325634	sub-127008	ses-1		dir-AP	acq-multiband	space-ACPC			DSIStudio	autotrackgqi
ProjectionBrainstem_CorticospinalTractR	ad	TORTOISE_model-MAPMRI	/scratch/grmpy/SLURM_11194840_49/job-11194840-49-sub-127008/ds/inputs/data/qsiprep/qsiprep/sub-127008/ses-1/dwi/sub-127008_ses-1_acq-multiband_dir-AP_space-ACPC_desc-preproc_dwi.nii.gz	0.0	1243.107925256685	305.9165646938118	1194.9616030718498	1243.107925256685	1194.9616030718498	305.9165646938118	1336.463357926792	1336.463357926792	sub-127008	ses-1		dir-AP	acq-multiband	space-ACPC			DSIStudio	autotrackgqi
ProjectionBrainstem_CorticospinalTractR	am	TORTOISE_model-MAPMRI	/scratch/grmpy/SLURM_11194840_49/job-11194840-49-sub-127008/ds/inputs/data/qsiprep/qsiprep/sub-127008/ses-1/dwi/sub-127008_ses-1_acq-multiband_dir-AP_space-ACPC_desc-preproc_dwi.nii.gz	0.0	6069.88330078125	685.847900390625	6008.87841796875	6069.88330078125	6008.87841796875	685.847900390625	6236.56640625	6236.56640625	sub-127008	ses-1		dir-AP	acq-multiband	space-ACPC			DSIStudio	autotrackgqi
ProjectionBrainstem_CorticospinalTractR	fa	TORTOISE_model-MAPMRI	/scratch/grmpy/SLURM_11194840_49/job-11194840-49-sub-127008/ds/inputs/data/qsiprep/qsiprep/sub-127008/ses-1/dwi/sub-127008_ses-1_acq-multiband_dir-AP_space-ACPC_desc-preproc_dwi.nii.gz	0.0	0.5073542769169445	0.1854844099629924	0.5208174038367624	0.5073542769169445	0.5208174038367624	0.1854844099629924	0.6009730267750819	0.6009730267750819	sub-127008	ses-1		dir-AP	acq-multiband	space-ACPC			DSIStudio	autotrackgqi
ProjectionBrainstem_CorticospinalTractR	li	TORTOISE_model-MAPMRI	/scratch/grmpy/SLURM_11194840_49/job-11194840-49-sub-127008/ds/inputs/data/qsiprep/qsiprep/sub-127008/ses-1/dwi/sub-127008_ses-1_acq-multiband_dir-AP_space-ACPC_desc-preproc_dwi.nii.gz	0.0	0.3481152057647705	0.1683734804391861	0.3491915166378021	0.3481152057647705	0.3491915166378021	0.1683734804391861	0.4384971857070923	0.4384971857070923	sub-127008	ses-1		dir-AP	acq-multiband	space-ACPC			DSIStudio	autotrackgqi
ProjectionBrainstem_CorticospinalTractR	ng	TORTOISE_model-MAPMRI	/scratch/grmpy/SLURM_11194840_49/job-11194840-49-sub-127008/ds/inputs/data/qsiprep/qsiprep/sub-127008/ses-1/dwi/sub-127008_ses-1_acq-multiband_dir-AP_space-ACPC_desc-preproc_dwi.nii.gz	0.0	0.3399267196655273	0.0473990850150585	0.347229540348053	0.3399267196655273	0.347229540348053	0.0473990850150585	0.3474910259246826	0.3474910259246826	sub-127008	ses-1		dir-AP	acq-multiband	space-ACPC			DSIStudio	autotrackgqi
ProjectionBrainstem_CorticospinalTractR	ngpar	TORTOISE_model-MAPMRI	/scratch/grmpy/SLURM_11194840_49/job-11194840-49-sub-127008/ds/inputs/data/qsiprep/qsiprep/sub-127008/ses-1/dwi/sub-127008_ses-1_acq-multiband_dir-AP_space-ACPC_desc-preproc_dwi.nii.gz	0.0	0.147398367524147	0.0387913398444652	0.1446717381477356	0.147398367524147	0.1446717381477356	0.0387913398444652	0.1500891596078872	0.1500891596078872	sub-127008	ses-1		dir-AP	acq-multiband	space-ACPC			DSIStudio	autotrackgqi
ProjectionBrainstem_CorticospinalTractR	ngperp	TORTOISE_model-MAPMRI	/scratch/grmpy/SLURM_11194840_49/job-11194840-49-sub-127008/ds/inputs/data/qsiprep/qsiprep/sub-127008/ses-1/dwi/sub-127008_ses-1_acq-multiband_dir-AP_space-ACPC_desc-preproc_dwi.nii.gz	0.0	0.2868815958499908	0.0476869903504848	0.2950031161308288	0.2868815958499908	0.2950031161308288	0.0476869903504848	0.2947964966297149	0.2947964966297149	sub-127008	ses-1		dir-AP	acq-multiband	space-ACPC			DSIStudio	autotrackgqi
ProjectionBrainstem_CorticospinalTractR	pa	TORTOISE_model-MAPMRI	/scratch/grmpy/SLURM_11194840_49/job-11194840-49-sub-127008/ds/inputs/data/qsiprep/qsiprep/sub-127008/ses-1/dwi/sub-127008_ses-1_acq-multiband_dir-AP_space-ACPC_desc-preproc_dwi.nii.gz	0.0	0.8375433683395386	0.15567347407341	0.8937496542930603	0.8375433683395386	0.8937496542930603	0.15567347407341	0.9011673927307128	0.9011673927307128	sub-127008	ses-1		dir-AP	acq-multiband	space-ACPC			DSIStudio	autotrackgqi
ProjectionBrainstem_CorticospinalTractR	path	TORTOISE_model-MAPMRI	/scratch/grmpy/SLURM_11194840_49/job-11194840-49-sub-127008/ds/inputs/data/qsiprep/qsiprep/sub-127008/ses-1/dwi/sub-127008_ses-1_acq-multiband_dir-AP_space-ACPC_desc-preproc_dwi.nii.gz	0.0	0.3588036298751831	0.1020098179578781	0.3679531514644623	0.3588036298751831	0.3679531514644623	0.1020098179578781	0.4109618663787842	0.4109618663787842	sub-127008	ses-1		dir-AP	acq-multiband	space-ACPC			DSIStudio	autotrackgqi
ProjectionBrainstem_CorticospinalTractR	rd	TORTOISE_model-MAPMRI	/scratch/grmpy/SLURM_11194840_49/job-11194840-49-sub-127008/ds/inputs/data/qsiprep/qsiprep/sub-127008/ses-1/dwi/sub-127008_ses-1_acq-multiband_dir-AP_space-ACPC_desc-preproc_dwi.nii.gz	0.0	530.0113970274659	235.66431436202308	498.3435121739177	530.0113970274659	498.3435121739177	235.66431436202308	451.7886818284911	451.7886818284911	sub-127008	ses-1		dir-AP	acq-multiband	space-ACPC			DSIStudio	autotrackgqi
ProjectionBrainstem_CorticospinalTractR	rtap	TORTOISE_model-MAPMRI	/scratch/grmpy/SLURM_11194840_49/job-11194840-49-sub-127008/ds/inputs/data/qsiprep/qsiprep/sub-127008/ses-1/dwi/sub-127008_ses-1_acq-multiband_dir-AP_space-ACPC_desc-preproc_dwi.nii.gz	0.0003631082062454	0.0195061787962913	0.0069177732802927	0.0189308039844036	0.019513264298439	0.0189320109784603	0.0069090314209461	0.0231059547513723	0.0231644622981548	sub-127008	ses-1		dir-AP	acq-multiband	space-ACPC			DSIStudio	autotrackgqi
ProjectionBrainstem_CorticospinalTractR	rtop	TORTOISE_model-MAPMRI	/scratch/grmpy/SLURM_11194840_49/job-11194840-49-sub-127008/ds/inputs/data/qsiprep/qsiprep/sub-127008/ses-1/dwi/sub-127008_ses-1_acq-multiband_dir-AP_space-ACPC_desc-preproc_dwi.nii.gz	0.0003631082062454	0.0004038179176859	0.0001179848186438	0.0004004907095804	0.0004039646009914	0.0004004953079856	0.0001177549129351	0.0004618638777174	0.0004630333860404	sub-127008	ses-1		dir-AP	acq-multiband	space-ACPC			DSIStudio	autotrackgqi
ProjectionBrainstem_CorticospinalTractR	rtpp	TORTOISE_model-MAPMRI	/scratch/grmpy/SLURM_11194840_49/job-11194840-49-sub-127008/ds/inputs/data/qsiprep/qsiprep/sub-127008/ses-1/dwi/sub-127008_ses-1_acq-multiband_dir-AP_space-ACPC_desc-preproc_dwi.nii.gz	0.0	0.0476518906652927	0.0056821373291313	0.0478771403431892	0.0476518906652927	0.0478771403431892	0.0056821373291313	0.0457690507173538	0.0457690507173538	sub-127008	ses-1		dir-AP	acq-multiband	space-ACPC			DSIStudio	autotrackgqi
ProjectionBrainstem_ReticularTractR	ad	TORTOISE_model-MAPMRI	/scratch/grmpy/SLURM_11194840_49/job-11194840-49-sub-127008/ds/inputs/data/qsiprep/qsiprep/sub-127008/ses-1/dwi/sub-127008_ses-1_acq-multiband_dir-AP_space-ACPC_desc-preproc_dwi.nii.gz	0.0036579789666209	1217.394350035675	389.9678236918807	1140.9674542615635	1221.8639024910606	1142.0977866019712	383.6300924903686	1393.6790723722315	1394.3970012217103	sub-127008	ses-1		dir-AP	acq-multiband	space-ACPC			DSIStudio	autotrackgqi
ProjectionBrainstem_ReticularTractR	am	TORTOISE_model-MAPMRI	/scratch/grmpy/SLURM_11194840_49/job-11194840-49-sub-127008/ds/inputs/data/qsiprep/qsiprep/sub-127008/ses-1/dwi/sub-127008_ses-1_acq-multiband_dir-AP_space-ACPC_desc-preproc_dwi.nii.gz	0.0	5488.57568359375	1334.6217041015625	5279.5244140625	5488.57568359375	5279.5244140625	1334.6217041015625	5849.2724609375	5849.2724609375	sub-127008	ses-1		dir-AP	acq-multiband	space-ACPC			DSIStudio	autotrackgqi
ProjectionBrainstem_ReticularTractR	fa	TORTOISE_model-MAPMRI	/scratch/grmpy/SLURM_11194840_49/job-11194840-49-sub-127008/ds/inputs/data/qsiprep/qsiprep/sub-127008/ses-1/dwi/sub-127008_ses-1_acq-multiband_dir-AP_space-ACPC_desc-preproc_dwi.nii.gz	0.0036579789666209	0.3980477329909267	0.1647554337660856	0.396787769795286	0.3995091289817148	0.3979386599434765	0.1632794228774257	0.4763597069627394	0.4766050952590241	sub-127008	ses-1		dir-AP	acq-multiband	space-ACPC			DSIStudio	autotrackgqi
ProjectionBrainstem_ReticularTractR	li	TORTOISE_model-MAPMRI	/scratch/grmpy/SLURM_11194840_49/job-11194840-49-sub-127008/ds/inputs/data/qsiprep/qsiprep/sub-127008/ses-1/dwi/sub-127008_ses-1_acq-multiband_dir-AP_space-ACPC_desc-preproc_dwi.nii.gz	0.0048010973936899	0.2465628534555435	0.1324914693832397	0.2357925623655319	0.2477523386478424	0.2367680817842483	0.1316965371370315	0.3056099414825439	0.3058395087718963	sub-127008	ses-1		dir-AP	acq-multiband	space-ACPC			DSIStudio	autotrackgqi
ProjectionBrainstem_ReticularTractR	ng	TORTOISE_model-MAPMRI	/scratch/grmpy/SLURM_11194840_49/job-11194840-49-sub-127008/ds/inputs/data/qsiprep/qsiprep/sub-127008/ses-1/dwi/sub-127008_ses-1_acq-multiband_dir-AP_space-ACPC_desc-preproc_dwi.nii.gz	0.0	0.3304732739925384	0.0761097967624664	0.3436914682388305	0.3304732739925384	0.3436914682388305	0.0761097967624664	0.3587151765823364	0.3587151765823364	sub-127008	ses-1		dir-AP	acq-multiband	space-ACPC			DSIStudio	autotrackgqi
ProjectionBrainstem_ReticularTractR	ngpar	TORTOISE_model-MAPMRI	/scratch/grmpy/SLURM_11194840_49/job-11194840-49-sub-127008/ds/inputs/data/qsiprep/qsiprep/sub-127008/ses-1/dwi/sub-127008_ses-1_acq-multiband_dir-AP_space-ACPC_desc-preproc_dwi.nii.gz	0.0	0.1499883234500885	0.0467519201338291	0.1481693685054779	0.1499883234500885	0.1481693685054779	0.0467519201338291	0.1583907753229141	0.1583907753229141	sub-127008	ses-1		dir-AP	acq-multiband	space-ACPC			DSIStudio	autotrackgqi
ProjectionBrainstem_ReticularTractR	ngperp	TORTOISE_model-MAPMRI	/scratch/grmpy/SLURM_11194840_49/job-11194840-49-sub-127008/ds/inputs/data/qsiprep/qsiprep/sub-127008/ses-1/dwi/sub-127008_ses-1_acq-multiband_dir-AP_space-ACPC_desc-preproc_dwi.nii.gz	0.0	0.2771141827106476	0.0638592392206192	0.2877145409584045	0.2771141827106476	0.2877145409584045	0.0638592392206192	0.3005684018135071	0.3005684018135071	sub-127008	ses-1		dir-AP	acq-multiband	space-ACPC			DSIStudio	autotrackgqi
ProjectionBrainstem_ReticularTractR	pa	TORTOISE_model-MAPMRI	/scratch/grmpy/SLURM_11194840_49/job-11194840-49-sub-127008/ds/inputs/data/qsiprep/qsiprep/sub-127008/ses-1/dwi/sub-127008_ses-1_acq-multiband_dir-AP_space-ACPC_desc-preproc_dwi.nii.gz	0.0	0.7562085390090942	0.1808173805475235	0.8123255372047424	0.7562085390090942	0.8123255372047424	0.1808173805475235	0.8370510339736938	0.8370510339736938	sub-127008	ses-1		dir-AP	acq-multiband	space-ACPC			DSIStudio	autotrackgqi
ProjectionBrainstem_ReticularTractR	path	TORTOISE_model-MAPMRI	/scratch/grmpy/SLURM_11194840_49/job-11194840-49-sub-127008/ds/inputs/data/qsiprep/qsiprep/sub-127008/ses-1/dwi/sub-127008_ses-1_acq-multiband_dir-AP_space-ACPC_desc-preproc_dwi.nii.gz	0.0	0.2996842563152313	0.0972401276230812	0.3023459911346435	0.2996842563152313	0.3023459911346435	0.0972401276230812	0.3430328071117401	0.3430328071117401	sub-127008	ses-1		dir-AP	acq-multiband	space-ACPC			DSIStudio	autotrackgqi
ProjectionBrainstem_ReticularTractR	rd	TORTOISE_model-MAPMRI	/scratch/grmpy/SLURM_11194840_49/job-11194840-49-sub-127008/ds/inputs/data/qsiprep/qsiprep/sub-127008/ses-1/dwi/sub-127008_ses-1_acq-multiband_dir-AP_space-ACPC_desc-preproc_dwi.nii.gz	0.0036579789666209	654.3771503064665	336.1168999555549	608.7447910735503	656.7796364021304	609.2875965156436	334.3821800501491	666.6135598254616	666.956953620406	sub-127008	ses-1		dir-AP	acq-multiband	space-ACPC			DSIStudio	autotrackgqi
ProjectionBrainstem_ReticularTractR	rtap	TORTOISE_model-MAPMRI	/scratch/grmpy/SLURM_11194840_49/job-11194840-49-sub-127008/ds/inputs/data/qsiprep/qsiprep/sub-127008/ses-1/dwi/sub-127008_ses-1_acq-multiband_dir-AP_space-ACPC_desc-preproc_dwi.nii.gz	0.0036579789666209	0.0147840995341539	0.0050541684031486	0.0143719092011451	0.0148383779451251	0.0143961729481816	0.0049832719378173	0.0168015863746404	0.0168102420866489	sub-127008	ses-1		dir-AP	acq-multiband	space-ACPC			DSIStudio	autotrackgqi
ProjectionBrainstem_ReticularTractR	rtop	TORTOISE_model-MAPMRI	/scratch/grmpy/SLURM_11194840_49/job-11194840-49-sub-127008/ds/inputs/data/qsiprep/qsiprep/sub-127008/ses-1/dwi/sub-127008_ses-1_acq-multiband_dir-AP_space-ACPC_desc-preproc_dwi.nii.gz	0.0036579789666209	0.0003144429356325	9.3368515081238e-05	0.000318776932545	0.0003155973681714	0.0003190894785802	9.157152817351744e-05	0.0003457017301116	0.0003458798164501	sub-127008	ses-1		dir-AP	acq-multiband	space-ACPC			DSIStudio	autotrackgqi
ProjectionBrainstem_ReticularTractR	rtpp	TORTOISE_model-MAPMRI	/scratch/grmpy/SLURM_11194840_49/job-11194840-49-sub-127008/ds/inputs/data/qsiprep/qsiprep/sub-127008/ses-1/dwi/sub-127008_ses-1_acq-multiband_dir-AP_space-ACPC_desc-preproc_dwi.nii.gz	0.0036579789666209	0.0477531217038631	0.0063760546036064	0.0486019030213356	0.0479284450411796	0.0486154407262802	0.005692140199244	0.0452892780303955	0.0453126057982444	sub-127008	ses-1		dir-AP	acq-multiband	space-ACPC			DSIStudio	autotrackgqi
ProjectionBasalGanglia_AnsaSubthalamicaR	ad	TORTOISE_model-MAPMRI	/scratch/grmpy/SLURM_11194840_49/job-11194840-49-sub-127008/ds/inputs/data/qsiprep/qsiprep/sub-127008/ses-1/dwi/sub-127008_ses-1_acq-multiband_dir-AP_space-ACPC_desc-preproc_dwi.nii.gz	0.0	1301.198394671475	504.92927049581226	1156.0204069153674	1301.198394671475	1156.0204069153674	504.92927049581226	1236.462378917514	1236.462378917514	sub-127008	ses-1		dir-AP	acq-multiband	space-ACPC			DSIStudio	autotrackgqi
ProjectionBasalGanglia_AnsaSubthalamicaR	am	TORTOISE_model-MAPMRI	/scratch/grmpy/SLURM_11194840_49/job-11194840-49-sub-127008/ds/inputs/data/qsiprep/qsiprep/sub-127008/ses-1/dwi/sub-127008_ses-1_acq-multiband_dir-AP_space-ACPC_desc-preproc_dwi.nii.gz	0.0	6511.43017578125	1724.0885009765625	6444.220703125	6511.43017578125	6444.220703125	1724.0885009765625	6375.87744140625	6375.87744140625	sub-127008	ses-1		dir-AP	acq-multiband	space-ACPC			DSIStudio	autotrackgqi
ProjectionBasalGanglia_AnsaSubthalamicaR	fa	TORTOISE_model-MAPMRI	/scratch/grmpy/SLURM_11194840_49/job-11194840-49-sub-127008/ds/inputs/data/qsiprep/qsiprep/sub-127008/ses-1/dwi/sub-127008_ses-1_acq-multiband_dir-AP_space-ACPC_desc-preproc_dwi.nii.gz	0.0	0.3476385419629829	0.143427129558286	0.3346100861943222	0.3476385419629829	0.3346100861943222	0.143427129558286	0.3674196089224996	0.3674196089224996	sub-127008	ses-1		dir-AP	acq-multiband	space-ACPC			DSIStudio	autotrackgqi
ProjectionBasalGanglia_AnsaSubthalamicaR	li	TORTOISE_model-MAPMRI	/scratch/grmpy/SLURM_11194840_49/job-11194840-49-sub-127008/ds/inputs/data/qsiprep/qsiprep/sub-127008/ses-1/dwi/sub-127008_ses-1_acq-multiband_dir-AP_space-ACPC_desc-preproc_dwi.nii.gz	0.0	0.197828397154808	0.0970989316701889	0.1868029087781906	0.197828397154808	0.1868029087781906	0.0970989316701889	0.216479405760765	0.216479405760765	sub-127008	ses-1		dir-AP	acq-multiband	space-ACPC			DSIStudio	autotrackgqi
ProjectionBasalGanglia_AnsaSubthalamicaR	ng	TORTOISE_model-MAPMRI	/scratch/grmpy/SLURM_11194840_49/job-11194840-49-sub-127008/ds/inputs/data/qsiprep/qsiprep/sub-127008/ses-1/dwi/sub-127008_ses-1_acq-multiband_dir-AP_space-ACPC_desc-preproc_dwi.nii.gz	0.0	0.310678482055664	0.0937995612621307	0.3093847930431366	0.310678482055664	0.3093847930431366	0.0937995612621307	0.2959925830364227	0.2959925830364227	sub-127008	ses-1		dir-AP	acq-multiband	space-ACPC			DSIStudio	autotrackgqi
ProjectionBasalGanglia_AnsaSubthalamicaR	ngpar	TORTOISE_model-MAPMRI	/scratch/grmpy/SLURM_11194840_49/job-11194840-49-sub-127008/ds/inputs/data/qsiprep/qsiprep/sub-127008/ses-1/dwi/sub-127008_ses-1_acq-multiband_dir-AP_space-ACPC_desc-preproc_dwi.nii.gz	0.0	0.1549333930015564	0.0546981841325759	0.1522292792797088	0.1549333930015564	0.1522292792797088	0.0546981841325759	0.1472966521978378	0.1472966521978378	sub-127008	ses-1		dir-AP	acq-multiband	space-ACPC			DSIStudio	autotrackgqi
ProjectionBasalGanglia_AnsaSubthalamicaR	ngperp	TORTOISE_model-MAPMRI	/scratch/grmpy/SLURM_11194840_49/job-11194840-49-sub-127008/ds/inputs/data/qsiprep/qsiprep/sub-127008/ses-1/dwi/sub-127008_ses-1_acq-multiband_dir-AP_space-ACPC_desc-preproc_dwi.nii.gz	0.0	0.2557053864002228	0.077610358595848	0.2588370442390442	0.2557053864002228	0.2588370442390442	0.077610358595848	0.2470694184303283	0.2470694184303283	sub-127008	ses-1		dir-AP	acq-multiband	space-ACPC			DSIStudio	autotrackgqi
ProjectionBasalGanglia_AnsaSubthalamicaR	pa	TORTOISE_model-MAPMRI	/scratch/grmpy/SLURM_11194840_49/job-11194840-49-sub-127008/ds/inputs/data/qsiprep/qsiprep/sub-127008/ses-1/dwi/sub-127008_ses-1_acq-multiband_dir-AP_space-ACPC_desc-preproc_dwi.nii.gz	0.0	0.6895329356193542	0.174055591225624	0.7150688171386719	0.6895329356193542	0.7150688171386719	0.174055591225624	0.7014551758766174	0.7014551758766174	sub-127008	ses-1		dir-AP	acq-multiband	space-ACPC			DSIStudio	autotrackgqi
ProjectionBasalGanglia_AnsaSubthalamicaR	path	TORTOISE_model-MAPMRI	/scratch/grmpy/SLURM_11194840_49/job-11194840-49-sub-127008/ds/inputs/data/qsiprep/qsiprep/sub-127008/ses-1/dwi/sub-127008_ses-1_acq-multiband_dir-AP_space-ACPC_desc-preproc_dwi.nii.gz	0.0	0.2590053379535675	0.0812568292021751	0.2518900036811828	0.2590053379535675	0.2518900036811828	0.0812568292021751	0.2596704959869385	0.2596704959869385	sub-127008	ses-1		dir-AP	acq-multiband	space-ACPC			DSIStudio	autotrackgqi
ProjectionBasalGanglia_AnsaSubthalamicaR	rd	TORTOISE_model-MAPMRI	/scratch/grmpy/SLURM_11194840_49/job-11194840-49-sub-127008/ds/inputs/data/qsiprep/qsiprep/sub-127008/ses-1/dwi/sub-127008_ses-1_acq-multiband_dir-AP_space-ACPC_desc-preproc_dwi.nii.gz	0.0	775.8681840937408	439.644603471782	667.3485391423507	775.8681840937408	667.3485391423507	439.644603471782	698.3196035875824	698.3196035875824	sub-127008	ses-1		dir-AP	acq-multiband	space-ACPC			DSIStudio	autotrackgqi
ProjectionBasalGanglia_AnsaSubthalamicaR	rtap	TORTOISE_model-MAPMRI	/scratch/grmpy/SLURM_11194840_49/job-11194840-49-sub-127008/ds/inputs/data/qsiprep/qsiprep/sub-127008/ses-1/dwi/sub-127008_ses-1_acq-multiband_dir-AP_space-ACPC_desc-preproc_dwi.nii.gz	0.0	0.0121022462844848	0.0045663849450647	0.0117731243371963	0.0121022462844848	0.0117731243371963	0.0045663849450647	0.0123219210654497	0.0123219210654497	sub-127008	ses-1		dir-AP	acq-multiband	space-ACPC			DSIStudio	autotrackgqi
ProjectionBasalGanglia_AnsaSubthalamicaR	rtop	TORTOISE_model-MAPMRI	/scratch/grmpy/SLURM_11194840_49/job-11194840-49-sub-127008/ds/inputs/data/qsiprep/qsiprep/sub-127008/ses-1/dwi/sub-127008_ses-1_acq-multiband_dir-AP_space-ACPC_desc-preproc_dwi.nii.gz	0.0	0.0002592597156763	9.809678886085749e-05	0.0002583842142485	0.0002592597156763	0.0002583842142485	9.809678886085749e-05	0.0002622183528728	0.0002622183528728	sub-127008	ses-1		dir-AP	acq-multiband	space-ACPC			DSIStudio	autotrackgqi
ProjectionBasalGanglia_AnsaSubthalamicaR	rtpp	TORTOISE_model-MAPMRI	/scratch/grmpy/SLURM_11194840_49/job-11194840-49-sub-127008/ds/inputs/data/qsiprep/qsiprep/sub-127008/ses-1/dwi/sub-127008_ses-1_acq-multiband_dir-AP_space-ACPC_desc-preproc_dwi.nii.gz	0.0	0.0465894863009452	0.0072979228571057	0.0478316992521286	0.0465894863009452	0.0478316992521286	0.0072979228571057	0.0470580235123634	0.0470580235123634	sub-127008	ses-1		dir-AP	acq-multiband	space-ACPC			DSIStudio	autotrackgqi
ProjectionBrainstem_CorticobulbarTractL	ad	TORTOISE_model-MAPMRI	/scratch/grmpy/SLURM_11194840_49/job-11194840-49-sub-127008/ds/inputs/data/qsiprep/qsiprep/sub-127008/ses-1/dwi/sub-127008_ses-1_acq-multiband_dir-AP_space-ACPC_desc-preproc_dwi.nii.gz	0.0	1247.740855336286	237.2581397537489	1220.2896174449804	1247.740855336286	1220.2896174449804	237.2581397537489	1264.7722941398238	1264.7724026599972	sub-127008	ses-1		dir-AP	acq-multiband	space-ACPC			DSIStudio	autotrackgqi
ProjectionBrainstem_CorticobulbarTractL	am	TORTOISE_model-MAPMRI	/scratch/grmpy/SLURM_11194840_49/job-11194840-49-sub-127008/ds/inputs/data/qsiprep/qsiprep/sub-127008/ses-1/dwi/sub-127008_ses-1_acq-multiband_dir-AP_space-ACPC_desc-preproc_dwi.nii.gz	0.0	5335.2666015625	779.0760498046875	5438.66650390625	5335.2666015625	5438.66650390625	779.0760498046875	5266.068359375	5266.068359375	sub-127008	ses-1		dir-AP	acq-multiband	space-ACPC			DSIStudio	autotrackgqi
ProjectionBrainstem_CorticobulbarTractL	fa	TORTOISE_model-MAPMRI	/scratch/grmpy/SLURM_11194840_49/job-11194840-49-sub-127008/ds/inputs/data/qsiprep/qsiprep/sub-127008/ses-1/dwi/sub-127008_ses-1_acq-multiband_dir-AP_space-ACPC_desc-preproc_dwi.nii.gz	0.0	0.4905749436278115	0.1765412639030427	0.486962760327176	0.4905749436278115	0.486962760327176	0.1765412639030427	0.5232487508563377	0.5232487957831227	sub-127008	ses-1		dir-AP	acq-multiband	space-ACPC			DSIStudio	autotrackgqi
ProjectionBrainstem_CorticobulbarTractL	li	TORTOISE_model-MAPMRI	/scratch/grmpy/SLURM_11194840_49/job-11194840-49-sub-127008/ds/inputs/data/qsiprep/qsiprep/sub-127008/ses-1/dwi/sub-127008_ses-1_acq-multiband_dir-AP_space-ACPC_desc-preproc_dwi.nii.gz	0.0	0.333222895860672	0.1558364182710647	0.322409838438034	0.333222895860672	0.322409838438034	0.1558364182710647	0.3617641627788543	0.3617641925811767	sub-127008	ses-1		dir-AP	acq-multiband	space-ACPC			DSIStudio	autotrackgqi
ProjectionBrainstem_CorticobulbarTractL	ng	TORTOISE_model-MAPMRI	/scratch/grmpy/SLURM_11194840_49/job-11194840-49-sub-127008/ds/inputs/data/qsiprep/qsiprep/sub-127008/ses-1/dwi/sub-127008_ses-1_acq-multiband_dir-AP_space-ACPC_desc-preproc_dwi.nii.gz	0.0	0.3382974863052368	0.0527629852294921	0.349701464176178	0.3382974863052368	0.349701464176178	0.0527629852294921	0.344623327255249	0.3446233868598938	sub-127008	ses-1		dir-AP	acq-multiband	space-ACPC			DSIStudio	autotrackgqi
ProjectionBrainstem_CorticobulbarTractL	ngpar	TORTOISE_model-MAPMRI	/scratch/grmpy/SLURM_11194840_49/job-11194840-49-sub-127008/ds/inputs/data/qsiprep/qsiprep/sub-127008/ses-1/dwi/sub-127008_ses-1_acq-multiband_dir-AP_space-ACPC_desc-preproc_dwi.nii.gz	0.0	0.1480340212583542	0.0402826927602291	0.1445287317037582	0.1480340212583542	0.1445287317037582	0.0402826927602291	0.1577887684106826	0.1577887833118438	sub-127008	ses-1		dir-AP	acq-multiband	space-ACPC			DSIStudio	autotrackgqi
ProjectionBrainstem_CorticobulbarTractL	ngperp	TORTOISE_model-MAPMRI	/scratch/grmpy/SLURM_11194840_49/job-11194840-49-sub-127008/ds/inputs/data/qsiprep/qsiprep/sub-127008/ses-1/dwi/sub-127008_ses-1_acq-multiband_dir-AP_space-ACPC_desc-preproc_dwi.nii.gz	0.0	0.2811076045036316	0.0530339293181896	0.2898071706295013	0.2811076045036316	0.2898071706295013	0.0530339293181896	0.2813205420970917	0.2813205420970917	sub-127008	ses-1		dir-AP	acq-multiband	space-ACPC			DSIStudio	autotrackgqi
ProjectionBrainstem_CorticobulbarTractL	pa	TORTOISE_model-MAPMRI	/scratch/grmpy/SLURM_11194840_49/job-11194840-49-sub-127008/ds/inputs/data/qsiprep/qsiprep/sub-127008/ses-1/dwi/sub-127008_ses-1_acq-multiband_dir-AP_space-ACPC_desc-preproc_dwi.nii.gz	0.0	0.8217971324920654	0.155428260564804	0.8770660758018494	0.8217971324920654	0.8770660758018494	0.155428260564804	0.8430836200714111	0.8430836796760559	sub-127008	ses-1		dir-AP	acq-multiband	space-ACPC			DSIStudio	autotrackgqi
ProjectionBrainstem_CorticobulbarTractL	path	TORTOISE_model-MAPMRI	/scratch/grmpy/SLURM_11194840_49/job-11194840-49-sub-127008/ds/inputs/data/qsiprep/qsiprep/sub-127008/ses-1/dwi/sub-127008_ses-1_acq-multiband_dir-AP_space-ACPC_desc-preproc_dwi.nii.gz	0.0	0.3435799777507782	0.0987807512283325	0.3513837158679962	0.3435799777507782	0.3513837158679962	0.0987807512283325	0.3589889407157898	0.3589889407157898	sub-127008	ses-1		dir-AP	acq-multiband	space-ACPC			DSIStudio	autotrackgqi
ProjectionBrainstem_CorticobulbarTractL	rd	TORTOISE_model-MAPMRI	/scratch/grmpy/SLURM_11194840_49/job-11194840-49-sub-127008/ds/inputs/data/qsiprep/qsiprep/sub-127008/ses-1/dwi/sub-127008_ses-1_acq-multiband_dir-AP_space-ACPC_desc-preproc_dwi.nii.gz	0.0	537.41414693135	147.01721987694896	534.9802933347776	537.41414693135	534.9802933347776	147.01721987694896	509.4097312628859	509.4097749451263	sub-127008	ses-1		dir-AP	acq-multiband	space-ACPC			DSIStudio	autotrackgqi
ProjectionBrainstem_CorticobulbarTractL	rtap	TORTOISE_model-MAPMRI	/scratch/grmpy/SLURM_11194840_49/job-11194840-49-sub-127008/ds/inputs/data/qsiprep/qsiprep/sub-127008/ses-1/dwi/sub-127008_ses-1_acq-multiband_dir-AP_space-ACPC_desc-preproc_dwi.nii.gz	0.0	0.0185955371707677	0.0126882959157228	0.0170611795037984	0.0185955371707677	0.0170611795037984	0.0126882959157228	0.0208083521574735	0.0208083521574735	sub-127008	ses-1		dir-AP	acq-multiband	space-ACPC			DSIStudio	autotrackgqi
ProjectionBrainstem_CorticobulbarTractL	rtop	TORTOISE_model-MAPMRI	/scratch/grmpy/SLURM_11194840_49/job-11194840-49-sub-127008/ds/inputs/data/qsiprep/qsiprep/sub-127008/ses-1/dwi/sub-127008_ses-1_acq-multiband_dir-AP_space-ACPC_desc-preproc_dwi.nii.gz	0.0	0.0003837030089925	0.0002790538128465	0.0003567087987903	0.0003837030089925	0.0003567087987903	0.0002790538128465	0.0004344828776083	0.0004344829067122	sub-127008	ses-1		dir-AP	acq-multiband	space-ACPC			DSIStudio	autotrackgqi
ProjectionBrainstem_CorticobulbarTractL	rtpp	TORTOISE_model-MAPMRI	/scratch/grmpy/SLURM_11194840_49/job-11194840-49-sub-127008/ds/inputs/data/qsiprep/qsiprep/sub-127008/ses-1/dwi/sub-127008_ses-1_acq-multiband_dir-AP_space-ACPC_desc-preproc_dwi.nii.gz	0.0	0.0474021099507808	0.0047915005125105	0.0471994020044803	0.0474021099507808	0.0471994020044803	0.0047915005125105	0.047364518046379	0.0473645254969596	sub-127008	ses-1		dir-AP	acq-multiband	space-ACPC			DSIStudio	autotrackgqi
ProjectionBasalGanglia_CorticostriatalTractR	ad	TORTOISE_model-MAPMRI	/scratch/grmpy/SLURM_11194840_49/job-11194840-49-sub-127008/ds/inputs/data/qsiprep/qsiprep/sub-127008/ses-1/dwi/sub-127008_ses-1_acq-multiband_dir-AP_space-ACPC_desc-preproc_dwi.nii.gz	0.0	1145.754468418767	239.86328523075647	1105.1102533233052	1145.754468418767	1105.1102533233052	239.86328523075647	1195.3607607877452	1195.3607607877452	sub-127008	ses-1		dir-AP	acq-multiband	space-ACPC			DSIStudio	autotrackgqi
ProjectionBasalGanglia_CorticostriatalTractR	am	TORTOISE_model-MAPMRI	/scratch/grmpy/SLURM_11194840_49/job-11194840-49-sub-127008/ds/inputs/data/qsiprep/qsiprep/sub-127008/ses-1/dwi/sub-127008_ses-1_acq-multiband_dir-AP_space-ACPC_desc-preproc_dwi.nii.gz	0.0	5649.81201171875	975.5018920898438	5573.81640625	5649.81201171875	5573.81640625	975.5018920898438	5524.5908203125	5524.5908203125	sub-127008	ses-1		dir-AP	acq-multiband	space-ACPC			DSIStudio	autotrackgqi
ProjectionBasalGanglia_CorticostriatalTractR	fa	TORTOISE_model-MAPMRI	/scratch/grmpy/SLURM_11194840_49/job-11194840-49-sub-127008/ds/inputs/data/qsiprep/qsiprep/sub-127008/ses-1/dwi/sub-127008_ses-1_acq-multiband_dir-AP_space-ACPC_desc-preproc_dwi.nii.gz	0.0	0.383916577011528	0.190587283989118	0.3857196212646034	0.383916577011528	0.3857196212646034	0.190587283989118	0.4678674452678101	0.4678674452678101	sub-127008	ses-1		dir-AP	acq-multiband	space-ACPC			DSIStudio	autotrackgqi
ProjectionBasalGanglia_CorticostriatalTractR	li	TORTOISE_model-MAPMRI	/scratch/grmpy/SLURM_11194840_49/job-11194840-49-sub-127008/ds/inputs/data/qsiprep/qsiprep/sub-127008/ses-1/dwi/sub-127008_ses-1_acq-multiband_dir-AP_space-ACPC_desc-preproc_dwi.nii.gz	0.0	0.236240729689598	0.1508309990167617	0.2196136116981506	0.236240729689598	0.2196136116981506	0.1508309990167617	0.3116036653518677	0.3116036653518677	sub-127008	ses-1		dir-AP	acq-multiband	space-ACPC			DSIStudio	autotrackgqi
ProjectionBasalGanglia_CorticostriatalTractR	ng	TORTOISE_model-MAPMRI	/scratch/grmpy/SLURM_11194840_49/job-11194840-49-sub-127008/ds/inputs/data/qsiprep/qsiprep/sub-127008/ses-1/dwi/sub-127008_ses-1_acq-multiband_dir-AP_space-ACPC_desc-preproc_dwi.nii.gz	0.0	0.302485704421997	0.0703201591968536	0.3227309584617615	0.302485704421997	0.3227309584617615	0.0703201591968536	0.3279389142990112	0.3279389142990112	sub-127008	ses-1		dir-AP	acq-multiband	space-ACPC			DSIStudio	autotrackgqi
ProjectionBasalGanglia_CorticostriatalTractR	ngpar	TORTOISE_model-MAPMRI	/scratch/grmpy/SLURM_11194840_49/job-11194840-49-sub-127008/ds/inputs/data/qsiprep/qsiprep/sub-127008/ses-1/dwi/sub-127008_ses-1_acq-multiband_dir-AP_space-ACPC_desc-preproc_dwi.nii.gz	0.0	0.1339520364999771	0.0366195030510425	0.1330733299255371	0.1339520364999771	0.1330733299255371	0.0366195030510425	0.1356810182332992	0.1356810182332992	sub-127008	ses-1		dir-AP	acq-multiband	space-ACPC			DSIStudio	autotrackgqi
ProjectionBasalGanglia_CorticostriatalTractR	ngperp	TORTOISE_model-MAPMRI	/scratch/grmpy/SLURM_11194840_49/job-11194840-49-sub-127008/ds/inputs/data/qsiprep/qsiprep/sub-127008/ses-1/dwi/sub-127008_ses-1_acq-multiband_dir-AP_space-ACPC_desc-preproc_dwi.nii.gz	0.0	0.2592276334762573	0.0654800906777381	0.2733034491539001	0.2592276334762573	0.2733034491539001	0.0654800906777381	0.2818080484867096	0.2818080484867096	sub-127008	ses-1		dir-AP	acq-multiband	space-ACPC			DSIStudio	autotrackgqi
ProjectionBasalGanglia_CorticostriatalTractR	pa	TORTOISE_model-MAPMRI	/scratch/grmpy/SLURM_11194840_49/job-11194840-49-sub-127008/ds/inputs/data/qsiprep/qsiprep/sub-127008/ses-1/dwi/sub-127008_ses-1_acq-multiband_dir-AP_space-ACPC_desc-preproc_dwi.nii.gz	0.0	0.706512451171875	0.2318156659603119	0.7976830005645752	0.706512451171875	0.7976830005645752	0.2318156659603119	0.8053835034370422	0.8053835034370422	sub-127008	ses-1		dir-AP	acq-multiband	space-ACPC			DSIStudio	autotrackgqi
ProjectionBasalGanglia_CorticostriatalTractR	path	TORTOISE_model-MAPMRI	/scratch/grmpy/SLURM_11194840_49/job-11194840-49-sub-127008/ds/inputs/data/qsiprep/qsiprep/sub-127008/ses-1/dwi/sub-127008_ses-1_acq-multiband_dir-AP_space-ACPC_desc-preproc_dwi.nii.gz	0.0	0.2858098149299621	0.1141226589679718	0.2934522926807403	0.2858098149299621	0.2934522926807403	0.1141226589679718	0.3328286707401275	0.3328286707401275	sub-127008	ses-1		dir-AP	acq-multiband	space-ACPC			DSIStudio	autotrackgqi
ProjectionBasalGanglia_CorticostriatalTractR	rd	TORTOISE_model-MAPMRI	/scratch/grmpy/SLURM_11194840_49/job-11194840-49-sub-127008/ds/inputs/data/qsiprep/qsiprep/sub-127008/ses-1/dwi/sub-127008_ses-1_acq-multiband_dir-AP_space-ACPC_desc-preproc_dwi.nii.gz	0.0	619.6741230521945	206.75229931643875	595.0241428198593	619.6741230521945	595.0241428198593	206.75229931643875	543.6159871727399	543.6159871727399	sub-127008	ses-1		dir-AP	acq-multiband	space-ACPC			DSIStudio	autotrackgqi
ProjectionBasalGanglia_CorticostriatalTractR	rtap	TORTOISE_model-MAPMRI	/scratch/grmpy/SLURM_11194840_49/job-11194840-49-sub-127008/ds/inputs/data/qsiprep/qsiprep/sub-127008/ses-1/dwi/sub-127008_ses-1_acq-multiband_dir-AP_space-ACPC_desc-preproc_dwi.nii.gz	0.0	0.0151687627658247	0.0055348058231174	0.0145050287246704	0.0151687627658247	0.0145050287246704	0.0055348058231174	0.0175661798566579	0.0175661798566579	sub-127008	ses-1		dir-AP	acq-multiband	space-ACPC			DSIStudio	autotrackgqi
ProjectionBasalGanglia_CorticostriatalTractR	rtop	TORTOISE_model-MAPMRI	/scratch/grmpy/SLURM_11194840_49/job-11194840-49-sub-127008/ds/inputs/data/qsiprep/qsiprep/sub-127008/ses-1/dwi/sub-127008_ses-1_acq-multiband_dir-AP_space-ACPC_desc-preproc_dwi.nii.gz	0.0	0.0003201935323886	9.451588266529144e-05	0.0003190439310856	0.0003201935323886	0.0003190439310856	9.451588266529144e-05	0.0003631546278484	0.0003631546278484	sub-127008	ses-1		dir-AP	acq-multiband	space-ACPC			DSIStudio	autotrackgqi
ProjectionBasalGanglia_CorticostriatalTractR	rtpp	TORTOISE_model-MAPMRI	/scratch/grmpy/SLURM_11194840_49/job-11194840-49-sub-127008/ds/inputs/data/qsiprep/qsiprep/sub-127008/ses-1/dwi/sub-127008_ses-1_acq-multiband_dir-AP_space-ACPC_desc-preproc_dwi.nii.gz	0.0	0.0488913170993328	0.0049159661866724	0.0493435263633728	0.0488913170993328	0.0493435263633728	0.0049159661866724	0.0479242317378521	0.0479242317378521	sub-127008	ses-1		dir-AP	acq-multiband	space-ACPC			DSIStudio	autotrackgqi
ProjectionBrainstem_NonDecussatingDentatorubrothalamicTractL	ad	TORTOISE_model-MAPMRI	/scratch/grmpy/SLURM_11194840_49/job-11194840-49-sub-127008/ds/inputs/data/qsiprep/qsiprep/sub-127008/ses-1/dwi/sub-127008_ses-1_acq-multiband_dir-AP_space-ACPC_desc-preproc_dwi.nii.gz	0.0	1197.005059512024	332.913529373876	1134.7055882172815	1197.005059512024	1134.7055882172815	332.913529373876	1293.881427557766	1293.881427557766	sub-127008	ses-1		dir-AP	acq-multiband	space-ACPC			DSIStudio	autotrackgqi
ProjectionBrainstem_NonDecussatingDentatorubrothalamicTractL	am	TORTOISE_model-MAPMRI	/scratch/grmpy/SLURM_11194840_49/job-11194840-49-sub-127008/ds/inputs/data/qsiprep/qsiprep/sub-127008/ses-1/dwi/sub-127008_ses-1_acq-multiband_dir-AP_space-ACPC_desc-preproc_dwi.nii.gz	0.0	5815.7314453125	977.4412231445312	5704.013671875	5815.7314453125	5704.013671875	977.4412231445312	6144.0615234375	6144.0615234375	sub-127008	ses-1		dir-AP	acq-multiband	space-ACPC			DSIStudio	autotrackgqi
ProjectionBrainstem_NonDecussatingDentatorubrothalamicTractL	fa	TORTOISE_model-MAPMRI	/scratch/grmpy/SLURM_11194840_49/job-11194840-49-sub-127008/ds/inputs/data/qsiprep/qsiprep/sub-127008/ses-1/dwi/sub-127008_ses-1_acq-multiband_dir-AP_space-ACPC_desc-preproc_dwi.nii.gz	0.0	0.4390644234889487	0.1769326421022189	0.4483185593029901	0.4390644234889487	0.4483185593029901	0.1769326421022189	0.5289470396377511	0.5289470396377511	sub-127008	ses-1		dir-AP	acq-multiband	space-ACPC			DSIStudio	autotrackgqi
ProjectionBrainstem_NonDecussatingDentatorubrothalamicTractL	li	TORTOISE_model-MAPMRI	/scratch/grmpy/SLURM_11194840_49/job-11194840-49-sub-127008/ds/inputs/data/qsiprep/qsiprep/sub-127008/ses-1/dwi/sub-127008_ses-1_acq-multiband_dir-AP_space-ACPC_desc-preproc_dwi.nii.gz	0.0	0.2850362658500671	0.14957295358181	0.2770238816738128	0.2850362658500671	0.2770238816738128	0.14957295358181	0.3592014014720917	0.3592014014720917	sub-127008	ses-1		dir-AP	acq-multiband	space-ACPC			DSIStudio	autotrackgqi
ProjectionBrainstem_NonDecussatingDentatorubrothalamicTractL	ng	TORTOISE_model-MAPMRI	/scratch/grmpy/SLURM_11194840_49/job-11194840-49-sub-127008/ds/inputs/data/qsiprep/qsiprep/sub-127008/ses-1/dwi/sub-127008_ses-1_acq-multiband_dir-AP_space-ACPC_desc-preproc_dwi.nii.gz	0.0	0.3349258601665497	0.061479166150093	0.3509007096290588	0.3349258601665497	0.3509007096290588	0.061479166150093	0.3498162031173706	0.3498162031173706	sub-127008	ses-1		dir-AP	acq-multiband	space-ACPC			DSIStudio	autotrackgqi
ProjectionBrainstem_NonDecussatingDentatorubrothalamicTractL	ngpar	TORTOISE_model-MAPMRI	/scratch/grmpy/SLURM_11194840_49/job-11194840-49-sub-127008/ds/inputs/data/qsiprep/qsiprep/sub-127008/ses-1/dwi/sub-127008_ses-1_acq-multiband_dir-AP_space-ACPC_desc-preproc_dwi.nii.gz	0.0	0.1480725258588791	0.0391956642270088	0.1464059799909591	0.1480725258588791	0.1464059799909591	0.0391956642270088	0.1504485309123993	0.1504485309123993	sub-127008	ses-1		dir-AP	acq-multiband	space-ACPC			DSIStudio	autotrackgqi
ProjectionBrainstem_NonDecussatingDentatorubrothalamicTractL	ngperp	TORTOISE_model-MAPMRI	/scratch/grmpy/SLURM_11194840_49/job-11194840-49-sub-127008/ds/inputs/data/qsiprep/qsiprep/sub-127008/ses-1/dwi/sub-127008_ses-1_acq-multiband_dir-AP_space-ACPC_desc-preproc_dwi.nii.gz	0.0	0.2844242751598358	0.057041235268116	0.2986593246459961	0.2844242751598358	0.2986593246459961	0.057041235268116	0.2991942465305328	0.2991942465305328	sub-127008	ses-1		dir-AP	acq-multiband	space-ACPC			DSIStudio	autotrackgqi
ProjectionBrainstem_NonDecussatingDentatorubrothalamicTractL	pa	TORTOISE_model-MAPMRI	/scratch/grmpy/SLURM_11194840_49/job-11194840-49-sub-127008/ds/inputs/data/qsiprep/qsiprep/sub-127008/ses-1/dwi/sub-127008_ses-1_acq-multiband_dir-AP_space-ACPC_desc-preproc_dwi.nii.gz	0.0	0.7867224812507629	0.183465227484703	0.8538470268249512	0.7867224812507629	0.8538470268249512	0.183465227484703	0.8618478775024414	0.8618478775024414	sub-127008	ses-1		dir-AP	acq-multiband	space-ACPC			DSIStudio	autotrackgqi
ProjectionBrainstem_NonDecussatingDentatorubrothalamicTractL	path	TORTOISE_model-MAPMRI	/scratch/grmpy/SLURM_11194840_49/job-11194840-49-sub-127008/ds/inputs/data/qsiprep/qsiprep/sub-127008/ses-1/dwi/sub-127008_ses-1_acq-multiband_dir-AP_space-ACPC_desc-preproc_dwi.nii.gz	0.0	0.3216735422611236	0.0996987074613571	0.3315208256244659	0.3216735422611236	0.3315208256244659	0.0996987074613571	0.3690240979194641	0.3690240979194641	sub-127008	ses-1		dir-AP	acq-multiband	space-ACPC			DSIStudio	autotrackgqi
ProjectionBrainstem_NonDecussatingDentatorubrothalamicTractL	rd	TORTOISE_model-MAPMRI	/scratch/grmpy/SLURM_11194840_49/job-11194840-49-sub-127008/ds/inputs/data/qsiprep/qsiprep/sub-127008/ses-1/dwi/sub-127008_ses-1_acq-multiband_dir-AP_space-ACPC_desc-preproc_dwi.nii.gz	0.0	591.9354761177125	271.25263631294496	553.2343671877147	591.9354761177125	553.2343671877147	271.25263631294496	521.5851690788672	521.5851690788672	sub-127008	ses-1		dir-AP	acq-multiband	space-ACPC			DSIStudio	autotrackgqi
ProjectionBrainstem_NonDecussatingDentatorubrothalamicTractL	rtap	TORTOISE_model-MAPMRI	/scratch/grmpy/SLURM_11194840_49/job-11194840-49-sub-127008/ds/inputs/data/qsiprep/qsiprep/sub-127008/ses-1/dwi/sub-127008_ses-1_acq-multiband_dir-AP_space-ACPC_desc-preproc_dwi.nii.gz	0.0	0.0168970692902803	0.0057754972949624	0.0164587348699569	0.0168970692902803	0.0164587348699569	0.0057754972949624	0.0196877345442771	0.0196877345442771	sub-127008	ses-1		dir-AP	acq-multiband	space-ACPC			DSIStudio	autotrackgqi
ProjectionBrainstem_NonDecussatingDentatorubrothalamicTractL	rtop	TORTOISE_model-MAPMRI	/scratch/grmpy/SLURM_11194840_49/job-11194840-49-sub-127008/ds/inputs/data/qsiprep/qsiprep/sub-127008/ses-1/dwi/sub-127008_ses-1_acq-multiband_dir-AP_space-ACPC_desc-preproc_dwi.nii.gz	0.0	0.0003605006786528	0.0001027883699862	0.0003681681118905	0.0003605006786528	0.0003681681118905	0.0001027883699862	0.0004032806900795	0.0004032806900795	sub-127008	ses-1		dir-AP	acq-multiband	space-ACPC			DSIStudio	autotrackgqi
ProjectionBrainstem_NonDecussatingDentatorubrothalamicTractL	rtpp	TORTOISE_model-MAPMRI	/scratch/grmpy/SLURM_11194840_49/job-11194840-49-sub-127008/ds/inputs/data/qsiprep/qsiprep/sub-127008/ses-1/dwi/sub-127008_ses-1_acq-multiband_dir-AP_space-ACPC_desc-preproc_dwi.nii.gz	0.0	0.0484199859201908	0.0056574987247586	0.0489578582346439	0.0484199859201908	0.0489578582346439	0.0056574987247586	0.0464889258146286	0.0464889258146286	sub-127008	ses-1		dir-AP	acq-multiband	space-ACPC			DSIStudio	autotrackgqi
ProjectionBasalGanglia_AnsaLenticularisL	ad	TORTOISE_model-MAPMRI	/scratch/grmpy/SLURM_11194840_49/job-11194840-49-sub-127008/ds/inputs/data/qsiprep/qsiprep/sub-127008/ses-1/dwi/sub-127008_ses-1_acq-multiband_dir-AP_space-ACPC_desc-preproc_dwi.nii.gz	0.0	1327.315182737041	580.685155524768	1113.8620253427594	1327.315182737041	1113.8620253427594	580.685155524768	1184.1314089527264	1184.1314089527264	sub-127008	ses-1		dir-AP	acq-multiband	space-ACPC			DSIStudio	autotrackgqi
ProjectionBasalGanglia_AnsaLenticularisL	am	TORTOISE_model-MAPMRI	/scratch/grmpy/SLURM_11194840_49/job-11194840-49-sub-127008/ds/inputs/data/qsiprep/qsiprep/sub-127008/ses-1/dwi/sub-127008_ses-1_acq-multiband_dir-AP_space-ACPC_desc-preproc_dwi.nii.gz	0.0	7025.04296875	2346.538330078125	6633.37158203125	7025.04296875	6633.37158203125	2346.538330078125	6458.03955078125	6458.03955078125	sub-127008	ses-1		dir-AP	acq-multiband	space-ACPC			DSIStudio	autotrackgqi
ProjectionBasalGanglia_AnsaLenticularisL	fa	TORTOISE_model-MAPMRI	/scratch/grmpy/SLURM_11194840_49/job-11194840-49-sub-127008/ds/inputs/data/qsiprep/qsiprep/sub-127008/ses-1/dwi/sub-127008_ses-1_acq-multiband_dir-AP_space-ACPC_desc-preproc_dwi.nii.gz	0.0	0.2936922642194675	0.1321464562980419	0.2831962750136815	0.2936922642194675	0.2831962750136815	0.1321464562980419	0.3256970597858817	0.3256970597858817	sub-127008	ses-1		dir-AP	acq-multiband	space-ACPC			DSIStudio	autotrackgqi
ProjectionBasalGanglia_AnsaLenticularisL	li	TORTOISE_model-MAPMRI	/scratch/grmpy/SLURM_11194840_49/job-11194840-49-sub-127008/ds/inputs/data/qsiprep/qsiprep/sub-127008/ses-1/dwi/sub-127008_ses-1_acq-multiband_dir-AP_space-ACPC_desc-preproc_dwi.nii.gz	0.0	0.1711609065532684	0.0930322781205177	0.1633494794368744	0.1711609065532684	0.1633494794368744	0.0930322781205177	0.1869365721940994	0.1869365721940994	sub-127008	ses-1		dir-AP	acq-multiband	space-ACPC			DSIStudio	autotrackgqi
ProjectionBasalGanglia_AnsaLenticularisL	ng	TORTOISE_model-MAPMRI	/scratch/grmpy/SLURM_11194840_49/job-11194840-49-sub-127008/ds/inputs/data/qsiprep/qsiprep/sub-127008/ses-1/dwi/sub-127008_ses-1_acq-multiband_dir-AP_space-ACPC_desc-preproc_dwi.nii.gz	0.0	0.3050274550914764	0.0893692076206207	0.3047694265842438	0.3050274550914764	0.3047694265842438	0.0893692076206207	0.2987526655197143	0.2987526655197143	sub-127008	ses-1		dir-AP	acq-multiband	space-ACPC			DSIStudio	autotrackgqi
ProjectionBasalGanglia_AnsaLenticularisL	ngpar	TORTOISE_model-MAPMRI	/scratch/grmpy/SLURM_11194840_49/job-11194840-49-sub-127008/ds/inputs/data/qsiprep/qsiprep/sub-127008/ses-1/dwi/sub-127008_ses-1_acq-multiband_dir-AP_space-ACPC_desc-preproc_dwi.nii.gz	0.0	0.1564771085977554	0.0504327267408371	0.1502826809883117	0.1564771085977554	0.1502826809883117	0.0504327267408371	0.1504275202751159	0.1504275202751159	sub-127008	ses-1		dir-AP	acq-multiband	space-ACPC			DSIStudio	autotrackgqi
ProjectionBasalGanglia_AnsaLenticularisL	ngperp	TORTOISE_model-MAPMRI	/scratch/grmpy/SLURM_11194840_49/job-11194840-49-sub-127008/ds/inputs/data/qsiprep/qsiprep/sub-127008/ses-1/dwi/sub-127008_ses-1_acq-multiband_dir-AP_space-ACPC_desc-preproc_dwi.nii.gz	0.0	0.2514927685260772	0.0732312649488449	0.2553889155387878	0.2514927685260772	0.2553889155387878	0.0732312649488449	0.2482878267765045	0.2482878267765045	sub-127008	ses-1		dir-AP	acq-multiband	space-ACPC			DSIStudio	autotrackgqi
ProjectionBasalGanglia_AnsaLenticularisL	pa	TORTOISE_model-MAPMRI	/scratch/grmpy/SLURM_11194840_49/job-11194840-49-sub-127008/ds/inputs/data/qsiprep/qsiprep/sub-127008/ses-1/dwi/sub-127008_ses-1_acq-multiband_dir-AP_space-ACPC_desc-preproc_dwi.nii.gz	0.0	0.6461623311042786	0.1586481779813766	0.6611450910568237	0.6461623311042786	0.6611450910568237	0.1586481779813766	0.6788211464881897	0.6788211464881897	sub-127008	ses-1		dir-AP	acq-multiband	space-ACPC			DSIStudio	autotrackgqi
ProjectionBasalGanglia_AnsaLenticularisL	path	TORTOISE_model-MAPMRI	/scratch/grmpy/SLURM_11194840_49/job-11194840-49-sub-127008/ds/inputs/data/qsiprep/qsiprep/sub-127008/ses-1/dwi/sub-127008_ses-1_acq-multiband_dir-AP_space-ACPC_desc-preproc_dwi.nii.gz	0.0	0.2365159094333648	0.0683862119913101	0.2299604564905166	0.2365159094333648	0.2299604564905166	0.0683862119913101	0.2480173707008361	0.2480173707008361	sub-127008	ses-1		dir-AP	acq-multiband	space-ACPC			DSIStudio	autotrackgqi
ProjectionBasalGanglia_AnsaLenticularisL	rd	TORTOISE_model-MAPMRI	/scratch/grmpy/SLURM_11194840_49/job-11194840-49-sub-127008/ds/inputs/data/qsiprep/qsiprep/sub-127008/ses-1/dwi/sub-127008_ses-1_acq-multiband_dir-AP_space-ACPC_desc-preproc_dwi.nii.gz	0.0	880.5307691842336	516.905609484277	690.9428683738172	880.5307691842336	690.9428683738172	516.905609484277	736.6282175912447	736.6282175912447	sub-127008	ses-1		dir-AP	acq-multiband	space-ACPC			DSIStudio	autotrackgqi
ProjectionBasalGanglia_AnsaLenticularisL	rtap	TORTOISE_model-MAPMRI	/scratch/grmpy/SLURM_11194840_49/job-11194840-49-sub-127008/ds/inputs/data/qsiprep/qsiprep/sub-127008/ses-1/dwi/sub-127008_ses-1_acq-multiband_dir-AP_space-ACPC_desc-preproc_dwi.nii.gz	0.0	0.0107790846377611	0.0040636244229972	0.0109998444095253	0.0107790846377611	0.0109998444095253	0.0040636244229972	0.011908327229321	0.011908327229321	sub-127008	ses-1		dir-AP	acq-multiband	space-ACPC			DSIStudio	autotrackgqi
ProjectionBasalGanglia_AnsaLenticularisL	rtop	TORTOISE_model-MAPMRI	/scratch/grmpy/SLURM_11194840_49/job-11194840-49-sub-127008/ds/inputs/data/qsiprep/qsiprep/sub-127008/ses-1/dwi/sub-127008_ses-1_acq-multiband_dir-AP_space-ACPC_desc-preproc_dwi.nii.gz	0.0	0.0002349105197936	9.498817234998568e-05	0.000245546165388	0.0002349105197936	0.000245546165388	9.498817234998568e-05	0.0002619393635541	0.0002619393635541	sub-127008	ses-1		dir-AP	acq-multiband	space-ACPC			DSIStudio	autotrackgqi
ProjectionBasalGanglia_AnsaLenticularisL	rtpp	TORTOISE_model-MAPMRI	/scratch/grmpy/SLURM_11194840_49/job-11194840-49-sub-127008/ds/inputs/data/qsiprep/qsiprep/sub-127008/ses-1/dwi/sub-127008_ses-1_acq-multiband_dir-AP_space-ACPC_desc-preproc_dwi.nii.gz	0.0	0.0464108362793922	0.0084223691374063	0.0485098622739315	0.0464108362793922	0.0485098622739315	0.0084223691374063	0.0482770465314388	0.0482770465314388	sub-127008	ses-1		dir-AP	acq-multiband	space-ACPC			DSIStudio	autotrackgqi
ProjectionBasalGanglia_AcousticRadiationR	ad	TORTOISE_model-MAPMRI	/scratch/grmpy/SLURM_11194840_49/job-11194840-49-sub-127008/ds/inputs/data/qsiprep/qsiprep/sub-127008/ses-1/dwi/sub-127008_ses-1_acq-multiband_dir-AP_space-ACPC_desc-preproc_dwi.nii.gz	0.0	1416.098095316952	531.1945441826872	1267.278972793056	1416.098095316952	1267.278972793056	531.1945441826872	1321.6354707658056	1321.6354707658056	sub-127008	ses-1		dir-AP	acq-multiband	space-ACPC			DSIStudio	autotrackgqi
ProjectionBasalGanglia_AcousticRadiationR	am	TORTOISE_model-MAPMRI	/scratch/grmpy/SLURM_11194840_49/job-11194840-49-sub-127008/ds/inputs/data/qsiprep/qsiprep/sub-127008/ses-1/dwi/sub-127008_ses-1_acq-multiband_dir-AP_space-ACPC_desc-preproc_dwi.nii.gz	0.0	6122.24267578125	1529.0218505859375	5693.02392578125	6122.24267578125	5693.02392578125	1529.0218505859375	5777.9697265625	5777.9697265625	sub-127008	ses-1		dir-AP	acq-multiband	space-ACPC			DSIStudio	autotrackgqi
ProjectionBasalGanglia_AcousticRadiationR	fa	TORTOISE_model-MAPMRI	/scratch/grmpy/SLURM_11194840_49/job-11194840-49-sub-127008/ds/inputs/data/qsiprep/qsiprep/sub-127008/ses-1/dwi/sub-127008_ses-1_acq-multiband_dir-AP_space-ACPC_desc-preproc_dwi.nii.gz	0.0	0.4075440723741833	0.1909313910696729	0.3968758428472165	0.4075440723741833	0.3968758428472165	0.1909313910696729	0.4548361955878836	0.4548361955878836	sub-127008	ses-1		dir-AP	acq-multiband	space-ACPC			DSIStudio	autotrackgqi
ProjectionBasalGanglia_AcousticRadiationR	li	TORTOISE_model-MAPMRI	/scratch/grmpy/SLURM_11194840_49/job-11194840-49-sub-127008/ds/inputs/data/qsiprep/qsiprep/sub-127008/ses-1/dwi/sub-127008_ses-1_acq-multiband_dir-AP_space-ACPC_desc-preproc_dwi.nii.gz	0.0	0.2461951673030853	0.1406735628843307	0.2327891290187835	0.2461951673030853	0.2327891290187835	0.1406735628843307	0.2712359428405761	0.2712359428405761	sub-127008	ses-1		dir-AP	acq-multiband	space-ACPC			DSIStudio	autotrackgqi
ProjectionBasalGanglia_AcousticRadiationR	ng	TORTOISE_model-MAPMRI	/scratch/grmpy/SLURM_11194840_49/job-11194840-49-sub-127008/ds/inputs/data/qsiprep/qsiprep/sub-127008/ses-1/dwi/sub-127008_ses-1_acq-multiband_dir-AP_space-ACPC_desc-preproc_dwi.nii.gz	0.0	0.3396815061569214	0.0841068625450134	0.3457399606704712	0.3396815061569214	0.3457399606704712	0.0841068625450134	0.3440174162387848	0.3440174162387848	sub-127008	ses-1		dir-AP	acq-multiband	space-ACPC			DSIStudio	autotrackgqi
ProjectionBasalGanglia_AcousticRadiationR	ngpar	TORTOISE_model-MAPMRI	/scratch/grmpy/SLURM_11194840_49/job-11194840-49-sub-127008/ds/inputs/data/qsiprep/qsiprep/sub-127008/ses-1/dwi/sub-127008_ses-1_acq-multiband_dir-AP_space-ACPC_desc-preproc_dwi.nii.gz	0.0	0.1553566753864288	0.049589917063713	0.1479022353887558	0.1553566753864288	0.1479022353887558	0.049589917063713	0.1500084996223449	0.1500084996223449	sub-127008	ses-1		dir-AP	acq-multiband	space-ACPC			DSIStudio	autotrackgqi
ProjectionBasalGanglia_AcousticRadiationR	ngperp	TORTOISE_model-MAPMRI	/scratch/grmpy/SLURM_11194840_49/job-11194840-49-sub-127008/ds/inputs/data/qsiprep/qsiprep/sub-127008/ses-1/dwi/sub-127008_ses-1_acq-multiband_dir-AP_space-ACPC_desc-preproc_dwi.nii.gz	0.0	0.2876637279987335	0.0695743337273597	0.2998228371143341	0.2876637279987335	0.2998228371143341	0.0695743337273597	0.2946880161762237	0.2946880161762237	sub-127008	ses-1		dir-AP	acq-multiband	space-ACPC			DSIStudio	autotrackgqi
ProjectionBasalGanglia_AcousticRadiationR	pa	TORTOISE_model-MAPMRI	/scratch/grmpy/SLURM_11194840_49/job-11194840-49-sub-127008/ds/inputs/data/qsiprep/qsiprep/sub-127008/ses-1/dwi/sub-127008_ses-1_acq-multiband_dir-AP_space-ACPC_desc-preproc_dwi.nii.gz	0.0	0.7641695141792297	0.1816437095403671	0.8241034746170044	0.7641695141792297	0.8241034746170044	0.1816437095403671	0.8157541155815125	0.8157541155815125	sub-127008	ses-1		dir-AP	acq-multiband	space-ACPC			DSIStudio	autotrackgqi
ProjectionBasalGanglia_AcousticRadiationR	path	TORTOISE_model-MAPMRI	/scratch/grmpy/SLURM_11194840_49/job-11194840-49-sub-127008/ds/inputs/data/qsiprep/qsiprep/sub-127008/ses-1/dwi/sub-127008_ses-1_acq-multiband_dir-AP_space-ACPC_desc-preproc_dwi.nii.gz	0.0	0.3099927604198456	0.1042701303958892	0.3099680542945862	0.3099927604198456	0.3099680542945862	0.1042701303958892	0.3343634903430938	0.3343634903430938	sub-127008	ses-1		dir-AP	acq-multiband	space-ACPC			DSIStudio	autotrackgqi
ProjectionBasalGanglia_AcousticRadiationR	rd	TORTOISE_model-MAPMRI	/scratch/grmpy/SLURM_11194840_49/job-11194840-49-sub-127008/ds/inputs/data/qsiprep/qsiprep/sub-127008/ses-1/dwi/sub-127008_ses-1_acq-multiband_dir-AP_space-ACPC_desc-preproc_dwi.nii.gz	0.0	771.9548615752971	492.174264797764	614.7408067964762	771.9548615752971	614.7408067964762	492.174264797764	646.8467561631905	646.8467561631905	sub-127008	ses-1		dir-AP	acq-multiband	space-ACPC			DSIStudio	autotrackgqi
ProjectionBasalGanglia_AcousticRadiationR	rtap	TORTOISE_model-MAPMRI	/scratch/grmpy/SLURM_11194840_49/job-11194840-49-sub-127008/ds/inputs/data/qsiprep/qsiprep/sub-127008/ses-1/dwi/sub-127008_ses-1_acq-multiband_dir-AP_space-ACPC_desc-preproc_dwi.nii.gz	0.0	0.0143115352839231	0.0067772776819765	0.0133898444473743	0.0143115352839231	0.0133898444473743	0.0067772776819765	0.0159446895122528	0.0159446895122528	sub-127008	ses-1		dir-AP	acq-multiband	space-ACPC			DSIStudio	autotrackgqi
ProjectionBasalGanglia_AcousticRadiationR	rtop	TORTOISE_model-MAPMRI	/scratch/grmpy/SLURM_11194840_49/job-11194840-49-sub-127008/ds/inputs/data/qsiprep/qsiprep/sub-127008/ses-1/dwi/sub-127008_ses-1_acq-multiband_dir-AP_space-ACPC_desc-preproc_dwi.nii.gz	0.0	0.000294006022159	0.0001344235788565	0.000296163954772	0.000294006022159	0.000296163954772	0.0001344235788565	0.0003278324729762	0.0003278324729762	sub-127008	ses-1		dir-AP	acq-multiband	space-ACPC			DSIStudio	autotrackgqi
ProjectionBasalGanglia_AcousticRadiationR	rtpp	TORTOISE_model-MAPMRI	/scratch/grmpy/SLURM_11194840_49/job-11194840-49-sub-127008/ds/inputs/data/qsiprep/qsiprep/sub-127008/ses-1/dwi/sub-127008_ses-1_acq-multiband_dir-AP_space-ACPC_desc-preproc_dwi.nii.gz	0.0	0.044650200754404	0.0078055434860289	0.0455686897039413	0.044650200754404	0.0455686897039413	0.0078055434860289	0.0457201190292835	0.0457201190292835	sub-127008	ses-1		dir-AP	acq-multiband	space-ACPC			DSIStudio	autotrackgqi
ProjectionBasalGanglia_FasciculusLenticularisR	ad	TORTOISE_model-MAPMRI	/scratch/grmpy/SLURM_11194840_49/job-11194840-49-sub-127008/ds/inputs/data/qsiprep/qsiprep/sub-127008/ses-1/dwi/sub-127008_ses-1_acq-multiband_dir-AP_space-ACPC_desc-preproc_dwi.nii.gz	0.0	1227.6673527878395	517.6224542063752	1085.3309445922628	1227.6673527878395	1085.3309445922628	517.6224542063752	1316.8346588238771	1316.8346588238771	sub-127008	ses-1		dir-AP	acq-multiband	space-ACPC			DSIStudio	autotrackgqi
ProjectionBasalGanglia_FasciculusLenticularisR	am	TORTOISE_model-MAPMRI	/scratch/grmpy/SLURM_11194840_49/job-11194840-49-sub-127008/ds/inputs/data/qsiprep/qsiprep/sub-127008/ses-1/dwi/sub-127008_ses-1_acq-multiband_dir-AP_space-ACPC_desc-preproc_dwi.nii.gz	0.0	6317.67626953125	1714.86279296875	5864.1240234375	6317.67626953125	5864.1240234375	1714.86279296875	6424.53857421875	6424.53857421875	sub-127008	ses-1		dir-AP	acq-multiband	space-ACPC			DSIStudio	autotrackgqi
ProjectionBasalGanglia_FasciculusLenticularisR	fa	TORTOISE_model-MAPMRI	/scratch/grmpy/SLURM_11194840_49/job-11194840-49-sub-127008/ds/inputs/data/qsiprep/qsiprep/sub-127008/ses-1/dwi/sub-127008_ses-1_acq-multiband_dir-AP_space-ACPC_desc-preproc_dwi.nii.gz	0.0	0.3024729373659113	0.1104452575826481	0.2866709543510886	0.3024729373659113	0.2866709543510886	0.1104452575826481	0.3300582124740976	0.3300582124740976	sub-127008	ses-1		dir-AP	acq-multiband	space-ACPC			DSIStudio	autotrackgqi
ProjectionBasalGanglia_FasciculusLenticularisR	li	TORTOISE_model-MAPMRI	/scratch/grmpy/SLURM_11194840_49/job-11194840-49-sub-127008/ds/inputs/data/qsiprep/qsiprep/sub-127008/ses-1/dwi/sub-127008_ses-1_acq-multiband_dir-AP_space-ACPC_desc-preproc_dwi.nii.gz	0.0	0.1745715141296386	0.0744533911347389	0.1623112261295318	0.1745715141296386	0.1623112261295318	0.0744533911347389	0.187886506319046	0.187886506319046	sub-127008	ses-1		dir-AP	acq-multiband	space-ACPC			DSIStudio	autotrackgqi
ProjectionBasalGanglia_FasciculusLenticularisR	ng	TORTOISE_model-MAPMRI	/scratch/grmpy/SLURM_11194840_49/job-11194840-49-sub-127008/ds/inputs/data/qsiprep/qsiprep/sub-127008/ses-1/dwi/sub-127008_ses-1_acq-multiband_dir-AP_space-ACPC_desc-preproc_dwi.nii.gz	0.0	0.2906648814678192	0.0675907284021377	0.289376825094223	0.2906648814678192	0.289376825094223	0.0675907284021377	0.2926275432109833	0.2926275432109833	sub-127008	ses-1		dir-AP	acq-multiband	space-ACPC			DSIStudio	autotrackgqi
ProjectionBasalGanglia_FasciculusLenticularisR	ngpar	TORTOISE_model-MAPMRI	/scratch/grmpy/SLURM_11194840_49/job-11194840-49-sub-127008/ds/inputs/data/qsiprep/qsiprep/sub-127008/ses-1/dwi/sub-127008_ses-1_acq-multiband_dir-AP_space-ACPC_desc-preproc_dwi.nii.gz	0.0	0.1490344852209091	0.035962339490652	0.1484763324260711	0.1490344852209091	0.1484763324260711	0.035962339490652	0.1476466357707977	0.1476466357707977	sub-127008	ses-1		dir-AP	acq-multiband	space-ACPC			DSIStudio	autotrackgqi
ProjectionBasalGanglia_FasciculusLenticularisR	ngperp	TORTOISE_model-MAPMRI	/scratch/grmpy/SLURM_11194840_49/job-11194840-49-sub-127008/ds/inputs/data/qsiprep/qsiprep/sub-127008/ses-1/dwi/sub-127008_ses-1_acq-multiband_dir-AP_space-ACPC_desc-preproc_dwi.nii.gz	0.0	0.2439880073070526	0.0591022223234176	0.243933618068695	0.2439880073070526	0.243933618068695	0.0591022223234176	0.2464596629142761	0.2464596629142761	sub-127008	ses-1		dir-AP	acq-multiband	space-ACPC			DSIStudio	autotrackgqi
ProjectionBasalGanglia_FasciculusLenticularisR	pa	TORTOISE_model-MAPMRI	/scratch/grmpy/SLURM_11194840_49/job-11194840-49-sub-127008/ds/inputs/data/qsiprep/qsiprep/sub-127008/ses-1/dwi/sub-127008_ses-1_acq-multiband_dir-AP_space-ACPC_desc-preproc_dwi.nii.gz	0.0	0.6387196779251099	0.151724100112915	0.6426197290420532	0.6387196779251099	0.6426197290420532	0.151724100112915	0.6711978912353516	0.6711978912353516	sub-127008	ses-1		dir-AP	acq-multiband	space-ACPC			DSIStudio	autotrackgqi
ProjectionBasalGanglia_FasciculusLenticularisR	path	TORTOISE_model-MAPMRI	/scratch/grmpy/SLURM_11194840_49/job-11194840-49-sub-127008/ds/inputs/data/qsiprep/qsiprep/sub-127008/ses-1/dwi/sub-127008_ses-1_acq-multiband_dir-AP_space-ACPC_desc-preproc_dwi.nii.gz	0.0	0.2315662652254104	0.0616130717098712	0.2230581492185592	0.2315662652254104	0.2230581492185592	0.0616130717098712	0.2432097494602203	0.2432097494602203	sub-127008	ses-1		dir-AP	acq-multiband	space-ACPC			DSIStudio	autotrackgqi
ProjectionBasalGanglia_FasciculusLenticularisR	rd	TORTOISE_model-MAPMRI	/scratch/grmpy/SLURM_11194840_49/job-11194840-49-sub-127008/ds/inputs/data/qsiprep/qsiprep/sub-127008/ses-1/dwi/sub-127008_ses-1_acq-multiband_dir-AP_space-ACPC_desc-preproc_dwi.nii.gz	0.0	781.3623592647324	372.8274581189029	672.2699599798968	781.3623592647324	672.2699599798968	372.8274581189029	801.9256480976808	801.9256480976808	sub-127008	ses-1		dir-AP	acq-multiband	space-ACPC			DSIStudio	autotrackgqi
ProjectionBasalGanglia_FasciculusLenticularisR	rtap	TORTOISE_model-MAPMRI	/scratch/grmpy/SLURM_11194840_49/job-11194840-49-sub-127008/ds/inputs/data/qsiprep/qsiprep/sub-127008/ses-1/dwi/sub-127008_ses-1_acq-multiband_dir-AP_space-ACPC_desc-preproc_dwi.nii.gz	0.0	0.0112462034448981	0.0031578256748616	0.0115523263812065	0.0112462034448981	0.0115523263812065	0.0031578256748616	0.0110446121543645	0.0110446121543645	sub-127008	ses-1		dir-AP	acq-multiband	space-ACPC			DSIStudio	autotrackgqi
ProjectionBasalGanglia_FasciculusLenticularisR	rtop	TORTOISE_model-MAPMRI	/scratch/grmpy/SLURM_11194840_49/job-11194840-49-sub-127008/ds/inputs/data/qsiprep/qsiprep/sub-127008/ses-1/dwi/sub-127008_ses-1_acq-multiband_dir-AP_space-ACPC_desc-preproc_dwi.nii.gz	0.0	0.0002487109741196	7.694391388213262e-05	0.0002613374090287	0.0002487109741196	0.0002613374090287	7.694391388213262e-05	0.0002364340471103	0.0002364340471103	sub-127008	ses-1		dir-AP	acq-multiband	space-ACPC			DSIStudio	autotrackgqi
ProjectionBasalGanglia_FasciculusLenticularisR	rtpp	TORTOISE_model-MAPMRI	/scratch/grmpy/SLURM_11194840_49/job-11194840-49-sub-127008/ds/inputs/data/qsiprep/qsiprep/sub-127008/ses-1/dwi/sub-127008_ses-1_acq-multiband_dir-AP_space-ACPC_desc-preproc_dwi.nii.gz	0.0	0.04806574806571	0.0073306974954903	0.0493755005300045	0.04806574806571	0.0493755005300045	0.0073306974954903	0.0461531803011894	0.0461531803011894	sub-127008	ses-1		dir-AP	acq-multiband	space-ACPC			DSIStudio	autotrackgqi
ProjectionBrainstem_CorticopontineTractL	ad	TORTOISE_model-MAPMRI	/scratch/grmpy/SLURM_11194840_49/job-11194840-49-sub-127008/ds/inputs/data/qsiprep/qsiprep/sub-127008/ses-1/dwi/sub-127008_ses-1_acq-multiband_dir-AP_space-ACPC_desc-preproc_dwi.nii.gz	0.0002167316861725	1196.2636518221088	308.4342222072935	1144.3006154785598	1196.522976264299	1144.3555209565718	307.9642906116022	1313.5049402827133	1313.5158247865822	sub-127008	ses-1		dir-AP	acq-multiband	space-ACPC			DSIStudio	autotrackgqi
ProjectionBrainstem_CorticopontineTractL	am	TORTOISE_model-MAPMRI	/scratch/grmpy/SLURM_11194840_49/job-11194840-49-sub-127008/ds/inputs/data/qsiprep/qsiprep/sub-127008/ses-1/dwi/sub-127008_ses-1_acq-multiband_dir-AP_space-ACPC_desc-preproc_dwi.nii.gz	0.0002167316861725	5746.3427734375	849.1942749023438	5666.4755859375	5747.58837890625	5666.7646484375	845.0606689453125	5774.00244140625	5774.05078125	sub-127008	ses-1		dir-AP	acq-multiband	space-ACPC			DSIStudio	autotrackgqi
ProjectionBrainstem_CorticopontineTractL	fa	TORTOISE_model-MAPMRI	/scratch/grmpy/SLURM_11194840_49/job-11194840-49-sub-127008/ds/inputs/data/qsiprep/qsiprep/sub-127008/ses-1/dwi/sub-127008_ses-1_acq-multiband_dir-AP_space-ACPC_desc-preproc_dwi.nii.gz	0.0002167316861725	0.4298236527563167	0.1923263069178436	0.4457970623425493	0.4299168293556569	0.4458350797238201	0.1922429937844361	0.500548662911097	0.500552811071962	sub-127008	ses-1		dir-AP	acq-multiband	space-ACPC			DSIStudio	autotrackgqi
ProjectionBrainstem_CorticopontineTractL	li	TORTOISE_model-MAPMRI	/scratch/grmpy/SLURM_11194840_49/job-11194840-49-sub-127008/ds/inputs/data/qsiprep/qsiprep/sub-127008/ses-1/dwi/sub-127008_ses-1_acq-multiband_dir-AP_space-ACPC_desc-preproc_dwi.nii.gz	0.0002167316861725	0.2720946073532104	0.1589080244302749	0.2628263831138611	0.2721535861492157	0.2628521919250488	0.1588747352361679	0.3275143504142761	0.3275170922279358	sub-127008	ses-1		dir-AP	acq-multiband	space-ACPC			DSIStudio	autotrackgqi
ProjectionBrainstem_CorticopontineTractL	ng	TORTOISE_model-MAPMRI	/scratch/grmpy/SLURM_11194840_49/job-11194840-49-sub-127008/ds/inputs/data/qsiprep/qsiprep/sub-127008/ses-1/dwi/sub-127008_ses-1_acq-multiband_dir-AP_space-ACPC_desc-preproc_dwi.nii.gz	0.0002167316861725	0.3239160776138305	0.0711236521601677	0.3430719971656799	0.323986291885376	0.3430809378623962	0.0709712654352188	0.3527431190013885	0.3527460098266601	sub-127008	ses-1		dir-AP	acq-multiband	space-ACPC			DSIStudio	autotrackgqi
ProjectionBrainstem_CorticopontineTractL	ngpar	TORTOISE_model-MAPMRI	/scratch/grmpy/SLURM_11194840_49/job-11194840-49-sub-127008/ds/inputs/data/qsiprep/qsiprep/sub-127008/ses-1/dwi/sub-127008_ses-1_acq-multiband_dir-AP_space-ACPC_desc-preproc_dwi.nii.gz	0.0002167316861725	0.1411803811788559	0.0420471429824829	0.1368311494588852	0.1412109732627868	0.1368386149406433	0.0420002788305282	0.1505975127220153	0.1505987644195556	sub-127008	ses-1		dir-AP	acq-multiband	space-ACPC			DSIStudio	autotrackgqi
ProjectionBrainstem_CorticopontineTractL	ngperp	TORTOISE_model-MAPMRI	/scratch/grmpy/SLURM_11194840_49/job-11194840-49-sub-127008/ds/inputs/data/qsiprep/qsiprep/sub-127008/ses-1/dwi/sub-127008_ses-1_acq-multiband_dir-AP_space-ACPC_desc-preproc_dwi.nii.gz	0.0002167316861725	0.2756871879100799	0.063792809844017	0.2910678088665008	0.2757469415664673	0.2910770773887634	0.0636704489588737	0.299604207277298	0.2996066808700561	sub-127008	ses-1		dir-AP	acq-multiband	space-ACPC			DSIStudio	autotrackgqi
ProjectionBrainstem_CorticopontineTractL	pa	TORTOISE_model-MAPMRI	/scratch/grmpy/SLURM_11194840_49/job-11194840-49-sub-127008/ds/inputs/data/qsiprep/qsiprep/sub-127008/ses-1/dwi/sub-127008_ses-1_acq-multiband_dir-AP_space-ACPC_desc-preproc_dwi.nii.gz	0.0002167316861725	0.7658594250679016	0.2122965157032013	0.8508263826370239	0.7660254240036011	0.8508365154266357	0.2120198309421539	0.8470920324325562	0.8470990657806396	sub-127008	ses-1		dir-AP	acq-multiband	space-ACPC			DSIStudio	autotrackgqi
ProjectionBrainstem_CorticopontineTractL	path	TORTOISE_model-MAPMRI	/scratch/grmpy/SLURM_11194840_49/job-11194840-49-sub-127008/ds/inputs/data/qsiprep/qsiprep/sub-127008/ses-1/dwi/sub-127008_ses-1_acq-multiband_dir-AP_space-ACPC_desc-preproc_dwi.nii.gz	0.0002167316861725	0.3165332376956939	0.1112853810191154	0.3291559815406799	0.3166018724441528	0.3291638493537903	0.1111998036503791	0.3604218661785126	0.3604248464107513	sub-127008	ses-1		dir-AP	acq-multiband	space-ACPC			DSIStudio	autotrackgqi
ProjectionBrainstem_CorticopontineTractL	rd	TORTOISE_model-MAPMRI	/scratch/grmpy/SLURM_11194840_49/job-11194840-49-sub-127008/ds/inputs/data/qsiprep/qsiprep/sub-127008/ses-1/dwi/sub-127008_ses-1_acq-multiband_dir-AP_space-ACPC_desc-preproc_dwi.nii.gz	0.0002167316861725	600.3193320616724	267.2596396233051	560.9984188811595	600.449468487439	561.0339487995025	267.14239391919097	583.5829981366428	583.5878337203072	sub-127008	ses-1		dir-AP	acq-multiband	space-ACPC			DSIStudio	autotrackgqi
ProjectionBrainstem_CorticopontineTractL	rtap	TORTOISE_model-MAPMRI	/scratch/grmpy/SLURM_11194840_49/job-11194840-49-sub-127008/ds/inputs/data/qsiprep/qsiprep/sub-127008/ses-1/dwi/sub-127008_ses-1_acq-multiband_dir-AP_space-ACPC_desc-preproc_dwi.nii.gz	0.0006501950585175	0.016671746969223	0.0067062894813716	0.0161264035850763	0.0166825931519269	0.0161317475140094	0.0066949701867997	0.0186062064021825	0.0186156257987022	sub-127008	ses-1		dir-AP	acq-multiband	space-ACPC			DSIStudio	autotrackgqi
ProjectionBrainstem_CorticopontineTractL	rtop	TORTOISE_model-MAPMRI	/scratch/grmpy/SLURM_11194840_49/job-11194840-49-sub-127008/ds/inputs/data/qsiprep/qsiprep/sub-127008/ses-1/dwi/sub-127008_ses-1_acq-multiband_dir-AP_space-ACPC_desc-preproc_dwi.nii.gz	0.0006501950585175	0.0003505283384583	0.0001254948147106	0.0003524174098856	0.0003507563960738	0.0003524819621816	0.0001252166111953	0.0003816065145656	0.0003817997057922	sub-127008	ses-1		dir-AP	acq-multiband	space-ACPC			DSIStudio	autotrackgqi
ProjectionBrainstem_CorticopontineTractL	rtpp	TORTOISE_model-MAPMRI	/scratch/grmpy/SLURM_11194840_49/job-11194840-49-sub-127008/ds/inputs/data/qsiprep/qsiprep/sub-127008/ses-1/dwi/sub-127008_ses-1_acq-multiband_dir-AP_space-ACPC_desc-preproc_dwi.nii.gz	0.0002167316861725	0.0482252016663551	0.0056973812170326	0.048607975244522	0.0482356548309326	0.0486089587211608	0.0056535764597356	0.0461845286190509	0.046184916049242	sub-127008	ses-1		dir-AP	acq-multiband	space-ACPC			DSIStudio	autotrackgqi
ProjectionBasalGanglia_CorticostriatalTractL	ad	TORTOISE_model-MAPMRI	/scratch/grmpy/SLURM_11194840_49/job-11194840-49-sub-127008/ds/inputs/data/qsiprep/qsiprep/sub-127008/ses-1/dwi/sub-127008_ses-1_acq-multiband_dir-AP_space-ACPC_desc-preproc_dwi.nii.gz	0.0005160402511395	1116.203853098219	231.7823229187635	1081.9397763151403	1116.780156610704	1082.1683574661	230.44994783713213	1153.7100231782233	1153.7463316022422	sub-127008	ses-1		dir-AP	acq-multiband	space-ACPC			DSIStudio	autotrackgqi
ProjectionBasalGanglia_CorticostriatalTractL	am	TORTOISE_model-MAPMRI	/scratch/grmpy/SLURM_11194840_49/job-11194840-49-sub-127008/ds/inputs/data/qsiprep/qsiprep/sub-127008/ses-1/dwi/sub-127008_ses-1_acq-multiband_dir-AP_space-ACPC_desc-preproc_dwi.nii.gz	0.0005160402511395	5596.42236328125	927.8849487304688	5529.00146484375	5599.31201171875	5529.66748046875	919.3671264648438	5491.9208984375	5492.09375	sub-127008	ses-1		dir-AP	acq-multiband	space-ACPC			DSIStudio	autotrackgqi
ProjectionBasalGanglia_CorticostriatalTractL	fa	TORTOISE_model-MAPMRI	/scratch/grmpy/SLURM_11194840_49/job-11194840-49-sub-127008/ds/inputs/data/qsiprep/qsiprep/sub-127008/ses-1/dwi/sub-127008_ses-1_acq-multiband_dir-AP_space-ACPC_desc-preproc_dwi.nii.gz	0.0005160402511395	0.3646055211521353	0.1788846692755878	0.3635118288345227	0.3647937694205213	0.363618755203392	0.1787388451857836	0.4352323598727142	0.4352460571160697	sub-127008	ses-1		dir-AP	acq-multiband	space-ACPC			DSIStudio	autotrackgqi
ProjectionBasalGanglia_CorticostriatalTractL	li	TORTOISE_model-MAPMRI	/scratch/grmpy/SLURM_11194840_49/job-11194840-49-sub-127008/ds/inputs/data/qsiprep/qsiprep/sub-127008/ses-1/dwi/sub-127008_ses-1_acq-multiband_dir-AP_space-ACPC_desc-preproc_dwi.nii.gz	0.0005160402511395	0.2158985435962677	0.1352661699056625	0.1997663527727127	0.2160100191831588	0.1998661905527115	0.1352120637893676	0.274950623512268	0.2749592661857605	sub-127008	ses-1		dir-AP	acq-multiband	space-ACPC			DSIStudio	autotrackgqi
ProjectionBasalGanglia_CorticostriatalTractL	ng	TORTOISE_model-MAPMRI	/scratch/grmpy/SLURM_11194840_49/job-11194840-49-sub-127008/ds/inputs/data/qsiprep/qsiprep/sub-127008/ses-1/dwi/sub-127008_ses-1_acq-multiband_dir-AP_space-ACPC_desc-preproc_dwi.nii.gz	0.0005160402511395	0.2942650616168976	0.0741671398282051	0.315883457660675	0.29441699385643	0.3159687519073486	0.0738841891288757	0.3182128965854645	0.3182228803634643	sub-127008	ses-1		dir-AP	acq-multiband	space-ACPC			DSIStudio	autotrackgqi
ProjectionBasalGanglia_CorticostriatalTractL	ngpar	TORTOISE_model-MAPMRI	/scratch/grmpy/SLURM_11194840_49/job-11194840-49-sub-127008/ds/inputs/data/qsiprep/qsiprep/sub-127008/ses-1/dwi/sub-127008_ses-1_acq-multiband_dir-AP_space-ACPC_desc-preproc_dwi.nii.gz	0.0005160402511395	0.1314793676137924	0.0364934019744396	0.1301725357770919	0.1315472573041916	0.1301907449960708	0.036380298435688	0.1360111087560653	0.136015385389328	sub-127008	ses-1		dir-AP	acq-multiband	space-ACPC			DSIStudio	autotrackgqi
ProjectionBasalGanglia_CorticostriatalTractL	ngperp	TORTOISE_model-MAPMRI	/scratch/grmpy/SLURM_11194840_49/job-11194840-49-sub-127008/ds/inputs/data/qsiprep/qsiprep/sub-127008/ses-1/dwi/sub-127008_ses-1_acq-multiband_dir-AP_space-ACPC_desc-preproc_dwi.nii.gz	0.0005160402511395	0.2512487471103668	0.0693486630916595	0.2652800381183624	0.2513784766197204	0.2653165459632873	0.0691311135888099	0.2721847891807556	0.2721934020519256	sub-127008	ses-1		dir-AP	acq-multiband	space-ACPC			DSIStudio	autotrackgqi
ProjectionBasalGanglia_CorticostriatalTractL	pa	TORTOISE_model-MAPMRI	/scratch/grmpy/SLURM_11194840_49/job-11194840-49-sub-127008/ds/inputs/data/qsiprep/qsiprep/sub-127008/ses-1/dwi/sub-127008_ses-1_acq-multiband_dir-AP_space-ACPC_desc-preproc_dwi.nii.gz	0.0005160402511395	0.6862910389900208	0.2359042912721634	0.7753506898880005	0.6866453886032104	0.7755570411682129	0.2354490906000137	0.7787628769874573	0.7787874341011047	sub-127008	ses-1		dir-AP	acq-multiband	space-ACPC			DSIStudio	autotrackgqi
ProjectionBasalGanglia_CorticostriatalTractL	path	TORTOISE_model-MAPMRI	/scratch/grmpy/SLURM_11194840_49/job-11194840-49-sub-127008/ds/inputs/data/qsiprep/qsiprep/sub-127008/ses-1/dwi/sub-127008_ses-1_acq-multiband_dir-AP_space-ACPC_desc-preproc_dwi.nii.gz	0.0005160402511395	0.2733496129512787	0.1098272427916526	0.2809381186962127	0.2734907567501068	0.2810485959053039	0.1096797659993171	0.3126530051231384	0.3126628398895263	sub-127008	ses-1		dir-AP	acq-multiband	space-ACPC			DSIStudio	autotrackgqi
ProjectionBasalGanglia_CorticostriatalTractL	rd	TORTOISE_model-MAPMRI	/scratch/grmpy/SLURM_11194840_49/job-11194840-49-sub-127008/ds/inputs/data/qsiprep/qsiprep/sub-127008/ses-1/dwi/sub-127008_ses-1_acq-multiband_dir-AP_space-ACPC_desc-preproc_dwi.nii.gz	0.0005160402511395	627.8526903600603	205.43877382978349	604.5757792419367	628.176854902024	604.6280801570917	204.99572654154	562.3606820361907	562.3783800023137	sub-127008	ses-1		dir-AP	acq-multiband	space-ACPC			DSIStudio	autotrackgqi
ProjectionBasalGanglia_CorticostriatalTractL	rtap	TORTOISE_model-MAPMRI	/scratch/grmpy/SLURM_11194840_49/job-11194840-49-sub-127008/ds/inputs/data/qsiprep/qsiprep/sub-127008/ses-1/dwi/sub-127008_ses-1_acq-multiband_dir-AP_space-ACPC_desc-preproc_dwi.nii.gz	0.0005160402511395	0.0145379556342959	0.0049167908728122	0.0140137765556573	0.0145454611629247	0.0140146510675549	0.0049069477245211	0.0163441505283117	0.0163446646183729	sub-127008	ses-1		dir-AP	acq-multiband	space-ACPC			DSIStudio	autotrackgqi
ProjectionBasalGanglia_CorticostriatalTractL	rtop	TORTOISE_model-MAPMRI	/scratch/grmpy/SLURM_11194840_49/job-11194840-49-sub-127008/ds/inputs/data/qsiprep/qsiprep/sub-127008/ses-1/dwi/sub-127008_ses-1_acq-multiband_dir-AP_space-ACPC_desc-preproc_dwi.nii.gz	0.0005160402511395	0.000310751813231	8.49698917591013e-05	0.0003106368531007	0.0003109122626483	0.0003106681106146	8.469785825582221e-05	0.000344850384863	0.000344861211488	sub-127008	ses-1		dir-AP	acq-multiband	space-ACPC			DSIStudio	autotrackgqi
ProjectionBasalGanglia_CorticostriatalTractL	rtpp	TORTOISE_model-MAPMRI	/scratch/grmpy/SLURM_11194840_49/job-11194840-49-sub-127008/ds/inputs/data/qsiprep/qsiprep/sub-127008/ses-1/dwi/sub-127008_ses-1_acq-multiband_dir-AP_space-ACPC_desc-preproc_dwi.nii.gz	0.0005160402511395	0.0494168289005756	0.004953172057867	0.0497312881052494	0.0494423434138298	0.0497340783476829	0.004825463052839	0.0486948862671852	0.0486964173614978	sub-127008	ses-1		dir-AP	acq-multiband	space-ACPC			DSIStudio	autotrackgqi
Commissure_AnteriorCommissure	ad	TORTOISE_model-MAPMRI	/scratch/grmpy/SLURM_11194840_49/job-11194840-49-sub-127008/ds/inputs/data/qsiprep/qsiprep/sub-127008/ses-1/dwi/sub-127008_ses-1_acq-multiband_dir-AP_space-ACPC_desc-preproc_dwi.nii.gz	0.0	1166.2007604657954	276.50881521971604	1123.4325565319252	1166.2007604657954	1123.4325565319252	276.50881521971604	1197.168682956484	1197.168682956484	sub-127008	ses-1		dir-AP	acq-multiband	space-ACPC			DSIStudio	autotrackgqi
Commissure_AnteriorCommissure	am	TORTOISE_model-MAPMRI	/scratch/grmpy/SLURM_11194840_49/job-11194840-49-sub-127008/ds/inputs/data/qsiprep/qsiprep/sub-127008/ses-1/dwi/sub-127008_ses-1_acq-multiband_dir-AP_space-ACPC_desc-preproc_dwi.nii.gz	0.0	5796.458984375	1466.3580322265625	5493.193359375	5796.458984375	5493.193359375	1466.3580322265625	5672.2958984375	5672.2958984375	sub-127008	ses-1		dir-AP	acq-multiband	space-ACPC			DSIStudio	autotrackgqi
Commissure_AnteriorCommissure	fa	TORTOISE_model-MAPMRI	/scratch/grmpy/SLURM_11194840_49/job-11194840-49-sub-127008/ds/inputs/data/qsiprep/qsiprep/sub-127008/ses-1/dwi/sub-127008_ses-1_acq-multiband_dir-AP_space-ACPC_desc-preproc_dwi.nii.gz	0.0	0.3447117010281173	0.1594199864101786	0.3363552059672838	0.3447117010281173	0.3363552059672838	0.1594199864101786	0.3837703975124075	0.3837703975124075	sub-127008	ses-1		dir-AP	acq-multiband	space-ACPC			DSIStudio	autotrackgqi
Commissure_AnteriorCommissure	li	TORTOISE_model-MAPMRI	/scratch/grmpy/SLURM_11194840_49/job-11194840-49-sub-127008/ds/inputs/data/qsiprep/qsiprep/sub-127008/ses-1/dwi/sub-127008_ses-1_acq-multiband_dir-AP_space-ACPC_desc-preproc_dwi.nii.gz	0.0	0.2023515701293945	0.1233802661299705	0.182721346616745	0.2023515701293945	0.182721346616745	0.1233802661299705	0.2305724620819091	0.2305724620819091	sub-127008	ses-1		dir-AP	acq-multiband	space-ACPC			DSIStudio	autotrackgqi
Commissure_AnteriorCommissure	ng	TORTOISE_model-MAPMRI	/scratch/grmpy/SLURM_11194840_49/job-11194840-49-sub-127008/ds/inputs/data/qsiprep/qsiprep/sub-127008/ses-1/dwi/sub-127008_ses-1_acq-multiband_dir-AP_space-ACPC_desc-preproc_dwi.nii.gz	0.0	0.2629917860031128	0.0800983384251594	0.2677324712276459	0.2629917860031128	0.2677324712276459	0.0800983384251594	0.2863766849040985	0.2863766849040985	sub-127008	ses-1		dir-AP	acq-multiband	space-ACPC			DSIStudio	autotrackgqi
Commissure_AnteriorCommissure	ngpar	TORTOISE_model-MAPMRI	/scratch/grmpy/SLURM_11194840_49/job-11194840-49-sub-127008/ds/inputs/data/qsiprep/qsiprep/sub-127008/ses-1/dwi/sub-127008_ses-1_acq-multiband_dir-AP_space-ACPC_desc-preproc_dwi.nii.gz	0.0	0.1270227283239364	0.0397049263119697	0.1263198256492614	0.1270227283239364	0.1263198256492614	0.0397049263119697	0.1270754635334015	0.1270754635334015	sub-127008	ses-1		dir-AP	acq-multiband	space-ACPC			DSIStudio	autotrackgqi
Commissure_AnteriorCommissure	ngperp	TORTOISE_model-MAPMRI	/scratch/grmpy/SLURM_11194840_49/job-11194840-49-sub-127008/ds/inputs/data/qsiprep/qsiprep/sub-127008/ses-1/dwi/sub-127008_ses-1_acq-multiband_dir-AP_space-ACPC_desc-preproc_dwi.nii.gz	0.0	0.2214479744434356	0.0727881044149398	0.224871426820755	0.2214479744434356	0.224871426820755	0.0727881044149398	0.2437531352043151	0.2437531352043151	sub-127008	ses-1		dir-AP	acq-multiband	space-ACPC			DSIStudio	autotrackgqi
Commissure_AnteriorCommissure	pa	TORTOISE_model-MAPMRI	/scratch/grmpy/SLURM_11194840_49/job-11194840-49-sub-127008/ds/inputs/data/qsiprep/qsiprep/sub-127008/ses-1/dwi/sub-127008_ses-1_acq-multiband_dir-AP_space-ACPC_desc-preproc_dwi.nii.gz	0.0	0.6399491429328918	0.2292696237564087	0.6943528056144714	0.6399491429328918	0.6943528056144714	0.2292696237564087	0.7210063338279724	0.7210063338279724	sub-127008	ses-1		dir-AP	acq-multiband	space-ACPC			DSIStudio	autotrackgqi
Commissure_AnteriorCommissure	path	TORTOISE_model-MAPMRI	/scratch/grmpy/SLURM_11194840_49/job-11194840-49-sub-127008/ds/inputs/data/qsiprep/qsiprep/sub-127008/ses-1/dwi/sub-127008_ses-1_acq-multiband_dir-AP_space-ACPC_desc-preproc_dwi.nii.gz	0.0	0.2457694411277771	0.0970568731427192	0.2431009262800216	0.2457694411277771	0.2431009262800216	0.0970568731427192	0.2749223709106445	0.2749223709106445	sub-127008	ses-1		dir-AP	acq-multiband	space-ACPC			DSIStudio	autotrackgqi
Commissure_AnteriorCommissure	rd	TORTOISE_model-MAPMRI	/scratch/grmpy/SLURM_11194840_49/job-11194840-49-sub-127008/ds/inputs/data/qsiprep/qsiprep/sub-127008/ses-1/dwi/sub-127008_ses-1_acq-multiband_dir-AP_space-ACPC_desc-preproc_dwi.nii.gz	0.0	683.1347790847304	231.82197334776143	651.3568016411776	683.1347790847304	651.3568016411776	231.82197334776143	657.388964363769	657.388964363769	sub-127008	ses-1		dir-AP	acq-multiband	space-ACPC			DSIStudio	autotrackgqi
Commissure_AnteriorCommissure	rtap	TORTOISE_model-MAPMRI	/scratch/grmpy/SLURM_11194840_49/job-11194840-49-sub-127008/ds/inputs/data/qsiprep/qsiprep/sub-127008/ses-1/dwi/sub-127008_ses-1_acq-multiband_dir-AP_space-ACPC_desc-preproc_dwi.nii.gz	0.0	0.0124089512974023	0.0039482354186475	0.0116640673950314	0.0124089512974023	0.0116640673950314	0.0039482354186475	0.0132442498579621	0.0132442498579621	sub-127008	ses-1		dir-AP	acq-multiband	space-ACPC			DSIStudio	autotrackgqi
Commissure_AnteriorCommissure	rtop	TORTOISE_model-MAPMRI	/scratch/grmpy/SLURM_11194840_49/job-11194840-49-sub-127008/ds/inputs/data/qsiprep/qsiprep/sub-127008/ses-1/dwi/sub-127008_ses-1_acq-multiband_dir-AP_space-ACPC_desc-preproc_dwi.nii.gz	0.0	0.000260374858044	7.116821507224813e-05	0.0002522962749935	0.000260374858044	0.0002522962749935	7.116821507224813e-05	0.000274315389106	0.000274315389106	sub-127008	ses-1		dir-AP	acq-multiband	space-ACPC			DSIStudio	autotrackgqi
Commissure_AnteriorCommissure	rtpp	TORTOISE_model-MAPMRI	/scratch/grmpy/SLURM_11194840_49/job-11194840-49-sub-127008/ds/inputs/data/qsiprep/qsiprep/sub-127008/ses-1/dwi/sub-127008_ses-1_acq-multiband_dir-AP_space-ACPC_desc-preproc_dwi.nii.gz	0.0	0.0479712411761283	0.0047476873733103	0.048239879310131	0.0479712411761283	0.048239879310131	0.0047476873733103	0.0472822487354278	0.0472822487354278	sub-127008	ses-1		dir-AP	acq-multiband	space-ACPC			DSIStudio	autotrackgqi
Commissure_CorpusCallosum	ad	TORTOISE_model-MAPMRI	/scratch/grmpy/SLURM_11194840_49/job-11194840-49-sub-127008/ds/inputs/data/qsiprep/qsiprep/sub-127008/ses-1/dwi/sub-127008_ses-1_acq-multiband_dir-AP_space-ACPC_desc-preproc_dwi.nii.gz	0.0001840555321834	1214.6145904608825	362.6450070883912	1127.3020745303572	1214.838188150119	1127.3957855490137	362.303706869472	1367.2147223385632	1367.2318359018134	sub-127008	ses-1		dir-AP	acq-multiband	space-ACPC			DSIStudio	autotrackgqi
Commissure_CorpusCallosum	am	TORTOISE_model-MAPMRI	/scratch/grmpy/SLURM_11194840_49/job-11194840-49-sub-127008/ds/inputs/data/qsiprep/qsiprep/sub-127008/ses-1/dwi/sub-127008_ses-1_acq-multiband_dir-AP_space-ACPC_desc-preproc_dwi.nii.gz	0.0001840555321834	5859.22119140625	1195.0723876953125	5649.9033203125	5860.2998046875	5650.05908203125	1192.53515625	5600.28955078125	5600.359375	sub-127008	ses-1		dir-AP	acq-multiband	space-ACPC			DSIStudio	autotrackgqi
Commissure_CorpusCallosum	fa	TORTOISE_model-MAPMRI	/scratch/grmpy/SLURM_11194840_49/job-11194840-49-sub-127008/ds/inputs/data/qsiprep/qsiprep/sub-127008/ses-1/dwi/sub-127008_ses-1_acq-multiband_dir-AP_space-ACPC_desc-preproc_dwi.nii.gz	0.0001840555321834	0.3865994795066569	0.2185769122296072	0.3730564889455067	0.386670648378624	0.3731102251521657	0.2185340766957888	0.5415546346980562	0.5415614133333837	sub-127008	ses-1		dir-AP	acq-multiband	space-ACPC			DSIStudio	autotrackgqi
Commissure_CorpusCallosum	li	TORTOISE_model-MAPMRI	/scratch/grmpy/SLURM_11194840_49/job-11194840-49-sub-127008/ds/inputs/data/qsiprep/qsiprep/sub-127008/ses-1/dwi/sub-127008_ses-1_acq-multiband_dir-AP_space-ACPC_desc-preproc_dwi.nii.gz	0.0002103491796381	0.2445224970579147	0.1918034553527832	0.202068030834198	0.2445739507675171	0.2021022588014602	0.191790834069252	0.3893781304359436	0.389383316040039	sub-127008	ses-1		dir-AP	acq-multiband	space-ACPC			DSIStudio	autotrackgqi
Commissure_CorpusCallosum	ng	TORTOISE_model-MAPMRI	/scratch/grmpy/SLURM_11194840_49/job-11194840-49-sub-127008/ds/inputs/data/qsiprep/qsiprep/sub-127008/ses-1/dwi/sub-127008_ses-1_acq-multiband_dir-AP_space-ACPC_desc-preproc_dwi.nii.gz	0.0001840555321834	0.2951067686080932	0.076079361140728	0.3145607709884643	0.295161098241806	0.3145795166492462	0.0759809166193008	0.3300472497940063	0.3300514221191406	sub-127008	ses-1		dir-AP	acq-multiband	space-ACPC			DSIStudio	autotrackgqi
Commissure_CorpusCallosum	ngpar	TORTOISE_model-MAPMRI	/scratch/grmpy/SLURM_11194840_49/job-11194840-49-sub-127008/ds/inputs/data/qsiprep/qsiprep/sub-127008/ses-1/dwi/sub-127008_ses-1_acq-multiband_dir-AP_space-ACPC_desc-preproc_dwi.nii.gz	0.0001840555321834	0.1315777003765106	0.0375024825334548	0.1297129988670349	0.1316019147634506	0.1297161877155304	0.0374634116888046	0.1291491836309433	0.1291507929563522	sub-127008	ses-1		dir-AP	acq-multiband	space-ACPC			DSIStudio	autotrackgqi
Commissure_CorpusCallosum	ngperp	TORTOISE_model-MAPMRI	/scratch/grmpy/SLURM_11194840_49/job-11194840-49-sub-127008/ds/inputs/data/qsiprep/qsiprep/sub-127008/ses-1/dwi/sub-127008_ses-1_acq-multiband_dir-AP_space-ACPC_desc-preproc_dwi.nii.gz	0.0001840555321834	0.2541165947914123	0.0711097568273544	0.2667022943496704	0.254163384437561	0.2667347192764282	0.0710326582193374	0.2868554890155792	0.2868590950965881	sub-127008	ses-1		dir-AP	acq-multiband	space-ACPC			DSIStudio	autotrackgqi
Commissure_CorpusCallosum	pa	TORTOISE_model-MAPMRI	/scratch/grmpy/SLURM_11194840_49/job-11194840-49-sub-127008/ds/inputs/data/qsiprep/qsiprep/sub-127008/ses-1/dwi/sub-127008_ses-1_acq-multiband_dir-AP_space-ACPC_desc-preproc_dwi.nii.gz	0.0001840555321834	0.6918176412582397	0.2527825236320495	0.7935553789138794	0.6919450163841248	0.7936724424362183	0.2526314258575439	0.8505396842956543	0.8505502939224243	sub-127008	ses-1		dir-AP	acq-multiband	space-ACPC			DSIStudio	autotrackgqi
Commissure_CorpusCallosum	path	TORTOISE_model-MAPMRI	/scratch/grmpy/SLURM_11194840_49/job-11194840-49-sub-127008/ds/inputs/data/qsiprep/qsiprep/sub-127008/ses-1/dwi/sub-127008_ses-1_acq-multiband_dir-AP_space-ACPC_desc-preproc_dwi.nii.gz	0.0001840555321834	0.2885977923870086	0.1316003948450088	0.2910496592521667	0.2886509299278259	0.291117250919342	0.1315542310476303	0.3806004524230957	0.3806052207946777	sub-127008	ses-1		dir-AP	acq-multiband	space-ACPC			DSIStudio	autotrackgqi
Commissure_CorpusCallosum	rd	TORTOISE_model-MAPMRI	/scratch/grmpy/SLURM_11194840_49/job-11194840-49-sub-127008/ds/inputs/data/qsiprep/qsiprep/sub-127008/ses-1/dwi/sub-127008_ses-1_acq-multiband_dir-AP_space-ACPC_desc-preproc_dwi.nii.gz	0.0001840555321834	652.8163082658722	309.2633056281428	609.0012764724112	652.9364848380711	609.0238739956719	309.16489378514035	523.6416939368748	523.6482484527187	sub-127008	ses-1		dir-AP	acq-multiband	space-ACPC			DSIStudio	autotrackgqi
Commissure_CorpusCallosum	rtap	TORTOISE_model-MAPMRI	/scratch/grmpy/SLURM_11194840_49/job-11194840-49-sub-127008/ds/inputs/data/qsiprep/qsiprep/sub-127008/ses-1/dwi/sub-127008_ses-1_acq-multiband_dir-AP_space-ACPC_desc-preproc_dwi.nii.gz	0.0005521665965502	0.0154500612989068	0.0079902466386556	0.0139067070558667	0.0154585968703031	0.0139122130349278	0.0079841949045658	0.0206309854984283	0.0206567905843257	sub-127008	ses-1		dir-AP	acq-multiband	space-ACPC			DSIStudio	autotrackgqi
Commissure_CorpusCallosum	rtop	TORTOISE_model-MAPMRI	/scratch/grmpy/SLURM_11194840_49/job-11194840-49-sub-127008/ds/inputs/data/qsiprep/qsiprep/sub-127008/ses-1/dwi/sub-127008_ses-1_acq-multiband_dir-AP_space-ACPC_desc-preproc_dwi.nii.gz	0.0005258729490954	0.000316869787639	0.0001500048965681	0.0003069834201596	0.0003170364943798	0.0003070725942961	0.0001498681231169	0.0003961788897868	0.000396635296056	sub-127008	ses-1		dir-AP	acq-multiband	space-ACPC			DSIStudio	autotrackgqi
Commissure_CorpusCallosum	rtpp	TORTOISE_model-MAPMRI	/scratch/grmpy/SLURM_11194840_49/job-11194840-49-sub-127008/ds/inputs/data/qsiprep/qsiprep/sub-127008/ses-1/dwi/sub-127008_ses-1_acq-multiband_dir-AP_space-ACPC_desc-preproc_dwi.nii.gz	0.0001840555321834	0.0476719886064529	0.0061412057839334	0.0485811382532119	0.0476807653903961	0.0485823191702365	0.0061076106503605	0.0448883697390556	0.0448889322578907	sub-127008	ses-1		dir-AP	acq-multiband	space-ACPC			DSIStudio	autotrackgqi
Cerebellum_SuperiorCerebellarPeduncle	ad	TORTOISE_model-MAPMRI	/scratch/grmpy/SLURM_11194840_49/job-11194840-49-sub-127008/ds/inputs/data/qsiprep/qsiprep/sub-127008/ses-1/dwi/sub-127008_ses-1_acq-multiband_dir-AP_space-ACPC_desc-preproc_dwi.nii.gz	0.0	1313.3406390746543	597.5575549449479	1099.283351249352	1313.3406390746543	1099.283351249352	597.5575549449479	1488.6225169662623	1488.6225169662623	sub-127008	ses-1		dir-AP	acq-multiband	space-ACPC			DSIStudio	autotrackgqi
Cerebellum_SuperiorCerebellarPeduncle	am	TORTOISE_model-MAPMRI	/scratch/grmpy/SLURM_11194840_49/job-11194840-49-sub-127008/ds/inputs/data/qsiprep/qsiprep/sub-127008/ses-1/dwi/sub-127008_ses-1_acq-multiband_dir-AP_space-ACPC_desc-preproc_dwi.nii.gz	0.0	6447.18017578125	1832.1854248046875	6252.3388671875	6447.18017578125	6252.3388671875	1832.1854248046875	6587.5380859375	6587.5380859375	sub-127008	ses-1		dir-AP	acq-multiband	space-ACPC			DSIStudio	autotrackgqi
Cerebellum_SuperiorCerebellarPeduncle	fa	TORTOISE_model-MAPMRI	/scratch/grmpy/SLURM_11194840_49/job-11194840-49-sub-127008/ds/inputs/data/qsiprep/qsiprep/sub-127008/ses-1/dwi/sub-127008_ses-1_acq-multiband_dir-AP_space-ACPC_desc-preproc_dwi.nii.gz	0.0	0.3571599893744788	0.1692924025165426	0.3354207819121738	0.3571599893744788	0.3354207819121738	0.1692924025165426	0.4606304371006209	0.4606304371006209	sub-127008	ses-1		dir-AP	acq-multiband	space-ACPC			DSIStudio	autotrackgqi
Cerebellum_SuperiorCerebellarPeduncle	li	TORTOISE_model-MAPMRI	/scratch/grmpy/SLURM_11194840_49/job-11194840-49-sub-127008/ds/inputs/data/qsiprep/qsiprep/sub-127008/ses-1/dwi/sub-127008_ses-1_acq-multiband_dir-AP_space-ACPC_desc-preproc_dwi.nii.gz	0.0	0.2078309506177902	0.1217029094696044	0.1888360232114792	0.2078309506177902	0.1888360232114792	0.1217029094696044	0.2836471796035766	0.2836471796035766	sub-127008	ses-1		dir-AP	acq-multiband	space-ACPC			DSIStudio	autotrackgqi
Cerebellum_SuperiorCerebellarPeduncle	ng	TORTOISE_model-MAPMRI	/scratch/grmpy/SLURM_11194840_49/job-11194840-49-sub-127008/ds/inputs/data/qsiprep/qsiprep/sub-127008/ses-1/dwi/sub-127008_ses-1_acq-multiband_dir-AP_space-ACPC_desc-preproc_dwi.nii.gz	0.0	0.3501297533512115	0.0678283423185348	0.3527911603450775	0.3501297533512115	0.3527911603450775	0.0678283423185348	0.3522185087203979	0.3522185087203979	sub-127008	ses-1		dir-AP	acq-multiband	space-ACPC			DSIStudio	autotrackgqi
Cerebellum_SuperiorCerebellarPeduncle	ngpar	TORTOISE_model-MAPMRI	/scratch/grmpy/SLURM_11194840_49/job-11194840-49-sub-127008/ds/inputs/data/qsiprep/qsiprep/sub-127008/ses-1/dwi/sub-127008_ses-1_acq-multiband_dir-AP_space-ACPC_desc-preproc_dwi.nii.gz	0.0	0.1756580621004104	0.0430232137441635	0.1755492240190506	0.1756580621004104	0.1755492240190506	0.0430232137441635	0.1617472171783447	0.1617472171783447	sub-127008	ses-1		dir-AP	acq-multiband	space-ACPC			DSIStudio	autotrackgqi
Cerebellum_SuperiorCerebellarPeduncle	ngperp	TORTOISE_model-MAPMRI	/scratch/grmpy/SLURM_11194840_49/job-11194840-49-sub-127008/ds/inputs/data/qsiprep/qsiprep/sub-127008/ses-1/dwi/sub-127008_ses-1_acq-multiband_dir-AP_space-ACPC_desc-preproc_dwi.nii.gz	0.0	0.2861844003200531	0.059974730014801	0.2904731333255768	0.2861844003200531	0.2904731333255768	0.059974730014801	0.2935996055603027	0.2935996055603027	sub-127008	ses-1		dir-AP	acq-multiband	space-ACPC			DSIStudio	autotrackgqi
Cerebellum_SuperiorCerebellarPeduncle	pa	TORTOISE_model-MAPMRI	/scratch/grmpy/SLURM_11194840_49/job-11194840-49-sub-127008/ds/inputs/data/qsiprep/qsiprep/sub-127008/ses-1/dwi/sub-127008_ses-1_acq-multiband_dir-AP_space-ACPC_desc-preproc_dwi.nii.gz	0.0	0.7309584021568298	0.1520890444517135	0.7533771395683289	0.7309584021568298	0.7533771395683289	0.1520890444517135	0.8039636611938477	0.8039636611938477	sub-127008	ses-1		dir-AP	acq-multiband	space-ACPC			DSIStudio	autotrackgqi
Cerebellum_SuperiorCerebellarPeduncle	path	TORTOISE_model-MAPMRI	/scratch/grmpy/SLURM_11194840_49/job-11194840-49-sub-127008/ds/inputs/data/qsiprep/qsiprep/sub-127008/ses-1/dwi/sub-127008_ses-1_acq-multiband_dir-AP_space-ACPC_desc-preproc_dwi.nii.gz	0.0	0.2799253165721893	0.084940105676651	0.2696512341499328	0.2799253165721893	0.2696512341499328	0.084940105676651	0.3345210552215576	0.3345210552215576	sub-127008	ses-1		dir-AP	acq-multiband	space-ACPC			DSIStudio	autotrackgqi
Cerebellum_SuperiorCerebellarPeduncle	rd	TORTOISE_model-MAPMRI	/scratch/grmpy/SLURM_11194840_49/job-11194840-49-sub-127008/ds/inputs/data/qsiprep/qsiprep/sub-127008/ses-1/dwi/sub-127008_ses-1_acq-multiband_dir-AP_space-ACPC_desc-preproc_dwi.nii.gz	0.0	780.3262946098379	520.8016954351725	629.7324310196941	780.3262946098379	629.7324310196941	520.8016954351725	719.5594970223191	719.5594970223191	sub-127008	ses-1		dir-AP	acq-multiband	space-ACPC			DSIStudio	autotrackgqi
Cerebellum_SuperiorCerebellarPeduncle	rtap	TORTOISE_model-MAPMRI	/scratch/grmpy/SLURM_11194840_49/job-11194840-49-sub-127008/ds/inputs/data/qsiprep/qsiprep/sub-127008/ses-1/dwi/sub-127008_ses-1_acq-multiband_dir-AP_space-ACPC_desc-preproc_dwi.nii.gz	0.0	0.0136504173278808	0.0059544453397393	0.0133969793096184	0.0136504173278808	0.0133969793096184	0.0059544453397393	0.0163332726806402	0.0163332726806402	sub-127008	ses-1		dir-AP	acq-multiband	space-ACPC			DSIStudio	autotrackgqi
Cerebellum_SuperiorCerebellarPeduncle	rtop	TORTOISE_model-MAPMRI	/scratch/grmpy/SLURM_11194840_49/job-11194840-49-sub-127008/ds/inputs/data/qsiprep/qsiprep/sub-127008/ses-1/dwi/sub-127008_ses-1_acq-multiband_dir-AP_space-ACPC_desc-preproc_dwi.nii.gz	0.0	0.0003046796191483	0.0001245032617589	0.0003149611002299	0.0003046796191483	0.0003149611002299	0.0001245032617589	0.0003285626880824	0.0003285626880824	sub-127008	ses-1		dir-AP	acq-multiband	space-ACPC			DSIStudio	autotrackgqi
Cerebellum_SuperiorCerebellarPeduncle	rtpp	TORTOISE_model-MAPMRI	/scratch/grmpy/SLURM_11194840_49/job-11194840-49-sub-127008/ds/inputs/data/qsiprep/qsiprep/sub-127008/ses-1/dwi/sub-127008_ses-1_acq-multiband_dir-AP_space-ACPC_desc-preproc_dwi.nii.gz	0.0	0.0476983897387981	0.0089626526460051	0.0499577112495899	0.0476983897387981	0.0499577112495899	0.0089626526460051	0.0443100817501544	0.0443100817501544	sub-127008	ses-1		dir-AP	acq-multiband	space-ACPC			DSIStudio	autotrackgqi
Cerebellum_InferiorCerebellarPeduncleL	ad	TORTOISE_model-MAPMRI	/scratch/grmpy/SLURM_11194840_49/job-11194840-49-sub-127008/ds/inputs/data/qsiprep/qsiprep/sub-127008/ses-1/dwi/sub-127008_ses-1_acq-multiband_dir-AP_space-ACPC_desc-preproc_dwi.nii.gz	0.0052189040301536	1178.8235616983409	547.602398974977	1023.3461699539358	1185.008004750095	1024.7614090954785	542.321830216449	1222.8978405183238	1227.141692296233	sub-127008	ses-1		dir-AP	acq-multiband	space-ACPC			DSIStudio	autotrackgqi
Cerebellum_InferiorCerebellarPeduncleL	am	TORTOISE_model-MAPMRI	/scratch/grmpy/SLURM_11194840_49/job-11194840-49-sub-127008/ds/inputs/data/qsiprep/qsiprep/sub-127008/ses-1/dwi/sub-127008_ses-1_acq-multiband_dir-AP_space-ACPC_desc-preproc_dwi.nii.gz	0.0	6330.01904296875	1286.8233642578125	6324.28662109375	6330.01904296875	6324.28662109375	1286.8233642578125	6090.107421875	6090.107421875	sub-127008	ses-1		dir-AP	acq-multiband	space-ACPC			DSIStudio	autotrackgqi
Cerebellum_InferiorCerebellarPeduncleL	fa	TORTOISE_model-MAPMRI	/scratch/grmpy/SLURM_11194840_49/job-11194840-49-sub-127008/ds/inputs/data/qsiprep/qsiprep/sub-127008/ses-1/dwi/sub-127008_ses-1_acq-multiband_dir-AP_space-ACPC_desc-preproc_dwi.nii.gz	0.0052189040301536	0.3323076792348101	0.1591407269058199	0.3002656611611951	0.3340510596563277	0.3027516470219171	0.1577220944158247	0.4120898417307729	0.4135199267917333	sub-127008	ses-1		dir-AP	acq-multiband	space-ACPC			DSIStudio	autotrackgqi
Cerebellum_InferiorCerebellarPeduncleL	li	TORTOISE_model-MAPMRI	/scratch/grmpy/SLURM_11194840_49/job-11194840-49-sub-127008/ds/inputs/data/qsiprep/qsiprep/sub-127008/ses-1/dwi/sub-127008_ses-1_acq-multiband_dir-AP_space-ACPC_desc-preproc_dwi.nii.gz	0.0066685995940852	0.1942221075296402	0.1203989088535308	0.1638218164443969	0.1955260038375854	0.1651964634656906	0.1197425201535224	0.2571658492088318	0.2582960426807403	sub-127008	ses-1		dir-AP	acq-multiband	space-ACPC			DSIStudio	autotrackgqi
Cerebellum_InferiorCerebellarPeduncleL	ng	TORTOISE_model-MAPMRI	/scratch/grmpy/SLURM_11194840_49/job-11194840-49-sub-127008/ds/inputs/data/qsiprep/qsiprep/sub-127008/ses-1/dwi/sub-127008_ses-1_acq-multiband_dir-AP_space-ACPC_desc-preproc_dwi.nii.gz	0.0	0.3593029379844665	0.0696586892008781	0.3564634621143341	0.3593029379844665	0.3564634621143341	0.0696586892008781	0.3687799274921417	0.3687799274921417	sub-127008	ses-1		dir-AP	acq-multiband	space-ACPC			DSIStudio	autotrackgqi
Cerebellum_InferiorCerebellarPeduncleL	ngpar	TORTOISE_model-MAPMRI	/scratch/grmpy/SLURM_11194840_49/job-11194840-49-sub-127008/ds/inputs/data/qsiprep/qsiprep/sub-127008/ses-1/dwi/sub-127008_ses-1_acq-multiband_dir-AP_space-ACPC_desc-preproc_dwi.nii.gz	0.0	0.177436962723732	0.0453849099576473	0.1728982031345367	0.177436962723732	0.1728982031345367	0.0453849099576473	0.1710422337055206	0.1710422337055206	sub-127008	ses-1		dir-AP	acq-multiband	space-ACPC			DSIStudio	autotrackgqi
Cerebellum_InferiorCerebellarPeduncleL	ngperp	TORTOISE_model-MAPMRI	/scratch/grmpy/SLURM_11194840_49/job-11194840-49-sub-127008/ds/inputs/data/qsiprep/qsiprep/sub-127008/ses-1/dwi/sub-127008_ses-1_acq-multiband_dir-AP_space-ACPC_desc-preproc_dwi.nii.gz	0.0	0.2945483922958374	0.0540045350790023	0.2947567701339721	0.2945483922958374	0.2947567701339721	0.0540045350790023	0.3074291944503784	0.3074291944503784	sub-127008	ses-1		dir-AP	acq-multiband	space-ACPC			DSIStudio	autotrackgqi
Cerebellum_InferiorCerebellarPeduncleL	pa	TORTOISE_model-MAPMRI	/scratch/grmpy/SLURM_11194840_49/job-11194840-49-sub-127008/ds/inputs/data/qsiprep/qsiprep/sub-127008/ses-1/dwi/sub-127008_ses-1_acq-multiband_dir-AP_space-ACPC_desc-preproc_dwi.nii.gz	0.0	0.7185863852500916	0.1515669971704483	0.7333277463912964	0.7185863852500916	0.7333277463912964	0.1515669971704483	0.7962767481803894	0.7962767481803894	sub-127008	ses-1		dir-AP	acq-multiband	space-ACPC			DSIStudio	autotrackgqi
Cerebellum_InferiorCerebellarPeduncleL	path	TORTOISE_model-MAPMRI	/scratch/grmpy/SLURM_11194840_49/job-11194840-49-sub-127008/ds/inputs/data/qsiprep/qsiprep/sub-127008/ses-1/dwi/sub-127008_ses-1_acq-multiband_dir-AP_space-ACPC_desc-preproc_dwi.nii.gz	0.0	0.2750208377838135	0.0903255119919776	0.2600859999656677	0.2750208377838135	0.2600859999656677	0.0903255119919776	0.3169560730457306	0.3169560730457306	sub-127008	ses-1		dir-AP	acq-multiband	space-ACPC			DSIStudio	autotrackgqi
Cerebellum_InferiorCerebellarPeduncleL	rd	TORTOISE_model-MAPMRI	/scratch/grmpy/SLURM_11194840_49/job-11194840-49-sub-127008/ds/inputs/data/qsiprep/qsiprep/sub-127008/ses-1/dwi/sub-127008_ses-1_acq-multiband_dir-AP_space-ACPC_desc-preproc_dwi.nii.gz	0.0052189040301536	716.4740834550953	452.9889766870172	605.8323389864133	720.2329098911757	606.367963138305	451.18545496577366	644.1069494561616	646.3422093607612	sub-127008	ses-1		dir-AP	acq-multiband	space-ACPC			DSIStudio	autotrackgqi
Cerebellum_InferiorCerebellarPeduncleL	rtap	TORTOISE_model-MAPMRI	/scratch/grmpy/SLURM_11194840_49/job-11194840-49-sub-127008/ds/inputs/data/qsiprep/qsiprep/sub-127008/ses-1/dwi/sub-127008_ses-1_acq-multiband_dir-AP_space-ACPC_desc-preproc_dwi.nii.gz	0.0052189040301536	0.0142498509958386	0.005182022228837	0.0139835821464657	0.0143246091902256	0.0140075571835041	0.0050914972089231	0.0163447987288236	0.0164015218615531	sub-127008	ses-1		dir-AP	acq-multiband	space-ACPC			DSIStudio	autotrackgqi
Cerebellum_InferiorCerebellarPeduncleL	rtop	TORTOISE_model-MAPMRI	/scratch/grmpy/SLURM_11194840_49/job-11194840-49-sub-127008/ds/inputs/data/qsiprep/qsiprep/sub-127008/ses-1/dwi/sub-127008_ses-1_acq-multiband_dir-AP_space-ACPC_desc-preproc_dwi.nii.gz	0.0052189040301536	0.000330199371092	0.0001114183542085	0.0003473203396424	0.0003319316892884	0.000347891356796	0.0001091062149498	0.0003643065865617	0.0003655708860605	sub-127008	ses-1		dir-AP	acq-multiband	space-ACPC			DSIStudio	autotrackgqi
Cerebellum_InferiorCerebellarPeduncleL	rtpp	TORTOISE_model-MAPMRI	/scratch/grmpy/SLURM_11194840_49/job-11194840-49-sub-127008/ds/inputs/data/qsiprep/qsiprep/sub-127008/ses-1/dwi/sub-127008_ses-1_acq-multiband_dir-AP_space-ACPC_desc-preproc_dwi.nii.gz	0.0052189040301536	0.0500990077853202	0.0090855499729514	0.0521116442978382	0.0503618419170379	0.0521695464849472	0.0083512580022215	0.0488433912396431	0.0490128919482231	sub-127008	ses-1		dir-AP	acq-multiband	space-ACPC			DSIStudio	autotrackgqi
Cerebellum_CerebellumL	ad	TORTOISE_model-MAPMRI	/scratch/grmpy/SLURM_11194840_49/job-11194840-49-sub-127008/ds/inputs/data/qsiprep/qsiprep/sub-127008/ses-1/dwi/sub-127008_ses-1_acq-multiband_dir-AP_space-ACPC_desc-preproc_dwi.nii.gz	0.008235294117647	940.5663861510964	253.55801206073912	889.0234762350359	948.3765459412002	890.219704788632	239.62168174267225	924.8923311421606	928.0393956555556	sub-127008	ses-1		dir-AP	acq-multiband	space-ACPC			DSIStudio	autotrackgqi
Cerebellum_CerebellumL	am	TORTOISE_model-MAPMRI	/scratch/grmpy/SLURM_11194840_49/job-11194840-49-sub-127008/ds/inputs/data/qsiprep/qsiprep/sub-127008/ses-1/dwi/sub-127008_ses-1_acq-multiband_dir-AP_space-ACPC_desc-preproc_dwi.nii.gz	0.0079144385026737	6580.42431640625	1204.900634765625	6722.8349609375	6632.92041015625	6729.12353515625	1056.0145263671875	6689.77001953125	6712.22216796875	sub-127008	ses-1		dir-AP	acq-multiband	space-ACPC			DSIStudio	autotrackgqi
Cerebellum_CerebellumL	fa	TORTOISE_model-MAPMRI	/scratch/grmpy/SLURM_11194840_49/job-11194840-49-sub-127008/ds/inputs/data/qsiprep/qsiprep/sub-127008/ses-1/dwi/sub-127008_ses-1_acq-multiband_dir-AP_space-ACPC_desc-preproc_dwi.nii.gz	0.008235294117647	0.2362578450037989	0.0913898548563038	0.221104318546915	0.2382196539184212	0.2215721524168618	0.0891858582946467	0.2441805118049792	0.2450113672034624	sub-127008	ses-1		dir-AP	acq-multiband	space-ACPC			DSIStudio	autotrackgqi
Cerebellum_CerebellumL	li	TORTOISE_model-MAPMRI	/scratch/grmpy/SLURM_11194840_49/job-11194840-49-sub-127008/ds/inputs/data/qsiprep/qsiprep/sub-127008/ses-1/dwi/sub-127008_ses-1_acq-multiband_dir-AP_space-ACPC_desc-preproc_dwi.nii.gz	0.0083422459893048	0.1328229904174804	0.0627277120947837	0.122683435678482	0.1339403539896011	0.1230921149253845	0.0617916360497474	0.1390698552131652	0.1395439356565475	sub-127008	ses-1		dir-AP	acq-multiband	space-ACPC			DSIStudio	autotrackgqi
Cerebellum_CerebellumL	ng	TORTOISE_model-MAPMRI	/scratch/grmpy/SLURM_11194840_49/job-11194840-49-sub-127008/ds/inputs/data/qsiprep/qsiprep/sub-127008/ses-1/dwi/sub-127008_ses-1_acq-multiband_dir-AP_space-ACPC_desc-preproc_dwi.nii.gz	0.0079144385026737	0.3095363974571228	0.0588124133646488	0.3110550940036773	0.3120057582855224	0.3116902709007263	0.0521156638860702	0.3089212775230407	0.3099580705165863	sub-127008	ses-1		dir-AP	acq-multiband	space-ACPC			DSIStudio	autotrackgqi
Cerebellum_CerebellumL	ngpar	TORTOISE_model-MAPMRI	/scratch/grmpy/SLURM_11194840_49/job-11194840-49-sub-127008/ds/inputs/data/qsiprep/qsiprep/sub-127008/ses-1/dwi/sub-127008_ses-1_acq-multiband_dir-AP_space-ACPC_desc-preproc_dwi.nii.gz	0.0079144385026737	0.163720965385437	0.034890241920948	0.1625953912734985	0.1650270670652389	0.1628439724445343	0.0318040736019611	0.1622791737318039	0.1628237962722778	sub-127008	ses-1		dir-AP	acq-multiband	space-ACPC			DSIStudio	autotrackgqi
Cerebellum_CerebellumL	ngperp	TORTOISE_model-MAPMRI	/scratch/grmpy/SLURM_11194840_49/job-11194840-49-sub-127008/ds/inputs/data/qsiprep/qsiprep/sub-127008/ses-1/dwi/sub-127008_ses-1_acq-multiband_dir-AP_space-ACPC_desc-preproc_dwi.nii.gz	0.0079144385026737	0.2529517114162445	0.0515206195414066	0.256399005651474	0.2549696564674377	0.2569538950920105	0.0464869439601898	0.2535458207130432	0.2543967366218567	sub-127008	ses-1		dir-AP	acq-multiband	space-ACPC			DSIStudio	autotrackgqi
Cerebellum_CerebellumL	pa	TORTOISE_model-MAPMRI	/scratch/grmpy/SLURM_11194840_49/job-11194840-49-sub-127008/ds/inputs/data/qsiprep/qsiprep/sub-127008/ses-1/dwi/sub-127008_ses-1_acq-multiband_dir-AP_space-ACPC_desc-preproc_dwi.nii.gz	0.0079144385026737	0.5720517039299011	0.1280189156532287	0.5606003999710083	0.5766153335571289	0.5615353584289551	0.1178480088710784	0.5808866620063782	0.5828361511230469	sub-127008	ses-1		dir-AP	acq-multiband	space-ACPC			DSIStudio	autotrackgqi
Cerebellum_CerebellumL	path	TORTOISE_model-MAPMRI	/scratch/grmpy/SLURM_11194840_49/job-11194840-49-sub-127008/ds/inputs/data/qsiprep/qsiprep/sub-127008/ses-1/dwi/sub-127008_ses-1_acq-multiband_dir-AP_space-ACPC_desc-preproc_dwi.nii.gz	0.0079144385026737	0.2045066058635711	0.0538252480328083	0.1952590495347976	0.2061380743980407	0.195555493235588	0.0508326888084411	0.2062825262546539	0.2069747895002365	sub-127008	ses-1		dir-AP	acq-multiband	space-ACPC			DSIStudio	autotrackgqi
Cerebellum_CerebellumL	rd	TORTOISE_model-MAPMRI	/scratch/grmpy/SLURM_11194840_49/job-11194840-49-sub-127008/ds/inputs/data/qsiprep/qsiprep/sub-127008/ses-1/dwi/sub-127008_ses-1_acq-multiband_dir-AP_space-ACPC_desc-preproc_dwi.nii.gz	0.008235294117647	653.4987760891319	212.8160923967653	612.9560730578279	658.9252190697059	613.6202122665065	205.16127393563943	634.3500438327845	636.5085010432731	sub-127008	ses-1		dir-AP	acq-multiband	space-ACPC			DSIStudio	autotrackgqi
Cerebellum_CerebellumL	rtap	TORTOISE_model-MAPMRI	/scratch/grmpy/SLURM_11194840_49/job-11194840-49-sub-127008/ds/inputs/data/qsiprep/qsiprep/sub-127008/ses-1/dwi/sub-127008_ses-1_acq-multiband_dir-AP_space-ACPC_desc-preproc_dwi.nii.gz	0.008235294117647	0.0129179060459136	0.0030194008722901	0.013083653524518	0.0130251720547676	0.0131007134914398	0.0027920110151171	0.0132798431441187	0.0133250299841165	sub-127008	ses-1		dir-AP	acq-multiband	space-ACPC			DSIStudio	autotrackgqi
Cerebellum_CerebellumL	rtop	TORTOISE_model-MAPMRI	/scratch/grmpy/SLURM_11194840_49/job-11194840-49-sub-127008/ds/inputs/data/qsiprep/qsiprep/sub-127008/ses-1/dwi/sub-127008_ses-1_acq-multiband_dir-AP_space-ACPC_desc-preproc_dwi.nii.gz	0.008235294117647	0.0003209408314432	7.653088687220588e-05	0.0003324867866467	0.0003236058109905	0.0003329800383653	7.101552910171449e-05	0.0003310958272777	0.0003322224656585	sub-127008	ses-1		dir-AP	acq-multiband	space-ACPC			DSIStudio	autotrackgqi
Cerebellum_CerebellumL	rtpp	TORTOISE_model-MAPMRI	/scratch/grmpy/SLURM_11194840_49/job-11194840-49-sub-127008/ds/inputs/data/qsiprep/qsiprep/sub-127008/ses-1/dwi/sub-127008_ses-1_acq-multiband_dir-AP_space-ACPC_desc-preproc_dwi.nii.gz	0.008235294117647	0.0546590499579906	0.0073068067431449	0.0560675151646137	0.0551129207015037	0.0561039038002491	0.0053682951256632	0.055310308933258	0.055498506873846	sub-127008	ses-1		dir-AP	acq-multiband	space-ACPC			DSIStudio	autotrackgqi
Cerebellum_Vermis	ad	TORTOISE_model-MAPMRI	/scratch/grmpy/SLURM_11194840_49/job-11194840-49-sub-127008/ds/inputs/data/qsiprep/qsiprep/sub-127008/ses-1/dwi/sub-127008_ses-1_acq-multiband_dir-AP_space-ACPC_desc-preproc_dwi.nii.gz	0.0016920473773265	927.9876965880534	229.01396806058767	880.0799192208904	929.5605570907452	880.1572707748687	225.9960671691632	919.0698569436584	919.2532428954472	sub-127008	ses-1		dir-AP	acq-multiband	space-ACPC			DSIStudio	autotrackgqi
Cerebellum_Vermis	am	TORTOISE_model-MAPMRI	/scratch/grmpy/SLURM_11194840_49/job-11194840-49-sub-127008/ds/inputs/data/qsiprep/qsiprep/sub-127008/ses-1/dwi/sub-127008_ses-1_acq-multiband_dir-AP_space-ACPC_desc-preproc_dwi.nii.gz	0.0001880052641473	6220.77392578125	1143.43115234375	6380.10107421875	6221.943359375	6380.1220703125	1140.3519287109375	6276.52685546875	6276.6005859375	sub-127008	ses-1		dir-AP	acq-multiband	space-ACPC			DSIStudio	autotrackgqi
Cerebellum_Vermis	fa	TORTOISE_model-MAPMRI	/scratch/grmpy/SLURM_11194840_49/job-11194840-49-sub-127008/ds/inputs/data/qsiprep/qsiprep/sub-127008/ses-1/dwi/sub-127008_ses-1_acq-multiband_dir-AP_space-ACPC_desc-preproc_dwi.nii.gz	0.0016920473773265	0.2496431004321267	0.0956340420094692	0.2330532356123226	0.2500662243311642	0.2332371448246165	0.0951607191533012	0.2536164901354808	0.2536670953850092	sub-127008	ses-1		dir-AP	acq-multiband	space-ACPC			DSIStudio	autotrackgqi
Cerebellum_Vermis	li	TORTOISE_model-MAPMRI	/scratch/grmpy/SLURM_11194840_49/job-11194840-49-sub-127008/ds/inputs/data/qsiprep/qsiprep/sub-127008/ses-1/dwi/sub-127008_ses-1_acq-multiband_dir-AP_space-ACPC_desc-preproc_dwi.nii.gz	0.0035721000188005	0.1337554901838302	0.0646689310669899	0.1235484555363655	0.134234994649887	0.1237383186817169	0.0642860606312751	0.1376683712005615	0.1377373337745666	sub-127008	ses-1		dir-AP	acq-multiband	space-ACPC			DSIStudio	autotrackgqi
Cerebellum_Vermis	ng	TORTOISE_model-MAPMRI	/scratch/grmpy/SLURM_11194840_49/job-11194840-49-sub-127008/ds/inputs/data/qsiprep/qsiprep/sub-127008/ses-1/dwi/sub-127008_ses-1_acq-multiband_dir-AP_space-ACPC_desc-preproc_dwi.nii.gz	0.0001880052641473	0.3159210979938507	0.0509556345641613	0.3144196569919586	0.3159804940223694	0.3144301176071167	0.0507759116590023	0.3120281398296356	0.3120318055152893	sub-127008	ses-1		dir-AP	acq-multiband	space-ACPC			DSIStudio	autotrackgqi
Cerebellum_Vermis	ngpar	TORTOISE_model-MAPMRI	/scratch/grmpy/SLURM_11194840_49/job-11194840-49-sub-127008/ds/inputs/data/qsiprep/qsiprep/sub-127008/ses-1/dwi/sub-127008_ses-1_acq-multiband_dir-AP_space-ACPC_desc-preproc_dwi.nii.gz	0.0001880052641473	0.1688137799501419	0.0334593914449214	0.1672908663749694	0.1688455194234848	0.1673024296760559	0.0333823561668396	0.1660248041152954	0.1660267412662506	sub-127008	ses-1		dir-AP	acq-multiband	space-ACPC			DSIStudio	autotrackgqi
Cerebellum_Vermis	ngperp	TORTOISE_model-MAPMRI	/scratch/grmpy/SLURM_11194840_49/job-11194840-49-sub-127008/ds/inputs/data/qsiprep/qsiprep/sub-127008/ses-1/dwi/sub-127008_ses-1_acq-multiband_dir-AP_space-ACPC_desc-preproc_dwi.nii.gz	0.0001880052641473	0.2572003006935119	0.0459296554327011	0.2573302090167999	0.2572486698627472	0.2573302686214447	0.0457983464002609	0.255185604095459	0.2551885843276977	sub-127008	ses-1		dir-AP	acq-multiband	space-ACPC			DSIStudio	autotrackgqi
Cerebellum_Vermis	pa	TORTOISE_model-MAPMRI	/scratch/grmpy/SLURM_11194840_49/job-11194840-49-sub-127008/ds/inputs/data/qsiprep/qsiprep/sub-127008/ses-1/dwi/sub-127008_ses-1_acq-multiband_dir-AP_space-ACPC_desc-preproc_dwi.nii.gz	0.0001880052641473	0.5903573632240295	0.1223122105002403	0.5676306486129761	0.5904684066772461	0.5676357746124268	0.1220554932951927	0.588702917098999	0.588709831237793	sub-127008	ses-1		dir-AP	acq-multiband	space-ACPC			DSIStudio	autotrackgqi
Cerebellum_Vermis	path	TORTOISE_model-MAPMRI	/scratch/grmpy/SLURM_11194840_49/job-11194840-49-sub-127008/ds/inputs/data/qsiprep/qsiprep/sub-127008/ses-1/dwi/sub-127008_ses-1_acq-multiband_dir-AP_space-ACPC_desc-preproc_dwi.nii.gz	0.0001880052641473	0.2122411429882049	0.0582358725368976	0.1974980235099792	0.212281048297882	0.1974996626377105	0.0581685714423656	0.2100719213485717	0.2100743949413299	sub-127008	ses-1		dir-AP	acq-multiband	space-ACPC			DSIStudio	autotrackgqi
Cerebellum_Vermis	rd	TORTOISE_model-MAPMRI	/scratch/grmpy/SLURM_11194840_49/job-11194840-49-sub-127008/ds/inputs/data/qsiprep/qsiprep/sub-127008/ses-1/dwi/sub-127008_ses-1_acq-multiband_dir-AP_space-ACPC_desc-preproc_dwi.nii.gz	0.0016920473773265	633.6611370847028	184.859295306876	599.7928345937374	634.735139011965	599.885112312109	183.1643321401588	620.9375419105938	621.0614401584535	sub-127008	ses-1		dir-AP	acq-multiband	space-ACPC			DSIStudio	autotrackgqi
Cerebellum_Vermis	rtap	TORTOISE_model-MAPMRI	/scratch/grmpy/SLURM_11194840_49/job-11194840-49-sub-127008/ds/inputs/data/qsiprep/qsiprep/sub-127008/ses-1/dwi/sub-127008_ses-1_acq-multiband_dir-AP_space-ACPC_desc-preproc_dwi.nii.gz	0.0016920473773265	0.0134509764611721	0.0027680925559252	0.0134703377261757	0.0134737752377986	0.0134751936420798	0.0027144327759742	0.0136024914681911	0.0136052062734961	sub-127008	ses-1		dir-AP	acq-multiband	space-ACPC			DSIStudio	autotrackgqi
Cerebellum_Vermis	rtop	TORTOISE_model-MAPMRI	/scratch/grmpy/SLURM_11194840_49/job-11194840-49-sub-127008/ds/inputs/data/qsiprep/qsiprep/sub-127008/ses-1/dwi/sub-127008_ses-1_acq-multiband_dir-AP_space-ACPC_desc-preproc_dwi.nii.gz	0.0016920473773265	0.0003381493443157	7.011889101704583e-05	0.0003463507164269	0.0003387224569451	0.0003464813926257	6.878123531350866e-05	0.000342289917171	0.000342358223861	sub-127008	ses-1		dir-AP	acq-multiband	space-ACPC			DSIStudio	autotrackgqi
Cerebellum_Vermis	rtpp	TORTOISE_model-MAPMRI	/scratch/grmpy/SLURM_11194840_49/job-11194840-49-sub-127008/ds/inputs/data/qsiprep/qsiprep/sub-127008/ses-1/dwi/sub-127008_ses-1_acq-multiband_dir-AP_space-ACPC_desc-preproc_dwi.nii.gz	0.0016920473773265	0.055706612765789	0.0057850591838359	0.0565719492733478	0.0558010302484035	0.0565758869051933	0.0053155445493757	0.0559649914503097	0.0559761598706245	sub-127008	ses-1		dir-AP	acq-multiband	space-ACPC			DSIStudio	autotrackgqi
Cerebellum_CerebellumR	ad	TORTOISE_model-MAPMRI	/scratch/grmpy/SLURM_11194840_49/job-11194840-49-sub-127008/ds/inputs/data/qsiprep/qsiprep/sub-127008/ses-1/dwi/sub-127008_ses-1_acq-multiband_dir-AP_space-ACPC_desc-preproc_dwi.nii.gz	0.0061969015492253	950.6512187112788	256.5858135260287	902.539818354413	956.57904487643	903.2774691713998	246.12267335171916	938.730871373674	939.6695747735624	sub-127008	ses-1		dir-AP	acq-multiband	space-ACPC			DSIStudio	autotrackgqi
Cerebellum_CerebellumR	am	TORTOISE_model-MAPMRI	/scratch/grmpy/SLURM_11194840_49/job-11194840-49-sub-127008/ds/inputs/data/qsiprep/qsiprep/sub-127008/ses-1/dwi/sub-127008_ses-1_acq-multiband_dir-AP_space-ACPC_desc-preproc_dwi.nii.gz	0.0060969515242378	6417.4833984375	1303.6124267578125	6621.8759765625	6456.8505859375	6627.33203125	1206.5001220703125	6585.92822265625	6592.4921875	sub-127008	ses-1		dir-AP	acq-multiband	space-ACPC			DSIStudio	autotrackgqi
Cerebellum_CerebellumR	fa	TORTOISE_model-MAPMRI	/scratch/grmpy/SLURM_11194840_49/job-11194840-49-sub-127008/ds/inputs/data/qsiprep/qsiprep/sub-127008/ses-1/dwi/sub-127008_ses-1_acq-multiband_dir-AP_space-ACPC_desc-preproc_dwi.nii.gz	0.0061969015492253	0.2556582780507442	0.1040232528732949	0.2391841997015356	0.2572524461327261	0.2397300610712284	0.1023631148928683	0.2604879054766487	0.2607483857528202	sub-127008	ses-1		dir-AP	acq-multiband	space-ACPC			DSIStudio	autotrackgqi
Cerebellum_CerebellumR	li	TORTOISE_model-MAPMRI	/scratch/grmpy/SLURM_11194840_49/job-11194840-49-sub-127008/ds/inputs/data/qsiprep/qsiprep/sub-127008/ses-1/dwi/sub-127008_ses-1_acq-multiband_dir-AP_space-ACPC_desc-preproc_dwi.nii.gz	0.0062968515742128	0.1486175805330276	0.0760815143585205	0.136515200138092	0.1495593190193176	0.1368478536605835	0.0753938257694244	0.1532299071550369	0.1533872038125991	sub-127008	ses-1		dir-AP	acq-multiband	space-ACPC			DSIStudio	autotrackgqi
Cerebellum_CerebellumR	ng	TORTOISE_model-MAPMRI	/scratch/grmpy/SLURM_11194840_49/job-11194840-49-sub-127008/ds/inputs/data/qsiprep/qsiprep/sub-127008/ses-1/dwi/sub-127008_ses-1_acq-multiband_dir-AP_space-ACPC_desc-preproc_dwi.nii.gz	0.0060969515242378	0.3121214509010315	0.0567541047930717	0.3132916688919067	0.3140361309051513	0.3136715888977051	0.0513762012124061	0.3115007281303406	0.3118111193180084	sub-127008	ses-1		dir-AP	acq-multiband	space-ACPC			DSIStudio	autotrackgqi
Cerebellum_CerebellumR	ngpar	TORTOISE_model-MAPMRI	/scratch/grmpy/SLURM_11194840_49/job-11194840-49-sub-127008/ds/inputs/data/qsiprep/qsiprep/sub-127008/ses-1/dwi/sub-127008_ses-1_acq-multiband_dir-AP_space-ACPC_desc-preproc_dwi.nii.gz	0.0060969515242378	0.161691665649414	0.0333838313817977	0.1612106263637542	0.1626835316419601	0.1614443063735962	0.0309831425547599	0.1590871214866638	0.1592456698417663	sub-127008	ses-1		dir-AP	acq-multiband	space-ACPC			DSIStudio	autotrackgqi
Cerebellum_CerebellumR	ngperp	TORTOISE_model-MAPMRI	/scratch/grmpy/SLURM_11194840_49/job-11194840-49-sub-127008/ds/inputs/data/qsiprep/qsiprep/sub-127008/ses-1/dwi/sub-127008_ses-1_acq-multiband_dir-AP_space-ACPC_desc-preproc_dwi.nii.gz	0.0060969515242378	0.2562181651592254	0.050277043133974	0.2589588165283203	0.2577899098396301	0.2592785358428955	0.0462397038936615	0.2573243975639343	0.2575808763504028	sub-127008	ses-1		dir-AP	acq-multiband	space-ACPC			DSIStudio	autotrackgqi
Cerebellum_CerebellumR	pa	TORTOISE_model-MAPMRI	/scratch/grmpy/SLURM_11194840_49/job-11194840-49-sub-127008/ds/inputs/data/qsiprep/qsiprep/sub-127008/ses-1/dwi/sub-127008_ses-1_acq-multiband_dir-AP_space-ACPC_desc-preproc_dwi.nii.gz	0.0060969515242378	0.5939264893531799	0.1314128339290619	0.5776017308235168	0.5975698232650757	0.5782034993171692	0.1232806146144867	0.5999374389648438	0.6005353331565857	sub-127008	ses-1		dir-AP	acq-multiband	space-ACPC			DSIStudio	autotrackgqi
Cerebellum_CerebellumR	path	TORTOISE_model-MAPMRI	/scratch/grmpy/SLURM_11194840_49/job-11194840-49-sub-127008/ds/inputs/data/qsiprep/qsiprep/sub-127008/ses-1/dwi/sub-127008_ses-1_acq-multiband_dir-AP_space-ACPC_desc-preproc_dwi.nii.gz	0.0060969515242378	0.2138001024723053	0.060461014509201	0.200713500380516	0.2151116281747818	0.2009091079235077	0.0582737885415554	0.2157687693834304	0.2159837931394577	sub-127008	ses-1		dir-AP	acq-multiband	space-ACPC			DSIStudio	autotrackgqi
Cerebellum_CerebellumR	rd	TORTOISE_model-MAPMRI	/scratch/grmpy/SLURM_11194840_49/job-11194840-49-sub-127008/ds/inputs/data/qsiprep/qsiprep/sub-127008/ses-1/dwi/sub-127008_ses-1_acq-multiband_dir-AP_space-ACPC_desc-preproc_dwi.nii.gz	0.0061969015492253	639.6021205949982	214.334587224702	600.9559095379618	643.5903868603999	601.3660932928276	208.9472708825066	625.8726639094403	626.4985182989681	sub-127008	ses-1		dir-AP	acq-multiband	space-ACPC			DSIStudio	autotrackgqi
Cerebellum_CerebellumR	rtap	TORTOISE_model-MAPMRI	/scratch/grmpy/SLURM_11194840_49/job-11194840-49-sub-127008/ds/inputs/data/qsiprep/qsiprep/sub-127008/ses-1/dwi/sub-127008_ses-1_acq-multiband_dir-AP_space-ACPC_desc-preproc_dwi.nii.gz	0.0061969015492253	0.0134883364662528	0.0034579178318381	0.0134187834337353	0.0135724432766437	0.0134288864210248	0.0033000328112393	0.0137991942465305	0.0138129945844411	sub-127008	ses-1		dir-AP	acq-multiband	space-ACPC			DSIStudio	autotrackgqi
Cerebellum_CerebellumR	rtop	TORTOISE_model-MAPMRI	/scratch/grmpy/SLURM_11194840_49/job-11194840-49-sub-127008/ds/inputs/data/qsiprep/qsiprep/sub-127008/ses-1/dwi/sub-127008_ses-1_acq-multiband_dir-AP_space-ACPC_desc-preproc_dwi.nii.gz	0.0061969015492253	0.0003315037756692	7.991899474291131e-05	0.0003379978006705	0.0003335708752274	0.0003383157309144	7.574527262477204e-05	0.000338915066095	0.0003392539510969	sub-127008	ses-1		dir-AP	acq-multiband	space-ACPC			DSIStudio	autotrackgqi
Cerebellum_CerebellumR	rtpp	TORTOISE_model-MAPMRI	/scratch/grmpy/SLURM_11194840_49/job-11194840-49-sub-127008/ds/inputs/data/qsiprep/qsiprep/sub-127008/ses-1/dwi/sub-127008_ses-1_acq-multiband_dir-AP_space-ACPC_desc-preproc_dwi.nii.gz	0.0061969015492253	0.0545725747942924	0.0067572952248156	0.0557563342154026	0.0549128614366054	0.0557787232100963	0.0052210614085197	0.0551048293709754	0.0551599338650703	sub-127008	ses-1		dir-AP	acq-multiband	space-ACPC			DSIStudio	autotrackgqi
Cerebellum_MiddleCerebellarPeduncle	ad	TORTOISE_model-MAPMRI	/scratch/grmpy/SLURM_11194840_49/job-11194840-49-sub-127008/ds/inputs/data/qsiprep/qsiprep/sub-127008/ses-1/dwi/sub-127008_ses-1_acq-multiband_dir-AP_space-ACPC_desc-preproc_dwi.nii.gz	0.0014798980514675	1142.8043030740728	482.33827328526274	998.0911529999872	1144.4980434985548	998.4058341064328	480.68340531793336	1273.3313665766657	1273.502461454623	sub-127008	ses-1		dir-AP	acq-multiband	space-ACPC			DSIStudio	autotrackgqi
Cerebellum_MiddleCerebellarPeduncle	am	TORTOISE_model-MAPMRI	/scratch/grmpy/SLURM_11194840_49/job-11194840-49-sub-127008/ds/inputs/data/qsiprep/qsiprep/sub-127008/ses-1/dwi/sub-127008_ses-1_acq-multiband_dir-AP_space-ACPC_desc-preproc_dwi.nii.gz	0.0013976814930527	6126.56201171875	1105.8480224609375	6035.84912109375	6135.13720703125	6036.9873046875	1082.5908203125	6083.48388671875	6084.287109375	sub-127008	ses-1		dir-AP	acq-multiband	space-ACPC			DSIStudio	autotrackgqi
Cerebellum_MiddleCerebellarPeduncle	fa	TORTOISE_model-MAPMRI	/scratch/grmpy/SLURM_11194840_49/job-11194840-49-sub-127008/ds/inputs/data/qsiprep/qsiprep/sub-127008/ses-1/dwi/sub-127008_ses-1_acq-multiband_dir-AP_space-ACPC_desc-preproc_dwi.nii.gz	0.0014798980514675	0.3675541599954871	0.1746279010226439	0.3228243623341171	0.3680989088534467	0.3233019707044305	0.1741826012835842	0.4412975643279819	0.4413568604663557	sub-127008	ses-1		dir-AP	acq-multiband	space-ACPC			DSIStudio	autotrackgqi
Cerebellum_MiddleCerebellarPeduncle	li	TORTOISE_model-MAPMRI	/scratch/grmpy/SLURM_11194840_49/job-11194840-49-sub-127008/ds/inputs/data/qsiprep/qsiprep/sub-127008/ses-1/dwi/sub-127008_ses-1_acq-multiband_dir-AP_space-ACPC_desc-preproc_dwi.nii.gz	0.0019731974019567	0.2274560034275055	0.142795443534851	0.1793319582939148	0.2279057055711746	0.1797242313623428	0.1425775736570358	0.2865532338619232	0.286641925573349	sub-127008	ses-1		dir-AP	acq-multiband	space-ACPC			DSIStudio	autotrackgqi
Cerebellum_MiddleCerebellarPeduncle	ng	TORTOISE_model-MAPMRI	/scratch/grmpy/SLURM_11194840_49/job-11194840-49-sub-127008/ds/inputs/data/qsiprep/qsiprep/sub-127008/ses-1/dwi/sub-127008_ses-1_acq-multiband_dir-AP_space-ACPC_desc-preproc_dwi.nii.gz	0.0013976814930527	0.3489525318145752	0.062826320528984	0.3496337234973907	0.3494409322738647	0.3496922552585602	0.0614979788661003	0.3708449602127075	0.3708938956260681	sub-127008	ses-1		dir-AP	acq-multiband	space-ACPC			DSIStudio	autotrackgqi
Cerebellum_MiddleCerebellarPeduncle	ngpar	TORTOISE_model-MAPMRI	/scratch/grmpy/SLURM_11194840_49/job-11194840-49-sub-127008/ds/inputs/data/qsiprep/qsiprep/sub-127008/ses-1/dwi/sub-127008_ses-1_acq-multiband_dir-AP_space-ACPC_desc-preproc_dwi.nii.gz	0.0013976814930527	0.1671721339225769	0.0395061448216438	0.1641189008951187	0.1674061119556427	0.1641760468482971	0.0390352420508861	0.1677500605583191	0.1677722036838531	sub-127008	ses-1		dir-AP	acq-multiband	space-ACPC			DSIStudio	autotrackgqi
Cerebellum_MiddleCerebellarPeduncle	ngperp	TORTOISE_model-MAPMRI	/scratch/grmpy/SLURM_11194840_49/job-11194840-49-sub-127008/ds/inputs/data/qsiprep/qsiprep/sub-127008/ses-1/dwi/sub-127008_ses-1_acq-multiband_dir-AP_space-ACPC_desc-preproc_dwi.nii.gz	0.0013976814930527	0.2870291173458099	0.0536897145211696	0.2899875342845917	0.287430852651596	0.2900902032852173	0.0526417046785354	0.3077706098556518	0.3078112304210663	sub-127008	ses-1		dir-AP	acq-multiband	space-ACPC			DSIStudio	autotrackgqi
Cerebellum_MiddleCerebellarPeduncle	pa	TORTOISE_model-MAPMRI	/scratch/grmpy/SLURM_11194840_49/job-11194840-49-sub-127008/ds/inputs/data/qsiprep/qsiprep/sub-127008/ses-1/dwi/sub-127008_ses-1_acq-multiband_dir-AP_space-ACPC_desc-preproc_dwi.nii.gz	0.0013976814930527	0.7335498929023743	0.1611071527004242	0.7580000162124634	0.7345765829086304	0.7584670782089233	0.1588636338710785	0.8119163513183594	0.8120235204696655	sub-127008	ses-1		dir-AP	acq-multiband	space-ACPC			DSIStudio	autotrackgqi
Cerebellum_MiddleCerebellarPeduncle	path	TORTOISE_model-MAPMRI	/scratch/grmpy/SLURM_11194840_49/job-11194840-49-sub-127008/ds/inputs/data/qsiprep/qsiprep/sub-127008/ses-1/dwi/sub-127008_ses-1_acq-multiband_dir-AP_space-ACPC_desc-preproc_dwi.nii.gz	0.0013976814930527	0.2857366502285003	0.0933219492435455	0.2719509899616241	0.2861365675926208	0.2721855044364929	0.0927725285291671	0.3299465775489807	0.3299901187419891	sub-127008	ses-1		dir-AP	acq-multiband	space-ACPC			DSIStudio	autotrackgqi
Cerebellum_MiddleCerebellarPeduncle	rd	TORTOISE_model-MAPMRI	/scratch/grmpy/SLURM_11194840_49/job-11194840-49-sub-127008/ds/inputs/data/qsiprep/qsiprep/sub-127008/ses-1/dwi/sub-127008_ses-1_acq-multiband_dir-AP_space-ACPC_desc-preproc_dwi.nii.gz	0.0014798980514675	645.2621506227384	383.1058206016136	570.7729047700482	646.2184881041061	570.9674628516584	382.5827929678296	633.9582534485047	634.043437176635	sub-127008	ses-1		dir-AP	acq-multiband	space-ACPC			DSIStudio	autotrackgqi
Cerebellum_MiddleCerebellarPeduncle	rtap	TORTOISE_model-MAPMRI	/scratch/grmpy/SLURM_11194840_49/job-11194840-49-sub-127008/ds/inputs/data/qsiprep/qsiprep/sub-127008/ses-1/dwi/sub-127008_ses-1_acq-multiband_dir-AP_space-ACPC_desc-preproc_dwi.nii.gz	0.0014798980514675	0.015922762453556	0.0059560555964708	0.0148256700485944	0.0159463603049516	0.0148334801197052	0.0059288162738084	0.0175713580101728	0.0175737179815769	sub-127008	ses-1		dir-AP	acq-multiband	space-ACPC			DSIStudio	autotrackgqi
Cerebellum_MiddleCerebellarPeduncle	rtop	TORTOISE_model-MAPMRI	/scratch/grmpy/SLURM_11194840_49/job-11194840-49-sub-127008/ds/inputs/data/qsiprep/qsiprep/sub-127008/ses-1/dwi/sub-127008_ses-1_acq-multiband_dir-AP_space-ACPC_desc-preproc_dwi.nii.gz	0.0014798980514675	0.0003649181453511	0.0001138603256549	0.0003704848058987	0.0003654589818324	0.0003705871640704	0.0001130740201915	0.0003833409864455	0.0003833925293292	sub-127008	ses-1		dir-AP	acq-multiband	space-ACPC			DSIStudio	autotrackgqi
Cerebellum_MiddleCerebellarPeduncle	rtpp	TORTOISE_model-MAPMRI	/scratch/grmpy/SLURM_11194840_49/job-11194840-49-sub-127008/ds/inputs/data/qsiprep/qsiprep/sub-127008/ses-1/dwi/sub-127008_ses-1_acq-multiband_dir-AP_space-ACPC_desc-preproc_dwi.nii.gz	0.0014798980514675	0.0511968173086643	0.0083973370492458	0.0531197823584079	0.0512726977467536	0.0531276911497116	0.0081687998026609	0.0484556555747985	0.0484621673822402	sub-127008	ses-1		dir-AP	acq-multiband	space-ACPC			DSIStudio	autotrackgqi
Cerebellum_InferiorCerebellarPeduncleR	ad	TORTOISE_model-MAPMRI	/scratch/grmpy/SLURM_11194840_49/job-11194840-49-sub-127008/ds/inputs/data/qsiprep/qsiprep/sub-127008/ses-1/dwi/sub-127008_ses-1_acq-multiband_dir-AP_space-ACPC_desc-preproc_dwi.nii.gz	0.0039942938659058	1165.017107956037	481.8825710792655	1020.6793016429664	1169.6891903139244	1022.3616530573222	477.15528493412745	1215.7039073133851	1219.7471895702097	sub-127008	ses-1		dir-AP	acq-multiband	space-ACPC			DSIStudio	autotrackgqi
Cerebellum_InferiorCerebellarPeduncleR	am	TORTOISE_model-MAPMRI	/scratch/grmpy/SLURM_11194840_49/job-11194840-49-sub-127008/ds/inputs/data/qsiprep/qsiprep/sub-127008/ses-1/dwi/sub-127008_ses-1_acq-multiband_dir-AP_space-ACPC_desc-preproc_dwi.nii.gz	0.0	6321.95361328125	1281.2763671875	6261.234375	6321.95361328125	6261.234375	1281.2763671875	6100.923828125	6100.923828125	sub-127008	ses-1		dir-AP	acq-multiband	space-ACPC			DSIStudio	autotrackgqi
Cerebellum_InferiorCerebellarPeduncleR	fa	TORTOISE_model-MAPMRI	/scratch/grmpy/SLURM_11194840_49/job-11194840-49-sub-127008/ds/inputs/data/qsiprep/qsiprep/sub-127008/ses-1/dwi/sub-127008_ses-1_acq-multiband_dir-AP_space-ACPC_desc-preproc_dwi.nii.gz	0.0039942938659058	0.3346539085785011	0.1629299231969717	0.2981706030463505	0.3359959752413768	0.2992168380636896	0.1618693586364507	0.4108197758533184	0.4121861119881415	sub-127008	ses-1		dir-AP	acq-multiband	space-ACPC			DSIStudio	autotrackgqi
Cerebellum_InferiorCerebellarPeduncleR	li	TORTOISE_model-MAPMRI	/scratch/grmpy/SLURM_11194840_49/job-11194840-49-sub-127008/ds/inputs/data/qsiprep/qsiprep/sub-127008/ses-1/dwi/sub-127008_ses-1_acq-multiband_dir-AP_space-ACPC_desc-preproc_dwi.nii.gz	0.005135520684736	0.1960706263780594	0.1192892715334892	0.1646076738834381	0.1970827430486679	0.1653699725866317	0.1187598928809166	0.2491978108882904	0.2502352893352508	sub-127008	ses-1		dir-AP	acq-multiband	space-ACPC			DSIStudio	autotrackgqi
Cerebellum_InferiorCerebellarPeduncleR	ng	TORTOISE_model-MAPMRI	/scratch/grmpy/SLURM_11194840_49/job-11194840-49-sub-127008/ds/inputs/data/qsiprep/qsiprep/sub-127008/ses-1/dwi/sub-127008_ses-1_acq-multiband_dir-AP_space-ACPC_desc-preproc_dwi.nii.gz	0.0	0.3515010774135589	0.0660657212138176	0.3530469536781311	0.3515010774135589	0.3530469536781311	0.0660657212138176	0.3602761626243591	0.3602761626243591	sub-127008	ses-1		dir-AP	acq-multiband	space-ACPC			DSIStudio	autotrackgqi
Cerebellum_InferiorCerebellarPeduncleR	ngpar	TORTOISE_model-MAPMRI	/scratch/grmpy/SLURM_11194840_49/job-11194840-49-sub-127008/ds/inputs/data/qsiprep/qsiprep/sub-127008/ses-1/dwi/sub-127008_ses-1_acq-multiband_dir-AP_space-ACPC_desc-preproc_dwi.nii.gz	0.0	0.173522874712944	0.0429314412176609	0.1723451018333435	0.173522874712944	0.1723451018333435	0.0429314412176609	0.167695865035057	0.167695865035057	sub-127008	ses-1		dir-AP	acq-multiband	space-ACPC			DSIStudio	autotrackgqi
Cerebellum_InferiorCerebellarPeduncleR	ngperp	TORTOISE_model-MAPMRI	/scratch/grmpy/SLURM_11194840_49/job-11194840-49-sub-127008/ds/inputs/data/qsiprep/qsiprep/sub-127008/ses-1/dwi/sub-127008_ses-1_acq-multiband_dir-AP_space-ACPC_desc-preproc_dwi.nii.gz	0.0	0.2895351648330688	0.0553891509771347	0.291287899017334	0.2895351648330688	0.291287899017334	0.0553891509771347	0.3013963103294372	0.3013963103294372	sub-127008	ses-1		dir-AP	acq-multiband	space-ACPC			DSIStudio	autotrackgqi
Cerebellum_InferiorCerebellarPeduncleR	pa	TORTOISE_model-MAPMRI	/scratch/grmpy/SLURM_11194840_49/job-11194840-49-sub-127008/ds/inputs/data/qsiprep/qsiprep/sub-127008/ses-1/dwi/sub-127008_ses-1_acq-multiband_dir-AP_space-ACPC_desc-preproc_dwi.nii.gz	0.0	0.7097495794296265	0.1593693047761917	0.7156612873077393	0.7097495794296265	0.7156612873077393	0.1593693047761917	0.7827349901199341	0.7827349901199341	sub-127008	ses-1		dir-AP	acq-multiband	space-ACPC			DSIStudio	autotrackgqi
Cerebellum_InferiorCerebellarPeduncleR	path	TORTOISE_model-MAPMRI	/scratch/grmpy/SLURM_11194840_49/job-11194840-49-sub-127008/ds/inputs/data/qsiprep/qsiprep/sub-127008/ses-1/dwi/sub-127008_ses-1_acq-multiband_dir-AP_space-ACPC_desc-preproc_dwi.nii.gz	0.0	0.2723905742168426	0.0928292796015739	0.2521489858627319	0.2723905742168426	0.2521489858627319	0.0928292796015739	0.3129834830760956	0.3129834830760956	sub-127008	ses-1		dir-AP	acq-multiband	space-ACPC			DSIStudio	autotrackgqi
Cerebellum_InferiorCerebellarPeduncleR	rd	TORTOISE_model-MAPMRI	/scratch/grmpy/SLURM_11194840_49/job-11194840-49-sub-127008/ds/inputs/data/qsiprep/qsiprep/sub-127008/ses-1/dwi/sub-127008_ses-1_acq-multiband_dir-AP_space-ACPC_desc-preproc_dwi.nii.gz	0.0039942938659058	699.9506105791188	391.487835451148	605.4102648185199	702.7576310741367	606.2696401160919	389.7495370294762	627.2146099258623	629.3006489925558	sub-127008	ses-1		dir-AP	acq-multiband	space-ACPC			DSIStudio	autotrackgqi
Cerebellum_InferiorCerebellarPeduncleR	rtap	TORTOISE_model-MAPMRI	/scratch/grmpy/SLURM_11194840_49/job-11194840-49-sub-127008/ds/inputs/data/qsiprep/qsiprep/sub-127008/ses-1/dwi/sub-127008_ses-1_acq-multiband_dir-AP_space-ACPC_desc-preproc_dwi.nii.gz	0.0039942938659058	0.0142639679834246	0.0051711970008909	0.0138610564172267	0.0143211716786026	0.01387919485569	0.0051018921658396	0.0161470584571361	0.0162007622420787	sub-127008	ses-1		dir-AP	acq-multiband	space-ACPC			DSIStudio	autotrackgqi
Cerebellum_InferiorCerebellarPeduncleR	rtop	TORTOISE_model-MAPMRI	/scratch/grmpy/SLURM_11194840_49/job-11194840-49-sub-127008/ds/inputs/data/qsiprep/qsiprep/sub-127008/ses-1/dwi/sub-127008_ses-1_acq-multiband_dir-AP_space-ACPC_desc-preproc_dwi.nii.gz	0.0039942938659058	0.000328538037138	0.0001103854228858	0.0003381771966814	0.0003298555966466	0.000338778248988	0.000108624168206	0.0003566576342564	0.0003578438481781	sub-127008	ses-1		dir-AP	acq-multiband	space-ACPC			DSIStudio	autotrackgqi
Cerebellum_InferiorCerebellarPeduncleR	rtpp	TORTOISE_model-MAPMRI	/scratch/grmpy/SLURM_11194840_49/job-11194840-49-sub-127008/ds/inputs/data/qsiprep/qsiprep/sub-127008/ses-1/dwi/sub-127008_ses-1_acq-multiband_dir-AP_space-ACPC_desc-preproc_dwi.nii.gz	0.0039942938659058	0.050226803869009	0.0086281904950737	0.0521643869578838	0.0504282303154468	0.0521871037781238	0.0080365864560008	0.0488512329757213	0.0490137077867984	sub-127008	ses-1		dir-AP	acq-multiband	space-ACPC			DSIStudio	autotrackgqi
CranialNerve_CNIIIR	ad	TORTOISE_model-MAPMRI	/scratch/grmpy/SLURM_11194840_49/job-11194840-49-sub-127008/ds/inputs/data/qsiprep/qsiprep/sub-127008/ses-1/dwi/sub-127008_ses-1_acq-multiband_dir-AP_space-ACPC_desc-preproc_dwi.nii.gz	0.0012706480304955	1784.2998871169746	935.6682033219116	1375.5717329158206	1786.569988754528	1375.5879929322523	934.0948169814084	1670.720834237238	1670.9865611116966	sub-127008	ses-1		dir-AP	acq-multiband	space-ACPC			DSIStudio	autotrackgqi
CranialNerve_CNIIIR	am	TORTOISE_model-MAPMRI	/scratch/grmpy/SLURM_11194840_49/job-11194840-49-sub-127008/ds/inputs/data/qsiprep/qsiprep/sub-127008/ses-1/dwi/sub-127008_ses-1_acq-multiband_dir-AP_space-ACPC_desc-preproc_dwi.nii.gz	0.0012706480304955	8019.47314453125	2821.80908203125	7233.0205078125	8029.67626953125	7235.3134765625	2809.058837890625	8140.7421875	8142.03662109375	sub-127008	ses-1		dir-AP	acq-multiband	space-ACPC			DSIStudio	autotrackgqi
CranialNerve_CNIIIR	fa	TORTOISE_model-MAPMRI	/scratch/grmpy/SLURM_11194840_49/job-11194840-49-sub-127008/ds/inputs/data/qsiprep/qsiprep/sub-127008/ses-1/dwi/sub-127008_ses-1_acq-multiband_dir-AP_space-ACPC_desc-preproc_dwi.nii.gz	0.0012706480304955	0.3185822686498226	0.1648275830864286	0.302251414927235	0.3189875896023033	0.3037576546705513	0.1645399794763796	0.3039012768621434	0.3039496123131408	sub-127008	ses-1		dir-AP	acq-multiband	space-ACPC			DSIStudio	autotrackgqi
CranialNerve_CNIIIR	li	TORTOISE_model-MAPMRI	/scratch/grmpy/SLURM_11194840_49/job-11194840-49-sub-127008/ds/inputs/data/qsiprep/qsiprep/sub-127008/ses-1/dwi/sub-127008_ses-1_acq-multiband_dir-AP_space-ACPC_desc-preproc_dwi.nii.gz	0.0012706480304955	0.1826946884393692	0.11823171377182	0.159256249666214	0.1829271167516708	0.1593016684055328	0.1181270629167556	0.1695193946361541	0.1695463508367538	sub-127008	ses-1		dir-AP	acq-multiband	space-ACPC			DSIStudio	autotrackgqi
CranialNerve_CNIIIR	ng	TORTOISE_model-MAPMRI	/scratch/grmpy/SLURM_11194840_49/job-11194840-49-sub-127008/ds/inputs/data/qsiprep/qsiprep/sub-127008/ses-1/dwi/sub-127008_ses-1_acq-multiband_dir-AP_space-ACPC_desc-preproc_dwi.nii.gz	0.0012706480304955	0.3584636151790619	0.1050226837396621	0.3507040739059448	0.3589196801185608	0.3507482409477234	0.1043077632784843	0.3524521589279175	0.3525082170963287	sub-127008	ses-1		dir-AP	acq-multiband	space-ACPC			DSIStudio	autotrackgqi
CranialNerve_CNIIIR	ngpar	TORTOISE_model-MAPMRI	/scratch/grmpy/SLURM_11194840_49/job-11194840-49-sub-127008/ds/inputs/data/qsiprep/qsiprep/sub-127008/ses-1/dwi/sub-127008_ses-1_acq-multiband_dir-AP_space-ACPC_desc-preproc_dwi.nii.gz	0.0012706480304955	0.1809275895357132	0.0605256631970405	0.1780364960432052	0.1811577826738357	0.1780482977628708	0.0602189004421234	0.1851668953895568	0.1851963400840759	sub-127008	ses-1		dir-AP	acq-multiband	space-ACPC			DSIStudio	autotrackgqi
CranialNerve_CNIIIR	ngperp	TORTOISE_model-MAPMRI	/scratch/grmpy/SLURM_11194840_49/job-11194840-49-sub-127008/ds/inputs/data/qsiprep/qsiprep/sub-127008/ses-1/dwi/sub-127008_ses-1_acq-multiband_dir-AP_space-ACPC_desc-preproc_dwi.nii.gz	0.0012706480304955	0.2860850393772125	0.0821257978677749	0.2885426580905914	0.2864490151405334	0.2888158559799194	0.0815411955118179	0.2780386209487915	0.2780828475952148	sub-127008	ses-1		dir-AP	acq-multiband	space-ACPC			DSIStudio	autotrackgqi
CranialNerve_CNIIIR	pa	TORTOISE_model-MAPMRI	/scratch/grmpy/SLURM_11194840_49/job-11194840-49-sub-127008/ds/inputs/data/qsiprep/qsiprep/sub-127008/ses-1/dwi/sub-127008_ses-1_acq-multiband_dir-AP_space-ACPC_desc-preproc_dwi.nii.gz	0.0012706480304955	0.7143546938896179	0.1542910784482956	0.7493641972541809	0.7152635455131531	0.7494004964828491	0.1522693634033203	0.692883312702179	0.6929935216903687	sub-127008	ses-1		dir-AP	acq-multiband	space-ACPC			DSIStudio	autotrackgqi
CranialNerve_CNIIIR	path	TORTOISE_model-MAPMRI	/scratch/grmpy/SLURM_11194840_49/job-11194840-49-sub-127008/ds/inputs/data/qsiprep/qsiprep/sub-127008/ses-1/dwi/sub-127008_ses-1_acq-multiband_dir-AP_space-ACPC_desc-preproc_dwi.nii.gz	0.0012706480304955	0.2669500410556793	0.0715671703219413	0.2676847875118255	0.2672896981239319	0.2677024602890014	0.0709760263562202	0.2544373869895935	0.2544778287410736	sub-127008	ses-1		dir-AP	acq-multiband	space-ACPC			DSIStudio	autotrackgqi
CranialNerve_CNIIIR	rd	TORTOISE_model-MAPMRI	/scratch/grmpy/SLURM_11194840_49/job-11194840-49-sub-127008/ds/inputs/data/qsiprep/qsiprep/sub-127008/ses-1/dwi/sub-127008_ses-1_acq-multiband_dir-AP_space-ACPC_desc-preproc_dwi.nii.gz	0.0012706480304955	1190.301518243199	876.6444212594454	745.2049085927058	1191.815896765137	745.2406282447034	876.1725419236242	1123.0590142643805	1123.237635668017	sub-127008	ses-1		dir-AP	acq-multiband	space-ACPC			DSIStudio	autotrackgqi
CranialNerve_CNIIIR	rtap	TORTOISE_model-MAPMRI	/scratch/grmpy/SLURM_11194840_49/job-11194840-49-sub-127008/ds/inputs/data/qsiprep/qsiprep/sub-127008/ses-1/dwi/sub-127008_ses-1_acq-multiband_dir-AP_space-ACPC_desc-preproc_dwi.nii.gz	0.0012706480304955	0.0100955804809927	0.0058362353593111	0.0104325646534562	0.0101084243506193	0.0104449912905693	0.0058288197033107	0.0094387372955679	0.0094402395188808	sub-127008	ses-1		dir-AP	acq-multiband	space-ACPC			DSIStudio	autotrackgqi
CranialNerve_CNIIIR	rtop	TORTOISE_model-MAPMRI	/scratch/grmpy/SLURM_11194840_49/job-11194840-49-sub-127008/ds/inputs/data/qsiprep/qsiprep/sub-127008/ses-1/dwi/sub-127008_ses-1_acq-multiband_dir-AP_space-ACPC_desc-preproc_dwi.nii.gz	0.0012706480304955	0.0002113300433848	0.0001337584981229	0.0002140537544619	0.0002115989191224	0.0002143775927834	0.0001336308632744	0.0001984025875572	0.0001984341506613	sub-127008	ses-1		dir-AP	acq-multiband	space-ACPC			DSIStudio	autotrackgqi
CranialNerve_CNIIIR	rtpp	TORTOISE_model-MAPMRI	/scratch/grmpy/SLURM_11194840_49/job-11194840-49-sub-127008/ds/inputs/data/qsiprep/qsiprep/sub-127008/ses-1/dwi/sub-127008_ses-1_acq-multiband_dir-AP_space-ACPC_desc-preproc_dwi.nii.gz	0.0012706480304955	0.0408234447240829	0.0112288165837526	0.0435663200914859	0.0408753827214241	0.043571189045906	0.0111410841345787	0.0416294857859611	0.0416361056268215	sub-127008	ses-1		dir-AP	acq-multiband	space-ACPC			DSIStudio	autotrackgqi
CranialNerve_CNIIL	ad	TORTOISE_model-MAPMRI	/scratch/grmpy/SLURM_11194840_49/job-11194840-49-sub-127008/ds/inputs/data/qsiprep/qsiprep/sub-127008/ses-1/dwi/sub-127008_ses-1_acq-multiband_dir-AP_space-ACPC_desc-preproc_dwi.nii.gz	0.0	1451.281563743649	740.9007274007729	1184.1398673205572	1451.281563743649	1184.1398673205572	740.9007274007729	1615.6410992705514	1615.6410992705514	sub-127008	ses-1		dir-AP	acq-multiband	space-ACPC			DSIStudio	autotrackgqi
CranialNerve_CNIIL	am	TORTOISE_model-MAPMRI	/scratch/grmpy/SLURM_11194840_49/job-11194840-49-sub-127008/ds/inputs/data/qsiprep/qsiprep/sub-127008/ses-1/dwi/sub-127008_ses-1_acq-multiband_dir-AP_space-ACPC_desc-preproc_dwi.nii.gz	0.0	6711.2587890625	2574.28515625	6026.65234375	6711.2587890625	6026.65234375	2574.28515625	7061.0556640625	7061.0556640625	sub-127008	ses-1		dir-AP	acq-multiband	space-ACPC			DSIStudio	autotrackgqi
CranialNerve_CNIIL	fa	TORTOISE_model-MAPMRI	/scratch/grmpy/SLURM_11194840_49/job-11194840-49-sub-127008/ds/inputs/data/qsiprep/qsiprep/sub-127008/ses-1/dwi/sub-127008_ses-1_acq-multiband_dir-AP_space-ACPC_desc-preproc_dwi.nii.gz	0.0	0.3297307244418066	0.1868634746922522	0.3041026360897433	0.3297307244418066	0.3041026360897433	0.1868634746922522	0.370431654477712	0.370431654477712	sub-127008	ses-1		dir-AP	acq-multiband	space-ACPC			DSIStudio	autotrackgqi
CranialNerve_CNIIL	li	TORTOISE_model-MAPMRI	/scratch/grmpy/SLURM_11194840_49/job-11194840-49-sub-127008/ds/inputs/data/qsiprep/qsiprep/sub-127008/ses-1/dwi/sub-127008_ses-1_acq-multiband_dir-AP_space-ACPC_desc-preproc_dwi.nii.gz	0.0	0.1976768523454666	0.1401461362838745	0.1729224920272827	0.1976768523454666	0.1729224920272827	0.1401461362838745	0.2309626042842865	0.2309626042842865	sub-127008	ses-1		dir-AP	acq-multiband	space-ACPC			DSIStudio	autotrackgqi
CranialNerve_CNIIL	ng	TORTOISE_model-MAPMRI	/scratch/grmpy/SLURM_11194840_49/job-11194840-49-sub-127008/ds/inputs/data/qsiprep/qsiprep/sub-127008/ses-1/dwi/sub-127008_ses-1_acq-multiband_dir-AP_space-ACPC_desc-preproc_dwi.nii.gz	0.0	0.3212479948997497	0.1003507673740387	0.3157989978790283	0.3212479948997497	0.3157989978790283	0.1003507673740387	0.3396698832511902	0.3396698832511902	sub-127008	ses-1		dir-AP	acq-multiband	space-ACPC			DSIStudio	autotrackgqi
CranialNerve_CNIIL	ngpar	TORTOISE_model-MAPMRI	/scratch/grmpy/SLURM_11194840_49/job-11194840-49-sub-127008/ds/inputs/data/qsiprep/qsiprep/sub-127008/ses-1/dwi/sub-127008_ses-1_acq-multiband_dir-AP_space-ACPC_desc-preproc_dwi.nii.gz	0.0	0.1613913178443908	0.0578313097357749	0.1523388624191284	0.1613913178443908	0.1523388624191284	0.0578313097357749	0.1581315547227859	0.1581315547227859	sub-127008	ses-1		dir-AP	acq-multiband	space-ACPC			DSIStudio	autotrackgqi
CranialNerve_CNIIL	ngperp	TORTOISE_model-MAPMRI	/scratch/grmpy/SLURM_11194840_49/job-11194840-49-sub-127008/ds/inputs/data/qsiprep/qsiprep/sub-127008/ses-1/dwi/sub-127008_ses-1_acq-multiband_dir-AP_space-ACPC_desc-preproc_dwi.nii.gz	0.0	0.2611495554447174	0.0801179930567741	0.2616770267486572	0.2611495554447174	0.2616770267486572	0.0801179930567741	0.2793281078338623	0.2793281078338623	sub-127008	ses-1		dir-AP	acq-multiband	space-ACPC			DSIStudio	autotrackgqi
CranialNerve_CNIIL	pa	TORTOISE_model-MAPMRI	/scratch/grmpy/SLURM_11194840_49/job-11194840-49-sub-127008/ds/inputs/data/qsiprep/qsiprep/sub-127008/ses-1/dwi/sub-127008_ses-1_acq-multiband_dir-AP_space-ACPC_desc-preproc_dwi.nii.gz	0.0	0.6793193817138672	0.192567303776741	0.7008899450302124	0.6793193817138672	0.7008899450302124	0.192567303776741	0.7333487272262573	0.7333487272262573	sub-127008	ses-1		dir-AP	acq-multiband	space-ACPC			DSIStudio	autotrackgqi
CranialNerve_CNIIL	path	TORTOISE_model-MAPMRI	/scratch/grmpy/SLURM_11194840_49/job-11194840-49-sub-127008/ds/inputs/data/qsiprep/qsiprep/sub-127008/ses-1/dwi/sub-127008_ses-1_acq-multiband_dir-AP_space-ACPC_desc-preproc_dwi.nii.gz	0.0	0.2621365189552307	0.0971793830394744	0.245820552110672	0.2621365189552307	0.245820552110672	0.0971793830394744	0.2906808853149414	0.2906808853149414	sub-127008	ses-1		dir-AP	acq-multiband	space-ACPC			DSIStudio	autotrackgqi
CranialNerve_CNIIL	rd	TORTOISE_model-MAPMRI	/scratch/grmpy/SLURM_11194840_49/job-11194840-49-sub-127008/ds/inputs/data/qsiprep/qsiprep/sub-127008/ses-1/dwi/sub-127008_ses-1_acq-multiband_dir-AP_space-ACPC_desc-preproc_dwi.nii.gz	0.0	922.86416390823	672.4447985667257	666.9835112973497	922.86416390823	666.9835112973497	672.4447985667257	950.5189946725884	950.5189946725884	sub-127008	ses-1		dir-AP	acq-multiband	space-ACPC			DSIStudio	autotrackgqi
CranialNerve_CNIIL	rtap	TORTOISE_model-MAPMRI	/scratch/grmpy/SLURM_11194840_49/job-11194840-49-sub-127008/ds/inputs/data/qsiprep/qsiprep/sub-127008/ses-1/dwi/sub-127008_ses-1_acq-multiband_dir-AP_space-ACPC_desc-preproc_dwi.nii.gz	0.0	0.0118744643405079	0.0061456602998077	0.0113927405327558	0.0118744643405079	0.0113927405327558	0.0061456602998077	0.0122158043086528	0.0122158043086528	sub-127008	ses-1		dir-AP	acq-multiband	space-ACPC			DSIStudio	autotrackgqi
CranialNerve_CNIIL	rtop	TORTOISE_model-MAPMRI	/scratch/grmpy/SLURM_11194840_49/job-11194840-49-sub-127008/ds/inputs/data/qsiprep/qsiprep/sub-127008/ses-1/dwi/sub-127008_ses-1_acq-multiband_dir-AP_space-ACPC_desc-preproc_dwi.nii.gz	0.0	0.0002516011882107	0.0001275631657335	0.0002574580721557	0.0002516011882107	0.0002574580721557	0.0001275631657335	0.0002431928005535	0.0002431928005535	sub-127008	ses-1		dir-AP	acq-multiband	space-ACPC			DSIStudio	autotrackgqi
CranialNerve_CNIIL	rtpp	TORTOISE_model-MAPMRI	/scratch/grmpy/SLURM_11194840_49/job-11194840-49-sub-127008/ds/inputs/data/qsiprep/qsiprep/sub-127008/ses-1/dwi/sub-127008_ses-1_acq-multiband_dir-AP_space-ACPC_desc-preproc_dwi.nii.gz	0.0	0.0450762659311294	0.0095109483227133	0.047378696501255	0.0450762659311294	0.047378696501255	0.0095109483227133	0.0423047915101051	0.0423047915101051	sub-127008	ses-1		dir-AP	acq-multiband	space-ACPC			DSIStudio	autotrackgqi
CranialNerve_CNVR	ad	TORTOISE_model-MAPMRI	/scratch/grmpy/SLURM_11194840_49/job-11194840-49-sub-127008/ds/inputs/data/qsiprep/qsiprep/sub-127008/ses-1/dwi/sub-127008_ses-1_acq-multiband_dir-AP_space-ACPC_desc-preproc_dwi.nii.gz	0.0	1383.0953571272846	628.7176105858784	1179.1419941720858	1383.0953571272846	1179.1419941720858	628.7176105858784	1374.0601871081694	1374.0601871081694	sub-127008	ses-1		dir-AP	acq-multiband	space-ACPC			DSIStudio	autotrackgqi
CranialNerve_CNVR	am	TORTOISE_model-MAPMRI	/scratch/grmpy/SLURM_11194840_49/job-11194840-49-sub-127008/ds/inputs/data/qsiprep/qsiprep/sub-127008/ses-1/dwi/sub-127008_ses-1_acq-multiband_dir-AP_space-ACPC_desc-preproc_dwi.nii.gz	0.0	6461.3876953125	1539.2286376953125	6166.53857421875	6461.3876953125	6166.53857421875	1539.2286376953125	6331.5166015625	6331.5166015625	sub-127008	ses-1		dir-AP	acq-multiband	space-ACPC			DSIStudio	autotrackgqi
CranialNerve_CNVR	fa	TORTOISE_model-MAPMRI	/scratch/grmpy/SLURM_11194840_49/job-11194840-49-sub-127008/ds/inputs/data/qsiprep/qsiprep/sub-127008/ses-1/dwi/sub-127008_ses-1_acq-multiband_dir-AP_space-ACPC_desc-preproc_dwi.nii.gz	0.0	0.4027637487206797	0.1781864439502752	0.3910449065032935	0.4027637487206797	0.3910449065032935	0.1781864439502752	0.4195816757816559	0.4195816757816559	sub-127008	ses-1		dir-AP	acq-multiband	space-ACPC			DSIStudio	autotrackgqi
CranialNerve_CNVR	li	TORTOISE_model-MAPMRI	/scratch/grmpy/SLURM_11194840_49/job-11194840-49-sub-127008/ds/inputs/data/qsiprep/qsiprep/sub-127008/ses-1/dwi/sub-127008_ses-1_acq-multiband_dir-AP_space-ACPC_desc-preproc_dwi.nii.gz	0.0017211703958691	0.2361990660429	0.1363544166088104	0.214200735092163	0.2366063147783279	0.2144036293029785	0.1361184418201446	0.2431942075490951	0.2432833015918731	sub-127008	ses-1		dir-AP	acq-multiband	space-ACPC			DSIStudio	autotrackgqi
CranialNerve_CNVR	ng	TORTOISE_model-MAPMRI	/scratch/grmpy/SLURM_11194840_49/job-11194840-49-sub-127008/ds/inputs/data/qsiprep/qsiprep/sub-127008/ses-1/dwi/sub-127008_ses-1_acq-multiband_dir-AP_space-ACPC_desc-preproc_dwi.nii.gz	0.0	0.3700531721115112	0.0648322775959968	0.3656157255172729	0.3700531721115112	0.3656157255172729	0.0648322775959968	0.37362140417099	0.37362140417099	sub-127008	ses-1		dir-AP	acq-multiband	space-ACPC			DSIStudio	autotrackgqi
CranialNerve_CNVR	ngpar	TORTOISE_model-MAPMRI	/scratch/grmpy/SLURM_11194840_49/job-11194840-49-sub-127008/ds/inputs/data/qsiprep/qsiprep/sub-127008/ses-1/dwi/sub-127008_ses-1_acq-multiband_dir-AP_space-ACPC_desc-preproc_dwi.nii.gz	0.0	0.1758154928684234	0.0457485541701316	0.1776753962039947	0.1758154928684234	0.1776753962039947	0.0457485541701316	0.1738245487213134	0.1738245487213134	sub-127008	ses-1		dir-AP	acq-multiband	space-ACPC			DSIStudio	autotrackgqi
CranialNerve_CNVR	ngperp	TORTOISE_model-MAPMRI	/scratch/grmpy/SLURM_11194840_49/job-11194840-49-sub-127008/ds/inputs/data/qsiprep/qsiprep/sub-127008/ses-1/dwi/sub-127008_ses-1_acq-multiband_dir-AP_space-ACPC_desc-preproc_dwi.nii.gz	0.0	0.2996464669704437	0.060965146869421	0.3016725778579712	0.2996464669704437	0.3016725778579712	0.060965146869421	0.3049947917461395	0.3049947917461395	sub-127008	ses-1		dir-AP	acq-multiband	space-ACPC			DSIStudio	autotrackgqi
CranialNerve_CNVR	pa	TORTOISE_model-MAPMRI	/scratch/grmpy/SLURM_11194840_49/job-11194840-49-sub-127008/ds/inputs/data/qsiprep/qsiprep/sub-127008/ses-1/dwi/sub-127008_ses-1_acq-multiband_dir-AP_space-ACPC_desc-preproc_dwi.nii.gz	0.0	0.782295823097229	0.1353881806135177	0.8098445534706116	0.782295823097229	0.8098445534706116	0.1353881806135177	0.800793468952179	0.800793468952179	sub-127008	ses-1		dir-AP	acq-multiband	space-ACPC			DSIStudio	autotrackgqi
CranialNerve_CNVR	path	TORTOISE_model-MAPMRI	/scratch/grmpy/SLURM_11194840_49/job-11194840-49-sub-127008/ds/inputs/data/qsiprep/qsiprep/sub-127008/ses-1/dwi/sub-127008_ses-1_acq-multiband_dir-AP_space-ACPC_desc-preproc_dwi.nii.gz	0.0	0.3080642223358154	0.0848596915602684	0.3007960915565491	0.3080642223358154	0.3007960915565491	0.0848596915602684	0.3155161440372467	0.3155161440372467	sub-127008	ses-1		dir-AP	acq-multiband	space-ACPC			DSIStudio	autotrackgqi
CranialNerve_CNVR	rd	TORTOISE_model-MAPMRI	/scratch/grmpy/SLURM_11194840_49/job-11194840-49-sub-127008/ds/inputs/data/qsiprep/qsiprep/sub-127008/ses-1/dwi/sub-127008_ses-1_acq-multiband_dir-AP_space-ACPC_desc-preproc_dwi.nii.gz	0.0	754.9725950586177	530.6304974065669	587.2731109900466	754.9725950586177	587.2731109900466	530.6304974065669	714.7377959734579	714.7377959734579	sub-127008	ses-1		dir-AP	acq-multiband	space-ACPC			DSIStudio	autotrackgqi
CranialNerve_CNVR	rtap	TORTOISE_model-MAPMRI	/scratch/grmpy/SLURM_11194840_49/job-11194840-49-sub-127008/ds/inputs/data/qsiprep/qsiprep/sub-127008/ses-1/dwi/sub-127008_ses-1_acq-multiband_dir-AP_space-ACPC_desc-preproc_dwi.nii.gz	0.0	0.0149662429466843	0.0064976182766258	0.0148611385375261	0.0149662429466843	0.0148611385375261	0.0064976182766258	0.015189703553915	0.015189703553915	sub-127008	ses-1		dir-AP	acq-multiband	space-ACPC			DSIStudio	autotrackgqi
CranialNerve_CNVR	rtop	TORTOISE_model-MAPMRI	/scratch/grmpy/SLURM_11194840_49/job-11194840-49-sub-127008/ds/inputs/data/qsiprep/qsiprep/sub-127008/ses-1/dwi/sub-127008_ses-1_acq-multiband_dir-AP_space-ACPC_desc-preproc_dwi.nii.gz	0.0	0.000326156936353	0.0001350389502476	0.0003510103852022	0.000326156936353	0.0003510103852022	0.0001350389502476	0.0003295654896646	0.0003295654896646	sub-127008	ses-1		dir-AP	acq-multiband	space-ACPC			DSIStudio	autotrackgqi
CranialNerve_CNVR	rtpp	TORTOISE_model-MAPMRI	/scratch/grmpy/SLURM_11194840_49/job-11194840-49-sub-127008/ds/inputs/data/qsiprep/qsiprep/sub-127008/ses-1/dwi/sub-127008_ses-1_acq-multiband_dir-AP_space-ACPC_desc-preproc_dwi.nii.gz	0.0	0.046998206526041	0.0096133444458246	0.0488411486148834	0.046998206526041	0.0488411486148834	0.0096133444458246	0.0468590185046196	0.0468590185046196	sub-127008	ses-1		dir-AP	acq-multiband	space-ACPC			DSIStudio	autotrackgqi
CranialNerve_CNIIR	ad	TORTOISE_model-MAPMRI	/scratch/grmpy/SLURM_11194840_49/job-11194840-49-sub-127008/ds/inputs/data/qsiprep/qsiprep/sub-127008/ses-1/dwi/sub-127008_ses-1_acq-multiband_dir-AP_space-ACPC_desc-preproc_dwi.nii.gz	0.0025295109612141	1594.685455972415	740.230415455197	1362.1911756338368	1598.7294596646527	1364.3829493919402	736.7939589300286	1656.7128955949424	1659.7453509624215	sub-127008	ses-1		dir-AP	acq-multiband	space-ACPC			DSIStudio	autotrackgqi
CranialNerve_CNIIR	am	TORTOISE_model-MAPMRI	/scratch/grmpy/SLURM_11194840_49/job-11194840-49-sub-127008/ds/inputs/data/qsiprep/qsiprep/sub-127008/ses-1/dwi/sub-127008_ses-1_acq-multiband_dir-AP_space-ACPC_desc-preproc_dwi.nii.gz	0.0025295109612141	7102.525390625	2554.213623046875	6515.15576171875	7120.53662109375	6516.15185546875	2532.251953125	7100.40625	7113.40234375	sub-127008	ses-1		dir-AP	acq-multiband	space-ACPC			DSIStudio	autotrackgqi
CranialNerve_CNIIR	fa	TORTOISE_model-MAPMRI	/scratch/grmpy/SLURM_11194840_49/job-11194840-49-sub-127008/ds/inputs/data/qsiprep/qsiprep/sub-127008/ses-1/dwi/sub-127008_ses-1_acq-multiband_dir-AP_space-ACPC_desc-preproc_dwi.nii.gz	0.0025295109612141	0.3199481751463284	0.1857976142929466	0.2705174293392958	0.3207595399184662	0.2707876411209534	0.1853322490794589	0.3672938764277497	0.3679661734659032	sub-127008	ses-1		dir-AP	acq-multiband	space-ACPC			DSIStudio	autotrackgqi
CranialNerve_CNIIR	li	TORTOISE_model-MAPMRI	/scratch/grmpy/SLURM_11194840_49/job-11194840-49-sub-127008/ds/inputs/data/qsiprep/qsiprep/sub-127008/ses-1/dwi/sub-127008_ses-1_acq-multiband_dir-AP_space-ACPC_desc-preproc_dwi.nii.gz	0.0025295109612141	0.1889855861663818	0.1342798769474029	0.15279620885849	0.1894648373126983	0.1530183106660843	0.1341119259595871	0.2174032926559448	0.2178012281656265	sub-127008	ses-1		dir-AP	acq-multiband	space-ACPC			DSIStudio	autotrackgqi
CranialNerve_CNIIR	ng	TORTOISE_model-MAPMRI	/scratch/grmpy/SLURM_11194840_49/job-11194840-49-sub-127008/ds/inputs/data/qsiprep/qsiprep/sub-127008/ses-1/dwi/sub-127008_ses-1_acq-multiband_dir-AP_space-ACPC_desc-preproc_dwi.nii.gz	0.0025295109612141	0.3319971263408661	0.109487734735012	0.3286872208118438	0.3328390419483185	0.3287772238254547	0.1083408519625663	0.3465819358825683	0.3472163081169128	sub-127008	ses-1		dir-AP	acq-multiband	space-ACPC			DSIStudio	autotrackgqi
CranialNerve_CNIIR	ngpar	TORTOISE_model-MAPMRI	/scratch/grmpy/SLURM_11194840_49/job-11194840-49-sub-127008/ds/inputs/data/qsiprep/qsiprep/sub-127008/ses-1/dwi/sub-127008_ses-1_acq-multiband_dir-AP_space-ACPC_desc-preproc_dwi.nii.gz	0.0025295109612141	0.1597829163074493	0.060072336345911	0.1515030860900879	0.1601881086826324	0.1517871618270874	0.059606447815895	0.1548263430595398	0.1551097482442855	sub-127008	ses-1		dir-AP	acq-multiband	space-ACPC			DSIStudio	autotrackgqi
CranialNerve_CNIIR	ngperp	TORTOISE_model-MAPMRI	/scratch/grmpy/SLURM_11194840_49/job-11194840-49-sub-127008/ds/inputs/data/qsiprep/qsiprep/sub-127008/ses-1/dwi/sub-127008_ses-1_acq-multiband_dir-AP_space-ACPC_desc-preproc_dwi.nii.gz	0.0025295109612141	0.2747892737388611	0.0863395631313324	0.2815697789192199	0.2754861116409302	0.2817841470241546	0.0853314325213432	0.2896994650363922	0.2902297377586365	sub-127008	ses-1		dir-AP	acq-multiband	space-ACPC			DSIStudio	autotrackgqi
CranialNerve_CNIIR	pa	TORTOISE_model-MAPMRI	/scratch/grmpy/SLURM_11194840_49/job-11194840-49-sub-127008/ds/inputs/data/qsiprep/qsiprep/sub-127008/ses-1/dwi/sub-127008_ses-1_acq-multiband_dir-AP_space-ACPC_desc-preproc_dwi.nii.gz	0.0025295109612141	0.6818370819091797	0.2001737207174301	0.7149267196655273	0.6835662126541138	0.7153528928756714	0.1974568217992782	0.7392251491546631	0.7405781745910645	sub-127008	ses-1		dir-AP	acq-multiband	space-ACPC			DSIStudio	autotrackgqi
CranialNerve_CNIIR	path	TORTOISE_model-MAPMRI	/scratch/grmpy/SLURM_11194840_49/job-11194840-49-sub-127008/ds/inputs/data/qsiprep/qsiprep/sub-127008/ses-1/dwi/sub-127008_ses-1_acq-multiband_dir-AP_space-ACPC_desc-preproc_dwi.nii.gz	0.0025295109612141	0.2637171149253845	0.0984065383672714	0.251827985048294	0.2643858790397644	0.2520141303539276	0.0976298749446868	0.293253481388092	0.2937902510166168	sub-127008	ses-1		dir-AP	acq-multiband	space-ACPC			DSIStudio	autotrackgqi
CranialNerve_CNIIR	rd	TORTOISE_model-MAPMRI	/scratch/grmpy/SLURM_11194840_49/job-11194840-49-sub-127008/ds/inputs/data/qsiprep/qsiprep/sub-127008/ses-1/dwi/sub-127008_ses-1_acq-multiband_dir-AP_space-ACPC_desc-preproc_dwi.nii.gz	0.0025295109612141	1015.8738234294271	677.5332021707492	731.9268389934797	1018.4500038776844	732.7475120084598	676.4552083127671	963.288379984511	965.051586942649	sub-127008	ses-1		dir-AP	acq-multiband	space-ACPC			DSIStudio	autotrackgqi
CranialNerve_CNIIR	rtap	TORTOISE_model-MAPMRI	/scratch/grmpy/SLURM_11194840_49/job-11194840-49-sub-127008/ds/inputs/data/qsiprep/qsiprep/sub-127008/ses-1/dwi/sub-127008_ses-1_acq-multiband_dir-AP_space-ACPC_desc-preproc_dwi.nii.gz	0.0025295109612141	0.0107789505273103	0.0059908386319875	0.0099762678146362	0.0108062848448753	0.009998669847846	0.0059737572446465	0.0115788746625185	0.011600068770349	sub-127008	ses-1		dir-AP	acq-multiband	space-ACPC			DSIStudio	autotrackgqi
CranialNerve_CNIIR	rtop	TORTOISE_model-MAPMRI	/scratch/grmpy/SLURM_11194840_49/job-11194840-49-sub-127008/ds/inputs/data/qsiprep/qsiprep/sub-127008/ses-1/dwi/sub-127008_ses-1_acq-multiband_dir-AP_space-ACPC_desc-preproc_dwi.nii.gz	0.0025295109612141	0.0002166155463783	0.0001203506690217	0.0002127038314938	0.0002171648666262	0.0002130358043359	0.0001200071783387	0.0002214698470197	0.0002218752342741	sub-127008	ses-1		dir-AP	acq-multiband	space-ACPC			DSIStudio	autotrackgqi
CranialNerve_CNIIR	rtpp	TORTOISE_model-MAPMRI	/scratch/grmpy/SLURM_11194840_49/job-11194840-49-sub-127008/ds/inputs/data/qsiprep/qsiprep/sub-127008/ses-1/dwi/sub-127008_ses-1_acq-multiband_dir-AP_space-ACPC_desc-preproc_dwi.nii.gz	0.0025295109612141	0.0421552099287509	0.0095174331218004	0.0437361449003219	0.0422621108591556	0.0437802150845527	0.0092894183471798	0.0408609025180339	0.0409356951713562	sub-127008	ses-1		dir-AP	acq-multiband	space-ACPC			DSIStudio	autotrackgqi
CranialNerve_CNVIIL	ad	TORTOISE_model-MAPMRI	/scratch/grmpy/SLURM_11194840_49/job-11194840-49-sub-127008/ds/inputs/data/qsiprep/qsiprep/sub-127008/ses-1/dwi/sub-127008_ses-1_acq-multiband_dir-AP_space-ACPC_desc-preproc_dwi.nii.gz	0.0	1545.128705083511	817.109137639776	1272.4353280131968	1545.128705083511	1272.4353280131968	817.109137639776	1291.7081157479442	1291.7081157479442	sub-127008	ses-1		dir-AP	acq-multiband	space-ACPC			DSIStudio	autotrackgqi
CranialNerve_CNVIIL	am	TORTOISE_model-MAPMRI	/scratch/grmpy/SLURM_11194840_49/job-11194840-49-sub-127008/ds/inputs/data/qsiprep/qsiprep/sub-127008/ses-1/dwi/sub-127008_ses-1_acq-multiband_dir-AP_space-ACPC_desc-preproc_dwi.nii.gz	0.0	6859.74658203125	1610.0555419921875	6563.466796875	6859.74658203125	6563.466796875	1610.0555419921875	6659.11962890625	6659.11962890625	sub-127008	ses-1		dir-AP	acq-multiband	space-ACPC			DSIStudio	autotrackgqi
CranialNerve_CNVIIL	fa	TORTOISE_model-MAPMRI	/scratch/grmpy/SLURM_11194840_49/job-11194840-49-sub-127008/ds/inputs/data/qsiprep/qsiprep/sub-127008/ses-1/dwi/sub-127008_ses-1_acq-multiband_dir-AP_space-ACPC_desc-preproc_dwi.nii.gz	0.0	0.352964113958321	0.1857380502238947	0.3106112989811651	0.352964113958321	0.3106112989811651	0.1857380502238947	0.4006033530705955	0.4006033530705955	sub-127008	ses-1		dir-AP	acq-multiband	space-ACPC			DSIStudio	autotrackgqi
CranialNerve_CNVIIL	li	TORTOISE_model-MAPMRI	/scratch/grmpy/SLURM_11194840_49/job-11194840-49-sub-127008/ds/inputs/data/qsiprep/qsiprep/sub-127008/ses-1/dwi/sub-127008_ses-1_acq-multiband_dir-AP_space-ACPC_desc-preproc_dwi.nii.gz	0.0	0.2089542597532272	0.1441424787044525	0.1656446754932403	0.2089542597532272	0.1656446754932403	0.1441424787044525	0.2465534657239914	0.2465534657239914	sub-127008	ses-1		dir-AP	acq-multiband	space-ACPC			DSIStudio	autotrackgqi
CranialNerve_CNVIIL	ng	TORTOISE_model-MAPMRI	/scratch/grmpy/SLURM_11194840_49/job-11194840-49-sub-127008/ds/inputs/data/qsiprep/qsiprep/sub-127008/ses-1/dwi/sub-127008_ses-1_acq-multiband_dir-AP_space-ACPC_desc-preproc_dwi.nii.gz	0.0	0.3883523046970367	0.0728622525930404	0.3761798739433288	0.3883523046970367	0.3761798739433288	0.0728622525930404	0.3767096996307373	0.3767096996307373	sub-127008	ses-1		dir-AP	acq-multiband	space-ACPC			DSIStudio	autotrackgqi
CranialNerve_CNVIIL	ngpar	TORTOISE_model-MAPMRI	/scratch/grmpy/SLURM_11194840_49/job-11194840-49-sub-127008/ds/inputs/data/qsiprep/qsiprep/sub-127008/ses-1/dwi/sub-127008_ses-1_acq-multiband_dir-AP_space-ACPC_desc-preproc_dwi.nii.gz	0.0	0.1892865300178527	0.0476016364991664	0.1855261027812957	0.1892865300178527	0.1855261027812957	0.0476016364991664	0.1799347400665283	0.1799347400665283	sub-127008	ses-1		dir-AP	acq-multiband	space-ACPC			DSIStudio	autotrackgqi
CranialNerve_CNVIIL	ngperp	TORTOISE_model-MAPMRI	/scratch/grmpy/SLURM_11194840_49/job-11194840-49-sub-127008/ds/inputs/data/qsiprep/qsiprep/sub-127008/ses-1/dwi/sub-127008_ses-1_acq-multiband_dir-AP_space-ACPC_desc-preproc_dwi.nii.gz	0.0	0.3152616918087005	0.0569731928408145	0.3132258653640747	0.3152616918087005	0.3132258653640747	0.0569731928408145	0.3091516494750976	0.3091516494750976	sub-127008	ses-1		dir-AP	acq-multiband	space-ACPC			DSIStudio	autotrackgqi
CranialNerve_CNVIIL	pa	TORTOISE_model-MAPMRI	/scratch/grmpy/SLURM_11194840_49/job-11194840-49-sub-127008/ds/inputs/data/qsiprep/qsiprep/sub-127008/ses-1/dwi/sub-127008_ses-1_acq-multiband_dir-AP_space-ACPC_desc-preproc_dwi.nii.gz	0.0	0.7565813660621643	0.1435472816228866	0.7758095264434814	0.7565813660621643	0.7758095264434814	0.1435472816228866	0.7903825044631958	0.7903825044631958	sub-127008	ses-1		dir-AP	acq-multiband	space-ACPC			DSIStudio	autotrackgqi
CranialNerve_CNVIIL	path	TORTOISE_model-MAPMRI	/scratch/grmpy/SLURM_11194840_49/job-11194840-49-sub-127008/ds/inputs/data/qsiprep/qsiprep/sub-127008/ses-1/dwi/sub-127008_ses-1_acq-multiband_dir-AP_space-ACPC_desc-preproc_dwi.nii.gz	0.0	0.2953308820724487	0.0885422676801681	0.2811843454837799	0.2953308820724487	0.2811843454837799	0.0885422676801681	0.3126509189605713	0.3126509189605713	sub-127008	ses-1		dir-AP	acq-multiband	space-ACPC			DSIStudio	autotrackgqi
CranialNerve_CNVIIL	rd	TORTOISE_model-MAPMRI	/scratch/grmpy/SLURM_11194840_49/job-11194840-49-sub-127008/ds/inputs/data/qsiprep/qsiprep/sub-127008/ses-1/dwi/sub-127008_ses-1_acq-multiband_dir-AP_space-ACPC_desc-preproc_dwi.nii.gz	0.0	945.2062455884522	706.9512719441473	627.8143567397938	945.2062455884522	627.8143567397938	706.9512719441473	723.0959627190505	723.0959627190505	sub-127008	ses-1		dir-AP	acq-multiband	space-ACPC			DSIStudio	autotrackgqi
CranialNerve_CNVIIL	rtap	TORTOISE_model-MAPMRI	/scratch/grmpy/SLURM_11194840_49/job-11194840-49-sub-127008/ds/inputs/data/qsiprep/qsiprep/sub-127008/ses-1/dwi/sub-127008_ses-1_acq-multiband_dir-AP_space-ACPC_desc-preproc_dwi.nii.gz	0.0	0.0132569475099444	0.0072336932644248	0.0130237471312284	0.0132569475099444	0.0130237471312284	0.0072336932644248	0.0160000286996364	0.0160000286996364	sub-127008	ses-1		dir-AP	acq-multiband	space-ACPC			DSIStudio	autotrackgqi
CranialNerve_CNVIIL	rtop	TORTOISE_model-MAPMRI	/scratch/grmpy/SLURM_11194840_49/job-11194840-49-sub-127008/ds/inputs/data/qsiprep/qsiprep/sub-127008/ses-1/dwi/sub-127008_ses-1_acq-multiband_dir-AP_space-ACPC_desc-preproc_dwi.nii.gz	0.0	0.0002901986590586	0.0001558467192808	0.0003198759513907	0.0002901986590586	0.0003198759513907	0.0001558467192808	0.0003599938936531	0.0003599938936531	sub-127008	ses-1		dir-AP	acq-multiband	space-ACPC			DSIStudio	autotrackgqi
CranialNerve_CNVIIL	rtpp	TORTOISE_model-MAPMRI	/scratch/grmpy/SLURM_11194840_49/job-11194840-49-sub-127008/ds/inputs/data/qsiprep/qsiprep/sub-127008/ses-1/dwi/sub-127008_ses-1_acq-multiband_dir-AP_space-ACPC_desc-preproc_dwi.nii.gz	0.0	0.0448297820985317	0.0112049104645848	0.0462299883365631	0.0448297820985317	0.0462299883365631	0.0112049104645848	0.0485452525317668	0.0485452525317668	sub-127008	ses-1		dir-AP	acq-multiband	space-ACPC			DSIStudio	autotrackgqi
CranialNerve_CNIIIL	ad	TORTOISE_model-MAPMRI	/scratch/grmpy/SLURM_11194840_49/job-11194840-49-sub-127008/ds/inputs/data/qsiprep/qsiprep/sub-127008/ses-1/dwi/sub-127008_ses-1_acq-multiband_dir-AP_space-ACPC_desc-preproc_dwi.nii.gz	0.0	1596.542686691788	834.5085515873585	1235.5992667339142	1596.542686691788	1235.5992667339142	834.5085515873585	1439.576714079289	1439.576714079289	sub-127008	ses-1		dir-AP	acq-multiband	space-ACPC			DSIStudio	autotrackgqi
CranialNerve_CNIIIL	am	TORTOISE_model-MAPMRI	/scratch/grmpy/SLURM_11194840_49/job-11194840-49-sub-127008/ds/inputs/data/qsiprep/qsiprep/sub-127008/ses-1/dwi/sub-127008_ses-1_acq-multiband_dir-AP_space-ACPC_desc-preproc_dwi.nii.gz	0.0	8117.662109375	2598.286376953125	7353.689453125	8117.662109375	7353.689453125	2598.286376953125	8067.88232421875	8067.88232421875	sub-127008	ses-1		dir-AP	acq-multiband	space-ACPC			DSIStudio	autotrackgqi
CranialNerve_CNIIIL	fa	TORTOISE_model-MAPMRI	/scratch/grmpy/SLURM_11194840_49/job-11194840-49-sub-127008/ds/inputs/data/qsiprep/qsiprep/sub-127008/ses-1/dwi/sub-127008_ses-1_acq-multiband_dir-AP_space-ACPC_desc-preproc_dwi.nii.gz	0.0	0.3331546126999427	0.1657282191633619	0.3218145360450152	0.3331546126999427	0.3218145360450152	0.1657282191633619	0.3332914620775369	0.3332914620775369	sub-127008	ses-1		dir-AP	acq-multiband	space-ACPC			DSIStudio	autotrackgqi
CranialNerve_CNIIIL	li	TORTOISE_model-MAPMRI	/scratch/grmpy/SLURM_11194840_49/job-11194840-49-sub-127008/ds/inputs/data/qsiprep/qsiprep/sub-127008/ses-1/dwi/sub-127008_ses-1_acq-multiband_dir-AP_space-ACPC_desc-preproc_dwi.nii.gz	0.0	0.1922923028469085	0.114877164363861	0.1803271472454071	0.1922923028469085	0.1803271472454071	0.114877164363861	0.1912348717451095	0.1912348717451095	sub-127008	ses-1		dir-AP	acq-multiband	space-ACPC			DSIStudio	autotrackgqi
CranialNerve_CNIIIL	ng	TORTOISE_model-MAPMRI	/scratch/grmpy/SLURM_11194840_49/job-11194840-49-sub-127008/ds/inputs/data/qsiprep/qsiprep/sub-127008/ses-1/dwi/sub-127008_ses-1_acq-multiband_dir-AP_space-ACPC_desc-preproc_dwi.nii.gz	0.0	0.34035524725914	0.1033719554543495	0.3403781652450561	0.34035524725914	0.3403781652450561	0.1033719554543495	0.3185359835624695	0.3185359835624695	sub-127008	ses-1		dir-AP	acq-multiband	space-ACPC			DSIStudio	autotrackgqi
CranialNerve_CNIIIL	ngpar	TORTOISE_model-MAPMRI	/scratch/grmpy/SLURM_11194840_49/job-11194840-49-sub-127008/ds/inputs/data/qsiprep/qsiprep/sub-127008/ses-1/dwi/sub-127008_ses-1_acq-multiband_dir-AP_space-ACPC_desc-preproc_dwi.nii.gz	0.0	0.1712159514427185	0.0530584305524826	0.1693216264247894	0.1712159514427185	0.1693216264247894	0.0530584305524826	0.1636262089014053	0.1636262089014053	sub-127008	ses-1		dir-AP	acq-multiband	space-ACPC			DSIStudio	autotrackgqi
CranialNerve_CNIIIL	ngperp	TORTOISE_model-MAPMRI	/scratch/grmpy/SLURM_11194840_49/job-11194840-49-sub-127008/ds/inputs/data/qsiprep/qsiprep/sub-127008/ses-1/dwi/sub-127008_ses-1_acq-multiband_dir-AP_space-ACPC_desc-preproc_dwi.nii.gz	0.0	0.2752639353275299	0.0838134884834289	0.2790779769420624	0.2752639353275299	0.2790779769420624	0.0838134884834289	0.2564931511878967	0.2564931511878967	sub-127008	ses-1		dir-AP	acq-multiband	space-ACPC			DSIStudio	autotrackgqi
CranialNerve_CNIIIL	pa	TORTOISE_model-MAPMRI	/scratch/grmpy/SLURM_11194840_49/job-11194840-49-sub-127008/ds/inputs/data/qsiprep/qsiprep/sub-127008/ses-1/dwi/sub-127008_ses-1_acq-multiband_dir-AP_space-ACPC_desc-preproc_dwi.nii.gz	0.0	0.6986820697784424	0.1688847988843917	0.7340880036354065	0.6986820697784424	0.7340880036354065	0.1688847988843917	0.6837798357009888	0.6837798357009888	sub-127008	ses-1		dir-AP	acq-multiband	space-ACPC			DSIStudio	autotrackgqi
CranialNerve_CNIIIL	path	TORTOISE_model-MAPMRI	/scratch/grmpy/SLURM_11194840_49/job-11194840-49-sub-127008/ds/inputs/data/qsiprep/qsiprep/sub-127008/ses-1/dwi/sub-127008_ses-1_acq-multiband_dir-AP_space-ACPC_desc-preproc_dwi.nii.gz	0.0	0.2650072574615478	0.0863697901368141	0.260437399148941	0.2650072574615478	0.260437399148941	0.0863697901368141	0.2549110054969787	0.2549110054969787	sub-127008	ses-1		dir-AP	acq-multiband	space-ACPC			DSIStudio	autotrackgqi
CranialNerve_CNIIIL	rd	TORTOISE_model-MAPMRI	/scratch/grmpy/SLURM_11194840_49/job-11194840-49-sub-127008/ds/inputs/data/qsiprep/qsiprep/sub-127008/ses-1/dwi/sub-127008_ses-1_acq-multiband_dir-AP_space-ACPC_desc-preproc_dwi.nii.gz	0.0	1011.947854642616	734.4587434657757	690.901899118584	1011.947854642616	690.901899118584	734.4587434657757	904.7562208912908	904.7562208912908	sub-127008	ses-1		dir-AP	acq-multiband	space-ACPC			DSIStudio	autotrackgqi
CranialNerve_CNIIIL	rtap	TORTOISE_model-MAPMRI	/scratch/grmpy/SLURM_11194840_49/job-11194840-49-sub-127008/ds/inputs/data/qsiprep/qsiprep/sub-127008/ses-1/dwi/sub-127008_ses-1_acq-multiband_dir-AP_space-ACPC_desc-preproc_dwi.nii.gz	0.0	0.0111828092485666	0.0061804866418242	0.0109883267432451	0.0111828092485666	0.0109883267432451	0.0061804866418242	0.0112267928197979	0.0112267928197979	sub-127008	ses-1		dir-AP	acq-multiband	space-ACPC			DSIStudio	autotrackgqi
CranialNerve_CNIIIL	rtop	TORTOISE_model-MAPMRI	/scratch/grmpy/SLURM_11194840_49/job-11194840-49-sub-127008/ds/inputs/data/qsiprep/qsiprep/sub-127008/ses-1/dwi/sub-127008_ses-1_acq-multiband_dir-AP_space-ACPC_desc-preproc_dwi.nii.gz	0.0	0.0002363910462008	0.0001311552478	0.000236656400375	0.0002363910462008	0.000236656400375	0.0001311552478	0.0002431150205666	0.0002431150205666	sub-127008	ses-1		dir-AP	acq-multiband	space-ACPC			DSIStudio	autotrackgqi
CranialNerve_CNIIIL	rtpp	TORTOISE_model-MAPMRI	/scratch/grmpy/SLURM_11194840_49/job-11194840-49-sub-127008/ds/inputs/data/qsiprep/qsiprep/sub-127008/ses-1/dwi/sub-127008_ses-1_acq-multiband_dir-AP_space-ACPC_desc-preproc_dwi.nii.gz	0.0	0.0434148944914341	0.0109094213694334	0.0466091930866241	0.0434148944914341	0.0466091930866241	0.0109094213694334	0.0454118177294731	0.0454118177294731	sub-127008	ses-1		dir-AP	acq-multiband	space-ACPC			DSIStudio	autotrackgqi
CranialNerve_CNVIIR	ad	TORTOISE_model-MAPMRI	/scratch/grmpy/SLURM_11194840_49/job-11194840-49-sub-127008/ds/inputs/data/qsiprep/qsiprep/sub-127008/ses-1/dwi/sub-127008_ses-1_acq-multiband_dir-AP_space-ACPC_desc-preproc_dwi.nii.gz	0.0	1558.3007262907004	715.0423914843643	1394.694463411143	1558.3007262907004	1394.694463411143	715.0423914843643	1409.5510949211373	1409.5512454911109	sub-127008	ses-1		dir-AP	acq-multiband	space-ACPC			DSIStudio	autotrackgqi
CranialNerve_CNVIIR	am	TORTOISE_model-MAPMRI	/scratch/grmpy/SLURM_11194840_49/job-11194840-49-sub-127008/ds/inputs/data/qsiprep/qsiprep/sub-127008/ses-1/dwi/sub-127008_ses-1_acq-multiband_dir-AP_space-ACPC_desc-preproc_dwi.nii.gz	0.0	6810.1630859375	1273.784912109375	6484.57373046875	6810.1630859375	6484.57373046875	1273.784912109375	6481.56591796875	6481.56689453125	sub-127008	ses-1		dir-AP	acq-multiband	space-ACPC			DSIStudio	autotrackgqi
CranialNerve_CNVIIR	fa	TORTOISE_model-MAPMRI	/scratch/grmpy/SLURM_11194840_49/job-11194840-49-sub-127008/ds/inputs/data/qsiprep/qsiprep/sub-127008/ses-1/dwi/sub-127008_ses-1_acq-multiband_dir-AP_space-ACPC_desc-preproc_dwi.nii.gz	0.0	0.3900886680833004	0.1739442730452624	0.3671234887771148	0.3900886680833004	0.3671234887771148	0.1739442730452624	0.4459470484986249	0.4459470965724486	sub-127008	ses-1		dir-AP	acq-multiband	space-ACPC			DSIStudio	autotrackgqi
CranialNerve_CNVIIR	li	TORTOISE_model-MAPMRI	/scratch/grmpy/SLURM_11194840_49/job-11194840-49-sub-127008/ds/inputs/data/qsiprep/qsiprep/sub-127008/ses-1/dwi/sub-127008_ses-1_acq-multiband_dir-AP_space-ACPC_desc-preproc_dwi.nii.gz	0.0	0.2398423254489898	0.1440086513757705	0.2006229162216186	0.2398423254489898	0.2006229162216186	0.1440086513757705	0.2922338247299194	0.2922338247299194	sub-127008	ses-1		dir-AP	acq-multiband	space-ACPC			DSIStudio	autotrackgqi
CranialNerve_CNVIIR	ng	TORTOISE_model-MAPMRI	/scratch/grmpy/SLURM_11194840_49/job-11194840-49-sub-127008/ds/inputs/data/qsiprep/qsiprep/sub-127008/ses-1/dwi/sub-127008_ses-1_acq-multiband_dir-AP_space-ACPC_desc-preproc_dwi.nii.gz	0.0	0.3894886374473572	0.0603103600442409	0.3732732236385345	0.3894886374473572	0.3732732236385345	0.0603103600442409	0.3721992373466491	0.3721992671489715	sub-127008	ses-1		dir-AP	acq-multiband	space-ACPC			DSIStudio	autotrackgqi
CranialNerve_CNVIIR	ngpar	TORTOISE_model-MAPMRI	/scratch/grmpy/SLURM_11194840_49/job-11194840-49-sub-127008/ds/inputs/data/qsiprep/qsiprep/sub-127008/ses-1/dwi/sub-127008_ses-1_acq-multiband_dir-AP_space-ACPC_desc-preproc_dwi.nii.gz	0.0	0.1720141321420669	0.0463178306818008	0.1745473444461822	0.1720141321420669	0.1745473444461822	0.0463178306818008	0.1574196815490722	0.1574197113513946	sub-127008	ses-1		dir-AP	acq-multiband	space-ACPC			DSIStudio	autotrackgqi
CranialNerve_CNVIIR	ngperp	TORTOISE_model-MAPMRI	/scratch/grmpy/SLURM_11194840_49/job-11194840-49-sub-127008/ds/inputs/data/qsiprep/qsiprep/sub-127008/ses-1/dwi/sub-127008_ses-1_acq-multiband_dir-AP_space-ACPC_desc-preproc_dwi.nii.gz	0.0	0.3214434683322906	0.0496012344956398	0.3202141225337982	0.3214434683322906	0.3202141225337982	0.0496012344956398	0.3100387156009674	0.3100387156009674	sub-127008	ses-1		dir-AP	acq-multiband	space-ACPC			DSIStudio	autotrackgqi
CranialNerve_CNVIIR	pa	TORTOISE_model-MAPMRI	/scratch/grmpy/SLURM_11194840_49/job-11194840-49-sub-127008/ds/inputs/data/qsiprep/qsiprep/sub-127008/ses-1/dwi/sub-127008_ses-1_acq-multiband_dir-AP_space-ACPC_desc-preproc_dwi.nii.gz	0.0	0.7940629720687866	0.1221593171358108	0.8061584830284119	0.7940629720687866	0.8061584830284119	0.1221593171358108	0.8159295320510864	0.815929651260376	sub-127008	ses-1		dir-AP	acq-multiband	space-ACPC			DSIStudio	autotrackgqi
CranialNerve_CNVIIR	path	TORTOISE_model-MAPMRI	/scratch/grmpy/SLURM_11194840_49/job-11194840-49-sub-127008/ds/inputs/data/qsiprep/qsiprep/sub-127008/ses-1/dwi/sub-127008_ses-1_acq-multiband_dir-AP_space-ACPC_desc-preproc_dwi.nii.gz	0.0	0.313498318195343	0.0817799493670463	0.2985266149044037	0.313498318195343	0.2985266149044037	0.0817799493670463	0.3326100409030914	0.3326100707054138	sub-127008	ses-1		dir-AP	acq-multiband	space-ACPC			DSIStudio	autotrackgqi
CranialNerve_CNVIIR	rd	TORTOISE_model-MAPMRI	/scratch/grmpy/SLURM_11194840_49/job-11194840-49-sub-127008/ds/inputs/data/qsiprep/qsiprep/sub-127008/ses-1/dwi/sub-127008_ses-1_acq-multiband_dir-AP_space-ACPC_desc-preproc_dwi.nii.gz	0.0	858.6059755516105	547.544158202716	630.9358034556424	858.6059755516105	630.9358034556424	547.544158202716	698.0847440934615	698.0848183881044	sub-127008	ses-1		dir-AP	acq-multiband	space-ACPC			DSIStudio	autotrackgqi
CranialNerve_CNVIIR	rtap	TORTOISE_model-MAPMRI	/scratch/grmpy/SLURM_11194840_49/job-11194840-49-sub-127008/ds/inputs/data/qsiprep/qsiprep/sub-127008/ses-1/dwi/sub-127008_ses-1_acq-multiband_dir-AP_space-ACPC_desc-preproc_dwi.nii.gz	0.0	0.01364716142416	0.0066150682978332	0.0136628840118646	0.01364716142416	0.0136628840118646	0.0066150682978332	0.0160508714616298	0.016050873324275	sub-127008	ses-1		dir-AP	acq-multiband	space-ACPC			DSIStudio	autotrackgqi
CranialNerve_CNVIIR	rtop	TORTOISE_model-MAPMRI	/scratch/grmpy/SLURM_11194840_49/job-11194840-49-sub-127008/ds/inputs/data/qsiprep/qsiprep/sub-127008/ses-1/dwi/sub-127008_ses-1_acq-multiband_dir-AP_space-ACPC_desc-preproc_dwi.nii.gz	0.0	0.000282429420622	0.0001364375639241	0.0003037718706764	0.000282429420622	0.0003037718706764	0.0001364375639241	0.0003256411873735	0.0003256412164773	sub-127008	ses-1		dir-AP	acq-multiband	space-ACPC			DSIStudio	autotrackgqi
CranialNerve_CNVIIR	rtpp	TORTOISE_model-MAPMRI	/scratch/grmpy/SLURM_11194840_49/job-11194840-49-sub-127008/ds/inputs/data/qsiprep/qsiprep/sub-127008/ses-1/dwi/sub-127008_ses-1_acq-multiband_dir-AP_space-ACPC_desc-preproc_dwi.nii.gz	0.0	0.043805930763483	0.0098348418250679	0.0437474213540554	0.043805930763483	0.0437474213540554	0.0098348418250679	0.0450330525636673	0.0450330562889575	sub-127008	ses-1		dir-AP	acq-multiband	space-ACPC			DSIStudio	autotrackgqi
CranialNerve_CNVIIIL	ad	TORTOISE_model-MAPMRI	/scratch/grmpy/SLURM_11194840_49/job-11194840-49-sub-127008/ds/inputs/data/qsiprep/qsiprep/sub-127008/ses-1/dwi/sub-127008_ses-1_acq-multiband_dir-AP_space-ACPC_desc-preproc_dwi.nii.gz	0.0	1208.3057480765087	521.8517569820962	1055.9166666451645	1208.3057480765087	1055.9166666451645	521.8517569820962	1325.5415321525195	1325.5415321525195	sub-127008	ses-1		dir-AP	acq-multiband	space-ACPC			DSIStudio	autotrackgqi
CranialNerve_CNVIIIL	am	TORTOISE_model-MAPMRI	/scratch/grmpy/SLURM_11194840_49/job-11194840-49-sub-127008/ds/inputs/data/qsiprep/qsiprep/sub-127008/ses-1/dwi/sub-127008_ses-1_acq-multiband_dir-AP_space-ACPC_desc-preproc_dwi.nii.gz	0.0	6646.33544921875	1256.1221923828125	6531.2265625	6646.33544921875	6531.2265625	1256.1221923828125	6539.66650390625	6539.66650390625	sub-127008	ses-1		dir-AP	acq-multiband	space-ACPC			DSIStudio	autotrackgqi
CranialNerve_CNVIIIL	fa	TORTOISE_model-MAPMRI	/scratch/grmpy/SLURM_11194840_49/job-11194840-49-sub-127008/ds/inputs/data/qsiprep/qsiprep/sub-127008/ses-1/dwi/sub-127008_ses-1_acq-multiband_dir-AP_space-ACPC_desc-preproc_dwi.nii.gz	0.0	0.3457858252470993	0.1716567892872197	0.3061091387399555	0.3457858252470993	0.3061091387399555	0.1716567892872197	0.4198820110133868	0.4198820110133868	sub-127008	ses-1		dir-AP	acq-multiband	space-ACPC			DSIStudio	autotrackgqi
CranialNerve_CNVIIIL	li	TORTOISE_model-MAPMRI	/scratch/grmpy/SLURM_11194840_49/job-11194840-49-sub-127008/ds/inputs/data/qsiprep/qsiprep/sub-127008/ses-1/dwi/sub-127008_ses-1_acq-multiband_dir-AP_space-ACPC_desc-preproc_dwi.nii.gz	0.0	0.2053645104169845	0.132786825299263	0.167353942990303	0.2053645104169845	0.167353942990303	0.132786825299263	0.2621830403804779	0.2621830403804779	sub-127008	ses-1		dir-AP	acq-multiband	space-ACPC			DSIStudio	autotrackgqi
CranialNerve_CNVIIIL	ng	TORTOISE_model-MAPMRI	/scratch/grmpy/SLURM_11194840_49/job-11194840-49-sub-127008/ds/inputs/data/qsiprep/qsiprep/sub-127008/ses-1/dwi/sub-127008_ses-1_acq-multiband_dir-AP_space-ACPC_desc-preproc_dwi.nii.gz	0.0	0.3565126359462738	0.0535199381411075	0.3564318716526031	0.3565126359462738	0.3564318716526031	0.0535199381411075	0.3711051344871521	0.3711051344871521	sub-127008	ses-1		dir-AP	acq-multiband	space-ACPC			DSIStudio	autotrackgqi
CranialNerve_CNVIIIL	ngpar	TORTOISE_model-MAPMRI	/scratch/grmpy/SLURM_11194840_49/job-11194840-49-sub-127008/ds/inputs/data/qsiprep/qsiprep/sub-127008/ses-1/dwi/sub-127008_ses-1_acq-multiband_dir-AP_space-ACPC_desc-preproc_dwi.nii.gz	0.0	0.176499456167221	0.0385386124253273	0.1741462498903274	0.176499456167221	0.1741462498903274	0.0385386124253273	0.1755972504615783	0.1755972504615783	sub-127008	ses-1		dir-AP	acq-multiband	space-ACPC			DSIStudio	autotrackgqi
CranialNerve_CNVIIIL	ngperp	TORTOISE_model-MAPMRI	/scratch/grmpy/SLURM_11194840_49/job-11194840-49-sub-127008/ds/inputs/data/qsiprep/qsiprep/sub-127008/ses-1/dwi/sub-127008_ses-1_acq-multiband_dir-AP_space-ACPC_desc-preproc_dwi.nii.gz	0.0	0.2923898100852966	0.0470596402883529	0.2933194637298584	0.2923898100852966	0.2933194637298584	0.0470596402883529	0.3048223555088043	0.3048223555088043	sub-127008	ses-1		dir-AP	acq-multiband	space-ACPC			DSIStudio	autotrackgqi
CranialNerve_CNVIIIL	pa	TORTOISE_model-MAPMRI	/scratch/grmpy/SLURM_11194840_49/job-11194840-49-sub-127008/ds/inputs/data/qsiprep/qsiprep/sub-127008/ses-1/dwi/sub-127008_ses-1_acq-multiband_dir-AP_space-ACPC_desc-preproc_dwi.nii.gz	0.0	0.7212027311325073	0.1555359959602356	0.7268716096878052	0.7212027311325073	0.7268716096878052	0.1555359959602356	0.7915355563163757	0.7915355563163757	sub-127008	ses-1		dir-AP	acq-multiband	space-ACPC			DSIStudio	autotrackgqi
CranialNerve_CNVIIIL	path	TORTOISE_model-MAPMRI	/scratch/grmpy/SLURM_11194840_49/job-11194840-49-sub-127008/ds/inputs/data/qsiprep/qsiprep/sub-127008/ses-1/dwi/sub-127008_ses-1_acq-multiband_dir-AP_space-ACPC_desc-preproc_dwi.nii.gz	0.0	0.2772979438304901	0.0883637443184852	0.2571357786655426	0.2772979438304901	0.2571357786655426	0.0883637443184852	0.3181770145893097	0.3181770145893097	sub-127008	ses-1		dir-AP	acq-multiband	space-ACPC			DSIStudio	autotrackgqi
CranialNerve_CNVIIIL	rd	TORTOISE_model-MAPMRI	/scratch/grmpy/SLURM_11194840_49/job-11194840-49-sub-127008/ds/inputs/data/qsiprep/qsiprep/sub-127008/ses-1/dwi/sub-127008_ses-1_acq-multiband_dir-AP_space-ACPC_desc-preproc_dwi.nii.gz	0.0	718.1946790096639	436.9443446044344	612.1001737469926	718.1946790096639	612.1001737469926	436.9443446044344	696.6357204666313	696.6357204666313	sub-127008	ses-1		dir-AP	acq-multiband	space-ACPC			DSIStudio	autotrackgqi
CranialNerve_CNVIIIL	rtap	TORTOISE_model-MAPMRI	/scratch/grmpy/SLURM_11194840_49/job-11194840-49-sub-127008/ds/inputs/data/qsiprep/qsiprep/sub-127008/ses-1/dwi/sub-127008_ses-1_acq-multiband_dir-AP_space-ACPC_desc-preproc_dwi.nii.gz	0.0	0.0144857028499245	0.0056687765754759	0.0135578466579318	0.0144857028499245	0.0135578466579318	0.0056687765754759	0.0160139836370944	0.0160139836370944	sub-127008	ses-1		dir-AP	acq-multiband	space-ACPC			DSIStudio	autotrackgqi
CranialNerve_CNVIIIL	rtop	TORTOISE_model-MAPMRI	/scratch/grmpy/SLURM_11194840_49/job-11194840-49-sub-127008/ds/inputs/data/qsiprep/qsiprep/sub-127008/ses-1/dwi/sub-127008_ses-1_acq-multiband_dir-AP_space-ACPC_desc-preproc_dwi.nii.gz	0.0	0.0003298451483715	0.0001147174916695	0.0003381440474186	0.0003298451483715	0.0003381440474186	0.0001147174916695	0.0003474823315627	0.0003474823315627	sub-127008	ses-1		dir-AP	acq-multiband	space-ACPC			DSIStudio	autotrackgqi
CranialNerve_CNVIIIL	rtpp	TORTOISE_model-MAPMRI	/scratch/grmpy/SLURM_11194840_49/job-11194840-49-sub-127008/ds/inputs/data/qsiprep/qsiprep/sub-127008/ses-1/dwi/sub-127008_ses-1_acq-multiband_dir-AP_space-ACPC_desc-preproc_dwi.nii.gz	0.0	0.0496536903083324	0.0081174215301871	0.0514290407299995	0.0496536903083324	0.0514290407299995	0.0081174215301871	0.0471981763839721	0.0471981763839721	sub-127008	ses-1		dir-AP	acq-multiband	space-ACPC			DSIStudio	autotrackgqi
CranialNerve_CNVIIIR	ad	TORTOISE_model-MAPMRI	/scratch/grmpy/SLURM_11194840_49/job-11194840-49-sub-127008/ds/inputs/data/qsiprep/qsiprep/sub-127008/ses-1/dwi/sub-127008_ses-1_acq-multiband_dir-AP_space-ACPC_desc-preproc_dwi.nii.gz	0.0	1251.1780180024975	520.2544551280829	1081.6916144506577	1251.1780180024975	1081.6916144506577	520.2544551280829	1387.6005362759197	1387.6005362759197	sub-127008	ses-1		dir-AP	acq-multiband	space-ACPC			DSIStudio	autotrackgqi
CranialNerve_CNVIIIR	am	TORTOISE_model-MAPMRI	/scratch/grmpy/SLURM_11194840_49/job-11194840-49-sub-127008/ds/inputs/data/qsiprep/qsiprep/sub-127008/ses-1/dwi/sub-127008_ses-1_acq-multiband_dir-AP_space-ACPC_desc-preproc_dwi.nii.gz	0.0	6581.96875	1349.181884765625	6427.31591796875	6581.96875	6427.31591796875	1349.181884765625	6648.189453125	6648.189453125	sub-127008	ses-1		dir-AP	acq-multiband	space-ACPC			DSIStudio	autotrackgqi
CranialNerve_CNVIIIR	fa	TORTOISE_model-MAPMRI	/scratch/grmpy/SLURM_11194840_49/job-11194840-49-sub-127008/ds/inputs/data/qsiprep/qsiprep/sub-127008/ses-1/dwi/sub-127008_ses-1_acq-multiband_dir-AP_space-ACPC_desc-preproc_dwi.nii.gz	0.0	0.3323006711995777	0.174323267342407	0.2903063293301028	0.3323006711995777	0.2903063293301028	0.174323267342407	0.3775169591651952	0.3775169591651952	sub-127008	ses-1		dir-AP	acq-multiband	space-ACPC			DSIStudio	autotrackgqi
CranialNerve_CNVIIIR	li	TORTOISE_model-MAPMRI	/scratch/grmpy/SLURM_11194840_49/job-11194840-49-sub-127008/ds/inputs/data/qsiprep/qsiprep/sub-127008/ses-1/dwi/sub-127008_ses-1_acq-multiband_dir-AP_space-ACPC_desc-preproc_dwi.nii.gz	0.0	0.1951440423727035	0.1294847726821899	0.1579365730285644	0.1951440423727035	0.1579365730285644	0.1294847726821899	0.2276166379451751	0.2276166379451751	sub-127008	ses-1		dir-AP	acq-multiband	space-ACPC			DSIStudio	autotrackgqi
CranialNerve_CNVIIIR	ng	TORTOISE_model-MAPMRI	/scratch/grmpy/SLURM_11194840_49/job-11194840-49-sub-127008/ds/inputs/data/qsiprep/qsiprep/sub-127008/ses-1/dwi/sub-127008_ses-1_acq-multiband_dir-AP_space-ACPC_desc-preproc_dwi.nii.gz	0.0	0.3550506830215454	0.0515041574835777	0.3572550415992737	0.3550506830215454	0.3572550415992737	0.0515041574835777	0.3613497614860534	0.3613497614860534	sub-127008	ses-1		dir-AP	acq-multiband	space-ACPC			DSIStudio	autotrackgqi
CranialNerve_CNVIIIR	ngpar	TORTOISE_model-MAPMRI	/scratch/grmpy/SLURM_11194840_49/job-11194840-49-sub-127008/ds/inputs/data/qsiprep/qsiprep/sub-127008/ses-1/dwi/sub-127008_ses-1_acq-multiband_dir-AP_space-ACPC_desc-preproc_dwi.nii.gz	0.0	0.1763910949230194	0.0374359413981437	0.1786593943834304	0.1763910949230194	0.1786593943834304	0.0374359413981437	0.1717972606420517	0.1717972606420517	sub-127008	ses-1		dir-AP	acq-multiband	space-ACPC			DSIStudio	autotrackgqi
CranialNerve_CNVIIIR	ngperp	TORTOISE_model-MAPMRI	/scratch/grmpy/SLURM_11194840_49/job-11194840-49-sub-127008/ds/inputs/data/qsiprep/qsiprep/sub-127008/ses-1/dwi/sub-127008_ses-1_acq-multiband_dir-AP_space-ACPC_desc-preproc_dwi.nii.gz	0.0	0.2926131188869476	0.0476523712277412	0.294080525636673	0.2926131188869476	0.294080525636673	0.0476523712277412	0.3018345534801483	0.3018345534801483	sub-127008	ses-1		dir-AP	acq-multiband	space-ACPC			DSIStudio	autotrackgqi
CranialNerve_CNVIIIR	pa	TORTOISE_model-MAPMRI	/scratch/grmpy/SLURM_11194840_49/job-11194840-49-sub-127008/ds/inputs/data/qsiprep/qsiprep/sub-127008/ses-1/dwi/sub-127008_ses-1_acq-multiband_dir-AP_space-ACPC_desc-preproc_dwi.nii.gz	0.0	0.7069485187530518	0.1580643206834793	0.7018313407897949	0.7069485187530518	0.7018313407897949	0.1580643206834793	0.7465434074401855	0.7465434074401855	sub-127008	ses-1		dir-AP	acq-multiband	space-ACPC			DSIStudio	autotrackgqi
CranialNerve_CNVIIIR	path	TORTOISE_model-MAPMRI	/scratch/grmpy/SLURM_11194840_49/job-11194840-49-sub-127008/ds/inputs/data/qsiprep/qsiprep/sub-127008/ses-1/dwi/sub-127008_ses-1_acq-multiband_dir-AP_space-ACPC_desc-preproc_dwi.nii.gz	0.0	0.2708359658718109	0.0897535234689712	0.2462161183357238	0.2708359658718109	0.2462161183357238	0.0897535234689712	0.2962187230587005	0.2962187230587005	sub-127008	ses-1		dir-AP	acq-multiband	space-ACPC			DSIStudio	autotrackgqi
CranialNerve_CNVIIIR	rd	TORTOISE_model-MAPMRI	/scratch/grmpy/SLURM_11194840_49/job-11194840-49-sub-127008/ds/inputs/data/qsiprep/qsiprep/sub-127008/ses-1/dwi/sub-127008_ses-1_acq-multiband_dir-AP_space-ACPC_desc-preproc_dwi.nii.gz	0.0	755.5030516014366	430.9335792264902	641.5151844821123	755.5030516014366	641.5151844821123	430.9335792264902	763.9927180659593	763.9927180659593	sub-127008	ses-1		dir-AP	acq-multiband	space-ACPC			DSIStudio	autotrackgqi
CranialNerve_CNVIIIR	rtap	TORTOISE_model-MAPMRI	/scratch/grmpy/SLURM_11194840_49/job-11194840-49-sub-127008/ds/inputs/data/qsiprep/qsiprep/sub-127008/ses-1/dwi/sub-127008_ses-1_acq-multiband_dir-AP_space-ACPC_desc-preproc_dwi.nii.gz	0.0	0.0136999832466244	0.0056379856541752	0.0130582656711339	0.0136999832466244	0.0130582656711339	0.0056379856541752	0.0141506101936101	0.0141506101936101	sub-127008	ses-1		dir-AP	acq-multiband	space-ACPC			DSIStudio	autotrackgqi
CranialNerve_CNVIIIR	rtop	TORTOISE_model-MAPMRI	/scratch/grmpy/SLURM_11194840_49/job-11194840-49-sub-127008/ds/inputs/data/qsiprep/qsiprep/sub-127008/ses-1/dwi/sub-127008_ses-1_acq-multiband_dir-AP_space-ACPC_desc-preproc_dwi.nii.gz	0.0	0.0003083300834987	0.000114873961138	0.0003164687368553	0.0003083300834987	0.0003164687368553	0.000114873961138	0.0003004069731105	0.0003004069731105	sub-127008	ses-1		dir-AP	acq-multiband	space-ACPC			DSIStudio	autotrackgqi
CranialNerve_CNVIIIR	rtpp	TORTOISE_model-MAPMRI	/scratch/grmpy/SLURM_11194840_49/job-11194840-49-sub-127008/ds/inputs/data/qsiprep/qsiprep/sub-127008/ses-1/dwi/sub-127008_ses-1_acq-multiband_dir-AP_space-ACPC_desc-preproc_dwi.nii.gz	0.0	0.0487600676715374	0.008445112966001	0.0505973994731903	0.0487600676715374	0.0505973994731903	0.008445112966001	0.0458958968520164	0.0458958968520164	sub-127008	ses-1		dir-AP	acq-multiband	space-ACPC			DSIStudio	autotrackgqi
CranialNerve_CNVL	ad	TORTOISE_model-MAPMRI	/scratch/grmpy/SLURM_11194840_49/job-11194840-49-sub-127008/ds/inputs/data/qsiprep/qsiprep/sub-127008/ses-1/dwi/sub-127008_ses-1_acq-multiband_dir-AP_space-ACPC_desc-preproc_dwi.nii.gz	0.0027726432532347	1582.2425205439265	758.2125316025435	1347.3665596574654	1586.641711981954	1347.911253892025	754.6553442880954	1570.653781668716	1570.908369490102	sub-127008	ses-1		dir-AP	acq-multiband	space-ACPC			DSIStudio	autotrackgqi
CranialNerve_CNVL	am	TORTOISE_model-MAPMRI	/scratch/grmpy/SLURM_11194840_49/job-11194840-49-sub-127008/ds/inputs/data/qsiprep/qsiprep/sub-127008/ses-1/dwi/sub-127008_ses-1_acq-multiband_dir-AP_space-ACPC_desc-preproc_dwi.nii.gz	0.0	6636.611328125	1570.4840087890625	6443.53125	6636.611328125	6443.53125	1570.4840087890625	6822.8349609375	6822.8349609375	sub-127008	ses-1		dir-AP	acq-multiband	space-ACPC			DSIStudio	autotrackgqi
CranialNerve_CNVL	fa	TORTOISE_model-MAPMRI	/scratch/grmpy/SLURM_11194840_49/job-11194840-49-sub-127008/ds/inputs/data/qsiprep/qsiprep/sub-127008/ses-1/dwi/sub-127008_ses-1_acq-multiband_dir-AP_space-ACPC_desc-preproc_dwi.nii.gz	0.0027726432532347	0.3867450110607212	0.194589505345034	0.3529022685352271	0.3878202983945323	0.3534587559709558	0.1937868302572503	0.4264179226715904	0.4264870411930312	sub-127008	ses-1		dir-AP	acq-multiband	space-ACPC			DSIStudio	autotrackgqi
CranialNerve_CNVL	li	TORTOISE_model-MAPMRI	/scratch/grmpy/SLURM_11194840_49/job-11194840-49-sub-127008/ds/inputs/data/qsiprep/qsiprep/sub-127008/ses-1/dwi/sub-127008_ses-1_acq-multiband_dir-AP_space-ACPC_desc-preproc_dwi.nii.gz	0.0027726432532347	0.2266777753829956	0.1506761163473129	0.1930834054946899	0.2273080199956894	0.1935125887393951	0.1504099518060684	0.2468186020851135	0.2468586266040802	sub-127008	ses-1		dir-AP	acq-multiband	space-ACPC			DSIStudio	autotrackgqi
CranialNerve_CNVL	ng	TORTOISE_model-MAPMRI	/scratch/grmpy/SLURM_11194840_49/job-11194840-49-sub-127008/ds/inputs/data/qsiprep/qsiprep/sub-127008/ses-1/dwi/sub-127008_ses-1_acq-multiband_dir-AP_space-ACPC_desc-preproc_dwi.nii.gz	0.0	0.3918191492557525	0.0856548473238945	0.3752349615097046	0.3918191492557525	0.3752349615097046	0.0856548473238945	0.3878016769886017	0.3878016769886017	sub-127008	ses-1		dir-AP	acq-multiband	space-ACPC			DSIStudio	autotrackgqi
CranialNerve_CNVL	ngpar	TORTOISE_model-MAPMRI	/scratch/grmpy/SLURM_11194840_49/job-11194840-49-sub-127008/ds/inputs/data/qsiprep/qsiprep/sub-127008/ses-1/dwi/sub-127008_ses-1_acq-multiband_dir-AP_space-ACPC_desc-preproc_dwi.nii.gz	0.0	0.188572347164154	0.0560535863041877	0.1822811663150787	0.188572347164154	0.1822811663150787	0.0560535863041877	0.1852337419986724	0.1852337419986724	sub-127008	ses-1		dir-AP	acq-multiband	space-ACPC			DSIStudio	autotrackgqi
CranialNerve_CNVL	ngperp	TORTOISE_model-MAPMRI	/scratch/grmpy/SLURM_11194840_49/job-11194840-49-sub-127008/ds/inputs/data/qsiprep/qsiprep/sub-127008/ses-1/dwi/sub-127008_ses-1_acq-multiband_dir-AP_space-ACPC_desc-preproc_dwi.nii.gz	0.0	0.31639564037323	0.0641764178872108	0.3135496973991394	0.31639564037323	0.3135496973991394	0.0641764178872108	0.317581832408905	0.317581832408905	sub-127008	ses-1		dir-AP	acq-multiband	space-ACPC			DSIStudio	autotrackgqi
CranialNerve_CNVL	pa	TORTOISE_model-MAPMRI	/scratch/grmpy/SLURM_11194840_49/job-11194840-49-sub-127008/ds/inputs/data/qsiprep/qsiprep/sub-127008/ses-1/dwi/sub-127008_ses-1_acq-multiband_dir-AP_space-ACPC_desc-preproc_dwi.nii.gz	0.0	0.7858191728591919	0.138390377163887	0.8076242208480835	0.7858191728591919	0.8076242208480835	0.138390377163887	0.8185650110244751	0.8185650110244751	sub-127008	ses-1		dir-AP	acq-multiband	space-ACPC			DSIStudio	autotrackgqi
CranialNerve_CNVL	path	TORTOISE_model-MAPMRI	/scratch/grmpy/SLURM_11194840_49/job-11194840-49-sub-127008/ds/inputs/data/qsiprep/qsiprep/sub-127008/ses-1/dwi/sub-127008_ses-1_acq-multiband_dir-AP_space-ACPC_desc-preproc_dwi.nii.gz	0.0	0.3133732676506042	0.0935537591576576	0.2994243204593658	0.3133732676506042	0.2994243204593658	0.0935537591576576	0.3296623826026916	0.3296623826026916	sub-127008	ses-1		dir-AP	acq-multiband	space-ACPC			DSIStudio	autotrackgqi
CranialNerve_CNVL	rd	TORTOISE_model-MAPMRI	/scratch/grmpy/SLURM_11194840_49/job-11194840-49-sub-127008/ds/inputs/data/qsiprep/qsiprep/sub-127008/ses-1/dwi/sub-127008_ses-1_acq-multiband_dir-AP_space-ACPC_desc-preproc_dwi.nii.gz	0.0027726432532347	917.4901135906224	684.8101369926342	628.9006619708257	920.0410592261848	629.5574446263447	684.0481245134472	853.5621010209989	853.7004548091752	sub-127008	ses-1		dir-AP	acq-multiband	space-ACPC			DSIStudio	autotrackgqi
CranialNerve_CNVL	rtap	TORTOISE_model-MAPMRI	/scratch/grmpy/SLURM_11194840_49/job-11194840-49-sub-127008/ds/inputs/data/qsiprep/qsiprep/sub-127008/ses-1/dwi/sub-127008_ses-1_acq-multiband_dir-AP_space-ACPC_desc-preproc_dwi.nii.gz	0.0027726432532347	0.0137432347983121	0.0077287293970584	0.013186702504754	0.013781446032226	0.0132220918312668	0.0077053704299032	0.0145232528448104	0.0145256062969565	sub-127008	ses-1		dir-AP	acq-multiband	space-ACPC			DSIStudio	autotrackgqi
CranialNerve_CNVL	rtop	TORTOISE_model-MAPMRI	/scratch/grmpy/SLURM_11194840_49/job-11194840-49-sub-127008/ds/inputs/data/qsiprep/qsiprep/sub-127008/ses-1/dwi/sub-127008_ses-1_acq-multiband_dir-AP_space-ACPC_desc-preproc_dwi.nii.gz	0.0027726432532347	0.0002901729021687	0.000158282884513	0.0003134892322123	0.0002909796894527	0.0003136044833809	0.0001577604853082	0.000304029934341	0.000304079207126	sub-127008	ses-1		dir-AP	acq-multiband	space-ACPC			DSIStudio	autotrackgqi
CranialNerve_CNVL	rtpp	TORTOISE_model-MAPMRI	/scratch/grmpy/SLURM_11194840_49/job-11194840-49-sub-127008/ds/inputs/data/qsiprep/qsiprep/sub-127008/ses-1/dwi/sub-127008_ses-1_acq-multiband_dir-AP_space-ACPC_desc-preproc_dwi.nii.gz	0.0027726432532347	0.0434794202446937	0.0108107961714267	0.044600274413824	0.0436003059148788	0.044655580073595	0.0105795795097947	0.0431842096149921	0.0431912094354629	sub-127008	ses-1		dir-AP	acq-multiband	space-ACPC			DSIStudio	autotrackgqi
