bundle	variable_name	qsirecon_suffix	source_file	zero_proportion	mean	stdev	median	masked_mean	masked_median	masked_stdev	weighted_mean	masked_weighted_mean	subject_id	session_id	task_id	dir_id	acq_id	space_id	rec_id	run_id	bundle_source	bundle_params_id
Association_HippocampusAlveusL	dki_ad	DIPYDKI	/scratch/grmpy/SLURM_11202541_35/job-11202541-35-sub-92927/ds/inputs/data/qsiprep/qsiprep/sub-92927/ses-1/dwi/sub-92927_ses-1_acq-multiband_dir-AP_space-ACPC_desc-preproc_dwi.nii.gz	0.0077394388906804	0.0014737262390553	0.0007224287255667	0.0012768333544954	0.0014852209715172	0.001280395896174	0.0007133734761737	0.0016369867371395	0.0016384946648031	sub-92927	ses-1		dir-AP	acq-multiband	space-ACPC			DSIStudio	autotrackgqi
Association_HippocampusAlveusL	dki_ak	DIPYDKI	/scratch/grmpy/SLURM_11202541_35/job-11202541-35-sub-92927/ds/inputs/data/qsiprep/qsiprep/sub-92927/ses-1/dwi/sub-92927_ses-1_acq-multiband_dir-AP_space-ACPC_desc-preproc_dwi.nii.gz	0.0083843921315704	0.6931050852999066	0.1898274153285969	0.7103438105208572	0.6989654860211415	0.7113770548782548	0.1795631122480031	0.6969231153838586	0.6975758192111806	sub-92927	ses-1		dir-AP	acq-multiband	space-ACPC			DSIStudio	autotrackgqi
Association_HippocampusAlveusL	dki_fa	DIPYDKI	/scratch/grmpy/SLURM_11202541_35/job-11202541-35-sub-92927/ds/inputs/data/qsiprep/qsiprep/sub-92927/ses-1/dwi/sub-92927_ses-1_acq-multiband_dir-AP_space-ACPC_desc-preproc_dwi.nii.gz	0.0077394388906804	0.2945598065853119	0.1659091711044311	0.2534998059272766	0.2968572974205017	0.2549443244934082	0.1644947379827499	0.3639071881771087	0.3642424345016479	sub-92927	ses-1		dir-AP	acq-multiband	space-ACPC			DSIStudio	autotrackgqi
Association_HippocampusAlveusL	dki_kfa	DIPYDKI	/scratch/grmpy/SLURM_11202541_35/job-11202541-35-sub-92927/ds/inputs/data/qsiprep/qsiprep/sub-92927/ses-1/dwi/sub-92927_ses-1_acq-multiband_dir-AP_space-ACPC_desc-preproc_dwi.nii.gz	0.0228958400515962	0.5025793313980103	0.2109026312828064	0.505590558052063	0.5143559575080872	0.5102630257606506	0.1986575424671173	0.502011775970459	0.5042705535888672	sub-92927	ses-1		dir-AP	acq-multiband	space-ACPC			DSIStudio	autotrackgqi
Association_HippocampusAlveusL	dki_linearity	DIPYDKI	/scratch/grmpy/SLURM_11202541_35/job-11202541-35-sub-92927/ds/inputs/data/qsiprep/qsiprep/sub-92927/ses-1/dwi/sub-92927_ses-1_acq-multiband_dir-AP_space-ACPC_desc-preproc_dwi.nii.gz	0.0077394388906804	0.1308096498250961	0.1116605773568153	0.0949450805783271	0.1318299323320388	0.096045508980751	0.1114936247467994	0.182239145040512	0.1824070364236831	sub-92927	ses-1		dir-AP	acq-multiband	space-ACPC			DSIStudio	autotrackgqi
Association_HippocampusAlveusL	dki_md	DIPYDKI	/scratch/grmpy/SLURM_11202541_35/job-11202541-35-sub-92927/ds/inputs/data/qsiprep/qsiprep/sub-92927/ses-1/dwi/sub-92927_ses-1_acq-multiband_dir-AP_space-ACPC_desc-preproc_dwi.nii.gz	0.0077394388906804	0.0011176792904734	0.0005880629178136	0.0009413419757038	0.0011263969354331	0.000943663646467	0.0005819756770506	0.0011616216506808	0.0011626917403191	sub-92927	ses-1		dir-AP	acq-multiband	space-ACPC			DSIStudio	autotrackgqi
Association_HippocampusAlveusL	dki_mk	DIPYDKI	/scratch/grmpy/SLURM_11202541_35/job-11202541-35-sub-92927/ds/inputs/data/qsiprep/qsiprep/sub-92927/ses-1/dwi/sub-92927_ses-1_acq-multiband_dir-AP_space-ACPC_desc-preproc_dwi.nii.gz	0.0083843921315704	0.7059382721985374	0.2695330374636274	0.7537629494773739	0.7119071811667201	0.755065162338121	0.2627032720222484	0.7737374216686879	0.7744620660581887	sub-92927	ses-1		dir-AP	acq-multiband	space-ACPC			DSIStudio	autotrackgqi
Association_HippocampusAlveusL	dki_mkt	DIPYDKI	/scratch/grmpy/SLURM_11202541_35/job-11202541-35-sub-92927/ds/inputs/data/qsiprep/qsiprep/sub-92927/ses-1/dwi/sub-92927_ses-1_acq-multiband_dir-AP_space-ACPC_desc-preproc_dwi.nii.gz	0.0077394388906804	0.7231108630521081	0.251558656122998	0.7651626925056674	0.7287509867808214	0.76644106941746	0.2442643999975806	0.7915760392791586	0.792305241215838	sub-92927	ses-1		dir-AP	acq-multiband	space-ACPC			DSIStudio	autotrackgqi
Association_HippocampusAlveusL	dki_planarity	DIPYDKI	/scratch/grmpy/SLURM_11202541_35/job-11202541-35-sub-92927/ds/inputs/data/qsiprep/qsiprep/sub-92927/ses-1/dwi/sub-92927_ses-1_acq-multiband_dir-AP_space-ACPC_desc-preproc_dwi.nii.gz	0.0077394388906804	0.1434691995382309	0.096214510500431	0.1219332665205001	0.1445882320404052	0.1231529265642166	0.0957477763295173	0.1426639854907989	0.1427954137325287	sub-92927	ses-1		dir-AP	acq-multiband	space-ACPC			DSIStudio	autotrackgqi
Association_HippocampusAlveusL	dki_rd	DIPYDKI	/scratch/grmpy/SLURM_11202541_35/job-11202541-35-sub-92927/ds/inputs/data/qsiprep/qsiprep/sub-92927/ses-1/dwi/sub-92927_ses-1_acq-multiband_dir-AP_space-ACPC_desc-preproc_dwi.nii.gz	0.0077394388906804	0.0009396557579748	0.0005533885559998	0.0007912340806797	0.0009469848591834	0.0007926463149487	0.0005492602940648	0.0009239391074515	0.0009247902780771	sub-92927	ses-1		dir-AP	acq-multiband	space-ACPC			DSIStudio	autotrackgqi
Association_HippocampusAlveusL	dki_rk	DIPYDKI	/scratch/grmpy/SLURM_11202541_35/job-11202541-35-sub-92927/ds/inputs/data/qsiprep/qsiprep/sub-92927/ses-1/dwi/sub-92927_ses-1_acq-multiband_dir-AP_space-ACPC_desc-preproc_dwi.nii.gz	0.0083843921315704	0.7753161065383773	0.4571796168380428	0.7791803051655616	0.7818716248375637	0.7830573649251514	0.4534918901221885	0.914864680085938	0.9157214971018218	sub-92927	ses-1		dir-AP	acq-multiband	space-ACPC			DSIStudio	autotrackgqi
Association_HippocampusAlveusL	dki_sphericity	DIPYDKI	/scratch/grmpy/SLURM_11202541_35/job-11202541-35-sub-92927/ds/inputs/data/qsiprep/qsiprep/sub-92927/ses-1/dwi/sub-92927_ses-1_acq-multiband_dir-AP_space-ACPC_desc-preproc_dwi.nii.gz	0.0077394388906804	0.71798175573349	0.1653638780117035	0.7627029418945312	0.723581850528717	0.7635810971260071	0.1533178240060806	0.6741764545440674	0.674797534942627	sub-92927	ses-1		dir-AP	acq-multiband	space-ACPC			DSIStudio	autotrackgqi
Association_UncinateFasciculusR	dki_ad	DIPYDKI	/scratch/grmpy/SLURM_11202541_35/job-11202541-35-sub-92927/ds/inputs/data/qsiprep/qsiprep/sub-92927/ses-1/dwi/sub-92927_ses-1_acq-multiband_dir-AP_space-ACPC_desc-preproc_dwi.nii.gz	0.0076032486607914	0.0013906669337302	0.0007386562647297	0.0012654698221012	0.0014013214968144	0.0012670514406636	0.0007313431124202	0.0013824879424646	0.0013830906245857	sub-92927	ses-1		dir-AP	acq-multiband	space-ACPC			DSIStudio	autotrackgqi
Association_UncinateFasciculusR	dki_ak	DIPYDKI	/scratch/grmpy/SLURM_11202541_35/job-11202541-35-sub-92927/ds/inputs/data/qsiprep/qsiprep/sub-92927/ses-1/dwi/sub-92927_ses-1_acq-multiband_dir-AP_space-ACPC_desc-preproc_dwi.nii.gz	0.0141696906860203	0.702161278625867	0.2601670175187549	0.7392959114266837	0.7122536931477462	0.7420780117104515	0.2479342757991083	0.7223122763139509	0.7230633867381295	sub-92927	ses-1		dir-AP	acq-multiband	space-ACPC			DSIStudio	autotrackgqi
Association_UncinateFasciculusR	dki_fa	DIPYDKI	/scratch/grmpy/SLURM_11202541_35/job-11202541-35-sub-92927/ds/inputs/data/qsiprep/qsiprep/sub-92927/ses-1/dwi/sub-92927_ses-1_acq-multiband_dir-AP_space-ACPC_desc-preproc_dwi.nii.gz	0.0077760497667185	0.2771938145160675	0.1513538658618927	0.2518828213214874	0.2793661653995514	0.2534438967704773	0.1499354392290115	0.3800381422042846	0.3802053332328796	sub-92927	ses-1		dir-AP	acq-multiband	space-ACPC			DSIStudio	autotrackgqi
Association_UncinateFasciculusR	dki_kfa	DIPYDKI	/scratch/grmpy/SLURM_11202541_35/job-11202541-35-sub-92927/ds/inputs/data/qsiprep/qsiprep/sub-92927/ses-1/dwi/sub-92927_ses-1_acq-multiband_dir-AP_space-ACPC_desc-preproc_dwi.nii.gz	0.0566787627440815	0.4609460234642029	0.2154422998428344	0.4647261500358581	0.488641619682312	0.4772171080112457	0.1888676732778549	0.5201736092567444	0.5287977457046509	sub-92927	ses-1		dir-AP	acq-multiband	space-ACPC			DSIStudio	autotrackgqi
Association_UncinateFasciculusR	dki_linearity	DIPYDKI	/scratch/grmpy/SLURM_11202541_35/job-11202541-35-sub-92927/ds/inputs/data/qsiprep/qsiprep/sub-92927/ses-1/dwi/sub-92927_ses-1_acq-multiband_dir-AP_space-ACPC_desc-preproc_dwi.nii.gz	0.0077760497667185	0.1165429577231407	0.1017652750015258	0.0884688273072242	0.1174563020467758	0.0892823189496994	0.101636879146099	0.1828501522541046	0.1829306036233902	sub-92927	ses-1		dir-AP	acq-multiband	space-ACPC			DSIStudio	autotrackgqi
Association_UncinateFasciculusR	dki_md	DIPYDKI	/scratch/grmpy/SLURM_11202541_35/job-11202541-35-sub-92927/ds/inputs/data/qsiprep/qsiprep/sub-92927/ses-1/dwi/sub-92927_ses-1_acq-multiband_dir-AP_space-ACPC_desc-preproc_dwi.nii.gz	0.0076032486607914	0.0010870796395465	0.0006336535443551	0.000954296439886	0.001095408340916	0.0009552870178595	0.0006288638687692	0.0009612946305423	0.0009617137839086	sub-92927	ses-1		dir-AP	acq-multiband	space-ACPC			DSIStudio	autotrackgqi
Association_UncinateFasciculusR	dki_mk	DIPYDKI	/scratch/grmpy/SLURM_11202541_35/job-11202541-35-sub-92927/ds/inputs/data/qsiprep/qsiprep/sub-92927/ses-1/dwi/sub-92927_ses-1_acq-multiband_dir-AP_space-ACPC_desc-preproc_dwi.nii.gz	0.0141696906860203	0.7085970085878934	0.3476615336940378	0.776459013020478	0.7187819261521716	0.7809982602263805	0.3395365871517011	0.8301830104418472	0.8310462923852919	sub-92927	ses-1		dir-AP	acq-multiband	space-ACPC			DSIStudio	autotrackgqi
Association_UncinateFasciculusR	dki_mkt	DIPYDKI	/scratch/grmpy/SLURM_11202541_35/job-11202541-35-sub-92927/ds/inputs/data/qsiprep/qsiprep/sub-92927/ses-1/dwi/sub-92927_ses-1_acq-multiband_dir-AP_space-ACPC_desc-preproc_dwi.nii.gz	0.0076032486607914	0.7229123570205584	0.3631517448679398	0.7888401797847964	0.7284509507361957	0.7910656779450399	0.3589637704305107	0.8290425632242845	0.8294040418266597	sub-92927	ses-1		dir-AP	acq-multiband	space-ACPC			DSIStudio	autotrackgqi
Association_UncinateFasciculusR	dki_planarity	DIPYDKI	/scratch/grmpy/SLURM_11202541_35/job-11202541-35-sub-92927/ds/inputs/data/qsiprep/qsiprep/sub-92927/ses-1/dwi/sub-92927_ses-1_acq-multiband_dir-AP_space-ACPC_desc-preproc_dwi.nii.gz	0.0103680663556246	0.146353393793106	0.099991999566555	0.1263804882764816	0.1478866934776306	0.1276584267616272	0.0993800535798072	0.1557074785232544	0.1558008193969726	sub-92927	ses-1		dir-AP	acq-multiband	space-ACPC			DSIStudio	autotrackgqi
Association_UncinateFasciculusR	dki_rd	DIPYDKI	/scratch/grmpy/SLURM_11202541_35/job-11202541-35-sub-92927/ds/inputs/data/qsiprep/qsiprep/sub-92927/ses-1/dwi/sub-92927_ses-1_acq-multiband_dir-AP_space-ACPC_desc-preproc_dwi.nii.gz	0.0076032486607914	0.0009352860506623	0.0006014301325194	0.000801327638328	0.0009424517629668	0.0008023393456824	0.0005981105496175	0.0007506979745812	0.0007510253344662	sub-92927	ses-1		dir-AP	acq-multiband	space-ACPC			DSIStudio	autotrackgqi
Association_UncinateFasciculusR	dki_rk	DIPYDKI	/scratch/grmpy/SLURM_11202541_35/job-11202541-35-sub-92927/ds/inputs/data/qsiprep/qsiprep/sub-92927/ses-1/dwi/sub-92927_ses-1_acq-multiband_dir-AP_space-ACPC_desc-preproc_dwi.nii.gz	0.0141696906860203	0.7658637495051916	0.4749150979157694	0.8043293974661172	0.7768717823639867	0.8111138385255592	0.469291326917045	1.0192573543519463	1.0203172490176518	sub-92927	ses-1		dir-AP	acq-multiband	space-ACPC			DSIStudio	autotrackgqi
Association_UncinateFasciculusR	dki_sphericity	DIPYDKI	/scratch/grmpy/SLURM_11202541_35/job-11202541-35-sub-92927/ds/inputs/data/qsiprep/qsiprep/sub-92927/ses-1/dwi/sub-92927_ses-1_acq-multiband_dir-AP_space-ACPC_desc-preproc_dwi.nii.gz	0.0076032486607914	0.7295004725456238	0.1597199141979217	0.7588400840759277	0.7350895404815674	0.7604284286499023	0.1469606459140777	0.661006510257721	0.66129469871521	sub-92927	ses-1		dir-AP	acq-multiband	space-ACPC			DSIStudio	autotrackgqi
Association_CingulumR	dki_ad	DIPYDKI	/scratch/grmpy/SLURM_11202541_35/job-11202541-35-sub-92927/ds/inputs/data/qsiprep/qsiprep/sub-92927/ses-1/dwi/sub-92927_ses-1_acq-multiband_dir-AP_space-ACPC_desc-preproc_dwi.nii.gz	0.0006745931360148	0.0013912364374846	0.0006413637311197	0.001221764483489	0.0013921755598857	0.0012219998752698	0.0006405604653991	0.0014151745708659	0.0014153248630464	sub-92927	ses-1		dir-AP	acq-multiband	space-ACPC			DSIStudio	autotrackgqi
Association_CingulumR	dki_ak	DIPYDKI	/scratch/grmpy/SLURM_11202541_35/job-11202541-35-sub-92927/ds/inputs/data/qsiprep/qsiprep/sub-92927/ses-1/dwi/sub-92927_ses-1_acq-multiband_dir-AP_space-ACPC_desc-preproc_dwi.nii.gz	0.0010962138460241	0.7333213523665475	0.1828430995762852	0.7470174438651777	0.7341261115747836	0.7472239314486144	0.1813215175164999	0.7908756513179602	0.7909686691109364	sub-92927	ses-1		dir-AP	acq-multiband	space-ACPC			DSIStudio	autotrackgqi
Association_CingulumR	dki_fa	DIPYDKI	/scratch/grmpy/SLURM_11202541_35/job-11202541-35-sub-92927/ds/inputs/data/qsiprep/qsiprep/sub-92927/ses-1/dwi/sub-92927_ses-1_acq-multiband_dir-AP_space-ACPC_desc-preproc_dwi.nii.gz	0.0006745931360148	0.2736648917198181	0.1636973768472671	0.2325416654348373	0.2738496363162994	0.2327320277690887	0.1635980755090713	0.4205073118209839	0.4205519258975982	sub-92927	ses-1		dir-AP	acq-multiband	space-ACPC			DSIStudio	autotrackgqi
Association_CingulumR	dki_kfa	DIPYDKI	/scratch/grmpy/SLURM_11202541_35/job-11202541-35-sub-92927/ds/inputs/data/qsiprep/qsiprep/sub-92927/ses-1/dwi/sub-92927_ses-1_acq-multiband_dir-AP_space-ACPC_desc-preproc_dwi.nii.gz	0.0089383590521966	0.4805272221565246	0.187636986374855	0.481636494398117	0.4848610758781433	0.483496218919754	0.1828219294548034	0.562110424041748	0.5637238025665283	sub-92927	ses-1		dir-AP	acq-multiband	space-ACPC			DSIStudio	autotrackgqi
Association_CingulumR	dki_linearity	DIPYDKI	/scratch/grmpy/SLURM_11202541_35/job-11202541-35-sub-92927/ds/inputs/data/qsiprep/qsiprep/sub-92927/ses-1/dwi/sub-92927_ses-1_acq-multiband_dir-AP_space-ACPC_desc-preproc_dwi.nii.gz	0.0006745931360148	0.1156116276979446	0.1040228232741355	0.0814995542168617	0.1156896725296974	0.081517294049263	0.1040145307779312	0.2082562297582626	0.2082783132791519	sub-92927	ses-1		dir-AP	acq-multiband	space-ACPC			DSIStudio	autotrackgqi
Association_CingulumR	dki_md	DIPYDKI	/scratch/grmpy/SLURM_11202541_35/job-11202541-35-sub-92927/ds/inputs/data/qsiprep/qsiprep/sub-92927/ses-1/dwi/sub-92927_ses-1_acq-multiband_dir-AP_space-ACPC_desc-preproc_dwi.nii.gz	0.0006745931360148	0.0010878852335736	0.0005597418639808	0.0009228677954524	0.0010886195814236	0.0009229806018993	0.0005592164234258	0.0009474159451201	0.0009475165279582	sub-92927	ses-1		dir-AP	acq-multiband	space-ACPC			DSIStudio	autotrackgqi
Association_CingulumR	dki_mk	DIPYDKI	/scratch/grmpy/SLURM_11202541_35/job-11202541-35-sub-92927/ds/inputs/data/qsiprep/qsiprep/sub-92927/ses-1/dwi/sub-92927_ses-1_acq-multiband_dir-AP_space-ACPC_desc-preproc_dwi.nii.gz	0.0010962138460241	0.773246694347388	0.2678322647444048	0.7724626617789716	0.7740952682986387	0.7726176576751111	0.2667507585591201	0.9315509273487812	0.9316604905836234	sub-92927	ses-1		dir-AP	acq-multiband	space-ACPC			DSIStudio	autotrackgqi
Association_CingulumR	dki_mkt	DIPYDKI	/scratch/grmpy/SLURM_11202541_35/job-11202541-35-sub-92927/ds/inputs/data/qsiprep/qsiprep/sub-92927/ses-1/dwi/sub-92927_ses-1_acq-multiband_dir-AP_space-ACPC_desc-preproc_dwi.nii.gz	0.0006745931360148	0.7771324713468775	0.243573615929836	0.7839845668522024	0.7776570734708143	0.7841191337844963	0.2428172052698276	0.9236257692167662	0.9237237732810964	sub-92927	ses-1		dir-AP	acq-multiband	space-ACPC			DSIStudio	autotrackgqi
Association_CingulumR	dki_planarity	DIPYDKI	/scratch/grmpy/SLURM_11202541_35/job-11202541-35-sub-92927/ds/inputs/data/qsiprep/qsiprep/sub-92927/ses-1/dwi/sub-92927_ses-1_acq-multiband_dir-AP_space-ACPC_desc-preproc_dwi.nii.gz	0.0009275655620204	0.1445818990468979	0.1006263718008995	0.1194458305835723	0.144716128706932	0.1195451393723487	0.1005765497684478	0.1835711300373077	0.1835920810699463	sub-92927	ses-1		dir-AP	acq-multiband	space-ACPC			DSIStudio	autotrackgqi
Association_CingulumR	dki_rd	DIPYDKI	/scratch/grmpy/SLURM_11202541_35/job-11202541-35-sub-92927/ds/inputs/data/qsiprep/qsiprep/sub-92927/ses-1/dwi/sub-92927_ses-1_acq-multiband_dir-AP_space-ACPC_desc-preproc_dwi.nii.gz	0.0006745931360148	0.0009362095734104	0.0005480918916873	0.0007838591118343	0.0009368415921926	0.0007839405443519	0.0005477366503328	0.0007135366322472	0.0007136123604141	sub-92927	ses-1		dir-AP	acq-multiband	space-ACPC			DSIStudio	autotrackgqi
Association_CingulumR	dki_rk	DIPYDKI	/scratch/grmpy/SLURM_11202541_35/job-11202541-35-sub-92927/ds/inputs/data/qsiprep/qsiprep/sub-92927/ses-1/dwi/sub-92927_ses-1_acq-multiband_dir-AP_space-ACPC_desc-preproc_dwi.nii.gz	0.0010962138460241	0.8726733212715096	0.4825626874260085	0.7951546219482719	0.8736310076784428	0.7955934716473813	0.4819602002730823	1.2386431613536455	1.2387888432083072	sub-92927	ses-1		dir-AP	acq-multiband	space-ACPC			DSIStudio	autotrackgqi
Association_CingulumR	dki_sphericity	DIPYDKI	/scratch/grmpy/SLURM_11202541_35/job-11202541-35-sub-92927/ds/inputs/data/qsiprep/qsiprep/sub-92927/ses-1/dwi/sub-92927_ses-1_acq-multiband_dir-AP_space-ACPC_desc-preproc_dwi.nii.gz	0.0006745931360148	0.7391319274902344	0.1571365743875503	0.7809511423110962	0.7396308779716492	0.7811009883880615	0.1560113281011581	0.6080666780471802	0.6081312298774719	sub-92927	ses-1		dir-AP	acq-multiband	space-ACPC			DSIStudio	autotrackgqi
Association_InferiorLongitudinalFasciculusL	dki_ad	DIPYDKI	/scratch/grmpy/SLURM_11202541_35/job-11202541-35-sub-92927/ds/inputs/data/qsiprep/qsiprep/sub-92927/ses-1/dwi/sub-92927_ses-1_acq-multiband_dir-AP_space-ACPC_desc-preproc_dwi.nii.gz	0.0075921908893709	0.0012859888374805	0.0003737530496437	0.0012320103123784	0.0012958269799128	0.0012346932198852	0.0003577868919819	0.0014130338095128	0.0014136752579361	sub-92927	ses-1		dir-AP	acq-multiband	space-ACPC			DSIStudio	autotrackgqi
Association_InferiorLongitudinalFasciculusL	dki_ak	DIPYDKI	/scratch/grmpy/SLURM_11202541_35/job-11202541-35-sub-92927/ds/inputs/data/qsiprep/qsiprep/sub-92927/ses-1/dwi/sub-92927_ses-1_acq-multiband_dir-AP_space-ACPC_desc-preproc_dwi.nii.gz	0.0084960231381055	0.7391326763011433	0.1874088994700437	0.7467075209893086	0.7454661741655286	0.7481651893101284	0.1752188409861842	0.757835052806114	0.7582790229693849	sub-92927	ses-1		dir-AP	acq-multiband	space-ACPC			DSIStudio	autotrackgqi
Association_InferiorLongitudinalFasciculusL	dki_fa	DIPYDKI	/scratch/grmpy/SLURM_11202541_35/job-11202541-35-sub-92927/ds/inputs/data/qsiprep/qsiprep/sub-92927/ses-1/dwi/sub-92927_ses-1_acq-multiband_dir-AP_space-ACPC_desc-preproc_dwi.nii.gz	0.0075921908893709	0.341491550207138	0.1894640326499939	0.3227449357509613	0.3441040515899658	0.3249774575233459	0.1878091245889663	0.460118293762207	0.4603271484375	sub-92927	ses-1		dir-AP	acq-multiband	space-ACPC			DSIStudio	autotrackgqi
Association_InferiorLongitudinalFasciculusL	dki_kfa	DIPYDKI	/scratch/grmpy/SLURM_11202541_35/job-11202541-35-sub-92927/ds/inputs/data/qsiprep/qsiprep/sub-92927/ses-1/dwi/sub-92927_ses-1_acq-multiband_dir-AP_space-ACPC_desc-preproc_dwi.nii.gz	0.0193420101229211	0.4985651075839996	0.1865268796682357	0.4892595410346985	0.5083985924720764	0.4930644631385803	0.1745828986167907	0.5275124907493591	0.5296523571014404	sub-92927	ses-1		dir-AP	acq-multiband	space-ACPC			DSIStudio	autotrackgqi
Association_InferiorLongitudinalFasciculusL	dki_linearity	DIPYDKI	/scratch/grmpy/SLURM_11202541_35/job-11202541-35-sub-92927/ds/inputs/data/qsiprep/qsiprep/sub-92927/ses-1/dwi/sub-92927_ses-1_acq-multiband_dir-AP_space-ACPC_desc-preproc_dwi.nii.gz	0.0075921908893709	0.1533553153276443	0.127897247672081	0.1139310151338577	0.1545285135507583	0.1149204075336456	0.1276775300502777	0.2216805517673492	0.2217811942100525	sub-92927	ses-1		dir-AP	acq-multiband	space-ACPC			DSIStudio	autotrackgqi
Association_InferiorLongitudinalFasciculusL	dki_md	DIPYDKI	/scratch/grmpy/SLURM_11202541_35/job-11202541-35-sub-92927/ds/inputs/data/qsiprep/qsiprep/sub-92927/ses-1/dwi/sub-92927_ses-1_acq-multiband_dir-AP_space-ACPC_desc-preproc_dwi.nii.gz	0.0075921908893709	0.0009280618978664	0.0002668388187885	0.0008906120783649	0.000935161835514	0.0008914045174606	0.0002551628858782	0.0009116732981055	0.0009120871545746	sub-92927	ses-1		dir-AP	acq-multiband	space-ACPC			DSIStudio	autotrackgqi
Association_InferiorLongitudinalFasciculusL	dki_mk	DIPYDKI	/scratch/grmpy/SLURM_11202541_35/job-11202541-35-sub-92927/ds/inputs/data/qsiprep/qsiprep/sub-92927/ses-1/dwi/sub-92927_ses-1_acq-multiband_dir-AP_space-ACPC_desc-preproc_dwi.nii.gz	0.0084960231381055	0.8277042528154958	0.3089820524066382	0.8768842541693981	0.8347967049362485	0.880898419874665	0.3006114068035163	0.9910646494134174	0.9916452547464352	sub-92927	ses-1		dir-AP	acq-multiband	space-ACPC			DSIStudio	autotrackgqi
Association_InferiorLongitudinalFasciculusL	dki_mkt	DIPYDKI	/scratch/grmpy/SLURM_11202541_35/job-11202541-35-sub-92927/ds/inputs/data/qsiprep/qsiprep/sub-92927/ses-1/dwi/sub-92927_ses-1_acq-multiband_dir-AP_space-ACPC_desc-preproc_dwi.nii.gz	0.0075921908893709	0.822955092559458	0.2693882445114587	0.8816779092128489	0.829250923868656	0.8844297773339338	0.2605846942554708	0.9617207718968424	0.9621573116064625	sub-92927	ses-1		dir-AP	acq-multiband	space-ACPC			DSIStudio	autotrackgqi
Association_InferiorLongitudinalFasciculusL	dki_planarity	DIPYDKI	/scratch/grmpy/SLURM_11202541_35/job-11202541-35-sub-92927/ds/inputs/data/qsiprep/qsiprep/sub-92927/ses-1/dwi/sub-92927_ses-1_acq-multiband_dir-AP_space-ACPC_desc-preproc_dwi.nii.gz	0.0075921908893709	0.1730361580848693	0.1139625385403633	0.1504556834697723	0.1743599325418472	0.1515537202358245	0.1133843213319778	0.2125241458415985	0.2126206010580063	sub-92927	ses-1		dir-AP	acq-multiband	space-ACPC			DSIStudio	autotrackgqi
Association_InferiorLongitudinalFasciculusL	dki_rd	DIPYDKI	/scratch/grmpy/SLURM_11202541_35/job-11202541-35-sub-92927/ds/inputs/data/qsiprep/qsiprep/sub-92927/ses-1/dwi/sub-92927_ses-1_acq-multiband_dir-AP_space-ACPC_desc-preproc_dwi.nii.gz	0.0075921908893709	0.000749098486267	0.0002866051218006	0.000714634952601	0.0007548293215222	0.0007156038773246	0.0002800805668812	0.0006609930424019	0.0006612930446863	sub-92927	ses-1		dir-AP	acq-multiband	space-ACPC			DSIStudio	autotrackgqi
Association_InferiorLongitudinalFasciculusL	dki_rk	DIPYDKI	/scratch/grmpy/SLURM_11202541_35/job-11202541-35-sub-92927/ds/inputs/data/qsiprep/qsiprep/sub-92927/ses-1/dwi/sub-92927_ses-1_acq-multiband_dir-AP_space-ACPC_desc-preproc_dwi.nii.gz	0.0084960231381055	1.002559072058836	0.5902142167417591	0.9672943787393704	1.011149824362713	0.9730431834029588	0.5853642097039369	1.3275178810294612	1.3282955941123027	sub-92927	ses-1		dir-AP	acq-multiband	space-ACPC			DSIStudio	autotrackgqi
Association_InferiorLongitudinalFasciculusL	dki_sphericity	DIPYDKI	/scratch/grmpy/SLURM_11202541_35/job-11202541-35-sub-92927/ds/inputs/data/qsiprep/qsiprep/sub-92927/ses-1/dwi/sub-92927_ses-1_acq-multiband_dir-AP_space-ACPC_desc-preproc_dwi.nii.gz	0.0075921908893709	0.6660163402557373	0.1878404766321182	0.6880778074264526	0.671111524105072	0.6902540922164917	0.1792610436677932	0.5653415322303772	0.56559818983078	sub-92927	ses-1		dir-AP	acq-multiband	space-ACPC			DSIStudio	autotrackgqi
Association_ArcuateFasciculusL	dki_ad	DIPYDKI	/scratch/grmpy/SLURM_11202541_35/job-11202541-35-sub-92927/ds/inputs/data/qsiprep/qsiprep/sub-92927/ses-1/dwi/sub-92927_ses-1_acq-multiband_dir-AP_space-ACPC_desc-preproc_dwi.nii.gz	0.0049468216670789	0.0013369551161304	0.0006361078703776	0.0012149633839726	0.0013436017325147	0.0012166236992925	0.0006306460709311	0.0013569234870374	0.0013571170857176	sub-92927	ses-1		dir-AP	acq-multiband	space-ACPC			DSIStudio	autotrackgqi
Association_ArcuateFasciculusL	dki_ak	DIPYDKI	/scratch/grmpy/SLURM_11202541_35/job-11202541-35-sub-92927/ds/inputs/data/qsiprep/qsiprep/sub-92927/ses-1/dwi/sub-92927_ses-1_acq-multiband_dir-AP_space-ACPC_desc-preproc_dwi.nii.gz	0.0070492208755874	0.7208319460905777	0.1911204103324617	0.7317423488103951	0.7259493232143992	0.7329665401437633	0.1818553538514903	0.804461408243871	0.8046355040984073	sub-92927	ses-1		dir-AP	acq-multiband	space-ACPC			DSIStudio	autotrackgqi
Association_ArcuateFasciculusL	dki_fa	DIPYDKI	/scratch/grmpy/SLURM_11202541_35/job-11202541-35-sub-92927/ds/inputs/data/qsiprep/qsiprep/sub-92927/ses-1/dwi/sub-92927_ses-1_acq-multiband_dir-AP_space-ACPC_desc-preproc_dwi.nii.gz	0.0054415038337867	0.3064103424549103	0.1745780706405639	0.2855926156044006	0.3080868124961853	0.287369430065155	0.1735734939575195	0.4496758282184601	0.4497457146644592	sub-92927	ses-1		dir-AP	acq-multiband	space-ACPC			DSIStudio	autotrackgqi
Association_ArcuateFasciculusL	dki_kfa	DIPYDKI	/scratch/grmpy/SLURM_11202541_35/job-11202541-35-sub-92927/ds/inputs/data/qsiprep/qsiprep/sub-92927/ses-1/dwi/sub-92927_ses-1_acq-multiband_dir-AP_space-ACPC_desc-preproc_dwi.nii.gz	0.0175612169181301	0.4612015187740326	0.1736941039562225	0.4706914126873016	0.4694455564022064	0.4744767546653747	0.1638255268335342	0.5324256420135498	0.5361099243164062	sub-92927	ses-1		dir-AP	acq-multiband	space-ACPC			DSIStudio	autotrackgqi
Association_ArcuateFasciculusL	dki_linearity	DIPYDKI	/scratch/grmpy/SLURM_11202541_35/job-11202541-35-sub-92927/ds/inputs/data/qsiprep/qsiprep/sub-92927/ses-1/dwi/sub-92927_ses-1_acq-multiband_dir-AP_space-ACPC_desc-preproc_dwi.nii.gz	0.0054415038337867	0.125966265797615	0.1051599457859993	0.0950669348239898	0.1266554594039917	0.0958477854728698	0.1050325185060501	0.1988984048366546	0.1989293247461319	sub-92927	ses-1		dir-AP	acq-multiband	space-ACPC			DSIStudio	autotrackgqi
Association_ArcuateFasciculusL	dki_md	DIPYDKI	/scratch/grmpy/SLURM_11202541_35/job-11202541-35-sub-92927/ds/inputs/data/qsiprep/qsiprep/sub-92927/ses-1/dwi/sub-92927_ses-1_acq-multiband_dir-AP_space-ACPC_desc-preproc_dwi.nii.gz	0.0049468216670789	0.0010203070705756	0.0005512423813343	0.0008839202928356	0.0010253794025629	0.0008844165131449	0.0005478847306221	0.0008975230157375	0.0008976511890068	sub-92927	ses-1		dir-AP	acq-multiband	space-ACPC			DSIStudio	autotrackgqi
Association_ArcuateFasciculusL	dki_mk	DIPYDKI	/scratch/grmpy/SLURM_11202541_35/job-11202541-35-sub-92927/ds/inputs/data/qsiprep/qsiprep/sub-92927/ses-1/dwi/sub-92927_ses-1_acq-multiband_dir-AP_space-ACPC_desc-preproc_dwi.nii.gz	0.0070492208755874	0.8113755189253502	0.3032710262647266	0.7994040085331608	0.8171356888816019	0.8014660803993352	0.2965120872413114	1.0432976649387555	1.0435234479648372	sub-92927	ses-1		dir-AP	acq-multiband	space-ACPC			DSIStudio	autotrackgqi
Association_ArcuateFasciculusL	dki_mkt	DIPYDKI	/scratch/grmpy/SLURM_11202541_35/job-11202541-35-sub-92927/ds/inputs/data/qsiprep/qsiprep/sub-92927/ses-1/dwi/sub-92927_ses-1_acq-multiband_dir-AP_space-ACPC_desc-preproc_dwi.nii.gz	0.0049468216670789	0.8039998575348992	0.2871119037523034	0.8049933952358392	0.8079968739780258	0.8066407439859627	0.2821586048748182	0.9962571390969353	0.9963994381981616	sub-92927	ses-1		dir-AP	acq-multiband	space-ACPC			DSIStudio	autotrackgqi
Association_ArcuateFasciculusL	dki_planarity	DIPYDKI	/scratch/grmpy/SLURM_11202541_35/job-11202541-35-sub-92927/ds/inputs/data/qsiprep/qsiprep/sub-92927/ses-1/dwi/sub-92927_ses-1_acq-multiband_dir-AP_space-ACPC_desc-preproc_dwi.nii.gz	0.0065545387088795	0.1742832362651825	0.1255152374505996	0.142591655254364	0.1754331290721893	0.1439229100942611	0.1251250952482223	0.2444080263376236	0.2444586157798767	sub-92927	ses-1		dir-AP	acq-multiband	space-ACPC			DSIStudio	autotrackgqi
Association_ArcuateFasciculusL	dki_rd	DIPYDKI	/scratch/grmpy/SLURM_11202541_35/job-11202541-35-sub-92927/ds/inputs/data/qsiprep/qsiprep/sub-92927/ses-1/dwi/sub-92927_ses-1_acq-multiband_dir-AP_space-ACPC_desc-preproc_dwi.nii.gz	0.0049468216670789	0.0008619831060059	0.000536655250471	0.0007335565169341	0.00086626841221	0.0007344976766034	0.0005345264216884	0.0006678228382952	0.0006679182406514	sub-92927	ses-1		dir-AP	acq-multiband	space-ACPC			DSIStudio	autotrackgqi
Association_ArcuateFasciculusL	dki_rk	DIPYDKI	/scratch/grmpy/SLURM_11202541_35/job-11202541-35-sub-92927/ds/inputs/data/qsiprep/qsiprep/sub-92927/ses-1/dwi/sub-92927_ses-1_acq-multiband_dir-AP_space-ACPC_desc-preproc_dwi.nii.gz	0.0070492208755874	0.971860275317422	0.5210338781105054	0.8773196520169322	0.9787597691140456	0.8814128597749313	0.5163822590272175	1.4512873672563225	1.4516014446878451	sub-92927	ses-1		dir-AP	acq-multiband	space-ACPC			DSIStudio	autotrackgqi
Association_ArcuateFasciculusL	dki_sphericity	DIPYDKI	/scratch/grmpy/SLURM_11202541_35/job-11202541-35-sub-92927/ds/inputs/data/qsiprep/qsiprep/sub-92927/ses-1/dwi/sub-92927_ses-1_acq-multiband_dir-AP_space-ACPC_desc-preproc_dwi.nii.gz	0.0049468216670789	0.6948036551475525	0.1834559738636016	0.7215542793273926	0.6982578039169312	0.7232682704925537	0.177232950925827	0.5565507411956787	0.5566302537918091	sub-92927	ses-1		dir-AP	acq-multiband	space-ACPC			DSIStudio	autotrackgqi
Association_FrontalAslantTractL	dki_ad	DIPYDKI	/scratch/grmpy/SLURM_11202541_35/job-11202541-35-sub-92927/ds/inputs/data/qsiprep/qsiprep/sub-92927/ses-1/dwi/sub-92927_ses-1_acq-multiband_dir-AP_space-ACPC_desc-preproc_dwi.nii.gz	0.0	0.001340533257462	0.0005508046597242	0.0012353879865258	0.001340533257462	0.0012353879865258	0.0005508046597242	0.0013128133723512	0.0013128133723512	sub-92927	ses-1		dir-AP	acq-multiband	space-ACPC			DSIStudio	autotrackgqi
Association_FrontalAslantTractL	dki_ak	DIPYDKI	/scratch/grmpy/SLURM_11202541_35/job-11202541-35-sub-92927/ds/inputs/data/qsiprep/qsiprep/sub-92927/ses-1/dwi/sub-92927_ses-1_acq-multiband_dir-AP_space-ACPC_desc-preproc_dwi.nii.gz	0.0	0.7852909013577294	0.1981404188820069	0.7802584244517106	0.7852909013577294	0.7802584244517106	0.1981404188820069	0.8447430263932516	0.8447430263932516	sub-92927	ses-1		dir-AP	acq-multiband	space-ACPC			DSIStudio	autotrackgqi
Association_FrontalAslantTractL	dki_fa	DIPYDKI	/scratch/grmpy/SLURM_11202541_35/job-11202541-35-sub-92927/ds/inputs/data/qsiprep/qsiprep/sub-92927/ses-1/dwi/sub-92927_ses-1_acq-multiband_dir-AP_space-ACPC_desc-preproc_dwi.nii.gz	0.0	0.3224236071109772	0.159903734922409	0.3136804103851318	0.3224236071109772	0.3136804103851318	0.159903734922409	0.3777434527873993	0.3777434527873993	sub-92927	ses-1		dir-AP	acq-multiband	space-ACPC			DSIStudio	autotrackgqi
Association_FrontalAslantTractL	dki_kfa	DIPYDKI	/scratch/grmpy/SLURM_11202541_35/job-11202541-35-sub-92927/ds/inputs/data/qsiprep/qsiprep/sub-92927/ses-1/dwi/sub-92927_ses-1_acq-multiband_dir-AP_space-ACPC_desc-preproc_dwi.nii.gz	0.0046747967479674	0.4721590280532837	0.1521551758050918	0.4773762822151184	0.4743766486644745	0.4782711863517761	0.1490233242511749	0.4968315064907074	0.4977352619171142	sub-92927	ses-1		dir-AP	acq-multiband	space-ACPC			DSIStudio	autotrackgqi
Association_FrontalAslantTractL	dki_linearity	DIPYDKI	/scratch/grmpy/SLURM_11202541_35/job-11202541-35-sub-92927/ds/inputs/data/qsiprep/qsiprep/sub-92927/ses-1/dwi/sub-92927_ses-1_acq-multiband_dir-AP_space-ACPC_desc-preproc_dwi.nii.gz	0.0	0.134283572435379	0.1002254113554954	0.1084619015455246	0.134283572435379	0.1084619015455246	0.1002254113554954	0.162995234131813	0.162995234131813	sub-92927	ses-1		dir-AP	acq-multiband	space-ACPC			DSIStudio	autotrackgqi
Association_FrontalAslantTractL	dki_md	DIPYDKI	/scratch/grmpy/SLURM_11202541_35/job-11202541-35-sub-92927/ds/inputs/data/qsiprep/qsiprep/sub-92927/ses-1/dwi/sub-92927_ses-1_acq-multiband_dir-AP_space-ACPC_desc-preproc_dwi.nii.gz	0.0	0.0010084179230034	0.0004899075720459	0.0008924941648729	0.0010084179230034	0.0008924941648729	0.0004899075720459	0.0009278262150473	0.0009278262150473	sub-92927	ses-1		dir-AP	acq-multiband	space-ACPC			DSIStudio	autotrackgqi
Association_FrontalAslantTractL	dki_mk	DIPYDKI	/scratch/grmpy/SLURM_11202541_35/job-11202541-35-sub-92927/ds/inputs/data/qsiprep/qsiprep/sub-92927/ses-1/dwi/sub-92927_ses-1_acq-multiband_dir-AP_space-ACPC_desc-preproc_dwi.nii.gz	0.0	0.909508423589152	0.2701891017873633	0.9594401256342624	0.909508423589152	0.9594401256342624	0.2701891017873633	1.0216445462265793	1.0216445462265793	sub-92927	ses-1		dir-AP	acq-multiband	space-ACPC			DSIStudio	autotrackgqi
Association_FrontalAslantTractL	dki_mkt	DIPYDKI	/scratch/grmpy/SLURM_11202541_35/job-11202541-35-sub-92927/ds/inputs/data/qsiprep/qsiprep/sub-92927/ses-1/dwi/sub-92927_ses-1_acq-multiband_dir-AP_space-ACPC_desc-preproc_dwi.nii.gz	0.0	0.8963592454375674	0.2456589966758817	0.9475254977589636	0.8963592454375674	0.9475254977589636	0.2456589966758817	0.9971302981479008	0.9971302981479008	sub-92927	ses-1		dir-AP	acq-multiband	space-ACPC			DSIStudio	autotrackgqi
Association_FrontalAslantTractL	dki_planarity	DIPYDKI	/scratch/grmpy/SLURM_11202541_35/job-11202541-35-sub-92927/ds/inputs/data/qsiprep/qsiprep/sub-92927/ses-1/dwi/sub-92927_ses-1_acq-multiband_dir-AP_space-ACPC_desc-preproc_dwi.nii.gz	0.0	0.1779889166355133	0.1082203984260559	0.1626118272542953	0.1779889166355133	0.1626118272542953	0.1082203984260559	0.2017787992954254	0.2017787992954254	sub-92927	ses-1		dir-AP	acq-multiband	space-ACPC			DSIStudio	autotrackgqi
Association_FrontalAslantTractL	dki_rd	DIPYDKI	/scratch/grmpy/SLURM_11202541_35/job-11202541-35-sub-92927/ds/inputs/data/qsiprep/qsiprep/sub-92927/ses-1/dwi/sub-92927_ses-1_acq-multiband_dir-AP_space-ACPC_desc-preproc_dwi.nii.gz	0.0	0.0008423602557741	0.0004871927958447	0.0007335930131375	0.0008423602557741	0.0007335930131375	0.0004871927958447	0.0007353326072916	0.0007353326072916	sub-92927	ses-1		dir-AP	acq-multiband	space-ACPC			DSIStudio	autotrackgqi
Association_FrontalAslantTractL	dki_rk	DIPYDKI	/scratch/grmpy/SLURM_11202541_35/job-11202541-35-sub-92927/ds/inputs/data/qsiprep/qsiprep/sub-92927/ses-1/dwi/sub-92927_ses-1_acq-multiband_dir-AP_space-ACPC_desc-preproc_dwi.nii.gz	0.0	1.100345137071779	0.4767590652867271	1.1104715090627075	1.100345137071779	1.1104715090627075	0.4767590652867271	1.2998818859536134	1.2998818859536134	sub-92927	ses-1		dir-AP	acq-multiband	space-ACPC			DSIStudio	autotrackgqi
Association_FrontalAslantTractL	dki_sphericity	DIPYDKI	/scratch/grmpy/SLURM_11202541_35/job-11202541-35-sub-92927/ds/inputs/data/qsiprep/qsiprep/sub-92927/ses-1/dwi/sub-92927_ses-1_acq-multiband_dir-AP_space-ACPC_desc-preproc_dwi.nii.gz	0.0	0.6877275109291077	0.1563808917999267	0.6952309608459473	0.6877275109291077	0.6952309608459473	0.1563808917999267	0.6352260112762451	0.6352260112762451	sub-92927	ses-1		dir-AP	acq-multiband	space-ACPC			DSIStudio	autotrackgqi
Association_ArcuateFasciculusR	dki_ad	DIPYDKI	/scratch/grmpy/SLURM_11202541_35/job-11202541-35-sub-92927/ds/inputs/data/qsiprep/qsiprep/sub-92927/ses-1/dwi/sub-92927_ses-1_acq-multiband_dir-AP_space-ACPC_desc-preproc_dwi.nii.gz	0.0010351966873706	0.0013020049082115	0.0003917896538041	0.0012418606784194	0.0013033541617915	0.0012420611456036	0.0003897431015502	0.0013049776898697	0.001304994802922	sub-92927	ses-1		dir-AP	acq-multiband	space-ACPC			DSIStudio	autotrackgqi
Association_ArcuateFasciculusR	dki_ak	DIPYDKI	/scratch/grmpy/SLURM_11202541_35/job-11202541-35-sub-92927/ds/inputs/data/qsiprep/qsiprep/sub-92927/ses-1/dwi/sub-92927_ses-1_acq-multiband_dir-AP_space-ACPC_desc-preproc_dwi.nii.gz	0.0010351966873706	0.7669154758790292	0.2014019819734642	0.7565730915401827	0.7677102069421162	0.7567905896232435	0.1999866724069455	0.843763905933284	0.8437749706778024	sub-92927	ses-1		dir-AP	acq-multiband	space-ACPC			DSIStudio	autotrackgqi
Association_ArcuateFasciculusR	dki_fa	DIPYDKI	/scratch/grmpy/SLURM_11202541_35/job-11202541-35-sub-92927/ds/inputs/data/qsiprep/qsiprep/sub-92927/ses-1/dwi/sub-92927_ses-1_acq-multiband_dir-AP_space-ACPC_desc-preproc_dwi.nii.gz	0.0010351966873706	0.3344082236289978	0.166431188583374	0.3372358083724975	0.3347547352313995	0.3375679850578308	0.1661687046289444	0.4187365174293518	0.4187420606613159	sub-92927	ses-1		dir-AP	acq-multiband	space-ACPC			DSIStudio	autotrackgqi
Association_ArcuateFasciculusR	dki_kfa	DIPYDKI	/scratch/grmpy/SLURM_11202541_35/job-11202541-35-sub-92927/ds/inputs/data/qsiprep/qsiprep/sub-92927/ses-1/dwi/sub-92927_ses-1_acq-multiband_dir-AP_space-ACPC_desc-preproc_dwi.nii.gz	0.0082815734989648	0.4603651463985443	0.1545497328042984	0.4611659646034241	0.4642095565795898	0.462782472372055	0.1493334472179412	0.5069348812103271	0.5080364346504211	sub-92927	ses-1		dir-AP	acq-multiband	space-ACPC			DSIStudio	autotrackgqi
Association_ArcuateFasciculusR	dki_linearity	DIPYDKI	/scratch/grmpy/SLURM_11202541_35/job-11202541-35-sub-92927/ds/inputs/data/qsiprep/qsiprep/sub-92927/ses-1/dwi/sub-92927_ses-1_acq-multiband_dir-AP_space-ACPC_desc-preproc_dwi.nii.gz	0.0010351966873706	0.1392559856176376	0.102045714855194	0.1148578077554702	0.1394003033638	0.114988625049591	0.1020000055432319	0.1790832579135894	0.1790855824947357	sub-92927	ses-1		dir-AP	acq-multiband	space-ACPC			DSIStudio	autotrackgqi
Association_ArcuateFasciculusR	dki_md	DIPYDKI	/scratch/grmpy/SLURM_11202541_35/job-11202541-35-sub-92927/ds/inputs/data/qsiprep/qsiprep/sub-92927/ses-1/dwi/sub-92927_ses-1_acq-multiband_dir-AP_space-ACPC_desc-preproc_dwi.nii.gz	0.0010351966873706	0.0009616899187676	0.0003340321709401	0.0008934522629715	0.0009626864921301	0.0008935344521887	0.0003327667945995	0.0008855941705405	0.0008856058120727	sub-92927	ses-1		dir-AP	acq-multiband	space-ACPC			DSIStudio	autotrackgqi
Association_ArcuateFasciculusR	dki_mk	DIPYDKI	/scratch/grmpy/SLURM_11202541_35/job-11202541-35-sub-92927/ds/inputs/data/qsiprep/qsiprep/sub-92927/ses-1/dwi/sub-92927_ses-1_acq-multiband_dir-AP_space-ACPC_desc-preproc_dwi.nii.gz	0.0010351966873706	0.909275663556766	0.2843186074309392	0.9599763568304832	0.9102179181304	0.9602958198803512	0.2829543824013215	1.0817089614711848	1.0817231465063837	sub-92927	ses-1		dir-AP	acq-multiband	space-ACPC			DSIStudio	autotrackgqi
Association_ArcuateFasciculusR	dki_mkt	DIPYDKI	/scratch/grmpy/SLURM_11202541_35/job-11202541-35-sub-92927/ds/inputs/data/qsiprep/qsiprep/sub-92927/ses-1/dwi/sub-92927_ses-1_acq-multiband_dir-AP_space-ACPC_desc-preproc_dwi.nii.gz	0.0010351966873706	0.8901127916890188	0.2550891163515955	0.92855893999085	0.8910351883643443	0.9289687103143334	0.2536059934452899	1.0437813715831894	1.0437950592034628	sub-92927	ses-1		dir-AP	acq-multiband	space-ACPC			DSIStudio	autotrackgqi
Association_ArcuateFasciculusR	dki_planarity	DIPYDKI	/scratch/grmpy/SLURM_11202541_35/job-11202541-35-sub-92927/ds/inputs/data/qsiprep/qsiprep/sub-92927/ses-1/dwi/sub-92927_ses-1_acq-multiband_dir-AP_space-ACPC_desc-preproc_dwi.nii.gz	0.0010351966873706	0.1866788417100906	0.1232116073369979	0.1593630015850067	0.1868722885847091	0.159518614411354	0.1231287270784378	0.2331007122993469	0.2331037819385528	sub-92927	ses-1		dir-AP	acq-multiband	space-ACPC			DSIStudio	autotrackgqi
Association_ArcuateFasciculusR	dki_rd	DIPYDKI	/scratch/grmpy/SLURM_11202541_35/job-11202541-35-sub-92927/ds/inputs/data/qsiprep/qsiprep/sub-92927/ses-1/dwi/sub-92927_ses-1_acq-multiband_dir-AP_space-ACPC_desc-preproc_dwi.nii.gz	0.0010351966873706	0.0007915323949418	0.0003472617536317	0.0007281702128238	0.0007923526572994	0.0007282097940333	0.0003465050831437	0.000675902410876	0.0006759113166481	sub-92927	ses-1		dir-AP	acq-multiband	space-ACPC			DSIStudio	autotrackgqi
Association_ArcuateFasciculusR	dki_rk	DIPYDKI	/scratch/grmpy/SLURM_11202541_35/job-11202541-35-sub-92927/ds/inputs/data/qsiprep/qsiprep/sub-92927/ses-1/dwi/sub-92927_ses-1_acq-multiband_dir-AP_space-ACPC_desc-preproc_dwi.nii.gz	0.0010351966873706	1.138351309873735	0.506149394190928	1.1664718452127056	1.1395309485368166	1.167499719462894	0.5050826204181617	1.444711530410859	1.4447304761390982	sub-92927	ses-1		dir-AP	acq-multiband	space-ACPC			DSIStudio	autotrackgqi
Association_ArcuateFasciculusR	dki_sphericity	DIPYDKI	/scratch/grmpy/SLURM_11202541_35/job-11202541-35-sub-92927/ds/inputs/data/qsiprep/qsiprep/sub-92927/ses-1/dwi/sub-92927_ses-1_acq-multiband_dir-AP_space-ACPC_desc-preproc_dwi.nii.gz	0.0010351966873706	0.6730300188064575	0.1700009107589721	0.6781381368637085	0.6737274527549744	0.678244411945343	0.168702021241188	0.5878028869628906	0.5878105163574219	sub-92927	ses-1		dir-AP	acq-multiband	space-ACPC			DSIStudio	autotrackgqi
Association_ParietalAslantTractL	dki_ad	DIPYDKI	/scratch/grmpy/SLURM_11202541_35/job-11202541-35-sub-92927/ds/inputs/data/qsiprep/qsiprep/sub-92927/ses-1/dwi/sub-92927_ses-1_acq-multiband_dir-AP_space-ACPC_desc-preproc_dwi.nii.gz	0.0062395373611322	0.0012175909942016	0.0003675573680084	0.0011518020182847	0.0012252358719706	0.0011546009918674	0.0003557806194294	0.0013177586952224	0.0013182652182877	sub-92927	ses-1		dir-AP	acq-multiband	space-ACPC			DSIStudio	autotrackgqi
Association_ParietalAslantTractL	dki_ak	DIPYDKI	/scratch/grmpy/SLURM_11202541_35/job-11202541-35-sub-92927/ds/inputs/data/qsiprep/qsiprep/sub-92927/ses-1/dwi/sub-92927_ses-1_acq-multiband_dir-AP_space-ACPC_desc-preproc_dwi.nii.gz	0.0074570080657434	0.7139958402966321	0.1819580994409949	0.7258466661968064	0.7193601144724271	0.727425508451697	0.1717517167069177	0.751275416314779	0.7516127568892881	sub-92927	ses-1		dir-AP	acq-multiband	space-ACPC			DSIStudio	autotrackgqi
Association_ParietalAslantTractL	dki_fa	DIPYDKI	/scratch/grmpy/SLURM_11202541_35/job-11202541-35-sub-92927/ds/inputs/data/qsiprep/qsiprep/sub-92927/ses-1/dwi/sub-92927_ses-1_acq-multiband_dir-AP_space-ACPC_desc-preproc_dwi.nii.gz	0.0062395373611322	0.2849488258361816	0.1732905209064483	0.2454672455787658	0.2867379486560821	0.2481658160686493	0.1723518073558807	0.4102309346199035	0.4103885889053345	sub-92927	ses-1		dir-AP	acq-multiband	space-ACPC			DSIStudio	autotrackgqi
Association_ParietalAslantTractL	dki_kfa	DIPYDKI	/scratch/grmpy/SLURM_11202541_35/job-11202541-35-sub-92927/ds/inputs/data/qsiprep/qsiprep/sub-92927/ses-1/dwi/sub-92927_ses-1_acq-multiband_dir-AP_space-ACPC_desc-preproc_dwi.nii.gz	0.0140009131030284	0.4464896321296692	0.162663996219635	0.4415732324123382	0.4528296589851379	0.4442253708839416	0.1548041999340057	0.4722838103771209	0.4739460349082947	sub-92927	ses-1		dir-AP	acq-multiband	space-ACPC			DSIStudio	autotrackgqi
Association_ParietalAslantTractL	dki_linearity	DIPYDKI	/scratch/grmpy/SLURM_11202541_35/job-11202541-35-sub-92927/ds/inputs/data/qsiprep/qsiprep/sub-92927/ses-1/dwi/sub-92927_ses-1_acq-multiband_dir-AP_space-ACPC_desc-preproc_dwi.nii.gz	0.0062395373611322	0.1181038692593574	0.1049144566059112	0.08310516923666	0.118845410645008	0.0835472717881202	0.1048237904906272	0.1958869695663452	0.1959622651338577	sub-92927	ses-1		dir-AP	acq-multiband	space-ACPC			DSIStudio	autotrackgqi
Association_ParietalAslantTractL	dki_md	DIPYDKI	/scratch/grmpy/SLURM_11202541_35/job-11202541-35-sub-92927/ds/inputs/data/qsiprep/qsiprep/sub-92927/ses-1/dwi/sub-92927_ses-1_acq-multiband_dir-AP_space-ACPC_desc-preproc_dwi.nii.gz	0.0062395373611322	0.0009338701493106	0.0002916431985795	0.0008766775135882	0.0009397336398251	0.0008773178560659	0.0002829835284501	0.0008898444939404	0.0008901864057406	sub-92927	ses-1		dir-AP	acq-multiband	space-ACPC			DSIStudio	autotrackgqi
Association_ParietalAslantTractL	dki_mk	DIPYDKI	/scratch/grmpy/SLURM_11202541_35/job-11202541-35-sub-92927/ds/inputs/data/qsiprep/qsiprep/sub-92927/ses-1/dwi/sub-92927_ses-1_acq-multiband_dir-AP_space-ACPC_desc-preproc_dwi.nii.gz	0.0074570080657434	0.7896186603412569	0.2844267740477112	0.7780789197576725	0.7955510912453848	0.7797285592855479	0.2771043696430074	0.970601555329216	0.9710373785147984	sub-92927	ses-1		dir-AP	acq-multiband	space-ACPC			DSIStudio	autotrackgqi
Association_ParietalAslantTractL	dki_mkt	DIPYDKI	/scratch/grmpy/SLURM_11202541_35/job-11202541-35-sub-92927/ds/inputs/data/qsiprep/qsiprep/sub-92927/ses-1/dwi/sub-92927_ses-1_acq-multiband_dir-AP_space-ACPC_desc-preproc_dwi.nii.gz	0.0062395373611322	0.7845516141810652	0.2752595185021464	0.7826057798520806	0.7894775890939938	0.7851536540307721	0.2689880667654742	0.9329268889501934	0.9332854687583484	sub-92927	ses-1		dir-AP	acq-multiband	space-ACPC			DSIStudio	autotrackgqi
Association_ParietalAslantTractL	dki_planarity	DIPYDKI	/scratch/grmpy/SLURM_11202541_35/job-11202541-35-sub-92927/ds/inputs/data/qsiprep/qsiprep/sub-92927/ses-1/dwi/sub-92927_ses-1_acq-multiband_dir-AP_space-ACPC_desc-preproc_dwi.nii.gz	0.0066960888753614	0.1580256968736648	0.1134860664606094	0.1296836286783218	0.159090980887413	0.1308614164590835	0.1131213158369064	0.1861404031515121	0.1862159371376037	sub-92927	ses-1		dir-AP	acq-multiband	space-ACPC			DSIStudio	autotrackgqi
Association_ParietalAslantTractL	dki_rd	DIPYDKI	/scratch/grmpy/SLURM_11202541_35/job-11202541-35-sub-92927/ds/inputs/data/qsiprep/qsiprep/sub-92927/ses-1/dwi/sub-92927_ses-1_acq-multiband_dir-AP_space-ACPC_desc-preproc_dwi.nii.gz	0.0062395373611322	0.000792009755969	0.0003041139279957	0.0007443931535817	0.0007969825528562	0.0007455326849594	0.0002985007886309	0.0006758873350918	0.0006761471158824	sub-92927	ses-1		dir-AP	acq-multiband	space-ACPC			DSIStudio	autotrackgqi
Association_ParietalAslantTractL	dki_rk	DIPYDKI	/scratch/grmpy/SLURM_11202541_35/job-11202541-35-sub-92927/ds/inputs/data/qsiprep/qsiprep/sub-92927/ses-1/dwi/sub-92927_ses-1_acq-multiband_dir-AP_space-ACPC_desc-preproc_dwi.nii.gz	0.0074570080657434	0.9331693797393812	0.4947713512957127	0.8435055396237203	0.9401803119085363	0.8476678888389791	0.4899452318986304	1.2867330199884182	1.2873107938092914	sub-92927	ses-1		dir-AP	acq-multiband	space-ACPC			DSIStudio	autotrackgqi
Association_ParietalAslantTractL	dki_sphericity	DIPYDKI	/scratch/grmpy/SLURM_11202541_35/job-11202541-35-sub-92927/ds/inputs/data/qsiprep/qsiprep/sub-92927/ses-1/dwi/sub-92927_ses-1_acq-multiband_dir-AP_space-ACPC_desc-preproc_dwi.nii.gz	0.0062395373611322	0.717630922794342	0.178162544965744	0.7600873112678528	0.7221367359161377	0.7616680264472961	0.1693735122680664	0.6175884008407593	0.6178258061408997	sub-92927	ses-1		dir-AP	acq-multiband	space-ACPC			DSIStudio	autotrackgqi
Association_InferiorFrontoOccipitalFasciculusL	dki_ad	DIPYDKI	/scratch/grmpy/SLURM_11202541_35/job-11202541-35-sub-92927/ds/inputs/data/qsiprep/qsiprep/sub-92927/ses-1/dwi/sub-92927_ses-1_acq-multiband_dir-AP_space-ACPC_desc-preproc_dwi.nii.gz	0.0080475857242827	0.0013236592058092	0.0004352320102043	0.0012684817193076	0.0013343979371711	0.0012719364603981	0.0004202784912195	0.0014840079238638	0.0014845309779047	sub-92927	ses-1		dir-AP	acq-multiband	space-ACPC			DSIStudio	autotrackgqi
Association_InferiorFrontoOccipitalFasciculusL	dki_ak	DIPYDKI	/scratch/grmpy/SLURM_11202541_35/job-11202541-35-sub-92927/ds/inputs/data/qsiprep/qsiprep/sub-92927/ses-1/dwi/sub-92927_ses-1_acq-multiband_dir-AP_space-ACPC_desc-preproc_dwi.nii.gz	0.0097970608817354	0.7643815432245112	0.1955542915894542	0.775355480754986	0.7719443288111848	0.7770784106367676	0.1810574286179848	0.7553896424859682	0.7557016576766641	sub-92927	ses-1		dir-AP	acq-multiband	space-ACPC			DSIStudio	autotrackgqi
Association_InferiorFrontoOccipitalFasciculusL	dki_fa	DIPYDKI	/scratch/grmpy/SLURM_11202541_35/job-11202541-35-sub-92927/ds/inputs/data/qsiprep/qsiprep/sub-92927/ses-1/dwi/sub-92927_ses-1_acq-multiband_dir-AP_space-ACPC_desc-preproc_dwi.nii.gz	0.0080475857242827	0.3471753299236297	0.1856226921081543	0.3374655246734619	0.3499919474124908	0.3402092754840851	0.1837104707956314	0.495497316122055	0.4956719279289245	sub-92927	ses-1		dir-AP	acq-multiband	space-ACPC			DSIStudio	autotrackgqi
Association_InferiorFrontoOccipitalFasciculusL	dki_kfa	DIPYDKI	/scratch/grmpy/SLURM_11202541_35/job-11202541-35-sub-92927/ds/inputs/data/qsiprep/qsiprep/sub-92927/ses-1/dwi/sub-92927_ses-1_acq-multiband_dir-AP_space-ACPC_desc-preproc_dwi.nii.gz	0.0218101236295777	0.4932042062282562	0.1823659837245941	0.4901976585388183	0.5042008757591248	0.4944976270198822	0.1686841249465942	0.5728092193603516	0.5746922492980957	sub-92927	ses-1		dir-AP	acq-multiband	space-ACPC			DSIStudio	autotrackgqi
Association_InferiorFrontoOccipitalFasciculusL	dki_linearity	DIPYDKI	/scratch/grmpy/SLURM_11202541_35/job-11202541-35-sub-92927/ds/inputs/data/qsiprep/qsiprep/sub-92927/ses-1/dwi/sub-92927_ses-1_acq-multiband_dir-AP_space-ACPC_desc-preproc_dwi.nii.gz	0.0080475857242827	0.1562002152204513	0.1284632235765457	0.1178262829780578	0.1574674397706985	0.1191757321357727	0.1282074004411697	0.2573121786117553	0.2574028670787811	sub-92927	ses-1		dir-AP	acq-multiband	space-ACPC			DSIStudio	autotrackgqi
Association_InferiorFrontoOccipitalFasciculusL	dki_md	DIPYDKI	/scratch/grmpy/SLURM_11202541_35/job-11202541-35-sub-92927/ds/inputs/data/qsiprep/qsiprep/sub-92927/ses-1/dwi/sub-92927_ses-1_acq-multiband_dir-AP_space-ACPC_desc-preproc_dwi.nii.gz	0.0080475857242827	0.0009532643016427	0.0003355888766236	0.0009099171729758	0.00096099806251	0.0009107606019824	0.0003257322241552	0.0009197145700454	0.000920038728509	sub-92927	ses-1		dir-AP	acq-multiband	space-ACPC			DSIStudio	autotrackgqi
Association_InferiorFrontoOccipitalFasciculusL	dki_mk	DIPYDKI	/scratch/grmpy/SLURM_11202541_35/job-11202541-35-sub-92927/ds/inputs/data/qsiprep/qsiprep/sub-92927/ses-1/dwi/sub-92927_ses-1_acq-multiband_dir-AP_space-ACPC_desc-preproc_dwi.nii.gz	0.0097970608817354	0.865981543036024	0.300235952286379	0.9219267854666752	0.8745495583028116	0.9247879711513926	0.2890334473709765	0.987604697650008	0.9880126298199434	sub-92927	ses-1		dir-AP	acq-multiband	space-ACPC			DSIStudio	autotrackgqi
Association_InferiorFrontoOccipitalFasciculusL	dki_mkt	DIPYDKI	/scratch/grmpy/SLURM_11202541_35/job-11202541-35-sub-92927/ds/inputs/data/qsiprep/qsiprep/sub-92927/ses-1/dwi/sub-92927_ses-1_acq-multiband_dir-AP_space-ACPC_desc-preproc_dwi.nii.gz	0.0080475857242827	0.8593655033325003	0.2886893148678321	0.9176557925044766	0.8663374280508945	0.9194978780438684	0.2792447322863339	0.9544475656255657	0.9547839586704944	sub-92927	ses-1		dir-AP	acq-multiband	space-ACPC			DSIStudio	autotrackgqi
Association_InferiorFrontoOccipitalFasciculusL	dki_planarity	DIPYDKI	/scratch/grmpy/SLURM_11202541_35/job-11202541-35-sub-92927/ds/inputs/data/qsiprep/qsiprep/sub-92927/ses-1/dwi/sub-92927_ses-1_acq-multiband_dir-AP_space-ACPC_desc-preproc_dwi.nii.gz	0.0086307441101003	0.1749492883682251	0.1117303743958473	0.1537458300590515	0.1764723807573318	0.1547228097915649	0.1110116019845008	0.2028611898422241	0.202934131026268	sub-92927	ses-1		dir-AP	acq-multiband	space-ACPC			DSIStudio	autotrackgqi
Association_InferiorFrontoOccipitalFasciculusL	dki_rd	DIPYDKI	/scratch/grmpy/SLURM_11202541_35/job-11202541-35-sub-92927/ds/inputs/data/qsiprep/qsiprep/sub-92927/ses-1/dwi/sub-92927_ses-1_acq-multiband_dir-AP_space-ACPC_desc-preproc_dwi.nii.gz	0.0080475857242827	0.0007680667331442	0.0003456682898104	0.0007233102223835	0.0007742979796603	0.000724826590158	0.0003400457790121	0.0006375678931362	0.0006377925747074	sub-92927	ses-1		dir-AP	acq-multiband	space-ACPC			DSIStudio	autotrackgqi
Association_InferiorFrontoOccipitalFasciculusL	dki_rk	DIPYDKI	/scratch/grmpy/SLURM_11202541_35/job-11202541-35-sub-92927/ds/inputs/data/qsiprep/qsiprep/sub-92927/ses-1/dwi/sub-92927_ses-1_acq-multiband_dir-AP_space-ACPC_desc-preproc_dwi.nii.gz	0.0097970608817354	1.0612438609104091	0.5829321028948761	1.046078486717365	1.0717438001703004	1.0537744924827648	0.576123830355231	1.4085410857923888	1.4091228867902623	sub-92927	ses-1		dir-AP	acq-multiband	space-ACPC			DSIStudio	autotrackgqi
Association_InferiorFrontoOccipitalFasciculusL	dki_sphericity	DIPYDKI	/scratch/grmpy/SLURM_11202541_35/job-11202541-35-sub-92927/ds/inputs/data/qsiprep/qsiprep/sub-92927/ses-1/dwi/sub-92927_ses-1_acq-multiband_dir-AP_space-ACPC_desc-preproc_dwi.nii.gz	0.0080475857242827	0.6608029007911682	0.1836101710796356	0.6716873049736023	0.6661639213562012	0.6745769381523132	0.17439866065979	0.539474368095398	0.5396645069122314	sub-92927	ses-1		dir-AP	acq-multiband	space-ACPC			DSIStudio	autotrackgqi
Association_VerticalOccipitalFasciculusR	dki_ad	DIPYDKI	/scratch/grmpy/SLURM_11202541_35/job-11202541-35-sub-92927/ds/inputs/data/qsiprep/qsiprep/sub-92927/ses-1/dwi/sub-92927_ses-1_acq-multiband_dir-AP_space-ACPC_desc-preproc_dwi.nii.gz	0.0006738544474393	0.0012136653531342	0.0002588181523606	0.0011789987329393	0.0012144837528467	0.0011791407596319	0.0002569787611719	0.0012706504203379	0.0012707103742286	sub-92927	ses-1		dir-AP	acq-multiband	space-ACPC			DSIStudio	autotrackgqi
Association_VerticalOccipitalFasciculusR	dki_ak	DIPYDKI	/scratch/grmpy/SLURM_11202541_35/job-11202541-35-sub-92927/ds/inputs/data/qsiprep/qsiprep/sub-92927/ses-1/dwi/sub-92927_ses-1_acq-multiband_dir-AP_space-ACPC_desc-preproc_dwi.nii.gz	0.0016846361185983	0.7823524304541506	0.1604765407881134	0.7873456893732538	0.7836726336780017	0.7877847214319156	0.1573580953682417	0.7989883651331429	0.7992634372707572	sub-92927	ses-1		dir-AP	acq-multiband	space-ACPC			DSIStudio	autotrackgqi
Association_VerticalOccipitalFasciculusR	dki_fa	DIPYDKI	/scratch/grmpy/SLURM_11202541_35/job-11202541-35-sub-92927/ds/inputs/data/qsiprep/qsiprep/sub-92927/ses-1/dwi/sub-92927_ses-1_acq-multiband_dir-AP_space-ACPC_desc-preproc_dwi.nii.gz	0.0006738544474393	0.2997634410858154	0.1612071096897125	0.2872341573238373	0.2999655604362488	0.2876933217048645	0.1610733419656753	0.3693915009498596	0.3694089651107788	sub-92927	ses-1		dir-AP	acq-multiband	space-ACPC			DSIStudio	autotrackgqi
Association_VerticalOccipitalFasciculusR	dki_kfa	DIPYDKI	/scratch/grmpy/SLURM_11202541_35/job-11202541-35-sub-92927/ds/inputs/data/qsiprep/qsiprep/sub-92927/ses-1/dwi/sub-92927_ses-1_acq-multiband_dir-AP_space-ACPC_desc-preproc_dwi.nii.gz	0.012466307277628	0.4212176501750946	0.1505332142114639	0.4132997691631317	0.4265349507331848	0.4147579669952392	0.1437994390726089	0.4303401112556457	0.4315284490585327	sub-92927	ses-1		dir-AP	acq-multiband	space-ACPC			DSIStudio	autotrackgqi
Association_VerticalOccipitalFasciculusR	dki_linearity	DIPYDKI	/scratch/grmpy/SLURM_11202541_35/job-11202541-35-sub-92927/ds/inputs/data/qsiprep/qsiprep/sub-92927/ses-1/dwi/sub-92927_ses-1_acq-multiband_dir-AP_space-ACPC_desc-preproc_dwi.nii.gz	0.0006738544474393	0.1204715743660926	0.0961789861321449	0.0931314826011657	0.1205528080463409	0.0932157188653945	0.0961604937911033	0.1615945398807525	0.161602184176445	sub-92927	ses-1		dir-AP	acq-multiband	space-ACPC			DSIStudio	autotrackgqi
Association_VerticalOccipitalFasciculusR	dki_md	DIPYDKI	/scratch/grmpy/SLURM_11202541_35/job-11202541-35-sub-92927/ds/inputs/data/qsiprep/qsiprep/sub-92927/ses-1/dwi/sub-92927_ses-1_acq-multiband_dir-AP_space-ACPC_desc-preproc_dwi.nii.gz	0.0006738544474393	0.0009208598057739	0.0001938179048011	0.000886513502337	0.0009214807068929	0.0008865311974659	0.0001924019888974	0.0008972865762189	0.000897328951396	sub-92927	ses-1		dir-AP	acq-multiband	space-ACPC			DSIStudio	autotrackgqi
Association_VerticalOccipitalFasciculusR	dki_mk	DIPYDKI	/scratch/grmpy/SLURM_11202541_35/job-11202541-35-sub-92927/ds/inputs/data/qsiprep/qsiprep/sub-92927/ses-1/dwi/sub-92927_ses-1_acq-multiband_dir-AP_space-ACPC_desc-preproc_dwi.nii.gz	0.0016846361185983	0.8978890368653665	0.2759024908333535	0.9452896716618138	0.8994042056754668	0.9471002648787096	0.2736565179719097	1.0210202808675577	1.021371793216414	sub-92927	ses-1		dir-AP	acq-multiband	space-ACPC			DSIStudio	autotrackgqi
Association_VerticalOccipitalFasciculusR	dki_mkt	DIPYDKI	/scratch/grmpy/SLURM_11202541_35/job-11202541-35-sub-92927/ds/inputs/data/qsiprep/qsiprep/sub-92927/ses-1/dwi/sub-92927_ses-1_acq-multiband_dir-AP_space-ACPC_desc-preproc_dwi.nii.gz	0.0006738544474393	0.884610133898833	0.2395377356680321	0.9330859213159546	0.8852066343262766	0.9332624894129762	0.23851413246563	0.9891605706857453	0.9892073269931958	sub-92927	ses-1		dir-AP	acq-multiband	space-ACPC			DSIStudio	autotrackgqi
Association_VerticalOccipitalFasciculusR	dki_planarity	DIPYDKI	/scratch/grmpy/SLURM_11202541_35/job-11202541-35-sub-92927/ds/inputs/data/qsiprep/qsiprep/sub-92927/ses-1/dwi/sub-92927_ses-1_acq-multiband_dir-AP_space-ACPC_desc-preproc_dwi.nii.gz	0.0013477088948787	0.1727465987205505	0.1154486015439033	0.1498340666294098	0.1729797273874282	0.1502170413732528	0.1153518110513687	0.1910816729068756	0.1911137402057647	sub-92927	ses-1		dir-AP	acq-multiband	space-ACPC			DSIStudio	autotrackgqi
Association_VerticalOccipitalFasciculusR	dki_rd	DIPYDKI	/scratch/grmpy/SLURM_11202541_35/job-11202541-35-sub-92927/ds/inputs/data/qsiprep/qsiprep/sub-92927/ses-1/dwi/sub-92927_ses-1_acq-multiband_dir-AP_space-ACPC_desc-preproc_dwi.nii.gz	0.0006738544474393	0.0007744569447822	0.0002185291814384	0.0007428381359204	0.000774979183916	0.0007429840043187	0.0002176751877414	0.000710604712367	0.0007106382399797	sub-92927	ses-1		dir-AP	acq-multiband	space-ACPC			DSIStudio	autotrackgqi
Association_VerticalOccipitalFasciculusR	dki_rk	DIPYDKI	/scratch/grmpy/SLURM_11202541_35/job-11202541-35-sub-92927/ds/inputs/data/qsiprep/qsiprep/sub-92927/ses-1/dwi/sub-92927_ses-1_acq-multiband_dir-AP_space-ACPC_desc-preproc_dwi.nii.gz	0.0016846361185983	1.0601643497589706	0.471537927323412	1.0717852033474742	1.0619533547366269	1.072833755538149	0.4699184872456375	1.2751756699972896	1.2756146820082472	sub-92927	ses-1		dir-AP	acq-multiband	space-ACPC			DSIStudio	autotrackgqi
Association_VerticalOccipitalFasciculusR	dki_sphericity	DIPYDKI	/scratch/grmpy/SLURM_11202541_35/job-11202541-35-sub-92927/ds/inputs/data/qsiprep/qsiprep/sub-92927/ses-1/dwi/sub-92927_ses-1_acq-multiband_dir-AP_space-ACPC_desc-preproc_dwi.nii.gz	0.0006738544474393	0.7061079740524292	0.162894532084465	0.7242780923843384	0.706584095954895	0.7245312929153442	0.1619138270616531	0.6472764015197754	0.6473070383071899	sub-92927	ses-1		dir-AP	acq-multiband	space-ACPC			DSIStudio	autotrackgqi
Association_SuperiorLongitudinalFasciculusL	dki_ad	DIPYDKI	/scratch/grmpy/SLURM_11202541_35/job-11202541-35-sub-92927/ds/inputs/data/qsiprep/qsiprep/sub-92927/ses-1/dwi/sub-92927_ses-1_acq-multiband_dir-AP_space-ACPC_desc-preproc_dwi.nii.gz	0.0001067463706233	0.0012759550008922	0.0004202809359412	0.001199961756356	0.0012760913232341	0.0011999906273558	0.0004200965340714	0.001287541934289	0.0012875633547082	sub-92927	ses-1		dir-AP	acq-multiband	space-ACPC			DSIStudio	autotrackgqi
Association_SuperiorLongitudinalFasciculusL	dki_ak	DIPYDKI	/scratch/grmpy/SLURM_11202541_35/job-11202541-35-sub-92927/ds/inputs/data/qsiprep/qsiprep/sub-92927/ses-1/dwi/sub-92927_ses-1_acq-multiband_dir-AP_space-ACPC_desc-preproc_dwi.nii.gz	0.0002134927412467	0.7517344324011681	0.1697784004870256	0.7562521001952137	0.7518949565165645	0.7563033344647274	0.1694407364791516	0.7929860236742303	0.793003133712651	sub-92927	ses-1		dir-AP	acq-multiband	space-ACPC			DSIStudio	autotrackgqi
Association_SuperiorLongitudinalFasciculusL	dki_fa	DIPYDKI	/scratch/grmpy/SLURM_11202541_35/job-11202541-35-sub-92927/ds/inputs/data/qsiprep/qsiprep/sub-92927/ses-1/dwi/sub-92927_ses-1_acq-multiband_dir-AP_space-ACPC_desc-preproc_dwi.nii.gz	0.0001067463706233	0.3038405179977417	0.1670834571123123	0.2896041870117187	0.3038729429244995	0.2896152436733246	0.1670628637075424	0.392787218093872	0.392793744802475	sub-92927	ses-1		dir-AP	acq-multiband	space-ACPC			DSIStudio	autotrackgqi
Association_SuperiorLongitudinalFasciculusL	dki_kfa	DIPYDKI	/scratch/grmpy/SLURM_11202541_35/job-11202541-35-sub-92927/ds/inputs/data/qsiprep/qsiprep/sub-92927/ses-1/dwi/sub-92927_ses-1_acq-multiband_dir-AP_space-ACPC_desc-preproc_dwi.nii.gz	0.0051238257899231	0.4469200670719147	0.1542360931634903	0.4519981145858764	0.4492217898368835	0.4528152048587799	0.1512524485588073	0.4798216223716736	0.4804341197013855	sub-92927	ses-1		dir-AP	acq-multiband	space-ACPC			DSIStudio	autotrackgqi
Association_SuperiorLongitudinalFasciculusL	dki_linearity	DIPYDKI	/scratch/grmpy/SLURM_11202541_35/job-11202541-35-sub-92927/ds/inputs/data/qsiprep/qsiprep/sub-92927/ses-1/dwi/sub-92927_ses-1_acq-multiband_dir-AP_space-ACPC_desc-preproc_dwi.nii.gz	0.0001067463706233	0.1280396431684494	0.09930020570755	0.1009264066815376	0.1280533075332641	0.1009595915675163	0.0992966890335083	0.1749795824289322	0.174982488155365	sub-92927	ses-1		dir-AP	acq-multiband	space-ACPC			DSIStudio	autotrackgqi
Association_SuperiorLongitudinalFasciculusL	dki_md	DIPYDKI	/scratch/grmpy/SLURM_11202541_35/job-11202541-35-sub-92927/ds/inputs/data/qsiprep/qsiprep/sub-92927/ses-1/dwi/sub-92927_ses-1_acq-multiband_dir-AP_space-ACPC_desc-preproc_dwi.nii.gz	0.0001067463706233	0.0009709428413771	0.0003799622354563	0.0008808781858533	0.0009710465092211	0.0008808884304016	0.0003798500692937	0.0008906052680686	0.0008906200528144	sub-92927	ses-1		dir-AP	acq-multiband	space-ACPC			DSIStudio	autotrackgqi
Association_SuperiorLongitudinalFasciculusL	dki_mk	DIPYDKI	/scratch/grmpy/SLURM_11202541_35/job-11202541-35-sub-92927/ds/inputs/data/qsiprep/qsiprep/sub-92927/ses-1/dwi/sub-92927_ses-1_acq-multiband_dir-AP_space-ACPC_desc-preproc_dwi.nii.gz	0.0002134927412467	0.8652840203476202	0.2592703582296542	0.8582625253741387	0.8654687916524136	0.8583334466481831	0.2589894962041299	1.021084491549206	1.0211065233217764	sub-92927	ses-1		dir-AP	acq-multiband	space-ACPC			DSIStudio	autotrackgqi
Association_SuperiorLongitudinalFasciculusL	dki_mkt	DIPYDKI	/scratch/grmpy/SLURM_11202541_35/job-11202541-35-sub-92927/ds/inputs/data/qsiprep/qsiprep/sub-92927/ses-1/dwi/sub-92927_ses-1_acq-multiband_dir-AP_space-ACPC_desc-preproc_dwi.nii.gz	0.0001067463706233	0.8512390993171581	0.2340406484876551	0.856422083371973	0.8513299757022673	0.8564581454612766	0.2338878086030708	0.988818088923994	0.9888344734420976	sub-92927	ses-1		dir-AP	acq-multiband	space-ACPC			DSIStudio	autotrackgqi
Association_SuperiorLongitudinalFasciculusL	dki_planarity	DIPYDKI	/scratch/grmpy/SLURM_11202541_35/job-11202541-35-sub-92927/ds/inputs/data/qsiprep/qsiprep/sub-92927/ses-1/dwi/sub-92927_ses-1_acq-multiband_dir-AP_space-ACPC_desc-preproc_dwi.nii.gz	0.0001067463706233	0.1638482958078384	0.1139754578471183	0.1372419595718383	0.16386578977108	0.1372548788785934	0.1139689683914184	0.1990825980901718	0.1990859061479568	sub-92927	ses-1		dir-AP	acq-multiband	space-ACPC			DSIStudio	autotrackgqi
Association_SuperiorLongitudinalFasciculusL	dki_rd	DIPYDKI	/scratch/grmpy/SLURM_11202541_35/job-11202541-35-sub-92927/ds/inputs/data/qsiprep/qsiprep/sub-92927/ses-1/dwi/sub-92927_ses-1_acq-multiband_dir-AP_space-ACPC_desc-preproc_dwi.nii.gz	0.0001067463706233	0.000818436848931	0.0003944252093788	0.0007256449898704	0.00081852421863	0.0007256449898704	0.0003943556221202	0.000692136818543	0.0006921483436599	sub-92927	ses-1		dir-AP	acq-multiband	space-ACPC			DSIStudio	autotrackgqi
Association_SuperiorLongitudinalFasciculusL	dki_rk	DIPYDKI	/scratch/grmpy/SLURM_11202541_35/job-11202541-35-sub-92927/ds/inputs/data/qsiprep/qsiprep/sub-92927/ses-1/dwi/sub-92927_ses-1_acq-multiband_dir-AP_space-ACPC_desc-preproc_dwi.nii.gz	0.0002134927412467	1.0508151611912928	0.4680389609726719	1.000184114281791	1.0510395505060892	1.0003025442268303	0.4678369424816319	1.3238367706862455	1.3238653351892546	sub-92927	ses-1		dir-AP	acq-multiband	space-ACPC			DSIStudio	autotrackgqi
Association_SuperiorLongitudinalFasciculusL	dki_sphericity	DIPYDKI	/scratch/grmpy/SLURM_11202541_35/job-11202541-35-sub-92927/ds/inputs/data/qsiprep/qsiprep/sub-92927/ses-1/dwi/sub-92927_ses-1_acq-multiband_dir-AP_space-ACPC_desc-preproc_dwi.nii.gz	0.0001067463706233	0.7080053687095642	0.1651772260665893	0.7270462512969971	0.7080809473991394	0.7270970940589905	0.1650239527225494	0.6259212493896484	0.6259315609931946	sub-92927	ses-1		dir-AP	acq-multiband	space-ACPC			DSIStudio	autotrackgqi
Association_MiddleLongitudinalFasciculusR	dki_ad	DIPYDKI	/scratch/grmpy/SLURM_11202541_35/job-11202541-35-sub-92927/ds/inputs/data/qsiprep/qsiprep/sub-92927/ses-1/dwi/sub-92927_ses-1_acq-multiband_dir-AP_space-ACPC_desc-preproc_dwi.nii.gz	0.0	0.0012622693320736	0.0002955013187602	0.0012344297720119	0.0012622693320736	0.0012344297720119	0.0002955013187602	0.001382338698022	0.001382338698022	sub-92927	ses-1		dir-AP	acq-multiband	space-ACPC			DSIStudio	autotrackgqi
Association_MiddleLongitudinalFasciculusR	dki_ak	DIPYDKI	/scratch/grmpy/SLURM_11202541_35/job-11202541-35-sub-92927/ds/inputs/data/qsiprep/qsiprep/sub-92927/ses-1/dwi/sub-92927_ses-1_acq-multiband_dir-AP_space-ACPC_desc-preproc_dwi.nii.gz	0.0	0.7261268597872741	0.1559429770149076	0.7352287735322727	0.7261268597872741	0.7352287735322727	0.1559429770149076	0.7604033042670213	0.7604033042670213	sub-92927	ses-1		dir-AP	acq-multiband	space-ACPC			DSIStudio	autotrackgqi
Association_MiddleLongitudinalFasciculusR	dki_fa	DIPYDKI	/scratch/grmpy/SLURM_11202541_35/job-11202541-35-sub-92927/ds/inputs/data/qsiprep/qsiprep/sub-92927/ses-1/dwi/sub-92927_ses-1_acq-multiband_dir-AP_space-ACPC_desc-preproc_dwi.nii.gz	0.0	0.3312376737594604	0.1661334484815597	0.3348701596260071	0.3312376737594604	0.3348701596260071	0.1661334484815597	0.4437922239303589	0.4437922239303589	sub-92927	ses-1		dir-AP	acq-multiband	space-ACPC			DSIStudio	autotrackgqi
Association_MiddleLongitudinalFasciculusR	dki_kfa	DIPYDKI	/scratch/grmpy/SLURM_11202541_35/job-11202541-35-sub-92927/ds/inputs/data/qsiprep/qsiprep/sub-92927/ses-1/dwi/sub-92927_ses-1_acq-multiband_dir-AP_space-ACPC_desc-preproc_dwi.nii.gz	0.0037609694943585	0.4551779627799988	0.1420922875404358	0.4566798508167267	0.4568963348865509	0.456957995891571	0.1395754963159561	0.4832649827003479	0.4836286604404449	sub-92927	ses-1		dir-AP	acq-multiband	space-ACPC			DSIStudio	autotrackgqi
Association_MiddleLongitudinalFasciculusR	dki_linearity	DIPYDKI	/scratch/grmpy/SLURM_11202541_35/job-11202541-35-sub-92927/ds/inputs/data/qsiprep/qsiprep/sub-92927/ses-1/dwi/sub-92927_ses-1_acq-multiband_dir-AP_space-ACPC_desc-preproc_dwi.nii.gz	0.0	0.1366244107484817	0.099782571196556	0.1099447160959243	0.1366244107484817	0.1099447160959243	0.099782571196556	0.2009561359882354	0.2009561359882354	sub-92927	ses-1		dir-AP	acq-multiband	space-ACPC			DSIStudio	autotrackgqi
Association_MiddleLongitudinalFasciculusR	dki_md	DIPYDKI	/scratch/grmpy/SLURM_11202541_35/job-11202541-35-sub-92927/ds/inputs/data/qsiprep/qsiprep/sub-92927/ses-1/dwi/sub-92927_ses-1_acq-multiband_dir-AP_space-ACPC_desc-preproc_dwi.nii.gz	0.0	0.0009280817466787	0.0002106855099555	0.0008948054746724	0.0009280817466787	0.0008948054746724	0.0002106855099555	0.0009120503091253	0.0009120503091253	sub-92927	ses-1		dir-AP	acq-multiband	space-ACPC			DSIStudio	autotrackgqi
Association_MiddleLongitudinalFasciculusR	dki_mk	DIPYDKI	/scratch/grmpy/SLURM_11202541_35/job-11202541-35-sub-92927/ds/inputs/data/qsiprep/qsiprep/sub-92927/ses-1/dwi/sub-92927_ses-1_acq-multiband_dir-AP_space-ACPC_desc-preproc_dwi.nii.gz	0.0	0.8663847611325313	0.2458445985174935	0.8917896849165775	0.8663847611325313	0.8917896849165775	0.2458445985174935	1.0326688462570346	1.0326688462570346	sub-92927	ses-1		dir-AP	acq-multiband	space-ACPC			DSIStudio	autotrackgqi
Association_MiddleLongitudinalFasciculusR	dki_mkt	DIPYDKI	/scratch/grmpy/SLURM_11202541_35/job-11202541-35-sub-92927/ds/inputs/data/qsiprep/qsiprep/sub-92927/ses-1/dwi/sub-92927_ses-1_acq-multiband_dir-AP_space-ACPC_desc-preproc_dwi.nii.gz	0.0	0.8456124315625043	0.2188863899511905	0.8811802251802414	0.8456124315625043	0.8811802251802414	0.2188863899511905	0.986000342004497	0.986000342004497	sub-92927	ses-1		dir-AP	acq-multiband	space-ACPC			DSIStudio	autotrackgqi
Association_MiddleLongitudinalFasciculusR	dki_planarity	DIPYDKI	/scratch/grmpy/SLURM_11202541_35/job-11202541-35-sub-92927/ds/inputs/data/qsiprep/qsiprep/sub-92927/ses-1/dwi/sub-92927_ses-1_acq-multiband_dir-AP_space-ACPC_desc-preproc_dwi.nii.gz	0.0	0.1880505681037902	0.1178406104445457	0.1701949536800384	0.1880505681037902	0.1701949536800384	0.1178406104445457	0.2265138775110244	0.2265138775110244	sub-92927	ses-1		dir-AP	acq-multiband	space-ACPC			DSIStudio	autotrackgqi
Association_MiddleLongitudinalFasciculusR	dki_rd	DIPYDKI	/scratch/grmpy/SLURM_11202541_35/job-11202541-35-sub-92927/ds/inputs/data/qsiprep/qsiprep/sub-92927/ses-1/dwi/sub-92927_ses-1_acq-multiband_dir-AP_space-ACPC_desc-preproc_dwi.nii.gz	0.0	0.0007609878666698	0.0002307472750544	0.0007237404352054	0.0007609878666698	0.0007237404352054	0.0002307472750544	0.0006769060855731	0.0006769060855731	sub-92927	ses-1		dir-AP	acq-multiband	space-ACPC			DSIStudio	autotrackgqi
Association_MiddleLongitudinalFasciculusR	dki_rk	DIPYDKI	/scratch/grmpy/SLURM_11202541_35/job-11202541-35-sub-92927/ds/inputs/data/qsiprep/qsiprep/sub-92927/ses-1/dwi/sub-92927_ses-1_acq-multiband_dir-AP_space-ACPC_desc-preproc_dwi.nii.gz	0.0	1.0736451567401428	0.4535945472532277	1.0549944965576885	1.0736451567401428	1.0549944965576885	0.4535945472532277	1.4054780348331364	1.4054780348331364	sub-92927	ses-1		dir-AP	acq-multiband	space-ACPC			DSIStudio	autotrackgqi
Association_MiddleLongitudinalFasciculusR	dki_sphericity	DIPYDKI	/scratch/grmpy/SLURM_11202541_35/job-11202541-35-sub-92927/ds/inputs/data/qsiprep/qsiprep/sub-92927/ses-1/dwi/sub-92927_ses-1_acq-multiband_dir-AP_space-ACPC_desc-preproc_dwi.nii.gz	0.0	0.6753249764442444	0.1670514047145843	0.6745606660842896	0.6753249764442444	0.6745606660842896	0.1670514047145843	0.5725299715995789	0.5725299715995789	sub-92927	ses-1		dir-AP	acq-multiband	space-ACPC			DSIStudio	autotrackgqi
Association_SuperiorLongitudinalFasciculusR	dki_ad	DIPYDKI	/scratch/grmpy/SLURM_11202541_35/job-11202541-35-sub-92927/ds/inputs/data/qsiprep/qsiprep/sub-92927/ses-1/dwi/sub-92927_ses-1_acq-multiband_dir-AP_space-ACPC_desc-preproc_dwi.nii.gz	0.0	0.0012920313747599	0.0004511610022746	0.0012212563306093	0.0012920313747599	0.0012212563306093	0.0004511610022746	0.0013129415456205	0.0013129414292052	sub-92927	ses-1		dir-AP	acq-multiband	space-ACPC			DSIStudio	autotrackgqi
Association_SuperiorLongitudinalFasciculusR	dki_ak	DIPYDKI	/scratch/grmpy/SLURM_11202541_35/job-11202541-35-sub-92927/ds/inputs/data/qsiprep/qsiprep/sub-92927/ses-1/dwi/sub-92927_ses-1_acq-multiband_dir-AP_space-ACPC_desc-preproc_dwi.nii.gz	0.0	0.7633616084070247	0.1842929543311679	0.7636764219895382	0.7633616084070247	0.7636764219895382	0.1842929543311679	0.8400504309367043	0.8400503337365097	sub-92927	ses-1		dir-AP	acq-multiband	space-ACPC			DSIStudio	autotrackgqi
Association_SuperiorLongitudinalFasciculusR	dki_fa	DIPYDKI	/scratch/grmpy/SLURM_11202541_35/job-11202541-35-sub-92927/ds/inputs/data/qsiprep/qsiprep/sub-92927/ses-1/dwi/sub-92927_ses-1_acq-multiband_dir-AP_space-ACPC_desc-preproc_dwi.nii.gz	0.0	0.313922256231308	0.1623013168573379	0.3049903512001037	0.313922256231308	0.3049903512001037	0.1623013168573379	0.4091535806655884	0.4091535210609436	sub-92927	ses-1		dir-AP	acq-multiband	space-ACPC			DSIStudio	autotrackgqi
Association_SuperiorLongitudinalFasciculusR	dki_kfa	DIPYDKI	/scratch/grmpy/SLURM_11202541_35/job-11202541-35-sub-92927/ds/inputs/data/qsiprep/qsiprep/sub-92927/ses-1/dwi/sub-92927_ses-1_acq-multiband_dir-AP_space-ACPC_desc-preproc_dwi.nii.gz	0.0054064877853424	0.455032080411911	0.1518760174512863	0.4585736691951751	0.4575055837631225	0.4596626758575439	0.1485263258218765	0.4971485435962677	0.4979317188262939	sub-92927	ses-1		dir-AP	acq-multiband	space-ACPC			DSIStudio	autotrackgqi
Association_SuperiorLongitudinalFasciculusR	dki_linearity	DIPYDKI	/scratch/grmpy/SLURM_11202541_35/job-11202541-35-sub-92927/ds/inputs/data/qsiprep/qsiprep/sub-92927/ses-1/dwi/sub-92927_ses-1_acq-multiband_dir-AP_space-ACPC_desc-preproc_dwi.nii.gz	0.0	0.1295948922634124	0.0963711515069007	0.1045792400836944	0.1295948922634124	0.1045792400836944	0.0963711515069007	0.17169851064682	0.17169851064682	sub-92927	ses-1		dir-AP	acq-multiband	space-ACPC			DSIStudio	autotrackgqi
Association_SuperiorLongitudinalFasciculusR	dki_md	DIPYDKI	/scratch/grmpy/SLURM_11202541_35/job-11202541-35-sub-92927/ds/inputs/data/qsiprep/qsiprep/sub-92927/ses-1/dwi/sub-92927_ses-1_acq-multiband_dir-AP_space-ACPC_desc-preproc_dwi.nii.gz	0.0	0.0009741404210217	0.0003928696969524	0.000891322386451	0.0009741404210217	0.000891322386451	0.0003928696969524	0.0009032070520333	0.0009032068774104	sub-92927	ses-1		dir-AP	acq-multiband	space-ACPC			DSIStudio	autotrackgqi
Association_SuperiorLongitudinalFasciculusR	dki_mk	DIPYDKI	/scratch/grmpy/SLURM_11202541_35/job-11202541-35-sub-92927/ds/inputs/data/qsiprep/qsiprep/sub-92927/ses-1/dwi/sub-92927_ses-1_acq-multiband_dir-AP_space-ACPC_desc-preproc_dwi.nii.gz	0.0	0.8852956361159943	0.2655056736630487	0.8881831684793426	0.8852956361159943	0.8881831684793426	0.2655056736630487	1.053574443097801	1.0535743213537048	sub-92927	ses-1		dir-AP	acq-multiband	space-ACPC			DSIStudio	autotrackgqi
Association_SuperiorLongitudinalFasciculusR	dki_mkt	DIPYDKI	/scratch/grmpy/SLURM_11202541_35/job-11202541-35-sub-92927/ds/inputs/data/qsiprep/qsiprep/sub-92927/ses-1/dwi/sub-92927_ses-1_acq-multiband_dir-AP_space-ACPC_desc-preproc_dwi.nii.gz	0.0	0.870685572819566	0.2410401811675996	0.8812611073244833	0.870685572819566	0.8812611073244833	0.2410401811675996	1.019706200096125	1.0197060822545392	sub-92927	ses-1		dir-AP	acq-multiband	space-ACPC			DSIStudio	autotrackgqi
Association_SuperiorLongitudinalFasciculusR	dki_planarity	DIPYDKI	/scratch/grmpy/SLURM_11202541_35/job-11202541-35-sub-92927/ds/inputs/data/qsiprep/qsiprep/sub-92927/ses-1/dwi/sub-92927_ses-1_acq-multiband_dir-AP_space-ACPC_desc-preproc_dwi.nii.gz	0.0	0.1749459654092788	0.1183722987771034	0.1495646238327026	0.1749459654092788	0.1495646238327026	0.1183722987771034	0.2333821207284927	0.2333821058273315	sub-92927	ses-1		dir-AP	acq-multiband	space-ACPC			DSIStudio	autotrackgqi
Association_SuperiorLongitudinalFasciculusR	dki_rd	DIPYDKI	/scratch/grmpy/SLURM_11202541_35/job-11202541-35-sub-92927/ds/inputs/data/qsiprep/qsiprep/sub-92927/ses-1/dwi/sub-92927_ses-1_acq-multiband_dir-AP_space-ACPC_desc-preproc_dwi.nii.gz	0.0	0.0008151949150487	0.0003957297594752	0.0007372394902631	0.0008151949150487	0.0007372394902631	0.0003957297594752	0.0006983397761359	0.0006983397179283	sub-92927	ses-1		dir-AP	acq-multiband	space-ACPC			DSIStudio	autotrackgqi
Association_SuperiorLongitudinalFasciculusR	dki_rk	DIPYDKI	/scratch/grmpy/SLURM_11202541_35/job-11202541-35-sub-92927/ds/inputs/data/qsiprep/qsiprep/sub-92927/ses-1/dwi/sub-92927_ses-1_acq-multiband_dir-AP_space-ACPC_desc-preproc_dwi.nii.gz	0.0	1.0768804156005898	0.4683860044394181	1.0522905206386448	1.0768804156005898	1.0522905206386448	0.4683860044394181	1.3945283383064309	1.394528177026936	sub-92927	ses-1		dir-AP	acq-multiband	space-ACPC			DSIStudio	autotrackgqi
Association_SuperiorLongitudinalFasciculusR	dki_sphericity	DIPYDKI	/scratch/grmpy/SLURM_11202541_35/job-11202541-35-sub-92927/ds/inputs/data/qsiprep/qsiprep/sub-92927/ses-1/dwi/sub-92927_ses-1_acq-multiband_dir-AP_space-ACPC_desc-preproc_dwi.nii.gz	0.0	0.6954591274261475	0.1640403270721435	0.7083573341369629	0.6954591274261475	0.7083573341369629	0.1640403270721435	0.5949193239212036	0.5949192643165588	sub-92927	ses-1		dir-AP	acq-multiband	space-ACPC			DSIStudio	autotrackgqi
Association_FrontalAslantTractR	dki_ad	DIPYDKI	/scratch/grmpy/SLURM_11202541_35/job-11202541-35-sub-92927/ds/inputs/data/qsiprep/qsiprep/sub-92927/ses-1/dwi/sub-92927_ses-1_acq-multiband_dir-AP_space-ACPC_desc-preproc_dwi.nii.gz	0.0	0.0012834359658882	0.0003691515012178	0.0012240560026839	0.0012834359658882	0.0012240560026839	0.0003691515012178	0.0013163385447114	0.0013163385447114	sub-92927	ses-1		dir-AP	acq-multiband	space-ACPC			DSIStudio	autotrackgqi
Association_FrontalAslantTractR	dki_ak	DIPYDKI	/scratch/grmpy/SLURM_11202541_35/job-11202541-35-sub-92927/ds/inputs/data/qsiprep/qsiprep/sub-92927/ses-1/dwi/sub-92927_ses-1_acq-multiband_dir-AP_space-ACPC_desc-preproc_dwi.nii.gz	0.0	0.7886587224178455	0.1939020797377503	0.7814762290580013	0.7886587224178455	0.7814762290580013	0.1939020797377503	0.8263408361397185	0.8263408361397185	sub-92927	ses-1		dir-AP	acq-multiband	space-ACPC			DSIStudio	autotrackgqi
Association_FrontalAslantTractR	dki_fa	DIPYDKI	/scratch/grmpy/SLURM_11202541_35/job-11202541-35-sub-92927/ds/inputs/data/qsiprep/qsiprep/sub-92927/ses-1/dwi/sub-92927_ses-1_acq-multiband_dir-AP_space-ACPC_desc-preproc_dwi.nii.gz	0.0	0.3355610370635986	0.1614727675914764	0.3284342885017395	0.3355610370635986	0.3284342885017395	0.1614727675914764	0.3895420134067535	0.3895420134067535	sub-92927	ses-1		dir-AP	acq-multiband	space-ACPC			DSIStudio	autotrackgqi
Association_FrontalAslantTractR	dki_kfa	DIPYDKI	/scratch/grmpy/SLURM_11202541_35/job-11202541-35-sub-92927/ds/inputs/data/qsiprep/qsiprep/sub-92927/ses-1/dwi/sub-92927_ses-1_acq-multiband_dir-AP_space-ACPC_desc-preproc_dwi.nii.gz	0.0051078320090805	0.4825261533260345	0.146478995680809	0.4851053357124328	0.4850034713745117	0.4861981272697449	0.1427050977945327	0.4875003099441528	0.4881582260131836	sub-92927	ses-1		dir-AP	acq-multiband	space-ACPC			DSIStudio	autotrackgqi
Association_FrontalAslantTractR	dki_linearity	DIPYDKI	/scratch/grmpy/SLURM_11202541_35/job-11202541-35-sub-92927/ds/inputs/data/qsiprep/qsiprep/sub-92927/ses-1/dwi/sub-92927_ses-1_acq-multiband_dir-AP_space-ACPC_desc-preproc_dwi.nii.gz	0.0	0.1419202238321304	0.1026948541402816	0.1163705736398696	0.1419202238321304	0.1163705736398696	0.1026948541402816	0.1713824123144149	0.1713824123144149	sub-92927	ses-1		dir-AP	acq-multiband	space-ACPC			DSIStudio	autotrackgqi
Association_FrontalAslantTractR	dki_md	DIPYDKI	/scratch/grmpy/SLURM_11202541_35/job-11202541-35-sub-92927/ds/inputs/data/qsiprep/qsiprep/sub-92927/ses-1/dwi/sub-92927_ses-1_acq-multiband_dir-AP_space-ACPC_desc-preproc_dwi.nii.gz	0.0	0.0009471903904341	0.0003250235749874	0.0008859182707965	0.0009471903904341	0.0008859182707965	0.0003250235749874	0.0009180817287415	0.0009180817287415	sub-92927	ses-1		dir-AP	acq-multiband	space-ACPC			DSIStudio	autotrackgqi
Association_FrontalAslantTractR	dki_mk	DIPYDKI	/scratch/grmpy/SLURM_11202541_35/job-11202541-35-sub-92927/ds/inputs/data/qsiprep/qsiprep/sub-92927/ses-1/dwi/sub-92927_ses-1_acq-multiband_dir-AP_space-ACPC_desc-preproc_dwi.nii.gz	0.0	0.9254342910355404	0.2640657736878173	0.9712413315074662	0.9254342910355404	0.9712413315074662	0.2640657736878173	1.0435159472109723	1.0435159472109723	sub-92927	ses-1		dir-AP	acq-multiband	space-ACPC			DSIStudio	autotrackgqi
Association_FrontalAslantTractR	dki_mkt	DIPYDKI	/scratch/grmpy/SLURM_11202541_35/job-11202541-35-sub-92927/ds/inputs/data/qsiprep/qsiprep/sub-92927/ses-1/dwi/sub-92927_ses-1_acq-multiband_dir-AP_space-ACPC_desc-preproc_dwi.nii.gz	0.0	0.9118180766298356	0.240514529117236	0.9576666381887496	0.9118180766298356	0.9576666381887496	0.240514529117236	1.0154383010660752	1.0154383010660752	sub-92927	ses-1		dir-AP	acq-multiband	space-ACPC			DSIStudio	autotrackgqi
Association_FrontalAslantTractR	dki_planarity	DIPYDKI	/scratch/grmpy/SLURM_11202541_35/job-11202541-35-sub-92927/ds/inputs/data/qsiprep/qsiprep/sub-92927/ses-1/dwi/sub-92927_ses-1_acq-multiband_dir-AP_space-ACPC_desc-preproc_dwi.nii.gz	0.0	0.1818312704563141	0.1124679967761039	0.1635751128196716	0.1818312704563141	0.1635751128196716	0.1124679967761039	0.19947449862957	0.19947449862957	sub-92927	ses-1		dir-AP	acq-multiband	space-ACPC			DSIStudio	autotrackgqi
Association_FrontalAslantTractR	dki_rd	DIPYDKI	/scratch/grmpy/SLURM_11202541_35/job-11202541-35-sub-92927/ds/inputs/data/qsiprep/qsiprep/sub-92927/ses-1/dwi/sub-92927_ses-1_acq-multiband_dir-AP_space-ACPC_desc-preproc_dwi.nii.gz	0.0	0.0007790676900185	0.0003418833075556	0.0007217371603474	0.0007790676900185	0.0007217371603474	0.0003418833075556	0.0007189532043412	0.0007189532043412	sub-92927	ses-1		dir-AP	acq-multiband	space-ACPC			DSIStudio	autotrackgqi
Association_FrontalAslantTractR	dki_rk	DIPYDKI	/scratch/grmpy/SLURM_11202541_35/job-11202541-35-sub-92927/ds/inputs/data/qsiprep/qsiprep/sub-92927/ses-1/dwi/sub-92927_ses-1_acq-multiband_dir-AP_space-ACPC_desc-preproc_dwi.nii.gz	0.0	1.130468864785882	0.4612898918048769	1.1555953159358956	1.130468864785882	1.1555953159358956	0.4612898918048769	1.334343745127124	1.334343745127124	sub-92927	ses-1		dir-AP	acq-multiband	space-ACPC			DSIStudio	autotrackgqi
Association_FrontalAslantTractR	dki_sphericity	DIPYDKI	/scratch/grmpy/SLURM_11202541_35/job-11202541-35-sub-92927/ds/inputs/data/qsiprep/qsiprep/sub-92927/ses-1/dwi/sub-92927_ses-1_acq-multiband_dir-AP_space-ACPC_desc-preproc_dwi.nii.gz	0.0	0.6762484908103943	0.1588111519813537	0.680396318435669	0.6762484908103943	0.680396318435669	0.1588111519813537	0.6291430592536926	0.6291430592536926	sub-92927	ses-1		dir-AP	acq-multiband	space-ACPC			DSIStudio	autotrackgqi
Association_InferiorLongitudinalFasciculusR	dki_ad	DIPYDKI	/scratch/grmpy/SLURM_11202541_35/job-11202541-35-sub-92927/ds/inputs/data/qsiprep/qsiprep/sub-92927/ses-1/dwi/sub-92927_ses-1_acq-multiband_dir-AP_space-ACPC_desc-preproc_dwi.nii.gz	0.0020537897310513	0.0013184681301936	0.0003658410569187	0.0012603274080902	0.0013211815385147	0.0012613150756806	0.0003612896252889	0.0015029321657493	0.0015031569637358	sub-92927	ses-1		dir-AP	acq-multiband	space-ACPC			DSIStudio	autotrackgqi
Association_InferiorLongitudinalFasciculusR	dki_ak	DIPYDKI	/scratch/grmpy/SLURM_11202541_35/job-11202541-35-sub-92927/ds/inputs/data/qsiprep/qsiprep/sub-92927/ses-1/dwi/sub-92927_ses-1_acq-multiband_dir-AP_space-ACPC_desc-preproc_dwi.nii.gz	0.0022493887530562	0.7475727022351161	0.1718130860762542	0.7536488602873659	0.7492580749219822	0.7539756749147235	0.168295895715709	0.735403983264333	0.7355169156962236	sub-92927	ses-1		dir-AP	acq-multiband	space-ACPC			DSIStudio	autotrackgqi
Association_InferiorLongitudinalFasciculusR	dki_fa	DIPYDKI	/scratch/grmpy/SLURM_11202541_35/job-11202541-35-sub-92927/ds/inputs/data/qsiprep/qsiprep/sub-92927/ses-1/dwi/sub-92927_ses-1_acq-multiband_dir-AP_space-ACPC_desc-preproc_dwi.nii.gz	0.0020537897310513	0.339244544506073	0.178215280175209	0.3274151384830475	0.3399426937103271	0.3282191157341003	0.1777321249246597	0.4756801724433899	0.4757513403892517	sub-92927	ses-1		dir-AP	acq-multiband	space-ACPC			DSIStudio	autotrackgqi
Association_InferiorLongitudinalFasciculusR	dki_kfa	DIPYDKI	/scratch/grmpy/SLURM_11202541_35/job-11202541-35-sub-92927/ds/inputs/data/qsiprep/qsiprep/sub-92927/ses-1/dwi/sub-92927_ses-1_acq-multiband_dir-AP_space-ACPC_desc-preproc_dwi.nii.gz	0.0097799511002444	0.4817352592945099	0.1646461933851242	0.4716573357582092	0.4864931404590606	0.4740296304225921	0.1583080291748047	0.5326046943664551	0.5340129733085632	sub-92927	ses-1		dir-AP	acq-multiband	space-ACPC			DSIStudio	autotrackgqi
Association_InferiorLongitudinalFasciculusR	dki_linearity	DIPYDKI	/scratch/grmpy/SLURM_11202541_35/job-11202541-35-sub-92927/ds/inputs/data/qsiprep/qsiprep/sub-92927/ses-1/dwi/sub-92927_ses-1_acq-multiband_dir-AP_space-ACPC_desc-preproc_dwi.nii.gz	0.0020537897310513	0.1493369936943054	0.120334193110466	0.1132407709956169	0.1496443301439285	0.1135793775320053	0.1202669069170951	0.2414134293794632	0.241449549794197	sub-92927	ses-1		dir-AP	acq-multiband	space-ACPC			DSIStudio	autotrackgqi
Association_InferiorLongitudinalFasciculusR	dki_md	DIPYDKI	/scratch/grmpy/SLURM_11202541_35/job-11202541-35-sub-92927/ds/inputs/data/qsiprep/qsiprep/sub-92927/ses-1/dwi/sub-92927_ses-1_acq-multiband_dir-AP_space-ACPC_desc-preproc_dwi.nii.gz	0.0020537897310513	0.0009539683233015	0.0002453458146192	0.0009157806634902	0.0009559316094964	0.000916022225283	0.000241747155087	0.0009492644458077	0.0009494064142927	sub-92927	ses-1		dir-AP	acq-multiband	space-ACPC			DSIStudio	autotrackgqi
Association_InferiorLongitudinalFasciculusR	dki_mk	DIPYDKI	/scratch/grmpy/SLURM_11202541_35/job-11202541-35-sub-92927/ds/inputs/data/qsiprep/qsiprep/sub-92927/ses-1/dwi/sub-92927_ses-1_acq-multiband_dir-AP_space-ACPC_desc-preproc_dwi.nii.gz	0.0022493887530562	0.8663361240464016	0.2739188137229205	0.9116257350028126	0.8682892441064944	0.9123602215119913	0.2711176846255013	0.9931915246100363	0.9933440443294136	sub-92927	ses-1		dir-AP	acq-multiband	space-ACPC			DSIStudio	autotrackgqi
Association_InferiorLongitudinalFasciculusR	dki_mkt	DIPYDKI	/scratch/grmpy/SLURM_11202541_35/job-11202541-35-sub-92927/ds/inputs/data/qsiprep/qsiprep/sub-92927/ses-1/dwi/sub-92927_ses-1_acq-multiband_dir-AP_space-ACPC_desc-preproc_dwi.nii.gz	0.0020537897310513	0.8496841893973881	0.2329931806338497	0.9013600536811264	0.8514328534484804	0.9018841385592996	0.2300188542598955	0.9360412716243092	0.9361812764172052	sub-92927	ses-1		dir-AP	acq-multiband	space-ACPC			DSIStudio	autotrackgqi
Association_InferiorLongitudinalFasciculusR	dki_planarity	DIPYDKI	/scratch/grmpy/SLURM_11202541_35/job-11202541-35-sub-92927/ds/inputs/data/qsiprep/qsiprep/sub-92927/ses-1/dwi/sub-92927_ses-1_acq-multiband_dir-AP_space-ACPC_desc-preproc_dwi.nii.gz	0.0020537897310513	0.1751166433095932	0.1114955246448516	0.1535015255212783	0.1754770427942276	0.1538940966129303	0.1113265305757522	0.1990235298871994	0.1990533173084259	sub-92927	ses-1		dir-AP	acq-multiband	space-ACPC			DSIStudio	autotrackgqi
Association_InferiorLongitudinalFasciculusR	dki_rd	DIPYDKI	/scratch/grmpy/SLURM_11202541_35/job-11202541-35-sub-92927/ds/inputs/data/qsiprep/qsiprep/sub-92927/ses-1/dwi/sub-92927_ses-1_acq-multiband_dir-AP_space-ACPC_desc-preproc_dwi.nii.gz	0.0020537897310513	0.0007717184489592	0.0002594250545371	0.0007397022563964	0.0007733066449873	0.0007400746690109	0.0002573163365013	0.0006724304985255	0.0006725311395712	sub-92927	ses-1		dir-AP	acq-multiband	space-ACPC			DSIStudio	autotrackgqi
Association_InferiorLongitudinalFasciculusR	dki_rk	DIPYDKI	/scratch/grmpy/SLURM_11202541_35/job-11202541-35-sub-92927/ds/inputs/data/qsiprep/qsiprep/sub-92927/ses-1/dwi/sub-92927_ses-1_acq-multiband_dir-AP_space-ACPC_desc-preproc_dwi.nii.gz	0.0022493887530562	1.073154602432707	0.5616742643445296	1.0376497765715618	1.075573986460932	1.0394429530822218	0.5599883794861723	1.449959324740796	1.4501819883604996	sub-92927	ses-1		dir-AP	acq-multiband	space-ACPC			DSIStudio	autotrackgqi
Association_InferiorLongitudinalFasciculusR	dki_sphericity	DIPYDKI	/scratch/grmpy/SLURM_11202541_35/job-11202541-35-sub-92927/ds/inputs/data/qsiprep/qsiprep/sub-92927/ses-1/dwi/sub-92927_ses-1_acq-multiband_dir-AP_space-ACPC_desc-preproc_dwi.nii.gz	0.0020537897310513	0.6734926104545593	0.1711899936199188	0.6837900280952454	0.6748786568641663	0.684184193611145	0.1686146706342697	0.559413492679596	0.5594971179962158	sub-92927	ses-1		dir-AP	acq-multiband	space-ACPC			DSIStudio	autotrackgqi
Association_ExtremeCapsuleL	dki_ad	DIPYDKI	/scratch/grmpy/SLURM_11202541_35/job-11202541-35-sub-92927/ds/inputs/data/qsiprep/qsiprep/sub-92927/ses-1/dwi/sub-92927_ses-1_acq-multiband_dir-AP_space-ACPC_desc-preproc_dwi.nii.gz	0.0	0.0013679671101272	0.0006981450715102	0.0012421051505953	0.0013679671101272	0.0012421051505953	0.0006981450715102	0.0012875758111476	0.0012875758111476	sub-92927	ses-1		dir-AP	acq-multiband	space-ACPC			DSIStudio	autotrackgqi
Association_ExtremeCapsuleL	dki_ak	DIPYDKI	/scratch/grmpy/SLURM_11202541_35/job-11202541-35-sub-92927/ds/inputs/data/qsiprep/qsiprep/sub-92927/ses-1/dwi/sub-92927_ses-1_acq-multiband_dir-AP_space-ACPC_desc-preproc_dwi.nii.gz	0.0	0.736577962883914	0.178324114957316	0.7501769197081843	0.736577962883914	0.7501769197081843	0.178324114957316	0.7755848540715315	0.7755848540715315	sub-92927	ses-1		dir-AP	acq-multiband	space-ACPC			DSIStudio	autotrackgqi
Association_ExtremeCapsuleL	dki_fa	DIPYDKI	/scratch/grmpy/SLURM_11202541_35/job-11202541-35-sub-92927/ds/inputs/data/qsiprep/qsiprep/sub-92927/ses-1/dwi/sub-92927_ses-1_acq-multiband_dir-AP_space-ACPC_desc-preproc_dwi.nii.gz	0.0	0.3138954043388366	0.1579361855983734	0.3004425764083862	0.3138954043388366	0.3004425764083862	0.1579361855983734	0.3647450804710388	0.3647450804710388	sub-92927	ses-1		dir-AP	acq-multiband	space-ACPC			DSIStudio	autotrackgqi
Association_ExtremeCapsuleL	dki_kfa	DIPYDKI	/scratch/grmpy/SLURM_11202541_35/job-11202541-35-sub-92927/ds/inputs/data/qsiprep/qsiprep/sub-92927/ses-1/dwi/sub-92927_ses-1_acq-multiband_dir-AP_space-ACPC_desc-preproc_dwi.nii.gz	0.0081593472522198	0.4692677557468414	0.1705987602472305	0.4748652875423431	0.4731281697750091	0.4761956334114074	0.1658821403980255	0.508853554725647	0.5098321437835693	sub-92927	ses-1		dir-AP	acq-multiband	space-ACPC			DSIStudio	autotrackgqi
Association_ExtremeCapsuleL	dki_linearity	DIPYDKI	/scratch/grmpy/SLURM_11202541_35/job-11202541-35-sub-92927/ds/inputs/data/qsiprep/qsiprep/sub-92927/ses-1/dwi/sub-92927_ses-1_acq-multiband_dir-AP_space-ACPC_desc-preproc_dwi.nii.gz	0.0	0.1309700161218643	0.097113624215126	0.1046241819858551	0.1309700161218643	0.1046241819858551	0.097113624215126	0.1468051522970199	0.1468051522970199	sub-92927	ses-1		dir-AP	acq-multiband	space-ACPC			DSIStudio	autotrackgqi
Association_ExtremeCapsuleL	dki_md	DIPYDKI	/scratch/grmpy/SLURM_11202541_35/job-11202541-35-sub-92927/ds/inputs/data/qsiprep/qsiprep/sub-92927/ses-1/dwi/sub-92927_ses-1_acq-multiband_dir-AP_space-ACPC_desc-preproc_dwi.nii.gz	0.0	0.00103816378396	0.0006133377319201	0.0008968876791186	0.00103816378396	0.0008968876791186	0.0006133377319201	0.0009251413866877	0.0009251413866877	sub-92927	ses-1		dir-AP	acq-multiband	space-ACPC			DSIStudio	autotrackgqi
Association_ExtremeCapsuleL	dki_mk	DIPYDKI	/scratch/grmpy/SLURM_11202541_35/job-11202541-35-sub-92927/ds/inputs/data/qsiprep/qsiprep/sub-92927/ses-1/dwi/sub-92927_ses-1_acq-multiband_dir-AP_space-ACPC_desc-preproc_dwi.nii.gz	0.0	0.837437819526856	0.2779534794140447	0.8480909745304331	0.837437819526856	0.8480909745304331	0.2779534794140447	0.9255289418500218	0.9255289418500218	sub-92927	ses-1		dir-AP	acq-multiband	space-ACPC			DSIStudio	autotrackgqi
Association_ExtremeCapsuleL	dki_mkt	DIPYDKI	/scratch/grmpy/SLURM_11202541_35/job-11202541-35-sub-92927/ds/inputs/data/qsiprep/qsiprep/sub-92927/ses-1/dwi/sub-92927_ses-1_acq-multiband_dir-AP_space-ACPC_desc-preproc_dwi.nii.gz	0.0	0.828506911535681	0.2512214744487865	0.8505896268991582	0.828506911535681	0.8505896268991582	0.2512214744487865	0.912215589214616	0.912215589214616	sub-92927	ses-1		dir-AP	acq-multiband	space-ACPC			DSIStudio	autotrackgqi
Association_ExtremeCapsuleL	dki_planarity	DIPYDKI	/scratch/grmpy/SLURM_11202541_35/job-11202541-35-sub-92927/ds/inputs/data/qsiprep/qsiprep/sub-92927/ses-1/dwi/sub-92927_ses-1_acq-multiband_dir-AP_space-ACPC_desc-preproc_dwi.nii.gz	0.0	0.172139897942543	0.104808896780014	0.1544829607009887	0.172139897942543	0.1544829607009887	0.104808896780014	0.2163555026054382	0.2163555026054382	sub-92927	ses-1		dir-AP	acq-multiband	space-ACPC			DSIStudio	autotrackgqi
Association_ExtremeCapsuleL	dki_rd	DIPYDKI	/scratch/grmpy/SLURM_11202541_35/job-11202541-35-sub-92927/ds/inputs/data/qsiprep/qsiprep/sub-92927/ses-1/dwi/sub-92927_ses-1_acq-multiband_dir-AP_space-ACPC_desc-preproc_dwi.nii.gz	0.0	0.0008732620626688	0.0005923662683926	0.0007381296018138	0.0008732620626688	0.0007381296018138	0.0005923662683926	0.0007439241744577	0.0007439241744577	sub-92927	ses-1		dir-AP	acq-multiband	space-ACPC			DSIStudio	autotrackgqi
Association_ExtremeCapsuleL	dki_rk	DIPYDKI	/scratch/grmpy/SLURM_11202541_35/job-11202541-35-sub-92927/ds/inputs/data/qsiprep/qsiprep/sub-92927/ses-1/dwi/sub-92927_ses-1_acq-multiband_dir-AP_space-ACPC_desc-preproc_dwi.nii.gz	0.0	1.0064263584035025	0.4811745742679619	0.961562743931586	1.0064263584035025	0.961562743931586	0.4811745742679619	1.1364608620105958	1.1364608620105958	sub-92927	ses-1		dir-AP	acq-multiband	space-ACPC			DSIStudio	autotrackgqi
Association_ExtremeCapsuleL	dki_sphericity	DIPYDKI	/scratch/grmpy/SLURM_11202541_35/job-11202541-35-sub-92927/ds/inputs/data/qsiprep/qsiprep/sub-92927/ses-1/dwi/sub-92927_ses-1_acq-multiband_dir-AP_space-ACPC_desc-preproc_dwi.nii.gz	0.0	0.6968900561332703	0.1549712717533111	0.7077094316482544	0.6968900561332703	0.7077094316482544	0.1549712717533111	0.6368393301963806	0.6368393301963806	sub-92927	ses-1		dir-AP	acq-multiband	space-ACPC			DSIStudio	autotrackgqi
Association_ExtremeCapsuleR	dki_ad	DIPYDKI	/scratch/grmpy/SLURM_11202541_35/job-11202541-35-sub-92927/ds/inputs/data/qsiprep/qsiprep/sub-92927/ses-1/dwi/sub-92927_ses-1_acq-multiband_dir-AP_space-ACPC_desc-preproc_dwi.nii.gz	0.0	0.0013448304962366	0.0003804379957728	0.0013010463444516	0.0013448304962366	0.0013010463444516	0.0003804379957728	0.0014158457051962	0.0014158457051962	sub-92927	ses-1		dir-AP	acq-multiband	space-ACPC			DSIStudio	autotrackgqi
Association_ExtremeCapsuleR	dki_ak	DIPYDKI	/scratch/grmpy/SLURM_11202541_35/job-11202541-35-sub-92927/ds/inputs/data/qsiprep/qsiprep/sub-92927/ses-1/dwi/sub-92927_ses-1_acq-multiband_dir-AP_space-ACPC_desc-preproc_dwi.nii.gz	0.0	0.7601567800184788	0.1663999004083036	0.759250927330444	0.7601567800184788	0.759250927330444	0.1663999004083036	0.7518188168560618	0.7518188168560618	sub-92927	ses-1		dir-AP	acq-multiband	space-ACPC			DSIStudio	autotrackgqi
Association_ExtremeCapsuleR	dki_fa	DIPYDKI	/scratch/grmpy/SLURM_11202541_35/job-11202541-35-sub-92927/ds/inputs/data/qsiprep/qsiprep/sub-92927/ses-1/dwi/sub-92927_ses-1_acq-multiband_dir-AP_space-ACPC_desc-preproc_dwi.nii.gz	0.0	0.3570595979690552	0.166695699095726	0.3575272560119629	0.3570595979690552	0.3575272560119629	0.166695699095726	0.4494096934795379	0.4494096934795379	sub-92927	ses-1		dir-AP	acq-multiband	space-ACPC			DSIStudio	autotrackgqi
Association_ExtremeCapsuleR	dki_kfa	DIPYDKI	/scratch/grmpy/SLURM_11202541_35/job-11202541-35-sub-92927/ds/inputs/data/qsiprep/qsiprep/sub-92927/ses-1/dwi/sub-92927_ses-1_acq-multiband_dir-AP_space-ACPC_desc-preproc_dwi.nii.gz	0.0036179450072358	0.4806936383247375	0.1422933042049408	0.4877150058746338	0.4824390709400177	0.4888635873794555	0.1395666003227234	0.5134578347206116	0.5142905712127686	sub-92927	ses-1		dir-AP	acq-multiband	space-ACPC			DSIStudio	autotrackgqi
Association_ExtremeCapsuleR	dki_linearity	DIPYDKI	/scratch/grmpy/SLURM_11202541_35/job-11202541-35-sub-92927/ds/inputs/data/qsiprep/qsiprep/sub-92927/ses-1/dwi/sub-92927_ses-1_acq-multiband_dir-AP_space-ACPC_desc-preproc_dwi.nii.gz	0.0	0.1573134362697601	0.1084130108356475	0.1344630569219589	0.1573134362697601	0.1344630569219589	0.1084130108356475	0.2133191227912902	0.2133191227912902	sub-92927	ses-1		dir-AP	acq-multiband	space-ACPC			DSIStudio	autotrackgqi
Association_ExtremeCapsuleR	dki_md	DIPYDKI	/scratch/grmpy/SLURM_11202541_35/job-11202541-35-sub-92927/ds/inputs/data/qsiprep/qsiprep/sub-92927/ses-1/dwi/sub-92927_ses-1_acq-multiband_dir-AP_space-ACPC_desc-preproc_dwi.nii.gz	0.0	0.0009683888056315	0.0003216273034922	0.0009125913493335	0.0009683888056315	0.0009125913493335	0.0003216273034922	0.0009262333624064	0.0009262333624064	sub-92927	ses-1		dir-AP	acq-multiband	space-ACPC			DSIStudio	autotrackgqi
Association_ExtremeCapsuleR	dki_mk	DIPYDKI	/scratch/grmpy/SLURM_11202541_35/job-11202541-35-sub-92927/ds/inputs/data/qsiprep/qsiprep/sub-92927/ses-1/dwi/sub-92927_ses-1_acq-multiband_dir-AP_space-ACPC_desc-preproc_dwi.nii.gz	0.0	0.900901922501184	0.2391037492248756	0.9181702492006096	0.900901922501184	0.9181702492006096	0.2391037492248756	0.998078847095116	0.998078847095116	sub-92927	ses-1		dir-AP	acq-multiband	space-ACPC			DSIStudio	autotrackgqi
Association_ExtremeCapsuleR	dki_mkt	DIPYDKI	/scratch/grmpy/SLURM_11202541_35/job-11202541-35-sub-92927/ds/inputs/data/qsiprep/qsiprep/sub-92927/ses-1/dwi/sub-92927_ses-1_acq-multiband_dir-AP_space-ACPC_desc-preproc_dwi.nii.gz	0.0	0.8836214815136705	0.2115280807790734	0.9040394922015228	0.8836214815136705	0.9040394922015228	0.2115280807790734	0.9596343941492366	0.9596343941492366	sub-92927	ses-1		dir-AP	acq-multiband	space-ACPC			DSIStudio	autotrackgqi
Association_ExtremeCapsuleR	dki_planarity	DIPYDKI	/scratch/grmpy/SLURM_11202541_35/job-11202541-35-sub-92927/ds/inputs/data/qsiprep/qsiprep/sub-92927/ses-1/dwi/sub-92927_ses-1_acq-multiband_dir-AP_space-ACPC_desc-preproc_dwi.nii.gz	0.0	0.1841330081224441	0.1119300350546836	0.1672703921794891	0.1841330081224441	0.1672703921794891	0.1119300350546836	0.2117817401885986	0.2117817401885986	sub-92927	ses-1		dir-AP	acq-multiband	space-ACPC			DSIStudio	autotrackgqi
Association_ExtremeCapsuleR	dki_rd	DIPYDKI	/scratch/grmpy/SLURM_11202541_35/job-11202541-35-sub-92927/ds/inputs/data/qsiprep/qsiprep/sub-92927/ses-1/dwi/sub-92927_ses-1_acq-multiband_dir-AP_space-ACPC_desc-preproc_dwi.nii.gz	0.0	0.0007801680476404	0.0003384611336514	0.0007253647781908	0.0007801680476404	0.0007253647781908	0.0003384611336514	0.0006814273074269	0.0006814273074269	sub-92927	ses-1		dir-AP	acq-multiband	space-ACPC			DSIStudio	autotrackgqi
Association_ExtremeCapsuleR	dki_rk	DIPYDKI	/scratch/grmpy/SLURM_11202541_35/job-11202541-35-sub-92927/ds/inputs/data/qsiprep/qsiprep/sub-92927/ses-1/dwi/sub-92927_ses-1_acq-multiband_dir-AP_space-ACPC_desc-preproc_dwi.nii.gz	0.0	1.1286547422514854	0.4607677267737134	1.1030222560178788	1.1286547422514854	1.1030222560178788	0.4607677267737134	1.3648097820754457	1.3648097820754457	sub-92927	ses-1		dir-AP	acq-multiband	space-ACPC			DSIStudio	autotrackgqi
Association_ExtremeCapsuleR	dki_sphericity	DIPYDKI	/scratch/grmpy/SLURM_11202541_35/job-11202541-35-sub-92927/ds/inputs/data/qsiprep/qsiprep/sub-92927/ses-1/dwi/sub-92927_ses-1_acq-multiband_dir-AP_space-ACPC_desc-preproc_dwi.nii.gz	0.0	0.6585535407066345	0.1634359359741211	0.6667521595954895	0.6585535407066345	0.6667521595954895	0.1634359359741211	0.5748991370201111	0.5748991370201111	sub-92927	ses-1		dir-AP	acq-multiband	space-ACPC			DSIStudio	autotrackgqi
Association_HippocampusAlveusR	dki_ad	DIPYDKI	/scratch/grmpy/SLURM_11202541_35/job-11202541-35-sub-92927/ds/inputs/data/qsiprep/qsiprep/sub-92927/ses-1/dwi/sub-92927_ses-1_acq-multiband_dir-AP_space-ACPC_desc-preproc_dwi.nii.gz	0.0	0.0016148735303431	0.0008496681111864	0.001329994527623	0.0016148735303431	0.001329994527623	0.0008496681111864	0.0016619614325463	0.0016619614325463	sub-92927	ses-1		dir-AP	acq-multiband	space-ACPC			DSIStudio	autotrackgqi
Association_HippocampusAlveusR	dki_ak	DIPYDKI	/scratch/grmpy/SLURM_11202541_35/job-11202541-35-sub-92927/ds/inputs/data/qsiprep/qsiprep/sub-92927/ses-1/dwi/sub-92927_ses-1_acq-multiband_dir-AP_space-ACPC_desc-preproc_dwi.nii.gz	0.0003835826620636	0.7015035910569578	0.1872574940582087	0.7174999119030719	0.7017727789276627	0.7175282693713154	0.1867884257384439	0.7089528256665028	0.7089645732569327	sub-92927	ses-1		dir-AP	acq-multiband	space-ACPC			DSIStudio	autotrackgqi
Association_HippocampusAlveusR	dki_fa	DIPYDKI	/scratch/grmpy/SLURM_11202541_35/job-11202541-35-sub-92927/ds/inputs/data/qsiprep/qsiprep/sub-92927/ses-1/dwi/sub-92927_ses-1_acq-multiband_dir-AP_space-ACPC_desc-preproc_dwi.nii.gz	0.0	0.268310546875	0.1557260900735855	0.2251845896244049	0.268310546875	0.2251845896244049	0.1557260900735855	0.3013018071651459	0.3013018071651459	sub-92927	ses-1		dir-AP	acq-multiband	space-ACPC			DSIStudio	autotrackgqi
Association_HippocampusAlveusR	dki_kfa	DIPYDKI	/scratch/grmpy/SLURM_11202541_35/job-11202541-35-sub-92927/ds/inputs/data/qsiprep/qsiprep/sub-92927/ses-1/dwi/sub-92927_ses-1_acq-multiband_dir-AP_space-ACPC_desc-preproc_dwi.nii.gz	0.0130418105101649	0.4630825221538543	0.211759328842163	0.4535321891307831	0.4692017436027527	0.4585147202014923	0.2063089907169342	0.4540498852729797	0.4563108086585998	sub-92927	ses-1		dir-AP	acq-multiband	space-ACPC			DSIStudio	autotrackgqi
Association_HippocampusAlveusR	dki_linearity	DIPYDKI	/scratch/grmpy/SLURM_11202541_35/job-11202541-35-sub-92927/ds/inputs/data/qsiprep/qsiprep/sub-92927/ses-1/dwi/sub-92927_ses-1_acq-multiband_dir-AP_space-ACPC_desc-preproc_dwi.nii.gz	0.0	0.1182824671268463	0.1024223193526268	0.0850478261709213	0.1182824671268463	0.0850478261709213	0.1024223193526268	0.1381126940250396	0.1381126940250396	sub-92927	ses-1		dir-AP	acq-multiband	space-ACPC			DSIStudio	autotrackgqi
Association_HippocampusAlveusR	dki_md	DIPYDKI	/scratch/grmpy/SLURM_11202541_35/job-11202541-35-sub-92927/ds/inputs/data/qsiprep/qsiprep/sub-92927/ses-1/dwi/sub-92927_ses-1_acq-multiband_dir-AP_space-ACPC_desc-preproc_dwi.nii.gz	0.0	0.0012664180248975	0.0007373610860668	0.0009882149752229	0.0012664180248975	0.0009882149752229	0.0007373610860668	0.0012605779338628	0.0012605779338628	sub-92927	ses-1		dir-AP	acq-multiband	space-ACPC			DSIStudio	autotrackgqi
Association_HippocampusAlveusR	dki_mk	DIPYDKI	/scratch/grmpy/SLURM_11202541_35/job-11202541-35-sub-92927/ds/inputs/data/qsiprep/qsiprep/sub-92927/ses-1/dwi/sub-92927_ses-1_acq-multiband_dir-AP_space-ACPC_desc-preproc_dwi.nii.gz	0.0003835826620636	0.7175626586996849	0.256882985082778	0.7521612040052925	0.7178380089140747	0.7522028134346685	0.2565473310601614	0.769858130259252	0.7698708870860858	sub-92927	ses-1		dir-AP	acq-multiband	space-ACPC			DSIStudio	autotrackgqi
Association_HippocampusAlveusR	dki_mkt	DIPYDKI	/scratch/grmpy/SLURM_11202541_35/job-11202541-35-sub-92927/ds/inputs/data/qsiprep/qsiprep/sub-92927/ses-1/dwi/sub-92927_ses-1_acq-multiband_dir-AP_space-ACPC_desc-preproc_dwi.nii.gz	0.0	0.7286368273446175	0.2355479593863058	0.7629172969175573	0.7286368273446175	0.7629172969175573	0.2355479593863058	0.7747874207721128	0.7747874207721128	sub-92927	ses-1		dir-AP	acq-multiband	space-ACPC			DSIStudio	autotrackgqi
Association_HippocampusAlveusR	dki_planarity	DIPYDKI	/scratch/grmpy/SLURM_11202541_35/job-11202541-35-sub-92927/ds/inputs/data/qsiprep/qsiprep/sub-92927/ses-1/dwi/sub-92927_ses-1_acq-multiband_dir-AP_space-ACPC_desc-preproc_dwi.nii.gz	0.0	0.128174677491188	0.0897899717092514	0.1058851107954979	0.128174677491188	0.1058851107954979	0.0897899717092514	0.1346948891878128	0.1346948891878128	sub-92927	ses-1		dir-AP	acq-multiband	space-ACPC			DSIStudio	autotrackgqi
Association_HippocampusAlveusR	dki_rd	DIPYDKI	/scratch/grmpy/SLURM_11202541_35/job-11202541-35-sub-92927/ds/inputs/data/qsiprep/qsiprep/sub-92927/ses-1/dwi/sub-92927_ses-1_acq-multiband_dir-AP_space-ACPC_desc-preproc_dwi.nii.gz	0.0	0.0010921902721747	0.0007062078802846	0.0008379666833207	0.0010921902721747	0.0008379666833207	0.0007062078802846	0.0010598863009363	0.0010598863009363	sub-92927	ses-1		dir-AP	acq-multiband	space-ACPC			DSIStudio	autotrackgqi
Association_HippocampusAlveusR	dki_rk	DIPYDKI	/scratch/grmpy/SLURM_11202541_35/job-11202541-35-sub-92927/ds/inputs/data/qsiprep/qsiprep/sub-92927/ses-1/dwi/sub-92927_ses-1_acq-multiband_dir-AP_space-ACPC_desc-preproc_dwi.nii.gz	0.0003835826620636	0.7884898182100232	0.4369123180978379	0.7818007552510364	0.7887923852929893	0.7819636195632679	0.4367229810729782	0.8943655040751748	0.8943803240832072	sub-92927	ses-1		dir-AP	acq-multiband	space-ACPC			DSIStudio	autotrackgqi
Association_HippocampusAlveusR	dki_sphericity	DIPYDKI	/scratch/grmpy/SLURM_11202541_35/job-11202541-35-sub-92927/ds/inputs/data/qsiprep/qsiprep/sub-92927/ses-1/dwi/sub-92927_ses-1_acq-multiband_dir-AP_space-ACPC_desc-preproc_dwi.nii.gz	0.0	0.7535428404808044	0.141571044921875	0.7923036813735962	0.7535428404808044	0.7923036813735962	0.141571044921875	0.7271924018859863	0.7271924018859863	sub-92927	ses-1		dir-AP	acq-multiband	space-ACPC			DSIStudio	autotrackgqi
Association_UncinateFasciculusL	dki_ad	DIPYDKI	/scratch/grmpy/SLURM_11202541_35/job-11202541-35-sub-92927/ds/inputs/data/qsiprep/qsiprep/sub-92927/ses-1/dwi/sub-92927_ses-1_acq-multiband_dir-AP_space-ACPC_desc-preproc_dwi.nii.gz	0.0056394763343403	0.0013870631810277	0.0008405260159634	0.0012321308022364	0.0013949298299849	0.0012335608480498	0.0008363714441657	0.0013429694809019	0.001343346433714	sub-92927	ses-1		dir-AP	acq-multiband	space-ACPC			DSIStudio	autotrackgqi
Association_UncinateFasciculusL	dki_ak	DIPYDKI	/scratch/grmpy/SLURM_11202541_35/job-11202541-35-sub-92927/ds/inputs/data/qsiprep/qsiprep/sub-92927/ses-1/dwi/sub-92927_ses-1_acq-multiband_dir-AP_space-ACPC_desc-preproc_dwi.nii.gz	0.0136958710976837	0.7009192331664524	0.2577518364849102	0.7315360218825044	0.7106522345663542	0.7338925049279029	0.2458490674002592	0.712498433323276	0.714153518175093	sub-92927	ses-1		dir-AP	acq-multiband	space-ACPC			DSIStudio	autotrackgqi
Association_UncinateFasciculusL	dki_fa	DIPYDKI	/scratch/grmpy/SLURM_11202541_35/job-11202541-35-sub-92927/ds/inputs/data/qsiprep/qsiprep/sub-92927/ses-1/dwi/sub-92927_ses-1_acq-multiband_dir-AP_space-ACPC_desc-preproc_dwi.nii.gz	0.0058408862034239	0.2797200083732605	0.1497635841369629	0.2522234320640564	0.2813634276390075	0.2532707154750824	0.1486556679010391	0.3683443665504455	0.3684490919113159	sub-92927	ses-1		dir-AP	acq-multiband	space-ACPC			DSIStudio	autotrackgqi
Association_UncinateFasciculusL	dki_kfa	DIPYDKI	/scratch/grmpy/SLURM_11202541_35/job-11202541-35-sub-92927/ds/inputs/data/qsiprep/qsiprep/sub-92927/ses-1/dwi/sub-92927_ses-1_acq-multiband_dir-AP_space-ACPC_desc-preproc_dwi.nii.gz	0.0561933534743202	0.4832676351070404	0.2197579741477966	0.495473176240921	0.512040913105011	0.5086607933044434	0.1908816695213318	0.5373770594596863	0.5489861965179443	sub-92927	ses-1		dir-AP	acq-multiband	space-ACPC			DSIStudio	autotrackgqi
Association_UncinateFasciculusL	dki_linearity	DIPYDKI	/scratch/grmpy/SLURM_11202541_35/job-11202541-35-sub-92927/ds/inputs/data/qsiprep/qsiprep/sub-92927/ses-1/dwi/sub-92927_ses-1_acq-multiband_dir-AP_space-ACPC_desc-preproc_dwi.nii.gz	0.0058408862034239	0.1130409091711044	0.0972800180315971	0.085182212293148	0.1137050464749336	0.085740327835083	0.0971775949001312	0.1655046939849853	0.1655517518520355	sub-92927	ses-1		dir-AP	acq-multiband	space-ACPC			DSIStudio	autotrackgqi
Association_UncinateFasciculusL	dki_md	DIPYDKI	/scratch/grmpy/SLURM_11202541_35/job-11202541-35-sub-92927/ds/inputs/data/qsiprep/qsiprep/sub-92927/ses-1/dwi/sub-92927_ses-1_acq-multiband_dir-AP_space-ACPC_desc-preproc_dwi.nii.gz	0.0056394763343403	0.0010866243392229	0.0007199043175205	0.0009349689935334	0.0010927871335297	0.000935711315833	0.0007172635523602	0.0009518202859908	0.0009520874591544	sub-92927	ses-1		dir-AP	acq-multiband	space-ACPC			DSIStudio	autotrackgqi
Association_UncinateFasciculusL	dki_mk	DIPYDKI	/scratch/grmpy/SLURM_11202541_35/job-11202541-35-sub-92927/ds/inputs/data/qsiprep/qsiprep/sub-92927/ses-1/dwi/sub-92927_ses-1_acq-multiband_dir-AP_space-ACPC_desc-preproc_dwi.nii.gz	0.0136958710976837	0.6775320582457537	0.368967756535189	0.7443485966174721	0.6869403041025458	0.7471525385187487	0.3627185003536093	0.763742913393402	0.7655170354568345	sub-92927	ses-1		dir-AP	acq-multiband	space-ACPC			DSIStudio	autotrackgqi
Association_UncinateFasciculusL	dki_mkt	DIPYDKI	/scratch/grmpy/SLURM_11202541_35/job-11202541-35-sub-92927/ds/inputs/data/qsiprep/qsiprep/sub-92927/ses-1/dwi/sub-92927_ses-1_acq-multiband_dir-AP_space-ACPC_desc-preproc_dwi.nii.gz	0.0056394763343403	0.7014179424405468	0.3584807307798784	0.763078036027593	0.7053960065256867	0.7642252453546529	0.3555715881755433	0.7887172447062479	0.7889386381802624	sub-92927	ses-1		dir-AP	acq-multiband	space-ACPC			DSIStudio	autotrackgqi
Association_UncinateFasciculusL	dki_planarity	DIPYDKI	/scratch/grmpy/SLURM_11202541_35/job-11202541-35-sub-92927/ds/inputs/data/qsiprep/qsiprep/sub-92927/ses-1/dwi/sub-92927_ses-1_acq-multiband_dir-AP_space-ACPC_desc-preproc_dwi.nii.gz	0.0078549848942598	0.1576086431741714	0.1092200577259063	0.1327617168426513	0.158856451511383	0.1338588893413543	0.1087439283728599	0.1758844852447509	0.175975352525711	sub-92927	ses-1		dir-AP	acq-multiband	space-ACPC			DSIStudio	autotrackgqi
Association_UncinateFasciculusL	dki_rd	DIPYDKI	/scratch/grmpy/SLURM_11202541_35/job-11202541-35-sub-92927/ds/inputs/data/qsiprep/qsiprep/sub-92927/ses-1/dwi/sub-92927_ses-1_acq-multiband_dir-AP_space-ACPC_desc-preproc_dwi.nii.gz	0.0056394763343403	0.0009364050347357	0.0006764210993424	0.0007888652617111	0.0009417158435098	0.0007903495570644	0.0006746401195414	0.0007562456885352	0.0007564579718746	sub-92927	ses-1		dir-AP	acq-multiband	space-ACPC			DSIStudio	autotrackgqi
Association_UncinateFasciculusL	dki_rk	DIPYDKI	/scratch/grmpy/SLURM_11202541_35/job-11202541-35-sub-92927/ds/inputs/data/qsiprep/qsiprep/sub-92927/ses-1/dwi/sub-92927_ses-1_acq-multiband_dir-AP_space-ACPC_desc-preproc_dwi.nii.gz	0.0136958710976837	0.7000808069900973	0.4844525058631307	0.7547861224393698	0.7098021659599415	0.7602821733096808	0.4806796908888354	0.8513711742351652	0.853348850744049	sub-92927	ses-1		dir-AP	acq-multiband	space-ACPC			DSIStudio	autotrackgqi
Association_UncinateFasciculusL	dki_sphericity	DIPYDKI	/scratch/grmpy/SLURM_11202541_35/job-11202541-35-sub-92927/ds/inputs/data/qsiprep/qsiprep/sub-92927/ses-1/dwi/sub-92927_ses-1_acq-multiband_dir-AP_space-ACPC_desc-preproc_dwi.nii.gz	0.0056394763343403	0.7237109541893005	0.1622720658779144	0.7535244822502136	0.7278154492378235	0.7550144791603088	0.1532783359289169	0.6583302021026611	0.6585149765014648	sub-92927	ses-1		dir-AP	acq-multiband	space-ACPC			DSIStudio	autotrackgqi
Association_CingulumL	dki_ad	DIPYDKI	/scratch/grmpy/SLURM_11202541_35/job-11202541-35-sub-92927/ds/inputs/data/qsiprep/qsiprep/sub-92927/ses-1/dwi/sub-92927_ses-1_acq-multiband_dir-AP_space-ACPC_desc-preproc_dwi.nii.gz	0.0030073729142413	0.0013795740669593	0.0006009536446072	0.0012559690512716	0.0013837354490533	0.0012570280814543	0.000597056467086	0.0014700051397085	0.0014704783679917	sub-92927	ses-1		dir-AP	acq-multiband	space-ACPC			DSIStudio	autotrackgqi
Association_CingulumL	dki_ak	DIPYDKI	/scratch/grmpy/SLURM_11202541_35/job-11202541-35-sub-92927/ds/inputs/data/qsiprep/qsiprep/sub-92927/ses-1/dwi/sub-92927_ses-1_acq-multiband_dir-AP_space-ACPC_desc-preproc_dwi.nii.gz	0.003104384943733	0.7297646216167696	0.1758315885270148	0.7443086961466536	0.7320371467132796	0.7446164674673872	0.1713168149974444	0.7840928715088593	0.7843788108589645	sub-92927	ses-1		dir-AP	acq-multiband	space-ACPC			DSIStudio	autotrackgqi
Association_CingulumL	dki_fa	DIPYDKI	/scratch/grmpy/SLURM_11202541_35/job-11202541-35-sub-92927/ds/inputs/data/qsiprep/qsiprep/sub-92927/ses-1/dwi/sub-92927_ses-1_acq-multiband_dir-AP_space-ACPC_desc-preproc_dwi.nii.gz	0.0030073729142413	0.3079912662506103	0.1758097261190414	0.2709701359272003	0.308920294046402	0.2718929052352905	0.1752578020095825	0.4491036534309387	0.4492482244968414	sub-92927	ses-1		dir-AP	acq-multiband	space-ACPC			DSIStudio	autotrackgqi
Association_CingulumL	dki_kfa	DIPYDKI	/scratch/grmpy/SLURM_11202541_35/job-11202541-35-sub-92927/ds/inputs/data/qsiprep/qsiprep/sub-92927/ses-1/dwi/sub-92927_ses-1_acq-multiband_dir-AP_space-ACPC_desc-preproc_dwi.nii.gz	0.0109623593325572	0.494884192943573	0.1825958341360092	0.4944490194320678	0.5003694295883179	0.4973144233226776	0.1759719997644424	0.5528087615966797	0.5539633631706238	sub-92927	ses-1		dir-AP	acq-multiband	space-ACPC			DSIStudio	autotrackgqi
Association_CingulumL	dki_linearity	DIPYDKI	/scratch/grmpy/SLURM_11202541_35/job-11202541-35-sub-92927/ds/inputs/data/qsiprep/qsiprep/sub-92927/ses-1/dwi/sub-92927_ses-1_acq-multiband_dir-AP_space-ACPC_desc-preproc_dwi.nii.gz	0.0030073729142413	0.1368318945169448	0.1175025627017021	0.0977905392646789	0.1372446417808532	0.0982461422681808	0.1174387261271476	0.227540910243988	0.227614164352417	sub-92927	ses-1		dir-AP	acq-multiband	space-ACPC			DSIStudio	autotrackgqi
Association_CingulumL	dki_md	DIPYDKI	/scratch/grmpy/SLURM_11202541_35/job-11202541-35-sub-92927/ds/inputs/data/qsiprep/qsiprep/sub-92927/ses-1/dwi/sub-92927_ses-1_acq-multiband_dir-AP_space-ACPC_desc-preproc_dwi.nii.gz	0.0030073729142413	0.0010361429303884	0.0004994929768145	0.0009217602200806	0.0010392683325335	0.0009221835643984	0.0004969885922037	0.0009536637808196	0.0009539709426462	sub-92927	ses-1		dir-AP	acq-multiband	space-ACPC			DSIStudio	autotrackgqi
Association_CingulumL	dki_mk	DIPYDKI	/scratch/grmpy/SLURM_11202541_35/job-11202541-35-sub-92927/ds/inputs/data/qsiprep/qsiprep/sub-92927/ses-1/dwi/sub-92927_ses-1_acq-multiband_dir-AP_space-ACPC_desc-preproc_dwi.nii.gz	0.003104384943733	0.8035977979204382	0.278953042675635	0.8061491775471541	0.8061002433791239	0.806889971774293	0.27575332721621	0.9788456270562	0.9792025877616062	sub-92927	ses-1		dir-AP	acq-multiband	space-ACPC			DSIStudio	autotrackgqi
Association_CingulumL	dki_mkt	DIPYDKI	/scratch/grmpy/SLURM_11202541_35/job-11202541-35-sub-92927/ds/inputs/data/qsiprep/qsiprep/sub-92927/ses-1/dwi/sub-92927_ses-1_acq-multiband_dir-AP_space-ACPC_desc-preproc_dwi.nii.gz	0.0030073729142413	0.8013661535337188	0.246698705741624	0.8176584977042245	0.8037834300501677	0.8182080479281505	0.24310669709969	0.959194076073228	0.9595029068253468	sub-92927	ses-1		dir-AP	acq-multiband	space-ACPC			DSIStudio	autotrackgqi
Association_CingulumL	dki_planarity	DIPYDKI	/scratch/grmpy/SLURM_11202541_35/job-11202541-35-sub-92927/ds/inputs/data/qsiprep/qsiprep/sub-92927/ses-1/dwi/sub-92927_ses-1_acq-multiband_dir-AP_space-ACPC_desc-preproc_dwi.nii.gz	0.0030073729142413	0.1530075520277023	0.1028156653046608	0.1292971670627594	0.1534690856933593	0.1296383738517761	0.1026260927319526	0.1865723729133606	0.1866324245929718	sub-92927	ses-1		dir-AP	acq-multiband	space-ACPC			DSIStudio	autotrackgqi
Association_CingulumL	dki_rd	DIPYDKI	/scratch/grmpy/SLURM_11202541_35/job-11202541-35-sub-92927/ds/inputs/data/qsiprep/qsiprep/sub-92927/ses-1/dwi/sub-92927_ses-1_acq-multiband_dir-AP_space-ACPC_desc-preproc_dwi.nii.gz	0.0030073729142413	0.0008644273038953	0.0004874938749708	0.0007655337685719	0.0008670348324812	0.0007658916874788	0.0004859077744185	0.000695493130479	0.0006957169971428	sub-92927	ses-1		dir-AP	acq-multiband	space-ACPC			DSIStudio	autotrackgqi
Association_CingulumL	dki_rk	DIPYDKI	/scratch/grmpy/SLURM_11202541_35/job-11202541-35-sub-92927/ds/inputs/data/qsiprep/qsiprep/sub-92927/ses-1/dwi/sub-92927_ses-1_acq-multiband_dir-AP_space-ACPC_desc-preproc_dwi.nii.gz	0.003104384943733	0.9483287461678156	0.5360875721372667	0.8566130564111047	0.951281891348564	0.8593198308052185	0.5342991283535037	1.3360120801931523	1.3364992906927289	sub-92927	ses-1		dir-AP	acq-multiband	space-ACPC			DSIStudio	autotrackgqi
Association_CingulumL	dki_sphericity	DIPYDKI	/scratch/grmpy/SLURM_11202541_35/job-11202541-35-sub-92927/ds/inputs/data/qsiprep/qsiprep/sub-92927/ses-1/dwi/sub-92927_ses-1_acq-multiband_dir-AP_space-ACPC_desc-preproc_dwi.nii.gz	0.0030073729142413	0.7071532011032104	0.1678998619318008	0.7422327995300293	0.7092863321304321	0.7429426312446594	0.1635922491550445	0.5855648517608643	0.5857533812522888	sub-92927	ses-1		dir-AP	acq-multiband	space-ACPC			DSIStudio	autotrackgqi
Association_MiddleLongitudinalFasciculusL	dki_ad	DIPYDKI	/scratch/grmpy/SLURM_11202541_35/job-11202541-35-sub-92927/ds/inputs/data/qsiprep/qsiprep/sub-92927/ses-1/dwi/sub-92927_ses-1_acq-multiband_dir-AP_space-ACPC_desc-preproc_dwi.nii.gz	0.0	0.001295530819334	0.0005262149497866	0.0012189614353701	0.001295530819334	0.0012189614353701	0.0005262149497866	0.0013298222329467	0.0013298222329467	sub-92927	ses-1		dir-AP	acq-multiband	space-ACPC			DSIStudio	autotrackgqi
Association_MiddleLongitudinalFasciculusL	dki_ak	DIPYDKI	/scratch/grmpy/SLURM_11202541_35/job-11202541-35-sub-92927/ds/inputs/data/qsiprep/qsiprep/sub-92927/ses-1/dwi/sub-92927_ses-1_acq-multiband_dir-AP_space-ACPC_desc-preproc_dwi.nii.gz	0.0	0.7377511638926455	0.1628070337002421	0.7474499499544391	0.7377511638926455	0.7474499499544391	0.1628070337002421	0.7838544364988606	0.7838544364988606	sub-92927	ses-1		dir-AP	acq-multiband	space-ACPC			DSIStudio	autotrackgqi
Association_MiddleLongitudinalFasciculusL	dki_fa	DIPYDKI	/scratch/grmpy/SLURM_11202541_35/job-11202541-35-sub-92927/ds/inputs/data/qsiprep/qsiprep/sub-92927/ses-1/dwi/sub-92927_ses-1_acq-multiband_dir-AP_space-ACPC_desc-preproc_dwi.nii.gz	0.0	0.3279772102832794	0.1727888733148574	0.3208805620670318	0.3279772102832794	0.3208805620670318	0.1727888733148574	0.4190003871917724	0.4190003871917724	sub-92927	ses-1		dir-AP	acq-multiband	space-ACPC			DSIStudio	autotrackgqi
Association_MiddleLongitudinalFasciculusL	dki_kfa	DIPYDKI	/scratch/grmpy/SLURM_11202541_35/job-11202541-35-sub-92927/ds/inputs/data/qsiprep/qsiprep/sub-92927/ses-1/dwi/sub-92927_ses-1_acq-multiband_dir-AP_space-ACPC_desc-preproc_dwi.nii.gz	0.0053995680345572	0.4745681881904602	0.1581114083528518	0.4816166758537292	0.4771445393562317	0.4823912978172302	0.1546144783496856	0.4897624254226684	0.4901385903358459	sub-92927	ses-1		dir-AP	acq-multiband	space-ACPC			DSIStudio	autotrackgqi
Association_MiddleLongitudinalFasciculusL	dki_linearity	DIPYDKI	/scratch/grmpy/SLURM_11202541_35/job-11202541-35-sub-92927/ds/inputs/data/qsiprep/qsiprep/sub-92927/ses-1/dwi/sub-92927_ses-1_acq-multiband_dir-AP_space-ACPC_desc-preproc_dwi.nii.gz	0.0	0.1351276934146881	0.102681815624237	0.1052808389067649	0.1351276934146881	0.1052808389067649	0.102681815624237	0.1844301521778106	0.1844301521778106	sub-92927	ses-1		dir-AP	acq-multiband	space-ACPC			DSIStudio	autotrackgqi
Association_MiddleLongitudinalFasciculusL	dki_md	DIPYDKI	/scratch/grmpy/SLURM_11202541_35/job-11202541-35-sub-92927/ds/inputs/data/qsiprep/qsiprep/sub-92927/ses-1/dwi/sub-92927_ses-1_acq-multiband_dir-AP_space-ACPC_desc-preproc_dwi.nii.gz	0.0	0.0009634171146899	0.0004110836598556	0.0008766981191001	0.0009634171146899	0.0008766981191001	0.0004110836598556	0.0008998265839181	0.0008998265839181	sub-92927	ses-1		dir-AP	acq-multiband	space-ACPC			DSIStudio	autotrackgqi
Association_MiddleLongitudinalFasciculusL	dki_mk	DIPYDKI	/scratch/grmpy/SLURM_11202541_35/job-11202541-35-sub-92927/ds/inputs/data/qsiprep/qsiprep/sub-92927/ses-1/dwi/sub-92927_ses-1_acq-multiband_dir-AP_space-ACPC_desc-preproc_dwi.nii.gz	0.0	0.848140493481835	0.2664627158615782	0.8585863692594701	0.848140493481835	0.8585863692594701	0.2664627158615782	1.0172230077512112	1.0172230077512112	sub-92927	ses-1		dir-AP	acq-multiband	space-ACPC			DSIStudio	autotrackgqi
Association_MiddleLongitudinalFasciculusL	dki_mkt	DIPYDKI	/scratch/grmpy/SLURM_11202541_35/job-11202541-35-sub-92927/ds/inputs/data/qsiprep/qsiprep/sub-92927/ses-1/dwi/sub-92927_ses-1_acq-multiband_dir-AP_space-ACPC_desc-preproc_dwi.nii.gz	0.0	0.838459777130065	0.2400047749143485	0.8663439354800505	0.838459777130065	0.8663439354800505	0.2400047749143485	0.9826868321882296	0.9826868321882296	sub-92927	ses-1		dir-AP	acq-multiband	space-ACPC			DSIStudio	autotrackgqi
Association_MiddleLongitudinalFasciculusL	dki_planarity	DIPYDKI	/scratch/grmpy/SLURM_11202541_35/job-11202541-35-sub-92927/ds/inputs/data/qsiprep/qsiprep/sub-92927/ses-1/dwi/sub-92927_ses-1_acq-multiband_dir-AP_space-ACPC_desc-preproc_dwi.nii.gz	0.0	0.1867688298225402	0.1281858682632446	0.1598155796527862	0.1867688298225402	0.1598155796527862	0.1281858682632446	0.2208202481269836	0.2208202481269836	sub-92927	ses-1		dir-AP	acq-multiband	space-ACPC			DSIStudio	autotrackgqi
Association_MiddleLongitudinalFasciculusL	dki_rd	DIPYDKI	/scratch/grmpy/SLURM_11202541_35/job-11202541-35-sub-92927/ds/inputs/data/qsiprep/qsiprep/sub-92927/ses-1/dwi/sub-92927_ses-1_acq-multiband_dir-AP_space-ACPC_desc-preproc_dwi.nii.gz	0.0	0.0007973603205755	0.0003990988770965	0.0007119633955881	0.0007973603205755	0.0007119633955881	0.0003990988770965	0.0006848287303	0.0006848287303	sub-92927	ses-1		dir-AP	acq-multiband	space-ACPC			DSIStudio	autotrackgqi
Association_MiddleLongitudinalFasciculusL	dki_rk	DIPYDKI	/scratch/grmpy/SLURM_11202541_35/job-11202541-35-sub-92927/ds/inputs/data/qsiprep/qsiprep/sub-92927/ses-1/dwi/sub-92927_ses-1_acq-multiband_dir-AP_space-ACPC_desc-preproc_dwi.nii.gz	0.0	1.0162162673816393	0.4758271969244317	0.971949359001386	1.0162162673816393	0.971949359001386	0.4758271969244317	1.3278917187717236	1.3278917187717236	sub-92927	ses-1		dir-AP	acq-multiband	space-ACPC			DSIStudio	autotrackgqi
Association_MiddleLongitudinalFasciculusL	dki_sphericity	DIPYDKI	/scratch/grmpy/SLURM_11202541_35/job-11202541-35-sub-92927/ds/inputs/data/qsiprep/qsiprep/sub-92927/ses-1/dwi/sub-92927_ses-1_acq-multiband_dir-AP_space-ACPC_desc-preproc_dwi.nii.gz	0.0	0.6781034469604492	0.1763871163129806	0.6896966695785522	0.6781034469604492	0.6896966695785522	0.1763871163129806	0.5947496294975281	0.5947496294975281	sub-92927	ses-1		dir-AP	acq-multiband	space-ACPC			DSIStudio	autotrackgqi
Association_ParietalAslantTractR	dki_ad	DIPYDKI	/scratch/grmpy/SLURM_11202541_35/job-11202541-35-sub-92927/ds/inputs/data/qsiprep/qsiprep/sub-92927/ses-1/dwi/sub-92927_ses-1_acq-multiband_dir-AP_space-ACPC_desc-preproc_dwi.nii.gz	0.0	0.0012283676769584	0.0002991813234984	0.0011733355931937	0.0012283676769584	0.0011733355931937	0.0002991813234984	0.0013086044928058	0.0013086044928058	sub-92927	ses-1		dir-AP	acq-multiband	space-ACPC			DSIStudio	autotrackgqi
Association_ParietalAslantTractR	dki_ak	DIPYDKI	/scratch/grmpy/SLURM_11202541_35/job-11202541-35-sub-92927/ds/inputs/data/qsiprep/qsiprep/sub-92927/ses-1/dwi/sub-92927_ses-1_acq-multiband_dir-AP_space-ACPC_desc-preproc_dwi.nii.gz	0.0001904036557501	0.7068246373569106	0.148379613993128	0.713483995172272	0.7069592449816214	0.713493018356535	0.1480727543010734	0.7388696982605926	0.7389064295736003	sub-92927	ses-1		dir-AP	acq-multiband	space-ACPC			DSIStudio	autotrackgqi
Association_ParietalAslantTractR	dki_fa	DIPYDKI	/scratch/grmpy/SLURM_11202541_35/job-11202541-35-sub-92927/ds/inputs/data/qsiprep/qsiprep/sub-92927/ses-1/dwi/sub-92927_ses-1_acq-multiband_dir-AP_space-ACPC_desc-preproc_dwi.nii.gz	0.0	0.2946307957172394	0.1670926958322525	0.2669107317924499	0.2946307957172394	0.2669107317924499	0.1670926958322525	0.3923777937889099	0.3923777937889099	sub-92927	ses-1		dir-AP	acq-multiband	space-ACPC			DSIStudio	autotrackgqi
Association_ParietalAslantTractR	dki_kfa	DIPYDKI	/scratch/grmpy/SLURM_11202541_35/job-11202541-35-sub-92927/ds/inputs/data/qsiprep/qsiprep/sub-92927/ses-1/dwi/sub-92927_ses-1_acq-multiband_dir-AP_space-ACPC_desc-preproc_dwi.nii.gz	0.0034272658035034	0.4280784130096435	0.141797125339508	0.4227938055992126	0.4295505881309509	0.4233340620994568	0.1397969722747802	0.4452252089977264	0.4454802274703979	sub-92927	ses-1		dir-AP	acq-multiband	space-ACPC			DSIStudio	autotrackgqi
Association_ParietalAslantTractR	dki_linearity	DIPYDKI	/scratch/grmpy/SLURM_11202541_35/job-11202541-35-sub-92927/ds/inputs/data/qsiprep/qsiprep/sub-92927/ses-1/dwi/sub-92927_ses-1_acq-multiband_dir-AP_space-ACPC_desc-preproc_dwi.nii.gz	0.0	0.1223236098885536	0.1008129641413688	0.0899922102689743	0.1223236098885536	0.0899922102689743	0.1008129641413688	0.176226794719696	0.176226794719696	sub-92927	ses-1		dir-AP	acq-multiband	space-ACPC			DSIStudio	autotrackgqi
Association_ParietalAslantTractR	dki_md	DIPYDKI	/scratch/grmpy/SLURM_11202541_35/job-11202541-35-sub-92927/ds/inputs/data/qsiprep/qsiprep/sub-92927/ses-1/dwi/sub-92927_ses-1_acq-multiband_dir-AP_space-ACPC_desc-preproc_dwi.nii.gz	0.0	0.0009327200823463	0.000223601295147	0.0008882816182449	0.0009327200823463	0.0008882816182449	0.000223601295147	0.0009033534443005	0.0009033534443005	sub-92927	ses-1		dir-AP	acq-multiband	space-ACPC			DSIStudio	autotrackgqi
Association_ParietalAslantTractR	dki_mk	DIPYDKI	/scratch/grmpy/SLURM_11202541_35/job-11202541-35-sub-92927/ds/inputs/data/qsiprep/qsiprep/sub-92927/ses-1/dwi/sub-92927_ses-1_acq-multiband_dir-AP_space-ACPC_desc-preproc_dwi.nii.gz	0.0001904036557501	0.8260248934870765	0.2475912836116831	0.8080953483964937	0.8261822015985767	0.808337366656137	0.247352284809334	0.9697800904236488	0.9698283008787758	sub-92927	ses-1		dir-AP	acq-multiband	space-ACPC			DSIStudio	autotrackgqi
Association_ParietalAslantTractR	dki_mkt	DIPYDKI	/scratch/grmpy/SLURM_11202541_35/job-11202541-35-sub-92927/ds/inputs/data/qsiprep/qsiprep/sub-92927/ses-1/dwi/sub-92927_ses-1_acq-multiband_dir-AP_space-ACPC_desc-preproc_dwi.nii.gz	0.0	0.8087583391513087	0.2165569414533635	0.8068526024083802	0.8087583391513087	0.8068526024083802	0.2165569414533635	0.9298530644078118	0.9298530644078118	sub-92927	ses-1		dir-AP	acq-multiband	space-ACPC			DSIStudio	autotrackgqi
Association_ParietalAslantTractR	dki_planarity	DIPYDKI	/scratch/grmpy/SLURM_11202541_35/job-11202541-35-sub-92927/ds/inputs/data/qsiprep/qsiprep/sub-92927/ses-1/dwi/sub-92927_ses-1_acq-multiband_dir-AP_space-ACPC_desc-preproc_dwi.nii.gz	0.0	0.1615264415740966	0.1134072989225387	0.1332935988903045	0.1615264415740966	0.1332935988903045	0.1134072989225387	0.1948084682226181	0.1948084682226181	sub-92927	ses-1		dir-AP	acq-multiband	space-ACPC			DSIStudio	autotrackgqi
Association_ParietalAslantTractR	dki_rd	DIPYDKI	/scratch/grmpy/SLURM_11202541_35/job-11202541-35-sub-92927/ds/inputs/data/qsiprep/qsiprep/sub-92927/ses-1/dwi/sub-92927_ses-1_acq-multiband_dir-AP_space-ACPC_desc-preproc_dwi.nii.gz	0.0	0.0007848963141441	0.0002440868702251	0.0007506581023335	0.0007848963141441	0.0007506581023335	0.0002440868702251	0.0007007279200479	0.0007007279200479	sub-92927	ses-1		dir-AP	acq-multiband	space-ACPC			DSIStudio	autotrackgqi
Association_ParietalAslantTractR	dki_rk	DIPYDKI	/scratch/grmpy/SLURM_11202541_35/job-11202541-35-sub-92927/ds/inputs/data/qsiprep/qsiprep/sub-92927/ses-1/dwi/sub-92927_ses-1_acq-multiband_dir-AP_space-ACPC_desc-preproc_dwi.nii.gz	0.0001904036557501	1.0028005946792995	0.467088870093229	0.9091867308296728	1.0029915679405224	0.9092011462488332	0.4669282778479502	1.2837580537170317	1.283821872810464	sub-92927	ses-1		dir-AP	acq-multiband	space-ACPC			DSIStudio	autotrackgqi
Association_ParietalAslantTractR	dki_sphericity	DIPYDKI	/scratch/grmpy/SLURM_11202541_35/job-11202541-35-sub-92927/ds/inputs/data/qsiprep/qsiprep/sub-92927/ses-1/dwi/sub-92927_ses-1_acq-multiband_dir-AP_space-ACPC_desc-preproc_dwi.nii.gz	0.0	0.7161498665809631	0.1631947010755539	0.7420941591262817	0.7161498665809631	0.7420941591262817	0.1631947010755539	0.6289647221565247	0.6289647221565247	sub-92927	ses-1		dir-AP	acq-multiband	space-ACPC			DSIStudio	autotrackgqi
Association_InferiorFrontoOccipitalFasciculusR	dki_ad	DIPYDKI	/scratch/grmpy/SLURM_11202541_35/job-11202541-35-sub-92927/ds/inputs/data/qsiprep/qsiprep/sub-92927/ses-1/dwi/sub-92927_ses-1_acq-multiband_dir-AP_space-ACPC_desc-preproc_dwi.nii.gz	0.0082928562966473	0.0013297225814312	0.0003813730727415	0.0012964241905137	0.0013408419908955	0.0012994415592402	0.0003629770071711	0.0015316162025555	0.0015319425147026	sub-92927	ses-1		dir-AP	acq-multiband	space-ACPC			DSIStudio	autotrackgqi
Association_InferiorFrontoOccipitalFasciculusR	dki_ak	DIPYDKI	/scratch/grmpy/SLURM_11202541_35/job-11202541-35-sub-92927/ds/inputs/data/qsiprep/qsiprep/sub-92927/ses-1/dwi/sub-92927_ses-1_acq-multiband_dir-AP_space-ACPC_desc-preproc_dwi.nii.gz	0.0114915294396398	0.763124539220217	0.1967770440784848	0.7812806323489397	0.7719959534465306	0.7833314756215977	0.1797850044965377	0.7534807189759493	0.7538156786323224	sub-92927	ses-1		dir-AP	acq-multiband	space-ACPC			DSIStudio	autotrackgqi
Association_InferiorFrontoOccipitalFasciculusR	dki_fa	DIPYDKI	/scratch/grmpy/SLURM_11202541_35/job-11202541-35-sub-92927/ds/inputs/data/qsiprep/qsiprep/sub-92927/ses-1/dwi/sub-92927_ses-1_acq-multiband_dir-AP_space-ACPC_desc-preproc_dwi.nii.gz	0.0086482644236464	0.3485510349273681	0.1832887828350067	0.3411470949649811	0.3515917062759399	0.3443224430084228	0.1811595410108566	0.4802358150482178	0.4803403615951538	sub-92927	ses-1		dir-AP	acq-multiband	space-ACPC			DSIStudio	autotrackgqi
Association_InferiorFrontoOccipitalFasciculusR	dki_kfa	DIPYDKI	/scratch/grmpy/SLURM_11202541_35/job-11202541-35-sub-92927/ds/inputs/data/qsiprep/qsiprep/sub-92927/ses-1/dwi/sub-92927_ses-1_acq-multiband_dir-AP_space-ACPC_desc-preproc_dwi.nii.gz	0.0240492832602772	0.4734117984771728	0.1713064908981323	0.468116283416748	0.4850775897502899	0.4725154936313629	0.1562377959489822	0.5413151979446411	0.5426380038261414	sub-92927	ses-1		dir-AP	acq-multiband	space-ACPC			DSIStudio	autotrackgqi
Association_InferiorFrontoOccipitalFasciculusR	dki_linearity	DIPYDKI	/scratch/grmpy/SLURM_11202541_35/job-11202541-35-sub-92927/ds/inputs/data/qsiprep/qsiprep/sub-92927/ses-1/dwi/sub-92927_ses-1_acq-multiband_dir-AP_space-ACPC_desc-preproc_dwi.nii.gz	0.0086482644236464	0.1579241156578064	0.1284085810184478	0.1235526800155639	0.1593018025159835	0.1253162920475006	0.1281137615442276	0.2512380480766296	0.251292735338211	sub-92927	ses-1		dir-AP	acq-multiband	space-ACPC			DSIStudio	autotrackgqi
Association_InferiorFrontoOccipitalFasciculusR	dki_md	DIPYDKI	/scratch/grmpy/SLURM_11202541_35/job-11202541-35-sub-92927/ds/inputs/data/qsiprep/qsiprep/sub-92927/ses-1/dwi/sub-92927_ses-1_acq-multiband_dir-AP_space-ACPC_desc-preproc_dwi.nii.gz	0.0082928562966473	0.0009518801816739	0.0002550600620452	0.0009262168314307	0.0009598399628885	0.0009270672453567	0.0002407477732049	0.0009593360009603	0.0009595403680577	sub-92927	ses-1		dir-AP	acq-multiband	space-ACPC			DSIStudio	autotrackgqi
Association_InferiorFrontoOccipitalFasciculusR	dki_mk	DIPYDKI	/scratch/grmpy/SLURM_11202541_35/job-11202541-35-sub-92927/ds/inputs/data/qsiprep/qsiprep/sub-92927/ses-1/dwi/sub-92927_ses-1_acq-multiband_dir-AP_space-ACPC_desc-preproc_dwi.nii.gz	0.0114915294396398	0.8992714902643272	0.296181791467362	0.9665526956350854	0.9097256291132771	0.9694048432427532	0.2814836647872511	1.0168132546705937	1.0172652788225074	sub-92927	ses-1		dir-AP	acq-multiband	space-ACPC			DSIStudio	autotrackgqi
Association_InferiorFrontoOccipitalFasciculusR	dki_mkt	DIPYDKI	/scratch/grmpy/SLURM_11202541_35/job-11202541-35-sub-92927/ds/inputs/data/qsiprep/qsiprep/sub-92927/ses-1/dwi/sub-92927_ses-1_acq-multiband_dir-AP_space-ACPC_desc-preproc_dwi.nii.gz	0.0082928562966473	0.8769886012136112	0.2653414327081546	0.9403642611356686	0.8843221577880889	0.9421158272593838	0.2539873997378138	0.9507555747030836	0.9509580403266588	sub-92927	ses-1		dir-AP	acq-multiband	space-ACPC			DSIStudio	autotrackgqi
Association_InferiorFrontoOccipitalFasciculusR	dki_planarity	DIPYDKI	/scratch/grmpy/SLURM_11202541_35/job-11202541-35-sub-92927/ds/inputs/data/qsiprep/qsiprep/sub-92927/ses-1/dwi/sub-92927_ses-1_acq-multiband_dir-AP_space-ACPC_desc-preproc_dwi.nii.gz	0.0099514275559767	0.1727555990219116	0.1108293086290359	0.1523195803165435	0.1744920462369918	0.1538318395614624	0.1100163832306861	0.1898822039365768	0.1899460107088089	sub-92927	ses-1		dir-AP	acq-multiband	space-ACPC			DSIStudio	autotrackgqi
Association_InferiorFrontoOccipitalFasciculusR	dki_rd	DIPYDKI	/scratch/grmpy/SLURM_11202541_35/job-11202541-35-sub-92927/ds/inputs/data/qsiprep/qsiprep/sub-92927/ses-1/dwi/sub-92927_ses-1_acq-multiband_dir-AP_space-ACPC_desc-preproc_dwi.nii.gz	0.0082928562966473	0.000762959010899	0.0002666322980076	0.0007381426985375	0.0007693390361964	0.000739756564144	0.0002584160829428	0.0006731959292665	0.0006733392947353	sub-92927	ses-1		dir-AP	acq-multiband	space-ACPC			DSIStudio	autotrackgqi
Association_InferiorFrontoOccipitalFasciculusR	dki_rk	DIPYDKI	/scratch/grmpy/SLURM_11202541_35/job-11202541-35-sub-92927/ds/inputs/data/qsiprep/qsiprep/sub-92927/ses-1/dwi/sub-92927_ses-1_acq-multiband_dir-AP_space-ACPC_desc-preproc_dwi.nii.gz	0.0114915294396398	1.1391837233286362	0.5818875907533166	1.1451835691518404	1.1524268706396237	1.1509474655628409	0.5720730684275285	1.547151154143533	1.5478389404591466	sub-92927	ses-1		dir-AP	acq-multiband	space-ACPC			DSIStudio	autotrackgqi
Association_InferiorFrontoOccipitalFasciculusR	dki_sphericity	DIPYDKI	/scratch/grmpy/SLURM_11202541_35/job-11202541-35-sub-92927/ds/inputs/data/qsiprep/qsiprep/sub-92927/ses-1/dwi/sub-92927_ses-1_acq-multiband_dir-AP_space-ACPC_desc-preproc_dwi.nii.gz	0.0082928562966473	0.6610274910926819	0.1804677546024322	0.6735587120056152	0.6665551066398621	0.6755777597427368	0.1707526892423629	0.5586668252944946	0.5587858557701111	sub-92927	ses-1		dir-AP	acq-multiband	space-ACPC			DSIStudio	autotrackgqi
Association_VerticalOccipitalFasciculusL	dki_ad	DIPYDKI	/scratch/grmpy/SLURM_11202541_35/job-11202541-35-sub-92927/ds/inputs/data/qsiprep/qsiprep/sub-92927/ses-1/dwi/sub-92927_ses-1_acq-multiband_dir-AP_space-ACPC_desc-preproc_dwi.nii.gz	0.0232277526395173	0.0011828347342088	0.000306948844809	0.0011653148103505	0.001210962771438	0.0011718310415744	0.0002497922978363	0.0012526910286396	0.0012594335712492	sub-92927	ses-1		dir-AP	acq-multiband	space-ACPC			DSIStudio	autotrackgqi
Association_VerticalOccipitalFasciculusL	dki_ak	DIPYDKI	/scratch/grmpy/SLURM_11202541_35/job-11202541-35-sub-92927/ds/inputs/data/qsiprep/qsiprep/sub-92927/ses-1/dwi/sub-92927_ses-1_acq-multiband_dir-AP_space-ACPC_desc-preproc_dwi.nii.gz	0.0241327300150829	0.7628299490717951	0.1975619997193937	0.7830457032161999	0.7816943682142198	0.7878052963395007	0.1589016838218069	0.7996819225318618	0.8043293010687337	sub-92927	ses-1		dir-AP	acq-multiband	space-ACPC			DSIStudio	autotrackgqi
Association_VerticalOccipitalFasciculusL	dki_fa	DIPYDKI	/scratch/grmpy/SLURM_11202541_35/job-11202541-35-sub-92927/ds/inputs/data/qsiprep/qsiprep/sub-92927/ses-1/dwi/sub-92927_ses-1_acq-multiband_dir-AP_space-ACPC_desc-preproc_dwi.nii.gz	0.0232277526395173	0.2928206920623779	0.1660045832395553	0.2745223045349121	0.2997840046882629	0.2837819755077362	0.1616334021091461	0.3624159097671509	0.3643666505813598	sub-92927	ses-1		dir-AP	acq-multiband	space-ACPC			DSIStudio	autotrackgqi
Association_VerticalOccipitalFasciculusL	dki_kfa	DIPYDKI	/scratch/grmpy/SLURM_11202541_35/job-11202541-35-sub-92927/ds/inputs/data/qsiprep/qsiprep/sub-92927/ses-1/dwi/sub-92927_ses-1_acq-multiband_dir-AP_space-ACPC_desc-preproc_dwi.nii.gz	0.0343891402714932	0.4205531179904938	0.1690693646669387	0.4131192862987518	0.4355306327342987	0.4186474680900574	0.1519186496734619	0.4192992746829986	0.4246982336044311	sub-92927	ses-1		dir-AP	acq-multiband	space-ACPC			DSIStudio	autotrackgqi
Association_VerticalOccipitalFasciculusL	dki_linearity	DIPYDKI	/scratch/grmpy/SLURM_11202541_35/job-11202541-35-sub-92927/ds/inputs/data/qsiprep/qsiprep/sub-92927/ses-1/dwi/sub-92927_ses-1_acq-multiband_dir-AP_space-ACPC_desc-preproc_dwi.nii.gz	0.0232277526395173	0.123694896697998	0.0993152111768722	0.0948891937732696	0.1266363710165023	0.0985365957021713	0.0986183062195777	0.1623230576515197	0.1631967574357986	sub-92927	ses-1		dir-AP	acq-multiband	space-ACPC			DSIStudio	autotrackgqi
Association_VerticalOccipitalFasciculusL	dki_md	DIPYDKI	/scratch/grmpy/SLURM_11202541_35/job-11202541-35-sub-92927/ds/inputs/data/qsiprep/qsiprep/sub-92927/ses-1/dwi/sub-92927_ses-1_acq-multiband_dir-AP_space-ACPC_desc-preproc_dwi.nii.gz	0.0232277526395173	0.0008913736091926	0.0002126999606844	0.0008836861234158	0.0009125706274062	0.0008859512745402	0.0001642357965465	0.0008862121612764	0.000890982337296	sub-92927	ses-1		dir-AP	acq-multiband	space-ACPC			DSIStudio	autotrackgqi
Association_VerticalOccipitalFasciculusL	dki_mk	DIPYDKI	/scratch/grmpy/SLURM_11202541_35/job-11202541-35-sub-92927/ds/inputs/data/qsiprep/qsiprep/sub-92927/ses-1/dwi/sub-92927_ses-1_acq-multiband_dir-AP_space-ACPC_desc-preproc_dwi.nii.gz	0.0241327300150829	0.8598978317007894	0.3136745239306382	0.9219230366860444	0.8811626930720607	0.932043343782608	0.2865084365594469	1.004613372977345	1.0104517174510674	sub-92927	ses-1		dir-AP	acq-multiband	space-ACPC			DSIStudio	autotrackgqi
Association_VerticalOccipitalFasciculusL	dki_mkt	DIPYDKI	/scratch/grmpy/SLURM_11202541_35/job-11202541-35-sub-92927/ds/inputs/data/qsiprep/qsiprep/sub-92927/ses-1/dwi/sub-92927_ses-1_acq-multiband_dir-AP_space-ACPC_desc-preproc_dwi.nii.gz	0.0232277526395173	0.8506890265680571	0.2764856045373107	0.9135298210312724	0.8709185061992307	0.9225669300767824	0.2462598526730412	0.9778091844964548	0.9830723046596468	sub-92927	ses-1		dir-AP	acq-multiband	space-ACPC			DSIStudio	autotrackgqi
Association_VerticalOccipitalFasciculusL	dki_planarity	DIPYDKI	/scratch/grmpy/SLURM_11202541_35/job-11202541-35-sub-92927/ds/inputs/data/qsiprep/qsiprep/sub-92927/ses-1/dwi/sub-92927_ses-1_acq-multiband_dir-AP_space-ACPC_desc-preproc_dwi.nii.gz	0.0232277526395173	0.1561868786811828	0.1039003729820251	0.1368861049413681	0.1599010229110717	0.1402796804904937	0.1022648736834526	0.1778286844491958	0.1787858605384826	sub-92927	ses-1		dir-AP	acq-multiband	space-ACPC			DSIStudio	autotrackgqi
Association_VerticalOccipitalFasciculusL	dki_rd	DIPYDKI	/scratch/grmpy/SLURM_11202541_35/job-11202541-35-sub-92927/ds/inputs/data/qsiprep/qsiprep/sub-92927/ses-1/dwi/sub-92927_ses-1_acq-multiband_dir-AP_space-ACPC_desc-preproc_dwi.nii.gz	0.0232277526395173	0.0007456429884769	0.0002210311358794	0.00073545682244	0.000763374438975	0.0007389759994111	0.0001909994171001	0.000702972873114	0.0007067566621117	sub-92927	ses-1		dir-AP	acq-multiband	space-ACPC			DSIStudio	autotrackgqi
Association_VerticalOccipitalFasciculusL	dki_rk	DIPYDKI	/scratch/grmpy/SLURM_11202541_35/job-11202541-35-sub-92927/ds/inputs/data/qsiprep/qsiprep/sub-92927/ses-1/dwi/sub-92927_ses-1_acq-multiband_dir-AP_space-ACPC_desc-preproc_dwi.nii.gz	0.0241327300150829	1.0140906118598474	0.5034193474358182	1.0276907473227093	1.0391685868053768	1.0461272460476647	0.4833611732077366	1.2429720127752648	1.2501955864807504	sub-92927	ses-1		dir-AP	acq-multiband	space-ACPC			DSIStudio	autotrackgqi
Association_VerticalOccipitalFasciculusL	dki_sphericity	DIPYDKI	/scratch/grmpy/SLURM_11202541_35/job-11202541-35-sub-92927/ds/inputs/data/qsiprep/qsiprep/sub-92927/ses-1/dwi/sub-92927_ses-1_acq-multiband_dir-AP_space-ACPC_desc-preproc_dwi.nii.gz	0.0232277526395173	0.6968904733657837	0.1875614076852798	0.7238026261329651	0.7134625911712646	0.7310434579849243	0.1555385738611221	0.6544944047927856	0.6580172777175903	sub-92927	ses-1		dir-AP	acq-multiband	space-ACPC			DSIStudio	autotrackgqi
ProjectionBrainstem_CorticopontineTractR	dki_ad	DIPYDKI	/scratch/grmpy/SLURM_11202541_35/job-11202541-35-sub-92927/ds/inputs/data/qsiprep/qsiprep/sub-92927/ses-1/dwi/sub-92927_ses-1_acq-multiband_dir-AP_space-ACPC_desc-preproc_dwi.nii.gz	0.0	0.0014488620217889	0.0004584074195008	0.0013720183633267	0.0014488620217889	0.0013720183633267	0.0004584074195008	0.0015392577042803	0.0015392577042803	sub-92927	ses-1		dir-AP	acq-multiband	space-ACPC			DSIStudio	autotrackgqi
ProjectionBrainstem_CorticopontineTractR	dki_ak	DIPYDKI	/scratch/grmpy/SLURM_11202541_35/job-11202541-35-sub-92927/ds/inputs/data/qsiprep/qsiprep/sub-92927/ses-1/dwi/sub-92927_ses-1_acq-multiband_dir-AP_space-ACPC_desc-preproc_dwi.nii.gz	0.0001150350857011	0.8202693133981319	0.1801108007580477	0.8025083199627273	0.8203636840048275	0.8025339264419484	0.1799061268751105	0.8211501309719494	0.8212381911136795	sub-92927	ses-1		dir-AP	acq-multiband	space-ACPC			DSIStudio	autotrackgqi
ProjectionBrainstem_CorticopontineTractR	dki_fa	DIPYDKI	/scratch/grmpy/SLURM_11202541_35/job-11202541-35-sub-92927/ds/inputs/data/qsiprep/qsiprep/sub-92927/ses-1/dwi/sub-92927_ses-1_acq-multiband_dir-AP_space-ACPC_desc-preproc_dwi.nii.gz	0.0	0.4286466240882873	0.1788676232099533	0.4283390939235687	0.4286466240882873	0.4283390939235687	0.1788676232099533	0.5234842300415039	0.5234842300415039	sub-92927	ses-1		dir-AP	acq-multiband	space-ACPC			DSIStudio	autotrackgqi
ProjectionBrainstem_CorticopontineTractR	dki_kfa	DIPYDKI	/scratch/grmpy/SLURM_11202541_35/job-11202541-35-sub-92927/ds/inputs/data/qsiprep/qsiprep/sub-92927/ses-1/dwi/sub-92927_ses-1_acq-multiband_dir-AP_space-ACPC_desc-preproc_dwi.nii.gz	0.0016104911998159	0.5095101594924927	0.1497401148080825	0.5133369565010071	0.5103320479393005	0.513748049736023	0.1484548151493072	0.557608962059021	0.5577462911605835	sub-92927	ses-1		dir-AP	acq-multiband	space-ACPC			DSIStudio	autotrackgqi
ProjectionBrainstem_CorticopontineTractR	dki_linearity	DIPYDKI	/scratch/grmpy/SLURM_11202541_35/job-11202541-35-sub-92927/ds/inputs/data/qsiprep/qsiprep/sub-92927/ses-1/dwi/sub-92927_ses-1_acq-multiband_dir-AP_space-ACPC_desc-preproc_dwi.nii.gz	0.0	0.2079490423202514	0.1353567242622375	0.1841640472412109	0.2079490423202514	0.1841640472412109	0.1353567242622375	0.2756607830524444	0.2756607830524444	sub-92927	ses-1		dir-AP	acq-multiband	space-ACPC			DSIStudio	autotrackgqi
ProjectionBrainstem_CorticopontineTractR	dki_md	DIPYDKI	/scratch/grmpy/SLURM_11202541_35/job-11202541-35-sub-92927/ds/inputs/data/qsiprep/qsiprep/sub-92927/ses-1/dwi/sub-92927_ses-1_acq-multiband_dir-AP_space-ACPC_desc-preproc_dwi.nii.gz	0.0	0.0009709552978165	0.0003545863437466	0.0009000579593703	0.0009709552978165	0.0009000579593703	0.0003545863437466	0.0009343097335658	0.0009343097335658	sub-92927	ses-1		dir-AP	acq-multiband	space-ACPC			DSIStudio	autotrackgqi
ProjectionBrainstem_CorticopontineTractR	dki_mk	DIPYDKI	/scratch/grmpy/SLURM_11202541_35/job-11202541-35-sub-92927/ds/inputs/data/qsiprep/qsiprep/sub-92927/ses-1/dwi/sub-92927_ses-1_acq-multiband_dir-AP_space-ACPC_desc-preproc_dwi.nii.gz	0.0001150350857011	1.0449528654592195	0.2563248514391823	1.090878456347773	1.0450730855311778	1.090884269492005	0.2560944155149116	1.132664365207694	1.1327858322873685	sub-92927	ses-1		dir-AP	acq-multiband	space-ACPC			DSIStudio	autotrackgqi
ProjectionBrainstem_CorticopontineTractR	dki_mkt	DIPYDKI	/scratch/grmpy/SLURM_11202541_35/job-11202541-35-sub-92927/ds/inputs/data/qsiprep/qsiprep/sub-92927/ses-1/dwi/sub-92927_ses-1_acq-multiband_dir-AP_space-ACPC_desc-preproc_dwi.nii.gz	0.0	1.0180120825090424	0.2025251803293148	1.049563751539724	1.0180120825090424	1.049563751539724	0.2025251803293148	1.1084346301015249	1.1084346301015249	sub-92927	ses-1		dir-AP	acq-multiband	space-ACPC			DSIStudio	autotrackgqi
ProjectionBrainstem_CorticopontineTractR	dki_planarity	DIPYDKI	/scratch/grmpy/SLURM_11202541_35/job-11202541-35-sub-92927/ds/inputs/data/qsiprep/qsiprep/sub-92927/ses-1/dwi/sub-92927_ses-1_acq-multiband_dir-AP_space-ACPC_desc-preproc_dwi.nii.gz	0.0	0.1966203898191452	0.1124844923615455	0.1811937540769577	0.1966203898191452	0.1811937540769577	0.1124844923615455	0.219339445233345	0.219339445233345	sub-92927	ses-1		dir-AP	acq-multiband	space-ACPC			DSIStudio	autotrackgqi
ProjectionBrainstem_CorticopontineTractR	dki_rd	DIPYDKI	/scratch/grmpy/SLURM_11202541_35/job-11202541-35-sub-92927/ds/inputs/data/qsiprep/qsiprep/sub-92927/ses-1/dwi/sub-92927_ses-1_acq-multiband_dir-AP_space-ACPC_desc-preproc_dwi.nii.gz	0.0	0.0007320020813494	0.0003628249687608	0.0006744999554939	0.0007320020813494	0.0006744999554939	0.0003628249687608	0.0006318357191048	0.0006318357191048	sub-92927	ses-1		dir-AP	acq-multiband	space-ACPC			DSIStudio	autotrackgqi
ProjectionBrainstem_CorticopontineTractR	dki_rk	DIPYDKI	/scratch/grmpy/SLURM_11202541_35/job-11202541-35-sub-92927/ds/inputs/data/qsiprep/qsiprep/sub-92927/ses-1/dwi/sub-92927_ses-1_acq-multiband_dir-AP_space-ACPC_desc-preproc_dwi.nii.gz	0.0001150350857011	1.3882801803435458	0.5693948580568955	1.3842261108219345	1.3884398996463925	1.384226889556886	0.5692328553437223	1.5868182029348787	1.5869883734047707	sub-92927	ses-1		dir-AP	acq-multiband	space-ACPC			DSIStudio	autotrackgqi
ProjectionBrainstem_CorticopontineTractR	dki_sphericity	DIPYDKI	/scratch/grmpy/SLURM_11202541_35/job-11202541-35-sub-92927/ds/inputs/data/qsiprep/qsiprep/sub-92927/ses-1/dwi/sub-92927_ses-1_acq-multiband_dir-AP_space-ACPC_desc-preproc_dwi.nii.gz	0.0	0.5954305529594421	0.1728047728538513	0.59413743019104	0.5954305529594421	0.59413743019104	0.1728047728538513	0.5049997568130493	0.5049997568130493	sub-92927	ses-1		dir-AP	acq-multiband	space-ACPC			DSIStudio	autotrackgqi
ProjectionBasalGanglia_FasciculusLenticularisR	dki_ad	DIPYDKI	/scratch/grmpy/SLURM_11202541_35/job-11202541-35-sub-92927/ds/inputs/data/qsiprep/qsiprep/sub-92927/ses-1/dwi/sub-92927_ses-1_acq-multiband_dir-AP_space-ACPC_desc-preproc_dwi.nii.gz	0.0	0.0015592077979817	0.0009609334520064	0.0012642820365726	0.0015592077979817	0.0012642820365726	0.0009609334520064	0.0014949711039662	0.0014949711039662	sub-92927	ses-1		dir-AP	acq-multiband	space-ACPC			DSIStudio	autotrackgqi
ProjectionBasalGanglia_FasciculusLenticularisR	dki_ak	DIPYDKI	/scratch/grmpy/SLURM_11202541_35/job-11202541-35-sub-92927/ds/inputs/data/qsiprep/qsiprep/sub-92927/ses-1/dwi/sub-92927_ses-1_acq-multiband_dir-AP_space-ACPC_desc-preproc_dwi.nii.gz	0.0	0.7764567440054473	0.1739901916420941	0.7748768866822126	0.7764567440054473	0.7748768866822126	0.1739901916420941	0.7700191547752184	0.7700191547752184	sub-92927	ses-1		dir-AP	acq-multiband	space-ACPC			DSIStudio	autotrackgqi
ProjectionBasalGanglia_FasciculusLenticularisR	dki_fa	DIPYDKI	/scratch/grmpy/SLURM_11202541_35/job-11202541-35-sub-92927/ds/inputs/data/qsiprep/qsiprep/sub-92927/ses-1/dwi/sub-92927_ses-1_acq-multiband_dir-AP_space-ACPC_desc-preproc_dwi.nii.gz	0.0	0.3015123903751373	0.1128785535693168	0.28655806183815	0.3015123903751373	0.28655806183815	0.1128785535693168	0.2904764413833618	0.2904764413833618	sub-92927	ses-1		dir-AP	acq-multiband	space-ACPC			DSIStudio	autotrackgqi
ProjectionBasalGanglia_FasciculusLenticularisR	dki_kfa	DIPYDKI	/scratch/grmpy/SLURM_11202541_35/job-11202541-35-sub-92927/ds/inputs/data/qsiprep/qsiprep/sub-92927/ses-1/dwi/sub-92927_ses-1_acq-multiband_dir-AP_space-ACPC_desc-preproc_dwi.nii.gz	0.0072289156626506	0.4686875641345978	0.174716368317604	0.4681533873081207	0.4721003472805023	0.4686842560768127	0.1706953793764114	0.4584355354309082	0.4634712636470794	sub-92927	ses-1		dir-AP	acq-multiband	space-ACPC			DSIStudio	autotrackgqi
ProjectionBasalGanglia_FasciculusLenticularisR	dki_linearity	DIPYDKI	/scratch/grmpy/SLURM_11202541_35/job-11202541-35-sub-92927/ds/inputs/data/qsiprep/qsiprep/sub-92927/ses-1/dwi/sub-92927_ses-1_acq-multiband_dir-AP_space-ACPC_desc-preproc_dwi.nii.gz	0.0	0.1198723465204238	0.0806243419647216	0.1049792170524597	0.1198723465204238	0.1049792170524597	0.0806243419647216	0.1117867305874824	0.1117867305874824	sub-92927	ses-1		dir-AP	acq-multiband	space-ACPC			DSIStudio	autotrackgqi
ProjectionBasalGanglia_FasciculusLenticularisR	dki_md	DIPYDKI	/scratch/grmpy/SLURM_11202541_35/job-11202541-35-sub-92927/ds/inputs/data/qsiprep/qsiprep/sub-92927/ses-1/dwi/sub-92927_ses-1_acq-multiband_dir-AP_space-ACPC_desc-preproc_dwi.nii.gz	0.0	0.0011937530944123	0.0007884711376391	0.000943349325098	0.0011937530944123	0.000943349325098	0.0007884711376391	0.0011522201821208	0.0011522201821208	sub-92927	ses-1		dir-AP	acq-multiband	space-ACPC			DSIStudio	autotrackgqi
ProjectionBasalGanglia_FasciculusLenticularisR	dki_mk	DIPYDKI	/scratch/grmpy/SLURM_11202541_35/job-11202541-35-sub-92927/ds/inputs/data/qsiprep/qsiprep/sub-92927/ses-1/dwi/sub-92927_ses-1_acq-multiband_dir-AP_space-ACPC_desc-preproc_dwi.nii.gz	0.0	0.7919850613383601	0.2301331807104327	0.8184984643621689	0.7919850613383601	0.8184984643621689	0.2301331807104327	0.7933951822301708	0.7933951822301708	sub-92927	ses-1		dir-AP	acq-multiband	space-ACPC			DSIStudio	autotrackgqi
ProjectionBasalGanglia_FasciculusLenticularisR	dki_mkt	DIPYDKI	/scratch/grmpy/SLURM_11202541_35/job-11202541-35-sub-92927/ds/inputs/data/qsiprep/qsiprep/sub-92927/ses-1/dwi/sub-92927_ses-1_acq-multiband_dir-AP_space-ACPC_desc-preproc_dwi.nii.gz	0.0	0.8139946149407835	0.1994186378400989	0.8359242966750591	0.8139946149407835	0.8359242966750591	0.1994186378400989	0.8112481017749571	0.8112481017749571	sub-92927	ses-1		dir-AP	acq-multiband	space-ACPC			DSIStudio	autotrackgqi
ProjectionBasalGanglia_FasciculusLenticularisR	dki_planarity	DIPYDKI	/scratch/grmpy/SLURM_11202541_35/job-11202541-35-sub-92927/ds/inputs/data/qsiprep/qsiprep/sub-92927/ses-1/dwi/sub-92927_ses-1_acq-multiband_dir-AP_space-ACPC_desc-preproc_dwi.nii.gz	0.0	0.1694630086421966	0.0861772373318672	0.1596660017967224	0.1694630086421966	0.1596660017967224	0.0861772373318672	0.1705716848373413	0.1705716848373413	sub-92927	ses-1		dir-AP	acq-multiband	space-ACPC			DSIStudio	autotrackgqi
ProjectionBasalGanglia_FasciculusLenticularisR	dki_rd	DIPYDKI	/scratch/grmpy/SLURM_11202541_35/job-11202541-35-sub-92927/ds/inputs/data/qsiprep/qsiprep/sub-92927/ses-1/dwi/sub-92927_ses-1_acq-multiband_dir-AP_space-ACPC_desc-preproc_dwi.nii.gz	0.0	0.001011025859043	0.0007174607017077	0.000791915517766	0.001011025859043	0.000791915517766	0.0007174607017077	0.000980844721198	0.000980844721198	sub-92927	ses-1		dir-AP	acq-multiband	space-ACPC			DSIStudio	autotrackgqi
ProjectionBasalGanglia_FasciculusLenticularisR	dki_rk	DIPYDKI	/scratch/grmpy/SLURM_11202541_35/job-11202541-35-sub-92927/ds/inputs/data/qsiprep/qsiprep/sub-92927/ses-1/dwi/sub-92927_ses-1_acq-multiband_dir-AP_space-ACPC_desc-preproc_dwi.nii.gz	0.0	0.8354962259971137	0.3768656959728285	0.856174017791535	0.8354962259971137	0.856174017791535	0.3768656959728285	0.8352379049232728	0.8352379049232728	sub-92927	ses-1		dir-AP	acq-multiband	space-ACPC			DSIStudio	autotrackgqi
ProjectionBasalGanglia_FasciculusLenticularisR	dki_sphericity	DIPYDKI	/scratch/grmpy/SLURM_11202541_35/job-11202541-35-sub-92927/ds/inputs/data/qsiprep/qsiprep/sub-92927/ses-1/dwi/sub-92927_ses-1_acq-multiband_dir-AP_space-ACPC_desc-preproc_dwi.nii.gz	0.0	0.710664689540863	0.1073619052767753	0.7225316762924194	0.710664689540863	0.7225316762924194	0.1073619052767753	0.7176415920257568	0.7176415920257568	sub-92927	ses-1		dir-AP	acq-multiband	space-ACPC			DSIStudio	autotrackgqi
ProjectionBrainstem_DentatorubrothalamicTract-lr	dki_ad	DIPYDKI	/scratch/grmpy/SLURM_11202541_35/job-11202541-35-sub-92927/ds/inputs/data/qsiprep/qsiprep/sub-92927/ses-1/dwi/sub-92927_ses-1_acq-multiband_dir-AP_space-ACPC_desc-preproc_dwi.nii.gz	0.0	0.0013651802437379	0.0002764715172816	0.0013181089889258	0.0013651802437379	0.0013181089889258	0.0002764715172816	0.0014104403089731	0.0014104403089731	sub-92927	ses-1		dir-AP	acq-multiband	space-ACPC			DSIStudio	autotrackgqi
ProjectionBrainstem_DentatorubrothalamicTract-lr	dki_ak	DIPYDKI	/scratch/grmpy/SLURM_11202541_35/job-11202541-35-sub-92927/ds/inputs/data/qsiprep/qsiprep/sub-92927/ses-1/dwi/sub-92927_ses-1_acq-multiband_dir-AP_space-ACPC_desc-preproc_dwi.nii.gz	0.0064724919093851	0.8884142247696614	0.1928056895838807	0.8767449773995966	0.8942019395890076	0.8786169933353617	0.1795573007023513	0.8875439712462423	0.890698985844355	sub-92927	ses-1		dir-AP	acq-multiband	space-ACPC			DSIStudio	autotrackgqi
ProjectionBrainstem_DentatorubrothalamicTract-lr	dki_fa	DIPYDKI	/scratch/grmpy/SLURM_11202541_35/job-11202541-35-sub-92927/ds/inputs/data/qsiprep/qsiprep/sub-92927/ses-1/dwi/sub-92927_ses-1_acq-multiband_dir-AP_space-ACPC_desc-preproc_dwi.nii.gz	0.0	0.4928760230541229	0.1711762398481369	0.4807044565677643	0.4928760230541229	0.4807044565677643	0.1711762398481369	0.5165828466415405	0.5165828466415405	sub-92927	ses-1		dir-AP	acq-multiband	space-ACPC			DSIStudio	autotrackgqi
ProjectionBrainstem_DentatorubrothalamicTract-lr	dki_kfa	DIPYDKI	/scratch/grmpy/SLURM_11202541_35/job-11202541-35-sub-92927/ds/inputs/data/qsiprep/qsiprep/sub-92927/ses-1/dwi/sub-92927_ses-1_acq-multiband_dir-AP_space-ACPC_desc-preproc_dwi.nii.gz	0.0	0.5819241404533386	0.1392589509487152	0.5725448131561279	0.5819241404533386	0.5725448131561279	0.1392589509487152	0.5934679508209229	0.5934679508209229	sub-92927	ses-1		dir-AP	acq-multiband	space-ACPC			DSIStudio	autotrackgqi
ProjectionBrainstem_DentatorubrothalamicTract-lr	dki_linearity	DIPYDKI	/scratch/grmpy/SLURM_11202541_35/job-11202541-35-sub-92927/ds/inputs/data/qsiprep/qsiprep/sub-92927/ses-1/dwi/sub-92927_ses-1_acq-multiband_dir-AP_space-ACPC_desc-preproc_dwi.nii.gz	0.0	0.2403151094913482	0.1534246057271957	0.2022162526845932	0.2403151094913482	0.2022162526845932	0.1534246057271957	0.2636068761348724	0.2636068761348724	sub-92927	ses-1		dir-AP	acq-multiband	space-ACPC			DSIStudio	autotrackgqi
ProjectionBrainstem_DentatorubrothalamicTract-lr	dki_md	DIPYDKI	/scratch/grmpy/SLURM_11202541_35/job-11202541-35-sub-92927/ds/inputs/data/qsiprep/qsiprep/sub-92927/ses-1/dwi/sub-92927_ses-1_acq-multiband_dir-AP_space-ACPC_desc-preproc_dwi.nii.gz	0.0	0.0008559737470932	9.30793976294808e-05	0.0008569887140765	0.0008559737470932	0.0008569887140765	9.30793976294808e-05	0.0008589286589995	0.0008589286589995	sub-92927	ses-1		dir-AP	acq-multiband	space-ACPC			DSIStudio	autotrackgqi
ProjectionBrainstem_DentatorubrothalamicTract-lr	dki_mk	DIPYDKI	/scratch/grmpy/SLURM_11202541_35/job-11202541-35-sub-92927/ds/inputs/data/qsiprep/qsiprep/sub-92927/ses-1/dwi/sub-92927_ses-1_acq-multiband_dir-AP_space-ACPC_desc-preproc_dwi.nii.gz	0.0064724919093851	1.1171098702922193	0.3101890596856011	1.161668790016574	1.1243874590237648	1.1633979256339797	0.2977603830942451	1.1425499347123862	1.1466114377244456	sub-92927	ses-1		dir-AP	acq-multiband	space-ACPC			DSIStudio	autotrackgqi
ProjectionBrainstem_DentatorubrothalamicTract-lr	dki_mkt	DIPYDKI	/scratch/grmpy/SLURM_11202541_35/job-11202541-35-sub-92927/ds/inputs/data/qsiprep/qsiprep/sub-92927/ses-1/dwi/sub-92927_ses-1_acq-multiband_dir-AP_space-ACPC_desc-preproc_dwi.nii.gz	0.0	1.1224853452012515	0.1760429100290473	1.1572940034774033	1.1224853452012515	1.1572940034774033	0.1760429100290473	1.1367588395376234	1.1367588395376234	sub-92927	ses-1		dir-AP	acq-multiband	space-ACPC			DSIStudio	autotrackgqi
ProjectionBrainstem_DentatorubrothalamicTract-lr	dki_planarity	DIPYDKI	/scratch/grmpy/SLURM_11202541_35/job-11202541-35-sub-92927/ds/inputs/data/qsiprep/qsiprep/sub-92927/ses-1/dwi/sub-92927_ses-1_acq-multiband_dir-AP_space-ACPC_desc-preproc_dwi.nii.gz	0.0	0.2377388477325439	0.1483712494373321	0.2091480195522308	0.2377388477325439	0.2091480195522308	0.1483712494373321	0.2331146299839019	0.2331146299839019	sub-92927	ses-1		dir-AP	acq-multiband	space-ACPC			DSIStudio	autotrackgqi
ProjectionBrainstem_DentatorubrothalamicTract-lr	dki_rd	DIPYDKI	/scratch/grmpy/SLURM_11202541_35/job-11202541-35-sub-92927/ds/inputs/data/qsiprep/qsiprep/sub-92927/ses-1/dwi/sub-92927_ses-1_acq-multiband_dir-AP_space-ACPC_desc-preproc_dwi.nii.gz	0.0	0.0006013703532516	0.0001491095608798	0.0006229206337593	0.0006013703532516	0.0006229206337593	0.0001491095608798	0.0005831727758049	0.0005831727758049	sub-92927	ses-1		dir-AP	acq-multiband	space-ACPC			DSIStudio	autotrackgqi
ProjectionBrainstem_DentatorubrothalamicTract-lr	dki_rk	DIPYDKI	/scratch/grmpy/SLURM_11202541_35/job-11202541-35-sub-92927/ds/inputs/data/qsiprep/qsiprep/sub-92927/ses-1/dwi/sub-92927_ses-1_acq-multiband_dir-AP_space-ACPC_desc-preproc_dwi.nii.gz	0.0064724919093851	1.4744772095359329	0.7700940640282791	1.4876425903337722	1.4840829242560367	1.4898686568182518	0.7633168901175462	1.5570087049737211	1.5625435146153566	sub-92927	ses-1		dir-AP	acq-multiband	space-ACPC			DSIStudio	autotrackgqi
ProjectionBrainstem_DentatorubrothalamicTract-lr	dki_sphericity	DIPYDKI	/scratch/grmpy/SLURM_11202541_35/job-11202541-35-sub-92927/ds/inputs/data/qsiprep/qsiprep/sub-92927/ses-1/dwi/sub-92927_ses-1_acq-multiband_dir-AP_space-ACPC_desc-preproc_dwi.nii.gz	0.0	0.5219460129737854	0.1770149022340774	0.5371188521385193	0.5219460129737854	0.5371188521385193	0.1770149022340774	0.5032784938812256	0.5032784938812256	sub-92927	ses-1		dir-AP	acq-multiband	space-ACPC			DSIStudio	autotrackgqi
ProjectionBasalGanglia_AcousticRadiationL	dki_ad	DIPYDKI	/scratch/grmpy/SLURM_11202541_35/job-11202541-35-sub-92927/ds/inputs/data/qsiprep/qsiprep/sub-92927/ses-1/dwi/sub-92927_ses-1_acq-multiband_dir-AP_space-ACPC_desc-preproc_dwi.nii.gz	0.0	0.0018367002485319	0.0011027180589735	0.001511514885351	0.0018367002485319	0.001511514885351	0.0011027180589735	0.0019354891264811	0.0019354891264811	sub-92927	ses-1		dir-AP	acq-multiband	space-ACPC			DSIStudio	autotrackgqi
ProjectionBasalGanglia_AcousticRadiationL	dki_ak	DIPYDKI	/scratch/grmpy/SLURM_11202541_35/job-11202541-35-sub-92927/ds/inputs/data/qsiprep/qsiprep/sub-92927/ses-1/dwi/sub-92927_ses-1_acq-multiband_dir-AP_space-ACPC_desc-preproc_dwi.nii.gz	0.0	0.7316396898773414	0.1692758337381292	0.7266504332242788	0.7316396898773414	0.7266504332242788	0.1692758337381292	0.7118809813446062	0.7118809813446062	sub-92927	ses-1		dir-AP	acq-multiband	space-ACPC			DSIStudio	autotrackgqi
ProjectionBasalGanglia_AcousticRadiationL	dki_fa	DIPYDKI	/scratch/grmpy/SLURM_11202541_35/job-11202541-35-sub-92927/ds/inputs/data/qsiprep/qsiprep/sub-92927/ses-1/dwi/sub-92927_ses-1_acq-multiband_dir-AP_space-ACPC_desc-preproc_dwi.nii.gz	0.0	0.3780895471572876	0.1832008063793182	0.3485301434993744	0.3780895471572876	0.3485301434993744	0.1832008063793182	0.4230597913265228	0.4230597913265228	sub-92927	ses-1		dir-AP	acq-multiband	space-ACPC			DSIStudio	autotrackgqi
ProjectionBasalGanglia_AcousticRadiationL	dki_kfa	DIPYDKI	/scratch/grmpy/SLURM_11202541_35/job-11202541-35-sub-92927/ds/inputs/data/qsiprep/qsiprep/sub-92927/ses-1/dwi/sub-92927_ses-1_acq-multiband_dir-AP_space-ACPC_desc-preproc_dwi.nii.gz	0.0008956560680698	0.4667072296142578	0.1827649921178817	0.4788098931312561	0.4671255946159363	0.4791326820850372	0.1823116689920425	0.4772120118141174	0.4772404730319977	sub-92927	ses-1		dir-AP	acq-multiband	space-ACPC			DSIStudio	autotrackgqi
ProjectionBasalGanglia_AcousticRadiationL	dki_linearity	DIPYDKI	/scratch/grmpy/SLURM_11202541_35/job-11202541-35-sub-92927/ds/inputs/data/qsiprep/qsiprep/sub-92927/ses-1/dwi/sub-92927_ses-1_acq-multiband_dir-AP_space-ACPC_desc-preproc_dwi.nii.gz	0.0	0.1813559979200363	0.1329275071620941	0.1439172178506851	0.1813559979200363	0.1439172178506851	0.1329275071620941	0.2087592929601669	0.2087592929601669	sub-92927	ses-1		dir-AP	acq-multiband	space-ACPC			DSIStudio	autotrackgqi
ProjectionBasalGanglia_AcousticRadiationL	dki_md	DIPYDKI	/scratch/grmpy/SLURM_11202541_35/job-11202541-35-sub-92927/ds/inputs/data/qsiprep/qsiprep/sub-92927/ses-1/dwi/sub-92927_ses-1_acq-multiband_dir-AP_space-ACPC_desc-preproc_dwi.nii.gz	0.0	0.0013336392585188	0.0009704589610919	0.0009430618374608	0.0013336392585188	0.0009430618374608	0.0009704589610919	0.0013654625508934	0.0013654625508934	sub-92927	ses-1		dir-AP	acq-multiband	space-ACPC			DSIStudio	autotrackgqi
ProjectionBasalGanglia_AcousticRadiationL	dki_mk	DIPYDKI	/scratch/grmpy/SLURM_11202541_35/job-11202541-35-sub-92927/ds/inputs/data/qsiprep/qsiprep/sub-92927/ses-1/dwi/sub-92927_ses-1_acq-multiband_dir-AP_space-ACPC_desc-preproc_dwi.nii.gz	0.0	0.8788546966247315	0.243394848122933	0.8879738125104801	0.8788546966247315	0.8879738125104801	0.243394848122933	0.9028371264414768	0.9028371264414768	sub-92927	ses-1		dir-AP	acq-multiband	space-ACPC			DSIStudio	autotrackgqi
ProjectionBasalGanglia_AcousticRadiationL	dki_mkt	DIPYDKI	/scratch/grmpy/SLURM_11202541_35/job-11202541-35-sub-92927/ds/inputs/data/qsiprep/qsiprep/sub-92927/ses-1/dwi/sub-92927_ses-1_acq-multiband_dir-AP_space-ACPC_desc-preproc_dwi.nii.gz	0.0	0.8741978762442814	0.2042654175176723	0.8818171851858845	0.8741978762442814	0.8818171851858845	0.2042654175176723	0.8862178226234914	0.8862178226234914	sub-92927	ses-1		dir-AP	acq-multiband	space-ACPC			DSIStudio	autotrackgqi
ProjectionBasalGanglia_AcousticRadiationL	dki_planarity	DIPYDKI	/scratch/grmpy/SLURM_11202541_35/job-11202541-35-sub-92927/ds/inputs/data/qsiprep/qsiprep/sub-92927/ses-1/dwi/sub-92927_ses-1_acq-multiband_dir-AP_space-ACPC_desc-preproc_dwi.nii.gz	0.0	0.1697648167610168	0.1083496436476707	0.1484147012233734	0.1697648167610168	0.1484147012233734	0.1083496436476707	0.1855550855398178	0.1855550855398178	sub-92927	ses-1		dir-AP	acq-multiband	space-ACPC			DSIStudio	autotrackgqi
ProjectionBasalGanglia_AcousticRadiationL	dki_rd	DIPYDKI	/scratch/grmpy/SLURM_11202541_35/job-11202541-35-sub-92927/ds/inputs/data/qsiprep/qsiprep/sub-92927/ses-1/dwi/sub-92927_ses-1_acq-multiband_dir-AP_space-ACPC_desc-preproc_dwi.nii.gz	0.0	0.0010821087053045	0.0009299594676122	0.0007423818460665	0.0010821087053045	0.0007423818460665	0.0009299594676122	0.0010804494377225	0.0010804494377225	sub-92927	ses-1		dir-AP	acq-multiband	space-ACPC			DSIStudio	autotrackgqi
ProjectionBasalGanglia_AcousticRadiationL	dki_rk	DIPYDKI	/scratch/grmpy/SLURM_11202541_35/job-11202541-35-sub-92927/ds/inputs/data/qsiprep/qsiprep/sub-92927/ses-1/dwi/sub-92927_ses-1_acq-multiband_dir-AP_space-ACPC_desc-preproc_dwi.nii.gz	0.0	1.0944785399695005	0.5182700548259895	1.0243994956412898	1.0944785399695005	1.0243994956412898	0.5182700548259895	1.1876605029878262	1.1876605029878262	sub-92927	ses-1		dir-AP	acq-multiband	space-ACPC			DSIStudio	autotrackgqi
ProjectionBasalGanglia_AcousticRadiationL	dki_sphericity	DIPYDKI	/scratch/grmpy/SLURM_11202541_35/job-11202541-35-sub-92927/ds/inputs/data/qsiprep/qsiprep/sub-92927/ses-1/dwi/sub-92927_ses-1_acq-multiband_dir-AP_space-ACPC_desc-preproc_dwi.nii.gz	0.0	0.6488791704177856	0.1728189289569854	0.6757155656814575	0.6488791704177856	0.6757155656814575	0.1728189289569854	0.6056855916976929	0.6056855916976929	sub-92927	ses-1		dir-AP	acq-multiband	space-ACPC			DSIStudio	autotrackgqi
ProjectionBasalGanglia_CorticostriatalTractR	dki_ad	DIPYDKI	/scratch/grmpy/SLURM_11202541_35/job-11202541-35-sub-92927/ds/inputs/data/qsiprep/qsiprep/sub-92927/ses-1/dwi/sub-92927_ses-1_acq-multiband_dir-AP_space-ACPC_desc-preproc_dwi.nii.gz	0.0005383787109675	0.0013439451577141	0.0003824552695732	0.0012946894858032	0.0013446690281853	0.0012950905365869	0.0003812838403973	0.0013888906687498	0.0013889247784391	sub-92927	ses-1		dir-AP	acq-multiband	space-ACPC			DSIStudio	autotrackgqi
ProjectionBasalGanglia_CorticostriatalTractR	dki_ak	DIPYDKI	/scratch/grmpy/SLURM_11202541_35/job-11202541-35-sub-92927/ds/inputs/data/qsiprep/qsiprep/sub-92927/ses-1/dwi/sub-92927_ses-1_acq-multiband_dir-AP_space-ACPC_desc-preproc_dwi.nii.gz	0.0013844023996308	0.7992487141331268	0.1803240033109778	0.7964049859781238	0.8003567299105757	0.796706813059016	0.177974764936527	0.8267481937983927	0.8268917159485972	sub-92927	ses-1		dir-AP	acq-multiband	space-ACPC			DSIStudio	autotrackgqi
ProjectionBasalGanglia_CorticostriatalTractR	dki_fa	DIPYDKI	/scratch/grmpy/SLURM_11202541_35/job-11202541-35-sub-92927/ds/inputs/data/qsiprep/qsiprep/sub-92927/ses-1/dwi/sub-92927_ses-1_acq-multiband_dir-AP_space-ACPC_desc-preproc_dwi.nii.gz	0.0005383787109675	0.3628787100315094	0.1677993386983871	0.3577196598052978	0.3630741834640503	0.3578175008296966	0.167632982134819	0.4307130575180053	0.430723637342453	sub-92927	ses-1		dir-AP	acq-multiband	space-ACPC			DSIStudio	autotrackgqi
ProjectionBasalGanglia_CorticostriatalTractR	dki_kfa	DIPYDKI	/scratch/grmpy/SLURM_11202541_35/job-11202541-35-sub-92927/ds/inputs/data/qsiprep/qsiprep/sub-92927/ses-1/dwi/sub-92927_ses-1_acq-multiband_dir-AP_space-ACPC_desc-preproc_dwi.nii.gz	0.0051530533764036	0.4820604622364044	0.1476589292287826	0.484638512134552	0.4845573902130127	0.4854660034179687	0.1438964307308197	0.5123029351234436	0.5129371881484985	sub-92927	ses-1		dir-AP	acq-multiband	space-ACPC			DSIStudio	autotrackgqi
ProjectionBasalGanglia_CorticostriatalTractR	dki_linearity	DIPYDKI	/scratch/grmpy/SLURM_11202541_35/job-11202541-35-sub-92927/ds/inputs/data/qsiprep/qsiprep/sub-92927/ses-1/dwi/sub-92927_ses-1_acq-multiband_dir-AP_space-ACPC_desc-preproc_dwi.nii.gz	0.0005383787109675	0.1619619578123092	0.1164458990097045	0.1356688737869262	0.1620492041110992	0.135699912905693	0.1164165511727333	0.207083448767662	0.2070885300636291	sub-92927	ses-1		dir-AP	acq-multiband	space-ACPC			DSIStudio	autotrackgqi
ProjectionBasalGanglia_CorticostriatalTractR	dki_md	DIPYDKI	/scratch/grmpy/SLURM_11202541_35/job-11202541-35-sub-92927/ds/inputs/data/qsiprep/qsiprep/sub-92927/ses-1/dwi/sub-92927_ses-1_acq-multiband_dir-AP_space-ACPC_desc-preproc_dwi.nii.gz	0.0005383787109675	0.0009602910722605	0.0003040946030523	0.0009075552807189	0.0009608083637431	0.0009076713467948	0.0003033584216609	0.0009225428802892	0.0009225655230693	sub-92927	ses-1		dir-AP	acq-multiband	space-ACPC			DSIStudio	autotrackgqi
ProjectionBasalGanglia_CorticostriatalTractR	dki_mk	DIPYDKI	/scratch/grmpy/SLURM_11202541_35/job-11202541-35-sub-92927/ds/inputs/data/qsiprep/qsiprep/sub-92927/ses-1/dwi/sub-92927_ses-1_acq-multiband_dir-AP_space-ACPC_desc-preproc_dwi.nii.gz	0.0013844023996308	0.9558538373018916	0.2482278952129166	1.00085924380606	0.9571789581484286	1.0015604469704202	0.245833543830244	1.0555881841755097	1.0557714327114454	sub-92927	ses-1		dir-AP	acq-multiband	space-ACPC			DSIStudio	autotrackgqi
ProjectionBasalGanglia_CorticostriatalTractR	dki_mkt	DIPYDKI	/scratch/grmpy/SLURM_11202541_35/job-11202541-35-sub-92927/ds/inputs/data/qsiprep/qsiprep/sub-92927/ses-1/dwi/sub-92927_ses-1_acq-multiband_dir-AP_space-ACPC_desc-preproc_dwi.nii.gz	0.0005383787109675	0.9368807059298786	0.2193105777632319	0.9758980549840542	0.9373853742593522	0.9760257814025914	0.2182887290426948	1.0244330462824405	1.0244582038509904	sub-92927	ses-1		dir-AP	acq-multiband	space-ACPC			DSIStudio	autotrackgqi
ProjectionBasalGanglia_CorticostriatalTractR	dki_planarity	DIPYDKI	/scratch/grmpy/SLURM_11202541_35/job-11202541-35-sub-92927/ds/inputs/data/qsiprep/qsiprep/sub-92927/ses-1/dwi/sub-92927_ses-1_acq-multiband_dir-AP_space-ACPC_desc-preproc_dwi.nii.gz	0.001153668666359	0.1836151182651519	0.1101234853267669	0.1658055484294891	0.1838271915912628	0.1659083515405655	0.1100100204348564	0.1950559318065643	0.1950802206993103	sub-92927	ses-1		dir-AP	acq-multiband	space-ACPC			DSIStudio	autotrackgqi
ProjectionBasalGanglia_CorticostriatalTractR	dki_rd	DIPYDKI	/scratch/grmpy/SLURM_11202541_35/job-11202541-35-sub-92927/ds/inputs/data/qsiprep/qsiprep/sub-92927/ses-1/dwi/sub-92927_ses-1_acq-multiband_dir-AP_space-ACPC_desc-preproc_dwi.nii.gz	0.0005383787109675	0.0007684640586376	0.0003172791039105	0.0007234649965539	0.0007688779733143	0.0007235871744342	0.0003168627154082	0.0006893689278513	0.0006893859244883	sub-92927	ses-1		dir-AP	acq-multiband	space-ACPC			DSIStudio	autotrackgqi
ProjectionBasalGanglia_CorticostriatalTractR	dki_rk	DIPYDKI	/scratch/grmpy/SLURM_11202541_35/job-11202541-35-sub-92927/ds/inputs/data/qsiprep/qsiprep/sub-92927/ses-1/dwi/sub-92927_ses-1_acq-multiband_dir-AP_space-ACPC_desc-preproc_dwi.nii.gz	0.0013844023996308	1.199783806376294	0.4930175324373308	1.2080356703940112	1.2014470926143388	1.2093207673380606	0.4913297313683375	1.4002675087538918	1.4005105931870656	sub-92927	ses-1		dir-AP	acq-multiband	space-ACPC			DSIStudio	autotrackgqi
ProjectionBasalGanglia_CorticostriatalTractR	dki_sphericity	DIPYDKI	/scratch/grmpy/SLURM_11202541_35/job-11202541-35-sub-92927/ds/inputs/data/qsiprep/qsiprep/sub-92927/ses-1/dwi/sub-92927_ses-1_acq-multiband_dir-AP_space-ACPC_desc-preproc_dwi.nii.gz	0.0005383787109675	0.6538845300674438	0.1614708453416824	0.6607770919799805	0.6542367339134216	0.6608365774154663	0.1607993692159652	0.5978360176086426	0.5978507399559021	sub-92927	ses-1		dir-AP	acq-multiband	space-ACPC			DSIStudio	autotrackgqi
ProjectionBasalGanglia_OpticRadiationL	dki_ad	DIPYDKI	/scratch/grmpy/SLURM_11202541_35/job-11202541-35-sub-92927/ds/inputs/data/qsiprep/qsiprep/sub-92927/ses-1/dwi/sub-92927_ses-1_acq-multiband_dir-AP_space-ACPC_desc-preproc_dwi.nii.gz	0.0010050251256281	0.001519295037724	0.0007624246063642	0.0013690388295799	0.0015208234544843	0.0013703941367566	0.0007612828630954	0.0018075731350108	0.0018076349515467	sub-92927	ses-1		dir-AP	acq-multiband	space-ACPC			DSIStudio	autotrackgqi
ProjectionBasalGanglia_OpticRadiationL	dki_ak	DIPYDKI	/scratch/grmpy/SLURM_11202541_35/job-11202541-35-sub-92927/ds/inputs/data/qsiprep/qsiprep/sub-92927/ses-1/dwi/sub-92927_ses-1_acq-multiband_dir-AP_space-ACPC_desc-preproc_dwi.nii.gz	0.0010050251256281	0.7769131636294573	0.1602617592117078	0.7696471867823748	0.7776947664097686	0.7698567101027971	0.1584355450605246	0.7411772213415637	0.7412025799014941	sub-92927	ses-1		dir-AP	acq-multiband	space-ACPC			DSIStudio	autotrackgqi
ProjectionBasalGanglia_OpticRadiationL	dki_fa	DIPYDKI	/scratch/grmpy/SLURM_11202541_35/job-11202541-35-sub-92927/ds/inputs/data/qsiprep/qsiprep/sub-92927/ses-1/dwi/sub-92927_ses-1_acq-multiband_dir-AP_space-ACPC_desc-preproc_dwi.nii.gz	0.0010050251256281	0.3967231214046478	0.2115021646022796	0.3806095123291015	0.3971222341060638	0.3815214037895202	0.2112336903810501	0.5221426486968994	0.5221604704856873	sub-92927	ses-1		dir-AP	acq-multiband	space-ACPC			DSIStudio	autotrackgqi
ProjectionBasalGanglia_OpticRadiationL	dki_kfa	DIPYDKI	/scratch/grmpy/SLURM_11202541_35/job-11202541-35-sub-92927/ds/inputs/data/qsiprep/qsiprep/sub-92927/ses-1/dwi/sub-92927_ses-1_acq-multiband_dir-AP_space-ACPC_desc-preproc_dwi.nii.gz	0.0040201005025125	0.4912758767604828	0.1840574890375137	0.4827527999877929	0.4932588338851928	0.4832801222801208	0.1817575097084045	0.5555463433265686	0.5556219816207886	sub-92927	ses-1		dir-AP	acq-multiband	space-ACPC			DSIStudio	autotrackgqi
ProjectionBasalGanglia_OpticRadiationL	dki_linearity	DIPYDKI	/scratch/grmpy/SLURM_11202541_35/job-11202541-35-sub-92927/ds/inputs/data/qsiprep/qsiprep/sub-92927/ses-1/dwi/sub-92927_ses-1_acq-multiband_dir-AP_space-ACPC_desc-preproc_dwi.nii.gz	0.0010050251256281	0.1980572491884231	0.1586916446685791	0.1475836932659149	0.1982564926147461	0.147938922047615	0.1586470007896423	0.2908973097801208	0.2909072935581207	sub-92927	ses-1		dir-AP	acq-multiband	space-ACPC			DSIStudio	autotrackgqi
ProjectionBasalGanglia_OpticRadiationL	dki_md	DIPYDKI	/scratch/grmpy/SLURM_11202541_35/job-11202541-35-sub-92927/ds/inputs/data/qsiprep/qsiprep/sub-92927/ses-1/dwi/sub-92927_ses-1_acq-multiband_dir-AP_space-ACPC_desc-preproc_dwi.nii.gz	0.0010050251256281	0.0010522957891225	0.0006457778508774	0.0009166504023596	0.0010533543536439	0.0009167453390546	0.000645239080768	0.0011402202071622	0.001140259206295	sub-92927	ses-1		dir-AP	acq-multiband	space-ACPC			DSIStudio	autotrackgqi
ProjectionBasalGanglia_OpticRadiationL	dki_mk	DIPYDKI	/scratch/grmpy/SLURM_11202541_35/job-11202541-35-sub-92927/ds/inputs/data/qsiprep/qsiprep/sub-92927/ses-1/dwi/sub-92927_ses-1_acq-multiband_dir-AP_space-ACPC_desc-preproc_dwi.nii.gz	0.0010050251256281	0.945717282120161	0.2244801492962171	0.9725922494832608	0.946668707957304	0.9730695106882948	0.2225788576450548	1.0052427351141149	1.0052771287424267	sub-92927	ses-1		dir-AP	acq-multiband	space-ACPC			DSIStudio	autotrackgqi
ProjectionBasalGanglia_OpticRadiationL	dki_mkt	DIPYDKI	/scratch/grmpy/SLURM_11202541_35/job-11202541-35-sub-92927/ds/inputs/data/qsiprep/qsiprep/sub-92927/ses-1/dwi/sub-92927_ses-1_acq-multiband_dir-AP_space-ACPC_desc-preproc_dwi.nii.gz	0.0010050251256281	0.919305746760103	0.181068232851753	0.9433954422773284	0.9202306016361192	0.9434917901834784	0.1787948791091673	0.9518990475786916	0.9519316159221748	sub-92927	ses-1		dir-AP	acq-multiband	space-ACPC			DSIStudio	autotrackgqi
ProjectionBasalGanglia_OpticRadiationL	dki_planarity	DIPYDKI	/scratch/grmpy/SLURM_11202541_35/job-11202541-35-sub-92927/ds/inputs/data/qsiprep/qsiprep/sub-92927/ses-1/dwi/sub-92927_ses-1_acq-multiband_dir-AP_space-ACPC_desc-preproc_dwi.nii.gz	0.0010050251256281	0.1729850471019745	0.1062258258461952	0.1525382101535797	0.1731590777635574	0.1528711020946502	0.1061373800039291	0.1892979890108108	0.1893044710159301	sub-92927	ses-1		dir-AP	acq-multiband	space-ACPC			DSIStudio	autotrackgqi
ProjectionBasalGanglia_OpticRadiationL	dki_rd	DIPYDKI	/scratch/grmpy/SLURM_11202541_35/job-11202541-35-sub-92927/ds/inputs/data/qsiprep/qsiprep/sub-92927/ses-1/dwi/sub-92927_ses-1_acq-multiband_dir-AP_space-ACPC_desc-preproc_dwi.nii.gz	0.0010050251256281	0.0008187961648218	0.0006364592118188	0.0007028243271633	0.000819619919639	0.0007029753178358	0.0006362489075399	0.0008065436268225	0.0008065712172538	sub-92927	ses-1		dir-AP	acq-multiband	space-ACPC			DSIStudio	autotrackgqi
ProjectionBasalGanglia_OpticRadiationL	dki_rk	DIPYDKI	/scratch/grmpy/SLURM_11202541_35/job-11202541-35-sub-92927/ds/inputs/data/qsiprep/qsiprep/sub-92927/ses-1/dwi/sub-92927_ses-1_acq-multiband_dir-AP_space-ACPC_desc-preproc_dwi.nii.gz	0.0010050251256281	1.2641529223234982	0.6278534489271694	1.165089281166671	1.265424705947566	1.1658309782613283	0.6268869007573343	1.5528913809859417	1.552944512546835	sub-92927	ses-1		dir-AP	acq-multiband	space-ACPC			DSIStudio	autotrackgqi
ProjectionBasalGanglia_OpticRadiationL	dki_sphericity	DIPYDKI	/scratch/grmpy/SLURM_11202541_35/job-11202541-35-sub-92927/ds/inputs/data/qsiprep/qsiprep/sub-92927/ses-1/dwi/sub-92927_ses-1_acq-multiband_dir-AP_space-ACPC_desc-preproc_dwi.nii.gz	0.0010050251256281	0.6279526948928833	0.1945381611585617	0.6353959441184998	0.6285844445228577	0.6358183026313782	0.1936131864786148	0.5197705030441284	0.5197882652282715	sub-92927	ses-1		dir-AP	acq-multiband	space-ACPC			DSIStudio	autotrackgqi
ProjectionBrainstem_CorticobulbarTractR	dki_ad	DIPYDKI	/scratch/grmpy/SLURM_11202541_35/job-11202541-35-sub-92927/ds/inputs/data/qsiprep/qsiprep/sub-92927/ses-1/dwi/sub-92927_ses-1_acq-multiband_dir-AP_space-ACPC_desc-preproc_dwi.nii.gz	0.0	0.0014288985403254	0.0004231912607792	0.0013530733995139	0.0014288985403254	0.0013530733995139	0.0004231912607792	0.0015055132098495	0.0015055132098495	sub-92927	ses-1		dir-AP	acq-multiband	space-ACPC			DSIStudio	autotrackgqi
ProjectionBrainstem_CorticobulbarTractR	dki_ak	DIPYDKI	/scratch/grmpy/SLURM_11202541_35/job-11202541-35-sub-92927/ds/inputs/data/qsiprep/qsiprep/sub-92927/ses-1/dwi/sub-92927_ses-1_acq-multiband_dir-AP_space-ACPC_desc-preproc_dwi.nii.gz	0.0	0.8060311809016542	0.2169954480385109	0.7929494573923455	0.8060311809016542	0.7929494573923455	0.2169954480385109	0.8661465124381549	0.8661465124381549	sub-92927	ses-1		dir-AP	acq-multiband	space-ACPC			DSIStudio	autotrackgqi
ProjectionBrainstem_CorticobulbarTractR	dki_fa	DIPYDKI	/scratch/grmpy/SLURM_11202541_35/job-11202541-35-sub-92927/ds/inputs/data/qsiprep/qsiprep/sub-92927/ses-1/dwi/sub-92927_ses-1_acq-multiband_dir-AP_space-ACPC_desc-preproc_dwi.nii.gz	0.0	0.4043259918689728	0.2012995481491089	0.4063792526721954	0.4043259918689728	0.4063792526721954	0.2012995481491089	0.5106996893882751	0.5106996893882751	sub-92927	ses-1		dir-AP	acq-multiband	space-ACPC			DSIStudio	autotrackgqi
ProjectionBrainstem_CorticobulbarTractR	dki_kfa	DIPYDKI	/scratch/grmpy/SLURM_11202541_35/job-11202541-35-sub-92927/ds/inputs/data/qsiprep/qsiprep/sub-92927/ses-1/dwi/sub-92927_ses-1_acq-multiband_dir-AP_space-ACPC_desc-preproc_dwi.nii.gz	0.0093537414965986	0.5055302381515503	0.157489076256752	0.5102728009223938	0.5103034973144531	0.5112836956977844	0.1503369361162185	0.5650092363357544	0.5653283596038818	sub-92927	ses-1		dir-AP	acq-multiband	space-ACPC			DSIStudio	autotrackgqi
ProjectionBrainstem_CorticobulbarTractR	dki_linearity	DIPYDKI	/scratch/grmpy/SLURM_11202541_35/job-11202541-35-sub-92927/ds/inputs/data/qsiprep/qsiprep/sub-92927/ses-1/dwi/sub-92927_ses-1_acq-multiband_dir-AP_space-ACPC_desc-preproc_dwi.nii.gz	0.0	0.1941195726394653	0.1474957764148712	0.1523969173431396	0.1941195726394653	0.1523969173431396	0.1474957764148712	0.2613655626773834	0.2613655626773834	sub-92927	ses-1		dir-AP	acq-multiband	space-ACPC			DSIStudio	autotrackgqi
ProjectionBrainstem_CorticobulbarTractR	dki_md	DIPYDKI	/scratch/grmpy/SLURM_11202541_35/job-11202541-35-sub-92927/ds/inputs/data/qsiprep/qsiprep/sub-92927/ses-1/dwi/sub-92927_ses-1_acq-multiband_dir-AP_space-ACPC_desc-preproc_dwi.nii.gz	0.0	0.0009799666004255	0.0003359518304932	0.000907514244318	0.0009799666004255	0.000907514244318	0.0003359518304932	0.0009210284915752	0.0009210284915752	sub-92927	ses-1		dir-AP	acq-multiband	space-ACPC			DSIStudio	autotrackgqi
ProjectionBrainstem_CorticobulbarTractR	dki_mk	DIPYDKI	/scratch/grmpy/SLURM_11202541_35/job-11202541-35-sub-92927/ds/inputs/data/qsiprep/qsiprep/sub-92927/ses-1/dwi/sub-92927_ses-1_acq-multiband_dir-AP_space-ACPC_desc-preproc_dwi.nii.gz	0.0	0.999245868091162	0.3496222190681276	1.072721424440114	0.999245868091162	1.072721424440114	0.3496222190681276	1.14752628221526	1.14752628221526	sub-92927	ses-1		dir-AP	acq-multiband	space-ACPC			DSIStudio	autotrackgqi
ProjectionBrainstem_CorticobulbarTractR	dki_mkt	DIPYDKI	/scratch/grmpy/SLURM_11202541_35/job-11202541-35-sub-92927/ds/inputs/data/qsiprep/qsiprep/sub-92927/ses-1/dwi/sub-92927_ses-1_acq-multiband_dir-AP_space-ACPC_desc-preproc_dwi.nii.gz	0.0	0.9814829912791346	0.289485636295526	1.0495977337760027	0.9814829912791346	1.0495977337760027	0.289485636295526	1.122228462576981	1.122228462576981	sub-92927	ses-1		dir-AP	acq-multiband	space-ACPC			DSIStudio	autotrackgqi
ProjectionBrainstem_CorticobulbarTractR	dki_planarity	DIPYDKI	/scratch/grmpy/SLURM_11202541_35/job-11202541-35-sub-92927/ds/inputs/data/qsiprep/qsiprep/sub-92927/ses-1/dwi/sub-92927_ses-1_acq-multiband_dir-AP_space-ACPC_desc-preproc_dwi.nii.gz	0.0	0.1920334100723266	0.1200717836618423	0.1740281730890274	0.1920334100723266	0.1740281730890274	0.1200717836618423	0.2276761829853058	0.2276761829853058	sub-92927	ses-1		dir-AP	acq-multiband	space-ACPC			DSIStudio	autotrackgqi
ProjectionBrainstem_CorticobulbarTractR	dki_rd	DIPYDKI	/scratch/grmpy/SLURM_11202541_35/job-11202541-35-sub-92927/ds/inputs/data/qsiprep/qsiprep/sub-92927/ses-1/dwi/sub-92927_ses-1_acq-multiband_dir-AP_space-ACPC_desc-preproc_dwi.nii.gz	0.0	0.0007555004558525	0.0003710999444592	0.0006991166155785	0.0007555004558525	0.0006991166155785	0.0003710999444592	0.0006287861033342	0.0006287861033342	sub-92927	ses-1		dir-AP	acq-multiband	space-ACPC			DSIStudio	autotrackgqi
ProjectionBrainstem_CorticobulbarTractR	dki_rk	DIPYDKI	/scratch/grmpy/SLURM_11202541_35/job-11202541-35-sub-92927/ds/inputs/data/qsiprep/qsiprep/sub-92927/ses-1/dwi/sub-92927_ses-1_acq-multiband_dir-AP_space-ACPC_desc-preproc_dwi.nii.gz	0.0	1.3062373856592049	0.6471815058729504	1.3241618011491774	1.3062373856592049	1.3241618011491774	0.6471815058729504	1.58847879224738	1.58847879224738	sub-92927	ses-1		dir-AP	acq-multiband	space-ACPC			DSIStudio	autotrackgqi
ProjectionBrainstem_CorticobulbarTractR	dki_sphericity	DIPYDKI	/scratch/grmpy/SLURM_11202541_35/job-11202541-35-sub-92927/ds/inputs/data/qsiprep/qsiprep/sub-92927/ses-1/dwi/sub-92927_ses-1_acq-multiband_dir-AP_space-ACPC_desc-preproc_dwi.nii.gz	0.0	0.613847017288208	0.1951939612627029	0.6073408126831055	0.613847017288208	0.6073408126831055	0.1951939612627029	0.5109582543373108	0.5109582543373108	sub-92927	ses-1		dir-AP	acq-multiband	space-ACPC			DSIStudio	autotrackgqi
ProjectionBrainstem_NonDecussatingDentatorubrothalamicTractL	dki_ad	DIPYDKI	/scratch/grmpy/SLURM_11202541_35/job-11202541-35-sub-92927/ds/inputs/data/qsiprep/qsiprep/sub-92927/ses-1/dwi/sub-92927_ses-1_acq-multiband_dir-AP_space-ACPC_desc-preproc_dwi.nii.gz	0.0	0.0013677640818059	0.0004495040921028	0.0012889291392639	0.0013677640818059	0.0012889291392639	0.0004495040921028	0.0014994983794167	0.0014994986122474	sub-92927	ses-1		dir-AP	acq-multiband	space-ACPC			DSIStudio	autotrackgqi
ProjectionBrainstem_NonDecussatingDentatorubrothalamicTractL	dki_ak	DIPYDKI	/scratch/grmpy/SLURM_11202541_35/job-11202541-35-sub-92927/ds/inputs/data/qsiprep/qsiprep/sub-92927/ses-1/dwi/sub-92927_ses-1_acq-multiband_dir-AP_space-ACPC_desc-preproc_dwi.nii.gz	0.0	0.8560353760626389	0.1733900049393736	0.8479058990596948	0.8560353760626389	0.8479058990596948	0.1733900049393736	0.8395179709244763	0.8395180431595122	sub-92927	ses-1		dir-AP	acq-multiband	space-ACPC			DSIStudio	autotrackgqi
ProjectionBrainstem_NonDecussatingDentatorubrothalamicTractL	dki_fa	DIPYDKI	/scratch/grmpy/SLURM_11202541_35/job-11202541-35-sub-92927/ds/inputs/data/qsiprep/qsiprep/sub-92927/ses-1/dwi/sub-92927_ses-1_acq-multiband_dir-AP_space-ACPC_desc-preproc_dwi.nii.gz	0.0	0.4086824953556061	0.1588905751705169	0.4001061916351318	0.4086824953556061	0.4001061916351318	0.1588905751705169	0.4913165867328644	0.4913166463375091	sub-92927	ses-1		dir-AP	acq-multiband	space-ACPC			DSIStudio	autotrackgqi
ProjectionBrainstem_NonDecussatingDentatorubrothalamicTractL	dki_kfa	DIPYDKI	/scratch/grmpy/SLURM_11202541_35/job-11202541-35-sub-92927/ds/inputs/data/qsiprep/qsiprep/sub-92927/ses-1/dwi/sub-92927_ses-1_acq-multiband_dir-AP_space-ACPC_desc-preproc_dwi.nii.gz	0.0009800078400627	0.5037616491317749	0.1333358436822891	0.5063612461090088	0.5042558312416077	0.5064413547515869	0.1324639469385147	0.5497397184371948	0.5497646331787109	sub-92927	ses-1		dir-AP	acq-multiband	space-ACPC			DSIStudio	autotrackgqi
ProjectionBrainstem_NonDecussatingDentatorubrothalamicTractL	dki_linearity	DIPYDKI	/scratch/grmpy/SLURM_11202541_35/job-11202541-35-sub-92927/ds/inputs/data/qsiprep/qsiprep/sub-92927/ses-1/dwi/sub-92927_ses-1_acq-multiband_dir-AP_space-ACPC_desc-preproc_dwi.nii.gz	0.0	0.1854939013719558	0.1184378489851951	0.1639853119850158	0.1854939013719558	0.1639853119850158	0.1184378489851951	0.252128541469574	0.252128541469574	sub-92927	ses-1		dir-AP	acq-multiband	space-ACPC			DSIStudio	autotrackgqi
ProjectionBrainstem_NonDecussatingDentatorubrothalamicTractL	dki_md	DIPYDKI	/scratch/grmpy/SLURM_11202541_35/job-11202541-35-sub-92927/ds/inputs/data/qsiprep/qsiprep/sub-92927/ses-1/dwi/sub-92927_ses-1_acq-multiband_dir-AP_space-ACPC_desc-preproc_dwi.nii.gz	0.0	0.0009369481122121	0.0003319793613627	0.000876457139384	0.0009369481122121	0.000876457139384	0.0003319793613627	0.0009403738658875	0.0009403738658875	sub-92927	ses-1		dir-AP	acq-multiband	space-ACPC			DSIStudio	autotrackgqi
ProjectionBrainstem_NonDecussatingDentatorubrothalamicTractL	dki_mk	DIPYDKI	/scratch/grmpy/SLURM_11202541_35/job-11202541-35-sub-92927/ds/inputs/data/qsiprep/qsiprep/sub-92927/ses-1/dwi/sub-92927_ses-1_acq-multiband_dir-AP_space-ACPC_desc-preproc_dwi.nii.gz	0.0	1.061667485694985	0.228117567773185	1.0972113622664623	1.061667485694985	1.0972113622664623	0.228117567773185	1.1132352481287735	1.113235343901482	sub-92927	ses-1		dir-AP	acq-multiband	space-ACPC			DSIStudio	autotrackgqi
ProjectionBrainstem_NonDecussatingDentatorubrothalamicTractL	dki_mkt	DIPYDKI	/scratch/grmpy/SLURM_11202541_35/job-11202541-35-sub-92927/ds/inputs/data/qsiprep/qsiprep/sub-92927/ses-1/dwi/sub-92927_ses-1_acq-multiband_dir-AP_space-ACPC_desc-preproc_dwi.nii.gz	0.0	1.0448453209404296	0.1879642829594042	1.075123568237777	1.0448453209404296	1.075123568237777	0.1879642829594042	1.0883961239474147	1.0883962175859576	sub-92927	ses-1		dir-AP	acq-multiband	space-ACPC			DSIStudio	autotrackgqi
ProjectionBrainstem_NonDecussatingDentatorubrothalamicTractL	dki_planarity	DIPYDKI	/scratch/grmpy/SLURM_11202541_35/job-11202541-35-sub-92927/ds/inputs/data/qsiprep/qsiprep/sub-92927/ses-1/dwi/sub-92927_ses-1_acq-multiband_dir-AP_space-ACPC_desc-preproc_dwi.nii.gz	0.0	0.2080679684877395	0.1126369312405586	0.1937331855297088	0.2080679684877395	0.1937331855297088	0.1126369312405586	0.2104295492172241	0.2104295641183853	sub-92927	ses-1		dir-AP	acq-multiband	space-ACPC			DSIStudio	autotrackgqi
ProjectionBrainstem_NonDecussatingDentatorubrothalamicTractL	dki_rd	DIPYDKI	/scratch/grmpy/SLURM_11202541_35/job-11202541-35-sub-92927/ds/inputs/data/qsiprep/qsiprep/sub-92927/ses-1/dwi/sub-92927_ses-1_acq-multiband_dir-AP_space-ACPC_desc-preproc_dwi.nii.gz	0.0	0.0007215400692075	0.0003204409440513	0.0006762417615391	0.0007215400692075	0.0006762417615391	0.0003204409440513	0.0006608115509152	0.0006608115509152	sub-92927	ses-1		dir-AP	acq-multiband	space-ACPC			DSIStudio	autotrackgqi
ProjectionBrainstem_NonDecussatingDentatorubrothalamicTractL	dki_rk	DIPYDKI	/scratch/grmpy/SLURM_11202541_35/job-11202541-35-sub-92927/ds/inputs/data/qsiprep/qsiprep/sub-92927/ses-1/dwi/sub-92927_ses-1_acq-multiband_dir-AP_space-ACPC_desc-preproc_dwi.nii.gz	0.0	1.3387466246830313	0.4815894672310664	1.3350435267425396	1.3387466246830313	1.3350435267425396	0.4815894672310664	1.48836337178049	1.4883634998242852	sub-92927	ses-1		dir-AP	acq-multiband	space-ACPC			DSIStudio	autotrackgqi
ProjectionBrainstem_NonDecussatingDentatorubrothalamicTractL	dki_sphericity	DIPYDKI	/scratch/grmpy/SLURM_11202541_35/job-11202541-35-sub-92927/ds/inputs/data/qsiprep/qsiprep/sub-92927/ses-1/dwi/sub-92927_ses-1_acq-multiband_dir-AP_space-ACPC_desc-preproc_dwi.nii.gz	0.0	0.606438159942627	0.1592225581407547	0.615950345993042	0.606438159942627	0.615950345993042	0.1592225581407547	0.5374419093132019	0.5374419689178467	sub-92927	ses-1		dir-AP	acq-multiband	space-ACPC			DSIStudio	autotrackgqi
ProjectionBasalGanglia_AnsaSubthalamicaL	dki_ad	DIPYDKI	/scratch/grmpy/SLURM_11202541_35/job-11202541-35-sub-92927/ds/inputs/data/qsiprep/qsiprep/sub-92927/ses-1/dwi/sub-92927_ses-1_acq-multiband_dir-AP_space-ACPC_desc-preproc_dwi.nii.gz	0.0	0.0018411268247291	0.0014032797189429	0.0013360434677451	0.0018411268247291	0.0013360434677451	0.0014032797189429	0.0017498980741947	0.0017498980741947	sub-92927	ses-1		dir-AP	acq-multiband	space-ACPC			DSIStudio	autotrackgqi
ProjectionBasalGanglia_AnsaSubthalamicaL	dki_ak	DIPYDKI	/scratch/grmpy/SLURM_11202541_35/job-11202541-35-sub-92927/ds/inputs/data/qsiprep/qsiprep/sub-92927/ses-1/dwi/sub-92927_ses-1_acq-multiband_dir-AP_space-ACPC_desc-preproc_dwi.nii.gz	0.0	0.7545091766124263	0.2029372530888545	0.7446700578339631	0.7545091766124263	0.7446700578339631	0.2029372530888545	0.7362776393157158	0.7362776393157158	sub-92927	ses-1		dir-AP	acq-multiband	space-ACPC			DSIStudio	autotrackgqi
ProjectionBasalGanglia_AnsaSubthalamicaL	dki_fa	DIPYDKI	/scratch/grmpy/SLURM_11202541_35/job-11202541-35-sub-92927/ds/inputs/data/qsiprep/qsiprep/sub-92927/ses-1/dwi/sub-92927_ses-1_acq-multiband_dir-AP_space-ACPC_desc-preproc_dwi.nii.gz	0.0	0.3092824220657348	0.1381471753120422	0.2946746349334717	0.3092824220657348	0.2946746349334717	0.1381471753120422	0.3396832346916199	0.3396832346916199	sub-92927	ses-1		dir-AP	acq-multiband	space-ACPC			DSIStudio	autotrackgqi
ProjectionBasalGanglia_AnsaSubthalamicaL	dki_kfa	DIPYDKI	/scratch/grmpy/SLURM_11202541_35/job-11202541-35-sub-92927/ds/inputs/data/qsiprep/qsiprep/sub-92927/ses-1/dwi/sub-92927_ses-1_acq-multiband_dir-AP_space-ACPC_desc-preproc_dwi.nii.gz	0.0013422818791946	0.4583299160003662	0.1767849624156952	0.4574370682239532	0.4589459300041199	0.4575031399726867	0.1761028319597244	0.488015353679657	0.4880676865577698	sub-92927	ses-1		dir-AP	acq-multiband	space-ACPC			DSIStudio	autotrackgqi
ProjectionBasalGanglia_AnsaSubthalamicaL	dki_linearity	DIPYDKI	/scratch/grmpy/SLURM_11202541_35/job-11202541-35-sub-92927/ds/inputs/data/qsiprep/qsiprep/sub-92927/ses-1/dwi/sub-92927_ses-1_acq-multiband_dir-AP_space-ACPC_desc-preproc_dwi.nii.gz	0.0	0.1346542537212371	0.0984697937965393	0.1090979650616645	0.1346542537212371	0.1090979650616645	0.0984697937965393	0.1575961709022522	0.1575961709022522	sub-92927	ses-1		dir-AP	acq-multiband	space-ACPC			DSIStudio	autotrackgqi
ProjectionBasalGanglia_AnsaSubthalamicaL	dki_md	DIPYDKI	/scratch/grmpy/SLURM_11202541_35/job-11202541-35-sub-92927/ds/inputs/data/qsiprep/qsiprep/sub-92927/ses-1/dwi/sub-92927_ses-1_acq-multiband_dir-AP_space-ACPC_desc-preproc_dwi.nii.gz	0.0	0.001411894802004	0.0011828583665192	0.0009850380010902	0.001411894802004	0.0009850380010902	0.0011828583665192	0.0012979997554793	0.0012979997554793	sub-92927	ses-1		dir-AP	acq-multiband	space-ACPC			DSIStudio	autotrackgqi
ProjectionBasalGanglia_AnsaSubthalamicaL	dki_mk	DIPYDKI	/scratch/grmpy/SLURM_11202541_35/job-11202541-35-sub-92927/ds/inputs/data/qsiprep/qsiprep/sub-92927/ses-1/dwi/sub-92927_ses-1_acq-multiband_dir-AP_space-ACPC_desc-preproc_dwi.nii.gz	0.0	0.8057600401935742	0.2387323959702421	0.8297460403178948	0.8057600401935742	0.8297460403178948	0.2387323959702421	0.7964475838417646	0.7964475838417646	sub-92927	ses-1		dir-AP	acq-multiband	space-ACPC			DSIStudio	autotrackgqi
ProjectionBasalGanglia_AnsaSubthalamicaL	dki_mkt	DIPYDKI	/scratch/grmpy/SLURM_11202541_35/job-11202541-35-sub-92927/ds/inputs/data/qsiprep/qsiprep/sub-92927/ses-1/dwi/sub-92927_ses-1_acq-multiband_dir-AP_space-ACPC_desc-preproc_dwi.nii.gz	0.0	0.8285642467114153	0.2103991560633028	0.8465904003185474	0.8285642467114153	0.8465904003185474	0.2103991560633028	0.8180443979004026	0.8180443979004026	sub-92927	ses-1		dir-AP	acq-multiband	space-ACPC			DSIStudio	autotrackgqi
ProjectionBasalGanglia_AnsaSubthalamicaL	dki_planarity	DIPYDKI	/scratch/grmpy/SLURM_11202541_35/job-11202541-35-sub-92927/ds/inputs/data/qsiprep/qsiprep/sub-92927/ses-1/dwi/sub-92927_ses-1_acq-multiband_dir-AP_space-ACPC_desc-preproc_dwi.nii.gz	0.0	0.1523271352052688	0.0927396267652511	0.1335011422634124	0.1523271352052688	0.1335011422634124	0.0927396267652511	0.1506669670343399	0.1506669670343399	sub-92927	ses-1		dir-AP	acq-multiband	space-ACPC			DSIStudio	autotrackgqi
ProjectionBasalGanglia_AnsaSubthalamicaL	dki_rd	DIPYDKI	/scratch/grmpy/SLURM_11202541_35/job-11202541-35-sub-92927/ds/inputs/data/qsiprep/qsiprep/sub-92927/ses-1/dwi/sub-92927_ses-1_acq-multiband_dir-AP_space-ACPC_desc-preproc_dwi.nii.gz	0.0	0.0011972789652645	0.0010877161985263	0.0008139163837768	0.0011972789652645	0.0008139163837768	0.0010877161985263	0.0010720504214987	0.0010720504214987	sub-92927	ses-1		dir-AP	acq-multiband	space-ACPC			DSIStudio	autotrackgqi
ProjectionBasalGanglia_AnsaSubthalamicaL	dki_rk	DIPYDKI	/scratch/grmpy/SLURM_11202541_35/job-11202541-35-sub-92927/ds/inputs/data/qsiprep/qsiprep/sub-92927/ses-1/dwi/sub-92927_ses-1_acq-multiband_dir-AP_space-ACPC_desc-preproc_dwi.nii.gz	0.0	0.8579055182148108	0.3585619757170792	0.8650251507912894	0.8579055182148108	0.8650251507912894	0.3585619757170792	0.8558764541250345	0.8558764541250345	sub-92927	ses-1		dir-AP	acq-multiband	space-ACPC			DSIStudio	autotrackgqi
ProjectionBasalGanglia_AnsaSubthalamicaL	dki_sphericity	DIPYDKI	/scratch/grmpy/SLURM_11202541_35/job-11202541-35-sub-92927/ds/inputs/data/qsiprep/qsiprep/sub-92927/ses-1/dwi/sub-92927_ses-1_acq-multiband_dir-AP_space-ACPC_desc-preproc_dwi.nii.gz	0.0	0.7130185961723328	0.1288238316774368	0.7307921648025513	0.7130185961723328	0.7307921648025513	0.1288238316774368	0.6917368173599243	0.6917368173599243	sub-92927	ses-1		dir-AP	acq-multiband	space-ACPC			DSIStudio	autotrackgqi
ProjectionBrainstem_MedialLemniscusR	dki_ad	DIPYDKI	/scratch/grmpy/SLURM_11202541_35/job-11202541-35-sub-92927/ds/inputs/data/qsiprep/qsiprep/sub-92927/ses-1/dwi/sub-92927_ses-1_acq-multiband_dir-AP_space-ACPC_desc-preproc_dwi.nii.gz	0.0	0.0014901958638802	0.0005456914077512	0.0013846476795151	0.0014901958638802	0.0013846476795151	0.0005456914077512	0.0015244714450091	0.0015244714450091	sub-92927	ses-1		dir-AP	acq-multiband	space-ACPC			DSIStudio	autotrackgqi
ProjectionBrainstem_MedialLemniscusR	dki_ak	DIPYDKI	/scratch/grmpy/SLURM_11202541_35/job-11202541-35-sub-92927/ds/inputs/data/qsiprep/qsiprep/sub-92927/ses-1/dwi/sub-92927_ses-1_acq-multiband_dir-AP_space-ACPC_desc-preproc_dwi.nii.gz	0.0003357958361316	0.8133804947060795	0.1598684222876217	0.8090260987557056	0.8136537162360447	0.8090299194592997	0.1591985862215786	0.8146758622951994	0.8146771749464669	sub-92927	ses-1		dir-AP	acq-multiband	space-ACPC			DSIStudio	autotrackgqi
ProjectionBrainstem_MedialLemniscusR	dki_fa	DIPYDKI	/scratch/grmpy/SLURM_11202541_35/job-11202541-35-sub-92927/ds/inputs/data/qsiprep/qsiprep/sub-92927/ses-1/dwi/sub-92927_ses-1_acq-multiband_dir-AP_space-ACPC_desc-preproc_dwi.nii.gz	0.0003357958361316	0.4375181198120117	0.1634340733289718	0.4450154900550842	0.4376650750637054	0.4450610876083374	0.1632646471261978	0.513891875743866	0.5138927102088928	sub-92927	ses-1		dir-AP	acq-multiband	space-ACPC			DSIStudio	autotrackgqi
ProjectionBrainstem_MedialLemniscusR	dki_kfa	DIPYDKI	/scratch/grmpy/SLURM_11202541_35/job-11202541-35-sub-92927/ds/inputs/data/qsiprep/qsiprep/sub-92927/ses-1/dwi/sub-92927_ses-1_acq-multiband_dir-AP_space-ACPC_desc-preproc_dwi.nii.gz	0.0010073875083948	0.5131843686103821	0.1493322551250457	0.5166077017784119	0.513701856136322	0.5168719291687012	0.1485152095556259	0.560907244682312	0.5613428950309753	sub-92927	ses-1		dir-AP	acq-multiband	space-ACPC			DSIStudio	autotrackgqi
ProjectionBrainstem_MedialLemniscusR	dki_linearity	DIPYDKI	/scratch/grmpy/SLURM_11202541_35/job-11202541-35-sub-92927/ds/inputs/data/qsiprep/qsiprep/sub-92927/ses-1/dwi/sub-92927_ses-1_acq-multiband_dir-AP_space-ACPC_desc-preproc_dwi.nii.gz	0.0003357958361316	0.2101881504058838	0.1230368465185165	0.1951183974742889	0.2102587521076202	0.1951337605714798	0.1229971721768379	0.2667382359504699	0.2667386829853058	sub-92927	ses-1		dir-AP	acq-multiband	space-ACPC			DSIStudio	autotrackgqi
ProjectionBrainstem_MedialLemniscusR	dki_md	DIPYDKI	/scratch/grmpy/SLURM_11202541_35/job-11202541-35-sub-92927/ds/inputs/data/qsiprep/qsiprep/sub-92927/ses-1/dwi/sub-92927_ses-1_acq-multiband_dir-AP_space-ACPC_desc-preproc_dwi.nii.gz	0.0	0.0009993902640417	0.000446035672212	0.0008935069199651	0.0009993902640417	0.0008935069199651	0.000446035672212	0.0009410454658791	0.0009410454658791	sub-92927	ses-1		dir-AP	acq-multiband	space-ACPC			DSIStudio	autotrackgqi
ProjectionBrainstem_MedialLemniscusR	dki_mk	DIPYDKI	/scratch/grmpy/SLURM_11202541_35/job-11202541-35-sub-92927/ds/inputs/data/qsiprep/qsiprep/sub-92927/ses-1/dwi/sub-92927_ses-1_acq-multiband_dir-AP_space-ACPC_desc-preproc_dwi.nii.gz	0.0003357958361316	1.0241670605744109	0.2537778255393382	1.0600701517706268	1.0245110871315404	1.060132359562088	0.2531251850353176	1.0614629397646316	1.0614646497672298	sub-92927	ses-1		dir-AP	acq-multiband	space-ACPC			DSIStudio	autotrackgqi
ProjectionBrainstem_MedialLemniscusR	dki_mkt	DIPYDKI	/scratch/grmpy/SLURM_11202541_35/job-11202541-35-sub-92927/ds/inputs/data/qsiprep/qsiprep/sub-92927/ses-1/dwi/sub-92927_ses-1_acq-multiband_dir-AP_space-ACPC_desc-preproc_dwi.nii.gz	0.0	1.0095088835754509	0.1966701533814253	1.0338019666501372	1.0095088835754509	1.0338019666501372	0.1966701533814253	1.0547410253928924	1.0547410253928924	sub-92927	ses-1		dir-AP	acq-multiband	space-ACPC			DSIStudio	autotrackgqi
ProjectionBrainstem_MedialLemniscusR	dki_planarity	DIPYDKI	/scratch/grmpy/SLURM_11202541_35/job-11202541-35-sub-92927/ds/inputs/data/qsiprep/qsiprep/sub-92927/ses-1/dwi/sub-92927_ses-1_acq-multiband_dir-AP_space-ACPC_desc-preproc_dwi.nii.gz	0.0003357958361316	0.202309101819992	0.1183561086654663	0.1824766397476196	0.202377051115036	0.1826377660036087	0.1183178797364234	0.2108281999826431	0.2108285427093505	sub-92927	ses-1		dir-AP	acq-multiband	space-ACPC			DSIStudio	autotrackgqi
ProjectionBrainstem_MedialLemniscusR	dki_rd	DIPYDKI	/scratch/grmpy/SLURM_11202541_35/job-11202541-35-sub-92927/ds/inputs/data/qsiprep/qsiprep/sub-92927/ses-1/dwi/sub-92927_ses-1_acq-multiband_dir-AP_space-ACPC_desc-preproc_dwi.nii.gz	0.0	0.0007539875223301	0.0004363246553111	0.0006592426216229	0.0007539875223301	0.0006592426216229	0.0004363246553111	0.0006493324181064	0.0006493324181064	sub-92927	ses-1		dir-AP	acq-multiband	space-ACPC			DSIStudio	autotrackgqi
ProjectionBrainstem_MedialLemniscusR	dki_rk	DIPYDKI	/scratch/grmpy/SLURM_11202541_35/job-11202541-35-sub-92927/ds/inputs/data/qsiprep/qsiprep/sub-92927/ses-1/dwi/sub-92927_ses-1_acq-multiband_dir-AP_space-ACPC_desc-preproc_dwi.nii.gz	0.0003357958361316	1.3293381583076576	0.5299680623135198	1.3407178673590543	1.3297846944710126	1.340765074007418	0.5294966435023615	1.4374621712486628	1.4374644870955695	sub-92927	ses-1		dir-AP	acq-multiband	space-ACPC			DSIStudio	autotrackgqi
ProjectionBrainstem_MedialLemniscusR	dki_sphericity	DIPYDKI	/scratch/grmpy/SLURM_11202541_35/job-11202541-35-sub-92927/ds/inputs/data/qsiprep/qsiprep/sub-92927/ses-1/dwi/sub-92927_ses-1_acq-multiband_dir-AP_space-ACPC_desc-preproc_dwi.nii.gz	0.0	0.5875027775764465	0.1634917259216308	0.58677077293396	0.5875027775764465	0.58677077293396	0.1634917259216308	0.5224335193634033	0.5224335193634033	sub-92927	ses-1		dir-AP	acq-multiband	space-ACPC			DSIStudio	autotrackgqi
ProjectionBrainstem_MedialForebrainBundleL	dki_ad	DIPYDKI	/scratch/grmpy/SLURM_11202541_35/job-11202541-35-sub-92927/ds/inputs/data/qsiprep/qsiprep/sub-92927/ses-1/dwi/sub-92927_ses-1_acq-multiband_dir-AP_space-ACPC_desc-preproc_dwi.nii.gz	0.000523834468308	0.0017945697763934	0.0010974592296406	0.001485492917709	0.0017955102957785	0.0014857039786875	0.0010969772702082	0.0016724256565794	0.0016724439337849	sub-92927	ses-1		dir-AP	acq-multiband	space-ACPC			DSIStudio	autotrackgqi
ProjectionBrainstem_MedialForebrainBundleL	dki_ak	DIPYDKI	/scratch/grmpy/SLURM_11202541_35/job-11202541-35-sub-92927/ds/inputs/data/qsiprep/qsiprep/sub-92927/ses-1/dwi/sub-92927_ses-1_acq-multiband_dir-AP_space-ACPC_desc-preproc_dwi.nii.gz	0.0157150340492404	0.8176085680008995	0.2265809697920046	0.8169036287051716	0.8306624567928245	0.8208220766179688	0.203261493826678	0.796779356376035	0.8020155988008985	sub-92927	ses-1		dir-AP	acq-multiband	space-ACPC			DSIStudio	autotrackgqi
ProjectionBrainstem_MedialForebrainBundleL	dki_fa	DIPYDKI	/scratch/grmpy/SLURM_11202541_35/job-11202541-35-sub-92927/ds/inputs/data/qsiprep/qsiprep/sub-92927/ses-1/dwi/sub-92927_ses-1_acq-multiband_dir-AP_space-ACPC_desc-preproc_dwi.nii.gz	0.0136196961760083	0.4196248650550842	0.1880999207496643	0.4060929119586944	0.4254189431667328	0.4091110527515411	0.1827709376811981	0.4827501475811004	0.4857693910598755	sub-92927	ses-1		dir-AP	acq-multiband	space-ACPC			DSIStudio	autotrackgqi
ProjectionBrainstem_MedialForebrainBundleL	dki_kfa	DIPYDKI	/scratch/grmpy/SLURM_11202541_35/job-11202541-35-sub-92927/ds/inputs/data/qsiprep/qsiprep/sub-92927/ses-1/dwi/sub-92927_ses-1_acq-multiband_dir-AP_space-ACPC_desc-preproc_dwi.nii.gz	0.0136196961760083	0.5228297114372253	0.1985875517129898	0.5450124144554138	0.5300487875938416	0.5471184253692627	0.190144881606102	0.5694966316223145	0.5730583667755127	sub-92927	ses-1		dir-AP	acq-multiband	space-ACPC			DSIStudio	autotrackgqi
ProjectionBrainstem_MedialForebrainBundleL	dki_linearity	DIPYDKI	/scratch/grmpy/SLURM_11202541_35/job-11202541-35-sub-92927/ds/inputs/data/qsiprep/qsiprep/sub-92927/ses-1/dwi/sub-92927_ses-1_acq-multiband_dir-AP_space-ACPC_desc-preproc_dwi.nii.gz	0.0136196961760083	0.2102382183074951	0.1435473561286926	0.1798095554113388	0.2131411284208297	0.1814986020326614	0.1423784792423248	0.2587111592292785	0.2603292167186737	sub-92927	ses-1		dir-AP	acq-multiband	space-ACPC			DSIStudio	autotrackgqi
ProjectionBrainstem_MedialForebrainBundleL	dki_md	DIPYDKI	/scratch/grmpy/SLURM_11202541_35/job-11202541-35-sub-92927/ds/inputs/data/qsiprep/qsiprep/sub-92927/ses-1/dwi/sub-92927_ses-1_acq-multiband_dir-AP_space-ACPC_desc-preproc_dwi.nii.gz	0.000523834468308	0.0012469867942854	0.0009466253686696	0.000945434498135	0.0012476403499022	0.000945626059547	0.000946442829445	0.001071328879334	0.0010713406372815	sub-92927	ses-1		dir-AP	acq-multiband	space-ACPC			DSIStudio	autotrackgqi
ProjectionBrainstem_MedialForebrainBundleL	dki_mk	DIPYDKI	/scratch/grmpy/SLURM_11202541_35/job-11202541-35-sub-92927/ds/inputs/data/qsiprep/qsiprep/sub-92927/ses-1/dwi/sub-92927_ses-1_acq-multiband_dir-AP_space-ACPC_desc-preproc_dwi.nii.gz	0.0157150340492404	0.9241788891729028	0.3153687525482148	0.9651762483096616	0.9389342732469778	0.9678651502460244	0.295281299569823	0.9243661708240986	0.930440883552918	sub-92927	ses-1		dir-AP	acq-multiband	space-ACPC			DSIStudio	autotrackgqi
ProjectionBrainstem_MedialForebrainBundleL	dki_mkt	DIPYDKI	/scratch/grmpy/SLURM_11202541_35/job-11202541-35-sub-92927/ds/inputs/data/qsiprep/qsiprep/sub-92927/ses-1/dwi/sub-92927_ses-1_acq-multiband_dir-AP_space-ACPC_desc-preproc_dwi.nii.gz	0.000523834468308	0.9569112800203072	0.2737859534027852	0.9956160382544252	0.95741280584841	0.9956288061582146	0.2729796102020905	0.9789065720744484	0.9789173084419652	sub-92927	ses-1		dir-AP	acq-multiband	space-ACPC			DSIStudio	autotrackgqi
ProjectionBrainstem_MedialForebrainBundleL	dki_planarity	DIPYDKI	/scratch/grmpy/SLURM_11202541_35/job-11202541-35-sub-92927/ds/inputs/data/qsiprep/qsiprep/sub-92927/ses-1/dwi/sub-92927_ses-1_acq-multiband_dir-AP_space-ACPC_desc-preproc_dwi.nii.gz	0.0136196961760083	0.1780142486095428	0.1167084202170372	0.1517058610916137	0.1804722249507904	0.153833582997322	0.1156085357069969	0.1834386587142944	0.1845859140157699	sub-92927	ses-1		dir-AP	acq-multiband	space-ACPC			DSIStudio	autotrackgqi
ProjectionBrainstem_MedialForebrainBundleL	dki_rd	DIPYDKI	/scratch/grmpy/SLURM_11202541_35/job-11202541-35-sub-92927/ds/inputs/data/qsiprep/qsiprep/sub-92927/ses-1/dwi/sub-92927_ses-1_acq-multiband_dir-AP_space-ACPC_desc-preproc_dwi.nii.gz	0.000523834468308	0.0009731951868161	0.0009004059247672	0.00070795067586	0.000973705202341	0.0007081453804858	0.0009003661107271	0.0007707805489189	0.0007707889890298	sub-92927	ses-1		dir-AP	acq-multiband	space-ACPC			DSIStudio	autotrackgqi
ProjectionBrainstem_MedialForebrainBundleL	dki_rk	DIPYDKI	/scratch/grmpy/SLURM_11202541_35/job-11202541-35-sub-92927/ds/inputs/data/qsiprep/qsiprep/sub-92927/ses-1/dwi/sub-92927_ses-1_acq-multiband_dir-AP_space-ACPC_desc-preproc_dwi.nii.gz	0.0157150340492404	1.085637169706274	0.5942054764555686	1.073499751879549	1.1029703868915792	1.0808311733641935	0.582751558736843	1.090593375827189	1.097760494056975	sub-92927	ses-1		dir-AP	acq-multiband	space-ACPC			DSIStudio	autotrackgqi
ProjectionBrainstem_MedialForebrainBundleL	dki_sphericity	DIPYDKI	/scratch/grmpy/SLURM_11202541_35/job-11202541-35-sub-92927/ds/inputs/data/qsiprep/qsiprep/sub-92927/ses-1/dwi/sub-92927_ses-1_acq-multiband_dir-AP_space-ACPC_desc-preproc_dwi.nii.gz	0.000523834468308	0.6112236976623535	0.183078646659851	0.6276189088821411	0.6115440726280212	0.6281929612159729	0.1825909316539764	0.5578391551971436	0.5578452944755554	sub-92927	ses-1		dir-AP	acq-multiband	space-ACPC			DSIStudio	autotrackgqi
ProjectionBasalGanglia_AcousticRadiationR	dki_ad	DIPYDKI	/scratch/grmpy/SLURM_11202541_35/job-11202541-35-sub-92927/ds/inputs/data/qsiprep/qsiprep/sub-92927/ses-1/dwi/sub-92927_ses-1_acq-multiband_dir-AP_space-ACPC_desc-preproc_dwi.nii.gz	0.0	0.0017229927470907	0.0008820875664241	0.0014502936974167	0.0017229927470907	0.0014502936974167	0.0008820875664241	0.0017119948752224	0.0017119948752224	sub-92927	ses-1		dir-AP	acq-multiband	space-ACPC			DSIStudio	autotrackgqi
ProjectionBasalGanglia_AcousticRadiationR	dki_ak	DIPYDKI	/scratch/grmpy/SLURM_11202541_35/job-11202541-35-sub-92927/ds/inputs/data/qsiprep/qsiprep/sub-92927/ses-1/dwi/sub-92927_ses-1_acq-multiband_dir-AP_space-ACPC_desc-preproc_dwi.nii.gz	0.0	0.7402868072334358	0.1669444302010045	0.7308286466382395	0.7402868072334358	0.7308286466382395	0.1669444302010045	0.7137786417201881	0.7137786417201881	sub-92927	ses-1		dir-AP	acq-multiband	space-ACPC			DSIStudio	autotrackgqi
ProjectionBasalGanglia_AcousticRadiationR	dki_fa	DIPYDKI	/scratch/grmpy/SLURM_11202541_35/job-11202541-35-sub-92927/ds/inputs/data/qsiprep/qsiprep/sub-92927/ses-1/dwi/sub-92927_ses-1_acq-multiband_dir-AP_space-ACPC_desc-preproc_dwi.nii.gz	0.0	0.3558782339096069	0.1736453473567962	0.3329140245914459	0.3558782339096069	0.3329140245914459	0.1736453473567962	0.3698201775550842	0.3698201775550842	sub-92927	ses-1		dir-AP	acq-multiband	space-ACPC			DSIStudio	autotrackgqi
ProjectionBasalGanglia_AcousticRadiationR	dki_kfa	DIPYDKI	/scratch/grmpy/SLURM_11202541_35/job-11202541-35-sub-92927/ds/inputs/data/qsiprep/qsiprep/sub-92927/ses-1/dwi/sub-92927_ses-1_acq-multiband_dir-AP_space-ACPC_desc-preproc_dwi.nii.gz	0.0011954572624028	0.4480242431163788	0.17680624127388	0.4498381316661834	0.4485604763031006	0.4499863088130951	0.1762308925390243	0.4411759972572326	0.4415591657161712	sub-92927	ses-1		dir-AP	acq-multiband	space-ACPC			DSIStudio	autotrackgqi
ProjectionBasalGanglia_AcousticRadiationR	dki_linearity	DIPYDKI	/scratch/grmpy/SLURM_11202541_35/job-11202541-35-sub-92927/ds/inputs/data/qsiprep/qsiprep/sub-92927/ses-1/dwi/sub-92927_ses-1_acq-multiband_dir-AP_space-ACPC_desc-preproc_dwi.nii.gz	0.0	0.1683524847030639	0.125539481639862	0.1342747062444687	0.1683524847030639	0.1342747062444687	0.125539481639862	0.1837088018655777	0.1837088018655777	sub-92927	ses-1		dir-AP	acq-multiband	space-ACPC			DSIStudio	autotrackgqi
ProjectionBasalGanglia_AcousticRadiationR	dki_md	DIPYDKI	/scratch/grmpy/SLURM_11202541_35/job-11202541-35-sub-92927/ds/inputs/data/qsiprep/qsiprep/sub-92927/ses-1/dwi/sub-92927_ses-1_acq-multiband_dir-AP_space-ACPC_desc-preproc_dwi.nii.gz	0.0	0.0012588632525876	0.0007671938510611	0.0009507937356829	0.0012588632525876	0.0009507937356829	0.0007671938510611	0.001218517543748	0.001218517543748	sub-92927	ses-1		dir-AP	acq-multiband	space-ACPC			DSIStudio	autotrackgqi
ProjectionBasalGanglia_AcousticRadiationR	dki_mk	DIPYDKI	/scratch/grmpy/SLURM_11202541_35/job-11202541-35-sub-92927/ds/inputs/data/qsiprep/qsiprep/sub-92927/ses-1/dwi/sub-92927_ses-1_acq-multiband_dir-AP_space-ACPC_desc-preproc_dwi.nii.gz	0.0	0.8923318213481507	0.2530056746032863	0.8748291339642396	0.8923318213481507	0.8748291339642396	0.2530056746032863	0.8990390376613873	0.8990390376613873	sub-92927	ses-1		dir-AP	acq-multiband	space-ACPC			DSIStudio	autotrackgqi
ProjectionBasalGanglia_AcousticRadiationR	dki_mkt	DIPYDKI	/scratch/grmpy/SLURM_11202541_35/job-11202541-35-sub-92927/ds/inputs/data/qsiprep/qsiprep/sub-92927/ses-1/dwi/sub-92927_ses-1_acq-multiband_dir-AP_space-ACPC_desc-preproc_dwi.nii.gz	0.0	0.8805120819042344	0.2121790156072409	0.8679507144915246	0.8805120819042344	0.8679507144915246	0.2121790156072409	0.8776335880982014	0.8776335880982014	sub-92927	ses-1		dir-AP	acq-multiband	space-ACPC			DSIStudio	autotrackgqi
ProjectionBasalGanglia_AcousticRadiationR	dki_planarity	DIPYDKI	/scratch/grmpy/SLURM_11202541_35/job-11202541-35-sub-92927/ds/inputs/data/qsiprep/qsiprep/sub-92927/ses-1/dwi/sub-92927_ses-1_acq-multiband_dir-AP_space-ACPC_desc-preproc_dwi.nii.gz	0.0	0.1591349989175796	0.1053410694003105	0.1357704550027847	0.1591349989175796	0.1357704550027847	0.1053410694003105	0.1485102325677871	0.1485102325677871	sub-92927	ses-1		dir-AP	acq-multiband	space-ACPC			DSIStudio	autotrackgqi
ProjectionBasalGanglia_AcousticRadiationR	dki_rd	DIPYDKI	/scratch/grmpy/SLURM_11202541_35/job-11202541-35-sub-92927/ds/inputs/data/qsiprep/qsiprep/sub-92927/ses-1/dwi/sub-92927_ses-1_acq-multiband_dir-AP_space-ACPC_desc-preproc_dwi.nii.gz	0.0	0.00102679815609	0.0007412418490275	0.0007710150093771	0.00102679815609	0.0007710150093771	0.0007412418490275	0.0009717789944261	0.0009717789944261	sub-92927	ses-1		dir-AP	acq-multiband	space-ACPC			DSIStudio	autotrackgqi
ProjectionBasalGanglia_AcousticRadiationR	dki_rk	DIPYDKI	/scratch/grmpy/SLURM_11202541_35/job-11202541-35-sub-92927/ds/inputs/data/qsiprep/qsiprep/sub-92927/ses-1/dwi/sub-92927_ses-1_acq-multiband_dir-AP_space-ACPC_desc-preproc_dwi.nii.gz	0.0	1.1098664781070928	0.5431017712432187	1.0350594724924174	1.1098664781070928	1.0350594724924174	0.5431017712432187	1.1555402286372047	1.1555402286372047	sub-92927	ses-1		dir-AP	acq-multiband	space-ACPC			DSIStudio	autotrackgqi
ProjectionBasalGanglia_AcousticRadiationR	dki_sphericity	DIPYDKI	/scratch/grmpy/SLURM_11202541_35/job-11202541-35-sub-92927/ds/inputs/data/qsiprep/qsiprep/sub-92927/ses-1/dwi/sub-92927_ses-1_acq-multiband_dir-AP_space-ACPC_desc-preproc_dwi.nii.gz	0.0	0.6725125908851624	0.1628422290086746	0.6986337900161743	0.6725125908851624	0.6986337900161743	0.1628422290086746	0.6677809357643127	0.6677809357643127	sub-92927	ses-1		dir-AP	acq-multiband	space-ACPC			DSIStudio	autotrackgqi
ProjectionBrainstem_ReticularTractR	dki_ad	DIPYDKI	/scratch/grmpy/SLURM_11202541_35/job-11202541-35-sub-92927/ds/inputs/data/qsiprep/qsiprep/sub-92927/ses-1/dwi/sub-92927_ses-1_acq-multiband_dir-AP_space-ACPC_desc-preproc_dwi.nii.gz	0.0	0.0014784893719479	0.0007240649429149	0.0013444621581584	0.0014784893719479	0.0013444621581584	0.0007240649429149	0.0017651186790317	0.0017651186790317	sub-92927	ses-1		dir-AP	acq-multiband	space-ACPC			DSIStudio	autotrackgqi
ProjectionBrainstem_ReticularTractR	dki_ak	DIPYDKI	/scratch/grmpy/SLURM_11202541_35/job-11202541-35-sub-92927/ds/inputs/data/qsiprep/qsiprep/sub-92927/ses-1/dwi/sub-92927_ses-1_acq-multiband_dir-AP_space-ACPC_desc-preproc_dwi.nii.gz	0.0072906403940886	0.820176098621965	0.2002315477961162	0.8397788400217775	0.8261996229667472	0.8409797482884526	0.1881767444820472	0.8224232277698428	0.824734044927451	sub-92927	ses-1		dir-AP	acq-multiband	space-ACPC			DSIStudio	autotrackgqi
ProjectionBrainstem_ReticularTractR	dki_fa	DIPYDKI	/scratch/grmpy/SLURM_11202541_35/job-11202541-35-sub-92927/ds/inputs/data/qsiprep/qsiprep/sub-92927/ses-1/dwi/sub-92927_ses-1_acq-multiband_dir-AP_space-ACPC_desc-preproc_dwi.nii.gz	0.0053201970443349	0.3742202520370483	0.1554226875305175	0.3677971661090851	0.3762218356132507	0.368374615907669	0.1534026712179184	0.4238613843917846	0.4250372648239136	sub-92927	ses-1		dir-AP	acq-multiband	space-ACPC			DSIStudio	autotrackgqi
ProjectionBrainstem_ReticularTractR	dki_kfa	DIPYDKI	/scratch/grmpy/SLURM_11202541_35/job-11202541-35-sub-92927/ds/inputs/data/qsiprep/qsiprep/sub-92927/ses-1/dwi/sub-92927_ses-1_acq-multiband_dir-AP_space-ACPC_desc-preproc_dwi.nii.gz	0.0145812807881773	0.4811810553073883	0.1547852307558059	0.4817710816860199	0.4883011281490326	0.4841156899929046	0.1443476676940918	0.4798961281776428	0.4814614653587341	sub-92927	ses-1		dir-AP	acq-multiband	space-ACPC			DSIStudio	autotrackgqi
ProjectionBrainstem_ReticularTractR	dki_linearity	DIPYDKI	/scratch/grmpy/SLURM_11202541_35/job-11202541-35-sub-92927/ds/inputs/data/qsiprep/qsiprep/sub-92927/ses-1/dwi/sub-92927_ses-1_acq-multiband_dir-AP_space-ACPC_desc-preproc_dwi.nii.gz	0.0053201970443349	0.1661331951618194	0.1128460094332695	0.1446551978588104	0.1670217812061309	0.1453388780355453	0.1124896332621574	0.205838069319725	0.2064091116189956	sub-92927	ses-1		dir-AP	acq-multiband	space-ACPC			DSIStudio	autotrackgqi
ProjectionBrainstem_ReticularTractR	dki_md	DIPYDKI	/scratch/grmpy/SLURM_11202541_35/job-11202541-35-sub-92927/ds/inputs/data/qsiprep/qsiprep/sub-92927/ses-1/dwi/sub-92927_ses-1_acq-multiband_dir-AP_space-ACPC_desc-preproc_dwi.nii.gz	0.0	0.0010510191787034	0.0005734020960517	0.000933893083129	0.0010510191787034	0.000933893083129	0.0005734020960517	0.0012170084519311	0.0012170084519311	sub-92927	ses-1		dir-AP	acq-multiband	space-ACPC			DSIStudio	autotrackgqi
ProjectionBrainstem_ReticularTractR	dki_mk	DIPYDKI	/scratch/grmpy/SLURM_11202541_35/job-11202541-35-sub-92927/ds/inputs/data/qsiprep/qsiprep/sub-92927/ses-1/dwi/sub-92927_ses-1_acq-multiband_dir-AP_space-ACPC_desc-preproc_dwi.nii.gz	0.0072906403940886	0.9814059362861062	0.2746928101004681	1.0402876520643731	0.9886135622572428	1.0417978515709023	0.2624590385655536	1.0420011166359249	1.0449288965731682	sub-92927	ses-1		dir-AP	acq-multiband	space-ACPC			DSIStudio	autotrackgqi
ProjectionBrainstem_ReticularTractR	dki_mkt	DIPYDKI	/scratch/grmpy/SLURM_11202541_35/job-11202541-35-sub-92927/ds/inputs/data/qsiprep/qsiprep/sub-92927/ses-1/dwi/sub-92927_ses-1_acq-multiband_dir-AP_space-ACPC_desc-preproc_dwi.nii.gz	0.0	0.96947500157234	0.2624487800922792	1.0323597403917906	0.96947500157234	1.0323597403917906	0.2624487800922792	1.0250585918535893	1.0250585918535893	sub-92927	ses-1		dir-AP	acq-multiband	space-ACPC			DSIStudio	autotrackgqi
ProjectionBrainstem_ReticularTractR	dki_planarity	DIPYDKI	/scratch/grmpy/SLURM_11202541_35/job-11202541-35-sub-92927/ds/inputs/data/qsiprep/qsiprep/sub-92927/ses-1/dwi/sub-92927_ses-1_acq-multiband_dir-AP_space-ACPC_desc-preproc_dwi.nii.gz	0.0066995073891625	0.1907079964876175	0.1118994653224945	0.1723249703645706	0.1919942647218704	0.1734729409217834	0.1111709848046302	0.1848188638687133	0.1853365302085876	sub-92927	ses-1		dir-AP	acq-multiband	space-ACPC			DSIStudio	autotrackgqi
ProjectionBrainstem_ReticularTractR	dki_rd	DIPYDKI	/scratch/grmpy/SLURM_11202541_35/job-11202541-35-sub-92927/ds/inputs/data/qsiprep/qsiprep/sub-92927/ses-1/dwi/sub-92927_ses-1_acq-multiband_dir-AP_space-ACPC_desc-preproc_dwi.nii.gz	0.0	0.0008372840238735	0.0005253879353404	0.0007388784433715	0.0008372840238735	0.0007388784433715	0.0005253879353404	0.0009429533965885	0.0009429533965885	sub-92927	ses-1		dir-AP	acq-multiband	space-ACPC			DSIStudio	autotrackgqi
ProjectionBrainstem_ReticularTractR	dki_rk	DIPYDKI	/scratch/grmpy/SLURM_11202541_35/job-11202541-35-sub-92927/ds/inputs/data/qsiprep/qsiprep/sub-92927/ses-1/dwi/sub-92927_ses-1_acq-multiband_dir-AP_space-ACPC_desc-preproc_dwi.nii.gz	0.0072906403940886	1.200037879950254	0.4997791394983789	1.2184011037933389	1.2088511791876817	1.2208486509148009	0.4908764054933788	1.33502200428327	1.338773104685312	sub-92927	ses-1		dir-AP	acq-multiband	space-ACPC			DSIStudio	autotrackgqi
ProjectionBrainstem_ReticularTractR	dki_sphericity	DIPYDKI	/scratch/grmpy/SLURM_11202541_35/job-11202541-35-sub-92927/ds/inputs/data/qsiprep/qsiprep/sub-92927/ses-1/dwi/sub-92927_ses-1_acq-multiband_dir-AP_space-ACPC_desc-preproc_dwi.nii.gz	0.0	0.6431587934494019	0.1526048630475998	0.652803897857666	0.6431587934494019	0.652803897857666	0.1526048630475998	0.6093430519104004	0.6093430519104004	sub-92927	ses-1		dir-AP	acq-multiband	space-ACPC			DSIStudio	autotrackgqi
ProjectionBrainstem_DentatorubrothalamicTract-rl	dki_ad	DIPYDKI	/scratch/grmpy/SLURM_11202541_35/job-11202541-35-sub-92927/ds/inputs/data/qsiprep/qsiprep/sub-92927/ses-1/dwi/sub-92927_ses-1_acq-multiband_dir-AP_space-ACPC_desc-preproc_dwi.nii.gz	0.0	0.0014739431207999	0.000266859336989	0.0014689924428239	0.0014739431207999	0.0014689924428239	0.000266859336989	0.0015105442143976	0.0015105442143976	sub-92927	ses-1		dir-AP	acq-multiband	space-ACPC			DSIStudio	autotrackgqi
ProjectionBrainstem_DentatorubrothalamicTract-rl	dki_ak	DIPYDKI	/scratch/grmpy/SLURM_11202541_35/job-11202541-35-sub-92927/ds/inputs/data/qsiprep/qsiprep/sub-92927/ses-1/dwi/sub-92927_ses-1_acq-multiband_dir-AP_space-ACPC_desc-preproc_dwi.nii.gz	0.0047393364928909	0.8601527638444584	0.1766321086459434	0.835086350123924	0.8642487293865748	0.8413656880123512	0.1667559144030491	0.8559069474091123	0.8573216498977002	sub-92927	ses-1		dir-AP	acq-multiband	space-ACPC			DSIStudio	autotrackgqi
ProjectionBrainstem_DentatorubrothalamicTract-rl	dki_fa	DIPYDKI	/scratch/grmpy/SLURM_11202541_35/job-11202541-35-sub-92927/ds/inputs/data/qsiprep/qsiprep/sub-92927/ses-1/dwi/sub-92927_ses-1_acq-multiband_dir-AP_space-ACPC_desc-preproc_dwi.nii.gz	0.0	0.5255142450332642	0.1531176418066024	0.5326511859893799	0.5255142450332642	0.5326511859893799	0.1531176418066024	0.5492761731147766	0.5492761731147766	sub-92927	ses-1		dir-AP	acq-multiband	space-ACPC			DSIStudio	autotrackgqi
ProjectionBrainstem_DentatorubrothalamicTract-rl	dki_kfa	DIPYDKI	/scratch/grmpy/SLURM_11202541_35/job-11202541-35-sub-92927/ds/inputs/data/qsiprep/qsiprep/sub-92927/ses-1/dwi/sub-92927_ses-1_acq-multiband_dir-AP_space-ACPC_desc-preproc_dwi.nii.gz	0.0	0.5508111119270325	0.1262821555137634	0.5474088788032532	0.5508111119270325	0.5474088788032532	0.1262821555137634	0.5651135444641113	0.5651135444641113	sub-92927	ses-1		dir-AP	acq-multiband	space-ACPC			DSIStudio	autotrackgqi
ProjectionBrainstem_DentatorubrothalamicTract-rl	dki_linearity	DIPYDKI	/scratch/grmpy/SLURM_11202541_35/job-11202541-35-sub-92927/ds/inputs/data/qsiprep/qsiprep/sub-92927/ses-1/dwi/sub-92927_ses-1_acq-multiband_dir-AP_space-ACPC_desc-preproc_dwi.nii.gz	0.0	0.268151193857193	0.1428938657045364	0.2648051083087921	0.268151193857193	0.2648051083087921	0.1428938657045364	0.2941578030586242	0.2941578030586242	sub-92927	ses-1		dir-AP	acq-multiband	space-ACPC			DSIStudio	autotrackgqi
ProjectionBrainstem_DentatorubrothalamicTract-rl	dki_md	DIPYDKI	/scratch/grmpy/SLURM_11202541_35/job-11202541-35-sub-92927/ds/inputs/data/qsiprep/qsiprep/sub-92927/ses-1/dwi/sub-92927_ses-1_acq-multiband_dir-AP_space-ACPC_desc-preproc_dwi.nii.gz	0.0	0.0008940375992096	8.696458098711446e-05	0.0008962470456026	0.0008940375992096	0.0008962470456026	8.696458098711446e-05	0.0008919712854549	0.0008919712854549	sub-92927	ses-1		dir-AP	acq-multiband	space-ACPC			DSIStudio	autotrackgqi
ProjectionBrainstem_DentatorubrothalamicTract-rl	dki_mk	DIPYDKI	/scratch/grmpy/SLURM_11202541_35/job-11202541-35-sub-92927/ds/inputs/data/qsiprep/qsiprep/sub-92927/ses-1/dwi/sub-92927_ses-1_acq-multiband_dir-AP_space-ACPC_desc-preproc_dwi.nii.gz	0.0047393364928909	1.213893120882975	0.2550509792752646	1.2254775279020085	1.219673564315751	1.2259372181039567	0.2414757020087565	1.2278424164104154	1.22987187993841	sub-92927	ses-1		dir-AP	acq-multiband	space-ACPC			DSIStudio	autotrackgqi
ProjectionBrainstem_DentatorubrothalamicTract-rl	dki_mkt	DIPYDKI	/scratch/grmpy/SLURM_11202541_35/job-11202541-35-sub-92927/ds/inputs/data/qsiprep/qsiprep/sub-92927/ses-1/dwi/sub-92927_ses-1_acq-multiband_dir-AP_space-ACPC_desc-preproc_dwi.nii.gz	0.0	1.1833401022596737	0.1254681071427443	1.1798683507960757	1.1833401022596737	1.1798683507960757	0.1254681071427443	1.1887261569294316	1.1887261569294316	sub-92927	ses-1		dir-AP	acq-multiband	space-ACPC			DSIStudio	autotrackgqi
ProjectionBrainstem_DentatorubrothalamicTract-rl	dki_planarity	DIPYDKI	/scratch/grmpy/SLURM_11202541_35/job-11202541-35-sub-92927/ds/inputs/data/qsiprep/qsiprep/sub-92927/ses-1/dwi/sub-92927_ses-1_acq-multiband_dir-AP_space-ACPC_desc-preproc_dwi.nii.gz	0.0	0.2300063967704773	0.1379146575927734	0.2146146446466446	0.2300063967704773	0.2146146446466446	0.1379146575927734	0.2172431200742721	0.2172431200742721	sub-92927	ses-1		dir-AP	acq-multiband	space-ACPC			DSIStudio	autotrackgqi
ProjectionBrainstem_DentatorubrothalamicTract-rl	dki_rd	DIPYDKI	/scratch/grmpy/SLURM_11202541_35/job-11202541-35-sub-92927/ds/inputs/data/qsiprep/qsiprep/sub-92927/ses-1/dwi/sub-92927_ses-1_acq-multiband_dir-AP_space-ACPC_desc-preproc_dwi.nii.gz	0.0	0.0006040848093107	0.0001376719446852	0.0006151259876787	0.0006040848093107	0.0006151259876787	0.0001376719446852	0.0005826848791912	0.0005826848791912	sub-92927	ses-1		dir-AP	acq-multiband	space-ACPC			DSIStudio	autotrackgqi
ProjectionBrainstem_DentatorubrothalamicTract-rl	dki_rk	DIPYDKI	/scratch/grmpy/SLURM_11202541_35/job-11202541-35-sub-92927/ds/inputs/data/qsiprep/qsiprep/sub-92927/ses-1/dwi/sub-92927_ses-1_acq-multiband_dir-AP_space-ACPC_desc-preproc_dwi.nii.gz	0.0047393364928909	1.6759692696805888	0.6597576826900758	1.633069116201808	1.6839500757266868	1.633958303562459	0.6510865409293983	1.7196954410238994	1.7225378747819124	sub-92927	ses-1		dir-AP	acq-multiband	space-ACPC			DSIStudio	autotrackgqi
ProjectionBrainstem_DentatorubrothalamicTract-rl	dki_sphericity	DIPYDKI	/scratch/grmpy/SLURM_11202541_35/job-11202541-35-sub-92927/ds/inputs/data/qsiprep/qsiprep/sub-92927/ses-1/dwi/sub-92927_ses-1_acq-multiband_dir-AP_space-ACPC_desc-preproc_dwi.nii.gz	0.0	0.5018423795700073	0.1550648510456085	0.5175749659538269	0.5018423795700073	0.5175749659538269	0.1550648510456085	0.4885990619659424	0.4885990619659424	sub-92927	ses-1		dir-AP	acq-multiband	space-ACPC			DSIStudio	autotrackgqi
ProjectionBasalGanglia_FasciculusSubthalamicusL	dki_ad	DIPYDKI	/scratch/grmpy/SLURM_11202541_35/job-11202541-35-sub-92927/ds/inputs/data/qsiprep/qsiprep/sub-92927/ses-1/dwi/sub-92927_ses-1_acq-multiband_dir-AP_space-ACPC_desc-preproc_dwi.nii.gz	0.0	0.001432322547771	0.0007211115444079	0.0012657969491556	0.001432322547771	0.0012657969491556	0.0007211115444079	0.0013375233393162	0.0013375233393162	sub-92927	ses-1		dir-AP	acq-multiband	space-ACPC			DSIStudio	autotrackgqi
ProjectionBasalGanglia_FasciculusSubthalamicusL	dki_ak	DIPYDKI	/scratch/grmpy/SLURM_11202541_35/job-11202541-35-sub-92927/ds/inputs/data/qsiprep/qsiprep/sub-92927/ses-1/dwi/sub-92927_ses-1_acq-multiband_dir-AP_space-ACPC_desc-preproc_dwi.nii.gz	0.0	0.8444450378569152	0.1761779774913857	0.8511723250217997	0.8444450378569152	0.8511723250217997	0.1761779774913857	0.8471344530436123	0.8471344530436123	sub-92927	ses-1		dir-AP	acq-multiband	space-ACPC			DSIStudio	autotrackgqi
ProjectionBasalGanglia_FasciculusSubthalamicusL	dki_fa	DIPYDKI	/scratch/grmpy/SLURM_11202541_35/job-11202541-35-sub-92927/ds/inputs/data/qsiprep/qsiprep/sub-92927/ses-1/dwi/sub-92927_ses-1_acq-multiband_dir-AP_space-ACPC_desc-preproc_dwi.nii.gz	0.0	0.3651476800441742	0.149814173579216	0.3359799385070801	0.3651476800441742	0.3359799385070801	0.149814173579216	0.3866037130355835	0.3866037130355835	sub-92927	ses-1		dir-AP	acq-multiband	space-ACPC			DSIStudio	autotrackgqi
ProjectionBasalGanglia_FasciculusSubthalamicusL	dki_kfa	DIPYDKI	/scratch/grmpy/SLURM_11202541_35/job-11202541-35-sub-92927/ds/inputs/data/qsiprep/qsiprep/sub-92927/ses-1/dwi/sub-92927_ses-1_acq-multiband_dir-AP_space-ACPC_desc-preproc_dwi.nii.gz	0.0040160642570281	0.5032345056533813	0.1532569527626037	0.501659631729126	0.5052636861801147	0.5024934411048889	0.1501903384923935	0.5161499381065369	0.5175309181213379	sub-92927	ses-1		dir-AP	acq-multiband	space-ACPC			DSIStudio	autotrackgqi
ProjectionBasalGanglia_FasciculusSubthalamicusL	dki_linearity	DIPYDKI	/scratch/grmpy/SLURM_11202541_35/job-11202541-35-sub-92927/ds/inputs/data/qsiprep/qsiprep/sub-92927/ses-1/dwi/sub-92927_ses-1_acq-multiband_dir-AP_space-ACPC_desc-preproc_dwi.nii.gz	0.0	0.1606255918741226	0.1087588369846344	0.1330353319644928	0.1606255918741226	0.1330353319644928	0.1087588369846344	0.1705013662576675	0.1705013662576675	sub-92927	ses-1		dir-AP	acq-multiband	space-ACPC			DSIStudio	autotrackgqi
ProjectionBasalGanglia_FasciculusSubthalamicusL	dki_md	DIPYDKI	/scratch/grmpy/SLURM_11202541_35/job-11202541-35-sub-92927/ds/inputs/data/qsiprep/qsiprep/sub-92927/ses-1/dwi/sub-92927_ses-1_acq-multiband_dir-AP_space-ACPC_desc-preproc_dwi.nii.gz	0.0	0.0010282908333465	0.0005893064080737	0.0008948224713094	0.0010282908333465	0.0008948224713094	0.0005893064080737	0.0009319155942648	0.0009319155942648	sub-92927	ses-1		dir-AP	acq-multiband	space-ACPC			DSIStudio	autotrackgqi
ProjectionBasalGanglia_FasciculusSubthalamicusL	dki_mk	DIPYDKI	/scratch/grmpy/SLURM_11202541_35/job-11202541-35-sub-92927/ds/inputs/data/qsiprep/qsiprep/sub-92927/ses-1/dwi/sub-92927_ses-1_acq-multiband_dir-AP_space-ACPC_desc-preproc_dwi.nii.gz	0.0	0.9348805792165789	0.2711459567709207	0.9442204296418424	0.9348805792165789	0.9442204296418424	0.2711459567709207	0.9480026316033217	0.9480026316033217	sub-92927	ses-1		dir-AP	acq-multiband	space-ACPC			DSIStudio	autotrackgqi
ProjectionBasalGanglia_FasciculusSubthalamicusL	dki_mkt	DIPYDKI	/scratch/grmpy/SLURM_11202541_35/job-11202541-35-sub-92927/ds/inputs/data/qsiprep/qsiprep/sub-92927/ses-1/dwi/sub-92927_ses-1_acq-multiband_dir-AP_space-ACPC_desc-preproc_dwi.nii.gz	0.0	0.955976469550544	0.2247165900210111	0.9667538423436024	0.955976469550544	0.9667538423436024	0.2247165900210111	0.9704318576949168	0.9704318576949168	sub-92927	ses-1		dir-AP	acq-multiband	space-ACPC			DSIStudio	autotrackgqi
ProjectionBasalGanglia_FasciculusSubthalamicusL	dki_planarity	DIPYDKI	/scratch/grmpy/SLURM_11202541_35/job-11202541-35-sub-92927/ds/inputs/data/qsiprep/qsiprep/sub-92927/ses-1/dwi/sub-92927_ses-1_acq-multiband_dir-AP_space-ACPC_desc-preproc_dwi.nii.gz	0.0	0.188534140586853	0.1045577079057693	0.1702401340007782	0.188534140586853	0.1702401340007782	0.1045577079057693	0.1986849904060363	0.1986849904060363	sub-92927	ses-1		dir-AP	acq-multiband	space-ACPC			DSIStudio	autotrackgqi
ProjectionBasalGanglia_FasciculusSubthalamicusL	dki_rd	DIPYDKI	/scratch/grmpy/SLURM_11202541_35/job-11202541-35-sub-92927/ds/inputs/data/qsiprep/qsiprep/sub-92927/ses-1/dwi/sub-92927_ses-1_acq-multiband_dir-AP_space-ACPC_desc-preproc_dwi.nii.gz	0.0	0.0008262750343419	0.0005498456885106	0.0007311401423066	0.0008262750343419	0.0007311401423066	0.0005498456885106	0.0007291117217391	0.0007291117217391	sub-92927	ses-1		dir-AP	acq-multiband	space-ACPC			DSIStudio	autotrackgqi
ProjectionBasalGanglia_FasciculusSubthalamicusL	dki_rk	DIPYDKI	/scratch/grmpy/SLURM_11202541_35/job-11202541-35-sub-92927/ds/inputs/data/qsiprep/qsiprep/sub-92927/ses-1/dwi/sub-92927_ses-1_acq-multiband_dir-AP_space-ACPC_desc-preproc_dwi.nii.gz	0.0	1.0625316189519785	0.4959061626939006	1.0288040457119425	1.0625316189519785	1.0288040457119425	0.4959061626939006	1.0821468745448697	1.0821468745448697	sub-92927	ses-1		dir-AP	acq-multiband	space-ACPC			DSIStudio	autotrackgqi
ProjectionBasalGanglia_FasciculusSubthalamicusL	dki_sphericity	DIPYDKI	/scratch/grmpy/SLURM_11202541_35/job-11202541-35-sub-92927/ds/inputs/data/qsiprep/qsiprep/sub-92927/ses-1/dwi/sub-92927_ses-1_acq-multiband_dir-AP_space-ACPC_desc-preproc_dwi.nii.gz	0.0	0.6508402824401855	0.1498360484838485	0.6767834424972534	0.6508402824401855	0.6767834424972534	0.1498360484838485	0.6308136582374573	0.6308136582374573	sub-92927	ses-1		dir-AP	acq-multiband	space-ACPC			DSIStudio	autotrackgqi
ProjectionBrainstem_NonDecussatingDentatorubrothalamicTractR	dki_ad	DIPYDKI	/scratch/grmpy/SLURM_11202541_35/job-11202541-35-sub-92927/ds/inputs/data/qsiprep/qsiprep/sub-92927/ses-1/dwi/sub-92927_ses-1_acq-multiband_dir-AP_space-ACPC_desc-preproc_dwi.nii.gz	0.0	0.0014238094445317	0.0005790420109406	0.0013149450533092	0.0014238094445317	0.0013149450533092	0.0005790420109406	0.0016262815333902	0.0016262815333902	sub-92927	ses-1		dir-AP	acq-multiband	space-ACPC			DSIStudio	autotrackgqi
ProjectionBrainstem_NonDecussatingDentatorubrothalamicTractR	dki_ak	DIPYDKI	/scratch/grmpy/SLURM_11202541_35/job-11202541-35-sub-92927/ds/inputs/data/qsiprep/qsiprep/sub-92927/ses-1/dwi/sub-92927_ses-1_acq-multiband_dir-AP_space-ACPC_desc-preproc_dwi.nii.gz	0.0	0.8501733141474295	0.1728065533545067	0.8474683205352097	0.8501733141474295	0.8474683205352097	0.1728065533545067	0.823952887961777	0.823952887961777	sub-92927	ses-1		dir-AP	acq-multiband	space-ACPC			DSIStudio	autotrackgqi
ProjectionBrainstem_NonDecussatingDentatorubrothalamicTractR	dki_fa	DIPYDKI	/scratch/grmpy/SLURM_11202541_35/job-11202541-35-sub-92927/ds/inputs/data/qsiprep/qsiprep/sub-92927/ses-1/dwi/sub-92927_ses-1_acq-multiband_dir-AP_space-ACPC_desc-preproc_dwi.nii.gz	0.0	0.4148522615432739	0.1616501063108444	0.4117167592048645	0.4148522615432739	0.4117167592048645	0.1616501063108444	0.4658114314079284	0.4658114314079284	sub-92927	ses-1		dir-AP	acq-multiband	space-ACPC			DSIStudio	autotrackgqi
ProjectionBrainstem_NonDecussatingDentatorubrothalamicTractR	dki_kfa	DIPYDKI	/scratch/grmpy/SLURM_11202541_35/job-11202541-35-sub-92927/ds/inputs/data/qsiprep/qsiprep/sub-92927/ses-1/dwi/sub-92927_ses-1_acq-multiband_dir-AP_space-ACPC_desc-preproc_dwi.nii.gz	0.0010782833728703	0.4971216917037964	0.1422347426414489	0.5003371834754944	0.4976583123207092	0.5003853440284729	0.1413701176643371	0.5240130424499512	0.5247736573219299	sub-92927	ses-1		dir-AP	acq-multiband	space-ACPC			DSIStudio	autotrackgqi
ProjectionBrainstem_NonDecussatingDentatorubrothalamicTractR	dki_linearity	DIPYDKI	/scratch/grmpy/SLURM_11202541_35/job-11202541-35-sub-92927/ds/inputs/data/qsiprep/qsiprep/sub-92927/ses-1/dwi/sub-92927_ses-1_acq-multiband_dir-AP_space-ACPC_desc-preproc_dwi.nii.gz	0.0	0.1903161108493805	0.1198510378599166	0.1672961711883545	0.1903161108493805	0.1672961711883545	0.1198510378599166	0.2340045869350433	0.2340045869350433	sub-92927	ses-1		dir-AP	acq-multiband	space-ACPC			DSIStudio	autotrackgqi
ProjectionBrainstem_NonDecussatingDentatorubrothalamicTractR	dki_md	DIPYDKI	/scratch/grmpy/SLURM_11202541_35/job-11202541-35-sub-92927/ds/inputs/data/qsiprep/qsiprep/sub-92927/ses-1/dwi/sub-92927_ses-1_acq-multiband_dir-AP_space-ACPC_desc-preproc_dwi.nii.gz	0.0	0.0009763003909029	0.0004625922592822	0.0008795174653641	0.0009763003909029	0.0008795174653641	0.0004625922592822	0.0010631571058183	0.0010631571058183	sub-92927	ses-1		dir-AP	acq-multiband	space-ACPC			DSIStudio	autotrackgqi
ProjectionBrainstem_NonDecussatingDentatorubrothalamicTractR	dki_mk	DIPYDKI	/scratch/grmpy/SLURM_11202541_35/job-11202541-35-sub-92927/ds/inputs/data/qsiprep/qsiprep/sub-92927/ses-1/dwi/sub-92927_ses-1_acq-multiband_dir-AP_space-ACPC_desc-preproc_dwi.nii.gz	0.0	1.0667619965841473	0.2479030326118611	1.1078201155808536	1.0667619965841473	1.1078201155808536	0.2479030326118611	1.0632113274410573	1.0632113274410573	sub-92927	ses-1		dir-AP	acq-multiband	space-ACPC			DSIStudio	autotrackgqi
ProjectionBrainstem_NonDecussatingDentatorubrothalamicTractR	dki_mkt	DIPYDKI	/scratch/grmpy/SLURM_11202541_35/job-11202541-35-sub-92927/ds/inputs/data/qsiprep/qsiprep/sub-92927/ses-1/dwi/sub-92927_ses-1_acq-multiband_dir-AP_space-ACPC_desc-preproc_dwi.nii.gz	0.0	1.0471779713970455	0.2012275591227934	1.0775589378410635	1.0471779713970455	1.0775589378410635	0.2012275591227934	1.0445760516174247	1.0445760516174247	sub-92927	ses-1		dir-AP	acq-multiband	space-ACPC			DSIStudio	autotrackgqi
ProjectionBrainstem_NonDecussatingDentatorubrothalamicTractR	dki_planarity	DIPYDKI	/scratch/grmpy/SLURM_11202541_35/job-11202541-35-sub-92927/ds/inputs/data/qsiprep/qsiprep/sub-92927/ses-1/dwi/sub-92927_ses-1_acq-multiband_dir-AP_space-ACPC_desc-preproc_dwi.nii.gz	0.0	0.2074391096830368	0.1150911152362823	0.1924321353435516	0.2074391096830368	0.1924321353435516	0.1150911152362823	0.1998946070671081	0.1998946070671081	sub-92927	ses-1		dir-AP	acq-multiband	space-ACPC			DSIStudio	autotrackgqi
ProjectionBrainstem_NonDecussatingDentatorubrothalamicTractR	dki_rd	DIPYDKI	/scratch/grmpy/SLURM_11202541_35/job-11202541-35-sub-92927/ds/inputs/data/qsiprep/qsiprep/sub-92927/ses-1/dwi/sub-92927_ses-1_acq-multiband_dir-AP_space-ACPC_desc-preproc_dwi.nii.gz	0.0	0.0007525459513999	0.0004426265077199	0.0006696480559185	0.0007525459513999	0.0006696480559185	0.0004426265077199	0.0007815947756171	0.0007815947756171	sub-92927	ses-1		dir-AP	acq-multiband	space-ACPC			DSIStudio	autotrackgqi
ProjectionBrainstem_NonDecussatingDentatorubrothalamicTractR	dki_rk	DIPYDKI	/scratch/grmpy/SLURM_11202541_35/job-11202541-35-sub-92927/ds/inputs/data/qsiprep/qsiprep/sub-92927/ses-1/dwi/sub-92927_ses-1_acq-multiband_dir-AP_space-ACPC_desc-preproc_dwi.nii.gz	0.0	1.362684247959417	0.5276974126756949	1.3534424790308943	1.362684247959417	1.3534424790308943	0.5276974126756949	1.3962743145377057	1.3962743145377057	sub-92927	ses-1		dir-AP	acq-multiband	space-ACPC			DSIStudio	autotrackgqi
ProjectionBrainstem_NonDecussatingDentatorubrothalamicTractR	dki_sphericity	DIPYDKI	/scratch/grmpy/SLURM_11202541_35/job-11202541-35-sub-92927/ds/inputs/data/qsiprep/qsiprep/sub-92927/ses-1/dwi/sub-92927_ses-1_acq-multiband_dir-AP_space-ACPC_desc-preproc_dwi.nii.gz	0.0	0.6022447943687439	0.1605943739414215	0.6068746447563171	0.6022447943687439	0.6068746447563171	0.1605943739414215	0.5661007761955261	0.5661007761955261	sub-92927	ses-1		dir-AP	acq-multiband	space-ACPC			DSIStudio	autotrackgqi
ProjectionBrainstem_MedialLemniscusL	dki_ad	DIPYDKI	/scratch/grmpy/SLURM_11202541_35/job-11202541-35-sub-92927/ds/inputs/data/qsiprep/qsiprep/sub-92927/ses-1/dwi/sub-92927_ses-1_acq-multiband_dir-AP_space-ACPC_desc-preproc_dwi.nii.gz	0.0	0.0015287287533283	0.0008063390268944	0.0013654194772243	0.0015287287533283	0.0013654194772243	0.0008063390268944	0.0016729836352169	0.0016729836352169	sub-92927	ses-1		dir-AP	acq-multiband	space-ACPC			DSIStudio	autotrackgqi
ProjectionBrainstem_MedialLemniscusL	dki_ak	DIPYDKI	/scratch/grmpy/SLURM_11202541_35/job-11202541-35-sub-92927/ds/inputs/data/qsiprep/qsiprep/sub-92927/ses-1/dwi/sub-92927_ses-1_acq-multiband_dir-AP_space-ACPC_desc-preproc_dwi.nii.gz	0.0007892659826361	0.8089842034876794	0.1605026889881721	0.8021796937050268	0.8096232115473063	0.8023128565102224	0.1589468648499242	0.8103165880882004	0.8104846062827339	sub-92927	ses-1		dir-AP	acq-multiband	space-ACPC			DSIStudio	autotrackgqi
ProjectionBrainstem_MedialLemniscusL	dki_fa	DIPYDKI	/scratch/grmpy/SLURM_11202541_35/job-11202541-35-sub-92927/ds/inputs/data/qsiprep/qsiprep/sub-92927/ses-1/dwi/sub-92927_ses-1_acq-multiband_dir-AP_space-ACPC_desc-preproc_dwi.nii.gz	0.0	0.4372468888759613	0.1695867627859115	0.4426203370094299	0.4372468888759613	0.4426203370094299	0.1695867627859115	0.4720548987388611	0.4720548987388611	sub-92927	ses-1		dir-AP	acq-multiband	space-ACPC			DSIStudio	autotrackgqi
ProjectionBrainstem_MedialLemniscusL	dki_kfa	DIPYDKI	/scratch/grmpy/SLURM_11202541_35/job-11202541-35-sub-92927/ds/inputs/data/qsiprep/qsiprep/sub-92927/ses-1/dwi/sub-92927_ses-1_acq-multiband_dir-AP_space-ACPC_desc-preproc_dwi.nii.gz	0.0	0.5160487294197083	0.1475513577461242	0.5275155901908875	0.5160487294197083	0.5275155901908875	0.1475513577461242	0.5217227935791016	0.5217227935791016	sub-92927	ses-1		dir-AP	acq-multiband	space-ACPC			DSIStudio	autotrackgqi
ProjectionBrainstem_MedialLemniscusL	dki_linearity	DIPYDKI	/scratch/grmpy/SLURM_11202541_35/job-11202541-35-sub-92927/ds/inputs/data/qsiprep/qsiprep/sub-92927/ses-1/dwi/sub-92927_ses-1_acq-multiband_dir-AP_space-ACPC_desc-preproc_dwi.nii.gz	0.0	0.2069598138332367	0.1262986660003662	0.1867953836917877	0.2069598138332367	0.1867953836917877	0.1262986660003662	0.2344646155834198	0.2344646155834198	sub-92927	ses-1		dir-AP	acq-multiband	space-ACPC			DSIStudio	autotrackgqi
ProjectionBrainstem_MedialLemniscusL	dki_md	DIPYDKI	/scratch/grmpy/SLURM_11202541_35/job-11202541-35-sub-92927/ds/inputs/data/qsiprep/qsiprep/sub-92927/ses-1/dwi/sub-92927_ses-1_acq-multiband_dir-AP_space-ACPC_desc-preproc_dwi.nii.gz	0.0	0.0010417856974527	0.0007152595208026	0.0008842353709042	0.0010417856974527	0.0008842353709042	0.0007152595208026	0.0011089765466749	0.0011089765466749	sub-92927	ses-1		dir-AP	acq-multiband	space-ACPC			DSIStudio	autotrackgqi
ProjectionBrainstem_MedialLemniscusL	dki_mk	DIPYDKI	/scratch/grmpy/SLURM_11202541_35/job-11202541-35-sub-92927/ds/inputs/data/qsiprep/qsiprep/sub-92927/ses-1/dwi/sub-92927_ses-1_acq-multiband_dir-AP_space-ACPC_desc-preproc_dwi.nii.gz	0.0007892659826361	1.0175010356654046	0.2564996511777381	1.0628428806978285	1.0183047489637185	1.0631897792826674	0.2550012047939605	1.063380325362025	1.063600815746595	sub-92927	ses-1		dir-AP	acq-multiband	space-ACPC			DSIStudio	autotrackgqi
ProjectionBrainstem_MedialLemniscusL	dki_mkt	DIPYDKI	/scratch/grmpy/SLURM_11202541_35/job-11202541-35-sub-92927/ds/inputs/data/qsiprep/qsiprep/sub-92927/ses-1/dwi/sub-92927_ses-1_acq-multiband_dir-AP_space-ACPC_desc-preproc_dwi.nii.gz	0.0	1.0061605997879	0.19756454094098	1.0454713953455386	1.0061605997879	1.0454713953455386	0.19756454094098	1.0467226105529324	1.0467226105529324	sub-92927	ses-1		dir-AP	acq-multiband	space-ACPC			DSIStudio	autotrackgqi
ProjectionBrainstem_MedialLemniscusL	dki_planarity	DIPYDKI	/scratch/grmpy/SLURM_11202541_35/job-11202541-35-sub-92927/ds/inputs/data/qsiprep/qsiprep/sub-92927/ses-1/dwi/sub-92927_ses-1_acq-multiband_dir-AP_space-ACPC_desc-preproc_dwi.nii.gz	0.0	0.2141800224781036	0.1182511374354362	0.2003237009048462	0.2141800224781036	0.2003237009048462	0.1182511374354362	0.2154087126255035	0.2154087126255035	sub-92927	ses-1		dir-AP	acq-multiband	space-ACPC			DSIStudio	autotrackgqi
ProjectionBrainstem_MedialLemniscusL	dki_rd	DIPYDKI	/scratch/grmpy/SLURM_11202541_35/job-11202541-35-sub-92927/ds/inputs/data/qsiprep/qsiprep/sub-92927/ses-1/dwi/sub-92927_ses-1_acq-multiband_dir-AP_space-ACPC_desc-preproc_dwi.nii.gz	0.0	0.0007983142277225	0.0006953635602258	0.0006570655386894	0.0007983142277225	0.0006570655386894	0.0006953635602258	0.0008269731188192	0.0008269731188192	sub-92927	ses-1		dir-AP	acq-multiband	space-ACPC			DSIStudio	autotrackgqi
ProjectionBrainstem_MedialLemniscusL	dki_rk	DIPYDKI	/scratch/grmpy/SLURM_11202541_35/job-11202541-35-sub-92927/ds/inputs/data/qsiprep/qsiprep/sub-92927/ses-1/dwi/sub-92927_ses-1_acq-multiband_dir-AP_space-ACPC_desc-preproc_dwi.nii.gz	0.0007892659826361	1.3107168367075566	0.537992093571323	1.334868806349078	1.3117521580635658	1.3351981786631582	0.5369413652852657	1.3983601593624218	1.398650106814788	sub-92927	ses-1		dir-AP	acq-multiband	space-ACPC			DSIStudio	autotrackgqi
ProjectionBrainstem_MedialLemniscusL	dki_sphericity	DIPYDKI	/scratch/grmpy/SLURM_11202541_35/job-11202541-35-sub-92927/ds/inputs/data/qsiprep/qsiprep/sub-92927/ses-1/dwi/sub-92927_ses-1_acq-multiband_dir-AP_space-ACPC_desc-preproc_dwi.nii.gz	0.0	0.5788601636886597	0.1750753819942474	0.5761224031448364	0.5788601636886597	0.5761224031448364	0.1750753819942474	0.5501266717910767	0.5501266717910767	sub-92927	ses-1		dir-AP	acq-multiband	space-ACPC			DSIStudio	autotrackgqi
ProjectionBrainstem_CorticopontineTractL	dki_ad	DIPYDKI	/scratch/grmpy/SLURM_11202541_35/job-11202541-35-sub-92927/ds/inputs/data/qsiprep/qsiprep/sub-92927/ses-1/dwi/sub-92927_ses-1_acq-multiband_dir-AP_space-ACPC_desc-preproc_dwi.nii.gz	0.0	0.0014732454437762	0.0006221361109055	0.0013526282273232	0.0014732454437762	0.0013526282273232	0.0006221361109055	0.0015827398747205	0.0015827398747205	sub-92927	ses-1		dir-AP	acq-multiband	space-ACPC			DSIStudio	autotrackgqi
ProjectionBrainstem_CorticopontineTractL	dki_ak	DIPYDKI	/scratch/grmpy/SLURM_11202541_35/job-11202541-35-sub-92927/ds/inputs/data/qsiprep/qsiprep/sub-92927/ses-1/dwi/sub-92927_ses-1_acq-multiband_dir-AP_space-ACPC_desc-preproc_dwi.nii.gz	0.0024621878297572	0.8111872331601949	0.1811446987518603	0.7955238342591074	0.8131894583478259	0.7957386943503573	0.1768225258467102	0.814729452433146	0.820063882286196	sub-92927	ses-1		dir-AP	acq-multiband	space-ACPC			DSIStudio	autotrackgqi
ProjectionBrainstem_CorticopontineTractL	dki_fa	DIPYDKI	/scratch/grmpy/SLURM_11202541_35/job-11202541-35-sub-92927/ds/inputs/data/qsiprep/qsiprep/sub-92927/ses-1/dwi/sub-92927_ses-1_acq-multiband_dir-AP_space-ACPC_desc-preproc_dwi.nii.gz	0.0	0.4285803735256195	0.1884646117687225	0.4314561784267425	0.4285803735256195	0.4314561784267425	0.1884646117687225	0.4976193010807037	0.4976193010807037	sub-92927	ses-1		dir-AP	acq-multiband	space-ACPC			DSIStudio	autotrackgqi
ProjectionBrainstem_CorticopontineTractL	dki_kfa	DIPYDKI	/scratch/grmpy/SLURM_11202541_35/job-11202541-35-sub-92927/ds/inputs/data/qsiprep/qsiprep/sub-92927/ses-1/dwi/sub-92927_ses-1_acq-multiband_dir-AP_space-ACPC_desc-preproc_dwi.nii.gz	0.0011724703951225	0.5165549516677856	0.1608228534460067	0.5175405740737915	0.5171613097190857	0.517750084400177	0.1599399000406265	0.5530123114585876	0.5530225038528442	sub-92927	ses-1		dir-AP	acq-multiband	space-ACPC			DSIStudio	autotrackgqi
ProjectionBrainstem_CorticopontineTractL	dki_linearity	DIPYDKI	/scratch/grmpy/SLURM_11202541_35/job-11202541-35-sub-92927/ds/inputs/data/qsiprep/qsiprep/sub-92927/ses-1/dwi/sub-92927_ses-1_acq-multiband_dir-AP_space-ACPC_desc-preproc_dwi.nii.gz	0.0	0.2078999280929565	0.1422222554683685	0.1782688200473785	0.2078999280929565	0.1782688200473785	0.1422222554683685	0.2564579248428345	0.2564579248428345	sub-92927	ses-1		dir-AP	acq-multiband	space-ACPC			DSIStudio	autotrackgqi
ProjectionBrainstem_CorticopontineTractL	dki_md	DIPYDKI	/scratch/grmpy/SLURM_11202541_35/job-11202541-35-sub-92927/ds/inputs/data/qsiprep/qsiprep/sub-92927/ses-1/dwi/sub-92927_ses-1_acq-multiband_dir-AP_space-ACPC_desc-preproc_dwi.nii.gz	0.0	0.0009942860342562	0.0005271296249702	0.0008941741543821	0.0009942860342562	0.0008941741543821	0.0005271296249702	0.0010039521148428	0.0010039521148428	sub-92927	ses-1		dir-AP	acq-multiband	space-ACPC			DSIStudio	autotrackgqi
ProjectionBrainstem_CorticopontineTractL	dki_mk	DIPYDKI	/scratch/grmpy/SLURM_11202541_35/job-11202541-35-sub-92927/ds/inputs/data/qsiprep/qsiprep/sub-92927/ses-1/dwi/sub-92927_ses-1_acq-multiband_dir-AP_space-ACPC_desc-preproc_dwi.nii.gz	0.0024621878297572	1.0064593920282332	0.2686093789164366	1.0566535635042231	1.0089436006827457	1.0572457065950482	0.2642397771211116	1.0513385533896245	1.0582221780052454	sub-92927	ses-1		dir-AP	acq-multiband	space-ACPC			DSIStudio	autotrackgqi
ProjectionBrainstem_CorticopontineTractL	dki_mkt	DIPYDKI	/scratch/grmpy/SLURM_11202541_35/job-11202541-35-sub-92927/ds/inputs/data/qsiprep/qsiprep/sub-92927/ses-1/dwi/sub-92927_ses-1_acq-multiband_dir-AP_space-ACPC_desc-preproc_dwi.nii.gz	0.0	0.9949121572068996	0.1998505559915969	1.0251782001315684	0.9949121572068996	1.0251782001315684	0.1998505559915969	1.0599066158928463	1.0599066158928463	sub-92927	ses-1		dir-AP	acq-multiband	space-ACPC			DSIStudio	autotrackgqi
ProjectionBrainstem_CorticopontineTractL	dki_planarity	DIPYDKI	/scratch/grmpy/SLURM_11202541_35/job-11202541-35-sub-92927/ds/inputs/data/qsiprep/qsiprep/sub-92927/ses-1/dwi/sub-92927_ses-1_acq-multiband_dir-AP_space-ACPC_desc-preproc_dwi.nii.gz	0.0	0.2004183232784271	0.1197833493351936	0.1819750517606735	0.2004183232784271	0.1819750517606735	0.1197833493351936	0.2160160392522812	0.2160160392522812	sub-92927	ses-1		dir-AP	acq-multiband	space-ACPC			DSIStudio	autotrackgqi
ProjectionBrainstem_CorticopontineTractL	dki_rd	DIPYDKI	/scratch/grmpy/SLURM_11202541_35/job-11202541-35-sub-92927/ds/inputs/data/qsiprep/qsiprep/sub-92927/ses-1/dwi/sub-92927_ses-1_acq-multiband_dir-AP_space-ACPC_desc-preproc_dwi.nii.gz	0.0	0.0007548062130808	0.0005250516696833	0.0006730837048962	0.0007548062130808	0.0006730837048962	0.0005250516696833	0.0007145581184886	0.0007145581184886	sub-92927	ses-1		dir-AP	acq-multiband	space-ACPC			DSIStudio	autotrackgqi
ProjectionBrainstem_CorticopontineTractL	dki_rk	DIPYDKI	/scratch/grmpy/SLURM_11202541_35/job-11202541-35-sub-92927/ds/inputs/data/qsiprep/qsiprep/sub-92927/ses-1/dwi/sub-92927_ses-1_acq-multiband_dir-AP_space-ACPC_desc-preproc_dwi.nii.gz	0.0024621878297572	1.325714725608082	0.5988364357255012	1.3340951140139226	1.3289869410803163	1.336391439247063	0.5959374778778039	1.410263126539368	1.41949680444259	sub-92927	ses-1		dir-AP	acq-multiband	space-ACPC			DSIStudio	autotrackgqi
ProjectionBrainstem_CorticopontineTractL	dki_sphericity	DIPYDKI	/scratch/grmpy/SLURM_11202541_35/job-11202541-35-sub-92927/ds/inputs/data/qsiprep/qsiprep/sub-92927/ses-1/dwi/sub-92927_ses-1_acq-multiband_dir-AP_space-ACPC_desc-preproc_dwi.nii.gz	0.0	0.591681718826294	0.1857284307479858	0.590599775314331	0.591681718826294	0.590599775314331	0.1857284307479858	0.5275260210037231	0.5275260210037231	sub-92927	ses-1		dir-AP	acq-multiband	space-ACPC			DSIStudio	autotrackgqi
ProjectionBrainstem_CorticobulbarTractL	dki_ad	DIPYDKI	/scratch/grmpy/SLURM_11202541_35/job-11202541-35-sub-92927/ds/inputs/data/qsiprep/qsiprep/sub-92927/ses-1/dwi/sub-92927_ses-1_acq-multiband_dir-AP_space-ACPC_desc-preproc_dwi.nii.gz	0.0028818443804034	0.001685379887931	0.000919209094718	0.0014762314967811	0.0016902509378269	0.0014769627014175	0.0009160535992123	0.0016224624123424	0.0016231475165113	sub-92927	ses-1		dir-AP	acq-multiband	space-ACPC			DSIStudio	autotrackgqi
ProjectionBrainstem_CorticobulbarTractL	dki_ak	DIPYDKI	/scratch/grmpy/SLURM_11202541_35/job-11202541-35-sub-92927/ds/inputs/data/qsiprep/qsiprep/sub-92927/ses-1/dwi/sub-92927_ses-1_acq-multiband_dir-AP_space-ACPC_desc-preproc_dwi.nii.gz	0.015850144092219	0.8439532815836416	0.225761741755356	0.8390171994947833	0.8575455013456037	0.8434882892351993	0.2003329326421978	0.8428673786287872	0.8454241795704777	sub-92927	ses-1		dir-AP	acq-multiband	space-ACPC			DSIStudio	autotrackgqi
ProjectionBrainstem_CorticobulbarTractL	dki_fa	DIPYDKI	/scratch/grmpy/SLURM_11202541_35/job-11202541-35-sub-92927/ds/inputs/data/qsiprep/qsiprep/sub-92927/ses-1/dwi/sub-92927_ses-1_acq-multiband_dir-AP_space-ACPC_desc-preproc_dwi.nii.gz	0.0100864553314121	0.4531978964805603	0.2111469358205795	0.4603233337402344	0.4578156471252441	0.4613139033317566	0.2071792185306549	0.5119348168373108	0.5128365755081177	sub-92927	ses-1		dir-AP	acq-multiband	space-ACPC			DSIStudio	autotrackgqi
ProjectionBrainstem_CorticobulbarTractL	dki_kfa	DIPYDKI	/scratch/grmpy/SLURM_11202541_35/job-11202541-35-sub-92927/ds/inputs/data/qsiprep/qsiprep/sub-92927/ses-1/dwi/sub-92927_ses-1_acq-multiband_dir-AP_space-ACPC_desc-preproc_dwi.nii.gz	0.0100864553314121	0.5634332299232483	0.1952626854181289	0.6006191968917847	0.5691741704940796	0.6029027700424194	0.1877455860376358	0.6086075901985168	0.6096795797348022	sub-92927	ses-1		dir-AP	acq-multiband	space-ACPC			DSIStudio	autotrackgqi
ProjectionBrainstem_CorticobulbarTractL	dki_linearity	DIPYDKI	/scratch/grmpy/SLURM_11202541_35/job-11202541-35-sub-92927/ds/inputs/data/qsiprep/qsiprep/sub-92927/ses-1/dwi/sub-92927_ses-1_acq-multiband_dir-AP_space-ACPC_desc-preproc_dwi.nii.gz	0.0100864553314121	0.2354311943054199	0.1611355990171432	0.205213189125061	0.2378300577402115	0.2086061090230941	0.1601833999156952	0.2867948412895202	0.2872999906539917	sub-92927	ses-1		dir-AP	acq-multiband	space-ACPC			DSIStudio	autotrackgqi
ProjectionBrainstem_CorticobulbarTractL	dki_md	DIPYDKI	/scratch/grmpy/SLURM_11202541_35/job-11202541-35-sub-92927/ds/inputs/data/qsiprep/qsiprep/sub-92927/ses-1/dwi/sub-92927_ses-1_acq-multiband_dir-AP_space-ACPC_desc-preproc_dwi.nii.gz	0.0028818443804034	0.001129847834818	0.0008165344479493	0.0009226837428286	0.0011331132845953	0.0009230265859514	0.0008154479437507	0.001001359662041	0.0010017824824899	sub-92927	ses-1		dir-AP	acq-multiband	space-ACPC			DSIStudio	autotrackgqi
ProjectionBrainstem_CorticobulbarTractL	dki_mk	DIPYDKI	/scratch/grmpy/SLURM_11202541_35/job-11202541-35-sub-92927/ds/inputs/data/qsiprep/qsiprep/sub-92927/ses-1/dwi/sub-92927_ses-1_acq-multiband_dir-AP_space-ACPC_desc-preproc_dwi.nii.gz	0.015850144092219	0.9506303049251514	0.3648813557932895	0.9828903576702628	0.9659406026618668	0.9857976394415316	0.3471221904915594	0.9821103803757448	0.9850895671795156	sub-92927	ses-1		dir-AP	acq-multiband	space-ACPC			DSIStudio	autotrackgqi
ProjectionBrainstem_CorticobulbarTractL	dki_mkt	DIPYDKI	/scratch/grmpy/SLURM_11202541_35/job-11202541-35-sub-92927/ds/inputs/data/qsiprep/qsiprep/sub-92927/ses-1/dwi/sub-92927_ses-1_acq-multiband_dir-AP_space-ACPC_desc-preproc_dwi.nii.gz	0.0028818443804034	1.0025220876780414	0.2481540020575753	1.037559019846507	1.0054195503591918	1.0386685832988	0.2425803396218671	1.0449196027873475	1.0453607488055785	sub-92927	ses-1		dir-AP	acq-multiband	space-ACPC			DSIStudio	autotrackgqi
ProjectionBrainstem_CorticobulbarTractL	dki_planarity	DIPYDKI	/scratch/grmpy/SLURM_11202541_35/job-11202541-35-sub-92927/ds/inputs/data/qsiprep/qsiprep/sub-92927/ses-1/dwi/sub-92927_ses-1_acq-multiband_dir-AP_space-ACPC_desc-preproc_dwi.nii.gz	0.0100864553314121	0.1903141289949417	0.1344884932041168	0.1549107581377029	0.1922532767057418	0.1572045981884002	0.1337857842445373	0.1862562298774719	0.1865842938423156	sub-92927	ses-1		dir-AP	acq-multiband	space-ACPC			DSIStudio	autotrackgqi
ProjectionBrainstem_CorticobulbarTractL	dki_rd	DIPYDKI	/scratch/grmpy/SLURM_11202541_35/job-11202541-35-sub-92927/ds/inputs/data/qsiprep/qsiprep/sub-92927/ses-1/dwi/sub-92927_ses-1_acq-multiband_dir-AP_space-ACPC_desc-preproc_dwi.nii.gz	0.0028818443804034	0.0008520816918462	0.0008026019204407	0.0006539988098666	0.0008545443997718	0.0006549851968884	0.0008024507551454	0.0006908082868903	0.0006910999072715	sub-92927	ses-1		dir-AP	acq-multiband	space-ACPC			DSIStudio	autotrackgqi
ProjectionBrainstem_CorticobulbarTractL	dki_rk	DIPYDKI	/scratch/grmpy/SLURM_11202541_35/job-11202541-35-sub-92927/ds/inputs/data/qsiprep/qsiprep/sub-92927/ses-1/dwi/sub-92927_ses-1_acq-multiband_dir-AP_space-ACPC_desc-preproc_dwi.nii.gz	0.015850144092219	1.1729643519095396	0.7669834652267702	1.122980731488353	1.1918554322477606	1.1460906657417076	0.7584341965751019	1.260803461463996	1.264628049370475	sub-92927	ses-1		dir-AP	acq-multiband	space-ACPC			DSIStudio	autotrackgqi
ProjectionBrainstem_CorticobulbarTractL	dki_sphericity	DIPYDKI	/scratch/grmpy/SLURM_11202541_35/job-11202541-35-sub-92927/ds/inputs/data/qsiprep/qsiprep/sub-92927/ses-1/dwi/sub-92927_ses-1_acq-multiband_dir-AP_space-ACPC_desc-preproc_dwi.nii.gz	0.0028818443804034	0.5713728666305542	0.2135436087846756	0.5826250314712524	0.5730242133140564	0.5830294489860535	0.2116279602050781	0.526526927947998	0.5267491936683655	sub-92927	ses-1		dir-AP	acq-multiband	space-ACPC			DSIStudio	autotrackgqi
ProjectionBrainstem_CorticospinalTractR	dki_ad	DIPYDKI	/scratch/grmpy/SLURM_11202541_35/job-11202541-35-sub-92927/ds/inputs/data/qsiprep/qsiprep/sub-92927/ses-1/dwi/sub-92927_ses-1_acq-multiband_dir-AP_space-ACPC_desc-preproc_dwi.nii.gz	0.0008301051466519	0.0014242667239159	0.000403538957471	0.0013620618265122	0.0014254499692469	0.001362337032333	0.0004016121383756	0.0015253080055117	0.0015260393265634	sub-92927	ses-1		dir-AP	acq-multiband	space-ACPC			DSIStudio	autotrackgqi
ProjectionBrainstem_CorticospinalTractR	dki_ak	DIPYDKI	/scratch/grmpy/SLURM_11202541_35/job-11202541-35-sub-92927/ds/inputs/data/qsiprep/qsiprep/sub-92927/ses-1/dwi/sub-92927_ses-1_acq-multiband_dir-AP_space-ACPC_desc-preproc_dwi.nii.gz	0.0027670171555063	0.8519223048170337	0.1928130718492904	0.8271248790727663	0.8542861291922197	0.8274167301715593	0.1877782010704994	0.8751485503403069	0.8764002137301776	sub-92927	ses-1		dir-AP	acq-multiband	space-ACPC			DSIStudio	autotrackgqi
ProjectionBrainstem_CorticospinalTractR	dki_fa	DIPYDKI	/scratch/grmpy/SLURM_11202541_35/job-11202541-35-sub-92927/ds/inputs/data/qsiprep/qsiprep/sub-92927/ses-1/dwi/sub-92927_ses-1_acq-multiband_dir-AP_space-ACPC_desc-preproc_dwi.nii.gz	0.0024903154399557	0.4533493518829345	0.1824901700019836	0.4612656831741333	0.4544811546802521	0.4622837603092193	0.1813047975301742	0.5374037027359009	0.5379243493080139	sub-92927	ses-1		dir-AP	acq-multiband	space-ACPC			DSIStudio	autotrackgqi
ProjectionBrainstem_CorticospinalTractR	dki_kfa	DIPYDKI	/scratch/grmpy/SLURM_11202541_35/job-11202541-35-sub-92927/ds/inputs/data/qsiprep/qsiprep/sub-92927/ses-1/dwi/sub-92927_ses-1_acq-multiband_dir-AP_space-ACPC_desc-preproc_dwi.nii.gz	0.0035971223021582	0.5389869213104248	0.1448004692792892	0.5488686561584473	0.5409327149391174	0.5496002435684204	0.1413871347904205	0.5901750326156616	0.5907734632492065	sub-92927	ses-1		dir-AP	acq-multiband	space-ACPC			DSIStudio	autotrackgqi
ProjectionBrainstem_CorticospinalTractR	dki_linearity	DIPYDKI	/scratch/grmpy/SLURM_11202541_35/job-11202541-35-sub-92927/ds/inputs/data/qsiprep/qsiprep/sub-92927/ses-1/dwi/sub-92927_ses-1_acq-multiband_dir-AP_space-ACPC_desc-preproc_dwi.nii.gz	0.0024903154399557	0.2232663631439209	0.1412286460399627	0.2012106776237487	0.2238237559795379	0.2014641910791397	0.14096300303936	0.2856467664241791	0.2859234809875488	sub-92927	ses-1		dir-AP	acq-multiband	space-ACPC			DSIStudio	autotrackgqi
ProjectionBrainstem_CorticospinalTractR	dki_md	DIPYDKI	/scratch/grmpy/SLURM_11202541_35/job-11202541-35-sub-92927/ds/inputs/data/qsiprep/qsiprep/sub-92927/ses-1/dwi/sub-92927_ses-1_acq-multiband_dir-AP_space-ACPC_desc-preproc_dwi.nii.gz	0.0008301051466519	0.0009283842518925	0.0002890883188229	0.000873799319379	0.0009291555616073	0.0008740491466596	0.0002879667154047	0.0009056836133822	0.000906117784325	sub-92927	ses-1		dir-AP	acq-multiband	space-ACPC			DSIStudio	autotrackgqi
ProjectionBrainstem_CorticospinalTractR	dki_mk	DIPYDKI	/scratch/grmpy/SLURM_11202541_35/job-11202541-35-sub-92927/ds/inputs/data/qsiprep/qsiprep/sub-92927/ses-1/dwi/sub-92927_ses-1_acq-multiband_dir-AP_space-ACPC_desc-preproc_dwi.nii.gz	0.0027670171555063	1.084671736913614	0.2708167303501095	1.131472498750363	1.0876813699239185	1.1324403641921834	0.2650880618177763	1.1915173839023565	1.1932215271891484	sub-92927	ses-1		dir-AP	acq-multiband	space-ACPC			DSIStudio	autotrackgqi
ProjectionBrainstem_CorticospinalTractR	dki_mkt	DIPYDKI	/scratch/grmpy/SLURM_11202541_35/job-11202541-35-sub-92927/ds/inputs/data/qsiprep/qsiprep/sub-92927/ses-1/dwi/sub-92927_ses-1_acq-multiband_dir-AP_space-ACPC_desc-preproc_dwi.nii.gz	0.0008301051466519	1.0589618767598603	0.2070684221251101	1.0974102926837797	1.0598416567737845	1.097546307136967	0.2048914985975693	1.1549929929151197	1.1555467559534889	sub-92927	ses-1		dir-AP	acq-multiband	space-ACPC			DSIStudio	autotrackgqi
ProjectionBrainstem_CorticospinalTractR	dki_planarity	DIPYDKI	/scratch/grmpy/SLURM_11202541_35/job-11202541-35-sub-92927/ds/inputs/data/qsiprep/qsiprep/sub-92927/ses-1/dwi/sub-92927_ses-1_acq-multiband_dir-AP_space-ACPC_desc-preproc_dwi.nii.gz	0.0024903154399557	0.2090940624475479	0.1179889589548111	0.1957709938287735	0.2096160799264907	0.1960701644420623	0.1176721230149269	0.2279985100030899	0.2282194048166275	sub-92927	ses-1		dir-AP	acq-multiband	space-ACPC			DSIStudio	autotrackgqi
ProjectionBrainstem_CorticospinalTractR	dki_rd	DIPYDKI	/scratch/grmpy/SLURM_11202541_35/job-11202541-35-sub-92927/ds/inputs/data/qsiprep/qsiprep/sub-92927/ses-1/dwi/sub-92927_ses-1_acq-multiband_dir-AP_space-ACPC_desc-preproc_dwi.nii.gz	0.0008301051466519	0.0006804430740885	0.0003080587484873	0.0006381273851729	0.0006810083868913	0.0006381764542311	0.0003075614804401	0.0005958714173175	0.0005961571587249	sub-92927	ses-1		dir-AP	acq-multiband	space-ACPC			DSIStudio	autotrackgqi
ProjectionBrainstem_CorticospinalTractR	dki_rk	DIPYDKI	/scratch/grmpy/SLURM_11202541_35/job-11202541-35-sub-92927/ds/inputs/data/qsiprep/qsiprep/sub-92927/ses-1/dwi/sub-92927_ses-1_acq-multiband_dir-AP_space-ACPC_desc-preproc_dwi.nii.gz	0.0027670171555063	1.4605319283571092	0.5988733987291622	1.4700939087437406	1.4645844586799648	1.4714081122486318	0.5947345771438256	1.6961922437408885	1.698618187673659	sub-92927	ses-1		dir-AP	acq-multiband	space-ACPC			DSIStudio	autotrackgqi
ProjectionBrainstem_CorticospinalTractR	dki_sphericity	DIPYDKI	/scratch/grmpy/SLURM_11202541_35/job-11202541-35-sub-92927/ds/inputs/data/qsiprep/qsiprep/sub-92927/ses-1/dwi/sub-92927_ses-1_acq-multiband_dir-AP_space-ACPC_desc-preproc_dwi.nii.gz	0.0008301051466519	0.5668094158172607	0.1821536272764206	0.5645157694816589	0.5672802925109863	0.5646359920501709	0.1814948469400406	0.4858755469322204	0.4861084818840027	sub-92927	ses-1		dir-AP	acq-multiband	space-ACPC			DSIStudio	autotrackgqi
ProjectionBasalGanglia_ThalamicRadiationR	dki_ad	DIPYDKI	/scratch/grmpy/SLURM_11202541_35/job-11202541-35-sub-92927/ds/inputs/data/qsiprep/qsiprep/sub-92927/ses-1/dwi/sub-92927_ses-1_acq-multiband_dir-AP_space-ACPC_desc-preproc_dwi.nii.gz	9.906875371507826e-05	0.0013600235106423	0.0004548655124381	0.0012914459221065	0.001360158319585	0.0012915059924125	0.0004546864947769	0.0014087650924921	0.0014087688177824	sub-92927	ses-1		dir-AP	acq-multiband	space-ACPC			DSIStudio	autotrackgqi
ProjectionBasalGanglia_ThalamicRadiationR	dki_ak	DIPYDKI	/scratch/grmpy/SLURM_11202541_35/job-11202541-35-sub-92927/ds/inputs/data/qsiprep/qsiprep/sub-92927/ses-1/dwi/sub-92927_ses-1_acq-multiband_dir-AP_space-ACPC_desc-preproc_dwi.nii.gz	0.0010897562908658	0.8045207694461952	0.1773624353848596	0.8134055766694946	0.8053984574818898	0.8136607416276561	0.1754561575727861	0.8401118293735053	0.8401419254554343	sub-92927	ses-1		dir-AP	acq-multiband	space-ACPC			DSIStudio	autotrackgqi
ProjectionBasalGanglia_ThalamicRadiationR	dki_fa	DIPYDKI	/scratch/grmpy/SLURM_11202541_35/job-11202541-35-sub-92927/ds/inputs/data/qsiprep/qsiprep/sub-92927/ses-1/dwi/sub-92927_ses-1_acq-multiband_dir-AP_space-ACPC_desc-preproc_dwi.nii.gz	0.0001981375074301	0.362593799829483	0.1558223366737365	0.3530736565589905	0.3626656532287597	0.3530877828598022	0.1557541340589523	0.4034743905067444	0.4034771621227264	sub-92927	ses-1		dir-AP	acq-multiband	space-ACPC			DSIStudio	autotrackgqi
ProjectionBasalGanglia_ThalamicRadiationR	dki_kfa	DIPYDKI	/scratch/grmpy/SLURM_11202541_35/job-11202541-35-sub-92927/ds/inputs/data/qsiprep/qsiprep/sub-92927/ses-1/dwi/sub-92927_ses-1_acq-multiband_dir-AP_space-ACPC_desc-preproc_dwi.nii.gz	0.0053497127006142	0.4810068011283874	0.1483991146087646	0.482836902141571	0.4835938811302185	0.4837009012699127	0.1445324867963791	0.499245673418045	0.4998167753219604	sub-92927	ses-1		dir-AP	acq-multiband	space-ACPC			DSIStudio	autotrackgqi
ProjectionBasalGanglia_ThalamicRadiationR	dki_linearity	DIPYDKI	/scratch/grmpy/SLURM_11202541_35/job-11202541-35-sub-92927/ds/inputs/data/qsiprep/qsiprep/sub-92927/ses-1/dwi/sub-92927_ses-1_acq-multiband_dir-AP_space-ACPC_desc-preproc_dwi.nii.gz	0.0001981375074301	0.1580011248588562	0.1065564081072807	0.1364110261201858	0.1580324470996856	0.1364569813013076	0.1065437421202659	0.1864701211452484	0.186471402645111	sub-92927	ses-1		dir-AP	acq-multiband	space-ACPC			DSIStudio	autotrackgqi
ProjectionBasalGanglia_ThalamicRadiationR	dki_md	DIPYDKI	/scratch/grmpy/SLURM_11202541_35/job-11202541-35-sub-92927/ds/inputs/data/qsiprep/qsiprep/sub-92927/ses-1/dwi/sub-92927_ses-1_acq-multiband_dir-AP_space-ACPC_desc-preproc_dwi.nii.gz	9.906875371507826e-05	0.0009764487622305	0.0003742958942893	0.0009056201670318	0.000976545503363	0.0009056279668584	0.0003741882683243	0.0009644811507314	0.0009644837118685	sub-92927	ses-1		dir-AP	acq-multiband	space-ACPC			DSIStudio	autotrackgqi
ProjectionBasalGanglia_ThalamicRadiationR	dki_mk	DIPYDKI	/scratch/grmpy/SLURM_11202541_35/job-11202541-35-sub-92927/ds/inputs/data/qsiprep/qsiprep/sub-92927/ses-1/dwi/sub-92927_ses-1_acq-multiband_dir-AP_space-ACPC_desc-preproc_dwi.nii.gz	0.0010897562908658	0.9564454565364476	0.2528026340246674	1.0057329333472778	0.9574888860734804	1.006330850931716	0.2509578071828334	1.02949499571855	1.0295318763232195	sub-92927	ses-1		dir-AP	acq-multiband	space-ACPC			DSIStudio	autotrackgqi
ProjectionBasalGanglia_ThalamicRadiationR	dki_mkt	DIPYDKI	/scratch/grmpy/SLURM_11202541_35/job-11202541-35-sub-92927/ds/inputs/data/qsiprep/qsiprep/sub-92927/ses-1/dwi/sub-92927_ses-1_acq-multiband_dir-AP_space-ACPC_desc-preproc_dwi.nii.gz	9.906875371507826e-05	0.942854220489414	0.2222455396777832	0.9900344353789222	0.9429476371366438	0.9900355790499564	0.2220582957144032	1.0121748009216465	1.012177455152946	sub-92927	ses-1		dir-AP	acq-multiband	space-ACPC			DSIStudio	autotrackgqi
ProjectionBasalGanglia_ThalamicRadiationR	dki_planarity	DIPYDKI	/scratch/grmpy/SLURM_11202541_35/job-11202541-35-sub-92927/ds/inputs/data/qsiprep/qsiprep/sub-92927/ses-1/dwi/sub-92927_ses-1_acq-multiband_dir-AP_space-ACPC_desc-preproc_dwi.nii.gz	0.0005944125222904	0.1895989030599594	0.1110993772745132	0.1730173230171203	0.1897116750478744	0.1732436716556549	0.1110361218452453	0.1940687298774719	0.1940722465515136	sub-92927	ses-1		dir-AP	acq-multiband	space-ACPC			DSIStudio	autotrackgqi
ProjectionBasalGanglia_ThalamicRadiationR	dki_rd	DIPYDKI	/scratch/grmpy/SLURM_11202541_35/job-11202541-35-sub-92927/ds/inputs/data/qsiprep/qsiprep/sub-92927/ses-1/dwi/sub-92927_ses-1_acq-multiband_dir-AP_space-ACPC_desc-preproc_dwi.nii.gz	9.906875371507826e-05	0.0007846613880246	0.0003710843157023	0.0007202658453024	0.0007847391534596	0.0007203007116913	0.0003710204910021	0.0007423391798511	0.0007423410424962	sub-92927	ses-1		dir-AP	acq-multiband	space-ACPC			DSIStudio	autotrackgqi
ProjectionBasalGanglia_ThalamicRadiationR	dki_rk	DIPYDKI	/scratch/grmpy/SLURM_11202541_35/job-11202541-35-sub-92927/ds/inputs/data/qsiprep/qsiprep/sub-92927/ses-1/dwi/sub-92927_ses-1_acq-multiband_dir-AP_space-ACPC_desc-preproc_dwi.nii.gz	0.0010897562908658	1.17581070899334	0.4950134487668945	1.1769490245559977	1.1770934539897624	1.1776669152993362	0.4937567488993639	1.311593880325716	1.3116408670374642	sub-92927	ses-1		dir-AP	acq-multiband	space-ACPC			DSIStudio	autotrackgqi
ProjectionBasalGanglia_ThalamicRadiationR	dki_sphericity	DIPYDKI	/scratch/grmpy/SLURM_11202541_35/job-11202541-35-sub-92927/ds/inputs/data/qsiprep/qsiprep/sub-92927/ses-1/dwi/sub-92927_ses-1_acq-multiband_dir-AP_space-ACPC_desc-preproc_dwi.nii.gz	9.906875371507826e-05	0.6523008942604065	0.1538015753030777	0.6626956462860107	0.652365505695343	0.662723958492279	0.1536720693111419	0.6194584965705872	0.6194601058959961	sub-92927	ses-1		dir-AP	acq-multiband	space-ACPC			DSIStudio	autotrackgqi
ProjectionBasalGanglia_AnsaLenticularisL	dki_ad	DIPYDKI	/scratch/grmpy/SLURM_11202541_35/job-11202541-35-sub-92927/ds/inputs/data/qsiprep/qsiprep/sub-92927/ses-1/dwi/sub-92927_ses-1_acq-multiband_dir-AP_space-ACPC_desc-preproc_dwi.nii.gz	0.0	0.0015388631727546	0.000920635764487	0.0012514763511717	0.0015388631727546	0.0012514763511717	0.000920635764487	0.0014538981486111	0.0014538981486111	sub-92927	ses-1		dir-AP	acq-multiband	space-ACPC			DSIStudio	autotrackgqi
ProjectionBasalGanglia_AnsaLenticularisL	dki_ak	DIPYDKI	/scratch/grmpy/SLURM_11202541_35/job-11202541-35-sub-92927/ds/inputs/data/qsiprep/qsiprep/sub-92927/ses-1/dwi/sub-92927_ses-1_acq-multiband_dir-AP_space-ACPC_desc-preproc_dwi.nii.gz	0.0	0.7771394799632521	0.1878763658322998	0.7788449697937603	0.7771394799632521	0.7788449697937603	0.1878763658322998	0.8066251740230802	0.8066251740230802	sub-92927	ses-1		dir-AP	acq-multiband	space-ACPC			DSIStudio	autotrackgqi
ProjectionBasalGanglia_AnsaLenticularisL	dki_fa	DIPYDKI	/scratch/grmpy/SLURM_11202541_35/job-11202541-35-sub-92927/ds/inputs/data/qsiprep/qsiprep/sub-92927/ses-1/dwi/sub-92927_ses-1_acq-multiband_dir-AP_space-ACPC_desc-preproc_dwi.nii.gz	0.0	0.2960161864757538	0.1218761503696441	0.28329798579216	0.2960161864757538	0.28329798579216	0.1218761503696441	0.328738272190094	0.328738272190094	sub-92927	ses-1		dir-AP	acq-multiband	space-ACPC			DSIStudio	autotrackgqi
ProjectionBasalGanglia_AnsaLenticularisL	dki_kfa	DIPYDKI	/scratch/grmpy/SLURM_11202541_35/job-11202541-35-sub-92927/ds/inputs/data/qsiprep/qsiprep/sub-92927/ses-1/dwi/sub-92927_ses-1_acq-multiband_dir-AP_space-ACPC_desc-preproc_dwi.nii.gz	0.0066518847006651	0.4710645973682403	0.1771320253610611	0.4660932421684265	0.4742190539836883	0.4688870012760162	0.1734645813703537	0.4904446005821228	0.4942045509815216	sub-92927	ses-1		dir-AP	acq-multiband	space-ACPC			DSIStudio	autotrackgqi
ProjectionBasalGanglia_AnsaLenticularisL	dki_linearity	DIPYDKI	/scratch/grmpy/SLURM_11202541_35/job-11202541-35-sub-92927/ds/inputs/data/qsiprep/qsiprep/sub-92927/ses-1/dwi/sub-92927_ses-1_acq-multiband_dir-AP_space-ACPC_desc-preproc_dwi.nii.gz	0.0	0.1206493228673935	0.0858640894293785	0.1012036874890327	0.1206493228673935	0.1012036874890327	0.0858640894293785	0.1408422142267227	0.1408422142267227	sub-92927	ses-1		dir-AP	acq-multiband	space-ACPC			DSIStudio	autotrackgqi
ProjectionBasalGanglia_AnsaLenticularisL	dki_md	DIPYDKI	/scratch/grmpy/SLURM_11202541_35/job-11202541-35-sub-92927/ds/inputs/data/qsiprep/qsiprep/sub-92927/ses-1/dwi/sub-92927_ses-1_acq-multiband_dir-AP_space-ACPC_desc-preproc_dwi.nii.gz	0.0	0.0011808676645159	0.0007543169776909	0.0009482080349698	0.0011808676645159	0.0009482080349698	0.0007543169776909	0.0010740483412519	0.0010740483412519	sub-92927	ses-1		dir-AP	acq-multiband	space-ACPC			DSIStudio	autotrackgqi
ProjectionBasalGanglia_AnsaLenticularisL	dki_mk	DIPYDKI	/scratch/grmpy/SLURM_11202541_35/job-11202541-35-sub-92927/ds/inputs/data/qsiprep/qsiprep/sub-92927/ses-1/dwi/sub-92927_ses-1_acq-multiband_dir-AP_space-ACPC_desc-preproc_dwi.nii.gz	0.0	0.8044330184336744	0.2355203296851657	0.8251899096091018	0.8044330184336744	0.8251899096091018	0.2355203296851657	0.8563864801324375	0.8563864801324375	sub-92927	ses-1		dir-AP	acq-multiband	space-ACPC			DSIStudio	autotrackgqi
ProjectionBasalGanglia_AnsaLenticularisL	dki_mkt	DIPYDKI	/scratch/grmpy/SLURM_11202541_35/job-11202541-35-sub-92927/ds/inputs/data/qsiprep/qsiprep/sub-92927/ses-1/dwi/sub-92927_ses-1_acq-multiband_dir-AP_space-ACPC_desc-preproc_dwi.nii.gz	0.0	0.8268732414932808	0.206994975070298	0.8436751578711967	0.8268732414932808	0.8436751578711967	0.206994975070298	0.8787008521805117	0.8787008521805117	sub-92927	ses-1		dir-AP	acq-multiband	space-ACPC			DSIStudio	autotrackgqi
ProjectionBasalGanglia_AnsaLenticularisL	dki_planarity	DIPYDKI	/scratch/grmpy/SLURM_11202541_35/job-11202541-35-sub-92927/ds/inputs/data/qsiprep/qsiprep/sub-92927/ses-1/dwi/sub-92927_ses-1_acq-multiband_dir-AP_space-ACPC_desc-preproc_dwi.nii.gz	0.0	0.1605010032653808	0.0914899706840515	0.1476117968559265	0.1605010032653808	0.1476117968559265	0.0914899706840515	0.1691751778125763	0.1691751778125763	sub-92927	ses-1		dir-AP	acq-multiband	space-ACPC			DSIStudio	autotrackgqi
ProjectionBasalGanglia_AnsaLenticularisL	dki_rd	DIPYDKI	/scratch/grmpy/SLURM_11202541_35/job-11202541-35-sub-92927/ds/inputs/data/qsiprep/qsiprep/sub-92927/ses-1/dwi/sub-92927_ses-1_acq-multiband_dir-AP_space-ACPC_desc-preproc_dwi.nii.gz	0.0	0.0010018699103966	0.0006892607780173	0.0008002314716577	0.0010018699103966	0.0008002314716577	0.0006892607780173	0.0008841233793646	0.0008841233793646	sub-92927	ses-1		dir-AP	acq-multiband	space-ACPC			DSIStudio	autotrackgqi
ProjectionBasalGanglia_AnsaLenticularisL	dki_rk	DIPYDKI	/scratch/grmpy/SLURM_11202541_35/job-11202541-35-sub-92927/ds/inputs/data/qsiprep/qsiprep/sub-92927/ses-1/dwi/sub-92927_ses-1_acq-multiband_dir-AP_space-ACPC_desc-preproc_dwi.nii.gz	0.0	0.8471032164782242	0.3920841065907829	0.8647709860718265	0.8471032164782242	0.8647709860718265	0.3920841065907829	0.932292907281048	0.932292907281048	sub-92927	ses-1		dir-AP	acq-multiband	space-ACPC			DSIStudio	autotrackgqi
ProjectionBasalGanglia_AnsaLenticularisL	dki_sphericity	DIPYDKI	/scratch/grmpy/SLURM_11202541_35/job-11202541-35-sub-92927/ds/inputs/data/qsiprep/qsiprep/sub-92927/ses-1/dwi/sub-92927_ses-1_acq-multiband_dir-AP_space-ACPC_desc-preproc_dwi.nii.gz	0.0	0.7188496589660645	0.1169331148266792	0.7320392727851868	0.7188496589660645	0.7320392727851868	0.1169331148266792	0.6899825930595398	0.6899825930595398	sub-92927	ses-1		dir-AP	acq-multiband	space-ACPC			DSIStudio	autotrackgqi
ProjectionBrainstem_CorticospinalTractL	dki_ad	DIPYDKI	/scratch/grmpy/SLURM_11202541_35/job-11202541-35-sub-92927/ds/inputs/data/qsiprep/qsiprep/sub-92927/ses-1/dwi/sub-92927_ses-1_acq-multiband_dir-AP_space-ACPC_desc-preproc_dwi.nii.gz	0.0006651147322913	0.0014123278670012	0.0004730186483357	0.0013118123169988	0.001413267920725	0.0013118349015712	0.0004717701813206	0.0015165212098509	0.0015165440272539	sub-92927	ses-1		dir-AP	acq-multiband	space-ACPC			DSIStudio	autotrackgqi
ProjectionBrainstem_CorticospinalTractL	dki_ak	DIPYDKI	/scratch/grmpy/SLURM_11202541_35/job-11202541-35-sub-92927/ds/inputs/data/qsiprep/qsiprep/sub-92927/ses-1/dwi/sub-92927_ses-1_acq-multiband_dir-AP_space-ACPC_desc-preproc_dwi.nii.gz	0.0079813767874958	0.8530413782914016	0.2045489949710587	0.832074168718943	0.8599046009125862	0.8337637312179761	0.190460506496255	0.8567055211004019	0.862871603006261	sub-92927	ses-1		dir-AP	acq-multiband	space-ACPC			DSIStudio	autotrackgqi
ProjectionBrainstem_CorticospinalTractL	dki_fa	DIPYDKI	/scratch/grmpy/SLURM_11202541_35/job-11202541-35-sub-92927/ds/inputs/data/qsiprep/qsiprep/sub-92927/ses-1/dwi/sub-92927_ses-1_acq-multiband_dir-AP_space-ACPC_desc-preproc_dwi.nii.gz	0.0019953441968739	0.4381577670574188	0.1933325380086898	0.4329131841659546	0.4390337765216827	0.4330012202262878	0.192529484629631	0.5319920778274536	0.5320298075675964	sub-92927	ses-1		dir-AP	acq-multiband	space-ACPC			DSIStudio	autotrackgqi
ProjectionBrainstem_CorticospinalTractL	dki_kfa	DIPYDKI	/scratch/grmpy/SLURM_11202541_35/job-11202541-35-sub-92927/ds/inputs/data/qsiprep/qsiprep/sub-92927/ses-1/dwi/sub-92927_ses-1_acq-multiband_dir-AP_space-ACPC_desc-preproc_dwi.nii.gz	0.0019953441968739	0.5439055562019348	0.1529789716005325	0.544869601726532	0.544992983341217	0.5451785326004028	0.1511843204498291	0.5987677574157715	0.5988101959228516	sub-92927	ses-1		dir-AP	acq-multiband	space-ACPC			DSIStudio	autotrackgqi
ProjectionBrainstem_CorticospinalTractL	dki_linearity	DIPYDKI	/scratch/grmpy/SLURM_11202541_35/job-11202541-35-sub-92927/ds/inputs/data/qsiprep/qsiprep/sub-92927/ses-1/dwi/sub-92927_ses-1_acq-multiband_dir-AP_space-ACPC_desc-preproc_dwi.nii.gz	0.0019953441968739	0.2126492857933044	0.1476717293262481	0.1777077615261078	0.2130744457244873	0.1777394264936447	0.1475125402212143	0.2847233712673187	0.2847435474395752	sub-92927	ses-1		dir-AP	acq-multiband	space-ACPC			DSIStudio	autotrackgqi
ProjectionBrainstem_CorticospinalTractL	dki_md	DIPYDKI	/scratch/grmpy/SLURM_11202541_35/job-11202541-35-sub-92927/ds/inputs/data/qsiprep/qsiprep/sub-92927/ses-1/dwi/sub-92927_ses-1_acq-multiband_dir-AP_space-ACPC_desc-preproc_dwi.nii.gz	0.0006651147322913	0.0009370089392177	0.0003666079137474	0.0008677005534991	0.0009376325760968	0.0008678311714902	0.0003659317735582	0.0009109569364227	0.0009109706734307	sub-92927	ses-1		dir-AP	acq-multiband	space-ACPC			DSIStudio	autotrackgqi
ProjectionBrainstem_CorticospinalTractL	dki_mk	DIPYDKI	/scratch/grmpy/SLURM_11202541_35/job-11202541-35-sub-92927/ds/inputs/data/qsiprep/qsiprep/sub-92927/ses-1/dwi/sub-92927_ses-1_acq-multiband_dir-AP_space-ACPC_desc-preproc_dwi.nii.gz	0.0079813767874958	1.0307449016521837	0.2930255187814817	1.0865403628901376	1.039037854263532	1.0890320803016051	0.2791739409222996	1.071587582242209	1.079300263314526	sub-92927	ses-1		dir-AP	acq-multiband	space-ACPC			DSIStudio	autotrackgqi
ProjectionBrainstem_CorticospinalTractL	dki_mkt	DIPYDKI	/scratch/grmpy/SLURM_11202541_35/job-11202541-35-sub-92927/ds/inputs/data/qsiprep/qsiprep/sub-92927/ses-1/dwi/sub-92927_ses-1_acq-multiband_dir-AP_space-ACPC_desc-preproc_dwi.nii.gz	0.0006651147322913	1.042177523566375	0.1907681131862133	1.0776825427525456	1.0428711525338068	1.07769310961482	0.1889267811820336	1.106437669795638	1.1064544206042064	sub-92927	ses-1		dir-AP	acq-multiband	space-ACPC			DSIStudio	autotrackgqi
ProjectionBrainstem_CorticospinalTractL	dki_planarity	DIPYDKI	/scratch/grmpy/SLURM_11202541_35/job-11202541-35-sub-92927/ds/inputs/data/qsiprep/qsiprep/sub-92927/ses-1/dwi/sub-92927_ses-1_acq-multiband_dir-AP_space-ACPC_desc-preproc_dwi.nii.gz	0.0019953441968739	0.2112880647182464	0.1299800425767898	0.1893723905086517	0.2117104977369308	0.1899260431528091	0.1297657638788223	0.2237952202558517	0.2238111048936844	sub-92927	ses-1		dir-AP	acq-multiband	space-ACPC			DSIStudio	autotrackgqi
ProjectionBrainstem_CorticospinalTractL	dki_rd	DIPYDKI	/scratch/grmpy/SLURM_11202541_35/job-11202541-35-sub-92927/ds/inputs/data/qsiprep/qsiprep/sub-92927/ses-1/dwi/sub-92927_ses-1_acq-multiband_dir-AP_space-ACPC_desc-preproc_dwi.nii.gz	0.0006651147322913	0.0006993493880145	0.0003780141414608	0.0006556878797709	0.0006998148746788	0.000655704527162	0.0003777089586947	0.0006081748870201	0.0006081840838305	sub-92927	ses-1		dir-AP	acq-multiband	space-ACPC			DSIStudio	autotrackgqi
ProjectionBrainstem_CorticospinalTractL	dki_rk	DIPYDKI	/scratch/grmpy/SLURM_11202541_35/job-11202541-35-sub-92927/ds/inputs/data/qsiprep/qsiprep/sub-92927/ses-1/dwi/sub-92927_ses-1_acq-multiband_dir-AP_space-ACPC_desc-preproc_dwi.nii.gz	0.0079813767874958	1.3238052584767046	0.6136089295149209	1.3471439301976702	1.3344560550584816	1.3529687953349678	0.6044271599898126	1.4326138806407325	1.442925024527546	sub-92927	ses-1		dir-AP	acq-multiband	space-ACPC			DSIStudio	autotrackgqi
ProjectionBrainstem_CorticospinalTractL	dki_sphericity	DIPYDKI	/scratch/grmpy/SLURM_11202541_35/job-11202541-35-sub-92927/ds/inputs/data/qsiprep/qsiprep/sub-92927/ses-1/dwi/sub-92927_ses-1_acq-multiband_dir-AP_space-ACPC_desc-preproc_dwi.nii.gz	0.0006651147322913	0.5753975510597229	0.2010401934385299	0.5892176628112793	0.5757805109024048	0.5898104906082153	0.2005581110715866	0.491466224193573	0.4914736747741699	sub-92927	ses-1		dir-AP	acq-multiband	space-ACPC			DSIStudio	autotrackgqi
ProjectionBasalGanglia_FasciculusLenticularisL	dki_ad	DIPYDKI	/scratch/grmpy/SLURM_11202541_35/job-11202541-35-sub-92927/ds/inputs/data/qsiprep/qsiprep/sub-92927/ses-1/dwi/sub-92927_ses-1_acq-multiband_dir-AP_space-ACPC_desc-preproc_dwi.nii.gz	0.0	0.0015568918315693	0.0009788577444851	0.0012732255272567	0.0015568918315693	0.0012732255272567	0.0009788577444851	0.0015335762873291	0.0015335762873291	sub-92927	ses-1		dir-AP	acq-multiband	space-ACPC			DSIStudio	autotrackgqi
ProjectionBasalGanglia_FasciculusLenticularisL	dki_ak	DIPYDKI	/scratch/grmpy/SLURM_11202541_35/job-11202541-35-sub-92927/ds/inputs/data/qsiprep/qsiprep/sub-92927/ses-1/dwi/sub-92927_ses-1_acq-multiband_dir-AP_space-ACPC_desc-preproc_dwi.nii.gz	0.0	0.806074884900487	0.1830561796597843	0.8186713109590913	0.806074884900487	0.8186713109590913	0.1830561796597843	0.8176381961650133	0.8176381961650133	sub-92927	ses-1		dir-AP	acq-multiband	space-ACPC			DSIStudio	autotrackgqi
ProjectionBasalGanglia_FasciculusLenticularisL	dki_fa	DIPYDKI	/scratch/grmpy/SLURM_11202541_35/job-11202541-35-sub-92927/ds/inputs/data/qsiprep/qsiprep/sub-92927/ses-1/dwi/sub-92927_ses-1_acq-multiband_dir-AP_space-ACPC_desc-preproc_dwi.nii.gz	0.0	0.3183500170707702	0.1318718343973159	0.2991978526115417	0.3183500170707702	0.2991978526115417	0.1318718343973159	0.3482153713703155	0.3482153713703155	sub-92927	ses-1		dir-AP	acq-multiband	space-ACPC			DSIStudio	autotrackgqi
ProjectionBasalGanglia_FasciculusLenticularisL	dki_kfa	DIPYDKI	/scratch/grmpy/SLURM_11202541_35/job-11202541-35-sub-92927/ds/inputs/data/qsiprep/qsiprep/sub-92927/ses-1/dwi/sub-92927_ses-1_acq-multiband_dir-AP_space-ACPC_desc-preproc_dwi.nii.gz	0.0	0.482847511768341	0.1629060059785843	0.4788520932197571	0.482847511768341	0.4788520932197571	0.1629060059785843	0.4706801772117615	0.4706801772117615	sub-92927	ses-1		dir-AP	acq-multiband	space-ACPC			DSIStudio	autotrackgqi
ProjectionBasalGanglia_FasciculusLenticularisL	dki_linearity	DIPYDKI	/scratch/grmpy/SLURM_11202541_35/job-11202541-35-sub-92927/ds/inputs/data/qsiprep/qsiprep/sub-92927/ses-1/dwi/sub-92927_ses-1_acq-multiband_dir-AP_space-ACPC_desc-preproc_dwi.nii.gz	0.0	0.1302319914102554	0.0978666841983795	0.104423813521862	0.1302319914102554	0.104423813521862	0.0978666841983795	0.1398665308952331	0.1398665308952331	sub-92927	ses-1		dir-AP	acq-multiband	space-ACPC			DSIStudio	autotrackgqi
ProjectionBasalGanglia_FasciculusLenticularisL	dki_md	DIPYDKI	/scratch/grmpy/SLURM_11202541_35/job-11202541-35-sub-92927/ds/inputs/data/qsiprep/qsiprep/sub-92927/ses-1/dwi/sub-92927_ses-1_acq-multiband_dir-AP_space-ACPC_desc-preproc_dwi.nii.gz	0.0	0.0011752682039514	0.0008161242003552	0.0009439391433261	0.0011752682039514	0.0009439391433261	0.0008161242003552	0.0011280864709988	0.0011280864709988	sub-92927	ses-1		dir-AP	acq-multiband	space-ACPC			DSIStudio	autotrackgqi
ProjectionBasalGanglia_FasciculusLenticularisL	dki_mk	DIPYDKI	/scratch/grmpy/SLURM_11202541_35/job-11202541-35-sub-92927/ds/inputs/data/qsiprep/qsiprep/sub-92927/ses-1/dwi/sub-92927_ses-1_acq-multiband_dir-AP_space-ACPC_desc-preproc_dwi.nii.gz	0.0	0.8505107138708249	0.2407514289831713	0.8717553334293404	0.8505107138708249	0.8717553334293404	0.2407514289831713	0.9137715709039048	0.9137715709039048	sub-92927	ses-1		dir-AP	acq-multiband	space-ACPC			DSIStudio	autotrackgqi
ProjectionBasalGanglia_FasciculusLenticularisL	dki_mkt	DIPYDKI	/scratch/grmpy/SLURM_11202541_35/job-11202541-35-sub-92927/ds/inputs/data/qsiprep/qsiprep/sub-92927/ses-1/dwi/sub-92927_ses-1_acq-multiband_dir-AP_space-ACPC_desc-preproc_dwi.nii.gz	0.0	0.8717406934572502	0.2039682246680348	0.888584068824018	0.8717406934572502	0.888584068824018	0.2039682246680348	0.9290871341237386	0.9290871341237386	sub-92927	ses-1		dir-AP	acq-multiband	space-ACPC			DSIStudio	autotrackgqi
ProjectionBasalGanglia_FasciculusLenticularisL	dki_planarity	DIPYDKI	/scratch/grmpy/SLURM_11202541_35/job-11202541-35-sub-92927/ds/inputs/data/qsiprep/qsiprep/sub-92927/ses-1/dwi/sub-92927_ses-1_acq-multiband_dir-AP_space-ACPC_desc-preproc_dwi.nii.gz	0.0	0.1759466677904129	0.094069056212902	0.1669303476810455	0.1759466677904129	0.1669303476810455	0.094069056212902	0.2003816068172454	0.2003816068172454	sub-92927	ses-1		dir-AP	acq-multiband	space-ACPC			DSIStudio	autotrackgqi
ProjectionBasalGanglia_FasciculusLenticularisL	dki_rd	DIPYDKI	/scratch/grmpy/SLURM_11202541_35/job-11202541-35-sub-92927/ds/inputs/data/qsiprep/qsiprep/sub-92927/ses-1/dwi/sub-92927_ses-1_acq-multiband_dir-AP_space-ACPC_desc-preproc_dwi.nii.gz	0.0	0.0009844562737271	0.0007526960689574	0.0007815238204784	0.0009844562737271	0.0007815238204784	0.0007526960689574	0.0009253415046259	0.0009253415046259	sub-92927	ses-1		dir-AP	acq-multiband	space-ACPC			DSIStudio	autotrackgqi
ProjectionBasalGanglia_FasciculusLenticularisL	dki_rk	DIPYDKI	/scratch/grmpy/SLURM_11202541_35/job-11202541-35-sub-92927/ds/inputs/data/qsiprep/qsiprep/sub-92927/ses-1/dwi/sub-92927_ses-1_acq-multiband_dir-AP_space-ACPC_desc-preproc_dwi.nii.gz	0.0	0.9203399148243032	0.4658689334343783	0.8991441005638313	0.9203399148243032	0.8991441005638313	0.4658689334343783	1.0113745925169777	1.0113745925169777	sub-92927	ses-1		dir-AP	acq-multiband	space-ACPC			DSIStudio	autotrackgqi
ProjectionBasalGanglia_FasciculusLenticularisL	dki_sphericity	DIPYDKI	/scratch/grmpy/SLURM_11202541_35/job-11202541-35-sub-92927/ds/inputs/data/qsiprep/qsiprep/sub-92927/ses-1/dwi/sub-92927_ses-1_acq-multiband_dir-AP_space-ACPC_desc-preproc_dwi.nii.gz	0.0	0.693821370601654	0.1258536130189895	0.7072312235832214	0.693821370601654	0.7072312235832214	0.1258536130189895	0.659751832485199	0.659751832485199	sub-92927	ses-1		dir-AP	acq-multiband	space-ACPC			DSIStudio	autotrackgqi
ProjectionBasalGanglia_FasciculusSubthalamicusR	dki_ad	DIPYDKI	/scratch/grmpy/SLURM_11202541_35/job-11202541-35-sub-92927/ds/inputs/data/qsiprep/qsiprep/sub-92927/ses-1/dwi/sub-92927_ses-1_acq-multiband_dir-AP_space-ACPC_desc-preproc_dwi.nii.gz	0.0	0.00150569784455	0.0007930840365588	0.0012631302233785	0.00150569784455	0.0012631302233785	0.0007930840365588	0.0013387680519372	0.0013387680519372	sub-92927	ses-1		dir-AP	acq-multiband	space-ACPC			DSIStudio	autotrackgqi
ProjectionBasalGanglia_FasciculusSubthalamicusR	dki_ak	DIPYDKI	/scratch/grmpy/SLURM_11202541_35/job-11202541-35-sub-92927/ds/inputs/data/qsiprep/qsiprep/sub-92927/ses-1/dwi/sub-92927_ses-1_acq-multiband_dir-AP_space-ACPC_desc-preproc_dwi.nii.gz	0.0	0.8123360711504178	0.1733882500572839	0.817641981998139	0.8123360711504178	0.817641981998139	0.1733882500572839	0.8367047472715832	0.8367047472715832	sub-92927	ses-1		dir-AP	acq-multiband	space-ACPC			DSIStudio	autotrackgqi
ProjectionBasalGanglia_FasciculusSubthalamicusR	dki_fa	DIPYDKI	/scratch/grmpy/SLURM_11202541_35/job-11202541-35-sub-92927/ds/inputs/data/qsiprep/qsiprep/sub-92927/ses-1/dwi/sub-92927_ses-1_acq-multiband_dir-AP_space-ACPC_desc-preproc_dwi.nii.gz	0.0	0.329958975315094	0.1353442966938018	0.3076419830322265	0.329958975315094	0.3076419830322265	0.1353442966938018	0.3502807021141052	0.3502807021141052	sub-92927	ses-1		dir-AP	acq-multiband	space-ACPC			DSIStudio	autotrackgqi
ProjectionBasalGanglia_FasciculusSubthalamicusR	dki_kfa	DIPYDKI	/scratch/grmpy/SLURM_11202541_35/job-11202541-35-sub-92927/ds/inputs/data/qsiprep/qsiprep/sub-92927/ses-1/dwi/sub-92927_ses-1_acq-multiband_dir-AP_space-ACPC_desc-preproc_dwi.nii.gz	0.000786782061369	0.4712274074554443	0.1516189277172088	0.4721783995628357	0.4715984761714935	0.4722076058387756	0.151100680232048	0.4758130311965942	0.4758252203464508	sub-92927	ses-1		dir-AP	acq-multiband	space-ACPC			DSIStudio	autotrackgqi
ProjectionBasalGanglia_FasciculusSubthalamicusR	dki_linearity	DIPYDKI	/scratch/grmpy/SLURM_11202541_35/job-11202541-35-sub-92927/ds/inputs/data/qsiprep/qsiprep/sub-92927/ses-1/dwi/sub-92927_ses-1_acq-multiband_dir-AP_space-ACPC_desc-preproc_dwi.nii.gz	0.0	0.1392853409051895	0.0944694653153419	0.1177291572093963	0.1392853409051895	0.1177291572093963	0.0944694653153419	0.1488679349422454	0.1488679349422454	sub-92927	ses-1		dir-AP	acq-multiband	space-ACPC			DSIStudio	autotrackgqi
ProjectionBasalGanglia_FasciculusSubthalamicusR	dki_md	DIPYDKI	/scratch/grmpy/SLURM_11202541_35/job-11202541-35-sub-92927/ds/inputs/data/qsiprep/qsiprep/sub-92927/ses-1/dwi/sub-92927_ses-1_acq-multiband_dir-AP_space-ACPC_desc-preproc_dwi.nii.gz	0.0	0.0011204862967133	0.0006705939304083	0.0009194866870529	0.0011204862967133	0.0009194866870529	0.0006705939304083	0.0009667167905718	0.0009667167905718	sub-92927	ses-1		dir-AP	acq-multiband	space-ACPC			DSIStudio	autotrackgqi
ProjectionBasalGanglia_FasciculusSubthalamicusR	dki_mk	DIPYDKI	/scratch/grmpy/SLURM_11202541_35/job-11202541-35-sub-92927/ds/inputs/data/qsiprep/qsiprep/sub-92927/ses-1/dwi/sub-92927_ses-1_acq-multiband_dir-AP_space-ACPC_desc-preproc_dwi.nii.gz	0.0	0.8992958405760235	0.2383777835559278	0.8884874115009851	0.8992958405760235	0.8884874115009851	0.2383777835559278	0.9864073699313818	0.9864073699313818	sub-92927	ses-1		dir-AP	acq-multiband	space-ACPC			DSIStudio	autotrackgqi
ProjectionBasalGanglia_FasciculusSubthalamicusR	dki_mkt	DIPYDKI	/scratch/grmpy/SLURM_11202541_35/job-11202541-35-sub-92927/ds/inputs/data/qsiprep/qsiprep/sub-92927/ses-1/dwi/sub-92927_ses-1_acq-multiband_dir-AP_space-ACPC_desc-preproc_dwi.nii.gz	0.0	0.9088586552217492	0.207176633534576	0.9053232187751404	0.9088586552217492	0.9053232187751404	0.207176633534576	0.9813872799291644	0.9813872799291644	sub-92927	ses-1		dir-AP	acq-multiband	space-ACPC			DSIStudio	autotrackgqi
ProjectionBasalGanglia_FasciculusSubthalamicusR	dki_planarity	DIPYDKI	/scratch/grmpy/SLURM_11202541_35/job-11202541-35-sub-92927/ds/inputs/data/qsiprep/qsiprep/sub-92927/ses-1/dwi/sub-92927_ses-1_acq-multiband_dir-AP_space-ACPC_desc-preproc_dwi.nii.gz	0.0	0.1745249032974243	0.0951149985194206	0.1629198789596557	0.1745249032974243	0.1629198789596557	0.0951149985194206	0.188688576221466	0.188688576221466	sub-92927	ses-1		dir-AP	acq-multiband	space-ACPC			DSIStudio	autotrackgqi
ProjectionBasalGanglia_FasciculusSubthalamicusR	dki_rd	DIPYDKI	/scratch/grmpy/SLURM_11202541_35/job-11202541-35-sub-92927/ds/inputs/data/qsiprep/qsiprep/sub-92927/ses-1/dwi/sub-92927_ses-1_acq-multiband_dir-AP_space-ACPC_desc-preproc_dwi.nii.gz	0.0	0.0009278804645873	0.0006307992152869	0.0007586660212837	0.0009278804645873	0.0007586660212837	0.0006307992152869	0.0007806911598891	0.0007806911598891	sub-92927	ses-1		dir-AP	acq-multiband	space-ACPC			DSIStudio	autotrackgqi
ProjectionBasalGanglia_FasciculusSubthalamicusR	dki_rk	DIPYDKI	/scratch/grmpy/SLURM_11202541_35/job-11202541-35-sub-92927/ds/inputs/data/qsiprep/qsiprep/sub-92927/ses-1/dwi/sub-92927_ses-1_acq-multiband_dir-AP_space-ACPC_desc-preproc_dwi.nii.gz	0.0	1.003857927545241	0.4372619215871792	0.9452760080869638	1.003857927545241	0.9452760080869638	0.4372619215871792	1.143406654309478	1.143406654309478	sub-92927	ses-1		dir-AP	acq-multiband	space-ACPC			DSIStudio	autotrackgqi
ProjectionBasalGanglia_FasciculusSubthalamicusR	dki_sphericity	DIPYDKI	/scratch/grmpy/SLURM_11202541_35/job-11202541-35-sub-92927/ds/inputs/data/qsiprep/qsiprep/sub-92927/ses-1/dwi/sub-92927_ses-1_acq-multiband_dir-AP_space-ACPC_desc-preproc_dwi.nii.gz	0.0	0.6861897110939026	0.1300639361143112	0.7066702842712402	0.6861897110939026	0.7066702842712402	0.1300639361143112	0.6624435186386108	0.6624435186386108	sub-92927	ses-1		dir-AP	acq-multiband	space-ACPC			DSIStudio	autotrackgqi
ProjectionBrainstem_ReticularTractL	dki_ad	DIPYDKI	/scratch/grmpy/SLURM_11202541_35/job-11202541-35-sub-92927/ds/inputs/data/qsiprep/qsiprep/sub-92927/ses-1/dwi/sub-92927_ses-1_acq-multiband_dir-AP_space-ACPC_desc-preproc_dwi.nii.gz	0.0006912442396313	0.00141239434015	0.0005612754030153	0.0013104303507134	0.0014133712975308	0.0013106268597766	0.0005602384335361	0.0015486811753362	0.0015487017808482	sub-92927	ses-1		dir-AP	acq-multiband	space-ACPC			DSIStudio	autotrackgqi
ProjectionBrainstem_ReticularTractL	dki_ak	DIPYDKI	/scratch/grmpy/SLURM_11202541_35/job-11202541-35-sub-92927/ds/inputs/data/qsiprep/qsiprep/sub-92927/ses-1/dwi/sub-92927_ses-1_acq-multiband_dir-AP_space-ACPC_desc-preproc_dwi.nii.gz	0.006221198156682	0.8282376023109876	0.194825102380047	0.8339466520300564	0.83342248876181	0.8353966357695184	0.1840468274662481	0.842699860835074	0.8445567341828661	sub-92927	ses-1		dir-AP	acq-multiband	space-ACPC			DSIStudio	autotrackgqi
ProjectionBrainstem_ReticularTractL	dki_fa	DIPYDKI	/scratch/grmpy/SLURM_11202541_35/job-11202541-35-sub-92927/ds/inputs/data/qsiprep/qsiprep/sub-92927/ses-1/dwi/sub-92927_ses-1_acq-multiband_dir-AP_space-ACPC_desc-preproc_dwi.nii.gz	0.006221198156682	0.3782532215118408	0.1610010117292404	0.3742275834083557	0.3806211352348327	0.375855803489685	0.1586893796920776	0.4760176539421081	0.4770665168762207	sub-92927	ses-1		dir-AP	acq-multiband	space-ACPC			DSIStudio	autotrackgqi
ProjectionBrainstem_ReticularTractL	dki_kfa	DIPYDKI	/scratch/grmpy/SLURM_11202541_35/job-11202541-35-sub-92927/ds/inputs/data/qsiprep/qsiprep/sub-92927/ses-1/dwi/sub-92927_ses-1_acq-multiband_dir-AP_space-ACPC_desc-preproc_dwi.nii.gz	0.0105990783410138	0.510532557964325	0.1605308651924133	0.5079163908958435	0.5160017013549805	0.5098028779029846	0.1523946672677993	0.55452561378479	0.5558733344078064	sub-92927	ses-1		dir-AP	acq-multiband	space-ACPC			DSIStudio	autotrackgqi
ProjectionBrainstem_ReticularTractL	dki_linearity	DIPYDKI	/scratch/grmpy/SLURM_11202541_35/job-11202541-35-sub-92927/ds/inputs/data/qsiprep/qsiprep/sub-92927/ses-1/dwi/sub-92927_ses-1_acq-multiband_dir-AP_space-ACPC_desc-preproc_dwi.nii.gz	0.006221198156682	0.1702441424131393	0.1175366193056106	0.1458810865879058	0.1713098883628845	0.1470142900943756	0.1171271353960037	0.2455143630504608	0.2460553497076034	sub-92927	ses-1		dir-AP	acq-multiband	space-ACPC			DSIStudio	autotrackgqi
ProjectionBrainstem_ReticularTractL	dki_md	DIPYDKI	/scratch/grmpy/SLURM_11202541_35/job-11202541-35-sub-92927/ds/inputs/data/qsiprep/qsiprep/sub-92927/ses-1/dwi/sub-92927_ses-1_acq-multiband_dir-AP_space-ACPC_desc-preproc_dwi.nii.gz	0.0006912442396313	0.0009929870720952	0.0004281320143491	0.0009124401258304	0.0009936740389093	0.0009124798234552	0.0004274825041648	0.0009863825980573	0.000986395869404	sub-92927	ses-1		dir-AP	acq-multiband	space-ACPC			DSIStudio	autotrackgqi
ProjectionBrainstem_ReticularTractL	dki_mk	DIPYDKI	/scratch/grmpy/SLURM_11202541_35/job-11202541-35-sub-92927/ds/inputs/data/qsiprep/qsiprep/sub-92927/ses-1/dwi/sub-92927_ses-1_acq-multiband_dir-AP_space-ACPC_desc-preproc_dwi.nii.gz	0.006221198156682	0.9540054933045942	0.282349236814506	1.0103184238657648	0.959977704832353	1.0118843429752853	0.2729230058231465	1.0400121170150585	1.0423037643194406	sub-92927	ses-1		dir-AP	acq-multiband	space-ACPC			DSIStudio	autotrackgqi
ProjectionBrainstem_ReticularTractL	dki_mkt	DIPYDKI	/scratch/grmpy/SLURM_11202541_35/job-11202541-35-sub-92927/ds/inputs/data/qsiprep/qsiprep/sub-92927/ses-1/dwi/sub-92927_ses-1_acq-multiband_dir-AP_space-ACPC_desc-preproc_dwi.nii.gz	0.0006912442396313	0.9582351266937766	0.2522433400507953	1.0107954400048118	0.9588979593845954	1.0109650018922691	0.2510679702790704	1.0532106839499975	1.0532246823184457	sub-92927	ses-1		dir-AP	acq-multiband	space-ACPC			DSIStudio	autotrackgqi
ProjectionBrainstem_ReticularTractL	dki_planarity	DIPYDKI	/scratch/grmpy/SLURM_11202541_35/job-11202541-35-sub-92927/ds/inputs/data/qsiprep/qsiprep/sub-92927/ses-1/dwi/sub-92927_ses-1_acq-multiband_dir-AP_space-ACPC_desc-preproc_dwi.nii.gz	0.006221198156682	0.1887086629867553	0.1111886799335479	0.1698322594165802	0.1898900121450424	0.1709969192743301	0.1105259656906127	0.1935686469078064	0.1939951628446579	sub-92927	ses-1		dir-AP	acq-multiband	space-ACPC			DSIStudio	autotrackgqi
ProjectionBrainstem_ReticularTractL	dki_rd	DIPYDKI	/scratch/grmpy/SLURM_11202541_35/job-11202541-35-sub-92927/ds/inputs/data/qsiprep/qsiprep/sub-92927/ses-1/dwi/sub-92927_ses-1_acq-multiband_dir-AP_space-ACPC_desc-preproc_dwi.nii.gz	0.0006912442396313	0.0007832836126908	0.000400856428314	0.0007240511476993	0.0007838254095986	0.0007244170410558	0.0004004651564173	0.0007052333094179	0.0007052426808513	sub-92927	ses-1		dir-AP	acq-multiband	space-ACPC			DSIStudio	autotrackgqi
ProjectionBrainstem_ReticularTractL	dki_rk	DIPYDKI	/scratch/grmpy/SLURM_11202541_35/job-11202541-35-sub-92927/ds/inputs/data/qsiprep/qsiprep/sub-92927/ses-1/dwi/sub-92927_ses-1_acq-multiband_dir-AP_space-ACPC_desc-preproc_dwi.nii.gz	0.006221198156682	1.14024384427603	0.5115158230824062	1.179412844890967	1.1473819346529026	1.1830192293649144	0.5050705674922469	1.3067202537837683	1.309599587118786	sub-92927	ses-1		dir-AP	acq-multiband	space-ACPC			DSIStudio	autotrackgqi
ProjectionBrainstem_ReticularTractL	dki_sphericity	DIPYDKI	/scratch/grmpy/SLURM_11202541_35/job-11202541-35-sub-92927/ds/inputs/data/qsiprep/qsiprep/sub-92927/ses-1/dwi/sub-92927_ses-1_acq-multiband_dir-AP_space-ACPC_desc-preproc_dwi.nii.gz	0.0006912442396313	0.6403559446334839	0.1568034142255783	0.6473773717880249	0.6407988667488098	0.6475297212600708	0.1559502333402633	0.5609036684036255	0.5609110593795776	sub-92927	ses-1		dir-AP	acq-multiband	space-ACPC			DSIStudio	autotrackgqi
ProjectionBasalGanglia_FornixL	dki_ad	DIPYDKI	/scratch/grmpy/SLURM_11202541_35/job-11202541-35-sub-92927/ds/inputs/data/qsiprep/qsiprep/sub-92927/ses-1/dwi/sub-92927_ses-1_acq-multiband_dir-AP_space-ACPC_desc-preproc_dwi.nii.gz	0.0	0.001742981490679	0.0010336593259125	0.0013784589245915	0.001742981490679	0.0013784589245915	0.0010336593259125	0.0017192757222801	0.0017192757222801	sub-92927	ses-1		dir-AP	acq-multiband	space-ACPC			DSIStudio	autotrackgqi
ProjectionBasalGanglia_FornixL	dki_ak	DIPYDKI	/scratch/grmpy/SLURM_11202541_35/job-11202541-35-sub-92927/ds/inputs/data/qsiprep/qsiprep/sub-92927/ses-1/dwi/sub-92927_ses-1_acq-multiband_dir-AP_space-ACPC_desc-preproc_dwi.nii.gz	0.0004480286738351	0.7135611007016224	0.1631029381248222	0.7145956603167467	0.7138809398323717	0.7146116511087983	0.1624381895413331	0.7314279269290592	0.7314864377842618	sub-92927	ses-1		dir-AP	acq-multiband	space-ACPC			DSIStudio	autotrackgqi
ProjectionBasalGanglia_FornixL	dki_fa	DIPYDKI	/scratch/grmpy/SLURM_11202541_35/job-11202541-35-sub-92927/ds/inputs/data/qsiprep/qsiprep/sub-92927/ses-1/dwi/sub-92927_ses-1_acq-multiband_dir-AP_space-ACPC_desc-preproc_dwi.nii.gz	0.0	0.2930441200733185	0.154115155339241	0.2596104145050049	0.2930441200733185	0.2596104145050049	0.154115155339241	0.3489809036254883	0.3489809036254883	sub-92927	ses-1		dir-AP	acq-multiband	space-ACPC			DSIStudio	autotrackgqi
ProjectionBasalGanglia_FornixL	dki_kfa	DIPYDKI	/scratch/grmpy/SLURM_11202541_35/job-11202541-35-sub-92927/ds/inputs/data/qsiprep/qsiprep/sub-92927/ses-1/dwi/sub-92927_ses-1_acq-multiband_dir-AP_space-ACPC_desc-preproc_dwi.nii.gz	0.0013440860215053	0.455179899930954	0.184971421957016	0.4508498311042785	0.4557925164699554	0.4511565864086151	0.1843400299549102	0.4741546213626861	0.4744458794593811	sub-92927	ses-1		dir-AP	acq-multiband	space-ACPC			DSIStudio	autotrackgqi
ProjectionBasalGanglia_FornixL	dki_linearity	DIPYDKI	/scratch/grmpy/SLURM_11202541_35/job-11202541-35-sub-92927/ds/inputs/data/qsiprep/qsiprep/sub-92927/ses-1/dwi/sub-92927_ses-1_acq-multiband_dir-AP_space-ACPC_desc-preproc_dwi.nii.gz	0.0	0.1309644877910614	0.1080110296607017	0.1006005853414535	0.1309644877910614	0.1006005853414535	0.1080110296607017	0.1651123017072677	0.1651123017072677	sub-92927	ses-1		dir-AP	acq-multiband	space-ACPC			DSIStudio	autotrackgqi
ProjectionBasalGanglia_FornixL	dki_md	DIPYDKI	/scratch/grmpy/SLURM_11202541_35/job-11202541-35-sub-92927/ds/inputs/data/qsiprep/qsiprep/sub-92927/ses-1/dwi/sub-92927_ses-1_acq-multiband_dir-AP_space-ACPC_desc-preproc_dwi.nii.gz	0.0	0.0013308791676536	0.0008430481539107	0.0010055492166429	0.0013308791676536	0.0010055492166429	0.0008430481539107	0.0012377111706882	0.0012377111706882	sub-92927	ses-1		dir-AP	acq-multiband	space-ACPC			DSIStudio	autotrackgqi
ProjectionBasalGanglia_FornixL	dki_mk	DIPYDKI	/scratch/grmpy/SLURM_11202541_35/job-11202541-35-sub-92927/ds/inputs/data/qsiprep/qsiprep/sub-92927/ses-1/dwi/sub-92927_ses-1_acq-multiband_dir-AP_space-ACPC_desc-preproc_dwi.nii.gz	0.0004480286738351	0.7673658916941336	0.2240128421753908	0.7806614327721209	0.7677098477190973	0.7809360419040589	0.223473013972349	0.8219105135299333	0.8219762633430396	sub-92927	ses-1		dir-AP	acq-multiband	space-ACPC			DSIStudio	autotrackgqi
ProjectionBasalGanglia_FornixL	dki_mkt	DIPYDKI	/scratch/grmpy/SLURM_11202541_35/job-11202541-35-sub-92927/ds/inputs/data/qsiprep/qsiprep/sub-92927/ses-1/dwi/sub-92927_ses-1_acq-multiband_dir-AP_space-ACPC_desc-preproc_dwi.nii.gz	0.0	0.7762702566088694	0.1950896468571618	0.790464546727234	0.7762702566088694	0.790464546727234	0.1950896468571618	0.829185239489513	0.829185239489513	sub-92927	ses-1		dir-AP	acq-multiband	space-ACPC			DSIStudio	autotrackgqi
ProjectionBasalGanglia_FornixL	dki_planarity	DIPYDKI	/scratch/grmpy/SLURM_11202541_35/job-11202541-35-sub-92927/ds/inputs/data/qsiprep/qsiprep/sub-92927/ses-1/dwi/sub-92927_ses-1_acq-multiband_dir-AP_space-ACPC_desc-preproc_dwi.nii.gz	0.0004480286738351	0.1385591775178909	0.0869875475764274	0.121345430612564	0.1386212855577469	0.1213572323322296	0.0869575589895248	0.1510379314422607	0.1510500013828277	sub-92927	ses-1		dir-AP	acq-multiband	space-ACPC			DSIStudio	autotrackgqi
ProjectionBasalGanglia_FornixL	dki_rd	DIPYDKI	/scratch/grmpy/SLURM_11202541_35/job-11202541-35-sub-92927/ds/inputs/data/qsiprep/qsiprep/sub-92927/ses-1/dwi/sub-92927_ses-1_acq-multiband_dir-AP_space-ACPC_desc-preproc_dwi.nii.gz	0.0	0.0011248283553868	0.000775349268224	0.0008503001881763	0.0011248283553868	0.0008503001881763	0.000775349268224	0.0009969288948923	0.0009969288948923	sub-92927	ses-1		dir-AP	acq-multiband	space-ACPC			DSIStudio	autotrackgqi
ProjectionBasalGanglia_FornixL	dki_rk	DIPYDKI	/scratch/grmpy/SLURM_11202541_35/job-11202541-35-sub-92927/ds/inputs/data/qsiprep/qsiprep/sub-92927/ses-1/dwi/sub-92927_ses-1_acq-multiband_dir-AP_space-ACPC_desc-preproc_dwi.nii.gz	0.0004480286738351	0.8567310245853342	0.4250994512589627	0.8273861689069277	0.8571150366985505	0.8277917509463504	0.4248074861055245	0.965865970378971	0.9659432363601912	sub-92927	ses-1		dir-AP	acq-multiband	space-ACPC			DSIStudio	autotrackgqi
ProjectionBasalGanglia_FornixL	dki_sphericity	DIPYDKI	/scratch/grmpy/SLURM_11202541_35/job-11202541-35-sub-92927/ds/inputs/data/qsiprep/qsiprep/sub-92927/ses-1/dwi/sub-92927_ses-1_acq-multiband_dir-AP_space-ACPC_desc-preproc_dwi.nii.gz	0.0	0.7304763793945312	0.1387373954057693	0.7592302560806274	0.7304763793945312	0.7592302560806274	0.1387373954057693	0.6838498115539551	0.6838498115539551	sub-92927	ses-1		dir-AP	acq-multiband	space-ACPC			DSIStudio	autotrackgqi
ProjectionBasalGanglia_ThalamicRadiationL	dki_ad	DIPYDKI	/scratch/grmpy/SLURM_11202541_35/job-11202541-35-sub-92927/ds/inputs/data/qsiprep/qsiprep/sub-92927/ses-1/dwi/sub-92927_ses-1_acq-multiband_dir-AP_space-ACPC_desc-preproc_dwi.nii.gz	0.0008595680670463	0.0013237770181149	0.0003659643116407	0.0012803602730855	0.0013249159092083	0.0012805253500118	0.000364055216778	0.0013751093065366	0.0013752349186688	sub-92927	ses-1		dir-AP	acq-multiband	space-ACPC			DSIStudio	autotrackgqi
ProjectionBasalGanglia_ThalamicRadiationL	dki_ak	DIPYDKI	/scratch/grmpy/SLURM_11202541_35/job-11202541-35-sub-92927/ds/inputs/data/qsiprep/qsiprep/sub-92927/ses-1/dwi/sub-92927_ses-1_acq-multiband_dir-AP_space-ACPC_desc-preproc_dwi.nii.gz	0.0008595680670463	0.8249289990551976	0.1744754415584449	0.8263391754297955	0.8256386917095089	0.8265516603938259	0.1728638747673511	0.8535470341198887	0.8536250337565137	sub-92927	ses-1		dir-AP	acq-multiband	space-ACPC			DSIStudio	autotrackgqi
ProjectionBasalGanglia_ThalamicRadiationL	dki_fa	DIPYDKI	/scratch/grmpy/SLURM_11202541_35/job-11202541-35-sub-92927/ds/inputs/data/qsiprep/qsiprep/sub-92927/ses-1/dwi/sub-92927_ses-1_acq-multiband_dir-AP_space-ACPC_desc-preproc_dwi.nii.gz	0.0008595680670463	0.3779376745223999	0.1527513414621353	0.3738680183887481	0.3782628178596496	0.3739379346370697	0.1524140983819961	0.4267885982990265	0.4268275499343872	sub-92927	ses-1		dir-AP	acq-multiband	space-ACPC			DSIStudio	autotrackgqi
ProjectionBasalGanglia_ThalamicRadiationL	dki_kfa	DIPYDKI	/scratch/grmpy/SLURM_11202541_35/job-11202541-35-sub-92927/ds/inputs/data/qsiprep/qsiprep/sub-92927/ses-1/dwi/sub-92927_ses-1_acq-multiband_dir-AP_space-ACPC_desc-preproc_dwi.nii.gz	0.0051574084022778	0.5050577521324158	0.1425515413284301	0.5047090649604797	0.5076760053634644	0.5053156018257141	0.1381920725107193	0.5245487689971924	0.526519775390625	sub-92927	ses-1		dir-AP	acq-multiband	space-ACPC			DSIStudio	autotrackgqi
ProjectionBasalGanglia_ThalamicRadiationL	dki_linearity	DIPYDKI	/scratch/grmpy/SLURM_11202541_35/job-11202541-35-sub-92927/ds/inputs/data/qsiprep/qsiprep/sub-92927/ses-1/dwi/sub-92927_ses-1_acq-multiband_dir-AP_space-ACPC_desc-preproc_dwi.nii.gz	0.0008595680670463	0.164738655090332	0.1072976887226104	0.1457185447216034	0.1648803800344467	0.1458635330200195	0.1072349324822425	0.1989883631467819	0.1990065574645996	sub-92927	ses-1		dir-AP	acq-multiband	space-ACPC			DSIStudio	autotrackgqi
ProjectionBasalGanglia_ThalamicRadiationL	dki_md	DIPYDKI	/scratch/grmpy/SLURM_11202541_35/job-11202541-35-sub-92927/ds/inputs/data/qsiprep/qsiprep/sub-92927/ses-1/dwi/sub-92927_ses-1_acq-multiband_dir-AP_space-ACPC_desc-preproc_dwi.nii.gz	0.0008595680670463	0.0009348691091872	0.0002913467178586	0.0008903812267817	0.0009356733644381	0.0008904734277166	0.0002901781990658	0.0009197549079544	0.0009198389016091	sub-92927	ses-1		dir-AP	acq-multiband	space-ACPC			DSIStudio	autotrackgqi
ProjectionBasalGanglia_ThalamicRadiationL	dki_mk	DIPYDKI	/scratch/grmpy/SLURM_11202541_35/job-11202541-35-sub-92927/ds/inputs/data/qsiprep/qsiprep/sub-92927/ses-1/dwi/sub-92927_ses-1_acq-multiband_dir-AP_space-ACPC_desc-preproc_dwi.nii.gz	0.0008595680670463	0.9745257340880906	0.2540642968496814	1.026179533602423	0.9753641259444952	1.026428219630082	0.2525598172703847	1.0306376202594167	1.0307318029600143	sub-92927	ses-1		dir-AP	acq-multiband	space-ACPC			DSIStudio	autotrackgqi
ProjectionBasalGanglia_ThalamicRadiationL	dki_mkt	DIPYDKI	/scratch/grmpy/SLURM_11202541_35/job-11202541-35-sub-92927/ds/inputs/data/qsiprep/qsiprep/sub-92927/ses-1/dwi/sub-92927_ses-1_acq-multiband_dir-AP_space-ACPC_desc-preproc_dwi.nii.gz	0.0008595680670463	0.9641422663861756	0.2187292841176074	1.008741762393881	0.9649717252668176	1.0089607976012798	0.216986761411187	1.0272715054466337	1.0273653805049892	sub-92927	ses-1		dir-AP	acq-multiband	space-ACPC			DSIStudio	autotrackgqi
ProjectionBasalGanglia_ThalamicRadiationL	dki_planarity	DIPYDKI	/scratch/grmpy/SLURM_11202541_35/job-11202541-35-sub-92927/ds/inputs/data/qsiprep/qsiprep/sub-92927/ses-1/dwi/sub-92927_ses-1_acq-multiband_dir-AP_space-ACPC_desc-preproc_dwi.nii.gz	0.0008595680670463	0.1988817602396011	0.1119302436709404	0.1834931224584579	0.1990528553724289	0.1836268603801727	0.1118261963129043	0.2074090093374252	0.207427978515625	sub-92927	ses-1		dir-AP	acq-multiband	space-ACPC			DSIStudio	autotrackgqi
ProjectionBasalGanglia_ThalamicRadiationL	dki_rd	DIPYDKI	/scratch/grmpy/SLURM_11202541_35/job-11202541-35-sub-92927/ds/inputs/data/qsiprep/qsiprep/sub-92927/ses-1/dwi/sub-92927_ses-1_acq-multiband_dir-AP_space-ACPC_desc-preproc_dwi.nii.gz	0.0008595680670463	0.0007404151256196	0.0002984264865517	0.0007048440747894	0.0007410520920529	0.0007049872074276	0.0002977632393594	0.0006920776213519	0.0006921408348716	sub-92927	ses-1		dir-AP	acq-multiband	space-ACPC			DSIStudio	autotrackgqi
ProjectionBasalGanglia_ThalamicRadiationL	dki_rk	DIPYDKI	/scratch/grmpy/SLURM_11202541_35/job-11202541-35-sub-92927/ds/inputs/data/qsiprep/qsiprep/sub-92927/ses-1/dwi/sub-92927_ses-1_acq-multiband_dir-AP_space-ACPC_desc-preproc_dwi.nii.gz	0.0008595680670463	1.2052375760332206	0.4937132851933118	1.2225055395072897	1.206274451031421	1.2227862808153973	0.4926578473348332	1.3219687145840835	1.3220895200901015	sub-92927	ses-1		dir-AP	acq-multiband	space-ACPC			DSIStudio	autotrackgqi
ProjectionBasalGanglia_ThalamicRadiationL	dki_sphericity	DIPYDKI	/scratch/grmpy/SLURM_11202541_35/job-11202541-35-sub-92927/ds/inputs/data/qsiprep/qsiprep/sub-92927/ses-1/dwi/sub-92927_ses-1_acq-multiband_dir-AP_space-ACPC_desc-preproc_dwi.nii.gz	0.0008595680670463	0.6355200409889221	0.1517910212278366	0.6405932307243347	0.6360667943954468	0.6407555341720581	0.1507068872451782	0.5935112237930298	0.5935655236244202	sub-92927	ses-1		dir-AP	acq-multiband	space-ACPC			DSIStudio	autotrackgqi
ProjectionBasalGanglia_CorticostriatalTractL	dki_ad	DIPYDKI	/scratch/grmpy/SLURM_11202541_35/job-11202541-35-sub-92927/ds/inputs/data/qsiprep/qsiprep/sub-92927/ses-1/dwi/sub-92927_ses-1_acq-multiband_dir-AP_space-ACPC_desc-preproc_dwi.nii.gz	0.0018192844147968	0.0012904508039355	0.0003663613460958	0.0012497745919972	0.0012928027426823	0.0012501347810029	0.0003625253157224	0.0013137150090187	0.0013139634393155	sub-92927	ses-1		dir-AP	acq-multiband	space-ACPC			DSIStudio	autotrackgqi
ProjectionBasalGanglia_CorticostriatalTractL	dki_ak	DIPYDKI	/scratch/grmpy/SLURM_11202541_35/job-11202541-35-sub-92927/ds/inputs/data/qsiprep/qsiprep/sub-92927/ses-1/dwi/sub-92927_ses-1_acq-multiband_dir-AP_space-ACPC_desc-preproc_dwi.nii.gz	0.0019925495971584	0.796005925253588	0.1868792889191217	0.7970352318519195	0.7975951731946326	0.7975309182447833	0.183646450044511	0.8122318816585519	0.8123977769049786	sub-92927	ses-1		dir-AP	acq-multiband	space-ACPC			DSIStudio	autotrackgqi
ProjectionBasalGanglia_CorticostriatalTractL	dki_fa	DIPYDKI	/scratch/grmpy/SLURM_11202541_35/job-11202541-35-sub-92927/ds/inputs/data/qsiprep/qsiprep/sub-92927/ses-1/dwi/sub-92927_ses-1_acq-multiband_dir-AP_space-ACPC_desc-preproc_dwi.nii.gz	0.0018192844147968	0.3362582325935364	0.1555157005786895	0.3286782503128052	0.3368710875511169	0.3292520344257355	0.1549927592277526	0.3834763169288635	0.3835488557815552	sub-92927	ses-1		dir-AP	acq-multiband	space-ACPC			DSIStudio	autotrackgqi
ProjectionBasalGanglia_CorticostriatalTractL	dki_kfa	DIPYDKI	/scratch/grmpy/SLURM_11202541_35/job-11202541-35-sub-92927/ds/inputs/data/qsiprep/qsiprep/sub-92927/ses-1/dwi/sub-92927_ses-1_acq-multiband_dir-AP_space-ACPC_desc-preproc_dwi.nii.gz	0.0084899939357186	0.4917929470539093	0.1522385627031326	0.4912490248680115	0.4960040152072906	0.4924530982971191	0.1458983272314071	0.5147664546966553	0.5170809626579285	sub-92927	ses-1		dir-AP	acq-multiband	space-ACPC			DSIStudio	autotrackgqi
ProjectionBasalGanglia_CorticostriatalTractL	dki_linearity	DIPYDKI	/scratch/grmpy/SLURM_11202541_35/job-11202541-35-sub-92927/ds/inputs/data/qsiprep/qsiprep/sub-92927/ses-1/dwi/sub-92927_ses-1_acq-multiband_dir-AP_space-ACPC_desc-preproc_dwi.nii.gz	0.0018192844147968	0.1438090056180954	0.102820761501789	0.1181180775165557	0.1440711021423339	0.1183820143342018	0.1027307957410812	0.1757401674985885	0.175773411989212	sub-92927	ses-1		dir-AP	acq-multiband	space-ACPC			DSIStudio	autotrackgqi
ProjectionBasalGanglia_CorticostriatalTractL	dki_md	DIPYDKI	/scratch/grmpy/SLURM_11202541_35/job-11202541-35-sub-92927/ds/inputs/data/qsiprep/qsiprep/sub-92927/ses-1/dwi/sub-92927_ses-1_acq-multiband_dir-AP_space-ACPC_desc-preproc_dwi.nii.gz	0.0018192844147968	0.0009459342691116	0.0002956327225547	0.0008975726086646	0.0009476583800278	0.0008978124242275	0.0002931282797362	0.0009129695827141	0.0009131422266364	sub-92927	ses-1		dir-AP	acq-multiband	space-ACPC			DSIStudio	autotrackgqi
ProjectionBasalGanglia_CorticostriatalTractL	dki_mk	DIPYDKI	/scratch/grmpy/SLURM_11202541_35/job-11202541-35-sub-92927/ds/inputs/data/qsiprep/qsiprep/sub-92927/ses-1/dwi/sub-92927_ses-1_acq-multiband_dir-AP_space-ACPC_desc-preproc_dwi.nii.gz	0.0019925495971584	0.9039929622887646	0.2646142293245847	0.9416945069541413	0.9057978093488898	0.9424049291344586	0.2617740668994883	0.9669716209740274	0.9671691212157676	sub-92927	ses-1		dir-AP	acq-multiband	space-ACPC			DSIStudio	autotrackgqi
ProjectionBasalGanglia_CorticostriatalTractL	dki_mkt	DIPYDKI	/scratch/grmpy/SLURM_11202541_35/job-11202541-35-sub-92927/ds/inputs/data/qsiprep/qsiprep/sub-92927/ses-1/dwi/sub-92927_ses-1_acq-multiband_dir-AP_space-ACPC_desc-preproc_dwi.nii.gz	0.0018192844147968	0.8986605033624835	0.2507625677285431	0.938285155618686	0.9002984022142985	0.9389905110566176	0.2480360380219897	0.9572670260908436	0.957448047014202	sub-92927	ses-1		dir-AP	acq-multiband	space-ACPC			DSIStudio	autotrackgqi
ProjectionBasalGanglia_CorticostriatalTractL	dki_planarity	DIPYDKI	/scratch/grmpy/SLURM_11202541_35/job-11202541-35-sub-92927/ds/inputs/data/qsiprep/qsiprep/sub-92927/ses-1/dwi/sub-92927_ses-1_acq-multiband_dir-AP_space-ACPC_desc-preproc_dwi.nii.gz	0.0018192844147968	0.1775891929864883	0.1057716533541679	0.1607605814933776	0.1779128760099411	0.1611126959323883	0.1055956706404686	0.181187242269516	0.1812215000391006	sub-92927	ses-1		dir-AP	acq-multiband	space-ACPC			DSIStudio	autotrackgqi
ProjectionBasalGanglia_CorticostriatalTractL	dki_rd	DIPYDKI	/scratch/grmpy/SLURM_11202541_35/job-11202541-35-sub-92927/ds/inputs/data/qsiprep/qsiprep/sub-92927/ses-1/dwi/sub-92927_ses-1_acq-multiband_dir-AP_space-ACPC_desc-preproc_dwi.nii.gz	0.0018192844147968	0.0007736759725958	0.0003039152943529	0.0007298180717043	0.0007750861113891	0.0007302111480385	0.0003023903118446	0.0007125968113541	0.0007127315620891	sub-92927	ses-1		dir-AP	acq-multiband	space-ACPC			DSIStudio	autotrackgqi
ProjectionBasalGanglia_CorticostriatalTractL	dki_rk	DIPYDKI	/scratch/grmpy/SLURM_11202541_35/job-11202541-35-sub-92927/ds/inputs/data/qsiprep/qsiprep/sub-92927/ses-1/dwi/sub-92927_ses-1_acq-multiband_dir-AP_space-ACPC_desc-preproc_dwi.nii.gz	0.0019925495971584	1.0833137796267	0.4787751914160396	1.0969436111462585	1.0854766456797742	1.0985658169154102	0.476797230248286	1.2034008399285394	1.2036466299242452	sub-92927	ses-1		dir-AP	acq-multiband	space-ACPC			DSIStudio	autotrackgqi
ProjectionBasalGanglia_CorticostriatalTractL	dki_sphericity	DIPYDKI	/scratch/grmpy/SLURM_11202541_35/job-11202541-35-sub-92927/ds/inputs/data/qsiprep/qsiprep/sub-92927/ses-1/dwi/sub-92927_ses-1_acq-multiband_dir-AP_space-ACPC_desc-preproc_dwi.nii.gz	0.0018192844147968	0.676782488822937	0.1519808173179626	0.6836321353912354	0.6780160069465637	0.6840574741363525	0.1493450105190277	0.6428834795951843	0.6430050730705261	sub-92927	ses-1		dir-AP	acq-multiband	space-ACPC			DSIStudio	autotrackgqi
ProjectionBasalGanglia_AnsaLenticularisR	dki_ad	DIPYDKI	/scratch/grmpy/SLURM_11202541_35/job-11202541-35-sub-92927/ds/inputs/data/qsiprep/qsiprep/sub-92927/ses-1/dwi/sub-92927_ses-1_acq-multiband_dir-AP_space-ACPC_desc-preproc_dwi.nii.gz	0.0	0.001753689837642	0.0012159672332927	0.0013154000043869	0.001753689837642	0.0013154000043869	0.0012159672332927	0.0015659919008612	0.0015659919008612	sub-92927	ses-1		dir-AP	acq-multiband	space-ACPC			DSIStudio	autotrackgqi
ProjectionBasalGanglia_AnsaLenticularisR	dki_ak	DIPYDKI	/scratch/grmpy/SLURM_11202541_35/job-11202541-35-sub-92927/ds/inputs/data/qsiprep/qsiprep/sub-92927/ses-1/dwi/sub-92927_ses-1_acq-multiband_dir-AP_space-ACPC_desc-preproc_dwi.nii.gz	0.0013123359580052	0.7436639535057291	0.1815689852746411	0.7393450436888498	0.7446411728927275	0.739394184773867	0.1796745381054571	0.7753523267209004	0.775585179943723	sub-92927	ses-1		dir-AP	acq-multiband	space-ACPC			DSIStudio	autotrackgqi
ProjectionBasalGanglia_AnsaLenticularisR	dki_fa	DIPYDKI	/scratch/grmpy/SLURM_11202541_35/job-11202541-35-sub-92927/ds/inputs/data/qsiprep/qsiprep/sub-92927/ses-1/dwi/sub-92927_ses-1_acq-multiband_dir-AP_space-ACPC_desc-preproc_dwi.nii.gz	0.0	0.2904731929302215	0.132204383611679	0.2730451226234436	0.2904731929302215	0.2730451226234436	0.132204383611679	0.3112340271472931	0.3112340271472931	sub-92927	ses-1		dir-AP	acq-multiband	space-ACPC			DSIStudio	autotrackgqi
ProjectionBasalGanglia_AnsaLenticularisR	dki_kfa	DIPYDKI	/scratch/grmpy/SLURM_11202541_35/job-11202541-35-sub-92927/ds/inputs/data/qsiprep/qsiprep/sub-92927/ses-1/dwi/sub-92927_ses-1_acq-multiband_dir-AP_space-ACPC_desc-preproc_dwi.nii.gz	0.0072178477690288	0.4439329206943512	0.1902011781930923	0.4492868781089782	0.4471604526042938	0.4502659738063812	0.1870729178190231	0.4635105729103088	0.4656825065612793	sub-92927	ses-1		dir-AP	acq-multiband	space-ACPC			DSIStudio	autotrackgqi
ProjectionBasalGanglia_AnsaLenticularisR	dki_linearity	DIPYDKI	/scratch/grmpy/SLURM_11202541_35/job-11202541-35-sub-92927/ds/inputs/data/qsiprep/qsiprep/sub-92927/ses-1/dwi/sub-92927_ses-1_acq-multiband_dir-AP_space-ACPC_desc-preproc_dwi.nii.gz	0.0	0.1224467828869819	0.0951415672898292	0.102720133960247	0.1224467828869819	0.102720133960247	0.0951415672898292	0.129867285490036	0.129867285490036	sub-92927	ses-1		dir-AP	acq-multiband	space-ACPC			DSIStudio	autotrackgqi
ProjectionBasalGanglia_AnsaLenticularisR	dki_md	DIPYDKI	/scratch/grmpy/SLURM_11202541_35/job-11202541-35-sub-92927/ds/inputs/data/qsiprep/qsiprep/sub-92927/ses-1/dwi/sub-92927_ses-1_acq-multiband_dir-AP_space-ACPC_desc-preproc_dwi.nii.gz	0.0	0.0013657822273671	0.0010420023463666	0.0009759104577824	0.0013657822273671	0.0009759104577824	0.0010420023463666	0.00119327113498	0.00119327113498	sub-92927	ses-1		dir-AP	acq-multiband	space-ACPC			DSIStudio	autotrackgqi
ProjectionBasalGanglia_AnsaLenticularisR	dki_mk	DIPYDKI	/scratch/grmpy/SLURM_11202541_35/job-11202541-35-sub-92927/ds/inputs/data/qsiprep/qsiprep/sub-92927/ses-1/dwi/sub-92927_ses-1_acq-multiband_dir-AP_space-ACPC_desc-preproc_dwi.nii.gz	0.0013123359580052	0.7724299725608292	0.247081300762823	0.7987840192221165	0.7734449922356792	0.799023311776195	0.2456508286178823	0.8219949631462315	0.8222418240120015	sub-92927	ses-1		dir-AP	acq-multiband	space-ACPC			DSIStudio	autotrackgqi
ProjectionBasalGanglia_AnsaLenticularisR	dki_mkt	DIPYDKI	/scratch/grmpy/SLURM_11202541_35/job-11202541-35-sub-92927/ds/inputs/data/qsiprep/qsiprep/sub-92927/ses-1/dwi/sub-92927_ses-1_acq-multiband_dir-AP_space-ACPC_desc-preproc_dwi.nii.gz	0.0	0.791111670101915	0.2162738546042019	0.8091886863093538	0.791111670101915	0.8091886863093538	0.2162738546042019	0.8374952395821198	0.8374952395821198	sub-92927	ses-1		dir-AP	acq-multiband	space-ACPC			DSIStudio	autotrackgqi
ProjectionBasalGanglia_AnsaLenticularisR	dki_planarity	DIPYDKI	/scratch/grmpy/SLURM_11202541_35/job-11202541-35-sub-92927/ds/inputs/data/qsiprep/qsiprep/sub-92927/ses-1/dwi/sub-92927_ses-1_acq-multiband_dir-AP_space-ACPC_desc-preproc_dwi.nii.gz	0.0006561679790026	0.1508361995220184	0.087004467844963	0.137208953499794	0.1509352326393127	0.1372277736663818	0.0869471058249473	0.1633703559637069	0.1633773744106292	sub-92927	ses-1		dir-AP	acq-multiband	space-ACPC			DSIStudio	autotrackgqi
ProjectionBasalGanglia_AnsaLenticularisR	dki_rd	DIPYDKI	/scratch/grmpy/SLURM_11202541_35/job-11202541-35-sub-92927/ds/inputs/data/qsiprep/qsiprep/sub-92927/ses-1/dwi/sub-92927_ses-1_acq-multiband_dir-AP_space-ACPC_desc-preproc_dwi.nii.gz	0.0	0.001171828364022	0.0009715987253002	0.000825046095997	0.001171828364022	0.000825046095997	0.0009715987253002	0.001006910810247	0.001006910810247	sub-92927	ses-1		dir-AP	acq-multiband	space-ACPC			DSIStudio	autotrackgqi
ProjectionBasalGanglia_AnsaLenticularisR	dki_rk	DIPYDKI	/scratch/grmpy/SLURM_11202541_35/job-11202541-35-sub-92927/ds/inputs/data/qsiprep/qsiprep/sub-92927/ses-1/dwi/sub-92927_ses-1_acq-multiband_dir-AP_space-ACPC_desc-preproc_dwi.nii.gz	0.0013123359580052	0.8314162640114343	0.4019848665496203	0.8346882211570483	0.8325087952387819	0.8358698508714164	0.401116731781733	0.8981556875096212	0.8984254209055594	sub-92927	ses-1		dir-AP	acq-multiband	space-ACPC			DSIStudio	autotrackgqi
ProjectionBasalGanglia_AnsaLenticularisR	dki_sphericity	DIPYDKI	/scratch/grmpy/SLURM_11202541_35/job-11202541-35-sub-92927/ds/inputs/data/qsiprep/qsiprep/sub-92927/ses-1/dwi/sub-92927_ses-1_acq-multiband_dir-AP_space-ACPC_desc-preproc_dwi.nii.gz	0.0	0.7267171144485474	0.1253758668899536	0.74171382188797	0.7267171144485474	0.74171382188797	0.1253758668899536	0.7067623138427734	0.7067623138427734	sub-92927	ses-1		dir-AP	acq-multiband	space-ACPC			DSIStudio	autotrackgqi
ProjectionBasalGanglia_OpticRadiationR	dki_ad	DIPYDKI	/scratch/grmpy/SLURM_11202541_35/job-11202541-35-sub-92927/ds/inputs/data/qsiprep/qsiprep/sub-92927/ses-1/dwi/sub-92927_ses-1_acq-multiband_dir-AP_space-ACPC_desc-preproc_dwi.nii.gz	0.0	0.001488821930252	0.0006745643913745	0.0013338816352188	0.001488821930252	0.0013338816352188	0.0006745643913745	0.0016937511973083	0.0016937511973083	sub-92927	ses-1		dir-AP	acq-multiband	space-ACPC			DSIStudio	autotrackgqi
ProjectionBasalGanglia_OpticRadiationR	dki_ak	DIPYDKI	/scratch/grmpy/SLURM_11202541_35/job-11202541-35-sub-92927/ds/inputs/data/qsiprep/qsiprep/sub-92927/ses-1/dwi/sub-92927_ses-1_acq-multiband_dir-AP_space-ACPC_desc-preproc_dwi.nii.gz	0.0003027550711474	0.7666487671687723	0.1573899616592158	0.7600516985195087	0.7668809442636144	0.7601638699452435	0.1568472181460626	0.7451214953115438	0.7451228732050896	sub-92927	ses-1		dir-AP	acq-multiband	space-ACPC			DSIStudio	autotrackgqi
ProjectionBasalGanglia_OpticRadiationR	dki_fa	DIPYDKI	/scratch/grmpy/SLURM_11202541_35/job-11202541-35-sub-92927/ds/inputs/data/qsiprep/qsiprep/sub-92927/ses-1/dwi/sub-92927_ses-1_acq-multiband_dir-AP_space-ACPC_desc-preproc_dwi.nii.gz	0.0	0.3638397753238678	0.1949009895324707	0.3461959958076477	0.3638397753238678	0.3461959958076477	0.1949009895324707	0.4479092359542846	0.4479092359542846	sub-92927	ses-1		dir-AP	acq-multiband	space-ACPC			DSIStudio	autotrackgqi
ProjectionBasalGanglia_OpticRadiationR	dki_kfa	DIPYDKI	/scratch/grmpy/SLURM_11202541_35/job-11202541-35-sub-92927/ds/inputs/data/qsiprep/qsiprep/sub-92927/ses-1/dwi/sub-92927_ses-1_acq-multiband_dir-AP_space-ACPC_desc-preproc_dwi.nii.gz	0.0060551014229488	0.4617683887481689	0.1722328215837478	0.4520316123962402	0.4645814597606659	0.4528131484985351	0.1689317971467971	0.4898514449596405	0.4902306795120239	sub-92927	ses-1		dir-AP	acq-multiband	space-ACPC			DSIStudio	autotrackgqi
ProjectionBasalGanglia_OpticRadiationR	dki_linearity	DIPYDKI	/scratch/grmpy/SLURM_11202541_35/job-11202541-35-sub-92927/ds/inputs/data/qsiprep/qsiprep/sub-92927/ses-1/dwi/sub-92927_ses-1_acq-multiband_dir-AP_space-ACPC_desc-preproc_dwi.nii.gz	0.0	0.1739351749420166	0.1414688229560852	0.1286929547786712	0.1739351749420166	0.1286929547786712	0.1414688229560852	0.2258509546518325	0.2258509546518325	sub-92927	ses-1		dir-AP	acq-multiband	space-ACPC			DSIStudio	autotrackgqi
ProjectionBasalGanglia_OpticRadiationR	dki_md	DIPYDKI	/scratch/grmpy/SLURM_11202541_35/job-11202541-35-sub-92927/ds/inputs/data/qsiprep/qsiprep/sub-92927/ses-1/dwi/sub-92927_ses-1_acq-multiband_dir-AP_space-ACPC_desc-preproc_dwi.nii.gz	0.0	0.0010608115699142	0.0005604152102023	0.0009317513904534	0.0010608115699142	0.0009317513904534	0.0005604152102023	0.0011318726465106	0.0011318726465106	sub-92927	ses-1		dir-AP	acq-multiband	space-ACPC			DSIStudio	autotrackgqi
ProjectionBasalGanglia_OpticRadiationR	dki_mk	DIPYDKI	/scratch/grmpy/SLURM_11202541_35/job-11202541-35-sub-92927/ds/inputs/data/qsiprep/qsiprep/sub-92927/ses-1/dwi/sub-92927_ses-1_acq-multiband_dir-AP_space-ACPC_desc-preproc_dwi.nii.gz	0.0003027550711474	0.9280021887250602	0.2469072146114405	0.9559947964556408	0.9282832311807612	0.9560421251902717	0.2464158033235371	0.9939410230189178	0.9939428608553188	sub-92927	ses-1		dir-AP	acq-multiband	space-ACPC			DSIStudio	autotrackgqi
ProjectionBasalGanglia_OpticRadiationR	dki_mkt	DIPYDKI	/scratch/grmpy/SLURM_11202541_35/job-11202541-35-sub-92927/ds/inputs/data/qsiprep/qsiprep/sub-92927/ses-1/dwi/sub-92927_ses-1_acq-multiband_dir-AP_space-ACPC_desc-preproc_dwi.nii.gz	0.0	0.897751058417033	0.2053582347763942	0.9271603932652344	0.897751058417033	0.9271603932652344	0.2053582347763942	0.9401803172786528	0.9401803172786528	sub-92927	ses-1		dir-AP	acq-multiband	space-ACPC			DSIStudio	autotrackgqi
ProjectionBasalGanglia_OpticRadiationR	dki_planarity	DIPYDKI	/scratch/grmpy/SLURM_11202541_35/job-11202541-35-sub-92927/ds/inputs/data/qsiprep/qsiprep/sub-92927/ses-1/dwi/sub-92927_ses-1_acq-multiband_dir-AP_space-ACPC_desc-preproc_dwi.nii.gz	0.0	0.1651101261377334	0.1080205887556076	0.1419896483421325	0.1651101261377334	0.1419896483421325	0.1080205887556076	0.1906495690345764	0.1906495690345764	sub-92927	ses-1		dir-AP	acq-multiband	space-ACPC			DSIStudio	autotrackgqi
ProjectionBasalGanglia_OpticRadiationR	dki_rd	DIPYDKI	/scratch/grmpy/SLURM_11202541_35/job-11202541-35-sub-92927/ds/inputs/data/qsiprep/qsiprep/sub-92927/ses-1/dwi/sub-92927_ses-1_acq-multiband_dir-AP_space-ACPC_desc-preproc_dwi.nii.gz	0.0	0.0008468062151223	0.0005515755037777	0.0007389949751086	0.0008468062151223	0.0007389949751086	0.0005515755037777	0.0008509333711117	0.0008509333711117	sub-92927	ses-1		dir-AP	acq-multiband	space-ACPC			DSIStudio	autotrackgqi
ProjectionBasalGanglia_OpticRadiationR	dki_rk	DIPYDKI	/scratch/grmpy/SLURM_11202541_35/job-11202541-35-sub-92927/ds/inputs/data/qsiprep/qsiprep/sub-92927/ses-1/dwi/sub-92927_ses-1_acq-multiband_dir-AP_space-ACPC_desc-preproc_dwi.nii.gz	0.0003027550711474	1.2266166269465406	0.615566382444333	1.1410723337667252	1.226988103817209	1.1412644855674134	0.6152893049497486	1.4434017055899608	1.4434043742792926	sub-92927	ses-1		dir-AP	acq-multiband	space-ACPC			DSIStudio	autotrackgqi
ProjectionBasalGanglia_OpticRadiationR	dki_sphericity	DIPYDKI	/scratch/grmpy/SLURM_11202541_35/job-11202541-35-sub-92927/ds/inputs/data/qsiprep/qsiprep/sub-92927/ses-1/dwi/sub-92927_ses-1_acq-multiband_dir-AP_space-ACPC_desc-preproc_dwi.nii.gz	0.0	0.6609546542167664	0.1791222542524337	0.6756359338760376	0.6609546542167664	0.6756359338760376	0.1791222542524337	0.5834994912147522	0.5834994912147522	sub-92927	ses-1		dir-AP	acq-multiband	space-ACPC			DSIStudio	autotrackgqi
ProjectionBasalGanglia_AnsaSubthalamicaR	dki_ad	DIPYDKI	/scratch/grmpy/SLURM_11202541_35/job-11202541-35-sub-92927/ds/inputs/data/qsiprep/qsiprep/sub-92927/ses-1/dwi/sub-92927_ses-1_acq-multiband_dir-AP_space-ACPC_desc-preproc_dwi.nii.gz	0.0	0.0016121109947562	0.0009670190629549	0.0013232871424406	0.0016121109947562	0.0013232871424406	0.0009670190629549	0.0014882660470902	0.0014882660470902	sub-92927	ses-1		dir-AP	acq-multiband	space-ACPC			DSIStudio	autotrackgqi
ProjectionBasalGanglia_AnsaSubthalamicaR	dki_ak	DIPYDKI	/scratch/grmpy/SLURM_11202541_35/job-11202541-35-sub-92927/ds/inputs/data/qsiprep/qsiprep/sub-92927/ses-1/dwi/sub-92927_ses-1_acq-multiband_dir-AP_space-ACPC_desc-preproc_dwi.nii.gz	0.0	0.7638272559680422	0.1650237754651851	0.7582200277583557	0.7638272559680422	0.7582200277583557	0.1650237754651851	0.7258289912734115	0.7258289912734115	sub-92927	ses-1		dir-AP	acq-multiband	space-ACPC			DSIStudio	autotrackgqi
ProjectionBasalGanglia_AnsaSubthalamicaR	dki_fa	DIPYDKI	/scratch/grmpy/SLURM_11202541_35/job-11202541-35-sub-92927/ds/inputs/data/qsiprep/qsiprep/sub-92927/ses-1/dwi/sub-92927_ses-1_acq-multiband_dir-AP_space-ACPC_desc-preproc_dwi.nii.gz	0.0	0.310535728931427	0.1345764398574829	0.29205322265625	0.310535728931427	0.29205322265625	0.1345764398574829	0.3277941346168518	0.3277941346168518	sub-92927	ses-1		dir-AP	acq-multiband	space-ACPC			DSIStudio	autotrackgqi
ProjectionBasalGanglia_AnsaSubthalamicaR	dki_kfa	DIPYDKI	/scratch/grmpy/SLURM_11202541_35/job-11202541-35-sub-92927/ds/inputs/data/qsiprep/qsiprep/sub-92927/ses-1/dwi/sub-92927_ses-1_acq-multiband_dir-AP_space-ACPC_desc-preproc_dwi.nii.gz	0.0009871668311944	0.4651024043560028	0.1649138480424881	0.4555655717849731	0.4655619859695434	0.4558767974376678	0.1643456220626831	0.472236692905426	0.4722920358181	sub-92927	ses-1		dir-AP	acq-multiband	space-ACPC			DSIStudio	autotrackgqi
ProjectionBasalGanglia_AnsaSubthalamicaR	dki_linearity	DIPYDKI	/scratch/grmpy/SLURM_11202541_35/job-11202541-35-sub-92927/ds/inputs/data/qsiprep/qsiprep/sub-92927/ses-1/dwi/sub-92927_ses-1_acq-multiband_dir-AP_space-ACPC_desc-preproc_dwi.nii.gz	0.0	0.1342667192220688	0.0933375209569931	0.1151919662952423	0.1342667192220688	0.1151919662952423	0.0933375209569931	0.1518780291080474	0.1518780291080474	sub-92927	ses-1		dir-AP	acq-multiband	space-ACPC			DSIStudio	autotrackgqi
ProjectionBasalGanglia_AnsaSubthalamicaR	dki_md	DIPYDKI	/scratch/grmpy/SLURM_11202541_35/job-11202541-35-sub-92927/ds/inputs/data/qsiprep/qsiprep/sub-92927/ses-1/dwi/sub-92927_ses-1_acq-multiband_dir-AP_space-ACPC_desc-preproc_dwi.nii.gz	0.0	0.0012155405711382	0.0008026210707612	0.0009859156562015	0.0012155405711382	0.0009859156562015	0.0008026210707612	0.0010905438102781	0.0010905438102781	sub-92927	ses-1		dir-AP	acq-multiband	space-ACPC			DSIStudio	autotrackgqi
ProjectionBasalGanglia_AnsaSubthalamicaR	dki_mk	DIPYDKI	/scratch/grmpy/SLURM_11202541_35/job-11202541-35-sub-92927/ds/inputs/data/qsiprep/qsiprep/sub-92927/ses-1/dwi/sub-92927_ses-1_acq-multiband_dir-AP_space-ACPC_desc-preproc_dwi.nii.gz	0.0	0.8221932806262612	0.2058300735535991	0.82273595028392	0.8221932806262612	0.82273595028392	0.2058300735535991	0.8012304836074853	0.8012304836074853	sub-92927	ses-1		dir-AP	acq-multiband	space-ACPC			DSIStudio	autotrackgqi
ProjectionBasalGanglia_AnsaSubthalamicaR	dki_mkt	DIPYDKI	/scratch/grmpy/SLURM_11202541_35/job-11202541-35-sub-92927/ds/inputs/data/qsiprep/qsiprep/sub-92927/ses-1/dwi/sub-92927_ses-1_acq-multiband_dir-AP_space-ACPC_desc-preproc_dwi.nii.gz	0.0	0.8354348437725528	0.1841149792657349	0.8349956284076527	0.8354348437725528	0.8349956284076527	0.1841149792657349	0.8110268129534708	0.8110268129534708	sub-92927	ses-1		dir-AP	acq-multiband	space-ACPC			DSIStudio	autotrackgqi
ProjectionBasalGanglia_AnsaSubthalamicaR	dki_planarity	DIPYDKI	/scratch/grmpy/SLURM_11202541_35/job-11202541-35-sub-92927/ds/inputs/data/qsiprep/qsiprep/sub-92927/ses-1/dwi/sub-92927_ses-1_acq-multiband_dir-AP_space-ACPC_desc-preproc_dwi.nii.gz	0.0	0.1541707515716552	0.0901633128523826	0.1374672055244445	0.1541707515716552	0.1374672055244445	0.0901633128523826	0.1380858868360519	0.1380858868360519	sub-92927	ses-1		dir-AP	acq-multiband	space-ACPC			DSIStudio	autotrackgqi
ProjectionBasalGanglia_AnsaSubthalamicaR	dki_rd	DIPYDKI	/scratch/grmpy/SLURM_11202541_35/job-11202541-35-sub-92927/ds/inputs/data/qsiprep/qsiprep/sub-92927/ses-1/dwi/sub-92927_ses-1_acq-multiband_dir-AP_space-ACPC_desc-preproc_dwi.nii.gz	0.0	0.0010172554757446	0.0007423135102726	0.0008304133662022	0.0010172554757446	0.0008304133662022	0.0007423135102726	0.0008916826918721	0.0008916826918721	sub-92927	ses-1		dir-AP	acq-multiband	space-ACPC			DSIStudio	autotrackgqi
ProjectionBasalGanglia_AnsaSubthalamicaR	dki_rk	DIPYDKI	/scratch/grmpy/SLURM_11202541_35/job-11202541-35-sub-92927/ds/inputs/data/qsiprep/qsiprep/sub-92927/ses-1/dwi/sub-92927_ses-1_acq-multiband_dir-AP_space-ACPC_desc-preproc_dwi.nii.gz	0.0	0.8986119503377789	0.3850725234509018	0.8849896173058542	0.8986119503377789	0.8849896173058542	0.3850725234509018	0.8938735863227079	0.8938735863227079	sub-92927	ses-1		dir-AP	acq-multiband	space-ACPC			DSIStudio	autotrackgqi
ProjectionBasalGanglia_AnsaSubthalamicaR	dki_sphericity	DIPYDKI	/scratch/grmpy/SLURM_11202541_35/job-11202541-35-sub-92927/ds/inputs/data/qsiprep/qsiprep/sub-92927/ses-1/dwi/sub-92927_ses-1_acq-multiband_dir-AP_space-ACPC_desc-preproc_dwi.nii.gz	0.0	0.7115625739097595	0.1243691816926002	0.7278749942779541	0.7115625739097595	0.7278749942779541	0.1243691816926002	0.710036039352417	0.710036039352417	sub-92927	ses-1		dir-AP	acq-multiband	space-ACPC			DSIStudio	autotrackgqi
ProjectionBasalGanglia_FornixR	dki_ad	DIPYDKI	/scratch/grmpy/SLURM_11202541_35/job-11202541-35-sub-92927/ds/inputs/data/qsiprep/qsiprep/sub-92927/ses-1/dwi/sub-92927_ses-1_acq-multiband_dir-AP_space-ACPC_desc-preproc_dwi.nii.gz	0.0	0.0019520421046763	0.0010904484661296	0.0015735056949779	0.0019520421046763	0.0015735056949779	0.0010904484661296	0.0020113941282033	0.0020113941282033	sub-92927	ses-1		dir-AP	acq-multiband	space-ACPC			DSIStudio	autotrackgqi
ProjectionBasalGanglia_FornixR	dki_ak	DIPYDKI	/scratch/grmpy/SLURM_11202541_35/job-11202541-35-sub-92927/ds/inputs/data/qsiprep/qsiprep/sub-92927/ses-1/dwi/sub-92927_ses-1_acq-multiband_dir-AP_space-ACPC_desc-preproc_dwi.nii.gz	0.0013111888111888	0.6949167272076594	0.1609413119762983	0.690519420743039	0.6958290905256563	0.6906465192868789	0.159063710833388	0.6966071071428237	0.6999366543805344	sub-92927	ses-1		dir-AP	acq-multiband	space-ACPC			DSIStudio	autotrackgqi
ProjectionBasalGanglia_FornixR	dki_fa	DIPYDKI	/scratch/grmpy/SLURM_11202541_35/job-11202541-35-sub-92927/ds/inputs/data/qsiprep/qsiprep/sub-92927/ses-1/dwi/sub-92927_ses-1_acq-multiband_dir-AP_space-ACPC_desc-preproc_dwi.nii.gz	0.0	0.2925169169902801	0.1690841615200042	0.2494720965623855	0.2925169169902801	0.2494720965623855	0.1690841615200042	0.3370630443096161	0.3370630443096161	sub-92927	ses-1		dir-AP	acq-multiband	space-ACPC			DSIStudio	autotrackgqi
ProjectionBasalGanglia_FornixR	dki_kfa	DIPYDKI	/scratch/grmpy/SLURM_11202541_35/job-11202541-35-sub-92927/ds/inputs/data/qsiprep/qsiprep/sub-92927/ses-1/dwi/sub-92927_ses-1_acq-multiband_dir-AP_space-ACPC_desc-preproc_dwi.nii.gz	0.0048076923076923	0.4158482849597931	0.1973203122615814	0.3928679227828979	0.4178571999073028	0.3936832249164581	0.1956628561019897	0.4188605546951294	0.4213405251502991	sub-92927	ses-1		dir-AP	acq-multiband	space-ACPC			DSIStudio	autotrackgqi
ProjectionBasalGanglia_FornixR	dki_linearity	DIPYDKI	/scratch/grmpy/SLURM_11202541_35/job-11202541-35-sub-92927/ds/inputs/data/qsiprep/qsiprep/sub-92927/ses-1/dwi/sub-92927_ses-1_acq-multiband_dir-AP_space-ACPC_desc-preproc_dwi.nii.gz	0.0	0.138021245598793	0.121965542435646	0.1009964197874069	0.138021245598793	0.1009964197874069	0.121965542435646	0.1728457957506179	0.1728457957506179	sub-92927	ses-1		dir-AP	acq-multiband	space-ACPC			DSIStudio	autotrackgqi
ProjectionBasalGanglia_FornixR	dki_md	DIPYDKI	/scratch/grmpy/SLURM_11202541_35/job-11202541-35-sub-92927/ds/inputs/data/qsiprep/qsiprep/sub-92927/ses-1/dwi/sub-92927_ses-1_acq-multiband_dir-AP_space-ACPC_desc-preproc_dwi.nii.gz	0.0	0.0015004380838945	0.0009191700955852	0.0010926362592726	0.0015004380838945	0.0010926362592726	0.0009191700955852	0.0014759278856217	0.0014759278856217	sub-92927	ses-1		dir-AP	acq-multiband	space-ACPC			DSIStudio	autotrackgqi
ProjectionBasalGanglia_FornixR	dki_mk	DIPYDKI	/scratch/grmpy/SLURM_11202541_35/job-11202541-35-sub-92927/ds/inputs/data/qsiprep/qsiprep/sub-92927/ses-1/dwi/sub-92927_ses-1_acq-multiband_dir-AP_space-ACPC_desc-preproc_dwi.nii.gz	0.0013111888111888	0.7632184121308477	0.2414584086347011	0.7747349550613745	0.7642204494334265	0.7748379955956903	0.2400269385136124	0.8050075182115404	0.8088551827341601	sub-92927	ses-1		dir-AP	acq-multiband	space-ACPC			DSIStudio	autotrackgqi
ProjectionBasalGanglia_FornixR	dki_mkt	DIPYDKI	/scratch/grmpy/SLURM_11202541_35/job-11202541-35-sub-92927/ds/inputs/data/qsiprep/qsiprep/sub-92927/ses-1/dwi/sub-92927_ses-1_acq-multiband_dir-AP_space-ACPC_desc-preproc_dwi.nii.gz	0.0	0.7665056808951238	0.2026443839414734	0.7811088599349989	0.7665056808951238	0.7811088599349989	0.2026443839414734	0.8044405367057714	0.8044405367057714	sub-92927	ses-1		dir-AP	acq-multiband	space-ACPC			DSIStudio	autotrackgqi
ProjectionBasalGanglia_FornixR	dki_planarity	DIPYDKI	/scratch/grmpy/SLURM_11202541_35/job-11202541-35-sub-92927/ds/inputs/data/qsiprep/qsiprep/sub-92927/ses-1/dwi/sub-92927_ses-1_acq-multiband_dir-AP_space-ACPC_desc-preproc_dwi.nii.gz	0.0004370629370629	0.1249901726841926	0.0830918699502945	0.1059825047850608	0.1250448226928711	0.1060049906373024	0.0830689147114753	0.1223706677556037	0.1226114779710769	sub-92927	ses-1		dir-AP	acq-multiband	space-ACPC			DSIStudio	autotrackgqi
ProjectionBasalGanglia_FornixR	dki_rd	DIPYDKI	/scratch/grmpy/SLURM_11202541_35/job-11202541-35-sub-92927/ds/inputs/data/qsiprep/qsiprep/sub-92927/ses-1/dwi/sub-92927_ses-1_acq-multiband_dir-AP_space-ACPC_desc-preproc_dwi.nii.gz	0.0	0.0012746358988806	0.00086720980471	0.0009200047934427	0.0012746358988806	0.0009200047934427	0.00086720980471	0.0012081947643309	0.0012081947643309	sub-92927	ses-1		dir-AP	acq-multiband	space-ACPC			DSIStudio	autotrackgqi
ProjectionBasalGanglia_FornixR	dki_rk	DIPYDKI	/scratch/grmpy/SLURM_11202541_35/job-11202541-35-sub-92927/ds/inputs/data/qsiprep/qsiprep/sub-92927/ses-1/dwi/sub-92927_ses-1_acq-multiband_dir-AP_space-ACPC_desc-preproc_dwi.nii.gz	0.0013111888111888	0.8787068733853013	0.4689072606136756	0.8323859050486677	0.879860536676398	0.8330438669373921	0.4681320658902556	0.9776157322910304	0.9822884057025938	sub-92927	ses-1		dir-AP	acq-multiband	space-ACPC			DSIStudio	autotrackgqi
ProjectionBasalGanglia_FornixR	dki_sphericity	DIPYDKI	/scratch/grmpy/SLURM_11202541_35/job-11202541-35-sub-92927/ds/inputs/data/qsiprep/qsiprep/sub-92927/ses-1/dwi/sub-92927_ses-1_acq-multiband_dir-AP_space-ACPC_desc-preproc_dwi.nii.gz	0.0	0.7369886040687561	0.1490306258201599	0.774028480052948	0.7369886040687561	0.774028480052948	0.1490306258201599	0.70478355884552	0.70478355884552	sub-92927	ses-1		dir-AP	acq-multiband	space-ACPC			DSIStudio	autotrackgqi
ProjectionBrainstem_MedialForebrainBundleR	dki_ad	DIPYDKI	/scratch/grmpy/SLURM_11202541_35/job-11202541-35-sub-92927/ds/inputs/data/qsiprep/qsiprep/sub-92927/ses-1/dwi/sub-92927_ses-1_acq-multiband_dir-AP_space-ACPC_desc-preproc_dwi.nii.gz	0.0011750881316098	0.0018492609960958	0.0010861800983548	0.0015286491252481	0.0018514365656301	0.001528717810288	0.0010849641403183	0.0017572321230545	0.0017576609971001	sub-92927	ses-1		dir-AP	acq-multiband	space-ACPC			DSIStudio	autotrackgqi
ProjectionBrainstem_MedialForebrainBundleR	dki_ak	DIPYDKI	/scratch/grmpy/SLURM_11202541_35/job-11202541-35-sub-92927/ds/inputs/data/qsiprep/qsiprep/sub-92927/ses-1/dwi/sub-92927_ses-1_acq-multiband_dir-AP_space-ACPC_desc-preproc_dwi.nii.gz	0.0141010575793184	0.8148011150889598	0.218050456200993	0.8244459025096258	0.8264550046969068	0.828620605901336	0.1964551455680482	0.8063190139770031	0.8130315149387126	sub-92927	ses-1		dir-AP	acq-multiband	space-ACPC			DSIStudio	autotrackgqi
ProjectionBrainstem_MedialForebrainBundleR	dki_fa	DIPYDKI	/scratch/grmpy/SLURM_11202541_35/job-11202541-35-sub-92927/ds/inputs/data/qsiprep/qsiprep/sub-92927/ses-1/dwi/sub-92927_ses-1_acq-multiband_dir-AP_space-ACPC_desc-preproc_dwi.nii.gz	0.0141010575793184	0.4030391573905945	0.1745286732912063	0.3982961773872375	0.4088037312030792	0.4001451730728149	0.1689359098672866	0.4472906589508056	0.4510143101215362	sub-92927	ses-1		dir-AP	acq-multiband	space-ACPC			DSIStudio	autotrackgqi
ProjectionBrainstem_MedialForebrainBundleR	dki_kfa	DIPYDKI	/scratch/grmpy/SLURM_11202541_35/job-11202541-35-sub-92927/ds/inputs/data/qsiprep/qsiprep/sub-92927/ses-1/dwi/sub-92927_ses-1_acq-multiband_dir-AP_space-ACPC_desc-preproc_dwi.nii.gz	0.0141010575793184	0.4928358495235443	0.1878435611724853	0.5065113306045532	0.4998847544193268	0.5100410580635071	0.1796280443668365	0.5209454894065857	0.5252822637557983	sub-92927	ses-1		dir-AP	acq-multiband	space-ACPC			DSIStudio	autotrackgqi
ProjectionBrainstem_MedialForebrainBundleR	dki_linearity	DIPYDKI	/scratch/grmpy/SLURM_11202541_35/job-11202541-35-sub-92927/ds/inputs/data/qsiprep/qsiprep/sub-92927/ses-1/dwi/sub-92927_ses-1_acq-multiband_dir-AP_space-ACPC_desc-preproc_dwi.nii.gz	0.0141010575793184	0.1981240659952163	0.1276758760213852	0.1724750995635986	0.2009577751159668	0.1765498667955398	0.1263519823551178	0.2298370450735092	0.231750413775444	sub-92927	ses-1		dir-AP	acq-multiband	space-ACPC			DSIStudio	autotrackgqi
ProjectionBrainstem_MedialForebrainBundleR	dki_md	DIPYDKI	/scratch/grmpy/SLURM_11202541_35/job-11202541-35-sub-92927/ds/inputs/data/qsiprep/qsiprep/sub-92927/ses-1/dwi/sub-92927_ses-1_acq-multiband_dir-AP_space-ACPC_desc-preproc_dwi.nii.gz	0.0011750881316098	0.0013004068750888	0.0009187833638861	0.0009757776279002	0.0013019368052482	0.0009761400870047	0.0009182397043332	0.0011724235955625	0.0011727099772542	sub-92927	ses-1		dir-AP	acq-multiband	space-ACPC			DSIStudio	autotrackgqi
ProjectionBrainstem_MedialForebrainBundleR	dki_mk	DIPYDKI	/scratch/grmpy/SLURM_11202541_35/job-11202541-35-sub-92927/ds/inputs/data/qsiprep/qsiprep/sub-92927/ses-1/dwi/sub-92927_ses-1_acq-multiband_dir-AP_space-ACPC_desc-preproc_dwi.nii.gz	0.0141010575793184	0.9445448637471476	0.2842403513460554	0.9788938054806844	0.9580544446350686	0.9830692619299248	0.262688444085014	0.9730285388625955	0.9811288752378984	sub-92927	ses-1		dir-AP	acq-multiband	space-ACPC			DSIStudio	autotrackgqi
ProjectionBrainstem_MedialForebrainBundleR	dki_mkt	DIPYDKI	/scratch/grmpy/SLURM_11202541_35/job-11202541-35-sub-92927/ds/inputs/data/qsiprep/qsiprep/sub-92927/ses-1/dwi/sub-92927_ses-1_acq-multiband_dir-AP_space-ACPC_desc-preproc_dwi.nii.gz	0.0011750881316098	0.9557592748404128	0.2688233220815616	0.9968704591035664	0.9568836975166956	0.9970709090650848	0.2669738855490238	0.9828713266043592	0.9831112255797004	sub-92927	ses-1		dir-AP	acq-multiband	space-ACPC			DSIStudio	autotrackgqi
ProjectionBrainstem_MedialForebrainBundleR	dki_planarity	DIPYDKI	/scratch/grmpy/SLURM_11202541_35/job-11202541-35-sub-92927/ds/inputs/data/qsiprep/qsiprep/sub-92927/ses-1/dwi/sub-92927_ses-1_acq-multiband_dir-AP_space-ACPC_desc-preproc_dwi.nii.gz	0.0141010575793184	0.171569675207138	0.1097252666950225	0.1509944200515747	0.1740235984325409	0.1523409932851791	0.108557790517807	0.1752365976572036	0.1766954064369201	sub-92927	ses-1		dir-AP	acq-multiband	space-ACPC			DSIStudio	autotrackgqi
ProjectionBrainstem_MedialForebrainBundleR	dki_rd	DIPYDKI	/scratch/grmpy/SLURM_11202541_35/job-11202541-35-sub-92927/ds/inputs/data/qsiprep/qsiprep/sub-92927/ses-1/dwi/sub-92927_ses-1_acq-multiband_dir-AP_space-ACPC_desc-preproc_dwi.nii.gz	0.0011750881316098	0.0010259799892082	0.0008607717463746	0.0007443487411364	0.0010271869832649	0.0007444147486239	0.0008605578332208	0.0008800195064395	0.0008802342927083	sub-92927	ses-1		dir-AP	acq-multiband	space-ACPC			DSIStudio	autotrackgqi
ProjectionBrainstem_MedialForebrainBundleR	dki_rk	DIPYDKI	/scratch/grmpy/SLURM_11202541_35/job-11202541-35-sub-92927/ds/inputs/data/qsiprep/qsiprep/sub-92927/ses-1/dwi/sub-92927_ses-1_acq-multiband_dir-AP_space-ACPC_desc-preproc_dwi.nii.gz	0.0141010575793184	1.1325626981921004	0.5225196901059447	1.1247390473980785	1.1487614495369218	1.1316121541647584	0.5082552090800175	1.1959626607781657	1.2059188950558866	sub-92927	ses-1		dir-AP	acq-multiband	space-ACPC			DSIStudio	autotrackgqi
ProjectionBrainstem_MedialForebrainBundleR	dki_sphericity	DIPYDKI	/scratch/grmpy/SLURM_11202541_35/job-11202541-35-sub-92927/ds/inputs/data/qsiprep/qsiprep/sub-92927/ses-1/dwi/sub-92927_ses-1_acq-multiband_dir-AP_space-ACPC_desc-preproc_dwi.nii.gz	0.0011750881316098	0.6291311979293823	0.1688010394573211	0.6447033286094666	0.6298713088035583	0.6452293395996094	0.1675145030021667	0.5946822762489319	0.59482741355896	sub-92927	ses-1		dir-AP	acq-multiband	space-ACPC			DSIStudio	autotrackgqi
Commissure_CorpusCallosum	dki_ad	DIPYDKI	/scratch/grmpy/SLURM_11202541_35/job-11202541-35-sub-92927/ds/inputs/data/qsiprep/qsiprep/sub-92927/ses-1/dwi/sub-92927_ses-1_acq-multiband_dir-AP_space-ACPC_desc-preproc_dwi.nii.gz	0.0003967769503113	0.0014219916192814	0.0005432896432466	0.0013081815559417	0.001422556117177	0.001308265607804	0.0005426581483334	0.0016244294820353	0.001624469878152	sub-92927	ses-1		dir-AP	acq-multiband	space-ACPC			DSIStudio	autotrackgqi
Commissure_CorpusCallosum	dki_ak	DIPYDKI	/scratch/grmpy/SLURM_11202541_35/job-11202541-35-sub-92927/ds/inputs/data/qsiprep/qsiprep/sub-92927/ses-1/dwi/sub-92927_ses-1_acq-multiband_dir-AP_space-ACPC_desc-preproc_dwi.nii.gz	0.0017091930167256	0.7652492820584154	0.1768885577816163	0.7653557710641281	0.7665594801688248	0.7657877776693129	0.1741803334370772	0.764875813239335	0.7676848715177519	sub-92927	ses-1		dir-AP	acq-multiband	space-ACPC			DSIStudio	autotrackgqi
Commissure_CorpusCallosum	dki_fa	DIPYDKI	/scratch/grmpy/SLURM_11202541_35/job-11202541-35-sub-92927/ds/inputs/data/qsiprep/qsiprep/sub-92927/ses-1/dwi/sub-92927_ses-1_acq-multiband_dir-AP_space-ACPC_desc-preproc_dwi.nii.gz	0.0003967769503113	0.3667685985565185	0.1973560452461242	0.3501345515251159	0.3669141829013824	0.350194364786148	0.1972598582506179	0.5036168694496155	0.5036294460296631	sub-92927	ses-1		dir-AP	acq-multiband	space-ACPC			DSIStudio	autotrackgqi
Commissure_CorpusCallosum	dki_kfa	DIPYDKI	/scratch/grmpy/SLURM_11202541_35/job-11202541-35-sub-92927/ds/inputs/data/qsiprep/qsiprep/sub-92927/ses-1/dwi/sub-92927_ses-1_acq-multiband_dir-AP_space-ACPC_desc-preproc_dwi.nii.gz	0.0068062507630325	0.492260992527008	0.1673106402158737	0.4915022253990173	0.4956344068050384	0.4928188621997833	0.1628272235393524	0.5506656765937805	0.5519053936004639	sub-92927	ses-1		dir-AP	acq-multiband	space-ACPC			DSIStudio	autotrackgqi
Commissure_CorpusCallosum	dki_linearity	DIPYDKI	/scratch/grmpy/SLURM_11202541_35/job-11202541-35-sub-92927/ds/inputs/data/qsiprep/qsiprep/sub-92927/ses-1/dwi/sub-92927_ses-1_acq-multiband_dir-AP_space-ACPC_desc-preproc_dwi.nii.gz	0.0003967769503113	0.1753524988889694	0.1498473286628723	0.1318998634815216	0.1754221022129058	0.1319753378629684	0.1498363316059112	0.2815182209014892	0.2815252840518951	sub-92927	ses-1		dir-AP	acq-multiband	space-ACPC			DSIStudio	autotrackgqi
Commissure_CorpusCallosum	dki_md	DIPYDKI	/scratch/grmpy/SLURM_11202541_35/job-11202541-35-sub-92927/ds/inputs/data/qsiprep/qsiprep/sub-92927/ses-1/dwi/sub-92927_ses-1_acq-multiband_dir-AP_space-ACPC_desc-preproc_dwi.nii.gz	0.0003967769503113	0.0010076835751533	0.0004197059897705	0.00091376301134	0.0010080834617838	0.000913776748348	0.0004193087515886	0.0009981666225939	0.0009981915354728	sub-92927	ses-1		dir-AP	acq-multiband	space-ACPC			DSIStudio	autotrackgqi
Commissure_CorpusCallosum	dki_mk	DIPYDKI	/scratch/grmpy/SLURM_11202541_35/job-11202541-35-sub-92927/ds/inputs/data/qsiprep/qsiprep/sub-92927/ses-1/dwi/sub-92927_ses-1_acq-multiband_dir-AP_space-ACPC_desc-preproc_dwi.nii.gz	0.0017091930167256	0.9168871119734816	0.2881622164932066	0.9669080117357948	0.9184569321480722	0.967713873816944	0.2858982700903639	1.0345701042596949	1.038369633210627	sub-92927	ses-1		dir-AP	acq-multiband	space-ACPC			DSIStudio	autotrackgqi
Commissure_CorpusCallosum	dki_mkt	DIPYDKI	/scratch/grmpy/SLURM_11202541_35/job-11202541-35-sub-92927/ds/inputs/data/qsiprep/qsiprep/sub-92927/ses-1/dwi/sub-92927_ses-1_acq-multiband_dir-AP_space-ACPC_desc-preproc_dwi.nii.gz	0.0003967769503113	0.900572273785335	0.2361527465769873	0.954873915325732	0.900929741940787	0.9549695578104472	0.2355168832811047	1.0025535519149409	1.002578590252074	sub-92927	ses-1		dir-AP	acq-multiband	space-ACPC			DSIStudio	autotrackgqi
Commissure_CorpusCallosum	dki_planarity	DIPYDKI	/scratch/grmpy/SLURM_11202541_35/job-11202541-35-sub-92927/ds/inputs/data/qsiprep/qsiprep/sub-92927/ses-1/dwi/sub-92927_ses-1_acq-multiband_dir-AP_space-ACPC_desc-preproc_dwi.nii.gz	0.0005493834696618	0.1697470694780349	0.1100278720259666	0.1477296650409698	0.1698403656482696	0.1477953493595123	0.1099860891699791	0.1796252131462097	0.1796624660491943	sub-92927	ses-1		dir-AP	acq-multiband	space-ACPC			DSIStudio	autotrackgqi
Commissure_CorpusCallosum	dki_rd	DIPYDKI	/scratch/grmpy/SLURM_11202541_35/job-11202541-35-sub-92927/ds/inputs/data/qsiprep/qsiprep/sub-92927/ses-1/dwi/sub-92927_ses-1_acq-multiband_dir-AP_space-ACPC_desc-preproc_dwi.nii.gz	0.0003967769503113	0.0008005295530892	0.0004256240208633	0.000724240206182	0.0008008473087102	0.0007243133732117	0.0004254094674251	0.0006850351346656	0.0006850522477179	sub-92927	ses-1		dir-AP	acq-multiband	space-ACPC			DSIStudio	autotrackgqi
Commissure_CorpusCallosum	dki_rk	DIPYDKI	/scratch/grmpy/SLURM_11202541_35/job-11202541-35-sub-92927/ds/inputs/data/qsiprep/qsiprep/sub-92927/ses-1/dwi/sub-92927_ses-1_acq-multiband_dir-AP_space-ACPC_desc-preproc_dwi.nii.gz	0.0017091930167256	1.1791431187863946	0.6340508215749792	1.1469086614289727	1.1811619525473105	1.14781762061814	0.6327117682630331	1.5296771405573923	1.5352949836408611	sub-92927	ses-1		dir-AP	acq-multiband	space-ACPC			DSIStudio	autotrackgqi
Commissure_CorpusCallosum	dki_sphericity	DIPYDKI	/scratch/grmpy/SLURM_11202541_35/job-11202541-35-sub-92927/ds/inputs/data/qsiprep/qsiprep/sub-92927/ses-1/dwi/sub-92927_ses-1_acq-multiband_dir-AP_space-ACPC_desc-preproc_dwi.nii.gz	0.0003967769503113	0.6545036435127258	0.1854499727487564	0.6684942245483398	0.6547634601593018	0.6685990691184998	0.1850276589393615	0.5388315916061401	0.5388450622558594	sub-92927	ses-1		dir-AP	acq-multiband	space-ACPC			DSIStudio	autotrackgqi
Commissure_AnteriorCommissure	dki_ad	DIPYDKI	/scratch/grmpy/SLURM_11202541_35/job-11202541-35-sub-92927/ds/inputs/data/qsiprep/qsiprep/sub-92927/ses-1/dwi/sub-92927_ses-1_acq-multiband_dir-AP_space-ACPC_desc-preproc_dwi.nii.gz	0.0	0.0014174793614074	0.0003435717662796	0.0013961289077997	0.0014174793614074	0.0013961289077997	0.0003435717662796	0.0014609654899686	0.0014609654899686	sub-92927	ses-1		dir-AP	acq-multiband	space-ACPC			DSIStudio	autotrackgqi
Commissure_AnteriorCommissure	dki_ak	DIPYDKI	/scratch/grmpy/SLURM_11202541_35/job-11202541-35-sub-92927/ds/inputs/data/qsiprep/qsiprep/sub-92927/ses-1/dwi/sub-92927_ses-1_acq-multiband_dir-AP_space-ACPC_desc-preproc_dwi.nii.gz	0.0	0.7671227661620605	0.1621188595637726	0.7775387537467606	0.7671227661620605	0.7775387537467606	0.1621188595637726	0.7587660303849459	0.7587660303849459	sub-92927	ses-1		dir-AP	acq-multiband	space-ACPC			DSIStudio	autotrackgqi
Commissure_AnteriorCommissure	dki_fa	DIPYDKI	/scratch/grmpy/SLURM_11202541_35/job-11202541-35-sub-92927/ds/inputs/data/qsiprep/qsiprep/sub-92927/ses-1/dwi/sub-92927_ses-1_acq-multiband_dir-AP_space-ACPC_desc-preproc_dwi.nii.gz	0.0	0.3764999210834503	0.1383540481328964	0.3729854226112366	0.3764999210834503	0.3729854226112366	0.1383540481328964	0.4031702876091003	0.4031702876091003	sub-92927	ses-1		dir-AP	acq-multiband	space-ACPC			DSIStudio	autotrackgqi
Commissure_AnteriorCommissure	dki_kfa	DIPYDKI	/scratch/grmpy/SLURM_11202541_35/job-11202541-35-sub-92927/ds/inputs/data/qsiprep/qsiprep/sub-92927/ses-1/dwi/sub-92927_ses-1_acq-multiband_dir-AP_space-ACPC_desc-preproc_dwi.nii.gz	0.011744966442953	0.538058876991272	0.1614797115325927	0.526585042476654	0.5444534420967102	0.5297905206680298	0.1513408124446869	0.5447853803634644	0.5462304949760437	sub-92927	ses-1		dir-AP	acq-multiband	space-ACPC			DSIStudio	autotrackgqi
Commissure_AnteriorCommissure	dki_linearity	DIPYDKI	/scratch/grmpy/SLURM_11202541_35/job-11202541-35-sub-92927/ds/inputs/data/qsiprep/qsiprep/sub-92927/ses-1/dwi/sub-92927_ses-1_acq-multiband_dir-AP_space-ACPC_desc-preproc_dwi.nii.gz	0.0	0.1724756956100464	0.0995965003967285	0.1562371253967285	0.1724756956100464	0.1562371253967285	0.0995965003967285	0.1945485323667526	0.1945485323667526	sub-92927	ses-1		dir-AP	acq-multiband	space-ACPC			DSIStudio	autotrackgqi
Commissure_AnteriorCommissure	dki_md	DIPYDKI	/scratch/grmpy/SLURM_11202541_35/job-11202541-35-sub-92927/ds/inputs/data/qsiprep/qsiprep/sub-92927/ses-1/dwi/sub-92927_ses-1_acq-multiband_dir-AP_space-ACPC_desc-preproc_dwi.nii.gz	0.0	0.0009924677433446	0.0002362416125833	0.0009567955275997	0.0009924677433446	0.0009567955275997	0.0002362416125833	0.0009962401818484	0.0009962401818484	sub-92927	ses-1		dir-AP	acq-multiband	space-ACPC			DSIStudio	autotrackgqi
Commissure_AnteriorCommissure	dki_mk	DIPYDKI	/scratch/grmpy/SLURM_11202541_35/job-11202541-35-sub-92927/ds/inputs/data/qsiprep/qsiprep/sub-92927/ses-1/dwi/sub-92927_ses-1_acq-multiband_dir-AP_space-ACPC_desc-preproc_dwi.nii.gz	0.0	0.8493299150658223	0.2655858637710276	0.9075440209666245	0.8493299150658223	0.9075440209666245	0.2655858637710276	0.8849903719137173	0.8849903719137173	sub-92927	ses-1		dir-AP	acq-multiband	space-ACPC			DSIStudio	autotrackgqi
Commissure_AnteriorCommissure	dki_mkt	DIPYDKI	/scratch/grmpy/SLURM_11202541_35/job-11202541-35-sub-92927/ds/inputs/data/qsiprep/qsiprep/sub-92927/ses-1/dwi/sub-92927_ses-1_acq-multiband_dir-AP_space-ACPC_desc-preproc_dwi.nii.gz	0.0	0.8514533885379071	0.2359155757679125	0.9085469159665802	0.8514533885379071	0.9085469159665802	0.2359155757679125	0.8785985864429764	0.8785985864429764	sub-92927	ses-1		dir-AP	acq-multiband	space-ACPC			DSIStudio	autotrackgqi
Commissure_AnteriorCommissure	dki_planarity	DIPYDKI	/scratch/grmpy/SLURM_11202541_35/job-11202541-35-sub-92927/ds/inputs/data/qsiprep/qsiprep/sub-92927/ses-1/dwi/sub-92927_ses-1_acq-multiband_dir-AP_space-ACPC_desc-preproc_dwi.nii.gz	0.0	0.1760544776916504	0.0935657620429992	0.1631249785423278	0.1760544776916504	0.1631249785423278	0.0935657620429992	0.1653413027524948	0.1653413027524948	sub-92927	ses-1		dir-AP	acq-multiband	space-ACPC			DSIStudio	autotrackgqi
Commissure_AnteriorCommissure	dki_rd	DIPYDKI	/scratch/grmpy/SLURM_11202541_35/job-11202541-35-sub-92927/ds/inputs/data/qsiprep/qsiprep/sub-92927/ses-1/dwi/sub-92927_ses-1_acq-multiband_dir-AP_space-ACPC_desc-preproc_dwi.nii.gz	0.0	0.0007799618178978	0.0002344600216019	0.0007493121083825	0.0007799618178978	0.0007493121083825	0.0002344600216019	0.0007638776442036	0.0007638776442036	sub-92927	ses-1		dir-AP	acq-multiband	space-ACPC			DSIStudio	autotrackgqi
Commissure_AnteriorCommissure	dki_rk	DIPYDKI	/scratch/grmpy/SLURM_11202541_35/job-11202541-35-sub-92927/ds/inputs/data/qsiprep/qsiprep/sub-92927/ses-1/dwi/sub-92927_ses-1_acq-multiband_dir-AP_space-ACPC_desc-preproc_dwi.nii.gz	0.0	1.0251358196379663	0.4862304875407007	1.0613594538775772	1.0251358196379663	1.0613594538775772	0.4862304875407007	1.1228075308370655	1.1228075308370655	sub-92927	ses-1		dir-AP	acq-multiband	space-ACPC			DSIStudio	autotrackgqi
Commissure_AnteriorCommissure	dki_sphericity	DIPYDKI	/scratch/grmpy/SLURM_11202541_35/job-11202541-35-sub-92927/ds/inputs/data/qsiprep/qsiprep/sub-92927/ses-1/dwi/sub-92927_ses-1_acq-multiband_dir-AP_space-ACPC_desc-preproc_dwi.nii.gz	0.0	0.6514698266983032	0.1280856132507324	0.6460585594177246	0.6514698266983032	0.6460585594177246	0.1280856132507324	0.6401101350784302	0.6401101350784302	sub-92927	ses-1		dir-AP	acq-multiband	space-ACPC			DSIStudio	autotrackgqi
Cerebellum_Vermis	dki_ad	DIPYDKI	/scratch/grmpy/SLURM_11202541_35/job-11202541-35-sub-92927/ds/inputs/data/qsiprep/qsiprep/sub-92927/ses-1/dwi/sub-92927_ses-1_acq-multiband_dir-AP_space-ACPC_desc-preproc_dwi.nii.gz	0.0179451784657858	0.0010850417893379	0.0004470022395253	0.0010126468259841	0.0011048688320443	0.0010165723506361	0.000426093727583	0.0010854492429643	0.0010990740265697	sub-92927	ses-1		dir-AP	acq-multiband	space-ACPC			DSIStudio	autotrackgqi
Cerebellum_Vermis	dki_ak	DIPYDKI	/scratch/grmpy/SLURM_11202541_35/job-11202541-35-sub-92927/ds/inputs/data/qsiprep/qsiprep/sub-92927/ses-1/dwi/sub-92927_ses-1_acq-multiband_dir-AP_space-ACPC_desc-preproc_dwi.nii.gz	0.0233681719581936	0.903048823254882	0.2107200772851916	0.9229179063604724	0.9246563518880376	0.9274595609490665	0.159642899997923	0.9014977387370028	0.9145396677875496	sub-92927	ses-1		dir-AP	acq-multiband	space-ACPC			DSIStudio	autotrackgqi
Cerebellum_Vermis	dki_fa	DIPYDKI	/scratch/grmpy/SLURM_11202541_35/job-11202541-35-sub-92927/ds/inputs/data/qsiprep/qsiprep/sub-92927/ses-1/dwi/sub-92927_ses-1_acq-multiband_dir-AP_space-ACPC_desc-preproc_dwi.nii.gz	0.0233681719581936	0.2553869187831878	0.1086607426404953	0.2435373365879058	0.2614976465702057	0.2460286021232605	0.1024291515350341	0.24893718957901	0.2525385618209839	sub-92927	ses-1		dir-AP	acq-multiband	space-ACPC			DSIStudio	autotrackgqi
Cerebellum_Vermis	dki_kfa	DIPYDKI	/scratch/grmpy/SLURM_11202541_35/job-11202541-35-sub-92927/ds/inputs/data/qsiprep/qsiprep/sub-92927/ses-1/dwi/sub-92927_ses-1_acq-multiband_dir-AP_space-ACPC_desc-preproc_dwi.nii.gz	0.0244527706566752	0.4380030035972595	0.1619225591421127	0.4318873286247253	0.4489818513393402	0.4356502890586853	0.1481445431709289	0.4233210980892181	0.4296167492866516	sub-92927	ses-1		dir-AP	acq-multiband	space-ACPC			DSIStudio	autotrackgqi
Cerebellum_Vermis	dki_linearity	DIPYDKI	/scratch/grmpy/SLURM_11202541_35/job-11202541-35-sub-92927/ds/inputs/data/qsiprep/qsiprep/sub-92927/ses-1/dwi/sub-92927_ses-1_acq-multiband_dir-AP_space-ACPC_desc-preproc_dwi.nii.gz	0.0233681719581936	0.1076675429940223	0.0677877515554428	0.0984287858009338	0.1102437376976013	0.0999841690063476	0.0664915069937706	0.1049690917134285	0.1064876765012741	sub-92927	ses-1		dir-AP	acq-multiband	space-ACPC			DSIStudio	autotrackgqi
Cerebellum_Vermis	dki_md	DIPYDKI	/scratch/grmpy/SLURM_11202541_35/job-11202541-35-sub-92927/ds/inputs/data/qsiprep/qsiprep/sub-92927/ses-1/dwi/sub-92927_ses-1_acq-multiband_dir-AP_space-ACPC_desc-preproc_dwi.nii.gz	0.0179451784657858	0.0008489827741868	0.0003573744907043	0.0007928037084639	0.0008644962799735	0.0007945926627144	0.0003415243991184	0.00085739151109	0.0008681536419317	sub-92927	ses-1		dir-AP	acq-multiband	space-ACPC			DSIStudio	autotrackgqi
Cerebellum_Vermis	dki_mk	DIPYDKI	/scratch/grmpy/SLURM_11202541_35/job-11202541-35-sub-92927/ds/inputs/data/qsiprep/qsiprep/sub-92927/ses-1/dwi/sub-92927_ses-1_acq-multiband_dir-AP_space-ACPC_desc-preproc_dwi.nii.gz	0.0233681719581936	0.928065077200191	0.2410219545974682	0.957607624424116	0.9502711774825175	0.9614768770554376	0.1959074802248886	0.9409623808348346	0.9545752433109304	sub-92927	ses-1		dir-AP	acq-multiband	space-ACPC			DSIStudio	autotrackgqi
Cerebellum_Vermis	dki_mkt	DIPYDKI	/scratch/grmpy/SLURM_11202541_35/job-11202541-35-sub-92927/ds/inputs/data/qsiprep/qsiprep/sub-92927/ses-1/dwi/sub-92927_ses-1_acq-multiband_dir-AP_space-ACPC_desc-preproc_dwi.nii.gz	0.0179451784657858	0.9391602844200052	0.2344941366849998	0.970382890779913	0.9563216470469572	0.9736654208621262	0.1989485090064387	0.9507930624489974	0.9627276440113104	sub-92927	ses-1		dir-AP	acq-multiband	space-ACPC			DSIStudio	autotrackgqi
Cerebellum_Vermis	dki_planarity	DIPYDKI	/scratch/grmpy/SLURM_11202541_35/job-11202541-35-sub-92927/ds/inputs/data/qsiprep/qsiprep/sub-92927/ses-1/dwi/sub-92927_ses-1_acq-multiband_dir-AP_space-ACPC_desc-preproc_dwi.nii.gz	0.0233681719581936	0.1258593499660492	0.0829105600714683	0.1087313070893287	0.1288708299398422	0.1112000495195388	0.0815508961677551	0.1210439205169677	0.1227950602769851	sub-92927	ses-1		dir-AP	acq-multiband	space-ACPC			DSIStudio	autotrackgqi
Cerebellum_Vermis	dki_rd	DIPYDKI	/scratch/grmpy/SLURM_11202541_35/job-11202541-35-sub-92927/ds/inputs/data/qsiprep/qsiprep/sub-92927/ses-1/dwi/sub-92927_ses-1_acq-multiband_dir-AP_space-ACPC_desc-preproc_dwi.nii.gz	0.0179451784657858	0.0007309532375074	0.0003279302909504	0.0006799753755331	0.0007443100330419	0.0006820458220317	0.0003155340673401	0.0007433625869452	0.0007526935078203	sub-92927	ses-1		dir-AP	acq-multiband	space-ACPC			DSIStudio	autotrackgqi
Cerebellum_Vermis	dki_rk	DIPYDKI	/scratch/grmpy/SLURM_11202541_35/job-11202541-35-sub-92927/ds/inputs/data/qsiprep/qsiprep/sub-92927/ses-1/dwi/sub-92927_ses-1_acq-multiband_dir-AP_space-ACPC_desc-preproc_dwi.nii.gz	0.0233681719581936	0.9941412982153836	0.375408608189727	1.008914957257446	1.0179284246845453	1.015273578786617	0.3465402508861595	1.0104554362773774	1.025073651888039	sub-92927	ses-1		dir-AP	acq-multiband	space-ACPC			DSIStudio	autotrackgqi
Cerebellum_Vermis	dki_sphericity	DIPYDKI	/scratch/grmpy/SLURM_11202541_35/job-11202541-35-sub-92927/ds/inputs/data/qsiprep/qsiprep/sub-92927/ses-1/dwi/sub-92927_ses-1_acq-multiband_dir-AP_space-ACPC_desc-preproc_dwi.nii.gz	0.0179451784657858	0.7485279440879822	0.143173262476921	0.7799937725067139	0.7622058391571045	0.7815463542938232	0.1022143065929412	0.761590301990509	0.7711499929428101	sub-92927	ses-1		dir-AP	acq-multiband	space-ACPC			DSIStudio	autotrackgqi
Cerebellum_SuperiorCerebellarPeduncle	dki_ad	DIPYDKI	/scratch/grmpy/SLURM_11202541_35/job-11202541-35-sub-92927/ds/inputs/data/qsiprep/qsiprep/sub-92927/ses-1/dwi/sub-92927_ses-1_acq-multiband_dir-AP_space-ACPC_desc-preproc_dwi.nii.gz	0.0	0.0017869131406769	0.0012200155761092	0.0013578565558418	0.0017869131406769	0.0013578565558418	0.0012200155761092	0.0019379596924409	0.0019379596924409	sub-92927	ses-1		dir-AP	acq-multiband	space-ACPC			DSIStudio	autotrackgqi
Cerebellum_SuperiorCerebellarPeduncle	dki_ak	DIPYDKI	/scratch/grmpy/SLURM_11202541_35/job-11202541-35-sub-92927/ds/inputs/data/qsiprep/qsiprep/sub-92927/ses-1/dwi/sub-92927_ses-1_acq-multiband_dir-AP_space-ACPC_desc-preproc_dwi.nii.gz	0.0	0.8334588296578632	0.2064370292092023	0.8463288591268331	0.8334588296578632	0.8463288591268331	0.2064370292092023	0.7714176149118408	0.7714176149118408	sub-92927	ses-1		dir-AP	acq-multiband	space-ACPC			DSIStudio	autotrackgqi
Cerebellum_SuperiorCerebellarPeduncle	dki_fa	DIPYDKI	/scratch/grmpy/SLURM_11202541_35/job-11202541-35-sub-92927/ds/inputs/data/qsiprep/qsiprep/sub-92927/ses-1/dwi/sub-92927_ses-1_acq-multiband_dir-AP_space-ACPC_desc-preproc_dwi.nii.gz	0.0	0.3360321521759033	0.1556564569473266	0.3076627850532532	0.3360321521759033	0.3076627850532532	0.1556564569473266	0.3912621438503265	0.3912621438503265	sub-92927	ses-1		dir-AP	acq-multiband	space-ACPC			DSIStudio	autotrackgqi
Cerebellum_SuperiorCerebellarPeduncle	dki_kfa	DIPYDKI	/scratch/grmpy/SLURM_11202541_35/job-11202541-35-sub-92927/ds/inputs/data/qsiprep/qsiprep/sub-92927/ses-1/dwi/sub-92927_ses-1_acq-multiband_dir-AP_space-ACPC_desc-preproc_dwi.nii.gz	0.0011217049915872	0.4439543187618255	0.1727625578641891	0.4309310019016266	0.4444528818130493	0.4310487806797027	0.1722174137830734	0.4730723798274994	0.4735302627086639	sub-92927	ses-1		dir-AP	acq-multiband	space-ACPC			DSIStudio	autotrackgqi
Cerebellum_SuperiorCerebellarPeduncle	dki_linearity	DIPYDKI	/scratch/grmpy/SLURM_11202541_35/job-11202541-35-sub-92927/ds/inputs/data/qsiprep/qsiprep/sub-92927/ses-1/dwi/sub-92927_ses-1_acq-multiband_dir-AP_space-ACPC_desc-preproc_dwi.nii.gz	0.0	0.148926168680191	0.1152426749467849	0.1196095123887062	0.148926168680191	0.1196095123887062	0.1152426749467849	0.1956099271774292	0.1956099271774292	sub-92927	ses-1		dir-AP	acq-multiband	space-ACPC			DSIStudio	autotrackgqi
Cerebellum_SuperiorCerebellarPeduncle	dki_md	DIPYDKI	/scratch/grmpy/SLURM_11202541_35/job-11202541-35-sub-92927/ds/inputs/data/qsiprep/qsiprep/sub-92927/ses-1/dwi/sub-92927_ses-1_acq-multiband_dir-AP_space-ACPC_desc-preproc_dwi.nii.gz	0.0	0.0013323845341801	0.0009988580131903	0.0009605517843738	0.0013323845341801	0.0009605517843738	0.0009988580131903	0.0013589905574917	0.0013589905574917	sub-92927	ses-1		dir-AP	acq-multiband	space-ACPC			DSIStudio	autotrackgqi
Cerebellum_SuperiorCerebellarPeduncle	dki_mk	DIPYDKI	/scratch/grmpy/SLURM_11202541_35/job-11202541-35-sub-92927/ds/inputs/data/qsiprep/qsiprep/sub-92927/ses-1/dwi/sub-92927_ses-1_acq-multiband_dir-AP_space-ACPC_desc-preproc_dwi.nii.gz	0.0	0.9382362021921078	0.2604716338366284	0.9664903108752586	0.9382362021921078	0.9664903108752586	0.2604716338366284	0.9284908050364222	0.9284908050364222	sub-92927	ses-1		dir-AP	acq-multiband	space-ACPC			DSIStudio	autotrackgqi
Cerebellum_SuperiorCerebellarPeduncle	dki_mkt	DIPYDKI	/scratch/grmpy/SLURM_11202541_35/job-11202541-35-sub-92927/ds/inputs/data/qsiprep/qsiprep/sub-92927/ses-1/dwi/sub-92927_ses-1_acq-multiband_dir-AP_space-ACPC_desc-preproc_dwi.nii.gz	0.0	0.9514951666719056	0.2258204921346824	0.9793780125181584	0.9514951666719056	0.9793780125181584	0.2258204921346824	0.92251227627072	0.92251227627072	sub-92927	ses-1		dir-AP	acq-multiband	space-ACPC			DSIStudio	autotrackgqi
Cerebellum_SuperiorCerebellarPeduncle	dki_planarity	DIPYDKI	/scratch/grmpy/SLURM_11202541_35/job-11202541-35-sub-92927/ds/inputs/data/qsiprep/qsiprep/sub-92927/ses-1/dwi/sub-92927_ses-1_acq-multiband_dir-AP_space-ACPC_desc-preproc_dwi.nii.gz	0.0	0.1670282036066055	0.1016046926379203	0.1481396555900573	0.1670282036066055	0.1481396555900573	0.1016046926379203	0.1601109057664871	0.1601109057664871	sub-92927	ses-1		dir-AP	acq-multiband	space-ACPC			DSIStudio	autotrackgqi
Cerebellum_SuperiorCerebellarPeduncle	dki_rd	DIPYDKI	/scratch/grmpy/SLURM_11202541_35/job-11202541-35-sub-92927/ds/inputs/data/qsiprep/qsiprep/sub-92927/ses-1/dwi/sub-92927_ses-1_acq-multiband_dir-AP_space-ACPC_desc-preproc_dwi.nii.gz	0.0	0.0011051201727241	0.0009115227730944	0.0007985918782651	0.0011051201727241	0.0007985918782651	0.0009115227730944	0.0010695060482248	0.0010695060482248	sub-92927	ses-1		dir-AP	acq-multiband	space-ACPC			DSIStudio	autotrackgqi
Cerebellum_SuperiorCerebellarPeduncle	dki_rk	DIPYDKI	/scratch/grmpy/SLURM_11202541_35/job-11202541-35-sub-92927/ds/inputs/data/qsiprep/qsiprep/sub-92927/ses-1/dwi/sub-92927_ses-1_acq-multiband_dir-AP_space-ACPC_desc-preproc_dwi.nii.gz	0.0	1.055960193612478	0.4578999916622534	1.0293365275908464	1.055960193612478	1.0293365275908464	0.4578999916622534	1.1487268240355049	1.1487268240355049	sub-92927	ses-1		dir-AP	acq-multiband	space-ACPC			DSIStudio	autotrackgqi
Cerebellum_SuperiorCerebellarPeduncle	dki_sphericity	DIPYDKI	/scratch/grmpy/SLURM_11202541_35/job-11202541-35-sub-92927/ds/inputs/data/qsiprep/qsiprep/sub-92927/ses-1/dwi/sub-92927_ses-1_acq-multiband_dir-AP_space-ACPC_desc-preproc_dwi.nii.gz	0.0	0.684045672416687	0.1474643945693969	0.7120183706283569	0.684045672416687	0.7120183706283569	0.1474643945693969	0.6442791223526001	0.6442791223526001	sub-92927	ses-1		dir-AP	acq-multiband	space-ACPC			DSIStudio	autotrackgqi
Cerebellum_CerebellumR	dki_ad	DIPYDKI	/scratch/grmpy/SLURM_11202541_35/job-11202541-35-sub-92927/ds/inputs/data/qsiprep/qsiprep/sub-92927/ses-1/dwi/sub-92927_ses-1_acq-multiband_dir-AP_space-ACPC_desc-preproc_dwi.nii.gz	0.0123456790123456	0.0011042511323466	0.0004209218022879	0.0010256528621539	0.001118054264225	0.0010279407724738	0.0004049162962473	0.0011069654719904	0.0011106639867648	sub-92927	ses-1		dir-AP	acq-multiband	space-ACPC			DSIStudio	autotrackgqi
Cerebellum_CerebellumR	dki_ak	DIPYDKI	/scratch/grmpy/SLURM_11202541_35/job-11202541-35-sub-92927/ds/inputs/data/qsiprep/qsiprep/sub-92927/ses-1/dwi/sub-92927_ses-1_acq-multiband_dir-AP_space-ACPC_desc-preproc_dwi.nii.gz	0.0142597377739496	0.9143025280168098	0.1870052937382282	0.9327954315899109	0.927528846140548	0.9350585263045204	0.1523452630448449	0.9337794325681747	0.9371924300260404	sub-92927	ses-1		dir-AP	acq-multiband	space-ACPC			DSIStudio	autotrackgqi
Cerebellum_CerebellumR	dki_fa	DIPYDKI	/scratch/grmpy/SLURM_11202541_35/job-11202541-35-sub-92927/ds/inputs/data/qsiprep/qsiprep/sub-92927/ses-1/dwi/sub-92927_ses-1_acq-multiband_dir-AP_space-ACPC_desc-preproc_dwi.nii.gz	0.0141640348358694	0.2399932891130447	0.1067769154906272	0.2235287427902221	0.2434414029121399	0.2249244004487991	0.103564977645874	0.2499151825904846	0.2508212924003601	sub-92927	ses-1		dir-AP	acq-multiband	space-ACPC			DSIStudio	autotrackgqi
Cerebellum_CerebellumR	dki_kfa	DIPYDKI	/scratch/grmpy/SLURM_11202541_35/job-11202541-35-sub-92927/ds/inputs/data/qsiprep/qsiprep/sub-92927/ses-1/dwi/sub-92927_ses-1_acq-multiband_dir-AP_space-ACPC_desc-preproc_dwi.nii.gz	0.0146425495262704	0.3903416395187378	0.1493438482284546	0.381367951631546	0.3961421549320221	0.3839617669582367	0.142608493566513	0.3908459544181824	0.392293632030487	sub-92927	ses-1		dir-AP	acq-multiband	space-ACPC			DSIStudio	autotrackgqi
Cerebellum_CerebellumR	dki_linearity	DIPYDKI	/scratch/grmpy/SLURM_11202541_35/job-11202541-35-sub-92927/ds/inputs/data/qsiprep/qsiprep/sub-92927/ses-1/dwi/sub-92927_ses-1_acq-multiband_dir-AP_space-ACPC_desc-preproc_dwi.nii.gz	0.0141640348358694	0.1028150245547294	0.0650043413043022	0.0947262719273567	0.1042922213673591	0.0955673158168792	0.0642823129892349	0.1080824062228202	0.1084742993116378	sub-92927	ses-1		dir-AP	acq-multiband	space-ACPC			DSIStudio	autotrackgqi
Cerebellum_CerebellumR	dki_md	DIPYDKI	/scratch/grmpy/SLURM_11202541_35/job-11202541-35-sub-92927/ds/inputs/data/qsiprep/qsiprep/sub-92927/ses-1/dwi/sub-92927_ses-1_acq-multiband_dir-AP_space-ACPC_desc-preproc_dwi.nii.gz	0.0123456790123456	0.0008770687854848	0.0003415246319491	0.0008138170232996	0.0008880321402102	0.0008150998037308	0.0003291826869826	0.0008729709661565	0.0008758876356296	sub-92927	ses-1		dir-AP	acq-multiband	space-ACPC			DSIStudio	autotrackgqi
Cerebellum_CerebellumR	dki_mk	DIPYDKI	/scratch/grmpy/SLURM_11202541_35/job-11202541-35-sub-92927/ds/inputs/data/qsiprep/qsiprep/sub-92927/ses-1/dwi/sub-92927_ses-1_acq-multiband_dir-AP_space-ACPC_desc-preproc_dwi.nii.gz	0.0142597377739496	0.9649885740464456	0.2093701476373996	0.9883719231404088	0.9789481174962436	0.9908524504826036	0.1755115959812045	0.9971968166506856	1.0008416070537385	sub-92927	ses-1		dir-AP	acq-multiband	space-ACPC			DSIStudio	autotrackgqi
Cerebellum_CerebellumR	dki_mkt	DIPYDKI	/scratch/grmpy/SLURM_11202541_35/job-11202541-35-sub-92927/ds/inputs/data/qsiprep/qsiprep/sub-92927/ses-1/dwi/sub-92927_ses-1_acq-multiband_dir-AP_space-ACPC_desc-preproc_dwi.nii.gz	0.0123456790123456	0.971242614558581	0.1980572521718583	0.9951914780335688	0.9833831472405632	0.9973621894755464	0.1666679733455284	1.003379203256884	1.0067315523064375	sub-92927	ses-1		dir-AP	acq-multiband	space-ACPC			DSIStudio	autotrackgqi
Cerebellum_CerebellumR	dki_planarity	DIPYDKI	/scratch/grmpy/SLURM_11202541_35/job-11202541-35-sub-92927/ds/inputs/data/qsiprep/qsiprep/sub-92927/ses-1/dwi/sub-92927_ses-1_acq-multiband_dir-AP_space-ACPC_desc-preproc_dwi.nii.gz	0.0141640348358694	0.1139567345380783	0.0832425132393837	0.0923770368099212	0.1155940070748329	0.0937229990959167	0.0827019587159156	0.1152816116809845	0.1156996041536331	sub-92927	ses-1		dir-AP	acq-multiband	space-ACPC			DSIStudio	autotrackgqi
Cerebellum_CerebellumR	dki_rd	DIPYDKI	/scratch/grmpy/SLURM_11202541_35/job-11202541-35-sub-92927/ds/inputs/data/qsiprep/qsiprep/sub-92927/ses-1/dwi/sub-92927_ses-1_acq-multiband_dir-AP_space-ACPC_desc-preproc_dwi.nii.gz	0.0123456790123456	0.0007634776993654	0.0003172977594658	0.0007055277819745	0.0007730211946181	0.0007070629508234	0.0003075045242439	0.0007559738005511	0.0007584994891658	sub-92927	ses-1		dir-AP	acq-multiband	space-ACPC			DSIStudio	autotrackgqi
Cerebellum_CerebellumR	dki_rk	DIPYDKI	/scratch/grmpy/SLURM_11202541_35/job-11202541-35-sub-92927/ds/inputs/data/qsiprep/qsiprep/sub-92927/ses-1/dwi/sub-92927_ses-1_acq-multiband_dir-AP_space-ACPC_desc-preproc_dwi.nii.gz	0.0142597377739496	1.0578830539277555	0.3388012135046523	1.0659070080333803	1.0731864107272933	1.0701706903057715	0.3162647751731763	1.1019879595774358	1.1060157655232676	sub-92927	ses-1		dir-AP	acq-multiband	space-ACPC			DSIStudio	autotrackgqi
Cerebellum_CerebellumR	dki_sphericity	DIPYDKI	/scratch/grmpy/SLURM_11202541_35/job-11202541-35-sub-92927/ds/inputs/data/qsiprep/qsiprep/sub-92927/ses-1/dwi/sub-92927_ses-1_acq-multiband_dir-AP_space-ACPC_desc-preproc_dwi.nii.gz	0.0123456790123456	0.7708826065063477	0.1360009461641311	0.8048235774040222	0.7805185914039612	0.8059475421905518	0.1058600917458534	0.7733060717582703	0.7758897542953491	sub-92927	ses-1		dir-AP	acq-multiband	space-ACPC			DSIStudio	autotrackgqi
Cerebellum_MiddleCerebellarPeduncle	dki_ad	DIPYDKI	/scratch/grmpy/SLURM_11202541_35/job-11202541-35-sub-92927/ds/inputs/data/qsiprep/qsiprep/sub-92927/ses-1/dwi/sub-92927_ses-1_acq-multiband_dir-AP_space-ACPC_desc-preproc_dwi.nii.gz	0.0010751798858655	0.0014133196091279	0.000890047987923	0.0011641102610155	0.0014148408081382	0.0011647255159914	0.0008893177146092	0.0016130757285282	0.0016131987795233	sub-92927	ses-1		dir-AP	acq-multiband	space-ACPC			DSIStudio	autotrackgqi
Cerebellum_MiddleCerebellarPeduncle	dki_ak	DIPYDKI	/scratch/grmpy/SLURM_11202541_35/job-11202541-35-sub-92927/ds/inputs/data/qsiprep/qsiprep/sub-92927/ses-1/dwi/sub-92927_ses-1_acq-multiband_dir-AP_space-ACPC_desc-preproc_dwi.nii.gz	0.0054586055743941	0.904595287482787	0.1991217767924037	0.9201784735402562	0.909560217958784	0.9213990188697612	0.1880191413807964	0.8750911270845525	0.8760664483430933	sub-92927	ses-1		dir-AP	acq-multiband	space-ACPC			DSIStudio	autotrackgqi
Cerebellum_MiddleCerebellarPeduncle	dki_fa	DIPYDKI	/scratch/grmpy/SLURM_11202541_35/job-11202541-35-sub-92927/ds/inputs/data/qsiprep/qsiprep/sub-92927/ses-1/dwi/sub-92927_ses-1_acq-multiband_dir-AP_space-ACPC_desc-preproc_dwi.nii.gz	0.0051277809941278	0.3310446739196777	0.1676951199769973	0.2858017385005951	0.3327509462833404	0.2868332266807556	0.1664296686649322	0.4191279709339142	0.4193998575210571	sub-92927	ses-1		dir-AP	acq-multiband	space-ACPC			DSIStudio	autotrackgqi
Cerebellum_MiddleCerebellarPeduncle	dki_kfa	DIPYDKI	/scratch/grmpy/SLURM_11202541_35/job-11202541-35-sub-92927/ds/inputs/data/qsiprep/qsiprep/sub-92927/ses-1/dwi/sub-92927_ses-1_acq-multiband_dir-AP_space-ACPC_desc-preproc_dwi.nii.gz	0.0055413117194607	0.4469641149044037	0.1659124493598938	0.4436862766742706	0.4494546949863434	0.4446517825126648	0.1629752367734909	0.4783447384834289	0.4787057936191559	sub-92927	ses-1		dir-AP	acq-multiband	space-ACPC			DSIStudio	autotrackgqi
Cerebellum_MiddleCerebellarPeduncle	dki_linearity	DIPYDKI	/scratch/grmpy/SLURM_11202541_35/job-11202541-35-sub-92927/ds/inputs/data/qsiprep/qsiprep/sub-92927/ses-1/dwi/sub-92927_ses-1_acq-multiband_dir-AP_space-ACPC_desc-preproc_dwi.nii.gz	0.0051277809941278	0.1499665528535843	0.1174938976764679	0.1121782511472702	0.1507395058870315	0.1126725599169731	0.117300696671009	0.2037472128868103	0.2038793861865997	sub-92927	ses-1		dir-AP	acq-multiband	space-ACPC			DSIStudio	autotrackgqi
Cerebellum_MiddleCerebellarPeduncle	dki_md	DIPYDKI	/scratch/grmpy/SLURM_11202541_35/job-11202541-35-sub-92927/ds/inputs/data/qsiprep/qsiprep/sub-92927/ses-1/dwi/sub-92927_ses-1_acq-multiband_dir-AP_space-ACPC_desc-preproc_dwi.nii.gz	0.0010751798858655	0.0010458083124831	0.0007501017535105	0.0008424935513176	0.0010469340486451	0.0008426184067502	0.0007497197366319	0.0011155765969306	0.0011156616965308	sub-92927	ses-1		dir-AP	acq-multiband	space-ACPC			DSIStudio	autotrackgqi
Cerebellum_MiddleCerebellarPeduncle	dki_mk	DIPYDKI	/scratch/grmpy/SLURM_11202541_35/job-11202541-35-sub-92927/ds/inputs/data/qsiprep/qsiprep/sub-92927/ses-1/dwi/sub-92927_ses-1_acq-multiband_dir-AP_space-ACPC_desc-preproc_dwi.nii.gz	0.0054586055743941	1.0334722321184224	0.2513911366193972	1.0424499736452228	1.0391445121450185	1.0433880094328978	0.2401042451662769	1.1163643267379069	1.1176085553829502	sub-92927	ses-1		dir-AP	acq-multiband	space-ACPC			DSIStudio	autotrackgqi
Cerebellum_MiddleCerebellarPeduncle	dki_mkt	DIPYDKI	/scratch/grmpy/SLURM_11202541_35/job-11202541-35-sub-92927/ds/inputs/data/qsiprep/qsiprep/sub-92927/ses-1/dwi/sub-92927_ses-1_acq-multiband_dir-AP_space-ACPC_desc-preproc_dwi.nii.gz	0.0010751798858655	1.0297622306823582	0.2196305668044472	1.0500347324110295	1.0308706020185787	1.050260452215051	0.2171334114168665	1.096236651244356	1.0963203598901188	sub-92927	ses-1		dir-AP	acq-multiband	space-ACPC			DSIStudio	autotrackgqi
Cerebellum_MiddleCerebellarPeduncle	dki_planarity	DIPYDKI	/scratch/grmpy/SLURM_11202541_35/job-11202541-35-sub-92927/ds/inputs/data/qsiprep/qsiprep/sub-92927/ses-1/dwi/sub-92927_ses-1_acq-multiband_dir-AP_space-ACPC_desc-preproc_dwi.nii.gz	0.0051277809941278	0.1594432890415191	0.1026622280478477	0.1384143978357315	0.160265102982521	0.1392550468444824	0.1022846549749374	0.1861414015293121	0.186262160539627	sub-92927	ses-1		dir-AP	acq-multiband	space-ACPC			DSIStudio	autotrackgqi
Cerebellum_MiddleCerebellarPeduncle	dki_rd	DIPYDKI	/scratch/grmpy/SLURM_11202541_35/job-11202541-35-sub-92927/ds/inputs/data/qsiprep/qsiprep/sub-92927/ses-1/dwi/sub-92927_ses-1_acq-multiband_dir-AP_space-ACPC_desc-preproc_dwi.nii.gz	0.0010751798858655	0.0008620526641607	0.0007039625779725	0.0006881056469865	0.0008629804942756	0.0006882911548018	0.000703772646375	0.0008668270893394	0.0008668932132422	sub-92927	ses-1		dir-AP	acq-multiband	space-ACPC			DSIStudio	autotrackgqi
Cerebellum_MiddleCerebellarPeduncle	dki_rk	DIPYDKI	/scratch/grmpy/SLURM_11202541_35/job-11202541-35-sub-92927/ds/inputs/data/qsiprep/qsiprep/sub-92927/ses-1/dwi/sub-92927_ses-1_acq-multiband_dir-AP_space-ACPC_desc-preproc_dwi.nii.gz	0.0054586055743941	1.2241487262747135	0.5070251638881734	1.146369089576467	1.2308675467266164	1.1491778082492026	0.5002154626661235	1.4222728648687126	1.4238580391635385	sub-92927	ses-1		dir-AP	acq-multiband	space-ACPC			DSIStudio	autotrackgqi
Cerebellum_MiddleCerebellarPeduncle	dki_sphericity	DIPYDKI	/scratch/grmpy/SLURM_11202541_35/job-11202541-35-sub-92927/ds/inputs/data/qsiprep/qsiprep/sub-92927/ses-1/dwi/sub-92927_ses-1_acq-multiband_dir-AP_space-ACPC_desc-preproc_dwi.nii.gz	0.0010751798858655	0.6895149350166321	0.1605927944183349	0.7279644012451172	0.6902570724487305	0.7281683683395386	0.1590771228075027	0.6100350618362427	0.610081672668457	sub-92927	ses-1		dir-AP	acq-multiband	space-ACPC			DSIStudio	autotrackgqi
Cerebellum_CerebellumL	dki_ad	DIPYDKI	/scratch/grmpy/SLURM_11202541_35/job-11202541-35-sub-92927/ds/inputs/data/qsiprep/qsiprep/sub-92927/ses-1/dwi/sub-92927_ses-1_acq-multiband_dir-AP_space-ACPC_desc-preproc_dwi.nii.gz	0.0297829837464814	0.0011151297949254	0.0005662142066285	0.0010186079889535	0.001149361138232	0.0010235413210466	0.0005395329208113	0.0010826305951923	0.0010930177522823	sub-92927	ses-1		dir-AP	acq-multiband	space-ACPC			DSIStudio	autotrackgqi
Cerebellum_CerebellumL	dki_ak	DIPYDKI	/scratch/grmpy/SLURM_11202541_35/job-11202541-35-sub-92927/ds/inputs/data/qsiprep/qsiprep/sub-92927/ses-1/dwi/sub-92927_ses-1_acq-multiband_dir-AP_space-ACPC_desc-preproc_dwi.nii.gz	0.0302369926450558	0.8916751564272735	0.2260220183508441	0.9271739906035	0.9194773874282364	0.9330594396243196	0.1646671751795717	0.9289444749199184	0.9379578561093024	sub-92927	ses-1		dir-AP	acq-multiband	space-ACPC			DSIStudio	autotrackgqi
Cerebellum_CerebellumL	dki_fa	DIPYDKI	/scratch/grmpy/SLURM_11202541_35/job-11202541-35-sub-92927/ds/inputs/data/qsiprep/qsiprep/sub-92927/ses-1/dwi/sub-92927_ses-1_acq-multiband_dir-AP_space-ACPC_desc-preproc_dwi.nii.gz	0.030055389085626	0.2372921854257583	0.1059676185250282	0.2279828488826751	0.2446450889110565	0.230843037366867	0.0988849774003028	0.2410740405321121	0.2434064894914627	sub-92927	ses-1		dir-AP	acq-multiband	space-ACPC			DSIStudio	autotrackgqi
Cerebellum_CerebellumL	dki_kfa	DIPYDKI	/scratch/grmpy/SLURM_11202541_35/job-11202541-35-sub-92927/ds/inputs/data/qsiprep/qsiprep/sub-92927/ses-1/dwi/sub-92927_ses-1_acq-multiband_dir-AP_space-ACPC_desc-preproc_dwi.nii.gz	0.0326886406973576	0.3958986401557922	0.1661601662635803	0.393952876329422	0.4092773497104645	0.400858998298645	0.1518769264221191	0.3998432159423828	0.404060035943985	sub-92927	ses-1		dir-AP	acq-multiband	space-ACPC			DSIStudio	autotrackgqi
Cerebellum_CerebellumL	dki_linearity	DIPYDKI	/scratch/grmpy/SLURM_11202541_35/job-11202541-35-sub-92927/ds/inputs/data/qsiprep/qsiprep/sub-92927/ses-1/dwi/sub-92927_ses-1_acq-multiband_dir-AP_space-ACPC_desc-preproc_dwi.nii.gz	0.030055389085626	0.1026457399129867	0.063844047486782	0.0961339250206947	0.1058263927698135	0.0979311689734458	0.0621753111481666	0.1043554320931434	0.1053650975227356	sub-92927	ses-1		dir-AP	acq-multiband	space-ACPC			DSIStudio	autotrackgqi
Cerebellum_CerebellumL	dki_md	DIPYDKI	/scratch/grmpy/SLURM_11202541_35/job-11202541-35-sub-92927/ds/inputs/data/qsiprep/qsiprep/sub-92927/ses-1/dwi/sub-92927_ses-1_acq-multiband_dir-AP_space-ACPC_desc-preproc_dwi.nii.gz	0.0297829837464814	0.0008865687996149	0.0004686095635406	0.0008030078024603	0.0009137840243056	0.0008064091089181	0.0004488507984206	0.000859708932694	0.0008679573656991	sub-92927	ses-1		dir-AP	acq-multiband	space-ACPC			DSIStudio	autotrackgqi
Cerebellum_CerebellumL	dki_mk	DIPYDKI	/scratch/grmpy/SLURM_11202541_35/job-11202541-35-sub-92927/ds/inputs/data/qsiprep/qsiprep/sub-92927/ses-1/dwi/sub-92927_ses-1_acq-multiband_dir-AP_space-ACPC_desc-preproc_dwi.nii.gz	0.0302369926450558	0.9261753872925454	0.254750958638674	0.9709059134622856	0.9550533277390264	0.9765188673798376	0.198347131186071	0.9621983098580194	0.9715343470216418	sub-92927	ses-1		dir-AP	acq-multiband	space-ACPC			DSIStudio	autotrackgqi
Cerebellum_CerebellumL	dki_mkt	DIPYDKI	/scratch/grmpy/SLURM_11202541_35/job-11202541-35-sub-92927/ds/inputs/data/qsiprep/qsiprep/sub-92927/ses-1/dwi/sub-92927_ses-1_acq-multiband_dir-AP_space-ACPC_desc-preproc_dwi.nii.gz	0.0297829837464814	0.93569902454936	0.2413384150341523	0.9808358817906984	0.9644224012505476	0.9861210725915144	0.1798073961610952	0.9724615115396534	0.9817917801369562	sub-92927	ses-1		dir-AP	acq-multiband	space-ACPC			DSIStudio	autotrackgqi
Cerebellum_CerebellumL	dki_planarity	DIPYDKI	/scratch/grmpy/SLURM_11202541_35/job-11202541-35-sub-92927/ds/inputs/data/qsiprep/qsiprep/sub-92927/ses-1/dwi/sub-92927_ses-1_acq-multiband_dir-AP_space-ACPC_desc-preproc_dwi.nii.gz	0.0301461908653409	0.1098428294062614	0.0806458741426467	0.0913506522774696	0.1132571026682853	0.094042383134365	0.0794935524463653	0.1094895750284195	0.1105502247810363	sub-92927	ses-1		dir-AP	acq-multiband	space-ACPC			DSIStudio	autotrackgqi
Cerebellum_CerebellumL	dki_rd	DIPYDKI	/scratch/grmpy/SLURM_11202541_35/job-11202541-35-sub-92927/ds/inputs/data/qsiprep/qsiprep/sub-92927/ses-1/dwi/sub-92927_ses-1_acq-multiband_dir-AP_space-ACPC_desc-preproc_dwi.nii.gz	0.0297829837464814	0.0007722883019596	0.0004306075861677	0.0006922232569195	0.0007959954091347	0.0006957548903301	0.0004150230088271	0.000748248072341	0.0007554271141998	sub-92927	ses-1		dir-AP	acq-multiband	space-ACPC			DSIStudio	autotrackgqi
Cerebellum_CerebellumL	dki_rk	DIPYDKI	/scratch/grmpy/SLURM_11202541_35/job-11202541-35-sub-92927/ds/inputs/data/qsiprep/qsiprep/sub-92927/ses-1/dwi/sub-92927_ses-1_acq-multiband_dir-AP_space-ACPC_desc-preproc_dwi.nii.gz	0.0302369926450558	0.9978107175802275	0.3772301761620582	1.0313303627552433	1.0289222315272517	1.0395429014084852	0.3387155749617235	1.0334376906892495	1.043464950755116	sub-92927	ses-1		dir-AP	acq-multiband	space-ACPC			DSIStudio	autotrackgqi
Cerebellum_CerebellumL	dki_sphericity	DIPYDKI	/scratch/grmpy/SLURM_11202541_35/job-11202541-35-sub-92927/ds/inputs/data/qsiprep/qsiprep/sub-92927/ses-1/dwi/sub-92927_ses-1_acq-multiband_dir-AP_space-ACPC_desc-preproc_dwi.nii.gz	0.0297829837464814	0.7577284574508667	0.1648894101381302	0.797512948513031	0.7809886336326599	0.800487220287323	0.0992834344506263	0.7766517400741577	0.784103274345398	sub-92927	ses-1		dir-AP	acq-multiband	space-ACPC			DSIStudio	autotrackgqi
Cerebellum_InferiorCerebellarPeduncleR	dki_ad	DIPYDKI	/scratch/grmpy/SLURM_11202541_35/job-11202541-35-sub-92927/ds/inputs/data/qsiprep/qsiprep/sub-92927/ses-1/dwi/sub-92927_ses-1_acq-multiband_dir-AP_space-ACPC_desc-preproc_dwi.nii.gz	0.0008086253369272	0.0013923457590863	0.000761084316764	0.0011903950944542	0.0013934725429862	0.0011905715800821	0.0007603603880852	0.0014648362994194	0.0014649715740233	sub-92927	ses-1		dir-AP	acq-multiband	space-ACPC			DSIStudio	autotrackgqi
Cerebellum_InferiorCerebellarPeduncleR	dki_ak	DIPYDKI	/scratch/grmpy/SLURM_11202541_35/job-11202541-35-sub-92927/ds/inputs/data/qsiprep/qsiprep/sub-92927/ses-1/dwi/sub-92927_ses-1_acq-multiband_dir-AP_space-ACPC_desc-preproc_dwi.nii.gz	0.0059299191374663	0.905284792933967	0.1899699728465325	0.923897611007799	0.9106850818289092	0.925992000162057	0.1771606814736098	0.8606171689247573	0.8660197476406504	sub-92927	ses-1		dir-AP	acq-multiband	space-ACPC			DSIStudio	autotrackgqi
Cerebellum_InferiorCerebellarPeduncleR	dki_fa	DIPYDKI	/scratch/grmpy/SLURM_11202541_35/job-11202541-35-sub-92927/ds/inputs/data/qsiprep/qsiprep/sub-92927/ses-1/dwi/sub-92927_ses-1_acq-multiband_dir-AP_space-ACPC_desc-preproc_dwi.nii.gz	0.0059299191374663	0.3095751106739044	0.1529860496520996	0.2751568555831909	0.3114218115806579	0.2762601971626282	0.1515560746192932	0.4166227579116821	0.4192381501197815	sub-92927	ses-1		dir-AP	acq-multiband	space-ACPC			DSIStudio	autotrackgqi
Cerebellum_InferiorCerebellarPeduncleR	dki_kfa	DIPYDKI	/scratch/grmpy/SLURM_11202541_35/job-11202541-35-sub-92927/ds/inputs/data/qsiprep/qsiprep/sub-92927/ses-1/dwi/sub-92927_ses-1_acq-multiband_dir-AP_space-ACPC_desc-preproc_dwi.nii.gz	0.0067385444743935	0.4161466360092163	0.1561991572380066	0.4098930358886719	0.4189698994159698	0.4121772944927215	0.1529079675674438	0.4791484475135803	0.4844561815261841	sub-92927	ses-1		dir-AP	acq-multiband	space-ACPC			DSIStudio	autotrackgqi
Cerebellum_InferiorCerebellarPeduncleR	dki_linearity	DIPYDKI	/scratch/grmpy/SLURM_11202541_35/job-11202541-35-sub-92927/ds/inputs/data/qsiprep/qsiprep/sub-92927/ses-1/dwi/sub-92927_ses-1_acq-multiband_dir-AP_space-ACPC_desc-preproc_dwi.nii.gz	0.0059299191374663	0.1360326558351516	0.1030298918485641	0.1085461527109146	0.136844128370285	0.1090715229511261	0.1027980297803878	0.2029524147510528	0.2042264640331268	sub-92927	ses-1		dir-AP	acq-multiband	space-ACPC			DSIStudio	autotrackgqi
Cerebellum_InferiorCerebellarPeduncleR	dki_md	DIPYDKI	/scratch/grmpy/SLURM_11202541_35/job-11202541-35-sub-92927/ds/inputs/data/qsiprep/qsiprep/sub-92927/ses-1/dwi/sub-92927_ses-1_acq-multiband_dir-AP_space-ACPC_desc-preproc_dwi.nii.gz	0.0008086253369272	0.0010465313680469	0.0006221632356755	0.0008794654859229	0.0010473782895132	0.000879606057424	0.0006217018817551	0.0009893032256513	0.0009893947280943	sub-92927	ses-1		dir-AP	acq-multiband	space-ACPC			DSIStudio	autotrackgqi
Cerebellum_InferiorCerebellarPeduncleR	dki_mk	DIPYDKI	/scratch/grmpy/SLURM_11202541_35/job-11202541-35-sub-92927/ds/inputs/data/qsiprep/qsiprep/sub-92927/ses-1/dwi/sub-92927_ses-1_acq-multiband_dir-AP_space-ACPC_desc-preproc_dwi.nii.gz	0.0059299191374663	1.0229558871724278	0.2198269632472335	1.034656461384724	1.0290581186035	1.0355285265597245	0.2057488983016635	1.0639890595052277	1.0706683181950265	sub-92927	ses-1		dir-AP	acq-multiband	space-ACPC			DSIStudio	autotrackgqi
Cerebellum_InferiorCerebellarPeduncleR	dki_mkt	DIPYDKI	/scratch/grmpy/SLURM_11202541_35/job-11202541-35-sub-92927/ds/inputs/data/qsiprep/qsiprep/sub-92927/ses-1/dwi/sub-92927_ses-1_acq-multiband_dir-AP_space-ACPC_desc-preproc_dwi.nii.gz	0.0008086253369272	1.0209490041702174	0.2051124313877118	1.0382142479349308	1.0217752375159177	1.0382887251462627	0.2031278711387025	1.050567257349139	1.0506643263176758	sub-92927	ses-1		dir-AP	acq-multiband	space-ACPC			DSIStudio	autotrackgqi
Cerebellum_InferiorCerebellarPeduncleR	dki_planarity	DIPYDKI	/scratch/grmpy/SLURM_11202541_35/job-11202541-35-sub-92927/ds/inputs/data/qsiprep/qsiprep/sub-92927/ses-1/dwi/sub-92927_ses-1_acq-multiband_dir-AP_space-ACPC_desc-preproc_dwi.nii.gz	0.0059299191374663	0.1528719961643219	0.0988557189702987	0.1310782879590988	0.153783917427063	0.131696730852127	0.0984403863549232	0.1836606562137603	0.1848135888576507	sub-92927	ses-1		dir-AP	acq-multiband	space-ACPC			DSIStudio	autotrackgqi
Cerebellum_InferiorCerebellarPeduncleR	dki_rd	DIPYDKI	/scratch/grmpy/SLURM_11202541_35/job-11202541-35-sub-92927/ds/inputs/data/qsiprep/qsiprep/sub-92927/ses-1/dwi/sub-92927_ses-1_acq-multiband_dir-AP_space-ACPC_desc-preproc_dwi.nii.gz	0.0008086253369272	0.0008736239979043	0.0005774699384346	0.0007238226244226	0.0008743310463614	0.0007238621474243	0.0005771683063358	0.000751536746975	0.0007516061887145	sub-92927	ses-1		dir-AP	acq-multiband	space-ACPC			DSIStudio	autotrackgqi
Cerebellum_InferiorCerebellarPeduncleR	dki_rk	DIPYDKI	/scratch/grmpy/SLURM_11202541_35/job-11202541-35-sub-92927/ds/inputs/data/qsiprep/qsiprep/sub-92927/ses-1/dwi/sub-92927_ses-1_acq-multiband_dir-AP_space-ACPC_desc-preproc_dwi.nii.gz	0.0059299191374663	1.1774643678097922	0.4048921431102899	1.133530165665082	1.1844882875743843	1.1364046676710635	0.3957219136386602	1.3120291320599478	1.320265478665311	sub-92927	ses-1		dir-AP	acq-multiband	space-ACPC			DSIStudio	autotrackgqi
Cerebellum_InferiorCerebellarPeduncleR	dki_sphericity	DIPYDKI	/scratch/grmpy/SLURM_11202541_35/job-11202541-35-sub-92927/ds/inputs/data/qsiprep/qsiprep/sub-92927/ses-1/dwi/sub-92927_ses-1_acq-multiband_dir-AP_space-ACPC_desc-preproc_dwi.nii.gz	0.0008086253369272	0.7102866768836975	0.1475247889757156	0.7463016510009766	0.7108615040779114	0.7468024492263794	0.1461935639381408	0.6132944822311401	0.6133511662483215	sub-92927	ses-1		dir-AP	acq-multiband	space-ACPC			DSIStudio	autotrackgqi
Cerebellum_InferiorCerebellarPeduncleL	dki_ad	DIPYDKI	/scratch/grmpy/SLURM_11202541_35/job-11202541-35-sub-92927/ds/inputs/data/qsiprep/qsiprep/sub-92927/ses-1/dwi/sub-92927_ses-1_acq-multiband_dir-AP_space-ACPC_desc-preproc_dwi.nii.gz	0.0	0.0015176851302385	0.0011862879619002	0.0011634520487859	0.0015176851302385	0.0011634520487859	0.0011862879619002	0.0015991288237273	0.0015991288237273	sub-92927	ses-1		dir-AP	acq-multiband	space-ACPC			DSIStudio	autotrackgqi
Cerebellum_InferiorCerebellarPeduncleL	dki_ak	DIPYDKI	/scratch/grmpy/SLURM_11202541_35/job-11202541-35-sub-92927/ds/inputs/data/qsiprep/qsiprep/sub-92927/ses-1/dwi/sub-92927_ses-1_acq-multiband_dir-AP_space-ACPC_desc-preproc_dwi.nii.gz	0.0054719562243502	0.8890905834933797	0.202541891662581	0.9179818260866176	0.8939824161398358	0.9189197733033844	0.1920305128100331	0.869655480398026	0.8743302219666762	sub-92927	ses-1		dir-AP	acq-multiband	space-ACPC			DSIStudio	autotrackgqi
Cerebellum_InferiorCerebellarPeduncleL	dki_fa	DIPYDKI	/scratch/grmpy/SLURM_11202541_35/job-11202541-35-sub-92927/ds/inputs/data/qsiprep/qsiprep/sub-92927/ses-1/dwi/sub-92927_ses-1_acq-multiband_dir-AP_space-ACPC_desc-preproc_dwi.nii.gz	0.0054719562243502	0.2974731028079986	0.1501882821321487	0.2589439153671264	0.2991098165512085	0.2598274946212768	0.1489666551351547	0.3920049667358398	0.3941121101379394	sub-92927	ses-1		dir-AP	acq-multiband	space-ACPC			DSIStudio	autotrackgqi
Cerebellum_InferiorCerebellarPeduncleL	dki_kfa	DIPYDKI	/scratch/grmpy/SLURM_11202541_35/job-11202541-35-sub-92927/ds/inputs/data/qsiprep/qsiprep/sub-92927/ses-1/dwi/sub-92927_ses-1_acq-multiband_dir-AP_space-ACPC_desc-preproc_dwi.nii.gz	0.0065663474692202	0.4135590195655823	0.1617746651172638	0.4160833954811096	0.4162925481796264	0.4178334772586822	0.1587642282247543	0.4661400318145752	0.4690538048744201	sub-92927	ses-1		dir-AP	acq-multiband	space-ACPC			DSIStudio	autotrackgqi
Cerebellum_InferiorCerebellarPeduncleL	dki_linearity	DIPYDKI	/scratch/grmpy/SLURM_11202541_35/job-11202541-35-sub-92927/ds/inputs/data/qsiprep/qsiprep/sub-92927/ses-1/dwi/sub-92927_ses-1_acq-multiband_dir-AP_space-ACPC_desc-preproc_dwi.nii.gz	0.0054719562243502	0.1278026551008224	0.100261203944683	0.0981064289808273	0.1285058408975601	0.0986636877059936	0.1000862419605255	0.1807443797588348	0.1817159354686737	sub-92927	ses-1		dir-AP	acq-multiband	space-ACPC			DSIStudio	autotrackgqi
Cerebellum_InferiorCerebellarPeduncleL	dki_md	DIPYDKI	/scratch/grmpy/SLURM_11202541_35/job-11202541-35-sub-92927/ds/inputs/data/qsiprep/qsiprep/sub-92927/ses-1/dwi/sub-92927_ses-1_acq-multiband_dir-AP_space-ACPC_desc-preproc_dwi.nii.gz	0.0	0.0011722898343577	0.0010216312948614	0.0008685024804435	0.0011722898343577	0.0008685024804435	0.0010216312948614	0.0011364587116986	0.0011364587116986	sub-92927	ses-1		dir-AP	acq-multiband	space-ACPC			DSIStudio	autotrackgqi
Cerebellum_InferiorCerebellarPeduncleL	dki_mk	DIPYDKI	/scratch/grmpy/SLURM_11202541_35/job-11202541-35-sub-92927/ds/inputs/data/qsiprep/qsiprep/sub-92927/ses-1/dwi/sub-92927_ses-1_acq-multiband_dir-AP_space-ACPC_desc-preproc_dwi.nii.gz	0.0054719562243502	0.9962895695185578	0.235553280550385	1.0167464503940098	1.001771217769004	1.01761791388077	0.2242749973362118	1.0659019708850268	1.0716316150525949	sub-92927	ses-1		dir-AP	acq-multiband	space-ACPC			DSIStudio	autotrackgqi
Cerebellum_InferiorCerebellarPeduncleL	dki_mkt	DIPYDKI	/scratch/grmpy/SLURM_11202541_35/job-11202541-35-sub-92927/ds/inputs/data/qsiprep/qsiprep/sub-92927/ses-1/dwi/sub-92927_ses-1_acq-multiband_dir-AP_space-ACPC_desc-preproc_dwi.nii.gz	0.0	0.9944948962273692	0.2261412279155945	1.0240790797420156	0.9944948962273692	1.0240790797420156	0.2261412279155945	1.0501208099360029	1.0501208099360029	sub-92927	ses-1		dir-AP	acq-multiband	space-ACPC			DSIStudio	autotrackgqi
Cerebellum_InferiorCerebellarPeduncleL	dki_planarity	DIPYDKI	/scratch/grmpy/SLURM_11202541_35/job-11202541-35-sub-92927/ds/inputs/data/qsiprep/qsiprep/sub-92927/ses-1/dwi/sub-92927_ses-1_acq-multiband_dir-AP_space-ACPC_desc-preproc_dwi.nii.gz	0.0054719562243502	0.1521606892347335	0.0937514677643776	0.1331919580698013	0.1529978960752487	0.133545845746994	0.0933252871036529	0.1912265121936798	0.1922544240951538	sub-92927	ses-1		dir-AP	acq-multiband	space-ACPC			DSIStudio	autotrackgqi
Cerebellum_InferiorCerebellarPeduncleL	dki_rd	DIPYDKI	/scratch/grmpy/SLURM_11202541_35/job-11202541-35-sub-92927/ds/inputs/data/qsiprep/qsiprep/sub-92927/ses-1/dwi/sub-92927_ses-1_acq-multiband_dir-AP_space-ACPC_desc-preproc_dwi.nii.gz	0.0	0.000999592244625	0.0009550053509883	0.0007219075341708	0.000999592244625	0.0007219075341708	0.0009550053509883	0.0009051236556842	0.0009051236556842	sub-92927	ses-1		dir-AP	acq-multiband	space-ACPC			DSIStudio	autotrackgqi
Cerebellum_InferiorCerebellarPeduncleL	dki_rk	DIPYDKI	/scratch/grmpy/SLURM_11202541_35/job-11202541-35-sub-92927/ds/inputs/data/qsiprep/qsiprep/sub-92927/ses-1/dwi/sub-92927_ses-1_acq-multiband_dir-AP_space-ACPC_desc-preproc_dwi.nii.gz	0.0054719562243502	1.1324858877305284	0.4272692678149909	1.0932659128154514	1.1387168967414254	1.0950694002146537	0.4200810913307715	1.317373024616178	1.324454425334435	sub-92927	ses-1		dir-AP	acq-multiband	space-ACPC			DSIStudio	autotrackgqi
Cerebellum_InferiorCerebellarPeduncleL	dki_sphericity	DIPYDKI	/scratch/grmpy/SLURM_11202541_35/job-11202541-35-sub-92927/ds/inputs/data/qsiprep/qsiprep/sub-92927/ses-1/dwi/sub-92927_ses-1_acq-multiband_dir-AP_space-ACPC_desc-preproc_dwi.nii.gz	0.0	0.7200366854667664	0.1421743631362915	0.7546475529670715	0.7200366854667664	0.7546475529670715	0.1421743631362915	0.6280291080474854	0.6280291080474854	sub-92927	ses-1		dir-AP	acq-multiband	space-ACPC			DSIStudio	autotrackgqi
CranialNerve_CNIIL	dki_ad	DIPYDKI	/scratch/grmpy/SLURM_11202541_35/job-11202541-35-sub-92927/ds/inputs/data/qsiprep/qsiprep/sub-92927/ses-1/dwi/sub-92927_ses-1_acq-multiband_dir-AP_space-ACPC_desc-preproc_dwi.nii.gz	0.0071013557133634	0.0024014608934521	0.0018129674717783	0.0016507575055584	0.0024186365772038	0.0016568640712648	0.0018079871078953	0.0025618481449782	0.0025983473751693	sub-92927	ses-1		dir-AP	acq-multiband	space-ACPC			DSIStudio	autotrackgqi
CranialNerve_CNIIL	dki_ak	DIPYDKI	/scratch/grmpy/SLURM_11202541_35/job-11202541-35-sub-92927/ds/inputs/data/qsiprep/qsiprep/sub-92927/ses-1/dwi/sub-92927_ses-1_acq-multiband_dir-AP_space-ACPC_desc-preproc_dwi.nii.gz	0.0077469335054874	0.6880032450453801	0.1994494088600848	0.6969584634033167	0.6933747733085842	0.6991872574111635	0.1906991454454581	0.6637728129367405	0.6732476375467042	sub-92927	ses-1		dir-AP	acq-multiband	space-ACPC			DSIStudio	autotrackgqi
CranialNerve_CNIIL	dki_fa	DIPYDKI	/scratch/grmpy/SLURM_11202541_35/job-11202541-35-sub-92927/ds/inputs/data/qsiprep/qsiprep/sub-92927/ses-1/dwi/sub-92927_ses-1_acq-multiband_dir-AP_space-ACPC_desc-preproc_dwi.nii.gz	0.0071013557133634	0.2689723074436188	0.1545911133289337	0.2276803255081176	0.2708960175514221	0.2281811833381652	0.1534542441368103	0.3194616734981537	0.3240131139755249	sub-92927	ses-1		dir-AP	acq-multiband	space-ACPC			DSIStudio	autotrackgqi
CranialNerve_CNIIL	dki_kfa	DIPYDKI	/scratch/grmpy/SLURM_11202541_35/job-11202541-35-sub-92927/ds/inputs/data/qsiprep/qsiprep/sub-92927/ses-1/dwi/sub-92927_ses-1_acq-multiband_dir-AP_space-ACPC_desc-preproc_dwi.nii.gz	0.0077469335054874	0.3834519982337951	0.2048684954643249	0.3581492900848388	0.3864457905292511	0.3613801896572113	0.2028345614671707	0.374321311712265	0.3796644806861877	sub-92927	ses-1		dir-AP	acq-multiband	space-ACPC			DSIStudio	autotrackgqi
CranialNerve_CNIIL	dki_linearity	DIPYDKI	/scratch/grmpy/SLURM_11202541_35/job-11202541-35-sub-92927/ds/inputs/data/qsiprep/qsiprep/sub-92927/ses-1/dwi/sub-92927_ses-1_acq-multiband_dir-AP_space-ACPC_desc-preproc_dwi.nii.gz	0.0071013557133634	0.1178842261433601	0.1055431738495826	0.0873338431119918	0.1187273487448692	0.0878791213035583	0.1054463386535644	0.1645208001136779	0.1668647527694702	sub-92927	ses-1		dir-AP	acq-multiband	space-ACPC			DSIStudio	autotrackgqi
CranialNerve_CNIIL	dki_md	DIPYDKI	/scratch/grmpy/SLURM_11202541_35/job-11202541-35-sub-92927/ds/inputs/data/qsiprep/qsiprep/sub-92927/ses-1/dwi/sub-92927_ses-1_acq-multiband_dir-AP_space-ACPC_desc-preproc_dwi.nii.gz	0.0071013557133634	0.001933314371854	0.0015865335008129	0.0011688347440212	0.0019471417181193	0.0011739656329154	0.0015837193932384	0.0019544479437172	0.0019822930917143	sub-92927	ses-1		dir-AP	acq-multiband	space-ACPC			DSIStudio	autotrackgqi
CranialNerve_CNIIL	dki_mk	DIPYDKI	/scratch/grmpy/SLURM_11202541_35/job-11202541-35-sub-92927/ds/inputs/data/qsiprep/qsiprep/sub-92927/ses-1/dwi/sub-92927_ses-1_acq-multiband_dir-AP_space-ACPC_desc-preproc_dwi.nii.gz	0.0077469335054874	0.7398667803371795	0.2349735028301203	0.7645062601752721	0.7456432288498965	0.7661827303324601	0.2265754723989612	0.7688838436373246	0.7798590444265303	sub-92927	ses-1		dir-AP	acq-multiband	space-ACPC			DSIStudio	autotrackgqi
CranialNerve_CNIIL	dki_mkt	DIPYDKI	/scratch/grmpy/SLURM_11202541_35/job-11202541-35-sub-92927/ds/inputs/data/qsiprep/qsiprep/sub-92927/ses-1/dwi/sub-92927_ses-1_acq-multiband_dir-AP_space-ACPC_desc-preproc_dwi.nii.gz	0.0071013557133634	0.7536010900872777	0.2204025334709306	0.7732678317098354	0.7589909548408278	0.7756541458807484	0.2117400527132483	0.7759331392725526	0.786987980245998	sub-92927	ses-1		dir-AP	acq-multiband	space-ACPC			DSIStudio	autotrackgqi
CranialNerve_CNIIL	dki_planarity	DIPYDKI	/scratch/grmpy/SLURM_11202541_35/job-11202541-35-sub-92927/ds/inputs/data/qsiprep/qsiprep/sub-92927/ses-1/dwi/sub-92927_ses-1_acq-multiband_dir-AP_space-ACPC_desc-preproc_dwi.nii.gz	0.0077469335054874	0.1310078799724578	0.0938671082258224	0.109676718711853	0.1320307105779647	0.1100226789712905	0.0935135409235954	0.1111925691366195	0.112779751420021	sub-92927	ses-1		dir-AP	acq-multiband	space-ACPC			DSIStudio	autotrackgqi
CranialNerve_CNIIL	dki_rd	DIPYDKI	/scratch/grmpy/SLURM_11202541_35/job-11202541-35-sub-92927/ds/inputs/data/qsiprep/qsiprep/sub-92927/ses-1/dwi/sub-92927_ses-1_acq-multiband_dir-AP_space-ACPC_desc-preproc_dwi.nii.gz	0.0071013557133634	0.001699241111055	0.0014885287964716	0.000975681876298	0.0017113942885771	0.0009840591810643	0.0014868646394461	0.0016507478430867	0.0016742662992328	sub-92927	ses-1		dir-AP	acq-multiband	space-ACPC			DSIStudio	autotrackgqi
CranialNerve_CNIIL	dki_rk	DIPYDKI	/scratch/grmpy/SLURM_11202541_35/job-11202541-35-sub-92927/ds/inputs/data/qsiprep/qsiprep/sub-92927/ses-1/dwi/sub-92927_ses-1_acq-multiband_dir-AP_space-ACPC_desc-preproc_dwi.nii.gz	0.0077469335054874	0.804558362370828	0.3698284676156159	0.788854555680629	0.81083988504386	0.7907144413514979	0.3643454829331081	0.9355133645127752	0.9488670682554724	sub-92927	ses-1		dir-AP	acq-multiband	space-ACPC			DSIStudio	autotrackgqi
CranialNerve_CNIIL	dki_sphericity	DIPYDKI	/scratch/grmpy/SLURM_11202541_35/job-11202541-35-sub-92927/ds/inputs/data/qsiprep/qsiprep/sub-92927/ses-1/dwi/sub-92927_ses-1_acq-multiband_dir-AP_space-ACPC_desc-preproc_dwi.nii.gz	0.0071013557133634	0.7440065145492554	0.1572689414024353	0.7873799800872803	0.7493277192115784	0.7882938385009766	0.1446480602025985	0.7102396488189697	0.7203586101531982	sub-92927	ses-1		dir-AP	acq-multiband	space-ACPC			DSIStudio	autotrackgqi
CranialNerve_CNVIIIL	dki_ad	DIPYDKI	/scratch/grmpy/SLURM_11202541_35/job-11202541-35-sub-92927/ds/inputs/data/qsiprep/qsiprep/sub-92927/ses-1/dwi/sub-92927_ses-1_acq-multiband_dir-AP_space-ACPC_desc-preproc_dwi.nii.gz	0.0012217470983506	0.0014819734496995	0.0009242151281796	0.0012187029933556	0.001483786269091	0.0012199903139844	0.0009233247255906	0.0017047212459146	0.0017049711896106	sub-92927	ses-1		dir-AP	acq-multiband	space-ACPC			DSIStudio	autotrackgqi
CranialNerve_CNVIIIL	dki_ak	DIPYDKI	/scratch/grmpy/SLURM_11202541_35/job-11202541-35-sub-92927/ds/inputs/data/qsiprep/qsiprep/sub-92927/ses-1/dwi/sub-92927_ses-1_acq-multiband_dir-AP_space-ACPC_desc-preproc_dwi.nii.gz	0.0012217470983506	0.908741118674764	0.1849329226986699	0.9301617357182108	0.9098527286058644	0.9301907401630444	0.1822926758229696	0.8657593173349775	0.8658862788186279	sub-92927	ses-1		dir-AP	acq-multiband	space-ACPC			DSIStudio	autotrackgqi
CranialNerve_CNVIIIL	dki_fa	DIPYDKI	/scratch/grmpy/SLURM_11202541_35/job-11202541-35-sub-92927/ds/inputs/data/qsiprep/qsiprep/sub-92927/ses-1/dwi/sub-92927_ses-1_acq-multiband_dir-AP_space-ACPC_desc-preproc_dwi.nii.gz	0.0012217470983506	0.2980350852012634	0.1545729041099548	0.2577292621135711	0.2983996570110321	0.2578190565109253	0.1543153375387191	0.3967299461364746	0.3967881202697754	sub-92927	ses-1		dir-AP	acq-multiband	space-ACPC			DSIStudio	autotrackgqi
CranialNerve_CNVIIIL	dki_kfa	DIPYDKI	/scratch/grmpy/SLURM_11202541_35/job-11202541-35-sub-92927/ds/inputs/data/qsiprep/qsiprep/sub-92927/ses-1/dwi/sub-92927_ses-1_acq-multiband_dir-AP_space-ACPC_desc-preproc_dwi.nii.gz	0.0024434941967012	0.4102282226085663	0.1600133180618286	0.4147547781467438	0.4112330675125122	0.4155840277671814	0.1589142978191375	0.4681128263473511	0.4682109355926513	sub-92927	ses-1		dir-AP	acq-multiband	space-ACPC			DSIStudio	autotrackgqi
CranialNerve_CNVIIIL	dki_linearity	DIPYDKI	/scratch/grmpy/SLURM_11202541_35/job-11202541-35-sub-92927/ds/inputs/data/qsiprep/qsiprep/sub-92927/ses-1/dwi/sub-92927_ses-1_acq-multiband_dir-AP_space-ACPC_desc-preproc_dwi.nii.gz	0.0012217470983506	0.1274523735046386	0.103243663907051	0.09520024061203	0.1276082694530487	0.095268540084362	0.1032104566693306	0.1861216872930526	0.1861489862203598	sub-92927	ses-1		dir-AP	acq-multiband	space-ACPC			DSIStudio	autotrackgqi
CranialNerve_CNVIIIL	dki_md	DIPYDKI	/scratch/grmpy/SLURM_11202541_35/job-11202541-35-sub-92927/ds/inputs/data/qsiprep/qsiprep/sub-92927/ses-1/dwi/sub-92927_ses-1_acq-multiband_dir-AP_space-ACPC_desc-preproc_dwi.nii.gz	0.0012217470983506	0.001140465028584	0.0007953533204272	0.0008950770716182	0.0011418601498007	0.0008951494237408	0.0007948382408358	0.0012164228828623	0.0012166012311354	sub-92927	ses-1		dir-AP	acq-multiband	space-ACPC			DSIStudio	autotrackgqi
CranialNerve_CNVIIIL	dki_mk	DIPYDKI	/scratch/grmpy/SLURM_11202541_35/job-11202541-35-sub-92927/ds/inputs/data/qsiprep/qsiprep/sub-92927/ses-1/dwi/sub-92927_ses-1_acq-multiband_dir-AP_space-ACPC_desc-preproc_dwi.nii.gz	0.0012217470983506	1.022552466218403	0.2098066684584016	1.0345121829010884	1.023803294923257	1.0345995090241589	0.2068624694180949	1.0371472366217964	1.0372993318468606	sub-92927	ses-1		dir-AP	acq-multiband	space-ACPC			DSIStudio	autotrackgqi
CranialNerve_CNVIIIL	dki_mkt	DIPYDKI	/scratch/grmpy/SLURM_11202541_35/job-11202541-35-sub-92927/ds/inputs/data/qsiprep/qsiprep/sub-92927/ses-1/dwi/sub-92927_ses-1_acq-multiband_dir-AP_space-ACPC_desc-preproc_dwi.nii.gz	0.0012217470983506	1.0231629765831003	0.1898738287698379	1.0396051612222472	1.0244145520896242	1.0396857251745857	0.186585205957694	1.041586983082256	1.0417397293496762	sub-92927	ses-1		dir-AP	acq-multiband	space-ACPC			DSIStudio	autotrackgqi
CranialNerve_CNVIIIL	dki_planarity	DIPYDKI	/scratch/grmpy/SLURM_11202541_35/job-11202541-35-sub-92927/ds/inputs/data/qsiprep/qsiprep/sub-92927/ses-1/dwi/sub-92927_ses-1_acq-multiband_dir-AP_space-ACPC_desc-preproc_dwi.nii.gz	0.0012217470983506	0.1547499895095825	0.0938253924250602	0.1359148472547531	0.1549392938613891	0.1360713094472885	0.0937264263629913	0.192992478609085	0.1930207759141922	sub-92927	ses-1		dir-AP	acq-multiband	space-ACPC			DSIStudio	autotrackgqi
CranialNerve_CNVIIIL	dki_rd	DIPYDKI	/scratch/grmpy/SLURM_11202541_35/job-11202541-35-sub-92927/ds/inputs/data/qsiprep/qsiprep/sub-92927/ses-1/dwi/sub-92927_ses-1_acq-multiband_dir-AP_space-ACPC_desc-preproc_dwi.nii.gz	0.0012217470983506	0.0009697108180262	0.0007511880248785	0.0007483008666895	0.0009708970319479	0.0007483780500479	0.0007508808048442	0.0009722735849209	0.0009724161354824	sub-92927	ses-1		dir-AP	acq-multiband	space-ACPC			DSIStudio	autotrackgqi
CranialNerve_CNVIIIL	dki_rk	DIPYDKI	/scratch/grmpy/SLURM_11202541_35/job-11202541-35-sub-92927/ds/inputs/data/qsiprep/qsiprep/sub-92927/ses-1/dwi/sub-92927_ses-1_acq-multiband_dir-AP_space-ACPC_desc-preproc_dwi.nii.gz	0.0012217470983506	1.1621469084043456	0.408309941748199	1.1048692508296158	1.1635684948366445	1.105199434963121	0.4065302332222512	1.2455559520051374	1.245738609667312	sub-92927	ses-1		dir-AP	acq-multiband	space-ACPC			DSIStudio	autotrackgqi
CranialNerve_CNVIIIL	dki_sphericity	DIPYDKI	/scratch/grmpy/SLURM_11202541_35/job-11202541-35-sub-92927/ds/inputs/data/qsiprep/qsiprep/sub-92927/ses-1/dwi/sub-92927_ses-1_acq-multiband_dir-AP_space-ACPC_desc-preproc_dwi.nii.gz	0.0012217470983506	0.7165758609771729	0.1469878256320953	0.7469915747642517	0.7174524068832397	0.747093141078949	0.1449239999055862	0.620739221572876	0.620830237865448	sub-92927	ses-1		dir-AP	acq-multiband	space-ACPC			DSIStudio	autotrackgqi
CranialNerve_CNVL	dki_ad	DIPYDKI	/scratch/grmpy/SLURM_11202541_35/job-11202541-35-sub-92927/ds/inputs/data/qsiprep/qsiprep/sub-92927/ses-1/dwi/sub-92927_ses-1_acq-multiband_dir-AP_space-ACPC_desc-preproc_dwi.nii.gz	0.0	0.0023344687651842	0.0016302912263199	0.0016453736461699	0.0023344687651842	0.0016453736461699	0.0016302912263199	0.0022869110107421	0.0022869110107421	sub-92927	ses-1		dir-AP	acq-multiband	space-ACPC			DSIStudio	autotrackgqi
CranialNerve_CNVL	dki_ak	DIPYDKI	/scratch/grmpy/SLURM_11202541_35/job-11202541-35-sub-92927/ds/inputs/data/qsiprep/qsiprep/sub-92927/ses-1/dwi/sub-92927_ses-1_acq-multiband_dir-AP_space-ACPC_desc-preproc_dwi.nii.gz	0.0024590163934426	0.7840302640365584	0.2415540521667752	0.7910150574288984	0.7859629598394423	0.7928294419341199	0.2386905236218996	0.7694596815666337	0.7696249171195453	sub-92927	ses-1		dir-AP	acq-multiband	space-ACPC			DSIStudio	autotrackgqi
CranialNerve_CNVL	dki_fa	DIPYDKI	/scratch/grmpy/SLURM_11202541_35/job-11202541-35-sub-92927/ds/inputs/data/qsiprep/qsiprep/sub-92927/ses-1/dwi/sub-92927_ses-1_acq-multiband_dir-AP_space-ACPC_desc-preproc_dwi.nii.gz	0.0008196721311475	0.3488190770149231	0.1674957275390625	0.313335120677948	0.3491052091121673	0.3133712708950043	0.1672660708427429	0.385817289352417	0.3858682513236999	sub-92927	ses-1		dir-AP	acq-multiband	space-ACPC			DSIStudio	autotrackgqi
CranialNerve_CNVL	dki_kfa	DIPYDKI	/scratch/grmpy/SLURM_11202541_35/job-11202541-35-sub-92927/ds/inputs/data/qsiprep/qsiprep/sub-92927/ses-1/dwi/sub-92927_ses-1_acq-multiband_dir-AP_space-ACPC_desc-preproc_dwi.nii.gz	0.0032786885245901	0.4049573838710785	0.1902646422386169	0.3929861783981323	0.4062894880771637	0.3938635289669037	0.1891520619392395	0.4253992438316345	0.4258141219615936	sub-92927	ses-1		dir-AP	acq-multiband	space-ACPC			DSIStudio	autotrackgqi
CranialNerve_CNVL	dki_linearity	DIPYDKI	/scratch/grmpy/SLURM_11202541_35/job-11202541-35-sub-92927/ds/inputs/data/qsiprep/qsiprep/sub-92927/ses-1/dwi/sub-92927_ses-1_acq-multiband_dir-AP_space-ACPC_desc-preproc_dwi.nii.gz	0.0008196721311475	0.1602413058280944	0.1187287420034408	0.1271517872810363	0.1603727489709854	0.1273287832736969	0.1186886429786682	0.1836518049240112	0.1836760491132736	sub-92927	ses-1		dir-AP	acq-multiband	space-ACPC			DSIStudio	autotrackgqi
CranialNerve_CNVL	dki_md	DIPYDKI	/scratch/grmpy/SLURM_11202541_35/job-11202541-35-sub-92927/ds/inputs/data/qsiprep/qsiprep/sub-92927/ses-1/dwi/sub-92927_ses-1_acq-multiband_dir-AP_space-ACPC_desc-preproc_dwi.nii.gz	0.0	0.001770063303411	0.001423922018148	0.0010466543026268	0.001770063303411	0.0010466543026268	0.001423922018148	0.0016729618655517	0.0016729618655517	sub-92927	ses-1		dir-AP	acq-multiband	space-ACPC			DSIStudio	autotrackgqi
CranialNerve_CNVL	dki_mk	DIPYDKI	/scratch/grmpy/SLURM_11202541_35/job-11202541-35-sub-92927/ds/inputs/data/qsiprep/qsiprep/sub-92927/ses-1/dwi/sub-92927_ses-1_acq-multiband_dir-AP_space-ACPC_desc-preproc_dwi.nii.gz	0.0024590163934426	0.9305787788435514	0.3177289589216774	0.9808053536426868	0.9328727281751296	0.9817202672622564	0.3147389114261617	0.9661628016652262	0.9663702769875364	sub-92927	ses-1		dir-AP	acq-multiband	space-ACPC			DSIStudio	autotrackgqi
CranialNerve_CNVL	dki_mkt	DIPYDKI	/scratch/grmpy/SLURM_11202541_35/job-11202541-35-sub-92927/ds/inputs/data/qsiprep/qsiprep/sub-92927/ses-1/dwi/sub-92927_ses-1_acq-multiband_dir-AP_space-ACPC_desc-preproc_dwi.nii.gz	0.0	0.937362868829731	0.2800662900242742	0.997931774363518	0.937362868829731	0.997931774363518	0.2800662900242742	0.9656859227073596	0.9656859227073596	sub-92927	ses-1		dir-AP	acq-multiband	space-ACPC			DSIStudio	autotrackgqi
CranialNerve_CNVL	dki_planarity	DIPYDKI	/scratch/grmpy/SLURM_11202541_35/job-11202541-35-sub-92927/ds/inputs/data/qsiprep/qsiprep/sub-92927/ses-1/dwi/sub-92927_ses-1_acq-multiband_dir-AP_space-ACPC_desc-preproc_dwi.nii.gz	0.0008196721311475	0.1646765768527984	0.107424721121788	0.140717402100563	0.1648116707801818	0.1407761722803115	0.1073651388287544	0.1722703874111175	0.1722931563854217	sub-92927	ses-1		dir-AP	acq-multiband	space-ACPC			DSIStudio	autotrackgqi
CranialNerve_CNVL	dki_rd	DIPYDKI	/scratch/grmpy/SLURM_11202541_35/job-11202541-35-sub-92927/ds/inputs/data/qsiprep/qsiprep/sub-92927/ses-1/dwi/sub-92927_ses-1_acq-multiband_dir-AP_space-ACPC_desc-preproc_dwi.nii.gz	0.0	0.0014878603396937	0.0013387406943365	0.0008393611060455	0.0014878603396937	0.0008393611060455	0.0013387406943365	0.0013659873511642	0.0013659873511642	sub-92927	ses-1		dir-AP	acq-multiband	space-ACPC			DSIStudio	autotrackgqi
CranialNerve_CNVL	dki_rk	DIPYDKI	/scratch/grmpy/SLURM_11202541_35/job-11202541-35-sub-92927/ds/inputs/data/qsiprep/qsiprep/sub-92927/ses-1/dwi/sub-92927_ses-1_acq-multiband_dir-AP_space-ACPC_desc-preproc_dwi.nii.gz	0.0024590163934426	1.1093071547596174	0.5219510949626357	1.0703395592477798	1.1120416834895095	1.0725974783321093	0.5196764417187177	1.18767182427231	1.187926866846516	sub-92927	ses-1		dir-AP	acq-multiband	space-ACPC			DSIStudio	autotrackgqi
CranialNerve_CNVL	dki_sphericity	DIPYDKI	/scratch/grmpy/SLURM_11202541_35/job-11202541-35-sub-92927/ds/inputs/data/qsiprep/qsiprep/sub-92927/ses-1/dwi/sub-92927_ses-1_acq-multiband_dir-AP_space-ACPC_desc-preproc_dwi.nii.gz	0.0	0.6750821471214294	0.1616766154766082	0.7085621356964111	0.6750821471214294	0.7085621356964111	0.1616766154766082	0.6440778374671936	0.6440778374671936	sub-92927	ses-1		dir-AP	acq-multiband	space-ACPC			DSIStudio	autotrackgqi
CranialNerve_CNVIIR	dki_ad	DIPYDKI	/scratch/grmpy/SLURM_11202541_35/job-11202541-35-sub-92927/ds/inputs/data/qsiprep/qsiprep/sub-92927/ses-1/dwi/sub-92927_ses-1_acq-multiband_dir-AP_space-ACPC_desc-preproc_dwi.nii.gz	0.0	0.0021202412899583	0.0013873268617317	0.0017211801605299	0.0021202412899583	0.0017211801605299	0.0013873268617317	0.0017568549374118	0.0017568549374118	sub-92927	ses-1		dir-AP	acq-multiband	space-ACPC			DSIStudio	autotrackgqi
CranialNerve_CNVIIR	dki_ak	DIPYDKI	/scratch/grmpy/SLURM_11202541_35/job-11202541-35-sub-92927/ds/inputs/data/qsiprep/qsiprep/sub-92927/ses-1/dwi/sub-92927_ses-1_acq-multiband_dir-AP_space-ACPC_desc-preproc_dwi.nii.gz	0.0	0.7855824723672179	0.2139081717147852	0.7644431257990605	0.7855824723672179	0.7644431257990605	0.2139081717147852	0.8244020612124509	0.8244020612124509	sub-92927	ses-1		dir-AP	acq-multiband	space-ACPC			DSIStudio	autotrackgqi
CranialNerve_CNVIIR	dki_fa	DIPYDKI	/scratch/grmpy/SLURM_11202541_35/job-11202541-35-sub-92927/ds/inputs/data/qsiprep/qsiprep/sub-92927/ses-1/dwi/sub-92927_ses-1_acq-multiband_dir-AP_space-ACPC_desc-preproc_dwi.nii.gz	0.0	0.3887574672698974	0.1874413341283798	0.3636047840118408	0.3887574672698974	0.3636047840118408	0.1874413341283798	0.4498217403888702	0.4498217403888702	sub-92927	ses-1		dir-AP	acq-multiband	space-ACPC			DSIStudio	autotrackgqi
CranialNerve_CNVIIR	dki_kfa	DIPYDKI	/scratch/grmpy/SLURM_11202541_35/job-11202541-35-sub-92927/ds/inputs/data/qsiprep/qsiprep/sub-92927/ses-1/dwi/sub-92927_ses-1_acq-multiband_dir-AP_space-ACPC_desc-preproc_dwi.nii.gz	0.0	0.4245705902576446	0.1861883848905563	0.423315018415451	0.4245705902576446	0.423315018415451	0.1861883848905563	0.4872611463069916	0.4872611463069916	sub-92927	ses-1		dir-AP	acq-multiband	space-ACPC			DSIStudio	autotrackgqi
CranialNerve_CNVIIR	dki_linearity	DIPYDKI	/scratch/grmpy/SLURM_11202541_35/job-11202541-35-sub-92927/ds/inputs/data/qsiprep/qsiprep/sub-92927/ses-1/dwi/sub-92927_ses-1_acq-multiband_dir-AP_space-ACPC_desc-preproc_dwi.nii.gz	0.0	0.196709856390953	0.1475827991962433	0.153527095913887	0.196709856390953	0.153527095913887	0.1475827991962433	0.2376088798046112	0.2376088798046112	sub-92927	ses-1		dir-AP	acq-multiband	space-ACPC			DSIStudio	autotrackgqi
CranialNerve_CNVIIR	dki_md	DIPYDKI	/scratch/grmpy/SLURM_11202541_35/job-11202541-35-sub-92927/ds/inputs/data/qsiprep/qsiprep/sub-92927/ses-1/dwi/sub-92927_ses-1_acq-multiband_dir-AP_space-ACPC_desc-preproc_dwi.nii.gz	0.0	0.0015477491542696	0.0012371496995911	0.0010146477725356	0.0015477491542696	0.0010146477725356	0.0012371496995911	0.0011738429311662	0.0011738429311662	sub-92927	ses-1		dir-AP	acq-multiband	space-ACPC			DSIStudio	autotrackgqi
CranialNerve_CNVIIR	dki_mk	DIPYDKI	/scratch/grmpy/SLURM_11202541_35/job-11202541-35-sub-92927/ds/inputs/data/qsiprep/qsiprep/sub-92927/ses-1/dwi/sub-92927_ses-1_acq-multiband_dir-AP_space-ACPC_desc-preproc_dwi.nii.gz	0.0	0.9987639559800372	0.2950506499884001	1.024261211784632	0.9987639559800372	1.024261211784632	0.2950506499884001	1.094965497808384	1.094965497808384	sub-92927	ses-1		dir-AP	acq-multiband	space-ACPC			DSIStudio	autotrackgqi
CranialNerve_CNVIIR	dki_mkt	DIPYDKI	/scratch/grmpy/SLURM_11202541_35/job-11202541-35-sub-92927/ds/inputs/data/qsiprep/qsiprep/sub-92927/ses-1/dwi/sub-92927_ses-1_acq-multiband_dir-AP_space-ACPC_desc-preproc_dwi.nii.gz	0.0	0.9846768995830772	0.2427018985133709	1.0271991879067504	0.9846768995830772	1.0271991879067504	0.2427018985133709	1.0672296377969652	1.0672296377969652	sub-92927	ses-1		dir-AP	acq-multiband	space-ACPC			DSIStudio	autotrackgqi
CranialNerve_CNVIIR	dki_planarity	DIPYDKI	/scratch/grmpy/SLURM_11202541_35/job-11202541-35-sub-92927/ds/inputs/data/qsiprep/qsiprep/sub-92927/ses-1/dwi/sub-92927_ses-1_acq-multiband_dir-AP_space-ACPC_desc-preproc_dwi.nii.gz	0.0	0.1523388773202896	0.0921908989548683	0.1368684917688369	0.1523388773202896	0.1368684917688369	0.0921908989548683	0.1612320244312286	0.1612320244312286	sub-92927	ses-1		dir-AP	acq-multiband	space-ACPC			DSIStudio	autotrackgqi
CranialNerve_CNVIIR	dki_rd	DIPYDKI	/scratch/grmpy/SLURM_11202541_35/job-11202541-35-sub-92927/ds/inputs/data/qsiprep/qsiprep/sub-92927/ses-1/dwi/sub-92927_ses-1_acq-multiband_dir-AP_space-ACPC_desc-preproc_dwi.nii.gz	0.0	0.0012615028535947	0.001183858490549	0.0007495650206692	0.0012615028535947	0.0007495650206692	0.001183858490549	0.0008823369862511	0.0008823369862511	sub-92927	ses-1		dir-AP	acq-multiband	space-ACPC			DSIStudio	autotrackgqi
CranialNerve_CNVIIR	dki_rk	DIPYDKI	/scratch/grmpy/SLURM_11202541_35/job-11202541-35-sub-92927/ds/inputs/data/qsiprep/qsiprep/sub-92927/ses-1/dwi/sub-92927_ses-1_acq-multiband_dir-AP_space-ACPC_desc-preproc_dwi.nii.gz	0.0	1.2550538472637456	0.5645672649518998	1.1991289657519792	1.2550538472637456	1.1991289657519792	0.5645672649518998	1.426336408511805	1.426336408511805	sub-92927	ses-1		dir-AP	acq-multiband	space-ACPC			DSIStudio	autotrackgqi
CranialNerve_CNVIIR	dki_sphericity	DIPYDKI	/scratch/grmpy/SLURM_11202541_35/job-11202541-35-sub-92927/ds/inputs/data/qsiprep/qsiprep/sub-92927/ses-1/dwi/sub-92927_ses-1_acq-multiband_dir-AP_space-ACPC_desc-preproc_dwi.nii.gz	0.0	0.6509512066841125	0.15944205224514	0.6831365823745728	0.6509512066841125	0.6831365823745728	0.15944205224514	0.6011590957641602	0.6011590957641602	sub-92927	ses-1		dir-AP	acq-multiband	space-ACPC			DSIStudio	autotrackgqi
CranialNerve_CNIIIR	dki_ad	DIPYDKI	/scratch/grmpy/SLURM_11202541_35/job-11202541-35-sub-92927/ds/inputs/data/qsiprep/qsiprep/sub-92927/ses-1/dwi/sub-92927_ses-1_acq-multiband_dir-AP_space-ACPC_desc-preproc_dwi.nii.gz	0.0	0.0025700549595057	0.0016653918428346	0.0018182788044214	0.0025700549595057	0.0018182788044214	0.0016653918428346	0.0024081671144813	0.0024081671144813	sub-92927	ses-1		dir-AP	acq-multiband	space-ACPC			DSIStudio	autotrackgqi
CranialNerve_CNIIIR	dki_ak	DIPYDKI	/scratch/grmpy/SLURM_11202541_35/job-11202541-35-sub-92927/ds/inputs/data/qsiprep/qsiprep/sub-92927/ses-1/dwi/sub-92927_ses-1_acq-multiband_dir-AP_space-ACPC_desc-preproc_dwi.nii.gz	0.0	0.7346212927527435	0.2154183191643743	0.7360401521714435	0.7346212927527435	0.7360401521714435	0.2154183191643743	0.720439618476387	0.720439618476387	sub-92927	ses-1		dir-AP	acq-multiband	space-ACPC			DSIStudio	autotrackgqi
CranialNerve_CNIIIR	dki_fa	DIPYDKI	/scratch/grmpy/SLURM_11202541_35/job-11202541-35-sub-92927/ds/inputs/data/qsiprep/qsiprep/sub-92927/ses-1/dwi/sub-92927_ses-1_acq-multiband_dir-AP_space-ACPC_desc-preproc_dwi.nii.gz	0.0	0.3221668303012848	0.1457394361495971	0.2982718348503113	0.3221668303012848	0.2982718348503113	0.1457394361495971	0.2882779538631439	0.2882779538631439	sub-92927	ses-1		dir-AP	acq-multiband	space-ACPC			DSIStudio	autotrackgqi
CranialNerve_CNIIIR	dki_kfa	DIPYDKI	/scratch/grmpy/SLURM_11202541_35/job-11202541-35-sub-92927/ds/inputs/data/qsiprep/qsiprep/sub-92927/ses-1/dwi/sub-92927_ses-1_acq-multiband_dir-AP_space-ACPC_desc-preproc_dwi.nii.gz	0.0	0.393048346042633	0.187014639377594	0.3678382337093353	0.393048346042633	0.3678382337093353	0.187014639377594	0.3605607151985168	0.3605607151985168	sub-92927	ses-1		dir-AP	acq-multiband	space-ACPC			DSIStudio	autotrackgqi
CranialNerve_CNIIIR	dki_linearity	DIPYDKI	/scratch/grmpy/SLURM_11202541_35/job-11202541-35-sub-92927/ds/inputs/data/qsiprep/qsiprep/sub-92927/ses-1/dwi/sub-92927_ses-1_acq-multiband_dir-AP_space-ACPC_desc-preproc_dwi.nii.gz	0.0	0.1449406296014785	0.0959226489067077	0.1256545186042785	0.1449406296014785	0.1256545186042785	0.0959226489067077	0.1235342398285865	0.1235342398285865	sub-92927	ses-1		dir-AP	acq-multiband	space-ACPC			DSIStudio	autotrackgqi
CranialNerve_CNIIIR	dki_md	DIPYDKI	/scratch/grmpy/SLURM_11202541_35/job-11202541-35-sub-92927/ds/inputs/data/qsiprep/qsiprep/sub-92927/ses-1/dwi/sub-92927_ses-1_acq-multiband_dir-AP_space-ACPC_desc-preproc_dwi.nii.gz	0.0	0.0019785535987466	0.001416242099367	0.0012751314789056	0.0019785535987466	0.0012751314789056	0.001416242099367	0.0018837896641343	0.0018837896641343	sub-92927	ses-1		dir-AP	acq-multiband	space-ACPC			DSIStudio	autotrackgqi
CranialNerve_CNIIIR	dki_mk	DIPYDKI	/scratch/grmpy/SLURM_11202541_35/job-11202541-35-sub-92927/ds/inputs/data/qsiprep/qsiprep/sub-92927/ses-1/dwi/sub-92927_ses-1_acq-multiband_dir-AP_space-ACPC_desc-preproc_dwi.nii.gz	0.0	0.829983620865955	0.2516648313617625	0.8548808242236408	0.829983620865955	0.8548808242236408	0.2516648313617625	0.8129352401558373	0.8129352401558373	sub-92927	ses-1		dir-AP	acq-multiband	space-ACPC			DSIStudio	autotrackgqi
CranialNerve_CNIIIR	dki_mkt	DIPYDKI	/scratch/grmpy/SLURM_11202541_35/job-11202541-35-sub-92927/ds/inputs/data/qsiprep/qsiprep/sub-92927/ses-1/dwi/sub-92927_ses-1_acq-multiband_dir-AP_space-ACPC_desc-preproc_dwi.nii.gz	0.0	0.8440589877600133	0.2410460282731656	0.8611611921128195	0.8440589877600133	0.8611611921128195	0.2410460282731656	0.8177590638795877	0.8177590638795877	sub-92927	ses-1		dir-AP	acq-multiband	space-ACPC			DSIStudio	autotrackgqi
CranialNerve_CNIIIR	dki_planarity	DIPYDKI	/scratch/grmpy/SLURM_11202541_35/job-11202541-35-sub-92927/ds/inputs/data/qsiprep/qsiprep/sub-92927/ses-1/dwi/sub-92927_ses-1_acq-multiband_dir-AP_space-ACPC_desc-preproc_dwi.nii.gz	0.0	0.1511390805244445	0.096349149942398	0.1268725395202636	0.1511390805244445	0.1268725395202636	0.096349149942398	0.1413855403661728	0.1413855403661728	sub-92927	ses-1		dir-AP	acq-multiband	space-ACPC			DSIStudio	autotrackgqi
CranialNerve_CNIIIR	dki_rd	DIPYDKI	/scratch/grmpy/SLURM_11202541_35/job-11202541-35-sub-92927/ds/inputs/data/qsiprep/qsiprep/sub-92927/ses-1/dwi/sub-92927_ses-1_acq-multiband_dir-AP_space-ACPC_desc-preproc_dwi.nii.gz	0.0	0.0016828030347824	0.00130910158623	0.0010226001031696	0.0016828030347824	0.0010226001031696	0.00130910158623	0.0016216008225455	0.0016216008225455	sub-92927	ses-1		dir-AP	acq-multiband	space-ACPC			DSIStudio	autotrackgqi
CranialNerve_CNIIIR	dki_rk	DIPYDKI	/scratch/grmpy/SLURM_11202541_35/job-11202541-35-sub-92927/ds/inputs/data/qsiprep/qsiprep/sub-92927/ses-1/dwi/sub-92927_ses-1_acq-multiband_dir-AP_space-ACPC_desc-preproc_dwi.nii.gz	0.0	0.9274342716909982	0.3938139918730698	0.9101303317509496	0.9274342716909982	0.9101303317509496	0.3938139918730698	0.9017127238965236	0.9017127238965236	sub-92927	ses-1		dir-AP	acq-multiband	space-ACPC			DSIStudio	autotrackgqi
CranialNerve_CNIIIR	dki_sphericity	DIPYDKI	/scratch/grmpy/SLURM_11202541_35/job-11202541-35-sub-92927/ds/inputs/data/qsiprep/qsiprep/sub-92927/ses-1/dwi/sub-92927_ses-1_acq-multiband_dir-AP_space-ACPC_desc-preproc_dwi.nii.gz	0.0	0.703920304775238	0.1391839981079101	0.7328839302062988	0.703920304775238	0.7328839302062988	0.1391839981079101	0.7350802421569824	0.7350802421569824	sub-92927	ses-1		dir-AP	acq-multiband	space-ACPC			DSIStudio	autotrackgqi
CranialNerve_CNIIR	dki_ad	DIPYDKI	/scratch/grmpy/SLURM_11202541_35/job-11202541-35-sub-92927/ds/inputs/data/qsiprep/qsiprep/sub-92927/ses-1/dwi/sub-92927_ses-1_acq-multiband_dir-AP_space-ACPC_desc-preproc_dwi.nii.gz	0.0007490636704119	0.0023516612127423	0.0015228559495881	0.0017610609065741	0.0023534239735454	0.0017619656864553	0.0015220643253996	0.0024255327880382	0.0024255986791104	sub-92927	ses-1		dir-AP	acq-multiband	space-ACPC			DSIStudio	autotrackgqi
CranialNerve_CNIIR	dki_ak	DIPYDKI	/scratch/grmpy/SLURM_11202541_35/job-11202541-35-sub-92927/ds/inputs/data/qsiprep/qsiprep/sub-92927/ses-1/dwi/sub-92927_ses-1_acq-multiband_dir-AP_space-ACPC_desc-preproc_dwi.nii.gz	0.0007490636704119	0.6973999774480949	0.1804749629841926	0.7043228458576605	0.6979227660368865	0.7045214912668949	0.179529280083504	0.6999956289577767	0.7000146547086408	sub-92927	ses-1		dir-AP	acq-multiband	space-ACPC			DSIStudio	autotrackgqi
CranialNerve_CNIIR	dki_fa	DIPYDKI	/scratch/grmpy/SLURM_11202541_35/job-11202541-35-sub-92927/ds/inputs/data/qsiprep/qsiprep/sub-92927/ses-1/dwi/sub-92927_ses-1_acq-multiband_dir-AP_space-ACPC_desc-preproc_dwi.nii.gz	0.0007490636704119	0.3052056729793548	0.172783687710762	0.2667423486709595	0.3054344356060028	0.26690274477005	0.172646164894104	0.335606038570404	0.3356151580810547	sub-92927	ses-1		dir-AP	acq-multiband	space-ACPC			DSIStudio	autotrackgqi
CranialNerve_CNIIR	dki_kfa	DIPYDKI	/scratch/grmpy/SLURM_11202541_35/job-11202541-35-sub-92927/ds/inputs/data/qsiprep/qsiprep/sub-92927/ses-1/dwi/sub-92927_ses-1_acq-multiband_dir-AP_space-ACPC_desc-preproc_dwi.nii.gz	0.0022471910112359	0.3942746222019195	0.2074888348579406	0.3742321133613586	0.3951626420021057	0.3744773864746094	0.2068759799003601	0.3896145820617676	0.3896859586238861	sub-92927	ses-1		dir-AP	acq-multiband	space-ACPC			DSIStudio	autotrackgqi
CranialNerve_CNIIR	dki_linearity	DIPYDKI	/scratch/grmpy/SLURM_11202541_35/job-11202541-35-sub-92927/ds/inputs/data/qsiprep/qsiprep/sub-92927/ses-1/dwi/sub-92927_ses-1_acq-multiband_dir-AP_space-ACPC_desc-preproc_dwi.nii.gz	0.0007490636704119	0.1416920870542526	0.1164351180195808	0.1086597219109535	0.1417983025312423	0.1086993589997291	0.1164140775799751	0.1665110886096954	0.1665156036615371	sub-92927	ses-1		dir-AP	acq-multiband	space-ACPC			DSIStudio	autotrackgqi
CranialNerve_CNIIR	dki_md	DIPYDKI	/scratch/grmpy/SLURM_11202541_35/job-11202541-35-sub-92927/ds/inputs/data/qsiprep/qsiprep/sub-92927/ses-1/dwi/sub-92927_ses-1_acq-multiband_dir-AP_space-ACPC_desc-preproc_dwi.nii.gz	0.0007490636704119	0.0018491563387215	0.0013826716458424	0.0012156404554843	0.0018505424959585	0.0012162281200289	0.0013822620967403	0.0018326588906347	0.0018327087163925	sub-92927	ses-1		dir-AP	acq-multiband	space-ACPC			DSIStudio	autotrackgqi
CranialNerve_CNIIR	dki_mk	DIPYDKI	/scratch/grmpy/SLURM_11202541_35/job-11202541-35-sub-92927/ds/inputs/data/qsiprep/qsiprep/sub-92927/ses-1/dwi/sub-92927_ses-1_acq-multiband_dir-AP_space-ACPC_desc-preproc_dwi.nii.gz	0.0007490636704119	0.7938953071788672	0.2655613351523557	0.796217467395698	0.7944904310972922	0.7964874843924143	0.2647694622753914	0.8385861025307264	0.8386088953125859	sub-92927	ses-1		dir-AP	acq-multiband	space-ACPC			DSIStudio	autotrackgqi
CranialNerve_CNIIR	dki_mkt	DIPYDKI	/scratch/grmpy/SLURM_11202541_35/job-11202541-35-sub-92927/ds/inputs/data/qsiprep/qsiprep/sub-92927/ses-1/dwi/sub-92927_ses-1_acq-multiband_dir-AP_space-ACPC_desc-preproc_dwi.nii.gz	0.0007490636704119	0.799417088677645	0.239603623893171	0.8036737449309901	0.8000163518625608	0.804489932746553	0.2386912485622863	0.8305790025946327	0.830601577712716	sub-92927	ses-1		dir-AP	acq-multiband	space-ACPC			DSIStudio	autotrackgqi
CranialNerve_CNIIR	dki_planarity	DIPYDKI	/scratch/grmpy/SLURM_11202541_35/job-11202541-35-sub-92927/ds/inputs/data/qsiprep/qsiprep/sub-92927/ses-1/dwi/sub-92927_ses-1_acq-multiband_dir-AP_space-ACPC_desc-preproc_dwi.nii.gz	0.0007490636704119	0.1367651224136352	0.0983558669686317	0.1113332211971283	0.1368676424026489	0.1113549470901489	0.0983213931322097	0.1269886791706085	0.1269921213388443	sub-92927	ses-1		dir-AP	acq-multiband	space-ACPC			DSIStudio	autotrackgqi
CranialNerve_CNIIR	dki_rd	DIPYDKI	/scratch/grmpy/SLURM_11202541_35/job-11202541-35-sub-92927/ds/inputs/data/qsiprep/qsiprep/sub-92927/ses-1/dwi/sub-92927_ses-1_acq-multiband_dir-AP_space-ACPC_desc-preproc_dwi.nii.gz	0.0007490636704119	0.0015979037852957	0.0013319919817149	0.0010032521095126	0.0015991016989573	0.0010034554870799	0.0013317721895873	0.0015362221747636	0.0015362639678642	sub-92927	ses-1		dir-AP	acq-multiband	space-ACPC			DSIStudio	autotrackgqi
CranialNerve_CNIIR	dki_rk	DIPYDKI	/scratch/grmpy/SLURM_11202541_35/job-11202541-35-sub-92927/ds/inputs/data/qsiprep/qsiprep/sub-92927/ses-1/dwi/sub-92927_ses-1_acq-multiband_dir-AP_space-ACPC_desc-preproc_dwi.nii.gz	0.0007490636704119	0.9114078681080692	0.4793372650687859	0.8447818995363401	0.9120910824020032	0.8450973983138275	0.478866679839492	1.0375325704866736	1.0375607710123784	sub-92927	ses-1		dir-AP	acq-multiband	space-ACPC			DSIStudio	autotrackgqi
CranialNerve_CNIIR	dki_sphericity	DIPYDKI	/scratch/grmpy/SLURM_11202541_35/job-11202541-35-sub-92927/ds/inputs/data/qsiprep/qsiprep/sub-92927/ses-1/dwi/sub-92927_ses-1_acq-multiband_dir-AP_space-ACPC_desc-preproc_dwi.nii.gz	0.0007490636704119	0.7207937240600586	0.1607700884342193	0.7581176161766052	0.7213340401649475	0.7583779096603394	0.1596140414476394	0.7064731121063232	0.7064923048019409	sub-92927	ses-1		dir-AP	acq-multiband	space-ACPC			DSIStudio	autotrackgqi
CranialNerve_CNVIIL	dki_ad	DIPYDKI	/scratch/grmpy/SLURM_11202541_35/job-11202541-35-sub-92927/ds/inputs/data/qsiprep/qsiprep/sub-92927/ses-1/dwi/sub-92927_ses-1_acq-multiband_dir-AP_space-ACPC_desc-preproc_dwi.nii.gz	0.0026178010471204	0.0022897461894899	0.0017646828200668	0.00153992138803	0.0022957560140639	0.0015415472444146	0.0017630886286497	0.0018414639635011	0.0018417491810396	sub-92927	ses-1		dir-AP	acq-multiband	space-ACPC			DSIStudio	autotrackgqi
CranialNerve_CNVIIL	dki_ak	DIPYDKI	/scratch/grmpy/SLURM_11202541_35/job-11202541-35-sub-92927/ds/inputs/data/qsiprep/qsiprep/sub-92927/ses-1/dwi/sub-92927_ses-1_acq-multiband_dir-AP_space-ACPC_desc-preproc_dwi.nii.gz	0.0026178010471204	0.7891713890334568	0.2430982156073358	0.8045653636206807	0.7912427050151719	0.8046983799828672	0.2400269533434628	0.8368839057069235	0.8370135202693121	sub-92927	ses-1		dir-AP	acq-multiband	space-ACPC			DSIStudio	autotrackgqi
CranialNerve_CNVIIL	dki_fa	DIPYDKI	/scratch/grmpy/SLURM_11202541_35/job-11202541-35-sub-92927/ds/inputs/data/qsiprep/qsiprep/sub-92927/ses-1/dwi/sub-92927_ses-1_acq-multiband_dir-AP_space-ACPC_desc-preproc_dwi.nii.gz	0.0026178010471204	0.3290113806724548	0.1704131364822387	0.2802490592002868	0.3298749029636383	0.2804726958274841	0.1697998791933059	0.4040207266807556	0.4040833115577698	sub-92927	ses-1		dir-AP	acq-multiband	space-ACPC			DSIStudio	autotrackgqi
CranialNerve_CNVIIL	dki_kfa	DIPYDKI	/scratch/grmpy/SLURM_11202541_35/job-11202541-35-sub-92927/ds/inputs/data/qsiprep/qsiprep/sub-92927/ses-1/dwi/sub-92927_ses-1_acq-multiband_dir-AP_space-ACPC_desc-preproc_dwi.nii.gz	0.0026178010471204	0.4023465812206268	0.189684972167015	0.4030706584453583	0.4034026265144348	0.4039646685123443	0.1888089627027511	0.4623857736587524	0.4624573588371277	sub-92927	ses-1		dir-AP	acq-multiband	space-ACPC			DSIStudio	autotrackgqi
CranialNerve_CNVIIL	dki_linearity	DIPYDKI	/scratch/grmpy/SLURM_11202541_35/job-11202541-35-sub-92927/ds/inputs/data/qsiprep/qsiprep/sub-92927/ses-1/dwi/sub-92927_ses-1_acq-multiband_dir-AP_space-ACPC_desc-preproc_dwi.nii.gz	0.0026178010471204	0.1474666148424148	0.1159002110362052	0.1113990470767021	0.1478536576032638	0.111675925552845	0.1158054023981094	0.1880600452423095	0.1880891770124435	sub-92927	ses-1		dir-AP	acq-multiband	space-ACPC			DSIStudio	autotrackgqi
CranialNerve_CNVIIL	dki_md	DIPYDKI	/scratch/grmpy/SLURM_11202541_35/job-11202541-35-sub-92927/ds/inputs/data/qsiprep/qsiprep/sub-92927/ses-1/dwi/sub-92927_ses-1_acq-multiband_dir-AP_space-ACPC_desc-preproc_dwi.nii.gz	0.0026178010471204	0.001765961991623	0.0015181445050984	0.0009730101446621	0.0017705970676615	0.0009738658554852	0.0015174337895587	0.0013185222633183	0.0013187264557927	sub-92927	ses-1		dir-AP	acq-multiband	space-ACPC			DSIStudio	autotrackgqi
CranialNerve_CNVIIL	dki_mk	DIPYDKI	/scratch/grmpy/SLURM_11202541_35/job-11202541-35-sub-92927/ds/inputs/data/qsiprep/qsiprep/sub-92927/ses-1/dwi/sub-92927_ses-1_acq-multiband_dir-AP_space-ACPC_desc-preproc_dwi.nii.gz	0.0026178010471204	0.9372478616850186	0.3051741355183527	0.9647871338427664	0.9397078298259242	0.9656307228596492	0.3017681902561413	1.0656435611036588	1.065808605469143	sub-92927	ses-1		dir-AP	acq-multiband	space-ACPC			DSIStudio	autotrackgqi
CranialNerve_CNVIIL	dki_mkt	DIPYDKI	/scratch/grmpy/SLURM_11202541_35/job-11202541-35-sub-92927/ds/inputs/data/qsiprep/qsiprep/sub-92927/ses-1/dwi/sub-92927_ses-1_acq-multiband_dir-AP_space-ACPC_desc-preproc_dwi.nii.gz	0.0026178010471204	0.9315317059446396	0.2799136238705687	0.982458384124398	0.933976671052106	0.9834152202370549	0.2761770153311118	1.046756925226513	1.0469190444076537	sub-92927	ses-1		dir-AP	acq-multiband	space-ACPC			DSIStudio	autotrackgqi
CranialNerve_CNVIIL	dki_planarity	DIPYDKI	/scratch/grmpy/SLURM_11202541_35/job-11202541-35-sub-92927/ds/inputs/data/qsiprep/qsiprep/sub-92927/ses-1/dwi/sub-92927_ses-1_acq-multiband_dir-AP_space-ACPC_desc-preproc_dwi.nii.gz	0.0026178010471204	0.162347987294197	0.1094931662082672	0.1359903514385223	0.1627741008996963	0.1369016170501709	0.1093199923634529	0.1945824921131134	0.1946126222610473	sub-92927	ses-1		dir-AP	acq-multiband	space-ACPC			DSIStudio	autotrackgqi
CranialNerve_CNVIIL	dki_rd	DIPYDKI	/scratch/grmpy/SLURM_11202541_35/job-11202541-35-sub-92927/ds/inputs/data/qsiprep/qsiprep/sub-92927/ses-1/dwi/sub-92927_ses-1_acq-multiband_dir-AP_space-ACPC_desc-preproc_dwi.nii.gz	0.0026178010471204	0.0015040698926895	0.0014126672176644	0.0007668064208701	0.0015080175362527	0.0007678279653191	0.0014124140143394	0.0010570514714345	0.0010572152677923	sub-92927	ses-1		dir-AP	acq-multiband	space-ACPC			DSIStudio	autotrackgqi
CranialNerve_CNVIIL	dki_rk	DIPYDKI	/scratch/grmpy/SLURM_11202541_35/job-11202541-35-sub-92927/ds/inputs/data/qsiprep/qsiprep/sub-92927/ses-1/dwi/sub-92927_ses-1_acq-multiband_dir-AP_space-ACPC_desc-preproc_dwi.nii.gz	0.0026178010471204	1.108274400733716	0.5542840301201563	1.023987173149984	1.1111832574285552	1.0252657173811728	0.5520913812083534	1.330538297061794	1.3307443680209174	sub-92927	ses-1		dir-AP	acq-multiband	space-ACPC			DSIStudio	autotrackgqi
CranialNerve_CNVIIL	dki_sphericity	DIPYDKI	/scratch/grmpy/SLURM_11202541_35/job-11202541-35-sub-92927/ds/inputs/data/qsiprep/qsiprep/sub-92927/ses-1/dwi/sub-92927_ses-1_acq-multiband_dir-AP_space-ACPC_desc-preproc_dwi.nii.gz	0.0026178010471204	0.6875675916671753	0.1684927642345428	0.7342087030410767	0.6893722414970398	0.7346376776695251	0.1649856269359588	0.617202639579773	0.6172982454299927	sub-92927	ses-1		dir-AP	acq-multiband	space-ACPC			DSIStudio	autotrackgqi
CranialNerve_CNVR	dki_ad	DIPYDKI	/scratch/grmpy/SLURM_11202541_35/job-11202541-35-sub-92927/ds/inputs/data/qsiprep/qsiprep/sub-92927/ses-1/dwi/sub-92927_ses-1_acq-multiband_dir-AP_space-ACPC_desc-preproc_dwi.nii.gz	0.0	0.0017766823293641	0.0011303282808512	0.0014019475784152	0.0017766823293641	0.0014019475784152	0.0011303282808512	0.0018299676012247	0.0018299676012247	sub-92927	ses-1		dir-AP	acq-multiband	space-ACPC			DSIStudio	autotrackgqi
CranialNerve_CNVR	dki_ak	DIPYDKI	/scratch/grmpy/SLURM_11202541_35/job-11202541-35-sub-92927/ds/inputs/data/qsiprep/qsiprep/sub-92927/ses-1/dwi/sub-92927_ses-1_acq-multiband_dir-AP_space-ACPC_desc-preproc_dwi.nii.gz	0.006006006006006	0.847800563993069	0.2271915881920434	0.8565619790251927	0.852923226011154	0.8589269341850598	0.218079479989048	0.8298016636566041	0.8301081316841629	sub-92927	ses-1		dir-AP	acq-multiband	space-ACPC			DSIStudio	autotrackgqi
CranialNerve_CNVR	dki_fa	DIPYDKI	/scratch/grmpy/SLURM_11202541_35/job-11202541-35-sub-92927/ds/inputs/data/qsiprep/qsiprep/sub-92927/ses-1/dwi/sub-92927_ses-1_acq-multiband_dir-AP_space-ACPC_desc-preproc_dwi.nii.gz	0.006006006006006	0.351380318403244	0.1715163439512252	0.3201954364776611	0.3535034656524658	0.3224164545536041	0.1698383539915084	0.4150770306587219	0.4152303338050842	sub-92927	ses-1		dir-AP	acq-multiband	space-ACPC			DSIStudio	autotrackgqi
CranialNerve_CNVR	dki_kfa	DIPYDKI	/scratch/grmpy/SLURM_11202541_35/job-11202541-35-sub-92927/ds/inputs/data/qsiprep/qsiprep/sub-92927/ses-1/dwi/sub-92927_ses-1_acq-multiband_dir-AP_space-ACPC_desc-preproc_dwi.nii.gz	0.0078078078078078	0.4485839903354645	0.1863738745450973	0.4443694055080414	0.4521140158176422	0.4451889991760254	0.1827911138534546	0.4661792516708374	0.4665189087390899	sub-92927	ses-1		dir-AP	acq-multiband	space-ACPC			DSIStudio	autotrackgqi
CranialNerve_CNVR	dki_linearity	DIPYDKI	/scratch/grmpy/SLURM_11202541_35/job-11202541-35-sub-92927/ds/inputs/data/qsiprep/qsiprep/sub-92927/ses-1/dwi/sub-92927_ses-1_acq-multiband_dir-AP_space-ACPC_desc-preproc_dwi.nii.gz	0.006006006006006	0.1652392745018005	0.1227607652544975	0.1304831355810165	0.1662376970052719	0.1314187496900558	0.1224552541971206	0.205491155385971	0.2055670469999313	sub-92927	ses-1		dir-AP	acq-multiband	space-ACPC			DSIStudio	autotrackgqi
CranialNerve_CNVR	dki_md	DIPYDKI	/scratch/grmpy/SLURM_11202541_35/job-11202541-35-sub-92927/ds/inputs/data/qsiprep/qsiprep/sub-92927/ses-1/dwi/sub-92927_ses-1_acq-multiband_dir-AP_space-ACPC_desc-preproc_dwi.nii.gz	0.0	0.0013109247665852	0.0009672719752416	0.0009274140466004	0.0013109247665852	0.0009274140466004	0.0009672719752416	0.0012743795523419	0.0012743795523419	sub-92927	ses-1		dir-AP	acq-multiband	space-ACPC			DSIStudio	autotrackgqi
CranialNerve_CNVR	dki_mk	DIPYDKI	/scratch/grmpy/SLURM_11202541_35/job-11202541-35-sub-92927/ds/inputs/data/qsiprep/qsiprep/sub-92927/ses-1/dwi/sub-92927_ses-1_acq-multiband_dir-AP_space-ACPC_desc-preproc_dwi.nii.gz	0.006006006006006	0.9729865617808156	0.2905405145722044	1.0158035736656637	0.9788656346616664	1.0177905840229335	0.2813699012271933	1.037638221551708	1.0380214497131233	sub-92927	ses-1		dir-AP	acq-multiband	space-ACPC			DSIStudio	autotrackgqi
CranialNerve_CNVR	dki_mkt	DIPYDKI	/scratch/grmpy/SLURM_11202541_35/job-11202541-35-sub-92927/ds/inputs/data/qsiprep/qsiprep/sub-92927/ses-1/dwi/sub-92927_ses-1_acq-multiband_dir-AP_space-ACPC_desc-preproc_dwi.nii.gz	0.0	0.9792099430960258	0.2582377757896585	1.0271991879067504	0.9792099430960258	1.0271991879067504	0.2582377757896585	1.0316286106179873	1.0316286106179873	sub-92927	ses-1		dir-AP	acq-multiband	space-ACPC			DSIStudio	autotrackgqi
CranialNerve_CNVR	dki_planarity	DIPYDKI	/scratch/grmpy/SLURM_11202541_35/job-11202541-35-sub-92927/ds/inputs/data/qsiprep/qsiprep/sub-92927/ses-1/dwi/sub-92927_ses-1_acq-multiband_dir-AP_space-ACPC_desc-preproc_dwi.nii.gz	0.006006006006006	0.1585867255926132	0.0974029898643493	0.1400185078382492	0.1595449596643448	0.140810027718544	0.0969112291932106	0.170656681060791	0.1707196980714798	sub-92927	ses-1		dir-AP	acq-multiband	space-ACPC			DSIStudio	autotrackgqi
CranialNerve_CNVR	dki_rd	DIPYDKI	/scratch/grmpy/SLURM_11202541_35/job-11202541-35-sub-92927/ds/inputs/data/qsiprep/qsiprep/sub-92927/ses-1/dwi/sub-92927_ses-1_acq-multiband_dir-AP_space-ACPC_desc-preproc_dwi.nii.gz	0.0	0.0010780459269881	0.0009078526636585	0.0007413037819787	0.0010780459269881	0.0007413037819787	0.0009078526636585	0.0009965855861082	0.0009965855861082	sub-92927	ses-1		dir-AP	acq-multiband	space-ACPC			DSIStudio	autotrackgqi
CranialNerve_CNVR	dki_rk	DIPYDKI	/scratch/grmpy/SLURM_11202541_35/job-11202541-35-sub-92927/ds/inputs/data/qsiprep/qsiprep/sub-92927/ses-1/dwi/sub-92927_ses-1_acq-multiband_dir-AP_space-ACPC_desc-preproc_dwi.nii.gz	0.006006006006006	1.1445929020402488	0.5166929396920642	1.109409770794315	1.1515088712368666	1.1138925329028593	0.5105104459832146	1.2877551601481485	1.2882307633218215	sub-92927	ses-1		dir-AP	acq-multiband	space-ACPC			DSIStudio	autotrackgqi
CranialNerve_CNVR	dki_sphericity	DIPYDKI	/scratch/grmpy/SLURM_11202541_35/job-11202541-35-sub-92927/ds/inputs/data/qsiprep/qsiprep/sub-92927/ses-1/dwi/sub-92927_ses-1_acq-multiband_dir-AP_space-ACPC_desc-preproc_dwi.nii.gz	0.0	0.676173985004425	0.1579144746065139	0.7044268846511841	0.676173985004425	0.7044268846511841	0.1579144746065139	0.6238521933555603	0.6238521933555603	sub-92927	ses-1		dir-AP	acq-multiband	space-ACPC			DSIStudio	autotrackgqi
CranialNerve_CNVIIIR	dki_ad	DIPYDKI	/scratch/grmpy/SLURM_11202541_35/job-11202541-35-sub-92927/ds/inputs/data/qsiprep/qsiprep/sub-92927/ses-1/dwi/sub-92927_ses-1_acq-multiband_dir-AP_space-ACPC_desc-preproc_dwi.nii.gz	0.0	0.0014416599879041	0.0007604553247801	0.0012070194352418	0.0014416599879041	0.0012070194352418	0.0007604553247801	0.0016300107818096	0.0016300107818096	sub-92927	ses-1		dir-AP	acq-multiband	space-ACPC			DSIStudio	autotrackgqi
CranialNerve_CNVIIIR	dki_ak	DIPYDKI	/scratch/grmpy/SLURM_11202541_35/job-11202541-35-sub-92927/ds/inputs/data/qsiprep/qsiprep/sub-92927/ses-1/dwi/sub-92927_ses-1_acq-multiband_dir-AP_space-ACPC_desc-preproc_dwi.nii.gz	0.0	0.9048266314419302	0.1809193503079986	0.9195489620388984	0.9048266314419302	0.9195489620388984	0.1809193503079986	0.8466575262380607	0.8466575262380607	sub-92927	ses-1		dir-AP	acq-multiband	space-ACPC			DSIStudio	autotrackgqi
CranialNerve_CNVIIIR	dki_fa	DIPYDKI	/scratch/grmpy/SLURM_11202541_35/job-11202541-35-sub-92927/ds/inputs/data/qsiprep/qsiprep/sub-92927/ses-1/dwi/sub-92927_ses-1_acq-multiband_dir-AP_space-ACPC_desc-preproc_dwi.nii.gz	0.0	0.2956307530403137	0.1566901355981826	0.2560157775878906	0.2956307530403137	0.2560157775878906	0.1566901355981826	0.3853396773338318	0.3853396773338318	sub-92927	ses-1		dir-AP	acq-multiband	space-ACPC			DSIStudio	autotrackgqi
CranialNerve_CNVIIIR	dki_kfa	DIPYDKI	/scratch/grmpy/SLURM_11202541_35/job-11202541-35-sub-92927/ds/inputs/data/qsiprep/qsiprep/sub-92927/ses-1/dwi/sub-92927_ses-1_acq-multiband_dir-AP_space-ACPC_desc-preproc_dwi.nii.gz	0.000515995872033	0.416079044342041	0.1633149981498718	0.4117984175682068	0.4162938594818115	0.4118484854698181	0.1630832254886627	0.4480239450931549	0.4480456709861755	sub-92927	ses-1		dir-AP	acq-multiband	space-ACPC			DSIStudio	autotrackgqi
CranialNerve_CNVIIIR	dki_linearity	DIPYDKI	/scratch/grmpy/SLURM_11202541_35/job-11202541-35-sub-92927/ds/inputs/data/qsiprep/qsiprep/sub-92927/ses-1/dwi/sub-92927_ses-1_acq-multiband_dir-AP_space-ACPC_desc-preproc_dwi.nii.gz	0.0	0.1291578710079193	0.1055898442864418	0.0961079746484756	0.1291578710079193	0.0961079746484756	0.1055898442864418	0.19187793135643	0.19187793135643	sub-92927	ses-1		dir-AP	acq-multiband	space-ACPC			DSIStudio	autotrackgqi
CranialNerve_CNVIIIR	dki_md	DIPYDKI	/scratch/grmpy/SLURM_11202541_35/job-11202541-35-sub-92927/ds/inputs/data/qsiprep/qsiprep/sub-92927/ses-1/dwi/sub-92927_ses-1_acq-multiband_dir-AP_space-ACPC_desc-preproc_dwi.nii.gz	0.0	0.0011004774132743	0.0006256562774069	0.000899085542187	0.0011004774132743	0.000899085542187	0.0006256562774069	0.0011485186405479	0.0011485186405479	sub-92927	ses-1		dir-AP	acq-multiband	space-ACPC			DSIStudio	autotrackgqi
CranialNerve_CNVIIIR	dki_mk	DIPYDKI	/scratch/grmpy/SLURM_11202541_35/job-11202541-35-sub-92927/ds/inputs/data/qsiprep/qsiprep/sub-92927/ses-1/dwi/sub-92927_ses-1_acq-multiband_dir-AP_space-ACPC_desc-preproc_dwi.nii.gz	0.0	0.99971729998277	0.2198113815042702	1.012905264480707	0.99971729998277	1.012905264480707	0.2198113815042702	1.038031116496557	1.038031116496557	sub-92927	ses-1		dir-AP	acq-multiband	space-ACPC			DSIStudio	autotrackgqi
CranialNerve_CNVIIIR	dki_mkt	DIPYDKI	/scratch/grmpy/SLURM_11202541_35/job-11202541-35-sub-92927/ds/inputs/data/qsiprep/qsiprep/sub-92927/ses-1/dwi/sub-92927_ses-1_acq-multiband_dir-AP_space-ACPC_desc-preproc_dwi.nii.gz	0.0	1.0076709656463405	0.1836215043118558	1.020882587962623	1.0076709656463405	1.020882587962623	0.1836215043118558	1.028124164851711	1.028124164851711	sub-92927	ses-1		dir-AP	acq-multiband	space-ACPC			DSIStudio	autotrackgqi
CranialNerve_CNVIIIR	dki_planarity	DIPYDKI	/scratch/grmpy/SLURM_11202541_35/job-11202541-35-sub-92927/ds/inputs/data/qsiprep/qsiprep/sub-92927/ses-1/dwi/sub-92927_ses-1_acq-multiband_dir-AP_space-ACPC_desc-preproc_dwi.nii.gz	0.0	0.147935688495636	0.0955852195620536	0.1277614831924438	0.147935688495636	0.1277614831924438	0.0955852195620536	0.1593553721904754	0.1593553721904754	sub-92927	ses-1		dir-AP	acq-multiband	space-ACPC			DSIStudio	autotrackgqi
CranialNerve_CNVIIIR	dki_rd	DIPYDKI	/scratch/grmpy/SLURM_11202541_35/job-11202541-35-sub-92927/ds/inputs/data/qsiprep/qsiprep/sub-92927/ses-1/dwi/sub-92927_ses-1_acq-multiband_dir-AP_space-ACPC_desc-preproc_dwi.nii.gz	0.0	0.0009298860677517	0.0005842121900059	0.0007458190666511	0.0009298860677517	0.0007458190666511	0.0005842121900059	0.0009077726863324	0.0009077726863324	sub-92927	ses-1		dir-AP	acq-multiband	space-ACPC			DSIStudio	autotrackgqi
CranialNerve_CNVIIIR	dki_rk	DIPYDKI	/scratch/grmpy/SLURM_11202541_35/job-11202541-35-sub-92927/ds/inputs/data/qsiprep/qsiprep/sub-92927/ses-1/dwi/sub-92927_ses-1_acq-multiband_dir-AP_space-ACPC_desc-preproc_dwi.nii.gz	0.0	1.1202989644558623	0.4192555219636056	1.070191963367031	1.1202989644558623	1.070191963367031	0.4192555219636056	1.2810028540638632	1.2810028540638632	sub-92927	ses-1		dir-AP	acq-multiband	space-ACPC			DSIStudio	autotrackgqi
CranialNerve_CNVIIIR	dki_sphericity	DIPYDKI	/scratch/grmpy/SLURM_11202541_35/job-11202541-35-sub-92927/ds/inputs/data/qsiprep/qsiprep/sub-92927/ses-1/dwi/sub-92927_ses-1_acq-multiband_dir-AP_space-ACPC_desc-preproc_dwi.nii.gz	0.0	0.7229064106941223	0.1480582952499389	0.7609118223190308	0.7229064106941223	0.7609118223190308	0.1480582952499389	0.6487666964530945	0.6487666964530945	sub-92927	ses-1		dir-AP	acq-multiband	space-ACPC			DSIStudio	autotrackgqi
CranialNerve_CNIIIL	dki_ad	DIPYDKI	/scratch/grmpy/SLURM_11202541_35/job-11202541-35-sub-92927/ds/inputs/data/qsiprep/qsiprep/sub-92927/ses-1/dwi/sub-92927_ses-1_acq-multiband_dir-AP_space-ACPC_desc-preproc_dwi.nii.gz	0.0	0.0022939522750675	0.0016827589133754	0.0015627043321728	0.0022939522750675	0.0015627043321728	0.0016827589133754	0.0020604003220796	0.0020604003220796	sub-92927	ses-1		dir-AP	acq-multiband	space-ACPC			DSIStudio	autotrackgqi
CranialNerve_CNIIIL	dki_ak	DIPYDKI	/scratch/grmpy/SLURM_11202541_35/job-11202541-35-sub-92927/ds/inputs/data/qsiprep/qsiprep/sub-92927/ses-1/dwi/sub-92927_ses-1_acq-multiband_dir-AP_space-ACPC_desc-preproc_dwi.nii.gz	0.0	0.7388641535984541	0.2091134000841193	0.7318647171778525	0.7388641535984541	0.7318647171778525	0.2091134000841193	0.7730253165275127	0.7730253165275127	sub-92927	ses-1		dir-AP	acq-multiband	space-ACPC			DSIStudio	autotrackgqi
CranialNerve_CNIIIL	dki_fa	DIPYDKI	/scratch/grmpy/SLURM_11202541_35/job-11202541-35-sub-92927/ds/inputs/data/qsiprep/qsiprep/sub-92927/ses-1/dwi/sub-92927_ses-1_acq-multiband_dir-AP_space-ACPC_desc-preproc_dwi.nii.gz	0.0	0.341569721698761	0.1478417515754699	0.3228501081466675	0.341569721698761	0.3228501081466675	0.1478417515754699	0.3786517977714538	0.3786517977714538	sub-92927	ses-1		dir-AP	acq-multiband	space-ACPC			DSIStudio	autotrackgqi
CranialNerve_CNIIIL	dki_kfa	DIPYDKI	/scratch/grmpy/SLURM_11202541_35/job-11202541-35-sub-92927/ds/inputs/data/qsiprep/qsiprep/sub-92927/ses-1/dwi/sub-92927_ses-1_acq-multiband_dir-AP_space-ACPC_desc-preproc_dwi.nii.gz	0.0	0.4597983658313751	0.1935980170965194	0.459235817193985	0.4597983658313751	0.459235817193985	0.1935980170965194	0.5055309534072876	0.5055309534072876	sub-92927	ses-1		dir-AP	acq-multiband	space-ACPC			DSIStudio	autotrackgqi
CranialNerve_CNIIIL	dki_linearity	DIPYDKI	/scratch/grmpy/SLURM_11202541_35/job-11202541-35-sub-92927/ds/inputs/data/qsiprep/qsiprep/sub-92927/ses-1/dwi/sub-92927_ses-1_acq-multiband_dir-AP_space-ACPC_desc-preproc_dwi.nii.gz	0.0	0.1524171531200409	0.1077525615692138	0.1286017894744873	0.1524171531200409	0.1286017894744873	0.1077525615692138	0.1690515726804733	0.1690515726804733	sub-92927	ses-1		dir-AP	acq-multiband	space-ACPC			DSIStudio	autotrackgqi
CranialNerve_CNIIIL	dki_md	DIPYDKI	/scratch/grmpy/SLURM_11202541_35/job-11202541-35-sub-92927/ds/inputs/data/qsiprep/qsiprep/sub-92927/ses-1/dwi/sub-92927_ses-1_acq-multiband_dir-AP_space-ACPC_desc-preproc_dwi.nii.gz	0.0	0.001731529016979	0.0014219369040802	0.0010409136302769	0.001731529016979	0.0010409136302769	0.0014219369040802	0.0014798619085922	0.0014798619085922	sub-92927	ses-1		dir-AP	acq-multiband	space-ACPC			DSIStudio	autotrackgqi
CranialNerve_CNIIIL	dki_mk	DIPYDKI	/scratch/grmpy/SLURM_11202541_35/job-11202541-35-sub-92927/ds/inputs/data/qsiprep/qsiprep/sub-92927/ses-1/dwi/sub-92927_ses-1_acq-multiband_dir-AP_space-ACPC_desc-preproc_dwi.nii.gz	0.0	0.8076656441340736	0.2593110061386947	0.8371592314757512	0.8076656441340736	0.8371592314757512	0.2593110061386947	0.7823431682511869	0.7823431682511869	sub-92927	ses-1		dir-AP	acq-multiband	space-ACPC			DSIStudio	autotrackgqi
CranialNerve_CNIIIL	dki_mkt	DIPYDKI	/scratch/grmpy/SLURM_11202541_35/job-11202541-35-sub-92927/ds/inputs/data/qsiprep/qsiprep/sub-92927/ses-1/dwi/sub-92927_ses-1_acq-multiband_dir-AP_space-ACPC_desc-preproc_dwi.nii.gz	0.0	0.8284171865204888	0.2279439503757807	0.8543893541470062	0.8284171865204888	0.8543893541470062	0.2279439503757807	0.842271068459149	0.842271068459149	sub-92927	ses-1		dir-AP	acq-multiband	space-ACPC			DSIStudio	autotrackgqi
CranialNerve_CNIIIL	dki_planarity	DIPYDKI	/scratch/grmpy/SLURM_11202541_35/job-11202541-35-sub-92927/ds/inputs/data/qsiprep/qsiprep/sub-92927/ses-1/dwi/sub-92927_ses-1_acq-multiband_dir-AP_space-ACPC_desc-preproc_dwi.nii.gz	0.0	0.1643752157688141	0.104944534599781	0.1400540173053741	0.1643752157688141	0.1400540173053741	0.104944534599781	0.1865175664424896	0.1865175664424896	sub-92927	ses-1		dir-AP	acq-multiband	space-ACPC			DSIStudio	autotrackgqi
CranialNerve_CNIIIL	dki_rd	DIPYDKI	/scratch/grmpy/SLURM_11202541_35/job-11202541-35-sub-92927/ds/inputs/data/qsiprep/qsiprep/sub-92927/ses-1/dwi/sub-92927_ses-1_acq-multiband_dir-AP_space-ACPC_desc-preproc_dwi.nii.gz	0.0	0.0014503172133117	0.0013135366607457	0.0008465556893497	0.0014503172133117	0.0008465556893497	0.0013135366607457	0.0011895925272256	0.0011895925272256	sub-92927	ses-1		dir-AP	acq-multiband	space-ACPC			DSIStudio	autotrackgqi
CranialNerve_CNIIIL	dki_rk	DIPYDKI	/scratch/grmpy/SLURM_11202541_35/job-11202541-35-sub-92927/ds/inputs/data/qsiprep/qsiprep/sub-92927/ses-1/dwi/sub-92927_ses-1_acq-multiband_dir-AP_space-ACPC_desc-preproc_dwi.nii.gz	0.0	0.8885861337677732	0.4355741529282207	0.8652844679600865	0.8885861337677732	0.8652844679600865	0.4355741529282207	0.8675125928075165	0.8675125928075165	sub-92927	ses-1		dir-AP	acq-multiband	space-ACPC			DSIStudio	autotrackgqi
CranialNerve_CNIIIL	dki_sphericity	DIPYDKI	/scratch/grmpy/SLURM_11202541_35/job-11202541-35-sub-92927/ds/inputs/data/qsiprep/qsiprep/sub-92927/ses-1/dwi/sub-92927_ses-1_acq-multiband_dir-AP_space-ACPC_desc-preproc_dwi.nii.gz	0.0	0.6832075715065002	0.137161910533905	0.713995099067688	0.6832075715065002	0.713995099067688	0.137161910533905	0.6444308757781982	0.6444308757781982	sub-92927	ses-1		dir-AP	acq-multiband	space-ACPC			DSIStudio	autotrackgqi
