bundle	variable_name	qsirecon_suffix	source_file	zero_proportion	mean	stdev	median	masked_mean	masked_median	masked_stdev	weighted_mean	masked_weighted_mean	subject_id	session_id	task_id	dir_id	acq_id	space_id	rec_id	run_id	bundle_source	bundle_params_id
Association_CingulumR	directions	NODDI	/scratch/grmpy/SLURM_11194840_56/job-11194840-56-sub-129405/ds/inputs/data/qsiprep/qsiprep/sub-129405/ses-1/dwi/sub-129405_ses-1_acq-multiband_dir-AP_space-ACPC_desc-preproc_dwi.nii.gz	3.0	-0.04063169	0.57583463	-0.058159452	-0.0406435	-0.0584998	0.5759179	0.06463051		sub-129405	ses-1		dir-AP	acq-multiband	space-ACPC			DSIStudio	autotrackgqi
Association_CingulumR	icvf	NODDI	/scratch/grmpy/SLURM_11194840_56/job-11194840-56-sub-129405/ds/inputs/data/qsiprep/qsiprep/sub-129405/ses-1/dwi/sub-129405_ses-1_acq-multiband_dir-AP_space-ACPC_desc-preproc_dwi.nii.gz	0.000774968516904	0.457319	0.12756063	0.42363638	0.45767367	0.42363638	0.12697245	0.48164147	0.4816789031028747	sub-129405	ses-1		dir-AP	acq-multiband	space-ACPC			DSIStudio	autotrackgqi
Association_CingulumR	isovf	NODDI	/scratch/grmpy/SLURM_11194840_56/job-11194840-56-sub-129405/ds/inputs/data/qsiprep/qsiprep/sub-129405/ses-1/dwi/sub-129405_ses-1_acq-multiband_dir-AP_space-ACPC_desc-preproc_dwi.nii.gz	0.5818076140656786	0.07267018	0.15732846	0.0	0.17377213	0.09352648	0.20400967	0.04919613	0.090759053826332	sub-129405	ses-1		dir-AP	acq-multiband	space-ACPC			DSIStudio	autotrackgqi
Association_CingulumR	modulated_icvf	NODDI	/scratch/grmpy/SLURM_11194840_56/job-11194840-56-sub-129405/ds/inputs/data/qsiprep/qsiprep/sub-129405/ses-1/dwi/sub-129405_ses-1_acq-multiband_dir-AP_space-ACPC_desc-preproc_dwi.nii.gz	0.000774968516904	0.41000375	0.08168261	0.4105059	0.41032174	0.41057745	0.080911964	0.45310882	0.4531439840793609	sub-129405	ses-1		dir-AP	acq-multiband	space-ACPC			DSIStudio	autotrackgqi
Association_CingulumR	modulated_od	NODDI	/scratch/grmpy/SLURM_11194840_56/job-11194840-56-sub-129405/ds/inputs/data/qsiprep/qsiprep/sub-129405/ses-1/dwi/sub-129405_ses-1_acq-multiband_dir-AP_space-ACPC_desc-preproc_dwi.nii.gz	0.000290613193839	0.3620393	0.18978523	0.3614891	0.36214453	0.3615101	0.18971238	0.2457611	0.2457648515701294	sub-129405	ses-1		dir-AP	acq-multiband	space-ACPC			DSIStudio	autotrackgqi
Association_CingulumR	nrmse	NODDI	/scratch/grmpy/SLURM_11194840_56/job-11194840-56-sub-129405/ds/inputs/data/qsiprep/qsiprep/sub-129405/ses-1/dwi/sub-129405_ses-1_acq-multiband_dir-AP_space-ACPC_desc-preproc_dwi.nii.gz	0.000290613193839	0.08938636	0.027173262	0.08525741	0.08941235	0.08525972	0.027134433	0.095992915	0.0959943905472755	sub-129405	ses-1		dir-AP	acq-multiband	space-ACPC			DSIStudio	autotrackgqi
Association_CingulumR	od	NODDI	/scratch/grmpy/SLURM_11194840_56/job-11194840-56-sub-129405/ds/inputs/data/qsiprep/qsiprep/sub-129405/ses-1/dwi/sub-129405_ses-1_acq-multiband_dir-AP_space-ACPC_desc-preproc_dwi.nii.gz	0.000290613193839	0.39188328	0.19356456	0.39771158	0.3919972	0.39775538	0.19347732	0.2578432	0.2578471601009369	sub-129405	ses-1		dir-AP	acq-multiband	space-ACPC			DSIStudio	autotrackgqi
Association_CingulumR	rmse	NODDI	/scratch/grmpy/SLURM_11194840_56/job-11194840-56-sub-129405/ds/inputs/data/qsiprep/qsiprep/sub-129405/ses-1/dwi/sub-129405_ses-1_acq-multiband_dir-AP_space-ACPC_desc-preproc_dwi.nii.gz	0.000290613193839	0.04430886	0.0150158815	0.04221494	0.044321742	0.04221627	0.014999045	0.04940414	0.0494049005210399	sub-129405	ses-1		dir-AP	acq-multiband	space-ACPC			DSIStudio	autotrackgqi
Association_CingulumR	tf	NODDI	/scratch/grmpy/SLURM_11194840_56/job-11194840-56-sub-129405/ds/inputs/data/qsiprep/qsiprep/sub-129405/ses-1/dwi/sub-129405_ses-1_acq-multiband_dir-AP_space-ACPC_desc-preproc_dwi.nii.gz	0.000774968516904	0.92703927	0.15811557	1.0	0.9277582	1.0	0.15605408	0.95078856	0.9508624076843262	sub-129405	ses-1		dir-AP	acq-multiband	space-ACPC			DSIStudio	autotrackgqi
Association_InferiorLongitudinalFasciculusL	directions	NODDI	/scratch/grmpy/SLURM_11194840_56/job-11194840-56-sub-129405/ds/inputs/data/qsiprep/qsiprep/sub-129405/ses-1/dwi/sub-129405_ses-1_acq-multiband_dir-AP_space-ACPC_desc-preproc_dwi.nii.gz	72.0	-0.037954714	0.57448035	-0.06585176	-0.038168274	-0.07085295	0.57608724	-0.06843672		sub-129405	ses-1		dir-AP	acq-multiband	space-ACPC			DSIStudio	autotrackgqi
Association_InferiorLongitudinalFasciculusL	icvf	NODDI	/scratch/grmpy/SLURM_11194840_56/job-11194840-56-sub-129405/ds/inputs/data/qsiprep/qsiprep/sub-129405/ses-1/dwi/sub-129405_ses-1_acq-multiband_dir-AP_space-ACPC_desc-preproc_dwi.nii.gz	0.0056729872552067	0.45895955	0.097147785	0.44666597	0.46157807	0.4472786	0.091010354	0.48965394	0.4897852838039398	sub-129405	ses-1		dir-AP	acq-multiband	space-ACPC			DSIStudio	autotrackgqi
Association_InferiorLongitudinalFasciculusL	isovf	NODDI	/scratch/grmpy/SLURM_11194840_56/job-11194840-56-sub-129405/ds/inputs/data/qsiprep/qsiprep/sub-129405/ses-1/dwi/sub-129405_ses-1_acq-multiband_dir-AP_space-ACPC_desc-preproc_dwi.nii.gz	0.550512900217594	0.04389954	0.09578022	0.0	0.097665854	0.06655592	0.123119704	0.043211214	0.0656293779611587	sub-129405	ses-1		dir-AP	acq-multiband	space-ACPC			DSIStudio	autotrackgqi
Association_InferiorLongitudinalFasciculusL	modulated_icvf	NODDI	/scratch/grmpy/SLURM_11194840_56/job-11194840-56-sub-129405/ds/inputs/data/qsiprep/qsiprep/sub-129405/ses-1/dwi/sub-129405_ses-1_acq-multiband_dir-AP_space-ACPC_desc-preproc_dwi.nii.gz	0.0056729872552067	0.4347563	0.08338112	0.4331205	0.43723676	0.4337668	0.07686051	0.4667906	0.4669157862663269	sub-129405	ses-1		dir-AP	acq-multiband	space-ACPC			DSIStudio	autotrackgqi
Association_InferiorLongitudinalFasciculusL	modulated_od	NODDI	/scratch/grmpy/SLURM_11194840_56/job-11194840-56-sub-129405/ds/inputs/data/qsiprep/qsiprep/sub-129405/ses-1/dwi/sub-129405_ses-1_acq-multiband_dir-AP_space-ACPC_desc-preproc_dwi.nii.gz	0.0055952751010258	0.3066054	0.19625622	0.2825555	0.3083306	0.28412795	0.19545151	0.20415166	0.2042054533958435	sub-129405	ses-1		dir-AP	acq-multiband	space-ACPC			DSIStudio	autotrackgqi
Association_InferiorLongitudinalFasciculusL	nrmse	NODDI	/scratch/grmpy/SLURM_11194840_56/job-11194840-56-sub-129405/ds/inputs/data/qsiprep/qsiprep/sub-129405/ses-1/dwi/sub-129405_ses-1_acq-multiband_dir-AP_space-ACPC_desc-preproc_dwi.nii.gz	0.0055952751010258	0.081974186	0.030218821	0.07785697	0.08243544	0.07802117	0.029669717	0.083873816	0.0838959068059921	sub-129405	ses-1		dir-AP	acq-multiband	space-ACPC			DSIStudio	autotrackgqi
Association_InferiorLongitudinalFasciculusL	od	NODDI	/scratch/grmpy/SLURM_11194840_56/job-11194840-56-sub-129405/ds/inputs/data/qsiprep/qsiprep/sub-129405/ses-1/dwi/sub-129405_ses-1_acq-multiband_dir-AP_space-ACPC_desc-preproc_dwi.nii.gz	0.0055952751010258	0.31917545	0.19958988	0.29535267	0.3209714	0.29682606	0.19870539	0.21149449	0.2115502208471298	sub-129405	ses-1		dir-AP	acq-multiband	space-ACPC			DSIStudio	autotrackgqi
Association_InferiorLongitudinalFasciculusL	rmse	NODDI	/scratch/grmpy/SLURM_11194840_56/job-11194840-56-sub-129405/ds/inputs/data/qsiprep/qsiprep/sub-129405/ses-1/dwi/sub-129405_ses-1_acq-multiband_dir-AP_space-ACPC_desc-preproc_dwi.nii.gz	0.0055952751010258	0.041954815	0.020327382	0.039574943	0.042190887	0.039662447	0.020138705	0.043496758	0.0435082130134105	sub-129405	ses-1		dir-AP	acq-multiband	space-ACPC			DSIStudio	autotrackgqi
Association_InferiorLongitudinalFasciculusL	tf	NODDI	/scratch/grmpy/SLURM_11194840_56/job-11194840-56-sub-129405/ds/inputs/data/qsiprep/qsiprep/sub-129405/ses-1/dwi/sub-129405_ses-1_acq-multiband_dir-AP_space-ACPC_desc-preproc_dwi.nii.gz	0.0056729872552067	0.9505052	0.11935894	1.0	0.95592815	1.0	0.09562359	0.9565254	0.9567819237709044	sub-129405	ses-1		dir-AP	acq-multiband	space-ACPC			DSIStudio	autotrackgqi
Association_UncinateFasciculusL	directions	NODDI	/scratch/grmpy/SLURM_11194840_56/job-11194840-56-sub-129405/ds/inputs/data/qsiprep/qsiprep/sub-129405/ses-1/dwi/sub-129405_ses-1_acq-multiband_dir-AP_space-ACPC_desc-preproc_dwi.nii.gz	9.0	-0.09122924	0.5695604	-0.11881641	-0.091396905	-0.1202864	0.5700701	-0.16883181		sub-129405	ses-1		dir-AP	acq-multiband	space-ACPC			DSIStudio	autotrackgqi
Association_UncinateFasciculusL	icvf	NODDI	/scratch/grmpy/SLURM_11194840_56/job-11194840-56-sub-129405/ds/inputs/data/qsiprep/qsiprep/sub-129405/ses-1/dwi/sub-129405_ses-1_acq-multiband_dir-AP_space-ACPC_desc-preproc_dwi.nii.gz	0.0046881369751324	0.42599708	0.13056235	0.4004764	0.4280036	0.40067858	0.12754613	0.41084102	0.4110655188560486	sub-129405	ses-1		dir-AP	acq-multiband	space-ACPC			DSIStudio	autotrackgqi
Association_UncinateFasciculusL	isovf	NODDI	/scratch/grmpy/SLURM_11194840_56/job-11194840-56-sub-129405/ds/inputs/data/qsiprep/qsiprep/sub-129405/ses-1/dwi/sub-129405_ses-1_acq-multiband_dir-AP_space-ACPC_desc-preproc_dwi.nii.gz	0.6402364451691805	0.06613028	0.16468935	0.0	0.18381596	0.08448109	0.23185667	0.03297533	0.0830043777823448	sub-129405	ses-1		dir-AP	acq-multiband	space-ACPC			DSIStudio	autotrackgqi
Association_UncinateFasciculusL	modulated_icvf	NODDI	/scratch/grmpy/SLURM_11194840_56/job-11194840-56-sub-129405/ds/inputs/data/qsiprep/qsiprep/sub-129405/ses-1/dwi/sub-129405_ses-1_acq-multiband_dir-AP_space-ACPC_desc-preproc_dwi.nii.gz	0.0046881369751324	0.3838137	0.082109645	0.38774854	0.38562155	0.38813558	0.077952586	0.39376444	0.393979549407959	sub-129405	ses-1		dir-AP	acq-multiband	space-ACPC			DSIStudio	autotrackgqi
Association_UncinateFasciculusL	modulated_od	NODDI	/scratch/grmpy/SLURM_11194840_56/job-11194840-56-sub-129405/ds/inputs/data/qsiprep/qsiprep/sub-129405/ses-1/dwi/sub-129405_ses-1_acq-multiband_dir-AP_space-ACPC_desc-preproc_dwi.nii.gz	0.0020383204239706	0.32878625	0.16720757	0.31724977	0.3294578	0.3176027	0.16671602	0.24567756	0.2457058131694793	sub-129405	ses-1		dir-AP	acq-multiband	space-ACPC			DSIStudio	autotrackgqi
Association_UncinateFasciculusL	nrmse	NODDI	/scratch/grmpy/SLURM_11194840_56/job-11194840-56-sub-129405/ds/inputs/data/qsiprep/qsiprep/sub-129405/ses-1/dwi/sub-129405_ses-1_acq-multiband_dir-AP_space-ACPC_desc-preproc_dwi.nii.gz	0.0018344883815735	0.0967872	0.036158536	0.089738905	0.09696508	0.08979249	0.03595267	0.09590971	0.0959203094244003	sub-129405	ses-1		dir-AP	acq-multiband	space-ACPC			DSIStudio	autotrackgqi
Association_UncinateFasciculusL	od	NODDI	/scratch/grmpy/SLURM_11194840_56/job-11194840-56-sub-129405/ds/inputs/data/qsiprep/qsiprep/sub-129405/ses-1/dwi/sub-129405_ses-1_acq-multiband_dir-AP_space-ACPC_desc-preproc_dwi.nii.gz	0.0018344883815735	0.36082363	0.17890252	0.34846884	0.36148676	0.34890378	0.17839624	0.25589508	0.255923330783844	sub-129405	ses-1		dir-AP	acq-multiband	space-ACPC			DSIStudio	autotrackgqi
Association_UncinateFasciculusL	rmse	NODDI	/scratch/grmpy/SLURM_11194840_56/job-11194840-56-sub-129405/ds/inputs/data/qsiprep/qsiprep/sub-129405/ses-1/dwi/sub-129405_ses-1_acq-multiband_dir-AP_space-ACPC_desc-preproc_dwi.nii.gz	0.0018344883815735	0.047470137	0.021225829	0.043824278	0.04755738	0.043871533	0.021147452	0.047605515	0.0476107709109783	sub-129405	ses-1		dir-AP	acq-multiband	space-ACPC			DSIStudio	autotrackgqi
Association_UncinateFasciculusL	tf	NODDI	/scratch/grmpy/SLURM_11194840_56/job-11194840-56-sub-129405/ds/inputs/data/qsiprep/qsiprep/sub-129405/ses-1/dwi/sub-129405_ses-1_acq-multiband_dir-AP_space-ACPC_desc-preproc_dwi.nii.gz	0.0046881369751324	0.93203527	0.16944343	1.0	0.9364253	1.0	0.15727465	0.9669142	0.967442512512207	sub-129405	ses-1		dir-AP	acq-multiband	space-ACPC			DSIStudio	autotrackgqi
Association_CingulumL	directions	NODDI	/scratch/grmpy/SLURM_11194840_56/job-11194840-56-sub-129405/ds/inputs/data/qsiprep/qsiprep/sub-129405/ses-1/dwi/sub-129405_ses-1_acq-multiband_dir-AP_space-ACPC_desc-preproc_dwi.nii.gz	2.0	-0.07865268	0.57191104	-0.12526722	-0.07866798	-0.12547171	0.57196563	-0.2000555		sub-129405	ses-1		dir-AP	acq-multiband	space-ACPC			DSIStudio	autotrackgqi
Association_CingulumL	icvf	NODDI	/scratch/grmpy/SLURM_11194840_56/job-11194840-56-sub-129405/ds/inputs/data/qsiprep/qsiprep/sub-129405/ses-1/dwi/sub-129405_ses-1_acq-multiband_dir-AP_space-ACPC_desc-preproc_dwi.nii.gz	0.0005836575875486	0.45544663	0.106260516	0.42774564	0.4557126	0.42780453	0.10571983	0.48844552	0.4884620010852813	sub-129405	ses-1		dir-AP	acq-multiband	space-ACPC			DSIStudio	autotrackgqi
Association_CingulumL	isovf	NODDI	/scratch/grmpy/SLURM_11194840_56/job-11194840-56-sub-129405/ds/inputs/data/qsiprep/qsiprep/sub-129405/ses-1/dwi/sub-129405_ses-1_acq-multiband_dir-AP_space-ACPC_desc-preproc_dwi.nii.gz	0.5486381322957199	0.059633236	0.12746641	0.0	0.13211846	0.0819913	0.16254349	0.055707682	0.0914471223950386	sub-129405	ses-1		dir-AP	acq-multiband	space-ACPC			DSIStudio	autotrackgqi
Association_CingulumL	modulated_icvf	NODDI	/scratch/grmpy/SLURM_11194840_56/job-11194840-56-sub-129405/ds/inputs/data/qsiprep/qsiprep/sub-129405/ses-1/dwi/sub-129405_ses-1_acq-multiband_dir-AP_space-ACPC_desc-preproc_dwi.nii.gz	0.0005836575875486	0.41985053	0.07711316	0.41787946	0.4200957	0.4179327	0.07646508	0.4569317	0.4569471478462219	sub-129405	ses-1		dir-AP	acq-multiband	space-ACPC			DSIStudio	autotrackgqi
Association_CingulumL	modulated_od	NODDI	/scratch/grmpy/SLURM_11194840_56/job-11194840-56-sub-129405/ds/inputs/data/qsiprep/qsiprep/sub-129405/ses-1/dwi/sub-129405_ses-1_acq-multiband_dir-AP_space-ACPC_desc-preproc_dwi.nii.gz	0.0001945525291828	0.3183158	0.19565795	0.30404118	0.31837773	0.30406344	0.1956266	0.20503847	0.2050413787364959	sub-129405	ses-1		dir-AP	acq-multiband	space-ACPC			DSIStudio	autotrackgqi
Association_CingulumL	nrmse	NODDI	/scratch/grmpy/SLURM_11194840_56/job-11194840-56-sub-129405/ds/inputs/data/qsiprep/qsiprep/sub-129405/ses-1/dwi/sub-129405_ses-1_acq-multiband_dir-AP_space-ACPC_desc-preproc_dwi.nii.gz	0.0001945525291828	0.089003175	0.024338335	0.08586363	0.08902049	0.085875824	0.024309011	0.094060734	0.0940620824694633	sub-129405	ses-1		dir-AP	acq-multiband	space-ACPC			DSIStudio	autotrackgqi
Association_CingulumL	od	NODDI	/scratch/grmpy/SLURM_11194840_56/job-11194840-56-sub-129405/ds/inputs/data/qsiprep/qsiprep/sub-129405/ses-1/dwi/sub-129405_ses-1_acq-multiband_dir-AP_space-ACPC_desc-preproc_dwi.nii.gz	0.0001945525291828	0.3375227	0.19879113	0.32523412	0.33758837	0.32530737	0.1987547	0.21507621	0.2150792777538299	sub-129405	ses-1		dir-AP	acq-multiband	space-ACPC			DSIStudio	autotrackgqi
Association_CingulumL	rmse	NODDI	/scratch/grmpy/SLURM_11194840_56/job-11194840-56-sub-129405/ds/inputs/data/qsiprep/qsiprep/sub-129405/ses-1/dwi/sub-129405_ses-1_acq-multiband_dir-AP_space-ACPC_desc-preproc_dwi.nii.gz	0.0001945525291828	0.044706475	0.014120594	0.043117642	0.044715177	0.043119095	0.0141081875	0.048549954	0.048550646752119	sub-129405	ses-1		dir-AP	acq-multiband	space-ACPC			DSIStudio	autotrackgqi
Association_CingulumL	tf	NODDI	/scratch/grmpy/SLURM_11194840_56/job-11194840-56-sub-129405/ds/inputs/data/qsiprep/qsiprep/sub-129405/ses-1/dwi/sub-129405_ses-1_acq-multiband_dir-AP_space-ACPC_desc-preproc_dwi.nii.gz	0.0005836575875486	0.94017226	0.12813663	1.0	0.94072133	1.0	0.12614305	0.9442779	0.9443097710609436	sub-129405	ses-1		dir-AP	acq-multiband	space-ACPC			DSIStudio	autotrackgqi
Association_ArcuateFasciculusR	directions	NODDI	/scratch/grmpy/SLURM_11194840_56/job-11194840-56-sub-129405/ds/inputs/data/qsiprep/qsiprep/sub-129405/ses-1/dwi/sub-129405_ses-1_acq-multiband_dir-AP_space-ACPC_desc-preproc_dwi.nii.gz	7.0	-0.09920656	0.5682838	-0.12731618	-0.099369004	-0.1287182	0.56873465	-0.26598546		sub-129405	ses-1		dir-AP	acq-multiband	space-ACPC			DSIStudio	autotrackgqi
Association_ArcuateFasciculusR	icvf	NODDI	/scratch/grmpy/SLURM_11194840_56/job-11194840-56-sub-129405/ds/inputs/data/qsiprep/qsiprep/sub-129405/ses-1/dwi/sub-129405_ses-1_acq-multiband_dir-AP_space-ACPC_desc-preproc_dwi.nii.gz	0.0023353573096683	0.49543932	0.11252978	0.48014367	0.49659905	0.48068112	0.11007574	0.55799925	0.5580430030822754	sub-129405	ses-1		dir-AP	acq-multiband	space-ACPC			DSIStudio	autotrackgqi
Association_ArcuateFasciculusR	isovf	NODDI	/scratch/grmpy/SLURM_11194840_56/job-11194840-56-sub-129405/ds/inputs/data/qsiprep/qsiprep/sub-129405/ses-1/dwi/sub-129405_ses-1_acq-multiband_dir-AP_space-ACPC_desc-preproc_dwi.nii.gz	0.4444184960298926	0.054363765	0.101438284	0.01842643	0.09785021	0.06918322	0.1194382	0.063930504	0.0779923498630523	sub-129405	ses-1		dir-AP	acq-multiband	space-ACPC			DSIStudio	autotrackgqi
Association_ArcuateFasciculusR	modulated_icvf	NODDI	/scratch/grmpy/SLURM_11194840_56/job-11194840-56-sub-129405/ds/inputs/data/qsiprep/qsiprep/sub-129405/ses-1/dwi/sub-129405_ses-1_acq-multiband_dir-AP_space-ACPC_desc-preproc_dwi.nii.gz	0.0023353573096683	0.46297932	0.09220788	0.45757088	0.46406308	0.45791733	0.089550346	0.5193333	0.5193740129470825	sub-129405	ses-1		dir-AP	acq-multiband	space-ACPC			DSIStudio	autotrackgqi
Association_ArcuateFasciculusR	modulated_od	NODDI	/scratch/grmpy/SLURM_11194840_56/job-11194840-56-sub-129405/ds/inputs/data/qsiprep/qsiprep/sub-129405/ses-1/dwi/sub-129405_ses-1_acq-multiband_dir-AP_space-ACPC_desc-preproc_dwi.nii.gz	0.0018682858477347	0.28472888	0.17932682	0.26166305	0.28526184	0.26229957	0.17907059	0.17806432	0.1780764758586883	sub-129405	ses-1		dir-AP	acq-multiband	space-ACPC			DSIStudio	autotrackgqi
Association_ArcuateFasciculusR	nrmse	NODDI	/scratch/grmpy/SLURM_11194840_56/job-11194840-56-sub-129405/ds/inputs/data/qsiprep/qsiprep/sub-129405/ses-1/dwi/sub-129405_ses-1_acq-multiband_dir-AP_space-ACPC_desc-preproc_dwi.nii.gz	0.0016347501167678	0.079251185	0.023047892	0.07645459	0.07938095	0.076481715	0.022842374	0.08616555	0.086170770227909	sub-129405	ses-1		dir-AP	acq-multiband	space-ACPC			DSIStudio	autotrackgqi
Association_ArcuateFasciculusR	od	NODDI	/scratch/grmpy/SLURM_11194840_56/job-11194840-56-sub-129405/ds/inputs/data/qsiprep/qsiprep/sub-129405/ses-1/dwi/sub-129405_ses-1_acq-multiband_dir-AP_space-ACPC_desc-preproc_dwi.nii.gz	0.0016347501167678	0.3018503	0.18495062	0.28122568	0.30234456	0.28132918	0.1846979	0.19073525	0.1907468289136886	sub-129405	ses-1		dir-AP	acq-multiband	space-ACPC			DSIStudio	autotrackgqi
Association_ArcuateFasciculusR	rmse	NODDI	/scratch/grmpy/SLURM_11194840_56/job-11194840-56-sub-129405/ds/inputs/data/qsiprep/qsiprep/sub-129405/ses-1/dwi/sub-129405_ses-1_acq-multiband_dir-AP_space-ACPC_desc-preproc_dwi.nii.gz	0.0016347501167678	0.04090385	0.012606662	0.039063923	0.04097083	0.039070256	0.012507759	0.045811784	0.0458145625889301	sub-129405	ses-1		dir-AP	acq-multiband	space-ACPC			DSIStudio	autotrackgqi
Association_ArcuateFasciculusR	tf	NODDI	/scratch/grmpy/SLURM_11194840_56/job-11194840-56-sub-129405/ds/inputs/data/qsiprep/qsiprep/sub-129405/ses-1/dwi/sub-129405_ses-1_acq-multiband_dir-AP_space-ACPC_desc-preproc_dwi.nii.gz	0.0023353573096683	0.9440015	0.10837002	0.980826	0.9462112	0.98143744	0.09839039	0.9360088	0.9360821843147278	sub-129405	ses-1		dir-AP	acq-multiband	space-ACPC			DSIStudio	autotrackgqi
Association_HippocampusAlveusL	directions	NODDI	/scratch/grmpy/SLURM_11194840_56/job-11194840-56-sub-129405/ds/inputs/data/qsiprep/qsiprep/sub-129405/ses-1/dwi/sub-129405_ses-1_acq-multiband_dir-AP_space-ACPC_desc-preproc_dwi.nii.gz	0.0	-0.08330959	0.571308	-0.14722313	-0.08330959	-0.14722313	0.571308	-0.27934384		sub-129405	ses-1		dir-AP	acq-multiband	space-ACPC			DSIStudio	autotrackgqi
Association_HippocampusAlveusL	icvf	NODDI	/scratch/grmpy/SLURM_11194840_56/job-11194840-56-sub-129405/ds/inputs/data/qsiprep/qsiprep/sub-129405/ses-1/dwi/sub-129405_ses-1_acq-multiband_dir-AP_space-ACPC_desc-preproc_dwi.nii.gz	0.0011538461538461	0.43851158	0.11981261	0.41155946	0.43901816	0.41159284	0.11895064	0.43737718	0.4376035332679748	sub-129405	ses-1		dir-AP	acq-multiband	space-ACPC			DSIStudio	autotrackgqi
Association_HippocampusAlveusL	isovf	NODDI	/scratch/grmpy/SLURM_11194840_56/job-11194840-56-sub-129405/ds/inputs/data/qsiprep/qsiprep/sub-129405/ses-1/dwi/sub-129405_ses-1_acq-multiband_dir-AP_space-ACPC_desc-preproc_dwi.nii.gz	0.5523076923076923	0.11125765	0.20258293	0.0	0.24851365	0.15168619	0.23991613	0.13616383	0.2386480420827865	sub-129405	ses-1		dir-AP	acq-multiband	space-ACPC			DSIStudio	autotrackgqi
Association_HippocampusAlveusL	modulated_icvf	NODDI	/scratch/grmpy/SLURM_11194840_56/job-11194840-56-sub-129405/ds/inputs/data/qsiprep/qsiprep/sub-129405/ses-1/dwi/sub-129405_ses-1_acq-multiband_dir-AP_space-ACPC_desc-preproc_dwi.nii.gz	0.0011538461538461	0.373645	0.08383151	0.38642296	0.37407663	0.38644713	0.08291188	0.36324194	0.3634299039840698	sub-129405	ses-1		dir-AP	acq-multiband	space-ACPC			DSIStudio	autotrackgqi
Association_HippocampusAlveusL	modulated_od	NODDI	/scratch/grmpy/SLURM_11194840_56/job-11194840-56-sub-129405/ds/inputs/data/qsiprep/qsiprep/sub-129405/ses-1/dwi/sub-129405_ses-1_acq-multiband_dir-AP_space-ACPC_desc-preproc_dwi.nii.gz	0.0	0.30433828	0.19977523	0.28967908	0.30433828	0.28967908	0.19977523	0.22115733	0.2211573272943496	sub-129405	ses-1		dir-AP	acq-multiband	space-ACPC			DSIStudio	autotrackgqi
Association_HippocampusAlveusL	nrmse	NODDI	/scratch/grmpy/SLURM_11194840_56/job-11194840-56-sub-129405/ds/inputs/data/qsiprep/qsiprep/sub-129405/ses-1/dwi/sub-129405_ses-1_acq-multiband_dir-AP_space-ACPC_desc-preproc_dwi.nii.gz	0.0	0.089601554	0.022262333	0.0861448	0.089601554	0.0861448	0.022262333	0.08984979	0.0898497924208641	sub-129405	ses-1		dir-AP	acq-multiband	space-ACPC			DSIStudio	autotrackgqi
Association_HippocampusAlveusL	od	NODDI	/scratch/grmpy/SLURM_11194840_56/job-11194840-56-sub-129405/ds/inputs/data/qsiprep/qsiprep/sub-129405/ses-1/dwi/sub-129405_ses-1_acq-multiband_dir-AP_space-ACPC_desc-preproc_dwi.nii.gz	0.0	0.33732587	0.19543478	0.33639693	0.33732587	0.33639693	0.19543478	0.25040716	0.2504071593284607	sub-129405	ses-1		dir-AP	acq-multiband	space-ACPC			DSIStudio	autotrackgqi
Association_HippocampusAlveusL	rmse	NODDI	/scratch/grmpy/SLURM_11194840_56/job-11194840-56-sub-129405/ds/inputs/data/qsiprep/qsiprep/sub-129405/ses-1/dwi/sub-129405_ses-1_acq-multiband_dir-AP_space-ACPC_desc-preproc_dwi.nii.gz	0.0	0.04317814	0.010917047	0.04180337	0.04317814	0.04180337	0.010917047	0.042873513	0.0428735129535198	sub-129405	ses-1		dir-AP	acq-multiband	space-ACPC			DSIStudio	autotrackgqi
Association_HippocampusAlveusL	tf	NODDI	/scratch/grmpy/SLURM_11194840_56/job-11194840-56-sub-129405/ds/inputs/data/qsiprep/qsiprep/sub-129405/ses-1/dwi/sub-129405_ses-1_acq-multiband_dir-AP_space-ACPC_desc-preproc_dwi.nii.gz	0.0011538461538461	0.8887424	0.20258293	1.0	0.8897691	1.0	0.20043392	0.86383617	0.8642832040786743	sub-129405	ses-1		dir-AP	acq-multiband	space-ACPC			DSIStudio	autotrackgqi
Association_ParietalAslantTractR	directions	NODDI	/scratch/grmpy/SLURM_11194840_56/job-11194840-56-sub-129405/ds/inputs/data/qsiprep/qsiprep/sub-129405/ses-1/dwi/sub-129405_ses-1_acq-multiband_dir-AP_space-ACPC_desc-preproc_dwi.nii.gz	17.0	-0.114552744	0.56497836	-0.1449038	-0.11490105	-0.14832188	0.56580126	-0.32756191		sub-129405	ses-1		dir-AP	acq-multiband	space-ACPC			DSIStudio	autotrackgqi
Association_ParietalAslantTractR	icvf	NODDI	/scratch/grmpy/SLURM_11194840_56/job-11194840-56-sub-129405/ds/inputs/data/qsiprep/qsiprep/sub-129405/ses-1/dwi/sub-129405_ses-1_acq-multiband_dir-AP_space-ACPC_desc-preproc_dwi.nii.gz	0.0030313837375178	0.44553834	0.07429463	0.42363638	0.44689307	0.42363638	0.07022156	0.4975481	0.4976042807102203	sub-129405	ses-1		dir-AP	acq-multiband	space-ACPC			DSIStudio	autotrackgqi
Association_ParietalAslantTractR	isovf	NODDI	/scratch/grmpy/SLURM_11194840_56/job-11194840-56-sub-129405/ds/inputs/data/qsiprep/qsiprep/sub-129405/ses-1/dwi/sub-129405_ses-1_acq-multiband_dir-AP_space-ACPC_desc-preproc_dwi.nii.gz	0.6849144079885877	0.023109837	0.05808274	0.0	0.07334463	0.05414766	0.08380033	0.03530166	0.058174405246973	sub-129405	ses-1		dir-AP	acq-multiband	space-ACPC			DSIStudio	autotrackgqi
Association_ParietalAslantTractR	modulated_icvf	NODDI	/scratch/grmpy/SLURM_11194840_56/job-11194840-56-sub-129405/ds/inputs/data/qsiprep/qsiprep/sub-129405/ses-1/dwi/sub-129405_ses-1_acq-multiband_dir-AP_space-ACPC_desc-preproc_dwi.nii.gz	0.0030313837375178	0.43358216	0.06533223	0.42363638	0.43490052	0.42363638	0.060892746	0.47829092	0.4783449172973633	sub-129405	ses-1		dir-AP	acq-multiband	space-ACPC			DSIStudio	autotrackgqi
Association_ParietalAslantTractR	modulated_od	NODDI	/scratch/grmpy/SLURM_11194840_56/job-11194840-56-sub-129405/ds/inputs/data/qsiprep/qsiprep/sub-129405/ses-1/dwi/sub-129405_ses-1_acq-multiband_dir-AP_space-ACPC_desc-preproc_dwi.nii.gz	0.0030313837375178	0.35952175	0.18579088	0.35522163	0.3606149	0.35586348	0.1850108	0.22622873	0.2262542843818664	sub-129405	ses-1		dir-AP	acq-multiband	space-ACPC			DSIStudio	autotrackgqi
Association_ParietalAslantTractR	nrmse	NODDI	/scratch/grmpy/SLURM_11194840_56/job-11194840-56-sub-129405/ds/inputs/data/qsiprep/qsiprep/sub-129405/ses-1/dwi/sub-129405_ses-1_acq-multiband_dir-AP_space-ACPC_desc-preproc_dwi.nii.gz	0.0030313837375178	0.06462092	0.019203776	0.06010577	0.064817406	0.0601532	0.018898956	0.06800318	0.0680108591914177	sub-129405	ses-1		dir-AP	acq-multiband	space-ACPC			DSIStudio	autotrackgqi
Association_ParietalAslantTractR	od	NODDI	/scratch/grmpy/SLURM_11194840_56/job-11194840-56-sub-129405/ds/inputs/data/qsiprep/qsiprep/sub-129405/ses-1/dwi/sub-129405_ses-1_acq-multiband_dir-AP_space-ACPC_desc-preproc_dwi.nii.gz	0.0030313837375178	0.36692882	0.18681225	0.36202082	0.3680445	0.36321384	0.18599546	0.23295541	0.2329817414283752	sub-129405	ses-1		dir-AP	acq-multiband	space-ACPC			DSIStudio	autotrackgqi
Association_ParietalAslantTractR	rmse	NODDI	/scratch/grmpy/SLURM_11194840_56/job-11194840-56-sub-129405/ds/inputs/data/qsiprep/qsiprep/sub-129405/ses-1/dwi/sub-129405_ses-1_acq-multiband_dir-AP_space-ACPC_desc-preproc_dwi.nii.gz	0.0030313837375178	0.033026066	0.010223434	0.030664587	0.033126485	0.030708894	0.010075211	0.035484202	0.0354882106184959	sub-129405	ses-1		dir-AP	acq-multiband	space-ACPC			DSIStudio	autotrackgqi
Association_ParietalAslantTractR	tf	NODDI	/scratch/grmpy/SLURM_11194840_56/job-11194840-56-sub-129405/ds/inputs/data/qsiprep/qsiprep/sub-129405/ses-1/dwi/sub-129405_ses-1_acq-multiband_dir-AP_space-ACPC_desc-preproc_dwi.nii.gz	0.0030313837375178	0.9738588	0.07909292	1.0	0.9768199	1.0	0.058156975	0.9645854	0.9646943807601928	sub-129405	ses-1		dir-AP	acq-multiband	space-ACPC			DSIStudio	autotrackgqi
Association_FrontalAslantTractR	directions	NODDI	/scratch/grmpy/SLURM_11194840_56/job-11194840-56-sub-129405/ds/inputs/data/qsiprep/qsiprep/sub-129405/ses-1/dwi/sub-129405_ses-1_acq-multiband_dir-AP_space-ACPC_desc-preproc_dwi.nii.gz	0.0	-0.037950717	0.5761016	-0.071699016	-0.037950717	-0.071699016	0.5761016	-0.16940245		sub-129405	ses-1		dir-AP	acq-multiband	space-ACPC			DSIStudio	autotrackgqi
Association_FrontalAslantTractR	icvf	NODDI	/scratch/grmpy/SLURM_11194840_56/job-11194840-56-sub-129405/ds/inputs/data/qsiprep/qsiprep/sub-129405/ses-1/dwi/sub-129405_ses-1_acq-multiband_dir-AP_space-ACPC_desc-preproc_dwi.nii.gz	0.0	0.48060152	0.08929782	0.4702871	0.48060152	0.4702871	0.08929782	0.5299157	0.5299156904220581	sub-129405	ses-1		dir-AP	acq-multiband	space-ACPC			DSIStudio	autotrackgqi
Association_FrontalAslantTractR	isovf	NODDI	/scratch/grmpy/SLURM_11194840_56/job-11194840-56-sub-129405/ds/inputs/data/qsiprep/qsiprep/sub-129405/ses-1/dwi/sub-129405_ses-1_acq-multiband_dir-AP_space-ACPC_desc-preproc_dwi.nii.gz	0.43740764196749	0.052427918	0.08569929	0.02007082	0.09318989	0.07382558	0.09620762	0.058606066	0.0765461325645446	sub-129405	ses-1		dir-AP	acq-multiband	space-ACPC			DSIStudio	autotrackgqi
Association_FrontalAslantTractR	modulated_icvf	NODDI	/scratch/grmpy/SLURM_11194840_56/job-11194840-56-sub-129405/ds/inputs/data/qsiprep/qsiprep/sub-129405/ses-1/dwi/sub-129405_ses-1_acq-multiband_dir-AP_space-ACPC_desc-preproc_dwi.nii.gz	0.0	0.45205566	0.07525299	0.450499	0.45205566	0.450499	0.07525299	0.49685222	0.4968522191047668	sub-129405	ses-1		dir-AP	acq-multiband	space-ACPC			DSIStudio	autotrackgqi
Association_FrontalAslantTractR	modulated_od	NODDI	/scratch/grmpy/SLURM_11194840_56/job-11194840-56-sub-129405/ds/inputs/data/qsiprep/qsiprep/sub-129405/ses-1/dwi/sub-129405_ses-1_acq-multiband_dir-AP_space-ACPC_desc-preproc_dwi.nii.gz	0.0	0.29778123	0.16524205	0.286544	0.29778123	0.286544	0.16524205	0.24187794	0.2418779730796814	sub-129405	ses-1		dir-AP	acq-multiband	space-ACPC			DSIStudio	autotrackgqi
Association_FrontalAslantTractR	nrmse	NODDI	/scratch/grmpy/SLURM_11194840_56/job-11194840-56-sub-129405/ds/inputs/data/qsiprep/qsiprep/sub-129405/ses-1/dwi/sub-129405_ses-1_acq-multiband_dir-AP_space-ACPC_desc-preproc_dwi.nii.gz	0.0	0.08957572	0.01886809	0.08761954	0.08957572	0.08761954	0.01886809	0.09458792	0.0945879369974136	sub-129405	ses-1		dir-AP	acq-multiband	space-ACPC			DSIStudio	autotrackgqi
Association_FrontalAslantTractR	od	NODDI	/scratch/grmpy/SLURM_11194840_56/job-11194840-56-sub-129405/ds/inputs/data/qsiprep/qsiprep/sub-129405/ses-1/dwi/sub-129405_ses-1_acq-multiband_dir-AP_space-ACPC_desc-preproc_dwi.nii.gz	0.0	0.31483772	0.1724465	0.30295047	0.31483772	0.30295047	0.1724465	0.25718054	0.2571805715560913	sub-129405	ses-1		dir-AP	acq-multiband	space-ACPC			DSIStudio	autotrackgqi
Association_FrontalAslantTractR	rmse	NODDI	/scratch/grmpy/SLURM_11194840_56/job-11194840-56-sub-129405/ds/inputs/data/qsiprep/qsiprep/sub-129405/ses-1/dwi/sub-129405_ses-1_acq-multiband_dir-AP_space-ACPC_desc-preproc_dwi.nii.gz	0.0	0.04593642	0.0104667535	0.04482885	0.04593642	0.04482885	0.0104667535	0.04968118	0.049681182950735	sub-129405	ses-1		dir-AP	acq-multiband	space-ACPC			DSIStudio	autotrackgqi
Association_FrontalAslantTractR	tf	NODDI	/scratch/grmpy/SLURM_11194840_56/job-11194840-56-sub-129405/ds/inputs/data/qsiprep/qsiprep/sub-129405/ses-1/dwi/sub-129405_ses-1_acq-multiband_dir-AP_space-ACPC_desc-preproc_dwi.nii.gz	0.0	0.947572	0.08569929	0.9799292	0.947572	0.9799292	0.08569929	0.941394	0.941394031047821	sub-129405	ses-1		dir-AP	acq-multiband	space-ACPC			DSIStudio	autotrackgqi
Association_VerticalOccipitalFasciculusL	directions	NODDI	/scratch/grmpy/SLURM_11194840_56/job-11194840-56-sub-129405/ds/inputs/data/qsiprep/qsiprep/sub-129405/ses-1/dwi/sub-129405_ses-1_acq-multiband_dir-AP_space-ACPC_desc-preproc_dwi.nii.gz	88.0	-0.010416663	0.5677681	-0.00026566314	-0.010767607	-0.033812508	0.5772498	-0.0117179975		sub-129405	ses-1		dir-AP	acq-multiband	space-ACPC			DSIStudio	autotrackgqi
Association_VerticalOccipitalFasciculusL	icvf	NODDI	/scratch/grmpy/SLURM_11194840_56/job-11194840-56-sub-129405/ds/inputs/data/qsiprep/qsiprep/sub-129405/ses-1/dwi/sub-129405_ses-1_acq-multiband_dir-AP_space-ACPC_desc-preproc_dwi.nii.gz	0.0325925925925925	0.4584348	0.12392638	0.4619753	0.47387975	0.46509528	0.09249921	0.5170483	0.5199143290519714	sub-129405	ses-1		dir-AP	acq-multiband	space-ACPC			DSIStudio	autotrackgqi
Association_VerticalOccipitalFasciculusL	isovf	NODDI	/scratch/grmpy/SLURM_11194840_56/job-11194840-56-sub-129405/ds/inputs/data/qsiprep/qsiprep/sub-129405/ses-1/dwi/sub-129405_ses-1_acq-multiband_dir-AP_space-ACPC_desc-preproc_dwi.nii.gz	0.6281481481481481	0.027223008	0.06743061	0.0	0.073209286	0.053139605	0.09413322	0.035015933	0.0575195029377937	sub-129405	ses-1		dir-AP	acq-multiband	space-ACPC			DSIStudio	autotrackgqi
Association_VerticalOccipitalFasciculusL	modulated_icvf	NODDI	/scratch/grmpy/SLURM_11194840_56/job-11194840-56-sub-129405/ds/inputs/data/qsiprep/qsiprep/sub-129405/ses-1/dwi/sub-129405_ses-1_acq-multiband_dir-AP_space-ACPC_desc-preproc_dwi.nii.gz	0.0325925925925925	0.44374737	0.1161143	0.45752096	0.45869753	0.46032456	0.084137835	0.49738586	0.5001428723335266	sub-129405	ses-1		dir-AP	acq-multiband	space-ACPC			DSIStudio	autotrackgqi
Association_VerticalOccipitalFasciculusL	modulated_od	NODDI	/scratch/grmpy/SLURM_11194840_56/job-11194840-56-sub-129405/ds/inputs/data/qsiprep/qsiprep/sub-129405/ses-1/dwi/sub-129405_ses-1_acq-multiband_dir-AP_space-ACPC_desc-preproc_dwi.nii.gz	0.0325925925925925	0.37158862	0.19975011	0.36742675	0.3841077	0.37926805	0.19088137	0.2746724	0.2761949300765991	sub-129405	ses-1		dir-AP	acq-multiband	space-ACPC			DSIStudio	autotrackgqi
Association_VerticalOccipitalFasciculusL	nrmse	NODDI	/scratch/grmpy/SLURM_11194840_56/job-11194840-56-sub-129405/ds/inputs/data/qsiprep/qsiprep/sub-129405/ses-1/dwi/sub-129405_ses-1_acq-multiband_dir-AP_space-ACPC_desc-preproc_dwi.nii.gz	0.0325925925925925	0.0723824	0.043717977	0.06427963	0.074821	0.064820506	0.04234612	0.06983964	0.0702267661690712	sub-129405	ses-1		dir-AP	acq-multiband	space-ACPC			DSIStudio	autotrackgqi
Association_VerticalOccipitalFasciculusL	od	NODDI	/scratch/grmpy/SLURM_11194840_56/job-11194840-56-sub-129405/ds/inputs/data/qsiprep/qsiprep/sub-129405/ses-1/dwi/sub-129405_ses-1_acq-multiband_dir-AP_space-ACPC_desc-preproc_dwi.nii.gz	0.0325925925925925	0.38105744	0.20109646	0.37833533	0.3938955	0.39084566	0.1916908	0.28245443	0.2840201258659363	sub-129405	ses-1		dir-AP	acq-multiband	space-ACPC			DSIStudio	autotrackgqi
Association_VerticalOccipitalFasciculusL	rmse	NODDI	/scratch/grmpy/SLURM_11194840_56/job-11194840-56-sub-129405/ds/inputs/data/qsiprep/qsiprep/sub-129405/ses-1/dwi/sub-129405_ses-1_acq-multiband_dir-AP_space-ACPC_desc-preproc_dwi.nii.gz	0.0325925925925925	0.037988912	0.031165276	0.033544146	0.039268784	0.033783354	0.030882653	0.036997214	0.0372022949159145	sub-129405	ses-1		dir-AP	acq-multiband	space-ACPC			DSIStudio	autotrackgqi
Association_VerticalOccipitalFasciculusL	tf	NODDI	/scratch/grmpy/SLURM_11194840_56/job-11194840-56-sub-129405/ds/inputs/data/qsiprep/qsiprep/sub-129405/ses-1/dwi/sub-129405_ses-1_acq-multiband_dir-AP_space-ACPC_desc-preproc_dwi.nii.gz	0.0325925925925925	0.94018435	0.1852098	1.0	0.9718598	1.0	0.068368606	0.9594716	0.964790105819702	sub-129405	ses-1		dir-AP	acq-multiband	space-ACPC			DSIStudio	autotrackgqi
Association_InferiorFrontoOccipitalFasciculusR	directions	NODDI	/scratch/grmpy/SLURM_11194840_56/job-11194840-56-sub-129405/ds/inputs/data/qsiprep/qsiprep/sub-129405/ses-1/dwi/sub-129405_ses-1_acq-multiband_dir-AP_space-ACPC_desc-preproc_dwi.nii.gz	39.0	-0.011167476	0.5761476	-0.026851708	-0.011209933	-0.030640636	0.5772414	-0.037782125		sub-129405	ses-1		dir-AP	acq-multiband	space-ACPC			DSIStudio	autotrackgqi
Association_InferiorFrontoOccipitalFasciculusR	icvf	NODDI	/scratch/grmpy/SLURM_11194840_56/job-11194840-56-sub-129405/ds/inputs/data/qsiprep/qsiprep/sub-129405/ses-1/dwi/sub-129405_ses-1_acq-multiband_dir-AP_space-ACPC_desc-preproc_dwi.nii.gz	0.0041759735845391	0.47199962	0.0994876	0.4618827	0.47397897	0.4623083	0.09487429	0.48057386	0.4806308150291443	sub-129405	ses-1		dir-AP	acq-multiband	space-ACPC			DSIStudio	autotrackgqi
Association_InferiorFrontoOccipitalFasciculusR	isovf	NODDI	/scratch/grmpy/SLURM_11194840_56/job-11194840-56-sub-129405/ds/inputs/data/qsiprep/qsiprep/sub-129405/ses-1/dwi/sub-129405_ses-1_acq-multiband_dir-AP_space-ACPC_desc-preproc_dwi.nii.gz	0.4385743420413712	0.06015625	0.113289736	0.016805556	0.107149094	0.07196756	0.1335119	0.05451838	0.0809126049280166	sub-129405	ses-1		dir-AP	acq-multiband	space-ACPC			DSIStudio	autotrackgqi
Association_InferiorFrontoOccipitalFasciculusR	modulated_icvf	NODDI	/scratch/grmpy/SLURM_11194840_56/job-11194840-56-sub-129405/ds/inputs/data/qsiprep/qsiprep/sub-129405/ses-1/dwi/sub-129405_ses-1_acq-multiband_dir-AP_space-ACPC_desc-preproc_dwi.nii.gz	0.0041759735845391	0.438056	0.08005519	0.44256374	0.43989298	0.4429567	0.07501756	0.45266062	0.4527142941951751	sub-129405	ses-1		dir-AP	acq-multiband	space-ACPC			DSIStudio	autotrackgqi
Association_InferiorFrontoOccipitalFasciculusR	modulated_od	NODDI	/scratch/grmpy/SLURM_11194840_56/job-11194840-56-sub-129405/ds/inputs/data/qsiprep/qsiprep/sub-129405/ses-1/dwi/sub-129405_ses-1_acq-multiband_dir-AP_space-ACPC_desc-preproc_dwi.nii.gz	0.0039817422550257	0.28734723	0.1988639	0.25640094	0.28849596	0.25722736	0.19842768	0.15995204	0.1599672436714172	sub-129405	ses-1		dir-AP	acq-multiband	space-ACPC			DSIStudio	autotrackgqi
Association_InferiorFrontoOccipitalFasciculusR	nrmse	NODDI	/scratch/grmpy/SLURM_11194840_56/job-11194840-56-sub-129405/ds/inputs/data/qsiprep/qsiprep/sub-129405/ses-1/dwi/sub-129405_ses-1_acq-multiband_dir-AP_space-ACPC_desc-preproc_dwi.nii.gz	0.0037875109255122	0.08188892	0.03006473	0.077746585	0.08220025	0.07782619	0.029693983	0.085672066	0.0856797397136688	sub-129405	ses-1		dir-AP	acq-multiband	space-ACPC			DSIStudio	autotrackgqi
Association_InferiorFrontoOccipitalFasciculusR	od	NODDI	/scratch/grmpy/SLURM_11194840_56/job-11194840-56-sub-129405/ds/inputs/data/qsiprep/qsiprep/sub-129405/ses-1/dwi/sub-129405_ses-1_acq-multiband_dir-AP_space-ACPC_desc-preproc_dwi.nii.gz	0.0037875109255122	0.30534232	0.20671582	0.27285787	0.3065032	0.27348983	0.20624761	0.16699651	0.1670114696025848	sub-129405	ses-1		dir-AP	acq-multiband	space-ACPC			DSIStudio	autotrackgqi
Association_InferiorFrontoOccipitalFasciculusR	rmse	NODDI	/scratch/grmpy/SLURM_11194840_56/job-11194840-56-sub-129405/ds/inputs/data/qsiprep/qsiprep/sub-129405/ses-1/dwi/sub-129405_ses-1_acq-multiband_dir-AP_space-ACPC_desc-preproc_dwi.nii.gz	0.0037875109255122	0.041584793	0.017678441	0.039382678	0.041742895	0.039421335	0.017524721	0.04400366	0.0440075993537902	sub-129405	ses-1		dir-AP	acq-multiband	space-ACPC			DSIStudio	autotrackgqi
Association_InferiorFrontoOccipitalFasciculusR	tf	NODDI	/scratch/grmpy/SLURM_11194840_56/job-11194840-56-sub-129405/ds/inputs/data/qsiprep/qsiprep/sub-129405/ses-1/dwi/sub-129405_ses-1_acq-multiband_dir-AP_space-ACPC_desc-preproc_dwi.nii.gz	0.0041759735845391	0.93605626	0.12709069	0.98204964	0.9399816	0.9826311	0.11193763	0.945392	0.945504069328308	sub-129405	ses-1		dir-AP	acq-multiband	space-ACPC			DSIStudio	autotrackgqi
Association_SuperiorLongitudinalFasciculusL	directions	NODDI	/scratch/grmpy/SLURM_11194840_56/job-11194840-56-sub-129405/ds/inputs/data/qsiprep/qsiprep/sub-129405/ses-1/dwi/sub-129405_ses-1_acq-multiband_dir-AP_space-ACPC_desc-preproc_dwi.nii.gz	38.0	-0.011545514	0.5760891	-0.024793798	-0.011591463	-0.02892521	0.5772339	-0.089566514		sub-129405	ses-1		dir-AP	acq-multiband	space-ACPC			DSIStudio	autotrackgqi
Association_SuperiorLongitudinalFasciculusL	icvf	NODDI	/scratch/grmpy/SLURM_11194840_56/job-11194840-56-sub-129405/ds/inputs/data/qsiprep/qsiprep/sub-129405/ses-1/dwi/sub-129405_ses-1_acq-multiband_dir-AP_space-ACPC_desc-preproc_dwi.nii.gz	0.0040684331316503	0.46793175	0.09677963	0.45897147	0.46984327	0.4594587	0.092230365	0.5161901	0.5163052082061768	sub-129405	ses-1		dir-AP	acq-multiband	space-ACPC			DSIStudio	autotrackgqi
Association_SuperiorLongitudinalFasciculusL	isovf	NODDI	/scratch/grmpy/SLURM_11194840_56/job-11194840-56-sub-129405/ds/inputs/data/qsiprep/qsiprep/sub-129405/ses-1/dwi/sub-129405_ses-1_acq-multiband_dir-AP_space-ACPC_desc-preproc_dwi.nii.gz	0.5825161694137283	0.04027865	0.093788676	0.0	0.09647955	0.06356872	0.12509036	0.049422577	0.0756555348634719	sub-129405	ses-1		dir-AP	acq-multiband	space-ACPC			DSIStudio	autotrackgqi
Association_SuperiorLongitudinalFasciculusL	modulated_icvf	NODDI	/scratch/grmpy/SLURM_11194840_56/job-11194840-56-sub-129405/ds/inputs/data/qsiprep/qsiprep/sub-129405/ses-1/dwi/sub-129405_ses-1_acq-multiband_dir-AP_space-ACPC_desc-preproc_dwi.nii.gz	0.0040684331316503	0.44589826	0.08445981	0.45098767	0.44771978	0.451294	0.079668514	0.4882346	0.4883434176445007	sub-129405	ses-1		dir-AP	acq-multiband	space-ACPC			DSIStudio	autotrackgqi
Association_SuperiorLongitudinalFasciculusL	modulated_od	NODDI	/scratch/grmpy/SLURM_11194840_56/job-11194840-56-sub-129405/ds/inputs/data/qsiprep/qsiprep/sub-129405/ses-1/dwi/sub-129405_ses-1_acq-multiband_dir-AP_space-ACPC_desc-preproc_dwi.nii.gz	0.0040684331316503	0.35439909	0.18963319	0.3361486	0.35584682	0.3373783	0.18865968	0.25853962	0.2585972249507904	sub-129405	ses-1		dir-AP	acq-multiband	space-ACPC			DSIStudio	autotrackgqi
Association_SuperiorLongitudinalFasciculusL	nrmse	NODDI	/scratch/grmpy/SLURM_11194840_56/job-11194840-56-sub-129405/ds/inputs/data/qsiprep/qsiprep/sub-129405/ses-1/dwi/sub-129405_ses-1_acq-multiband_dir-AP_space-ACPC_desc-preproc_dwi.nii.gz	0.0039641143334028	0.07638476	0.025486326	0.07106885	0.07668876	0.07118921	0.025076369	0.08193818	0.0819562822580337	sub-129405	ses-1		dir-AP	acq-multiband	space-ACPC			DSIStudio	autotrackgqi
Association_SuperiorLongitudinalFasciculusL	od	NODDI	/scratch/grmpy/SLURM_11194840_56/job-11194840-56-sub-129405/ds/inputs/data/qsiprep/qsiprep/sub-129405/ses-1/dwi/sub-129405_ses-1_acq-multiband_dir-AP_space-ACPC_desc-preproc_dwi.nii.gz	0.0039641143334028	0.36979553	0.19320579	0.35564536	0.37126726	0.3566294	0.19217344	0.269825	0.2698846459388733	sub-129405	ses-1		dir-AP	acq-multiband	space-ACPC			DSIStudio	autotrackgqi
Association_SuperiorLongitudinalFasciculusL	rmse	NODDI	/scratch/grmpy/SLURM_11194840_56/job-11194840-56-sub-129405/ds/inputs/data/qsiprep/qsiprep/sub-129405/ses-1/dwi/sub-129405_ses-1_acq-multiband_dir-AP_space-ACPC_desc-preproc_dwi.nii.gz	0.0039641143334028	0.03918796	0.014068359	0.03636142	0.039343923	0.036430795	0.013876965	0.04300542	0.0430149212479591	sub-129405	ses-1		dir-AP	acq-multiband	space-ACPC			DSIStudio	autotrackgqi
Association_SuperiorLongitudinalFasciculusL	tf	NODDI	/scratch/grmpy/SLURM_11194840_56/job-11194840-56-sub-129405/ds/inputs/data/qsiprep/qsiprep/sub-129405/ses-1/dwi/sub-129405_ses-1_acq-multiband_dir-AP_space-ACPC_desc-preproc_dwi.nii.gz	0.0040684331316503	0.9557572	0.11146917	1.0	0.95966154	1.0	0.09343078	0.9503565	0.9505683183670044	sub-129405	ses-1		dir-AP	acq-multiband	space-ACPC			DSIStudio	autotrackgqi
Association_MiddleLongitudinalFasciculusL	directions	NODDI	/scratch/grmpy/SLURM_11194840_56/job-11194840-56-sub-129405/ds/inputs/data/qsiprep/qsiprep/sub-129405/ses-1/dwi/sub-129405_ses-1_acq-multiband_dir-AP_space-ACPC_desc-preproc_dwi.nii.gz	1.0	-0.022878883	0.57679206	-0.062146872	-0.022887176	-0.06257263	0.5768965	-0.33024368		sub-129405	ses-1		dir-AP	acq-multiband	space-ACPC			DSIStudio	autotrackgqi
Association_MiddleLongitudinalFasciculusL	icvf	NODDI	/scratch/grmpy/SLURM_11194840_56/job-11194840-56-sub-129405/ds/inputs/data/qsiprep/qsiprep/sub-129405/ses-1/dwi/sub-129405_ses-1_acq-multiband_dir-AP_space-ACPC_desc-preproc_dwi.nii.gz	0.0003623188405797	0.47095293	0.0865571	0.46547425	0.47112364	0.46553403	0.08610707	0.49653217	0.496536374092102	sub-129405	ses-1		dir-AP	acq-multiband	space-ACPC			DSIStudio	autotrackgqi
Association_MiddleLongitudinalFasciculusL	isovf	NODDI	/scratch/grmpy/SLURM_11194840_56/job-11194840-56-sub-129405/ds/inputs/data/qsiprep/qsiprep/sub-129405/ses-1/dwi/sub-129405_ses-1_acq-multiband_dir-AP_space-ACPC_desc-preproc_dwi.nii.gz	0.5224637681159421	0.04046117	0.08552025	0.0	0.08472901	0.058982287	0.107539505	0.047841314	0.0655864179134368	sub-129405	ses-1		dir-AP	acq-multiband	space-ACPC			DSIStudio	autotrackgqi
Association_MiddleLongitudinalFasciculusL	modulated_icvf	NODDI	/scratch/grmpy/SLURM_11194840_56/job-11194840-56-sub-129405/ds/inputs/data/qsiprep/qsiprep/sub-129405/ses-1/dwi/sub-129405_ses-1_acq-multiband_dir-AP_space-ACPC_desc-preproc_dwi.nii.gz	0.0003623188405797	0.44925883	0.07646754	0.45368665	0.44942164	0.45368925	0.076001465	0.47174227	0.4717462658882141	sub-129405	ses-1		dir-AP	acq-multiband	space-ACPC			DSIStudio	autotrackgqi
Association_MiddleLongitudinalFasciculusL	modulated_od	NODDI	/scratch/grmpy/SLURM_11194840_56/job-11194840-56-sub-129405/ds/inputs/data/qsiprep/qsiprep/sub-129405/ses-1/dwi/sub-129405_ses-1_acq-multiband_dir-AP_space-ACPC_desc-preproc_dwi.nii.gz	0.0003623188405797	0.3206905	0.18378113	0.29747272	0.32080674	0.2974741	0.18371299	0.22514313	0.2251450270414352	sub-129405	ses-1		dir-AP	acq-multiband	space-ACPC			DSIStudio	autotrackgqi
Association_MiddleLongitudinalFasciculusL	nrmse	NODDI	/scratch/grmpy/SLURM_11194840_56/job-11194840-56-sub-129405/ds/inputs/data/qsiprep/qsiprep/sub-129405/ses-1/dwi/sub-129405_ses-1_acq-multiband_dir-AP_space-ACPC_desc-preproc_dwi.nii.gz	0.0003623188405797	0.082931794	0.031108467	0.0772119	0.08296186	0.077213496	0.031074002	0.08491239	0.0849131047725677	sub-129405	ses-1		dir-AP	acq-multiband	space-ACPC			DSIStudio	autotrackgqi
Association_MiddleLongitudinalFasciculusL	od	NODDI	/scratch/grmpy/SLURM_11194840_56/job-11194840-56-sub-129405/ds/inputs/data/qsiprep/qsiprep/sub-129405/ses-1/dwi/sub-129405_ses-1_acq-multiband_dir-AP_space-ACPC_desc-preproc_dwi.nii.gz	0.0003623188405797	0.33349586	0.18661216	0.31131315	0.33361673	0.31142166	0.18653792	0.23588324	0.2358852177858352	sub-129405	ses-1		dir-AP	acq-multiband	space-ACPC			DSIStudio	autotrackgqi
Association_MiddleLongitudinalFasciculusL	rmse	NODDI	/scratch/grmpy/SLURM_11194840_56/job-11194840-56-sub-129405/ds/inputs/data/qsiprep/qsiprep/sub-129405/ses-1/dwi/sub-129405_ses-1_acq-multiband_dir-AP_space-ACPC_desc-preproc_dwi.nii.gz	0.0003623188405797	0.04278403	0.022804692	0.039568193	0.04279954	0.03957815	0.02279427	0.044152483	0.0441528558731079	sub-129405	ses-1		dir-AP	acq-multiband	space-ACPC			DSIStudio	autotrackgqi
Association_MiddleLongitudinalFasciculusL	tf	NODDI	/scratch/grmpy/SLURM_11194840_56/job-11194840-56-sub-129405/ds/inputs/data/qsiprep/qsiprep/sub-129405/ses-1/dwi/sub-129405_ses-1_acq-multiband_dir-AP_space-ACPC_desc-preproc_dwi.nii.gz	0.0003623188405797	0.9591765	0.08744474	1.0	0.95952415	1.0	0.08553228	0.9521502	0.9521583318710328	sub-129405	ses-1		dir-AP	acq-multiband	space-ACPC			DSIStudio	autotrackgqi
Association_HippocampusAlveusR	directions	NODDI	/scratch/grmpy/SLURM_11194840_56/job-11194840-56-sub-129405/ds/inputs/data/qsiprep/qsiprep/sub-129405/ses-1/dwi/sub-129405_ses-1_acq-multiband_dir-AP_space-ACPC_desc-preproc_dwi.nii.gz	0.0	-0.02944491	0.57659894	-0.0706523	-0.02944491	-0.0706523	0.57659894	0.10526106		sub-129405	ses-1		dir-AP	acq-multiband	space-ACPC			DSIStudio	autotrackgqi
Association_HippocampusAlveusR	icvf	NODDI	/scratch/grmpy/SLURM_11194840_56/job-11194840-56-sub-129405/ds/inputs/data/qsiprep/qsiprep/sub-129405/ses-1/dwi/sub-129405_ses-1_acq-multiband_dir-AP_space-ACPC_desc-preproc_dwi.nii.gz	0.0115095174856131	0.45006683	0.15717335	0.41157678	0.45530722	0.41308147	0.15034999	0.46755853	0.4693143963813782	sub-129405	ses-1		dir-AP	acq-multiband	space-ACPC			DSIStudio	autotrackgqi
Association_HippocampusAlveusR	isovf	NODDI	/scratch/grmpy/SLURM_11194840_56/job-11194840-56-sub-129405/ds/inputs/data/qsiprep/qsiprep/sub-129405/ses-1/dwi/sub-129405_ses-1_acq-multiband_dir-AP_space-ACPC_desc-preproc_dwi.nii.gz	0.5015493581230633	0.16003893	0.25846013	0.0	0.3210728	0.21574368	0.28690588	0.22951686	0.3473120629787445	sub-129405	ses-1		dir-AP	acq-multiband	space-ACPC			DSIStudio	autotrackgqi
Association_HippocampusAlveusR	modulated_icvf	NODDI	/scratch/grmpy/SLURM_11194840_56/job-11194840-56-sub-129405/ds/inputs/data/qsiprep/qsiprep/sub-129405/ses-1/dwi/sub-129405_ses-1_acq-multiband_dir-AP_space-ACPC_desc-preproc_dwi.nii.gz	0.0115095174856131	0.35463074	0.0973856	0.37661627	0.35875988	0.3780112	0.09007224	0.3246805	0.3258997797966003	sub-129405	ses-1		dir-AP	acq-multiband	space-ACPC			DSIStudio	autotrackgqi
Association_HippocampusAlveusR	modulated_od	NODDI	/scratch/grmpy/SLURM_11194840_56/job-11194840-56-sub-129405/ds/inputs/data/qsiprep/qsiprep/sub-129405/ses-1/dwi/sub-129405_ses-1_acq-multiband_dir-AP_space-ACPC_desc-preproc_dwi.nii.gz	0.0053120849933598	0.29225802	0.19603856	0.2867254	0.2938188	0.28780308	0.19539131	0.2497738	0.2503788471221924	sub-129405	ses-1		dir-AP	acq-multiband	space-ACPC			DSIStudio	autotrackgqi
Association_HippocampusAlveusR	nrmse	NODDI	/scratch/grmpy/SLURM_11194840_56/job-11194840-56-sub-129405/ds/inputs/data/qsiprep/qsiprep/sub-129405/ses-1/dwi/sub-129405_ses-1_acq-multiband_dir-AP_space-ACPC_desc-preproc_dwi.nii.gz	0.0	0.090562284	0.024539348	0.08707001	0.090562284	0.08707001	0.024539348	0.0893114	0.0893113985657692	sub-129405	ses-1		dir-AP	acq-multiband	space-ACPC			DSIStudio	autotrackgqi
Association_HippocampusAlveusR	od	NODDI	/scratch/grmpy/SLURM_11194840_56/job-11194840-56-sub-129405/ds/inputs/data/qsiprep/qsiprep/sub-129405/ses-1/dwi/sub-129405_ses-1_acq-multiband_dir-AP_space-ACPC_desc-preproc_dwi.nii.gz	0.0	0.3488792	0.19803536	0.33993942	0.3488792	0.33993942	0.19803536	0.31736147	0.3173614740371704	sub-129405	ses-1		dir-AP	acq-multiband	space-ACPC			DSIStudio	autotrackgqi
Association_HippocampusAlveusR	rmse	NODDI	/scratch/grmpy/SLURM_11194840_56/job-11194840-56-sub-129405/ds/inputs/data/qsiprep/qsiprep/sub-129405/ses-1/dwi/sub-129405_ses-1_acq-multiband_dir-AP_space-ACPC_desc-preproc_dwi.nii.gz	0.0	0.04268483	0.012130597	0.040909946	0.04268483	0.040909946	0.012130597	0.0404441	0.0404440984129905	sub-129405	ses-1		dir-AP	acq-multiband	space-ACPC			DSIStudio	autotrackgqi
Association_HippocampusAlveusR	tf	NODDI	/scratch/grmpy/SLURM_11194840_56/job-11194840-56-sub-129405/ds/inputs/data/qsiprep/qsiprep/sub-129405/ses-1/dwi/sub-129405_ses-1_acq-multiband_dir-AP_space-ACPC_desc-preproc_dwi.nii.gz	0.0115095174856131	0.83996105	0.25846013	1.0	0.84974116	1.0	0.24345204	0.77048314	0.7733765840530396	sub-129405	ses-1		dir-AP	acq-multiband	space-ACPC			DSIStudio	autotrackgqi
Association_VerticalOccipitalFasciculusR	directions	NODDI	/scratch/grmpy/SLURM_11194840_56/job-11194840-56-sub-129405/ds/inputs/data/qsiprep/qsiprep/sub-129405/ses-1/dwi/sub-129405_ses-1_acq-multiband_dir-AP_space-ACPC_desc-preproc_dwi.nii.gz	12.0	-0.026258396	0.57556283	-0.05681078	-0.026366863	-0.06038756	0.5767479	-0.0035782382		sub-129405	ses-1		dir-AP	acq-multiband	space-ACPC			DSIStudio	autotrackgqi
Association_VerticalOccipitalFasciculusR	icvf	NODDI	/scratch/grmpy/SLURM_11194840_56/job-11194840-56-sub-129405/ds/inputs/data/qsiprep/qsiprep/sub-129405/ses-1/dwi/sub-129405_ses-1_acq-multiband_dir-AP_space-ACPC_desc-preproc_dwi.nii.gz	0.0047994514912581	0.47984555	0.093426324	0.4768541	0.48215964	0.47726375	0.08749174	0.5201556	0.5204062461853027	sub-129405	ses-1		dir-AP	acq-multiband	space-ACPC			DSIStudio	autotrackgqi
Association_VerticalOccipitalFasciculusR	isovf	NODDI	/scratch/grmpy/SLURM_11194840_56/job-11194840-56-sub-129405/ds/inputs/data/qsiprep/qsiprep/sub-129405/ses-1/dwi/sub-129405_ses-1_acq-multiband_dir-AP_space-ACPC_desc-preproc_dwi.nii.gz	0.4929722317449434	0.043407686	0.08835504	0.002890099	0.08561205	0.065757774	0.10855235	0.055302467	0.0760340243577957	sub-129405	ses-1		dir-AP	acq-multiband	space-ACPC			DSIStudio	autotrackgqi
Association_VerticalOccipitalFasciculusR	modulated_icvf	NODDI	/scratch/grmpy/SLURM_11194840_56/job-11194840-56-sub-129405/ds/inputs/data/qsiprep/qsiprep/sub-129405/ses-1/dwi/sub-129405_ses-1_acq-multiband_dir-AP_space-ACPC_desc-preproc_dwi.nii.gz	0.0047994514912581	0.45678195	0.084432684	0.4667678	0.45898485	0.4670908	0.07843578	0.4894927	0.489728569984436	sub-129405	ses-1		dir-AP	acq-multiband	space-ACPC			DSIStudio	autotrackgqi
Association_VerticalOccipitalFasciculusR	modulated_od	NODDI	/scratch/grmpy/SLURM_11194840_56/job-11194840-56-sub-129405/ds/inputs/data/qsiprep/qsiprep/sub-129405/ses-1/dwi/sub-129405_ses-1_acq-multiband_dir-AP_space-ACPC_desc-preproc_dwi.nii.gz	0.0047994514912581	0.34636092	0.19590929	0.3177549	0.34803128	0.319101	0.19489537	0.25358266	0.2537048459053039	sub-129405	ses-1		dir-AP	acq-multiband	space-ACPC			DSIStudio	autotrackgqi
Association_VerticalOccipitalFasciculusR	nrmse	NODDI	/scratch/grmpy/SLURM_11194840_56/job-11194840-56-sub-129405/ds/inputs/data/qsiprep/qsiprep/sub-129405/ses-1/dwi/sub-129405_ses-1_acq-multiband_dir-AP_space-ACPC_desc-preproc_dwi.nii.gz	0.0041138155639355	0.07051828	0.025288729	0.065131314	0.07080957	0.06521255	0.0249306	0.074879386	0.0749089568853378	sub-129405	ses-1		dir-AP	acq-multiband	space-ACPC			DSIStudio	autotrackgqi
Association_VerticalOccipitalFasciculusR	od	NODDI	/scratch/grmpy/SLURM_11194840_56/job-11194840-56-sub-129405/ds/inputs/data/qsiprep/qsiprep/sub-129405/ses-1/dwi/sub-129405_ses-1_acq-multiband_dir-AP_space-ACPC_desc-preproc_dwi.nii.gz	0.0041138155639355	0.35975698	0.19687398	0.33089358	0.36124307	0.3332526	0.19591485	0.26577258	0.2658775448799133	sub-129405	ses-1		dir-AP	acq-multiband	space-ACPC			DSIStudio	autotrackgqi
Association_VerticalOccipitalFasciculusR	rmse	NODDI	/scratch/grmpy/SLURM_11194840_56/job-11194840-56-sub-129405/ds/inputs/data/qsiprep/qsiprep/sub-129405/ses-1/dwi/sub-129405_ses-1_acq-multiband_dir-AP_space-ACPC_desc-preproc_dwi.nii.gz	0.0041138155639355	0.03616394	0.012737437	0.03363578	0.03631333	0.033704832	0.012549414	0.038992018	0.0390074178576469	sub-129405	ses-1		dir-AP	acq-multiband	space-ACPC			DSIStudio	autotrackgqi
Association_VerticalOccipitalFasciculusR	tf	NODDI	/scratch/grmpy/SLURM_11194840_56/job-11194840-56-sub-129405/ds/inputs/data/qsiprep/qsiprep/sub-129405/ses-1/dwi/sub-129405_ses-1_acq-multiband_dir-AP_space-ACPC_desc-preproc_dwi.nii.gz	0.0047994514912581	0.9524785	0.107454	0.9953947	0.95707196	0.9962621	0.08488706	0.9443028	0.9447578191757202	sub-129405	ses-1		dir-AP	acq-multiband	space-ACPC			DSIStudio	autotrackgqi
Association_SuperiorLongitudinalFasciculusR	directions	NODDI	/scratch/grmpy/SLURM_11194840_56/job-11194840-56-sub-129405/ds/inputs/data/qsiprep/qsiprep/sub-129405/ses-1/dwi/sub-129405_ses-1_acq-multiband_dir-AP_space-ACPC_desc-preproc_dwi.nii.gz	4.0	-0.09453538	0.569445	-0.12943146	-0.09457192	-0.12992753	0.569552	-0.3429678		sub-129405	ses-1		dir-AP	acq-multiband	space-ACPC			DSIStudio	autotrackgqi
Association_SuperiorLongitudinalFasciculusR	icvf	NODDI	/scratch/grmpy/SLURM_11194840_56/job-11194840-56-sub-129405/ds/inputs/data/qsiprep/qsiprep/sub-129405/ses-1/dwi/sub-129405_ses-1_acq-multiband_dir-AP_space-ACPC_desc-preproc_dwi.nii.gz	0.0007727228822563	0.49285892	0.09784046	0.47878656	0.49324006	0.47887444	0.09691318	0.5586686	0.558699905872345	sub-129405	ses-1		dir-AP	acq-multiband	space-ACPC			DSIStudio	autotrackgqi
Association_SuperiorLongitudinalFasciculusR	isovf	NODDI	/scratch/grmpy/SLURM_11194840_56/job-11194840-56-sub-129405/ds/inputs/data/qsiprep/qsiprep/sub-129405/ses-1/dwi/sub-129405_ses-1_acq-multiband_dir-AP_space-ACPC_desc-preproc_dwi.nii.gz	0.5026562349077562	0.048114907	0.1022367	0.0	0.09674376	0.062593624	0.12771764	0.061304905	0.0793764591217041	sub-129405	ses-1		dir-AP	acq-multiband	space-ACPC			DSIStudio	autotrackgqi
Association_SuperiorLongitudinalFasciculusR	modulated_icvf	NODDI	/scratch/grmpy/SLURM_11194840_56/job-11194840-56-sub-129405/ds/inputs/data/qsiprep/qsiprep/sub-129405/ses-1/dwi/sub-129405_ses-1_acq-multiband_dir-AP_space-ACPC_desc-preproc_dwi.nii.gz	0.0007727228822563	0.46436477	0.081085384	0.46586955	0.46472386	0.4659495	0.080081455	0.52075756	0.5207867622375488	sub-129405	ses-1		dir-AP	acq-multiband	space-ACPC			DSIStudio	autotrackgqi
Association_SuperiorLongitudinalFasciculusR	modulated_od	NODDI	/scratch/grmpy/SLURM_11194840_56/job-11194840-56-sub-129405/ds/inputs/data/qsiprep/qsiprep/sub-129405/ses-1/dwi/sub-129405_ses-1_acq-multiband_dir-AP_space-ACPC_desc-preproc_dwi.nii.gz	0.0004829518014102	0.30960673	0.17929547	0.2937103	0.3097563	0.29387748	0.17920955	0.19372763	0.1937348544597625	sub-129405	ses-1		dir-AP	acq-multiband	space-ACPC			DSIStudio	autotrackgqi
Association_SuperiorLongitudinalFasciculusR	nrmse	NODDI	/scratch/grmpy/SLURM_11194840_56/job-11194840-56-sub-129405/ds/inputs/data/qsiprep/qsiprep/sub-129405/ses-1/dwi/sub-129405_ses-1_acq-multiband_dir-AP_space-ACPC_desc-preproc_dwi.nii.gz	0.0003863614411281	0.07736517	0.022089675	0.07407764	0.077395074	0.0740903	0.022041509	0.08660591	0.0866080150008201	sub-129405	ses-1		dir-AP	acq-multiband	space-ACPC			DSIStudio	autotrackgqi
Association_SuperiorLongitudinalFasciculusR	od	NODDI	/scratch/grmpy/SLURM_11194840_56/job-11194840-56-sub-129405/ds/inputs/data/qsiprep/qsiprep/sub-129405/ses-1/dwi/sub-129405_ses-1_acq-multiband_dir-AP_space-ACPC_desc-preproc_dwi.nii.gz	0.0003863614411281	0.3268599	0.18625018	0.31140962	0.32698622	0.3114248	0.18617527	0.20580283	0.2058078497648239	sub-129405	ses-1		dir-AP	acq-multiband	space-ACPC			DSIStudio	autotrackgqi
Association_SuperiorLongitudinalFasciculusR	rmse	NODDI	/scratch/grmpy/SLURM_11194840_56/job-11194840-56-sub-129405/ds/inputs/data/qsiprep/qsiprep/sub-129405/ses-1/dwi/sub-129405_ses-1_acq-multiband_dir-AP_space-ACPC_desc-preproc_dwi.nii.gz	0.0003863614411281	0.039958708	0.0118767405	0.038113583	0.039974153	0.038122028	0.011853022	0.046146147	0.046147271990776	sub-129405	ses-1		dir-AP	acq-multiband	space-ACPC			DSIStudio	autotrackgqi
Association_SuperiorLongitudinalFasciculusR	tf	NODDI	/scratch/grmpy/SLURM_11194840_56/job-11194840-56-sub-129405/ds/inputs/data/qsiprep/qsiprep/sub-129405/ses-1/dwi/sub-129405_ses-1_acq-multiband_dir-AP_space-ACPC_desc-preproc_dwi.nii.gz	0.0007727228822563	0.9514987	0.10392967	1.0	0.9522345	1.0	0.100543834	0.9386709	0.9387233853340148	sub-129405	ses-1		dir-AP	acq-multiband	space-ACPC			DSIStudio	autotrackgqi
Association_UncinateFasciculusR	directions	NODDI	/scratch/grmpy/SLURM_11194840_56/job-11194840-56-sub-129405/ds/inputs/data/qsiprep/qsiprep/sub-129405/ses-1/dwi/sub-129405_ses-1_acq-multiband_dir-AP_space-ACPC_desc-preproc_dwi.nii.gz	0.0	-0.045962173	0.57551783	-0.08578985	-0.045962173	-0.08578985	0.57551783	-0.2211779		sub-129405	ses-1		dir-AP	acq-multiband	space-ACPC			DSIStudio	autotrackgqi
Association_UncinateFasciculusR	icvf	NODDI	/scratch/grmpy/SLURM_11194840_56/job-11194840-56-sub-129405/ds/inputs/data/qsiprep/qsiprep/sub-129405/ses-1/dwi/sub-129405_ses-1_acq-multiband_dir-AP_space-ACPC_desc-preproc_dwi.nii.gz	0.0005036514731805	0.43682075	0.12727296	0.4075872	0.43704087	0.4076167	0.12692662	0.4202336	0.4202623963356018	sub-129405	ses-1		dir-AP	acq-multiband	space-ACPC			DSIStudio	autotrackgqi
Association_UncinateFasciculusR	isovf	NODDI	/scratch/grmpy/SLURM_11194840_56/job-11194840-56-sub-129405/ds/inputs/data/qsiprep/qsiprep/sub-129405/ses-1/dwi/sub-129405_ses-1_acq-multiband_dir-AP_space-ACPC_desc-preproc_dwi.nii.gz	0.6031226391337194	0.06442471	0.14807859	0.0	0.162329	0.083567336	0.19838543	0.02991369	0.0730927810072898	sub-129405	ses-1		dir-AP	acq-multiband	space-ACPC			DSIStudio	autotrackgqi
Association_UncinateFasciculusR	modulated_icvf	NODDI	/scratch/grmpy/SLURM_11194840_56/job-11194840-56-sub-129405/ds/inputs/data/qsiprep/qsiprep/sub-129405/ses-1/dwi/sub-129405_ses-1_acq-multiband_dir-AP_space-ACPC_desc-preproc_dwi.nii.gz	0.0005036514731805	0.39487702	0.07627062	0.39456603	0.395076	0.39456627	0.07577286	0.40486187	0.4048896133899688	sub-129405	ses-1		dir-AP	acq-multiband	space-ACPC			DSIStudio	autotrackgqi
Association_UncinateFasciculusR	modulated_od	NODDI	/scratch/grmpy/SLURM_11194840_56/job-11194840-56-sub-129405/ds/inputs/data/qsiprep/qsiprep/sub-129405/ses-1/dwi/sub-129405_ses-1_acq-multiband_dir-AP_space-ACPC_desc-preproc_dwi.nii.gz	0.0	0.31705624	0.16949543	0.30165157	0.31705624	0.30165157	0.16949543	0.20665064	0.2066506445407867	sub-129405	ses-1		dir-AP	acq-multiband	space-ACPC			DSIStudio	autotrackgqi
Association_UncinateFasciculusR	nrmse	NODDI	/scratch/grmpy/SLURM_11194840_56/job-11194840-56-sub-129405/ds/inputs/data/qsiprep/qsiprep/sub-129405/ses-1/dwi/sub-129405_ses-1_acq-multiband_dir-AP_space-ACPC_desc-preproc_dwi.nii.gz	0.0	0.09386497	0.03727153	0.08592387	0.09386497	0.08592387	0.03727153	0.088696495	0.0886964946985244	sub-129405	ses-1		dir-AP	acq-multiband	space-ACPC			DSIStudio	autotrackgqi
Association_UncinateFasciculusR	od	NODDI	/scratch/grmpy/SLURM_11194840_56/job-11194840-56-sub-129405/ds/inputs/data/qsiprep/qsiprep/sub-129405/ses-1/dwi/sub-129405_ses-1_acq-multiband_dir-AP_space-ACPC_desc-preproc_dwi.nii.gz	0.0	0.34687775	0.18286026	0.33498514	0.34687775	0.33498514	0.18286026	0.21457225	0.2145722508430481	sub-129405	ses-1		dir-AP	acq-multiband	space-ACPC			DSIStudio	autotrackgqi
Association_UncinateFasciculusR	rmse	NODDI	/scratch/grmpy/SLURM_11194840_56/job-11194840-56-sub-129405/ds/inputs/data/qsiprep/qsiprep/sub-129405/ses-1/dwi/sub-129405_ses-1_acq-multiband_dir-AP_space-ACPC_desc-preproc_dwi.nii.gz	0.0	0.046413593	0.022490017	0.04242062	0.046413593	0.04242062	0.022490017	0.044316597	0.0443165972828865	sub-129405	ses-1		dir-AP	acq-multiband	space-ACPC			DSIStudio	autotrackgqi
Association_UncinateFasciculusR	tf	NODDI	/scratch/grmpy/SLURM_11194840_56/job-11194840-56-sub-129405/ds/inputs/data/qsiprep/qsiprep/sub-129405/ses-1/dwi/sub-129405_ses-1_acq-multiband_dir-AP_space-ACPC_desc-preproc_dwi.nii.gz	0.0005036514731805	0.9355753	0.14807859	1.0	0.9360467	1.0	0.14661866	0.9700863	0.9701527953147888	sub-129405	ses-1		dir-AP	acq-multiband	space-ACPC			DSIStudio	autotrackgqi
Association_ExtremeCapsuleL	directions	NODDI	/scratch/grmpy/SLURM_11194840_56/job-11194840-56-sub-129405/ds/inputs/data/qsiprep/qsiprep/sub-129405/ses-1/dwi/sub-129405_ses-1_acq-multiband_dir-AP_space-ACPC_desc-preproc_dwi.nii.gz	4.0	0.09244524	0.56954384	0.10058822	0.09255826	0.10185483	0.5698827	0.34991497		sub-129405	ses-1		dir-AP	acq-multiband	space-ACPC			DSIStudio	autotrackgqi
Association_ExtremeCapsuleL	icvf	NODDI	/scratch/grmpy/SLURM_11194840_56/job-11194840-56-sub-129405/ds/inputs/data/qsiprep/qsiprep/sub-129405/ses-1/dwi/sub-129405_ses-1_acq-multiband_dir-AP_space-ACPC_desc-preproc_dwi.nii.gz	0.0015262515262515	0.49175832	0.09456077	0.4940471	0.49251002	0.49423563	0.09265631	0.5111805	0.5111992359161377	sub-129405	ses-1		dir-AP	acq-multiband	space-ACPC			DSIStudio	autotrackgqi
Association_ExtremeCapsuleL	isovf	NODDI	/scratch/grmpy/SLURM_11194840_56/job-11194840-56-sub-129405/ds/inputs/data/qsiprep/qsiprep/sub-129405/ses-1/dwi/sub-129405_ses-1_acq-multiband_dir-AP_space-ACPC_desc-preproc_dwi.nii.gz	0.4462759462759463	0.048410255	0.09862262	0.011691852	0.08742668	0.060819782	0.11897223	0.041684266	0.0647225230932235	sub-129405	ses-1		dir-AP	acq-multiband	space-ACPC			DSIStudio	autotrackgqi
Association_ExtremeCapsuleL	modulated_icvf	NODDI	/scratch/grmpy/SLURM_11194840_56/job-11194840-56-sub-129405/ds/inputs/data/qsiprep/qsiprep/sub-129405/ses-1/dwi/sub-129405_ses-1_acq-multiband_dir-AP_space-ACPC_desc-preproc_dwi.nii.gz	0.0015262515262515	0.46390903	0.081128374	0.47910184	0.46461815	0.47924003	0.079135336	0.48778206	0.4877999424934387	sub-129405	ses-1		dir-AP	acq-multiband	space-ACPC			DSIStudio	autotrackgqi
Association_ExtremeCapsuleL	modulated_od	NODDI	/scratch/grmpy/SLURM_11194840_56/job-11194840-56-sub-129405/ds/inputs/data/qsiprep/qsiprep/sub-129405/ses-1/dwi/sub-129405_ses-1_acq-multiband_dir-AP_space-ACPC_desc-preproc_dwi.nii.gz	0.0015262515262515	0.2759908	0.17405815	0.2660992	0.2764127	0.26641122	0.1738561	0.22239362	0.2224017679691314	sub-129405	ses-1		dir-AP	acq-multiband	space-ACPC			DSIStudio	autotrackgqi
Association_ExtremeCapsuleL	nrmse	NODDI	/scratch/grmpy/SLURM_11194840_56/job-11194840-56-sub-129405/ds/inputs/data/qsiprep/qsiprep/sub-129405/ses-1/dwi/sub-129405_ses-1_acq-multiband_dir-AP_space-ACPC_desc-preproc_dwi.nii.gz	0.0012210012210012	0.0838361	0.024950325	0.08077086	0.08393859	0.08078415	0.02479268	0.08404419	0.0840465053915977	sub-129405	ses-1		dir-AP	acq-multiband	space-ACPC			DSIStudio	autotrackgqi
Association_ExtremeCapsuleL	od	NODDI	/scratch/grmpy/SLURM_11194840_56/job-11194840-56-sub-129405/ds/inputs/data/qsiprep/qsiprep/sub-129405/ses-1/dwi/sub-129405_ses-1_acq-multiband_dir-AP_space-ACPC_desc-preproc_dwi.nii.gz	0.0012210012210012	0.29194525	0.18175358	0.283471	0.29230216	0.2836169	0.1815776	0.23173693	0.2317433208227157	sub-129405	ses-1		dir-AP	acq-multiband	space-ACPC			DSIStudio	autotrackgqi
Association_ExtremeCapsuleL	rmse	NODDI	/scratch/grmpy/SLURM_11194840_56/job-11194840-56-sub-129405/ds/inputs/data/qsiprep/qsiprep/sub-129405/ses-1/dwi/sub-129405_ses-1_acq-multiband_dir-AP_space-ACPC_desc-preproc_dwi.nii.gz	0.0012210012210012	0.043073036	0.011622086	0.041934706	0.043125693	0.041939482	0.011531139	0.04405865	0.0440598614513874	sub-129405	ses-1		dir-AP	acq-multiband	space-ACPC			DSIStudio	autotrackgqi
Association_ExtremeCapsuleL	tf	NODDI	/scratch/grmpy/SLURM_11194840_56/job-11194840-56-sub-129405/ds/inputs/data/qsiprep/qsiprep/sub-129405/ses-1/dwi/sub-129405_ses-1_acq-multiband_dir-AP_space-ACPC_desc-preproc_dwi.nii.gz	0.0015262515262515	0.9503687	0.1040563	0.98805654	0.95182145	0.9882504	0.09727042	0.95828825	0.9583234190940856	sub-129405	ses-1		dir-AP	acq-multiband	space-ACPC			DSIStudio	autotrackgqi
Association_MiddleLongitudinalFasciculusR	directions	NODDI	/scratch/grmpy/SLURM_11194840_56/job-11194840-56-sub-129405/ds/inputs/data/qsiprep/qsiprep/sub-129405/ses-1/dwi/sub-129405_ses-1_acq-multiband_dir-AP_space-ACPC_desc-preproc_dwi.nii.gz	2.0	-0.04574354	0.5752936	-0.056425873	-0.04578174	-0.057519138	0.57553226	-0.046815723		sub-129405	ses-1		dir-AP	acq-multiband	space-ACPC			DSIStudio	autotrackgqi
Association_MiddleLongitudinalFasciculusR	icvf	NODDI	/scratch/grmpy/SLURM_11194840_56/job-11194840-56-sub-129405/ds/inputs/data/qsiprep/qsiprep/sub-129405/ses-1/dwi/sub-129405_ses-1_acq-multiband_dir-AP_space-ACPC_desc-preproc_dwi.nii.gz	0.0008343763037129	0.47209617	0.065918796	0.46907037	0.4724904	0.46913093	0.064518556	0.4827736	0.4827806949615478	sub-129405	ses-1		dir-AP	acq-multiband	space-ACPC			DSIStudio	autotrackgqi
Association_MiddleLongitudinalFasciculusR	isovf	NODDI	/scratch/grmpy/SLURM_11194840_56/job-11194840-56-sub-129405/ds/inputs/data/qsiprep/qsiprep/sub-129405/ses-1/dwi/sub-129405_ses-1_acq-multiband_dir-AP_space-ACPC_desc-preproc_dwi.nii.gz	0.5531914893617021	0.031074107	0.058555055	0.0	0.06954681	0.05384301	0.07069717	0.04797842	0.0679555386304855	sub-129405	ses-1		dir-AP	acq-multiband	space-ACPC			DSIStudio	autotrackgqi
Association_MiddleLongitudinalFasciculusR	modulated_icvf	NODDI	/scratch/grmpy/SLURM_11194840_56/job-11194840-56-sub-129405/ds/inputs/data/qsiprep/qsiprep/sub-129405/ses-1/dwi/sub-129405_ses-1_acq-multiband_dir-AP_space-ACPC_desc-preproc_dwi.nii.gz	0.0008343763037129	0.4565696	0.06241385	0.4599903	0.45695087	0.46022984	0.06102885	0.45876876	0.4587754905223846	sub-129405	ses-1		dir-AP	acq-multiband	space-ACPC			DSIStudio	autotrackgqi
Association_MiddleLongitudinalFasciculusR	modulated_od	NODDI	/scratch/grmpy/SLURM_11194840_56/job-11194840-56-sub-129405/ds/inputs/data/qsiprep/qsiprep/sub-129405/ses-1/dwi/sub-129405_ses-1_acq-multiband_dir-AP_space-ACPC_desc-preproc_dwi.nii.gz	0.0008343763037129	0.3059959	0.18506154	0.27881098	0.30625144	0.27903575	0.18492734	0.18000405	0.1800066977739334	sub-129405	ses-1		dir-AP	acq-multiband	space-ACPC			DSIStudio	autotrackgqi
Association_MiddleLongitudinalFasciculusR	nrmse	NODDI	/scratch/grmpy/SLURM_11194840_56/job-11194840-56-sub-129405/ds/inputs/data/qsiprep/qsiprep/sub-129405/ses-1/dwi/sub-129405_ses-1_acq-multiband_dir-AP_space-ACPC_desc-preproc_dwi.nii.gz	0.0008343763037129	0.075096846	0.021085288	0.07237003	0.07515956	0.07240953	0.02098207	0.08031949	0.0803206637501716	sub-129405	ses-1		dir-AP	acq-multiband	space-ACPC			DSIStudio	autotrackgqi
Association_MiddleLongitudinalFasciculusR	od	NODDI	/scratch/grmpy/SLURM_11194840_56/job-11194840-56-sub-129405/ds/inputs/data/qsiprep/qsiprep/sub-129405/ses-1/dwi/sub-129405_ses-1_acq-multiband_dir-AP_space-ACPC_desc-preproc_dwi.nii.gz	0.0008343763037129	0.3137172	0.18632802	0.28685898	0.31397918	0.2868985	0.18618505	0.18705015	0.1870529055595398	sub-129405	ses-1		dir-AP	acq-multiband	space-ACPC			DSIStudio	autotrackgqi
Association_MiddleLongitudinalFasciculusR	rmse	NODDI	/scratch/grmpy/SLURM_11194840_56/job-11194840-56-sub-129405/ds/inputs/data/qsiprep/qsiprep/sub-129405/ses-1/dwi/sub-129405_ses-1_acq-multiband_dir-AP_space-ACPC_desc-preproc_dwi.nii.gz	0.0008343763037129	0.03888275	0.0115911625	0.037236217	0.03891522	0.03725541	0.011541389	0.04140704	0.0414076521992683	sub-129405	ses-1		dir-AP	acq-multiband	space-ACPC			DSIStudio	autotrackgqi
Association_MiddleLongitudinalFasciculusR	tf	NODDI	/scratch/grmpy/SLURM_11194840_56/job-11194840-56-sub-129405/ds/inputs/data/qsiprep/qsiprep/sub-129405/ses-1/dwi/sub-129405_ses-1_acq-multiband_dir-AP_space-ACPC_desc-preproc_dwi.nii.gz	0.0008343763037129	0.96809155	0.064888515	1.0	0.96889997	1.0	0.05857261	0.95200694	0.9520208835601808	sub-129405	ses-1		dir-AP	acq-multiband	space-ACPC			DSIStudio	autotrackgqi
Association_ArcuateFasciculusL	directions	NODDI	/scratch/grmpy/SLURM_11194840_56/job-11194840-56-sub-129405/ds/inputs/data/qsiprep/qsiprep/sub-129405/ses-1/dwi/sub-129405_ses-1_acq-multiband_dir-AP_space-ACPC_desc-preproc_dwi.nii.gz	32.0	-0.09553813	0.5680905	-0.13209677	-0.095963925	-0.13798738	0.5693191	-0.52394444		sub-129405	ses-1		dir-AP	acq-multiband	space-ACPC			DSIStudio	autotrackgqi
Association_ArcuateFasciculusL	icvf	NODDI	/scratch/grmpy/SLURM_11194840_56/job-11194840-56-sub-129405/ds/inputs/data/qsiprep/qsiprep/sub-129405/ses-1/dwi/sub-129405_ses-1_acq-multiband_dir-AP_space-ACPC_desc-preproc_dwi.nii.gz	0.00471436494731	0.4893077	0.118099324	0.46950793	0.4916254	0.47039792	0.113463975	0.56286114	0.5631294250488281	sub-129405	ses-1		dir-AP	acq-multiband	space-ACPC			DSIStudio	autotrackgqi
Association_ArcuateFasciculusL	isovf	NODDI	/scratch/grmpy/SLURM_11194840_56/job-11194840-56-sub-129405/ds/inputs/data/qsiprep/qsiprep/sub-129405/ses-1/dwi/sub-129405_ses-1_acq-multiband_dir-AP_space-ACPC_desc-preproc_dwi.nii.gz	0.5345257903494176	0.049282234	0.10636077	0.0	0.10587532	0.07244954	0.13532038	0.061355963	0.0829110592603683	sub-129405	ses-1		dir-AP	acq-multiband	space-ACPC			DSIStudio	autotrackgqi
Association_ArcuateFasciculusL	modulated_icvf	NODDI	/scratch/grmpy/SLURM_11194840_56/job-11194840-56-sub-129405/ds/inputs/data/qsiprep/qsiprep/sub-129405/ses-1/dwi/sub-129405_ses-1_acq-multiband_dir-AP_space-ACPC_desc-preproc_dwi.nii.gz	0.00471436494731	0.4590959	0.096772335	0.45727968	0.46127048	0.4578995	0.091685146	0.5249098	0.5251599550247192	sub-129405	ses-1		dir-AP	acq-multiband	space-ACPC			DSIStudio	autotrackgqi
Association_ArcuateFasciculusL	modulated_od	NODDI	/scratch/grmpy/SLURM_11194840_56/job-11194840-56-sub-129405/ds/inputs/data/qsiprep/qsiprep/sub-129405/ses-1/dwi/sub-129405_ses-1_acq-multiband_dir-AP_space-ACPC_desc-preproc_dwi.nii.gz	0.0044370493621741	0.3283862	0.18710428	0.29806507	0.32984975	0.2990434	0.18622911	0.19909634	0.1991753876209259	sub-129405	ses-1		dir-AP	acq-multiband	space-ACPC			DSIStudio	autotrackgqi
Association_ArcuateFasciculusL	nrmse	NODDI	/scratch/grmpy/SLURM_11194840_56/job-11194840-56-sub-129405/ds/inputs/data/qsiprep/qsiprep/sub-129405/ses-1/dwi/sub-129405_ses-1_acq-multiband_dir-AP_space-ACPC_desc-preproc_dwi.nii.gz	0.0044370493621741	0.084247954	0.036024977	0.077531226	0.08462343	0.077672765	0.035662428	0.09218445	0.092221051454544	sub-129405	ses-1		dir-AP	acq-multiband	space-ACPC			DSIStudio	autotrackgqi
Association_ArcuateFasciculusL	od	NODDI	/scratch/grmpy/SLURM_11194840_56/job-11194840-56-sub-129405/ds/inputs/data/qsiprep/qsiprep/sub-129405/ses-1/dwi/sub-129405_ses-1_acq-multiband_dir-AP_space-ACPC_desc-preproc_dwi.nii.gz	0.0044370493621741	0.3464103	0.19198123	0.31822538	0.34795418	0.3192296	0.19100745	0.21092756	0.2110113203525543	sub-129405	ses-1		dir-AP	acq-multiband	space-ACPC			DSIStudio	autotrackgqi
Association_ArcuateFasciculusL	rmse	NODDI	/scratch/grmpy/SLURM_11194840_56/job-11194840-56-sub-129405/ds/inputs/data/qsiprep/qsiprep/sub-129405/ses-1/dwi/sub-129405_ses-1_acq-multiband_dir-AP_space-ACPC_desc-preproc_dwi.nii.gz	0.0044370493621741	0.043938924	0.025459684	0.039882123	0.04413475	0.039951123	0.025346432	0.04942179	0.0494414195418357	sub-129405	ses-1		dir-AP	acq-multiband	space-ACPC			DSIStudio	autotrackgqi
Association_ArcuateFasciculusL	tf	NODDI	/scratch/grmpy/SLURM_11194840_56/job-11194840-56-sub-129405/ds/inputs/data/qsiprep/qsiprep/sub-129405/ses-1/dwi/sub-129405_ses-1_acq-multiband_dir-AP_space-ACPC_desc-preproc_dwi.nii.gz	0.00471436494731	0.94628066	0.12366342	1.0	0.9507629	1.0	0.10537327	0.93824714	0.9386942982673644	sub-129405	ses-1		dir-AP	acq-multiband	space-ACPC			DSIStudio	autotrackgqi
Association_ParietalAslantTractL	directions	NODDI	/scratch/grmpy/SLURM_11194840_56/job-11194840-56-sub-129405/ds/inputs/data/qsiprep/qsiprep/sub-129405/ses-1/dwi/sub-129405_ses-1_acq-multiband_dir-AP_space-ACPC_desc-preproc_dwi.nii.gz	125.0	-0.06728578	0.56763357	-0.05213049	-0.06864454	-0.07510784	0.573255	-0.21289113		sub-129405	ses-1		dir-AP	acq-multiband	space-ACPC			DSIStudio	autotrackgqi
Association_ParietalAslantTractL	icvf	NODDI	/scratch/grmpy/SLURM_11194840_56/job-11194840-56-sub-129405/ds/inputs/data/qsiprep/qsiprep/sub-129405/ses-1/dwi/sub-129405_ses-1_acq-multiband_dir-AP_space-ACPC_desc-preproc_dwi.nii.gz	0.0197941409342834	0.4425076	0.11066689	0.42363638	0.45144355	0.42363638	0.09198047	0.50232464	0.503251850605011	sub-129405	ses-1		dir-AP	acq-multiband	space-ACPC			DSIStudio	autotrackgqi
Association_ParietalAslantTractL	isovf	NODDI	/scratch/grmpy/SLURM_11194840_56/job-11194840-56-sub-129405/ds/inputs/data/qsiprep/qsiprep/sub-129405/ses-1/dwi/sub-129405_ses-1_acq-multiband_dir-AP_space-ACPC_desc-preproc_dwi.nii.gz	0.7162311955661125	0.02653723	0.07465472	0.0	0.09351708	0.064511955	0.11565735	0.039750703	0.0695761740207672	sub-129405	ses-1		dir-AP	acq-multiband	space-ACPC			DSIStudio	autotrackgqi
Association_ParietalAslantTractL	modulated_icvf	NODDI	/scratch/grmpy/SLURM_11194840_56/job-11194840-56-sub-129405/ds/inputs/data/qsiprep/qsiprep/sub-129405/ses-1/dwi/sub-129405_ses-1_acq-multiband_dir-AP_space-ACPC_desc-preproc_dwi.nii.gz	0.0197941409342834	0.42700765	0.09491301	0.42363638	0.43563056	0.42363638	0.07371555	0.47968128	0.4805667400360107	sub-129405	ses-1		dir-AP	acq-multiband	space-ACPC			DSIStudio	autotrackgqi
Association_ParietalAslantTractL	modulated_od	NODDI	/scratch/grmpy/SLURM_11194840_56/job-11194840-56-sub-129405/ds/inputs/data/qsiprep/qsiprep/sub-129405/ses-1/dwi/sub-129405_ses-1_acq-multiband_dir-AP_space-ACPC_desc-preproc_dwi.nii.gz	0.0197941409342834	0.3807302	0.19133201	0.39024505	0.3884186	0.39604098	0.18536685	0.2676958	0.268189936876297	sub-129405	ses-1		dir-AP	acq-multiband	space-ACPC			DSIStudio	autotrackgqi
Association_ParietalAslantTractL	nrmse	NODDI	/scratch/grmpy/SLURM_11194840_56/job-11194840-56-sub-129405/ds/inputs/data/qsiprep/qsiprep/sub-129405/ses-1/dwi/sub-129405_ses-1_acq-multiband_dir-AP_space-ACPC_desc-preproc_dwi.nii.gz	0.0197941409342834	0.071932174	0.0338738	0.0650938	0.07338476	0.065651305	0.03261913	0.07660048	0.076741874217987	sub-129405	ses-1		dir-AP	acq-multiband	space-ACPC			DSIStudio	autotrackgqi
Association_ParietalAslantTractL	od	NODDI	/scratch/grmpy/SLURM_11194840_56/job-11194840-56-sub-129405/ds/inputs/data/qsiprep/qsiprep/sub-129405/ses-1/dwi/sub-129405_ses-1_acq-multiband_dir-AP_space-ACPC_desc-preproc_dwi.nii.gz	0.0197941409342834	0.39024243	0.19196549	0.4012827	0.3981229	0.40629917	0.18562731	0.27595633	0.2764657139778137	sub-129405	ses-1		dir-AP	acq-multiband	space-ACPC			DSIStudio	autotrackgqi
Association_ParietalAslantTractL	rmse	NODDI	/scratch/grmpy/SLURM_11194840_56/job-11194840-56-sub-129405/ds/inputs/data/qsiprep/qsiprep/sub-129405/ses-1/dwi/sub-129405_ses-1_acq-multiband_dir-AP_space-ACPC_desc-preproc_dwi.nii.gz	0.0197941409342834	0.03721168	0.025814978	0.033307068	0.037963126	0.0335454	0.025521426	0.040127333	0.0402014032006263	sub-129405	ses-1		dir-AP	acq-multiband	space-ACPC			DSIStudio	autotrackgqi
Association_ParietalAslantTractL	tf	NODDI	/scratch/grmpy/SLURM_11194840_56/job-11194840-56-sub-129405/ds/inputs/data/qsiprep/qsiprep/sub-129405/ses-1/dwi/sub-129405_ses-1_acq-multiband_dir-AP_space-ACPC_desc-preproc_dwi.nii.gz	0.0197941409342834	0.9536686	0.1546774	1.0	0.9729268	1.0	0.07530848	0.9584069	0.9601759910583496	sub-129405	ses-1		dir-AP	acq-multiband	space-ACPC			DSIStudio	autotrackgqi
Association_InferiorLongitudinalFasciculusR	directions	NODDI	/scratch/grmpy/SLURM_11194840_56/job-11194840-56-sub-129405/ds/inputs/data/qsiprep/qsiprep/sub-129405/ses-1/dwi/sub-129405_ses-1_acq-multiband_dir-AP_space-ACPC_desc-preproc_dwi.nii.gz	36.0	0.009780288	0.5762892	-0.0067904503	0.00981351	-0.009344129	0.5772669	0.20186839		sub-129405	ses-1		dir-AP	acq-multiband	space-ACPC			DSIStudio	autotrackgqi
Association_InferiorLongitudinalFasciculusR	icvf	NODDI	/scratch/grmpy/SLURM_11194840_56/job-11194840-56-sub-129405/ds/inputs/data/qsiprep/qsiprep/sub-129405/ses-1/dwi/sub-129405_ses-1_acq-multiband_dir-AP_space-ACPC_desc-preproc_dwi.nii.gz	0.0035734436712431	0.4587218	0.092375085	0.44460732	0.46036687	0.44495922	0.088353895	0.48198438	0.4820711016654968	sub-129405	ses-1		dir-AP	acq-multiband	space-ACPC			DSIStudio	autotrackgqi
Association_InferiorLongitudinalFasciculusR	isovf	NODDI	/scratch/grmpy/SLURM_11194840_56/job-11194840-56-sub-129405/ds/inputs/data/qsiprep/qsiprep/sub-129405/ses-1/dwi/sub-129405_ses-1_acq-multiband_dir-AP_space-ACPC_desc-preproc_dwi.nii.gz	0.5037615196539402	0.048926447	0.09726109	0.0	0.09859462	0.07089177	0.11902031	0.057938993	0.0816573128104209	sub-129405	ses-1		dir-AP	acq-multiband	space-ACPC			DSIStudio	autotrackgqi
Association_InferiorLongitudinalFasciculusR	modulated_icvf	NODDI	/scratch/grmpy/SLURM_11194840_56/job-11194840-56-sub-129405/ds/inputs/data/qsiprep/qsiprep/sub-129405/ses-1/dwi/sub-129405_ses-1_acq-multiband_dir-AP_space-ACPC_desc-preproc_dwi.nii.gz	0.0035734436712431	0.43209478	0.07738645	0.4290362	0.43364438	0.42948574	0.07306273	0.45162946	0.4517107605934143	sub-129405	ses-1		dir-AP	acq-multiband	space-ACPC			DSIStudio	autotrackgqi
Association_InferiorLongitudinalFasciculusR	modulated_od	NODDI	/scratch/grmpy/SLURM_11194840_56/job-11194840-56-sub-129405/ds/inputs/data/qsiprep/qsiprep/sub-129405/ses-1/dwi/sub-129405_ses-1_acq-multiband_dir-AP_space-ACPC_desc-preproc_dwi.nii.gz	0.0034794056798946	0.29813123	0.19517429	0.2699342	0.29917216	0.27153063	0.19471669	0.1916838	0.1917128711938858	sub-129405	ses-1		dir-AP	acq-multiband	space-ACPC			DSIStudio	autotrackgqi
Association_InferiorLongitudinalFasciculusR	nrmse	NODDI	/scratch/grmpy/SLURM_11194840_56/job-11194840-56-sub-129405/ds/inputs/data/qsiprep/qsiprep/sub-129405/ses-1/dwi/sub-129405_ses-1_acq-multiband_dir-AP_space-ACPC_desc-preproc_dwi.nii.gz	0.0033853676885461	0.08076579	0.025939878	0.07721302	0.08104014	0.07729535	0.025552485	0.08275892	0.0827706530690193	sub-129405	ses-1		dir-AP	acq-multiband	space-ACPC			DSIStudio	autotrackgqi
Association_InferiorLongitudinalFasciculusR	od	NODDI	/scratch/grmpy/SLURM_11194840_56/job-11194840-56-sub-129405/ds/inputs/data/qsiprep/qsiprep/sub-129405/ses-1/dwi/sub-129405_ses-1_acq-multiband_dir-AP_space-ACPC_desc-preproc_dwi.nii.gz	0.0033853676885461	0.31089193	0.19717419	0.28507522	0.311948	0.2860945	0.19667307	0.20116833	0.201196864247322	sub-129405	ses-1		dir-AP	acq-multiband	space-ACPC			DSIStudio	autotrackgqi
Association_InferiorLongitudinalFasciculusR	rmse	NODDI	/scratch/grmpy/SLURM_11194840_56/job-11194840-56-sub-129405/ds/inputs/data/qsiprep/qsiprep/sub-129405/ses-1/dwi/sub-129405_ses-1_acq-multiband_dir-AP_space-ACPC_desc-preproc_dwi.nii.gz	0.0033853676885461	0.040976904	0.01488651	0.03903877	0.0411161	0.03908287	0.014718623	0.042335257	0.0423412658274173	sub-129405	ses-1		dir-AP	acq-multiband	space-ACPC			DSIStudio	autotrackgqi
Association_InferiorLongitudinalFasciculusR	tf	NODDI	/scratch/grmpy/SLURM_11194840_56/job-11194840-56-sub-129405/ds/inputs/data/qsiprep/qsiprep/sub-129405/ses-1/dwi/sub-129405_ses-1_acq-multiband_dir-AP_space-ACPC_desc-preproc_dwi.nii.gz	0.0035734436712431	0.94768816	0.11181395	1.0	0.9510868	1.0	0.0965131	0.94191915	0.9420886635780334	sub-129405	ses-1		dir-AP	acq-multiband	space-ACPC			DSIStudio	autotrackgqi
Association_ExtremeCapsuleR	directions	NODDI	/scratch/grmpy/SLURM_11194840_56/job-11194840-56-sub-129405/ds/inputs/data/qsiprep/qsiprep/sub-129405/ses-1/dwi/sub-129405_ses-1_acq-multiband_dir-AP_space-ACPC_desc-preproc_dwi.nii.gz	6.0	0.0025800192	0.5767184	-0.058091115	0.0025856239	-0.05973021	0.5773445	0.09186243		sub-129405	ses-1		dir-AP	acq-multiband	space-ACPC			DSIStudio	autotrackgqi
Association_ExtremeCapsuleR	icvf	NODDI	/scratch/grmpy/SLURM_11194840_56/job-11194840-56-sub-129405/ds/inputs/data/qsiprep/qsiprep/sub-129405/ses-1/dwi/sub-129405_ses-1_acq-multiband_dir-AP_space-ACPC_desc-preproc_dwi.nii.gz	0.0021676300578034	0.492912	0.09382793	0.4899128	0.49398276	0.49026072	0.09107065	0.51767826	0.5177615284919739	sub-129405	ses-1		dir-AP	acq-multiband	space-ACPC			DSIStudio	autotrackgqi
Association_ExtremeCapsuleR	isovf	NODDI	/scratch/grmpy/SLURM_11194840_56/job-11194840-56-sub-129405/ds/inputs/data/qsiprep/qsiprep/sub-129405/ses-1/dwi/sub-129405_ses-1_acq-multiband_dir-AP_space-ACPC_desc-preproc_dwi.nii.gz	0.4324421965317919	0.05020184	0.092918366	0.01584988	0.088452384	0.061521653	0.10876067	0.0596673	0.082925334572792	sub-129405	ses-1		dir-AP	acq-multiband	space-ACPC			DSIStudio	autotrackgqi
Association_ExtremeCapsuleR	modulated_icvf	NODDI	/scratch/grmpy/SLURM_11194840_56/job-11194840-56-sub-129405/ds/inputs/data/qsiprep/qsiprep/sub-129405/ses-1/dwi/sub-129405_ses-1_acq-multiband_dir-AP_space-ACPC_desc-preproc_dwi.nii.gz	0.0021676300578034	0.4662606	0.088138975	0.47630495	0.46727347	0.47667757	0.08551061	0.48590955	0.4859876632690429	sub-129405	ses-1		dir-AP	acq-multiband	space-ACPC			DSIStudio	autotrackgqi
Association_ExtremeCapsuleR	modulated_od	NODDI	/scratch/grmpy/SLURM_11194840_56/job-11194840-56-sub-129405/ds/inputs/data/qsiprep/qsiprep/sub-129405/ses-1/dwi/sub-129405_ses-1_acq-multiband_dir-AP_space-ACPC_desc-preproc_dwi.nii.gz	0.0021676300578034	0.2496845	0.17340894	0.23166415	0.2502269	0.2323719	0.17320585	0.18873642	0.1887667775154113	sub-129405	ses-1		dir-AP	acq-multiband	space-ACPC			DSIStudio	autotrackgqi
Association_ExtremeCapsuleR	nrmse	NODDI	/scratch/grmpy/SLURM_11194840_56/job-11194840-56-sub-129405/ds/inputs/data/qsiprep/qsiprep/sub-129405/ses-1/dwi/sub-129405_ses-1_acq-multiband_dir-AP_space-ACPC_desc-preproc_dwi.nii.gz	0.0021676300578034	0.07801641	0.020716498	0.075983666	0.078185886	0.07601538	0.020417022	0.081602626	0.0816157460212707	sub-129405	ses-1		dir-AP	acq-multiband	space-ACPC			DSIStudio	autotrackgqi
Association_ExtremeCapsuleR	od	NODDI	/scratch/grmpy/SLURM_11194840_56/job-11194840-56-sub-129405/ds/inputs/data/qsiprep/qsiprep/sub-129405/ses-1/dwi/sub-129405_ses-1_acq-multiband_dir-AP_space-ACPC_desc-preproc_dwi.nii.gz	0.0021676300578034	0.26025558	0.17603669	0.24383217	0.26082096	0.24412784	0.1758089	0.19856912	0.1986010670661926	sub-129405	ses-1		dir-AP	acq-multiband	space-ACPC			DSIStudio	autotrackgqi
Association_ExtremeCapsuleR	rmse	NODDI	/scratch/grmpy/SLURM_11194840_56/job-11194840-56-sub-129405/ds/inputs/data/qsiprep/qsiprep/sub-129405/ses-1/dwi/sub-129405_ses-1_acq-multiband_dir-AP_space-ACPC_desc-preproc_dwi.nii.gz	0.0021676300578034	0.040415663	0.011243117	0.039411075	0.04050346	0.03942828	0.011096224	0.04261083	0.0426176860928535	sub-129405	ses-1		dir-AP	acq-multiband	space-ACPC			DSIStudio	autotrackgqi
Association_ExtremeCapsuleR	tf	NODDI	/scratch/grmpy/SLURM_11194840_56/job-11194840-56-sub-129405/ds/inputs/data/qsiprep/qsiprep/sub-129405/ses-1/dwi/sub-129405_ses-1_acq-multiband_dir-AP_space-ACPC_desc-preproc_dwi.nii.gz	0.0021676300578034	0.9476306	0.102854826	0.9837948	0.94968915	0.9838922	0.09298974	0.94017184	0.9403231143951416	sub-129405	ses-1		dir-AP	acq-multiband	space-ACPC			DSIStudio	autotrackgqi
Association_FrontalAslantTractL	directions	NODDI	/scratch/grmpy/SLURM_11194840_56/job-11194840-56-sub-129405/ds/inputs/data/qsiprep/qsiprep/sub-129405/ses-1/dwi/sub-129405_ses-1_acq-multiband_dir-AP_space-ACPC_desc-preproc_dwi.nii.gz	2.0	-0.08049659	0.5715699	-0.12166982	-0.08053559	-0.121848166	0.5717057	-0.47676978		sub-129405	ses-1		dir-AP	acq-multiband	space-ACPC			DSIStudio	autotrackgqi
Association_FrontalAslantTractL	icvf	NODDI	/scratch/grmpy/SLURM_11194840_56/job-11194840-56-sub-129405/ds/inputs/data/qsiprep/qsiprep/sub-129405/ses-1/dwi/sub-129405_ses-1_acq-multiband_dir-AP_space-ACPC_desc-preproc_dwi.nii.gz	0.0014527845036319	0.48179537	0.11348159	0.47183198	0.48249635	0.47198668	0.11206514	0.522601	0.5227031707763672	sub-129405	ses-1		dir-AP	acq-multiband	space-ACPC			DSIStudio	autotrackgqi
Association_FrontalAslantTractL	isovf	NODDI	/scratch/grmpy/SLURM_11194840_56/job-11194840-56-sub-129405/ds/inputs/data/qsiprep/qsiprep/sub-129405/ses-1/dwi/sub-129405_ses-1_acq-multiband_dir-AP_space-ACPC_desc-preproc_dwi.nii.gz	0.4523002421307506	0.06483819	0.13662665	0.0148787545	0.11838273	0.0725009	0.1665638	0.055652525	0.0763808935880661	sub-129405	ses-1		dir-AP	acq-multiband	space-ACPC			DSIStudio	autotrackgqi
Association_FrontalAslantTractL	modulated_icvf	NODDI	/scratch/grmpy/SLURM_11194840_56/job-11194840-56-sub-129405/ds/inputs/data/qsiprep/qsiprep/sub-129405/ses-1/dwi/sub-129405_ses-1_acq-multiband_dir-AP_space-ACPC_desc-preproc_dwi.nii.gz	0.0014527845036319	0.44411284	0.095045865	0.45233488	0.44475898	0.45246306	0.09359211	0.48996112	0.4900569319725036	sub-129405	ses-1		dir-AP	acq-multiband	space-ACPC			DSIStudio	autotrackgqi
Association_FrontalAslantTractL	modulated_od	NODDI	/scratch/grmpy/SLURM_11194840_56/job-11194840-56-sub-129405/ds/inputs/data/qsiprep/qsiprep/sub-129405/ses-1/dwi/sub-129405_ses-1_acq-multiband_dir-AP_space-ACPC_desc-preproc_dwi.nii.gz	0.0007263922518159	0.30995214	0.17162563	0.288185	0.31017745	0.28843644	0.17148435	0.23144108	0.2314469367265701	sub-129405	ses-1		dir-AP	acq-multiband	space-ACPC			DSIStudio	autotrackgqi
Association_FrontalAslantTractL	nrmse	NODDI	/scratch/grmpy/SLURM_11194840_56/job-11194840-56-sub-129405/ds/inputs/data/qsiprep/qsiprep/sub-129405/ses-1/dwi/sub-129405_ses-1_acq-multiband_dir-AP_space-ACPC_desc-preproc_dwi.nii.gz	0.0004842615012106	0.08987044	0.02706184	0.08658756	0.08991398	0.08659381	0.026995983	0.09371012	0.0937119573354721	sub-129405	ses-1		dir-AP	acq-multiband	space-ACPC			DSIStudio	autotrackgqi
Association_FrontalAslantTractL	od	NODDI	/scratch/grmpy/SLURM_11194840_56/job-11194840-56-sub-129405/ds/inputs/data/qsiprep/qsiprep/sub-129405/ses-1/dwi/sub-129405_ses-1_acq-multiband_dir-AP_space-ACPC_desc-preproc_dwi.nii.gz	0.0004842615012106	0.33669612	0.1825963	0.31290472	0.33685923	0.3129338	0.18249002	0.24650872	0.2465135604143142	sub-129405	ses-1		dir-AP	acq-multiband	space-ACPC			DSIStudio	autotrackgqi
Association_FrontalAslantTractL	rmse	NODDI	/scratch/grmpy/SLURM_11194840_56/job-11194840-56-sub-129405/ds/inputs/data/qsiprep/qsiprep/sub-129405/ses-1/dwi/sub-129405_ses-1_acq-multiband_dir-AP_space-ACPC_desc-preproc_dwi.nii.gz	0.0004842615012106	0.045745358	0.014134045	0.044224095	0.045767523	0.04423731	0.014101548	0.04910424	0.049105204641819	sub-129405	ses-1		dir-AP	acq-multiband	space-ACPC			DSIStudio	autotrackgqi
Association_FrontalAslantTractL	tf	NODDI	/scratch/grmpy/SLURM_11194840_56/job-11194840-56-sub-129405/ds/inputs/data/qsiprep/qsiprep/sub-129405/ses-1/dwi/sub-129405_ses-1_acq-multiband_dir-AP_space-ACPC_desc-preproc_dwi.nii.gz	0.0014527845036319	0.93467754	0.13815959	0.9848758	0.9360374	0.9852719	0.13357756	0.9443278	0.9445124864578248	sub-129405	ses-1		dir-AP	acq-multiband	space-ACPC			DSIStudio	autotrackgqi
Association_InferiorFrontoOccipitalFasciculusL	directions	NODDI	/scratch/grmpy/SLURM_11194840_56/job-11194840-56-sub-129405/ds/inputs/data/qsiprep/qsiprep/sub-129405/ses-1/dwi/sub-129405_ses-1_acq-multiband_dir-AP_space-ACPC_desc-preproc_dwi.nii.gz	64.0	-0.05702193	0.57249016	-0.08797062	-0.057424515	-0.09307494	0.5744874	-0.09326471		sub-129405	ses-1		dir-AP	acq-multiband	space-ACPC			DSIStudio	autotrackgqi
Association_InferiorFrontoOccipitalFasciculusL	icvf	NODDI	/scratch/grmpy/SLURM_11194840_56/job-11194840-56-sub-129405/ds/inputs/data/qsiprep/qsiprep/sub-129405/ses-1/dwi/sub-129405_ses-1_acq-multiband_dir-AP_space-ACPC_desc-preproc_dwi.nii.gz	0.0075583305948077	0.466607	0.105492674	0.45829222	0.47016063	0.45935	0.09768666	0.49061093	0.4907233417034149	sub-129405	ses-1		dir-AP	acq-multiband	space-ACPC			DSIStudio	autotrackgqi
Association_InferiorFrontoOccipitalFasciculusL	isovf	NODDI	/scratch/grmpy/SLURM_11194840_56/job-11194840-56-sub-129405/ds/inputs/data/qsiprep/qsiprep/sub-129405/ses-1/dwi/sub-129405_ses-1_acq-multiband_dir-AP_space-ACPC_desc-preproc_dwi.nii.gz	0.4681783327856282	0.051173374	0.107899055	0.009097675	0.09622281	0.063991316	0.13250056	0.0478116	0.0657878518104553	sub-129405	ses-1		dir-AP	acq-multiband	space-ACPC			DSIStudio	autotrackgqi
Association_InferiorFrontoOccipitalFasciculusL	modulated_icvf	NODDI	/scratch/grmpy/SLURM_11194840_56/job-11194840-56-sub-129405/ds/inputs/data/qsiprep/qsiprep/sub-129405/ses-1/dwi/sub-129405_ses-1_acq-multiband_dir-AP_space-ACPC_desc-preproc_dwi.nii.gz	0.0075583305948077	0.43718073	0.086849846	0.44206128	0.44051027	0.44279134	0.07831765	0.4652399	0.4653465449810028	sub-129405	ses-1		dir-AP	acq-multiband	space-ACPC			DSIStudio	autotrackgqi
Association_InferiorFrontoOccipitalFasciculusL	modulated_od	NODDI	/scratch/grmpy/SLURM_11194840_56/job-11194840-56-sub-129405/ds/inputs/data/qsiprep/qsiprep/sub-129405/ses-1/dwi/sub-129405_ses-1_acq-multiband_dir-AP_space-ACPC_desc-preproc_dwi.nii.gz	0.0071201665023551	0.280417	0.18422136	0.2565509	0.28242794	0.25787973	0.18333831	0.1488265	0.1488594263792038	sub-129405	ses-1		dir-AP	acq-multiband	space-ACPC			DSIStudio	autotrackgqi
Association_InferiorFrontoOccipitalFasciculusL	nrmse	NODDI	/scratch/grmpy/SLURM_11194840_56/job-11194840-56-sub-129405/ds/inputs/data/qsiprep/qsiprep/sub-129405/ses-1/dwi/sub-129405_ses-1_acq-multiband_dir-AP_space-ACPC_desc-preproc_dwi.nii.gz	0.0070106254792419	0.08282275	0.032932524	0.078603245	0.083407484	0.07876744	0.032302268	0.08619364	0.086210697889328	sub-129405	ses-1		dir-AP	acq-multiband	space-ACPC			DSIStudio	autotrackgqi
Association_InferiorFrontoOccipitalFasciculusL	od	NODDI	/scratch/grmpy/SLURM_11194840_56/job-11194840-56-sub-129405/ds/inputs/data/qsiprep/qsiprep/sub-129405/ses-1/dwi/sub-129405_ses-1_acq-multiband_dir-AP_space-ACPC_desc-preproc_dwi.nii.gz	0.0070106254792419	0.29761434	0.19209293	0.27301404	0.29971555	0.274351	0.1911294	0.15578409	0.1558149009943008	sub-129405	ses-1		dir-AP	acq-multiband	space-ACPC			DSIStudio	autotrackgqi
Association_InferiorFrontoOccipitalFasciculusL	rmse	NODDI	/scratch/grmpy/SLURM_11194840_56/job-11194840-56-sub-129405/ds/inputs/data/qsiprep/qsiprep/sub-129405/ses-1/dwi/sub-129405_ses-1_acq-multiband_dir-AP_space-ACPC_desc-preproc_dwi.nii.gz	0.0070106254792419	0.042291414	0.022835817	0.040003393	0.042589996	0.04009415	0.022637129	0.044648256	0.0446570850908756	sub-129405	ses-1		dir-AP	acq-multiband	space-ACPC			DSIStudio	autotrackgqi
Association_InferiorFrontoOccipitalFasciculusL	tf	NODDI	/scratch/grmpy/SLURM_11194840_56/job-11194840-56-sub-129405/ds/inputs/data/qsiprep/qsiprep/sub-129405/ses-1/dwi/sub-129405_ses-1_acq-multiband_dir-AP_space-ACPC_desc-preproc_dwi.nii.gz	0.0075583305948077	0.941816	0.13373917	0.9890272	0.94898874	0.989897	0.1059033	0.9519907	0.9522088766098022	sub-129405	ses-1		dir-AP	acq-multiband	space-ACPC			DSIStudio	autotrackgqi
ProjectionBrainstem_CorticospinalTractL	directions	NODDI	/scratch/grmpy/SLURM_11194840_56/job-11194840-56-sub-129405/ds/inputs/data/qsiprep/qsiprep/sub-129405/ses-1/dwi/sub-129405_ses-1_acq-multiband_dir-AP_space-ACPC_desc-preproc_dwi.nii.gz	1.0	0.116835065	0.5652822	0.07495316	0.11688377	0.07535529	0.56539506	0.47408336		sub-129405	ses-1		dir-AP	acq-multiband	space-ACPC			DSIStudio	autotrackgqi
ProjectionBrainstem_CorticospinalTractL	icvf	NODDI	/scratch/grmpy/SLURM_11194840_56/job-11194840-56-sub-129405/ds/inputs/data/qsiprep/qsiprep/sub-129405/ses-1/dwi/sub-129405_ses-1_acq-multiband_dir-AP_space-ACPC_desc-preproc_dwi.nii.gz	0.0016666666666666	0.58120865	0.1348758	0.5673044	0.58217895	0.5674734	0.13287951	0.6346599	0.6348717212677002	sub-129405	ses-1		dir-AP	acq-multiband	space-ACPC			DSIStudio	autotrackgqi
ProjectionBrainstem_CorticospinalTractL	isovf	NODDI	/scratch/grmpy/SLURM_11194840_56/job-11194840-56-sub-129405/ds/inputs/data/qsiprep/qsiprep/sub-129405/ses-1/dwi/sub-129405_ses-1_acq-multiband_dir-AP_space-ACPC_desc-preproc_dwi.nii.gz	0.24625	0.094800875	0.12752458	0.06495289	0.1257723	0.09001656	0.13296667	0.097152196	0.1116750016808509	sub-129405	ses-1		dir-AP	acq-multiband	space-ACPC			DSIStudio	autotrackgqi
ProjectionBrainstem_CorticospinalTractL	modulated_icvf	NODDI	/scratch/grmpy/SLURM_11194840_56/job-11194840-56-sub-129405/ds/inputs/data/qsiprep/qsiprep/sub-129405/ses-1/dwi/sub-129405_ses-1_acq-multiband_dir-AP_space-ACPC_desc-preproc_dwi.nii.gz	0.0016666666666666	0.5173529	0.101703696	0.52073634	0.5182166	0.52078736	0.09956571	0.5666921	0.5668812990188599	sub-129405	ses-1		dir-AP	acq-multiband	space-ACPC			DSIStudio	autotrackgqi
ProjectionBrainstem_CorticospinalTractL	modulated_od	NODDI	/scratch/grmpy/SLURM_11194840_56/job-11194840-56-sub-129405/ds/inputs/data/qsiprep/qsiprep/sub-129405/ses-1/dwi/sub-129405_ses-1_acq-multiband_dir-AP_space-ACPC_desc-preproc_dwi.nii.gz	0.0004166666666666	0.22139496	0.17116572	0.20261067	0.22148724	0.20285863	0.17114168	0.15485613	0.1548602283000946	sub-129405	ses-1		dir-AP	acq-multiband	space-ACPC			DSIStudio	autotrackgqi
ProjectionBrainstem_CorticospinalTractL	nrmse	NODDI	/scratch/grmpy/SLURM_11194840_56/job-11194840-56-sub-129405/ds/inputs/data/qsiprep/qsiprep/sub-129405/ses-1/dwi/sub-129405_ses-1_acq-multiband_dir-AP_space-ACPC_desc-preproc_dwi.nii.gz	0.0004166666666666	0.09678837	0.035742983	0.0885105	0.096828714	0.088537045	0.035695754	0.101902574	0.101905271410942	sub-129405	ses-1		dir-AP	acq-multiband	space-ACPC			DSIStudio	autotrackgqi
ProjectionBrainstem_CorticospinalTractL	od	NODDI	/scratch/grmpy/SLURM_11194840_56/job-11194840-56-sub-129405/ds/inputs/data/qsiprep/qsiprep/sub-129405/ses-1/dwi/sub-129405_ses-1_acq-multiband_dir-AP_space-ACPC_desc-preproc_dwi.nii.gz	0.0004166666666666	0.24589391	0.18528213	0.2299627	0.24599642	0.22998117	0.1852527	0.17194363	0.1719481647014618	sub-129405	ses-1		dir-AP	acq-multiband	space-ACPC			DSIStudio	autotrackgqi
ProjectionBrainstem_CorticospinalTractL	rmse	NODDI	/scratch/grmpy/SLURM_11194840_56/job-11194840-56-sub-129405/ds/inputs/data/qsiprep/qsiprep/sub-129405/ses-1/dwi/sub-129405_ses-1_acq-multiband_dir-AP_space-ACPC_desc-preproc_dwi.nii.gz	0.0004166666666666	0.0506778	0.01701911	0.047125146	0.050698925	0.047136813	0.016991172	0.05529636	0.0552978217601776	sub-129405	ses-1		dir-AP	acq-multiband	space-ACPC			DSIStudio	autotrackgqi
ProjectionBrainstem_CorticospinalTractL	tf	NODDI	/scratch/grmpy/SLURM_11194840_56/job-11194840-56-sub-129405/ds/inputs/data/qsiprep/qsiprep/sub-129405/ses-1/dwi/sub-129405_ses-1_acq-multiband_dir-AP_space-ACPC_desc-preproc_dwi.nii.gz	0.0016666666666666	0.90478253	0.12884103	0.93495697	0.906293	0.93516046	0.12352643	0.9028213	0.9031227827072144	sub-129405	ses-1		dir-AP	acq-multiband	space-ACPC			DSIStudio	autotrackgqi
ProjectionBasalGanglia_CorticostriatalTractR	directions	NODDI	/scratch/grmpy/SLURM_11194840_56/job-11194840-56-sub-129405/ds/inputs/data/qsiprep/qsiprep/sub-129405/ses-1/dwi/sub-129405_ses-1_acq-multiband_dir-AP_space-ACPC_desc-preproc_dwi.nii.gz	13.0	-0.017574526	0.5768279	-0.052068364	-0.017590044	-0.052911427	0.5770823	-0.12413291		sub-129405	ses-1		dir-AP	acq-multiband	space-ACPC			DSIStudio	autotrackgqi
ProjectionBasalGanglia_CorticostriatalTractR	icvf	NODDI	/scratch/grmpy/SLURM_11194840_56/job-11194840-56-sub-129405/ds/inputs/data/qsiprep/qsiprep/sub-129405/ses-1/dwi/sub-129405_ses-1_acq-multiband_dir-AP_space-ACPC_desc-preproc_dwi.nii.gz	0.0012214983713355	0.48944122	0.09408828	0.4836301	0.4900398	0.48377943	0.09257484	0.5228231	0.522874116897583	sub-129405	ses-1		dir-AP	acq-multiband	space-ACPC			DSIStudio	autotrackgqi
ProjectionBasalGanglia_CorticostriatalTractR	isovf	NODDI	/scratch/grmpy/SLURM_11194840_56/job-11194840-56-sub-129405/ds/inputs/data/qsiprep/qsiprep/sub-129405/ses-1/dwi/sub-129405_ses-1_acq-multiband_dir-AP_space-ACPC_desc-preproc_dwi.nii.gz	0.4290173724212812	0.051634375	0.0925802	0.018646501	0.09043073	0.067019075	0.10725084	0.056307696	0.0768884569406509	sub-129405	ses-1		dir-AP	acq-multiband	space-ACPC			DSIStudio	autotrackgqi
ProjectionBasalGanglia_CorticostriatalTractR	modulated_icvf	NODDI	/scratch/grmpy/SLURM_11194840_56/job-11194840-56-sub-129405/ds/inputs/data/qsiprep/qsiprep/sub-129405/ses-1/dwi/sub-129405_ses-1_acq-multiband_dir-AP_space-ACPC_desc-preproc_dwi.nii.gz	0.0012214983713355	0.46081418	0.08052555	0.46544927	0.46137774	0.46556932	0.07894475	0.49093032	0.4909783005714416	sub-129405	ses-1		dir-AP	acq-multiband	space-ACPC			DSIStudio	autotrackgqi
ProjectionBasalGanglia_CorticostriatalTractR	modulated_od	NODDI	/scratch/grmpy/SLURM_11194840_56/job-11194840-56-sub-129405/ds/inputs/data/qsiprep/qsiprep/sub-129405/ses-1/dwi/sub-129405_ses-1_acq-multiband_dir-AP_space-ACPC_desc-preproc_dwi.nii.gz	0.0009500542888165	0.282978	0.1780201	0.26124468	0.2832471	0.2614866	0.17789063	0.20492712	0.2049391567707061	sub-129405	ses-1		dir-AP	acq-multiband	space-ACPC			DSIStudio	autotrackgqi
ProjectionBasalGanglia_CorticostriatalTractR	nrmse	NODDI	/scratch/grmpy/SLURM_11194840_56/job-11194840-56-sub-129405/ds/inputs/data/qsiprep/qsiprep/sub-129405/ses-1/dwi/sub-129405_ses-1_acq-multiband_dir-AP_space-ACPC_desc-preproc_dwi.nii.gz	0.0008821932681867	0.08297188	0.021716662	0.081277326	0.08304514	0.08129573	0.021585777	0.08525466	0.0852588042616844	sub-129405	ses-1		dir-AP	acq-multiband	space-ACPC			DSIStudio	autotrackgqi
ProjectionBasalGanglia_CorticostriatalTractR	od	NODDI	/scratch/grmpy/SLURM_11194840_56/job-11194840-56-sub-129405/ds/inputs/data/qsiprep/qsiprep/sub-129405/ses-1/dwi/sub-129405_ses-1_acq-multiband_dir-AP_space-ACPC_desc-preproc_dwi.nii.gz	0.0008821932681867	0.29849997	0.18434402	0.27722782	0.29876354	0.2774126	0.18421176	0.21583825	0.2158487439155578	sub-129405	ses-1		dir-AP	acq-multiband	space-ACPC			DSIStudio	autotrackgqi
ProjectionBasalGanglia_CorticostriatalTractR	rmse	NODDI	/scratch/grmpy/SLURM_11194840_56/job-11194840-56-sub-129405/ds/inputs/data/qsiprep/qsiprep/sub-129405/ses-1/dwi/sub-129405_ses-1_acq-multiband_dir-AP_space-ACPC_desc-preproc_dwi.nii.gz	0.0008821932681867	0.04272817	0.011753124	0.041669816	0.0427659	0.04168439	0.011689501	0.044621788	0.0446239560842514	sub-129405	ses-1		dir-AP	acq-multiband	space-ACPC			DSIStudio	autotrackgqi
ProjectionBasalGanglia_CorticostriatalTractR	tf	NODDI	/scratch/grmpy/SLURM_11194840_56/job-11194840-56-sub-129405/ds/inputs/data/qsiprep/qsiprep/sub-129405/ses-1/dwi/sub-129405_ses-1_acq-multiband_dir-AP_space-ACPC_desc-preproc_dwi.nii.gz	0.0012214983713355	0.9474835	0.09675435	0.981099	0.9486422	0.9812355	0.09095933	0.94364375	0.9437359571456908	sub-129405	ses-1		dir-AP	acq-multiband	space-ACPC			DSIStudio	autotrackgqi
ProjectionBrainstem_MedialForebrainBundleR	directions	NODDI	/scratch/grmpy/SLURM_11194840_56/job-11194840-56-sub-129405/ds/inputs/data/qsiprep/qsiprep/sub-129405/ses-1/dwi/sub-129405_ses-1_acq-multiband_dir-AP_space-ACPC_desc-preproc_dwi.nii.gz	0.0	-0.0029875943	0.5773425	-0.051755603	-0.0029875943	-0.051755603	0.5773425	0.19992068		sub-129405	ses-1		dir-AP	acq-multiband	space-ACPC			DSIStudio	autotrackgqi
ProjectionBrainstem_MedialForebrainBundleR	icvf	NODDI	/scratch/grmpy/SLURM_11194840_56/job-11194840-56-sub-129405/ds/inputs/data/qsiprep/qsiprep/sub-129405/ses-1/dwi/sub-129405_ses-1_acq-multiband_dir-AP_space-ACPC_desc-preproc_dwi.nii.gz	0.0181818181818181	0.64116395	0.18674645	0.6116396	0.65303737	0.61472183	0.16663216	0.6090681	0.6143849492073059	sub-129405	ses-1		dir-AP	acq-multiband	space-ACPC			DSIStudio	autotrackgqi
ProjectionBrainstem_MedialForebrainBundleR	isovf	NODDI	/scratch/grmpy/SLURM_11194840_56/job-11194840-56-sub-129405/ds/inputs/data/qsiprep/qsiprep/sub-129405/ses-1/dwi/sub-129405_ses-1_acq-multiband_dir-AP_space-ACPC_desc-preproc_dwi.nii.gz	0.0597402597402597	0.27692226	0.23466139	0.21588238	0.29451674	0.23194256	0.23104708	0.25709364	0.2701335847377777	sub-129405	ses-1		dir-AP	acq-multiband	space-ACPC			DSIStudio	autotrackgqi
ProjectionBrainstem_MedialForebrainBundleR	modulated_icvf	NODDI	/scratch/grmpy/SLURM_11194840_56/job-11194840-56-sub-129405/ds/inputs/data/qsiprep/qsiprep/sub-129405/ses-1/dwi/sub-129405_ses-1_acq-multiband_dir-AP_space-ACPC_desc-preproc_dwi.nii.gz	0.0181818181818181	0.4359505	0.13015787	0.45309854	0.44402367	0.45536548	0.1169193	0.431037	0.4347997307777405	sub-129405	ses-1		dir-AP	acq-multiband	space-ACPC			DSIStudio	autotrackgqi
ProjectionBrainstem_MedialForebrainBundleR	modulated_od	NODDI	/scratch/grmpy/SLURM_11194840_56/job-11194840-56-sub-129405/ds/inputs/data/qsiprep/qsiprep/sub-129405/ses-1/dwi/sub-129405_ses-1_acq-multiband_dir-AP_space-ACPC_desc-preproc_dwi.nii.gz	0.0005194805194805	0.1985617	0.14860506	0.18404892	0.1986649	0.18408717	0.1485747	0.18807706	0.188095211982727	sub-129405	ses-1		dir-AP	acq-multiband	space-ACPC			DSIStudio	autotrackgqi
ProjectionBrainstem_MedialForebrainBundleR	nrmse	NODDI	/scratch/grmpy/SLURM_11194840_56/job-11194840-56-sub-129405/ds/inputs/data/qsiprep/qsiprep/sub-129405/ses-1/dwi/sub-129405_ses-1_acq-multiband_dir-AP_space-ACPC_desc-preproc_dwi.nii.gz	0.0103896103896103	0.12881166	0.03824883	0.12547176	0.13016401	0.12568265	0.036087457	0.12678503	0.1277674734592437	sub-129405	ses-1		dir-AP	acq-multiband	space-ACPC			DSIStudio	autotrackgqi
ProjectionBrainstem_MedialForebrainBundleR	od	NODDI	/scratch/grmpy/SLURM_11194840_56/job-11194840-56-sub-129405/ds/inputs/data/qsiprep/qsiprep/sub-129405/ses-1/dwi/sub-129405_ses-1_acq-multiband_dir-AP_space-ACPC_desc-preproc_dwi.nii.gz	0.0	0.28470603	0.17816798	0.26943797	0.28470603	0.26943797	0.17816798	0.25555962	0.2555596232414245	sub-129405	ses-1		dir-AP	acq-multiband	space-ACPC			DSIStudio	autotrackgqi
ProjectionBrainstem_MedialForebrainBundleR	rmse	NODDI	/scratch/grmpy/SLURM_11194840_56/job-11194840-56-sub-129405/ds/inputs/data/qsiprep/qsiprep/sub-129405/ses-1/dwi/sub-129405_ses-1_acq-multiband_dir-AP_space-ACPC_desc-preproc_dwi.nii.gz	0.0103896103896103	0.06039031	0.014494067	0.06024644	0.061024327	0.060387906	0.013175467	0.060395837	0.0608638413250446	sub-129405	ses-1		dir-AP	acq-multiband	space-ACPC			DSIStudio	autotrackgqi
ProjectionBrainstem_MedialForebrainBundleR	tf	NODDI	/scratch/grmpy/SLURM_11194840_56/job-11194840-56-sub-129405/ds/inputs/data/qsiprep/qsiprep/sub-129405/ses-1/dwi/sub-129405_ses-1_acq-multiband_dir-AP_space-ACPC_desc-preproc_dwi.nii.gz	0.0077922077922077	0.7230777	0.2346614	0.78411764	0.7287563	0.7900146	0.22662765	0.74290633	0.743623673915863	sub-129405	ses-1		dir-AP	acq-multiband	space-ACPC			DSIStudio	autotrackgqi
ProjectionBasalGanglia_OpticRadiationR	directions	NODDI	/scratch/grmpy/SLURM_11194840_56/job-11194840-56-sub-129405/ds/inputs/data/qsiprep/qsiprep/sub-129405/ses-1/dwi/sub-129405_ses-1_acq-multiband_dir-AP_space-ACPC_desc-preproc_dwi.nii.gz	26.0	-0.0046950453	0.5744504	-0.007955844	-0.00474225	-0.015321108	0.5773308	0.037569776		sub-129405	ses-1		dir-AP	acq-multiband	space-ACPC			DSIStudio	autotrackgqi
ProjectionBasalGanglia_OpticRadiationR	icvf	NODDI	/scratch/grmpy/SLURM_11194840_56/job-11194840-56-sub-129405/ds/inputs/data/qsiprep/qsiprep/sub-129405/ses-1/dwi/sub-129405_ses-1_acq-multiband_dir-AP_space-ACPC_desc-preproc_dwi.nii.gz	0.0118683001531393	0.4908016	0.13177155	0.47737122	0.49669653	0.47859988	0.12101362	0.50251454	0.5028659701347351	sub-129405	ses-1		dir-AP	acq-multiband	space-ACPC			DSIStudio	autotrackgqi
ProjectionBasalGanglia_OpticRadiationR	isovf	NODDI	/scratch/grmpy/SLURM_11194840_56/job-11194840-56-sub-129405/ds/inputs/data/qsiprep/qsiprep/sub-129405/ses-1/dwi/sub-129405_ses-1_acq-multiband_dir-AP_space-ACPC_desc-preproc_dwi.nii.gz	0.3212098009188361	0.08954979	0.1515172	0.045413133	0.13192558	0.082149625	0.16801992	0.08800234	0.107408232986927	sub-129405	ses-1		dir-AP	acq-multiband	space-ACPC			DSIStudio	autotrackgqi
ProjectionBasalGanglia_OpticRadiationR	modulated_icvf	NODDI	/scratch/grmpy/SLURM_11194840_56/job-11194840-56-sub-129405/ds/inputs/data/qsiprep/qsiprep/sub-129405/ses-1/dwi/sub-129405_ses-1_acq-multiband_dir-AP_space-ACPC_desc-preproc_dwi.nii.gz	0.0118683001531393	0.43619797	0.09845475	0.44836098	0.4414371	0.4492911	0.08658537	0.45158058	0.4518963694572449	sub-129405	ses-1		dir-AP	acq-multiband	space-ACPC			DSIStudio	autotrackgqi
ProjectionBasalGanglia_OpticRadiationR	modulated_od	NODDI	/scratch/grmpy/SLURM_11194840_56/job-11194840-56-sub-129405/ds/inputs/data/qsiprep/qsiprep/sub-129405/ses-1/dwi/sub-129405_ses-1_acq-multiband_dir-AP_space-ACPC_desc-preproc_dwi.nii.gz	0.0099540581929555	0.26186994	0.19949804	0.23116142	0.26450282	0.23290211	0.19875416	0.15739496	0.1574831902980804	sub-129405	ses-1		dir-AP	acq-multiband	space-ACPC			DSIStudio	autotrackgqi
ProjectionBasalGanglia_OpticRadiationR	nrmse	NODDI	/scratch/grmpy/SLURM_11194840_56/job-11194840-56-sub-129405/ds/inputs/data/qsiprep/qsiprep/sub-129405/ses-1/dwi/sub-129405_ses-1_acq-multiband_dir-AP_space-ACPC_desc-preproc_dwi.nii.gz	0.0099540581929555	0.08086886	0.033037666	0.07547493	0.08168193	0.075922534	0.032187708	0.082818724	0.0828651487827301	sub-129405	ses-1		dir-AP	acq-multiband	space-ACPC			DSIStudio	autotrackgqi
ProjectionBasalGanglia_OpticRadiationR	od	NODDI	/scratch/grmpy/SLURM_11194840_56/job-11194840-56-sub-129405/ds/inputs/data/qsiprep/qsiprep/sub-129405/ses-1/dwi/sub-129405_ses-1_acq-multiband_dir-AP_space-ACPC_desc-preproc_dwi.nii.gz	0.0099540581929555	0.28842005	0.2080938	0.2609716	0.29131988	0.26304847	0.2071078	0.17419939	0.174297034740448	sub-129405	ses-1		dir-AP	acq-multiband	space-ACPC			DSIStudio	autotrackgqi
ProjectionBasalGanglia_OpticRadiationR	rmse	NODDI	/scratch/grmpy/SLURM_11194840_56/job-11194840-56-sub-129405/ds/inputs/data/qsiprep/qsiprep/sub-129405/ses-1/dwi/sub-129405_ses-1_acq-multiband_dir-AP_space-ACPC_desc-preproc_dwi.nii.gz	0.0099540581929555	0.04042578	0.018133186	0.038092546	0.04083223	0.038219415	0.017762946	0.042018272	0.042041826993227	sub-129405	ses-1		dir-AP	acq-multiband	space-ACPC			DSIStudio	autotrackgqi
ProjectionBasalGanglia_OpticRadiationR	tf	NODDI	/scratch/grmpy/SLURM_11194840_56/job-11194840-56-sub-129405/ds/inputs/data/qsiprep/qsiprep/sub-129405/ses-1/dwi/sub-129405_ses-1_acq-multiband_dir-AP_space-ACPC_desc-preproc_dwi.nii.gz	0.0118683001531393	0.9004961	0.17615241	0.9527892	0.91131186	0.9536898	0.1467851	0.91143733	0.912074625492096	sub-129405	ses-1		dir-AP	acq-multiband	space-ACPC			DSIStudio	autotrackgqi
ProjectionBasalGanglia_AnsaLenticularisL	directions	NODDI	/scratch/grmpy/SLURM_11194840_56/job-11194840-56-sub-129405/ds/inputs/data/qsiprep/qsiprep/sub-129405/ses-1/dwi/sub-129405_ses-1_acq-multiband_dir-AP_space-ACPC_desc-preproc_dwi.nii.gz	0.0	0.045419432	0.575561	0.062054403	0.045419432	0.062054403	0.575561	0.19105108		sub-129405	ses-1		dir-AP	acq-multiband	space-ACPC			DSIStudio	autotrackgqi
ProjectionBasalGanglia_AnsaLenticularisL	icvf	NODDI	/scratch/grmpy/SLURM_11194840_56/job-11194840-56-sub-129405/ds/inputs/data/qsiprep/qsiprep/sub-129405/ses-1/dwi/sub-129405_ses-1_acq-multiband_dir-AP_space-ACPC_desc-preproc_dwi.nii.gz	0.0017605633802816	0.5162714	0.13152164	0.49544194	0.51718193	0.4954771	0.1298366	0.49475807	0.4948877096176147	sub-129405	ses-1		dir-AP	acq-multiband	space-ACPC			DSIStudio	autotrackgqi
ProjectionBasalGanglia_AnsaLenticularisL	isovf	NODDI	/scratch/grmpy/SLURM_11194840_56/job-11194840-56-sub-129405/ds/inputs/data/qsiprep/qsiprep/sub-129405/ses-1/dwi/sub-129405_ses-1_acq-multiband_dir-AP_space-ACPC_desc-preproc_dwi.nii.gz	0.414319248826291	0.100725	0.18114248	0.029167973	0.17197937	0.09331329	0.20921384	0.07545295	0.126546025276184	sub-129405	ses-1		dir-AP	acq-multiband	space-ACPC			DSIStudio	autotrackgqi
ProjectionBasalGanglia_AnsaLenticularisL	modulated_icvf	NODDI	/scratch/grmpy/SLURM_11194840_56/job-11194840-56-sub-129405/ds/inputs/data/qsiprep/qsiprep/sub-129405/ses-1/dwi/sub-129405_ses-1_acq-multiband_dir-AP_space-ACPC_desc-preproc_dwi.nii.gz	0.0017605633802816	0.44709507	0.08787696	0.46290118	0.44788358	0.46300477	0.08592329	0.44721353	0.4473306834697723	sub-129405	ses-1		dir-AP	acq-multiband	space-ACPC			DSIStudio	autotrackgqi
ProjectionBasalGanglia_AnsaLenticularisL	modulated_od	NODDI	/scratch/grmpy/SLURM_11194840_56/job-11194840-56-sub-129405/ds/inputs/data/qsiprep/qsiprep/sub-129405/ses-1/dwi/sub-129405_ses-1_acq-multiband_dir-AP_space-ACPC_desc-preproc_dwi.nii.gz	0.0	0.29571432	0.14721411	0.29193273	0.29571432	0.29193273	0.14721411	0.29864436	0.2986443638801574	sub-129405	ses-1		dir-AP	acq-multiband	space-ACPC			DSIStudio	autotrackgqi
ProjectionBasalGanglia_AnsaLenticularisL	nrmse	NODDI	/scratch/grmpy/SLURM_11194840_56/job-11194840-56-sub-129405/ds/inputs/data/qsiprep/qsiprep/sub-129405/ses-1/dwi/sub-129405_ses-1_acq-multiband_dir-AP_space-ACPC_desc-preproc_dwi.nii.gz	0.0	0.10295406	0.030110637	0.09821674	0.10295406	0.09821674	0.030110637	0.102860466	0.1028604656457901	sub-129405	ses-1		dir-AP	acq-multiband	space-ACPC			DSIStudio	autotrackgqi
ProjectionBasalGanglia_AnsaLenticularisL	od	NODDI	/scratch/grmpy/SLURM_11194840_56/job-11194840-56-sub-129405/ds/inputs/data/qsiprep/qsiprep/sub-129405/ses-1/dwi/sub-129405_ses-1_acq-multiband_dir-AP_space-ACPC_desc-preproc_dwi.nii.gz	0.0	0.3298066	0.14601898	0.3238733	0.3298066	0.3238733	0.14601898	0.32452708	0.3245270848274231	sub-129405	ses-1		dir-AP	acq-multiband	space-ACPC			DSIStudio	autotrackgqi
ProjectionBasalGanglia_AnsaLenticularisL	rmse	NODDI	/scratch/grmpy/SLURM_11194840_56/job-11194840-56-sub-129405/ds/inputs/data/qsiprep/qsiprep/sub-129405/ses-1/dwi/sub-129405_ses-1_acq-multiband_dir-AP_space-ACPC_desc-preproc_dwi.nii.gz	0.0	0.05137501	0.013405778	0.049574755	0.05137501	0.049574755	0.013405778	0.051861107	0.0518611073493957	sub-129405	ses-1		dir-AP	acq-multiband	space-ACPC			DSIStudio	autotrackgqi
ProjectionBasalGanglia_AnsaLenticularisL	tf	NODDI	/scratch/grmpy/SLURM_11194840_56/job-11194840-56-sub-129405/ds/inputs/data/qsiprep/qsiprep/sub-129405/ses-1/dwi/sub-129405_ses-1_acq-multiband_dir-AP_space-ACPC_desc-preproc_dwi.nii.gz	0.0017605633802816	0.899275	0.18114246	0.970832	0.900861	0.9710761	0.17731802	0.9245471	0.924789309501648	sub-129405	ses-1		dir-AP	acq-multiband	space-ACPC			DSIStudio	autotrackgqi
ProjectionBrainstem_ReticularTractL	directions	NODDI	/scratch/grmpy/SLURM_11194840_56/job-11194840-56-sub-129405/ds/inputs/data/qsiprep/qsiprep/sub-129405/ses-1/dwi/sub-129405_ses-1_acq-multiband_dir-AP_space-ACPC_desc-preproc_dwi.nii.gz	0.0	-0.079631165	0.57183236	-0.13336882	-0.079631165	-0.13336882	0.57183236	-0.13497359		sub-129405	ses-1		dir-AP	acq-multiband	space-ACPC			DSIStudio	autotrackgqi
ProjectionBrainstem_ReticularTractL	icvf	NODDI	/scratch/grmpy/SLURM_11194840_56/job-11194840-56-sub-129405/ds/inputs/data/qsiprep/qsiprep/sub-129405/ses-1/dwi/sub-129405_ses-1_acq-multiband_dir-AP_space-ACPC_desc-preproc_dwi.nii.gz	0.0	0.5431471	0.10911003	0.52815366	0.5431471	0.52815366	0.10911003	0.56428754	0.564287543296814	sub-129405	ses-1		dir-AP	acq-multiband	space-ACPC			DSIStudio	autotrackgqi
ProjectionBrainstem_ReticularTractL	isovf	NODDI	/scratch/grmpy/SLURM_11194840_56/job-11194840-56-sub-129405/ds/inputs/data/qsiprep/qsiprep/sub-129405/ses-1/dwi/sub-129405_ses-1_acq-multiband_dir-AP_space-ACPC_desc-preproc_dwi.nii.gz	0.2272350993377483	0.08886227	0.120540075	0.060029943	0.114992626	0.08087852	0.1256889	0.095158055	0.1162871718406677	sub-129405	ses-1		dir-AP	acq-multiband	space-ACPC			DSIStudio	autotrackgqi
ProjectionBrainstem_ReticularTractL	modulated_icvf	NODDI	/scratch/grmpy/SLURM_11194840_56/job-11194840-56-sub-129405/ds/inputs/data/qsiprep/qsiprep/sub-129405/ses-1/dwi/sub-129405_ses-1_acq-multiband_dir-AP_space-ACPC_desc-preproc_dwi.nii.gz	0.0	0.48578584	0.07778337	0.48563534	0.48578584	0.48563534	0.07778337	0.5040115	0.5040115118026733	sub-129405	ses-1		dir-AP	acq-multiband	space-ACPC			DSIStudio	autotrackgqi
ProjectionBrainstem_ReticularTractL	modulated_od	NODDI	/scratch/grmpy/SLURM_11194840_56/job-11194840-56-sub-129405/ds/inputs/data/qsiprep/qsiprep/sub-129405/ses-1/dwi/sub-129405_ses-1_acq-multiband_dir-AP_space-ACPC_desc-preproc_dwi.nii.gz	0.0	0.21521647	0.14921792	0.20451325	0.21521647	0.20451325	0.14921792	0.18776174	0.1877617388963699	sub-129405	ses-1		dir-AP	acq-multiband	space-ACPC			DSIStudio	autotrackgqi
ProjectionBrainstem_ReticularTractL	nrmse	NODDI	/scratch/grmpy/SLURM_11194840_56/job-11194840-56-sub-129405/ds/inputs/data/qsiprep/qsiprep/sub-129405/ses-1/dwi/sub-129405_ses-1_acq-multiband_dir-AP_space-ACPC_desc-preproc_dwi.nii.gz	0.0	0.101744846	0.026231617	0.09815378	0.101744846	0.09815378	0.026231617	0.11024194	0.1102419421076774	sub-129405	ses-1		dir-AP	acq-multiband	space-ACPC			DSIStudio	autotrackgqi
ProjectionBrainstem_ReticularTractL	od	NODDI	/scratch/grmpy/SLURM_11194840_56/job-11194840-56-sub-129405/ds/inputs/data/qsiprep/qsiprep/sub-129405/ses-1/dwi/sub-129405_ses-1_acq-multiband_dir-AP_space-ACPC_desc-preproc_dwi.nii.gz	0.0	0.23710279	0.15710689	0.22846681	0.23710279	0.22846681	0.15710689	0.20849288	0.2084928750991821	sub-129405	ses-1		dir-AP	acq-multiband	space-ACPC			DSIStudio	autotrackgqi
ProjectionBrainstem_ReticularTractL	rmse	NODDI	/scratch/grmpy/SLURM_11194840_56/job-11194840-56-sub-129405/ds/inputs/data/qsiprep/qsiprep/sub-129405/ses-1/dwi/sub-129405_ses-1_acq-multiband_dir-AP_space-ACPC_desc-preproc_dwi.nii.gz	0.0	0.052494068	0.013504802	0.051181246	0.052494068	0.051181246	0.013504802	0.057556383	0.0575563833117485	sub-129405	ses-1		dir-AP	acq-multiband	space-ACPC			DSIStudio	autotrackgqi
ProjectionBrainstem_ReticularTractL	tf	NODDI	/scratch/grmpy/SLURM_11194840_56/job-11194840-56-sub-129405/ds/inputs/data/qsiprep/qsiprep/sub-129405/ses-1/dwi/sub-129405_ses-1_acq-multiband_dir-AP_space-ACPC_desc-preproc_dwi.nii.gz	0.0	0.91113776	0.120540075	0.9399701	0.91113776	0.9399701	0.120540075	0.90484196	0.904841959476471	sub-129405	ses-1		dir-AP	acq-multiband	space-ACPC			DSIStudio	autotrackgqi
ProjectionBrainstem_MedialLemniscusR	directions	NODDI	/scratch/grmpy/SLURM_11194840_56/job-11194840-56-sub-129405/ds/inputs/data/qsiprep/qsiprep/sub-129405/ses-1/dwi/sub-129405_ses-1_acq-multiband_dir-AP_space-ACPC_desc-preproc_dwi.nii.gz	0.0	-0.020999001	0.57696825	-0.07512074	-0.020999001	-0.07512074	0.57696825	-0.02013065		sub-129405	ses-1		dir-AP	acq-multiband	space-ACPC			DSIStudio	autotrackgqi
ProjectionBrainstem_MedialLemniscusR	icvf	NODDI	/scratch/grmpy/SLURM_11194840_56/job-11194840-56-sub-129405/ds/inputs/data/qsiprep/qsiprep/sub-129405/ses-1/dwi/sub-129405_ses-1_acq-multiband_dir-AP_space-ACPC_desc-preproc_dwi.nii.gz	0.0	0.53903455	0.10705929	0.5196653	0.53903455	0.5196653	0.10705929	0.54860616	0.5486061573028564	sub-129405	ses-1		dir-AP	acq-multiband	space-ACPC			DSIStudio	autotrackgqi
ProjectionBrainstem_MedialLemniscusR	isovf	NODDI	/scratch/grmpy/SLURM_11194840_56/job-11194840-56-sub-129405/ds/inputs/data/qsiprep/qsiprep/sub-129405/ses-1/dwi/sub-129405_ses-1_acq-multiband_dir-AP_space-ACPC_desc-preproc_dwi.nii.gz	0.2965451055662188	0.08058608	0.12151515	0.040389344	0.114557564	0.073725425	0.13076276	0.09549689	0.1232484802603721	sub-129405	ses-1		dir-AP	acq-multiband	space-ACPC			DSIStudio	autotrackgqi
ProjectionBrainstem_MedialLemniscusR	modulated_icvf	NODDI	/scratch/grmpy/SLURM_11194840_56/job-11194840-56-sub-129405/ds/inputs/data/qsiprep/qsiprep/sub-129405/ses-1/dwi/sub-129405_ses-1_acq-multiband_dir-AP_space-ACPC_desc-preproc_dwi.nii.gz	0.0	0.48652706	0.07542229	0.4865956	0.48652706	0.4865956	0.07542229	0.48702633	0.4870263338088989	sub-129405	ses-1		dir-AP	acq-multiband	space-ACPC			DSIStudio	autotrackgqi
ProjectionBrainstem_MedialLemniscusR	modulated_od	NODDI	/scratch/grmpy/SLURM_11194840_56/job-11194840-56-sub-129405/ds/inputs/data/qsiprep/qsiprep/sub-129405/ses-1/dwi/sub-129405_ses-1_acq-multiband_dir-AP_space-ACPC_desc-preproc_dwi.nii.gz	0.0	0.20925072	0.14480887	0.18892443	0.20925072	0.18892443	0.14480887	0.17396867	0.1739686727523803	sub-129405	ses-1		dir-AP	acq-multiband	space-ACPC			DSIStudio	autotrackgqi
ProjectionBrainstem_MedialLemniscusR	nrmse	NODDI	/scratch/grmpy/SLURM_11194840_56/job-11194840-56-sub-129405/ds/inputs/data/qsiprep/qsiprep/sub-129405/ses-1/dwi/sub-129405_ses-1_acq-multiband_dir-AP_space-ACPC_desc-preproc_dwi.nii.gz	0.0	0.09099174	0.02741932	0.08533821	0.09099174	0.08533821	0.02741932	0.09488544	0.0948854386806488	sub-129405	ses-1		dir-AP	acq-multiband	space-ACPC			DSIStudio	autotrackgqi
ProjectionBrainstem_MedialLemniscusR	od	NODDI	/scratch/grmpy/SLURM_11194840_56/job-11194840-56-sub-129405/ds/inputs/data/qsiprep/qsiprep/sub-129405/ses-1/dwi/sub-129405_ses-1_acq-multiband_dir-AP_space-ACPC_desc-preproc_dwi.nii.gz	0.0	0.2272659	0.1486621	0.21770683	0.2272659	0.21770683	0.1486621	0.19232038	0.1923203766345977	sub-129405	ses-1		dir-AP	acq-multiband	space-ACPC			DSIStudio	autotrackgqi
ProjectionBrainstem_MedialLemniscusR	rmse	NODDI	/scratch/grmpy/SLURM_11194840_56/job-11194840-56-sub-129405/ds/inputs/data/qsiprep/qsiprep/sub-129405/ses-1/dwi/sub-129405_ses-1_acq-multiband_dir-AP_space-ACPC_desc-preproc_dwi.nii.gz	0.0	0.046855457	0.013180186	0.044748757	0.046855457	0.044748757	0.013180186	0.048673514	0.0486735142767429	sub-129405	ses-1		dir-AP	acq-multiband	space-ACPC			DSIStudio	autotrackgqi
ProjectionBrainstem_MedialLemniscusR	tf	NODDI	/scratch/grmpy/SLURM_11194840_56/job-11194840-56-sub-129405/ds/inputs/data/qsiprep/qsiprep/sub-129405/ses-1/dwi/sub-129405_ses-1_acq-multiband_dir-AP_space-ACPC_desc-preproc_dwi.nii.gz	0.0	0.9194139	0.121515155	0.9596107	0.9194139	0.9596107	0.121515155	0.9045031	0.9045031070709229	sub-129405	ses-1		dir-AP	acq-multiband	space-ACPC			DSIStudio	autotrackgqi
ProjectionBrainstem_CorticopontineTractR	directions	NODDI	/scratch/grmpy/SLURM_11194840_56/job-11194840-56-sub-129405/ds/inputs/data/qsiprep/qsiprep/sub-129405/ses-1/dwi/sub-129405_ses-1_acq-multiband_dir-AP_space-ACPC_desc-preproc_dwi.nii.gz	0.0	-0.039630186	0.57598853	-0.08734025	-0.039630186	-0.08734025	0.57598853	-0.27997947		sub-129405	ses-1		dir-AP	acq-multiband	space-ACPC			DSIStudio	autotrackgqi
ProjectionBrainstem_CorticopontineTractR	icvf	NODDI	/scratch/grmpy/SLURM_11194840_56/job-11194840-56-sub-129405/ds/inputs/data/qsiprep/qsiprep/sub-129405/ses-1/dwi/sub-129405_ses-1_acq-multiband_dir-AP_space-ACPC_desc-preproc_dwi.nii.gz	9.934432743890324e-05	0.54957086	0.11846609	0.53778124	0.54962546	0.53779125	0.118345246	0.6093561	0.6093587279319763	sub-129405	ses-1		dir-AP	acq-multiband	space-ACPC			DSIStudio	autotrackgqi
ProjectionBrainstem_CorticopontineTractR	isovf	NODDI	/scratch/grmpy/SLURM_11194840_56/job-11194840-56-sub-129405/ds/inputs/data/qsiprep/qsiprep/sub-129405/ses-1/dwi/sub-129405_ses-1_acq-multiband_dir-AP_space-ACPC_desc-preproc_dwi.nii.gz	0.2701172263063779	0.085125364	0.11455134	0.056023818	0.11662882	0.084705874	0.11959948	0.1010298	0.1149774491786956	sub-129405	ses-1		dir-AP	acq-multiband	space-ACPC			DSIStudio	autotrackgqi
ProjectionBrainstem_CorticopontineTractR	modulated_icvf	NODDI	/scratch/grmpy/SLURM_11194840_56/job-11194840-56-sub-129405/ds/inputs/data/qsiprep/qsiprep/sub-129405/ses-1/dwi/sub-129405_ses-1_acq-multiband_dir-AP_space-ACPC_desc-preproc_dwi.nii.gz	9.934432743890324e-05	0.49458414	0.08598173	0.50096416	0.4946333	0.5009645	0.08584454	0.5415901	0.5415924191474915	sub-129405	ses-1		dir-AP	acq-multiband	space-ACPC			DSIStudio	autotrackgqi
ProjectionBrainstem_CorticopontineTractR	modulated_od	NODDI	/scratch/grmpy/SLURM_11194840_56/job-11194840-56-sub-129405/ds/inputs/data/qsiprep/qsiprep/sub-129405/ses-1/dwi/sub-129405_ses-1_acq-multiband_dir-AP_space-ACPC_desc-preproc_dwi.nii.gz	0.0	0.23558798	0.15826125	0.21996865	0.23558798	0.21996865	0.15826125	0.1574922	0.1574922204017639	sub-129405	ses-1		dir-AP	acq-multiband	space-ACPC			DSIStudio	autotrackgqi
ProjectionBrainstem_CorticopontineTractR	nrmse	NODDI	/scratch/grmpy/SLURM_11194840_56/job-11194840-56-sub-129405/ds/inputs/data/qsiprep/qsiprep/sub-129405/ses-1/dwi/sub-129405_ses-1_acq-multiband_dir-AP_space-ACPC_desc-preproc_dwi.nii.gz	0.0	0.09343811	0.026042266	0.089086756	0.09343811	0.089086756	0.026042266	0.09946515	0.0994651541113853	sub-129405	ses-1		dir-AP	acq-multiband	space-ACPC			DSIStudio	autotrackgqi
ProjectionBrainstem_CorticopontineTractR	od	NODDI	/scratch/grmpy/SLURM_11194840_56/job-11194840-56-sub-129405/ds/inputs/data/qsiprep/qsiprep/sub-129405/ses-1/dwi/sub-129405_ses-1_acq-multiband_dir-AP_space-ACPC_desc-preproc_dwi.nii.gz	0.0	0.25822058	0.16835728	0.24234423	0.25822058	0.24234423	0.16835728	0.17690869	0.1769087016582489	sub-129405	ses-1		dir-AP	acq-multiband	space-ACPC			DSIStudio	autotrackgqi
ProjectionBrainstem_CorticopontineTractR	rmse	NODDI	/scratch/grmpy/SLURM_11194840_56/job-11194840-56-sub-129405/ds/inputs/data/qsiprep/qsiprep/sub-129405/ses-1/dwi/sub-129405_ses-1_acq-multiband_dir-AP_space-ACPC_desc-preproc_dwi.nii.gz	0.0	0.04847723	0.013307824	0.04667703	0.04847723	0.04667703	0.013307824	0.052875753	0.0528757609426975	sub-129405	ses-1		dir-AP	acq-multiband	space-ACPC			DSIStudio	autotrackgqi
ProjectionBrainstem_CorticopontineTractR	tf	NODDI	/scratch/grmpy/SLURM_11194840_56/job-11194840-56-sub-129405/ds/inputs/data/qsiprep/qsiprep/sub-129405/ses-1/dwi/sub-129405_ses-1_acq-multiband_dir-AP_space-ACPC_desc-preproc_dwi.nii.gz	9.934432743890324e-05	0.9148746	0.11455136	0.94397616	0.9149655	0.9439894	0.11419347	0.89897025	0.8989739418029785	sub-129405	ses-1		dir-AP	acq-multiband	space-ACPC			DSIStudio	autotrackgqi
ProjectionBrainstem_DentatorubrothalamicTract-lr	directions	NODDI	/scratch/grmpy/SLURM_11194840_56/job-11194840-56-sub-129405/ds/inputs/data/qsiprep/qsiprep/sub-129405/ses-1/dwi/sub-129405_ses-1_acq-multiband_dir-AP_space-ACPC_desc-preproc_dwi.nii.gz	0.0	-0.013526679	0.57719177	-0.0924125	-0.013526679	-0.0924125	0.57719177	-0.052243233		sub-129405	ses-1		dir-AP	acq-multiband	space-ACPC			DSIStudio	autotrackgqi
ProjectionBrainstem_DentatorubrothalamicTract-lr	icvf	NODDI	/scratch/grmpy/SLURM_11194840_56/job-11194840-56-sub-129405/ds/inputs/data/qsiprep/qsiprep/sub-129405/ses-1/dwi/sub-129405_ses-1_acq-multiband_dir-AP_space-ACPC_desc-preproc_dwi.nii.gz	0.0096774193548387	0.6084333	0.15629397	0.5809335	0.61437887	0.58159775	0.14496088	0.6148355	0.6209595799446106	sub-129405	ses-1		dir-AP	acq-multiband	space-ACPC			DSIStudio	autotrackgqi
ProjectionBrainstem_DentatorubrothalamicTract-lr	isovf	NODDI	/scratch/grmpy/SLURM_11194840_56/job-11194840-56-sub-129405/ds/inputs/data/qsiprep/qsiprep/sub-129405/ses-1/dwi/sub-129405_ses-1_acq-multiband_dir-AP_space-ACPC_desc-preproc_dwi.nii.gz	0.0903225806451612	0.16587959	0.22308117	0.0984802	0.1823499	0.10646811	0.2273831	0.157407	0.1677006036043167	sub-129405	ses-1		dir-AP	acq-multiband	space-ACPC			DSIStudio	autotrackgqi
ProjectionBrainstem_DentatorubrothalamicTract-lr	modulated_icvf	NODDI	/scratch/grmpy/SLURM_11194840_56/job-11194840-56-sub-129405/ds/inputs/data/qsiprep/qsiprep/sub-129405/ses-1/dwi/sub-129405_ses-1_acq-multiband_dir-AP_space-ACPC_desc-preproc_dwi.nii.gz	0.0096774193548387	0.4886359	0.12621476	0.5037435	0.49341083	0.50407594	0.11717435	0.50350404	0.5085192918777466	sub-129405	ses-1		dir-AP	acq-multiband	space-ACPC			DSIStudio	autotrackgqi
ProjectionBrainstem_DentatorubrothalamicTract-lr	modulated_od	NODDI	/scratch/grmpy/SLURM_11194840_56/job-11194840-56-sub-129405/ds/inputs/data/qsiprep/qsiprep/sub-129405/ses-1/dwi/sub-129405_ses-1_acq-multiband_dir-AP_space-ACPC_desc-preproc_dwi.nii.gz	0.0032258064516129	0.17939049	0.11662225	0.17399427	0.17997105	0.17545173	0.11636273	0.16572005	0.166476160287857	sub-129405	ses-1		dir-AP	acq-multiband	space-ACPC			DSIStudio	autotrackgqi
ProjectionBrainstem_DentatorubrothalamicTract-lr	nrmse	NODDI	/scratch/grmpy/SLURM_11194840_56/job-11194840-56-sub-129405/ds/inputs/data/qsiprep/qsiprep/sub-129405/ses-1/dwi/sub-129405_ses-1_acq-multiband_dir-AP_space-ACPC_desc-preproc_dwi.nii.gz	0.0	0.10675814	0.025828509	0.102527134	0.10675814	0.102527134	0.025828509	0.10762875	0.1076287478208541	sub-129405	ses-1		dir-AP	acq-multiband	space-ACPC			DSIStudio	autotrackgqi
ProjectionBrainstem_DentatorubrothalamicTract-lr	od	NODDI	/scratch/grmpy/SLURM_11194840_56/job-11194840-56-sub-129405/ds/inputs/data/qsiprep/qsiprep/sub-129405/ses-1/dwi/sub-129405_ses-1_acq-multiband_dir-AP_space-ACPC_desc-preproc_dwi.nii.gz	0.0	0.23224182	0.16095977	0.22545028	0.23224182	0.22545028	0.16095977	0.21145424	0.2114542424678802	sub-129405	ses-1		dir-AP	acq-multiband	space-ACPC			DSIStudio	autotrackgqi
ProjectionBrainstem_DentatorubrothalamicTract-lr	rmse	NODDI	/scratch/grmpy/SLURM_11194840_56/job-11194840-56-sub-129405/ds/inputs/data/qsiprep/qsiprep/sub-129405/ses-1/dwi/sub-129405_ses-1_acq-multiband_dir-AP_space-ACPC_desc-preproc_dwi.nii.gz	0.0	0.05368002	0.0119827585	0.05203665	0.05368002	0.05203665	0.0119827585	0.054696385	0.0546963848173618	sub-129405	ses-1		dir-AP	acq-multiband	space-ACPC			DSIStudio	autotrackgqi
ProjectionBrainstem_DentatorubrothalamicTract-lr	tf	NODDI	/scratch/grmpy/SLURM_11194840_56/job-11194840-56-sub-129405/ds/inputs/data/qsiprep/qsiprep/sub-129405/ses-1/dwi/sub-129405_ses-1_acq-multiband_dir-AP_space-ACPC_desc-preproc_dwi.nii.gz	0.0096774193548387	0.83412045	0.22308119	0.9015198	0.84227145	0.90301657	0.20829342	0.842593	0.8509857654571533	sub-129405	ses-1		dir-AP	acq-multiband	space-ACPC			DSIStudio	autotrackgqi
ProjectionBrainstem_CorticobulbarTractL	directions	NODDI	/scratch/grmpy/SLURM_11194840_56/job-11194840-56-sub-129405/ds/inputs/data/qsiprep/qsiprep/sub-129405/ses-1/dwi/sub-129405_ses-1_acq-multiband_dir-AP_space-ACPC_desc-preproc_dwi.nii.gz	0.0	-0.036242846	0.5762116	-0.15482013	-0.036242846	-0.15482013	0.5762116	-0.012741625		sub-129405	ses-1		dir-AP	acq-multiband	space-ACPC			DSIStudio	autotrackgqi
ProjectionBrainstem_CorticobulbarTractL	icvf	NODDI	/scratch/grmpy/SLURM_11194840_56/job-11194840-56-sub-129405/ds/inputs/data/qsiprep/qsiprep/sub-129405/ses-1/dwi/sub-129405_ses-1_acq-multiband_dir-AP_space-ACPC_desc-preproc_dwi.nii.gz	0.004225352112676	0.5736866	0.15837288	0.5423043	0.5761209	0.54257554	0.1542269	0.57445157	0.5765484571456909	sub-129405	ses-1		dir-AP	acq-multiband	space-ACPC			DSIStudio	autotrackgqi
ProjectionBrainstem_CorticobulbarTractL	isovf	NODDI	/scratch/grmpy/SLURM_11194840_56/job-11194840-56-sub-129405/ds/inputs/data/qsiprep/qsiprep/sub-129405/ses-1/dwi/sub-129405_ses-1_acq-multiband_dir-AP_space-ACPC_desc-preproc_dwi.nii.gz	0.3183098591549296	0.13430485	0.20816678	0.06710543	0.19701745	0.121447526	0.22630097	0.103135645	0.1466111540794372	sub-129405	ses-1		dir-AP	acq-multiband	space-ACPC			DSIStudio	autotrackgqi
ProjectionBrainstem_CorticobulbarTractL	modulated_icvf	NODDI	/scratch/grmpy/SLURM_11194840_56/job-11194840-56-sub-129405/ds/inputs/data/qsiprep/qsiprep/sub-129405/ses-1/dwi/sub-129405_ses-1_acq-multiband_dir-AP_space-ACPC_desc-preproc_dwi.nii.gz	0.004225352112676	0.4743941	0.11477208	0.4883126	0.4764071	0.48858917	0.110767886	0.5061034	0.5079507827758789	sub-129405	ses-1		dir-AP	acq-multiband	space-ACPC			DSIStudio	autotrackgqi
ProjectionBrainstem_CorticobulbarTractL	modulated_od	NODDI	/scratch/grmpy/SLURM_11194840_56/job-11194840-56-sub-129405/ds/inputs/data/qsiprep/qsiprep/sub-129405/ses-1/dwi/sub-129405_ses-1_acq-multiband_dir-AP_space-ACPC_desc-preproc_dwi.nii.gz	0.0	0.22251907	0.16703041	0.19702658	0.22251907	0.19702658	0.16703041	0.20085937	0.2008593678474426	sub-129405	ses-1		dir-AP	acq-multiband	space-ACPC			DSIStudio	autotrackgqi
ProjectionBrainstem_CorticobulbarTractL	nrmse	NODDI	/scratch/grmpy/SLURM_11194840_56/job-11194840-56-sub-129405/ds/inputs/data/qsiprep/qsiprep/sub-129405/ses-1/dwi/sub-129405_ses-1_acq-multiband_dir-AP_space-ACPC_desc-preproc_dwi.nii.gz	0.0	0.11662212	0.047388516	0.11465317	0.11662212	0.11465317	0.047388516	0.11475892	0.1147589236497879	sub-129405	ses-1		dir-AP	acq-multiband	space-ACPC			DSIStudio	autotrackgqi
ProjectionBrainstem_CorticobulbarTractL	od	NODDI	/scratch/grmpy/SLURM_11194840_56/job-11194840-56-sub-129405/ds/inputs/data/qsiprep/qsiprep/sub-129405/ses-1/dwi/sub-129405_ses-1_acq-multiband_dir-AP_space-ACPC_desc-preproc_dwi.nii.gz	0.0	0.26919183	0.19218127	0.2419213	0.26919183	0.2419213	0.19218127	0.22917971	0.229179710149765	sub-129405	ses-1		dir-AP	acq-multiband	space-ACPC			DSIStudio	autotrackgqi
ProjectionBrainstem_CorticobulbarTractL	rmse	NODDI	/scratch/grmpy/SLURM_11194840_56/job-11194840-56-sub-129405/ds/inputs/data/qsiprep/qsiprep/sub-129405/ses-1/dwi/sub-129405_ses-1_acq-multiband_dir-AP_space-ACPC_desc-preproc_dwi.nii.gz	0.0	0.05807119	0.017920585	0.058833517	0.05807119	0.058833517	0.017920585	0.05949662	0.0594966188073158	sub-129405	ses-1		dir-AP	acq-multiband	space-ACPC			DSIStudio	autotrackgqi
ProjectionBrainstem_CorticobulbarTractL	tf	NODDI	/scratch/grmpy/SLURM_11194840_56/job-11194840-56-sub-129405/ds/inputs/data/qsiprep/qsiprep/sub-129405/ses-1/dwi/sub-129405_ses-1_acq-multiband_dir-AP_space-ACPC_desc-preproc_dwi.nii.gz	0.004225352112676	0.8656951	0.20816678	0.9328946	0.86936855	0.9346225	0.20080777	0.89686435	0.9001381397247314	sub-129405	ses-1		dir-AP	acq-multiband	space-ACPC			DSIStudio	autotrackgqi
ProjectionBasalGanglia_ThalamicRadiationR	directions	NODDI	/scratch/grmpy/SLURM_11194840_56/job-11194840-56-sub-129405/ds/inputs/data/qsiprep/qsiprep/sub-129405/ses-1/dwi/sub-129405_ses-1_acq-multiband_dir-AP_space-ACPC_desc-preproc_dwi.nii.gz	6.0	0.0045277257	0.577172	-0.032201964	0.004530244	-0.032601394	0.5773325	0.06814127		sub-129405	ses-1		dir-AP	acq-multiband	space-ACPC			DSIStudio	autotrackgqi
ProjectionBasalGanglia_ThalamicRadiationR	icvf	NODDI	/scratch/grmpy/SLURM_11194840_56/job-11194840-56-sub-129405/ds/inputs/data/qsiprep/qsiprep/sub-129405/ses-1/dwi/sub-129405_ses-1_acq-multiband_dir-AP_space-ACPC_desc-preproc_dwi.nii.gz	0.0014823049842505	0.5016099	0.098681934	0.4963185	0.50235456	0.49643093	0.09684269	0.52336454	0.5235641002655029	sub-129405	ses-1		dir-AP	acq-multiband	space-ACPC			DSIStudio	autotrackgqi
ProjectionBasalGanglia_ThalamicRadiationR	isovf	NODDI	/scratch/grmpy/SLURM_11194840_56/job-11194840-56-sub-129405/ds/inputs/data/qsiprep/qsiprep/sub-129405/ses-1/dwi/sub-129405_ses-1_acq-multiband_dir-AP_space-ACPC_desc-preproc_dwi.nii.gz	0.3935519733185103	0.057820424	0.106385946	0.02456576	0.09534275	0.06643543	0.12282198	0.054590315	0.0787006020545959	sub-129405	ses-1		dir-AP	acq-multiband	space-ACPC			DSIStudio	autotrackgqi
ProjectionBasalGanglia_ThalamicRadiationR	modulated_icvf	NODDI	/scratch/grmpy/SLURM_11194840_56/job-11194840-56-sub-129405/ds/inputs/data/qsiprep/qsiprep/sub-129405/ses-1/dwi/sub-129405_ses-1_acq-multiband_dir-AP_space-ACPC_desc-preproc_dwi.nii.gz	0.0014823049842505	0.4683103	0.082112595	0.47618836	0.46900553	0.47628528	0.08016501	0.4913062	0.4914935529232025	sub-129405	ses-1		dir-AP	acq-multiband	space-ACPC			DSIStudio	autotrackgqi
ProjectionBasalGanglia_ThalamicRadiationR	modulated_od	NODDI	/scratch/grmpy/SLURM_11194840_56/job-11194840-56-sub-129405/ds/inputs/data/qsiprep/qsiprep/sub-129405/ses-1/dwi/sub-129405_ses-1_acq-multiband_dir-AP_space-ACPC_desc-preproc_dwi.nii.gz	0.0007411524921252	0.27325886	0.15984572	0.2575342	0.27346155	0.2576933	0.15973161	0.2309575	0.2309648692607879	sub-129405	ses-1		dir-AP	acq-multiband	space-ACPC			DSIStudio	autotrackgqi
ProjectionBasalGanglia_ThalamicRadiationR	nrmse	NODDI	/scratch/grmpy/SLURM_11194840_56/job-11194840-56-sub-129405/ds/inputs/data/qsiprep/qsiprep/sub-129405/ses-1/dwi/sub-129405_ses-1_acq-multiband_dir-AP_space-ACPC_desc-preproc_dwi.nii.gz	0.0005558643690939	0.08541709	0.021730667	0.08393215	0.085464604	0.0839394	0.021643115	0.0886897	0.0886915102601051	sub-129405	ses-1		dir-AP	acq-multiband	space-ACPC			DSIStudio	autotrackgqi
ProjectionBasalGanglia_ThalamicRadiationR	od	NODDI	/scratch/grmpy/SLURM_11194840_56/job-11194840-56-sub-129405/ds/inputs/data/qsiprep/qsiprep/sub-129405/ses-1/dwi/sub-129405_ses-1_acq-multiband_dir-AP_space-ACPC_desc-preproc_dwi.nii.gz	0.0005558643690939	0.2920456	0.16849022	0.2746913	0.29220802	0.2747303	0.16839619	0.24475022	0.244755208492279	sub-129405	ses-1		dir-AP	acq-multiband	space-ACPC			DSIStudio	autotrackgqi
ProjectionBasalGanglia_ThalamicRadiationR	rmse	NODDI	/scratch/grmpy/SLURM_11194840_56/job-11194840-56-sub-129405/ds/inputs/data/qsiprep/qsiprep/sub-129405/ses-1/dwi/sub-129405_ses-1_acq-multiband_dir-AP_space-ACPC_desc-preproc_dwi.nii.gz	0.0005558643690939	0.044020675	0.011236899	0.043354265	0.044045158	0.04336504	0.011191951	0.046363518	0.0463644638657569	sub-129405	ses-1		dir-AP	acq-multiband	space-ACPC			DSIStudio	autotrackgqi
ProjectionBasalGanglia_ThalamicRadiationR	tf	NODDI	/scratch/grmpy/SLURM_11194840_56/job-11194840-56-sub-129405/ds/inputs/data/qsiprep/qsiprep/sub-129405/ses-1/dwi/sub-129405_ses-1_acq-multiband_dir-AP_space-ACPC_desc-preproc_dwi.nii.gz	0.0014823049842505	0.94162375	0.108670354	0.97528565	0.9430216	0.9754541	0.102511354	0.9453893	0.945749819278717	sub-129405	ses-1		dir-AP	acq-multiband	space-ACPC			DSIStudio	autotrackgqi
ProjectionBrainstem_NonDecussatingDentatorubrothalamicTractR	directions	NODDI	/scratch/grmpy/SLURM_11194840_56/job-11194840-56-sub-129405/ds/inputs/data/qsiprep/qsiprep/sub-129405/ses-1/dwi/sub-129405_ses-1_acq-multiband_dir-AP_space-ACPC_desc-preproc_dwi.nii.gz	0.0	-0.020024097	0.5770029	-0.062043644	-0.020024097	-0.062043644	0.5770029	-0.1262469		sub-129405	ses-1		dir-AP	acq-multiband	space-ACPC			DSIStudio	autotrackgqi
ProjectionBrainstem_NonDecussatingDentatorubrothalamicTractR	icvf	NODDI	/scratch/grmpy/SLURM_11194840_56/job-11194840-56-sub-129405/ds/inputs/data/qsiprep/qsiprep/sub-129405/ses-1/dwi/sub-129405_ses-1_acq-multiband_dir-AP_space-ACPC_desc-preproc_dwi.nii.gz	0.0015929908403026	0.55389065	0.1188601	0.54338145	0.5547744	0.5436568	0.11687593	0.5944158	0.5963824987411499	sub-129405	ses-1		dir-AP	acq-multiband	space-ACPC			DSIStudio	autotrackgqi
ProjectionBrainstem_NonDecussatingDentatorubrothalamicTractR	isovf	NODDI	/scratch/grmpy/SLURM_11194840_56/job-11194840-56-sub-129405/ds/inputs/data/qsiprep/qsiprep/sub-129405/ses-1/dwi/sub-129405_ses-1_acq-multiband_dir-AP_space-ACPC_desc-preproc_dwi.nii.gz	0.2542811628833134	0.08464695	0.12635036	0.054294296	0.113510534	0.08022467	0.13465422	0.11583893	0.1402855962514877	sub-129405	ses-1		dir-AP	acq-multiband	space-ACPC			DSIStudio	autotrackgqi
ProjectionBrainstem_NonDecussatingDentatorubrothalamicTractR	modulated_icvf	NODDI	/scratch/grmpy/SLURM_11194840_56/job-11194840-56-sub-129405/ds/inputs/data/qsiprep/qsiprep/sub-129405/ses-1/dwi/sub-129405_ses-1_acq-multiband_dir-AP_space-ACPC_desc-preproc_dwi.nii.gz	0.0015929908403026	0.49992746	0.093933545	0.5081885	0.5007251	0.5082601	0.091859594	0.51366967	0.515369176864624	sub-129405	ses-1		dir-AP	acq-multiband	space-ACPC			DSIStudio	autotrackgqi
ProjectionBrainstem_NonDecussatingDentatorubrothalamicTractR	modulated_od	NODDI	/scratch/grmpy/SLURM_11194840_56/job-11194840-56-sub-129405/ds/inputs/data/qsiprep/qsiprep/sub-129405/ses-1/dwi/sub-129405_ses-1_acq-multiband_dir-AP_space-ACPC_desc-preproc_dwi.nii.gz	0.0001991238550378	0.23202713	0.15609461	0.21691969	0.23207334	0.21695589	0.1560758	0.19188572	0.1922271698713302	sub-129405	ses-1		dir-AP	acq-multiband	space-ACPC			DSIStudio	autotrackgqi
ProjectionBrainstem_NonDecussatingDentatorubrothalamicTractR	nrmse	NODDI	/scratch/grmpy/SLURM_11194840_56/job-11194840-56-sub-129405/ds/inputs/data/qsiprep/qsiprep/sub-129405/ses-1/dwi/sub-129405_ses-1_acq-multiband_dir-AP_space-ACPC_desc-preproc_dwi.nii.gz	0.0	0.09171033	0.026926681	0.08804192	0.09171033	0.08804192	0.026926681	0.09914641	0.0991464108228683	sub-129405	ses-1		dir-AP	acq-multiband	space-ACPC			DSIStudio	autotrackgqi
ProjectionBrainstem_NonDecussatingDentatorubrothalamicTractR	od	NODDI	/scratch/grmpy/SLURM_11194840_56/job-11194840-56-sub-129405/ds/inputs/data/qsiprep/qsiprep/sub-129405/ses-1/dwi/sub-129405_ses-1_acq-multiband_dir-AP_space-ACPC_desc-preproc_dwi.nii.gz	0.0	0.25477064	0.16673039	0.23661134	0.25477064	0.23661134	0.16673039	0.22110851	0.2211085110902786	sub-129405	ses-1		dir-AP	acq-multiband	space-ACPC			DSIStudio	autotrackgqi
ProjectionBrainstem_NonDecussatingDentatorubrothalamicTractR	rmse	NODDI	/scratch/grmpy/SLURM_11194840_56/job-11194840-56-sub-129405/ds/inputs/data/qsiprep/qsiprep/sub-129405/ses-1/dwi/sub-129405_ses-1_acq-multiband_dir-AP_space-ACPC_desc-preproc_dwi.nii.gz	0.0	0.04768127	0.013787193	0.04661748	0.04768127	0.04661748	0.013787193	0.05129802	0.0512980185449123	sub-129405	ses-1		dir-AP	acq-multiband	space-ACPC			DSIStudio	autotrackgqi
ProjectionBrainstem_NonDecussatingDentatorubrothalamicTractR	tf	NODDI	/scratch/grmpy/SLURM_11194840_56/job-11194840-56-sub-129405/ds/inputs/data/qsiprep/qsiprep/sub-129405/ses-1/dwi/sub-129405_ses-1_acq-multiband_dir-AP_space-ACPC_desc-preproc_dwi.nii.gz	0.0015929908403026	0.9153531	0.12635034	0.9457057	0.9168136	0.9458536	0.1210409	0.88416106	0.8870863914489746	sub-129405	ses-1		dir-AP	acq-multiband	space-ACPC			DSIStudio	autotrackgqi
ProjectionBasalGanglia_FasciculusLenticularisR	directions	NODDI	/scratch/grmpy/SLURM_11194840_56/job-11194840-56-sub-129405/ds/inputs/data/qsiprep/qsiprep/sub-129405/ses-1/dwi/sub-129405_ses-1_acq-multiband_dir-AP_space-ACPC_desc-preproc_dwi.nii.gz	0.0	-0.0060913404	0.57731813	-0.039110646	-0.0060913404	-0.039110646	0.57731813	0.16151018		sub-129405	ses-1		dir-AP	acq-multiband	space-ACPC			DSIStudio	autotrackgqi
ProjectionBasalGanglia_FasciculusLenticularisR	icvf	NODDI	/scratch/grmpy/SLURM_11194840_56/job-11194840-56-sub-129405/ds/inputs/data/qsiprep/qsiprep/sub-129405/ses-1/dwi/sub-129405_ses-1_acq-multiband_dir-AP_space-ACPC_desc-preproc_dwi.nii.gz	0.0	0.46325284	0.09170877	0.4604124	0.46325284	0.4604124	0.09170877	0.44558987	0.4455898702144623	sub-129405	ses-1		dir-AP	acq-multiband	space-ACPC			DSIStudio	autotrackgqi
ProjectionBasalGanglia_FasciculusLenticularisR	isovf	NODDI	/scratch/grmpy/SLURM_11194840_56/job-11194840-56-sub-129405/ds/inputs/data/qsiprep/qsiprep/sub-129405/ses-1/dwi/sub-129405_ses-1_acq-multiband_dir-AP_space-ACPC_desc-preproc_dwi.nii.gz	0.4815618221258134	0.067768775	0.1330394	0.0057403236	0.13071717	0.071391016	0.16097069	0.058548637	0.1364795416593551	sub-129405	ses-1		dir-AP	acq-multiband	space-ACPC			DSIStudio	autotrackgqi
ProjectionBasalGanglia_FasciculusLenticularisR	modulated_icvf	NODDI	/scratch/grmpy/SLURM_11194840_56/job-11194840-56-sub-129405/ds/inputs/data/qsiprep/qsiprep/sub-129405/ses-1/dwi/sub-129405_ses-1_acq-multiband_dir-AP_space-ACPC_desc-preproc_dwi.nii.gz	0.0	0.42496324	0.07437568	0.4290762	0.42496324	0.4290762	0.07437568	0.41522685	0.4152268469333648	sub-129405	ses-1		dir-AP	acq-multiband	space-ACPC			DSIStudio	autotrackgqi
ProjectionBasalGanglia_FasciculusLenticularisR	modulated_od	NODDI	/scratch/grmpy/SLURM_11194840_56/job-11194840-56-sub-129405/ds/inputs/data/qsiprep/qsiprep/sub-129405/ses-1/dwi/sub-129405_ses-1_acq-multiband_dir-AP_space-ACPC_desc-preproc_dwi.nii.gz	0.0	0.2786746	0.1362164	0.27617183	0.2786746	0.27617183	0.1362164	0.21842825	0.2184282541275024	sub-129405	ses-1		dir-AP	acq-multiband	space-ACPC			DSIStudio	autotrackgqi
ProjectionBasalGanglia_FasciculusLenticularisR	nrmse	NODDI	/scratch/grmpy/SLURM_11194840_56/job-11194840-56-sub-129405/ds/inputs/data/qsiprep/qsiprep/sub-129405/ses-1/dwi/sub-129405_ses-1_acq-multiband_dir-AP_space-ACPC_desc-preproc_dwi.nii.gz	0.0	0.09521284	0.018445766	0.094443135	0.09521284	0.094443135	0.018445766	0.1003875	0.1003874987363815	sub-129405	ses-1		dir-AP	acq-multiband	space-ACPC			DSIStudio	autotrackgqi
ProjectionBasalGanglia_FasciculusLenticularisR	od	NODDI	/scratch/grmpy/SLURM_11194840_56/job-11194840-56-sub-129405/ds/inputs/data/qsiprep/qsiprep/sub-129405/ses-1/dwi/sub-129405_ses-1_acq-multiband_dir-AP_space-ACPC_desc-preproc_dwi.nii.gz	0.0	0.2953794	0.13244295	0.29559374	0.2953794	0.29559374	0.13244295	0.23198286	0.2319828569889068	sub-129405	ses-1		dir-AP	acq-multiband	space-ACPC			DSIStudio	autotrackgqi
ProjectionBasalGanglia_FasciculusLenticularisR	rmse	NODDI	/scratch/grmpy/SLURM_11194840_56/job-11194840-56-sub-129405/ds/inputs/data/qsiprep/qsiprep/sub-129405/ses-1/dwi/sub-129405_ses-1_acq-multiband_dir-AP_space-ACPC_desc-preproc_dwi.nii.gz	0.0	0.04773223	0.010425147	0.046881706	0.04773223	0.046881706	0.010425147	0.050496608	0.0504966080188751	sub-129405	ses-1		dir-AP	acq-multiband	space-ACPC			DSIStudio	autotrackgqi
ProjectionBasalGanglia_FasciculusLenticularisR	tf	NODDI	/scratch/grmpy/SLURM_11194840_56/job-11194840-56-sub-129405/ds/inputs/data/qsiprep/qsiprep/sub-129405/ses-1/dwi/sub-129405_ses-1_acq-multiband_dir-AP_space-ACPC_desc-preproc_dwi.nii.gz	0.0	0.93223125	0.1330394	0.99425966	0.93223125	0.99425966	0.1330394	0.9414513	0.9414513111114502	sub-129405	ses-1		dir-AP	acq-multiband	space-ACPC			DSIStudio	autotrackgqi
ProjectionBasalGanglia_AcousticRadiationL	directions	NODDI	/scratch/grmpy/SLURM_11194840_56/job-11194840-56-sub-129405/ds/inputs/data/qsiprep/qsiprep/sub-129405/ses-1/dwi/sub-129405_ses-1_acq-multiband_dir-AP_space-ACPC_desc-preproc_dwi.nii.gz	0.0	0.016473508	0.5771152	-0.047691584	0.016473508	-0.047691584	0.5771152	0.14058475		sub-129405	ses-1		dir-AP	acq-multiband	space-ACPC			DSIStudio	autotrackgqi
ProjectionBasalGanglia_AcousticRadiationL	icvf	NODDI	/scratch/grmpy/SLURM_11194840_56/job-11194840-56-sub-129405/ds/inputs/data/qsiprep/qsiprep/sub-129405/ses-1/dwi/sub-129405_ses-1_acq-multiband_dir-AP_space-ACPC_desc-preproc_dwi.nii.gz	0.0021978021978021	0.5344517	0.13361382	0.51331884	0.5356289	0.5135366	0.13138276	0.5258422	0.5260211229324341	sub-129405	ses-1		dir-AP	acq-multiband	space-ACPC			DSIStudio	autotrackgqi
ProjectionBasalGanglia_AcousticRadiationL	isovf	NODDI	/scratch/grmpy/SLURM_11194840_56/job-11194840-56-sub-129405/ds/inputs/data/qsiprep/qsiprep/sub-129405/ses-1/dwi/sub-129405_ses-1_acq-multiband_dir-AP_space-ACPC_desc-preproc_dwi.nii.gz	0.2388278388278388	0.112809986	0.1807223	0.061822075	0.14820561	0.08011182	0.19406803	0.06942999	0.0857266262173652	sub-129405	ses-1		dir-AP	acq-multiband	space-ACPC			DSIStudio	autotrackgqi
ProjectionBasalGanglia_AcousticRadiationL	modulated_icvf	NODDI	/scratch/grmpy/SLURM_11194840_56/job-11194840-56-sub-129405/ds/inputs/data/qsiprep/qsiprep/sub-129405/ses-1/dwi/sub-129405_ses-1_acq-multiband_dir-AP_space-ACPC_desc-preproc_dwi.nii.gz	0.0021978021978021	0.45895532	0.096737385	0.47084382	0.4599662	0.47098035	0.09441265	0.48506552	0.4852305948734283	sub-129405	ses-1		dir-AP	acq-multiband	space-ACPC			DSIStudio	autotrackgqi
ProjectionBasalGanglia_AcousticRadiationL	modulated_od	NODDI	/scratch/grmpy/SLURM_11194840_56/job-11194840-56-sub-129405/ds/inputs/data/qsiprep/qsiprep/sub-129405/ses-1/dwi/sub-129405_ses-1_acq-multiband_dir-AP_space-ACPC_desc-preproc_dwi.nii.gz	0.0	0.2238103	0.15599184	0.21374321	0.2238103	0.21374321	0.15599184	0.18894318	0.1889431774616241	sub-129405	ses-1		dir-AP	acq-multiband	space-ACPC			DSIStudio	autotrackgqi
ProjectionBasalGanglia_AcousticRadiationL	nrmse	NODDI	/scratch/grmpy/SLURM_11194840_56/job-11194840-56-sub-129405/ds/inputs/data/qsiprep/qsiprep/sub-129405/ses-1/dwi/sub-129405_ses-1_acq-multiband_dir-AP_space-ACPC_desc-preproc_dwi.nii.gz	0.0	0.08862744	0.026007479	0.084153764	0.08862744	0.084153764	0.026007479	0.08341939	0.0834193900227546	sub-129405	ses-1		dir-AP	acq-multiband	space-ACPC			DSIStudio	autotrackgqi
ProjectionBasalGanglia_AcousticRadiationL	od	NODDI	/scratch/grmpy/SLURM_11194840_56/job-11194840-56-sub-129405/ds/inputs/data/qsiprep/qsiprep/sub-129405/ses-1/dwi/sub-129405_ses-1_acq-multiband_dir-AP_space-ACPC_desc-preproc_dwi.nii.gz	0.0	0.2563906	0.16876264	0.25253934	0.2563906	0.25253934	0.16876264	0.20374238	0.2037423849105835	sub-129405	ses-1		dir-AP	acq-multiband	space-ACPC			DSIStudio	autotrackgqi
ProjectionBasalGanglia_AcousticRadiationL	rmse	NODDI	/scratch/grmpy/SLURM_11194840_56/job-11194840-56-sub-129405/ds/inputs/data/qsiprep/qsiprep/sub-129405/ses-1/dwi/sub-129405_ses-1_acq-multiband_dir-AP_space-ACPC_desc-preproc_dwi.nii.gz	0.0	0.044399813	0.011344164	0.043215945	0.044399813	0.043215945	0.011344164	0.043325976	0.0433259755373001	sub-129405	ses-1		dir-AP	acq-multiband	space-ACPC			DSIStudio	autotrackgqi
ProjectionBasalGanglia_AcousticRadiationL	tf	NODDI	/scratch/grmpy/SLURM_11194840_56/job-11194840-56-sub-129405/ds/inputs/data/qsiprep/qsiprep/sub-129405/ses-1/dwi/sub-129405_ses-1_acq-multiband_dir-AP_space-ACPC_desc-preproc_dwi.nii.gz	0.0021978021978021	0.88719004	0.18072231	0.93817794	0.8891442	0.93850076	0.17605385	0.93057	0.9308867454528807	sub-129405	ses-1		dir-AP	acq-multiband	space-ACPC			DSIStudio	autotrackgqi
ProjectionBasalGanglia_OpticRadiationL	directions	NODDI	/scratch/grmpy/SLURM_11194840_56/job-11194840-56-sub-129405/ds/inputs/data/qsiprep/qsiprep/sub-129405/ses-1/dwi/sub-129405_ses-1_acq-multiband_dir-AP_space-ACPC_desc-preproc_dwi.nii.gz	37.0	-0.06994604	0.56967145	-0.09808424	-0.070777394	-0.10666687	0.57299554	-0.33460075		sub-129405	ses-1		dir-AP	acq-multiband	space-ACPC			DSIStudio	autotrackgqi
ProjectionBasalGanglia_OpticRadiationL	icvf	NODDI	/scratch/grmpy/SLURM_11194840_56/job-11194840-56-sub-129405/ds/inputs/data/qsiprep/qsiprep/sub-129405/ses-1/dwi/sub-129405_ses-1_acq-multiband_dir-AP_space-ACPC_desc-preproc_dwi.nii.gz	0.0139682539682539	0.49560764	0.12706524	0.486014	0.5026285	0.4874168	0.11333763	0.52230114	0.5228574872016907	sub-129405	ses-1		dir-AP	acq-multiband	space-ACPC			DSIStudio	autotrackgqi
ProjectionBasalGanglia_OpticRadiationL	isovf	NODDI	/scratch/grmpy/SLURM_11194840_56/job-11194840-56-sub-129405/ds/inputs/data/qsiprep/qsiprep/sub-129405/ses-1/dwi/sub-129405_ses-1_acq-multiband_dir-AP_space-ACPC_desc-preproc_dwi.nii.gz	0.3114285714285714	0.07983883	0.14270273	0.045702532	0.115948506	0.07417141	0.1593346	0.07517412	0.0906535163521766	sub-129405	ses-1		dir-AP	acq-multiband	space-ACPC			DSIStudio	autotrackgqi
ProjectionBasalGanglia_OpticRadiationL	modulated_icvf	NODDI	/scratch/grmpy/SLURM_11194840_56/job-11194840-56-sub-129405/ds/inputs/data/qsiprep/qsiprep/sub-129405/ses-1/dwi/sub-129405_ses-1_acq-multiband_dir-AP_space-ACPC_desc-preproc_dwi.nii.gz	0.0139682539682539	0.44552192	0.09327027	0.45827696	0.45183325	0.45938468	0.07727169	0.47768062	0.4781894087791443	sub-129405	ses-1		dir-AP	acq-multiband	space-ACPC			DSIStudio	autotrackgqi
ProjectionBasalGanglia_OpticRadiationL	modulated_od	NODDI	/scratch/grmpy/SLURM_11194840_56/job-11194840-56-sub-129405/ds/inputs/data/qsiprep/qsiprep/sub-129405/ses-1/dwi/sub-129405_ses-1_acq-multiband_dir-AP_space-ACPC_desc-preproc_dwi.nii.gz	0.0117460317460317	0.22968699	0.18701221	0.19302475	0.23241697	0.19651261	0.18642628	0.15250483	0.1525998264551162	sub-129405	ses-1		dir-AP	acq-multiband	space-ACPC			DSIStudio	autotrackgqi
ProjectionBasalGanglia_OpticRadiationL	nrmse	NODDI	/scratch/grmpy/SLURM_11194840_56/job-11194840-56-sub-129405/ds/inputs/data/qsiprep/qsiprep/sub-129405/ses-1/dwi/sub-129405_ses-1_acq-multiband_dir-AP_space-ACPC_desc-preproc_dwi.nii.gz	0.0117460317460317	0.07992997	0.02966509	0.07625842	0.08087999	0.0766285	0.028524369	0.087222785	0.0872771143913269	sub-129405	ses-1		dir-AP	acq-multiband	space-ACPC			DSIStudio	autotrackgqi
ProjectionBasalGanglia_OpticRadiationL	od	NODDI	/scratch/grmpy/SLURM_11194840_56/job-11194840-56-sub-129405/ds/inputs/data/qsiprep/qsiprep/sub-129405/ses-1/dwi/sub-129405_ses-1_acq-multiband_dir-AP_space-ACPC_desc-preproc_dwi.nii.gz	0.0117460317460317	0.25330272	0.19831853	0.22887267	0.25631338	0.23137529	0.19755007	0.16740182	0.1675061136484146	sub-129405	ses-1		dir-AP	acq-multiband	space-ACPC			DSIStudio	autotrackgqi
ProjectionBasalGanglia_OpticRadiationL	rmse	NODDI	/scratch/grmpy/SLURM_11194840_56/job-11194840-56-sub-129405/ds/inputs/data/qsiprep/qsiprep/sub-129405/ses-1/dwi/sub-129405_ses-1_acq-multiband_dir-AP_space-ACPC_desc-preproc_dwi.nii.gz	0.0117460317460317	0.040173985	0.013049305	0.038913865	0.040651478	0.03910056	0.012365174	0.045247644	0.0452758371829986	sub-129405	ses-1		dir-AP	acq-multiband	space-ACPC			DSIStudio	autotrackgqi
ProjectionBasalGanglia_OpticRadiationL	tf	NODDI	/scratch/grmpy/SLURM_11194840_56/job-11194840-56-sub-129405/ds/inputs/data/qsiprep/qsiprep/sub-129405/ses-1/dwi/sub-129405_ses-1_acq-multiband_dir-AP_space-ACPC_desc-preproc_dwi.nii.gz	0.0139682539682539	0.9084151	0.17348358	0.9522379	0.92128384	0.95364064	0.1366278	0.92420334	0.9251878261566162	sub-129405	ses-1		dir-AP	acq-multiband	space-ACPC			DSIStudio	autotrackgqi
ProjectionBasalGanglia_FasciculusLenticularisL	directions	NODDI	/scratch/grmpy/SLURM_11194840_56/job-11194840-56-sub-129405/ds/inputs/data/qsiprep/qsiprep/sub-129405/ses-1/dwi/sub-129405_ses-1_acq-multiband_dir-AP_space-ACPC_desc-preproc_dwi.nii.gz	0.0	0.023762124	0.5768611	0.056714904	0.023762124	0.056714904	0.5768611	0.15532352		sub-129405	ses-1		dir-AP	acq-multiband	space-ACPC			DSIStudio	autotrackgqi
ProjectionBasalGanglia_FasciculusLenticularisL	icvf	NODDI	/scratch/grmpy/SLURM_11194840_56/job-11194840-56-sub-129405/ds/inputs/data/qsiprep/qsiprep/sub-129405/ses-1/dwi/sub-129405_ses-1_acq-multiband_dir-AP_space-ACPC_desc-preproc_dwi.nii.gz	0.0068027210884353	0.4913437	0.11570296	0.48618054	0.49470907	0.4867016	0.10869218	0.48409092	0.4877268671989441	sub-129405	ses-1		dir-AP	acq-multiband	space-ACPC			DSIStudio	autotrackgqi
ProjectionBasalGanglia_FasciculusLenticularisL	isovf	NODDI	/scratch/grmpy/SLURM_11194840_56/job-11194840-56-sub-129405/ds/inputs/data/qsiprep/qsiprep/sub-129405/ses-1/dwi/sub-129405_ses-1_acq-multiband_dir-AP_space-ACPC_desc-preproc_dwi.nii.gz	0.4064625850340136	0.08929853	0.17033812	0.0311417	0.15045139	0.08638711	0.1992096	0.090702936	0.1547163128852844	sub-129405	ses-1		dir-AP	acq-multiband	space-ACPC			DSIStudio	autotrackgqi
ProjectionBasalGanglia_FasciculusLenticularisL	modulated_icvf	NODDI	/scratch/grmpy/SLURM_11194840_56/job-11194840-56-sub-129405/ds/inputs/data/qsiprep/qsiprep/sub-129405/ses-1/dwi/sub-129405_ses-1_acq-multiband_dir-AP_space-ACPC_desc-preproc_dwi.nii.gz	0.0068027210884353	0.44031677	0.09702177	0.4511303	0.4433326	0.4527942	0.09022564	0.43000513	0.433234840631485	sub-129405	ses-1		dir-AP	acq-multiband	space-ACPC			DSIStudio	autotrackgqi
ProjectionBasalGanglia_FasciculusLenticularisL	modulated_od	NODDI	/scratch/grmpy/SLURM_11194840_56/job-11194840-56-sub-129405/ds/inputs/data/qsiprep/qsiprep/sub-129405/ses-1/dwi/sub-129405_ses-1_acq-multiband_dir-AP_space-ACPC_desc-preproc_dwi.nii.gz	0.0	0.289576	0.14754228	0.2739517	0.289576	0.2739517	0.14754228	0.25358754	0.253587543964386	sub-129405	ses-1		dir-AP	acq-multiband	space-ACPC			DSIStudio	autotrackgqi
ProjectionBasalGanglia_FasciculusLenticularisL	nrmse	NODDI	/scratch/grmpy/SLURM_11194840_56/job-11194840-56-sub-129405/ds/inputs/data/qsiprep/qsiprep/sub-129405/ses-1/dwi/sub-129405_ses-1_acq-multiband_dir-AP_space-ACPC_desc-preproc_dwi.nii.gz	0.0	0.102298245	0.028861744	0.09779009	0.102298245	0.09779009	0.028861744	0.10224551	0.1022455096244812	sub-129405	ses-1		dir-AP	acq-multiband	space-ACPC			DSIStudio	autotrackgqi
ProjectionBasalGanglia_FasciculusLenticularisL	od	NODDI	/scratch/grmpy/SLURM_11194840_56/job-11194840-56-sub-129405/ds/inputs/data/qsiprep/qsiprep/sub-129405/ses-1/dwi/sub-129405_ses-1_acq-multiband_dir-AP_space-ACPC_desc-preproc_dwi.nii.gz	0.0	0.32115802	0.15514216	0.31004256	0.32115802	0.31004256	0.15514216	0.28420416	0.2842041552066803	sub-129405	ses-1		dir-AP	acq-multiband	space-ACPC			DSIStudio	autotrackgqi
ProjectionBasalGanglia_FasciculusLenticularisL	rmse	NODDI	/scratch/grmpy/SLURM_11194840_56/job-11194840-56-sub-129405/ds/inputs/data/qsiprep/qsiprep/sub-129405/ses-1/dwi/sub-129405_ses-1_acq-multiband_dir-AP_space-ACPC_desc-preproc_dwi.nii.gz	0.0	0.05104098	0.012751473	0.049608216	0.05104098	0.049608216	0.012751473	0.050553694	0.0505536943674087	sub-129405	ses-1		dir-AP	acq-multiband	space-ACPC			DSIStudio	autotrackgqi
ProjectionBasalGanglia_FasciculusLenticularisL	tf	NODDI	/scratch/grmpy/SLURM_11194840_56/job-11194840-56-sub-129405/ds/inputs/data/qsiprep/qsiprep/sub-129405/ses-1/dwi/sub-129405_ses-1_acq-multiband_dir-AP_space-ACPC_desc-preproc_dwi.nii.gz	0.0068027210884353	0.9107014	0.17033811	0.9688583	0.9169391	0.9695473	0.15327829	0.9092971	0.9161266088485718	sub-129405	ses-1		dir-AP	acq-multiband	space-ACPC			DSIStudio	autotrackgqi
ProjectionBrainstem_MedialLemniscusL	directions	NODDI	/scratch/grmpy/SLURM_11194840_56/job-11194840-56-sub-129405/ds/inputs/data/qsiprep/qsiprep/sub-129405/ses-1/dwi/sub-129405_ses-1_acq-multiband_dir-AP_space-ACPC_desc-preproc_dwi.nii.gz	0.0	0.11386681	0.56601036	0.07836618	0.11386681	0.07836618	0.56601036	0.60162306		sub-129405	ses-1		dir-AP	acq-multiband	space-ACPC			DSIStudio	autotrackgqi
ProjectionBrainstem_MedialLemniscusL	icvf	NODDI	/scratch/grmpy/SLURM_11194840_56/job-11194840-56-sub-129405/ds/inputs/data/qsiprep/qsiprep/sub-129405/ses-1/dwi/sub-129405_ses-1_acq-multiband_dir-AP_space-ACPC_desc-preproc_dwi.nii.gz	0.0005841121495327	0.54938805	0.12557197	0.52720916	0.54970914	0.52743	0.124904074	0.568807	0.5688100457191467	sub-129405	ses-1		dir-AP	acq-multiband	space-ACPC			DSIStudio	autotrackgqi
ProjectionBrainstem_MedialLemniscusL	isovf	NODDI	/scratch/grmpy/SLURM_11194840_56/job-11194840-56-sub-129405/ds/inputs/data/qsiprep/qsiprep/sub-129405/ses-1/dwi/sub-129405_ses-1_acq-multiband_dir-AP_space-ACPC_desc-preproc_dwi.nii.gz	0.2091121495327103	0.103843175	0.15365435	0.06081854	0.1312995	0.07995731	0.16200954	0.095415145	0.1087044030427932	sub-129405	ses-1		dir-AP	acq-multiband	space-ACPC			DSIStudio	autotrackgqi
ProjectionBrainstem_MedialLemniscusL	modulated_icvf	NODDI	/scratch/grmpy/SLURM_11194840_56/job-11194840-56-sub-129405/ds/inputs/data/qsiprep/qsiprep/sub-129405/ses-1/dwi/sub-129405_ses-1_acq-multiband_dir-AP_space-ACPC_desc-preproc_dwi.nii.gz	0.0005841121495327	0.47842765	0.08828129	0.47918016	0.47870725	0.47920334	0.087545894	0.5080707	0.5080733895301819	sub-129405	ses-1		dir-AP	acq-multiband	space-ACPC			DSIStudio	autotrackgqi
ProjectionBrainstem_MedialLemniscusL	modulated_od	NODDI	/scratch/grmpy/SLURM_11194840_56/job-11194840-56-sub-129405/ds/inputs/data/qsiprep/qsiprep/sub-129405/ses-1/dwi/sub-129405_ses-1_acq-multiband_dir-AP_space-ACPC_desc-preproc_dwi.nii.gz	0.0	0.20241657	0.13895863	0.19663939	0.20241657	0.19663939	0.13895863	0.16445947	0.1644594669342041	sub-129405	ses-1		dir-AP	acq-multiband	space-ACPC			DSIStudio	autotrackgqi
ProjectionBrainstem_MedialLemniscusL	nrmse	NODDI	/scratch/grmpy/SLURM_11194840_56/job-11194840-56-sub-129405/ds/inputs/data/qsiprep/qsiprep/sub-129405/ses-1/dwi/sub-129405_ses-1_acq-multiband_dir-AP_space-ACPC_desc-preproc_dwi.nii.gz	0.0	0.099985175	0.037614655	0.09082691	0.099985175	0.09082691	0.037614655	0.10261327	0.1026132702827453	sub-129405	ses-1		dir-AP	acq-multiband	space-ACPC			DSIStudio	autotrackgqi
ProjectionBrainstem_MedialLemniscusL	od	NODDI	/scratch/grmpy/SLURM_11194840_56/job-11194840-56-sub-129405/ds/inputs/data/qsiprep/qsiprep/sub-129405/ses-1/dwi/sub-129405_ses-1_acq-multiband_dir-AP_space-ACPC_desc-preproc_dwi.nii.gz	0.0	0.231518	0.15428758	0.23205033	0.231518	0.23205033	0.15428758	0.1845096	0.1845096051692962	sub-129405	ses-1		dir-AP	acq-multiband	space-ACPC			DSIStudio	autotrackgqi
ProjectionBrainstem_MedialLemniscusL	rmse	NODDI	/scratch/grmpy/SLURM_11194840_56/job-11194840-56-sub-129405/ds/inputs/data/qsiprep/qsiprep/sub-129405/ses-1/dwi/sub-129405_ses-1_acq-multiband_dir-AP_space-ACPC_desc-preproc_dwi.nii.gz	0.0	0.050324913	0.014355732	0.047150783	0.050324913	0.047150783	0.014355732	0.053292386	0.0532923862338066	sub-129405	ses-1		dir-AP	acq-multiband	space-ACPC			DSIStudio	autotrackgqi
ProjectionBrainstem_MedialLemniscusL	tf	NODDI	/scratch/grmpy/SLURM_11194840_56/job-11194840-56-sub-129405/ds/inputs/data/qsiprep/qsiprep/sub-129405/ses-1/dwi/sub-129405_ses-1_acq-multiband_dir-AP_space-ACPC_desc-preproc_dwi.nii.gz	0.0005841121495327	0.8961568	0.15365435	0.93918145	0.8966806	0.9392439	0.15216376	0.9045849	0.9045896530151368	sub-129405	ses-1		dir-AP	acq-multiband	space-ACPC			DSIStudio	autotrackgqi
ProjectionBasalGanglia_ThalamicRadiationL	directions	NODDI	/scratch/grmpy/SLURM_11194840_56/job-11194840-56-sub-129405/ds/inputs/data/qsiprep/qsiprep/sub-129405/ses-1/dwi/sub-129405_ses-1_acq-multiband_dir-AP_space-ACPC_desc-preproc_dwi.nii.gz	12.0	-0.011534721	0.5769277	-0.04376049	-0.0115470085	-0.044585224	0.57723475	0.019063966		sub-129405	ses-1		dir-AP	acq-multiband	space-ACPC			DSIStudio	autotrackgqi
ProjectionBasalGanglia_ThalamicRadiationL	icvf	NODDI	/scratch/grmpy/SLURM_11194840_56/job-11194840-56-sub-129405/ds/inputs/data/qsiprep/qsiprep/sub-129405/ses-1/dwi/sub-129405_ses-1_acq-multiband_dir-AP_space-ACPC_desc-preproc_dwi.nii.gz	0.0015074931276048	0.5024926	0.10258635	0.4955755	0.50325125	0.49566197	0.100787185	0.53057826	0.5306086540222168	sub-129405	ses-1		dir-AP	acq-multiband	space-ACPC			DSIStudio	autotrackgqi
ProjectionBasalGanglia_ThalamicRadiationL	isovf	NODDI	/scratch/grmpy/SLURM_11194840_56/job-11194840-56-sub-129405/ds/inputs/data/qsiprep/qsiprep/sub-129405/ses-1/dwi/sub-129405_ses-1_acq-multiband_dir-AP_space-ACPC_desc-preproc_dwi.nii.gz	0.3664981821406402	0.057957847	0.09944373	0.0322476	0.09148805	0.068168774	0.11199345	0.056958668	0.0761227831244468	sub-129405	ses-1		dir-AP	acq-multiband	space-ACPC			DSIStudio	autotrackgqi
ProjectionBasalGanglia_ThalamicRadiationL	modulated_icvf	NODDI	/scratch/grmpy/SLURM_11194840_56/job-11194840-56-sub-129405/ds/inputs/data/qsiprep/qsiprep/sub-129405/ses-1/dwi/sub-129405_ses-1_acq-multiband_dir-AP_space-ACPC_desc-preproc_dwi.nii.gz	0.0015074931276048	0.46857455	0.08283159	0.47392312	0.469282	0.47405332	0.08086681	0.49728805	0.4973165392875671	sub-129405	ses-1		dir-AP	acq-multiband	space-ACPC			DSIStudio	autotrackgqi
ProjectionBasalGanglia_ThalamicRadiationL	modulated_od	NODDI	/scratch/grmpy/SLURM_11194840_56/job-11194840-56-sub-129405/ds/inputs/data/qsiprep/qsiprep/sub-129405/ses-1/dwi/sub-129405_ses-1_acq-multiband_dir-AP_space-ACPC_desc-preproc_dwi.nii.gz	0.0010641127959563	0.27176678	0.16744438	0.25510845	0.27205628	0.25531185	0.1672983	0.22085372	0.2208624184131622	sub-129405	ses-1		dir-AP	acq-multiband	space-ACPC			DSIStudio	autotrackgqi
ProjectionBasalGanglia_ThalamicRadiationL	nrmse	NODDI	/scratch/grmpy/SLURM_11194840_56/job-11194840-56-sub-129405/ds/inputs/data/qsiprep/qsiprep/sub-129405/ses-1/dwi/sub-129405_ses-1_acq-multiband_dir-AP_space-ACPC_desc-preproc_dwi.nii.gz	0.0010641127959563	0.08682191	0.026150342	0.08415762	0.086914405	0.08418289	0.026010199	0.08857323	0.0885767340660095	sub-129405	ses-1		dir-AP	acq-multiband	space-ACPC			DSIStudio	autotrackgqi
ProjectionBasalGanglia_ThalamicRadiationL	od	NODDI	/scratch/grmpy/SLURM_11194840_56/job-11194840-56-sub-129405/ds/inputs/data/qsiprep/qsiprep/sub-129405/ses-1/dwi/sub-129405_ses-1_acq-multiband_dir-AP_space-ACPC_desc-preproc_dwi.nii.gz	0.0010641127959563	0.28987184	0.17584279	0.27192852	0.29018062	0.27218816	0.1756816	0.23247096	0.2324801534414291	sub-129405	ses-1		dir-AP	acq-multiband	space-ACPC			DSIStudio	autotrackgqi
ProjectionBasalGanglia_ThalamicRadiationL	rmse	NODDI	/scratch/grmpy/SLURM_11194840_56/job-11194840-56-sub-129405/ds/inputs/data/qsiprep/qsiprep/sub-129405/ses-1/dwi/sub-129405_ses-1_acq-multiband_dir-AP_space-ACPC_desc-preproc_dwi.nii.gz	0.0010641127959563	0.04475258	0.014559991	0.043551236	0.04480025	0.043573115	0.014494254	0.046448782	0.0464506149291992	sub-129405	ses-1		dir-AP	acq-multiband	space-ACPC			DSIStudio	autotrackgqi
ProjectionBasalGanglia_ThalamicRadiationL	tf	NODDI	/scratch/grmpy/SLURM_11194840_56/job-11194840-56-sub-129405/ds/inputs/data/qsiprep/qsiprep/sub-129405/ses-1/dwi/sub-129405_ses-1_acq-multiband_dir-AP_space-ACPC_desc-preproc_dwi.nii.gz	0.0015074931276048	0.94097805	0.104060985	0.967665	0.94239867	0.9677243	0.097499795	0.943002	0.9430559873580932	sub-129405	ses-1		dir-AP	acq-multiband	space-ACPC			DSIStudio	autotrackgqi
ProjectionBrainstem_CorticospinalTractR	directions	NODDI	/scratch/grmpy/SLURM_11194840_56/job-11194840-56-sub-129405/ds/inputs/data/qsiprep/qsiprep/sub-129405/ses-1/dwi/sub-129405_ses-1_acq-multiband_dir-AP_space-ACPC_desc-preproc_dwi.nii.gz	0.0	-0.1310252	0.5622862	-0.18658173	-0.1310252	-0.18658173	0.5622862	-0.61295867		sub-129405	ses-1		dir-AP	acq-multiband	space-ACPC			DSIStudio	autotrackgqi
ProjectionBrainstem_CorticospinalTractR	icvf	NODDI	/scratch/grmpy/SLURM_11194840_56/job-11194840-56-sub-129405/ds/inputs/data/qsiprep/qsiprep/sub-129405/ses-1/dwi/sub-129405_ses-1_acq-multiband_dir-AP_space-ACPC_desc-preproc_dwi.nii.gz	0.0	0.5860008	0.11376392	0.58480084	0.5860008	0.58480084	0.11376392	0.64369744	0.6436974406242371	sub-129405	ses-1		dir-AP	acq-multiband	space-ACPC			DSIStudio	autotrackgqi
ProjectionBrainstem_CorticospinalTractR	isovf	NODDI	/scratch/grmpy/SLURM_11194840_56/job-11194840-56-sub-129405/ds/inputs/data/qsiprep/qsiprep/sub-129405/ses-1/dwi/sub-129405_ses-1_acq-multiband_dir-AP_space-ACPC_desc-preproc_dwi.nii.gz	0.2270875763747454	0.08781626	0.09405599	0.06657729	0.113617346	0.09016748	0.09227273	0.10617556	0.1166094988584518	sub-129405	ses-1		dir-AP	acq-multiband	space-ACPC			DSIStudio	autotrackgqi
ProjectionBrainstem_CorticospinalTractR	modulated_icvf	NODDI	/scratch/grmpy/SLURM_11194840_56/job-11194840-56-sub-129405/ds/inputs/data/qsiprep/qsiprep/sub-129405/ses-1/dwi/sub-129405_ses-1_acq-multiband_dir-AP_space-ACPC_desc-preproc_dwi.nii.gz	0.0	0.5285325	0.083933294	0.5344946	0.5285325	0.5344946	0.083933294	0.570209	0.5702090263366699	sub-129405	ses-1		dir-AP	acq-multiband	space-ACPC			DSIStudio	autotrackgqi
ProjectionBrainstem_CorticospinalTractR	modulated_od	NODDI	/scratch/grmpy/SLURM_11194840_56/job-11194840-56-sub-129405/ds/inputs/data/qsiprep/qsiprep/sub-129405/ses-1/dwi/sub-129405_ses-1_acq-multiband_dir-AP_space-ACPC_desc-preproc_dwi.nii.gz	0.0	0.2177471	0.16147256	0.19140261	0.2177471	0.19140261	0.16147256	0.15618956	0.1561895608901977	sub-129405	ses-1		dir-AP	acq-multiband	space-ACPC			DSIStudio	autotrackgqi
ProjectionBrainstem_CorticospinalTractR	nrmse	NODDI	/scratch/grmpy/SLURM_11194840_56/job-11194840-56-sub-129405/ds/inputs/data/qsiprep/qsiprep/sub-129405/ses-1/dwi/sub-129405_ses-1_acq-multiband_dir-AP_space-ACPC_desc-preproc_dwi.nii.gz	0.0	0.09303032	0.028602378	0.08853027	0.09303032	0.08853027	0.028602378	0.101801276	0.1018012762069702	sub-129405	ses-1		dir-AP	acq-multiband	space-ACPC			DSIStudio	autotrackgqi
ProjectionBrainstem_CorticospinalTractR	od	NODDI	/scratch/grmpy/SLURM_11194840_56/job-11194840-56-sub-129405/ds/inputs/data/qsiprep/qsiprep/sub-129405/ses-1/dwi/sub-129405_ses-1_acq-multiband_dir-AP_space-ACPC_desc-preproc_dwi.nii.gz	0.0	0.23888448	0.17499238	0.21581224	0.23888448	0.21581224	0.17499238	0.17582005	0.1758200526237487	sub-129405	ses-1		dir-AP	acq-multiband	space-ACPC			DSIStudio	autotrackgqi
ProjectionBrainstem_CorticospinalTractR	rmse	NODDI	/scratch/grmpy/SLURM_11194840_56/job-11194840-56-sub-129405/ds/inputs/data/qsiprep/qsiprep/sub-129405/ses-1/dwi/sub-129405_ses-1_acq-multiband_dir-AP_space-ACPC_desc-preproc_dwi.nii.gz	0.0	0.049327906	0.015191798	0.047451146	0.049327906	0.047451146	0.015191798	0.05501554	0.0550155416131019	sub-129405	ses-1		dir-AP	acq-multiband	space-ACPC			DSIStudio	autotrackgqi
ProjectionBrainstem_CorticospinalTractR	tf	NODDI	/scratch/grmpy/SLURM_11194840_56/job-11194840-56-sub-129405/ds/inputs/data/qsiprep/qsiprep/sub-129405/ses-1/dwi/sub-129405_ses-1_acq-multiband_dir-AP_space-ACPC_desc-preproc_dwi.nii.gz	0.0	0.9121837	0.094055995	0.9334227	0.9121837	0.9334227	0.094055995	0.89382446	0.8938244581222534	sub-129405	ses-1		dir-AP	acq-multiband	space-ACPC			DSIStudio	autotrackgqi
ProjectionBasalGanglia_FornixL	directions	NODDI	/scratch/grmpy/SLURM_11194840_56/job-11194840-56-sub-129405/ds/inputs/data/qsiprep/qsiprep/sub-129405/ses-1/dwi/sub-129405_ses-1_acq-multiband_dir-AP_space-ACPC_desc-preproc_dwi.nii.gz	0.0	-0.033999544	0.5763483	-0.060879197	-0.033999544	-0.060879197	0.5763483	-0.0052198768		sub-129405	ses-1		dir-AP	acq-multiband	space-ACPC			DSIStudio	autotrackgqi
ProjectionBasalGanglia_FornixL	icvf	NODDI	/scratch/grmpy/SLURM_11194840_56/job-11194840-56-sub-129405/ds/inputs/data/qsiprep/qsiprep/sub-129405/ses-1/dwi/sub-129405_ses-1_acq-multiband_dir-AP_space-ACPC_desc-preproc_dwi.nii.gz	0.0089332632685233	0.49465242	0.16639782	0.4644278	0.49911112	0.46541333	0.16035096	0.4952406	0.4992241263389587	sub-129405	ses-1		dir-AP	acq-multiband	space-ACPC			DSIStudio	autotrackgqi
ProjectionBasalGanglia_FornixL	isovf	NODDI	/scratch/grmpy/SLURM_11194840_56/job-11194840-56-sub-129405/ds/inputs/data/qsiprep/qsiprep/sub-129405/ses-1/dwi/sub-129405_ses-1_acq-multiband_dir-AP_space-ACPC_desc-preproc_dwi.nii.gz	0.3426169206516027	0.18711488	0.25905994	0.06540319	0.284636	0.16601163	0.27263838	0.1747891	0.2662624418735504	sub-129405	ses-1		dir-AP	acq-multiband	space-ACPC			DSIStudio	autotrackgqi
ProjectionBasalGanglia_FornixL	modulated_icvf	NODDI	/scratch/grmpy/SLURM_11194840_56/job-11194840-56-sub-129405/ds/inputs/data/qsiprep/qsiprep/sub-129405/ses-1/dwi/sub-129405_ses-1_acq-multiband_dir-AP_space-ACPC_desc-preproc_dwi.nii.gz	0.0089332632685233	0.37758085	0.117288075	0.3888028	0.3809843	0.39046496	0.11217769	0.3856829	0.388785183429718	sub-129405	ses-1		dir-AP	acq-multiband	space-ACPC			DSIStudio	autotrackgqi
ProjectionBasalGanglia_FornixL	modulated_od	NODDI	/scratch/grmpy/SLURM_11194840_56/job-11194840-56-sub-129405/ds/inputs/data/qsiprep/qsiprep/sub-129405/ses-1/dwi/sub-129405_ses-1_acq-multiband_dir-AP_space-ACPC_desc-preproc_dwi.nii.gz	0.000525486074619	0.2285452	0.16484126	0.21443087	0.22866535	0.21448107	0.16480124	0.19838715	0.198387786746025	sub-129405	ses-1		dir-AP	acq-multiband	space-ACPC			DSIStudio	autotrackgqi
ProjectionBasalGanglia_FornixL	nrmse	NODDI	/scratch/grmpy/SLURM_11194840_56/job-11194840-56-sub-129405/ds/inputs/data/qsiprep/qsiprep/sub-129405/ses-1/dwi/sub-129405_ses-1_acq-multiband_dir-AP_space-ACPC_desc-preproc_dwi.nii.gz	0.0	0.09412055	0.029308135	0.08845797	0.09412055	0.08845797	0.029308135	0.09486224	0.0948622375726699	sub-129405	ses-1		dir-AP	acq-multiband	space-ACPC			DSIStudio	autotrackgqi
ProjectionBasalGanglia_FornixL	od	NODDI	/scratch/grmpy/SLURM_11194840_56/job-11194840-56-sub-129405/ds/inputs/data/qsiprep/qsiprep/sub-129405/ses-1/dwi/sub-129405_ses-1_acq-multiband_dir-AP_space-ACPC_desc-preproc_dwi.nii.gz	0.0	0.28329223	0.17417684	0.2690444	0.28329223	0.2690444	0.17417684	0.24144712	0.2414471209049224	sub-129405	ses-1		dir-AP	acq-multiband	space-ACPC			DSIStudio	autotrackgqi
ProjectionBasalGanglia_FornixL	rmse	NODDI	/scratch/grmpy/SLURM_11194840_56/job-11194840-56-sub-129405/ds/inputs/data/qsiprep/qsiprep/sub-129405/ses-1/dwi/sub-129405_ses-1_acq-multiband_dir-AP_space-ACPC_desc-preproc_dwi.nii.gz	0.0	0.044146538	0.012394397	0.042403344	0.044146538	0.042403344	0.012394397	0.04464611	0.0446461103856563	sub-129405	ses-1		dir-AP	acq-multiband	space-ACPC			DSIStudio	autotrackgqi
ProjectionBasalGanglia_FornixL	tf	NODDI	/scratch/grmpy/SLURM_11194840_56/job-11194840-56-sub-129405/ds/inputs/data/qsiprep/qsiprep/sub-129405/ses-1/dwi/sub-129405_ses-1_acq-multiband_dir-AP_space-ACPC_desc-preproc_dwi.nii.gz	0.0089332632685233	0.8128851	0.25905994	0.9345968	0.8202123	0.936017	0.24840923	0.82521087	0.8318485021591187	sub-129405	ses-1		dir-AP	acq-multiband	space-ACPC			DSIStudio	autotrackgqi
ProjectionBrainstem_ReticularTractR	directions	NODDI	/scratch/grmpy/SLURM_11194840_56/job-11194840-56-sub-129405/ds/inputs/data/qsiprep/qsiprep/sub-129405/ses-1/dwi/sub-129405_ses-1_acq-multiband_dir-AP_space-ACPC_desc-preproc_dwi.nii.gz	0.0	-0.015174553	0.5771508	-0.062300578	-0.015174553	-0.062300578	0.5771508	-0.056873515		sub-129405	ses-1		dir-AP	acq-multiband	space-ACPC			DSIStudio	autotrackgqi
ProjectionBrainstem_ReticularTractR	icvf	NODDI	/scratch/grmpy/SLURM_11194840_56/job-11194840-56-sub-129405/ds/inputs/data/qsiprep/qsiprep/sub-129405/ses-1/dwi/sub-129405_ses-1_acq-multiband_dir-AP_space-ACPC_desc-preproc_dwi.nii.gz	0.0030036043251902	0.5397689	0.12234168	0.5294321	0.541395	0.5297586	0.11887891	0.57899266	0.5793249011039734	sub-129405	ses-1		dir-AP	acq-multiband	space-ACPC			DSIStudio	autotrackgqi
ProjectionBrainstem_ReticularTractR	isovf	NODDI	/scratch/grmpy/SLURM_11194840_56/job-11194840-56-sub-129405/ds/inputs/data/qsiprep/qsiprep/sub-129405/ses-1/dwi/sub-129405_ses-1_acq-multiband_dir-AP_space-ACPC_desc-preproc_dwi.nii.gz	0.2595114136964357	0.09898742	0.14461902	0.061258644	0.13367853	0.08900931	0.15364553	0.1236666	0.1432740241289138	sub-129405	ses-1		dir-AP	acq-multiband	space-ACPC			DSIStudio	autotrackgqi
ProjectionBrainstem_ReticularTractR	modulated_icvf	NODDI	/scratch/grmpy/SLURM_11194840_56/job-11194840-56-sub-129405/ds/inputs/data/qsiprep/qsiprep/sub-129405/ses-1/dwi/sub-129405_ses-1_acq-multiband_dir-AP_space-ACPC_desc-preproc_dwi.nii.gz	0.0030036043251902	0.4760395	0.09238908	0.485471	0.47747365	0.48579207	0.08875073	0.49795148	0.4982372522354126	sub-129405	ses-1		dir-AP	acq-multiband	space-ACPC			DSIStudio	autotrackgqi
ProjectionBrainstem_ReticularTractR	modulated_od	NODDI	/scratch/grmpy/SLURM_11194840_56/job-11194840-56-sub-129405/ds/inputs/data/qsiprep/qsiprep/sub-129405/ses-1/dwi/sub-129405_ses-1_acq-multiband_dir-AP_space-ACPC_desc-preproc_dwi.nii.gz	0.000200240288346	0.24595173	0.154799	0.23461139	0.24600099	0.23467669	0.15477535	0.20403779	0.204077810049057	sub-129405	ses-1		dir-AP	acq-multiband	space-ACPC			DSIStudio	autotrackgqi
ProjectionBrainstem_ReticularTractR	nrmse	NODDI	/scratch/grmpy/SLURM_11194840_56/job-11194840-56-sub-129405/ds/inputs/data/qsiprep/qsiprep/sub-129405/ses-1/dwi/sub-129405_ses-1_acq-multiband_dir-AP_space-ACPC_desc-preproc_dwi.nii.gz	0.0016019223067681	0.09828982	0.026202502	0.09476647	0.098447524	0.09483574	0.025925798	0.1053791	0.1053884029388427	sub-129405	ses-1		dir-AP	acq-multiband	space-ACPC			DSIStudio	autotrackgqi
ProjectionBrainstem_ReticularTractR	od	NODDI	/scratch/grmpy/SLURM_11194840_56/job-11194840-56-sub-129405/ds/inputs/data/qsiprep/qsiprep/sub-129405/ses-1/dwi/sub-129405_ses-1_acq-multiband_dir-AP_space-ACPC_desc-preproc_dwi.nii.gz	0.0	0.2749508	0.16497761	0.2636157	0.2749508	0.2636157	0.16497761	0.23578537	0.2357853651046753	sub-129405	ses-1		dir-AP	acq-multiband	space-ACPC			DSIStudio	autotrackgqi
ProjectionBrainstem_ReticularTractR	rmse	NODDI	/scratch/grmpy/SLURM_11194840_56/job-11194840-56-sub-129405/ds/inputs/data/qsiprep/qsiprep/sub-129405/ses-1/dwi/sub-129405_ses-1_acq-multiband_dir-AP_space-ACPC_desc-preproc_dwi.nii.gz	0.0016019223067681	0.050192643	0.013670576	0.049358085	0.050273176	0.049373575	0.013532769	0.05409956	0.0541043393313884	sub-129405	ses-1		dir-AP	acq-multiband	space-ACPC			DSIStudio	autotrackgqi
ProjectionBrainstem_ReticularTractR	tf	NODDI	/scratch/grmpy/SLURM_11194840_56/job-11194840-56-sub-129405/ds/inputs/data/qsiprep/qsiprep/sub-129405/ses-1/dwi/sub-129405_ses-1_acq-multiband_dir-AP_space-ACPC_desc-preproc_dwi.nii.gz	0.0014016820184221	0.90101254	0.14461902	0.9387413	0.9022773	0.9388608	0.14072277	0.8763335	0.8767586946487427	sub-129405	ses-1		dir-AP	acq-multiband	space-ACPC			DSIStudio	autotrackgqi
ProjectionBasalGanglia_FasciculusSubthalamicusL	directions	NODDI	/scratch/grmpy/SLURM_11194840_56/job-11194840-56-sub-129405/ds/inputs/data/qsiprep/qsiprep/sub-129405/ses-1/dwi/sub-129405_ses-1_acq-multiband_dir-AP_space-ACPC_desc-preproc_dwi.nii.gz	0.0	-0.005644033	0.57732266	-0.033629026	-0.005644033	-0.033629026	0.57732266	0.01254198		sub-129405	ses-1		dir-AP	acq-multiband	space-ACPC			DSIStudio	autotrackgqi
ProjectionBasalGanglia_FasciculusSubthalamicusL	icvf	NODDI	/scratch/grmpy/SLURM_11194840_56/job-11194840-56-sub-129405/ds/inputs/data/qsiprep/qsiprep/sub-129405/ses-1/dwi/sub-129405_ses-1_acq-multiband_dir-AP_space-ACPC_desc-preproc_dwi.nii.gz	0.0038402457757296	0.54100007	0.14395073	0.5225178	0.54308563	0.5227404	0.14024638	0.5414798	0.5424422025680542	sub-129405	ses-1		dir-AP	acq-multiband	space-ACPC			DSIStudio	autotrackgqi
ProjectionBasalGanglia_FasciculusSubthalamicusL	isovf	NODDI	/scratch/grmpy/SLURM_11194840_56/job-11194840-56-sub-129405/ds/inputs/data/qsiprep/qsiprep/sub-129405/ses-1/dwi/sub-129405_ses-1_acq-multiband_dir-AP_space-ACPC_desc-preproc_dwi.nii.gz	0.3095238095238095	0.099507965	0.16571613	0.049328126	0.14411499	0.08756784	0.1826028	0.10403147	0.1478925049304962	sub-129405	ses-1		dir-AP	acq-multiband	space-ACPC			DSIStudio	autotrackgqi
ProjectionBasalGanglia_FasciculusSubthalamicusL	modulated_icvf	NODDI	/scratch/grmpy/SLURM_11194840_56/job-11194840-56-sub-129405/ds/inputs/data/qsiprep/qsiprep/sub-129405/ses-1/dwi/sub-129405_ses-1_acq-multiband_dir-AP_space-ACPC_desc-preproc_dwi.nii.gz	0.0038402457757296	0.47327185	0.1030862	0.48255458	0.47509634	0.4828904	0.09899962	0.46978253	0.4706174731254577	sub-129405	ses-1		dir-AP	acq-multiband	space-ACPC			DSIStudio	autotrackgqi
ProjectionBasalGanglia_FasciculusSubthalamicusL	modulated_od	NODDI	/scratch/grmpy/SLURM_11194840_56/job-11194840-56-sub-129405/ds/inputs/data/qsiprep/qsiprep/sub-129405/ses-1/dwi/sub-129405_ses-1_acq-multiband_dir-AP_space-ACPC_desc-preproc_dwi.nii.gz	0.0	0.2809621	0.16078027	0.26598734	0.2809621	0.26598734	0.16078027	0.25872296	0.2587229609489441	sub-129405	ses-1		dir-AP	acq-multiband	space-ACPC			DSIStudio	autotrackgqi
ProjectionBasalGanglia_FasciculusSubthalamicusL	nrmse	NODDI	/scratch/grmpy/SLURM_11194840_56/job-11194840-56-sub-129405/ds/inputs/data/qsiprep/qsiprep/sub-129405/ses-1/dwi/sub-129405_ses-1_acq-multiband_dir-AP_space-ACPC_desc-preproc_dwi.nii.gz	0.0	0.11020971	0.034737993	0.10402525	0.11020971	0.10402525	0.034737993	0.11153555	0.1115355491638183	sub-129405	ses-1		dir-AP	acq-multiband	space-ACPC			DSIStudio	autotrackgqi
ProjectionBasalGanglia_FasciculusSubthalamicusL	od	NODDI	/scratch/grmpy/SLURM_11194840_56/job-11194840-56-sub-129405/ds/inputs/data/qsiprep/qsiprep/sub-129405/ses-1/dwi/sub-129405_ses-1_acq-multiband_dir-AP_space-ACPC_desc-preproc_dwi.nii.gz	0.0	0.31202802	0.16348436	0.29189718	0.31202802	0.29189718	0.16348436	0.2867542	0.2867541909217834	sub-129405	ses-1		dir-AP	acq-multiband	space-ACPC			DSIStudio	autotrackgqi
ProjectionBasalGanglia_FasciculusSubthalamicusL	rmse	NODDI	/scratch/grmpy/SLURM_11194840_56/job-11194840-56-sub-129405/ds/inputs/data/qsiprep/qsiprep/sub-129405/ses-1/dwi/sub-129405_ses-1_acq-multiband_dir-AP_space-ACPC_desc-preproc_dwi.nii.gz	0.0	0.055647384	0.014702697	0.05301875	0.055647384	0.05301875	0.014702697	0.05638829	0.0563882887363433	sub-129405	ses-1		dir-AP	acq-multiband	space-ACPC			DSIStudio	autotrackgqi
ProjectionBasalGanglia_FasciculusSubthalamicusL	tf	NODDI	/scratch/grmpy/SLURM_11194840_56/job-11194840-56-sub-129405/ds/inputs/data/qsiprep/qsiprep/sub-129405/ses-1/dwi/sub-129405_ses-1_acq-multiband_dir-AP_space-ACPC_desc-preproc_dwi.nii.gz	0.0038402457757296	0.9004921	0.16571614	0.9506719	0.9039635	0.9508525	0.15629987	0.8959685	0.8975609540939331	sub-129405	ses-1		dir-AP	acq-multiband	space-ACPC			DSIStudio	autotrackgqi
ProjectionBasalGanglia_AnsaSubthalamicaR	directions	NODDI	/scratch/grmpy/SLURM_11194840_56/job-11194840-56-sub-129405/ds/inputs/data/qsiprep/qsiprep/sub-129405/ses-1/dwi/sub-129405_ses-1_acq-multiband_dir-AP_space-ACPC_desc-preproc_dwi.nii.gz	0.0	-0.09830844	0.56891894	-0.10847459	-0.09830844	-0.10847459	0.56891894	-0.2652743		sub-129405	ses-1		dir-AP	acq-multiband	space-ACPC			DSIStudio	autotrackgqi
ProjectionBasalGanglia_AnsaSubthalamicaR	icvf	NODDI	/scratch/grmpy/SLURM_11194840_56/job-11194840-56-sub-129405/ds/inputs/data/qsiprep/qsiprep/sub-129405/ses-1/dwi/sub-129405_ses-1_acq-multiband_dir-AP_space-ACPC_desc-preproc_dwi.nii.gz	0.0	0.5142189	0.13872415	0.4881396	0.5142189	0.4881396	0.13872415	0.5225934	0.5225933194160461	sub-129405	ses-1		dir-AP	acq-multiband	space-ACPC			DSIStudio	autotrackgqi
ProjectionBasalGanglia_AnsaSubthalamicaR	isovf	NODDI	/scratch/grmpy/SLURM_11194840_56/job-11194840-56-sub-129405/ds/inputs/data/qsiprep/qsiprep/sub-129405/ses-1/dwi/sub-129405_ses-1_acq-multiband_dir-AP_space-ACPC_desc-preproc_dwi.nii.gz	0.275	0.113757476	0.1625049	0.0630589	0.15690686	0.101904936	0.17220388	0.097599745	0.1215353980660438	sub-129405	ses-1		dir-AP	acq-multiband	space-ACPC			DSIStudio	autotrackgqi
ProjectionBasalGanglia_AnsaSubthalamicaR	modulated_icvf	NODDI	/scratch/grmpy/SLURM_11194840_56/job-11194840-56-sub-129405/ds/inputs/data/qsiprep/qsiprep/sub-129405/ses-1/dwi/sub-129405_ses-1_acq-multiband_dir-AP_space-ACPC_desc-preproc_dwi.nii.gz	0.0	0.43829367	0.08436609	0.43220538	0.43829367	0.43220538	0.08436609	0.4650491	0.4650490581989288	sub-129405	ses-1		dir-AP	acq-multiband	space-ACPC			DSIStudio	autotrackgqi
ProjectionBasalGanglia_AnsaSubthalamicaR	modulated_od	NODDI	/scratch/grmpy/SLURM_11194840_56/job-11194840-56-sub-129405/ds/inputs/data/qsiprep/qsiprep/sub-129405/ses-1/dwi/sub-129405_ses-1_acq-multiband_dir-AP_space-ACPC_desc-preproc_dwi.nii.gz	0.0	0.26022327	0.13701418	0.25183767	0.26022327	0.25183767	0.13701418	0.24562725	0.2456272095441818	sub-129405	ses-1		dir-AP	acq-multiband	space-ACPC			DSIStudio	autotrackgqi
ProjectionBasalGanglia_AnsaSubthalamicaR	nrmse	NODDI	/scratch/grmpy/SLURM_11194840_56/job-11194840-56-sub-129405/ds/inputs/data/qsiprep/qsiprep/sub-129405/ses-1/dwi/sub-129405_ses-1_acq-multiband_dir-AP_space-ACPC_desc-preproc_dwi.nii.gz	0.0	0.10296588	0.024433587	0.10026763	0.10296588	0.10026763	0.024433587	0.10853535	0.1085353344678878	sub-129405	ses-1		dir-AP	acq-multiband	space-ACPC			DSIStudio	autotrackgqi
ProjectionBasalGanglia_AnsaSubthalamicaR	od	NODDI	/scratch/grmpy/SLURM_11194840_56/job-11194840-56-sub-129405/ds/inputs/data/qsiprep/qsiprep/sub-129405/ses-1/dwi/sub-129405_ses-1_acq-multiband_dir-AP_space-ACPC_desc-preproc_dwi.nii.gz	0.0	0.29402137	0.13998428	0.28836793	0.29402137	0.28836793	0.13998428	0.272473	0.2724729776382446	sub-129405	ses-1		dir-AP	acq-multiband	space-ACPC			DSIStudio	autotrackgqi
ProjectionBasalGanglia_AnsaSubthalamicaR	rmse	NODDI	/scratch/grmpy/SLURM_11194840_56/job-11194840-56-sub-129405/ds/inputs/data/qsiprep/qsiprep/sub-129405/ses-1/dwi/sub-129405_ses-1_acq-multiband_dir-AP_space-ACPC_desc-preproc_dwi.nii.gz	0.0	0.051116582	0.011821945	0.049667593	0.051116582	0.049667593	0.011821945	0.055325925	0.0553259141743183	sub-129405	ses-1		dir-AP	acq-multiband	space-ACPC			DSIStudio	autotrackgqi
ProjectionBasalGanglia_AnsaSubthalamicaR	tf	NODDI	/scratch/grmpy/SLURM_11194840_56/job-11194840-56-sub-129405/ds/inputs/data/qsiprep/qsiprep/sub-129405/ses-1/dwi/sub-129405_ses-1_acq-multiband_dir-AP_space-ACPC_desc-preproc_dwi.nii.gz	0.0	0.8862425	0.1625049	0.9369411	0.8862425	0.9369411	0.1625049	0.90240026	0.9024002552032472	sub-129405	ses-1		dir-AP	acq-multiband	space-ACPC			DSIStudio	autotrackgqi
ProjectionBrainstem_NonDecussatingDentatorubrothalamicTractL	directions	NODDI	/scratch/grmpy/SLURM_11194840_56/job-11194840-56-sub-129405/ds/inputs/data/qsiprep/qsiprep/sub-129405/ses-1/dwi/sub-129405_ses-1_acq-multiband_dir-AP_space-ACPC_desc-preproc_dwi.nii.gz	0.0	0.07586314	0.57234436	0.015421694	0.07586314	0.015421694	0.57234436	0.3398561		sub-129405	ses-1		dir-AP	acq-multiband	space-ACPC			DSIStudio	autotrackgqi
ProjectionBrainstem_NonDecussatingDentatorubrothalamicTractL	icvf	NODDI	/scratch/grmpy/SLURM_11194840_56/job-11194840-56-sub-129405/ds/inputs/data/qsiprep/qsiprep/sub-129405/ses-1/dwi/sub-129405_ses-1_acq-multiband_dir-AP_space-ACPC_desc-preproc_dwi.nii.gz	0.0	0.555178	0.10397647	0.5401168	0.555178	0.5401168	0.10397647	0.5866457	0.5866457223892212	sub-129405	ses-1		dir-AP	acq-multiband	space-ACPC			DSIStudio	autotrackgqi
ProjectionBrainstem_NonDecussatingDentatorubrothalamicTractL	isovf	NODDI	/scratch/grmpy/SLURM_11194840_56/job-11194840-56-sub-129405/ds/inputs/data/qsiprep/qsiprep/sub-129405/ses-1/dwi/sub-129405_ses-1_acq-multiband_dir-AP_space-ACPC_desc-preproc_dwi.nii.gz	0.2550437761705367	0.07029584	0.08733357	0.05440168	0.09436238	0.077270105	0.08926036	0.08384994	0.1000095307826995	sub-129405	ses-1		dir-AP	acq-multiband	space-ACPC			DSIStudio	autotrackgqi
ProjectionBrainstem_NonDecussatingDentatorubrothalamicTractL	modulated_icvf	NODDI	/scratch/grmpy/SLURM_11194840_56/job-11194840-56-sub-129405/ds/inputs/data/qsiprep/qsiprep/sub-129405/ses-1/dwi/sub-129405_ses-1_acq-multiband_dir-AP_space-ACPC_desc-preproc_dwi.nii.gz	0.0	0.5110002	0.07957341	0.507542	0.5110002	0.507542	0.07957341	0.5327493	0.5327492952346802	sub-129405	ses-1		dir-AP	acq-multiband	space-ACPC			DSIStudio	autotrackgqi
ProjectionBrainstem_NonDecussatingDentatorubrothalamicTractL	modulated_od	NODDI	/scratch/grmpy/SLURM_11194840_56/job-11194840-56-sub-129405/ds/inputs/data/qsiprep/qsiprep/sub-129405/ses-1/dwi/sub-129405_ses-1_acq-multiband_dir-AP_space-ACPC_desc-preproc_dwi.nii.gz	0.0	0.23793764	0.16094172	0.22328582	0.23793764	0.22328582	0.16094172	0.17786261	0.1778626143932342	sub-129405	ses-1		dir-AP	acq-multiband	space-ACPC			DSIStudio	autotrackgqi
ProjectionBrainstem_NonDecussatingDentatorubrothalamicTractL	nrmse	NODDI	/scratch/grmpy/SLURM_11194840_56/job-11194840-56-sub-129405/ds/inputs/data/qsiprep/qsiprep/sub-129405/ses-1/dwi/sub-129405_ses-1_acq-multiband_dir-AP_space-ACPC_desc-preproc_dwi.nii.gz	0.0	0.094430864	0.023058273	0.09103222	0.094430864	0.09103222	0.023058273	0.102236256	0.1022362560033798	sub-129405	ses-1		dir-AP	acq-multiband	space-ACPC			DSIStudio	autotrackgqi
ProjectionBrainstem_NonDecussatingDentatorubrothalamicTractL	od	NODDI	/scratch/grmpy/SLURM_11194840_56/job-11194840-56-sub-129405/ds/inputs/data/qsiprep/qsiprep/sub-129405/ses-1/dwi/sub-129405_ses-1_acq-multiband_dir-AP_space-ACPC_desc-preproc_dwi.nii.gz	0.0	0.25420016	0.16600765	0.24107563	0.25420016	0.24107563	0.16600765	0.19434127	0.1943412721157074	sub-129405	ses-1		dir-AP	acq-multiband	space-ACPC			DSIStudio	autotrackgqi
ProjectionBrainstem_NonDecussatingDentatorubrothalamicTractL	rmse	NODDI	/scratch/grmpy/SLURM_11194840_56/job-11194840-56-sub-129405/ds/inputs/data/qsiprep/qsiprep/sub-129405/ses-1/dwi/sub-129405_ses-1_acq-multiband_dir-AP_space-ACPC_desc-preproc_dwi.nii.gz	0.0	0.049737517	0.012310885	0.048186198	0.049737517	0.048186198	0.012310885	0.054362986	0.0543629862368106	sub-129405	ses-1		dir-AP	acq-multiband	space-ACPC			DSIStudio	autotrackgqi
ProjectionBrainstem_NonDecussatingDentatorubrothalamicTractL	tf	NODDI	/scratch/grmpy/SLURM_11194840_56/job-11194840-56-sub-129405/ds/inputs/data/qsiprep/qsiprep/sub-129405/ses-1/dwi/sub-129405_ses-1_acq-multiband_dir-AP_space-ACPC_desc-preproc_dwi.nii.gz	0.0	0.9297041	0.08733357	0.94559836	0.9297041	0.94559836	0.08733357	0.9161501	0.9161500930786132	sub-129405	ses-1		dir-AP	acq-multiband	space-ACPC			DSIStudio	autotrackgqi
ProjectionBasalGanglia_FornixR	directions	NODDI	/scratch/grmpy/SLURM_11194840_56/job-11194840-56-sub-129405/ds/inputs/data/qsiprep/qsiprep/sub-129405/ses-1/dwi/sub-129405_ses-1_acq-multiband_dir-AP_space-ACPC_desc-preproc_dwi.nii.gz	0.0	-0.047804926	0.5753677	-0.08523745	-0.047804926	-0.08523745	0.5753677	-0.14738195		sub-129405	ses-1		dir-AP	acq-multiband	space-ACPC			DSIStudio	autotrackgqi
ProjectionBasalGanglia_FornixR	icvf	NODDI	/scratch/grmpy/SLURM_11194840_56/job-11194840-56-sub-129405/ds/inputs/data/qsiprep/qsiprep/sub-129405/ses-1/dwi/sub-129405_ses-1_acq-multiband_dir-AP_space-ACPC_desc-preproc_dwi.nii.gz	0.0130371801062288	0.5349719	0.2161904	0.4686345	0.54203856	0.47064015	0.2086271	0.5336964	0.5365415811538696	sub-129405	ses-1		dir-AP	acq-multiband	space-ACPC			DSIStudio	autotrackgqi
ProjectionBasalGanglia_FornixR	isovf	NODDI	/scratch/grmpy/SLURM_11194840_56/job-11194840-56-sub-129405/ds/inputs/data/qsiprep/qsiprep/sub-129405/ses-1/dwi/sub-129405_ses-1_acq-multiband_dir-AP_space-ACPC_desc-preproc_dwi.nii.gz	0.2935779816513761	0.264386	0.29677376	0.14203958	0.3742607	0.30392805	0.2890594	0.21336654	0.3225553035736084	sub-129405	ses-1		dir-AP	acq-multiband	space-ACPC			DSIStudio	autotrackgqi
ProjectionBasalGanglia_FornixR	modulated_icvf	NODDI	/scratch/grmpy/SLURM_11194840_56/job-11194840-56-sub-129405/ds/inputs/data/qsiprep/qsiprep/sub-129405/ses-1/dwi/sub-129405_ses-1_acq-multiband_dir-AP_space-ACPC_desc-preproc_dwi.nii.gz	0.0130371801062288	0.3531825	0.12528865	0.3647609	0.3578478	0.366048	0.11931103	0.38401222	0.3860593438148498	sub-129405	ses-1		dir-AP	acq-multiband	space-ACPC			DSIStudio	autotrackgqi
ProjectionBasalGanglia_FornixR	modulated_od	NODDI	/scratch/grmpy/SLURM_11194840_56/job-11194840-56-sub-129405/ds/inputs/data/qsiprep/qsiprep/sub-129405/ses-1/dwi/sub-129405_ses-1_acq-multiband_dir-AP_space-ACPC_desc-preproc_dwi.nii.gz	0.0019314340898116	0.19967593	0.16269156	0.16148664	0.20006235	0.16156523	0.16261138	0.17612606	0.1761827766895294	sub-129405	ses-1		dir-AP	acq-multiband	space-ACPC			DSIStudio	autotrackgqi
ProjectionBasalGanglia_FornixR	nrmse	NODDI	/scratch/grmpy/SLURM_11194840_56/job-11194840-56-sub-129405/ds/inputs/data/qsiprep/qsiprep/sub-129405/ses-1/dwi/sub-129405_ses-1_acq-multiband_dir-AP_space-ACPC_desc-preproc_dwi.nii.gz	0.0	0.09646254	0.033379026	0.088991545	0.09646254	0.088991545	0.033379026	0.09686397	0.0968639701604843	sub-129405	ses-1		dir-AP	acq-multiband	space-ACPC			DSIStudio	autotrackgqi
ProjectionBasalGanglia_FornixR	od	NODDI	/scratch/grmpy/SLURM_11194840_56/job-11194840-56-sub-129405/ds/inputs/data/qsiprep/qsiprep/sub-129405/ses-1/dwi/sub-129405_ses-1_acq-multiband_dir-AP_space-ACPC_desc-preproc_dwi.nii.gz	0.0	0.2807212	0.18609057	0.2670783	0.2807212	0.2670783	0.18609057	0.22877964	0.2287796437740326	sub-129405	ses-1		dir-AP	acq-multiband	space-ACPC			DSIStudio	autotrackgqi
ProjectionBasalGanglia_FornixR	rmse	NODDI	/scratch/grmpy/SLURM_11194840_56/job-11194840-56-sub-129405/ds/inputs/data/qsiprep/qsiprep/sub-129405/ses-1/dwi/sub-129405_ses-1_acq-multiband_dir-AP_space-ACPC_desc-preproc_dwi.nii.gz	0.0	0.043425955	0.013243078	0.041592307	0.043425955	0.041592307	0.013243078	0.045083396	0.0450833961367607	sub-129405	ses-1		dir-AP	acq-multiband	space-ACPC			DSIStudio	autotrackgqi
ProjectionBasalGanglia_FornixR	tf	NODDI	/scratch/grmpy/SLURM_11194840_56/job-11194840-56-sub-129405/ds/inputs/data/qsiprep/qsiprep/sub-129405/ses-1/dwi/sub-129405_ses-1_acq-multiband_dir-AP_space-ACPC_desc-preproc_dwi.nii.gz	0.0130371801062288	0.73561406	0.29677376	0.8579604	0.74533105	0.86399287	0.28634888	0.7866335	0.7908269166946411	sub-129405	ses-1		dir-AP	acq-multiband	space-ACPC			DSIStudio	autotrackgqi
ProjectionBasalGanglia_AnsaLenticularisR	directions	NODDI	/scratch/grmpy/SLURM_11194840_56/job-11194840-56-sub-129405/ds/inputs/data/qsiprep/qsiprep/sub-129405/ses-1/dwi/sub-129405_ses-1_acq-multiband_dir-AP_space-ACPC_desc-preproc_dwi.nii.gz	0.0	0.029164564	0.5766132	-0.0044985246	0.029164564	-0.0044985246	0.5766132	0.20427203		sub-129405	ses-1		dir-AP	acq-multiband	space-ACPC			DSIStudio	autotrackgqi
ProjectionBasalGanglia_AnsaLenticularisR	icvf	NODDI	/scratch/grmpy/SLURM_11194840_56/job-11194840-56-sub-129405/ds/inputs/data/qsiprep/qsiprep/sub-129405/ses-1/dwi/sub-129405_ses-1_acq-multiband_dir-AP_space-ACPC_desc-preproc_dwi.nii.gz	0.0030750307503075	0.5134696	0.15761438	0.4775366	0.51505333	0.47761914	0.15525196	0.4914286	0.492289662361145	sub-129405	ses-1		dir-AP	acq-multiband	space-ACPC			DSIStudio	autotrackgqi
ProjectionBasalGanglia_AnsaLenticularisR	isovf	NODDI	/scratch/grmpy/SLURM_11194840_56/job-11194840-56-sub-129405/ds/inputs/data/qsiprep/qsiprep/sub-129405/ses-1/dwi/sub-129405_ses-1_acq-multiband_dir-AP_space-ACPC_desc-preproc_dwi.nii.gz	0.3972939729397294	0.13765837	0.22791821	0.030793611	0.22840053	0.10480075	0.2558585	0.11809893	0.2034990936517715	sub-129405	ses-1		dir-AP	acq-multiband	space-ACPC			DSIStudio	autotrackgqi
ProjectionBasalGanglia_AnsaLenticularisR	modulated_icvf	NODDI	/scratch/grmpy/SLURM_11194840_56/job-11194840-56-sub-129405/ds/inputs/data/qsiprep/qsiprep/sub-129405/ses-1/dwi/sub-129405_ses-1_acq-multiband_dir-AP_space-ACPC_desc-preproc_dwi.nii.gz	0.0030750307503075	0.41535318	0.09403283	0.4292317	0.41663432	0.42959726	0.09129989	0.40701514	0.4077282845973968	sub-129405	ses-1		dir-AP	acq-multiband	space-ACPC			DSIStudio	autotrackgqi
ProjectionBasalGanglia_AnsaLenticularisR	modulated_od	NODDI	/scratch/grmpy/SLURM_11194840_56/job-11194840-56-sub-129405/ds/inputs/data/qsiprep/qsiprep/sub-129405/ses-1/dwi/sub-129405_ses-1_acq-multiband_dir-AP_space-ACPC_desc-preproc_dwi.nii.gz	0.0	0.27219832	0.1362456	0.27539867	0.27219832	0.27539867	0.1362456	0.27341482	0.2734148502349853	sub-129405	ses-1		dir-AP	acq-multiband	space-ACPC			DSIStudio	autotrackgqi
ProjectionBasalGanglia_AnsaLenticularisR	nrmse	NODDI	/scratch/grmpy/SLURM_11194840_56/job-11194840-56-sub-129405/ds/inputs/data/qsiprep/qsiprep/sub-129405/ses-1/dwi/sub-129405_ses-1_acq-multiband_dir-AP_space-ACPC_desc-preproc_dwi.nii.gz	0.0	0.0992714	0.02837571	0.09404957	0.0992714	0.09404957	0.02837571	0.09998528	0.0999852865934372	sub-129405	ses-1		dir-AP	acq-multiband	space-ACPC			DSIStudio	autotrackgqi
ProjectionBasalGanglia_AnsaLenticularisR	od	NODDI	/scratch/grmpy/SLURM_11194840_56/job-11194840-56-sub-129405/ds/inputs/data/qsiprep/qsiprep/sub-129405/ses-1/dwi/sub-129405_ses-1_acq-multiband_dir-AP_space-ACPC_desc-preproc_dwi.nii.gz	0.0	0.32136986	0.1404006	0.31579065	0.32136986	0.31579065	0.1404006	0.31792766	0.3179276585578918	sub-129405	ses-1		dir-AP	acq-multiband	space-ACPC			DSIStudio	autotrackgqi
ProjectionBasalGanglia_AnsaLenticularisR	rmse	NODDI	/scratch/grmpy/SLURM_11194840_56/job-11194840-56-sub-129405/ds/inputs/data/qsiprep/qsiprep/sub-129405/ses-1/dwi/sub-129405_ses-1_acq-multiband_dir-AP_space-ACPC_desc-preproc_dwi.nii.gz	0.0	0.047792606	0.010960146	0.04606497	0.047792606	0.04606497	0.010960146	0.04824032	0.0482403226196765	sub-129405	ses-1		dir-AP	acq-multiband	space-ACPC			DSIStudio	autotrackgqi
ProjectionBasalGanglia_AnsaLenticularisR	tf	NODDI	/scratch/grmpy/SLURM_11194840_56/job-11194840-56-sub-129405/ds/inputs/data/qsiprep/qsiprep/sub-129405/ses-1/dwi/sub-129405_ses-1_acq-multiband_dir-AP_space-ACPC_desc-preproc_dwi.nii.gz	0.0030750307503075	0.86234164	0.22791821	0.9692064	0.86500156	0.9698832	0.22317284	0.8819011	0.883446216583252	sub-129405	ses-1		dir-AP	acq-multiband	space-ACPC			DSIStudio	autotrackgqi
ProjectionBrainstem_MedialForebrainBundleL	directions	NODDI	/scratch/grmpy/SLURM_11194840_56/job-11194840-56-sub-129405/ds/inputs/data/qsiprep/qsiprep/sub-129405/ses-1/dwi/sub-129405_ses-1_acq-multiband_dir-AP_space-ACPC_desc-preproc_dwi.nii.gz	0.0	0.046643365	0.57546306	-0.024023373	0.046643365	-0.024023373	0.57546306	0.19223121		sub-129405	ses-1		dir-AP	acq-multiband	space-ACPC			DSIStudio	autotrackgqi
ProjectionBrainstem_MedialForebrainBundleL	icvf	NODDI	/scratch/grmpy/SLURM_11194840_56/job-11194840-56-sub-129405/ds/inputs/data/qsiprep/qsiprep/sub-129405/ses-1/dwi/sub-129405_ses-1_acq-multiband_dir-AP_space-ACPC_desc-preproc_dwi.nii.gz	0.0133876600698486	0.616454	0.18211114	0.58079815	0.62481886	0.58192474	0.16848728	0.5961375	0.599506139755249	sub-129405	ses-1		dir-AP	acq-multiband	space-ACPC			DSIStudio	autotrackgqi
ProjectionBrainstem_MedialForebrainBundleL	isovf	NODDI	/scratch/grmpy/SLURM_11194840_56/job-11194840-56-sub-129405/ds/inputs/data/qsiprep/qsiprep/sub-129405/ses-1/dwi/sub-129405_ses-1_acq-multiband_dir-AP_space-ACPC_desc-preproc_dwi.nii.gz	0.1222351571594877	0.23060514	0.22909424	0.16235983	0.2627186	0.18873572	0.22661899	0.18679373	0.2158662676811218	sub-129405	ses-1		dir-AP	acq-multiband	space-ACPC			DSIStudio	autotrackgqi
ProjectionBrainstem_MedialForebrainBundleL	modulated_icvf	NODDI	/scratch/grmpy/SLURM_11194840_56/job-11194840-56-sub-129405/ds/inputs/data/qsiprep/qsiprep/sub-129405/ses-1/dwi/sub-129405_ses-1_acq-multiband_dir-AP_space-ACPC_desc-preproc_dwi.nii.gz	0.0133876600698486	0.4455223	0.12504314	0.45525405	0.45156777	0.45725402	0.11453397	0.4650944	0.4677225351333618	sub-129405	ses-1		dir-AP	acq-multiband	space-ACPC			DSIStudio	autotrackgqi
ProjectionBrainstem_MedialForebrainBundleL	modulated_od	NODDI	/scratch/grmpy/SLURM_11194840_56/job-11194840-56-sub-129405/ds/inputs/data/qsiprep/qsiprep/sub-129405/ses-1/dwi/sub-129405_ses-1_acq-multiband_dir-AP_space-ACPC_desc-preproc_dwi.nii.gz	0.0	0.20763284	0.1528992	0.19163856	0.20763284	0.19163856	0.1528992	0.1856538	0.185653805732727	sub-129405	ses-1		dir-AP	acq-multiband	space-ACPC			DSIStudio	autotrackgqi
ProjectionBrainstem_MedialForebrainBundleL	nrmse	NODDI	/scratch/grmpy/SLURM_11194840_56/job-11194840-56-sub-129405/ds/inputs/data/qsiprep/qsiprep/sub-129405/ses-1/dwi/sub-129405_ses-1_acq-multiband_dir-AP_space-ACPC_desc-preproc_dwi.nii.gz	0.009313154831199	0.13287947	0.041937936	0.12795004	0.13412863	0.12825118	0.040097084	0.1311121	0.1316613852977752	sub-129405	ses-1		dir-AP	acq-multiband	space-ACPC			DSIStudio	autotrackgqi
ProjectionBrainstem_MedialForebrainBundleL	od	NODDI	/scratch/grmpy/SLURM_11194840_56/job-11194840-56-sub-129405/ds/inputs/data/qsiprep/qsiprep/sub-129405/ses-1/dwi/sub-129405_ses-1_acq-multiband_dir-AP_space-ACPC_desc-preproc_dwi.nii.gz	0.0	0.2751169	0.1718625	0.26014012	0.2751169	0.26014012	0.1718625	0.23549274	0.2354927361011505	sub-129405	ses-1		dir-AP	acq-multiband	space-ACPC			DSIStudio	autotrackgqi
ProjectionBrainstem_MedialForebrainBundleL	rmse	NODDI	/scratch/grmpy/SLURM_11194840_56/job-11194840-56-sub-129405/ds/inputs/data/qsiprep/qsiprep/sub-129405/ses-1/dwi/sub-129405_ses-1_acq-multiband_dir-AP_space-ACPC_desc-preproc_dwi.nii.gz	0.009313154831199	0.06368843	0.016155416	0.06263128	0.06428714	0.06283083	0.014998709	0.06505267	0.0653252154588699	sub-129405	ses-1		dir-AP	acq-multiband	space-ACPC			DSIStudio	autotrackgqi
ProjectionBrainstem_MedialForebrainBundleL	tf	NODDI	/scratch/grmpy/SLURM_11194840_56/job-11194840-56-sub-129405/ds/inputs/data/qsiprep/qsiprep/sub-129405/ses-1/dwi/sub-129405_ses-1_acq-multiband_dir-AP_space-ACPC_desc-preproc_dwi.nii.gz	0.0040745052386495	0.7693948	0.22909424	0.83764017	0.77254254	0.8387588	0.22420333	0.81320626	0.8143846392631531	sub-129405	ses-1		dir-AP	acq-multiband	space-ACPC			DSIStudio	autotrackgqi
ProjectionBrainstem_CorticopontineTractL	directions	NODDI	/scratch/grmpy/SLURM_11194840_56/job-11194840-56-sub-129405/ds/inputs/data/qsiprep/qsiprep/sub-129405/ses-1/dwi/sub-129405_ses-1_acq-multiband_dir-AP_space-ACPC_desc-preproc_dwi.nii.gz	4.0	0.055869557	0.57451427	0.004992039	0.055893924	0.0052870526	0.57463837	0.29904634		sub-129405	ses-1		dir-AP	acq-multiband	space-ACPC			DSIStudio	autotrackgqi
ProjectionBrainstem_CorticopontineTractL	icvf	NODDI	/scratch/grmpy/SLURM_11194840_56/job-11194840-56-sub-129405/ds/inputs/data/qsiprep/qsiprep/sub-129405/ses-1/dwi/sub-129405_ses-1_acq-multiband_dir-AP_space-ACPC_desc-preproc_dwi.nii.gz	0.0007628596338273	0.5392556	0.12341729	0.5243375	0.5396673	0.52440876	0.122561336	0.59715325	0.5972839593887329	sub-129405	ses-1		dir-AP	acq-multiband	space-ACPC			DSIStudio	autotrackgqi
ProjectionBrainstem_CorticopontineTractL	isovf	NODDI	/scratch/grmpy/SLURM_11194840_56/job-11194840-56-sub-129405/ds/inputs/data/qsiprep/qsiprep/sub-129405/ses-1/dwi/sub-129405_ses-1_acq-multiband_dir-AP_space-ACPC_desc-preproc_dwi.nii.gz	0.2990409764603313	0.07533445	0.1099614	0.04939409	0.1074734	0.07826032	0.117455825	0.10059582	0.1187470108270645	sub-129405	ses-1		dir-AP	acq-multiband	space-ACPC			DSIStudio	autotrackgqi
ProjectionBrainstem_CorticopontineTractL	modulated_icvf	NODDI	/scratch/grmpy/SLURM_11194840_56/job-11194840-56-sub-129405/ds/inputs/data/qsiprep/qsiprep/sub-129405/ses-1/dwi/sub-129405_ses-1_acq-multiband_dir-AP_space-ACPC_desc-preproc_dwi.nii.gz	0.0007628596338273	0.4908992	0.0901987	0.49360204	0.491274	0.4937048	0.08920706	0.52500546	0.5251203179359436	sub-129405	ses-1		dir-AP	acq-multiband	space-ACPC			DSIStudio	autotrackgqi
ProjectionBrainstem_CorticopontineTractL	modulated_od	NODDI	/scratch/grmpy/SLURM_11194840_56/job-11194840-56-sub-129405/ds/inputs/data/qsiprep/qsiprep/sub-129405/ses-1/dwi/sub-129405_ses-1_acq-multiband_dir-AP_space-ACPC_desc-preproc_dwi.nii.gz	0.0004359197907585	0.24689564	0.17082001	0.22997639	0.24700332	0.23000988	0.1707794	0.17260692	0.172609195113182	sub-129405	ses-1		dir-AP	acq-multiband	space-ACPC			DSIStudio	autotrackgqi
ProjectionBrainstem_CorticopontineTractL	nrmse	NODDI	/scratch/grmpy/SLURM_11194840_56/job-11194840-56-sub-129405/ds/inputs/data/qsiprep/qsiprep/sub-129405/ses-1/dwi/sub-129405_ses-1_acq-multiband_dir-AP_space-ACPC_desc-preproc_dwi.nii.gz	0.0004359197907585	0.092365764	0.029087046	0.08658028	0.09240604	0.086590186	0.029029347	0.10093154	0.1009328737854957	sub-129405	ses-1		dir-AP	acq-multiband	space-ACPC			DSIStudio	autotrackgqi
ProjectionBrainstem_CorticopontineTractL	od	NODDI	/scratch/grmpy/SLURM_11194840_56/job-11194840-56-sub-129405/ds/inputs/data/qsiprep/qsiprep/sub-129405/ses-1/dwi/sub-129405_ses-1_acq-multiband_dir-AP_space-ACPC_desc-preproc_dwi.nii.gz	0.0004359197907585	0.26691926	0.17879574	0.25159588	0.26703566	0.25169644	0.17874779	0.1945678	0.1945703774690628	sub-129405	ses-1		dir-AP	acq-multiband	space-ACPC			DSIStudio	autotrackgqi
ProjectionBrainstem_CorticopontineTractL	rmse	NODDI	/scratch/grmpy/SLURM_11194840_56/job-11194840-56-sub-129405/ds/inputs/data/qsiprep/qsiprep/sub-129405/ses-1/dwi/sub-129405_ses-1_acq-multiband_dir-AP_space-ACPC_desc-preproc_dwi.nii.gz	0.0004359197907585	0.047982074	0.0148279695	0.04536256	0.048003	0.045368537	0.0147973	0.05297867	0.0529793687164783	sub-129405	ses-1		dir-AP	acq-multiband	space-ACPC			DSIStudio	autotrackgqi
ProjectionBrainstem_CorticopontineTractL	tf	NODDI	/scratch/grmpy/SLURM_11194840_56/job-11194840-56-sub-129405/ds/inputs/data/qsiprep/qsiprep/sub-129405/ses-1/dwi/sub-129405_ses-1_acq-multiband_dir-AP_space-ACPC_desc-preproc_dwi.nii.gz	0.0007628596338273	0.9242297	0.111631356	0.95052266	0.9249353	0.95060503	0.108712666	0.89939094	0.8995877504348755	sub-129405	ses-1		dir-AP	acq-multiband	space-ACPC			DSIStudio	autotrackgqi
ProjectionBasalGanglia_AcousticRadiationR	directions	NODDI	/scratch/grmpy/SLURM_11194840_56/job-11194840-56-sub-129405/ds/inputs/data/qsiprep/qsiprep/sub-129405/ses-1/dwi/sub-129405_ses-1_acq-multiband_dir-AP_space-ACPC_desc-preproc_dwi.nii.gz	0.0	-0.1833609	0.5474597	-0.32338935	-0.1833609	-0.32338935	0.5474597	-0.7561783		sub-129405	ses-1		dir-AP	acq-multiband	space-ACPC			DSIStudio	autotrackgqi
ProjectionBasalGanglia_AcousticRadiationR	icvf	NODDI	/scratch/grmpy/SLURM_11194840_56/job-11194840-56-sub-129405/ds/inputs/data/qsiprep/qsiprep/sub-129405/ses-1/dwi/sub-129405_ses-1_acq-multiband_dir-AP_space-ACPC_desc-preproc_dwi.nii.gz	0.0	0.54332715	0.13902846	0.51068884	0.54332715	0.51068884	0.13902846	0.5612229	0.5612229108810425	sub-129405	ses-1		dir-AP	acq-multiband	space-ACPC			DSIStudio	autotrackgqi
ProjectionBasalGanglia_AcousticRadiationR	isovf	NODDI	/scratch/grmpy/SLURM_11194840_56/job-11194840-56-sub-129405/ds/inputs/data/qsiprep/qsiprep/sub-129405/ses-1/dwi/sub-129405_ses-1_acq-multiband_dir-AP_space-ACPC_desc-preproc_dwi.nii.gz	0.2342264477095937	0.10870773	0.15701231	0.06583197	0.14195807	0.09108581	0.1657506	0.0919788	0.103241316974163	sub-129405	ses-1		dir-AP	acq-multiband	space-ACPC			DSIStudio	autotrackgqi
ProjectionBasalGanglia_AcousticRadiationR	modulated_icvf	NODDI	/scratch/grmpy/SLURM_11194840_56/job-11194840-56-sub-129405/ds/inputs/data/qsiprep/qsiprep/sub-129405/ses-1/dwi/sub-129405_ses-1_acq-multiband_dir-AP_space-ACPC_desc-preproc_dwi.nii.gz	0.0	0.4690869	0.09271942	0.46814293	0.4690869	0.46814293	0.09271942	0.50266474	0.5026647448539734	sub-129405	ses-1		dir-AP	acq-multiband	space-ACPC			DSIStudio	autotrackgqi
ProjectionBasalGanglia_AcousticRadiationR	modulated_od	NODDI	/scratch/grmpy/SLURM_11194840_56/job-11194840-56-sub-129405/ds/inputs/data/qsiprep/qsiprep/sub-129405/ses-1/dwi/sub-129405_ses-1_acq-multiband_dir-AP_space-ACPC_desc-preproc_dwi.nii.gz	0.0	0.20152059	0.1512425	0.1599346	0.20152059	0.1599346	0.1512425	0.12683079	0.1268307864665985	sub-129405	ses-1		dir-AP	acq-multiband	space-ACPC			DSIStudio	autotrackgqi
ProjectionBasalGanglia_AcousticRadiationR	nrmse	NODDI	/scratch/grmpy/SLURM_11194840_56/job-11194840-56-sub-129405/ds/inputs/data/qsiprep/qsiprep/sub-129405/ses-1/dwi/sub-129405_ses-1_acq-multiband_dir-AP_space-ACPC_desc-preproc_dwi.nii.gz	0.0	0.08848921	0.024721168	0.08437551	0.08848921	0.08437551	0.024721168	0.08733983	0.0873398333787918	sub-129405	ses-1		dir-AP	acq-multiband	space-ACPC			DSIStudio	autotrackgqi
ProjectionBasalGanglia_AcousticRadiationR	od	NODDI	/scratch/grmpy/SLURM_11194840_56/job-11194840-56-sub-129405/ds/inputs/data/qsiprep/qsiprep/sub-129405/ses-1/dwi/sub-129405_ses-1_acq-multiband_dir-AP_space-ACPC_desc-preproc_dwi.nii.gz	0.0	0.23019505	0.16641669	0.21955213	0.23019505	0.21955213	0.16641669	0.14230493	0.142304927110672	sub-129405	ses-1		dir-AP	acq-multiband	space-ACPC			DSIStudio	autotrackgqi
ProjectionBasalGanglia_AcousticRadiationR	rmse	NODDI	/scratch/grmpy/SLURM_11194840_56/job-11194840-56-sub-129405/ds/inputs/data/qsiprep/qsiprep/sub-129405/ses-1/dwi/sub-129405_ses-1_acq-multiband_dir-AP_space-ACPC_desc-preproc_dwi.nii.gz	0.0	0.04472013	0.011408211	0.04348949	0.04472013	0.04348949	0.011408211	0.04558122	0.0455812215805053	sub-129405	ses-1		dir-AP	acq-multiband	space-ACPC			DSIStudio	autotrackgqi
ProjectionBasalGanglia_AcousticRadiationR	tf	NODDI	/scratch/grmpy/SLURM_11194840_56/job-11194840-56-sub-129405/ds/inputs/data/qsiprep/qsiprep/sub-129405/ses-1/dwi/sub-129405_ses-1_acq-multiband_dir-AP_space-ACPC_desc-preproc_dwi.nii.gz	0.0	0.8912922	0.1570123	0.93416804	0.8912922	0.93416804	0.1570123	0.9080212	0.9080212116241456	sub-129405	ses-1		dir-AP	acq-multiband	space-ACPC			DSIStudio	autotrackgqi
ProjectionBasalGanglia_CorticostriatalTractL	directions	NODDI	/scratch/grmpy/SLURM_11194840_56/job-11194840-56-sub-129405/ds/inputs/data/qsiprep/qsiprep/sub-129405/ses-1/dwi/sub-129405_ses-1_acq-multiband_dir-AP_space-ACPC_desc-preproc_dwi.nii.gz	36.0	-0.015389454	0.5764765	-0.040480394	-0.015425147	-0.042495117	0.5771442	0.09573331		sub-129405	ses-1		dir-AP	acq-multiband	space-ACPC			DSIStudio	autotrackgqi
ProjectionBasalGanglia_CorticostriatalTractL	icvf	NODDI	/scratch/grmpy/SLURM_11194840_56/job-11194840-56-sub-129405/ds/inputs/data/qsiprep/qsiprep/sub-129405/ses-1/dwi/sub-129405_ses-1_acq-multiband_dir-AP_space-ACPC_desc-preproc_dwi.nii.gz	0.0027638513947808	0.48094836	0.103409156	0.472208	0.48228133	0.47258162	0.10040036	0.5125665	0.512671947479248	sub-129405	ses-1		dir-AP	acq-multiband	space-ACPC			DSIStudio	autotrackgqi
ProjectionBasalGanglia_CorticostriatalTractL	isovf	NODDI	/scratch/grmpy/SLURM_11194840_56/job-11194840-56-sub-129405/ds/inputs/data/qsiprep/qsiprep/sub-129405/ses-1/dwi/sub-129405_ses-1_acq-multiband_dir-AP_space-ACPC_desc-preproc_dwi.nii.gz	0.4475510991129965	0.054643694	0.10632218	0.01511902	0.09891176	0.069242954	0.1268216	0.05458322	0.0760331749916076	sub-129405	ses-1		dir-AP	acq-multiband	space-ACPC			DSIStudio	autotrackgqi
ProjectionBasalGanglia_CorticostriatalTractL	modulated_icvf	NODDI	/scratch/grmpy/SLURM_11194840_56/job-11194840-56-sub-129405/ds/inputs/data/qsiprep/qsiprep/sub-129405/ses-1/dwi/sub-129405_ses-1_acq-multiband_dir-AP_space-ACPC_desc-preproc_dwi.nii.gz	0.0027638513947808	0.44980344	0.08570892	0.45450652	0.45105007	0.45485792	0.082486875	0.48200682	0.4821060001850128	sub-129405	ses-1		dir-AP	acq-multiband	space-ACPC			DSIStudio	autotrackgqi
ProjectionBasalGanglia_CorticostriatalTractL	modulated_od	NODDI	/scratch/grmpy/SLURM_11194840_56/job-11194840-56-sub-129405/ds/inputs/data/qsiprep/qsiprep/sub-129405/ses-1/dwi/sub-129405_ses-1_acq-multiband_dir-AP_space-ACPC_desc-preproc_dwi.nii.gz	0.0025067489394523	0.29539648	0.17747869	0.27423888	0.29613882	0.27473593	0.17708191	0.22688368	0.2269261926412582	sub-129405	ses-1		dir-AP	acq-multiband	space-ACPC			DSIStudio	autotrackgqi
ProjectionBasalGanglia_CorticostriatalTractL	nrmse	NODDI	/scratch/grmpy/SLURM_11194840_56/job-11194840-56-sub-129405/ds/inputs/data/qsiprep/qsiprep/sub-129405/ses-1/dwi/sub-129405_ses-1_acq-multiband_dir-AP_space-ACPC_desc-preproc_dwi.nii.gz	0.002313922097956	0.08576476	0.027661173	0.08228702	0.085963674	0.082344525	0.027382765	0.08679247	0.0868078172206878	sub-129405	ses-1		dir-AP	acq-multiband	space-ACPC			DSIStudio	autotrackgqi
ProjectionBasalGanglia_CorticostriatalTractL	od	NODDI	/scratch/grmpy/SLURM_11194840_56/job-11194840-56-sub-129405/ds/inputs/data/qsiprep/qsiprep/sub-129405/ses-1/dwi/sub-129405_ses-1_acq-multiband_dir-AP_space-ACPC_desc-preproc_dwi.nii.gz	0.002313922097956	0.3140028	0.1847342	0.29427654	0.3147311	0.29488188	0.1843276	0.23879029	0.2388325333595276	sub-129405	ses-1		dir-AP	acq-multiband	space-ACPC			DSIStudio	autotrackgqi
ProjectionBasalGanglia_CorticostriatalTractL	rmse	NODDI	/scratch/grmpy/SLURM_11194840_56/job-11194840-56-sub-129405/ds/inputs/data/qsiprep/qsiprep/sub-129405/ses-1/dwi/sub-129405_ses-1_acq-multiband_dir-AP_space-ACPC_desc-preproc_dwi.nii.gz	0.002313922097956	0.043926813	0.01768651	0.04217402	0.044028692	0.042206746	0.01757989	0.045173362	0.045181356370449	sub-129405	ses-1		dir-AP	acq-multiband	space-ACPC			DSIStudio	autotrackgqi
ProjectionBasalGanglia_CorticostriatalTractL	tf	NODDI	/scratch/grmpy/SLURM_11194840_56/job-11194840-56-sub-129405/ds/inputs/data/qsiprep/qsiprep/sub-129405/ses-1/dwi/sub-129405_ses-1_acq-multiband_dir-AP_space-ACPC_desc-preproc_dwi.nii.gz	0.0027638513947808	0.9430424	0.11558585	0.984077	0.94565606	0.9846918	0.10452513	0.94523996	0.9454344511032104	sub-129405	ses-1		dir-AP	acq-multiband	space-ACPC			DSIStudio	autotrackgqi
ProjectionBasalGanglia_AnsaSubthalamicaL	directions	NODDI	/scratch/grmpy/SLURM_11194840_56/job-11194840-56-sub-129405/ds/inputs/data/qsiprep/qsiprep/sub-129405/ses-1/dwi/sub-129405_ses-1_acq-multiband_dir-AP_space-ACPC_desc-preproc_dwi.nii.gz	0.0	-0.03297761	0.5764077	-0.031615917	-0.03297761	-0.031615917	0.5764077	-0.043846935		sub-129405	ses-1		dir-AP	acq-multiband	space-ACPC			DSIStudio	autotrackgqi
ProjectionBasalGanglia_AnsaSubthalamicaL	icvf	NODDI	/scratch/grmpy/SLURM_11194840_56/job-11194840-56-sub-129405/ds/inputs/data/qsiprep/qsiprep/sub-129405/ses-1/dwi/sub-129405_ses-1_acq-multiband_dir-AP_space-ACPC_desc-preproc_dwi.nii.gz	0.0	0.51050454	0.14244522	0.4865682	0.51050454	0.4865682	0.14244522	0.51810694	0.5181069374084473	sub-129405	ses-1		dir-AP	acq-multiband	space-ACPC			DSIStudio	autotrackgqi
ProjectionBasalGanglia_AnsaSubthalamicaL	isovf	NODDI	/scratch/grmpy/SLURM_11194840_56/job-11194840-56-sub-129405/ds/inputs/data/qsiprep/qsiprep/sub-129405/ses-1/dwi/sub-129405_ses-1_acq-multiband_dir-AP_space-ACPC_desc-preproc_dwi.nii.gz	0.3526850507982583	0.1055624	0.16692556	0.048501074	0.16307734	0.10284701	0.1834839	0.071077235	0.1038594990968704	sub-129405	ses-1		dir-AP	acq-multiband	space-ACPC			DSIStudio	autotrackgqi
ProjectionBasalGanglia_AnsaSubthalamicaL	modulated_icvf	NODDI	/scratch/grmpy/SLURM_11194840_56/job-11194840-56-sub-129405/ds/inputs/data/qsiprep/qsiprep/sub-129405/ses-1/dwi/sub-129405_ses-1_acq-multiband_dir-AP_space-ACPC_desc-preproc_dwi.nii.gz	0.0	0.4380866	0.086990036	0.43316117	0.4380866	0.43316117	0.086990036	0.47611764	0.4761176407337188	sub-129405	ses-1		dir-AP	acq-multiband	space-ACPC			DSIStudio	autotrackgqi
ProjectionBasalGanglia_AnsaSubthalamicaL	modulated_od	NODDI	/scratch/grmpy/SLURM_11194840_56/job-11194840-56-sub-129405/ds/inputs/data/qsiprep/qsiprep/sub-129405/ses-1/dwi/sub-129405_ses-1_acq-multiband_dir-AP_space-ACPC_desc-preproc_dwi.nii.gz	0.0	0.2670641	0.15792836	0.25493187	0.2670641	0.25493187	0.15792836	0.24538207	0.2453820705413818	sub-129405	ses-1		dir-AP	acq-multiband	space-ACPC			DSIStudio	autotrackgqi
ProjectionBasalGanglia_AnsaSubthalamicaL	nrmse	NODDI	/scratch/grmpy/SLURM_11194840_56/job-11194840-56-sub-129405/ds/inputs/data/qsiprep/qsiprep/sub-129405/ses-1/dwi/sub-129405_ses-1_acq-multiband_dir-AP_space-ACPC_desc-preproc_dwi.nii.gz	0.0	0.11601127	0.029995054	0.11113053	0.11601127	0.11113053	0.029995054	0.11940667	0.1194066703319549	sub-129405	ses-1		dir-AP	acq-multiband	space-ACPC			DSIStudio	autotrackgqi
ProjectionBasalGanglia_AnsaSubthalamicaL	od	NODDI	/scratch/grmpy/SLURM_11194840_56/job-11194840-56-sub-129405/ds/inputs/data/qsiprep/qsiprep/sub-129405/ses-1/dwi/sub-129405_ses-1_acq-multiband_dir-AP_space-ACPC_desc-preproc_dwi.nii.gz	0.0	0.29647785	0.15776433	0.28503773	0.29647785	0.28503773	0.15776433	0.26244536	0.2624453604221344	sub-129405	ses-1		dir-AP	acq-multiband	space-ACPC			DSIStudio	autotrackgqi
ProjectionBasalGanglia_AnsaSubthalamicaL	rmse	NODDI	/scratch/grmpy/SLURM_11194840_56/job-11194840-56-sub-129405/ds/inputs/data/qsiprep/qsiprep/sub-129405/ses-1/dwi/sub-129405_ses-1_acq-multiband_dir-AP_space-ACPC_desc-preproc_dwi.nii.gz	0.0	0.057943016	0.015053644	0.055080693	0.057943016	0.055080693	0.015053644	0.062029865	0.0620298646390438	sub-129405	ses-1		dir-AP	acq-multiband	space-ACPC			DSIStudio	autotrackgqi
ProjectionBasalGanglia_AnsaSubthalamicaL	tf	NODDI	/scratch/grmpy/SLURM_11194840_56/job-11194840-56-sub-129405/ds/inputs/data/qsiprep/qsiprep/sub-129405/ses-1/dwi/sub-129405_ses-1_acq-multiband_dir-AP_space-ACPC_desc-preproc_dwi.nii.gz	0.0	0.89443755	0.16692556	0.9514989	0.89443755	0.9514989	0.16692556	0.92892283	0.9289228320121764	sub-129405	ses-1		dir-AP	acq-multiband	space-ACPC			DSIStudio	autotrackgqi
ProjectionBrainstem_DentatorubrothalamicTract-rl	directions	NODDI	/scratch/grmpy/SLURM_11194840_56/job-11194840-56-sub-129405/ds/inputs/data/qsiprep/qsiprep/sub-129405/ses-1/dwi/sub-129405_ses-1_acq-multiband_dir-AP_space-ACPC_desc-preproc_dwi.nii.gz	0.0	-0.05906303	0.57432127	-0.15625294	-0.05906303	-0.15625294	0.57432127	-0.2272222		sub-129405	ses-1		dir-AP	acq-multiband	space-ACPC			DSIStudio	autotrackgqi
ProjectionBrainstem_DentatorubrothalamicTract-rl	icvf	NODDI	/scratch/grmpy/SLURM_11194840_56/job-11194840-56-sub-129405/ds/inputs/data/qsiprep/qsiprep/sub-129405/ses-1/dwi/sub-129405_ses-1_acq-multiband_dir-AP_space-ACPC_desc-preproc_dwi.nii.gz	0.0	0.57348573	0.08790328	0.57027733	0.57348573	0.57027733	0.08790328	0.59392405	0.5939241051673889	sub-129405	ses-1		dir-AP	acq-multiband	space-ACPC			DSIStudio	autotrackgqi
ProjectionBrainstem_DentatorubrothalamicTract-rl	isovf	NODDI	/scratch/grmpy/SLURM_11194840_56/job-11194840-56-sub-129405/ds/inputs/data/qsiprep/qsiprep/sub-129405/ses-1/dwi/sub-129405_ses-1_acq-multiband_dir-AP_space-ACPC_desc-preproc_dwi.nii.gz	0.1047794117647058	0.10165439	0.10856889	0.0830167	0.11355234	0.09090831	0.108700395	0.1193572	0.1298426240682602	sub-129405	ses-1		dir-AP	acq-multiband	space-ACPC			DSIStudio	autotrackgqi
ProjectionBrainstem_DentatorubrothalamicTract-rl	modulated_icvf	NODDI	/scratch/grmpy/SLURM_11194840_56/job-11194840-56-sub-129405/ds/inputs/data/qsiprep/qsiprep/sub-129405/ses-1/dwi/sub-129405_ses-1_acq-multiband_dir-AP_space-ACPC_desc-preproc_dwi.nii.gz	0.0	0.5095859	0.07068027	0.51492506	0.5095859	0.51492506	0.07068027	0.5167674	0.5167674422264099	sub-129405	ses-1		dir-AP	acq-multiband	space-ACPC			DSIStudio	autotrackgqi
ProjectionBrainstem_DentatorubrothalamicTract-rl	modulated_od	NODDI	/scratch/grmpy/SLURM_11194840_56/job-11194840-56-sub-129405/ds/inputs/data/qsiprep/qsiprep/sub-129405/ses-1/dwi/sub-129405_ses-1_acq-multiband_dir-AP_space-ACPC_desc-preproc_dwi.nii.gz	0.0	0.19095907	0.116170496	0.1940598	0.19095907	0.1940598	0.116170496	0.1800346	0.1800346076488495	sub-129405	ses-1		dir-AP	acq-multiband	space-ACPC			DSIStudio	autotrackgqi
ProjectionBrainstem_DentatorubrothalamicTract-rl	nrmse	NODDI	/scratch/grmpy/SLURM_11194840_56/job-11194840-56-sub-129405/ds/inputs/data/qsiprep/qsiprep/sub-129405/ses-1/dwi/sub-129405_ses-1_acq-multiband_dir-AP_space-ACPC_desc-preproc_dwi.nii.gz	0.0	0.100943245	0.020887105	0.09826323	0.100943245	0.09826323	0.020887105	0.10626944	0.1062694564461708	sub-129405	ses-1		dir-AP	acq-multiband	space-ACPC			DSIStudio	autotrackgqi
ProjectionBrainstem_DentatorubrothalamicTract-rl	od	NODDI	/scratch/grmpy/SLURM_11194840_56/job-11194840-56-sub-129405/ds/inputs/data/qsiprep/qsiprep/sub-129405/ses-1/dwi/sub-129405_ses-1_acq-multiband_dir-AP_space-ACPC_desc-preproc_dwi.nii.gz	0.0	0.21683332	0.13168839	0.22759622	0.21683332	0.22759622	0.13168839	0.21005896	0.2100589722394943	sub-129405	ses-1		dir-AP	acq-multiband	space-ACPC			DSIStudio	autotrackgqi
ProjectionBrainstem_DentatorubrothalamicTract-rl	rmse	NODDI	/scratch/grmpy/SLURM_11194840_56/job-11194840-56-sub-129405/ds/inputs/data/qsiprep/qsiprep/sub-129405/ses-1/dwi/sub-129405_ses-1_acq-multiband_dir-AP_space-ACPC_desc-preproc_dwi.nii.gz	0.0	0.052561954	0.010391795	0.05150328	0.052561954	0.05150328	0.010391795	0.055413753	0.055413756519556	sub-129405	ses-1		dir-AP	acq-multiband	space-ACPC			DSIStudio	autotrackgqi
ProjectionBrainstem_DentatorubrothalamicTract-rl	tf	NODDI	/scratch/grmpy/SLURM_11194840_56/job-11194840-56-sub-129405/ds/inputs/data/qsiprep/qsiprep/sub-129405/ses-1/dwi/sub-129405_ses-1_acq-multiband_dir-AP_space-ACPC_desc-preproc_dwi.nii.gz	0.0	0.8983456	0.10856889	0.9169833	0.8983456	0.9169833	0.10856889	0.88064283	0.880642831325531	sub-129405	ses-1		dir-AP	acq-multiband	space-ACPC			DSIStudio	autotrackgqi
ProjectionBrainstem_CorticobulbarTractR	directions	NODDI	/scratch/grmpy/SLURM_11194840_56/job-11194840-56-sub-129405/ds/inputs/data/qsiprep/qsiprep/sub-129405/ses-1/dwi/sub-129405_ses-1_acq-multiband_dir-AP_space-ACPC_desc-preproc_dwi.nii.gz	0.0	-0.19980124	0.54167587	-0.2612548	-0.19980124	-0.2612548	0.54167587	-0.7284589		sub-129405	ses-1		dir-AP	acq-multiband	space-ACPC			DSIStudio	autotrackgqi
ProjectionBrainstem_CorticobulbarTractR	icvf	NODDI	/scratch/grmpy/SLURM_11194840_56/job-11194840-56-sub-129405/ds/inputs/data/qsiprep/qsiprep/sub-129405/ses-1/dwi/sub-129405_ses-1_acq-multiband_dir-AP_space-ACPC_desc-preproc_dwi.nii.gz	0.0022727272727272	0.600917	0.12421334	0.6041645	0.6022858	0.6042951	0.12099451	0.6454617	0.6455916166305542	sub-129405	ses-1		dir-AP	acq-multiband	space-ACPC			DSIStudio	autotrackgqi
ProjectionBrainstem_CorticobulbarTractR	isovf	NODDI	/scratch/grmpy/SLURM_11194840_56/job-11194840-56-sub-129405/ds/inputs/data/qsiprep/qsiprep/sub-129405/ses-1/dwi/sub-129405_ses-1_acq-multiband_dir-AP_space-ACPC_desc-preproc_dwi.nii.gz	0.209090909090909	0.109111235	0.117531195	0.07955925	0.13795672	0.10448432	0.11612932	0.12224558	0.1309811770915985	sub-129405	ses-1		dir-AP	acq-multiband	space-ACPC			DSIStudio	autotrackgqi
ProjectionBrainstem_CorticobulbarTractR	modulated_icvf	NODDI	/scratch/grmpy/SLURM_11194840_56/job-11194840-56-sub-129405/ds/inputs/data/qsiprep/qsiprep/sub-129405/ses-1/dwi/sub-129405_ses-1_acq-multiband_dir-AP_space-ACPC_desc-preproc_dwi.nii.gz	0.0022727272727272	0.5247909	0.080870695	0.53526413	0.5259863	0.5352727	0.07698175	0.56067467	0.560787558555603	sub-129405	ses-1		dir-AP	acq-multiband	space-ACPC			DSIStudio	autotrackgqi
ProjectionBrainstem_CorticobulbarTractR	modulated_od	NODDI	/scratch/grmpy/SLURM_11194840_56/job-11194840-56-sub-129405/ds/inputs/data/qsiprep/qsiprep/sub-129405/ses-1/dwi/sub-129405_ses-1_acq-multiband_dir-AP_space-ACPC_desc-preproc_dwi.nii.gz	0.0	0.24438462	0.18560496	0.22274037	0.24438462	0.22274037	0.18560496	0.17024454	0.1702445447444915	sub-129405	ses-1		dir-AP	acq-multiband	space-ACPC			DSIStudio	autotrackgqi
ProjectionBrainstem_CorticobulbarTractR	nrmse	NODDI	/scratch/grmpy/SLURM_11194840_56/job-11194840-56-sub-129405/ds/inputs/data/qsiprep/qsiprep/sub-129405/ses-1/dwi/sub-129405_ses-1_acq-multiband_dir-AP_space-ACPC_desc-preproc_dwi.nii.gz	0.0022727272727272	0.09811259	0.032637812	0.092962235	0.098336086	0.0930284	0.032336913	0.10416338	0.1041843593120575	sub-129405	ses-1		dir-AP	acq-multiband	space-ACPC			DSIStudio	autotrackgqi
ProjectionBrainstem_CorticobulbarTractR	od	NODDI	/scratch/grmpy/SLURM_11194840_56/job-11194840-56-sub-129405/ds/inputs/data/qsiprep/qsiprep/sub-129405/ses-1/dwi/sub-129405_ses-1_acq-multiband_dir-AP_space-ACPC_desc-preproc_dwi.nii.gz	0.0	0.26984674	0.19572006	0.24914482	0.26984674	0.24914482	0.19572006	0.19565544	0.1956554353237152	sub-129405	ses-1		dir-AP	acq-multiband	space-ACPC			DSIStudio	autotrackgqi
ProjectionBrainstem_CorticobulbarTractR	rmse	NODDI	/scratch/grmpy/SLURM_11194840_56/job-11194840-56-sub-129405/ds/inputs/data/qsiprep/qsiprep/sub-129405/ses-1/dwi/sub-129405_ses-1_acq-multiband_dir-AP_space-ACPC_desc-preproc_dwi.nii.gz	0.0022727272727272	0.051382553	0.016482316	0.050054543	0.051499598	0.050202508	0.016317409	0.055536326	0.0555475056171417	sub-129405	ses-1		dir-AP	acq-multiband	space-ACPC			DSIStudio	autotrackgqi
ProjectionBrainstem_CorticobulbarTractR	tf	NODDI	/scratch/grmpy/SLURM_11194840_56/job-11194840-56-sub-129405/ds/inputs/data/qsiprep/qsiprep/sub-129405/ses-1/dwi/sub-129405_ses-1_acq-multiband_dir-AP_space-ACPC_desc-preproc_dwi.nii.gz	0.0	0.8908888	0.117531195	0.92044073	0.8908888	0.92044073	0.117531195	0.8777544	0.8777543902397156	sub-129405	ses-1		dir-AP	acq-multiband	space-ACPC			DSIStudio	autotrackgqi
ProjectionBasalGanglia_FasciculusSubthalamicusR	directions	NODDI	/scratch/grmpy/SLURM_11194840_56/job-11194840-56-sub-129405/ds/inputs/data/qsiprep/qsiprep/sub-129405/ses-1/dwi/sub-129405_ses-1_acq-multiband_dir-AP_space-ACPC_desc-preproc_dwi.nii.gz	0.0	-0.024933623	0.5768116	-0.05750145	-0.024933623	-0.05750145	0.5768116	-0.0059738606		sub-129405	ses-1		dir-AP	acq-multiband	space-ACPC			DSIStudio	autotrackgqi
ProjectionBasalGanglia_FasciculusSubthalamicusR	icvf	NODDI	/scratch/grmpy/SLURM_11194840_56/job-11194840-56-sub-129405/ds/inputs/data/qsiprep/qsiprep/sub-129405/ses-1/dwi/sub-129405_ses-1_acq-multiband_dir-AP_space-ACPC_desc-preproc_dwi.nii.gz	0.0033444816053511	0.5191702	0.13830344	0.50200146	0.5209124	0.50225663	0.13522021	0.5082945	0.5089608430862427	sub-129405	ses-1		dir-AP	acq-multiband	space-ACPC			DSIStudio	autotrackgqi
ProjectionBasalGanglia_FasciculusSubthalamicusR	isovf	NODDI	/scratch/grmpy/SLURM_11194840_56/job-11194840-56-sub-129405/ds/inputs/data/qsiprep/qsiprep/sub-129405/ses-1/dwi/sub-129405_ses-1_acq-multiband_dir-AP_space-ACPC_desc-preproc_dwi.nii.gz	0.326644370122631	0.11033897	0.17623553	0.045151323	0.16386434	0.095875464	0.19327378	0.13605079	0.2035250961780548	sub-129405	ses-1		dir-AP	acq-multiband	space-ACPC			DSIStudio	autotrackgqi
ProjectionBasalGanglia_FasciculusSubthalamicusR	modulated_icvf	NODDI	/scratch/grmpy/SLURM_11194840_56/job-11194840-56-sub-129405/ds/inputs/data/qsiprep/qsiprep/sub-129405/ses-1/dwi/sub-129405_ses-1_acq-multiband_dir-AP_space-ACPC_desc-preproc_dwi.nii.gz	0.0033444816053511	0.4484711	0.10072025	0.46271178	0.44997603	0.46292007	0.09747526	0.42162347	0.42217618227005	sub-129405	ses-1		dir-AP	acq-multiband	space-ACPC			DSIStudio	autotrackgqi
ProjectionBasalGanglia_FasciculusSubthalamicusR	modulated_od	NODDI	/scratch/grmpy/SLURM_11194840_56/job-11194840-56-sub-129405/ds/inputs/data/qsiprep/qsiprep/sub-129405/ses-1/dwi/sub-129405_ses-1_acq-multiband_dir-AP_space-ACPC_desc-preproc_dwi.nii.gz	0.0	0.25948253	0.14717643	0.26004007	0.25948253	0.26004007	0.14717643	0.23120339	0.2312033921480178	sub-129405	ses-1		dir-AP	acq-multiband	space-ACPC			DSIStudio	autotrackgqi
ProjectionBasalGanglia_FasciculusSubthalamicusR	nrmse	NODDI	/scratch/grmpy/SLURM_11194840_56/job-11194840-56-sub-129405/ds/inputs/data/qsiprep/qsiprep/sub-129405/ses-1/dwi/sub-129405_ses-1_acq-multiband_dir-AP_space-ACPC_desc-preproc_dwi.nii.gz	0.0	0.102292135	0.024473436	0.09952321	0.102292135	0.09952321	0.024473436	0.10355558	0.1035555824637413	sub-129405	ses-1		dir-AP	acq-multiband	space-ACPC			DSIStudio	autotrackgqi
ProjectionBasalGanglia_FasciculusSubthalamicusR	od	NODDI	/scratch/grmpy/SLURM_11194840_56/job-11194840-56-sub-129405/ds/inputs/data/qsiprep/qsiprep/sub-129405/ses-1/dwi/sub-129405_ses-1_acq-multiband_dir-AP_space-ACPC_desc-preproc_dwi.nii.gz	0.0	0.29082578	0.14988652	0.2884053	0.29082578	0.2884053	0.14988652	0.26350036	0.2635003626346588	sub-129405	ses-1		dir-AP	acq-multiband	space-ACPC			DSIStudio	autotrackgqi
ProjectionBasalGanglia_FasciculusSubthalamicusR	rmse	NODDI	/scratch/grmpy/SLURM_11194840_56/job-11194840-56-sub-129405/ds/inputs/data/qsiprep/qsiprep/sub-129405/ses-1/dwi/sub-129405_ses-1_acq-multiband_dir-AP_space-ACPC_desc-preproc_dwi.nii.gz	0.0	0.051359653	0.012833416	0.049725737	0.051359653	0.049725737	0.012833416	0.050981928	0.0509819276630878	sub-129405	ses-1		dir-AP	acq-multiband	space-ACPC			DSIStudio	autotrackgqi
ProjectionBasalGanglia_FasciculusSubthalamicusR	tf	NODDI	/scratch/grmpy/SLURM_11194840_56/job-11194840-56-sub-129405/ds/inputs/data/qsiprep/qsiprep/sub-129405/ses-1/dwi/sub-129405_ses-1_acq-multiband_dir-AP_space-ACPC_desc-preproc_dwi.nii.gz	0.0033444816053511	0.88966095	0.17623554	0.95484865	0.8926464	0.9549252	0.16881424	0.8639493	0.8650817275047302	sub-129405	ses-1		dir-AP	acq-multiband	space-ACPC			DSIStudio	autotrackgqi
Commissure_AnteriorCommissure	directions	NODDI	/scratch/grmpy/SLURM_11194840_56/job-11194840-56-sub-129405/ds/inputs/data/qsiprep/qsiprep/sub-129405/ses-1/dwi/sub-129405_ses-1_acq-multiband_dir-AP_space-ACPC_desc-preproc_dwi.nii.gz	13.0	-0.05662369	0.57368594	-0.06575461	-0.05679604	-0.06760116	0.57454985	-0.1343648		sub-129405	ses-1		dir-AP	acq-multiband	space-ACPC			DSIStudio	autotrackgqi
Commissure_AnteriorCommissure	icvf	NODDI	/scratch/grmpy/SLURM_11194840_56/job-11194840-56-sub-129405/ds/inputs/data/qsiprep/qsiprep/sub-129405/ses-1/dwi/sub-129405_ses-1_acq-multiband_dir-AP_space-ACPC_desc-preproc_dwi.nii.gz	0.0030345471521942	0.4418774	0.11326795	0.41970417	0.44322237	0.41990733	0.11078156	0.4312848	0.4313352108001709	sub-129405	ses-1		dir-AP	acq-multiband	space-ACPC			DSIStudio	autotrackgqi
Commissure_AnteriorCommissure	isovf	NODDI	/scratch/grmpy/SLURM_11194840_56/job-11194840-56-sub-129405/ds/inputs/data/qsiprep/qsiprep/sub-129405/ses-1/dwi/sub-129405_ses-1_acq-multiband_dir-AP_space-ACPC_desc-preproc_dwi.nii.gz	0.4929971988795518	0.066265166	0.12420209	0.002657495	0.1306998	0.08399719	0.1483394	0.07276888	0.1239878982305526	sub-129405	ses-1		dir-AP	acq-multiband	space-ACPC			DSIStudio	autotrackgqi
Commissure_AnteriorCommissure	modulated_icvf	NODDI	/scratch/grmpy/SLURM_11194840_56/job-11194840-56-sub-129405/ds/inputs/data/qsiprep/qsiprep/sub-129405/ses-1/dwi/sub-129405_ses-1_acq-multiband_dir-AP_space-ACPC_desc-preproc_dwi.nii.gz	0.0030345471521942	0.4031051	0.07618762	0.4054604	0.4043321	0.40559664	0.07298027	0.3938534	0.3938994407653808	sub-129405	ses-1		dir-AP	acq-multiband	space-ACPC			DSIStudio	autotrackgqi
Commissure_AnteriorCommissure	modulated_od	NODDI	/scratch/grmpy/SLURM_11194840_56/job-11194840-56-sub-129405/ds/inputs/data/qsiprep/qsiprep/sub-129405/ses-1/dwi/sub-129405_ses-1_acq-multiband_dir-AP_space-ACPC_desc-preproc_dwi.nii.gz	0.0030345471521942	0.28214055	0.16682048	0.26787487	0.28299934	0.26833668	0.16634525	0.22068018	0.2207059413194656	sub-129405	ses-1		dir-AP	acq-multiband	space-ACPC			DSIStudio	autotrackgqi
Commissure_AnteriorCommissure	nrmse	NODDI	/scratch/grmpy/SLURM_11194840_56/job-11194840-56-sub-129405/ds/inputs/data/qsiprep/qsiprep/sub-129405/ses-1/dwi/sub-129405_ses-1_acq-multiband_dir-AP_space-ACPC_desc-preproc_dwi.nii.gz	0.0030345471521942	0.09843909	0.030273385	0.09408675	0.09873872	0.094181284	0.029827548	0.09666172	0.0966730117797851	sub-129405	ses-1		dir-AP	acq-multiband	space-ACPC			DSIStudio	autotrackgqi
Commissure_AnteriorCommissure	od	NODDI	/scratch/grmpy/SLURM_11194840_56/job-11194840-56-sub-129405/ds/inputs/data/qsiprep/qsiprep/sub-129405/ses-1/dwi/sub-129405_ses-1_acq-multiband_dir-AP_space-ACPC_desc-preproc_dwi.nii.gz	0.0030345471521942	0.30466482	0.17649125	0.28994113	0.30559215	0.29	0.1759562	0.23607509	0.236102670431137	sub-129405	ses-1		dir-AP	acq-multiband	space-ACPC			DSIStudio	autotrackgqi
Commissure_AnteriorCommissure	rmse	NODDI	/scratch/grmpy/SLURM_11194840_56/job-11194840-56-sub-129405/ds/inputs/data/qsiprep/qsiprep/sub-129405/ses-1/dwi/sub-129405_ses-1_acq-multiband_dir-AP_space-ACPC_desc-preproc_dwi.nii.gz	0.0030345471521942	0.0490807	0.018188192	0.046594016	0.04923009	0.04662855	0.018012848	0.04759549	0.0476010516285896	sub-129405	ses-1		dir-AP	acq-multiband	space-ACPC			DSIStudio	autotrackgqi
Commissure_AnteriorCommissure	tf	NODDI	/scratch/grmpy/SLURM_11194840_56/job-11194840-56-sub-129405/ds/inputs/data/qsiprep/qsiprep/sub-129405/ses-1/dwi/sub-129405_ses-1_acq-multiband_dir-AP_space-ACPC_desc-preproc_dwi.nii.gz	0.0030345471521942	0.9307003	0.13434778	0.9962913	0.93353313	0.9965849	0.12433706	0.92711425	0.9272226095199584	sub-129405	ses-1		dir-AP	acq-multiband	space-ACPC			DSIStudio	autotrackgqi
Commissure_CorpusCallosum	directions	NODDI	/scratch/grmpy/SLURM_11194840_56/job-11194840-56-sub-129405/ds/inputs/data/qsiprep/qsiprep/sub-129405/ses-1/dwi/sub-129405_ses-1_acq-multiband_dir-AP_space-ACPC_desc-preproc_dwi.nii.gz	27.0	-0.068677336	0.5730553	-0.09684389	-0.06872359	-0.09747951	0.57324547	-0.21192774		sub-129405	ses-1		dir-AP	acq-multiband	space-ACPC			DSIStudio	autotrackgqi
Commissure_CorpusCallosum	icvf	NODDI	/scratch/grmpy/SLURM_11194840_56/job-11194840-56-sub-129405/ds/inputs/data/qsiprep/qsiprep/sub-129405/ses-1/dwi/sub-129405_ses-1_acq-multiband_dir-AP_space-ACPC_desc-preproc_dwi.nii.gz	0.0027671827088475	0.48852596	0.123394646	0.47064117	0.48988158	0.4709554	0.12084871	0.5350001	0.535760760307312	sub-129405	ses-1		dir-AP	acq-multiband	space-ACPC			DSIStudio	autotrackgqi
Commissure_CorpusCallosum	isovf	NODDI	/scratch/grmpy/SLURM_11194840_56/job-11194840-56-sub-129405/ds/inputs/data/qsiprep/qsiprep/sub-129405/ses-1/dwi/sub-129405_ses-1_acq-multiband_dir-AP_space-ACPC_desc-preproc_dwi.nii.gz	0.395906563956822	0.07988757	0.14428101	0.031406786	0.13224372	0.08205505	0.16594018	0.085791044	0.1104879677295684	sub-129405	ses-1		dir-AP	acq-multiband	space-ACPC			DSIStudio	autotrackgqi
Commissure_CorpusCallosum	modulated_icvf	NODDI	/scratch/grmpy/SLURM_11194840_56/job-11194840-56-sub-129405/ds/inputs/data/qsiprep/qsiprep/sub-129405/ses-1/dwi/sub-129405_ses-1_acq-multiband_dir-AP_space-ACPC_desc-preproc_dwi.nii.gz	0.0027671827088475	0.44150564	0.098679684	0.4449638	0.44273075	0.44530708	0.09603283	0.4814156	0.4821000397205353	sub-129405	ses-1		dir-AP	acq-multiband	space-ACPC			DSIStudio	autotrackgqi
Commissure_CorpusCallosum	modulated_od	NODDI	/scratch/grmpy/SLURM_11194840_56/job-11194840-56-sub-129405/ds/inputs/data/qsiprep/qsiprep/sub-129405/ses-1/dwi/sub-129405_ses-1_acq-multiband_dir-AP_space-ACPC_desc-preproc_dwi.nii.gz	0.0010969012539575	0.2628159	0.18643506	0.24583949	0.2631045	0.24610372	0.18633375	0.15153949	0.1515483111143112	sub-129405	ses-1		dir-AP	acq-multiband	space-ACPC			DSIStudio	autotrackgqi
Commissure_CorpusCallosum	nrmse	NODDI	/scratch/grmpy/SLURM_11194840_56/job-11194840-56-sub-129405/ds/inputs/data/qsiprep/qsiprep/sub-129405/ses-1/dwi/sub-129405_ses-1_acq-multiband_dir-AP_space-ACPC_desc-preproc_dwi.nii.gz	0.0006730984967466	0.0883234	0.02593726	0.08535125	0.08838289	0.0853709	0.025844472	0.09279449	0.0927973240613937	sub-129405	ses-1		dir-AP	acq-multiband	space-ACPC			DSIStudio	autotrackgqi
Commissure_CorpusCallosum	od	NODDI	/scratch/grmpy/SLURM_11194840_56/job-11194840-56-sub-129405/ds/inputs/data/qsiprep/qsiprep/sub-129405/ses-1/dwi/sub-129405_ses-1_acq-multiband_dir-AP_space-ACPC_desc-preproc_dwi.nii.gz	0.0006730984967466	0.28659627	0.19846044	0.2669068	0.2867893	0.26705265	0.1983878	0.16509119	0.165096253156662	sub-129405	ses-1		dir-AP	acq-multiband	space-ACPC			DSIStudio	autotrackgqi
Commissure_CorpusCallosum	rmse	NODDI	/scratch/grmpy/SLURM_11194840_56/job-11194840-56-sub-129405/ds/inputs/data/qsiprep/qsiprep/sub-129405/ses-1/dwi/sub-129405_ses-1_acq-multiband_dir-AP_space-ACPC_desc-preproc_dwi.nii.gz	0.0006730984967466	0.044805713	0.014553887	0.043139905	0.044835895	0.04314892	0.014512242	0.04821825	0.0482197254896163	sub-129405	ses-1		dir-AP	acq-multiband	space-ACPC			DSIStudio	autotrackgqi
Commissure_CorpusCallosum	tf	NODDI	/scratch/grmpy/SLURM_11194840_56/job-11194840-56-sub-129405/ds/inputs/data/qsiprep/qsiprep/sub-129405/ses-1/dwi/sub-129405_ses-1_acq-multiband_dir-AP_space-ACPC_desc-preproc_dwi.nii.gz	0.0027671827088475	0.9194393	0.14622623	0.96835786	0.92199063	0.9687846	0.1381635	0.9141784	0.9154781699180604	sub-129405	ses-1		dir-AP	acq-multiband	space-ACPC			DSIStudio	autotrackgqi
Cerebellum_CerebellumR	directions	NODDI	/scratch/grmpy/SLURM_11194840_56/job-11194840-56-sub-129405/ds/inputs/data/qsiprep/qsiprep/sub-129405/ses-1/dwi/sub-129405_ses-1_acq-multiband_dir-AP_space-ACPC_desc-preproc_dwi.nii.gz	12.0	-0.017833019	0.57667565	0.059432805	-0.017857693	0.06076285	0.57707405	-0.05061676		sub-129405	ses-1		dir-AP	acq-multiband	space-ACPC			DSIStudio	autotrackgqi
Cerebellum_CerebellumR	icvf	NODDI	/scratch/grmpy/SLURM_11194840_56/job-11194840-56-sub-129405/ds/inputs/data/qsiprep/qsiprep/sub-129405/ses-1/dwi/sub-129405_ses-1_acq-multiband_dir-AP_space-ACPC_desc-preproc_dwi.nii.gz	0.0013816925734024	0.5427445	0.08175381	0.5348385	0.5434955	0.5349096	0.079276726	0.5403239	0.540438175201416	sub-129405	ses-1		dir-AP	acq-multiband	space-ACPC			DSIStudio	autotrackgqi
Cerebellum_CerebellumR	isovf	NODDI	/scratch/grmpy/SLURM_11194840_56/job-11194840-56-sub-129405/ds/inputs/data/qsiprep/qsiprep/sub-129405/ses-1/dwi/sub-129405_ses-1_acq-multiband_dir-AP_space-ACPC_desc-preproc_dwi.nii.gz	0.5654576856649396	0.043762904	0.09460535	0.0	0.10071034	0.062166244	0.121908106	0.033624534	0.086815595626831	sub-129405	ses-1		dir-AP	acq-multiband	space-ACPC			DSIStudio	autotrackgqi
Cerebellum_CerebellumR	modulated_icvf	NODDI	/scratch/grmpy/SLURM_11194840_56/job-11194840-56-sub-129405/ds/inputs/data/qsiprep/qsiprep/sub-129405/ses-1/dwi/sub-129405_ses-1_acq-multiband_dir-AP_space-ACPC_desc-preproc_dwi.nii.gz	0.0013816925734024	0.5153302	0.07051943	0.520622	0.5160432	0.52064353	0.067911156	0.52020645	0.520316481590271	sub-129405	ses-1		dir-AP	acq-multiband	space-ACPC			DSIStudio	autotrackgqi
Cerebellum_CerebellumR	modulated_od	NODDI	/scratch/grmpy/SLURM_11194840_56/job-11194840-56-sub-129405/ds/inputs/data/qsiprep/qsiprep/sub-129405/ses-1/dwi/sub-129405_ses-1_acq-multiband_dir-AP_space-ACPC_desc-preproc_dwi.nii.gz	0.0013816925734024	0.4177737	0.12385713	0.42585903	0.4183517	0.42594144	0.122963384	0.42113313	0.4212222099304199	sub-129405	ses-1		dir-AP	acq-multiband	space-ACPC			DSIStudio	autotrackgqi
Cerebellum_CerebellumR	nrmse	NODDI	/scratch/grmpy/SLURM_11194840_56/job-11194840-56-sub-129405/ds/inputs/data/qsiprep/qsiprep/sub-129405/ses-1/dwi/sub-129405_ses-1_acq-multiband_dir-AP_space-ACPC_desc-preproc_dwi.nii.gz	0.0013816925734024	0.08032005	0.030750256	0.07370468	0.080431186	0.073735826	0.03062594	0.07354707	0.0735626295208931	sub-129405	ses-1		dir-AP	acq-multiband	space-ACPC			DSIStudio	autotrackgqi
Cerebellum_CerebellumR	od	NODDI	/scratch/grmpy/SLURM_11194840_56/job-11194840-56-sub-129405/ds/inputs/data/qsiprep/qsiprep/sub-129405/ses-1/dwi/sub-129405_ses-1_acq-multiband_dir-AP_space-ACPC_desc-preproc_dwi.nii.gz	0.0013816925734024	0.43591273	0.12167341	0.43851867	0.43651587	0.43874004	0.12067157	0.43498823	0.4350802898406982	sub-129405	ses-1		dir-AP	acq-multiband	space-ACPC			DSIStudio	autotrackgqi
Cerebellum_CerebellumR	rmse	NODDI	/scratch/grmpy/SLURM_11194840_56/job-11194840-56-sub-129405/ds/inputs/data/qsiprep/qsiprep/sub-129405/ses-1/dwi/sub-129405_ses-1_acq-multiband_dir-AP_space-ACPC_desc-preproc_dwi.nii.gz	0.0013816925734024	0.04256415	0.019133013	0.039211087	0.042623043	0.03923677	0.019080581	0.039022606	0.0390308611094951	sub-129405	ses-1		dir-AP	acq-multiband	space-ACPC			DSIStudio	autotrackgqi
Cerebellum_CerebellumR	tf	NODDI	/scratch/grmpy/SLURM_11194840_56/job-11194840-56-sub-129405/ds/inputs/data/qsiprep/qsiprep/sub-129405/ses-1/dwi/sub-129405_ses-1_acq-multiband_dir-AP_space-ACPC_desc-preproc_dwi.nii.gz	0.0013816925734024	0.9548554	0.10103971	1.0	0.9561765	1.0	0.09465676	0.9661639	0.9663683176040648	sub-129405	ses-1		dir-AP	acq-multiband	space-ACPC			DSIStudio	autotrackgqi
Cerebellum_SuperiorCerebellarPeduncle	directions	NODDI	/scratch/grmpy/SLURM_11194840_56/job-11194840-56-sub-129405/ds/inputs/data/qsiprep/qsiprep/sub-129405/ses-1/dwi/sub-129405_ses-1_acq-multiband_dir-AP_space-ACPC_desc-preproc_dwi.nii.gz	0.0	0.008160033	0.57729256	-0.033748396	0.008160033	-0.033748396	0.57729256	0.06602818		sub-129405	ses-1		dir-AP	acq-multiband	space-ACPC			DSIStudio	autotrackgqi
Cerebellum_SuperiorCerebellarPeduncle	icvf	NODDI	/scratch/grmpy/SLURM_11194840_56/job-11194840-56-sub-129405/ds/inputs/data/qsiprep/qsiprep/sub-129405/ses-1/dwi/sub-129405_ses-1_acq-multiband_dir-AP_space-ACPC_desc-preproc_dwi.nii.gz	0.0080023710729104	0.58171827	0.16296758	0.5447235	0.586411	0.5454247	0.15498658	0.5968126	0.6014299392700195	sub-129405	ses-1		dir-AP	acq-multiband	space-ACPC			DSIStudio	autotrackgqi
Cerebellum_SuperiorCerebellarPeduncle	isovf	NODDI	/scratch/grmpy/SLURM_11194840_56/job-11194840-56-sub-129405/ds/inputs/data/qsiprep/qsiprep/sub-129405/ses-1/dwi/sub-129405_ses-1_acq-multiband_dir-AP_space-ACPC_desc-preproc_dwi.nii.gz	0.1716064018968583	0.19337319	0.23474018	0.10884982	0.23343155	0.14025262	0.23909613	0.20566301	0.2353059500455856	sub-129405	ses-1		dir-AP	acq-multiband	space-ACPC			DSIStudio	autotrackgqi
Cerebellum_SuperiorCerebellarPeduncle	modulated_icvf	NODDI	/scratch/grmpy/SLURM_11194840_56/job-11194840-56-sub-129405/ds/inputs/data/qsiprep/qsiprep/sub-129405/ses-1/dwi/sub-129405_ses-1_acq-multiband_dir-AP_space-ACPC_desc-preproc_dwi.nii.gz	0.0080023710729104	0.44422126	0.11104508	0.46527565	0.44780475	0.4660614	0.10404698	0.44953257	0.4530104994773865	sub-129405	ses-1		dir-AP	acq-multiband	space-ACPC			DSIStudio	autotrackgqi
Cerebellum_SuperiorCerebellarPeduncle	modulated_od	NODDI	/scratch/grmpy/SLURM_11194840_56/job-11194840-56-sub-129405/ds/inputs/data/qsiprep/qsiprep/sub-129405/ses-1/dwi/sub-129405_ses-1_acq-multiband_dir-AP_space-ACPC_desc-preproc_dwi.nii.gz	0.0002963841138114	0.273254	0.16246638	0.26008296	0.273335	0.2601374	0.16242231	0.20414773	0.2044320702552795	sub-129405	ses-1		dir-AP	acq-multiband	space-ACPC			DSIStudio	autotrackgqi
Cerebellum_SuperiorCerebellarPeduncle	nrmse	NODDI	/scratch/grmpy/SLURM_11194840_56/job-11194840-56-sub-129405/ds/inputs/data/qsiprep/qsiprep/sub-129405/ses-1/dwi/sub-129405_ses-1_acq-multiband_dir-AP_space-ACPC_desc-preproc_dwi.nii.gz	0.0	0.117404774	0.031895075	0.113573365	0.117404774	0.113573365	0.031895075	0.12221104	0.1222110390663147	sub-129405	ses-1		dir-AP	acq-multiband	space-ACPC			DSIStudio	autotrackgqi
Cerebellum_SuperiorCerebellarPeduncle	od	NODDI	/scratch/grmpy/SLURM_11194840_56/job-11194840-56-sub-129405/ds/inputs/data/qsiprep/qsiprep/sub-129405/ses-1/dwi/sub-129405_ses-1_acq-multiband_dir-AP_space-ACPC_desc-preproc_dwi.nii.gz	0.0	0.34095153	0.16946805	0.32403868	0.34095153	0.32403868	0.16946805	0.26026064	0.2602606415748596	sub-129405	ses-1		dir-AP	acq-multiband	space-ACPC			DSIStudio	autotrackgqi
Cerebellum_SuperiorCerebellarPeduncle	rmse	NODDI	/scratch/grmpy/SLURM_11194840_56/job-11194840-56-sub-129405/ds/inputs/data/qsiprep/qsiprep/sub-129405/ses-1/dwi/sub-129405_ses-1_acq-multiband_dir-AP_space-ACPC_desc-preproc_dwi.nii.gz	0.0	0.056547724	0.011855284	0.055670332	0.056547724	0.055670332	0.011855284	0.059340432	0.0593404322862625	sub-129405	ses-1		dir-AP	acq-multiband	space-ACPC			DSIStudio	autotrackgqi
Cerebellum_SuperiorCerebellarPeduncle	tf	NODDI	/scratch/grmpy/SLURM_11194840_56/job-11194840-56-sub-129405/ds/inputs/data/qsiprep/qsiprep/sub-129405/ses-1/dwi/sub-129405_ses-1_acq-multiband_dir-AP_space-ACPC_desc-preproc_dwi.nii.gz	0.0080023710729104	0.80662686	0.23474018	0.8911502	0.8131339	0.8921908	0.22417942	0.79433703	0.8004825711250305	sub-129405	ses-1		dir-AP	acq-multiband	space-ACPC			DSIStudio	autotrackgqi
Cerebellum_CerebellumL	directions	NODDI	/scratch/grmpy/SLURM_11194840_56/job-11194840-56-sub-129405/ds/inputs/data/qsiprep/qsiprep/sub-129405/ses-1/dwi/sub-129405_ses-1_acq-multiband_dir-AP_space-ACPC_desc-preproc_dwi.nii.gz	48.0	-0.25217372	0.5175794	-0.33244485	-0.25358367	-0.3364431	0.5186797	-0.89573544		sub-129405	ses-1		dir-AP	acq-multiband	space-ACPC			DSIStudio	autotrackgqi
Cerebellum_CerebellumL	icvf	NODDI	/scratch/grmpy/SLURM_11194840_56/job-11194840-56-sub-129405/ds/inputs/data/qsiprep/qsiprep/sub-129405/ses-1/dwi/sub-129405_ses-1_acq-multiband_dir-AP_space-ACPC_desc-preproc_dwi.nii.gz	0.0056758948221939	0.53517616	0.08914053	0.5306367	0.5382311	0.53095293	0.07966885	0.5347748	0.5355262160301208	sub-129405	ses-1		dir-AP	acq-multiband	space-ACPC			DSIStudio	autotrackgqi
Cerebellum_CerebellumL	isovf	NODDI	/scratch/grmpy/SLURM_11194840_56/job-11194840-56-sub-129405/ds/inputs/data/qsiprep/qsiprep/sub-129405/ses-1/dwi/sub-129405_ses-1_acq-multiband_dir-AP_space-ACPC_desc-preproc_dwi.nii.gz	0.6527279045522993	0.040316153	0.105609715	0.0	0.116093844	0.05904479	0.15270852	0.026923291	0.0908166319131851	sub-129405	ses-1		dir-AP	acq-multiband	space-ACPC			DSIStudio	autotrackgqi
Cerebellum_CerebellumL	modulated_icvf	NODDI	/scratch/grmpy/SLURM_11194840_56/job-11194840-56-sub-129405/ds/inputs/data/qsiprep/qsiprep/sub-129405/ses-1/dwi/sub-129405_ses-1_acq-multiband_dir-AP_space-ACPC_desc-preproc_dwi.nii.gz	0.0056758948221939	0.5089989	0.078374095	0.5199086	0.5119044	0.52034104	0.06848515	0.5179904	0.5187181234359741	sub-129405	ses-1		dir-AP	acq-multiband	space-ACPC			DSIStudio	autotrackgqi
Cerebellum_CerebellumL	modulated_od	NODDI	/scratch/grmpy/SLURM_11194840_56/job-11194840-56-sub-129405/ds/inputs/data/qsiprep/qsiprep/sub-129405/ses-1/dwi/sub-129405_ses-1_acq-multiband_dir-AP_space-ACPC_desc-preproc_dwi.nii.gz	0.0055600602339858	0.433008	0.11925166	0.43714756	0.435429	0.43774822	0.11509254	0.43417293	0.4347739219665527	sub-129405	ses-1		dir-AP	acq-multiband	space-ACPC			DSIStudio	autotrackgqi
Cerebellum_CerebellumL	nrmse	NODDI	/scratch/grmpy/SLURM_11194840_56/job-11194840-56-sub-129405/ds/inputs/data/qsiprep/qsiprep/sub-129405/ses-1/dwi/sub-129405_ses-1_acq-multiband_dir-AP_space-ACPC_desc-preproc_dwi.nii.gz	0.0055600602339858	0.08171901	0.032670993	0.074227825	0.08217592	0.0742948	0.032184083	0.07659257	0.0766985788941383	sub-129405	ses-1		dir-AP	acq-multiband	space-ACPC			DSIStudio	autotrackgqi
Cerebellum_CerebellumL	od	NODDI	/scratch/grmpy/SLURM_11194840_56/job-11194840-56-sub-129405/ds/inputs/data/qsiprep/qsiprep/sub-129405/ses-1/dwi/sub-129405_ses-1_acq-multiband_dir-AP_space-ACPC_desc-preproc_dwi.nii.gz	0.0055600602339858	0.45138738	0.11524124	0.44983894	0.45391116	0.45038414	0.11049537	0.4459221	0.4465393126010895	sub-129405	ses-1		dir-AP	acq-multiband	space-ACPC			DSIStudio	autotrackgqi
Cerebellum_CerebellumL	rmse	NODDI	/scratch/grmpy/SLURM_11194840_56/job-11194840-56-sub-129405/ds/inputs/data/qsiprep/qsiprep/sub-129405/ses-1/dwi/sub-129405_ses-1_acq-multiband_dir-AP_space-ACPC_desc-preproc_dwi.nii.gz	0.0055600602339858	0.043290187	0.020610046	0.039508697	0.04353223	0.039587803	0.020411083	0.040793132	0.0408495925366878	sub-129405	ses-1		dir-AP	acq-multiband	space-ACPC			DSIStudio	autotrackgqi
Cerebellum_CerebellumL	tf	NODDI	/scratch/grmpy/SLURM_11194840_56/job-11194840-56-sub-129405/ds/inputs/data/qsiprep/qsiprep/sub-129405/ses-1/dwi/sub-129405_ses-1_acq-multiband_dir-AP_space-ACPC_desc-preproc_dwi.nii.gz	0.0056758948221939	0.95412374	0.12741366	1.0	0.95957017	1.0	0.1053598	0.97169447	0.9730596542358398	sub-129405	ses-1		dir-AP	acq-multiband	space-ACPC			DSIStudio	autotrackgqi
Cerebellum_Vermis	directions	NODDI	/scratch/grmpy/SLURM_11194840_56/job-11194840-56-sub-129405/ds/inputs/data/qsiprep/qsiprep/sub-129405/ses-1/dwi/sub-129405_ses-1_acq-multiband_dir-AP_space-ACPC_desc-preproc_dwi.nii.gz	0.0	-0.11724175	0.5653209	-0.14854103	-0.11724175	-0.14854103	0.5653209	-0.22270292		sub-129405	ses-1		dir-AP	acq-multiband	space-ACPC			DSIStudio	autotrackgqi
Cerebellum_Vermis	icvf	NODDI	/scratch/grmpy/SLURM_11194840_56/job-11194840-56-sub-129405/ds/inputs/data/qsiprep/qsiprep/sub-129405/ses-1/dwi/sub-129405_ses-1_acq-multiband_dir-AP_space-ACPC_desc-preproc_dwi.nii.gz	0.0015217391304347	0.5484652	0.104415976	0.52905405	0.5493011	0.5291929	0.1022749	0.546411	0.5466405153274536	sub-129405	ses-1		dir-AP	acq-multiband	space-ACPC			DSIStudio	autotrackgqi
Cerebellum_Vermis	isovf	NODDI	/scratch/grmpy/SLURM_11194840_56/job-11194840-56-sub-129405/ds/inputs/data/qsiprep/qsiprep/sub-129405/ses-1/dwi/sub-129405_ses-1_acq-multiband_dir-AP_space-ACPC_desc-preproc_dwi.nii.gz	0.5121739130434783	0.065687746	0.13454635	0.0	0.13465403	0.073891014	0.16680042	0.058577344	0.1271734833717346	sub-129405	ses-1		dir-AP	acq-multiband	space-ACPC			DSIStudio	autotrackgqi
Cerebellum_Vermis	modulated_icvf	NODDI	/scratch/grmpy/SLURM_11194840_56/job-11194840-56-sub-129405/ds/inputs/data/qsiprep/qsiprep/sub-129405/ses-1/dwi/sub-129405_ses-1_acq-multiband_dir-AP_space-ACPC_desc-preproc_dwi.nii.gz	0.0015217391304347	0.5043111	0.07942824	0.5087331	0.5050797	0.50879854	0.077008165	0.50762063	0.5078338980674744	sub-129405	ses-1		dir-AP	acq-multiband	space-ACPC			DSIStudio	autotrackgqi
Cerebellum_Vermis	modulated_od	NODDI	/scratch/grmpy/SLURM_11194840_56/job-11194840-56-sub-129405/ds/inputs/data/qsiprep/qsiprep/sub-129405/ses-1/dwi/sub-129405_ses-1_acq-multiband_dir-AP_space-ACPC_desc-preproc_dwi.nii.gz	0.0	0.42579266	0.13323657	0.43291274	0.42579266	0.43291274	0.13323657	0.42398554	0.4239855408668518	sub-129405	ses-1		dir-AP	acq-multiband	space-ACPC			DSIStudio	autotrackgqi
Cerebellum_Vermis	nrmse	NODDI	/scratch/grmpy/SLURM_11194840_56/job-11194840-56-sub-129405/ds/inputs/data/qsiprep/qsiprep/sub-129405/ses-1/dwi/sub-129405_ses-1_acq-multiband_dir-AP_space-ACPC_desc-preproc_dwi.nii.gz	0.0	0.09623561	0.044316236	0.08480992	0.09623561	0.08480992	0.044316236	0.09115067	0.0911506712436676	sub-129405	ses-1		dir-AP	acq-multiband	space-ACPC			DSIStudio	autotrackgqi
Cerebellum_Vermis	od	NODDI	/scratch/grmpy/SLURM_11194840_56/job-11194840-56-sub-129405/ds/inputs/data/qsiprep/qsiprep/sub-129405/ses-1/dwi/sub-129405_ses-1_acq-multiband_dir-AP_space-ACPC_desc-preproc_dwi.nii.gz	0.0	0.45390853	0.1245901	0.45126963	0.45390853	0.45126963	0.1245901	0.44900247	0.4490024745464325	sub-129405	ses-1		dir-AP	acq-multiband	space-ACPC			DSIStudio	autotrackgqi
Cerebellum_Vermis	rmse	NODDI	/scratch/grmpy/SLURM_11194840_56/job-11194840-56-sub-129405/ds/inputs/data/qsiprep/qsiprep/sub-129405/ses-1/dwi/sub-129405_ses-1_acq-multiband_dir-AP_space-ACPC_desc-preproc_dwi.nii.gz	0.0	0.050394565	0.028733257	0.045004256	0.050394565	0.045004256	0.028733257	0.04746035	0.047460351139307	sub-129405	ses-1		dir-AP	acq-multiband	space-ACPC			DSIStudio	autotrackgqi
Cerebellum_Vermis	tf	NODDI	/scratch/grmpy/SLURM_11194840_56/job-11194840-56-sub-129405/ds/inputs/data/qsiprep/qsiprep/sub-129405/ses-1/dwi/sub-129405_ses-1_acq-multiband_dir-AP_space-ACPC_desc-preproc_dwi.nii.gz	0.0015217391304347	0.93431216	0.13454635	1.0	0.9357361	1.0	0.12960662	0.94142264	0.9418182373046876	sub-129405	ses-1		dir-AP	acq-multiband	space-ACPC			DSIStudio	autotrackgqi
Cerebellum_MiddleCerebellarPeduncle	directions	NODDI	/scratch/grmpy/SLURM_11194840_56/job-11194840-56-sub-129405/ds/inputs/data/qsiprep/qsiprep/sub-129405/ses-1/dwi/sub-129405_ses-1_acq-multiband_dir-AP_space-ACPC_desc-preproc_dwi.nii.gz	0.0	-0.113222696	0.5661395	-0.16214955	-0.113222696	-0.16214955	0.5661395	-0.39480433		sub-129405	ses-1		dir-AP	acq-multiband	space-ACPC			DSIStudio	autotrackgqi
Cerebellum_MiddleCerebellarPeduncle	icvf	NODDI	/scratch/grmpy/SLURM_11194840_56/job-11194840-56-sub-129405/ds/inputs/data/qsiprep/qsiprep/sub-129405/ses-1/dwi/sub-129405_ses-1_acq-multiband_dir-AP_space-ACPC_desc-preproc_dwi.nii.gz	0.0006081491992702	0.60358006	0.12785317	0.5653025	0.60394734	0.5653352	0.12702188	0.64890677	0.648984968662262	sub-129405	ses-1		dir-AP	acq-multiband	space-ACPC			DSIStudio	autotrackgqi
Cerebellum_MiddleCerebellarPeduncle	isovf	NODDI	/scratch/grmpy/SLURM_11194840_56/job-11194840-56-sub-129405/ds/inputs/data/qsiprep/qsiprep/sub-129405/ses-1/dwi/sub-129405_ses-1_acq-multiband_dir-AP_space-ACPC_desc-preproc_dwi.nii.gz	0.4111088587066693	0.10669788	0.17120104	0.029044706	0.18118438	0.119195715	0.19046094	0.14312156	0.1853243559598922	sub-129405	ses-1		dir-AP	acq-multiband	space-ACPC			DSIStudio	autotrackgqi
Cerebellum_MiddleCerebellarPeduncle	modulated_icvf	NODDI	/scratch/grmpy/SLURM_11194840_56/job-11194840-56-sub-129405/ds/inputs/data/qsiprep/qsiprep/sub-129405/ses-1/dwi/sub-129405_ses-1_acq-multiband_dir-AP_space-ACPC_desc-preproc_dwi.nii.gz	0.0006081491992702	0.52145654	0.079971634	0.5322994	0.5217738	0.5323361	0.07895434	0.53817964	0.5382445454597473	sub-129405	ses-1		dir-AP	acq-multiband	space-ACPC			DSIStudio	autotrackgqi
Cerebellum_MiddleCerebellarPeduncle	modulated_od	NODDI	/scratch/grmpy/SLURM_11194840_56/job-11194840-56-sub-129405/ds/inputs/data/qsiprep/qsiprep/sub-129405/ses-1/dwi/sub-129405_ses-1_acq-multiband_dir-AP_space-ACPC_desc-preproc_dwi.nii.gz	0.0	0.33723456	0.16636999	0.36660802	0.33723456	0.36660802	0.16636999	0.24125263	0.2412526309490203	sub-129405	ses-1		dir-AP	acq-multiband	space-ACPC			DSIStudio	autotrackgqi
Cerebellum_MiddleCerebellarPeduncle	nrmse	NODDI	/scratch/grmpy/SLURM_11194840_56/job-11194840-56-sub-129405/ds/inputs/data/qsiprep/qsiprep/sub-129405/ses-1/dwi/sub-129405_ses-1_acq-multiband_dir-AP_space-ACPC_desc-preproc_dwi.nii.gz	0.0	0.10040407	0.043056753	0.0905841	0.10040407	0.0905841	0.043056753	0.112588525	0.1125885248184204	sub-129405	ses-1		dir-AP	acq-multiband	space-ACPC			DSIStudio	autotrackgqi
Cerebellum_MiddleCerebellarPeduncle	od	NODDI	/scratch/grmpy/SLURM_11194840_56/job-11194840-56-sub-129405/ds/inputs/data/qsiprep/qsiprep/sub-129405/ses-1/dwi/sub-129405_ses-1_acq-multiband_dir-AP_space-ACPC_desc-preproc_dwi.nii.gz	0.0	0.37084946	0.16017665	0.3948301	0.37084946	0.3948301	0.16017665	0.27601796	0.276017963886261	sub-129405	ses-1		dir-AP	acq-multiband	space-ACPC			DSIStudio	autotrackgqi
Cerebellum_MiddleCerebellarPeduncle	rmse	NODDI	/scratch/grmpy/SLURM_11194840_56/job-11194840-56-sub-129405/ds/inputs/data/qsiprep/qsiprep/sub-129405/ses-1/dwi/sub-129405_ses-1_acq-multiband_dir-AP_space-ACPC_desc-preproc_dwi.nii.gz	0.0	0.051408205	0.018425139	0.048365444	0.051408205	0.048365444	0.018425139	0.057993975	0.0579939745366573	sub-129405	ses-1		dir-AP	acq-multiband	space-ACPC			DSIStudio	autotrackgqi
Cerebellum_MiddleCerebellarPeduncle	tf	NODDI	/scratch/grmpy/SLURM_11194840_56/job-11194840-56-sub-129405/ds/inputs/data/qsiprep/qsiprep/sub-129405/ses-1/dwi/sub-129405_ses-1_acq-multiband_dir-AP_space-ACPC_desc-preproc_dwi.nii.gz	0.0006081491992702	0.8933022	0.17120104	0.97095525	0.8938458	0.9710325	0.16982858	0.85687846	0.8569817543029785	sub-129405	ses-1		dir-AP	acq-multiband	space-ACPC			DSIStudio	autotrackgqi
Cerebellum_InferiorCerebellarPeduncleR	directions	NODDI	/scratch/grmpy/SLURM_11194840_56/job-11194840-56-sub-129405/ds/inputs/data/qsiprep/qsiprep/sub-129405/ses-1/dwi/sub-129405_ses-1_acq-multiband_dir-AP_space-ACPC_desc-preproc_dwi.nii.gz	6.0	-0.033717025	0.5759884	-0.027164642	-0.033760965	-0.028545849	0.5763624	-0.00088343024		sub-129405	ses-1		dir-AP	acq-multiband	space-ACPC			DSIStudio	autotrackgqi
Cerebellum_InferiorCerebellarPeduncleR	icvf	NODDI	/scratch/grmpy/SLURM_11194840_56/job-11194840-56-sub-129405/ds/inputs/data/qsiprep/qsiprep/sub-129405/ses-1/dwi/sub-129405_ses-1_acq-multiband_dir-AP_space-ACPC_desc-preproc_dwi.nii.gz	0.0049891540130151	0.5768296	0.1202916	0.55596566	0.5797219	0.5564565	0.11342786	0.5926697	0.5933956503868103	sub-129405	ses-1		dir-AP	acq-multiband	space-ACPC			DSIStudio	autotrackgqi
Cerebellum_InferiorCerebellarPeduncleR	isovf	NODDI	/scratch/grmpy/SLURM_11194840_56/job-11194840-56-sub-129405/ds/inputs/data/qsiprep/qsiprep/sub-129405/ses-1/dwi/sub-129405_ses-1_acq-multiband_dir-AP_space-ACPC_desc-preproc_dwi.nii.gz	0.3073752711496746	0.116864964	0.1642861	0.05706343	0.16872768	0.1158298	0.17383017	0.1445877	0.182001918554306	sub-129405	ses-1		dir-AP	acq-multiband	space-ACPC			DSIStudio	autotrackgqi
Cerebellum_InferiorCerebellarPeduncleR	modulated_icvf	NODDI	/scratch/grmpy/SLURM_11194840_56/job-11194840-56-sub-129405/ds/inputs/data/qsiprep/qsiprep/sub-129405/ses-1/dwi/sub-129405_ses-1_acq-multiband_dir-AP_space-ACPC_desc-preproc_dwi.nii.gz	0.0049891540130151	0.4958796	0.0896285	0.50737923	0.498366	0.50811005	0.08267042	0.49144095	0.4920428693294525	sub-129405	ses-1		dir-AP	acq-multiband	space-ACPC			DSIStudio	autotrackgqi
Cerebellum_InferiorCerebellarPeduncleR	modulated_od	NODDI	/scratch/grmpy/SLURM_11194840_56/job-11194840-56-sub-129405/ds/inputs/data/qsiprep/qsiprep/sub-129405/ses-1/dwi/sub-129405_ses-1_acq-multiband_dir-AP_space-ACPC_desc-preproc_dwi.nii.gz	0.0015184381778741	0.340655	0.16005915	0.35166806	0.34117305	0.35218954	0.15962815	0.28459173	0.2846082150936126	sub-129405	ses-1		dir-AP	acq-multiband	space-ACPC			DSIStudio	autotrackgqi
Cerebellum_InferiorCerebellarPeduncleR	nrmse	NODDI	/scratch/grmpy/SLURM_11194840_56/job-11194840-56-sub-129405/ds/inputs/data/qsiprep/qsiprep/sub-129405/ses-1/dwi/sub-129405_ses-1_acq-multiband_dir-AP_space-ACPC_desc-preproc_dwi.nii.gz	0.0043383947939262	0.09947841	0.039166216	0.09512548	0.09991186	0.09525432	0.038695853	0.10631396	0.106440857052803	sub-129405	ses-1		dir-AP	acq-multiband	space-ACPC			DSIStudio	autotrackgqi
Cerebellum_InferiorCerebellarPeduncleR	od	NODDI	/scratch/grmpy/SLURM_11194840_56/job-11194840-56-sub-129405/ds/inputs/data/qsiprep/qsiprep/sub-129405/ses-1/dwi/sub-129405_ses-1_acq-multiband_dir-AP_space-ACPC_desc-preproc_dwi.nii.gz	0.0013015184381778	0.3832743	0.15902509	0.39121193	0.3837738	0.39140746	0.15852521	0.32774532	0.3277599215507507	sub-129405	ses-1		dir-AP	acq-multiband	space-ACPC			DSIStudio	autotrackgqi
Cerebellum_InferiorCerebellarPeduncleR	rmse	NODDI	/scratch/grmpy/SLURM_11194840_56/job-11194840-56-sub-129405/ds/inputs/data/qsiprep/qsiprep/sub-129405/ses-1/dwi/sub-129405_ses-1_acq-multiband_dir-AP_space-ACPC_desc-preproc_dwi.nii.gz	0.0043383947939262	0.050412785	0.01805799	0.049277537	0.050632447	0.049336247	0.01778735	0.053274505	0.0533380955457687	sub-129405	ses-1		dir-AP	acq-multiband	space-ACPC			DSIStudio	autotrackgqi
Cerebellum_InferiorCerebellarPeduncleR	tf	NODDI	/scratch/grmpy/SLURM_11194840_56/job-11194840-56-sub-129405/ds/inputs/data/qsiprep/qsiprep/sub-129405/ses-1/dwi/sub-129405_ses-1_acq-multiband_dir-AP_space-ACPC_desc-preproc_dwi.nii.gz	0.0019522776572668	0.8818335	0.16728881	0.94263875	0.88355845	0.94287395	0.16283794	0.85536784	0.8554324507713318	sub-129405	ses-1		dir-AP	acq-multiband	space-ACPC			DSIStudio	autotrackgqi
Cerebellum_InferiorCerebellarPeduncleL	directions	NODDI	/scratch/grmpy/SLURM_11194840_56/job-11194840-56-sub-129405/ds/inputs/data/qsiprep/qsiprep/sub-129405/ses-1/dwi/sub-129405_ses-1_acq-multiband_dir-AP_space-ACPC_desc-preproc_dwi.nii.gz	1.0	-0.074791916	0.5723926	-0.16070153	-0.07481576	-0.1610547	0.5724822	-0.1106861		sub-129405	ses-1		dir-AP	acq-multiband	space-ACPC			DSIStudio	autotrackgqi
Cerebellum_InferiorCerebellarPeduncleL	icvf	NODDI	/scratch/grmpy/SLURM_11194840_56/job-11194840-56-sub-129405/ds/inputs/data/qsiprep/qsiprep/sub-129405/ses-1/dwi/sub-129405_ses-1_acq-multiband_dir-AP_space-ACPC_desc-preproc_dwi.nii.gz	0.0050987890376035	0.57381886	0.12362126	0.5492866	0.57675964	0.5497284	0.1168949	0.5882143	0.5890347957611084	sub-129405	ses-1		dir-AP	acq-multiband	space-ACPC			DSIStudio	autotrackgqi
Cerebellum_InferiorCerebellarPeduncleL	isovf	NODDI	/scratch/grmpy/SLURM_11194840_56/job-11194840-56-sub-129405/ds/inputs/data/qsiprep/qsiprep/sub-129405/ses-1/dwi/sub-129405_ses-1_acq-multiband_dir-AP_space-ACPC_desc-preproc_dwi.nii.gz	0.2848948374760994	0.12393336	0.17602915	0.063698694	0.17330788	0.11105505	0.18647803	0.14140034	0.1758428364992141	sub-129405	ses-1		dir-AP	acq-multiband	space-ACPC			DSIStudio	autotrackgqi
Cerebellum_InferiorCerebellarPeduncleL	modulated_icvf	NODDI	/scratch/grmpy/SLURM_11194840_56/job-11194840-56-sub-129405/ds/inputs/data/qsiprep/qsiprep/sub-129405/ses-1/dwi/sub-129405_ses-1_acq-multiband_dir-AP_space-ACPC_desc-preproc_dwi.nii.gz	0.0050987890376035	0.4866678	0.08779493	0.50253004	0.48916194	0.50285757	0.080792435	0.49070817	0.4913927018642425	sub-129405	ses-1		dir-AP	acq-multiband	space-ACPC			DSIStudio	autotrackgqi
Cerebellum_InferiorCerebellarPeduncleL	modulated_od	NODDI	/scratch/grmpy/SLURM_11194840_56/job-11194840-56-sub-129405/ds/inputs/data/qsiprep/qsiprep/sub-129405/ses-1/dwi/sub-129405_ses-1_acq-multiband_dir-AP_space-ACPC_desc-preproc_dwi.nii.gz	0.0003186743148502	0.33446556	0.16898037	0.3389958	0.3345722	0.33913204	0.16890174	0.2741605	0.2741639018058777	sub-129405	ses-1		dir-AP	acq-multiband	space-ACPC			DSIStudio	autotrackgqi
Cerebellum_InferiorCerebellarPeduncleL	nrmse	NODDI	/scratch/grmpy/SLURM_11194840_56/job-11194840-56-sub-129405/ds/inputs/data/qsiprep/qsiprep/sub-129405/ses-1/dwi/sub-129405_ses-1_acq-multiband_dir-AP_space-ACPC_desc-preproc_dwi.nii.gz	0.0041427660930529	0.10384213	0.041751012	0.09970197	0.10427411	0.09978058	0.04129593	0.11114672	0.111278548836708	sub-129405	ses-1		dir-AP	acq-multiband	space-ACPC			DSIStudio	autotrackgqi
Cerebellum_InferiorCerebellarPeduncleL	od	NODDI	/scratch/grmpy/SLURM_11194840_56/job-11194840-56-sub-129405/ds/inputs/data/qsiprep/qsiprep/sub-129405/ses-1/dwi/sub-129405_ses-1_acq-multiband_dir-AP_space-ACPC_desc-preproc_dwi.nii.gz	0.0003186743148502	0.37783778	0.16597441	0.38821775	0.3779582	0.3882904	0.1658637	0.31535217	0.3153560757637024	sub-129405	ses-1		dir-AP	acq-multiband	space-ACPC			DSIStudio	autotrackgqi
Cerebellum_InferiorCerebellarPeduncleL	rmse	NODDI	/scratch/grmpy/SLURM_11194840_56/job-11194840-56-sub-129405/ds/inputs/data/qsiprep/qsiprep/sub-129405/ses-1/dwi/sub-129405_ses-1_acq-multiband_dir-AP_space-ACPC_desc-preproc_dwi.nii.gz	0.0041427660930529	0.051915605	0.015372141	0.05140136	0.05213157	0.051499333	0.015034192	0.05588728	0.0559535585343837	sub-129405	ses-1		dir-AP	acq-multiband	space-ACPC			DSIStudio	autotrackgqi
Cerebellum_InferiorCerebellarPeduncleL	tf	NODDI	/scratch/grmpy/SLURM_11194840_56/job-11194840-56-sub-129405/ds/inputs/data/qsiprep/qsiprep/sub-129405/ses-1/dwi/sub-129405_ses-1_acq-multiband_dir-AP_space-ACPC_desc-preproc_dwi.nii.gz	0.0012746972594008	0.875748	0.17670836	0.93619275	0.87686574	0.9363847	0.17402755	0.8585872	0.8587768077850342	sub-129405	ses-1		dir-AP	acq-multiband	space-ACPC			DSIStudio	autotrackgqi
CranialNerve_CNVL	directions	NODDI	/scratch/grmpy/SLURM_11194840_56/job-11194840-56-sub-129405/ds/inputs/data/qsiprep/qsiprep/sub-129405/ses-1/dwi/sub-129405_ses-1_acq-multiband_dir-AP_space-ACPC_desc-preproc_dwi.nii.gz	2.0	-0.015814533	0.57666004	-0.075815216	-0.015840502	-0.07789457	0.57713294	-0.031062007		sub-129405	ses-1		dir-AP	acq-multiband	space-ACPC			DSIStudio	autotrackgqi
CranialNerve_CNVL	icvf	NODDI	/scratch/grmpy/SLURM_11194840_56/job-11194840-56-sub-129405/ds/inputs/data/qsiprep/qsiprep/sub-129405/ses-1/dwi/sub-129405_ses-1_acq-multiband_dir-AP_space-ACPC_desc-preproc_dwi.nii.gz	0.0081967213114754	0.67288077	0.19707878	0.60646147	0.67844176	0.6083079	0.1881176	0.70741534	0.7080594301223755	sub-129405	ses-1		dir-AP	acq-multiband	space-ACPC			DSIStudio	autotrackgqi
CranialNerve_CNVL	isovf	NODDI	/scratch/grmpy/SLURM_11194840_56/job-11194840-56-sub-129405/ds/inputs/data/qsiprep/qsiprep/sub-129405/ses-1/dwi/sub-129405_ses-1_acq-multiband_dir-AP_space-ACPC_desc-preproc_dwi.nii.gz	0.1459016393442622	0.28257823	0.26491246	0.19905092	0.33084974	0.24036202	0.25728637	0.31278595	0.3439581394195556	sub-129405	ses-1		dir-AP	acq-multiband	space-ACPC			DSIStudio	autotrackgqi
CranialNerve_CNVL	modulated_icvf	NODDI	/scratch/grmpy/SLURM_11194840_56/job-11194840-56-sub-129405/ds/inputs/data/qsiprep/qsiprep/sub-129405/ses-1/dwi/sub-129405_ses-1_acq-multiband_dir-AP_space-ACPC_desc-preproc_dwi.nii.gz	0.0081967213114754	0.44263476	0.12150746	0.46891016	0.4462929	0.46935934	0.11512374	0.44183302	0.4422352910041809	sub-129405	ses-1		dir-AP	acq-multiband	space-ACPC			DSIStudio	autotrackgqi
CranialNerve_CNVL	modulated_od	NODDI	/scratch/grmpy/SLURM_11194840_56/job-11194840-56-sub-129405/ds/inputs/data/qsiprep/qsiprep/sub-129405/ses-1/dwi/sub-129405_ses-1_acq-multiband_dir-AP_space-ACPC_desc-preproc_dwi.nii.gz	0.001639344262295	0.23609328	0.15796478	0.2094942	0.23648097	0.20971483	0.1578042	0.20061842	0.2006340622901916	sub-129405	ses-1		dir-AP	acq-multiband	space-ACPC			DSIStudio	autotrackgqi
CranialNerve_CNVL	nrmse	NODDI	/scratch/grmpy/SLURM_11194840_56/job-11194840-56-sub-129405/ds/inputs/data/qsiprep/qsiprep/sub-129405/ses-1/dwi/sub-129405_ses-1_acq-multiband_dir-AP_space-ACPC_desc-preproc_dwi.nii.gz	0.001639344262295	0.14237799	0.057617057	0.12847686	0.14261177	0.12852171	0.05737452	0.1466536	0.146665021777153	sub-129405	ses-1		dir-AP	acq-multiband	space-ACPC			DSIStudio	autotrackgqi
CranialNerve_CNVL	od	NODDI	/scratch/grmpy/SLURM_11194840_56/job-11194840-56-sub-129405/ds/inputs/data/qsiprep/qsiprep/sub-129405/ses-1/dwi/sub-129405_ses-1_acq-multiband_dir-AP_space-ACPC_desc-preproc_dwi.nii.gz	0.001639344262295	0.3334445	0.1731452	0.32393923	0.33399203	0.32416773	0.17275885	0.2944065	0.2944294512271881	sub-129405	ses-1		dir-AP	acq-multiband	space-ACPC			DSIStudio	autotrackgqi
CranialNerve_CNVL	rmse	NODDI	/scratch/grmpy/SLURM_11194840_56/job-11194840-56-sub-129405/ds/inputs/data/qsiprep/qsiprep/sub-129405/ses-1/dwi/sub-129405_ses-1_acq-multiband_dir-AP_space-ACPC_desc-preproc_dwi.nii.gz	0.001639344262295	0.06474232	0.016590232	0.06219922	0.064848624	0.062234595	0.01639493	0.06596984	0.0659749880433082	sub-129405	ses-1		dir-AP	acq-multiband	space-ACPC			DSIStudio	autotrackgqi
CranialNerve_CNVL	tf	NODDI	/scratch/grmpy/SLURM_11194840_56/job-11194840-56-sub-129405/ds/inputs/data/qsiprep/qsiprep/sub-129405/ses-1/dwi/sub-129405_ses-1_acq-multiband_dir-AP_space-ACPC_desc-preproc_dwi.nii.gz	0.0081967213114754	0.71578246	0.26624945	0.79977155	0.721698	0.80176234	0.25924	0.6871361	0.6877617239952087	sub-129405	ses-1		dir-AP	acq-multiband	space-ACPC			DSIStudio	autotrackgqi
CranialNerve_CNVIIL	directions	NODDI	/scratch/grmpy/SLURM_11194840_56/job-11194840-56-sub-129405/ds/inputs/data/qsiprep/qsiprep/sub-129405/ses-1/dwi/sub-129405_ses-1_acq-multiband_dir-AP_space-ACPC_desc-preproc_dwi.nii.gz	3.0	-0.04605746	0.57436895	-0.0059869937	-0.046239506	-0.009761011	0.57549566	-0.20979127		sub-129405	ses-1		dir-AP	acq-multiband	space-ACPC			DSIStudio	autotrackgqi
CranialNerve_CNVIIL	icvf	NODDI	/scratch/grmpy/SLURM_11194840_56/job-11194840-56-sub-129405/ds/inputs/data/qsiprep/qsiprep/sub-129405/ses-1/dwi/sub-129405_ses-1_acq-multiband_dir-AP_space-ACPC_desc-preproc_dwi.nii.gz	0.0039370078740157	0.6161828	0.16832256	0.55936146	0.6186183	0.5596148	0.16412747	0.62107444	0.6212553977966309	sub-129405	ses-1		dir-AP	acq-multiband	space-ACPC			DSIStudio	autotrackgqi
CranialNerve_CNVIIL	isovf	NODDI	/scratch/grmpy/SLURM_11194840_56/job-11194840-56-sub-129405/ds/inputs/data/qsiprep/qsiprep/sub-129405/ses-1/dwi/sub-129405_ses-1_acq-multiband_dir-AP_space-ACPC_desc-preproc_dwi.nii.gz	0.2703412073490813	0.2050496	0.2312963	0.1288997	0.28102124	0.20338249	0.22796829	0.25333846	0.3130044937133789	sub-129405	ses-1		dir-AP	acq-multiband	space-ACPC			DSIStudio	autotrackgqi
CranialNerve_CNVIIL	modulated_icvf	NODDI	/scratch/grmpy/SLURM_11194840_56/job-11194840-56-sub-129405/ds/inputs/data/qsiprep/qsiprep/sub-129405/ses-1/dwi/sub-129405_ses-1_acq-multiband_dir-AP_space-ACPC_desc-preproc_dwi.nii.gz	0.0039370078740157	0.45651296	0.09724862	0.47330698	0.45831737	0.4733472	0.09310042	0.430699	0.4308244585990906	sub-129405	ses-1		dir-AP	acq-multiband	space-ACPC			DSIStudio	autotrackgqi
CranialNerve_CNVIIL	modulated_od	NODDI	/scratch/grmpy/SLURM_11194840_56/job-11194840-56-sub-129405/ds/inputs/data/qsiprep/qsiprep/sub-129405/ses-1/dwi/sub-129405_ses-1_acq-multiband_dir-AP_space-ACPC_desc-preproc_dwi.nii.gz	0.0039370078740157	0.3128002	0.15126467	0.3205051	0.31403658	0.3211977	0.15027699	0.28571573	0.285798966884613	sub-129405	ses-1		dir-AP	acq-multiband	space-ACPC			DSIStudio	autotrackgqi
CranialNerve_CNVIIL	nrmse	NODDI	/scratch/grmpy/SLURM_11194840_56/job-11194840-56-sub-129405/ds/inputs/data/qsiprep/qsiprep/sub-129405/ses-1/dwi/sub-129405_ses-1_acq-multiband_dir-AP_space-ACPC_desc-preproc_dwi.nii.gz	0.0039370078740157	0.12282577	0.053627346	0.112292945	0.12331125	0.112339325	0.053173248	0.11447707	0.1145104095339775	sub-129405	ses-1		dir-AP	acq-multiband	space-ACPC			DSIStudio	autotrackgqi
CranialNerve_CNVIIL	od	NODDI	/scratch/grmpy/SLURM_11194840_56/job-11194840-56-sub-129405/ds/inputs/data/qsiprep/qsiprep/sub-129405/ses-1/dwi/sub-129405_ses-1_acq-multiband_dir-AP_space-ACPC_desc-preproc_dwi.nii.gz	0.0039370078740157	0.39509884	0.15331255	0.39036402	0.39666048	0.39153618	0.1515856	0.3853265	0.3854387402534485	sub-129405	ses-1		dir-AP	acq-multiband	space-ACPC			DSIStudio	autotrackgqi
CranialNerve_CNVIIL	rmse	NODDI	/scratch/grmpy/SLURM_11194840_56/job-11194840-56-sub-129405/ds/inputs/data/qsiprep/qsiprep/sub-129405/ses-1/dwi/sub-129405_ses-1_acq-multiband_dir-AP_space-ACPC_desc-preproc_dwi.nii.gz	0.0039370078740157	0.058725588	0.021059114	0.055184133	0.058957703	0.055219065	0.020773882	0.053657252	0.0536728799343109	sub-129405	ses-1		dir-AP	acq-multiband	space-ACPC			DSIStudio	autotrackgqi
CranialNerve_CNVIIL	tf	NODDI	/scratch/grmpy/SLURM_11194840_56/job-11194840-56-sub-129405/ds/inputs/data/qsiprep/qsiprep/sub-129405/ses-1/dwi/sub-129405_ses-1_acq-multiband_dir-AP_space-ACPC_desc-preproc_dwi.nii.gz	0.0039370078740157	0.79101336	0.23623067	0.8704996	0.7941399	0.87071663	0.23139273	0.7463704	0.7465878129005432	sub-129405	ses-1		dir-AP	acq-multiband	space-ACPC			DSIStudio	autotrackgqi
CranialNerve_CNVIIIR	directions	NODDI	/scratch/grmpy/SLURM_11194840_56/job-11194840-56-sub-129405/ds/inputs/data/qsiprep/qsiprep/sub-129405/ses-1/dwi/sub-129405_ses-1_acq-multiband_dir-AP_space-ACPC_desc-preproc_dwi.nii.gz	4.0	0.11227381	0.5656784	0.11656646	0.11252221	0.11786902	0.5662792	0.44942245		sub-129405	ses-1		dir-AP	acq-multiband	space-ACPC			DSIStudio	autotrackgqi
CranialNerve_CNVIIIR	icvf	NODDI	/scratch/grmpy/SLURM_11194840_56/job-11194840-56-sub-129405/ds/inputs/data/qsiprep/qsiprep/sub-129405/ses-1/dwi/sub-129405_ses-1_acq-multiband_dir-AP_space-ACPC_desc-preproc_dwi.nii.gz	0.0022075055187637	0.59294564	0.14304651	0.54770285	0.5942575	0.54858875	0.14045644	0.63231456	0.633567214012146	sub-129405	ses-1		dir-AP	acq-multiband	space-ACPC			DSIStudio	autotrackgqi
CranialNerve_CNVIIIR	isovf	NODDI	/scratch/grmpy/SLURM_11194840_56/job-11194840-56-sub-129405/ds/inputs/data/qsiprep/qsiprep/sub-129405/ses-1/dwi/sub-129405_ses-1_acq-multiband_dir-AP_space-ACPC_desc-preproc_dwi.nii.gz	0.2235099337748344	0.16173582	0.187923	0.104996905	0.2082909	0.15189707	0.18916492	0.21943095	0.2473338693380355	sub-129405	ses-1		dir-AP	acq-multiband	space-ACPC			DSIStudio	autotrackgqi
CranialNerve_CNVIIIR	modulated_icvf	NODDI	/scratch/grmpy/SLURM_11194840_56/job-11194840-56-sub-129405/ds/inputs/data/qsiprep/qsiprep/sub-129405/ses-1/dwi/sub-129405_ses-1_acq-multiband_dir-AP_space-ACPC_desc-preproc_dwi.nii.gz	0.0022075055187637	0.4744265	0.080409676	0.48595673	0.47547612	0.4862612	0.077336624	0.4650387	0.4659599661827087	sub-129405	ses-1		dir-AP	acq-multiband	space-ACPC			DSIStudio	autotrackgqi
CranialNerve_CNVIIIR	modulated_od	NODDI	/scratch/grmpy/SLURM_11194840_56/job-11194840-56-sub-129405/ds/inputs/data/qsiprep/qsiprep/sub-129405/ses-1/dwi/sub-129405_ses-1_acq-multiband_dir-AP_space-ACPC_desc-preproc_dwi.nii.gz	0.0022075055187637	0.3211794	0.16744372	0.32465726	0.32188997	0.32503122	0.1669452	0.24226116	0.2427411079406738	sub-129405	ses-1		dir-AP	acq-multiband	space-ACPC			DSIStudio	autotrackgqi
CranialNerve_CNVIIIR	nrmse	NODDI	/scratch/grmpy/SLURM_11194840_56/job-11194840-56-sub-129405/ds/inputs/data/qsiprep/qsiprep/sub-129405/ses-1/dwi/sub-129405_ses-1_acq-multiband_dir-AP_space-ACPC_desc-preproc_dwi.nii.gz	0.0022075055187637	0.113106035	0.03797058	0.10996699	0.11335627	0.110017076	0.037637603	0.12619418	0.1264441758394241	sub-129405	ses-1		dir-AP	acq-multiband	space-ACPC			DSIStudio	autotrackgqi
CranialNerve_CNVIIIR	od	NODDI	/scratch/grmpy/SLURM_11194840_56/job-11194840-56-sub-129405/ds/inputs/data/qsiprep/qsiprep/sub-129405/ses-1/dwi/sub-129405_ses-1_acq-multiband_dir-AP_space-ACPC_desc-preproc_dwi.nii.gz	0.0022075055187637	0.3773494	0.16847768	0.3889441	0.37818426	0.3893202	0.16772537	0.3072077	0.3078162968158722	sub-129405	ses-1		dir-AP	acq-multiband	space-ACPC			DSIStudio	autotrackgqi
CranialNerve_CNVIIIR	rmse	NODDI	/scratch/grmpy/SLURM_11194840_56/job-11194840-56-sub-129405/ds/inputs/data/qsiprep/qsiprep/sub-129405/ses-1/dwi/sub-129405_ses-1_acq-multiband_dir-AP_space-ACPC_desc-preproc_dwi.nii.gz	0.0022075055187637	0.05592554	0.016102375	0.055211987	0.056049272	0.055238415	0.015903622	0.0610426	0.0611635334789752	sub-129405	ses-1		dir-AP	acq-multiband	space-ACPC			DSIStudio	autotrackgqi
CranialNerve_CNVIIIR	tf	NODDI	/scratch/grmpy/SLURM_11194840_56/job-11194840-56-sub-129405/ds/inputs/data/qsiprep/qsiprep/sub-129405/ses-1/dwi/sub-129405_ses-1_acq-multiband_dir-AP_space-ACPC_desc-preproc_dwi.nii.gz	0.0022075055187637	0.83605665	0.1918427	0.8942882	0.83790636	0.8945898	0.18797655	0.7785919	0.7801343202590942	sub-129405	ses-1		dir-AP	acq-multiband	space-ACPC			DSIStudio	autotrackgqi
CranialNerve_CNIIIL	directions	NODDI	/scratch/grmpy/SLURM_11194840_56/job-11194840-56-sub-129405/ds/inputs/data/qsiprep/qsiprep/sub-129405/ses-1/dwi/sub-129405_ses-1_acq-multiband_dir-AP_space-ACPC_desc-preproc_dwi.nii.gz	0.0	-0.014022338	0.57717997	-0.05747293	-0.014022338	-0.05747293	0.57717997	0.07223377		sub-129405	ses-1		dir-AP	acq-multiband	space-ACPC			DSIStudio	autotrackgqi
CranialNerve_CNIIIL	icvf	NODDI	/scratch/grmpy/SLURM_11194840_56/job-11194840-56-sub-129405/ds/inputs/data/qsiprep/qsiprep/sub-129405/ses-1/dwi/sub-129405_ses-1_acq-multiband_dir-AP_space-ACPC_desc-preproc_dwi.nii.gz	0.0218340611353711	0.6507098	0.24676734	0.5753466	0.66523457	0.5836878	0.22932726	0.58528143	0.5908552408218384	sub-129405	ses-1		dir-AP	acq-multiband	space-ACPC			DSIStudio	autotrackgqi
CranialNerve_CNIIIL	isovf	NODDI	/scratch/grmpy/SLURM_11194840_56/job-11194840-56-sub-129405/ds/inputs/data/qsiprep/qsiprep/sub-129405/ses-1/dwi/sub-129405_ses-1_acq-multiband_dir-AP_space-ACPC_desc-preproc_dwi.nii.gz	0.2074235807860262	0.35258245	0.32339153	0.26384187	0.44485608	0.4315995	0.30150217	0.26759762	0.3659958243370056	sub-129405	ses-1		dir-AP	acq-multiband	space-ACPC			DSIStudio	autotrackgqi
CranialNerve_CNIIIL	modulated_icvf	NODDI	/scratch/grmpy/SLURM_11194840_56/job-11194840-56-sub-129405/ds/inputs/data/qsiprep/qsiprep/sub-129405/ses-1/dwi/sub-129405_ses-1_acq-multiband_dir-AP_space-ACPC_desc-preproc_dwi.nii.gz	0.0218340611353711	0.36782724	0.13611928	0.39126244	0.37603766	0.39537466	0.12591508	0.38150847	0.3851416707038879	sub-129405	ses-1		dir-AP	acq-multiband	space-ACPC			DSIStudio	autotrackgqi
CranialNerve_CNIIIL	modulated_od	NODDI	/scratch/grmpy/SLURM_11194840_56/job-11194840-56-sub-129405/ds/inputs/data/qsiprep/qsiprep/sub-129405/ses-1/dwi/sub-129405_ses-1_acq-multiband_dir-AP_space-ACPC_desc-preproc_dwi.nii.gz	0.0	0.20423764	0.14645773	0.18479961	0.20423764	0.18479961	0.14645773	0.222178	0.2221780121326446	sub-129405	ses-1		dir-AP	acq-multiband	space-ACPC			DSIStudio	autotrackgqi
CranialNerve_CNIIIL	nrmse	NODDI	/scratch/grmpy/SLURM_11194840_56/job-11194840-56-sub-129405/ds/inputs/data/qsiprep/qsiprep/sub-129405/ses-1/dwi/sub-129405_ses-1_acq-multiband_dir-AP_space-ACPC_desc-preproc_dwi.nii.gz	0.0	0.13710868	0.049475946	0.124369755	0.13710868	0.124369755	0.049475946	0.12136172	0.1213617250323295	sub-129405	ses-1		dir-AP	acq-multiband	space-ACPC			DSIStudio	autotrackgqi
CranialNerve_CNIIIL	od	NODDI	/scratch/grmpy/SLURM_11194840_56/job-11194840-56-sub-129405/ds/inputs/data/qsiprep/qsiprep/sub-129405/ses-1/dwi/sub-129405_ses-1_acq-multiband_dir-AP_space-ACPC_desc-preproc_dwi.nii.gz	0.0	0.3254109	0.17947032	0.3033103	0.3254109	0.3033103	0.17947032	0.30299315	0.3029931783676147	sub-129405	ses-1		dir-AP	acq-multiband	space-ACPC			DSIStudio	autotrackgqi
CranialNerve_CNIIIL	rmse	NODDI	/scratch/grmpy/SLURM_11194840_56/job-11194840-56-sub-129405/ds/inputs/data/qsiprep/qsiprep/sub-129405/ses-1/dwi/sub-129405_ses-1_acq-multiband_dir-AP_space-ACPC_desc-preproc_dwi.nii.gz	0.0	0.058657367	0.014785456	0.05699359	0.058657367	0.05699359	0.014785456	0.0545034	0.0545034073293209	sub-129405	ses-1		dir-AP	acq-multiband	space-ACPC			DSIStudio	autotrackgqi
CranialNerve_CNIIIL	tf	NODDI	/scratch/grmpy/SLURM_11194840_56/job-11194840-56-sub-129405/ds/inputs/data/qsiprep/qsiprep/sub-129405/ses-1/dwi/sub-129405_ses-1_acq-multiband_dir-AP_space-ACPC_desc-preproc_dwi.nii.gz	0.0218340611353711	0.6474175	0.3233915	0.73615813	0.66186875	0.74807656	0.31201223	0.7324023	0.7393772006034851	sub-129405	ses-1		dir-AP	acq-multiband	space-ACPC			DSIStudio	autotrackgqi
CranialNerve_CNIIL	directions	NODDI	/scratch/grmpy/SLURM_11194840_56/job-11194840-56-sub-129405/ds/inputs/data/qsiprep/qsiprep/sub-129405/ses-1/dwi/sub-129405_ses-1_acq-multiband_dir-AP_space-ACPC_desc-preproc_dwi.nii.gz	0.0	-0.06644419	0.57351416	-0.08344864	-0.06644419	-0.08344864	0.57351416	-0.13077062		sub-129405	ses-1		dir-AP	acq-multiband	space-ACPC			DSIStudio	autotrackgqi
CranialNerve_CNIIL	icvf	NODDI	/scratch/grmpy/SLURM_11194840_56/job-11194840-56-sub-129405/ds/inputs/data/qsiprep/qsiprep/sub-129405/ses-1/dwi/sub-129405_ses-1_acq-multiband_dir-AP_space-ACPC_desc-preproc_dwi.nii.gz	0.0138081395348837	0.5524685	0.22895217	0.47024262	0.56020385	0.4734731	0.2209517	0.5730912	0.5807607173919678	sub-129405	ses-1		dir-AP	acq-multiband	space-ACPC			DSIStudio	autotrackgqi
CranialNerve_CNIIL	isovf	NODDI	/scratch/grmpy/SLURM_11194840_56/job-11194840-56-sub-129405/ds/inputs/data/qsiprep/qsiprep/sub-129405/ses-1/dwi/sub-129405_ses-1_acq-multiband_dir-AP_space-ACPC_desc-preproc_dwi.nii.gz	0.3401162790697674	0.24646722	0.30878526	0.082853176	0.37350097	0.28089398	0.31152114	0.3125364	0.4111748039722442	sub-129405	ses-1		dir-AP	acq-multiband	space-ACPC			DSIStudio	autotrackgqi
CranialNerve_CNIIL	modulated_icvf	NODDI	/scratch/grmpy/SLURM_11194840_56/job-11194840-56-sub-129405/ds/inputs/data/qsiprep/qsiprep/sub-129405/ses-1/dwi/sub-129405_ses-1_acq-multiband_dir-AP_space-ACPC_desc-preproc_dwi.nii.gz	0.0138081395348837	0.36536464	0.119990006	0.38028717	0.37048027	0.38254824	0.11271177	0.3395448	0.3440887928009033	sub-129405	ses-1		dir-AP	acq-multiband	space-ACPC			DSIStudio	autotrackgqi
CranialNerve_CNIIL	modulated_od	NODDI	/scratch/grmpy/SLURM_11194840_56/job-11194840-56-sub-129405/ds/inputs/data/qsiprep/qsiprep/sub-129405/ses-1/dwi/sub-129405_ses-1_acq-multiband_dir-AP_space-ACPC_desc-preproc_dwi.nii.gz	0.0	0.25483495	0.18083824	0.22990337	0.25483495	0.22990337	0.18083824	0.18979466	0.189794659614563	sub-129405	ses-1		dir-AP	acq-multiband	space-ACPC			DSIStudio	autotrackgqi
CranialNerve_CNIIL	nrmse	NODDI	/scratch/grmpy/SLURM_11194840_56/job-11194840-56-sub-129405/ds/inputs/data/qsiprep/qsiprep/sub-129405/ses-1/dwi/sub-129405_ses-1_acq-multiband_dir-AP_space-ACPC_desc-preproc_dwi.nii.gz	0.0	0.11430474	0.051270653	0.09905708	0.11430474	0.09905708	0.051270653	0.11449761	0.114497609436512	sub-129405	ses-1		dir-AP	acq-multiband	space-ACPC			DSIStudio	autotrackgqi
CranialNerve_CNIIL	od	NODDI	/scratch/grmpy/SLURM_11194840_56/job-11194840-56-sub-129405/ds/inputs/data/qsiprep/qsiprep/sub-129405/ses-1/dwi/sub-129405_ses-1_acq-multiband_dir-AP_space-ACPC_desc-preproc_dwi.nii.gz	0.0	0.3445456	0.18688329	0.33729774	0.3445456	0.33729774	0.18688329	0.28190935	0.2819093465805053	sub-129405	ses-1		dir-AP	acq-multiband	space-ACPC			DSIStudio	autotrackgqi
CranialNerve_CNIIL	rmse	NODDI	/scratch/grmpy/SLURM_11194840_56/job-11194840-56-sub-129405/ds/inputs/data/qsiprep/qsiprep/sub-129405/ses-1/dwi/sub-129405_ses-1_acq-multiband_dir-AP_space-ACPC_desc-preproc_dwi.nii.gz	0.0	0.050419737	0.017113619	0.047288947	0.050419737	0.047288947	0.017113619	0.04884078	0.0488407798111438	sub-129405	ses-1		dir-AP	acq-multiband	space-ACPC			DSIStudio	autotrackgqi
CranialNerve_CNIIL	tf	NODDI	/scratch/grmpy/SLURM_11194840_56/job-11194840-56-sub-129405/ds/inputs/data/qsiprep/qsiprep/sub-129405/ses-1/dwi/sub-129405_ses-1_acq-multiband_dir-AP_space-ACPC_desc-preproc_dwi.nii.gz	0.0138081395348837	0.7535328	0.30878526	0.9171468	0.76408345	0.9187486	0.2976942	0.6874636	0.6966636776924133	sub-129405	ses-1		dir-AP	acq-multiband	space-ACPC			DSIStudio	autotrackgqi
CranialNerve_CNIIIR	directions	NODDI	/scratch/grmpy/SLURM_11194840_56/job-11194840-56-sub-129405/ds/inputs/data/qsiprep/qsiprep/sub-129405/ses-1/dwi/sub-129405_ses-1_acq-multiband_dir-AP_space-ACPC_desc-preproc_dwi.nii.gz	0.0	0.038443867	0.5760689	-0.003357937	0.038443867	-0.003357937	0.5760689	0.26439768		sub-129405	ses-1		dir-AP	acq-multiband	space-ACPC			DSIStudio	autotrackgqi
CranialNerve_CNIIIR	icvf	NODDI	/scratch/grmpy/SLURM_11194840_56/job-11194840-56-sub-129405/ds/inputs/data/qsiprep/qsiprep/sub-129405/ses-1/dwi/sub-129405_ses-1_acq-multiband_dir-AP_space-ACPC_desc-preproc_dwi.nii.gz	0.0522496371552975	0.64785826	0.26880917	0.60606426	0.6835748	0.6239366	0.2276556	0.62435466	0.6501282453536987	sub-129405	ses-1		dir-AP	acq-multiband	space-ACPC			DSIStudio	autotrackgqi
CranialNerve_CNIIIR	isovf	NODDI	/scratch/grmpy/SLURM_11194840_56/job-11194840-56-sub-129405/ds/inputs/data/qsiprep/qsiprep/sub-129405/ses-1/dwi/sub-129405_ses-1_acq-multiband_dir-AP_space-ACPC_desc-preproc_dwi.nii.gz	0.0957910014513788	0.42475596	0.32751203	0.35100693	0.4697542	0.4145639	0.312233	0.410523	0.4646217226982116	sub-129405	ses-1		dir-AP	acq-multiband	space-ACPC			DSIStudio	autotrackgqi
CranialNerve_CNIIIR	modulated_icvf	NODDI	/scratch/grmpy/SLURM_11194840_56/job-11194840-56-sub-129405/ds/inputs/data/qsiprep/qsiprep/sub-129405/ses-1/dwi/sub-129405_ses-1_acq-multiband_dir-AP_space-ACPC_desc-preproc_dwi.nii.gz	0.0522496371552975	0.33476472	0.15380837	0.35466644	0.35322034	0.36627495	0.13580252	0.32302433	0.3363588750362396	sub-129405	ses-1		dir-AP	acq-multiband	space-ACPC			DSIStudio	autotrackgqi
CranialNerve_CNIIIR	modulated_od	NODDI	/scratch/grmpy/SLURM_11194840_56/job-11194840-56-sub-129405/ds/inputs/data/qsiprep/qsiprep/sub-129405/ses-1/dwi/sub-129405_ses-1_acq-multiband_dir-AP_space-ACPC_desc-preproc_dwi.nii.gz	0.0014513788098693	0.17541867	0.14401767	0.14032036	0.17567363	0.14037082	0.14396681	0.17694604	0.1772577166557312	sub-129405	ses-1		dir-AP	acq-multiband	space-ACPC			DSIStudio	autotrackgqi
CranialNerve_CNIIIR	nrmse	NODDI	/scratch/grmpy/SLURM_11194840_56/job-11194840-56-sub-129405/ds/inputs/data/qsiprep/qsiprep/sub-129405/ses-1/dwi/sub-129405_ses-1_acq-multiband_dir-AP_space-ACPC_desc-preproc_dwi.nii.gz	0.0	0.14260477	0.05595942	0.12888178	0.14260477	0.12888178	0.05595942	0.1352627	0.1352626979351043	sub-129405	ses-1		dir-AP	acq-multiband	space-ACPC			DSIStudio	autotrackgqi
CranialNerve_CNIIIR	od	NODDI	/scratch/grmpy/SLURM_11194840_56/job-11194840-56-sub-129405/ds/inputs/data/qsiprep/qsiprep/sub-129405/ses-1/dwi/sub-129405_ses-1_acq-multiband_dir-AP_space-ACPC_desc-preproc_dwi.nii.gz	0.0	0.3483222	0.21580532	0.29	0.3483222	0.29	0.21580532	0.33840996	0.338409960269928	sub-129405	ses-1		dir-AP	acq-multiband	space-ACPC			DSIStudio	autotrackgqi
CranialNerve_CNIIIR	rmse	NODDI	/scratch/grmpy/SLURM_11194840_56/job-11194840-56-sub-129405/ds/inputs/data/qsiprep/qsiprep/sub-129405/ses-1/dwi/sub-129405_ses-1_acq-multiband_dir-AP_space-ACPC_desc-preproc_dwi.nii.gz	0.0	0.05868394	0.016521815	0.056209832	0.05868394	0.056209832	0.016521815	0.05539935	0.0553993508219718	sub-129405	ses-1		dir-AP	acq-multiband	space-ACPC			DSIStudio	autotrackgqi
CranialNerve_CNIIIR	tf	NODDI	/scratch/grmpy/SLURM_11194840_56/job-11194840-56-sub-129405/ds/inputs/data/qsiprep/qsiprep/sub-129405/ses-1/dwi/sub-129405_ses-1_acq-multiband_dir-AP_space-ACPC_desc-preproc_dwi.nii.gz	0.0522496371552975	0.575244	0.32751203	0.6489931	0.6069573	0.69208086	0.30647838	0.58947694	0.6138107776641846	sub-129405	ses-1		dir-AP	acq-multiband	space-ACPC			DSIStudio	autotrackgqi
CranialNerve_CNIIR	directions	NODDI	/scratch/grmpy/SLURM_11194840_56/job-11194840-56-sub-129405/ds/inputs/data/qsiprep/qsiprep/sub-129405/ses-1/dwi/sub-129405_ses-1_acq-multiband_dir-AP_space-ACPC_desc-preproc_dwi.nii.gz	0.0	-0.14100707	0.55986637	-0.18316188	-0.14100707	-0.18316188	0.55986637	-0.629656		sub-129405	ses-1		dir-AP	acq-multiband	space-ACPC			DSIStudio	autotrackgqi
CranialNerve_CNIIR	icvf	NODDI	/scratch/grmpy/SLURM_11194840_56/job-11194840-56-sub-129405/ds/inputs/data/qsiprep/qsiprep/sub-129405/ses-1/dwi/sub-129405_ses-1_acq-multiband_dir-AP_space-ACPC_desc-preproc_dwi.nii.gz	0.019108280254777	0.5445175	0.22779492	0.46636605	0.555125	0.470029	0.21682458	0.5691488	0.5806719064712524	sub-129405	ses-1		dir-AP	acq-multiband	space-ACPC			DSIStudio	autotrackgqi
CranialNerve_CNIIR	isovf	NODDI	/scratch/grmpy/SLURM_11194840_56/job-11194840-56-sub-129405/ds/inputs/data/qsiprep/qsiprep/sub-129405/ses-1/dwi/sub-129405_ses-1_acq-multiband_dir-AP_space-ACPC_desc-preproc_dwi.nii.gz	0.3184713375796178	0.24587809	0.30458286	0.09457475	0.3607744	0.2333546	0.30768475	0.2900846	0.3826445937156677	sub-129405	ses-1		dir-AP	acq-multiband	space-ACPC			DSIStudio	autotrackgqi
CranialNerve_CNIIR	modulated_icvf	NODDI	/scratch/grmpy/SLURM_11194840_56/job-11194840-56-sub-129405/ds/inputs/data/qsiprep/qsiprep/sub-129405/ses-1/dwi/sub-129405_ses-1_acq-multiband_dir-AP_space-ACPC_desc-preproc_dwi.nii.gz	0.019108280254777	0.36594793	0.122484006	0.3751256	0.3730768	0.3781994	0.1124054	0.36007997	0.3673702180385589	sub-129405	ses-1		dir-AP	acq-multiband	space-ACPC			DSIStudio	autotrackgqi
CranialNerve_CNIIR	modulated_od	NODDI	/scratch/grmpy/SLURM_11194840_56/job-11194840-56-sub-129405/ds/inputs/data/qsiprep/qsiprep/sub-129405/ses-1/dwi/sub-129405_ses-1_acq-multiband_dir-AP_space-ACPC_desc-preproc_dwi.nii.gz	0.0	0.2275554	0.16321518	0.20997205	0.2275554	0.20997205	0.16321518	0.17242151	0.1724215149879455	sub-129405	ses-1		dir-AP	acq-multiband	space-ACPC			DSIStudio	autotrackgqi
CranialNerve_CNIIR	nrmse	NODDI	/scratch/grmpy/SLURM_11194840_56/job-11194840-56-sub-129405/ds/inputs/data/qsiprep/qsiprep/sub-129405/ses-1/dwi/sub-129405_ses-1_acq-multiband_dir-AP_space-ACPC_desc-preproc_dwi.nii.gz	0.0	0.10759234	0.05202057	0.09261078	0.10759234	0.09261078	0.05202057	0.10761313	0.107613131403923	sub-129405	ses-1		dir-AP	acq-multiband	space-ACPC			DSIStudio	autotrackgqi
CranialNerve_CNIIR	od	NODDI	/scratch/grmpy/SLURM_11194840_56/job-11194840-56-sub-129405/ds/inputs/data/qsiprep/qsiprep/sub-129405/ses-1/dwi/sub-129405_ses-1_acq-multiband_dir-AP_space-ACPC_desc-preproc_dwi.nii.gz	0.0	0.3182435	0.19231927	0.30047446	0.3182435	0.30047446	0.19231927	0.254673	0.2546730041503906	sub-129405	ses-1		dir-AP	acq-multiband	space-ACPC			DSIStudio	autotrackgqi
CranialNerve_CNIIR	rmse	NODDI	/scratch/grmpy/SLURM_11194840_56/job-11194840-56-sub-129405/ds/inputs/data/qsiprep/qsiprep/sub-129405/ses-1/dwi/sub-129405_ses-1_acq-multiband_dir-AP_space-ACPC_desc-preproc_dwi.nii.gz	0.0	0.047253206	0.015567798	0.044064224	0.047253206	0.044064224	0.015567798	0.0469276	0.0469276010990142	sub-129405	ses-1		dir-AP	acq-multiband	space-ACPC			DSIStudio	autotrackgqi
CranialNerve_CNIIR	tf	NODDI	/scratch/grmpy/SLURM_11194840_56/job-11194840-56-sub-129405/ds/inputs/data/qsiprep/qsiprep/sub-129405/ses-1/dwi/sub-129405_ses-1_acq-multiband_dir-AP_space-ACPC_desc-preproc_dwi.nii.gz	0.019108280254777	0.7541219	0.30458286	0.9054253	0.7688126	0.9106661	0.28858894	0.7099154	0.7242884635925293	sub-129405	ses-1		dir-AP	acq-multiband	space-ACPC			DSIStudio	autotrackgqi
CranialNerve_CNVIIR	directions	NODDI	/scratch/grmpy/SLURM_11194840_56/job-11194840-56-sub-129405/ds/inputs/data/qsiprep/qsiprep/sub-129405/ses-1/dwi/sub-129405_ses-1_acq-multiband_dir-AP_space-ACPC_desc-preproc_dwi.nii.gz	0.0	-0.06752083	0.57338846	-0.106425434	-0.06752083	-0.106425434	0.57338846	0.13696489		sub-129405	ses-1		dir-AP	acq-multiband	space-ACPC			DSIStudio	autotrackgqi
CranialNerve_CNVIIR	icvf	NODDI	/scratch/grmpy/SLURM_11194840_56/job-11194840-56-sub-129405/ds/inputs/data/qsiprep/qsiprep/sub-129405/ses-1/dwi/sub-129405_ses-1_acq-multiband_dir-AP_space-ACPC_desc-preproc_dwi.nii.gz	0.0	0.6195375	0.16729131	0.55673075	0.6195375	0.55673075	0.16729131	0.6223037	0.6223037242889404	sub-129405	ses-1		dir-AP	acq-multiband	space-ACPC			DSIStudio	autotrackgqi
CranialNerve_CNVIIR	isovf	NODDI	/scratch/grmpy/SLURM_11194840_56/job-11194840-56-sub-129405/ds/inputs/data/qsiprep/qsiprep/sub-129405/ses-1/dwi/sub-129405_ses-1_acq-multiband_dir-AP_space-ACPC_desc-preproc_dwi.nii.gz	0.2348754448398576	0.2162214	0.2166208	0.16391668	0.28259635	0.23532903	0.20632984	0.24365997	0.2769538760185241	sub-129405	ses-1		dir-AP	acq-multiband	space-ACPC			DSIStudio	autotrackgqi
CranialNerve_CNVIIR	modulated_icvf	NODDI	/scratch/grmpy/SLURM_11194840_56/job-11194840-56-sub-129405/ds/inputs/data/qsiprep/qsiprep/sub-129405/ses-1/dwi/sub-129405_ses-1_acq-multiband_dir-AP_space-ACPC_desc-preproc_dwi.nii.gz	0.0	0.4540431	0.08101045	0.46495044	0.4540431	0.46495044	0.08101045	0.44272846	0.4427284598350525	sub-129405	ses-1		dir-AP	acq-multiband	space-ACPC			DSIStudio	autotrackgqi
CranialNerve_CNVIIR	modulated_od	NODDI	/scratch/grmpy/SLURM_11194840_56/job-11194840-56-sub-129405/ds/inputs/data/qsiprep/qsiprep/sub-129405/ses-1/dwi/sub-129405_ses-1_acq-multiband_dir-AP_space-ACPC_desc-preproc_dwi.nii.gz	0.0	0.28584093	0.16917406	0.28815532	0.28584093	0.28815532	0.16917406	0.21656182	0.2165618240833282	sub-129405	ses-1		dir-AP	acq-multiband	space-ACPC			DSIStudio	autotrackgqi
CranialNerve_CNVIIR	nrmse	NODDI	/scratch/grmpy/SLURM_11194840_56/job-11194840-56-sub-129405/ds/inputs/data/qsiprep/qsiprep/sub-129405/ses-1/dwi/sub-129405_ses-1_acq-multiband_dir-AP_space-ACPC_desc-preproc_dwi.nii.gz	0.0	0.121721126	0.046926424	0.115970924	0.121721126	0.115970924	0.046926424	0.12823603	0.1282360255718231	sub-129405	ses-1		dir-AP	acq-multiband	space-ACPC			DSIStudio	autotrackgqi
CranialNerve_CNVIIR	od	NODDI	/scratch/grmpy/SLURM_11194840_56/job-11194840-56-sub-129405/ds/inputs/data/qsiprep/qsiprep/sub-129405/ses-1/dwi/sub-129405_ses-1_acq-multiband_dir-AP_space-ACPC_desc-preproc_dwi.nii.gz	0.0	0.35882628	0.17447387	0.37605304	0.35882628	0.37605304	0.17447387	0.2872184	0.2872183918952942	sub-129405	ses-1		dir-AP	acq-multiband	space-ACPC			DSIStudio	autotrackgqi
CranialNerve_CNVIIR	rmse	NODDI	/scratch/grmpy/SLURM_11194840_56/job-11194840-56-sub-129405/ds/inputs/data/qsiprep/qsiprep/sub-129405/ses-1/dwi/sub-129405_ses-1_acq-multiband_dir-AP_space-ACPC_desc-preproc_dwi.nii.gz	0.0	0.05821144	0.017118325	0.05682544	0.05821144	0.05682544	0.017118325	0.060812756	0.0608127564191818	sub-129405	ses-1		dir-AP	acq-multiband	space-ACPC			DSIStudio	autotrackgqi
CranialNerve_CNVIIR	tf	NODDI	/scratch/grmpy/SLURM_11194840_56/job-11194840-56-sub-129405/ds/inputs/data/qsiprep/qsiprep/sub-129405/ses-1/dwi/sub-129405_ses-1_acq-multiband_dir-AP_space-ACPC_desc-preproc_dwi.nii.gz	0.0	0.7837786	0.2166208	0.8360833	0.7837786	0.8360833	0.2166208	0.75634	0.7563400268554688	sub-129405	ses-1		dir-AP	acq-multiband	space-ACPC			DSIStudio	autotrackgqi
CranialNerve_CNVIIIL	directions	NODDI	/scratch/grmpy/SLURM_11194840_56/job-11194840-56-sub-129405/ds/inputs/data/qsiprep/qsiprep/sub-129405/ses-1/dwi/sub-129405_ses-1_acq-multiband_dir-AP_space-ACPC_desc-preproc_dwi.nii.gz	2.0	-0.01771196	0.5767309	-0.0625241	-0.017733298	-0.06382434	0.57707787	0.028459385		sub-129405	ses-1		dir-AP	acq-multiband	space-ACPC			DSIStudio	autotrackgqi
CranialNerve_CNVIIIL	icvf	NODDI	/scratch/grmpy/SLURM_11194840_56/job-11194840-56-sub-129405/ds/inputs/data/qsiprep/qsiprep/sub-129405/ses-1/dwi/sub-129405_ses-1_acq-multiband_dir-AP_space-ACPC_desc-preproc_dwi.nii.gz	0.0018050541516245	0.5955273	0.14391571	0.5520003	0.59660417	0.55211437	0.1417981	0.62185144	0.6219762563705444	sub-129405	ses-1		dir-AP	acq-multiband	space-ACPC			DSIStudio	autotrackgqi
CranialNerve_CNVIIIL	isovf	NODDI	/scratch/grmpy/SLURM_11194840_56/job-11194840-56-sub-129405/ds/inputs/data/qsiprep/qsiprep/sub-129405/ses-1/dwi/sub-129405_ses-1_acq-multiband_dir-AP_space-ACPC_desc-preproc_dwi.nii.gz	0.2725631768953068	0.15554734	0.20128413	0.08148095	0.21382935	0.138784	0.20792684	0.20336816	0.2350387871265411	sub-129405	ses-1		dir-AP	acq-multiband	space-ACPC			DSIStudio	autotrackgqi
CranialNerve_CNVIIIL	modulated_icvf	NODDI	/scratch/grmpy/SLURM_11194840_56/job-11194840-56-sub-129405/ds/inputs/data/qsiprep/qsiprep/sub-129405/ses-1/dwi/sub-129405_ses-1_acq-multiband_dir-AP_space-ACPC_desc-preproc_dwi.nii.gz	0.0018050541516245	0.47863755	0.085465774	0.4921348	0.47950307	0.49229872	0.0830818	0.4701178	0.4702121615409851	sub-129405	ses-1		dir-AP	acq-multiband	space-ACPC			DSIStudio	autotrackgqi
CranialNerve_CNVIIIL	modulated_od	NODDI	/scratch/grmpy/SLURM_11194840_56/job-11194840-56-sub-129405/ds/inputs/data/qsiprep/qsiprep/sub-129405/ses-1/dwi/sub-129405_ses-1_acq-multiband_dir-AP_space-ACPC_desc-preproc_dwi.nii.gz	0.0012033694344163	0.32996047	0.16614056	0.3308277	0.330358	0.33149534	0.16584513	0.24450636	0.2445259988307953	sub-129405	ses-1		dir-AP	acq-multiband	space-ACPC			DSIStudio	autotrackgqi
CranialNerve_CNVIIIL	nrmse	NODDI	/scratch/grmpy/SLURM_11194840_56/job-11194840-56-sub-129405/ds/inputs/data/qsiprep/qsiprep/sub-129405/ses-1/dwi/sub-129405_ses-1_acq-multiband_dir-AP_space-ACPC_desc-preproc_dwi.nii.gz	0.0012033694344163	0.112686545	0.04439513	0.10632744	0.11282231	0.10636753	0.04424912	0.1223297	0.122339516878128	sub-129405	ses-1		dir-AP	acq-multiband	space-ACPC			DSIStudio	autotrackgqi
CranialNerve_CNVIIIL	od	NODDI	/scratch/grmpy/SLURM_11194840_56/job-11194840-56-sub-129405/ds/inputs/data/qsiprep/qsiprep/sub-129405/ses-1/dwi/sub-129405_ses-1_acq-multiband_dir-AP_space-ACPC_desc-preproc_dwi.nii.gz	0.0012033694344163	0.38980132	0.16670631	0.40433908	0.39027095	0.40451756	0.16625638	0.31215376	0.3121787905693054	sub-129405	ses-1		dir-AP	acq-multiband	space-ACPC			DSIStudio	autotrackgqi
CranialNerve_CNVIIIL	rmse	NODDI	/scratch/grmpy/SLURM_11194840_56/job-11194840-56-sub-129405/ds/inputs/data/qsiprep/qsiprep/sub-129405/ses-1/dwi/sub-129405_ses-1_acq-multiband_dir-AP_space-ACPC_desc-preproc_dwi.nii.gz	0.0012033694344163	0.0554641	0.016195111	0.053953707	0.055530924	0.053966995	0.016089961	0.059634835	0.0596396178007125	sub-129405	ses-1		dir-AP	acq-multiband	space-ACPC			DSIStudio	autotrackgqi
CranialNerve_CNVIIIL	tf	NODDI	/scratch/grmpy/SLURM_11194840_56/job-11194840-56-sub-129405/ds/inputs/data/qsiprep/qsiprep/sub-129405/ses-1/dwi/sub-129405_ses-1_acq-multiband_dir-AP_space-ACPC_desc-preproc_dwi.nii.gz	0.0018050541516245	0.8432494	0.20332943	0.9183154	0.84477425	0.9183814	0.20032337	0.7965516	0.7967114448547363	sub-129405	ses-1		dir-AP	acq-multiband	space-ACPC			DSIStudio	autotrackgqi
CranialNerve_CNVR	directions	NODDI	/scratch/grmpy/SLURM_11194840_56/job-11194840-56-sub-129405/ds/inputs/data/qsiprep/qsiprep/sub-129405/ses-1/dwi/sub-129405_ses-1_acq-multiband_dir-AP_space-ACPC_desc-preproc_dwi.nii.gz	4.0	0.019330954	0.57614994	-0.005181786	0.019389756	-0.0068338043	0.5770246	0.03411752		sub-129405	ses-1		dir-AP	acq-multiband	space-ACPC			DSIStudio	autotrackgqi
CranialNerve_CNVR	icvf	NODDI	/scratch/grmpy/SLURM_11194840_56/job-11194840-56-sub-129405/ds/inputs/data/qsiprep/qsiprep/sub-129405/ses-1/dwi/sub-129405_ses-1_acq-multiband_dir-AP_space-ACPC_desc-preproc_dwi.nii.gz	0.0098559514783927	0.6731341	0.18368472	0.6348233	0.67983454	0.6362025	0.17181604	0.6893506	0.6911101341247559	sub-129405	ses-1		dir-AP	acq-multiband	space-ACPC			DSIStudio	autotrackgqi
CranialNerve_CNVR	isovf	NODDI	/scratch/grmpy/SLURM_11194840_56/job-11194840-56-sub-129405/ds/inputs/data/qsiprep/qsiprep/sub-129405/ses-1/dwi/sub-129405_ses-1_acq-multiband_dir-AP_space-ACPC_desc-preproc_dwi.nii.gz	0.0978013646702047	0.26626447	0.23413198	0.2052244	0.29512843	0.22883266	0.22856429	0.2646566	0.279762327671051	sub-129405	ses-1		dir-AP	acq-multiband	space-ACPC			DSIStudio	autotrackgqi
CranialNerve_CNVR	modulated_icvf	NODDI	/scratch/grmpy/SLURM_11194840_56/job-11194840-56-sub-129405/ds/inputs/data/qsiprep/qsiprep/sub-129405/ses-1/dwi/sub-129405_ses-1_acq-multiband_dir-AP_space-ACPC_desc-preproc_dwi.nii.gz	0.0098559514783927	0.46480563	0.12063947	0.48234034	0.46943232	0.48271912	0.111923315	0.4817683	0.4829980134963989	sub-129405	ses-1		dir-AP	acq-multiband	space-ACPC			DSIStudio	autotrackgqi
CranialNerve_CNVR	modulated_od	NODDI	/scratch/grmpy/SLURM_11194840_56/job-11194840-56-sub-129405/ds/inputs/data/qsiprep/qsiprep/sub-129405/ses-1/dwi/sub-129405_ses-1_acq-multiband_dir-AP_space-ACPC_desc-preproc_dwi.nii.gz	0.00303260045489	0.23027672	0.16164781	0.2082254	0.23097718	0.2091315	0.16139302	0.18135567	0.1817014813423156	sub-129405	ses-1		dir-AP	acq-multiband	space-ACPC			DSIStudio	autotrackgqi
CranialNerve_CNVR	nrmse	NODDI	/scratch/grmpy/SLURM_11194840_56/job-11194840-56-sub-129405/ds/inputs/data/qsiprep/qsiprep/sub-129405/ses-1/dwi/sub-129405_ses-1_acq-multiband_dir-AP_space-ACPC_desc-preproc_dwi.nii.gz	0.00303260045489	0.13519843	0.041096345	0.12866889	0.13560967	0.12868187	0.04047564	0.13566242	0.1359210908412933	sub-129405	ses-1		dir-AP	acq-multiband	space-ACPC			DSIStudio	autotrackgqi
CranialNerve_CNVR	od	NODDI	/scratch/grmpy/SLURM_11194840_56/job-11194840-56-sub-129405/ds/inputs/data/qsiprep/qsiprep/sub-129405/ses-1/dwi/sub-129405_ses-1_acq-multiband_dir-AP_space-ACPC_desc-preproc_dwi.nii.gz	0.00303260045489	0.31164023	0.1806298	0.296989	0.31258819	0.29794303	0.18008345	0.24002582	0.2404834926128387	sub-129405	ses-1		dir-AP	acq-multiband	space-ACPC			DSIStudio	autotrackgqi
CranialNerve_CNVR	rmse	NODDI	/scratch/grmpy/SLURM_11194840_56/job-11194840-56-sub-129405/ds/inputs/data/qsiprep/qsiprep/sub-129405/ses-1/dwi/sub-129405_ses-1_acq-multiband_dir-AP_space-ACPC_desc-preproc_dwi.nii.gz	0.00303260045489	0.06437254	0.016576178	0.062166847	0.06456835	0.062170412	0.016216116	0.066538	0.0666648671030998	sub-129405	ses-1		dir-AP	acq-multiband	space-ACPC			DSIStudio	autotrackgqi
CranialNerve_CNVR	tf	NODDI	/scratch/grmpy/SLURM_11194840_56/job-11194840-56-sub-129405/ds/inputs/data/qsiprep/qsiprep/sub-129405/ses-1/dwi/sub-129405_ses-1_acq-multiband_dir-AP_space-ACPC_desc-preproc_dwi.nii.gz	0.0098559514783927	0.73070294	0.2371207	0.7938081	0.7379764	0.79539776	0.22675598	0.73344016	0.7353123426437378	sub-129405	ses-1		dir-AP	acq-multiband	space-ACPC			DSIStudio	autotrackgqi
