bundle	variable_name	qsirecon_suffix	source_file	zero_proportion	mean	stdev	median	masked_mean	masked_median	masked_stdev	weighted_mean	masked_weighted_mean	subject_id	session_id	task_id	dir_id	acq_id	space_id	rec_id	run_id	bundle_source	bundle_params_id
Association_ExtremeCapsuleR	dki_ad	DIPYDKI	/scratch/grmpy/SLURM_11194840_28/job-11194840-28-sub-114935/ds/inputs/data/qsiprep/qsiprep/sub-114935/ses-1/dwi/sub-114935_ses-1_acq-multiband_dir-AP_space-ACPC_desc-preproc_dwi.nii.gz	0.0	0.0013916341122239	0.0004642463754862	0.0013259629486128	0.0013916341122239	0.0013259629486128	0.0004642463754862	0.001417027786374	0.0014170280192047	sub-114935	ses-1		dir-AP	acq-multiband	space-ACPC			DSIStudio	autotrackgqi
Association_ExtremeCapsuleR	dki_ak	DIPYDKI	/scratch/grmpy/SLURM_11194840_28/job-11194840-28-sub-114935/ds/inputs/data/qsiprep/qsiprep/sub-114935/ses-1/dwi/sub-114935_ses-1_acq-multiband_dir-AP_space-ACPC_desc-preproc_dwi.nii.gz	0.0	0.7800931327208701	0.1667467673263939	0.7815585469373432	0.7800931327208701	0.7815585469373432	0.1667467673263939	0.7892785290376066	0.7892785967066891	sub-114935	ses-1		dir-AP	acq-multiband	space-ACPC			DSIStudio	autotrackgqi
Association_ExtremeCapsuleR	dki_fa	DIPYDKI	/scratch/grmpy/SLURM_11194840_28/job-11194840-28-sub-114935/ds/inputs/data/qsiprep/qsiprep/sub-114935/ses-1/dwi/sub-114935_ses-1_acq-multiband_dir-AP_space-ACPC_desc-preproc_dwi.nii.gz	0.0	0.3780834674835205	0.1772940754890442	0.38153275847435	0.3780834674835205	0.38153275847435	0.1772940754890442	0.4476379454135895	0.4476380050182342	sub-114935	ses-1		dir-AP	acq-multiband	space-ACPC			DSIStudio	autotrackgqi
Association_ExtremeCapsuleR	dki_kfa	DIPYDKI	/scratch/grmpy/SLURM_11194840_28/job-11194840-28-sub-114935/ds/inputs/data/qsiprep/qsiprep/sub-114935/ses-1/dwi/sub-114935_ses-1_acq-multiband_dir-AP_space-ACPC_desc-preproc_dwi.nii.gz	0.0018063583815028	0.4802387952804565	0.1474548876285553	0.4978918433189392	0.4811078608036041	0.4981131851673126	0.1461649090051651	0.5128072500228882	0.5136255025863647	sub-114935	ses-1		dir-AP	acq-multiband	space-ACPC			DSIStudio	autotrackgqi
Association_ExtremeCapsuleR	dki_linearity	DIPYDKI	/scratch/grmpy/SLURM_11194840_28/job-11194840-28-sub-114935/ds/inputs/data/qsiprep/qsiprep/sub-114935/ses-1/dwi/sub-114935_ses-1_acq-multiband_dir-AP_space-ACPC_desc-preproc_dwi.nii.gz	0.0	0.1760022044181823	0.1162567660212516	0.1579069793224334	0.1760022044181823	0.1579069793224334	0.1162567660212516	0.218183696269989	0.218183696269989	sub-114935	ses-1		dir-AP	acq-multiband	space-ACPC			DSIStudio	autotrackgqi
Association_ExtremeCapsuleR	dki_md	DIPYDKI	/scratch/grmpy/SLURM_11194840_28/job-11194840-28-sub-114935/ds/inputs/data/qsiprep/qsiprep/sub-114935/ses-1/dwi/sub-114935_ses-1_acq-multiband_dir-AP_space-ACPC_desc-preproc_dwi.nii.gz	0.0	0.0009865554748103	0.0004196900699753	0.0008914683712646	0.0009865554748103	0.0008914683712646	0.0004196900699753	0.0009291993919759	0.0009291994501836	sub-114935	ses-1		dir-AP	acq-multiband	space-ACPC			DSIStudio	autotrackgqi
Association_ExtremeCapsuleR	dki_mk	DIPYDKI	/scratch/grmpy/SLURM_11194840_28/job-11194840-28-sub-114935/ds/inputs/data/qsiprep/qsiprep/sub-114935/ses-1/dwi/sub-114935_ses-1_acq-multiband_dir-AP_space-ACPC_desc-preproc_dwi.nii.gz	0.0	0.967986757211131	0.2582458807319672	1.0145891852434876	0.967986757211131	1.0145891852434876	0.2582458807319672	1.0372618165913243	1.0372619056593968	sub-114935	ses-1		dir-AP	acq-multiband	space-ACPC			DSIStudio	autotrackgqi
Association_ExtremeCapsuleR	dki_mkt	DIPYDKI	/scratch/grmpy/SLURM_11194840_28/job-11194840-28-sub-114935/ds/inputs/data/qsiprep/qsiprep/sub-114935/ses-1/dwi/sub-114935_ses-1_acq-multiband_dir-AP_space-ACPC_desc-preproc_dwi.nii.gz	0.0	0.940520873585496	0.2264499456171881	0.98122916897834	0.940520873585496	0.98122916897834	0.2264499456171881	0.996325407352946	0.9963254928850336	sub-114935	ses-1		dir-AP	acq-multiband	space-ACPC			DSIStudio	autotrackgqi
Association_ExtremeCapsuleR	dki_planarity	DIPYDKI	/scratch/grmpy/SLURM_11194840_28/job-11194840-28-sub-114935/ds/inputs/data/qsiprep/qsiprep/sub-114935/ses-1/dwi/sub-114935_ses-1_acq-multiband_dir-AP_space-ACPC_desc-preproc_dwi.nii.gz	0.0	0.1812206506729126	0.1081981807947158	0.1673039495944976	0.1812206506729126	0.1673039495944976	0.1081981807947158	0.2021307796239853	0.2021308094263076	sub-114935	ses-1		dir-AP	acq-multiband	space-ACPC			DSIStudio	autotrackgqi
Association_ExtremeCapsuleR	dki_rd	DIPYDKI	/scratch/grmpy/SLURM_11194840_28/job-11194840-28-sub-114935/ds/inputs/data/qsiprep/qsiprep/sub-114935/ses-1/dwi/sub-114935_ses-1_acq-multiband_dir-AP_space-ACPC_desc-preproc_dwi.nii.gz	0.0	0.0007840161561034	0.000436642760178	0.0006917740684002	0.0007840161561034	0.0006917740684002	0.000436642760178	0.0006852851947769	0.0006852851947769	sub-114935	ses-1		dir-AP	acq-multiband	space-ACPC			DSIStudio	autotrackgqi
Association_ExtremeCapsuleR	dki_rk	DIPYDKI	/scratch/grmpy/SLURM_11194840_28/job-11194840-28-sub-114935/ds/inputs/data/qsiprep/qsiprep/sub-114935/ses-1/dwi/sub-114935_ses-1_acq-multiband_dir-AP_space-ACPC_desc-preproc_dwi.nii.gz	0.0	1.2591199997888367	0.5235703822765115	1.2753394924726182	1.2591199997888367	1.2753394924726182	0.5235703822765115	1.4412817813622365	1.4412819052423358	sub-114935	ses-1		dir-AP	acq-multiband	space-ACPC			DSIStudio	autotrackgqi
Association_ExtremeCapsuleR	dki_sphericity	DIPYDKI	/scratch/grmpy/SLURM_11194840_28/job-11194840-28-sub-114935/ds/inputs/data/qsiprep/qsiprep/sub-114935/ses-1/dwi/sub-114935_ses-1_acq-multiband_dir-AP_space-ACPC_desc-preproc_dwi.nii.gz	0.0	0.642777144908905	0.1730109751224517	0.6448098421096802	0.642777144908905	0.6448098421096802	0.1730109751224517	0.5796855688095093	0.5796855688095093	sub-114935	ses-1		dir-AP	acq-multiband	space-ACPC			DSIStudio	autotrackgqi
Association_UncinateFasciculusR	dki_ad	DIPYDKI	/scratch/grmpy/SLURM_11194840_28/job-11194840-28-sub-114935/ds/inputs/data/qsiprep/qsiprep/sub-114935/ses-1/dwi/sub-114935_ses-1_acq-multiband_dir-AP_space-ACPC_desc-preproc_dwi.nii.gz	0.0010124019235636	0.0013642790727317	0.0004718415439128	0.001290013664402	0.0013656616210937	0.0012903433525934	0.000470076513011	0.0013943285448476	0.0013943640515208	sub-114935	ses-1		dir-AP	acq-multiband	space-ACPC			DSIStudio	autotrackgqi
Association_UncinateFasciculusR	dki_ak	DIPYDKI	/scratch/grmpy/SLURM_11194840_28/job-11194840-28-sub-114935/ds/inputs/data/qsiprep/qsiprep/sub-114935/ses-1/dwi/sub-114935_ses-1_acq-multiband_dir-AP_space-ACPC_desc-preproc_dwi.nii.gz	0.0012655024044545	0.7237649409357981	0.1722448297154713	0.7374351263859301	0.7246820277844243	0.7376440663170554	0.1704150165385826	0.7172197124203225	0.717243567559385	sub-114935	ses-1		dir-AP	acq-multiband	space-ACPC			DSIStudio	autotrackgqi
Association_UncinateFasciculusR	dki_fa	DIPYDKI	/scratch/grmpy/SLURM_11194840_28/job-11194840-28-sub-114935/ds/inputs/data/qsiprep/qsiprep/sub-114935/ses-1/dwi/sub-114935_ses-1_acq-multiband_dir-AP_space-ACPC_desc-preproc_dwi.nii.gz	0.0010124019235636	0.2923962771892547	0.1380340307950973	0.2735390365123749	0.2926926016807556	0.273667424917221	0.1377895921468734	0.3733220100402832	0.3733315169811249	sub-114935	ses-1		dir-AP	acq-multiband	space-ACPC			DSIStudio	autotrackgqi
Association_UncinateFasciculusR	dki_kfa	DIPYDKI	/scratch/grmpy/SLURM_11194840_28/job-11194840-28-sub-114935/ds/inputs/data/qsiprep/qsiprep/sub-114935/ses-1/dwi/sub-114935_ses-1_acq-multiband_dir-AP_space-ACPC_desc-preproc_dwi.nii.gz	0.0070868134649455	0.4996030330657959	0.1706442385911941	0.4982985258102417	0.5031689405441284	0.4993040561676025	0.1659308969974517	0.5315431952476501	0.532289445400238	sub-114935	ses-1		dir-AP	acq-multiband	space-ACPC			DSIStudio	autotrackgqi
Association_UncinateFasciculusR	dki_linearity	DIPYDKI	/scratch/grmpy/SLURM_11194840_28/job-11194840-28-sub-114935/ds/inputs/data/qsiprep/qsiprep/sub-114935/ses-1/dwi/sub-114935_ses-1_acq-multiband_dir-AP_space-ACPC_desc-preproc_dwi.nii.gz	0.0010124019235636	0.1219445168972015	0.0863065719604492	0.1016194596886634	0.1220680996775627	0.1016384437680244	0.08626289665699	0.1733781397342682	0.1733825653791427	sub-114935	ses-1		dir-AP	acq-multiband	space-ACPC			DSIStudio	autotrackgqi
Association_UncinateFasciculusR	dki_md	DIPYDKI	/scratch/grmpy/SLURM_11194840_28/job-11194840-28-sub-114935/ds/inputs/data/qsiprep/qsiprep/sub-114935/ses-1/dwi/sub-114935_ses-1_acq-multiband_dir-AP_space-ACPC_desc-preproc_dwi.nii.gz	0.0010124019235636	0.0010452868882566	0.0004124863189645	0.0009599992190487	0.0010463462676852	0.0009600613266229	0.0004113501927349	0.0009794160723686	0.0009794409852474	sub-114935	ses-1		dir-AP	acq-multiband	space-ACPC			DSIStudio	autotrackgqi
Association_UncinateFasciculusR	dki_mk	DIPYDKI	/scratch/grmpy/SLURM_11194840_28/job-11194840-28-sub-114935/ds/inputs/data/qsiprep/qsiprep/sub-114935/ses-1/dwi/sub-114935_ses-1_acq-multiband_dir-AP_space-ACPC_desc-preproc_dwi.nii.gz	0.0012655024044545	0.765864573571108	0.2391793730724528	0.7806335550152836	0.7668350051138996	0.7812047384296871	0.2377711056182619	0.8424053616912052	0.8424333805581627	sub-114935	ses-1		dir-AP	acq-multiband	space-ACPC			DSIStudio	autotrackgqi
Association_UncinateFasciculusR	dki_mkt	DIPYDKI	/scratch/grmpy/SLURM_11194840_28/job-11194840-28-sub-114935/ds/inputs/data/qsiprep/qsiprep/sub-114935/ses-1/dwi/sub-114935_ses-1_acq-multiband_dir-AP_space-ACPC_desc-preproc_dwi.nii.gz	0.0010124019235636	0.7779480749259259	0.2131399494441004	0.7958900134786416	0.7787364692253188	0.7962248937101931	0.2118035063593868	0.8439119642608313	0.8439334437983119	sub-114935	ses-1		dir-AP	acq-multiband	space-ACPC			DSIStudio	autotrackgqi
Association_UncinateFasciculusR	dki_planarity	DIPYDKI	/scratch/grmpy/SLURM_11194840_28/job-11194840-28-sub-114935/ds/inputs/data/qsiprep/qsiprep/sub-114935/ses-1/dwi/sub-114935_ses-1_acq-multiband_dir-AP_space-ACPC_desc-preproc_dwi.nii.gz	0.0010124019235636	0.154200330376625	0.0972432941198349	0.1349642872810363	0.1543565988540649	0.1350107192993164	0.0971685126423835	0.1670668423175811	0.1670711040496826	sub-114935	ses-1		dir-AP	acq-multiband	space-ACPC			DSIStudio	autotrackgqi
Association_UncinateFasciculusR	dki_rd	DIPYDKI	/scratch/grmpy/SLURM_11194840_28/job-11194840-28-sub-114935/ds/inputs/data/qsiprep/qsiprep/sub-114935/ses-1/dwi/sub-114935_ses-1_acq-multiband_dir-AP_space-ACPC_desc-preproc_dwi.nii.gz	0.0010124019235636	0.0008857908542267	0.0004089644062332	0.0008087048190645	0.0008866885327734	0.0008088786853477	0.0004081977822352	0.0007719598943367	0.0007719795685261	sub-114935	ses-1		dir-AP	acq-multiband	space-ACPC			DSIStudio	autotrackgqi
Association_UncinateFasciculusR	dki_rk	DIPYDKI	/scratch/grmpy/SLURM_11194840_28/job-11194840-28-sub-114935/ds/inputs/data/qsiprep/qsiprep/sub-114935/ses-1/dwi/sub-114935_ses-1_acq-multiband_dir-AP_space-ACPC_desc-preproc_dwi.nii.gz	0.0012655024044545	0.8421921837487132	0.4213629139670954	0.8166595334565371	0.8432593304589877	0.81742820607369	0.4205612848676631	1.0284712095162951	1.0285054172093506	sub-114935	ses-1		dir-AP	acq-multiband	space-ACPC			DSIStudio	autotrackgqi
Association_UncinateFasciculusR	dki_sphericity	DIPYDKI	/scratch/grmpy/SLURM_11194840_28/job-11194840-28-sub-114935/ds/inputs/data/qsiprep/qsiprep/sub-114935/ses-1/dwi/sub-114935_ses-1_acq-multiband_dir-AP_space-ACPC_desc-preproc_dwi.nii.gz	0.0010124019235636	0.7228427529335022	0.1350550651550293	0.7418776750564575	0.7235752940177917	0.7420833110809326	0.133147656917572	0.6595295667648315	0.6595463752746582	sub-114935	ses-1		dir-AP	acq-multiband	space-ACPC			DSIStudio	autotrackgqi
Association_HippocampusAlveusL	dki_ad	DIPYDKI	/scratch/grmpy/SLURM_11194840_28/job-11194840-28-sub-114935/ds/inputs/data/qsiprep/qsiprep/sub-114935/ses-1/dwi/sub-114935_ses-1_acq-multiband_dir-AP_space-ACPC_desc-preproc_dwi.nii.gz	0.0	0.0016492021968588	0.0008357276092283	0.0014078536769375	0.0016492021968588	0.0014078536769375	0.0008357276092283	0.0017344541847705	0.0017344541847705	sub-114935	ses-1		dir-AP	acq-multiband	space-ACPC			DSIStudio	autotrackgqi
Association_HippocampusAlveusL	dki_ak	DIPYDKI	/scratch/grmpy/SLURM_11194840_28/job-11194840-28-sub-114935/ds/inputs/data/qsiprep/qsiprep/sub-114935/ses-1/dwi/sub-114935_ses-1_acq-multiband_dir-AP_space-ACPC_desc-preproc_dwi.nii.gz	0.0003815337657382	0.7272047730492237	0.1615453399074478	0.7305721717747266	0.7274823321229066	0.7306157568322202	0.1609501108146224	0.7217924825055602	0.7217977297808706	sub-114935	ses-1		dir-AP	acq-multiband	space-ACPC			DSIStudio	autotrackgqi
Association_HippocampusAlveusL	dki_fa	DIPYDKI	/scratch/grmpy/SLURM_11194840_28/job-11194840-28-sub-114935/ds/inputs/data/qsiprep/qsiprep/sub-114935/ses-1/dwi/sub-114935_ses-1_acq-multiband_dir-AP_space-ACPC_desc-preproc_dwi.nii.gz	0.0	0.3215096890926361	0.1732632368803024	0.2806761562824249	0.3215096890926361	0.2806761562824249	0.1732632368803024	0.3490943312644958	0.3490943312644958	sub-114935	ses-1		dir-AP	acq-multiband	space-ACPC			DSIStudio	autotrackgqi
Association_HippocampusAlveusL	dki_kfa	DIPYDKI	/scratch/grmpy/SLURM_11194840_28/job-11194840-28-sub-114935/ds/inputs/data/qsiprep/qsiprep/sub-114935/ses-1/dwi/sub-114935_ses-1_acq-multiband_dir-AP_space-ACPC_desc-preproc_dwi.nii.gz	0.0019076688286913	0.5116919279098511	0.1992599964141845	0.5109024047851562	0.5126699209213257	0.5111142992973328	0.1981894075870514	0.4839292466640472	0.4842669665813446	sub-114935	ses-1		dir-AP	acq-multiband	space-ACPC			DSIStudio	autotrackgqi
Association_HippocampusAlveusL	dki_linearity	DIPYDKI	/scratch/grmpy/SLURM_11194840_28/job-11194840-28-sub-114935/ds/inputs/data/qsiprep/qsiprep/sub-114935/ses-1/dwi/sub-114935_ses-1_acq-multiband_dir-AP_space-ACPC_desc-preproc_dwi.nii.gz	0.0	0.146707609295845	0.1223489493131637	0.1081288084387779	0.146707609295845	0.1081288084387779	0.1223489493131637	0.1683705151081085	0.1683705151081085	sub-114935	ses-1		dir-AP	acq-multiband	space-ACPC			DSIStudio	autotrackgqi
Association_HippocampusAlveusL	dki_md	DIPYDKI	/scratch/grmpy/SLURM_11194840_28/job-11194840-28-sub-114935/ds/inputs/data/qsiprep/qsiprep/sub-114935/ses-1/dwi/sub-114935_ses-1_acq-multiband_dir-AP_space-ACPC_desc-preproc_dwi.nii.gz	0.0	0.0012255994370207	0.0006527775549329	0.0009906829800456	0.0012255994370207	0.0009906829800456	0.0006527775549329	0.0012549466919153	0.0012549466919153	sub-114935	ses-1		dir-AP	acq-multiband	space-ACPC			DSIStudio	autotrackgqi
Association_HippocampusAlveusL	dki_mk	DIPYDKI	/scratch/grmpy/SLURM_11194840_28/job-11194840-28-sub-114935/ds/inputs/data/qsiprep/qsiprep/sub-114935/ses-1/dwi/sub-114935_ses-1_acq-multiband_dir-AP_space-ACPC_desc-preproc_dwi.nii.gz	0.0003815337657382	0.7634346101991862	0.2581090411803654	0.7771697811082127	0.7637259974549874	0.7772520880342493	0.2577269188562952	0.8076604854088386	0.8076663564816602	sub-114935	ses-1		dir-AP	acq-multiband	space-ACPC			DSIStudio	autotrackgqi
Association_HippocampusAlveusL	dki_mkt	DIPYDKI	/scratch/grmpy/SLURM_11194840_28/job-11194840-28-sub-114935/ds/inputs/data/qsiprep/qsiprep/sub-114935/ses-1/dwi/sub-114935_ses-1_acq-multiband_dir-AP_space-ACPC_desc-preproc_dwi.nii.gz	0.0	0.7787529712015893	0.2175904240645266	0.794619139059975	0.7787529712015893	0.794619139059975	0.2175904240645266	0.812888318307978	0.812888318307978	sub-114935	ses-1		dir-AP	acq-multiband	space-ACPC			DSIStudio	autotrackgqi
Association_HippocampusAlveusL	dki_planarity	DIPYDKI	/scratch/grmpy/SLURM_11194840_28/job-11194840-28-sub-114935/ds/inputs/data/qsiprep/qsiprep/sub-114935/ses-1/dwi/sub-114935_ses-1_acq-multiband_dir-AP_space-ACPC_desc-preproc_dwi.nii.gz	0.0	0.1536176204681396	0.0991400033235549	0.130152478814125	0.1536176204681396	0.130152478814125	0.0991400033235549	0.146628201007843	0.146628201007843	sub-114935	ses-1		dir-AP	acq-multiband	space-ACPC			DSIStudio	autotrackgqi
Association_HippocampusAlveusL	dki_rd	DIPYDKI	/scratch/grmpy/SLURM_11194840_28/job-11194840-28-sub-114935/ds/inputs/data/qsiprep/qsiprep/sub-114935/ses-1/dwi/sub-114935_ses-1_acq-multiband_dir-AP_space-ACPC_desc-preproc_dwi.nii.gz	0.0	0.001013797824271	0.000600314408075	0.0008244816563092	0.001013797824271	0.0008244816563092	0.000600314408075	0.0010151929454877	0.0010151929454877	sub-114935	ses-1		dir-AP	acq-multiband	space-ACPC			DSIStudio	autotrackgqi
Association_HippocampusAlveusL	dki_rk	DIPYDKI	/scratch/grmpy/SLURM_11194840_28/job-11194840-28-sub-114935/ds/inputs/data/qsiprep/qsiprep/sub-114935/ses-1/dwi/sub-114935_ses-1_acq-multiband_dir-AP_space-ACPC_desc-preproc_dwi.nii.gz	0.0003815337657382	0.8760382396714032	0.5311744090816841	0.8244968395906362	0.8763726054117358	0.8246871680820158	0.5309999183594574	0.9814623980446744	0.9814695320660624	sub-114935	ses-1		dir-AP	acq-multiband	space-ACPC			DSIStudio	autotrackgqi
Association_HippocampusAlveusL	dki_sphericity	DIPYDKI	/scratch/grmpy/SLURM_11194840_28/job-11194840-28-sub-114935/ds/inputs/data/qsiprep/qsiprep/sub-114935/ses-1/dwi/sub-114935_ses-1_acq-multiband_dir-AP_space-ACPC_desc-preproc_dwi.nii.gz	0.0	0.6996747851371765	0.1650384366512298	0.7375979423522949	0.6996747851371765	0.7375979423522949	0.1650384366512298	0.6850012540817261	0.6850012540817261	sub-114935	ses-1		dir-AP	acq-multiband	space-ACPC			DSIStudio	autotrackgqi
Association_SuperiorLongitudinalFasciculusR	dki_ad	DIPYDKI	/scratch/grmpy/SLURM_11194840_28/job-11194840-28-sub-114935/ds/inputs/data/qsiprep/qsiprep/sub-114935/ses-1/dwi/sub-114935_ses-1_acq-multiband_dir-AP_space-ACPC_desc-preproc_dwi.nii.gz	0.0	0.00126586004626	0.0002827844000421	0.0012269192375242	0.00126586004626	0.0012269192375242	0.0002827844000421	0.0013354645343497	0.0013354645343497	sub-114935	ses-1		dir-AP	acq-multiband	space-ACPC			DSIStudio	autotrackgqi
Association_SuperiorLongitudinalFasciculusR	dki_ak	DIPYDKI	/scratch/grmpy/SLURM_11194840_28/job-11194840-28-sub-114935/ds/inputs/data/qsiprep/qsiprep/sub-114935/ses-1/dwi/sub-114935_ses-1_acq-multiband_dir-AP_space-ACPC_desc-preproc_dwi.nii.gz	0.0	0.7902779121379926	0.1734441511373604	0.7836225576698916	0.7902779121379926	0.7836225576698916	0.1734441511373604	0.8432475059350123	0.8432475059350123	sub-114935	ses-1		dir-AP	acq-multiband	space-ACPC			DSIStudio	autotrackgqi
Association_SuperiorLongitudinalFasciculusR	dki_fa	DIPYDKI	/scratch/grmpy/SLURM_11194840_28/job-11194840-28-sub-114935/ds/inputs/data/qsiprep/qsiprep/sub-114935/ses-1/dwi/sub-114935_ses-1_acq-multiband_dir-AP_space-ACPC_desc-preproc_dwi.nii.gz	0.0	0.3431994616985321	0.1795661598443985	0.3343768715858459	0.3431994616985321	0.3343768715858459	0.1795661598443985	0.4618368744850158	0.4618368744850158	sub-114935	ses-1		dir-AP	acq-multiband	space-ACPC			DSIStudio	autotrackgqi
Association_SuperiorLongitudinalFasciculusR	dki_kfa	DIPYDKI	/scratch/grmpy/SLURM_11194840_28/job-11194840-28-sub-114935/ds/inputs/data/qsiprep/qsiprep/sub-114935/ses-1/dwi/sub-114935_ses-1_acq-multiband_dir-AP_space-ACPC_desc-preproc_dwi.nii.gz	0.000791407574901	0.4613517820835113	0.1447649598121643	0.4659315645694732	0.4617171883583069	0.4662840068340301	0.1442386209964752	0.516974687576294	0.5170510411262512	sub-114935	ses-1		dir-AP	acq-multiband	space-ACPC			DSIStudio	autotrackgqi
Association_SuperiorLongitudinalFasciculusR	dki_linearity	DIPYDKI	/scratch/grmpy/SLURM_11194840_28/job-11194840-28-sub-114935/ds/inputs/data/qsiprep/qsiprep/sub-114935/ses-1/dwi/sub-114935_ses-1_acq-multiband_dir-AP_space-ACPC_desc-preproc_dwi.nii.gz	0.0	0.1494916081428527	0.1123992204666137	0.1205009445548057	0.1494916081428527	0.1205009445548057	0.1123992204666137	0.2112737298011779	0.2112737298011779	sub-114935	ses-1		dir-AP	acq-multiband	space-ACPC			DSIStudio	autotrackgqi
Association_SuperiorLongitudinalFasciculusR	dki_md	DIPYDKI	/scratch/grmpy/SLURM_11194840_28/job-11194840-28-sub-114935/ds/inputs/data/qsiprep/qsiprep/sub-114935/ses-1/dwi/sub-114935_ses-1_acq-multiband_dir-AP_space-ACPC_desc-preproc_dwi.nii.gz	0.0	0.0009217726183123	0.0002255538420286	0.0008759005577303	0.0009217726183123	0.0008759005577303	0.0002255538420286	0.0008699787431396	0.0008699787431396	sub-114935	ses-1		dir-AP	acq-multiband	space-ACPC			DSIStudio	autotrackgqi
Association_SuperiorLongitudinalFasciculusR	dki_mk	DIPYDKI	/scratch/grmpy/SLURM_11194840_28/job-11194840-28-sub-114935/ds/inputs/data/qsiprep/qsiprep/sub-114935/ses-1/dwi/sub-114935_ses-1_acq-multiband_dir-AP_space-ACPC_desc-preproc_dwi.nii.gz	0.0	0.966727427383898	0.2715956155256589	0.971474694607272	0.966727427383898	0.971474694607272	0.2715956155256589	1.139521753170485	1.139521753170485	sub-114935	ses-1		dir-AP	acq-multiband	space-ACPC			DSIStudio	autotrackgqi
Association_SuperiorLongitudinalFasciculusR	dki_mkt	DIPYDKI	/scratch/grmpy/SLURM_11194840_28/job-11194840-28-sub-114935/ds/inputs/data/qsiprep/qsiprep/sub-114935/ses-1/dwi/sub-114935_ses-1_acq-multiband_dir-AP_space-ACPC_desc-preproc_dwi.nii.gz	0.0	0.940031605935746	0.2376453778115733	0.9554165727243288	0.940031605935746	0.9554165727243288	0.2376453778115733	1.0866342198047478	1.0866342198047478	sub-114935	ses-1		dir-AP	acq-multiband	space-ACPC			DSIStudio	autotrackgqi
Association_SuperiorLongitudinalFasciculusR	dki_planarity	DIPYDKI	/scratch/grmpy/SLURM_11194840_28/job-11194840-28-sub-114935/ds/inputs/data/qsiprep/qsiprep/sub-114935/ses-1/dwi/sub-114935_ses-1_acq-multiband_dir-AP_space-ACPC_desc-preproc_dwi.nii.gz	0.0	0.1819347143173217	0.1211685314774513	0.1572088450193405	0.1819347143173217	0.1572088450193405	0.1211685314774513	0.2415138632059097	0.2415138632059097	sub-114935	ses-1		dir-AP	acq-multiband	space-ACPC			DSIStudio	autotrackgqi
Association_SuperiorLongitudinalFasciculusR	dki_rd	DIPYDKI	/scratch/grmpy/SLURM_11194840_28/job-11194840-28-sub-114935/ds/inputs/data/qsiprep/qsiprep/sub-114935/ses-1/dwi/sub-114935_ses-1_acq-multiband_dir-AP_space-ACPC_desc-preproc_dwi.nii.gz	0.0	0.0007497290498577	0.0002608837676234	0.000713022716809	0.0007497290498577	0.000713022716809	0.0002608837676234	0.0006372358766384	0.0006372358766384	sub-114935	ses-1		dir-AP	acq-multiband	space-ACPC			DSIStudio	autotrackgqi
Association_SuperiorLongitudinalFasciculusR	dki_rk	DIPYDKI	/scratch/grmpy/SLURM_11194840_28/job-11194840-28-sub-114935/ds/inputs/data/qsiprep/qsiprep/sub-114935/ses-1/dwi/sub-114935_ses-1_acq-multiband_dir-AP_space-ACPC_desc-preproc_dwi.nii.gz	0.0	1.2333887535103416	0.5460516835260382	1.184217667343021	1.2333887535103416	1.184217667343021	0.5460516835260382	1.600339776197129	1.600339776197129	sub-114935	ses-1		dir-AP	acq-multiband	space-ACPC			DSIStudio	autotrackgqi
Association_SuperiorLongitudinalFasciculusR	dki_sphericity	DIPYDKI	/scratch/grmpy/SLURM_11194840_28/job-11194840-28-sub-114935/ds/inputs/data/qsiprep/qsiprep/sub-114935/ses-1/dwi/sub-114935_ses-1_acq-multiband_dir-AP_space-ACPC_desc-preproc_dwi.nii.gz	0.0	0.6685736775398254	0.1787379384040832	0.6819034218788147	0.6685736775398254	0.6819034218788147	0.1787379384040832	0.5472123622894287	0.5472123622894287	sub-114935	ses-1		dir-AP	acq-multiband	space-ACPC			DSIStudio	autotrackgqi
Association_FrontalAslantTractR	dki_ad	DIPYDKI	/scratch/grmpy/SLURM_11194840_28/job-11194840-28-sub-114935/ds/inputs/data/qsiprep/qsiprep/sub-114935/ses-1/dwi/sub-114935_ses-1_acq-multiband_dir-AP_space-ACPC_desc-preproc_dwi.nii.gz	0.0	0.0013386895880103	0.0002932423376478	0.0013033407740294	0.0013386895880103	0.0013033407740294	0.0002932423376478	0.0014046216383576	0.0014046216383576	sub-114935	ses-1		dir-AP	acq-multiband	space-ACPC			DSIStudio	autotrackgqi
Association_FrontalAslantTractR	dki_ak	DIPYDKI	/scratch/grmpy/SLURM_11194840_28/job-11194840-28-sub-114935/ds/inputs/data/qsiprep/qsiprep/sub-114935/ses-1/dwi/sub-114935_ses-1_acq-multiband_dir-AP_space-ACPC_desc-preproc_dwi.nii.gz	0.0	0.7835140861043921	0.1722141145075109	0.7779811636964984	0.7835140861043921	0.7779811636964984	0.1722141145075109	0.8284755222172988	0.8284755222172988	sub-114935	ses-1		dir-AP	acq-multiband	space-ACPC			DSIStudio	autotrackgqi
Association_FrontalAslantTractR	dki_fa	DIPYDKI	/scratch/grmpy/SLURM_11194840_28/job-11194840-28-sub-114935/ds/inputs/data/qsiprep/qsiprep/sub-114935/ses-1/dwi/sub-114935_ses-1_acq-multiband_dir-AP_space-ACPC_desc-preproc_dwi.nii.gz	0.0	0.3530315458774566	0.1737904548645019	0.3442041575908661	0.3530315458774566	0.3442041575908661	0.1737904548645019	0.4385424852371216	0.4385424852371216	sub-114935	ses-1		dir-AP	acq-multiband	space-ACPC			DSIStudio	autotrackgqi
Association_FrontalAslantTractR	dki_kfa	DIPYDKI	/scratch/grmpy/SLURM_11194840_28/job-11194840-28-sub-114935/ds/inputs/data/qsiprep/qsiprep/sub-114935/ses-1/dwi/sub-114935_ses-1_acq-multiband_dir-AP_space-ACPC_desc-preproc_dwi.nii.gz	0.0012306610407876	0.4697676002979278	0.1397375911474228	0.4753663837909698	0.4703464210033417	0.4754626154899597	0.138846680521965	0.4951728582382202	0.4952592849731445	sub-114935	ses-1		dir-AP	acq-multiband	space-ACPC			DSIStudio	autotrackgqi
Association_FrontalAslantTractR	dki_linearity	DIPYDKI	/scratch/grmpy/SLURM_11194840_28/job-11194840-28-sub-114935/ds/inputs/data/qsiprep/qsiprep/sub-114935/ses-1/dwi/sub-114935_ses-1_acq-multiband_dir-AP_space-ACPC_desc-preproc_dwi.nii.gz	0.0	0.1577080488204956	0.1124994382262229	0.1309381127357483	0.1577080488204956	0.1309381127357483	0.1124994382262229	0.204619288444519	0.204619288444519	sub-114935	ses-1		dir-AP	acq-multiband	space-ACPC			DSIStudio	autotrackgqi
Association_FrontalAslantTractR	dki_md	DIPYDKI	/scratch/grmpy/SLURM_11194840_28/job-11194840-28-sub-114935/ds/inputs/data/qsiprep/qsiprep/sub-114935/ses-1/dwi/sub-114935_ses-1_acq-multiband_dir-AP_space-ACPC_desc-preproc_dwi.nii.gz	0.0	0.0009655358735471	0.0002425778075121	0.0009131315746344	0.0009655358735471	0.0009131315746344	0.0002425778075121	0.0009310925379395	0.0009310925379395	sub-114935	ses-1		dir-AP	acq-multiband	space-ACPC			DSIStudio	autotrackgqi
Association_FrontalAslantTractR	dki_mk	DIPYDKI	/scratch/grmpy/SLURM_11194840_28/job-11194840-28-sub-114935/ds/inputs/data/qsiprep/qsiprep/sub-114935/ses-1/dwi/sub-114935_ses-1_acq-multiband_dir-AP_space-ACPC_desc-preproc_dwi.nii.gz	0.0	0.9782808173985766	0.2734000625439413	1.0153126819251908	0.9782808173985766	1.0153126819251908	0.2734000625439413	1.1376420764308486	1.1376420764308486	sub-114935	ses-1		dir-AP	acq-multiband	space-ACPC			DSIStudio	autotrackgqi
Association_FrontalAslantTractR	dki_mkt	DIPYDKI	/scratch/grmpy/SLURM_11194840_28/job-11194840-28-sub-114935/ds/inputs/data/qsiprep/qsiprep/sub-114935/ses-1/dwi/sub-114935_ses-1_acq-multiband_dir-AP_space-ACPC_desc-preproc_dwi.nii.gz	0.0	0.9490169093769116	0.2398058541615967	0.9872664239116028	0.9490169093769116	0.9872664239116028	0.2398058541615967	1.0849650189979358	1.0849650189979358	sub-114935	ses-1		dir-AP	acq-multiband	space-ACPC			DSIStudio	autotrackgqi
Association_FrontalAslantTractR	dki_planarity	DIPYDKI	/scratch/grmpy/SLURM_11194840_28/job-11194840-28-sub-114935/ds/inputs/data/qsiprep/qsiprep/sub-114935/ses-1/dwi/sub-114935_ses-1_acq-multiband_dir-AP_space-ACPC_desc-preproc_dwi.nii.gz	0.0	0.1786003857851028	0.1139699220657348	0.1596964001655578	0.1786003857851028	0.1596964001655578	0.1139699220657348	0.2119292616844177	0.2119292616844177	sub-114935	ses-1		dir-AP	acq-multiband	space-ACPC			DSIStudio	autotrackgqi
Association_FrontalAslantTractR	dki_rd	DIPYDKI	/scratch/grmpy/SLURM_11194840_28/job-11194840-28-sub-114935/ds/inputs/data/qsiprep/qsiprep/sub-114935/ses-1/dwi/sub-114935_ses-1_acq-multiband_dir-AP_space-ACPC_desc-preproc_dwi.nii.gz	0.0	0.0007789589581079	0.0002794340252876	0.0007422802736982	0.0007789589581079	0.0007422802736982	0.0002794340252876	0.0006943279877305	0.0006943279877305	sub-114935	ses-1		dir-AP	acq-multiband	space-ACPC			DSIStudio	autotrackgqi
Association_FrontalAslantTractR	dki_rk	DIPYDKI	/scratch/grmpy/SLURM_11194840_28/job-11194840-28-sub-114935/ds/inputs/data/qsiprep/qsiprep/sub-114935/ses-1/dwi/sub-114935_ses-1_acq-multiband_dir-AP_space-ACPC_desc-preproc_dwi.nii.gz	0.0	1.249571482495193	0.5355887620544904	1.2537015815132206	1.249571482495193	1.2537015815132206	0.5355887620544904	1.5540554999960825	1.5540554999960825	sub-114935	ses-1		dir-AP	acq-multiband	space-ACPC			DSIStudio	autotrackgqi
Association_FrontalAslantTractR	dki_sphericity	DIPYDKI	/scratch/grmpy/SLURM_11194840_28/job-11194840-28-sub-114935/ds/inputs/data/qsiprep/qsiprep/sub-114935/ses-1/dwi/sub-114935_ses-1_acq-multiband_dir-AP_space-ACPC_desc-preproc_dwi.nii.gz	0.0	0.663691520690918	0.1693228334188461	0.6720529198646545	0.663691520690918	0.6720529198646545	0.1693228334188461	0.5834514498710632	0.5834514498710632	sub-114935	ses-1		dir-AP	acq-multiband	space-ACPC			DSIStudio	autotrackgqi
Association_ArcuateFasciculusL	dki_ad	DIPYDKI	/scratch/grmpy/SLURM_11194840_28/job-11194840-28-sub-114935/ds/inputs/data/qsiprep/qsiprep/sub-114935/ses-1/dwi/sub-114935_ses-1_acq-multiband_dir-AP_space-ACPC_desc-preproc_dwi.nii.gz	0.00046992481203	0.0012616757303476	0.0002904873399529	0.0012332648038864	0.0012622688664123	0.0012333552585914	0.0002892642805818	0.0013655133079737	0.0013655248330906	sub-114935	ses-1		dir-AP	acq-multiband	space-ACPC			DSIStudio	autotrackgqi
Association_ArcuateFasciculusL	dki_ak	DIPYDKI	/scratch/grmpy/SLURM_11194840_28/job-11194840-28-sub-114935/ds/inputs/data/qsiprep/qsiprep/sub-114935/ses-1/dwi/sub-114935_ses-1_acq-multiband_dir-AP_space-ACPC_desc-preproc_dwi.nii.gz	0.0021929824561403	0.7880536478322151	0.1915646499443606	0.7873870483202738	0.7897856338714068	0.7879269678754859	0.1881748394364767	0.8306085574217015	0.8308591444375089	sub-114935	ses-1		dir-AP	acq-multiband	space-ACPC			DSIStudio	autotrackgqi
Association_ArcuateFasciculusL	dki_fa	DIPYDKI	/scratch/grmpy/SLURM_11194840_28/job-11194840-28-sub-114935/ds/inputs/data/qsiprep/qsiprep/sub-114935/ses-1/dwi/sub-114935_ses-1_acq-multiband_dir-AP_space-ACPC_desc-preproc_dwi.nii.gz	0.00046992481203	0.3606089353561401	0.183812215924263	0.3640990257263183	0.3607784807682037	0.3642065227031708	0.183688998222351	0.4849884808063507	0.4849925339221954	sub-114935	ses-1		dir-AP	acq-multiband	space-ACPC			DSIStudio	autotrackgqi
Association_ArcuateFasciculusL	dki_kfa	DIPYDKI	/scratch/grmpy/SLURM_11194840_28/job-11194840-28-sub-114935/ds/inputs/data/qsiprep/qsiprep/sub-114935/ses-1/dwi/sub-114935_ses-1_acq-multiband_dir-AP_space-ACPC_desc-preproc_dwi.nii.gz	0.0037593984962406	0.5035645365715027	0.1583061516284942	0.5064060688018799	0.5054647922515869	0.5071573257446289	0.1555471122264862	0.5402915477752686	0.5414007902145386	sub-114935	ses-1		dir-AP	acq-multiband	space-ACPC			DSIStudio	autotrackgqi
Association_ArcuateFasciculusL	dki_linearity	DIPYDKI	/scratch/grmpy/SLURM_11194840_28/job-11194840-28-sub-114935/ds/inputs/data/qsiprep/qsiprep/sub-114935/ses-1/dwi/sub-114935_ses-1_acq-multiband_dir-AP_space-ACPC_desc-preproc_dwi.nii.gz	0.00046992481203	0.1463164687156677	0.1123697459697723	0.1148175299167633	0.1463852673768997	0.1149013340473175	0.1123513504862785	0.2192672789096832	0.2192691415548324	sub-114935	ses-1		dir-AP	acq-multiband	space-ACPC			DSIStudio	autotrackgqi
Association_ArcuateFasciculusL	dki_md	DIPYDKI	/scratch/grmpy/SLURM_11194840_28/job-11194840-28-sub-114935/ds/inputs/data/qsiprep/qsiprep/sub-114935/ses-1/dwi/sub-114935_ses-1_acq-multiband_dir-AP_space-ACPC_desc-preproc_dwi.nii.gz	0.00046992481203	0.0009107307414524	0.0002255577273899	0.0008678784361109	0.0009111589170061	0.0008678908343426	0.0002247444645036	0.0008718974422663	0.0008719048346392	sub-114935	ses-1		dir-AP	acq-multiband	space-ACPC			DSIStudio	autotrackgqi
Association_ArcuateFasciculusL	dki_mk	DIPYDKI	/scratch/grmpy/SLURM_11194840_28/job-11194840-28-sub-114935/ds/inputs/data/qsiprep/qsiprep/sub-114935/ses-1/dwi/sub-114935_ses-1_acq-multiband_dir-AP_space-ACPC_desc-preproc_dwi.nii.gz	0.0021929824561403	0.9300853639789176	0.3274867049692911	0.949197502526336	0.932129507636014	0.9517650120558604	0.3249274445078211	1.1386537419534537	1.1389972633638394	sub-114935	ses-1		dir-AP	acq-multiband	space-ACPC			DSIStudio	autotrackgqi
Association_ArcuateFasciculusL	dki_mkt	DIPYDKI	/scratch/grmpy/SLURM_11194840_28/job-11194840-28-sub-114935/ds/inputs/data/qsiprep/qsiprep/sub-114935/ses-1/dwi/sub-114935_ses-1_acq-multiband_dir-AP_space-ACPC_desc-preproc_dwi.nii.gz	0.00046992481203	0.920737334160739	0.2912420143140666	0.962045363271907	0.921170214900824	0.9622338931744856	0.2906252444607197	1.078458890726332	1.0784680187367428	sub-114935	ses-1		dir-AP	acq-multiband	space-ACPC			DSIStudio	autotrackgqi
Association_ArcuateFasciculusL	dki_planarity	DIPYDKI	/scratch/grmpy/SLURM_11194840_28/job-11194840-28-sub-114935/ds/inputs/data/qsiprep/qsiprep/sub-114935/ses-1/dwi/sub-114935_ses-1_acq-multiband_dir-AP_space-ACPC_desc-preproc_dwi.nii.gz	0.0010964912280701	0.2183286100625991	0.1446036845445633	0.1924052536487579	0.2185682654380798	0.1925056725740432	0.1445019096136093	0.26670041680336	0.266704648733139	sub-114935	ses-1		dir-AP	acq-multiband	space-ACPC			DSIStudio	autotrackgqi
Association_ArcuateFasciculusL	dki_rd	DIPYDKI	/scratch/grmpy/SLURM_11194840_28/job-11194840-28-sub-114935/ds/inputs/data/qsiprep/qsiprep/sub-114935/ses-1/dwi/sub-114935_ses-1_acq-multiband_dir-AP_space-ACPC_desc-preproc_dwi.nii.gz	0.00046992481203	0.0007352583343163	0.000258105690591	0.0006948772352188	0.0007356040296144	0.0006949728704057	0.0002576733822934	0.0006250895676203	0.0006250948645174	sub-114935	ses-1		dir-AP	acq-multiband	space-ACPC			DSIStudio	autotrackgqi
Association_ArcuateFasciculusL	dki_rk	DIPYDKI	/scratch/grmpy/SLURM_11194840_28/job-11194840-28-sub-114935/ds/inputs/data/qsiprep/qsiprep/sub-114935/ses-1/dwi/sub-114935_ses-1_acq-multiband_dir-AP_space-ACPC_desc-preproc_dwi.nii.gz	0.0021929824561403	1.1549595154001304	0.6319107797997849	1.109825846966637	1.1574978879614497	1.1123343208894767	0.6302782558961234	1.6325113864201477	1.633003900294841	sub-114935	ses-1		dir-AP	acq-multiband	space-ACPC			DSIStudio	autotrackgqi
Association_ArcuateFasciculusL	dki_sphericity	DIPYDKI	/scratch/grmpy/SLURM_11194840_28/job-11194840-28-sub-114935/ds/inputs/data/qsiprep/qsiprep/sub-114935/ses-1/dwi/sub-114935_ses-1_acq-multiband_dir-AP_space-ACPC_desc-preproc_dwi.nii.gz	0.00046992481203	0.6348849534988403	0.1976128369569778	0.6381784677505493	0.6351834535598755	0.6383985877037048	0.1971790939569473	0.5140239000320435	0.5140282511711121	sub-114935	ses-1		dir-AP	acq-multiband	space-ACPC			DSIStudio	autotrackgqi
Association_FrontalAslantTractL	dki_ad	DIPYDKI	/scratch/grmpy/SLURM_11194840_28/job-11194840-28-sub-114935/ds/inputs/data/qsiprep/qsiprep/sub-114935/ses-1/dwi/sub-114935_ses-1_acq-multiband_dir-AP_space-ACPC_desc-preproc_dwi.nii.gz	0.0	0.0013319794088602	0.0003326534933876	0.0012919779401272	0.0013319794088602	0.0012919779401272	0.0003326534933876	0.001380699686706	0.001380699686706	sub-114935	ses-1		dir-AP	acq-multiband	space-ACPC			DSIStudio	autotrackgqi
Association_FrontalAslantTractL	dki_ak	DIPYDKI	/scratch/grmpy/SLURM_11194840_28/job-11194840-28-sub-114935/ds/inputs/data/qsiprep/qsiprep/sub-114935/ses-1/dwi/sub-114935_ses-1_acq-multiband_dir-AP_space-ACPC_desc-preproc_dwi.nii.gz	0.0	0.7825342649171801	0.1680497259026321	0.7810644385338884	0.7825342649171801	0.7810644385338884	0.1680497259026321	0.8215724232093718	0.8215724232093718	sub-114935	ses-1		dir-AP	acq-multiband	space-ACPC			DSIStudio	autotrackgqi
Association_FrontalAslantTractL	dki_fa	DIPYDKI	/scratch/grmpy/SLURM_11194840_28/job-11194840-28-sub-114935/ds/inputs/data/qsiprep/qsiprep/sub-114935/ses-1/dwi/sub-114935_ses-1_acq-multiband_dir-AP_space-ACPC_desc-preproc_dwi.nii.gz	0.0	0.3394299447536468	0.175443023443222	0.3305526673793793	0.3394299447536468	0.3305526673793793	0.175443023443222	0.429663747549057	0.429663747549057	sub-114935	ses-1		dir-AP	acq-multiband	space-ACPC			DSIStudio	autotrackgqi
Association_FrontalAslantTractL	dki_kfa	DIPYDKI	/scratch/grmpy/SLURM_11194840_28/job-11194840-28-sub-114935/ds/inputs/data/qsiprep/qsiprep/sub-114935/ses-1/dwi/sub-114935_ses-1_acq-multiband_dir-AP_space-ACPC_desc-preproc_dwi.nii.gz	0.0026064291920069	0.4756329953670501	0.1520676016807556	0.4811128973960876	0.4768759310245514	0.4815868735313415	0.150307223200798	0.5151075124740601	0.5155429840087891	sub-114935	ses-1		dir-AP	acq-multiband	space-ACPC			DSIStudio	autotrackgqi
Association_FrontalAslantTractL	dki_linearity	DIPYDKI	/scratch/grmpy/SLURM_11194840_28/job-11194840-28-sub-114935/ds/inputs/data/qsiprep/qsiprep/sub-114935/ses-1/dwi/sub-114935_ses-1_acq-multiband_dir-AP_space-ACPC_desc-preproc_dwi.nii.gz	0.0	0.1445962488651275	0.1093593835830688	0.1149882525205612	0.1445962488651275	0.1149882525205612	0.1093593835830688	0.1979938447475433	0.1979938447475433	sub-114935	ses-1		dir-AP	acq-multiband	space-ACPC			DSIStudio	autotrackgqi
Association_FrontalAslantTractL	dki_md	DIPYDKI	/scratch/grmpy/SLURM_11194840_28/job-11194840-28-sub-114935/ds/inputs/data/qsiprep/qsiprep/sub-114935/ses-1/dwi/sub-114935_ses-1_acq-multiband_dir-AP_space-ACPC_desc-preproc_dwi.nii.gz	0.0	0.0009798245737329	0.0003000056603923	0.0009128386736847	0.0009798245737329	0.0009128386736847	0.0003000056603923	0.0009235725738108	0.0009235725738108	sub-114935	ses-1		dir-AP	acq-multiband	space-ACPC			DSIStudio	autotrackgqi
Association_FrontalAslantTractL	dki_mk	DIPYDKI	/scratch/grmpy/SLURM_11194840_28/job-11194840-28-sub-114935/ds/inputs/data/qsiprep/qsiprep/sub-114935/ses-1/dwi/sub-114935_ses-1_acq-multiband_dir-AP_space-ACPC_desc-preproc_dwi.nii.gz	0.0	0.9348943160509668	0.2753667679741244	0.970946877162188	0.9348943160509668	0.970946877162188	0.2753667679741244	1.0691043703123566	1.0691043703123566	sub-114935	ses-1		dir-AP	acq-multiband	space-ACPC			DSIStudio	autotrackgqi
Association_FrontalAslantTractL	dki_mkt	DIPYDKI	/scratch/grmpy/SLURM_11194840_28/job-11194840-28-sub-114935/ds/inputs/data/qsiprep/qsiprep/sub-114935/ses-1/dwi/sub-114935_ses-1_acq-multiband_dir-AP_space-ACPC_desc-preproc_dwi.nii.gz	0.0	0.916275137257737	0.2435704137263959	0.956711199828529	0.916275137257737	0.956711199828529	0.2435704137263959	1.0345945665674765	1.0345945665674765	sub-114935	ses-1		dir-AP	acq-multiband	space-ACPC			DSIStudio	autotrackgqi
Association_FrontalAslantTractL	dki_planarity	DIPYDKI	/scratch/grmpy/SLURM_11194840_28/job-11194840-28-sub-114935/ds/inputs/data/qsiprep/qsiprep/sub-114935/ses-1/dwi/sub-114935_ses-1_acq-multiband_dir-AP_space-ACPC_desc-preproc_dwi.nii.gz	0.0	0.1859070807695388	0.1199434995651245	0.1638312339782714	0.1859070807695388	0.1638312339782714	0.1199434995651245	0.2130798399448394	0.2130798399448394	sub-114935	ses-1		dir-AP	acq-multiband	space-ACPC			DSIStudio	autotrackgqi
Association_FrontalAslantTractL	dki_rd	DIPYDKI	/scratch/grmpy/SLURM_11194840_28/job-11194840-28-sub-114935/ds/inputs/data/qsiprep/qsiprep/sub-114935/ses-1/dwi/sub-114935_ses-1_acq-multiband_dir-AP_space-ACPC_desc-preproc_dwi.nii.gz	0.0	0.0008037472725845	0.0003345656441524	0.0007449674303643	0.0008037472725845	0.0007449674303643	0.0003345656441524	0.0006950089591555	0.0006950089591555	sub-114935	ses-1		dir-AP	acq-multiband	space-ACPC			DSIStudio	autotrackgqi
Association_FrontalAslantTractL	dki_rk	DIPYDKI	/scratch/grmpy/SLURM_11194840_28/job-11194840-28-sub-114935/ds/inputs/data/qsiprep/qsiprep/sub-114935/ses-1/dwi/sub-114935_ses-1_acq-multiband_dir-AP_space-ACPC_desc-preproc_dwi.nii.gz	0.0	1.156554556631897	0.5298861555266046	1.142522633098067	1.156554556631897	1.142522633098067	0.5298861555266046	1.4186272562140996	1.4186272562140996	sub-114935	ses-1		dir-AP	acq-multiband	space-ACPC			DSIStudio	autotrackgqi
Association_FrontalAslantTractL	dki_sphericity	DIPYDKI	/scratch/grmpy/SLURM_11194840_28/job-11194840-28-sub-114935/ds/inputs/data/qsiprep/qsiprep/sub-114935/ses-1/dwi/sub-114935_ses-1_acq-multiband_dir-AP_space-ACPC_desc-preproc_dwi.nii.gz	0.0	0.6694966554641724	0.1749809980392456	0.6782772541046143	0.6694966554641724	0.6782772541046143	0.1749809980392456	0.5889263153076172	0.5889263153076172	sub-114935	ses-1		dir-AP	acq-multiband	space-ACPC			DSIStudio	autotrackgqi
Association_ParietalAslantTractR	dki_ad	DIPYDKI	/scratch/grmpy/SLURM_11194840_28/job-11194840-28-sub-114935/ds/inputs/data/qsiprep/qsiprep/sub-114935/ses-1/dwi/sub-114935_ses-1_acq-multiband_dir-AP_space-ACPC_desc-preproc_dwi.nii.gz	0.0	0.0012233422603458	0.0002311169810127	0.0011977183166891	0.0012233422603458	0.0011977183166891	0.0002311169810127	0.0013325451873242	0.0013325451873242	sub-114935	ses-1		dir-AP	acq-multiband	space-ACPC			DSIStudio	autotrackgqi
Association_ParietalAslantTractR	dki_ak	DIPYDKI	/scratch/grmpy/SLURM_11194840_28/job-11194840-28-sub-114935/ds/inputs/data/qsiprep/qsiprep/sub-114935/ses-1/dwi/sub-114935_ses-1_acq-multiband_dir-AP_space-ACPC_desc-preproc_dwi.nii.gz	0.0	0.7220916999318165	0.1418693715921317	0.725189465638475	0.7220916999318165	0.725189465638475	0.1418693715921317	0.7376941845489235	0.7376941845489235	sub-114935	ses-1		dir-AP	acq-multiband	space-ACPC			DSIStudio	autotrackgqi
Association_ParietalAslantTractR	dki_fa	DIPYDKI	/scratch/grmpy/SLURM_11194840_28/job-11194840-28-sub-114935/ds/inputs/data/qsiprep/qsiprep/sub-114935/ses-1/dwi/sub-114935_ses-1_acq-multiband_dir-AP_space-ACPC_desc-preproc_dwi.nii.gz	0.0	0.3184752464294433	0.180373877286911	0.2922726571559906	0.3184752464294433	0.2922726571559906	0.180373877286911	0.4331409335136413	0.4331409335136413	sub-114935	ses-1		dir-AP	acq-multiband	space-ACPC			DSIStudio	autotrackgqi
Association_ParietalAslantTractR	dki_kfa	DIPYDKI	/scratch/grmpy/SLURM_11194840_28/job-11194840-28-sub-114935/ds/inputs/data/qsiprep/qsiprep/sub-114935/ses-1/dwi/sub-114935_ses-1_acq-multiband_dir-AP_space-ACPC_desc-preproc_dwi.nii.gz	0.0002039567611666	0.4196248054504394	0.1440094411373138	0.4149218797683716	0.4197103977203369	0.4150118827819824	0.1438993364572525	0.4665629863739013	0.466587096452713	sub-114935	ses-1		dir-AP	acq-multiband	space-ACPC			DSIStudio	autotrackgqi
Association_ParietalAslantTractR	dki_linearity	DIPYDKI	/scratch/grmpy/SLURM_11194840_28/job-11194840-28-sub-114935/ds/inputs/data/qsiprep/qsiprep/sub-114935/ses-1/dwi/sub-114935_ses-1_acq-multiband_dir-AP_space-ACPC_desc-preproc_dwi.nii.gz	0.0	0.1385539919137954	0.1121015176177024	0.1007876619696617	0.1385539919137954	0.1007876619696617	0.1121015176177024	0.2062530517578125	0.2062530517578125	sub-114935	ses-1		dir-AP	acq-multiband	space-ACPC			DSIStudio	autotrackgqi
Association_ParietalAslantTractR	dki_md	DIPYDKI	/scratch/grmpy/SLURM_11194840_28/job-11194840-28-sub-114935/ds/inputs/data/qsiprep/qsiprep/sub-114935/ses-1/dwi/sub-114935_ses-1_acq-multiband_dir-AP_space-ACPC_desc-preproc_dwi.nii.gz	0.0	0.0009038706775754	0.0001213549185195	0.0008812941377982	0.0009038706775754	0.0008812941377982	0.0001213549185195	0.0008834598120301	0.0008834598120301	sub-114935	ses-1		dir-AP	acq-multiband	space-ACPC			DSIStudio	autotrackgqi
Association_ParietalAslantTractR	dki_mk	DIPYDKI	/scratch/grmpy/SLURM_11194840_28/job-11194840-28-sub-114935/ds/inputs/data/qsiprep/qsiprep/sub-114935/ses-1/dwi/sub-114935_ses-1_acq-multiband_dir-AP_space-ACPC_desc-preproc_dwi.nii.gz	0.0	0.900301625843247	0.2521242120753169	0.8884472114793814	0.900301625843247	0.8884472114793814	0.2521242120753169	1.040865286642456	1.040865286642456	sub-114935	ses-1		dir-AP	acq-multiband	space-ACPC			DSIStudio	autotrackgqi
Association_ParietalAslantTractR	dki_mkt	DIPYDKI	/scratch/grmpy/SLURM_11194840_28/job-11194840-28-sub-114935/ds/inputs/data/qsiprep/qsiprep/sub-114935/ses-1/dwi/sub-114935_ses-1_acq-multiband_dir-AP_space-ACPC_desc-preproc_dwi.nii.gz	0.0	0.8712872708359048	0.2197223550957886	0.8754321940309002	0.8712872708359048	0.8754321940309002	0.2197223550957886	0.9851178284171788	0.9851178284171788	sub-114935	ses-1		dir-AP	acq-multiband	space-ACPC			DSIStudio	autotrackgqi
Association_ParietalAslantTractR	dki_planarity	DIPYDKI	/scratch/grmpy/SLURM_11194840_28/job-11194840-28-sub-114935/ds/inputs/data/qsiprep/qsiprep/sub-114935/ses-1/dwi/sub-114935_ses-1_acq-multiband_dir-AP_space-ACPC_desc-preproc_dwi.nii.gz	0.0	0.1664991676807403	0.1151845604181289	0.1386845707893371	0.1664991676807403	0.1386845707893371	0.1151845604181289	0.2014395296573639	0.2014395296573639	sub-114935	ses-1		dir-AP	acq-multiband	space-ACPC			DSIStudio	autotrackgqi
Association_ParietalAslantTractR	dki_rd	DIPYDKI	/scratch/grmpy/SLURM_11194840_28/job-11194840-28-sub-114935/ds/inputs/data/qsiprep/qsiprep/sub-114935/ses-1/dwi/sub-114935_ses-1_acq-multiband_dir-AP_space-ACPC_desc-preproc_dwi.nii.gz	0.0	0.0007441348279826	0.0001688510237727	0.0007358611328527	0.0007441348279826	0.0007358611328527	0.0001688510237727	0.0006589170079678	0.0006589170079678	sub-114935	ses-1		dir-AP	acq-multiband	space-ACPC			DSIStudio	autotrackgqi
Association_ParietalAslantTractR	dki_rk	DIPYDKI	/scratch/grmpy/SLURM_11194840_28/job-11194840-28-sub-114935/ds/inputs/data/qsiprep/qsiprep/sub-114935/ses-1/dwi/sub-114935_ses-1_acq-multiband_dir-AP_space-ACPC_desc-preproc_dwi.nii.gz	0.0	1.1416289399415736	0.4984695961448074	1.0547031772460698	1.1416289399415736	1.0547031772460698	0.4984695961448074	1.4439938112448494	1.4439938112448494	sub-114935	ses-1		dir-AP	acq-multiband	space-ACPC			DSIStudio	autotrackgqi
Association_ParietalAslantTractR	dki_sphericity	DIPYDKI	/scratch/grmpy/SLURM_11194840_28/job-11194840-28-sub-114935/ds/inputs/data/qsiprep/qsiprep/sub-114935/ses-1/dwi/sub-114935_ses-1_acq-multiband_dir-AP_space-ACPC_desc-preproc_dwi.nii.gz	0.0	0.694946825504303	0.1752012521028518	0.7194228768348694	0.694946825504303	0.7194228768348694	0.1752012521028518	0.592307448387146	0.592307448387146	sub-114935	ses-1		dir-AP	acq-multiband	space-ACPC			DSIStudio	autotrackgqi
Association_ArcuateFasciculusR	dki_ad	DIPYDKI	/scratch/grmpy/SLURM_11194840_28/job-11194840-28-sub-114935/ds/inputs/data/qsiprep/qsiprep/sub-114935/ses-1/dwi/sub-114935_ses-1_acq-multiband_dir-AP_space-ACPC_desc-preproc_dwi.nii.gz	0.0	0.0012962013715878	0.0002725452650338	0.0012716593919321	0.0012962013715878	0.0012716593919321	0.0002725452650338	0.0013552836608141	0.0013552836608141	sub-114935	ses-1		dir-AP	acq-multiband	space-ACPC			DSIStudio	autotrackgqi
Association_ArcuateFasciculusR	dki_ak	DIPYDKI	/scratch/grmpy/SLURM_11194840_28/job-11194840-28-sub-114935/ds/inputs/data/qsiprep/qsiprep/sub-114935/ses-1/dwi/sub-114935_ses-1_acq-multiband_dir-AP_space-ACPC_desc-preproc_dwi.nii.gz	0.000153491941673	0.7840451834978107	0.1838822278067642	0.7692887733831094	0.7841655465901499	0.7692965876830407	0.1836395379071904	0.861787103450204	0.8617899795553787	sub-114935	ses-1		dir-AP	acq-multiband	space-ACPC			DSIStudio	autotrackgqi
Association_ArcuateFasciculusR	dki_fa	DIPYDKI	/scratch/grmpy/SLURM_11194840_28/job-11194840-28-sub-114935/ds/inputs/data/qsiprep/qsiprep/sub-114935/ses-1/dwi/sub-114935_ses-1_acq-multiband_dir-AP_space-ACPC_desc-preproc_dwi.nii.gz	0.0	0.3576636612415313	0.1764426827430725	0.3604828119277954	0.3576636612415313	0.3604828119277954	0.1764426827430725	0.4623135030269623	0.4623135030269623	sub-114935	ses-1		dir-AP	acq-multiband	space-ACPC			DSIStudio	autotrackgqi
Association_ArcuateFasciculusR	dki_kfa	DIPYDKI	/scratch/grmpy/SLURM_11194840_28/job-11194840-28-sub-114935/ds/inputs/data/qsiprep/qsiprep/sub-114935/ses-1/dwi/sub-114935_ses-1_acq-multiband_dir-AP_space-ACPC_desc-preproc_dwi.nii.gz	0.0010744435917114	0.4642342925071716	0.1460351049900055	0.4676646292209625	0.4647336006164551	0.4679925441741943	0.1453173756599426	0.5301000475883484	0.5301784873008728	sub-114935	ses-1		dir-AP	acq-multiband	space-ACPC			DSIStudio	autotrackgqi
Association_ArcuateFasciculusR	dki_linearity	DIPYDKI	/scratch/grmpy/SLURM_11194840_28/job-11194840-28-sub-114935/ds/inputs/data/qsiprep/qsiprep/sub-114935/ses-1/dwi/sub-114935_ses-1_acq-multiband_dir-AP_space-ACPC_desc-preproc_dwi.nii.gz	0.0	0.1575213372707367	0.112715296447277	0.1306462585926056	0.1575213372707367	0.1306462585926056	0.112715296447277	0.2161298394203186	0.2161298394203186	sub-114935	ses-1		dir-AP	acq-multiband	space-ACPC			DSIStudio	autotrackgqi
Association_ArcuateFasciculusR	dki_md	DIPYDKI	/scratch/grmpy/SLURM_11194840_28/job-11194840-28-sub-114935/ds/inputs/data/qsiprep/qsiprep/sub-114935/ses-1/dwi/sub-114935_ses-1_acq-multiband_dir-AP_space-ACPC_desc-preproc_dwi.nii.gz	0.0	0.0009298579534515	0.0002056743542198	0.0008903317502699	0.0009298579534515	0.0008903317502699	0.0002056743542198	0.0008793302695266	0.0008793302695266	sub-114935	ses-1		dir-AP	acq-multiband	space-ACPC			DSIStudio	autotrackgqi
Association_ArcuateFasciculusR	dki_mk	DIPYDKI	/scratch/grmpy/SLURM_11194840_28/job-11194840-28-sub-114935/ds/inputs/data/qsiprep/qsiprep/sub-114935/ses-1/dwi/sub-114935_ses-1_acq-multiband_dir-AP_space-ACPC_desc-preproc_dwi.nii.gz	0.000153491941673	0.9845777700638596	0.2846782418645535	1.0312733887726575	0.9847289180175078	1.0314947295224404	0.2844385747186151	1.1624948359995322	1.1624987155920885	sub-114935	ses-1		dir-AP	acq-multiband	space-ACPC			DSIStudio	autotrackgqi
Association_ArcuateFasciculusR	dki_mkt	DIPYDKI	/scratch/grmpy/SLURM_11194840_28/job-11194840-28-sub-114935/ds/inputs/data/qsiprep/qsiprep/sub-114935/ses-1/dwi/sub-114935_ses-1_acq-multiband_dir-AP_space-ACPC_desc-preproc_dwi.nii.gz	0.0	0.9518615443350916	0.2517689698241621	0.9938197925086216	0.9518615443350916	0.9938197925086216	0.2517689698241621	1.1058184367703934	1.1058184367703934	sub-114935	ses-1		dir-AP	acq-multiband	space-ACPC			DSIStudio	autotrackgqi
Association_ArcuateFasciculusR	dki_planarity	DIPYDKI	/scratch/grmpy/SLURM_11194840_28/job-11194840-28-sub-114935/ds/inputs/data/qsiprep/qsiprep/sub-114935/ses-1/dwi/sub-114935_ses-1_acq-multiband_dir-AP_space-ACPC_desc-preproc_dwi.nii.gz	0.0	0.1863671690225601	0.1229950189590454	0.1607505530118942	0.1863671690225601	0.1607505530118942	0.1229950189590454	0.228198230266571	0.228198230266571	sub-114935	ses-1		dir-AP	acq-multiband	space-ACPC			DSIStudio	autotrackgqi
Association_ArcuateFasciculusR	dki_rd	DIPYDKI	/scratch/grmpy/SLURM_11194840_28/job-11194840-28-sub-114935/ds/inputs/data/qsiprep/qsiprep/sub-114935/ses-1/dwi/sub-114935_ses-1_acq-multiband_dir-AP_space-ACPC_desc-preproc_dwi.nii.gz	0.0	0.0007466863025911	0.0002427916770102	0.0007141002570278	0.0007466863025911	0.0007141002570278	0.0002427916770102	0.0006413535447791	0.0006413535447791	sub-114935	ses-1		dir-AP	acq-multiband	space-ACPC			DSIStudio	autotrackgqi
Association_ArcuateFasciculusR	dki_rk	DIPYDKI	/scratch/grmpy/SLURM_11194840_28/job-11194840-28-sub-114935/ds/inputs/data/qsiprep/qsiprep/sub-114935/ses-1/dwi/sub-114935_ses-1_acq-multiband_dir-AP_space-ACPC_desc-preproc_dwi.nii.gz	0.000153491941673	1.2797545080379118	0.5570604107041026	1.2875894180314489	1.2799509701975738	1.287687538466745	0.5568774349941483	1.640258222931827	1.6402636970921884	sub-114935	ses-1		dir-AP	acq-multiband	space-ACPC			DSIStudio	autotrackgqi
Association_ArcuateFasciculusR	dki_sphericity	DIPYDKI	/scratch/grmpy/SLURM_11194840_28/job-11194840-28-sub-114935/ds/inputs/data/qsiprep/qsiprep/sub-114935/ses-1/dwi/sub-114935_ses-1_acq-multiband_dir-AP_space-ACPC_desc-preproc_dwi.nii.gz	0.0	0.656111478805542	0.175996646285057	0.661625325679779	0.656111478805542	0.661625325679779	0.175996646285057	0.5556719303131104	0.5556719303131104	sub-114935	ses-1		dir-AP	acq-multiband	space-ACPC			DSIStudio	autotrackgqi
Association_VerticalOccipitalFasciculusR	dki_ad	DIPYDKI	/scratch/grmpy/SLURM_11194840_28/job-11194840-28-sub-114935/ds/inputs/data/qsiprep/qsiprep/sub-114935/ses-1/dwi/sub-114935_ses-1_acq-multiband_dir-AP_space-ACPC_desc-preproc_dwi.nii.gz	0.0	0.001220796839334	0.0002239337627543	0.0011932813795283	0.001220796839334	0.0011932813795283	0.0002239337627543	0.0012827499303966	0.0012827499303966	sub-114935	ses-1		dir-AP	acq-multiband	space-ACPC			DSIStudio	autotrackgqi
Association_VerticalOccipitalFasciculusR	dki_ak	DIPYDKI	/scratch/grmpy/SLURM_11194840_28/job-11194840-28-sub-114935/ds/inputs/data/qsiprep/qsiprep/sub-114935/ses-1/dwi/sub-114935_ses-1_acq-multiband_dir-AP_space-ACPC_desc-preproc_dwi.nii.gz	0.0	0.7952380879955662	0.1341538903191887	0.792283512275046	0.7952380879955662	0.792283512275046	0.1341538903191887	0.8006982323419258	0.8006982323419258	sub-114935	ses-1		dir-AP	acq-multiband	space-ACPC			DSIStudio	autotrackgqi
Association_VerticalOccipitalFasciculusR	dki_fa	DIPYDKI	/scratch/grmpy/SLURM_11194840_28/job-11194840-28-sub-114935/ds/inputs/data/qsiprep/qsiprep/sub-114935/ses-1/dwi/sub-114935_ses-1_acq-multiband_dir-AP_space-ACPC_desc-preproc_dwi.nii.gz	0.0	0.3238954246044159	0.1795244812965393	0.3059184551239013	0.3238954246044159	0.3059184551239013	0.1795244812965393	0.4008112549781799	0.4008112549781799	sub-114935	ses-1		dir-AP	acq-multiband	space-ACPC			DSIStudio	autotrackgqi
Association_VerticalOccipitalFasciculusR	dki_kfa	DIPYDKI	/scratch/grmpy/SLURM_11194840_28/job-11194840-28-sub-114935/ds/inputs/data/qsiprep/qsiprep/sub-114935/ses-1/dwi/sub-114935_ses-1_acq-multiband_dir-AP_space-ACPC_desc-preproc_dwi.nii.gz	0.0003387533875338	0.3956958055496216	0.1384513974189758	0.3871634602546692	0.3958298861980438	0.3872021436691284	0.1382830739021301	0.4147980809211731	0.4148036539554596	sub-114935	ses-1		dir-AP	acq-multiband	space-ACPC			DSIStudio	autotrackgqi
Association_VerticalOccipitalFasciculusR	dki_linearity	DIPYDKI	/scratch/grmpy/SLURM_11194840_28/job-11194840-28-sub-114935/ds/inputs/data/qsiprep/qsiprep/sub-114935/ses-1/dwi/sub-114935_ses-1_acq-multiband_dir-AP_space-ACPC_desc-preproc_dwi.nii.gz	0.0	0.139445424079895	0.1102299913764	0.107515349984169	0.139445424079895	0.107515349984169	0.1102299913764	0.1859447956085205	0.1859447956085205	sub-114935	ses-1		dir-AP	acq-multiband	space-ACPC			DSIStudio	autotrackgqi
Association_VerticalOccipitalFasciculusR	dki_md	DIPYDKI	/scratch/grmpy/SLURM_11194840_28/job-11194840-28-sub-114935/ds/inputs/data/qsiprep/qsiprep/sub-114935/ses-1/dwi/sub-114935_ses-1_acq-multiband_dir-AP_space-ACPC_desc-preproc_dwi.nii.gz	0.0	0.0009007773478515	0.0001352725666947	0.0008740763878449	0.0009007773478515	0.0008740763878449	0.0001352725666947	0.0008782906807027	0.0008782906807027	sub-114935	ses-1		dir-AP	acq-multiband	space-ACPC			DSIStudio	autotrackgqi
Association_VerticalOccipitalFasciculusR	dki_mk	DIPYDKI	/scratch/grmpy/SLURM_11194840_28/job-11194840-28-sub-114935/ds/inputs/data/qsiprep/qsiprep/sub-114935/ses-1/dwi/sub-114935_ses-1_acq-multiband_dir-AP_space-ACPC_desc-preproc_dwi.nii.gz	0.0	0.9996248833857194	0.2183787764984095	1.0286379106765164	0.9996248833857194	1.0286379106765164	0.2183787764984095	1.1165016609889105	1.1165016609889105	sub-114935	ses-1		dir-AP	acq-multiband	space-ACPC			DSIStudio	autotrackgqi
Association_VerticalOccipitalFasciculusR	dki_mkt	DIPYDKI	/scratch/grmpy/SLURM_11194840_28/job-11194840-28-sub-114935/ds/inputs/data/qsiprep/qsiprep/sub-114935/ses-1/dwi/sub-114935_ses-1_acq-multiband_dir-AP_space-ACPC_desc-preproc_dwi.nii.gz	0.0	0.9684010195415448	0.1856709108891285	0.9992280884791706	0.9684010195415448	0.9992280884791706	0.1856709108891285	1.0622839805125504	1.0622839805125504	sub-114935	ses-1		dir-AP	acq-multiband	space-ACPC			DSIStudio	autotrackgqi
Association_VerticalOccipitalFasciculusR	dki_planarity	DIPYDKI	/scratch/grmpy/SLURM_11194840_28/job-11194840-28-sub-114935/ds/inputs/data/qsiprep/qsiprep/sub-114935/ses-1/dwi/sub-114935_ses-1_acq-multiband_dir-AP_space-ACPC_desc-preproc_dwi.nii.gz	0.0	0.1732406914234161	0.119471751153469	0.1461890190839767	0.1732406914234161	0.1461890190839767	0.119471751153469	0.1928524225950241	0.1928524225950241	sub-114935	ses-1		dir-AP	acq-multiband	space-ACPC			DSIStudio	autotrackgqi
Association_VerticalOccipitalFasciculusR	dki_rd	DIPYDKI	/scratch/grmpy/SLURM_11194840_28/job-11194840-28-sub-114935/ds/inputs/data/qsiprep/qsiprep/sub-114935/ses-1/dwi/sub-114935_ses-1_acq-multiband_dir-AP_space-ACPC_desc-preproc_dwi.nii.gz	0.0	0.0007407677476294	0.0001835233269957	0.0007260274142026	0.0007407677476294	0.0007260274142026	0.0001835233269957	0.0006760610267519	0.0006760610267519	sub-114935	ses-1		dir-AP	acq-multiband	space-ACPC			DSIStudio	autotrackgqi
Association_VerticalOccipitalFasciculusR	dki_rk	DIPYDKI	/scratch/grmpy/SLURM_11194840_28/job-11194840-28-sub-114935/ds/inputs/data/qsiprep/qsiprep/sub-114935/ses-1/dwi/sub-114935_ses-1_acq-multiband_dir-AP_space-ACPC_desc-preproc_dwi.nii.gz	0.0	1.2518531208960624	0.4661575988140037	1.2418403949525008	1.2518531208960624	1.2418403949525008	0.4661575988140037	1.4947748144877655	1.4947748144877655	sub-114935	ses-1		dir-AP	acq-multiband	space-ACPC			DSIStudio	autotrackgqi
Association_VerticalOccipitalFasciculusR	dki_sphericity	DIPYDKI	/scratch/grmpy/SLURM_11194840_28/job-11194840-28-sub-114935/ds/inputs/data/qsiprep/qsiprep/sub-114935/ses-1/dwi/sub-114935_ses-1_acq-multiband_dir-AP_space-ACPC_desc-preproc_dwi.nii.gz	0.0	0.6873138546943665	0.1778559684753418	0.7039704918861389	0.6873138546943665	0.7039704918861389	0.1778559684753418	0.6212027668952942	0.6212027668952942	sub-114935	ses-1		dir-AP	acq-multiband	space-ACPC			DSIStudio	autotrackgqi
Association_ExtremeCapsuleL	dki_ad	DIPYDKI	/scratch/grmpy/SLURM_11194840_28/job-11194840-28-sub-114935/ds/inputs/data/qsiprep/qsiprep/sub-114935/ses-1/dwi/sub-114935_ses-1_acq-multiband_dir-AP_space-ACPC_desc-preproc_dwi.nii.gz	0.0	0.0013426413061097	0.0004379648307804	0.0012763509294018	0.0013426413061097	0.0012763509294018	0.0004379648307804	0.0013333332026377	0.0013333332026377	sub-114935	ses-1		dir-AP	acq-multiband	space-ACPC			DSIStudio	autotrackgqi
Association_ExtremeCapsuleL	dki_ak	DIPYDKI	/scratch/grmpy/SLURM_11194840_28/job-11194840-28-sub-114935/ds/inputs/data/qsiprep/qsiprep/sub-114935/ses-1/dwi/sub-114935_ses-1_acq-multiband_dir-AP_space-ACPC_desc-preproc_dwi.nii.gz	0.0	0.7904897488453622	0.1878548644313011	0.7830880063781801	0.7904897488453622	0.7830880063781801	0.1878548644313011	0.8052960272059879	0.8052960272059879	sub-114935	ses-1		dir-AP	acq-multiband	space-ACPC			DSIStudio	autotrackgqi
Association_ExtremeCapsuleL	dki_fa	DIPYDKI	/scratch/grmpy/SLURM_11194840_28/job-11194840-28-sub-114935/ds/inputs/data/qsiprep/qsiprep/sub-114935/ses-1/dwi/sub-114935_ses-1_acq-multiband_dir-AP_space-ACPC_desc-preproc_dwi.nii.gz	0.0	0.3420204520225525	0.1762281358242035	0.3320810198783874	0.3420204520225525	0.3320810198783874	0.1762281358242035	0.395725667476654	0.395725667476654	sub-114935	ses-1		dir-AP	acq-multiband	space-ACPC			DSIStudio	autotrackgqi
Association_ExtremeCapsuleL	dki_kfa	DIPYDKI	/scratch/grmpy/SLURM_11194840_28/job-11194840-28-sub-114935/ds/inputs/data/qsiprep/qsiprep/sub-114935/ses-1/dwi/sub-114935_ses-1_acq-multiband_dir-AP_space-ACPC_desc-preproc_dwi.nii.gz	0.0034887408816999	0.469993382692337	0.1591347306966781	0.4793148338794708	0.4716388285160064	0.4804892241954803	0.1569600999355316	0.4990005493164062	0.4996247589588165	sub-114935	ses-1		dir-AP	acq-multiband	space-ACPC			DSIStudio	autotrackgqi
Association_ExtremeCapsuleL	dki_linearity	DIPYDKI	/scratch/grmpy/SLURM_11194840_28/job-11194840-28-sub-114935/ds/inputs/data/qsiprep/qsiprep/sub-114935/ses-1/dwi/sub-114935_ses-1_acq-multiband_dir-AP_space-ACPC_desc-preproc_dwi.nii.gz	0.0	0.1494349837303161	0.1135822534561157	0.117517739534378	0.1494349837303161	0.117517739534378	0.1135822534561157	0.1717374324798584	0.1717374324798584	sub-114935	ses-1		dir-AP	acq-multiband	space-ACPC			DSIStudio	autotrackgqi
Association_ExtremeCapsuleL	dki_md	DIPYDKI	/scratch/grmpy/SLURM_11194840_28/job-11194840-28-sub-114935/ds/inputs/data/qsiprep/qsiprep/sub-114935/ses-1/dwi/sub-114935_ses-1_acq-multiband_dir-AP_space-ACPC_desc-preproc_dwi.nii.gz	0.0	0.0009861901635304	0.0003913107502739	0.0008968902402557	0.0009861901635304	0.0008968902402557	0.0003913107502739	0.0009249844588339	0.0009249844588339	sub-114935	ses-1		dir-AP	acq-multiband	space-ACPC			DSIStudio	autotrackgqi
Association_ExtremeCapsuleL	dki_mk	DIPYDKI	/scratch/grmpy/SLURM_11194840_28/job-11194840-28-sub-114935/ds/inputs/data/qsiprep/qsiprep/sub-114935/ses-1/dwi/sub-114935_ses-1_acq-multiband_dir-AP_space-ACPC_desc-preproc_dwi.nii.gz	0.0	0.94070059797673	0.2721282888075555	0.9572757395603022	0.94070059797673	0.9572757395603022	0.2721282888075555	1.0156016035537017	1.0156016035537017	sub-114935	ses-1		dir-AP	acq-multiband	space-ACPC			DSIStudio	autotrackgqi
Association_ExtremeCapsuleL	dki_mkt	DIPYDKI	/scratch/grmpy/SLURM_11194840_28/job-11194840-28-sub-114935/ds/inputs/data/qsiprep/qsiprep/sub-114935/ses-1/dwi/sub-114935_ses-1_acq-multiband_dir-AP_space-ACPC_desc-preproc_dwi.nii.gz	0.0	0.9240414074968956	0.2428745706794296	0.9584649191145592	0.9240414074968956	0.9584649191145592	0.2428745706794296	0.9916295051787014	0.9916295051787014	sub-114935	ses-1		dir-AP	acq-multiband	space-ACPC			DSIStudio	autotrackgqi
Association_ExtremeCapsuleL	dki_planarity	DIPYDKI	/scratch/grmpy/SLURM_11194840_28/job-11194840-28-sub-114935/ds/inputs/data/qsiprep/qsiprep/sub-114935/ses-1/dwi/sub-114935_ses-1_acq-multiband_dir-AP_space-ACPC_desc-preproc_dwi.nii.gz	0.0	0.1798491925001144	0.1138282343745231	0.1595266163349151	0.1798491925001144	0.1595266163349151	0.1138282343745231	0.2189521789550781	0.2189521789550781	sub-114935	ses-1		dir-AP	acq-multiband	space-ACPC			DSIStudio	autotrackgqi
Association_ExtremeCapsuleL	dki_rd	DIPYDKI	/scratch/grmpy/SLURM_11194840_28/job-11194840-28-sub-114935/ds/inputs/data/qsiprep/qsiprep/sub-114935/ses-1/dwi/sub-114935_ses-1_acq-multiband_dir-AP_space-ACPC_desc-preproc_dwi.nii.gz	0.0	0.0008079644758254	0.0004083249368704	0.0007213104399852	0.0008079644758254	0.0007213104399852	0.0004083249368704	0.000720810086932	0.000720810086932	sub-114935	ses-1		dir-AP	acq-multiband	space-ACPC			DSIStudio	autotrackgqi
Association_ExtremeCapsuleL	dki_rk	DIPYDKI	/scratch/grmpy/SLURM_11194840_28/job-11194840-28-sub-114935/ds/inputs/data/qsiprep/qsiprep/sub-114935/ses-1/dwi/sub-114935_ses-1_acq-multiband_dir-AP_space-ACPC_desc-preproc_dwi.nii.gz	0.0	1.1658890596089326	0.5184764692150311	1.134143321144893	1.1658890596089326	1.134143321144893	0.5184764692150311	1.3001458988192285	1.3001458988192285	sub-114935	ses-1		dir-AP	acq-multiband	space-ACPC			DSIStudio	autotrackgqi
Association_ExtremeCapsuleL	dki_sphericity	DIPYDKI	/scratch/grmpy/SLURM_11194840_28/job-11194840-28-sub-114935/ds/inputs/data/qsiprep/qsiprep/sub-114935/ses-1/dwi/sub-114935_ses-1_acq-multiband_dir-AP_space-ACPC_desc-preproc_dwi.nii.gz	0.0	0.6707157492637634	0.1726779490709304	0.6814769506454468	0.6707157492637634	0.6814769506454468	0.1726779490709304	0.6093103885650635	0.6093103885650635	sub-114935	ses-1		dir-AP	acq-multiband	space-ACPC			DSIStudio	autotrackgqi
Association_InferiorLongitudinalFasciculusR	dki_ad	DIPYDKI	/scratch/grmpy/SLURM_11194840_28/job-11194840-28-sub-114935/ds/inputs/data/qsiprep/qsiprep/sub-114935/ses-1/dwi/sub-114935_ses-1_acq-multiband_dir-AP_space-ACPC_desc-preproc_dwi.nii.gz	0.0003005409737527	0.00131292687729	0.0003139850741717	0.0012723604450002	0.001313321525231	0.0012723995605483	0.0003132058482151	0.0014714081771671	0.0014714404242113	sub-114935	ses-1		dir-AP	acq-multiband	space-ACPC			DSIStudio	autotrackgqi
Association_InferiorLongitudinalFasciculusR	dki_ak	DIPYDKI	/scratch/grmpy/SLURM_11194840_28/job-11194840-28-sub-114935/ds/inputs/data/qsiprep/qsiprep/sub-114935/ses-1/dwi/sub-114935_ses-1_acq-multiband_dir-AP_space-ACPC_desc-preproc_dwi.nii.gz	0.0005009016229212	0.7489824174120976	0.1570859385872485	0.7543683217464598	0.7493577719362091	0.7544572721548484	0.1562276662784884	0.7487130613749114	0.7487310014031963	sub-114935	ses-1		dir-AP	acq-multiband	space-ACPC			DSIStudio	autotrackgqi
Association_InferiorLongitudinalFasciculusR	dki_fa	DIPYDKI	/scratch/grmpy/SLURM_11194840_28/job-11194840-28-sub-114935/ds/inputs/data/qsiprep/qsiprep/sub-114935/ses-1/dwi/sub-114935_ses-1_acq-multiband_dir-AP_space-ACPC_desc-preproc_dwi.nii.gz	0.0003005409737527	0.3481218516826629	0.1811913847923278	0.3390251398086548	0.3482265174388885	0.3392838537693023	0.1811180412769317	0.4820521473884582	0.4820627272129059	sub-114935	ses-1		dir-AP	acq-multiband	space-ACPC			DSIStudio	autotrackgqi
Association_InferiorLongitudinalFasciculusR	dki_kfa	DIPYDKI	/scratch/grmpy/SLURM_11194840_28/job-11194840-28-sub-114935/ds/inputs/data/qsiprep/qsiprep/sub-114935/ses-1/dwi/sub-114935_ses-1_acq-multiband_dir-AP_space-ACPC_desc-preproc_dwi.nii.gz	0.0031055900621118	0.4652816355228424	0.1618471443653106	0.4606497287750244	0.4667311310768127	0.4612294733524322	0.1599987000226974	0.5288031101226807	0.5295770168304443	sub-114935	ses-1		dir-AP	acq-multiband	space-ACPC			DSIStudio	autotrackgqi
Association_InferiorLongitudinalFasciculusR	dki_linearity	DIPYDKI	/scratch/grmpy/SLURM_11194840_28/job-11194840-28-sub-114935/ds/inputs/data/qsiprep/qsiprep/sub-114935/ses-1/dwi/sub-114935_ses-1_acq-multiband_dir-AP_space-ACPC_desc-preproc_dwi.nii.gz	0.0003005409737527	0.1533710211515426	0.1175558865070343	0.1204758286476135	0.1534171402454376	0.1205317676067352	0.1175434738397598	0.2388795614242553	0.2388847917318344	sub-114935	ses-1		dir-AP	acq-multiband	space-ACPC			DSIStudio	autotrackgqi
Association_InferiorLongitudinalFasciculusR	dki_md	DIPYDKI	/scratch/grmpy/SLURM_11194840_28/job-11194840-28-sub-114935/ds/inputs/data/qsiprep/qsiprep/sub-114935/ses-1/dwi/sub-114935_ses-1_acq-multiband_dir-AP_space-ACPC_desc-preproc_dwi.nii.gz	0.0003005409737527	0.0009453188977204	0.0002111318026436	0.0009065105114132	0.0009456031257286	0.0009065329213626	0.0002105262537952	0.0009275684133172	0.0009275887277908	sub-114935	ses-1		dir-AP	acq-multiband	space-ACPC			DSIStudio	autotrackgqi
Association_InferiorLongitudinalFasciculusR	dki_mk	DIPYDKI	/scratch/grmpy/SLURM_11194840_28/job-11194840-28-sub-114935/ds/inputs/data/qsiprep/qsiprep/sub-114935/ses-1/dwi/sub-114935_ses-1_acq-multiband_dir-AP_space-ACPC_desc-preproc_dwi.nii.gz	0.0005009016229212	0.9147936248859284	0.2602372675239883	0.9440548393736652	0.915252076136247	0.9447918469436938	0.2594952345013039	1.0451295785200376	1.0451546208749023	sub-114935	ses-1		dir-AP	acq-multiband	space-ACPC			DSIStudio	autotrackgqi
Association_InferiorLongitudinalFasciculusR	dki_mkt	DIPYDKI	/scratch/grmpy/SLURM_11194840_28/job-11194840-28-sub-114935/ds/inputs/data/qsiprep/qsiprep/sub-114935/ses-1/dwi/sub-114935_ses-1_acq-multiband_dir-AP_space-ACPC_desc-preproc_dwi.nii.gz	0.0003005409737527	0.8911789072063394	0.2231246535891732	0.9308547350085908	0.8914468235027238	0.9309431534880782	0.2226224263670049	0.9812647616879636	0.9812862866926144	sub-114935	ses-1		dir-AP	acq-multiband	space-ACPC			DSIStudio	autotrackgqi
Association_InferiorLongitudinalFasciculusR	dki_planarity	DIPYDKI	/scratch/grmpy/SLURM_11194840_28/job-11194840-28-sub-114935/ds/inputs/data/qsiprep/qsiprep/sub-114935/ses-1/dwi/sub-114935_ses-1_acq-multiband_dir-AP_space-ACPC_desc-preproc_dwi.nii.gz	0.000400721298337	0.1819335669279098	0.1180307045578956	0.1579322218894958	0.1820064932107925	0.1580148488283157	0.1179981231689453	0.2203557193279266	0.2203609198331833	sub-114935	ses-1		dir-AP	acq-multiband	space-ACPC			DSIStudio	autotrackgqi
Association_InferiorLongitudinalFasciculusR	dki_rd	DIPYDKI	/scratch/grmpy/SLURM_11194840_28/job-11194840-28-sub-114935/ds/inputs/data/qsiprep/qsiprep/sub-114935/ses-1/dwi/sub-114935_ses-1_acq-multiband_dir-AP_space-ACPC_desc-preproc_dwi.nii.gz	0.0003005409737527	0.0007615149370394	0.0002391282905591	0.0007312170928344	0.0007617438677698	0.0007312279194593	0.0002387993736192	0.0006556485313922	0.0006556628504768	sub-114935	ses-1		dir-AP	acq-multiband	space-ACPC			DSIStudio	autotrackgqi
Association_InferiorLongitudinalFasciculusR	dki_rk	DIPYDKI	/scratch/grmpy/SLURM_11194840_28/job-11194840-28-sub-114935/ds/inputs/data/qsiprep/qsiprep/sub-114935/ses-1/dwi/sub-114935_ses-1_acq-multiband_dir-AP_space-ACPC_desc-preproc_dwi.nii.gz	0.0005009016229212	1.1535272319375676	0.5305309123221925	1.122685584246419	1.1541053251679665	1.1231927100107306	0.5300348332014871	1.5357797045237578	1.5358165032850677	sub-114935	ses-1		dir-AP	acq-multiband	space-ACPC			DSIStudio	autotrackgqi
Association_InferiorLongitudinalFasciculusR	dki_sphericity	DIPYDKI	/scratch/grmpy/SLURM_11194840_28/job-11194840-28-sub-114935/ds/inputs/data/qsiprep/qsiprep/sub-114935/ses-1/dwi/sub-114935_ses-1_acq-multiband_dir-AP_space-ACPC_desc-preproc_dwi.nii.gz	0.0003005409737527	0.6643948554992676	0.1781957596540451	0.6744314432144165	0.6645945906639099	0.6745166182518005	0.1778497397899627	0.5407427549362183	0.5407545566558838	sub-114935	ses-1		dir-AP	acq-multiband	space-ACPC			DSIStudio	autotrackgqi
Association_CingulumL	dki_ad	DIPYDKI	/scratch/grmpy/SLURM_11194840_28/job-11194840-28-sub-114935/ds/inputs/data/qsiprep/qsiprep/sub-114935/ses-1/dwi/sub-114935_ses-1_acq-multiband_dir-AP_space-ACPC_desc-preproc_dwi.nii.gz	0.0001206854936036	0.0013391993707045	0.0003998127358499	0.0012682187370955	0.0013393610715866	0.0012682501692324	0.000399566051783	0.0014547311002388	0.0014547477476298	sub-114935	ses-1		dir-AP	acq-multiband	space-ACPC			DSIStudio	autotrackgqi
Association_CingulumL	dki_ak	DIPYDKI	/scratch/grmpy/SLURM_11194840_28/job-11194840-28-sub-114935/ds/inputs/data/qsiprep/qsiprep/sub-114935/ses-1/dwi/sub-114935_ses-1_acq-multiband_dir-AP_space-ACPC_desc-preproc_dwi.nii.gz	0.000724112961622	0.7513879249500656	0.1693243491437919	0.7558959934799949	0.7519324089536525	0.7560297733287495	0.1681728156974149	0.7795023263849093	0.7795858272687437	sub-114935	ses-1		dir-AP	acq-multiband	space-ACPC			DSIStudio	autotrackgqi
Association_CingulumL	dki_fa	DIPYDKI	/scratch/grmpy/SLURM_11194840_28/job-11194840-28-sub-114935/ds/inputs/data/qsiprep/qsiprep/sub-114935/ses-1/dwi/sub-114935_ses-1_acq-multiband_dir-AP_space-ACPC_desc-preproc_dwi.nii.gz	0.0002413709872073	0.3279005587100982	0.1780345439910888	0.2955159544944763	0.3279797434806824	0.2955949604511261	0.1779831051826477	0.453842431306839	0.4538487195968628	sub-114935	ses-1		dir-AP	acq-multiband	space-ACPC			DSIStudio	autotrackgqi
Association_CingulumL	dki_kfa	DIPYDKI	/scratch/grmpy/SLURM_11194840_28/job-11194840-28-sub-114935/ds/inputs/data/qsiprep/qsiprep/sub-114935/ses-1/dwi/sub-114935_ses-1_acq-multiband_dir-AP_space-ACPC_desc-preproc_dwi.nii.gz	0.0045860487569394	0.5050938129425049	0.175357699394226	0.4977133870124817	0.5074208974838257	0.4989339709281921	0.1723693758249282	0.5504505634307861	0.5512251853942871	sub-114935	ses-1		dir-AP	acq-multiband	space-ACPC			DSIStudio	autotrackgqi
Association_CingulumL	dki_linearity	DIPYDKI	/scratch/grmpy/SLURM_11194840_28/job-11194840-28-sub-114935/ds/inputs/data/qsiprep/qsiprep/sub-114935/ses-1/dwi/sub-114935_ses-1_acq-multiband_dir-AP_space-ACPC_desc-preproc_dwi.nii.gz	0.0002413709872073	0.1434137225151062	0.1197760105133056	0.1041705161333084	0.1434483379125595	0.1042707040905952	0.119769737124443	0.2276244014501571	0.2276275753974914	sub-114935	ses-1		dir-AP	acq-multiband	space-ACPC			DSIStudio	autotrackgqi
Association_CingulumL	dki_md	DIPYDKI	/scratch/grmpy/SLURM_11194840_28/job-11194840-28-sub-114935/ds/inputs/data/qsiprep/qsiprep/sub-114935/ses-1/dwi/sub-114935_ses-1_acq-multiband_dir-AP_space-ACPC_desc-preproc_dwi.nii.gz	0.0001206854936036	0.0009858802659437	0.0003079618618357	0.0009223598754033	0.0009859992424026	0.0009223882225342	0.0003077899164054	0.0009407972102053	0.0009408080950379	sub-114935	ses-1		dir-AP	acq-multiband	space-ACPC			DSIStudio	autotrackgqi
Association_CingulumL	dki_mk	DIPYDKI	/scratch/grmpy/SLURM_11194840_28/job-11194840-28-sub-114935/ds/inputs/data/qsiprep/qsiprep/sub-114935/ses-1/dwi/sub-114935_ses-1_acq-multiband_dir-AP_space-ACPC_desc-preproc_dwi.nii.gz	0.000724112961622	0.8607210780007264	0.2968703700619455	0.8550852720749227	0.8613447889268139	0.8553811449520541	0.2960720355671813	1.0378970403117822	1.0380082205651484	sub-114935	ses-1		dir-AP	acq-multiband	space-ACPC			DSIStudio	autotrackgqi
Association_CingulumL	dki_mkt	DIPYDKI	/scratch/grmpy/SLURM_11194840_28/job-11194840-28-sub-114935/ds/inputs/data/qsiprep/qsiprep/sub-114935/ses-1/dwi/sub-114935_ses-1_acq-multiband_dir-AP_space-ACPC_desc-preproc_dwi.nii.gz	0.0001206854936036	0.8487419491332605	0.2495371877249882	0.8594616075564501	0.8488443923377426	0.8594827879110428	0.2493779572595157	0.9826978415676608	0.9827091450741684	sub-114935	ses-1		dir-AP	acq-multiband	space-ACPC			DSIStudio	autotrackgqi
Association_CingulumL	dki_planarity	DIPYDKI	/scratch/grmpy/SLURM_11194840_28/job-11194840-28-sub-114935/ds/inputs/data/qsiprep/qsiprep/sub-114935/ses-1/dwi/sub-114935_ses-1_acq-multiband_dir-AP_space-ACPC_desc-preproc_dwi.nii.gz	0.000362056480811	0.1705701947212219	0.1140675395727157	0.1436593234539032	0.1706319749355316	0.1436658501625061	0.1140419840812683	0.193414881825447	0.1934190988540649	sub-114935	ses-1		dir-AP	acq-multiband	space-ACPC			DSIStudio	autotrackgqi
Association_CingulumL	dki_rd	DIPYDKI	/scratch/grmpy/SLURM_11194840_28/job-11194840-28-sub-114935/ds/inputs/data/qsiprep/qsiprep/sub-114935/ses-1/dwi/sub-114935_ses-1_acq-multiband_dir-AP_space-ACPC_desc-preproc_dwi.nii.gz	0.0001206854936036	0.0008092205971479	0.0003204368113074	0.000762470648624	0.0008093182696029	0.0007624714635312	0.0003203327651135	0.0006838302942924	0.0006838382105343	sub-114935	ses-1		dir-AP	acq-multiband	space-ACPC			DSIStudio	autotrackgqi
Association_CingulumL	dki_rk	DIPYDKI	/scratch/grmpy/SLURM_11194840_28/job-11194840-28-sub-114935/ds/inputs/data/qsiprep/qsiprep/sub-114935/ses-1/dwi/sub-114935_ses-1_acq-multiband_dir-AP_space-ACPC_desc-preproc_dwi.nii.gz	0.000724112961622	1.05323771955924	0.6225816101277108	0.9456811718988696	1.054000935298051	0.9460334444935672	0.6221609971932195	1.5109549651110532	1.5111168192635276	sub-114935	ses-1		dir-AP	acq-multiband	space-ACPC			DSIStudio	autotrackgqi
Association_CingulumL	dki_sphericity	DIPYDKI	/scratch/grmpy/SLURM_11194840_28/job-11194840-28-sub-114935/ds/inputs/data/qsiprep/qsiprep/sub-114935/ses-1/dwi/sub-114935_ses-1_acq-multiband_dir-AP_space-ACPC_desc-preproc_dwi.nii.gz	0.0001206854936036	0.6858954429626465	0.1718111634254455	0.7171826362609863	0.6859782338142395	0.7172001004219055	0.1716561913490295	0.5789492130279541	0.5789558291435242	sub-114935	ses-1		dir-AP	acq-multiband	space-ACPC			DSIStudio	autotrackgqi
Association_HippocampusAlveusR	dki_ad	DIPYDKI	/scratch/grmpy/SLURM_11194840_28/job-11194840-28-sub-114935/ds/inputs/data/qsiprep/qsiprep/sub-114935/ses-1/dwi/sub-114935_ses-1_acq-multiband_dir-AP_space-ACPC_desc-preproc_dwi.nii.gz	0.0	0.001638643676415	0.0007573735783807	0.0013944607926532	0.001638643676415	0.0013944607926532	0.0007573735783807	0.0017234702827408	0.0017234702827408	sub-114935	ses-1		dir-AP	acq-multiband	space-ACPC			DSIStudio	autotrackgqi
Association_HippocampusAlveusR	dki_ak	DIPYDKI	/scratch/grmpy/SLURM_11194840_28/job-11194840-28-sub-114935/ds/inputs/data/qsiprep/qsiprep/sub-114935/ses-1/dwi/sub-114935_ses-1_acq-multiband_dir-AP_space-ACPC_desc-preproc_dwi.nii.gz	0.0	0.7046850107168463	0.162660747851458	0.7051290661131027	0.7046850107168463	0.7051290661131027	0.162660747851458	0.6947115092650797	0.6947115092650797	sub-114935	ses-1		dir-AP	acq-multiband	space-ACPC			DSIStudio	autotrackgqi
Association_HippocampusAlveusR	dki_fa	DIPYDKI	/scratch/grmpy/SLURM_11194840_28/job-11194840-28-sub-114935/ds/inputs/data/qsiprep/qsiprep/sub-114935/ses-1/dwi/sub-114935_ses-1_acq-multiband_dir-AP_space-ACPC_desc-preproc_dwi.nii.gz	0.0	0.2936166524887085	0.1539801061153412	0.264232724905014	0.2936166524887085	0.264232724905014	0.1539801061153412	0.3118898570537567	0.3118898570537567	sub-114935	ses-1		dir-AP	acq-multiband	space-ACPC			DSIStudio	autotrackgqi
Association_HippocampusAlveusR	dki_kfa	DIPYDKI	/scratch/grmpy/SLURM_11194840_28/job-11194840-28-sub-114935/ds/inputs/data/qsiprep/qsiprep/sub-114935/ses-1/dwi/sub-114935_ses-1_acq-multiband_dir-AP_space-ACPC_desc-preproc_dwi.nii.gz	0.0046425255338904	0.4908115267753601	0.2043038010597229	0.4836204051971435	0.4931007623672485	0.4850387871265411	0.2020047158002853	0.465543270111084	0.4667397737503052	sub-114935	ses-1		dir-AP	acq-multiband	space-ACPC			DSIStudio	autotrackgqi
Association_HippocampusAlveusR	dki_linearity	DIPYDKI	/scratch/grmpy/SLURM_11194840_28/job-11194840-28-sub-114935/ds/inputs/data/qsiprep/qsiprep/sub-114935/ses-1/dwi/sub-114935_ses-1_acq-multiband_dir-AP_space-ACPC_desc-preproc_dwi.nii.gz	0.0	0.1324261277914047	0.1050174236297607	0.1029360145330429	0.1324261277914047	0.1029360145330429	0.1050174236297607	0.144974336028099	0.144974336028099	sub-114935	ses-1		dir-AP	acq-multiband	space-ACPC			DSIStudio	autotrackgqi
Association_HippocampusAlveusR	dki_md	DIPYDKI	/scratch/grmpy/SLURM_11194840_28/job-11194840-28-sub-114935/ds/inputs/data/qsiprep/qsiprep/sub-114935/ses-1/dwi/sub-114935_ses-1_acq-multiband_dir-AP_space-ACPC_desc-preproc_dwi.nii.gz	0.0	0.0012508630752563	0.0006275847554206	0.0010149597655981	0.0012508630752563	0.0010149597655981	0.0006275847554206	0.0012954003177583	0.0012954003177583	sub-114935	ses-1		dir-AP	acq-multiband	space-ACPC			DSIStudio	autotrackgqi
Association_HippocampusAlveusR	dki_mk	DIPYDKI	/scratch/grmpy/SLURM_11194840_28/job-11194840-28-sub-114935/ds/inputs/data/qsiprep/qsiprep/sub-114935/ses-1/dwi/sub-114935_ses-1_acq-multiband_dir-AP_space-ACPC_desc-preproc_dwi.nii.gz	0.0	0.7203509928377828	0.2347753646602834	0.7369690697249602	0.7203509928377828	0.7369690697249602	0.2347753646602834	0.7557639365744862	0.7557639365744862	sub-114935	ses-1		dir-AP	acq-multiband	space-ACPC			DSIStudio	autotrackgqi
Association_HippocampusAlveusR	dki_mkt	DIPYDKI	/scratch/grmpy/SLURM_11194840_28/job-11194840-28-sub-114935/ds/inputs/data/qsiprep/qsiprep/sub-114935/ses-1/dwi/sub-114935_ses-1_acq-multiband_dir-AP_space-ACPC_desc-preproc_dwi.nii.gz	0.0	0.7361774490033458	0.2065594581614508	0.7533419048107813	0.7361774490033458	0.7533419048107813	0.2065594581614508	0.7615885738588899	0.7615885738588899	sub-114935	ses-1		dir-AP	acq-multiband	space-ACPC			DSIStudio	autotrackgqi
Association_HippocampusAlveusR	dki_planarity	DIPYDKI	/scratch/grmpy/SLURM_11194840_28/job-11194840-28-sub-114935/ds/inputs/data/qsiprep/qsiprep/sub-114935/ses-1/dwi/sub-114935_ses-1_acq-multiband_dir-AP_space-ACPC_desc-preproc_dwi.nii.gz	0.0	0.1354840993881225	0.0927304849028587	0.1139451265335083	0.1354840993881225	0.1139451265335083	0.0927304849028587	0.1364315450191497	0.1364315450191497	sub-114935	ses-1		dir-AP	acq-multiband	space-ACPC			DSIStudio	autotrackgqi
Association_HippocampusAlveusR	dki_rd	DIPYDKI	/scratch/grmpy/SLURM_11194840_28/job-11194840-28-sub-114935/ds/inputs/data/qsiprep/qsiprep/sub-114935/ses-1/dwi/sub-114935_ses-1_acq-multiband_dir-AP_space-ACPC_desc-preproc_dwi.nii.gz	0.0	0.0010569726582616	0.0005943732103332	0.0008548934711143	0.0010569726582616	0.0008548934711143	0.0005943732103332	0.0010813653934746	0.0010813653934746	sub-114935	ses-1		dir-AP	acq-multiband	space-ACPC			DSIStudio	autotrackgqi
Association_HippocampusAlveusR	dki_rk	DIPYDKI	/scratch/grmpy/SLURM_11194840_28/job-11194840-28-sub-114935/ds/inputs/data/qsiprep/qsiprep/sub-114935/ses-1/dwi/sub-114935_ses-1_acq-multiband_dir-AP_space-ACPC_desc-preproc_dwi.nii.gz	0.0	0.7846149184094293	0.4282929082555825	0.7803027323532796	0.7846149184094293	0.7803027323532796	0.4282929082555825	0.8625844396417415	0.8625844396417415	sub-114935	ses-1		dir-AP	acq-multiband	space-ACPC			DSIStudio	autotrackgqi
Association_HippocampusAlveusR	dki_sphericity	DIPYDKI	/scratch/grmpy/SLURM_11194840_28/job-11194840-28-sub-114935/ds/inputs/data/qsiprep/qsiprep/sub-114935/ses-1/dwi/sub-114935_ses-1_acq-multiband_dir-AP_space-ACPC_desc-preproc_dwi.nii.gz	0.0	0.7320897579193115	0.1416665017604828	0.7595815658569336	0.7320897579193115	0.7595815658569336	0.1416665017604828	0.7185941338539124	0.7185941338539124	sub-114935	ses-1		dir-AP	acq-multiband	space-ACPC			DSIStudio	autotrackgqi
Association_InferiorFrontoOccipitalFasciculusL	dki_ad	DIPYDKI	/scratch/grmpy/SLURM_11194840_28/job-11194840-28-sub-114935/ds/inputs/data/qsiprep/qsiprep/sub-114935/ses-1/dwi/sub-114935_ses-1_acq-multiband_dir-AP_space-ACPC_desc-preproc_dwi.nii.gz	0.0	0.0013309948844835	0.0002893309574574	0.0012986394576728	0.0013309948844835	0.0012986394576728	0.0002893309574574	0.0014954505022615	0.0014954507350921	sub-114935	ses-1		dir-AP	acq-multiband	space-ACPC			DSIStudio	autotrackgqi
Association_InferiorFrontoOccipitalFasciculusL	dki_ak	DIPYDKI	/scratch/grmpy/SLURM_11194840_28/job-11194840-28-sub-114935/ds/inputs/data/qsiprep/qsiprep/sub-114935/ses-1/dwi/sub-114935_ses-1_acq-multiband_dir-AP_space-ACPC_desc-preproc_dwi.nii.gz	0.0	0.7960825079528755	0.1432445642143384	0.7938561643095268	0.7960825079528755	0.7938561643095268	0.1432445642143384	0.7757723586512093	0.7757724251430067	sub-114935	ses-1		dir-AP	acq-multiband	space-ACPC			DSIStudio	autotrackgqi
Association_InferiorFrontoOccipitalFasciculusL	dki_fa	DIPYDKI	/scratch/grmpy/SLURM_11194840_28/job-11194840-28-sub-114935/ds/inputs/data/qsiprep/qsiprep/sub-114935/ses-1/dwi/sub-114935_ses-1_acq-multiband_dir-AP_space-ACPC_desc-preproc_dwi.nii.gz	0.0	0.3717299997806549	0.1860962212085724	0.3654349446296692	0.3717299997806549	0.3654349446296692	0.1860962212085724	0.5123006701469421	0.5123007297515869	sub-114935	ses-1		dir-AP	acq-multiband	space-ACPC			DSIStudio	autotrackgqi
Association_InferiorFrontoOccipitalFasciculusL	dki_kfa	DIPYDKI	/scratch/grmpy/SLURM_11194840_28/job-11194840-28-sub-114935/ds/inputs/data/qsiprep/qsiprep/sub-114935/ses-1/dwi/sub-114935_ses-1_acq-multiband_dir-AP_space-ACPC_desc-preproc_dwi.nii.gz	0.0014149729868793	0.4709020555019378	0.1520248055458068	0.4664049744606018	0.471569299697876	0.4667255878448486	0.1510947793722152	0.5516043901443481	0.5516762733459473	sub-114935	ses-1		dir-AP	acq-multiband	space-ACPC			DSIStudio	autotrackgqi
Association_InferiorFrontoOccipitalFasciculusL	dki_linearity	DIPYDKI	/scratch/grmpy/SLURM_11194840_28/job-11194840-28-sub-114935/ds/inputs/data/qsiprep/qsiprep/sub-114935/ses-1/dwi/sub-114935_ses-1_acq-multiband_dir-AP_space-ACPC_desc-preproc_dwi.nii.gz	0.0	0.1697697788476944	0.1306746751070022	0.1355299651622772	0.1697697788476944	0.1355299651622772	0.1306746751070022	0.2687323689460754	0.2687323689460754	sub-114935	ses-1		dir-AP	acq-multiband	space-ACPC			DSIStudio	autotrackgqi
Association_InferiorFrontoOccipitalFasciculusL	dki_md	DIPYDKI	/scratch/grmpy/SLURM_11194840_28/job-11194840-28-sub-114935/ds/inputs/data/qsiprep/qsiprep/sub-114935/ses-1/dwi/sub-114935_ses-1_acq-multiband_dir-AP_space-ACPC_desc-preproc_dwi.nii.gz	0.0	0.0009370037005282	0.0001854059228207	0.000905547873117	0.0009370037005282	0.000905547873117	0.0001854059228207	0.0009149947436526	0.0009149948018603	sub-114935	ses-1		dir-AP	acq-multiband	space-ACPC			DSIStudio	autotrackgqi
Association_InferiorFrontoOccipitalFasciculusL	dki_mk	DIPYDKI	/scratch/grmpy/SLURM_11194840_28/job-11194840-28-sub-114935/ds/inputs/data/qsiprep/qsiprep/sub-114935/ses-1/dwi/sub-114935_ses-1_acq-multiband_dir-AP_space-ACPC_desc-preproc_dwi.nii.gz	0.0	0.9857704310288832	0.2351171337793526	1.0038645380927431	0.9857704310288832	1.0038645380927431	0.2351171337793526	1.0921125329617438	1.092112626480941	sub-114935	ses-1		dir-AP	acq-multiband	space-ACPC			DSIStudio	autotrackgqi
Association_InferiorFrontoOccipitalFasciculusL	dki_mkt	DIPYDKI	/scratch/grmpy/SLURM_11194840_28/job-11194840-28-sub-114935/ds/inputs/data/qsiprep/qsiprep/sub-114935/ses-1/dwi/sub-114935_ses-1_acq-multiband_dir-AP_space-ACPC_desc-preproc_dwi.nii.gz	0.0	0.9584003023457632	0.1917027237679182	0.9886006338338588	0.9584003023457632	0.9886006338338588	0.1917027237679182	1.0365799349033715	1.036580023729882	sub-114935	ses-1		dir-AP	acq-multiband	space-ACPC			DSIStudio	autotrackgqi
Association_InferiorFrontoOccipitalFasciculusL	dki_planarity	DIPYDKI	/scratch/grmpy/SLURM_11194840_28/job-11194840-28-sub-114935/ds/inputs/data/qsiprep/qsiprep/sub-114935/ses-1/dwi/sub-114935_ses-1_acq-multiband_dir-AP_space-ACPC_desc-preproc_dwi.nii.gz	0.0	0.1856907606124878	0.1144546121358871	0.1672495603561401	0.1856907606124878	0.1672495603561401	0.1144546121358871	0.2109360098838806	0.210936039686203	sub-114935	ses-1		dir-AP	acq-multiband	space-ACPC			DSIStudio	autotrackgqi
Association_InferiorFrontoOccipitalFasciculusL	dki_rd	DIPYDKI	/scratch/grmpy/SLURM_11194840_28/job-11194840-28-sub-114935/ds/inputs/data/qsiprep/qsiprep/sub-114935/ses-1/dwi/sub-114935_ses-1_acq-multiband_dir-AP_space-ACPC_desc-preproc_dwi.nii.gz	0.0	0.0007400080794468	0.0002293942816322	0.0007254537777043	0.0007400080794468	0.0007254537777043	0.0002293942816322	0.0006247668061405	0.0006247668643482	sub-114935	ses-1		dir-AP	acq-multiband	space-ACPC			DSIStudio	autotrackgqi
Association_InferiorFrontoOccipitalFasciculusL	dki_rk	DIPYDKI	/scratch/grmpy/SLURM_11194840_28/job-11194840-28-sub-114935/ds/inputs/data/qsiprep/qsiprep/sub-114935/ses-1/dwi/sub-114935_ses-1_acq-multiband_dir-AP_space-ACPC_desc-preproc_dwi.nii.gz	0.0	1.269903342267949	0.5489989282096163	1.2286784261356942	1.269903342267949	1.2286784261356942	0.5489989282096163	1.6135381656178291	1.6135383037010396	sub-114935	ses-1		dir-AP	acq-multiband	space-ACPC			DSIStudio	autotrackgqi
Association_InferiorFrontoOccipitalFasciculusL	dki_sphericity	DIPYDKI	/scratch/grmpy/SLURM_11194840_28/job-11194840-28-sub-114935/ds/inputs/data/qsiprep/qsiprep/sub-114935/ses-1/dwi/sub-114935_ses-1_acq-multiband_dir-AP_space-ACPC_desc-preproc_dwi.nii.gz	0.0	0.6445394158363342	0.1787797212600708	0.6506334543228149	0.6445394158363342	0.6506334543228149	0.1787797212600708	0.520331621170044	0.5203316807746887	sub-114935	ses-1		dir-AP	acq-multiband	space-ACPC			DSIStudio	autotrackgqi
Association_MiddleLongitudinalFasciculusR	dki_ad	DIPYDKI	/scratch/grmpy/SLURM_11194840_28/job-11194840-28-sub-114935/ds/inputs/data/qsiprep/qsiprep/sub-114935/ses-1/dwi/sub-114935_ses-1_acq-multiband_dir-AP_space-ACPC_desc-preproc_dwi.nii.gz	0.0	0.0013070423156023	0.0002846392162609	0.001294020563364	0.0013070423156023	0.001294020563364	0.0002846392162609	0.0013918632175773	0.0013918632175773	sub-114935	ses-1		dir-AP	acq-multiband	space-ACPC			DSIStudio	autotrackgqi
Association_MiddleLongitudinalFasciculusR	dki_ak	DIPYDKI	/scratch/grmpy/SLURM_11194840_28/job-11194840-28-sub-114935/ds/inputs/data/qsiprep/qsiprep/sub-114935/ses-1/dwi/sub-114935_ses-1_acq-multiband_dir-AP_space-ACPC_desc-preproc_dwi.nii.gz	0.0	0.7422347074165669	0.1534069670575549	0.7486203353399343	0.7422347074165669	0.7486203353399343	0.1534069670575549	0.7621328590518046	0.7621328590518046	sub-114935	ses-1		dir-AP	acq-multiband	space-ACPC			DSIStudio	autotrackgqi
Association_MiddleLongitudinalFasciculusR	dki_fa	DIPYDKI	/scratch/grmpy/SLURM_11194840_28/job-11194840-28-sub-114935/ds/inputs/data/qsiprep/qsiprep/sub-114935/ses-1/dwi/sub-114935_ses-1_acq-multiband_dir-AP_space-ACPC_desc-preproc_dwi.nii.gz	0.0	0.3662625551223755	0.1799923926591873	0.3785580396652221	0.3662625551223755	0.3785580396652221	0.1799923926591873	0.4583970606327057	0.4583970606327057	sub-114935	ses-1		dir-AP	acq-multiband	space-ACPC			DSIStudio	autotrackgqi
Association_MiddleLongitudinalFasciculusR	dki_kfa	DIPYDKI	/scratch/grmpy/SLURM_11194840_28/job-11194840-28-sub-114935/ds/inputs/data/qsiprep/qsiprep/sub-114935/ses-1/dwi/sub-114935_ses-1_acq-multiband_dir-AP_space-ACPC_desc-preproc_dwi.nii.gz	0.0016648168701442	0.4590469896793365	0.139184296131134	0.4616375267505646	0.4598124921321869	0.4619330763816833	0.1380311101675033	0.4903684854507446	0.4905111789703369	sub-114935	ses-1		dir-AP	acq-multiband	space-ACPC			DSIStudio	autotrackgqi
Association_MiddleLongitudinalFasciculusR	dki_linearity	DIPYDKI	/scratch/grmpy/SLURM_11194840_28/job-11194840-28-sub-114935/ds/inputs/data/qsiprep/qsiprep/sub-114935/ses-1/dwi/sub-114935_ses-1_acq-multiband_dir-AP_space-ACPC_desc-preproc_dwi.nii.gz	0.0	0.161134272813797	0.1139205917716026	0.1367784887552261	0.161134272813797	0.1367784887552261	0.1139205917716026	0.2143405973911285	0.2143405973911285	sub-114935	ses-1		dir-AP	acq-multiband	space-ACPC			DSIStudio	autotrackgqi
Association_MiddleLongitudinalFasciculusR	dki_md	DIPYDKI	/scratch/grmpy/SLURM_11194840_28/job-11194840-28-sub-114935/ds/inputs/data/qsiprep/qsiprep/sub-114935/ses-1/dwi/sub-114935_ses-1_acq-multiband_dir-AP_space-ACPC_desc-preproc_dwi.nii.gz	0.0	0.000924831489101	0.0001734386314637	0.0009005910251289	0.000924831489101	0.0009005910251289	0.0001734386314637	0.0009038129355758	0.0009038129355758	sub-114935	ses-1		dir-AP	acq-multiband	space-ACPC			DSIStudio	autotrackgqi
Association_MiddleLongitudinalFasciculusR	dki_mk	DIPYDKI	/scratch/grmpy/SLURM_11194840_28/job-11194840-28-sub-114935/ds/inputs/data/qsiprep/qsiprep/sub-114935/ses-1/dwi/sub-114935_ses-1_acq-multiband_dir-AP_space-ACPC_desc-preproc_dwi.nii.gz	0.0	0.9425623775312048	0.2554096163415935	1.013908355866078	0.9425623775312048	1.013908355866078	0.2554096163415935	1.066319043018917	1.066319043018917	sub-114935	ses-1		dir-AP	acq-multiband	space-ACPC			DSIStudio	autotrackgqi
Association_MiddleLongitudinalFasciculusR	dki_mkt	DIPYDKI	/scratch/grmpy/SLURM_11194840_28/job-11194840-28-sub-114935/ds/inputs/data/qsiprep/qsiprep/sub-114935/ses-1/dwi/sub-114935_ses-1_acq-multiband_dir-AP_space-ACPC_desc-preproc_dwi.nii.gz	0.0	0.9096425255294904	0.2227596477684785	0.9733485245467776	0.9096425255294904	0.9733485245467776	0.2227596477684785	1.009120406236977	1.009120406236977	sub-114935	ses-1		dir-AP	acq-multiband	space-ACPC			DSIStudio	autotrackgqi
Association_MiddleLongitudinalFasciculusR	dki_planarity	DIPYDKI	/scratch/grmpy/SLURM_11194840_28/job-11194840-28-sub-114935/ds/inputs/data/qsiprep/qsiprep/sub-114935/ses-1/dwi/sub-114935_ses-1_acq-multiband_dir-AP_space-ACPC_desc-preproc_dwi.nii.gz	0.0	0.1938106715679168	0.1203499212861061	0.1784488558769226	0.1938106715679168	0.1784488558769226	0.1203499212861061	0.2243423461914062	0.2243423461914062	sub-114935	ses-1		dir-AP	acq-multiband	space-ACPC			DSIStudio	autotrackgqi
Association_MiddleLongitudinalFasciculusR	dki_rd	DIPYDKI	/scratch/grmpy/SLURM_11194840_28/job-11194840-28-sub-114935/ds/inputs/data/qsiprep/qsiprep/sub-114935/ses-1/dwi/sub-114935_ses-1_acq-multiband_dir-AP_space-ACPC_desc-preproc_dwi.nii.gz	0.0	0.0007337260176427	0.0002056592929875	0.0007078704657033	0.0007337260176427	0.0007078704657033	0.0002056592929875	0.0006597878527827	0.0006597878527827	sub-114935	ses-1		dir-AP	acq-multiband	space-ACPC			DSIStudio	autotrackgqi
Association_MiddleLongitudinalFasciculusR	dki_rk	DIPYDKI	/scratch/grmpy/SLURM_11194840_28/job-11194840-28-sub-114935/ds/inputs/data/qsiprep/qsiprep/sub-114935/ses-1/dwi/sub-114935_ses-1_acq-multiband_dir-AP_space-ACPC_desc-preproc_dwi.nii.gz	0.0	1.2212891611319552	0.5041477805085104	1.2606928883057875	1.2212891611319552	1.2606928883057875	0.5041477805085104	1.4970244889869353	1.4970244889869353	sub-114935	ses-1		dir-AP	acq-multiband	space-ACPC			DSIStudio	autotrackgqi
Association_MiddleLongitudinalFasciculusR	dki_sphericity	DIPYDKI	/scratch/grmpy/SLURM_11194840_28/job-11194840-28-sub-114935/ds/inputs/data/qsiprep/qsiprep/sub-114935/ses-1/dwi/sub-114935_ses-1_acq-multiband_dir-AP_space-ACPC_desc-preproc_dwi.nii.gz	0.0	0.6450550556182861	0.1785562336444854	0.6312230229377747	0.6450550556182861	0.6312230229377747	0.1785562336444854	0.5613170862197876	0.5613170862197876	sub-114935	ses-1		dir-AP	acq-multiband	space-ACPC			DSIStudio	autotrackgqi
Association_InferiorLongitudinalFasciculusL	dki_ad	DIPYDKI	/scratch/grmpy/SLURM_11194840_28/job-11194840-28-sub-114935/ds/inputs/data/qsiprep/qsiprep/sub-114935/ses-1/dwi/sub-114935_ses-1_acq-multiband_dir-AP_space-ACPC_desc-preproc_dwi.nii.gz	0.0008281573498964	0.0013020240003243	0.0003372897044755	0.0012539201416075	0.0013031031703576	0.0012542452896013	0.0003353391657583	0.0013872437411919	0.0013873213902115	sub-114935	ses-1		dir-AP	acq-multiband	space-ACPC			DSIStudio	autotrackgqi
Association_InferiorLongitudinalFasciculusL	dki_ak	DIPYDKI	/scratch/grmpy/SLURM_11194840_28/job-11194840-28-sub-114935/ds/inputs/data/qsiprep/qsiprep/sub-114935/ses-1/dwi/sub-114935_ses-1_acq-multiband_dir-AP_space-ACPC_desc-preproc_dwi.nii.gz	0.0012422360248447	0.7822331057425774	0.1719758821968253	0.7869949076317206	0.7832060324910134	0.7872794205480143	0.1698543130461905	0.8030834869953289	0.803445481128535	sub-114935	ses-1		dir-AP	acq-multiband	space-ACPC			DSIStudio	autotrackgqi
Association_InferiorLongitudinalFasciculusL	dki_fa	DIPYDKI	/scratch/grmpy/SLURM_11194840_28/job-11194840-28-sub-114935/ds/inputs/data/qsiprep/qsiprep/sub-114935/ses-1/dwi/sub-114935_ses-1_acq-multiband_dir-AP_space-ACPC_desc-preproc_dwi.nii.gz	0.0009316770186335	0.3655705153942108	0.1925224363803863	0.3487049639225006	0.3659114241600036	0.349093347787857	0.1922881007194519	0.4727395176887512	0.4727680683135986	sub-114935	ses-1		dir-AP	acq-multiband	space-ACPC			DSIStudio	autotrackgqi
Association_InferiorLongitudinalFasciculusL	dki_kfa	DIPYDKI	/scratch/grmpy/SLURM_11194840_28/job-11194840-28-sub-114935/ds/inputs/data/qsiprep/qsiprep/sub-114935/ses-1/dwi/sub-114935_ses-1_acq-multiband_dir-AP_space-ACPC_desc-preproc_dwi.nii.gz	0.0045548654244306	0.5041934847831726	0.1794767826795578	0.4985606074333191	0.5065005421638489	0.4996089935302734	0.1766091436147689	0.5341088771820068	0.5345181226730347	sub-114935	ses-1		dir-AP	acq-multiband	space-ACPC			DSIStudio	autotrackgqi
Association_InferiorLongitudinalFasciculusL	dki_linearity	DIPYDKI	/scratch/grmpy/SLURM_11194840_28/job-11194840-28-sub-114935/ds/inputs/data/qsiprep/qsiprep/sub-114935/ses-1/dwi/sub-114935_ses-1_acq-multiband_dir-AP_space-ACPC_desc-preproc_dwi.nii.gz	0.0009316770186335	0.1621427088975906	0.1309947222471237	0.1198467463254928	0.1622939109802246	0.1199524998664856	0.1309621185064315	0.2260196357965469	0.2260332703590393	sub-114935	ses-1		dir-AP	acq-multiband	space-ACPC			DSIStudio	autotrackgqi
Association_InferiorLongitudinalFasciculusL	dki_md	DIPYDKI	/scratch/grmpy/SLURM_11194840_28/job-11194840-28-sub-114935/ds/inputs/data/qsiprep/qsiprep/sub-114935/ses-1/dwi/sub-114935_ses-1_acq-multiband_dir-AP_space-ACPC_desc-preproc_dwi.nii.gz	0.0008281573498964	0.0009233498713001	0.0002257932937936	0.0008823767420835	0.0009241151274181	0.0008824776159599	0.0002243159397039	0.000888391630724	0.0008884412818588	sub-114935	ses-1		dir-AP	acq-multiband	space-ACPC			DSIStudio	autotrackgqi
Association_InferiorLongitudinalFasciculusL	dki_mk	DIPYDKI	/scratch/grmpy/SLURM_11194840_28/job-11194840-28-sub-114935/ds/inputs/data/qsiprep/qsiprep/sub-114935/ses-1/dwi/sub-114935_ses-1_acq-multiband_dir-AP_space-ACPC_desc-preproc_dwi.nii.gz	0.0012422360248447	0.9170725544660628	0.3075013788328506	0.9489727365735492	0.9182131919716175	0.9497295217579862	0.3059858786121874	1.0612753035324964	1.0617536788928268	sub-114935	ses-1		dir-AP	acq-multiband	space-ACPC			DSIStudio	autotrackgqi
Association_InferiorLongitudinalFasciculusL	dki_mkt	DIPYDKI	/scratch/grmpy/SLURM_11194840_28/job-11194840-28-sub-114935/ds/inputs/data/qsiprep/qsiprep/sub-114935/ses-1/dwi/sub-114935_ses-1_acq-multiband_dir-AP_space-ACPC_desc-preproc_dwi.nii.gz	0.0008281573498964	0.9095240338971056	0.2586044597260809	0.9570291819970964	0.910277887219855	0.9572586960426628	0.2573819740323028	1.0343621366312166	1.0344199710322417	sub-114935	ses-1		dir-AP	acq-multiband	space-ACPC			DSIStudio	autotrackgqi
Association_InferiorLongitudinalFasciculusL	dki_planarity	DIPYDKI	/scratch/grmpy/SLURM_11194840_28/job-11194840-28-sub-114935/ds/inputs/data/qsiprep/qsiprep/sub-114935/ses-1/dwi/sub-114935_ses-1_acq-multiband_dir-AP_space-ACPC_desc-preproc_dwi.nii.gz	0.0009316770186335	0.1946354806423187	0.1291513293981552	0.1682053357362747	0.1948169767856598	0.1684237569570541	0.1290746331214904	0.2318024933338165	0.2318164557218551	sub-114935	ses-1		dir-AP	acq-multiband	space-ACPC			DSIStudio	autotrackgqi
Association_InferiorLongitudinalFasciculusL	dki_rd	DIPYDKI	/scratch/grmpy/SLURM_11194840_28/job-11194840-28-sub-114935/ds/inputs/data/qsiprep/qsiprep/sub-114935/ses-1/dwi/sub-114935_ses-1_acq-multiband_dir-AP_space-ACPC_desc-preproc_dwi.nii.gz	0.0008281573498964	0.000734012806788	0.0002537988766562	0.0007070584688335	0.0007346211932599	0.0007072028238326	0.0002530223864596	0.0006389655754901	0.0006390012567862	sub-114935	ses-1		dir-AP	acq-multiband	space-ACPC			DSIStudio	autotrackgqi
Association_InferiorLongitudinalFasciculusL	dki_rk	DIPYDKI	/scratch/grmpy/SLURM_11194840_28/job-11194840-28-sub-114935/ds/inputs/data/qsiprep/qsiprep/sub-114935/ses-1/dwi/sub-114935_ses-1_acq-multiband_dir-AP_space-ACPC_desc-preproc_dwi.nii.gz	0.0012422360248447	1.1331847818696237	0.6327610281195678	1.0778959297802508	1.1345942156779192	1.079124241031316	0.6318903199473235	1.4181854619574994	1.418824716101974	sub-114935	ses-1		dir-AP	acq-multiband	space-ACPC			DSIStudio	autotrackgqi
Association_InferiorLongitudinalFasciculusL	dki_sphericity	DIPYDKI	/scratch/grmpy/SLURM_11194840_28/job-11194840-28-sub-114935/ds/inputs/data/qsiprep/qsiprep/sub-114935/ses-1/dwi/sub-114935_ses-1_acq-multiband_dir-AP_space-ACPC_desc-preproc_dwi.nii.gz	0.0008281573498964	0.6423937082290649	0.1935081481933593	0.6605863571166992	0.6429260969161987	0.661325216293335	0.1927021443843841	0.542121946811676	0.5421522855758667	sub-114935	ses-1		dir-AP	acq-multiband	space-ACPC			DSIStudio	autotrackgqi
Association_SuperiorLongitudinalFasciculusL	dki_ad	DIPYDKI	/scratch/grmpy/SLURM_11194840_28/job-11194840-28-sub-114935/ds/inputs/data/qsiprep/qsiprep/sub-114935/ses-1/dwi/sub-114935_ses-1_acq-multiband_dir-AP_space-ACPC_desc-preproc_dwi.nii.gz	0.0	0.0012332181213423	0.0002836176427081	0.0011944350553676	0.0012332181213423	0.0011944350553676	0.0002836176427081	0.0012968295486643	0.0012968295486643	sub-114935	ses-1		dir-AP	acq-multiband	space-ACPC			DSIStudio	autotrackgqi
Association_SuperiorLongitudinalFasciculusL	dki_ak	DIPYDKI	/scratch/grmpy/SLURM_11194840_28/job-11194840-28-sub-114935/ds/inputs/data/qsiprep/qsiprep/sub-114935/ses-1/dwi/sub-114935_ses-1_acq-multiband_dir-AP_space-ACPC_desc-preproc_dwi.nii.gz	0.000130548302872	0.7845012738465539	0.1669382682414208	0.7822561552395884	0.7846037025283461	0.7822639938715763	0.1667083025104104	0.8304693264444656	0.8304722960723696	sub-114935	ses-1		dir-AP	acq-multiband	space-ACPC			DSIStudio	autotrackgqi
Association_SuperiorLongitudinalFasciculusL	dki_fa	DIPYDKI	/scratch/grmpy/SLURM_11194840_28/job-11194840-28-sub-114935/ds/inputs/data/qsiprep/qsiprep/sub-114935/ses-1/dwi/sub-114935_ses-1_acq-multiband_dir-AP_space-ACPC_desc-preproc_dwi.nii.gz	0.000130548302872	0.3025881946086883	0.1619549542665481	0.2875799536705017	0.3026277124881744	0.2876191735267639	0.1619286090135574	0.398735761642456	0.3987371921539306	sub-114935	ses-1		dir-AP	acq-multiband	space-ACPC			DSIStudio	autotrackgqi
Association_SuperiorLongitudinalFasciculusL	dki_kfa	DIPYDKI	/scratch/grmpy/SLURM_11194840_28/job-11194840-28-sub-114935/ds/inputs/data/qsiprep/qsiprep/sub-114935/ses-1/dwi/sub-114935_ses-1_acq-multiband_dir-AP_space-ACPC_desc-preproc_dwi.nii.gz	0.0023498694516971	0.438159316778183	0.1412811130285263	0.4357290267944336	0.4391913414001465	0.4360310435295105	0.1398359984159469	0.4634091258049011	0.464215874671936	sub-114935	ses-1		dir-AP	acq-multiband	space-ACPC			DSIStudio	autotrackgqi
Association_SuperiorLongitudinalFasciculusL	dki_linearity	DIPYDKI	/scratch/grmpy/SLURM_11194840_28/job-11194840-28-sub-114935/ds/inputs/data/qsiprep/qsiprep/sub-114935/ses-1/dwi/sub-114935_ses-1_acq-multiband_dir-AP_space-ACPC_desc-preproc_dwi.nii.gz	0.000130548302872	0.1218226999044418	0.0933261588215828	0.0958797857165336	0.1218386068940162	0.0959317609667778	0.0933218747377395	0.1670569777488708	0.1670575737953186	sub-114935	ses-1		dir-AP	acq-multiband	space-ACPC			DSIStudio	autotrackgqi
Association_SuperiorLongitudinalFasciculusL	dki_md	DIPYDKI	/scratch/grmpy/SLURM_11194840_28/job-11194840-28-sub-114935/ds/inputs/data/qsiprep/qsiprep/sub-114935/ses-1/dwi/sub-114935_ses-1_acq-multiband_dir-AP_space-ACPC_desc-preproc_dwi.nii.gz	0.0	0.0009350685868412	0.0002303579240106	0.0008913044584915	0.0009350685868412	0.0008913044584915	0.0002303579240106	0.0008986250613816	0.0008986250613816	sub-114935	ses-1		dir-AP	acq-multiband	space-ACPC			DSIStudio	autotrackgqi
Association_SuperiorLongitudinalFasciculusL	dki_mk	DIPYDKI	/scratch/grmpy/SLURM_11194840_28/job-11194840-28-sub-114935/ds/inputs/data/qsiprep/qsiprep/sub-114935/ses-1/dwi/sub-114935_ses-1_acq-multiband_dir-AP_space-ACPC_desc-preproc_dwi.nii.gz	0.000130548302872	0.9227968672003511	0.2683485124082998	0.9195716968704708	0.9229173524944104	0.919634842913245	0.2681587743753745	1.0891384955126722	1.089142390199917	sub-114935	ses-1		dir-AP	acq-multiband	space-ACPC			DSIStudio	autotrackgqi
Association_SuperiorLongitudinalFasciculusL	dki_mkt	DIPYDKI	/scratch/grmpy/SLURM_11194840_28/job-11194840-28-sub-114935/ds/inputs/data/qsiprep/qsiprep/sub-114935/ses-1/dwi/sub-114935_ses-1_acq-multiband_dir-AP_space-ACPC_desc-preproc_dwi.nii.gz	0.0	0.9025394530045012	0.2370515686035365	0.9117460742278056	0.9025394530045012	0.9117460742278056	0.2370515686035365	1.0435193642956664	1.0435193642956664	sub-114935	ses-1		dir-AP	acq-multiband	space-ACPC			DSIStudio	autotrackgqi
Association_SuperiorLongitudinalFasciculusL	dki_planarity	DIPYDKI	/scratch/grmpy/SLURM_11194840_28/job-11194840-28-sub-114935/ds/inputs/data/qsiprep/qsiprep/sub-114935/ses-1/dwi/sub-114935_ses-1_acq-multiband_dir-AP_space-ACPC_desc-preproc_dwi.nii.gz	0.000130548302872	0.1745838820934295	0.1190929114818573	0.1480230093002319	0.1746066659688949	0.1480882614850998	0.1190839782357215	0.2248791605234146	0.224879965186119	sub-114935	ses-1		dir-AP	acq-multiband	space-ACPC			DSIStudio	autotrackgqi
Association_SuperiorLongitudinalFasciculusL	dki_rd	DIPYDKI	/scratch/grmpy/SLURM_11194840_28/job-11194840-28-sub-114935/ds/inputs/data/qsiprep/qsiprep/sub-114935/ses-1/dwi/sub-114935_ses-1_acq-multiband_dir-AP_space-ACPC_desc-preproc_dwi.nii.gz	0.0	0.0007859937613829	0.0002533106890041	0.0007402673363685	0.0007859937613829	0.0007402673363685	0.0002533106890041	0.000699522672221	0.000699522672221	sub-114935	ses-1		dir-AP	acq-multiband	space-ACPC			DSIStudio	autotrackgqi
Association_SuperiorLongitudinalFasciculusL	dki_rk	DIPYDKI	/scratch/grmpy/SLURM_11194840_28/job-11194840-28-sub-114935/ds/inputs/data/qsiprep/qsiprep/sub-114935/ses-1/dwi/sub-114935_ses-1_acq-multiband_dir-AP_space-ACPC_desc-preproc_dwi.nii.gz	0.000130548302872	1.1217342412478013	0.5040849310231454	1.0685072099907291	1.1218807008693246	1.0685094489215363	0.5039548435404653	1.4329919180220403	1.4329970422720844	sub-114935	ses-1		dir-AP	acq-multiband	space-ACPC			DSIStudio	autotrackgqi
Association_SuperiorLongitudinalFasciculusL	dki_sphericity	DIPYDKI	/scratch/grmpy/SLURM_11194840_28/job-11194840-28-sub-114935/ds/inputs/data/qsiprep/qsiprep/sub-114935/ses-1/dwi/sub-114935_ses-1_acq-multiband_dir-AP_space-ACPC_desc-preproc_dwi.nii.gz	0.0	0.7035934329032898	0.1651824116706848	0.7234575748443604	0.7035934329032898	0.7234575748443604	0.1651824116706848	0.6080638766288757	0.6080638766288757	sub-114935	ses-1		dir-AP	acq-multiband	space-ACPC			DSIStudio	autotrackgqi
Association_ParietalAslantTractL	dki_ad	DIPYDKI	/scratch/grmpy/SLURM_11194840_28/job-11194840-28-sub-114935/ds/inputs/data/qsiprep/qsiprep/sub-114935/ses-1/dwi/sub-114935_ses-1_acq-multiband_dir-AP_space-ACPC_desc-preproc_dwi.nii.gz	0.0061031995561309	0.0012042253511026	0.0002905620494857	0.0011620476143434	0.0012116201687604	0.0011638229480013	0.0002756539324764	0.0012746772263199	0.0012752844486385	sub-114935	ses-1		dir-AP	acq-multiband	space-ACPC			DSIStudio	autotrackgqi
Association_ParietalAslantTractL	dki_ak	DIPYDKI	/scratch/grmpy/SLURM_11194840_28/job-11194840-28-sub-114935/ds/inputs/data/qsiprep/qsiprep/sub-114935/ses-1/dwi/sub-114935_ses-1_acq-multiband_dir-AP_space-ACPC_desc-preproc_dwi.nii.gz	0.0062881449972258	0.7344419228997622	0.1625575421380141	0.7413919027370756	0.7390894243660924	0.7431312123114014	0.1521750661006881	0.7643930167514243	0.7647666207991033	sub-114935	ses-1		dir-AP	acq-multiband	space-ACPC			DSIStudio	autotrackgqi
Association_ParietalAslantTractL	dki_fa	DIPYDKI	/scratch/grmpy/SLURM_11194840_28/job-11194840-28-sub-114935/ds/inputs/data/qsiprep/qsiprep/sub-114935/ses-1/dwi/sub-114935_ses-1_acq-multiband_dir-AP_space-ACPC_desc-preproc_dwi.nii.gz	0.0061031995561309	0.2937627136707306	0.1828579008579254	0.2505204081535339	0.2955666184425354	0.2525592446327209	0.1819592416286468	0.3971242308616638	0.3973134160041809	sub-114935	ses-1		dir-AP	acq-multiband	space-ACPC			DSIStudio	autotrackgqi
Association_ParietalAslantTractL	dki_kfa	DIPYDKI	/scratch/grmpy/SLURM_11194840_28/job-11194840-28-sub-114935/ds/inputs/data/qsiprep/qsiprep/sub-114935/ses-1/dwi/sub-114935_ses-1_acq-multiband_dir-AP_space-ACPC_desc-preproc_dwi.nii.gz	0.0070279267616053	0.4164475500583648	0.1567992568016052	0.4099429249763489	0.4193950295448303	0.4113688170909881	0.1533749103546142	0.4480805397033691	0.448395162820816	sub-114935	ses-1		dir-AP	acq-multiband	space-ACPC			DSIStudio	autotrackgqi
Association_ParietalAslantTractL	dki_linearity	DIPYDKI	/scratch/grmpy/SLURM_11194840_28/job-11194840-28-sub-114935/ds/inputs/data/qsiprep/qsiprep/sub-114935/ses-1/dwi/sub-114935_ses-1_acq-multiband_dir-AP_space-ACPC_desc-preproc_dwi.nii.gz	0.0061031995561309	0.1229824870824813	0.1066546738147735	0.0854328423738479	0.1237376853823661	0.0863343775272369	0.1065439954400062	0.1808206737041473	0.1809068024158477	sub-114935	ses-1		dir-AP	acq-multiband	space-ACPC			DSIStudio	autotrackgqi
Association_ParietalAslantTractL	dki_md	DIPYDKI	/scratch/grmpy/SLURM_11194840_28/job-11194840-28-sub-114935/ds/inputs/data/qsiprep/qsiprep/sub-114935/ses-1/dwi/sub-114935_ses-1_acq-multiband_dir-AP_space-ACPC_desc-preproc_dwi.nii.gz	0.0061031995561309	0.0009155001025646	0.00022685409931	0.0008737978059798	0.0009211218566633	0.0008742683567106	0.0002158713468816	0.0008767448598518	0.0008771624416112	sub-114935	ses-1		dir-AP	acq-multiband	space-ACPC			DSIStudio	autotrackgqi
Association_ParietalAslantTractL	dki_mk	DIPYDKI	/scratch/grmpy/SLURM_11194840_28/job-11194840-28-sub-114935/ds/inputs/data/qsiprep/qsiprep/sub-114935/ses-1/dwi/sub-114935_ses-1_acq-multiband_dir-AP_space-ACPC_desc-preproc_dwi.nii.gz	0.0062881449972258	0.8741126447349795	0.2776181822023664	0.8367728347577679	0.8796439735868293	0.8391090863474794	0.2696181758774067	1.027092006453889	1.0275940069331622	sub-114935	ses-1		dir-AP	acq-multiband	space-ACPC			DSIStudio	autotrackgqi
Association_ParietalAslantTractL	dki_mkt	DIPYDKI	/scratch/grmpy/SLURM_11194840_28/job-11194840-28-sub-114935/ds/inputs/data/qsiprep/qsiprep/sub-114935/ses-1/dwi/sub-114935_ses-1_acq-multiband_dir-AP_space-ACPC_desc-preproc_dwi.nii.gz	0.0061031995561309	0.8538166322476437	0.2472995082281548	0.8370389886267366	0.8590596446898046	0.8391518756767078	0.238806474064702	0.9820607340448622	0.9825285389381688	sub-114935	ses-1		dir-AP	acq-multiband	space-ACPC			DSIStudio	autotrackgqi
Association_ParietalAslantTractL	dki_planarity	DIPYDKI	/scratch/grmpy/SLURM_11194840_28/job-11194840-28-sub-114935/ds/inputs/data/qsiprep/qsiprep/sub-114935/ses-1/dwi/sub-114935_ses-1_acq-multiband_dir-AP_space-ACPC_desc-preproc_dwi.nii.gz	0.0061031995561309	0.1638422012329101	0.1206007003784179	0.1299673616886139	0.1648482978343963	0.1311627477407455	0.1202829480171203	0.200225830078125	0.2003211975097656	sub-114935	ses-1		dir-AP	acq-multiband	space-ACPC			DSIStudio	autotrackgqi
Association_ParietalAslantTractL	dki_rd	DIPYDKI	/scratch/grmpy/SLURM_11194840_28/job-11194840-28-sub-114935/ds/inputs/data/qsiprep/qsiprep/sub-114935/ses-1/dwi/sub-114935_ses-1_acq-multiband_dir-AP_space-ACPC_desc-preproc_dwi.nii.gz	0.0061031995561309	0.000771137420088	0.0002562956651672	0.0007399638998322	0.0007758727297186	0.0007409834070131	0.0002498336252756	0.0006777786766178	0.0006781014963053	sub-114935	ses-1		dir-AP	acq-multiband	space-ACPC			DSIStudio	autotrackgqi
Association_ParietalAslantTractL	dki_rk	DIPYDKI	/scratch/grmpy/SLURM_11194840_28/job-11194840-28-sub-114935/ds/inputs/data/qsiprep/qsiprep/sub-114935/ses-1/dwi/sub-114935_ses-1_acq-multiband_dir-AP_space-ACPC_desc-preproc_dwi.nii.gz	0.0062881449972258	1.0700321188722195	0.5147836140671105	0.93089663255498	1.0768032136128962	0.9355615587309114	0.5093014328435687	1.3741196039064194	1.3747912172724597	sub-114935	ses-1		dir-AP	acq-multiband	space-ACPC			DSIStudio	autotrackgqi
Association_ParietalAslantTractL	dki_sphericity	DIPYDKI	/scratch/grmpy/SLURM_11194840_28/job-11194840-28-sub-114935/ds/inputs/data/qsiprep/qsiprep/sub-114935/ses-1/dwi/sub-114935_ses-1_acq-multiband_dir-AP_space-ACPC_desc-preproc_dwi.nii.gz	0.0061031995561309	0.7070721387863159	0.1911115050315857	0.7569318413734436	0.7114140391349792	0.7592302560806274	0.1834638714790344	0.6184774041175842	0.618772029876709	sub-114935	ses-1		dir-AP	acq-multiband	space-ACPC			DSIStudio	autotrackgqi
Association_VerticalOccipitalFasciculusL	dki_ad	DIPYDKI	/scratch/grmpy/SLURM_11194840_28/job-11194840-28-sub-114935/ds/inputs/data/qsiprep/qsiprep/sub-114935/ses-1/dwi/sub-114935_ses-1_acq-multiband_dir-AP_space-ACPC_desc-preproc_dwi.nii.gz	0.0010073875083948	0.0011872190516442	0.0002335219178348	0.0011555224191397	0.0011884161503985	0.0011555980890989	0.0002305747475475	0.0012332035694271	0.0012333476915955	sub-114935	ses-1		dir-AP	acq-multiband	space-ACPC			DSIStudio	autotrackgqi
Association_VerticalOccipitalFasciculusL	dki_ak	DIPYDKI	/scratch/grmpy/SLURM_11194840_28/job-11194840-28-sub-114935/ds/inputs/data/qsiprep/qsiprep/sub-114935/ses-1/dwi/sub-114935_ses-1_acq-multiband_dir-AP_space-ACPC_desc-preproc_dwi.nii.gz	0.0020147750167897	0.8167307042179112	0.1463388671913312	0.8177138418549851	0.818379554899374	0.8182694271683069	0.1418058955267572	0.826580946329466	0.8267635726259924	sub-114935	ses-1		dir-AP	acq-multiband	space-ACPC			DSIStudio	autotrackgqi
Association_VerticalOccipitalFasciculusL	dki_fa	DIPYDKI	/scratch/grmpy/SLURM_11194840_28/job-11194840-28-sub-114935/ds/inputs/data/qsiprep/qsiprep/sub-114935/ses-1/dwi/sub-114935_ses-1_acq-multiband_dir-AP_space-ACPC_desc-preproc_dwi.nii.gz	0.0013431833445265	0.3101500570774078	0.1714373379945755	0.2972916960716247	0.3105672001838684	0.2977598309516907	0.1711745858192443	0.3823071718215942	0.3823817074298858	sub-114935	ses-1		dir-AP	acq-multiband	space-ACPC			DSIStudio	autotrackgqi
Association_VerticalOccipitalFasciculusL	dki_kfa	DIPYDKI	/scratch/grmpy/SLURM_11194840_28/job-11194840-28-sub-114935/ds/inputs/data/qsiprep/qsiprep/sub-114935/ses-1/dwi/sub-114935_ses-1_acq-multiband_dir-AP_space-ACPC_desc-preproc_dwi.nii.gz	0.0023505708529214	0.3899661302566528	0.1355881243944168	0.383744478225708	0.3908849060535431	0.384002149105072	0.1344183981418609	0.3998100757598877	0.4005838334560394	sub-114935	ses-1		dir-AP	acq-multiband	space-ACPC			DSIStudio	autotrackgqi
Association_VerticalOccipitalFasciculusL	dki_linearity	DIPYDKI	/scratch/grmpy/SLURM_11194840_28/job-11194840-28-sub-114935/ds/inputs/data/qsiprep/qsiprep/sub-114935/ses-1/dwi/sub-114935_ses-1_acq-multiband_dir-AP_space-ACPC_desc-preproc_dwi.nii.gz	0.0013431833445265	0.1251485496759414	0.1026059463620185	0.0935595780611038	0.1253168731927871	0.0939701050519943	0.1025721505284309	0.1633095443248748	0.1633413881063461	sub-114935	ses-1		dir-AP	acq-multiband	space-ACPC			DSIStudio	autotrackgqi
Association_VerticalOccipitalFasciculusL	dki_md	DIPYDKI	/scratch/grmpy/SLURM_11194840_28/job-11194840-28-sub-114935/ds/inputs/data/qsiprep/qsiprep/sub-114935/ses-1/dwi/sub-114935_ses-1_acq-multiband_dir-AP_space-ACPC_desc-preproc_dwi.nii.gz	0.0010073875083948	0.0008917056838981	0.0001502764207543	0.0008621694287285	0.0008926048758439	0.0008622494642622	0.0001476588658988	0.0008667896036058	0.0008668910013511	sub-114935	ses-1		dir-AP	acq-multiband	space-ACPC			DSIStudio	autotrackgqi
Association_VerticalOccipitalFasciculusL	dki_mk	DIPYDKI	/scratch/grmpy/SLURM_11194840_28/job-11194840-28-sub-114935/ds/inputs/data/qsiprep/qsiprep/sub-114935/ses-1/dwi/sub-114935_ses-1_acq-multiband_dir-AP_space-ACPC_desc-preproc_dwi.nii.gz	0.0020147750167897	0.9967860649779964	0.2432550003452875	1.015709767281657	0.9987984190795668	1.016024692461159	0.239337669532083	1.11881186417237	1.1190590563026128	sub-114935	ses-1		dir-AP	acq-multiband	space-ACPC			DSIStudio	autotrackgqi
Association_VerticalOccipitalFasciculusL	dki_mkt	DIPYDKI	/scratch/grmpy/SLURM_11194840_28/job-11194840-28-sub-114935/ds/inputs/data/qsiprep/qsiprep/sub-114935/ses-1/dwi/sub-114935_ses-1_acq-multiband_dir-AP_space-ACPC_desc-preproc_dwi.nii.gz	0.0010073875083948	0.9709121498601058	0.2220081601232499	0.9938974036862616	0.9718912209355948	0.9942765176527528	0.2199676666768078	1.0696776510943724	1.069802757629713	sub-114935	ses-1		dir-AP	acq-multiband	space-ACPC			DSIStudio	autotrackgqi
Association_VerticalOccipitalFasciculusL	dki_planarity	DIPYDKI	/scratch/grmpy/SLURM_11194840_28/job-11194840-28-sub-114935/ds/inputs/data/qsiprep/qsiprep/sub-114935/ses-1/dwi/sub-114935_ses-1_acq-multiband_dir-AP_space-ACPC_desc-preproc_dwi.nii.gz	0.0016789791806581	0.180403396487236	0.1267545968294143	0.1470462381839752	0.1807067990303039	0.1473741382360458	0.1266448497772216	0.2081002444028854	0.208144411444664	sub-114935	ses-1		dir-AP	acq-multiband	space-ACPC			DSIStudio	autotrackgqi
Association_VerticalOccipitalFasciculusL	dki_rd	DIPYDKI	/scratch/grmpy/SLURM_11194840_28/job-11194840-28-sub-114935/ds/inputs/data/qsiprep/qsiprep/sub-114935/ses-1/dwi/sub-114935_ses-1_acq-multiband_dir-AP_space-ACPC_desc-preproc_dwi.nii.gz	0.0010073875083948	0.0007439489127136	0.0001862274657469	0.0007190580945461	0.0007446990930475	0.0007191393524408	0.000184816046385	0.0006835826789028	0.0006836625980213	sub-114935	ses-1		dir-AP	acq-multiband	space-ACPC			DSIStudio	autotrackgqi
Association_VerticalOccipitalFasciculusL	dki_rk	DIPYDKI	/scratch/grmpy/SLURM_11194840_28/job-11194840-28-sub-114935/ds/inputs/data/qsiprep/qsiprep/sub-114935/ses-1/dwi/sub-114935_ses-1_acq-multiband_dir-AP_space-ACPC_desc-preproc_dwi.nii.gz	0.0020147750167897	1.216190062481995	0.4751461906522873	1.1892656487886764	1.2186453587050408	1.190809784635074	0.472469627503262	1.4552290575460218	1.455550577969837	sub-114935	ses-1		dir-AP	acq-multiband	space-ACPC			DSIStudio	autotrackgqi
Association_VerticalOccipitalFasciculusL	dki_sphericity	DIPYDKI	/scratch/grmpy/SLURM_11194840_28/job-11194840-28-sub-114935/ds/inputs/data/qsiprep/qsiprep/sub-114935/ses-1/dwi/sub-114935_ses-1_acq-multiband_dir-AP_space-ACPC_desc-preproc_dwi.nii.gz	0.0010073875083948	0.6934406161308289	0.1758185178041458	0.7095593214035034	0.6941398978233337	0.7103389501571655	0.1745220273733139	0.6284732818603516	0.6285468339920044	sub-114935	ses-1		dir-AP	acq-multiband	space-ACPC			DSIStudio	autotrackgqi
Association_UncinateFasciculusL	dki_ad	DIPYDKI	/scratch/grmpy/SLURM_11194840_28/job-11194840-28-sub-114935/ds/inputs/data/qsiprep/qsiprep/sub-114935/ses-1/dwi/sub-114935_ses-1_acq-multiband_dir-AP_space-ACPC_desc-preproc_dwi.nii.gz	0.0	0.0014269482344388	0.0006540859467349	0.0013021865161135	0.0014269482344388	0.0013021865161135	0.0006540859467349	0.0013982767704874	0.0013982768869027	sub-114935	ses-1		dir-AP	acq-multiband	space-ACPC			DSIStudio	autotrackgqi
Association_UncinateFasciculusL	dki_ak	DIPYDKI	/scratch/grmpy/SLURM_11194840_28/job-11194840-28-sub-114935/ds/inputs/data/qsiprep/qsiprep/sub-114935/ses-1/dwi/sub-114935_ses-1_acq-multiband_dir-AP_space-ACPC_desc-preproc_dwi.nii.gz	0.0014160294534126	0.7297725975321556	0.1970610611148256	0.7370345483477379	0.7308074423953607	0.7371223343705764	0.195273798076832	0.7278047043634932	0.7279549171912738	sub-114935	ses-1		dir-AP	acq-multiband	space-ACPC			DSIStudio	autotrackgqi
Association_UncinateFasciculusL	dki_fa	DIPYDKI	/scratch/grmpy/SLURM_11194840_28/job-11194840-28-sub-114935/ds/inputs/data/qsiprep/qsiprep/sub-114935/ses-1/dwi/sub-114935_ses-1_acq-multiband_dir-AP_space-ACPC_desc-preproc_dwi.nii.gz	0.0	0.282586395740509	0.1351586580276489	0.2654949128627777	0.282586395740509	0.2654949128627777	0.1351586580276489	0.3531176745891571	0.3531177043914795	sub-114935	ses-1		dir-AP	acq-multiband	space-ACPC			DSIStudio	autotrackgqi
Association_UncinateFasciculusL	dki_kfa	DIPYDKI	/scratch/grmpy/SLURM_11194840_28/job-11194840-28-sub-114935/ds/inputs/data/qsiprep/qsiprep/sub-114935/ses-1/dwi/sub-114935_ses-1_acq-multiband_dir-AP_space-ACPC_desc-preproc_dwi.nii.gz	0.0127442650807136	0.490438163280487	0.1807934939861297	0.4892992079257965	0.4967691302299499	0.4913432002067566	0.1730988323688507	0.5135382413864136	0.5149352550506592	sub-114935	ses-1		dir-AP	acq-multiband	space-ACPC			DSIStudio	autotrackgqi
Association_UncinateFasciculusL	dki_linearity	DIPYDKI	/scratch/grmpy/SLURM_11194840_28/job-11194840-28-sub-114935/ds/inputs/data/qsiprep/qsiprep/sub-114935/ses-1/dwi/sub-114935_ses-1_acq-multiband_dir-AP_space-ACPC_desc-preproc_dwi.nii.gz	0.0	0.111356221139431	0.0813389271497726	0.089743934571743	0.111356221139431	0.089743934571743	0.0813389271497726	0.1492030620574951	0.1492030918598175	sub-114935	ses-1		dir-AP	acq-multiband	space-ACPC			DSIStudio	autotrackgqi
Association_UncinateFasciculusL	dki_md	DIPYDKI	/scratch/grmpy/SLURM_11194840_28/job-11194840-28-sub-114935/ds/inputs/data/qsiprep/qsiprep/sub-114935/ses-1/dwi/sub-114935_ses-1_acq-multiband_dir-AP_space-ACPC_desc-preproc_dwi.nii.gz	0.0	0.0011136137181892	0.0005757832550443	0.000979698379524	0.0011136137181892	0.000979698379524	0.0005757832550443	0.0010111497249454	0.0010111498413607	sub-114935	ses-1		dir-AP	acq-multiband	space-ACPC			DSIStudio	autotrackgqi
Association_UncinateFasciculusL	dki_mk	DIPYDKI	/scratch/grmpy/SLURM_11194840_28/job-11194840-28-sub-114935/ds/inputs/data/qsiprep/qsiprep/sub-114935/ses-1/dwi/sub-114935_ses-1_acq-multiband_dir-AP_space-ACPC_desc-preproc_dwi.nii.gz	0.0014160294534126	0.745622192941455	0.2482203371836948	0.7633297239067273	0.7466795131242988	0.7636856074619562	0.246801998551401	0.8436510768382126	0.8438251993550816	sub-114935	ses-1		dir-AP	acq-multiband	space-ACPC			DSIStudio	autotrackgqi
Association_UncinateFasciculusL	dki_mkt	DIPYDKI	/scratch/grmpy/SLURM_11194840_28/job-11194840-28-sub-114935/ds/inputs/data/qsiprep/qsiprep/sub-114935/ses-1/dwi/sub-114935_ses-1_acq-multiband_dir-AP_space-ACPC_desc-preproc_dwi.nii.gz	0.0	0.7628202240760651	0.235175489096469	0.782076527049817	0.7628202240760651	0.782076527049817	0.235175489096469	0.8469582067306864	0.8469582795863702	sub-114935	ses-1		dir-AP	acq-multiband	space-ACPC			DSIStudio	autotrackgqi
Association_UncinateFasciculusL	dki_planarity	DIPYDKI	/scratch/grmpy/SLURM_11194840_28/job-11194840-28-sub-114935/ds/inputs/data/qsiprep/qsiprep/sub-114935/ses-1/dwi/sub-114935_ses-1_acq-multiband_dir-AP_space-ACPC_desc-preproc_dwi.nii.gz	0.0	0.1623195260763168	0.1027055010199546	0.1422062218189239	0.1623195260763168	0.1422062218189239	0.1027055010199546	0.1880120635032653	0.1880120933055877	sub-114935	ses-1		dir-AP	acq-multiband	space-ACPC			DSIStudio	autotrackgqi
Association_UncinateFasciculusL	dki_rd	DIPYDKI	/scratch/grmpy/SLURM_11194840_28/job-11194840-28-sub-114935/ds/inputs/data/qsiprep/qsiprep/sub-114935/ses-1/dwi/sub-114935_ses-1_acq-multiband_dir-AP_space-ACPC_desc-preproc_dwi.nii.gz	0.0	0.0009569464018568	0.0005558585980907	0.0008282574126496	0.0009569464018568	0.0008282574126496	0.0005558585980907	0.0008175863185897	0.000817586435005	sub-114935	ses-1		dir-AP	acq-multiband	space-ACPC			DSIStudio	autotrackgqi
Association_UncinateFasciculusL	dki_rk	DIPYDKI	/scratch/grmpy/SLURM_11194840_28/job-11194840-28-sub-114935/ds/inputs/data/qsiprep/qsiprep/sub-114935/ses-1/dwi/sub-114935_ses-1_acq-multiband_dir-AP_space-ACPC_desc-preproc_dwi.nii.gz	0.0014160294534126	0.7914300652282983	0.4197775402106932	0.7790857247569205	0.792552342688917	0.7793810237145669	0.4190150313836008	0.985324445761057	0.9855278086608232	sub-114935	ses-1		dir-AP	acq-multiband	space-ACPC			DSIStudio	autotrackgqi
Association_UncinateFasciculusL	dki_sphericity	DIPYDKI	/scratch/grmpy/SLURM_11194840_28/job-11194840-28-sub-114935/ds/inputs/data/qsiprep/qsiprep/sub-114935/ses-1/dwi/sub-114935_ses-1_acq-multiband_dir-AP_space-ACPC_desc-preproc_dwi.nii.gz	0.0	0.7263242602348328	0.1369735151529312	0.7460997700691223	0.7263242602348328	0.7460997700691223	0.1369735151529312	0.6627848744392395	0.6627849340438843	sub-114935	ses-1		dir-AP	acq-multiband	space-ACPC			DSIStudio	autotrackgqi
Association_InferiorFrontoOccipitalFasciculusR	dki_ad	DIPYDKI	/scratch/grmpy/SLURM_11194840_28/job-11194840-28-sub-114935/ds/inputs/data/qsiprep/qsiprep/sub-114935/ses-1/dwi/sub-114935_ses-1_acq-multiband_dir-AP_space-ACPC_desc-preproc_dwi.nii.gz	0.0001274534794799	0.0013394890120252	0.0003088596859015	0.0013040396152064	0.0013396597933024	0.0013040612684562	0.0003085088683292	0.0014861319214105	0.001486133551225	sub-114935	ses-1		dir-AP	acq-multiband	space-ACPC			DSIStudio	autotrackgqi
Association_InferiorFrontoOccipitalFasciculusR	dki_ak	DIPYDKI	/scratch/grmpy/SLURM_11194840_28/job-11194840-28-sub-114935/ds/inputs/data/qsiprep/qsiprep/sub-114935/ses-1/dwi/sub-114935_ses-1_acq-multiband_dir-AP_space-ACPC_desc-preproc_dwi.nii.gz	0.0002549069589599	0.7727414642709357	0.1514680351585147	0.7761290065122226	0.7729384916713108	0.7761639782533896	0.1509838578255839	0.7445486953588043	0.7445881942217765	sub-114935	ses-1		dir-AP	acq-multiband	space-ACPC			DSIStudio	autotrackgqi
Association_InferiorFrontoOccipitalFasciculusR	dki_fa	DIPYDKI	/scratch/grmpy/SLURM_11194840_28/job-11194840-28-sub-114935/ds/inputs/data/qsiprep/qsiprep/sub-114935/ses-1/dwi/sub-114935_ses-1_acq-multiband_dir-AP_space-ACPC_desc-preproc_dwi.nii.gz	0.0001274534794799	0.3647730946540832	0.1808352321386337	0.3655698597431183	0.364819586277008	0.3656376302242279	0.1807998418807983	0.4723654985427856	0.4723660349845886	sub-114935	ses-1		dir-AP	acq-multiband	space-ACPC			DSIStudio	autotrackgqi
Association_InferiorFrontoOccipitalFasciculusR	dki_kfa	DIPYDKI	/scratch/grmpy/SLURM_11194840_28/job-11194840-28-sub-114935/ds/inputs/data/qsiprep/qsiprep/sub-114935/ses-1/dwi/sub-114935_ses-1_acq-multiband_dir-AP_space-ACPC_desc-preproc_dwi.nii.gz	0.0039510578638796	0.4729282855987549	0.1537882685661316	0.4739570319652557	0.4748042523860931	0.4749649465084076	0.1511751562356948	0.5312126278877258	0.5315659046173096	sub-114935	ses-1		dir-AP	acq-multiband	space-ACPC			DSIStudio	autotrackgqi
Association_InferiorFrontoOccipitalFasciculusR	dki_linearity	DIPYDKI	/scratch/grmpy/SLURM_11194840_28/job-11194840-28-sub-114935/ds/inputs/data/qsiprep/qsiprep/sub-114935/ses-1/dwi/sub-114935_ses-1_acq-multiband_dir-AP_space-ACPC_desc-preproc_dwi.nii.gz	0.0001274534794799	0.1655134707689285	0.1203406080603599	0.138074904680252	0.165534570813179	0.1381080150604248	0.1203337684273719	0.2385789901018142	0.2385792434215545	sub-114935	ses-1		dir-AP	acq-multiband	space-ACPC			DSIStudio	autotrackgqi
Association_InferiorFrontoOccipitalFasciculusR	dki_md	DIPYDKI	/scratch/grmpy/SLURM_11194840_28/job-11194840-28-sub-114935/ds/inputs/data/qsiprep/qsiprep/sub-114935/ses-1/dwi/sub-114935_ses-1_acq-multiband_dir-AP_space-ACPC_desc-preproc_dwi.nii.gz	0.0001274534794799	0.0009500021697022	0.0002152017550542	0.0009116795845329	0.0009501232998445	0.0009116923320107	0.0002149479987565	0.0009447743650525	0.0009447754127904	sub-114935	ses-1		dir-AP	acq-multiband	space-ACPC			DSIStudio	autotrackgqi
Association_InferiorFrontoOccipitalFasciculusR	dki_mk	DIPYDKI	/scratch/grmpy/SLURM_11194840_28/job-11194840-28-sub-114935/ds/inputs/data/qsiprep/qsiprep/sub-114935/ses-1/dwi/sub-114935_ses-1_acq-multiband_dir-AP_space-ACPC_desc-preproc_dwi.nii.gz	0.0002549069589599	0.9480778606780356	0.2391666361827417	0.9792672258410644	0.9483195939418496	0.979320913469986	0.2387174565075797	1.0109498260270375	1.011003457491457	sub-114935	ses-1		dir-AP	acq-multiband	space-ACPC			DSIStudio	autotrackgqi
Association_InferiorFrontoOccipitalFasciculusR	dki_mkt	DIPYDKI	/scratch/grmpy/SLURM_11194840_28/job-11194840-28-sub-114935/ds/inputs/data/qsiprep/qsiprep/sub-114935/ses-1/dwi/sub-114935_ses-1_acq-multiband_dir-AP_space-ACPC_desc-preproc_dwi.nii.gz	0.0001274534794799	0.9236537940044	0.2021003722168749	0.9551137356567873	0.9237715319003852	0.9551232003949393	0.2018440090232778	0.9640574265635168	0.9640584598320322	sub-114935	ses-1		dir-AP	acq-multiband	space-ACPC			DSIStudio	autotrackgqi
Association_InferiorFrontoOccipitalFasciculusR	dki_planarity	DIPYDKI	/scratch/grmpy/SLURM_11194840_28/job-11194840-28-sub-114935/ds/inputs/data/qsiprep/qsiprep/sub-114935/ses-1/dwi/sub-114935_ses-1_acq-multiband_dir-AP_space-ACPC_desc-preproc_dwi.nii.gz	0.0001274534794799	0.1820486336946487	0.1149444431066513	0.1594691425561905	0.1820718497037887	0.1594812870025634	0.114933393895626	0.1980465948581695	0.198046788573265	sub-114935	ses-1		dir-AP	acq-multiband	space-ACPC			DSIStudio	autotrackgqi
Association_InferiorFrontoOccipitalFasciculusR	dki_rd	DIPYDKI	/scratch/grmpy/SLURM_11194840_28/job-11194840-28-sub-114935/ds/inputs/data/qsiprep/qsiprep/sub-114935/ses-1/dwi/sub-114935_ses-1_acq-multiband_dir-AP_space-ACPC_desc-preproc_dwi.nii.gz	0.0001274534794799	0.0007552588358521	0.0002485659206286	0.0007218724349513	0.0007553551113232	0.0007218788960017	0.0002484354772605	0.0006740955868735	0.0006740963435731	sub-114935	ses-1		dir-AP	acq-multiband	space-ACPC			DSIStudio	autotrackgqi
Association_InferiorFrontoOccipitalFasciculusR	dki_rk	DIPYDKI	/scratch/grmpy/SLURM_11194840_28/job-11194840-28-sub-114935/ds/inputs/data/qsiprep/qsiprep/sub-114935/ses-1/dwi/sub-114935_ses-1_acq-multiband_dir-AP_space-ACPC_desc-preproc_dwi.nii.gz	0.0002549069589599	1.210917238884824	0.5169549852863483	1.1939604447925616	1.2112259888182468	1.1940373878737087	0.5166591044394375	1.442015080421295	1.4420915797430058	sub-114935	ses-1		dir-AP	acq-multiband	space-ACPC			DSIStudio	autotrackgqi
Association_InferiorFrontoOccipitalFasciculusR	dki_sphericity	DIPYDKI	/scratch/grmpy/SLURM_11194840_28/job-11194840-28-sub-114935/ds/inputs/data/qsiprep/qsiprep/sub-114935/ses-1/dwi/sub-114935_ses-1_acq-multiband_dir-AP_space-ACPC_desc-preproc_dwi.nii.gz	0.0001274534794799	0.6523103713989258	0.1756844818592071	0.6537222862243652	0.6523935198783875	0.6537574529647827	0.1755412369966507	0.563373327255249	0.5633739233016968	sub-114935	ses-1		dir-AP	acq-multiband	space-ACPC			DSIStudio	autotrackgqi
Association_CingulumR	dki_ad	DIPYDKI	/scratch/grmpy/SLURM_11194840_28/job-11194840-28-sub-114935/ds/inputs/data/qsiprep/qsiprep/sub-114935/ses-1/dwi/sub-114935_ses-1_acq-multiband_dir-AP_space-ACPC_desc-preproc_dwi.nii.gz	0.0004589787722317	0.0013537990162149	0.000517516862601	0.0012257725466042	0.0013544205576181	0.001225990243256	0.0005168216885067	0.0013610299210995	0.0013610635651275	sub-114935	ses-1		dir-AP	acq-multiband	space-ACPC			DSIStudio	autotrackgqi
Association_CingulumR	dki_ak	DIPYDKI	/scratch/grmpy/SLURM_11194840_28/job-11194840-28-sub-114935/ds/inputs/data/qsiprep/qsiprep/sub-114935/ses-1/dwi/sub-114935_ses-1_acq-multiband_dir-AP_space-ACPC_desc-preproc_dwi.nii.gz	0.0009179575444635	0.741945009932562	0.1720812928489247	0.7489992833500061	0.7426267097234728	0.7491953868294061	0.170683714465256	0.7667666832202057	0.7667915471682395	sub-114935	ses-1		dir-AP	acq-multiband	space-ACPC			DSIStudio	autotrackgqi
Association_CingulumR	dki_fa	DIPYDKI	/scratch/grmpy/SLURM_11194840_28/job-11194840-28-sub-114935/ds/inputs/data/qsiprep/qsiprep/sub-114935/ses-1/dwi/sub-114935_ses-1_acq-multiband_dir-AP_space-ACPC_desc-preproc_dwi.nii.gz	0.0005737234652897	0.2817907929420471	0.1652584373950958	0.2382415533065796	0.2819525301456451	0.2384703457355499	0.1651678383350372	0.3805035352706909	0.3805141150951385	sub-114935	ses-1		dir-AP	acq-multiband	space-ACPC			DSIStudio	autotrackgqi
Association_CingulumR	dki_kfa	DIPYDKI	/scratch/grmpy/SLURM_11194840_28/job-11194840-28-sub-114935/ds/inputs/data/qsiprep/qsiprep/sub-114935/ses-1/dwi/sub-114935_ses-1_acq-multiband_dir-AP_space-ACPC_desc-preproc_dwi.nii.gz	0.004245553643144	0.4873469769954681	0.1798953115940094	0.4836455285549164	0.489424854516983	0.4849286675453186	0.1774354726076126	0.5374751091003418	0.5399052500724792	sub-114935	ses-1		dir-AP	acq-multiband	space-ACPC			DSIStudio	autotrackgqi
Association_CingulumR	dki_linearity	DIPYDKI	/scratch/grmpy/SLURM_11194840_28/job-11194840-28-sub-114935/ds/inputs/data/qsiprep/qsiprep/sub-114935/ses-1/dwi/sub-114935_ses-1_acq-multiband_dir-AP_space-ACPC_desc-preproc_dwi.nii.gz	0.0005737234652897	0.1210173591971397	0.1067676320672035	0.0853645130991935	0.1210868284106254	0.0854104161262512	0.1067588776350021	0.1811073273420334	0.1811123490333557	sub-114935	ses-1		dir-AP	acq-multiband	space-ACPC			DSIStudio	autotrackgqi
Association_CingulumR	dki_md	DIPYDKI	/scratch/grmpy/SLURM_11194840_28/job-11194840-28-sub-114935/ds/inputs/data/qsiprep/qsiprep/sub-114935/ses-1/dwi/sub-114935_ses-1_acq-multiband_dir-AP_space-ACPC_desc-preproc_dwi.nii.gz	0.0004589787722317	0.0010434525320306	0.0004331852251198	0.0009280611993744	0.0010439316974952	0.000928160501644	0.0004327070491854	0.0009442452574148	0.0009442685986869	sub-114935	ses-1		dir-AP	acq-multiband	space-ACPC			DSIStudio	autotrackgqi
Association_CingulumR	dki_mk	DIPYDKI	/scratch/grmpy/SLURM_11194840_28/job-11194840-28-sub-114935/ds/inputs/data/qsiprep/qsiprep/sub-114935/ses-1/dwi/sub-114935_ses-1_acq-multiband_dir-AP_space-ACPC_desc-preproc_dwi.nii.gz	0.0009179575444635	0.7912247930216385	0.2686150695745344	0.7755889318834328	0.7919517711247938	0.7758142796662256	0.267665125150937	0.9068845267534004	0.9069139344420506	sub-114935	ses-1		dir-AP	acq-multiband	space-ACPC			DSIStudio	autotrackgqi
Association_CingulumR	dki_mkt	DIPYDKI	/scratch/grmpy/SLURM_11194840_28/job-11194840-28-sub-114935/ds/inputs/data/qsiprep/qsiprep/sub-114935/ses-1/dwi/sub-114935_ses-1_acq-multiband_dir-AP_space-ACPC_desc-preproc_dwi.nii.gz	0.0004589787722317	0.7931923259426288	0.2388725129196015	0.786329049263661	0.7935565515543577	0.7864037023897579	0.2383217262405114	0.8915414631527234	0.8915634630064656	sub-114935	ses-1		dir-AP	acq-multiband	space-ACPC			DSIStudio	autotrackgqi
Association_CingulumR	dki_planarity	DIPYDKI	/scratch/grmpy/SLURM_11194840_28/job-11194840-28-sub-114935/ds/inputs/data/qsiprep/qsiprep/sub-114935/ses-1/dwi/sub-114935_ses-1_acq-multiband_dir-AP_space-ACPC_desc-preproc_dwi.nii.gz	0.0006884681583476	0.1455041766166687	0.1014807894825935	0.120713822543621	0.1456044167280197	0.1207766085863113	0.1014438346028328	0.1688761562108993	0.1688810139894485	sub-114935	ses-1		dir-AP	acq-multiband	space-ACPC			DSIStudio	autotrackgqi
Association_CingulumR	dki_rd	DIPYDKI	/scratch/grmpy/SLURM_11194840_28/job-11194840-28-sub-114935/ds/inputs/data/qsiprep/qsiprep/sub-114935/ses-1/dwi/sub-114935_ses-1_acq-multiband_dir-AP_space-ACPC_desc-preproc_dwi.nii.gz	0.0004589787722317	0.0008882794063538	0.0004281922301743	0.0007937843329273	0.0008886872674338	0.000793861108832	0.0004278671112842	0.0007358528673648	0.000735871028155	sub-114935	ses-1		dir-AP	acq-multiband	space-ACPC			DSIStudio	autotrackgqi
Association_CingulumR	dki_rk	DIPYDKI	/scratch/grmpy/SLURM_11194840_28/job-11194840-28-sub-114935/ds/inputs/data/qsiprep/qsiprep/sub-114935/ses-1/dwi/sub-114935_ses-1_acq-multiband_dir-AP_space-ACPC_desc-preproc_dwi.nii.gz	0.0009179575444635	0.895598519566044	0.5139866774716807	0.7989112104712156	0.8964213963498419	0.7992263873925921	0.5135050060312679	1.1621113166024464	1.1621490006886142	sub-114935	ses-1		dir-AP	acq-multiband	space-ACPC			DSIStudio	autotrackgqi
Association_CingulumR	dki_sphericity	DIPYDKI	/scratch/grmpy/SLURM_11194840_28/job-11194840-28-sub-114935/ds/inputs/data/qsiprep/qsiprep/sub-114935/ses-1/dwi/sub-114935_ses-1_acq-multiband_dir-AP_space-ACPC_desc-preproc_dwi.nii.gz	0.0004589787722317	0.7330195307731628	0.1573288589715957	0.7747895121574402	0.7333561182022095	0.7748408317565918	0.1565787196159362	0.6499918103218079	0.6500079035758972	sub-114935	ses-1		dir-AP	acq-multiband	space-ACPC			DSIStudio	autotrackgqi
Association_MiddleLongitudinalFasciculusL	dki_ad	DIPYDKI	/scratch/grmpy/SLURM_11194840_28/job-11194840-28-sub-114935/ds/inputs/data/qsiprep/qsiprep/sub-114935/ses-1/dwi/sub-114935_ses-1_acq-multiband_dir-AP_space-ACPC_desc-preproc_dwi.nii.gz	0.0	0.0012812856584787	0.0002799290523398	0.0012501288438215	0.0012812856584787	0.0012501288438215	0.0002799290523398	0.0013749778736382	0.0013749778736382	sub-114935	ses-1		dir-AP	acq-multiband	space-ACPC			DSIStudio	autotrackgqi
Association_MiddleLongitudinalFasciculusL	dki_ak	DIPYDKI	/scratch/grmpy/SLURM_11194840_28/job-11194840-28-sub-114935/ds/inputs/data/qsiprep/qsiprep/sub-114935/ses-1/dwi/sub-114935_ses-1_acq-multiband_dir-AP_space-ACPC_desc-preproc_dwi.nii.gz	0.0003844675124951	0.7874599840997839	0.1670633160410132	0.7862549713624155	0.7877628533244377	0.7862805654973206	0.1663799781094513	0.8268235297121342	0.8274086322765939	sub-114935	ses-1		dir-AP	acq-multiband	space-ACPC			DSIStudio	autotrackgqi
Association_MiddleLongitudinalFasciculusL	dki_fa	DIPYDKI	/scratch/grmpy/SLURM_11194840_28/job-11194840-28-sub-114935/ds/inputs/data/qsiprep/qsiprep/sub-114935/ses-1/dwi/sub-114935_ses-1_acq-multiband_dir-AP_space-ACPC_desc-preproc_dwi.nii.gz	0.0	0.3859477937221527	0.1930323839187622	0.4062759578227997	0.3859477937221527	0.4062759578227997	0.1930323839187622	0.4703837037086487	0.4703837037086487	sub-114935	ses-1		dir-AP	acq-multiband	space-ACPC			DSIStudio	autotrackgqi
Association_MiddleLongitudinalFasciculusL	dki_kfa	DIPYDKI	/scratch/grmpy/SLURM_11194840_28/job-11194840-28-sub-114935/ds/inputs/data/qsiprep/qsiprep/sub-114935/ses-1/dwi/sub-114935_ses-1_acq-multiband_dir-AP_space-ACPC_desc-preproc_dwi.nii.gz	0.0019223375624759	0.4830372631549835	0.1512581259012222	0.4894628524780273	0.4839676022529602	0.4898807406425476	0.1499093919992447	0.5134140849113464	0.5136639475822449	sub-114935	ses-1		dir-AP	acq-multiband	space-ACPC			DSIStudio	autotrackgqi
Association_MiddleLongitudinalFasciculusL	dki_linearity	DIPYDKI	/scratch/grmpy/SLURM_11194840_28/job-11194840-28-sub-114935/ds/inputs/data/qsiprep/qsiprep/sub-114935/ses-1/dwi/sub-114935_ses-1_acq-multiband_dir-AP_space-ACPC_desc-preproc_dwi.nii.gz	0.0	0.1641560792922973	0.1220346167683601	0.1347145736217498	0.1641560792922973	0.1347145736217498	0.1220346167683601	0.2225628197193145	0.2225628197193145	sub-114935	ses-1		dir-AP	acq-multiband	space-ACPC			DSIStudio	autotrackgqi
Association_MiddleLongitudinalFasciculusL	dki_md	DIPYDKI	/scratch/grmpy/SLURM_11194840_28/job-11194840-28-sub-114935/ds/inputs/data/qsiprep/qsiprep/sub-114935/ses-1/dwi/sub-114935_ses-1_acq-multiband_dir-AP_space-ACPC_desc-preproc_dwi.nii.gz	0.0	0.0008961691637523	0.0001729271752992	0.0008725617080926	0.0008961691637523	0.0008725617080926	0.0001729271752992	0.0008835232001729	0.0008835232001729	sub-114935	ses-1		dir-AP	acq-multiband	space-ACPC			DSIStudio	autotrackgqi
Association_MiddleLongitudinalFasciculusL	dki_mk	DIPYDKI	/scratch/grmpy/SLURM_11194840_28/job-11194840-28-sub-114935/ds/inputs/data/qsiprep/qsiprep/sub-114935/ses-1/dwi/sub-114935_ses-1_acq-multiband_dir-AP_space-ACPC_desc-preproc_dwi.nii.gz	0.0003844675124951	0.979750637109666	0.2836763840823044	1.0393654434707214	0.9801274642777852	1.0394705986856845	0.2830793230003943	1.1197831827777582	1.1205755985791666	sub-114935	ses-1		dir-AP	acq-multiband	space-ACPC			DSIStudio	autotrackgqi
Association_MiddleLongitudinalFasciculusL	dki_mkt	DIPYDKI	/scratch/grmpy/SLURM_11194840_28/job-11194840-28-sub-114935/ds/inputs/data/qsiprep/qsiprep/sub-114935/ses-1/dwi/sub-114935_ses-1_acq-multiband_dir-AP_space-ACPC_desc-preproc_dwi.nii.gz	0.0	0.9629476507776712	0.2357971427564213	1.032644455853018	0.9629476507776712	1.032644455853018	0.2357971427564213	1.0831393383222163	1.0831393383222163	sub-114935	ses-1		dir-AP	acq-multiband	space-ACPC			DSIStudio	autotrackgqi
Association_MiddleLongitudinalFasciculusL	dki_planarity	DIPYDKI	/scratch/grmpy/SLURM_11194840_28/job-11194840-28-sub-114935/ds/inputs/data/qsiprep/qsiprep/sub-114935/ses-1/dwi/sub-114935_ses-1_acq-multiband_dir-AP_space-ACPC_desc-preproc_dwi.nii.gz	0.0	0.2232691794633865	0.1469731330871582	0.1935741007328033	0.2232691794633865	0.1935741007328033	0.1469731330871582	0.2339519560337066	0.2339519560337066	sub-114935	ses-1		dir-AP	acq-multiband	space-ACPC			DSIStudio	autotrackgqi
Association_MiddleLongitudinalFasciculusL	dki_rd	DIPYDKI	/scratch/grmpy/SLURM_11194840_28/job-11194840-28-sub-114935/ds/inputs/data/qsiprep/qsiprep/sub-114935/ses-1/dwi/sub-114935_ses-1_acq-multiband_dir-AP_space-ACPC_desc-preproc_dwi.nii.gz	0.0	0.0007036110037006	0.0002131035289494	0.0006774243665859	0.0007036110037006	0.0006774243665859	0.0002131035289494	0.0006377960089594	0.0006377960089594	sub-114935	ses-1		dir-AP	acq-multiband	space-ACPC			DSIStudio	autotrackgqi
Association_MiddleLongitudinalFasciculusL	dki_rk	DIPYDKI	/scratch/grmpy/SLURM_11194840_28/job-11194840-28-sub-114935/ds/inputs/data/qsiprep/qsiprep/sub-114935/ses-1/dwi/sub-114935_ses-1_acq-multiband_dir-AP_space-ACPC_desc-preproc_dwi.nii.gz	0.0003844675124951	1.233222022911303	0.5780479856449001	1.2465601086846454	1.2336963390739608	1.246778593599014	0.5776528600958253	1.4938489261983334	1.494906050107753	sub-114935	ses-1		dir-AP	acq-multiband	space-ACPC			DSIStudio	autotrackgqi
Association_MiddleLongitudinalFasciculusL	dki_sphericity	DIPYDKI	/scratch/grmpy/SLURM_11194840_28/job-11194840-28-sub-114935/ds/inputs/data/qsiprep/qsiprep/sub-114935/ses-1/dwi/sub-114935_ses-1_acq-multiband_dir-AP_space-ACPC_desc-preproc_dwi.nii.gz	0.0	0.6125747561454773	0.2036013007164001	0.6024380326271057	0.6125747561454773	0.6024380326271057	0.2036013007164001	0.5434852242469788	0.5434852242469788	sub-114935	ses-1		dir-AP	acq-multiband	space-ACPC			DSIStudio	autotrackgqi
ProjectionBrainstem_CorticospinalTractL	dki_ad	DIPYDKI	/scratch/grmpy/SLURM_11194840_28/job-11194840-28-sub-114935/ds/inputs/data/qsiprep/qsiprep/sub-114935/ses-1/dwi/sub-114935_ses-1_acq-multiband_dir-AP_space-ACPC_desc-preproc_dwi.nii.gz	0.0	0.0015503719914704	0.0005447894218377	0.0014452080940827	0.0015503719914704	0.0014452080940827	0.0005447894218377	0.001609626924619	0.001609626924619	sub-114935	ses-1		dir-AP	acq-multiband	space-ACPC			DSIStudio	autotrackgqi
ProjectionBrainstem_CorticospinalTractL	dki_ak	DIPYDKI	/scratch/grmpy/SLURM_11194840_28/job-11194840-28-sub-114935/ds/inputs/data/qsiprep/qsiprep/sub-114935/ses-1/dwi/sub-114935_ses-1_acq-multiband_dir-AP_space-ACPC_desc-preproc_dwi.nii.gz	0.0017441860465116	0.8541445800937979	0.170108416529618	0.8430164925720034	0.8556369701580271	0.843092660256847	0.166464677145827	0.8547110199074361	0.861885636122359	sub-114935	ses-1		dir-AP	acq-multiband	space-ACPC			DSIStudio	autotrackgqi
ProjectionBrainstem_CorticospinalTractL	dki_fa	DIPYDKI	/scratch/grmpy/SLURM_11194840_28/job-11194840-28-sub-114935/ds/inputs/data/qsiprep/qsiprep/sub-114935/ses-1/dwi/sub-114935_ses-1_acq-multiband_dir-AP_space-ACPC_desc-preproc_dwi.nii.gz	0.0	0.4982140064239502	0.1875651329755783	0.50441974401474	0.4982140064239502	0.50441974401474	0.1875651329755783	0.568263053894043	0.568263053894043	sub-114935	ses-1		dir-AP	acq-multiband	space-ACPC			DSIStudio	autotrackgqi
ProjectionBrainstem_CorticospinalTractL	dki_kfa	DIPYDKI	/scratch/grmpy/SLURM_11194840_28/job-11194840-28-sub-114935/ds/inputs/data/qsiprep/qsiprep/sub-114935/ses-1/dwi/sub-114935_ses-1_acq-multiband_dir-AP_space-ACPC_desc-preproc_dwi.nii.gz	0.0	0.5482797622680664	0.1371568590402603	0.5529574155807495	0.5482797622680664	0.5529574155807495	0.1371568590402603	0.5860844850540161	0.5860844850540161	sub-114935	ses-1		dir-AP	acq-multiband	space-ACPC			DSIStudio	autotrackgqi
ProjectionBrainstem_CorticospinalTractL	dki_linearity	DIPYDKI	/scratch/grmpy/SLURM_11194840_28/job-11194840-28-sub-114935/ds/inputs/data/qsiprep/qsiprep/sub-114935/ses-1/dwi/sub-114935_ses-1_acq-multiband_dir-AP_space-ACPC_desc-preproc_dwi.nii.gz	0.0	0.2517596483230591	0.1536948382854461	0.2313330322504043	0.2517596483230591	0.2313330322504043	0.1536948382854461	0.3029356002807617	0.3029356002807617	sub-114935	ses-1		dir-AP	acq-multiband	space-ACPC			DSIStudio	autotrackgqi
ProjectionBrainstem_CorticospinalTractL	dki_md	DIPYDKI	/scratch/grmpy/SLURM_11194840_28/job-11194840-28-sub-114935/ds/inputs/data/qsiprep/qsiprep/sub-114935/ses-1/dwi/sub-114935_ses-1_acq-multiband_dir-AP_space-ACPC_desc-preproc_dwi.nii.gz	0.0	0.0009721282403916	0.0004076001350767	0.0008923132554627	0.0009721282403916	0.0008923132554627	0.0004076001350767	0.0009345730068162	0.0009345730068162	sub-114935	ses-1		dir-AP	acq-multiband	space-ACPC			DSIStudio	autotrackgqi
ProjectionBrainstem_CorticospinalTractL	dki_mk	DIPYDKI	/scratch/grmpy/SLURM_11194840_28/job-11194840-28-sub-114935/ds/inputs/data/qsiprep/qsiprep/sub-114935/ses-1/dwi/sub-114935_ses-1_acq-multiband_dir-AP_space-ACPC_desc-preproc_dwi.nii.gz	0.0017441860465116	1.1269341016915793	0.2674149326794809	1.1818331691880148	1.1289031187591825	1.1821996067986578	0.2634632093599071	1.1808850799532091	1.1907976667473932	sub-114935	ses-1		dir-AP	acq-multiband	space-ACPC			DSIStudio	autotrackgqi
ProjectionBrainstem_CorticospinalTractL	dki_mkt	DIPYDKI	/scratch/grmpy/SLURM_11194840_28/job-11194840-28-sub-114935/ds/inputs/data/qsiprep/qsiprep/sub-114935/ses-1/dwi/sub-114935_ses-1_acq-multiband_dir-AP_space-ACPC_desc-preproc_dwi.nii.gz	0.0	1.1239791061865614	0.1731603704553926	1.165006897718907	1.1239791061865614	1.165006897718907	0.1731603704553926	1.1912638996673806	1.1912638996673806	sub-114935	ses-1		dir-AP	acq-multiband	space-ACPC			DSIStudio	autotrackgqi
ProjectionBrainstem_CorticospinalTractL	dki_planarity	DIPYDKI	/scratch/grmpy/SLURM_11194840_28/job-11194840-28-sub-114935/ds/inputs/data/qsiprep/qsiprep/sub-114935/ses-1/dwi/sub-114935_ses-1_acq-multiband_dir-AP_space-ACPC_desc-preproc_dwi.nii.gz	0.0	0.2338822782039642	0.1224546656012535	0.2254898250102996	0.2338822782039642	0.2254898250102996	0.1224546656012535	0.2565433382987976	0.2565433382987976	sub-114935	ses-1		dir-AP	acq-multiband	space-ACPC			DSIStudio	autotrackgqi
ProjectionBrainstem_CorticospinalTractL	dki_rd	DIPYDKI	/scratch/grmpy/SLURM_11194840_28/job-11194840-28-sub-114935/ds/inputs/data/qsiprep/qsiprep/sub-114935/ses-1/dwi/sub-114935_ses-1_acq-multiband_dir-AP_space-ACPC_desc-preproc_dwi.nii.gz	0.0	0.0006830064230598	0.0004053528246004	0.00062778708525	0.0006830064230598	0.00062778708525	0.0004053528246004	0.0005970461061224	0.0005970461061224	sub-114935	ses-1		dir-AP	acq-multiband	space-ACPC			DSIStudio	autotrackgqi
ProjectionBrainstem_CorticospinalTractL	dki_rk	DIPYDKI	/scratch/grmpy/SLURM_11194840_28/job-11194840-28-sub-114935/ds/inputs/data/qsiprep/qsiprep/sub-114935/ses-1/dwi/sub-114935_ses-1_acq-multiband_dir-AP_space-ACPC_desc-preproc_dwi.nii.gz	0.0017441860465116	1.465959316289759	0.6420002587861073	1.537593974672406	1.4685206895855478	1.5384195635765656	0.6396272742394606	1.589596433169179	1.6029398250283111	sub-114935	ses-1		dir-AP	acq-multiband	space-ACPC			DSIStudio	autotrackgqi
ProjectionBrainstem_CorticospinalTractL	dki_sphericity	DIPYDKI	/scratch/grmpy/SLURM_11194840_28/job-11194840-28-sub-114935/ds/inputs/data/qsiprep/qsiprep/sub-114935/ses-1/dwi/sub-114935_ses-1_acq-multiband_dir-AP_space-ACPC_desc-preproc_dwi.nii.gz	0.0	0.5143580436706543	0.1932004541158676	0.5142228007316589	0.5143580436706543	0.5142228007316589	0.1932004541158676	0.4405210614204407	0.4405210614204407	sub-114935	ses-1		dir-AP	acq-multiband	space-ACPC			DSIStudio	autotrackgqi
ProjectionBasalGanglia_AnsaLenticularisL	dki_ad	DIPYDKI	/scratch/grmpy/SLURM_11194840_28/job-11194840-28-sub-114935/ds/inputs/data/qsiprep/qsiprep/sub-114935/ses-1/dwi/sub-114935_ses-1_acq-multiband_dir-AP_space-ACPC_desc-preproc_dwi.nii.gz	0.0	0.0016216428484767	0.0009138130117207	0.0013255418743938	0.0016216428484767	0.0013255418743938	0.0009138130117207	0.001478721271269	0.001478721271269	sub-114935	ses-1		dir-AP	acq-multiband	space-ACPC			DSIStudio	autotrackgqi
ProjectionBasalGanglia_AnsaLenticularisL	dki_ak	DIPYDKI	/scratch/grmpy/SLURM_11194840_28/job-11194840-28-sub-114935/ds/inputs/data/qsiprep/qsiprep/sub-114935/ses-1/dwi/sub-114935_ses-1_acq-multiband_dir-AP_space-ACPC_desc-preproc_dwi.nii.gz	0.0	0.7965480242925522	0.190532799954649	0.7898844023941914	0.7965480242925522	0.7898844023941914	0.190532799954649	0.8034876063681298	0.8034876063681298	sub-114935	ses-1		dir-AP	acq-multiband	space-ACPC			DSIStudio	autotrackgqi
ProjectionBasalGanglia_AnsaLenticularisL	dki_fa	DIPYDKI	/scratch/grmpy/SLURM_11194840_28/job-11194840-28-sub-114935/ds/inputs/data/qsiprep/qsiprep/sub-114935/ses-1/dwi/sub-114935_ses-1_acq-multiband_dir-AP_space-ACPC_desc-preproc_dwi.nii.gz	0.0	0.3409879207611084	0.1370286792516708	0.3273643851280212	0.3409879207611084	0.3273643851280212	0.1370286792516708	0.3517045378684997	0.3517045378684997	sub-114935	ses-1		dir-AP	acq-multiband	space-ACPC			DSIStudio	autotrackgqi
ProjectionBasalGanglia_AnsaLenticularisL	dki_kfa	DIPYDKI	/scratch/grmpy/SLURM_11194840_28/job-11194840-28-sub-114935/ds/inputs/data/qsiprep/qsiprep/sub-114935/ses-1/dwi/sub-114935_ses-1_acq-multiband_dir-AP_space-ACPC_desc-preproc_dwi.nii.gz	0.0082530949105914	0.4898083806037903	0.18107271194458	0.5020155310630798	0.4938844740390777	0.5035037994384766	0.1762017756700515	0.5128540396690369	0.5187427997589111	sub-114935	ses-1		dir-AP	acq-multiband	space-ACPC			DSIStudio	autotrackgqi
ProjectionBasalGanglia_AnsaLenticularisL	dki_linearity	DIPYDKI	/scratch/grmpy/SLURM_11194840_28/job-11194840-28-sub-114935/ds/inputs/data/qsiprep/qsiprep/sub-114935/ses-1/dwi/sub-114935_ses-1_acq-multiband_dir-AP_space-ACPC_desc-preproc_dwi.nii.gz	0.0	0.1398893594741821	0.0943943634629249	0.1178207099437713	0.1398893594741821	0.1178207099437713	0.0943943634629249	0.1377554237842559	0.1377554237842559	sub-114935	ses-1		dir-AP	acq-multiband	space-ACPC			DSIStudio	autotrackgqi
ProjectionBasalGanglia_AnsaLenticularisL	dki_md	DIPYDKI	/scratch/grmpy/SLURM_11194840_28/job-11194840-28-sub-114935/ds/inputs/data/qsiprep/qsiprep/sub-114935/ses-1/dwi/sub-114935_ses-1_acq-multiband_dir-AP_space-ACPC_desc-preproc_dwi.nii.gz	0.0	0.0012073213001713	0.0007556690252386	0.0009437716798856	0.0012073213001713	0.0009437716798856	0.0007556690252386	0.0010863249190151	0.0010863249190151	sub-114935	ses-1		dir-AP	acq-multiband	space-ACPC			DSIStudio	autotrackgqi
ProjectionBasalGanglia_AnsaLenticularisL	dki_mk	DIPYDKI	/scratch/grmpy/SLURM_11194840_28/job-11194840-28-sub-114935/ds/inputs/data/qsiprep/qsiprep/sub-114935/ses-1/dwi/sub-114935_ses-1_acq-multiband_dir-AP_space-ACPC_desc-preproc_dwi.nii.gz	0.0	0.8460032423310376	0.2628241836488878	0.8670475405015516	0.8460032423310376	0.8670475405015516	0.2628241836488878	0.8326861035047143	0.8326861035047143	sub-114935	ses-1		dir-AP	acq-multiband	space-ACPC			DSIStudio	autotrackgqi
ProjectionBasalGanglia_AnsaLenticularisL	dki_mkt	DIPYDKI	/scratch/grmpy/SLURM_11194840_28/job-11194840-28-sub-114935/ds/inputs/data/qsiprep/qsiprep/sub-114935/ses-1/dwi/sub-114935_ses-1_acq-multiband_dir-AP_space-ACPC_desc-preproc_dwi.nii.gz	0.0	0.8760382535319081	0.2365735737920731	0.8886170455651061	0.8760382535319081	0.8886170455651061	0.2365735737920731	0.8707261711877814	0.8707261711877814	sub-114935	ses-1		dir-AP	acq-multiband	space-ACPC			DSIStudio	autotrackgqi
ProjectionBasalGanglia_AnsaLenticularisL	dki_planarity	DIPYDKI	/scratch/grmpy/SLURM_11194840_28/job-11194840-28-sub-114935/ds/inputs/data/qsiprep/qsiprep/sub-114935/ses-1/dwi/sub-114935_ses-1_acq-multiband_dir-AP_space-ACPC_desc-preproc_dwi.nii.gz	0.0	0.1904621720314026	0.1067948713898658	0.1708377748727798	0.1904621720314026	0.1708377748727798	0.1067948713898658	0.2095897793769836	0.2095897793769836	sub-114935	ses-1		dir-AP	acq-multiband	space-ACPC			DSIStudio	autotrackgqi
ProjectionBasalGanglia_AnsaLenticularisL	dki_rd	DIPYDKI	/scratch/grmpy/SLURM_11194840_28/job-11194840-28-sub-114935/ds/inputs/data/qsiprep/qsiprep/sub-114935/ses-1/dwi/sub-114935_ses-1_acq-multiband_dir-AP_space-ACPC_desc-preproc_dwi.nii.gz	0.0	0.0010001605842262	0.000697880401276	0.0007631349144503	0.0010001605842262	0.0007631349144503	0.000697880401276	0.0008901266846805	0.0008901266846805	sub-114935	ses-1		dir-AP	acq-multiband	space-ACPC			DSIStudio	autotrackgqi
ProjectionBasalGanglia_AnsaLenticularisL	dki_rk	DIPYDKI	/scratch/grmpy/SLURM_11194840_28/job-11194840-28-sub-114935/ds/inputs/data/qsiprep/qsiprep/sub-114935/ses-1/dwi/sub-114935_ses-1_acq-multiband_dir-AP_space-ACPC_desc-preproc_dwi.nii.gz	0.0	0.9101589175703472	0.4502716545779134	0.9058432612786872	0.9101589175703472	0.9058432612786872	0.4502716545779134	0.8742750575239217	0.8742750575239217	sub-114935	ses-1		dir-AP	acq-multiband	space-ACPC			DSIStudio	autotrackgqi
ProjectionBasalGanglia_AnsaLenticularisL	dki_sphericity	DIPYDKI	/scratch/grmpy/SLURM_11194840_28/job-11194840-28-sub-114935/ds/inputs/data/qsiprep/qsiprep/sub-114935/ses-1/dwi/sub-114935_ses-1_acq-multiband_dir-AP_space-ACPC_desc-preproc_dwi.nii.gz	0.0	0.6696484684944153	0.1370910853147506	0.6816956996917725	0.6696484684944153	0.6816956996917725	0.1370910853147506	0.652654767036438	0.652654767036438	sub-114935	ses-1		dir-AP	acq-multiband	space-ACPC			DSIStudio	autotrackgqi
ProjectionBrainstem_CorticopontineTractR	dki_ad	DIPYDKI	/scratch/grmpy/SLURM_11194840_28/job-11194840-28-sub-114935/ds/inputs/data/qsiprep/qsiprep/sub-114935/ses-1/dwi/sub-114935_ses-1_acq-multiband_dir-AP_space-ACPC_desc-preproc_dwi.nii.gz	0.0	0.001485115266405	0.0005103181465528	0.0014062203699722	0.001485115266405	0.0014062203699722	0.0005103181465528	0.0015650815330445	0.0015650815330445	sub-114935	ses-1		dir-AP	acq-multiband	space-ACPC			DSIStudio	autotrackgqi
ProjectionBrainstem_CorticopontineTractR	dki_ak	DIPYDKI	/scratch/grmpy/SLURM_11194840_28/job-11194840-28-sub-114935/ds/inputs/data/qsiprep/qsiprep/sub-114935/ses-1/dwi/sub-114935_ses-1_acq-multiband_dir-AP_space-ACPC_desc-preproc_dwi.nii.gz	0.0013385251886103	0.8254552767928127	0.1674238093121449	0.8165015441377159	0.8265616503817882	0.8168906750404932	0.1647841499484942	0.8171104451948492	0.8210943428052238	sub-114935	ses-1		dir-AP	acq-multiband	space-ACPC			DSIStudio	autotrackgqi
ProjectionBrainstem_CorticopontineTractR	dki_fa	DIPYDKI	/scratch/grmpy/SLURM_11194840_28/job-11194840-28-sub-114935/ds/inputs/data/qsiprep/qsiprep/sub-114935/ses-1/dwi/sub-114935_ses-1_acq-multiband_dir-AP_space-ACPC_desc-preproc_dwi.nii.gz	0.0	0.4526532888412475	0.1763249635696411	0.4632754921913147	0.4526532888412475	0.4632754921913147	0.1763249635696411	0.5335831046104431	0.5335831046104431	sub-114935	ses-1		dir-AP	acq-multiband	space-ACPC			DSIStudio	autotrackgqi
ProjectionBrainstem_CorticopontineTractR	dki_kfa	DIPYDKI	/scratch/grmpy/SLURM_11194840_28/job-11194840-28-sub-114935/ds/inputs/data/qsiprep/qsiprep/sub-114935/ses-1/dwi/sub-114935_ses-1_acq-multiband_dir-AP_space-ACPC_desc-preproc_dwi.nii.gz	0.0007301046483329	0.5134766101837158	0.1418102234601974	0.5220134854316711	0.5138518214225769	0.5220520496368408	0.1411809027194976	0.5539436340332031	0.5543258786201477	sub-114935	ses-1		dir-AP	acq-multiband	space-ACPC			DSIStudio	autotrackgqi
ProjectionBrainstem_CorticopontineTractR	dki_linearity	DIPYDKI	/scratch/grmpy/SLURM_11194840_28/job-11194840-28-sub-114935/ds/inputs/data/qsiprep/qsiprep/sub-114935/ses-1/dwi/sub-114935_ses-1_acq-multiband_dir-AP_space-ACPC_desc-preproc_dwi.nii.gz	0.0	0.2184816896915435	0.1325211226940155	0.2010266184806823	0.2184816896915435	0.2010266184806823	0.1325211226940155	0.2731653749942779	0.2731653749942779	sub-114935	ses-1		dir-AP	acq-multiband	space-ACPC			DSIStudio	autotrackgqi
ProjectionBrainstem_CorticopontineTractR	dki_md	DIPYDKI	/scratch/grmpy/SLURM_11194840_28/job-11194840-28-sub-114935/ds/inputs/data/qsiprep/qsiprep/sub-114935/ses-1/dwi/sub-114935_ses-1_acq-multiband_dir-AP_space-ACPC_desc-preproc_dwi.nii.gz	0.0	0.0009766397997736	0.0003989150281995	0.0009000666905194	0.0009766397997736	0.0009000666905194	0.0003989150281995	0.0009490672964602	0.0009490672964602	sub-114935	ses-1		dir-AP	acq-multiband	space-ACPC			DSIStudio	autotrackgqi
ProjectionBrainstem_CorticopontineTractR	dki_mk	DIPYDKI	/scratch/grmpy/SLURM_11194840_28/job-11194840-28-sub-114935/ds/inputs/data/qsiprep/qsiprep/sub-114935/ses-1/dwi/sub-114935_ses-1_acq-multiband_dir-AP_space-ACPC_desc-preproc_dwi.nii.gz	0.0013385251886103	1.083674064640074	0.2513971209210569	1.132975984850609	1.0851265338384464	1.1333188180895053	0.2484131808165512	1.1450448611780322	1.1506276334428651	sub-114935	ses-1		dir-AP	acq-multiband	space-ACPC			DSIStudio	autotrackgqi
ProjectionBrainstem_CorticopontineTractR	dki_mkt	DIPYDKI	/scratch/grmpy/SLURM_11194840_28/job-11194840-28-sub-114935/ds/inputs/data/qsiprep/qsiprep/sub-114935/ses-1/dwi/sub-114935_ses-1_acq-multiband_dir-AP_space-ACPC_desc-preproc_dwi.nii.gz	0.0	1.06195934826355	0.192524403989921	1.0951868067164532	1.06195934826355	1.0951868067164532	0.192524403989921	1.1291744990485872	1.1291744990485872	sub-114935	ses-1		dir-AP	acq-multiband	space-ACPC			DSIStudio	autotrackgqi
ProjectionBrainstem_CorticopontineTractR	dki_planarity	DIPYDKI	/scratch/grmpy/SLURM_11194840_28/job-11194840-28-sub-114935/ds/inputs/data/qsiprep/qsiprep/sub-114935/ses-1/dwi/sub-114935_ses-1_acq-multiband_dir-AP_space-ACPC_desc-preproc_dwi.nii.gz	0.0	0.2158812433481216	0.1225334852933883	0.2017046213150024	0.2158812433481216	0.2017046213150024	0.1225334852933883	0.2429089993238449	0.2429089993238449	sub-114935	ses-1		dir-AP	acq-multiband	space-ACPC			DSIStudio	autotrackgqi
ProjectionBrainstem_CorticopontineTractR	dki_rd	DIPYDKI	/scratch/grmpy/SLURM_11194840_28/job-11194840-28-sub-114935/ds/inputs/data/qsiprep/qsiprep/sub-114935/ses-1/dwi/sub-114935_ses-1_acq-multiband_dir-AP_space-ACPC_desc-preproc_dwi.nii.gz	0.0	0.0007224021828733	0.0003946772485505	0.0006628774572163	0.0007224021828733	0.0006628774572163	0.0003946772485505	0.0006410602363757	0.0006410602363757	sub-114935	ses-1		dir-AP	acq-multiband	space-ACPC			DSIStudio	autotrackgqi
ProjectionBrainstem_CorticopontineTractR	dki_rk	DIPYDKI	/scratch/grmpy/SLURM_11194840_28/job-11194840-28-sub-114935/ds/inputs/data/qsiprep/qsiprep/sub-114935/ses-1/dwi/sub-114935_ses-1_acq-multiband_dir-AP_space-ACPC_desc-preproc_dwi.nii.gz	0.0013385251886103	1.432674495128787	0.555693079526287	1.4653039034828967	1.4345947363187976	1.466071203561301	0.5535827980884849	1.571270088893948	1.578930961601057	sub-114935	ses-1		dir-AP	acq-multiband	space-ACPC			DSIStudio	autotrackgqi
ProjectionBrainstem_CorticopontineTractR	dki_sphericity	DIPYDKI	/scratch/grmpy/SLURM_11194840_28/job-11194840-28-sub-114935/ds/inputs/data/qsiprep/qsiprep/sub-114935/ses-1/dwi/sub-114935_ses-1_acq-multiband_dir-AP_space-ACPC_desc-preproc_dwi.nii.gz	0.0	0.5656370520591736	0.1781267672777176	0.5569809675216675	0.5656370520591736	0.5569809675216675	0.1781267672777176	0.4839256107807159	0.4839256107807159	sub-114935	ses-1		dir-AP	acq-multiband	space-ACPC			DSIStudio	autotrackgqi
ProjectionBrainstem_MedialLemniscusL	dki_ad	DIPYDKI	/scratch/grmpy/SLURM_11194840_28/job-11194840-28-sub-114935/ds/inputs/data/qsiprep/qsiprep/sub-114935/ses-1/dwi/sub-114935_ses-1_acq-multiband_dir-AP_space-ACPC_desc-preproc_dwi.nii.gz	0.0	0.0015522905159741	0.0007063533412292	0.001417280989699	0.0015522905159741	0.001417280989699	0.0007063533412292	0.0016631013713777	0.0016631013713777	sub-114935	ses-1		dir-AP	acq-multiband	space-ACPC			DSIStudio	autotrackgqi
ProjectionBrainstem_MedialLemniscusL	dki_ak	DIPYDKI	/scratch/grmpy/SLURM_11194840_28/job-11194840-28-sub-114935/ds/inputs/data/qsiprep/qsiprep/sub-114935/ses-1/dwi/sub-114935_ses-1_acq-multiband_dir-AP_space-ACPC_desc-preproc_dwi.nii.gz	0.0012217470983506	0.8382257828967854	0.1601592658599163	0.8305241723634876	0.8392511355364145	0.8309708380949641	0.1575494824872197	0.8382745682396411	0.8390593540576754	sub-114935	ses-1		dir-AP	acq-multiband	space-ACPC			DSIStudio	autotrackgqi
ProjectionBrainstem_MedialLemniscusL	dki_fa	DIPYDKI	/scratch/grmpy/SLURM_11194840_28/job-11194840-28-sub-114935/ds/inputs/data/qsiprep/qsiprep/sub-114935/ses-1/dwi/sub-114935_ses-1_acq-multiband_dir-AP_space-ACPC_desc-preproc_dwi.nii.gz	0.0	0.4519305825233459	0.1733057200908661	0.463629275560379	0.4519305825233459	0.463629275560379	0.1733057200908661	0.490750640630722	0.490750640630722	sub-114935	ses-1		dir-AP	acq-multiband	space-ACPC			DSIStudio	autotrackgqi
ProjectionBrainstem_MedialLemniscusL	dki_kfa	DIPYDKI	/scratch/grmpy/SLURM_11194840_28/job-11194840-28-sub-114935/ds/inputs/data/qsiprep/qsiprep/sub-114935/ses-1/dwi/sub-114935_ses-1_acq-multiband_dir-AP_space-ACPC_desc-preproc_dwi.nii.gz	0.0006108735491753	0.5021749138832092	0.1432694941759109	0.5134169459342957	0.5024818181991577	0.5134607553482056	0.1427741348743438	0.5197494626045227	0.5207195281982422	sub-114935	ses-1		dir-AP	acq-multiband	space-ACPC			DSIStudio	autotrackgqi
ProjectionBrainstem_MedialLemniscusL	dki_linearity	DIPYDKI	/scratch/grmpy/SLURM_11194840_28/job-11194840-28-sub-114935/ds/inputs/data/qsiprep/qsiprep/sub-114935/ses-1/dwi/sub-114935_ses-1_acq-multiband_dir-AP_space-ACPC_desc-preproc_dwi.nii.gz	0.0	0.2176849246025085	0.1289823055267334	0.2051492482423782	0.2176849246025085	0.2051492482423782	0.1289823055267334	0.2492691874504089	0.2492691874504089	sub-114935	ses-1		dir-AP	acq-multiband	space-ACPC			DSIStudio	autotrackgqi
ProjectionBrainstem_MedialLemniscusL	dki_md	DIPYDKI	/scratch/grmpy/SLURM_11194840_28/job-11194840-28-sub-114935/ds/inputs/data/qsiprep/qsiprep/sub-114935/ses-1/dwi/sub-114935_ses-1_acq-multiband_dir-AP_space-ACPC_desc-preproc_dwi.nii.gz	0.0	0.0010378953302279	0.0006120053585618	0.0008877305081114	0.0010378953302279	0.0008877305081114	0.0006120053585618	0.0010733784874901	0.0010733784874901	sub-114935	ses-1		dir-AP	acq-multiband	space-ACPC			DSIStudio	autotrackgqi
ProjectionBrainstem_MedialLemniscusL	dki_mk	DIPYDKI	/scratch/grmpy/SLURM_11194840_28/job-11194840-28-sub-114935/ds/inputs/data/qsiprep/qsiprep/sub-114935/ses-1/dwi/sub-114935_ses-1_acq-multiband_dir-AP_space-ACPC_desc-preproc_dwi.nii.gz	0.0012217470983506	1.0967530891435446	0.2567465704690383	1.150495174802296	1.0980946831363807	1.1505065715505738	0.2540201543906695	1.1087912693510116	1.1098293103108847	sub-114935	ses-1		dir-AP	acq-multiband	space-ACPC			DSIStudio	autotrackgqi
ProjectionBrainstem_MedialLemniscusL	dki_mkt	DIPYDKI	/scratch/grmpy/SLURM_11194840_28/job-11194840-28-sub-114935/ds/inputs/data/qsiprep/qsiprep/sub-114935/ses-1/dwi/sub-114935_ses-1_acq-multiband_dir-AP_space-ACPC_desc-preproc_dwi.nii.gz	0.0	1.0728910045346307	0.1907885798647657	1.1128567478651197	1.0728910045346307	1.1128567478651197	0.1907885798647657	1.0901037023974305	1.0901037023974305	sub-114935	ses-1		dir-AP	acq-multiband	space-ACPC			DSIStudio	autotrackgqi
ProjectionBrainstem_MedialLemniscusL	dki_planarity	DIPYDKI	/scratch/grmpy/SLURM_11194840_28/job-11194840-28-sub-114935/ds/inputs/data/qsiprep/qsiprep/sub-114935/ses-1/dwi/sub-114935_ses-1_acq-multiband_dir-AP_space-ACPC_desc-preproc_dwi.nii.gz	0.0	0.2157896757125854	0.1180818676948547	0.2071370333433151	0.2157896757125854	0.2071370333433151	0.1180818676948547	0.2135410606861114	0.2135410606861114	sub-114935	ses-1		dir-AP	acq-multiband	space-ACPC			DSIStudio	autotrackgqi
ProjectionBrainstem_MedialLemniscusL	dki_rd	DIPYDKI	/scratch/grmpy/SLURM_11194840_28/job-11194840-28-sub-114935/ds/inputs/data/qsiprep/qsiprep/sub-114935/ses-1/dwi/sub-114935_ses-1_acq-multiband_dir-AP_space-ACPC_desc-preproc_dwi.nii.gz	0.0	0.0007806976791471	0.0005952402134425	0.0006563843344338	0.0007806976791471	0.0006563843344338	0.0005952402134425	0.0007785169873386	0.0007785169873386	sub-114935	ses-1		dir-AP	acq-multiband	space-ACPC			DSIStudio	autotrackgqi
ProjectionBrainstem_MedialLemniscusL	dki_rk	DIPYDKI	/scratch/grmpy/SLURM_11194840_28/job-11194840-28-sub-114935/ds/inputs/data/qsiprep/qsiprep/sub-114935/ses-1/dwi/sub-114935_ses-1_acq-multiband_dir-AP_space-ACPC_desc-preproc_dwi.nii.gz	0.0012217470983506	1.454957376964668	0.5555913054692245	1.4821661292534265	1.4567371413401595	1.483515695602356	0.5535942938076471	1.4846911062911934	1.486081061372965	sub-114935	ses-1		dir-AP	acq-multiband	space-ACPC			DSIStudio	autotrackgqi
ProjectionBrainstem_MedialLemniscusL	dki_sphericity	DIPYDKI	/scratch/grmpy/SLURM_11194840_28/job-11194840-28-sub-114935/ds/inputs/data/qsiprep/qsiprep/sub-114935/ses-1/dwi/sub-114935_ses-1_acq-multiband_dir-AP_space-ACPC_desc-preproc_dwi.nii.gz	0.0	0.566525399684906	0.1748890429735183	0.5612689256668091	0.566525399684906	0.5612689256668091	0.1748890429735183	0.5371897220611572	0.5371897220611572	sub-114935	ses-1		dir-AP	acq-multiband	space-ACPC			DSIStudio	autotrackgqi
ProjectionBasalGanglia_FornixL	dki_ad	DIPYDKI	/scratch/grmpy/SLURM_11194840_28/job-11194840-28-sub-114935/ds/inputs/data/qsiprep/qsiprep/sub-114935/ses-1/dwi/sub-114935_ses-1_acq-multiband_dir-AP_space-ACPC_desc-preproc_dwi.nii.gz	0.0	0.0020045877899974	0.0012201616773381	0.0016121240332722	0.0020045877899974	0.0016121240332722	0.0012201616773381	0.0018873598892241	0.0018873598892241	sub-114935	ses-1		dir-AP	acq-multiband	space-ACPC			DSIStudio	autotrackgqi
ProjectionBasalGanglia_FornixL	dki_ak	DIPYDKI	/scratch/grmpy/SLURM_11194840_28/job-11194840-28-sub-114935/ds/inputs/data/qsiprep/qsiprep/sub-114935/ses-1/dwi/sub-114935_ses-1_acq-multiband_dir-AP_space-ACPC_desc-preproc_dwi.nii.gz	0.0	0.6987941950612907	0.1545006930087162	0.6964855870121653	0.6987941950612907	0.6964855870121653	0.1545006930087162	0.6958143140607328	0.6958143140607328	sub-114935	ses-1		dir-AP	acq-multiband	space-ACPC			DSIStudio	autotrackgqi
ProjectionBasalGanglia_FornixL	dki_fa	DIPYDKI	/scratch/grmpy/SLURM_11194840_28/job-11194840-28-sub-114935/ds/inputs/data/qsiprep/qsiprep/sub-114935/ses-1/dwi/sub-114935_ses-1_acq-multiband_dir-AP_space-ACPC_desc-preproc_dwi.nii.gz	0.0	0.3378387689590454	0.159635528922081	0.3142385482788086	0.3378387689590454	0.3142385482788086	0.159635528922081	0.3827681541442871	0.3827681541442871	sub-114935	ses-1		dir-AP	acq-multiband	space-ACPC			DSIStudio	autotrackgqi
ProjectionBasalGanglia_FornixL	dki_kfa	DIPYDKI	/scratch/grmpy/SLURM_11194840_28/job-11194840-28-sub-114935/ds/inputs/data/qsiprep/qsiprep/sub-114935/ses-1/dwi/sub-114935_ses-1_acq-multiband_dir-AP_space-ACPC_desc-preproc_dwi.nii.gz	0.0042283298097251	0.456123948097229	0.1961945444345474	0.4502533674240112	0.4580607712268829	0.4511882066726684	0.1943413466215133	0.4763959646224975	0.4779103398323059	sub-114935	ses-1		dir-AP	acq-multiband	space-ACPC			DSIStudio	autotrackgqi
ProjectionBasalGanglia_FornixL	dki_linearity	DIPYDKI	/scratch/grmpy/SLURM_11194840_28/job-11194840-28-sub-114935/ds/inputs/data/qsiprep/qsiprep/sub-114935/ses-1/dwi/sub-114935_ses-1_acq-multiband_dir-AP_space-ACPC_desc-preproc_dwi.nii.gz	0.0	0.1564094126224517	0.1133033260703086	0.1278571039438247	0.1564094126224517	0.1278571039438247	0.1133033260703086	0.1944078803062439	0.1944078803062439	sub-114935	ses-1		dir-AP	acq-multiband	space-ACPC			DSIStudio	autotrackgqi
ProjectionBasalGanglia_FornixL	dki_md	DIPYDKI	/scratch/grmpy/SLURM_11194840_28/job-11194840-28-sub-114935/ds/inputs/data/qsiprep/qsiprep/sub-114935/ses-1/dwi/sub-114935_ses-1_acq-multiband_dir-AP_space-ACPC_desc-preproc_dwi.nii.gz	0.0	0.0014872687170282	0.000987404026091	0.0010812911204993	0.0014872687170282	0.0010812911204993	0.000987404026091	0.0013207055162638	0.0013207055162638	sub-114935	ses-1		dir-AP	acq-multiband	space-ACPC			DSIStudio	autotrackgqi
ProjectionBasalGanglia_FornixL	dki_mk	DIPYDKI	/scratch/grmpy/SLURM_11194840_28/job-11194840-28-sub-114935/ds/inputs/data/qsiprep/qsiprep/sub-114935/ses-1/dwi/sub-114935_ses-1_acq-multiband_dir-AP_space-ACPC_desc-preproc_dwi.nii.gz	0.0	0.780009777797918	0.2495249328220628	0.7897219623310814	0.780009777797918	0.7897219623310814	0.2495249328220628	0.8199559503015208	0.8199559503015208	sub-114935	ses-1		dir-AP	acq-multiband	space-ACPC			DSIStudio	autotrackgqi
ProjectionBasalGanglia_FornixL	dki_mkt	DIPYDKI	/scratch/grmpy/SLURM_11194840_28/job-11194840-28-sub-114935/ds/inputs/data/qsiprep/qsiprep/sub-114935/ses-1/dwi/sub-114935_ses-1_acq-multiband_dir-AP_space-ACPC_desc-preproc_dwi.nii.gz	0.0	0.7900076771554528	0.2131092682621464	0.8028116088974202	0.7900076771554528	0.8028116088974202	0.2131092682621464	0.823038433278234	0.823038433278234	sub-114935	ses-1		dir-AP	acq-multiband	space-ACPC			DSIStudio	autotrackgqi
ProjectionBasalGanglia_FornixL	dki_planarity	DIPYDKI	/scratch/grmpy/SLURM_11194840_28/job-11194840-28-sub-114935/ds/inputs/data/qsiprep/qsiprep/sub-114935/ses-1/dwi/sub-114935_ses-1_acq-multiband_dir-AP_space-ACPC_desc-preproc_dwi.nii.gz	0.0	0.1535761952400207	0.0974781960248947	0.1332607567310333	0.1535761952400207	0.1332607567310333	0.0974781960248947	0.1442129611968994	0.1442129611968994	sub-114935	ses-1		dir-AP	acq-multiband	space-ACPC			DSIStudio	autotrackgqi
ProjectionBasalGanglia_FornixL	dki_rd	DIPYDKI	/scratch/grmpy/SLURM_11194840_28/job-11194840-28-sub-114935/ds/inputs/data/qsiprep/qsiprep/sub-114935/ses-1/dwi/sub-114935_ses-1_acq-multiband_dir-AP_space-ACPC_desc-preproc_dwi.nii.gz	0.0	0.0012286090059205	0.000902742089238	0.0008762022480368	0.0012286090059205	0.0008762022480368	0.000902742089238	0.0010373782133683	0.0010373782133683	sub-114935	ses-1		dir-AP	acq-multiband	space-ACPC			DSIStudio	autotrackgqi
ProjectionBasalGanglia_FornixL	dki_rk	DIPYDKI	/scratch/grmpy/SLURM_11194840_28/job-11194840-28-sub-114935/ds/inputs/data/qsiprep/qsiprep/sub-114935/ses-1/dwi/sub-114935_ses-1_acq-multiband_dir-AP_space-ACPC_desc-preproc_dwi.nii.gz	0.0	0.9112643770825982	0.468261444991531	0.869941543226852	0.9112643770825982	0.869941543226852	0.468261444991531	1.036493445727116	1.036493445727116	sub-114935	ses-1		dir-AP	acq-multiband	space-ACPC			DSIStudio	autotrackgqi
ProjectionBasalGanglia_FornixL	dki_sphericity	DIPYDKI	/scratch/grmpy/SLURM_11194840_28/job-11194840-28-sub-114935/ds/inputs/data/qsiprep/qsiprep/sub-114935/ses-1/dwi/sub-114935_ses-1_acq-multiband_dir-AP_space-ACPC_desc-preproc_dwi.nii.gz	0.0	0.6900144219398499	0.148265078663826	0.7134491801261902	0.6900144219398499	0.7134491801261902	0.148265078663826	0.6613792181015015	0.6613792181015015	sub-114935	ses-1		dir-AP	acq-multiband	space-ACPC			DSIStudio	autotrackgqi
ProjectionBasalGanglia_AnsaLenticularisR	dki_ad	DIPYDKI	/scratch/grmpy/SLURM_11194840_28/job-11194840-28-sub-114935/ds/inputs/data/qsiprep/qsiprep/sub-114935/ses-1/dwi/sub-114935_ses-1_acq-multiband_dir-AP_space-ACPC_desc-preproc_dwi.nii.gz	0.0	0.0019922347273677	0.0012743333354592	0.0015268858987838	0.0019922347273677	0.0015268858987838	0.0012743333354592	0.0017850503791123	0.0017850503791123	sub-114935	ses-1		dir-AP	acq-multiband	space-ACPC			DSIStudio	autotrackgqi
ProjectionBasalGanglia_AnsaLenticularisR	dki_ak	DIPYDKI	/scratch/grmpy/SLURM_11194840_28/job-11194840-28-sub-114935/ds/inputs/data/qsiprep/qsiprep/sub-114935/ses-1/dwi/sub-114935_ses-1_acq-multiband_dir-AP_space-ACPC_desc-preproc_dwi.nii.gz	0.0007501875468867	0.7202538061991703	0.188074551133973	0.7232575486968913	0.7207945372849055	0.7235629112468742	0.1871064839995631	0.7087843529360713	0.7087934773046007	sub-114935	ses-1		dir-AP	acq-multiband	space-ACPC			DSIStudio	autotrackgqi
ProjectionBasalGanglia_AnsaLenticularisR	dki_fa	DIPYDKI	/scratch/grmpy/SLURM_11194840_28/job-11194840-28-sub-114935/ds/inputs/data/qsiprep/qsiprep/sub-114935/ses-1/dwi/sub-114935_ses-1_acq-multiband_dir-AP_space-ACPC_desc-preproc_dwi.nii.gz	0.0	0.3276121318340301	0.1386022865772247	0.3109227120876312	0.3276121318340301	0.3109227120876312	0.1386022865772247	0.335312008857727	0.335312008857727	sub-114935	ses-1		dir-AP	acq-multiband	space-ACPC			DSIStudio	autotrackgqi
ProjectionBasalGanglia_AnsaLenticularisR	dki_kfa	DIPYDKI	/scratch/grmpy/SLURM_11194840_28/job-11194840-28-sub-114935/ds/inputs/data/qsiprep/qsiprep/sub-114935/ses-1/dwi/sub-114935_ses-1_acq-multiband_dir-AP_space-ACPC_desc-preproc_dwi.nii.gz	0.0075018754688672	0.450034886598587	0.1961591243743896	0.4572047591209411	0.4534364938735962	0.4590233862400055	0.1929425299167633	0.4687814712524414	0.4717273116111755	sub-114935	ses-1		dir-AP	acq-multiband	space-ACPC			DSIStudio	autotrackgqi
ProjectionBasalGanglia_AnsaLenticularisR	dki_linearity	DIPYDKI	/scratch/grmpy/SLURM_11194840_28/job-11194840-28-sub-114935/ds/inputs/data/qsiprep/qsiprep/sub-114935/ses-1/dwi/sub-114935_ses-1_acq-multiband_dir-AP_space-ACPC_desc-preproc_dwi.nii.gz	0.0	0.1419895738363266	0.0945349261164665	0.1231006681919097	0.1419895738363266	0.1231006681919097	0.0945349261164665	0.1401474922895431	0.1401474922895431	sub-114935	ses-1		dir-AP	acq-multiband	space-ACPC			DSIStudio	autotrackgqi
ProjectionBasalGanglia_AnsaLenticularisR	dki_md	DIPYDKI	/scratch/grmpy/SLURM_11194840_28/job-11194840-28-sub-114935/ds/inputs/data/qsiprep/qsiprep/sub-114935/ses-1/dwi/sub-114935_ses-1_acq-multiband_dir-AP_space-ACPC_desc-preproc_dwi.nii.gz	0.0	0.0015137372538447	0.0010862216586247	0.0010631892364472	0.0015137372538447	0.0010631892364472	0.0010862216586247	0.0013368024956434	0.0013368024956434	sub-114935	ses-1		dir-AP	acq-multiband	space-ACPC			DSIStudio	autotrackgqi
ProjectionBasalGanglia_AnsaLenticularisR	dki_mk	DIPYDKI	/scratch/grmpy/SLURM_11194840_28/job-11194840-28-sub-114935/ds/inputs/data/qsiprep/qsiprep/sub-114935/ses-1/dwi/sub-114935_ses-1_acq-multiband_dir-AP_space-ACPC_desc-preproc_dwi.nii.gz	0.0007501875468867	0.7811481377329901	0.254893123761181	0.8057300927337426	0.7817345852838407	0.8057576881443994	0.2540882422758646	0.7652413069448863	0.7652511577171461	sub-114935	ses-1		dir-AP	acq-multiband	space-ACPC			DSIStudio	autotrackgqi
ProjectionBasalGanglia_AnsaLenticularisR	dki_mkt	DIPYDKI	/scratch/grmpy/SLURM_11194840_28/job-11194840-28-sub-114935/ds/inputs/data/qsiprep/qsiprep/sub-114935/ses-1/dwi/sub-114935_ses-1_acq-multiband_dir-AP_space-ACPC_desc-preproc_dwi.nii.gz	0.0	0.802924380417613	0.2305419914068617	0.8188287941272476	0.802924380417613	0.8188287941272476	0.2305419914068617	0.7897095939635479	0.7897095939635479	sub-114935	ses-1		dir-AP	acq-multiband	space-ACPC			DSIStudio	autotrackgqi
ProjectionBasalGanglia_AnsaLenticularisR	dki_planarity	DIPYDKI	/scratch/grmpy/SLURM_11194840_28/job-11194840-28-sub-114935/ds/inputs/data/qsiprep/qsiprep/sub-114935/ses-1/dwi/sub-114935_ses-1_acq-multiband_dir-AP_space-ACPC_desc-preproc_dwi.nii.gz	0.0	0.165222480893135	0.1003452092409133	0.1492658853530883	0.165222480893135	0.1492658853530883	0.1003452092409133	0.177174299955368	0.177174299955368	sub-114935	ses-1		dir-AP	acq-multiband	space-ACPC			DSIStudio	autotrackgqi
ProjectionBasalGanglia_AnsaLenticularisR	dki_rd	DIPYDKI	/scratch/grmpy/SLURM_11194840_28/job-11194840-28-sub-114935/ds/inputs/data/qsiprep/qsiprep/sub-114935/ses-1/dwi/sub-114935_ses-1_acq-multiband_dir-AP_space-ACPC_desc-preproc_dwi.nii.gz	0.0	0.0012744884006679	0.0010111947776749	0.0008492050692439	0.0012744884006679	0.0008492050692439	0.0010111947776749	0.001112678553909	0.001112678553909	sub-114935	ses-1		dir-AP	acq-multiband	space-ACPC			DSIStudio	autotrackgqi
ProjectionBasalGanglia_AnsaLenticularisR	dki_rk	DIPYDKI	/scratch/grmpy/SLURM_11194840_28/job-11194840-28-sub-114935/ds/inputs/data/qsiprep/qsiprep/sub-114935/ses-1/dwi/sub-114935_ses-1_acq-multiband_dir-AP_space-ACPC_desc-preproc_dwi.nii.gz	0.0007501875468867	0.8516518571033099	0.4345402784174345	0.8528483979630539	0.8522912353744085	0.8529824503871491	0.4340761197894116	0.8133015048136172	0.8133119738977352	sub-114935	ses-1		dir-AP	acq-multiband	space-ACPC			DSIStudio	autotrackgqi
ProjectionBasalGanglia_AnsaLenticularisR	dki_sphericity	DIPYDKI	/scratch/grmpy/SLURM_11194840_28/job-11194840-28-sub-114935/ds/inputs/data/qsiprep/qsiprep/sub-114935/ses-1/dwi/sub-114935_ses-1_acq-multiband_dir-AP_space-ACPC_desc-preproc_dwi.nii.gz	0.0	0.6927879452705383	0.1354267597198486	0.7067769765853882	0.6927879452705383	0.7067769765853882	0.1354267597198486	0.68267822265625	0.68267822265625	sub-114935	ses-1		dir-AP	acq-multiband	space-ACPC			DSIStudio	autotrackgqi
ProjectionBrainstem_NonDecussatingDentatorubrothalamicTractR	dki_ad	DIPYDKI	/scratch/grmpy/SLURM_11194840_28/job-11194840-28-sub-114935/ds/inputs/data/qsiprep/qsiprep/sub-114935/ses-1/dwi/sub-114935_ses-1_acq-multiband_dir-AP_space-ACPC_desc-preproc_dwi.nii.gz	0.0	0.0014888412551954	0.0006251474842429	0.0013646634761244	0.0014888412551954	0.0013646634761244	0.0006251474842429	0.0016177158104255	0.0016177158104255	sub-114935	ses-1		dir-AP	acq-multiband	space-ACPC			DSIStudio	autotrackgqi
ProjectionBrainstem_NonDecussatingDentatorubrothalamicTractR	dki_ak	DIPYDKI	/scratch/grmpy/SLURM_11194840_28/job-11194840-28-sub-114935/ds/inputs/data/qsiprep/qsiprep/sub-114935/ses-1/dwi/sub-114935_ses-1_acq-multiband_dir-AP_space-ACPC_desc-preproc_dwi.nii.gz	0.0007151796888968	0.8485988393898004	0.174512009557996	0.8429423276584083	0.8492061743974152	0.8430398941383433	0.1730909726924127	0.8358370876554723	0.8366649644936125	sub-114935	ses-1		dir-AP	acq-multiband	space-ACPC			DSIStudio	autotrackgqi
ProjectionBrainstem_NonDecussatingDentatorubrothalamicTractR	dki_fa	DIPYDKI	/scratch/grmpy/SLURM_11194840_28/job-11194840-28-sub-114935/ds/inputs/data/qsiprep/qsiprep/sub-114935/ses-1/dwi/sub-114935_ses-1_acq-multiband_dir-AP_space-ACPC_desc-preproc_dwi.nii.gz	0.0	0.4252029955387115	0.1689750254154205	0.4232926368713379	0.4252029955387115	0.4232926368713379	0.1689750254154205	0.4691255092620849	0.4691255092620849	sub-114935	ses-1		dir-AP	acq-multiband	space-ACPC			DSIStudio	autotrackgqi
ProjectionBrainstem_NonDecussatingDentatorubrothalamicTractR	dki_kfa	DIPYDKI	/scratch/grmpy/SLURM_11194840_28/job-11194840-28-sub-114935/ds/inputs/data/qsiprep/qsiprep/sub-114935/ses-1/dwi/sub-114935_ses-1_acq-multiband_dir-AP_space-ACPC_desc-preproc_dwi.nii.gz	0.0010727695333452	0.5009296536445618	0.1439562290906906	0.5011174082756042	0.5014676451683044	0.5012149214744568	0.1430939584970474	0.5238186120986938	0.5248001217842102	sub-114935	ses-1		dir-AP	acq-multiband	space-ACPC			DSIStudio	autotrackgqi
ProjectionBrainstem_NonDecussatingDentatorubrothalamicTractR	dki_linearity	DIPYDKI	/scratch/grmpy/SLURM_11194840_28/job-11194840-28-sub-114935/ds/inputs/data/qsiprep/qsiprep/sub-114935/ses-1/dwi/sub-114935_ses-1_acq-multiband_dir-AP_space-ACPC_desc-preproc_dwi.nii.gz	0.0	0.1986130475997924	0.1276504099369049	0.1707352846860885	0.1986130475997924	0.1707352846860885	0.1276504099369049	0.2298124730587005	0.2298124730587005	sub-114935	ses-1		dir-AP	acq-multiband	space-ACPC			DSIStudio	autotrackgqi
ProjectionBrainstem_NonDecussatingDentatorubrothalamicTractR	dki_md	DIPYDKI	/scratch/grmpy/SLURM_11194840_28/job-11194840-28-sub-114935/ds/inputs/data/qsiprep/qsiprep/sub-114935/ses-1/dwi/sub-114935_ses-1_acq-multiband_dir-AP_space-ACPC_desc-preproc_dwi.nii.gz	0.0	0.0010113967582583	0.0005001225508749	0.0009005765314213	0.0010113967582583	0.0009005765314213	0.0005001225508749	0.0010589176090434	0.0010589176090434	sub-114935	ses-1		dir-AP	acq-multiband	space-ACPC			DSIStudio	autotrackgqi
ProjectionBrainstem_NonDecussatingDentatorubrothalamicTractR	dki_mk	DIPYDKI	/scratch/grmpy/SLURM_11194840_28/job-11194840-28-sub-114935/ds/inputs/data/qsiprep/qsiprep/sub-114935/ses-1/dwi/sub-114935_ses-1_acq-multiband_dir-AP_space-ACPC_desc-preproc_dwi.nii.gz	0.0007151796888968	1.077477026554157	0.251358247025631	1.1313556262308095	1.078248167743317	1.1314955152758337	0.2497893209443857	1.0815770282620143	1.0826483043529176	sub-114935	ses-1		dir-AP	acq-multiband	space-ACPC			DSIStudio	autotrackgqi
ProjectionBrainstem_NonDecussatingDentatorubrothalamicTractR	dki_mkt	DIPYDKI	/scratch/grmpy/SLURM_11194840_28/job-11194840-28-sub-114935/ds/inputs/data/qsiprep/qsiprep/sub-114935/ses-1/dwi/sub-114935_ses-1_acq-multiband_dir-AP_space-ACPC_desc-preproc_dwi.nii.gz	0.0	1.0602165166558093	0.1963959454711181	1.0943054906715048	1.0602165166558093	1.0943054906715048	0.1963959454711181	1.067371241412403	1.067371241412403	sub-114935	ses-1		dir-AP	acq-multiband	space-ACPC			DSIStudio	autotrackgqi
ProjectionBrainstem_NonDecussatingDentatorubrothalamicTractR	dki_planarity	DIPYDKI	/scratch/grmpy/SLURM_11194840_28/job-11194840-28-sub-114935/ds/inputs/data/qsiprep/qsiprep/sub-114935/ses-1/dwi/sub-114935_ses-1_acq-multiband_dir-AP_space-ACPC_desc-preproc_dwi.nii.gz	0.0	0.2090177536010742	0.118467703461647	0.1939501464366912	0.2090177536010742	0.1939501464366912	0.118467703461647	0.215798020362854	0.215798020362854	sub-114935	ses-1		dir-AP	acq-multiband	space-ACPC			DSIStudio	autotrackgqi
ProjectionBrainstem_NonDecussatingDentatorubrothalamicTractR	dki_rd	DIPYDKI	/scratch/grmpy/SLURM_11194840_28/job-11194840-28-sub-114935/ds/inputs/data/qsiprep/qsiprep/sub-114935/ses-1/dwi/sub-114935_ses-1_acq-multiband_dir-AP_space-ACPC_desc-preproc_dwi.nii.gz	0.0	0.0007726745097897	0.0004755627305712	0.0006864640745334	0.0007726745097897	0.0006864640745334	0.0004755627305712	0.000779518391937	0.000779518391937	sub-114935	ses-1		dir-AP	acq-multiband	space-ACPC			DSIStudio	autotrackgqi
ProjectionBrainstem_NonDecussatingDentatorubrothalamicTractR	dki_rk	DIPYDKI	/scratch/grmpy/SLURM_11194840_28/job-11194840-28-sub-114935/ds/inputs/data/qsiprep/qsiprep/sub-114935/ses-1/dwi/sub-114935_ses-1_acq-multiband_dir-AP_space-ACPC_desc-preproc_dwi.nii.gz	0.0007151796888968	1.386687613747723	0.549746984555841	1.3932148614762578	1.3876800543372727	1.393914188021128	0.5486901261765492	1.4525130314769377	1.4539517105437127	sub-114935	ses-1		dir-AP	acq-multiband	space-ACPC			DSIStudio	autotrackgqi
ProjectionBrainstem_NonDecussatingDentatorubrothalamicTractR	dki_sphericity	DIPYDKI	/scratch/grmpy/SLURM_11194840_28/job-11194840-28-sub-114935/ds/inputs/data/qsiprep/qsiprep/sub-114935/ses-1/dwi/sub-114935_ses-1_acq-multiband_dir-AP_space-ACPC_desc-preproc_dwi.nii.gz	0.0	0.5923691987991333	0.167872667312622	0.5968775749206543	0.5923691987991333	0.5968775749206543	0.167872667312622	0.554389476776123	0.554389476776123	sub-114935	ses-1		dir-AP	acq-multiband	space-ACPC			DSIStudio	autotrackgqi
ProjectionBrainstem_MedialLemniscusR	dki_ad	DIPYDKI	/scratch/grmpy/SLURM_11194840_28/job-11194840-28-sub-114935/ds/inputs/data/qsiprep/qsiprep/sub-114935/ses-1/dwi/sub-114935_ses-1_acq-multiband_dir-AP_space-ACPC_desc-preproc_dwi.nii.gz	0.0	0.0014533658977597	0.0004416597948875	0.0013950874563306	0.0014533658977597	0.0013950874563306	0.0004416597948875	0.0014972272329032	0.0014972272329032	sub-114935	ses-1		dir-AP	acq-multiband	space-ACPC			DSIStudio	autotrackgqi
ProjectionBrainstem_MedialLemniscusR	dki_ak	DIPYDKI	/scratch/grmpy/SLURM_11194840_28/job-11194840-28-sub-114935/ds/inputs/data/qsiprep/qsiprep/sub-114935/ses-1/dwi/sub-114935_ses-1_acq-multiband_dir-AP_space-ACPC_desc-preproc_dwi.nii.gz	0.0	0.8123748447759865	0.1578423651324564	0.8047570046255934	0.8123748447759865	0.8047570046255934	0.1578423651324564	0.8194117005402621	0.8194117005402621	sub-114935	ses-1		dir-AP	acq-multiband	space-ACPC			DSIStudio	autotrackgqi
ProjectionBrainstem_MedialLemniscusR	dki_fa	DIPYDKI	/scratch/grmpy/SLURM_11194840_28/job-11194840-28-sub-114935/ds/inputs/data/qsiprep/qsiprep/sub-114935/ses-1/dwi/sub-114935_ses-1_acq-multiband_dir-AP_space-ACPC_desc-preproc_dwi.nii.gz	0.0	0.4452780485153198	0.1650076657533645	0.4557669460773468	0.4452780485153198	0.4557669460773468	0.1650076657533645	0.4911976158618927	0.4911976158618927	sub-114935	ses-1		dir-AP	acq-multiband	space-ACPC			DSIStudio	autotrackgqi
ProjectionBrainstem_MedialLemniscusR	dki_kfa	DIPYDKI	/scratch/grmpy/SLURM_11194840_28/job-11194840-28-sub-114935/ds/inputs/data/qsiprep/qsiprep/sub-114935/ses-1/dwi/sub-114935_ses-1_acq-multiband_dir-AP_space-ACPC_desc-preproc_dwi.nii.gz	0.0012853470437017	0.5058459043502808	0.1374748647212982	0.5182578563690186	0.5064969062805176	0.5185356736183167	0.1363595277070999	0.536727786064148	0.5391218662261963	sub-114935	ses-1		dir-AP	acq-multiband	space-ACPC			DSIStudio	autotrackgqi
ProjectionBrainstem_MedialLemniscusR	dki_linearity	DIPYDKI	/scratch/grmpy/SLURM_11194840_28/job-11194840-28-sub-114935/ds/inputs/data/qsiprep/qsiprep/sub-114935/ses-1/dwi/sub-114935_ses-1_acq-multiband_dir-AP_space-ACPC_desc-preproc_dwi.nii.gz	0.0	0.2088877409696579	0.1244756951928138	0.1943521499633789	0.2088877409696579	0.1943521499633789	0.1244756951928138	0.2354473769664764	0.2354473769664764	sub-114935	ses-1		dir-AP	acq-multiband	space-ACPC			DSIStudio	autotrackgqi
ProjectionBrainstem_MedialLemniscusR	dki_md	DIPYDKI	/scratch/grmpy/SLURM_11194840_28/job-11194840-28-sub-114935/ds/inputs/data/qsiprep/qsiprep/sub-114935/ses-1/dwi/sub-114935_ses-1_acq-multiband_dir-AP_space-ACPC_desc-preproc_dwi.nii.gz	0.0	0.000965338316746	0.0003477972059044	0.0008911073673516	0.000965338316746	0.0008911073673516	0.0003477972059044	0.000952904112637	0.000952904112637	sub-114935	ses-1		dir-AP	acq-multiband	space-ACPC			DSIStudio	autotrackgqi
ProjectionBrainstem_MedialLemniscusR	dki_mk	DIPYDKI	/scratch/grmpy/SLURM_11194840_28/job-11194840-28-sub-114935/ds/inputs/data/qsiprep/qsiprep/sub-114935/ses-1/dwi/sub-114935_ses-1_acq-multiband_dir-AP_space-ACPC_desc-preproc_dwi.nii.gz	0.0	1.057121484130988	0.2264873988833461	1.0971247817101015	1.057121484130988	1.0971247817101015	0.2264873988833461	1.0729971287631517	1.0729971287631517	sub-114935	ses-1		dir-AP	acq-multiband	space-ACPC			DSIStudio	autotrackgqi
ProjectionBrainstem_MedialLemniscusR	dki_mkt	DIPYDKI	/scratch/grmpy/SLURM_11194840_28/job-11194840-28-sub-114935/ds/inputs/data/qsiprep/qsiprep/sub-114935/ses-1/dwi/sub-114935_ses-1_acq-multiband_dir-AP_space-ACPC_desc-preproc_dwi.nii.gz	0.0	1.0289270181280288	0.1783373436013767	1.0628684559060575	1.0289270181280288	1.0628684559060575	0.1783373436013767	1.059700077471816	1.059700077471816	sub-114935	ses-1		dir-AP	acq-multiband	space-ACPC			DSIStudio	autotrackgqi
ProjectionBrainstem_MedialLemniscusR	dki_planarity	DIPYDKI	/scratch/grmpy/SLURM_11194840_28/job-11194840-28-sub-114935/ds/inputs/data/qsiprep/qsiprep/sub-114935/ses-1/dwi/sub-114935_ses-1_acq-multiband_dir-AP_space-ACPC_desc-preproc_dwi.nii.gz	0.0	0.2196215391159057	0.1250815689563751	0.2026458829641342	0.2196215391159057	0.2026458829641342	0.1250815689563751	0.2400903850793838	0.2400903850793838	sub-114935	ses-1		dir-AP	acq-multiband	space-ACPC			DSIStudio	autotrackgqi
ProjectionBrainstem_MedialLemniscusR	dki_rd	DIPYDKI	/scratch/grmpy/SLURM_11194840_28/job-11194840-28-sub-114935/ds/inputs/data/qsiprep/qsiprep/sub-114935/ses-1/dwi/sub-114935_ses-1_acq-multiband_dir-AP_space-ACPC_desc-preproc_dwi.nii.gz	0.0	0.0007213245844468	0.0003486570494715	0.0006615527090616	0.0007213245844468	0.0006615527090616	0.0003486570494715	0.0006807425525039	0.0006807425525039	sub-114935	ses-1		dir-AP	acq-multiband	space-ACPC			DSIStudio	autotrackgqi
ProjectionBrainstem_MedialLemniscusR	dki_rk	DIPYDKI	/scratch/grmpy/SLURM_11194840_28/job-11194840-28-sub-114935/ds/inputs/data/qsiprep/qsiprep/sub-114935/ses-1/dwi/sub-114935_ses-1_acq-multiband_dir-AP_space-ACPC_desc-preproc_dwi.nii.gz	0.0	1.4042612511858574	0.5079836598761318	1.4293179308418174	1.4042612511858574	1.4293179308418174	0.5079836598761318	1.4432867636536906	1.4432867636536906	sub-114935	ses-1		dir-AP	acq-multiband	space-ACPC			DSIStudio	autotrackgqi
ProjectionBrainstem_MedialLemniscusR	dki_sphericity	DIPYDKI	/scratch/grmpy/SLURM_11194840_28/job-11194840-28-sub-114935/ds/inputs/data/qsiprep/qsiprep/sub-114935/ses-1/dwi/sub-114935_ses-1_acq-multiband_dir-AP_space-ACPC_desc-preproc_dwi.nii.gz	0.0	0.5714907050132751	0.1675041019916534	0.5627628564834595	0.5714907050132751	0.5627628564834595	0.1675041019916534	0.5244622230529785	0.5244622230529785	sub-114935	ses-1		dir-AP	acq-multiband	space-ACPC			DSIStudio	autotrackgqi
ProjectionBasalGanglia_FasciculusLenticularisL	dki_ad	DIPYDKI	/scratch/grmpy/SLURM_11194840_28/job-11194840-28-sub-114935/ds/inputs/data/qsiprep/qsiprep/sub-114935/ses-1/dwi/sub-114935_ses-1_acq-multiband_dir-AP_space-ACPC_desc-preproc_dwi.nii.gz	0.0	0.0014714411227032	0.0005944879376329	0.0013749862555414	0.0014714411227032	0.0013749862555414	0.0005944879376329	0.0014538640389218	0.0014538640389218	sub-114935	ses-1		dir-AP	acq-multiband	space-ACPC			DSIStudio	autotrackgqi
ProjectionBasalGanglia_FasciculusLenticularisL	dki_ak	DIPYDKI	/scratch/grmpy/SLURM_11194840_28/job-11194840-28-sub-114935/ds/inputs/data/qsiprep/qsiprep/sub-114935/ses-1/dwi/sub-114935_ses-1_acq-multiband_dir-AP_space-ACPC_desc-preproc_dwi.nii.gz	0.0	0.7950074835750756	0.1417404821348338	0.8013112495342402	0.7950074835750756	0.8013112495342402	0.1417404821348338	0.7726989986502686	0.7726989986502686	sub-114935	ses-1		dir-AP	acq-multiband	space-ACPC			DSIStudio	autotrackgqi
ProjectionBasalGanglia_FasciculusLenticularisL	dki_fa	DIPYDKI	/scratch/grmpy/SLURM_11194840_28/job-11194840-28-sub-114935/ds/inputs/data/qsiprep/qsiprep/sub-114935/ses-1/dwi/sub-114935_ses-1_acq-multiband_dir-AP_space-ACPC_desc-preproc_dwi.nii.gz	0.0	0.3566233217716217	0.1262909173965454	0.3449446856975555	0.3566233217716217	0.3449446856975555	0.1262909173965454	0.4039976298809051	0.4039976298809051	sub-114935	ses-1		dir-AP	acq-multiband	space-ACPC			DSIStudio	autotrackgqi
ProjectionBasalGanglia_FasciculusLenticularisL	dki_kfa	DIPYDKI	/scratch/grmpy/SLURM_11194840_28/job-11194840-28-sub-114935/ds/inputs/data/qsiprep/qsiprep/sub-114935/ses-1/dwi/sub-114935_ses-1_acq-multiband_dir-AP_space-ACPC_desc-preproc_dwi.nii.gz	0.0082191780821917	0.4946819245815277	0.153960034251213	0.4928732514381408	0.4987815022468567	0.4929646253585815	0.1478355228900909	0.5126572847366333	0.5181440114974976	sub-114935	ses-1		dir-AP	acq-multiband	space-ACPC			DSIStudio	autotrackgqi
ProjectionBasalGanglia_FasciculusLenticularisL	dki_linearity	DIPYDKI	/scratch/grmpy/SLURM_11194840_28/job-11194840-28-sub-114935/ds/inputs/data/qsiprep/qsiprep/sub-114935/ses-1/dwi/sub-114935_ses-1_acq-multiband_dir-AP_space-ACPC_desc-preproc_dwi.nii.gz	0.0	0.151234358549118	0.0854834988713264	0.1377694457769394	0.151234358549118	0.1377694457769394	0.0854834988713264	0.1744519770145416	0.1744519770145416	sub-114935	ses-1		dir-AP	acq-multiband	space-ACPC			DSIStudio	autotrackgqi
ProjectionBasalGanglia_FasciculusLenticularisL	dki_md	DIPYDKI	/scratch/grmpy/SLURM_11194840_28/job-11194840-28-sub-114935/ds/inputs/data/qsiprep/qsiprep/sub-114935/ses-1/dwi/sub-114935_ses-1_acq-multiband_dir-AP_space-ACPC_desc-preproc_dwi.nii.gz	0.0	0.0010617517400532	0.0004660922859329	0.0009557731100358	0.0010617517400532	0.0009557731100358	0.0004660922859329	0.0010016055312007	0.0010016055312007	sub-114935	ses-1		dir-AP	acq-multiband	space-ACPC			DSIStudio	autotrackgqi
ProjectionBasalGanglia_FasciculusLenticularisL	dki_mk	DIPYDKI	/scratch/grmpy/SLURM_11194840_28/job-11194840-28-sub-114935/ds/inputs/data/qsiprep/qsiprep/sub-114935/ses-1/dwi/sub-114935_ses-1_acq-multiband_dir-AP_space-ACPC_desc-preproc_dwi.nii.gz	0.0	0.8932389710436535	0.253269228116639	0.9189661716614148	0.8932389710436535	0.9189661716614148	0.253269228116639	0.8841242773845669	0.8841242773845669	sub-114935	ses-1		dir-AP	acq-multiband	space-ACPC			DSIStudio	autotrackgqi
ProjectionBasalGanglia_FasciculusLenticularisL	dki_mkt	DIPYDKI	/scratch/grmpy/SLURM_11194840_28/job-11194840-28-sub-114935/ds/inputs/data/qsiprep/qsiprep/sub-114935/ses-1/dwi/sub-114935_ses-1_acq-multiband_dir-AP_space-ACPC_desc-preproc_dwi.nii.gz	0.0	0.9034782491705414	0.2104023063675001	0.9266525624855334	0.9034782491705414	0.9266525624855334	0.2104023063675001	0.9134784600197684	0.9134784600197684	sub-114935	ses-1		dir-AP	acq-multiband	space-ACPC			DSIStudio	autotrackgqi
ProjectionBasalGanglia_FasciculusLenticularisL	dki_planarity	DIPYDKI	/scratch/grmpy/SLURM_11194840_28/job-11194840-28-sub-114935/ds/inputs/data/qsiprep/qsiprep/sub-114935/ses-1/dwi/sub-114935_ses-1_acq-multiband_dir-AP_space-ACPC_desc-preproc_dwi.nii.gz	0.0	0.1901842355728149	0.0985951647162437	0.1803382933139801	0.1901842355728149	0.1803382933139801	0.0985951647162437	0.2189686894416809	0.2189686894416809	sub-114935	ses-1		dir-AP	acq-multiband	space-ACPC			DSIStudio	autotrackgqi
ProjectionBasalGanglia_FasciculusLenticularisL	dki_rd	DIPYDKI	/scratch/grmpy/SLURM_11194840_28/job-11194840-28-sub-114935/ds/inputs/data/qsiprep/qsiprep/sub-114935/ses-1/dwi/sub-114935_ses-1_acq-multiband_dir-AP_space-ACPC_desc-preproc_dwi.nii.gz	0.0	0.0008569070487283	0.0004249229968991	0.0007558859651908	0.0008569070487283	0.0007558859651908	0.0004249229968991	0.0007754762773402	0.0007754762773402	sub-114935	ses-1		dir-AP	acq-multiband	space-ACPC			DSIStudio	autotrackgqi
ProjectionBasalGanglia_FasciculusLenticularisL	dki_rk	DIPYDKI	/scratch/grmpy/SLURM_11194840_28/job-11194840-28-sub-114935/ds/inputs/data/qsiprep/qsiprep/sub-114935/ses-1/dwi/sub-114935_ses-1_acq-multiband_dir-AP_space-ACPC_desc-preproc_dwi.nii.gz	0.0	1.0358709944936215	0.4812615150277552	1.0554587895429166	1.0358709944936215	1.0554587895429166	0.4812615150277552	0.9970387622964662	0.9970387622964662	sub-114935	ses-1		dir-AP	acq-multiband	space-ACPC			DSIStudio	autotrackgqi
ProjectionBasalGanglia_FasciculusLenticularisL	dki_sphericity	DIPYDKI	/scratch/grmpy/SLURM_11194840_28/job-11194840-28-sub-114935/ds/inputs/data/qsiprep/qsiprep/sub-114935/ses-1/dwi/sub-114935_ses-1_acq-multiband_dir-AP_space-ACPC_desc-preproc_dwi.nii.gz	0.0	0.6585813760757446	0.1266352087259292	0.6706427335739136	0.6585813760757446	0.6706427335739136	0.1266352087259292	0.6065793633460999	0.6065793633460999	sub-114935	ses-1		dir-AP	acq-multiband	space-ACPC			DSIStudio	autotrackgqi
ProjectionBrainstem_CorticopontineTractL	dki_ad	DIPYDKI	/scratch/grmpy/SLURM_11194840_28/job-11194840-28-sub-114935/ds/inputs/data/qsiprep/qsiprep/sub-114935/ses-1/dwi/sub-114935_ses-1_acq-multiband_dir-AP_space-ACPC_desc-preproc_dwi.nii.gz	0.0	0.0014795472379773	0.0004723361635114	0.0014058175729587	0.0014795472379773	0.0014058175729587	0.0004723361635114	0.0016096417093649	0.0016096417093649	sub-114935	ses-1		dir-AP	acq-multiband	space-ACPC			DSIStudio	autotrackgqi
ProjectionBrainstem_CorticopontineTractL	dki_ak	DIPYDKI	/scratch/grmpy/SLURM_11194840_28/job-11194840-28-sub-114935/ds/inputs/data/qsiprep/qsiprep/sub-114935/ses-1/dwi/sub-114935_ses-1_acq-multiband_dir-AP_space-ACPC_desc-preproc_dwi.nii.gz	0.0017603249830737	0.8339162300599591	0.1659178634701454	0.82237828046869	0.8353867822833421	0.822981295512822	0.1623231422428612	0.8339460940669641	0.8353338346095401	sub-114935	ses-1		dir-AP	acq-multiband	space-ACPC			DSIStudio	autotrackgqi
ProjectionBrainstem_CorticopontineTractL	dki_fa	DIPYDKI	/scratch/grmpy/SLURM_11194840_28/job-11194840-28-sub-114935/ds/inputs/data/qsiprep/qsiprep/sub-114935/ses-1/dwi/sub-114935_ses-1_acq-multiband_dir-AP_space-ACPC_desc-preproc_dwi.nii.gz	0.0	0.4511216282844543	0.1864820718765258	0.4636257588863373	0.4511216282844543	0.4636257588863373	0.1864820718765258	0.5239336490631104	0.5239336490631104	sub-114935	ses-1		dir-AP	acq-multiband	space-ACPC			DSIStudio	autotrackgqi
ProjectionBrainstem_CorticopontineTractL	dki_kfa	DIPYDKI	/scratch/grmpy/SLURM_11194840_28/job-11194840-28-sub-114935/ds/inputs/data/qsiprep/qsiprep/sub-114935/ses-1/dwi/sub-114935_ses-1_acq-multiband_dir-AP_space-ACPC_desc-preproc_dwi.nii.gz	0.0012186865267433	0.5147914886474609	0.1473068743944168	0.5210939049720764	0.5154196619987488	0.5214567184448242	0.146294355392456	0.5508018136024475	0.5509127378463745	sub-114935	ses-1		dir-AP	acq-multiband	space-ACPC			DSIStudio	autotrackgqi
ProjectionBrainstem_CorticopontineTractL	dki_linearity	DIPYDKI	/scratch/grmpy/SLURM_11194840_28/job-11194840-28-sub-114935/ds/inputs/data/qsiprep/qsiprep/sub-114935/ses-1/dwi/sub-114935_ses-1_acq-multiband_dir-AP_space-ACPC_desc-preproc_dwi.nii.gz	0.0	0.2190538495779037	0.1421646177768707	0.1959657520055771	0.2190538495779037	0.1959657520055771	0.1421646177768707	0.2722757458686828	0.2722757458686828	sub-114935	ses-1		dir-AP	acq-multiband	space-ACPC			DSIStudio	autotrackgqi
ProjectionBrainstem_CorticopontineTractL	dki_md	DIPYDKI	/scratch/grmpy/SLURM_11194840_28/job-11194840-28-sub-114935/ds/inputs/data/qsiprep/qsiprep/sub-114935/ses-1/dwi/sub-114935_ses-1_acq-multiband_dir-AP_space-ACPC_desc-preproc_dwi.nii.gz	0.0	0.0009726141579449	0.0003622248477768	0.0008988726185634	0.0009726141579449	0.0008988726185634	0.0003622248477768	0.0009908224456012	0.0009908224456012	sub-114935	ses-1		dir-AP	acq-multiband	space-ACPC			DSIStudio	autotrackgqi
ProjectionBrainstem_CorticopontineTractL	dki_mk	DIPYDKI	/scratch/grmpy/SLURM_11194840_28/job-11194840-28-sub-114935/ds/inputs/data/qsiprep/qsiprep/sub-114935/ses-1/dwi/sub-114935_ses-1_acq-multiband_dir-AP_space-ACPC_desc-preproc_dwi.nii.gz	0.0017603249830737	1.0769198275682617	0.2681198357517196	1.1389341719226416	1.078818899429139	1.1396759239978522	0.264511363727035	1.136978952748793	1.1388709596317854	sub-114935	ses-1		dir-AP	acq-multiband	space-ACPC			DSIStudio	autotrackgqi
ProjectionBrainstem_CorticopontineTractL	dki_mkt	DIPYDKI	/scratch/grmpy/SLURM_11194840_28/job-11194840-28-sub-114935/ds/inputs/data/qsiprep/qsiprep/sub-114935/ses-1/dwi/sub-114935_ses-1_acq-multiband_dir-AP_space-ACPC_desc-preproc_dwi.nii.gz	0.0	1.06457119792314	0.2013617213714964	1.1111928756025191	1.06457119792314	1.1111928756025191	0.2013617213714964	1.1226853816973446	1.1226853816973446	sub-114935	ses-1		dir-AP	acq-multiband	space-ACPC			DSIStudio	autotrackgqi
ProjectionBrainstem_CorticopontineTractL	dki_planarity	DIPYDKI	/scratch/grmpy/SLURM_11194840_28/job-11194840-28-sub-114935/ds/inputs/data/qsiprep/qsiprep/sub-114935/ses-1/dwi/sub-114935_ses-1_acq-multiband_dir-AP_space-ACPC_desc-preproc_dwi.nii.gz	0.0	0.215573564171791	0.1239550486207008	0.1982108503580093	0.215573564171791	0.1982108503580093	0.1239550486207008	0.2290530800819397	0.2290530800819397	sub-114935	ses-1		dir-AP	acq-multiband	space-ACPC			DSIStudio	autotrackgqi
ProjectionBrainstem_CorticopontineTractL	dki_rd	DIPYDKI	/scratch/grmpy/SLURM_11194840_28/job-11194840-28-sub-114935/ds/inputs/data/qsiprep/qsiprep/sub-114935/ses-1/dwi/sub-114935_ses-1_acq-multiband_dir-AP_space-ACPC_desc-preproc_dwi.nii.gz	0.0	0.0007191476761363	0.0003698611399158	0.0006670279544778	0.0007191476761363	0.0006670279544778	0.0003698611399158	0.000681412871927	0.000681412871927	sub-114935	ses-1		dir-AP	acq-multiband	space-ACPC			DSIStudio	autotrackgqi
ProjectionBrainstem_CorticopontineTractL	dki_rk	DIPYDKI	/scratch/grmpy/SLURM_11194840_28/job-11194840-28-sub-114935/ds/inputs/data/qsiprep/qsiprep/sub-114935/ses-1/dwi/sub-114935_ses-1_acq-multiband_dir-AP_space-ACPC_desc-preproc_dwi.nii.gz	0.0017603249830737	1.4002552873568608	0.5935214472030389	1.4423240763193563	1.402724538406188	1.4432407566757703	0.5911220080589517	1.536450918838763	1.539007673065036	sub-114935	ses-1		dir-AP	acq-multiband	space-ACPC			DSIStudio	autotrackgqi
ProjectionBrainstem_CorticopontineTractL	dki_sphericity	DIPYDKI	/scratch/grmpy/SLURM_11194840_28/job-11194840-28-sub-114935/ds/inputs/data/qsiprep/qsiprep/sub-114935/ses-1/dwi/sub-114935_ses-1_acq-multiband_dir-AP_space-ACPC_desc-preproc_dwi.nii.gz	0.0	0.5653725862503052	0.1867444962263107	0.5547938346862793	0.5653725862503052	0.5547938346862793	0.1867444962263107	0.4986711740493774	0.4986711740493774	sub-114935	ses-1		dir-AP	acq-multiband	space-ACPC			DSIStudio	autotrackgqi
ProjectionBrainstem_CorticobulbarTractL	dki_ad	DIPYDKI	/scratch/grmpy/SLURM_11194840_28/job-11194840-28-sub-114935/ds/inputs/data/qsiprep/qsiprep/sub-114935/ses-1/dwi/sub-114935_ses-1_acq-multiband_dir-AP_space-ACPC_desc-preproc_dwi.nii.gz	0.0	0.0015672205481678	0.0005658430163748	0.0014727894449606	0.0015672205481678	0.0014727894449606	0.0005658430163748	0.0015472564846277	0.0015472564846277	sub-114935	ses-1		dir-AP	acq-multiband	space-ACPC			DSIStudio	autotrackgqi
ProjectionBrainstem_CorticobulbarTractL	dki_ak	DIPYDKI	/scratch/grmpy/SLURM_11194840_28/job-11194840-28-sub-114935/ds/inputs/data/qsiprep/qsiprep/sub-114935/ses-1/dwi/sub-114935_ses-1_acq-multiband_dir-AP_space-ACPC_desc-preproc_dwi.nii.gz	0.0	0.8914894394900429	0.1788959811254588	0.8905086169799066	0.8914894394900429	0.8905086169799066	0.1788959811254588	0.8943078753719346	0.8943078753719346	sub-114935	ses-1		dir-AP	acq-multiband	space-ACPC			DSIStudio	autotrackgqi
ProjectionBrainstem_CorticobulbarTractL	dki_fa	DIPYDKI	/scratch/grmpy/SLURM_11194840_28/job-11194840-28-sub-114935/ds/inputs/data/qsiprep/qsiprep/sub-114935/ses-1/dwi/sub-114935_ses-1_acq-multiband_dir-AP_space-ACPC_desc-preproc_dwi.nii.gz	0.0	0.4510259330272674	0.19271782040596	0.4493351578712463	0.4510259330272674	0.4493351578712463	0.19271782040596	0.4952316880226135	0.4952316880226135	sub-114935	ses-1		dir-AP	acq-multiband	space-ACPC			DSIStudio	autotrackgqi
ProjectionBrainstem_CorticobulbarTractL	dki_kfa	DIPYDKI	/scratch/grmpy/SLURM_11194840_28/job-11194840-28-sub-114935/ds/inputs/data/qsiprep/qsiprep/sub-114935/ses-1/dwi/sub-114935_ses-1_acq-multiband_dir-AP_space-ACPC_desc-preproc_dwi.nii.gz	0.0	0.5599441528320312	0.1653959900140762	0.5737847089767456	0.5599441528320312	0.5737847089767456	0.1653959900140762	0.5957284569740295	0.5957284569740295	sub-114935	ses-1		dir-AP	acq-multiband	space-ACPC			DSIStudio	autotrackgqi
ProjectionBrainstem_CorticobulbarTractL	dki_linearity	DIPYDKI	/scratch/grmpy/SLURM_11194840_28/job-11194840-28-sub-114935/ds/inputs/data/qsiprep/qsiprep/sub-114935/ses-1/dwi/sub-114935_ses-1_acq-multiband_dir-AP_space-ACPC_desc-preproc_dwi.nii.gz	0.0	0.2251881062984466	0.1412698626518249	0.2019221633672714	0.2251881062984466	0.2019221633672714	0.1412698626518249	0.2548712491989136	0.2548712491989136	sub-114935	ses-1		dir-AP	acq-multiband	space-ACPC			DSIStudio	autotrackgqi
ProjectionBrainstem_CorticobulbarTractL	dki_md	DIPYDKI	/scratch/grmpy/SLURM_11194840_28/job-11194840-28-sub-114935/ds/inputs/data/qsiprep/qsiprep/sub-114935/ses-1/dwi/sub-114935_ses-1_acq-multiband_dir-AP_space-ACPC_desc-preproc_dwi.nii.gz	0.0	0.001045761629939	0.0005123209557496	0.0009236125042662	0.001045761629939	0.0009236125042662	0.0005123209557496	0.0009807616006582	0.0009807616006582	sub-114935	ses-1		dir-AP	acq-multiband	space-ACPC			DSIStudio	autotrackgqi
ProjectionBrainstem_CorticobulbarTractL	dki_mk	DIPYDKI	/scratch/grmpy/SLURM_11194840_28/job-11194840-28-sub-114935/ds/inputs/data/qsiprep/qsiprep/sub-114935/ses-1/dwi/sub-114935_ses-1_acq-multiband_dir-AP_space-ACPC_desc-preproc_dwi.nii.gz	0.0	0.9731178813853072	0.267776252399133	1.0118923856816804	0.9731178813853072	1.0118923856816804	0.267776252399133	0.9643595399163928	0.9643595399163928	sub-114935	ses-1		dir-AP	acq-multiband	space-ACPC			DSIStudio	autotrackgqi
ProjectionBrainstem_CorticobulbarTractL	dki_mkt	DIPYDKI	/scratch/grmpy/SLURM_11194840_28/job-11194840-28-sub-114935/ds/inputs/data/qsiprep/qsiprep/sub-114935/ses-1/dwi/sub-114935_ses-1_acq-multiband_dir-AP_space-ACPC_desc-preproc_dwi.nii.gz	0.0	1.0451725028617027	0.171456209114225	1.0636997135113395	1.0451725028617027	1.0636997135113395	0.171456209114225	1.0614328760376015	1.0614328760376015	sub-114935	ses-1		dir-AP	acq-multiband	space-ACPC			DSIStudio	autotrackgqi
ProjectionBrainstem_CorticobulbarTractL	dki_planarity	DIPYDKI	/scratch/grmpy/SLURM_11194840_28/job-11194840-28-sub-114935/ds/inputs/data/qsiprep/qsiprep/sub-114935/ses-1/dwi/sub-114935_ses-1_acq-multiband_dir-AP_space-ACPC_desc-preproc_dwi.nii.gz	0.0	0.2036354839801788	0.127966821193695	0.1904842853546142	0.2036354839801788	0.1904842853546142	0.127966821193695	0.2133153676986694	0.2133153676986694	sub-114935	ses-1		dir-AP	acq-multiband	space-ACPC			DSIStudio	autotrackgqi
ProjectionBrainstem_CorticobulbarTractL	dki_rd	DIPYDKI	/scratch/grmpy/SLURM_11194840_28/job-11194840-28-sub-114935/ds/inputs/data/qsiprep/qsiprep/sub-114935/ses-1/dwi/sub-114935_ses-1_acq-multiband_dir-AP_space-ACPC_desc-preproc_dwi.nii.gz	0.0	0.0007850321708247	0.0005271819536574	0.0006767738377675	0.0007850321708247	0.0006767738377675	0.0005271819536574	0.0006975141004659	0.0006975141004659	sub-114935	ses-1		dir-AP	acq-multiband	space-ACPC			DSIStudio	autotrackgqi
ProjectionBrainstem_CorticobulbarTractL	dki_rk	DIPYDKI	/scratch/grmpy/SLURM_11194840_28/job-11194840-28-sub-114935/ds/inputs/data/qsiprep/qsiprep/sub-114935/ses-1/dwi/sub-114935_ses-1_acq-multiband_dir-AP_space-ACPC_desc-preproc_dwi.nii.gz	0.0	1.0837020007133786	0.5770046513801083	1.1018695511676235	1.0837020007133786	1.1018695511676235	0.5770046513801083	1.0828268446503015	1.0828268446503015	sub-114935	ses-1		dir-AP	acq-multiband	space-ACPC			DSIStudio	autotrackgqi
ProjectionBrainstem_CorticobulbarTractL	dki_sphericity	DIPYDKI	/scratch/grmpy/SLURM_11194840_28/job-11194840-28-sub-114935/ds/inputs/data/qsiprep/qsiprep/sub-114935/ses-1/dwi/sub-114935_ses-1_acq-multiband_dir-AP_space-ACPC_desc-preproc_dwi.nii.gz	0.0	0.5711764097213745	0.1988358199596405	0.5748867988586426	0.5711764097213745	0.5748867988586426	0.1988358199596405	0.531813383102417	0.531813383102417	sub-114935	ses-1		dir-AP	acq-multiband	space-ACPC			DSIStudio	autotrackgqi
ProjectionBasalGanglia_CorticostriatalTractR	dki_ad	DIPYDKI	/scratch/grmpy/SLURM_11194840_28/job-11194840-28-sub-114935/ds/inputs/data/qsiprep/qsiprep/sub-114935/ses-1/dwi/sub-114935_ses-1_acq-multiband_dir-AP_space-ACPC_desc-preproc_dwi.nii.gz	0.0	0.0013554278993979	0.0003254100156482	0.0013203239068388	0.0013554278993979	0.0013203239068388	0.0003254100156482	0.0014130547642707	0.0014130547642707	sub-114935	ses-1		dir-AP	acq-multiband	space-ACPC			DSIStudio	autotrackgqi
ProjectionBasalGanglia_CorticostriatalTractR	dki_ak	DIPYDKI	/scratch/grmpy/SLURM_11194840_28/job-11194840-28-sub-114935/ds/inputs/data/qsiprep/qsiprep/sub-114935/ses-1/dwi/sub-114935_ses-1_acq-multiband_dir-AP_space-ACPC_desc-preproc_dwi.nii.gz	0.0001745962461807	0.8012229432426576	0.1586377128456549	0.7974367255643224	0.8013628581895261	0.7974614303830809	0.1582978077495507	0.8187555968573108	0.8188792791818678	sub-114935	ses-1		dir-AP	acq-multiband	space-ACPC			DSIStudio	autotrackgqi
ProjectionBasalGanglia_CorticostriatalTractR	dki_fa	DIPYDKI	/scratch/grmpy/SLURM_11194840_28/job-11194840-28-sub-114935/ds/inputs/data/qsiprep/qsiprep/sub-114935/ses-1/dwi/sub-114935_ses-1_acq-multiband_dir-AP_space-ACPC_desc-preproc_dwi.nii.gz	0.0	0.3895769119262695	0.175929844379425	0.3965754508972168	0.3895769119262695	0.3965754508972168	0.175929844379425	0.4674998521804809	0.4674998521804809	sub-114935	ses-1		dir-AP	acq-multiband	space-ACPC			DSIStudio	autotrackgqi
ProjectionBasalGanglia_CorticostriatalTractR	dki_kfa	DIPYDKI	/scratch/grmpy/SLURM_11194840_28/job-11194840-28-sub-114935/ds/inputs/data/qsiprep/qsiprep/sub-114935/ses-1/dwi/sub-114935_ses-1_acq-multiband_dir-AP_space-ACPC_desc-preproc_dwi.nii.gz	0.0009602793539938	0.4869227707386017	0.1416173577308654	0.4936517775058746	0.487390786409378	0.4938066601753235	0.1408780962228775	0.522922694683075	0.5230594873428345	sub-114935	ses-1		dir-AP	acq-multiband	space-ACPC			DSIStudio	autotrackgqi
ProjectionBasalGanglia_CorticostriatalTractR	dki_linearity	DIPYDKI	/scratch/grmpy/SLURM_11194840_28/job-11194840-28-sub-114935/ds/inputs/data/qsiprep/qsiprep/sub-114935/ses-1/dwi/sub-114935_ses-1_acq-multiband_dir-AP_space-ACPC_desc-preproc_dwi.nii.gz	0.0	0.1807961016893386	0.1205890104174614	0.1586385518312454	0.1807961016893386	0.1586385518312454	0.1205890104174614	0.2316827476024627	0.2316827476024627	sub-114935	ses-1		dir-AP	acq-multiband	space-ACPC			DSIStudio	autotrackgqi
ProjectionBasalGanglia_CorticostriatalTractR	dki_md	DIPYDKI	/scratch/grmpy/SLURM_11194840_28/job-11194840-28-sub-114935/ds/inputs/data/qsiprep/qsiprep/sub-114935/ses-1/dwi/sub-114935_ses-1_acq-multiband_dir-AP_space-ACPC_desc-preproc_dwi.nii.gz	0.0	0.0009406295139342	0.0002346835244679	0.0008969946065917	0.0009406295139342	0.0008969946065917	0.0002346835244679	0.0009070475352928	0.0009070475352928	sub-114935	ses-1		dir-AP	acq-multiband	space-ACPC			DSIStudio	autotrackgqi
ProjectionBasalGanglia_CorticostriatalTractR	dki_mk	DIPYDKI	/scratch/grmpy/SLURM_11194840_28/job-11194840-28-sub-114935/ds/inputs/data/qsiprep/qsiprep/sub-114935/ses-1/dwi/sub-114935_ses-1_acq-multiband_dir-AP_space-ACPC_desc-preproc_dwi.nii.gz	0.0001745962461807	1.011101718749681	0.2417957641477739	1.0571911392431317	1.011278284141936	1.0572686146204526	0.2414473946813696	1.111822571585284	1.1119905250029536	sub-114935	ses-1		dir-AP	acq-multiband	space-ACPC			DSIStudio	autotrackgqi
ProjectionBasalGanglia_CorticostriatalTractR	dki_mkt	DIPYDKI	/scratch/grmpy/SLURM_11194840_28/job-11194840-28-sub-114935/ds/inputs/data/qsiprep/qsiprep/sub-114935/ses-1/dwi/sub-114935_ses-1_acq-multiband_dir-AP_space-ACPC_desc-preproc_dwi.nii.gz	0.0	0.9810857842955534	0.2027864831305974	1.0204086677016349	0.9810857842955534	1.0204086677016349	0.2027864831305974	1.0666660421421896	1.0666660421421896	sub-114935	ses-1		dir-AP	acq-multiband	space-ACPC			DSIStudio	autotrackgqi
ProjectionBasalGanglia_CorticostriatalTractR	dki_planarity	DIPYDKI	/scratch/grmpy/SLURM_11194840_28/job-11194840-28-sub-114935/ds/inputs/data/qsiprep/qsiprep/sub-114935/ses-1/dwi/sub-114935_ses-1_acq-multiband_dir-AP_space-ACPC_desc-preproc_dwi.nii.gz	0.0	0.1885977983474731	0.1125929877161979	0.1719534546136856	0.1885977983474731	0.1719534546136856	0.1125929877161979	0.2063618749380111	0.2063618749380111	sub-114935	ses-1		dir-AP	acq-multiband	space-ACPC			DSIStudio	autotrackgqi
ProjectionBasalGanglia_CorticostriatalTractR	dki_rd	DIPYDKI	/scratch/grmpy/SLURM_11194840_28/job-11194840-28-sub-114935/ds/inputs/data/qsiprep/qsiprep/sub-114935/ses-1/dwi/sub-114935_ses-1_acq-multiband_dir-AP_space-ACPC_desc-preproc_dwi.nii.gz	0.0	0.00073323037941	0.000260147935478	0.000698666437529	0.00073323037941	0.000698666437529	0.000260147935478	0.0006540439790114	0.0006540439790114	sub-114935	ses-1		dir-AP	acq-multiband	space-ACPC			DSIStudio	autotrackgqi
ProjectionBasalGanglia_CorticostriatalTractR	dki_rk	DIPYDKI	/scratch/grmpy/SLURM_11194840_28/job-11194840-28-sub-114935/ds/inputs/data/qsiprep/qsiprep/sub-114935/ses-1/dwi/sub-114935_ses-1_acq-multiband_dir-AP_space-ACPC_desc-preproc_dwi.nii.gz	0.0001745962461807	1.317640515605235	0.5284129987598909	1.3427951793729869	1.3178706108668443	1.3428156909321896	0.5281721507277722	1.5323594755910244	1.532590955949478	sub-114935	ses-1		dir-AP	acq-multiband	space-ACPC			DSIStudio	autotrackgqi
ProjectionBasalGanglia_CorticostriatalTractR	dki_sphericity	DIPYDKI	/scratch/grmpy/SLURM_11194840_28/job-11194840-28-sub-114935/ds/inputs/data/qsiprep/qsiprep/sub-114935/ses-1/dwi/sub-114935_ses-1_acq-multiband_dir-AP_space-ACPC_desc-preproc_dwi.nii.gz	0.0	0.6306061148643494	0.1702860295772552	0.6263724565505981	0.6306061148643494	0.6263724565505981	0.1702860295772552	0.5619553923606873	0.5619553923606873	sub-114935	ses-1		dir-AP	acq-multiband	space-ACPC			DSIStudio	autotrackgqi
ProjectionBrainstem_ReticularTractL	dki_ad	DIPYDKI	/scratch/grmpy/SLURM_11194840_28/job-11194840-28-sub-114935/ds/inputs/data/qsiprep/qsiprep/sub-114935/ses-1/dwi/sub-114935_ses-1_acq-multiband_dir-AP_space-ACPC_desc-preproc_dwi.nii.gz	0.0	0.0014588219346478	0.0005764604429714	0.0013473234139382	0.0014588219346478	0.0013473234139382	0.0005764604429714	0.0015523019246757	0.0015523019246757	sub-114935	ses-1		dir-AP	acq-multiband	space-ACPC			DSIStudio	autotrackgqi
ProjectionBrainstem_ReticularTractL	dki_ak	DIPYDKI	/scratch/grmpy/SLURM_11194840_28/job-11194840-28-sub-114935/ds/inputs/data/qsiprep/qsiprep/sub-114935/ses-1/dwi/sub-114935_ses-1_acq-multiband_dir-AP_space-ACPC_desc-preproc_dwi.nii.gz	0.0021984924623115	0.8483932236068958	0.1777506717840047	0.8458980159092333	0.8502625193466655	0.8460757213680993	0.1734229635734231	0.8757620871416498	0.8791781397597502	sub-114935	ses-1		dir-AP	acq-multiband	space-ACPC			DSIStudio	autotrackgqi
ProjectionBrainstem_ReticularTractL	dki_fa	DIPYDKI	/scratch/grmpy/SLURM_11194840_28/job-11194840-28-sub-114935/ds/inputs/data/qsiprep/qsiprep/sub-114935/ses-1/dwi/sub-114935_ses-1_acq-multiband_dir-AP_space-ACPC_desc-preproc_dwi.nii.gz	0.0	0.3862864375114441	0.1760152131319046	0.3725098371505737	0.3862864375114441	0.3725098371505737	0.1760152131319046	0.5007089972496033	0.5007089972496033	sub-114935	ses-1		dir-AP	acq-multiband	space-ACPC			DSIStudio	autotrackgqi
ProjectionBrainstem_ReticularTractL	dki_kfa	DIPYDKI	/scratch/grmpy/SLURM_11194840_28/job-11194840-28-sub-114935/ds/inputs/data/qsiprep/qsiprep/sub-114935/ses-1/dwi/sub-114935_ses-1_acq-multiband_dir-AP_space-ACPC_desc-preproc_dwi.nii.gz	0.0034547738693467	0.5003740191459656	0.1565285176038742	0.4917841851711273	0.5021086931228638	0.4922671616077423	0.1539971530437469	0.5831874012947083	0.5840134024620056	sub-114935	ses-1		dir-AP	acq-multiband	space-ACPC			DSIStudio	autotrackgqi
ProjectionBrainstem_ReticularTractL	dki_linearity	DIPYDKI	/scratch/grmpy/SLURM_11194840_28/job-11194840-28-sub-114935/ds/inputs/data/qsiprep/qsiprep/sub-114935/ses-1/dwi/sub-114935_ses-1_acq-multiband_dir-AP_space-ACPC_desc-preproc_dwi.nii.gz	0.0	0.1793766319751739	0.1305974423885345	0.1513819396495819	0.1793766319751739	0.1513819396495819	0.1305974423885345	0.261149525642395	0.261149525642395	sub-114935	ses-1		dir-AP	acq-multiband	space-ACPC			DSIStudio	autotrackgqi
ProjectionBrainstem_ReticularTractL	dki_md	DIPYDKI	/scratch/grmpy/SLURM_11194840_28/job-11194840-28-sub-114935/ds/inputs/data/qsiprep/qsiprep/sub-114935/ses-1/dwi/sub-114935_ses-1_acq-multiband_dir-AP_space-ACPC_desc-preproc_dwi.nii.gz	0.0	0.0010199231328442	0.0004462024371605	0.0009297276847064	0.0010199231328442	0.0009297276847064	0.0004462024371605	0.0009689137805253	0.0009689137805253	sub-114935	ses-1		dir-AP	acq-multiband	space-ACPC			DSIStudio	autotrackgqi
ProjectionBrainstem_ReticularTractL	dki_mk	DIPYDKI	/scratch/grmpy/SLURM_11194840_28/job-11194840-28-sub-114935/ds/inputs/data/qsiprep/qsiprep/sub-114935/ses-1/dwi/sub-114935_ses-1_acq-multiband_dir-AP_space-ACPC_desc-preproc_dwi.nii.gz	0.0021984924623115	0.9733125603253402	0.2736316520494296	1.0299787882836529	0.9754570953968784	1.030430296892802	0.2700876751839308	1.0042758950759598	1.0081932362714203	sub-114935	ses-1		dir-AP	acq-multiband	space-ACPC			DSIStudio	autotrackgqi
ProjectionBrainstem_ReticularTractL	dki_mkt	DIPYDKI	/scratch/grmpy/SLURM_11194840_28/job-11194840-28-sub-114935/ds/inputs/data/qsiprep/qsiprep/sub-114935/ses-1/dwi/sub-114935_ses-1_acq-multiband_dir-AP_space-ACPC_desc-preproc_dwi.nii.gz	0.0	0.9980148469316168	0.2116332713985387	1.046230891392414	0.9980148469316168	1.046230891392414	0.2116332713985387	1.0834620186482298	1.0834620186482298	sub-114935	ses-1		dir-AP	acq-multiband	space-ACPC			DSIStudio	autotrackgqi
ProjectionBrainstem_ReticularTractL	dki_planarity	DIPYDKI	/scratch/grmpy/SLURM_11194840_28/job-11194840-28-sub-114935/ds/inputs/data/qsiprep/qsiprep/sub-114935/ses-1/dwi/sub-114935_ses-1_acq-multiband_dir-AP_space-ACPC_desc-preproc_dwi.nii.gz	0.0003140703517587	0.1872609555721283	0.1140677705407142	0.168328657746315	0.1873197853565216	0.168328657746315	0.1140373796224594	0.2057256698608398	0.2057259380817413	sub-114935	ses-1		dir-AP	acq-multiband	space-ACPC			DSIStudio	autotrackgqi
ProjectionBrainstem_ReticularTractL	dki_rd	DIPYDKI	/scratch/grmpy/SLURM_11194840_28/job-11194840-28-sub-114935/ds/inputs/data/qsiprep/qsiprep/sub-114935/ses-1/dwi/sub-114935_ses-1_acq-multiband_dir-AP_space-ACPC_desc-preproc_dwi.nii.gz	0.0	0.0008004737319424	0.000426198443165	0.0007401478942483	0.0008004737319424	0.0007401478942483	0.000426198443165	0.0006772197084501	0.0006772197084501	sub-114935	ses-1		dir-AP	acq-multiband	space-ACPC			DSIStudio	autotrackgqi
ProjectionBrainstem_ReticularTractL	dki_rk	DIPYDKI	/scratch/grmpy/SLURM_11194840_28/job-11194840-28-sub-114935/ds/inputs/data/qsiprep/qsiprep/sub-114935/ses-1/dwi/sub-114935_ses-1_acq-multiband_dir-AP_space-ACPC_desc-preproc_dwi.nii.gz	0.0021984924623115	1.1452421141854403	0.5275382932448789	1.1707652045613224	1.1477654679151534	1.171250502569774	0.525369977947678	1.1830459434436271	1.1876606051983212	sub-114935	ses-1		dir-AP	acq-multiband	space-ACPC			DSIStudio	autotrackgqi
ProjectionBrainstem_ReticularTractL	dki_sphericity	DIPYDKI	/scratch/grmpy/SLURM_11194840_28/job-11194840-28-sub-114935/ds/inputs/data/qsiprep/qsiprep/sub-114935/ses-1/dwi/sub-114935_ses-1_acq-multiband_dir-AP_space-ACPC_desc-preproc_dwi.nii.gz	0.0	0.6333624124526978	0.1734582483768463	0.6523187756538391	0.6333624124526978	0.6523187756538391	0.1734582483768463	0.5331248044967651	0.5331248044967651	sub-114935	ses-1		dir-AP	acq-multiband	space-ACPC			DSIStudio	autotrackgqi
ProjectionBasalGanglia_CorticostriatalTractL	dki_ad	DIPYDKI	/scratch/grmpy/SLURM_11194840_28/job-11194840-28-sub-114935/ds/inputs/data/qsiprep/qsiprep/sub-114935/ses-1/dwi/sub-114935_ses-1_acq-multiband_dir-AP_space-ACPC_desc-preproc_dwi.nii.gz	0.0	0.0013196595245972	0.0002748256083577	0.0012946088099852	0.0013196595245972	0.0012946088099852	0.0002748256083577	0.001373567036353	0.001373567036353	sub-114935	ses-1		dir-AP	acq-multiband	space-ACPC			DSIStudio	autotrackgqi
ProjectionBasalGanglia_CorticostriatalTractL	dki_ak	DIPYDKI	/scratch/grmpy/SLURM_11194840_28/job-11194840-28-sub-114935/ds/inputs/data/qsiprep/qsiprep/sub-114935/ses-1/dwi/sub-114935_ses-1_acq-multiband_dir-AP_space-ACPC_desc-preproc_dwi.nii.gz	0.0	0.8215934249508524	0.159607496467809	0.8122597668415376	0.8215934249508524	0.8122597668415376	0.159607496467809	0.8537731402017517	0.8537731402017517	sub-114935	ses-1		dir-AP	acq-multiband	space-ACPC			DSIStudio	autotrackgqi
ProjectionBasalGanglia_CorticostriatalTractL	dki_fa	DIPYDKI	/scratch/grmpy/SLURM_11194840_28/job-11194840-28-sub-114935/ds/inputs/data/qsiprep/qsiprep/sub-114935/ses-1/dwi/sub-114935_ses-1_acq-multiband_dir-AP_space-ACPC_desc-preproc_dwi.nii.gz	0.0	0.3743976950645447	0.1768556982278823	0.3740617632865906	0.3743976950645447	0.3740617632865906	0.1768556982278823	0.4519452452659607	0.4519452452659607	sub-114935	ses-1		dir-AP	acq-multiband	space-ACPC			DSIStudio	autotrackgqi
ProjectionBasalGanglia_CorticostriatalTractL	dki_kfa	DIPYDKI	/scratch/grmpy/SLURM_11194840_28/job-11194840-28-sub-114935/ds/inputs/data/qsiprep/qsiprep/sub-114935/ses-1/dwi/sub-114935_ses-1_acq-multiband_dir-AP_space-ACPC_desc-preproc_dwi.nii.gz	0.0009726680284019	0.4906800091266632	0.1405932009220123	0.4919824004173279	0.4911577403545379	0.4920643270015716	0.1398250609636306	0.5341131687164307	0.5341914892196655	sub-114935	ses-1		dir-AP	acq-multiband	space-ACPC			DSIStudio	autotrackgqi
ProjectionBasalGanglia_CorticostriatalTractL	dki_linearity	DIPYDKI	/scratch/grmpy/SLURM_11194840_28/job-11194840-28-sub-114935/ds/inputs/data/qsiprep/qsiprep/sub-114935/ses-1/dwi/sub-114935_ses-1_acq-multiband_dir-AP_space-ACPC_desc-preproc_dwi.nii.gz	0.0	0.1700504869222641	0.1220553964376449	0.142953485250473	0.1700504869222641	0.142953485250473	0.1220553964376449	0.2184947580099105	0.2184947580099105	sub-114935	ses-1		dir-AP	acq-multiband	space-ACPC			DSIStudio	autotrackgqi
ProjectionBasalGanglia_CorticostriatalTractL	dki_md	DIPYDKI	/scratch/grmpy/SLURM_11194840_28/job-11194840-28-sub-114935/ds/inputs/data/qsiprep/qsiprep/sub-114935/ses-1/dwi/sub-114935_ses-1_acq-multiband_dir-AP_space-ACPC_desc-preproc_dwi.nii.gz	0.0	0.0009274630574509	0.0001810793037293	0.0008984029991552	0.0009274630574509	0.0008984029991552	0.0001810793037293	0.0008928838651627	0.0008928838651627	sub-114935	ses-1		dir-AP	acq-multiband	space-ACPC			DSIStudio	autotrackgqi
ProjectionBasalGanglia_CorticostriatalTractL	dki_mk	DIPYDKI	/scratch/grmpy/SLURM_11194840_28/job-11194840-28-sub-114935/ds/inputs/data/qsiprep/qsiprep/sub-114935/ses-1/dwi/sub-114935_ses-1_acq-multiband_dir-AP_space-ACPC_desc-preproc_dwi.nii.gz	0.0	0.999970031138	0.2403544275057449	1.045446908782628	0.999970031138	1.045446908782628	0.2403544275057449	1.087097532077632	1.087097532077632	sub-114935	ses-1		dir-AP	acq-multiband	space-ACPC			DSIStudio	autotrackgqi
ProjectionBasalGanglia_CorticostriatalTractL	dki_mkt	DIPYDKI	/scratch/grmpy/SLURM_11194840_28/job-11194840-28-sub-114935/ds/inputs/data/qsiprep/qsiprep/sub-114935/ses-1/dwi/sub-114935_ses-1_acq-multiband_dir-AP_space-ACPC_desc-preproc_dwi.nii.gz	0.0	0.9770870561897596	0.205797083405732	1.0233826102584105	0.9770870561897596	1.0233826102584105	0.205797083405732	1.0615925305507845	1.0615925305507845	sub-114935	ses-1		dir-AP	acq-multiband	space-ACPC			DSIStudio	autotrackgqi
ProjectionBasalGanglia_CorticostriatalTractL	dki_planarity	DIPYDKI	/scratch/grmpy/SLURM_11194840_28/job-11194840-28-sub-114935/ds/inputs/data/qsiprep/qsiprep/sub-114935/ses-1/dwi/sub-114935_ses-1_acq-multiband_dir-AP_space-ACPC_desc-preproc_dwi.nii.gz	0.0	0.1870965212583542	0.1102487221360206	0.1714084893465042	0.1870965212583542	0.1714084893465042	0.1102487221360206	0.2086273580789566	0.2086273580789566	sub-114935	ses-1		dir-AP	acq-multiband	space-ACPC			DSIStudio	autotrackgqi
ProjectionBasalGanglia_CorticostriatalTractL	dki_rd	DIPYDKI	/scratch/grmpy/SLURM_11194840_28/job-11194840-28-sub-114935/ds/inputs/data/qsiprep/qsiprep/sub-114935/ses-1/dwi/sub-114935_ses-1_acq-multiband_dir-AP_space-ACPC_desc-preproc_dwi.nii.gz	0.0	0.0007313648820854	0.0002217956352978	0.0007105357944965	0.0007313648820854	0.0007105357944965	0.0002217956352978	0.0006525422213599	0.0006525422213599	sub-114935	ses-1		dir-AP	acq-multiband	space-ACPC			DSIStudio	autotrackgqi
ProjectionBasalGanglia_CorticostriatalTractL	dki_rk	DIPYDKI	/scratch/grmpy/SLURM_11194840_28/job-11194840-28-sub-114935/ds/inputs/data/qsiprep/qsiprep/sub-114935/ses-1/dwi/sub-114935_ses-1_acq-multiband_dir-AP_space-ACPC_desc-preproc_dwi.nii.gz	0.0	1.2726126371042594	0.524355630505399	1.2724936240399245	1.2726126371042594	1.2724936240399245	0.524355630505399	1.4453896372326809	1.4453896372326809	sub-114935	ses-1		dir-AP	acq-multiband	space-ACPC			DSIStudio	autotrackgqi
ProjectionBasalGanglia_CorticostriatalTractL	dki_sphericity	DIPYDKI	/scratch/grmpy/SLURM_11194840_28/job-11194840-28-sub-114935/ds/inputs/data/qsiprep/qsiprep/sub-114935/ses-1/dwi/sub-114935_ses-1_acq-multiband_dir-AP_space-ACPC_desc-preproc_dwi.nii.gz	0.0	0.6428530216217041	0.1690877377986908	0.6439018845558167	0.6428530216217041	0.6439018845558167	0.1690877377986908	0.572877824306488	0.572877824306488	sub-114935	ses-1		dir-AP	acq-multiband	space-ACPC			DSIStudio	autotrackgqi
ProjectionBrainstem_NonDecussatingDentatorubrothalamicTractL	dki_ad	DIPYDKI	/scratch/grmpy/SLURM_11194840_28/job-11194840-28-sub-114935/ds/inputs/data/qsiprep/qsiprep/sub-114935/ses-1/dwi/sub-114935_ses-1_acq-multiband_dir-AP_space-ACPC_desc-preproc_dwi.nii.gz	0.0	0.0014388010604307	0.0004481204960029	0.0013689177576452	0.0014388010604307	0.0013689177576452	0.0004481204960029	0.001506003900431	0.001506003900431	sub-114935	ses-1		dir-AP	acq-multiband	space-ACPC			DSIStudio	autotrackgqi
ProjectionBrainstem_NonDecussatingDentatorubrothalamicTractL	dki_ak	DIPYDKI	/scratch/grmpy/SLURM_11194840_28/job-11194840-28-sub-114935/ds/inputs/data/qsiprep/qsiprep/sub-114935/ses-1/dwi/sub-114935_ses-1_acq-multiband_dir-AP_space-ACPC_desc-preproc_dwi.nii.gz	0.0027447392497712	0.8572137661484294	0.1780650548400209	0.8446352206471217	0.8595730700919572	0.8452997020838702	0.1725295251379914	0.8486651883281049	0.8521047994444337	sub-114935	ses-1		dir-AP	acq-multiband	space-ACPC			DSIStudio	autotrackgqi
ProjectionBrainstem_NonDecussatingDentatorubrothalamicTractL	dki_fa	DIPYDKI	/scratch/grmpy/SLURM_11194840_28/job-11194840-28-sub-114935/ds/inputs/data/qsiprep/qsiprep/sub-114935/ses-1/dwi/sub-114935_ses-1_acq-multiband_dir-AP_space-ACPC_desc-preproc_dwi.nii.gz	0.0	0.4486246407032013	0.1819357126951217	0.4491193890571594	0.4486246407032013	0.4491193890571594	0.1819357126951217	0.528282880783081	0.528282880783081	sub-114935	ses-1		dir-AP	acq-multiband	space-ACPC			DSIStudio	autotrackgqi
ProjectionBrainstem_NonDecussatingDentatorubrothalamicTractL	dki_kfa	DIPYDKI	/scratch/grmpy/SLURM_11194840_28/job-11194840-28-sub-114935/ds/inputs/data/qsiprep/qsiprep/sub-114935/ses-1/dwi/sub-114935_ses-1_acq-multiband_dir-AP_space-ACPC_desc-preproc_dwi.nii.gz	0.0018298261665141	0.5188874006271362	0.1445775032043457	0.5217680931091309	0.5198386311531067	0.5219335556030273	0.142991229891777	0.5676232576370239	0.5691514015197754	sub-114935	ses-1		dir-AP	acq-multiband	space-ACPC			DSIStudio	autotrackgqi
ProjectionBrainstem_NonDecussatingDentatorubrothalamicTractL	dki_linearity	DIPYDKI	/scratch/grmpy/SLURM_11194840_28/job-11194840-28-sub-114935/ds/inputs/data/qsiprep/qsiprep/sub-114935/ses-1/dwi/sub-114935_ses-1_acq-multiband_dir-AP_space-ACPC_desc-preproc_dwi.nii.gz	0.0	0.2191117107868194	0.1439273059368133	0.1911668479442596	0.2191117107868194	0.1911668479442596	0.1439273059368133	0.2775416970252991	0.2775416970252991	sub-114935	ses-1		dir-AP	acq-multiband	space-ACPC			DSIStudio	autotrackgqi
ProjectionBrainstem_NonDecussatingDentatorubrothalamicTractL	dki_md	DIPYDKI	/scratch/grmpy/SLURM_11194840_28/job-11194840-28-sub-114935/ds/inputs/data/qsiprep/qsiprep/sub-114935/ses-1/dwi/sub-114935_ses-1_acq-multiband_dir-AP_space-ACPC_desc-preproc_dwi.nii.gz	0.0	0.0009442154550924	0.0003180187195539	0.0008859034860506	0.0009442154550924	0.0008859034860506	0.0003180187195539	0.0009120072936639	0.0009120072936639	sub-114935	ses-1		dir-AP	acq-multiband	space-ACPC			DSIStudio	autotrackgqi
ProjectionBrainstem_NonDecussatingDentatorubrothalamicTractL	dki_mk	DIPYDKI	/scratch/grmpy/SLURM_11194840_28/job-11194840-28-sub-114935/ds/inputs/data/qsiprep/qsiprep/sub-114935/ses-1/dwi/sub-114935_ses-1_acq-multiband_dir-AP_space-ACPC_desc-preproc_dwi.nii.gz	0.0027447392497712	1.0957049090973991	0.2809082266762187	1.1550292505703688	1.098720610682071	1.155778888776257	0.2753419696487575	1.1428119380658048	1.1474437160801825	sub-114935	ses-1		dir-AP	acq-multiband	space-ACPC			DSIStudio	autotrackgqi
ProjectionBrainstem_NonDecussatingDentatorubrothalamicTractL	dki_mkt	DIPYDKI	/scratch/grmpy/SLURM_11194840_28/job-11194840-28-sub-114935/ds/inputs/data/qsiprep/qsiprep/sub-114935/ses-1/dwi/sub-114935_ses-1_acq-multiband_dir-AP_space-ACPC_desc-preproc_dwi.nii.gz	0.0	1.089077769304693	0.1961043133950117	1.1264027803233332	1.089077769304693	1.1264027803233332	0.1961043133950117	1.1349630278996932	1.1349630278996932	sub-114935	ses-1		dir-AP	acq-multiband	space-ACPC			DSIStudio	autotrackgqi
ProjectionBrainstem_NonDecussatingDentatorubrothalamicTractL	dki_planarity	DIPYDKI	/scratch/grmpy/SLURM_11194840_28/job-11194840-28-sub-114935/ds/inputs/data/qsiprep/qsiprep/sub-114935/ses-1/dwi/sub-114935_ses-1_acq-multiband_dir-AP_space-ACPC_desc-preproc_dwi.nii.gz	0.0	0.2095164656639099	0.1184060722589492	0.1924125254154205	0.2095164656639099	0.1924125254154205	0.1184060722589492	0.2254835367202758	0.2254835367202758	sub-114935	ses-1		dir-AP	acq-multiband	space-ACPC			DSIStudio	autotrackgqi
ProjectionBrainstem_NonDecussatingDentatorubrothalamicTractL	dki_rd	DIPYDKI	/scratch/grmpy/SLURM_11194840_28/job-11194840-28-sub-114935/ds/inputs/data/qsiprep/qsiprep/sub-114935/ses-1/dwi/sub-114935_ses-1_acq-multiband_dir-AP_space-ACPC_desc-preproc_dwi.nii.gz	0.0	0.0006969226524233	0.0003206556430086	0.0006588579853996	0.0006969226524233	0.0006588579853996	0.0003206556430086	0.0006150089902803	0.0006150089902803	sub-114935	ses-1		dir-AP	acq-multiband	space-ACPC			DSIStudio	autotrackgqi
ProjectionBrainstem_NonDecussatingDentatorubrothalamicTractL	dki_rk	DIPYDKI	/scratch/grmpy/SLURM_11194840_28/job-11194840-28-sub-114935/ds/inputs/data/qsiprep/qsiprep/sub-114935/ses-1/dwi/sub-114935_ses-1_acq-multiband_dir-AP_space-ACPC_desc-preproc_dwi.nii.gz	0.0027447392497712	1.4149266464219357	0.6147450026763385	1.431796981937936	1.4188209399441978	1.4338558841701994	0.6110861120083916	1.568739052964781	1.575097099672563	sub-114935	ses-1		dir-AP	acq-multiband	space-ACPC			DSIStudio	autotrackgqi
ProjectionBrainstem_NonDecussatingDentatorubrothalamicTractL	dki_sphericity	DIPYDKI	/scratch/grmpy/SLURM_11194840_28/job-11194840-28-sub-114935/ds/inputs/data/qsiprep/qsiprep/sub-114935/ses-1/dwi/sub-114935_ses-1_acq-multiband_dir-AP_space-ACPC_desc-preproc_dwi.nii.gz	0.0	0.5713717937469482	0.1798880696296692	0.5718981027603149	0.5713717937469482	0.5718981027603149	0.1798880696296692	0.4969747364521026	0.4969747364521026	sub-114935	ses-1		dir-AP	acq-multiband	space-ACPC			DSIStudio	autotrackgqi
ProjectionBrainstem_MedialForebrainBundleL	dki_ad	DIPYDKI	/scratch/grmpy/SLURM_11194840_28/job-11194840-28-sub-114935/ds/inputs/data/qsiprep/qsiprep/sub-114935/ses-1/dwi/sub-114935_ses-1_acq-multiband_dir-AP_space-ACPC_desc-preproc_dwi.nii.gz	0.0011737089201877	0.0018063344759866	0.000906323431991	0.0015601306222379	0.0018084570765495	0.00156027066987	0.0009047368657775	0.0016814658883959	0.0016822002362459	sub-114935	ses-1		dir-AP	acq-multiband	space-ACPC			DSIStudio	autotrackgqi
ProjectionBrainstem_MedialForebrainBundleL	dki_ak	DIPYDKI	/scratch/grmpy/SLURM_11194840_28/job-11194840-28-sub-114935/ds/inputs/data/qsiprep/qsiprep/sub-114935/ses-1/dwi/sub-114935_ses-1_acq-multiband_dir-AP_space-ACPC_desc-preproc_dwi.nii.gz	0.0093896713615023	0.872841380087166	0.2290630371765297	0.8714021855475078	0.881114758097471	0.8728902455393062	0.2137227744604501	0.8596161144242906	0.8668618644250224	sub-114935	ses-1		dir-AP	acq-multiband	space-ACPC			DSIStudio	autotrackgqi
ProjectionBrainstem_MedialForebrainBundleL	dki_fa	DIPYDKI	/scratch/grmpy/SLURM_11194840_28/job-11194840-28-sub-114935/ds/inputs/data/qsiprep/qsiprep/sub-114935/ses-1/dwi/sub-114935_ses-1_acq-multiband_dir-AP_space-ACPC_desc-preproc_dwi.nii.gz	0.0041079812206572	0.43724325299263	0.1844924241304397	0.4265503585338592	0.4390468597412109	0.4277676939964294	0.182718351483345	0.5015868544578552	0.5022920370101929	sub-114935	ses-1		dir-AP	acq-multiband	space-ACPC			DSIStudio	autotrackgqi
ProjectionBrainstem_MedialForebrainBundleL	dki_kfa	DIPYDKI	/scratch/grmpy/SLURM_11194840_28/job-11194840-28-sub-114935/ds/inputs/data/qsiprep/qsiprep/sub-114935/ses-1/dwi/sub-114935_ses-1_acq-multiband_dir-AP_space-ACPC_desc-preproc_dwi.nii.gz	0.0058685446009389	0.5207393169403076	0.19524747133255	0.5307521820068359	0.5238133072853088	0.5332108736038208	0.1916674226522445	0.5805732607841492	0.5840103626251221	sub-114935	ses-1		dir-AP	acq-multiband	space-ACPC			DSIStudio	autotrackgqi
ProjectionBrainstem_MedialForebrainBundleL	dki_linearity	DIPYDKI	/scratch/grmpy/SLURM_11194840_28/job-11194840-28-sub-114935/ds/inputs/data/qsiprep/qsiprep/sub-114935/ses-1/dwi/sub-114935_ses-1_acq-multiband_dir-AP_space-ACPC_desc-preproc_dwi.nii.gz	0.0041079812206572	0.2152066826820373	0.1453883349895477	0.1882681548595428	0.2160943895578384	0.1888890564441681	0.1450280249118805	0.2593676447868347	0.2597322762012481	sub-114935	ses-1		dir-AP	acq-multiband	space-ACPC			DSIStudio	autotrackgqi
ProjectionBrainstem_MedialForebrainBundleL	dki_md	DIPYDKI	/scratch/grmpy/SLURM_11194840_28/job-11194840-28-sub-114935/ds/inputs/data/qsiprep/qsiprep/sub-114935/ses-1/dwi/sub-114935_ses-1_acq-multiband_dir-AP_space-ACPC_desc-preproc_dwi.nii.gz	0.0011737089201877	0.0012385469162836	0.0007713067461736	0.0009921431774273	0.0012400023406371	0.0009925668127834	0.0007705897442065	0.0010751506779342	0.0010756202973425	sub-114935	ses-1		dir-AP	acq-multiband	space-ACPC			DSIStudio	autotrackgqi
ProjectionBrainstem_MedialForebrainBundleL	dki_mk	DIPYDKI	/scratch/grmpy/SLURM_11194840_28/job-11194840-28-sub-114935/ds/inputs/data/qsiprep/qsiprep/sub-114935/ses-1/dwi/sub-114935_ses-1_acq-multiband_dir-AP_space-ACPC_desc-preproc_dwi.nii.gz	0.0093896713615023	0.9468249422435474	0.3457811701089236	1.0133993566840678	0.955799586245856	1.015932895653846	0.3348432028408289	0.9135084727243328	0.921208484441105	sub-114935	ses-1		dir-AP	acq-multiband	space-ACPC			DSIStudio	autotrackgqi
ProjectionBrainstem_MedialForebrainBundleL	dki_mkt	DIPYDKI	/scratch/grmpy/SLURM_11194840_28/job-11194840-28-sub-114935/ds/inputs/data/qsiprep/qsiprep/sub-114935/ses-1/dwi/sub-114935_ses-1_acq-multiband_dir-AP_space-ACPC_desc-preproc_dwi.nii.gz	0.0011737089201877	1.0599006607729975	0.5402120756956896	1.057656000064342	1.0611461374601576	1.058009769478844	0.5393054596866614	1.0491147171516353	1.049572901977198	sub-114935	ses-1		dir-AP	acq-multiband	space-ACPC			DSIStudio	autotrackgqi
ProjectionBrainstem_MedialForebrainBundleL	dki_planarity	DIPYDKI	/scratch/grmpy/SLURM_11194840_28/job-11194840-28-sub-114935/ds/inputs/data/qsiprep/qsiprep/sub-114935/ses-1/dwi/sub-114935_ses-1_acq-multiband_dir-AP_space-ACPC_desc-preproc_dwi.nii.gz	0.0041079812206572	0.1989218443632125	0.1312107145786285	0.1686558723449707	0.199742391705513	0.1696382611989975	0.130856305360794	0.2209706604480743	0.221281349658966	sub-114935	ses-1		dir-AP	acq-multiband	space-ACPC			DSIStudio	autotrackgqi
ProjectionBrainstem_MedialForebrainBundleL	dki_rd	DIPYDKI	/scratch/grmpy/SLURM_11194840_28/job-11194840-28-sub-114935/ds/inputs/data/qsiprep/qsiprep/sub-114935/ses-1/dwi/sub-114935_ses-1_acq-multiband_dir-AP_space-ACPC_desc-preproc_dwi.nii.gz	0.0011737089201877	0.0009546531946398	0.0007361628813669	0.0007388273952528	0.0009557749726809	0.0007389039965346	0.0007358671282418	0.0007719932473264	0.0007723303860984	sub-114935	ses-1		dir-AP	acq-multiband	space-ACPC			DSIStudio	autotrackgqi
ProjectionBrainstem_MedialForebrainBundleL	dki_rk	DIPYDKI	/scratch/grmpy/SLURM_11194840_28/job-11194840-28-sub-114935/ds/inputs/data/qsiprep/qsiprep/sub-114935/ses-1/dwi/sub-114935_ses-1_acq-multiband_dir-AP_space-ACPC_desc-preproc_dwi.nii.gz	0.0093896713615023	1.0585069871630386	0.6036324552920435	1.1015862697549683	1.0685402287475223	1.1066128048096873	0.5975826162084887	1.0440803010745596	1.052880909880659	sub-114935	ses-1		dir-AP	acq-multiband	space-ACPC			DSIStudio	autotrackgqi
ProjectionBrainstem_MedialForebrainBundleL	dki_sphericity	DIPYDKI	/scratch/grmpy/SLURM_11194840_28/job-11194840-28-sub-114935/ds/inputs/data/qsiprep/qsiprep/sub-114935/ses-1/dwi/sub-114935_ses-1_acq-multiband_dir-AP_space-ACPC_desc-preproc_dwi.nii.gz	0.0011737089201877	0.5846977829933167	0.1925727874040603	0.6110304594039917	0.5853848457336426	0.6117110252380371	0.1916393935680389	0.5192252397537231	0.5194519758224487	sub-114935	ses-1		dir-AP	acq-multiband	space-ACPC			DSIStudio	autotrackgqi
ProjectionBasalGanglia_AnsaSubthalamicaR	dki_ad	DIPYDKI	/scratch/grmpy/SLURM_11194840_28/job-11194840-28-sub-114935/ds/inputs/data/qsiprep/qsiprep/sub-114935/ses-1/dwi/sub-114935_ses-1_acq-multiband_dir-AP_space-ACPC_desc-preproc_dwi.nii.gz	0.0	0.002050943672657	0.001422683824785	0.0015387597959488	0.002050943672657	0.0015387597959488	0.001422683824785	0.0017850467702373	0.0017850467702373	sub-114935	ses-1		dir-AP	acq-multiband	space-ACPC			DSIStudio	autotrackgqi
ProjectionBasalGanglia_AnsaSubthalamicaR	dki_ak	DIPYDKI	/scratch/grmpy/SLURM_11194840_28/job-11194840-28-sub-114935/ds/inputs/data/qsiprep/qsiprep/sub-114935/ses-1/dwi/sub-114935_ses-1_acq-multiband_dir-AP_space-ACPC_desc-preproc_dwi.nii.gz	0.0011261261261261	0.7634444021641849	0.2276487256018588	0.7607475600219205	0.7643051061125097	0.7609294771063673	0.2263283630835703	0.7227796750652493	0.7229369975235873	sub-114935	ses-1		dir-AP	acq-multiband	space-ACPC			DSIStudio	autotrackgqi
ProjectionBasalGanglia_AnsaSubthalamicaR	dki_fa	DIPYDKI	/scratch/grmpy/SLURM_11194840_28/job-11194840-28-sub-114935/ds/inputs/data/qsiprep/qsiprep/sub-114935/ses-1/dwi/sub-114935_ses-1_acq-multiband_dir-AP_space-ACPC_desc-preproc_dwi.nii.gz	0.0	0.3475930988788605	0.150546059012413	0.3297346532344818	0.3475930988788605	0.3297346532344818	0.150546059012413	0.3632059395313263	0.3632059395313263	sub-114935	ses-1		dir-AP	acq-multiband	space-ACPC			DSIStudio	autotrackgqi
ProjectionBasalGanglia_AnsaSubthalamicaR	dki_kfa	DIPYDKI	/scratch/grmpy/SLURM_11194840_28/job-11194840-28-sub-114935/ds/inputs/data/qsiprep/qsiprep/sub-114935/ses-1/dwi/sub-114935_ses-1_acq-multiband_dir-AP_space-ACPC_desc-preproc_dwi.nii.gz	0.0045045045045045	0.4631586968898773	0.1876164376735687	0.4794812798500061	0.4652544260025024	0.4806987047195434	0.185429647564888	0.4787698686122894	0.4811257719993591	sub-114935	ses-1		dir-AP	acq-multiband	space-ACPC			DSIStudio	autotrackgqi
ProjectionBasalGanglia_AnsaSubthalamicaR	dki_linearity	DIPYDKI	/scratch/grmpy/SLURM_11194840_28/job-11194840-28-sub-114935/ds/inputs/data/qsiprep/qsiprep/sub-114935/ses-1/dwi/sub-114935_ses-1_acq-multiband_dir-AP_space-ACPC_desc-preproc_dwi.nii.gz	0.0	0.1530372500419616	0.1048963665962219	0.1301828622817993	0.1530372500419616	0.1301828622817993	0.1048963665962219	0.1688404679298401	0.1688404679298401	sub-114935	ses-1		dir-AP	acq-multiband	space-ACPC			DSIStudio	autotrackgqi
ProjectionBasalGanglia_AnsaSubthalamicaR	dki_md	DIPYDKI	/scratch/grmpy/SLURM_11194840_28/job-11194840-28-sub-114935/ds/inputs/data/qsiprep/qsiprep/sub-114935/ses-1/dwi/sub-114935_ses-1_acq-multiband_dir-AP_space-ACPC_desc-preproc_dwi.nii.gz	0.0	0.0015343682607635	0.0011871230090036	0.0010503651574254	0.0015343682607635	0.0010503651574254	0.0011871230090036	0.0012879204005002	0.0012879204005002	sub-114935	ses-1		dir-AP	acq-multiband	space-ACPC			DSIStudio	autotrackgqi
ProjectionBasalGanglia_AnsaSubthalamicaR	dki_mk	DIPYDKI	/scratch/grmpy/SLURM_11194840_28/job-11194840-28-sub-114935/ds/inputs/data/qsiprep/qsiprep/sub-114935/ses-1/dwi/sub-114935_ses-1_acq-multiband_dir-AP_space-ACPC_desc-preproc_dwi.nii.gz	0.0011261261261261	0.8396732692157749	0.2876315030368717	0.8458688027234247	0.8406199132622414	0.8463631923287339	0.2864077255798706	0.8244707818407231	0.8246502391332484	sub-114935	ses-1		dir-AP	acq-multiband	space-ACPC			DSIStudio	autotrackgqi
ProjectionBasalGanglia_AnsaSubthalamicaR	dki_mkt	DIPYDKI	/scratch/grmpy/SLURM_11194840_28/job-11194840-28-sub-114935/ds/inputs/data/qsiprep/qsiprep/sub-114935/ses-1/dwi/sub-114935_ses-1_acq-multiband_dir-AP_space-ACPC_desc-preproc_dwi.nii.gz	0.0	0.8682719968828535	0.2660286990143628	0.8671613664702694	0.8682719968828535	0.8671613664702694	0.2660286990143628	0.8420925020466041	0.8420925020466041	sub-114935	ses-1		dir-AP	acq-multiband	space-ACPC			DSIStudio	autotrackgqi
ProjectionBasalGanglia_AnsaSubthalamicaR	dki_planarity	DIPYDKI	/scratch/grmpy/SLURM_11194840_28/job-11194840-28-sub-114935/ds/inputs/data/qsiprep/qsiprep/sub-114935/ses-1/dwi/sub-114935_ses-1_acq-multiband_dir-AP_space-ACPC_desc-preproc_dwi.nii.gz	0.0	0.1735806316137313	0.1095729246735572	0.1535731703042984	0.1735806316137313	0.1535731703042984	0.1095729246735572	0.1611311435699463	0.1611311435699463	sub-114935	ses-1		dir-AP	acq-multiband	space-ACPC			DSIStudio	autotrackgqi
ProjectionBasalGanglia_AnsaSubthalamicaR	dki_rd	DIPYDKI	/scratch/grmpy/SLURM_11194840_28/job-11194840-28-sub-114935/ds/inputs/data/qsiprep/qsiprep/sub-114935/ses-1/dwi/sub-114935_ses-1_acq-multiband_dir-AP_space-ACPC_desc-preproc_dwi.nii.gz	0.0	0.0012760804966092	0.0010910213459283	0.000830358127132	0.0012760804966092	0.000830358127132	0.0010910213459283	0.0010393572738394	0.0010393572738394	sub-114935	ses-1		dir-AP	acq-multiband	space-ACPC			DSIStudio	autotrackgqi
ProjectionBasalGanglia_AnsaSubthalamicaR	dki_rk	DIPYDKI	/scratch/grmpy/SLURM_11194840_28/job-11194840-28-sub-114935/ds/inputs/data/qsiprep/qsiprep/sub-114935/ses-1/dwi/sub-114935_ses-1_acq-multiband_dir-AP_space-ACPC_desc-preproc_dwi.nii.gz	0.0011261261261261	0.9134876251257372	0.4489218936445389	0.8881993880303272	0.9145174871608284	0.8898024439479183	0.4481252556914898	0.9277373539306588	0.927939288815714	sub-114935	ses-1		dir-AP	acq-multiband	space-ACPC			DSIStudio	autotrackgqi
ProjectionBasalGanglia_AnsaSubthalamicaR	dki_sphericity	DIPYDKI	/scratch/grmpy/SLURM_11194840_28/job-11194840-28-sub-114935/ds/inputs/data/qsiprep/qsiprep/sub-114935/ses-1/dwi/sub-114935_ses-1_acq-multiband_dir-AP_space-ACPC_desc-preproc_dwi.nii.gz	0.0	0.673382043838501	0.1461814492940902	0.6882796287536621	0.673382043838501	0.6882796287536621	0.1461814492940902	0.6700283288955688	0.6700283288955688	sub-114935	ses-1		dir-AP	acq-multiband	space-ACPC			DSIStudio	autotrackgqi
ProjectionBasalGanglia_FasciculusLenticularisR	dki_ad	DIPYDKI	/scratch/grmpy/SLURM_11194840_28/job-11194840-28-sub-114935/ds/inputs/data/qsiprep/qsiprep/sub-114935/ses-1/dwi/sub-114935_ses-1_acq-multiband_dir-AP_space-ACPC_desc-preproc_dwi.nii.gz	0.0	0.0016371291130781	0.0009979982860386	0.001362923067063	0.0016371291130781	0.001362923067063	0.0009979982860386	0.0016446555964648	0.0016446555964648	sub-114935	ses-1		dir-AP	acq-multiband	space-ACPC			DSIStudio	autotrackgqi
ProjectionBasalGanglia_FasciculusLenticularisR	dki_ak	DIPYDKI	/scratch/grmpy/SLURM_11194840_28/job-11194840-28-sub-114935/ds/inputs/data/qsiprep/qsiprep/sub-114935/ses-1/dwi/sub-114935_ses-1_acq-multiband_dir-AP_space-ACPC_desc-preproc_dwi.nii.gz	0.0	0.7725114359724659	0.1779206724047716	0.782979765510126	0.7725114359724659	0.782979765510126	0.1779206724047716	0.7424238361685614	0.7424238996976535	sub-114935	ses-1		dir-AP	acq-multiband	space-ACPC			DSIStudio	autotrackgqi
ProjectionBasalGanglia_FasciculusLenticularisR	dki_fa	DIPYDKI	/scratch/grmpy/SLURM_11194840_28/job-11194840-28-sub-114935/ds/inputs/data/qsiprep/qsiprep/sub-114935/ses-1/dwi/sub-114935_ses-1_acq-multiband_dir-AP_space-ACPC_desc-preproc_dwi.nii.gz	0.0	0.329216867685318	0.1179008930921554	0.3169174194335937	0.329216867685318	0.3169174194335937	0.1179008930921554	0.3628762662410736	0.362876296043396	sub-114935	ses-1		dir-AP	acq-multiband	space-ACPC			DSIStudio	autotrackgqi
ProjectionBasalGanglia_FasciculusLenticularisR	dki_kfa	DIPYDKI	/scratch/grmpy/SLURM_11194840_28/job-11194840-28-sub-114935/ds/inputs/data/qsiprep/qsiprep/sub-114935/ses-1/dwi/sub-114935_ses-1_acq-multiband_dir-AP_space-ACPC_desc-preproc_dwi.nii.gz	0.0066964285714285	0.4833175837993622	0.1573805510997772	0.4824303388595581	0.4865759015083313	0.4830266237258911	0.1528076976537704	0.4921551644802093	0.4928206205368042	sub-114935	ses-1		dir-AP	acq-multiband	space-ACPC			DSIStudio	autotrackgqi
ProjectionBasalGanglia_FasciculusLenticularisR	dki_linearity	DIPYDKI	/scratch/grmpy/SLURM_11194840_28/job-11194840-28-sub-114935/ds/inputs/data/qsiprep/qsiprep/sub-114935/ses-1/dwi/sub-114935_ses-1_acq-multiband_dir-AP_space-ACPC_desc-preproc_dwi.nii.gz	0.0	0.1350996643304824	0.0796962529420852	0.1250675320625305	0.1350996643304824	0.1250675320625305	0.0796962529420852	0.1489439457654953	0.1489439606666565	sub-114935	ses-1		dir-AP	acq-multiband	space-ACPC			DSIStudio	autotrackgqi
ProjectionBasalGanglia_FasciculusLenticularisR	dki_md	DIPYDKI	/scratch/grmpy/SLURM_11194840_28/job-11194840-28-sub-114935/ds/inputs/data/qsiprep/qsiprep/sub-114935/ses-1/dwi/sub-114935_ses-1_acq-multiband_dir-AP_space-ACPC_desc-preproc_dwi.nii.gz	0.0	0.0012260462390258	0.000826931616757	0.0009993100538849	0.0012260462390258	0.0009993100538849	0.000826931616757	0.0011909380555152	0.0011909380555152	sub-114935	ses-1		dir-AP	acq-multiband	space-ACPC			DSIStudio	autotrackgqi
ProjectionBasalGanglia_FasciculusLenticularisR	dki_mk	DIPYDKI	/scratch/grmpy/SLURM_11194840_28/job-11194840-28-sub-114935/ds/inputs/data/qsiprep/qsiprep/sub-114935/ses-1/dwi/sub-114935_ses-1_acq-multiband_dir-AP_space-ACPC_desc-preproc_dwi.nii.gz	0.0	0.8164037729362699	0.2308666985721285	0.8490808867398347	0.8164037729362699	0.8490808867398347	0.2308666985721285	0.8115056990575683	0.8115057685710979	sub-114935	ses-1		dir-AP	acq-multiband	space-ACPC			DSIStudio	autotrackgqi
ProjectionBasalGanglia_FasciculusLenticularisR	dki_mkt	DIPYDKI	/scratch/grmpy/SLURM_11194840_28/job-11194840-28-sub-114935/ds/inputs/data/qsiprep/qsiprep/sub-114935/ses-1/dwi/sub-114935_ses-1_acq-multiband_dir-AP_space-ACPC_desc-preproc_dwi.nii.gz	0.0	0.8346588604900264	0.2015225948878009	0.8631700945345667	0.8346588604900264	0.8631700945345667	0.2015225948878009	0.8344516161448176	0.8344516876856477	sub-114935	ses-1		dir-AP	acq-multiband	space-ACPC			DSIStudio	autotrackgqi
ProjectionBasalGanglia_FasciculusLenticularisR	dki_planarity	DIPYDKI	/scratch/grmpy/SLURM_11194840_28/job-11194840-28-sub-114935/ds/inputs/data/qsiprep/qsiprep/sub-114935/ses-1/dwi/sub-114935_ses-1_acq-multiband_dir-AP_space-ACPC_desc-preproc_dwi.nii.gz	0.0	0.1818648427724838	0.093022733926773	0.1767137944698333	0.1818648427724838	0.1767137944698333	0.093022733926773	0.2031819522380828	0.2031819522380828	sub-114935	ses-1		dir-AP	acq-multiband	space-ACPC			DSIStudio	autotrackgqi
ProjectionBasalGanglia_FasciculusLenticularisR	dki_rd	DIPYDKI	/scratch/grmpy/SLURM_11194840_28/job-11194840-28-sub-114935/ds/inputs/data/qsiprep/qsiprep/sub-114935/ses-1/dwi/sub-114935_ses-1_acq-multiband_dir-AP_space-ACPC_desc-preproc_dwi.nii.gz	0.0	0.0010205049766227	0.0007550344453193	0.0008133712690323	0.0010205049766227	0.0008133712690323	0.0007550344453193	0.0009640792850404	0.0009640793432481	sub-114935	ses-1		dir-AP	acq-multiband	space-ACPC			DSIStudio	autotrackgqi
ProjectionBasalGanglia_FasciculusLenticularisR	dki_rk	DIPYDKI	/scratch/grmpy/SLURM_11194840_28/job-11194840-28-sub-114935/ds/inputs/data/qsiprep/qsiprep/sub-114935/ses-1/dwi/sub-114935_ses-1_acq-multiband_dir-AP_space-ACPC_desc-preproc_dwi.nii.gz	0.0	0.9035529624803528	0.4179886534429768	0.9094546438020186	0.9035529624803528	0.9094546438020186	0.4179886534429768	0.920883308374209	0.9208833873967271	sub-114935	ses-1		dir-AP	acq-multiband	space-ACPC			DSIStudio	autotrackgqi
ProjectionBasalGanglia_FasciculusLenticularisR	dki_sphericity	DIPYDKI	/scratch/grmpy/SLURM_11194840_28/job-11194840-28-sub-114935/ds/inputs/data/qsiprep/qsiprep/sub-114935/ses-1/dwi/sub-114935_ses-1_acq-multiband_dir-AP_space-ACPC_desc-preproc_dwi.nii.gz	0.0	0.6830354928970337	0.122012659907341	0.6955364346504211	0.6830354928970337	0.6955364346504211	0.122012659907341	0.647874116897583	0.647874116897583	sub-114935	ses-1		dir-AP	acq-multiband	space-ACPC			DSIStudio	autotrackgqi
ProjectionBasalGanglia_OpticRadiationR	dki_ad	DIPYDKI	/scratch/grmpy/SLURM_11194840_28/job-11194840-28-sub-114935/ds/inputs/data/qsiprep/qsiprep/sub-114935/ses-1/dwi/sub-114935_ses-1_acq-multiband_dir-AP_space-ACPC_desc-preproc_dwi.nii.gz	0.0	0.0015512523241341	0.0006833680672571	0.0014075317885726	0.0015512523241341	0.0014075317885726	0.0006833680672571	0.0015296767232939	0.0015296767232939	sub-114935	ses-1		dir-AP	acq-multiband	space-ACPC			DSIStudio	autotrackgqi
ProjectionBasalGanglia_OpticRadiationR	dki_ak	DIPYDKI	/scratch/grmpy/SLURM_11194840_28/job-11194840-28-sub-114935/ds/inputs/data/qsiprep/qsiprep/sub-114935/ses-1/dwi/sub-114935_ses-1_acq-multiband_dir-AP_space-ACPC_desc-preproc_dwi.nii.gz	0.0	0.7691247445614836	0.1532414532594101	0.7643889409367324	0.7691247445614836	0.7643889409367324	0.1532414532594101	0.7543693875411609	0.7543693875411609	sub-114935	ses-1		dir-AP	acq-multiband	space-ACPC			DSIStudio	autotrackgqi
ProjectionBasalGanglia_OpticRadiationR	dki_fa	DIPYDKI	/scratch/grmpy/SLURM_11194840_28/job-11194840-28-sub-114935/ds/inputs/data/qsiprep/qsiprep/sub-114935/ses-1/dwi/sub-114935_ses-1_acq-multiband_dir-AP_space-ACPC_desc-preproc_dwi.nii.gz	0.0	0.4033497869968414	0.1937965303659439	0.4167447686195373	0.4033497869968414	0.4167447686195373	0.1937965303659439	0.4777928590774536	0.4777928590774536	sub-114935	ses-1		dir-AP	acq-multiband	space-ACPC			DSIStudio	autotrackgqi
ProjectionBasalGanglia_OpticRadiationR	dki_kfa	DIPYDKI	/scratch/grmpy/SLURM_11194840_28/job-11194840-28-sub-114935/ds/inputs/data/qsiprep/qsiprep/sub-114935/ses-1/dwi/sub-114935_ses-1_acq-multiband_dir-AP_space-ACPC_desc-preproc_dwi.nii.gz	0.0010940919037199	0.4761900305747986	0.1761596351861953	0.4887512028217315	0.4767116010189056	0.4889860153198242	0.1755493581295013	0.5327554941177368	0.5327801704406738	sub-114935	ses-1		dir-AP	acq-multiband	space-ACPC			DSIStudio	autotrackgqi
ProjectionBasalGanglia_OpticRadiationR	dki_linearity	DIPYDKI	/scratch/grmpy/SLURM_11194840_28/job-11194840-28-sub-114935/ds/inputs/data/qsiprep/qsiprep/sub-114935/ses-1/dwi/sub-114935_ses-1_acq-multiband_dir-AP_space-ACPC_desc-preproc_dwi.nii.gz	0.0	0.1916591376066208	0.1377511918544769	0.1589394509792328	0.1916591376066208	0.1589394509792328	0.1377511918544769	0.238310694694519	0.238310694694519	sub-114935	ses-1		dir-AP	acq-multiband	space-ACPC			DSIStudio	autotrackgqi
ProjectionBasalGanglia_OpticRadiationR	dki_md	DIPYDKI	/scratch/grmpy/SLURM_11194840_28/job-11194840-28-sub-114935/ds/inputs/data/qsiprep/qsiprep/sub-114935/ses-1/dwi/sub-114935_ses-1_acq-multiband_dir-AP_space-ACPC_desc-preproc_dwi.nii.gz	0.0	0.0010796096175909	0.0005937366513535	0.0009211106225848	0.0010796096175909	0.0009211106225848	0.0005937366513535	0.0009789410978555	0.0009789410978555	sub-114935	ses-1		dir-AP	acq-multiband	space-ACPC			DSIStudio	autotrackgqi
ProjectionBasalGanglia_OpticRadiationR	dki_mk	DIPYDKI	/scratch/grmpy/SLURM_11194840_28/job-11194840-28-sub-114935/ds/inputs/data/qsiprep/qsiprep/sub-114935/ses-1/dwi/sub-114935_ses-1_acq-multiband_dir-AP_space-ACPC_desc-preproc_dwi.nii.gz	0.0	0.96671205163438	0.2232430969745067	0.9832842064568732	0.96671205163438	0.9832842064568732	0.2232430969745067	0.9883105718759612	0.9883105718759612	sub-114935	ses-1		dir-AP	acq-multiband	space-ACPC			DSIStudio	autotrackgqi
ProjectionBasalGanglia_OpticRadiationR	dki_mkt	DIPYDKI	/scratch/grmpy/SLURM_11194840_28/job-11194840-28-sub-114935/ds/inputs/data/qsiprep/qsiprep/sub-114935/ses-1/dwi/sub-114935_ses-1_acq-multiband_dir-AP_space-ACPC_desc-preproc_dwi.nii.gz	0.0	0.9417412300386394	0.1762004458574898	0.9551943949668512	0.9417412300386394	0.9551943949668512	0.1762004458574898	0.9666183160937132	0.9666183160937132	sub-114935	ses-1		dir-AP	acq-multiband	space-ACPC			DSIStudio	autotrackgqi
ProjectionBasalGanglia_OpticRadiationR	dki_planarity	DIPYDKI	/scratch/grmpy/SLURM_11194840_28/job-11194840-28-sub-114935/ds/inputs/data/qsiprep/qsiprep/sub-114935/ses-1/dwi/sub-114935_ses-1_acq-multiband_dir-AP_space-ACPC_desc-preproc_dwi.nii.gz	0.0	0.1916452199220657	0.1290489286184311	0.159961462020874	0.1916452199220657	0.159961462020874	0.1290489286184311	0.2095764577388763	0.2095764577388763	sub-114935	ses-1		dir-AP	acq-multiband	space-ACPC			DSIStudio	autotrackgqi
ProjectionBasalGanglia_OpticRadiationR	dki_rd	DIPYDKI	/scratch/grmpy/SLURM_11194840_28/job-11194840-28-sub-114935/ds/inputs/data/qsiprep/qsiprep/sub-114935/ses-1/dwi/sub-114935_ses-1_acq-multiband_dir-AP_space-ACPC_desc-preproc_dwi.nii.gz	0.0	0.0008437882061116	0.0005904902354814	0.0006987445522099	0.0008437882061116	0.0006987445522099	0.0005904902354814	0.0007035732851363	0.0007035732851363	sub-114935	ses-1		dir-AP	acq-multiband	space-ACPC			DSIStudio	autotrackgqi
ProjectionBasalGanglia_OpticRadiationR	dki_rk	DIPYDKI	/scratch/grmpy/SLURM_11194840_28/job-11194840-28-sub-114935/ds/inputs/data/qsiprep/qsiprep/sub-114935/ses-1/dwi/sub-114935_ses-1_acq-multiband_dir-AP_space-ACPC_desc-preproc_dwi.nii.gz	0.0	1.270219256507228	0.541691763153734	1.2219187216066925	1.270219256507228	1.2219187216066925	0.541691763153734	1.329844077914946	1.329844077914946	sub-114935	ses-1		dir-AP	acq-multiband	space-ACPC			DSIStudio	autotrackgqi
ProjectionBasalGanglia_OpticRadiationR	dki_sphericity	DIPYDKI	/scratch/grmpy/SLURM_11194840_28/job-11194840-28-sub-114935/ds/inputs/data/qsiprep/qsiprep/sub-114935/ses-1/dwi/sub-114935_ses-1_acq-multiband_dir-AP_space-ACPC_desc-preproc_dwi.nii.gz	0.0	0.6166956424713135	0.1908774226903915	0.6145819425582886	0.6166956424713135	0.6145819425582886	0.1908774226903915	0.5521128177642822	0.5521128177642822	sub-114935	ses-1		dir-AP	acq-multiband	space-ACPC			DSIStudio	autotrackgqi
ProjectionBrainstem_ReticularTractR	dki_ad	DIPYDKI	/scratch/grmpy/SLURM_11194840_28/job-11194840-28-sub-114935/ds/inputs/data/qsiprep/qsiprep/sub-114935/ses-1/dwi/sub-114935_ses-1_acq-multiband_dir-AP_space-ACPC_desc-preproc_dwi.nii.gz	0.000816826628548	0.0015029453206807	0.0006385025917552	0.0013717798283323	0.0015041739679872	0.0013718341942876	0.0006373152136802	0.0017265584319829	0.0017265997594222	sub-114935	ses-1		dir-AP	acq-multiband	space-ACPC			DSIStudio	autotrackgqi
ProjectionBrainstem_ReticularTractR	dki_ak	DIPYDKI	/scratch/grmpy/SLURM_11194840_28/job-11194840-28-sub-114935/ds/inputs/data/qsiprep/qsiprep/sub-114935/ses-1/dwi/sub-114935_ses-1_acq-multiband_dir-AP_space-ACPC_desc-preproc_dwi.nii.gz	0.0020420665713702	0.8468444347634122	0.167916783039073	0.8460741979828642	0.8485772860725249	0.8463925149437405	0.1636559922132093	0.853383029795874	0.8572760041475563	sub-114935	ses-1		dir-AP	acq-multiband	space-ACPC			DSIStudio	autotrackgqi
ProjectionBrainstem_ReticularTractR	dki_fa	DIPYDKI	/scratch/grmpy/SLURM_11194840_28/job-11194840-28-sub-114935/ds/inputs/data/qsiprep/qsiprep/sub-114935/ses-1/dwi/sub-114935_ses-1_acq-multiband_dir-AP_space-ACPC_desc-preproc_dwi.nii.gz	0.0012252399428221	0.4074960350990295	0.1623939722776413	0.3989488482475281	0.4079959094524383	0.3990258276462555	0.1618647575378418	0.460705041885376	0.4607182741165161	sub-114935	ses-1		dir-AP	acq-multiband	space-ACPC			DSIStudio	autotrackgqi
ProjectionBrainstem_ReticularTractR	dki_kfa	DIPYDKI	/scratch/grmpy/SLURM_11194840_28/job-11194840-28-sub-114935/ds/inputs/data/qsiprep/qsiprep/sub-114935/ses-1/dwi/sub-114935_ses-1_acq-multiband_dir-AP_space-ACPC_desc-preproc_dwi.nii.gz	0.0018378599142332	0.489122599363327	0.1447824090719223	0.4846900701522827	0.4900231957435608	0.4847857654094696	0.1433849036693573	0.5268094539642334	0.5273455381393433	sub-114935	ses-1		dir-AP	acq-multiband	space-ACPC			DSIStudio	autotrackgqi
ProjectionBrainstem_ReticularTractR	dki_linearity	DIPYDKI	/scratch/grmpy/SLURM_11194840_28/job-11194840-28-sub-114935/ds/inputs/data/qsiprep/qsiprep/sub-114935/ses-1/dwi/sub-114935_ses-1_acq-multiband_dir-AP_space-ACPC_desc-preproc_dwi.nii.gz	0.0012252399428221	0.1887605190277099	0.1206818521022796	0.1646463721990585	0.1889920681715011	0.1648666560649871	0.1205745115876197	0.2321150302886963	0.2321216911077499	sub-114935	ses-1		dir-AP	acq-multiband	space-ACPC			DSIStudio	autotrackgqi
ProjectionBrainstem_ReticularTractR	dki_md	DIPYDKI	/scratch/grmpy/SLURM_11194840_28/job-11194840-28-sub-114935/ds/inputs/data/qsiprep/qsiprep/sub-114935/ses-1/dwi/sub-114935_ses-1_acq-multiband_dir-AP_space-ACPC_desc-preproc_dwi.nii.gz	0.000816826628548	0.0010352721437811	0.000505737029016	0.0009297384531237	0.0010361184831708	0.0009298589429818	0.0005050763138569	0.0011482342379167	0.0011482617119327	sub-114935	ses-1		dir-AP	acq-multiband	space-ACPC			DSIStudio	autotrackgqi
ProjectionBrainstem_ReticularTractR	dki_mk	DIPYDKI	/scratch/grmpy/SLURM_11194840_28/job-11194840-28-sub-114935/ds/inputs/data/qsiprep/qsiprep/sub-114935/ses-1/dwi/sub-114935_ses-1_acq-multiband_dir-AP_space-ACPC_desc-preproc_dwi.nii.gz	0.0020420665713702	1.049866761162773	0.2492364412464614	1.1011321974642785	1.052015045920626	1.1017650737074192	0.2449201626185347	1.046187380952173	1.0509598929118185	sub-114935	ses-1		dir-AP	acq-multiband	space-ACPC			DSIStudio	autotrackgqi
ProjectionBrainstem_ReticularTractR	dki_mkt	DIPYDKI	/scratch/grmpy/SLURM_11194840_28/job-11194840-28-sub-114935/ds/inputs/data/qsiprep/qsiprep/sub-114935/ses-1/dwi/sub-114935_ses-1_acq-multiband_dir-AP_space-ACPC_desc-preproc_dwi.nii.gz	0.000816826628548	1.0449008975826877	0.2654346264765431	1.0809914376775924	1.0457550981938322	1.081063204248482	0.2638557433475539	1.0618981975750097	1.0619237055141175	sub-114935	ses-1		dir-AP	acq-multiband	space-ACPC			DSIStudio	autotrackgqi
ProjectionBrainstem_ReticularTractR	dki_planarity	DIPYDKI	/scratch/grmpy/SLURM_11194840_28/job-11194840-28-sub-114935/ds/inputs/data/qsiprep/qsiprep/sub-114935/ses-1/dwi/sub-114935_ses-1_acq-multiband_dir-AP_space-ACPC_desc-preproc_dwi.nii.gz	0.0012252399428221	0.1986791044473648	0.1157713681459426	0.1810012310743332	0.1989228278398513	0.1811887472867965	0.1156329065561294	0.1949161291122436	0.1949216723442077	sub-114935	ses-1		dir-AP	acq-multiband	space-ACPC			DSIStudio	autotrackgqi
ProjectionBrainstem_ReticularTractR	dki_rd	DIPYDKI	/scratch/grmpy/SLURM_11194840_28/job-11194840-28-sub-114935/ds/inputs/data/qsiprep/qsiprep/sub-114935/ses-1/dwi/sub-114935_ses-1_acq-multiband_dir-AP_space-ACPC_desc-preproc_dwi.nii.gz	0.000816826628548	0.000801435613539	0.0004734831163659	0.0007231172639876	0.0008020907989703	0.0007232991047203	0.0004731216176878	0.0008590721990913	0.0008590928046032	sub-114935	ses-1		dir-AP	acq-multiband	space-ACPC			DSIStudio	autotrackgqi
ProjectionBrainstem_ReticularTractR	dki_rk	DIPYDKI	/scratch/grmpy/SLURM_11194840_28/job-11194840-28-sub-114935/ds/inputs/data/qsiprep/qsiprep/sub-114935/ses-1/dwi/sub-114935_ses-1_acq-multiband_dir-AP_space-ACPC_desc-preproc_dwi.nii.gz	0.0020420665713702	1.3256924601692743	0.5174785926694042	1.320772508937504	1.3284051519232527	1.32338517312058	0.5145177276540046	1.3597123537373728	1.3659151081199172	sub-114935	ses-1		dir-AP	acq-multiband	space-ACPC			DSIStudio	autotrackgqi
ProjectionBrainstem_ReticularTractR	dki_sphericity	DIPYDKI	/scratch/grmpy/SLURM_11194840_28/job-11194840-28-sub-114935/ds/inputs/data/qsiprep/qsiprep/sub-114935/ses-1/dwi/sub-114935_ses-1_acq-multiband_dir-AP_space-ACPC_desc-preproc_dwi.nii.gz	0.000816826628548	0.6117435693740845	0.1633311659097671	0.6260500550270081	0.61224365234375	0.6262505054473877	0.1624582856893539	0.5729448199272156	0.5729585886001587	sub-114935	ses-1		dir-AP	acq-multiband	space-ACPC			DSIStudio	autotrackgqi
ProjectionBasalGanglia_OpticRadiationL	dki_ad	DIPYDKI	/scratch/grmpy/SLURM_11194840_28/job-11194840-28-sub-114935/ds/inputs/data/qsiprep/qsiprep/sub-114935/ses-1/dwi/sub-114935_ses-1_acq-multiband_dir-AP_space-ACPC_desc-preproc_dwi.nii.gz	0.0	0.0015075984410941	0.0005988413468003	0.0013924923259764	0.0015075984410941	0.0013924923259764	0.0005988413468003	0.0015587708912789	0.0015587708912789	sub-114935	ses-1		dir-AP	acq-multiband	space-ACPC			DSIStudio	autotrackgqi
ProjectionBasalGanglia_OpticRadiationL	dki_ak	DIPYDKI	/scratch/grmpy/SLURM_11194840_28/job-11194840-28-sub-114935/ds/inputs/data/qsiprep/qsiprep/sub-114935/ses-1/dwi/sub-114935_ses-1_acq-multiband_dir-AP_space-ACPC_desc-preproc_dwi.nii.gz	0.000433463372345	0.8052023560479254	0.1491992580047957	0.8024079361015127	0.8055515331320745	0.8027375509516183	0.1482861818044992	0.80776018700629	0.8077795431346353	sub-114935	ses-1		dir-AP	acq-multiband	space-ACPC			DSIStudio	autotrackgqi
ProjectionBasalGanglia_OpticRadiationL	dki_fa	DIPYDKI	/scratch/grmpy/SLURM_11194840_28/job-11194840-28-sub-114935/ds/inputs/data/qsiprep/qsiprep/sub-114935/ses-1/dwi/sub-114935_ses-1_acq-multiband_dir-AP_space-ACPC_desc-preproc_dwi.nii.gz	0.0	0.4448336362838745	0.2072602957487106	0.4585704505443573	0.4448336362838745	0.4585704505443573	0.2072602957487106	0.5346086621284485	0.5346086621284485	sub-114935	ses-1		dir-AP	acq-multiband	space-ACPC			DSIStudio	autotrackgqi
ProjectionBasalGanglia_OpticRadiationL	dki_kfa	DIPYDKI	/scratch/grmpy/SLURM_11194840_28/job-11194840-28-sub-114935/ds/inputs/data/qsiprep/qsiprep/sub-114935/ses-1/dwi/sub-114935_ses-1_acq-multiband_dir-AP_space-ACPC_desc-preproc_dwi.nii.gz	0.0013003901170351	0.5049508810043335	0.1838015466928482	0.5151323676109314	0.505608320236206	0.5154460668563843	0.1830152124166488	0.5786604285240173	0.5793298482894897	sub-114935	ses-1		dir-AP	acq-multiband	space-ACPC			DSIStudio	autotrackgqi
ProjectionBasalGanglia_OpticRadiationL	dki_linearity	DIPYDKI	/scratch/grmpy/SLURM_11194840_28/job-11194840-28-sub-114935/ds/inputs/data/qsiprep/qsiprep/sub-114935/ses-1/dwi/sub-114935_ses-1_acq-multiband_dir-AP_space-ACPC_desc-preproc_dwi.nii.gz	0.0	0.2264713048934936	0.1590030193328857	0.189359113574028	0.2264713048934936	0.189359113574028	0.1590030193328857	0.2849220335483551	0.2849220335483551	sub-114935	ses-1		dir-AP	acq-multiband	space-ACPC			DSIStudio	autotrackgqi
ProjectionBasalGanglia_OpticRadiationL	dki_md	DIPYDKI	/scratch/grmpy/SLURM_11194840_28/job-11194840-28-sub-114935/ds/inputs/data/qsiprep/qsiprep/sub-114935/ses-1/dwi/sub-114935_ses-1_acq-multiband_dir-AP_space-ACPC_desc-preproc_dwi.nii.gz	0.0	0.0010000475449487	0.0005091106286272	0.0008921141852624	0.0010000475449487	0.0008921141852624	0.0005091106286272	0.0009451179066672	0.0009451179066672	sub-114935	ses-1		dir-AP	acq-multiband	space-ACPC			DSIStudio	autotrackgqi
ProjectionBasalGanglia_OpticRadiationL	dki_mk	DIPYDKI	/scratch/grmpy/SLURM_11194840_28/job-11194840-28-sub-114935/ds/inputs/data/qsiprep/qsiprep/sub-114935/ses-1/dwi/sub-114935_ses-1_acq-multiband_dir-AP_space-ACPC_desc-preproc_dwi.nii.gz	0.000433463372345	1.039367965517608	0.2436386517961431	1.0779635490780757	1.039818688833097	1.078391613462736	0.2427279620809782	1.0972342808189162	1.097260573327728	sub-114935	ses-1		dir-AP	acq-multiband	space-ACPC			DSIStudio	autotrackgqi
ProjectionBasalGanglia_OpticRadiationL	dki_mkt	DIPYDKI	/scratch/grmpy/SLURM_11194840_28/job-11194840-28-sub-114935/ds/inputs/data/qsiprep/qsiprep/sub-114935/ses-1/dwi/sub-114935_ses-1_acq-multiband_dir-AP_space-ACPC_desc-preproc_dwi.nii.gz	0.0	1.0081192114977342	0.1781545099186613	1.0355650359030963	1.0081192114977342	1.0355650359030963	0.1781545099186613	1.0550073610659796	1.0550073610659796	sub-114935	ses-1		dir-AP	acq-multiband	space-ACPC			DSIStudio	autotrackgqi
ProjectionBasalGanglia_OpticRadiationL	dki_planarity	DIPYDKI	/scratch/grmpy/SLURM_11194840_28/job-11194840-28-sub-114935/ds/inputs/data/qsiprep/qsiprep/sub-114935/ses-1/dwi/sub-114935_ses-1_acq-multiband_dir-AP_space-ACPC_desc-preproc_dwi.nii.gz	0.0	0.191990852355957	0.1239923313260078	0.1691877543926239	0.191990852355957	0.1691877543926239	0.1239923313260078	0.2185867130756378	0.2185867130756378	sub-114935	ses-1		dir-AP	acq-multiband	space-ACPC			DSIStudio	autotrackgqi
ProjectionBasalGanglia_OpticRadiationL	dki_rd	DIPYDKI	/scratch/grmpy/SLURM_11194840_28/job-11194840-28-sub-114935/ds/inputs/data/qsiprep/qsiprep/sub-114935/ses-1/dwi/sub-114935_ses-1_acq-multiband_dir-AP_space-ACPC_desc-preproc_dwi.nii.gz	0.0	0.0007462719804607	0.0005193385877646	0.0006498777074739	0.0007462719804607	0.0006498777074739	0.0005193385877646	0.0006382914143614	0.0006382914143614	sub-114935	ses-1		dir-AP	acq-multiband	space-ACPC			DSIStudio	autotrackgqi
ProjectionBasalGanglia_OpticRadiationL	dki_rk	DIPYDKI	/scratch/grmpy/SLURM_11194840_28/job-11194840-28-sub-114935/ds/inputs/data/qsiprep/qsiprep/sub-114935/ses-1/dwi/sub-114935_ses-1_acq-multiband_dir-AP_space-ACPC_desc-preproc_dwi.nii.gz	0.000433463372345	1.431063828481193	0.6539754882878533	1.3885062823209684	1.4316844112342204	1.3886324207939893	0.65343777541795	1.6364126921520366	1.6364519040415573	sub-114935	ses-1		dir-AP	acq-multiband	space-ACPC			DSIStudio	autotrackgqi
ProjectionBasalGanglia_OpticRadiationL	dki_sphericity	DIPYDKI	/scratch/grmpy/SLURM_11194840_28/job-11194840-28-sub-114935/ds/inputs/data/qsiprep/qsiprep/sub-114935/ses-1/dwi/sub-114935_ses-1_acq-multiband_dir-AP_space-ACPC_desc-preproc_dwi.nii.gz	0.0	0.5815379023551941	0.1983268857002258	0.5590399503707886	0.5815379023551941	0.5590399503707886	0.1983268857002258	0.4964912533760071	0.4964912533760071	sub-114935	ses-1		dir-AP	acq-multiband	space-ACPC			DSIStudio	autotrackgqi
ProjectionBasalGanglia_AcousticRadiationR	dki_ad	DIPYDKI	/scratch/grmpy/SLURM_11194840_28/job-11194840-28-sub-114935/ds/inputs/data/qsiprep/qsiprep/sub-114935/ses-1/dwi/sub-114935_ses-1_acq-multiband_dir-AP_space-ACPC_desc-preproc_dwi.nii.gz	0.0	0.0018105071503669	0.000860127445776	0.0015681745717301	0.0018105071503669	0.0015681745717301	0.000860127445776	0.0016969945281744	0.0016969945281744	sub-114935	ses-1		dir-AP	acq-multiband	space-ACPC			DSIStudio	autotrackgqi
ProjectionBasalGanglia_AcousticRadiationR	dki_ak	DIPYDKI	/scratch/grmpy/SLURM_11194840_28/job-11194840-28-sub-114935/ds/inputs/data/qsiprep/qsiprep/sub-114935/ses-1/dwi/sub-114935_ses-1_acq-multiband_dir-AP_space-ACPC_desc-preproc_dwi.nii.gz	0.0016460905349794	0.737767348317803	0.1689909790945306	0.7262777127477563	0.7389837825277251	0.7265395037334693	0.1664515315134105	0.7340101901003042	0.7345841168872308	sub-114935	ses-1		dir-AP	acq-multiband	space-ACPC			DSIStudio	autotrackgqi
ProjectionBasalGanglia_AcousticRadiationR	dki_fa	DIPYDKI	/scratch/grmpy/SLURM_11194840_28/job-11194840-28-sub-114935/ds/inputs/data/qsiprep/qsiprep/sub-114935/ses-1/dwi/sub-114935_ses-1_acq-multiband_dir-AP_space-ACPC_desc-preproc_dwi.nii.gz	0.0	0.433285653591156	0.183201178908348	0.4392512142658233	0.433285653591156	0.4392512142658233	0.183201178908348	0.46803879737854	0.46803879737854	sub-114935	ses-1		dir-AP	acq-multiband	space-ACPC			DSIStudio	autotrackgqi
ProjectionBasalGanglia_AcousticRadiationR	dki_kfa	DIPYDKI	/scratch/grmpy/SLURM_11194840_28/job-11194840-28-sub-114935/ds/inputs/data/qsiprep/qsiprep/sub-114935/ses-1/dwi/sub-114935_ses-1_acq-multiband_dir-AP_space-ACPC_desc-preproc_dwi.nii.gz	0.0016460905349794	0.4857857823371887	0.1846692711114883	0.5019381046295166	0.4865867495536804	0.5029284358024597	0.1837640553712844	0.5074800848960876	0.507684051990509	sub-114935	ses-1		dir-AP	acq-multiband	space-ACPC			DSIStudio	autotrackgqi
ProjectionBasalGanglia_AcousticRadiationR	dki_linearity	DIPYDKI	/scratch/grmpy/SLURM_11194840_28/job-11194840-28-sub-114935/ds/inputs/data/qsiprep/qsiprep/sub-114935/ses-1/dwi/sub-114935_ses-1_acq-multiband_dir-AP_space-ACPC_desc-preproc_dwi.nii.gz	0.0	0.2162404060363769	0.1403314173221588	0.193424716591835	0.2162404060363769	0.193424716591835	0.1403314173221588	0.2419251054525375	0.2419251054525375	sub-114935	ses-1		dir-AP	acq-multiband	space-ACPC			DSIStudio	autotrackgqi
ProjectionBasalGanglia_AcousticRadiationR	dki_md	DIPYDKI	/scratch/grmpy/SLURM_11194840_28/job-11194840-28-sub-114935/ds/inputs/data/qsiprep/qsiprep/sub-114935/ses-1/dwi/sub-114935_ses-1_acq-multiband_dir-AP_space-ACPC_desc-preproc_dwi.nii.gz	0.0	0.0012409929186105	0.0007354069384746	0.0009401984862051	0.0012409929186105	0.0009401984862051	0.0007354069384746	0.0011075197253376	0.0011075197253376	sub-114935	ses-1		dir-AP	acq-multiband	space-ACPC			DSIStudio	autotrackgqi
ProjectionBasalGanglia_AcousticRadiationR	dki_mk	DIPYDKI	/scratch/grmpy/SLURM_11194840_28/job-11194840-28-sub-114935/ds/inputs/data/qsiprep/qsiprep/sub-114935/ses-1/dwi/sub-114935_ses-1_acq-multiband_dir-AP_space-ACPC_desc-preproc_dwi.nii.gz	0.0016460905349794	0.9340503901852316	0.2879004375840448	0.9568812035789636	0.9355904567807556	0.9570096223557972	0.2856264243070061	0.9369327227286062	0.9376653156913174	sub-114935	ses-1		dir-AP	acq-multiband	space-ACPC			DSIStudio	autotrackgqi
ProjectionBasalGanglia_AcousticRadiationR	dki_mkt	DIPYDKI	/scratch/grmpy/SLURM_11194840_28/job-11194840-28-sub-114935/ds/inputs/data/qsiprep/qsiprep/sub-114935/ses-1/dwi/sub-114935_ses-1_acq-multiband_dir-AP_space-ACPC_desc-preproc_dwi.nii.gz	0.0	0.9338580403409896	0.2254376810725609	0.9423909335596848	0.9338580403409896	0.9423909335596848	0.2254376810725609	0.9444530970449464	0.9444530970449464	sub-114935	ses-1		dir-AP	acq-multiband	space-ACPC			DSIStudio	autotrackgqi
ProjectionBasalGanglia_AcousticRadiationR	dki_planarity	DIPYDKI	/scratch/grmpy/SLURM_11194840_28/job-11194840-28-sub-114935/ds/inputs/data/qsiprep/qsiprep/sub-114935/ses-1/dwi/sub-114935_ses-1_acq-multiband_dir-AP_space-ACPC_desc-preproc_dwi.nii.gz	0.0	0.1844940036535263	0.1322344839572906	0.1490234434604644	0.1844940036535263	0.1490234434604644	0.1322344839572906	0.1845583617687225	0.1845583617687225	sub-114935	ses-1		dir-AP	acq-multiband	space-ACPC			DSIStudio	autotrackgqi
ProjectionBasalGanglia_AcousticRadiationR	dki_rd	DIPYDKI	/scratch/grmpy/SLURM_11194840_28/job-11194840-28-sub-114935/ds/inputs/data/qsiprep/qsiprep/sub-114935/ses-1/dwi/sub-114935_ses-1_acq-multiband_dir-AP_space-ACPC_desc-preproc_dwi.nii.gz	0.0	0.0009562358027324	0.0007104752003215	0.0006953111733309	0.0009562358027324	0.0006953111733309	0.0007104752003215	0.0008127824403345	0.0008127824403345	sub-114935	ses-1		dir-AP	acq-multiband	space-ACPC			DSIStudio	autotrackgqi
ProjectionBasalGanglia_AcousticRadiationR	dki_rk	DIPYDKI	/scratch/grmpy/SLURM_11194840_28/job-11194840-28-sub-114935/ds/inputs/data/qsiprep/qsiprep/sub-114935/ses-1/dwi/sub-114935_ses-1_acq-multiband_dir-AP_space-ACPC_desc-preproc_dwi.nii.gz	0.0016460905349794	1.178836610091714	0.5753381095688596	1.1554116999643405	1.1807802813367128	1.1566390987999524	0.5738158841961011	1.1996848979287753	1.200622937995944	sub-114935	ses-1		dir-AP	acq-multiband	space-ACPC			DSIStudio	autotrackgqi
ProjectionBasalGanglia_AcousticRadiationR	dki_sphericity	DIPYDKI	/scratch/grmpy/SLURM_11194840_28/job-11194840-28-sub-114935/ds/inputs/data/qsiprep/qsiprep/sub-114935/ses-1/dwi/sub-114935_ses-1_acq-multiband_dir-AP_space-ACPC_desc-preproc_dwi.nii.gz	0.0	0.5992655754089355	0.1830145567655563	0.6000667214393616	0.5992655754089355	0.6000667214393616	0.1830145567655563	0.5735165476799011	0.5735165476799011	sub-114935	ses-1		dir-AP	acq-multiband	space-ACPC			DSIStudio	autotrackgqi
ProjectionBasalGanglia_FasciculusSubthalamicusL	dki_ad	DIPYDKI	/scratch/grmpy/SLURM_11194840_28/job-11194840-28-sub-114935/ds/inputs/data/qsiprep/qsiprep/sub-114935/ses-1/dwi/sub-114935_ses-1_acq-multiband_dir-AP_space-ACPC_desc-preproc_dwi.nii.gz	0.0	0.0014551049098372	0.0006163302459754	0.001323158154264	0.0014551049098372	0.001323158154264	0.0006163302459754	0.0014212466776371	0.0014212466776371	sub-114935	ses-1		dir-AP	acq-multiband	space-ACPC			DSIStudio	autotrackgqi
ProjectionBasalGanglia_FasciculusSubthalamicusL	dki_ak	DIPYDKI	/scratch/grmpy/SLURM_11194840_28/job-11194840-28-sub-114935/ds/inputs/data/qsiprep/qsiprep/sub-114935/ses-1/dwi/sub-114935_ses-1_acq-multiband_dir-AP_space-ACPC_desc-preproc_dwi.nii.gz	0.001573564122738	0.8783517552167058	0.1974706049480673	0.877091479688178	0.8797360763439189	0.8774778482694342	0.1945205897967074	0.8649773717083928	0.8653089584918487	sub-114935	ses-1		dir-AP	acq-multiband	space-ACPC			DSIStudio	autotrackgqi
ProjectionBasalGanglia_FasciculusSubthalamicusL	dki_fa	DIPYDKI	/scratch/grmpy/SLURM_11194840_28/job-11194840-28-sub-114935/ds/inputs/data/qsiprep/qsiprep/sub-114935/ses-1/dwi/sub-114935_ses-1_acq-multiband_dir-AP_space-ACPC_desc-preproc_dwi.nii.gz	0.0	0.4045359194278717	0.1584357470273971	0.3864704370498657	0.4045359194278717	0.3864704370498657	0.1584357470273971	0.4110684394836426	0.4110684394836426	sub-114935	ses-1		dir-AP	acq-multiband	space-ACPC			DSIStudio	autotrackgqi
ProjectionBasalGanglia_FasciculusSubthalamicusL	dki_kfa	DIPYDKI	/scratch/grmpy/SLURM_11194840_28/job-11194840-28-sub-114935/ds/inputs/data/qsiprep/qsiprep/sub-114935/ses-1/dwi/sub-114935_ses-1_acq-multiband_dir-AP_space-ACPC_desc-preproc_dwi.nii.gz	0.003933910306845	0.5341400504112244	0.1515373140573501	0.5384082794189453	0.536249577999115	0.5390974283218384	0.1480641812086105	0.5444974899291992	0.5450671315193176	sub-114935	ses-1		dir-AP	acq-multiband	space-ACPC			DSIStudio	autotrackgqi
ProjectionBasalGanglia_FasciculusSubthalamicusL	dki_linearity	DIPYDKI	/scratch/grmpy/SLURM_11194840_28/job-11194840-28-sub-114935/ds/inputs/data/qsiprep/qsiprep/sub-114935/ses-1/dwi/sub-114935_ses-1_acq-multiband_dir-AP_space-ACPC_desc-preproc_dwi.nii.gz	0.0	0.1815827786922454	0.1211818754673004	0.1507699489593505	0.1815827786922454	0.1507699489593505	0.1211818754673004	0.1860834956169128	0.1860834956169128	sub-114935	ses-1		dir-AP	acq-multiband	space-ACPC			DSIStudio	autotrackgqi
ProjectionBasalGanglia_FasciculusSubthalamicusL	dki_md	DIPYDKI	/scratch/grmpy/SLURM_11194840_28/job-11194840-28-sub-114935/ds/inputs/data/qsiprep/qsiprep/sub-114935/ses-1/dwi/sub-114935_ses-1_acq-multiband_dir-AP_space-ACPC_desc-preproc_dwi.nii.gz	0.0	0.001006647478789	0.0004958236240781	0.0008896548533812	0.001006647478789	0.0008896548533812	0.0004958236240781	0.0009708984871394	0.0009708984871394	sub-114935	ses-1		dir-AP	acq-multiband	space-ACPC			DSIStudio	autotrackgqi
ProjectionBasalGanglia_FasciculusSubthalamicusL	dki_mk	DIPYDKI	/scratch/grmpy/SLURM_11194840_28/job-11194840-28-sub-114935/ds/inputs/data/qsiprep/qsiprep/sub-114935/ses-1/dwi/sub-114935_ses-1_acq-multiband_dir-AP_space-ACPC_desc-preproc_dwi.nii.gz	0.001573564122738	0.966717701811978	0.2752677788931462	0.9848499269331292	0.9682412915705468	0.98488767971971	0.2727940031390609	0.9617876302972572	0.962156328765523	sub-114935	ses-1		dir-AP	acq-multiband	space-ACPC			DSIStudio	autotrackgqi
ProjectionBasalGanglia_FasciculusSubthalamicusL	dki_mkt	DIPYDKI	/scratch/grmpy/SLURM_11194840_28/job-11194840-28-sub-114935/ds/inputs/data/qsiprep/qsiprep/sub-114935/ses-1/dwi/sub-114935_ses-1_acq-multiband_dir-AP_space-ACPC_desc-preproc_dwi.nii.gz	0.0	1.008076222576088	0.2274709116798691	1.0229994554958146	1.008076222576088	1.0229994554958146	0.2274709116798691	0.9952693657567506	0.9952693657567506	sub-114935	ses-1		dir-AP	acq-multiband	space-ACPC			DSIStudio	autotrackgqi
ProjectionBasalGanglia_FasciculusSubthalamicusL	dki_planarity	DIPYDKI	/scratch/grmpy/SLURM_11194840_28/job-11194840-28-sub-114935/ds/inputs/data/qsiprep/qsiprep/sub-114935/ses-1/dwi/sub-114935_ses-1_acq-multiband_dir-AP_space-ACPC_desc-preproc_dwi.nii.gz	0.0	0.2069762647151947	0.1160374879837036	0.1894166767597198	0.2069762647151947	0.1894166767597198	0.1160374879837036	0.202623188495636	0.202623188495636	sub-114935	ses-1		dir-AP	acq-multiband	space-ACPC			DSIStudio	autotrackgqi
ProjectionBasalGanglia_FasciculusSubthalamicusL	dki_rd	DIPYDKI	/scratch/grmpy/SLURM_11194840_28/job-11194840-28-sub-114935/ds/inputs/data/qsiprep/qsiprep/sub-114935/ses-1/dwi/sub-114935_ses-1_acq-multiband_dir-AP_space-ACPC_desc-preproc_dwi.nii.gz	0.0	0.0007824187050573	0.0004716274270322	0.0007054232410155	0.0007824187050573	0.0007054232410155	0.0004716274270322	0.0007457244209945	0.0007457244209945	sub-114935	ses-1		dir-AP	acq-multiband	space-ACPC			DSIStudio	autotrackgqi
ProjectionBasalGanglia_FasciculusSubthalamicusL	dki_rk	DIPYDKI	/scratch/grmpy/SLURM_11194840_28/job-11194840-28-sub-114935/ds/inputs/data/qsiprep/qsiprep/sub-114935/ses-1/dwi/sub-114935_ses-1_acq-multiband_dir-AP_space-ACPC_desc-preproc_dwi.nii.gz	0.001573564122738	1.0629823111896066	0.5479263223188284	1.0541836350895204	1.0646576182206384	1.0547736741662226	0.546729175547093	1.076940674657069	1.0773535165722397	sub-114935	ses-1		dir-AP	acq-multiband	space-ACPC			DSIStudio	autotrackgqi
ProjectionBasalGanglia_FasciculusSubthalamicusL	dki_sphericity	DIPYDKI	/scratch/grmpy/SLURM_11194840_28/job-11194840-28-sub-114935/ds/inputs/data/qsiprep/qsiprep/sub-114935/ses-1/dwi/sub-114935_ses-1_acq-multiband_dir-AP_space-ACPC_desc-preproc_dwi.nii.gz	0.0	0.6114409565925598	0.157638743519783	0.6225759983062744	0.6114409565925598	0.6225759983062744	0.157638743519783	0.6112933158874512	0.6112933158874512	sub-114935	ses-1		dir-AP	acq-multiband	space-ACPC			DSIStudio	autotrackgqi
ProjectionBasalGanglia_ThalamicRadiationR	dki_ad	DIPYDKI	/scratch/grmpy/SLURM_11194840_28/job-11194840-28-sub-114935/ds/inputs/data/qsiprep/qsiprep/sub-114935/ses-1/dwi/sub-114935_ses-1_acq-multiband_dir-AP_space-ACPC_desc-preproc_dwi.nii.gz	0.0	0.0013783909380435	0.0004347255744505	0.0013161191018298	0.0013783909380435	0.0013161191018298	0.0004347255744505	0.0013936604373157	0.0013936606701463	sub-114935	ses-1		dir-AP	acq-multiband	space-ACPC			DSIStudio	autotrackgqi
ProjectionBasalGanglia_ThalamicRadiationR	dki_ak	DIPYDKI	/scratch/grmpy/SLURM_11194840_28/job-11194840-28-sub-114935/ds/inputs/data/qsiprep/qsiprep/sub-114935/ses-1/dwi/sub-114935_ses-1_acq-multiband_dir-AP_space-ACPC_desc-preproc_dwi.nii.gz	0.0	0.8179257684721616	0.1583604585567768	0.8194786719850431	0.8179257684721616	0.8194786719850431	0.1583604585567768	0.83906350737052	0.8390635792366296	sub-114935	ses-1		dir-AP	acq-multiband	space-ACPC			DSIStudio	autotrackgqi
ProjectionBasalGanglia_ThalamicRadiationR	dki_fa	DIPYDKI	/scratch/grmpy/SLURM_11194840_28/job-11194840-28-sub-114935/ds/inputs/data/qsiprep/qsiprep/sub-114935/ses-1/dwi/sub-114935_ses-1_acq-multiband_dir-AP_space-ACPC_desc-preproc_dwi.nii.gz	0.0	0.3860659301280975	0.1580490320920944	0.3786517679691314	0.3860659301280975	0.3786517679691314	0.1580490320920944	0.4283269345760345	0.4283269345760345	sub-114935	ses-1		dir-AP	acq-multiband	space-ACPC			DSIStudio	autotrackgqi
ProjectionBasalGanglia_ThalamicRadiationR	dki_kfa	DIPYDKI	/scratch/grmpy/SLURM_11194840_28/job-11194840-28-sub-114935/ds/inputs/data/qsiprep/qsiprep/sub-114935/ses-1/dwi/sub-114935_ses-1_acq-multiband_dir-AP_space-ACPC_desc-preproc_dwi.nii.gz	0.0023162257710593	0.4892074167728424	0.143393874168396	0.4858505725860595	0.4903431832790375	0.4865328669548034	0.141607329249382	0.5135499835014343	0.5140979290008545	sub-114935	ses-1		dir-AP	acq-multiband	space-ACPC			DSIStudio	autotrackgqi
ProjectionBasalGanglia_ThalamicRadiationR	dki_linearity	DIPYDKI	/scratch/grmpy/SLURM_11194840_28/job-11194840-28-sub-114935/ds/inputs/data/qsiprep/qsiprep/sub-114935/ses-1/dwi/sub-114935_ses-1_acq-multiband_dir-AP_space-ACPC_desc-preproc_dwi.nii.gz	0.0	0.1724991351366043	0.1099039316177368	0.1498609334230423	0.1724991351366043	0.1498609334230423	0.1099039316177368	0.2027322351932525	0.2027322351932525	sub-114935	ses-1		dir-AP	acq-multiband	space-ACPC			DSIStudio	autotrackgqi
ProjectionBasalGanglia_ThalamicRadiationR	dki_md	DIPYDKI	/scratch/grmpy/SLURM_11194840_28/job-11194840-28-sub-114935/ds/inputs/data/qsiprep/qsiprep/sub-114935/ses-1/dwi/sub-114935_ses-1_acq-multiband_dir-AP_space-ACPC_desc-preproc_dwi.nii.gz	0.0	0.0009659621864557	0.0003404693270567	0.0009012997616082	0.0009659621864557	0.0009012997616082	0.0003404693270567	0.0009312168695032	0.0009312169859185	sub-114935	ses-1		dir-AP	acq-multiband	space-ACPC			DSIStudio	autotrackgqi
ProjectionBasalGanglia_ThalamicRadiationR	dki_mk	DIPYDKI	/scratch/grmpy/SLURM_11194840_28/job-11194840-28-sub-114935/ds/inputs/data/qsiprep/qsiprep/sub-114935/ses-1/dwi/sub-114935_ses-1_acq-multiband_dir-AP_space-ACPC_desc-preproc_dwi.nii.gz	0.0	1.0028764167786317	0.2464640558395565	1.0541379935378832	1.0028764167786317	1.0541379935378832	0.2464640558395565	1.0615558968517302	1.0615559877020215	sub-114935	ses-1		dir-AP	acq-multiband	space-ACPC			DSIStudio	autotrackgqi
ProjectionBasalGanglia_ThalamicRadiationR	dki_mkt	DIPYDKI	/scratch/grmpy/SLURM_11194840_28/job-11194840-28-sub-114935/ds/inputs/data/qsiprep/qsiprep/sub-114935/ses-1/dwi/sub-114935_ses-1_acq-multiband_dir-AP_space-ACPC_desc-preproc_dwi.nii.gz	0.0	0.984071003983672	0.2080195250166739	1.031713281110355	0.984071003983672	1.031713281110355	0.2080195250166739	1.0374595158429332	1.0374596046818916	sub-114935	ses-1		dir-AP	acq-multiband	space-ACPC			DSIStudio	autotrackgqi
ProjectionBasalGanglia_ThalamicRadiationR	dki_planarity	DIPYDKI	/scratch/grmpy/SLURM_11194840_28/job-11194840-28-sub-114935/ds/inputs/data/qsiprep/qsiprep/sub-114935/ses-1/dwi/sub-114935_ses-1_acq-multiband_dir-AP_space-ACPC_desc-preproc_dwi.nii.gz	0.0	0.1966201514005661	0.1161083951592445	0.178701564669609	0.1966201514005661	0.178701564669609	0.1161083951592445	0.2015811651945114	0.2015811800956726	sub-114935	ses-1		dir-AP	acq-multiband	space-ACPC			DSIStudio	autotrackgqi
ProjectionBasalGanglia_ThalamicRadiationR	dki_rd	DIPYDKI	/scratch/grmpy/SLURM_11194840_28/job-11194840-28-sub-114935/ds/inputs/data/qsiprep/qsiprep/sub-114935/ses-1/dwi/sub-114935_ses-1_acq-multiband_dir-AP_space-ACPC_desc-preproc_dwi.nii.gz	0.0	0.0007597478106617	0.0003362369316164	0.0007098905043676	0.0007597478106617	0.0007098905043676	0.0003362369316164	0.000699995085597	0.0006999951438046	sub-114935	ses-1		dir-AP	acq-multiband	space-ACPC			DSIStudio	autotrackgqi
ProjectionBasalGanglia_ThalamicRadiationR	dki_rk	DIPYDKI	/scratch/grmpy/SLURM_11194840_28/job-11194840-28-sub-114935/ds/inputs/data/qsiprep/qsiprep/sub-114935/ses-1/dwi/sub-114935_ses-1_acq-multiband_dir-AP_space-ACPC_desc-preproc_dwi.nii.gz	0.0	1.2658741294564295	0.5266991994856514	1.2572162085299492	1.2658741294564295	1.2572162085299492	0.5266991994856514	1.3936501134131156	1.393650232558139	sub-114935	ses-1		dir-AP	acq-multiband	space-ACPC			DSIStudio	autotrackgqi
ProjectionBasalGanglia_ThalamicRadiationR	dki_sphericity	DIPYDKI	/scratch/grmpy/SLURM_11194840_28/job-11194840-28-sub-114935/ds/inputs/data/qsiprep/qsiprep/sub-114935/ses-1/dwi/sub-114935_ses-1_acq-multiband_dir-AP_space-ACPC_desc-preproc_dwi.nii.gz	0.0	0.6308807730674744	0.1580987572669983	0.6433773636817932	0.6308807730674744	0.6433773636817932	0.1580987572669983	0.5956866145133972	0.5956866145133972	sub-114935	ses-1		dir-AP	acq-multiband	space-ACPC			DSIStudio	autotrackgqi
ProjectionBasalGanglia_FasciculusSubthalamicusR	dki_ad	DIPYDKI	/scratch/grmpy/SLURM_11194840_28/job-11194840-28-sub-114935/ds/inputs/data/qsiprep/qsiprep/sub-114935/ses-1/dwi/sub-114935_ses-1_acq-multiband_dir-AP_space-ACPC_desc-preproc_dwi.nii.gz	0.0	0.0017515276558697	0.0010559762595221	0.0014650239609181	0.0017515276558697	0.0014650239609181	0.0010559762595221	0.0017859281506389	0.0017859281506389	sub-114935	ses-1		dir-AP	acq-multiband	space-ACPC			DSIStudio	autotrackgqi
ProjectionBasalGanglia_FasciculusSubthalamicusR	dki_ak	DIPYDKI	/scratch/grmpy/SLURM_11194840_28/job-11194840-28-sub-114935/ds/inputs/data/qsiprep/qsiprep/sub-114935/ses-1/dwi/sub-114935_ses-1_acq-multiband_dir-AP_space-ACPC_desc-preproc_dwi.nii.gz	0.0	0.7959497970612123	0.1835100424248626	0.810452458182364	0.7959497970612123	0.810452458182364	0.1835100424248626	0.7523545950002024	0.7523545950002024	sub-114935	ses-1		dir-AP	acq-multiband	space-ACPC			DSIStudio	autotrackgqi
ProjectionBasalGanglia_FasciculusSubthalamicusR	dki_fa	DIPYDKI	/scratch/grmpy/SLURM_11194840_28/job-11194840-28-sub-114935/ds/inputs/data/qsiprep/qsiprep/sub-114935/ses-1/dwi/sub-114935_ses-1_acq-multiband_dir-AP_space-ACPC_desc-preproc_dwi.nii.gz	0.0	0.3763682544231415	0.1596694737672805	0.3418731987476349	0.3763682544231415	0.3418731987476349	0.1596694737672805	0.3764631152153015	0.3764631152153015	sub-114935	ses-1		dir-AP	acq-multiband	space-ACPC			DSIStudio	autotrackgqi
ProjectionBasalGanglia_FasciculusSubthalamicusR	dki_kfa	DIPYDKI	/scratch/grmpy/SLURM_11194840_28/job-11194840-28-sub-114935/ds/inputs/data/qsiprep/qsiprep/sub-114935/ses-1/dwi/sub-114935_ses-1_acq-multiband_dir-AP_space-ACPC_desc-preproc_dwi.nii.gz	0.0024793388429752	0.4862772822380066	0.1624457091093063	0.4960978627204895	0.4874859154224396	0.4964745342731476	0.1608259975910186	0.470355361700058	0.4711103439331054	sub-114935	ses-1		dir-AP	acq-multiband	space-ACPC			DSIStudio	autotrackgqi
ProjectionBasalGanglia_FasciculusSubthalamicusR	dki_linearity	DIPYDKI	/scratch/grmpy/SLURM_11194840_28/job-11194840-28-sub-114935/ds/inputs/data/qsiprep/qsiprep/sub-114935/ses-1/dwi/sub-114935_ses-1_acq-multiband_dir-AP_space-ACPC_desc-preproc_dwi.nii.gz	0.0	0.174792006611824	0.1194188222289085	0.1432382613420486	0.174792006611824	0.1432382613420486	0.1194188222289085	0.1772693991661071	0.1772693991661071	sub-114935	ses-1		dir-AP	acq-multiband	space-ACPC			DSIStudio	autotrackgqi
ProjectionBasalGanglia_FasciculusSubthalamicusR	dki_md	DIPYDKI	/scratch/grmpy/SLURM_11194840_28/job-11194840-28-sub-114935/ds/inputs/data/qsiprep/qsiprep/sub-114935/ses-1/dwi/sub-114935_ses-1_acq-multiband_dir-AP_space-ACPC_desc-preproc_dwi.nii.gz	0.0	0.0012547048972919	0.0008596314000897	0.0009822607971727	0.0012547048972919	0.0009822607971727	0.0008596314000897	0.0012701449450105	0.0012701449450105	sub-114935	ses-1		dir-AP	acq-multiband	space-ACPC			DSIStudio	autotrackgqi
ProjectionBasalGanglia_FasciculusSubthalamicusR	dki_mk	DIPYDKI	/scratch/grmpy/SLURM_11194840_28/job-11194840-28-sub-114935/ds/inputs/data/qsiprep/qsiprep/sub-114935/ses-1/dwi/sub-114935_ses-1_acq-multiband_dir-AP_space-ACPC_desc-preproc_dwi.nii.gz	0.0	0.9190018021939252	0.2552701128954237	0.919851473526916	0.9190018021939252	0.919851473526916	0.2552701128954237	0.8893145070582379	0.8893145070582379	sub-114935	ses-1		dir-AP	acq-multiband	space-ACPC			DSIStudio	autotrackgqi
ProjectionBasalGanglia_FasciculusSubthalamicusR	dki_mkt	DIPYDKI	/scratch/grmpy/SLURM_11194840_28/job-11194840-28-sub-114935/ds/inputs/data/qsiprep/qsiprep/sub-114935/ses-1/dwi/sub-114935_ses-1_acq-multiband_dir-AP_space-ACPC_desc-preproc_dwi.nii.gz	0.0	0.9246657579677664	0.2247139692851011	0.934249925941554	0.9246657579677664	0.934249925941554	0.2247139692851011	0.8919600611240446	0.8919600611240446	sub-114935	ses-1		dir-AP	acq-multiband	space-ACPC			DSIStudio	autotrackgqi
ProjectionBasalGanglia_FasciculusSubthalamicusR	dki_planarity	DIPYDKI	/scratch/grmpy/SLURM_11194840_28/job-11194840-28-sub-114935/ds/inputs/data/qsiprep/qsiprep/sub-114935/ses-1/dwi/sub-114935_ses-1_acq-multiband_dir-AP_space-ACPC_desc-preproc_dwi.nii.gz	0.0	0.175176665186882	0.09970223903656	0.163295716047287	0.175176665186882	0.163295716047287	0.09970223903656	0.165886789560318	0.165886789560318	sub-114935	ses-1		dir-AP	acq-multiband	space-ACPC			DSIStudio	autotrackgqi
ProjectionBasalGanglia_FasciculusSubthalamicusR	dki_rd	DIPYDKI	/scratch/grmpy/SLURM_11194840_28/job-11194840-28-sub-114935/ds/inputs/data/qsiprep/qsiprep/sub-114935/ses-1/dwi/sub-114935_ses-1_acq-multiband_dir-AP_space-ACPC_desc-preproc_dwi.nii.gz	0.0	0.00100629334338	0.0007898777839727	0.0007770728552713	0.00100629334338	0.0007770728552713	0.0007898777839727	0.0010122533421963	0.0010122533421963	sub-114935	ses-1		dir-AP	acq-multiband	space-ACPC			DSIStudio	autotrackgqi
ProjectionBasalGanglia_FasciculusSubthalamicusR	dki_rk	DIPYDKI	/scratch/grmpy/SLURM_11194840_28/job-11194840-28-sub-114935/ds/inputs/data/qsiprep/qsiprep/sub-114935/ses-1/dwi/sub-114935_ses-1_acq-multiband_dir-AP_space-ACPC_desc-preproc_dwi.nii.gz	0.0	1.0878512461568828	0.528612979407643	1.0202364482434985	1.0878512461568828	1.0202364482434985	0.528612979407643	1.0540039681563431	1.0540039681563431	sub-114935	ses-1		dir-AP	acq-multiband	space-ACPC			DSIStudio	autotrackgqi
ProjectionBasalGanglia_FasciculusSubthalamicusR	dki_sphericity	DIPYDKI	/scratch/grmpy/SLURM_11194840_28/job-11194840-28-sub-114935/ds/inputs/data/qsiprep/qsiprep/sub-114935/ses-1/dwi/sub-114935_ses-1_acq-multiband_dir-AP_space-ACPC_desc-preproc_dwi.nii.gz	0.0	0.650031328201294	0.1489240378141403	0.6729716658592224	0.650031328201294	0.6729716658592224	0.1489240378141403	0.6568438410758972	0.6568438410758972	sub-114935	ses-1		dir-AP	acq-multiband	space-ACPC			DSIStudio	autotrackgqi
ProjectionBasalGanglia_FornixR	dki_ad	DIPYDKI	/scratch/grmpy/SLURM_11194840_28/job-11194840-28-sub-114935/ds/inputs/data/qsiprep/qsiprep/sub-114935/ses-1/dwi/sub-114935_ses-1_acq-multiband_dir-AP_space-ACPC_desc-preproc_dwi.nii.gz	0.0	0.002231998136267	0.001282131881453	0.0018517599673941	0.002231998136267	0.0018517599673941	0.001282131881453	0.0021804787684231	0.0021804787684231	sub-114935	ses-1		dir-AP	acq-multiband	space-ACPC			DSIStudio	autotrackgqi
ProjectionBasalGanglia_FornixR	dki_ak	DIPYDKI	/scratch/grmpy/SLURM_11194840_28/job-11194840-28-sub-114935/ds/inputs/data/qsiprep/qsiprep/sub-114935/ses-1/dwi/sub-114935_ses-1_acq-multiband_dir-AP_space-ACPC_desc-preproc_dwi.nii.gz	0.000524934383202	0.6586556694848767	0.1582816735070179	0.6563445846169046	0.6590016020843961	0.6564293851524021	0.1576016375721643	0.6623333309743116	0.6652554685014421	sub-114935	ses-1		dir-AP	acq-multiband	space-ACPC			DSIStudio	autotrackgqi
ProjectionBasalGanglia_FornixR	dki_fa	DIPYDKI	/scratch/grmpy/SLURM_11194840_28/job-11194840-28-sub-114935/ds/inputs/data/qsiprep/qsiprep/sub-114935/ses-1/dwi/sub-114935_ses-1_acq-multiband_dir-AP_space-ACPC_desc-preproc_dwi.nii.gz	0.0	0.3206954300403595	0.165242850780487	0.2959389686584472	0.3206954300403595	0.2959389686584472	0.165242850780487	0.3937100172042846	0.3937100768089294	sub-114935	ses-1		dir-AP	acq-multiband	space-ACPC			DSIStudio	autotrackgqi
ProjectionBasalGanglia_FornixR	dki_kfa	DIPYDKI	/scratch/grmpy/SLURM_11194840_28/job-11194840-28-sub-114935/ds/inputs/data/qsiprep/qsiprep/sub-114935/ses-1/dwi/sub-114935_ses-1_acq-multiband_dir-AP_space-ACPC_desc-preproc_dwi.nii.gz	0.0041994750656167	0.4158060252666473	0.1898548305034637	0.3950881659984588	0.4175595641136169	0.3965814709663391	0.1883206367492675	0.4442600309848785	0.4449991881847381	sub-114935	ses-1		dir-AP	acq-multiband	space-ACPC			DSIStudio	autotrackgqi
ProjectionBasalGanglia_FornixR	dki_linearity	DIPYDKI	/scratch/grmpy/SLURM_11194840_28/job-11194840-28-sub-114935/ds/inputs/data/qsiprep/qsiprep/sub-114935/ses-1/dwi/sub-114935_ses-1_acq-multiband_dir-AP_space-ACPC_desc-preproc_dwi.nii.gz	0.0	0.1554275453090667	0.1194660738110542	0.1248582229018211	0.1554275453090667	0.1248582229018211	0.1194660738110542	0.2187299728393554	0.2187299728393554	sub-114935	ses-1		dir-AP	acq-multiband	space-ACPC			DSIStudio	autotrackgqi
ProjectionBasalGanglia_FornixR	dki_md	DIPYDKI	/scratch/grmpy/SLURM_11194840_28/job-11194840-28-sub-114935/ds/inputs/data/qsiprep/qsiprep/sub-114935/ses-1/dwi/sub-114935_ses-1_acq-multiband_dir-AP_space-ACPC_desc-preproc_dwi.nii.gz	0.0	0.0016766329063102	0.0010635348735377	0.0012342929840087	0.0016766329063102	0.0012342929840087	0.0010635348735377	0.0015275939367711	0.0015275941696017	sub-114935	ses-1		dir-AP	acq-multiband	space-ACPC			DSIStudio	autotrackgqi
ProjectionBasalGanglia_FornixR	dki_mk	DIPYDKI	/scratch/grmpy/SLURM_11194840_28/job-11194840-28-sub-114935/ds/inputs/data/qsiprep/qsiprep/sub-114935/ses-1/dwi/sub-114935_ses-1_acq-multiband_dir-AP_space-ACPC_desc-preproc_dwi.nii.gz	0.000524934383202	0.7622188473077568	0.2432530288893256	0.7559795231752864	0.7626191723326032	0.7562480784512905	0.2426887271274711	0.842664435153556	0.846382172724464	sub-114935	ses-1		dir-AP	acq-multiband	space-ACPC			DSIStudio	autotrackgqi
ProjectionBasalGanglia_FornixR	dki_mkt	DIPYDKI	/scratch/grmpy/SLURM_11194840_28/job-11194840-28-sub-114935/ds/inputs/data/qsiprep/qsiprep/sub-114935/ses-1/dwi/sub-114935_ses-1_acq-multiband_dir-AP_space-ACPC_desc-preproc_dwi.nii.gz	0.0	0.7606655662593275	0.2054400213313024	0.7695356113793258	0.7606655662593275	0.7695356113793258	0.2054400213313024	0.8311565986995904	0.8311566706434099	sub-114935	ses-1		dir-AP	acq-multiband	space-ACPC			DSIStudio	autotrackgqi
ProjectionBasalGanglia_FornixR	dki_planarity	DIPYDKI	/scratch/grmpy/SLURM_11194840_28/job-11194840-28-sub-114935/ds/inputs/data/qsiprep/qsiprep/sub-114935/ses-1/dwi/sub-114935_ses-1_acq-multiband_dir-AP_space-ACPC_desc-preproc_dwi.nii.gz	0.0	0.1278877407312393	0.0875479131937027	0.106984719634056	0.1278877407312393	0.106984719634056	0.0875479131937027	0.1172856539487838	0.1172856613993644	sub-114935	ses-1		dir-AP	acq-multiband	space-ACPC			DSIStudio	autotrackgqi
ProjectionBasalGanglia_FornixR	dki_rd	DIPYDKI	/scratch/grmpy/SLURM_11194840_28/job-11194840-28-sub-114935/ds/inputs/data/qsiprep/qsiprep/sub-114935/ses-1/dwi/sub-114935_ses-1_acq-multiband_dir-AP_space-ACPC_desc-preproc_dwi.nii.gz	0.0	0.0013989502331241	0.0009872274240478	0.0009916226845234	0.0013989502331241	0.0009916226845234	0.0009872274240478	0.0012011516373604	0.0012011517537757	sub-114935	ses-1		dir-AP	acq-multiband	space-ACPC			DSIStudio	autotrackgqi
ProjectionBasalGanglia_FornixR	dki_rk	DIPYDKI	/scratch/grmpy/SLURM_11194840_28/job-11194840-28-sub-114935/ds/inputs/data/qsiprep/qsiprep/sub-114935/ses-1/dwi/sub-114935_ses-1_acq-multiband_dir-AP_space-ACPC_desc-preproc_dwi.nii.gz	0.000524934383202	0.9041139349005828	0.4897505962050877	0.8319795376022612	0.904588784656308	0.8320820328416181	0.4894405758864488	1.109950601751235	1.1148475753085751	sub-114935	ses-1		dir-AP	acq-multiband	space-ACPC			DSIStudio	autotrackgqi
ProjectionBasalGanglia_FornixR	dki_sphericity	DIPYDKI	/scratch/grmpy/SLURM_11194840_28/job-11194840-28-sub-114935/ds/inputs/data/qsiprep/qsiprep/sub-114935/ses-1/dwi/sub-114935_ses-1_acq-multiband_dir-AP_space-ACPC_desc-preproc_dwi.nii.gz	0.0	0.7166847586631775	0.1451511979103088	0.7385136485099792	0.7166847586631775	0.7385136485099792	0.1451511979103088	0.6639843583106995	0.6639844179153442	sub-114935	ses-1		dir-AP	acq-multiband	space-ACPC			DSIStudio	autotrackgqi
ProjectionBasalGanglia_AnsaSubthalamicaL	dki_ad	DIPYDKI	/scratch/grmpy/SLURM_11194840_28/job-11194840-28-sub-114935/ds/inputs/data/qsiprep/qsiprep/sub-114935/ses-1/dwi/sub-114935_ses-1_acq-multiband_dir-AP_space-ACPC_desc-preproc_dwi.nii.gz	0.0	0.0014980002306401	0.0005590172950178	0.0013521405635401	0.0014980002306401	0.0013521405635401	0.0005590172950178	0.0014518548268824	0.0014518549432978	sub-114935	ses-1		dir-AP	acq-multiband	space-ACPC			DSIStudio	autotrackgqi
ProjectionBasalGanglia_AnsaSubthalamicaL	dki_ak	DIPYDKI	/scratch/grmpy/SLURM_11194840_28/job-11194840-28-sub-114935/ds/inputs/data/qsiprep/qsiprep/sub-114935/ses-1/dwi/sub-114935_ses-1_acq-multiband_dir-AP_space-ACPC_desc-preproc_dwi.nii.gz	0.0040268456375838	0.8551543749699383	0.2217629993374569	0.838500401564173	0.8586118724428626	0.8394845598753666	0.2154275185004275	0.8306261736916688	0.8315726767382646	sub-114935	ses-1		dir-AP	acq-multiband	space-ACPC			DSIStudio	autotrackgqi
ProjectionBasalGanglia_AnsaSubthalamicaL	dki_fa	DIPYDKI	/scratch/grmpy/SLURM_11194840_28/job-11194840-28-sub-114935/ds/inputs/data/qsiprep/qsiprep/sub-114935/ses-1/dwi/sub-114935_ses-1_acq-multiband_dir-AP_space-ACPC_desc-preproc_dwi.nii.gz	0.0	0.3823457658290863	0.1460512727499008	0.3800549805164337	0.3823457658290863	0.3800549805164337	0.1460512727499008	0.4083993434906006	0.408399373292923	sub-114935	ses-1		dir-AP	acq-multiband	space-ACPC			DSIStudio	autotrackgqi
ProjectionBasalGanglia_AnsaSubthalamicaL	dki_kfa	DIPYDKI	/scratch/grmpy/SLURM_11194840_28/job-11194840-28-sub-114935/ds/inputs/data/qsiprep/qsiprep/sub-114935/ses-1/dwi/sub-114935_ses-1_acq-multiband_dir-AP_space-ACPC_desc-preproc_dwi.nii.gz	0.0053691275167785	0.5308374762535095	0.163417175412178	0.5393038988113403	0.5337030291557312	0.5433592200279236	0.1591225713491439	0.5613965392112732	0.5618761777877808	sub-114935	ses-1		dir-AP	acq-multiband	space-ACPC			DSIStudio	autotrackgqi
ProjectionBasalGanglia_AnsaSubthalamicaL	dki_linearity	DIPYDKI	/scratch/grmpy/SLURM_11194840_28/job-11194840-28-sub-114935/ds/inputs/data/qsiprep/qsiprep/sub-114935/ses-1/dwi/sub-114935_ses-1_acq-multiband_dir-AP_space-ACPC_desc-preproc_dwi.nii.gz	0.0	0.1641214489936828	0.1061542332172393	0.1418777704238891	0.1641214489936828	0.1418777704238891	0.1061542332172393	0.1835546493530273	0.1835546791553497	sub-114935	ses-1		dir-AP	acq-multiband	space-ACPC			DSIStudio	autotrackgqi
ProjectionBasalGanglia_AnsaSubthalamicaL	dki_md	DIPYDKI	/scratch/grmpy/SLURM_11194840_28/job-11194840-28-sub-114935/ds/inputs/data/qsiprep/qsiprep/sub-114935/ses-1/dwi/sub-114935_ses-1_acq-multiband_dir-AP_space-ACPC_desc-preproc_dwi.nii.gz	0.0	0.0010634633945301	0.0004488283011596	0.0009425034513697	0.0010634633945301	0.0009425034513697	0.0004488283011596	0.0009929193183779	0.0009929193183779	sub-114935	ses-1		dir-AP	acq-multiband	space-ACPC			DSIStudio	autotrackgqi
ProjectionBasalGanglia_AnsaSubthalamicaL	dki_mk	DIPYDKI	/scratch/grmpy/SLURM_11194840_28/job-11194840-28-sub-114935/ds/inputs/data/qsiprep/qsiprep/sub-114935/ses-1/dwi/sub-114935_ses-1_acq-multiband_dir-AP_space-ACPC_desc-preproc_dwi.nii.gz	0.0040268456375838	0.8924535564247672	0.259335456879887	0.9164746149645396	0.8960618592135465	0.916812573617305	0.2535617019313571	0.8922755377687633	0.89329229013496	sub-114935	ses-1		dir-AP	acq-multiband	space-ACPC			DSIStudio	autotrackgqi
ProjectionBasalGanglia_AnsaSubthalamicaL	dki_mkt	DIPYDKI	/scratch/grmpy/SLURM_11194840_28/job-11194840-28-sub-114935/ds/inputs/data/qsiprep/qsiprep/sub-114935/ses-1/dwi/sub-114935_ses-1_acq-multiband_dir-AP_space-ACPC_desc-preproc_dwi.nii.gz	0.0	0.9510969997254812	0.2281846416909718	0.9448467959949064	0.9510969997254812	0.9448467959949064	0.2281846416909718	0.9358247055546988	0.9358247855669226	sub-114935	ses-1		dir-AP	acq-multiband	space-ACPC			DSIStudio	autotrackgqi
ProjectionBasalGanglia_AnsaSubthalamicaL	dki_planarity	DIPYDKI	/scratch/grmpy/SLURM_11194840_28/job-11194840-28-sub-114935/ds/inputs/data/qsiprep/qsiprep/sub-114935/ses-1/dwi/sub-114935_ses-1_acq-multiband_dir-AP_space-ACPC_desc-preproc_dwi.nii.gz	0.0	0.2049071043729782	0.1257517039775848	0.1716718971729278	0.2049071043729782	0.1716718971729278	0.1257517039775848	0.1983441561460495	0.1983441561460495	sub-114935	ses-1		dir-AP	acq-multiband	space-ACPC			DSIStudio	autotrackgqi
ProjectionBasalGanglia_AnsaSubthalamicaL	dki_rd	DIPYDKI	/scratch/grmpy/SLURM_11194840_28/job-11194840-28-sub-114935/ds/inputs/data/qsiprep/qsiprep/sub-114935/ses-1/dwi/sub-114935_ses-1_acq-multiband_dir-AP_space-ACPC_desc-preproc_dwi.nii.gz	0.0	0.000846194976475	0.0004294540558476	0.0007422518683597	0.000846194976475	0.0007422518683597	0.0004294540558476	0.000763451505918	0.0007634515641257	sub-114935	ses-1		dir-AP	acq-multiband	space-ACPC			DSIStudio	autotrackgqi
ProjectionBasalGanglia_AnsaSubthalamicaL	dki_rk	DIPYDKI	/scratch/grmpy/SLURM_11194840_28/job-11194840-28-sub-114935/ds/inputs/data/qsiprep/qsiprep/sub-114935/ses-1/dwi/sub-114935_ses-1_acq-multiband_dir-AP_space-ACPC_desc-preproc_dwi.nii.gz	0.0040268456375838	0.9172066726004384	0.433303347291481	0.9544601909305936	0.9209150553737554	0.9557845386704852	0.4302276019996067	0.9621196673898016	0.9632160068383396	sub-114935	ses-1		dir-AP	acq-multiband	space-ACPC			DSIStudio	autotrackgqi
ProjectionBasalGanglia_AnsaSubthalamicaL	dki_sphericity	DIPYDKI	/scratch/grmpy/SLURM_11194840_28/job-11194840-28-sub-114935/ds/inputs/data/qsiprep/qsiprep/sub-114935/ses-1/dwi/sub-114935_ses-1_acq-multiband_dir-AP_space-ACPC_desc-preproc_dwi.nii.gz	0.0	0.6309714317321777	0.1539096683263778	0.6379274725914001	0.6309714317321777	0.6379274725914001	0.1539096683263778	0.6181012392044067	0.6181012392044067	sub-114935	ses-1		dir-AP	acq-multiband	space-ACPC			DSIStudio	autotrackgqi
ProjectionBrainstem_DentatorubrothalamicTract-lr	dki_ad	DIPYDKI	/scratch/grmpy/SLURM_11194840_28/job-11194840-28-sub-114935/ds/inputs/data/qsiprep/qsiprep/sub-114935/ses-1/dwi/sub-114935_ses-1_acq-multiband_dir-AP_space-ACPC_desc-preproc_dwi.nii.gz	0.0	0.0016701815184205	0.000855173158925	0.0014580221613869	0.0016701815184205	0.0014580221613869	0.000855173158925	0.0017610519425943	0.0017610519425943	sub-114935	ses-1		dir-AP	acq-multiband	space-ACPC			DSIStudio	autotrackgqi
ProjectionBrainstem_DentatorubrothalamicTract-lr	dki_ak	DIPYDKI	/scratch/grmpy/SLURM_11194840_28/job-11194840-28-sub-114935/ds/inputs/data/qsiprep/qsiprep/sub-114935/ses-1/dwi/sub-114935_ses-1_acq-multiband_dir-AP_space-ACPC_desc-preproc_dwi.nii.gz	0.0	0.8280736631701364	0.2026907590026547	0.821858082087169	0.8280736631701364	0.821858082087169	0.2026907590026547	0.8445260717756251	0.8445260717756251	sub-114935	ses-1		dir-AP	acq-multiband	space-ACPC			DSIStudio	autotrackgqi
ProjectionBrainstem_DentatorubrothalamicTract-lr	dki_fa	DIPYDKI	/scratch/grmpy/SLURM_11194840_28/job-11194840-28-sub-114935/ds/inputs/data/qsiprep/qsiprep/sub-114935/ses-1/dwi/sub-114935_ses-1_acq-multiband_dir-AP_space-ACPC_desc-preproc_dwi.nii.gz	0.0	0.4783001840114593	0.1724479794502258	0.4647402763366699	0.4783001840114593	0.4647402763366699	0.1724479794502258	0.501191258430481	0.501191258430481	sub-114935	ses-1		dir-AP	acq-multiband	space-ACPC			DSIStudio	autotrackgqi
ProjectionBrainstem_DentatorubrothalamicTract-lr	dki_kfa	DIPYDKI	/scratch/grmpy/SLURM_11194840_28/job-11194840-28-sub-114935/ds/inputs/data/qsiprep/qsiprep/sub-114935/ses-1/dwi/sub-114935_ses-1_acq-multiband_dir-AP_space-ACPC_desc-preproc_dwi.nii.gz	0.0	0.5303145051002502	0.1480316519737243	0.5371829271316528	0.5303145051002502	0.5371829271316528	0.1480316519737243	0.5377151966094971	0.5377151966094971	sub-114935	ses-1		dir-AP	acq-multiband	space-ACPC			DSIStudio	autotrackgqi
ProjectionBrainstem_DentatorubrothalamicTract-lr	dki_linearity	DIPYDKI	/scratch/grmpy/SLURM_11194840_28/job-11194840-28-sub-114935/ds/inputs/data/qsiprep/qsiprep/sub-114935/ses-1/dwi/sub-114935_ses-1_acq-multiband_dir-AP_space-ACPC_desc-preproc_dwi.nii.gz	0.0	0.2369326800107956	0.1448268741369247	0.199445754289627	0.2369326800107956	0.199445754289627	0.1448268741369247	0.2500808537006378	0.2500808537006378	sub-114935	ses-1		dir-AP	acq-multiband	space-ACPC			DSIStudio	autotrackgqi
ProjectionBrainstem_DentatorubrothalamicTract-lr	dki_md	DIPYDKI	/scratch/grmpy/SLURM_11194840_28/job-11194840-28-sub-114935/ds/inputs/data/qsiprep/qsiprep/sub-114935/ses-1/dwi/sub-114935_ses-1_acq-multiband_dir-AP_space-ACPC_desc-preproc_dwi.nii.gz	0.0	0.0010884711518883	0.0006797355017624	0.000916025484912	0.0010884711518883	0.000916025484912	0.0006797355017624	0.0011459272354841	0.0011459272354841	sub-114935	ses-1		dir-AP	acq-multiband	space-ACPC			DSIStudio	autotrackgqi
ProjectionBrainstem_DentatorubrothalamicTract-lr	dki_mk	DIPYDKI	/scratch/grmpy/SLURM_11194840_28/job-11194840-28-sub-114935/ds/inputs/data/qsiprep/qsiprep/sub-114935/ses-1/dwi/sub-114935_ses-1_acq-multiband_dir-AP_space-ACPC_desc-preproc_dwi.nii.gz	0.0	1.0851679657555449	0.2870550154257617	1.1595958036535337	1.0851679657555449	1.1595958036535337	0.2870550154257617	1.106707245822896	1.106707245822896	sub-114935	ses-1		dir-AP	acq-multiband	space-ACPC			DSIStudio	autotrackgqi
ProjectionBrainstem_DentatorubrothalamicTract-lr	dki_mkt	DIPYDKI	/scratch/grmpy/SLURM_11194840_28/job-11194840-28-sub-114935/ds/inputs/data/qsiprep/qsiprep/sub-114935/ses-1/dwi/sub-114935_ses-1_acq-multiband_dir-AP_space-ACPC_desc-preproc_dwi.nii.gz	0.0	1.0740843246646612	0.2283573408098618	1.1226636449860914	1.0740843246646612	1.1226636449860914	0.2283573408098618	1.1085578168913748	1.1085578168913748	sub-114935	ses-1		dir-AP	acq-multiband	space-ACPC			DSIStudio	autotrackgqi
ProjectionBrainstem_DentatorubrothalamicTract-lr	dki_planarity	DIPYDKI	/scratch/grmpy/SLURM_11194840_28/job-11194840-28-sub-114935/ds/inputs/data/qsiprep/qsiprep/sub-114935/ses-1/dwi/sub-114935_ses-1_acq-multiband_dir-AP_space-ACPC_desc-preproc_dwi.nii.gz	0.0	0.2198211252689361	0.1252652406692505	0.1991838663816452	0.2198211252689361	0.1991838663816452	0.1252652406692505	0.2317331433296203	0.2317331433296203	sub-114935	ses-1		dir-AP	acq-multiband	space-ACPC			DSIStudio	autotrackgqi
ProjectionBrainstem_DentatorubrothalamicTract-lr	dki_rd	DIPYDKI	/scratch/grmpy/SLURM_11194840_28/job-11194840-28-sub-114935/ds/inputs/data/qsiprep/qsiprep/sub-114935/ses-1/dwi/sub-114935_ses-1_acq-multiband_dir-AP_space-ACPC_desc-preproc_dwi.nii.gz	0.0	0.0007976158522069	0.0006263699033297	0.0006737146759405	0.0007976158522069	0.0006737146759405	0.0006263699033297	0.000838364881929	0.000838364881929	sub-114935	ses-1		dir-AP	acq-multiband	space-ACPC			DSIStudio	autotrackgqi
ProjectionBrainstem_DentatorubrothalamicTract-lr	dki_rk	DIPYDKI	/scratch/grmpy/SLURM_11194840_28/job-11194840-28-sub-114935/ds/inputs/data/qsiprep/qsiprep/sub-114935/ses-1/dwi/sub-114935_ses-1_acq-multiband_dir-AP_space-ACPC_desc-preproc_dwi.nii.gz	0.0	1.4272060656688312	0.6514425948775766	1.4594220633071462	1.4272060656688312	1.4594220633071462	0.6514425948775766	1.4624730841801383	1.4624730841801383	sub-114935	ses-1		dir-AP	acq-multiband	space-ACPC			DSIStudio	autotrackgqi
ProjectionBrainstem_DentatorubrothalamicTract-lr	dki_sphericity	DIPYDKI	/scratch/grmpy/SLURM_11194840_28/job-11194840-28-sub-114935/ds/inputs/data/qsiprep/qsiprep/sub-114935/ses-1/dwi/sub-114935_ses-1_acq-multiband_dir-AP_space-ACPC_desc-preproc_dwi.nii.gz	0.0	0.5432461500167847	0.1709362864494323	0.5405683517456055	0.5432461500167847	0.5405683517456055	0.1709362864494323	0.5181860327720642	0.5181860327720642	sub-114935	ses-1		dir-AP	acq-multiband	space-ACPC			DSIStudio	autotrackgqi
ProjectionBasalGanglia_AcousticRadiationL	dki_ad	DIPYDKI	/scratch/grmpy/SLURM_11194840_28/job-11194840-28-sub-114935/ds/inputs/data/qsiprep/qsiprep/sub-114935/ses-1/dwi/sub-114935_ses-1_acq-multiband_dir-AP_space-ACPC_desc-preproc_dwi.nii.gz	0.0	0.0016924598021432	0.000791712955106	0.0015346794389188	0.0016924598021432	0.0015346794389188	0.000791712955106	0.0016259159892797	0.001625916105695	sub-114935	ses-1		dir-AP	acq-multiband	space-ACPC			DSIStudio	autotrackgqi
ProjectionBasalGanglia_AcousticRadiationL	dki_ak	DIPYDKI	/scratch/grmpy/SLURM_11194840_28/job-11194840-28-sub-114935/ds/inputs/data/qsiprep/qsiprep/sub-114935/ses-1/dwi/sub-114935_ses-1_acq-multiband_dir-AP_space-ACPC_desc-preproc_dwi.nii.gz	0.0	0.7948225132985641	0.1937253139688517	0.7799688238410362	0.7948225132985641	0.7799688238410362	0.1937253139688517	0.7957182070731341	0.7957182750452046	sub-114935	ses-1		dir-AP	acq-multiband	space-ACPC			DSIStudio	autotrackgqi
ProjectionBasalGanglia_AcousticRadiationL	dki_fa	DIPYDKI	/scratch/grmpy/SLURM_11194840_28/job-11194840-28-sub-114935/ds/inputs/data/qsiprep/qsiprep/sub-114935/ses-1/dwi/sub-114935_ses-1_acq-multiband_dir-AP_space-ACPC_desc-preproc_dwi.nii.gz	0.0	0.4412224292755127	0.1961425542831421	0.4377600848674774	0.4412224292755127	0.4377600848674774	0.1961425542831421	0.5199483633041382	0.5199483633041382	sub-114935	ses-1		dir-AP	acq-multiband	space-ACPC			DSIStudio	autotrackgqi
ProjectionBasalGanglia_AcousticRadiationL	dki_kfa	DIPYDKI	/scratch/grmpy/SLURM_11194840_28/job-11194840-28-sub-114935/ds/inputs/data/qsiprep/qsiprep/sub-114935/ses-1/dwi/sub-114935_ses-1_acq-multiband_dir-AP_space-ACPC_desc-preproc_dwi.nii.gz	0.001293661060802	0.5318947434425354	0.1813618838787078	0.5538123846054077	0.5325837135314941	0.5544435977935791	0.1804655045270919	0.586270272731781	0.586404025554657	sub-114935	ses-1		dir-AP	acq-multiband	space-ACPC			DSIStudio	autotrackgqi
ProjectionBasalGanglia_AcousticRadiationL	dki_linearity	DIPYDKI	/scratch/grmpy/SLURM_11194840_28/job-11194840-28-sub-114935/ds/inputs/data/qsiprep/qsiprep/sub-114935/ses-1/dwi/sub-114935_ses-1_acq-multiband_dir-AP_space-ACPC_desc-preproc_dwi.nii.gz	0.0	0.2279233187437057	0.1492718607187271	0.1944988220930099	0.2279233187437057	0.1944988220930099	0.1492718607187271	0.2886021137237549	0.2886021137237549	sub-114935	ses-1		dir-AP	acq-multiband	space-ACPC			DSIStudio	autotrackgqi
ProjectionBasalGanglia_AcousticRadiationL	dki_md	DIPYDKI	/scratch/grmpy/SLURM_11194840_28/job-11194840-28-sub-114935/ds/inputs/data/qsiprep/qsiprep/sub-114935/ses-1/dwi/sub-114935_ses-1_acq-multiband_dir-AP_space-ACPC_desc-preproc_dwi.nii.gz	0.0	0.0011384095996618	0.0006602352368645	0.0008989667403511	0.0011384095996618	0.0008989667403511	0.0006602352368645	0.0009953153785318	0.0009953154949471	sub-114935	ses-1		dir-AP	acq-multiband	space-ACPC			DSIStudio	autotrackgqi
ProjectionBasalGanglia_AcousticRadiationL	dki_mk	DIPYDKI	/scratch/grmpy/SLURM_11194840_28/job-11194840-28-sub-114935/ds/inputs/data/qsiprep/qsiprep/sub-114935/ses-1/dwi/sub-114935_ses-1_acq-multiband_dir-AP_space-ACPC_desc-preproc_dwi.nii.gz	0.0	0.964128799571543	0.283785148743906	1.0105262289602983	0.964128799571543	1.0105262289602983	0.283785148743906	1.0209936691325143	1.0209937564607303	sub-114935	ses-1		dir-AP	acq-multiband	space-ACPC			DSIStudio	autotrackgqi
ProjectionBasalGanglia_AcousticRadiationL	dki_mkt	DIPYDKI	/scratch/grmpy/SLURM_11194840_28/job-11194840-28-sub-114935/ds/inputs/data/qsiprep/qsiprep/sub-114935/ses-1/dwi/sub-114935_ses-1_acq-multiband_dir-AP_space-ACPC_desc-preproc_dwi.nii.gz	0.0	0.9575558910675864	0.2266655250051745	0.9981790505045284	0.9575558910675864	0.9981790505045284	0.2266655250051745	0.9998663585020496	0.9998664439961576	sub-114935	ses-1		dir-AP	acq-multiband	space-ACPC			DSIStudio	autotrackgqi
ProjectionBasalGanglia_AcousticRadiationL	dki_planarity	DIPYDKI	/scratch/grmpy/SLURM_11194840_28/job-11194840-28-sub-114935/ds/inputs/data/qsiprep/qsiprep/sub-114935/ses-1/dwi/sub-114935_ses-1_acq-multiband_dir-AP_space-ACPC_desc-preproc_dwi.nii.gz	0.0	0.1800798624753952	0.1080671548843383	0.1602498143911361	0.1800798624753952	0.1602498143911361	0.1080671548843383	0.1819907426834106	0.1819907575845718	sub-114935	ses-1		dir-AP	acq-multiband	space-ACPC			DSIStudio	autotrackgqi
ProjectionBasalGanglia_AcousticRadiationL	dki_rd	DIPYDKI	/scratch/grmpy/SLURM_11194840_28/job-11194840-28-sub-114935/ds/inputs/data/qsiprep/qsiprep/sub-114935/ses-1/dwi/sub-114935_ses-1_acq-multiband_dir-AP_space-ACPC_desc-preproc_dwi.nii.gz	0.0	0.0008613844402134	0.000637486053165	0.0006691813468933	0.0008613844402134	0.0006691813468933	0.000637486053165	0.0006800151313655	0.0006800151895731	sub-114935	ses-1		dir-AP	acq-multiband	space-ACPC			DSIStudio	autotrackgqi
ProjectionBasalGanglia_AcousticRadiationL	dki_rk	DIPYDKI	/scratch/grmpy/SLURM_11194840_28/job-11194840-28-sub-114935/ds/inputs/data/qsiprep/qsiprep/sub-114935/ses-1/dwi/sub-114935_ses-1_acq-multiband_dir-AP_space-ACPC_desc-preproc_dwi.nii.gz	0.0	1.279867893933967	0.6370717296290158	1.2747373471080894	1.279867893933967	1.2747373471080894	0.6370717296290158	1.4578918296527068	1.4578919543702844	sub-114935	ses-1		dir-AP	acq-multiband	space-ACPC			DSIStudio	autotrackgqi
ProjectionBasalGanglia_AcousticRadiationL	dki_sphericity	DIPYDKI	/scratch/grmpy/SLURM_11194840_28/job-11194840-28-sub-114935/ds/inputs/data/qsiprep/qsiprep/sub-114935/ses-1/dwi/sub-114935_ses-1_acq-multiband_dir-AP_space-ACPC_desc-preproc_dwi.nii.gz	0.0	0.5919968485832214	0.1877351254224777	0.5953243970870972	0.5919968485832214	0.5953243970870972	0.1877351254224777	0.5294071435928345	0.529407262802124	sub-114935	ses-1		dir-AP	acq-multiband	space-ACPC			DSIStudio	autotrackgqi
ProjectionBrainstem_DentatorubrothalamicTract-rl	dki_ad	DIPYDKI	/scratch/grmpy/SLURM_11194840_28/job-11194840-28-sub-114935/ds/inputs/data/qsiprep/qsiprep/sub-114935/ses-1/dwi/sub-114935_ses-1_acq-multiband_dir-AP_space-ACPC_desc-preproc_dwi.nii.gz	0.0	0.0015454884851351	0.0003989186370745	0.0014575800159946	0.0015454884851351	0.0014575800159946	0.0003989186370745	0.0015776174841448	0.0015776174841448	sub-114935	ses-1		dir-AP	acq-multiband	space-ACPC			DSIStudio	autotrackgqi
ProjectionBrainstem_DentatorubrothalamicTract-rl	dki_ak	DIPYDKI	/scratch/grmpy/SLURM_11194840_28/job-11194840-28-sub-114935/ds/inputs/data/qsiprep/qsiprep/sub-114935/ses-1/dwi/sub-114935_ses-1_acq-multiband_dir-AP_space-ACPC_desc-preproc_dwi.nii.gz	0.0019230769230769	0.8618715010887937	0.1575443921351631	0.8492842852808246	0.8635321398192153	0.8495453849265581	0.1530818204969664	0.8662451567920177	0.867506610295928	sub-114935	ses-1		dir-AP	acq-multiband	space-ACPC			DSIStudio	autotrackgqi
ProjectionBrainstem_DentatorubrothalamicTract-rl	dki_fa	DIPYDKI	/scratch/grmpy/SLURM_11194840_28/job-11194840-28-sub-114935/ds/inputs/data/qsiprep/qsiprep/sub-114935/ses-1/dwi/sub-114935_ses-1_acq-multiband_dir-AP_space-ACPC_desc-preproc_dwi.nii.gz	0.0	0.4888339638710022	0.1638995558023452	0.4838466048240661	0.4888339638710022	0.4838466048240661	0.1638995558023452	0.5004979372024536	0.5004979372024536	sub-114935	ses-1		dir-AP	acq-multiband	space-ACPC			DSIStudio	autotrackgqi
ProjectionBrainstem_DentatorubrothalamicTract-rl	dki_kfa	DIPYDKI	/scratch/grmpy/SLURM_11194840_28/job-11194840-28-sub-114935/ds/inputs/data/qsiprep/qsiprep/sub-114935/ses-1/dwi/sub-114935_ses-1_acq-multiband_dir-AP_space-ACPC_desc-preproc_dwi.nii.gz	0.0	0.5383089780807495	0.1447732597589492	0.5375558733940125	0.5383089780807495	0.5375558733940125	0.1447732597589492	0.5508174896240234	0.5508174896240234	sub-114935	ses-1		dir-AP	acq-multiband	space-ACPC			DSIStudio	autotrackgqi
ProjectionBrainstem_DentatorubrothalamicTract-rl	dki_linearity	DIPYDKI	/scratch/grmpy/SLURM_11194840_28/job-11194840-28-sub-114935/ds/inputs/data/qsiprep/qsiprep/sub-114935/ses-1/dwi/sub-114935_ses-1_acq-multiband_dir-AP_space-ACPC_desc-preproc_dwi.nii.gz	0.0	0.2433397024869918	0.142816886305809	0.2179508358240127	0.2433397024869918	0.2179508358240127	0.142816886305809	0.2491116225719452	0.2491116225719452	sub-114935	ses-1		dir-AP	acq-multiband	space-ACPC			DSIStudio	autotrackgqi
ProjectionBrainstem_DentatorubrothalamicTract-rl	dki_md	DIPYDKI	/scratch/grmpy/SLURM_11194840_28/job-11194840-28-sub-114935/ds/inputs/data/qsiprep/qsiprep/sub-114935/ses-1/dwi/sub-114935_ses-1_acq-multiband_dir-AP_space-ACPC_desc-preproc_dwi.nii.gz	0.0	0.0009756915969774	0.000256080267718	0.0009295495110563	0.0009756915969774	0.0009295495110563	0.000256080267718	0.00098641612567	0.00098641612567	sub-114935	ses-1		dir-AP	acq-multiband	space-ACPC			DSIStudio	autotrackgqi
ProjectionBrainstem_DentatorubrothalamicTract-rl	dki_mk	DIPYDKI	/scratch/grmpy/SLURM_11194840_28/job-11194840-28-sub-114935/ds/inputs/data/qsiprep/qsiprep/sub-114935/ses-1/dwi/sub-114935_ses-1_acq-multiband_dir-AP_space-ACPC_desc-preproc_dwi.nii.gz	0.0019230769230769	1.159484845795388	0.2409218852323476	1.1947697315025692	1.1617189206427778	1.1951619962632098	0.2357113163822678	1.1671837634899926	1.1688834523816911	sub-114935	ses-1		dir-AP	acq-multiband	space-ACPC			DSIStudio	autotrackgqi
ProjectionBrainstem_DentatorubrothalamicTract-rl	dki_mkt	DIPYDKI	/scratch/grmpy/SLURM_11194840_28/job-11194840-28-sub-114935/ds/inputs/data/qsiprep/qsiprep/sub-114935/ses-1/dwi/sub-114935_ses-1_acq-multiband_dir-AP_space-ACPC_desc-preproc_dwi.nii.gz	0.0	1.1379422290330932	0.1509849683351288	1.153682435284612	1.1379422290330932	1.153682435284612	0.1509849683351288	1.1532923406907014	1.1532923406907014	sub-114935	ses-1		dir-AP	acq-multiband	space-ACPC			DSIStudio	autotrackgqi
ProjectionBrainstem_DentatorubrothalamicTract-rl	dki_planarity	DIPYDKI	/scratch/grmpy/SLURM_11194840_28/job-11194840-28-sub-114935/ds/inputs/data/qsiprep/qsiprep/sub-114935/ses-1/dwi/sub-114935_ses-1_acq-multiband_dir-AP_space-ACPC_desc-preproc_dwi.nii.gz	0.0	0.2226006984710693	0.1182077974081039	0.2125568091869354	0.2226006984710693	0.2125568091869354	0.1182077974081039	0.2304857075214386	0.2304857075214386	sub-114935	ses-1		dir-AP	acq-multiband	space-ACPC			DSIStudio	autotrackgqi
ProjectionBrainstem_DentatorubrothalamicTract-rl	dki_rd	DIPYDKI	/scratch/grmpy/SLURM_11194840_28/job-11194840-28-sub-114935/ds/inputs/data/qsiprep/qsiprep/sub-114935/ses-1/dwi/sub-114935_ses-1_acq-multiband_dir-AP_space-ACPC_desc-preproc_dwi.nii.gz	0.0	0.0006907931528985	0.0002630849194247	0.0006669092690572	0.0006907931528985	0.0006669092690572	0.0002630849194247	0.0006908155046403	0.0006908155046403	sub-114935	ses-1		dir-AP	acq-multiband	space-ACPC			DSIStudio	autotrackgqi
ProjectionBrainstem_DentatorubrothalamicTract-rl	dki_rk	DIPYDKI	/scratch/grmpy/SLURM_11194840_28/job-11194840-28-sub-114935/ds/inputs/data/qsiprep/qsiprep/sub-114935/ses-1/dwi/sub-114935_ses-1_acq-multiband_dir-AP_space-ACPC_desc-preproc_dwi.nii.gz	0.0019230769230769	1.5525220693212076	0.5808921382185095	1.5472688639829244	1.5555134413237537	1.547376482239951	0.5774363358549417	1.5522114272853926	1.5544718051589044	sub-114935	ses-1		dir-AP	acq-multiband	space-ACPC			DSIStudio	autotrackgqi
ProjectionBrainstem_DentatorubrothalamicTract-rl	dki_sphericity	DIPYDKI	/scratch/grmpy/SLURM_11194840_28/job-11194840-28-sub-114935/ds/inputs/data/qsiprep/qsiprep/sub-114935/ses-1/dwi/sub-114935_ses-1_acq-multiband_dir-AP_space-ACPC_desc-preproc_dwi.nii.gz	0.0	0.5340595841407776	0.1601695865392685	0.5394918918609619	0.5340595841407776	0.5394918918609619	0.1601695865392685	0.5204026699066162	0.5204026699066162	sub-114935	ses-1		dir-AP	acq-multiband	space-ACPC			DSIStudio	autotrackgqi
ProjectionBasalGanglia_ThalamicRadiationL	dki_ad	DIPYDKI	/scratch/grmpy/SLURM_11194840_28/job-11194840-28-sub-114935/ds/inputs/data/qsiprep/qsiprep/sub-114935/ses-1/dwi/sub-114935_ses-1_acq-multiband_dir-AP_space-ACPC_desc-preproc_dwi.nii.gz	0.0	0.0013348382199183	0.0002836249186657	0.0013078094925731	0.0013348382199183	0.0013078094925731	0.0002836249186657	0.0013914710143581	0.0013914707815274	sub-114935	ses-1		dir-AP	acq-multiband	space-ACPC			DSIStudio	autotrackgqi
ProjectionBasalGanglia_ThalamicRadiationL	dki_ak	DIPYDKI	/scratch/grmpy/SLURM_11194840_28/job-11194840-28-sub-114935/ds/inputs/data/qsiprep/qsiprep/sub-114935/ses-1/dwi/sub-114935_ses-1_acq-multiband_dir-AP_space-ACPC_desc-preproc_dwi.nii.gz	0.0	0.8240169755243084	0.1533306267612208	0.8155181057679866	0.8240169755243084	0.8155181057679866	0.1533306267612208	0.8318571174546568	0.8318570219392022	sub-114935	ses-1		dir-AP	acq-multiband	space-ACPC			DSIStudio	autotrackgqi
ProjectionBasalGanglia_ThalamicRadiationL	dki_fa	DIPYDKI	/scratch/grmpy/SLURM_11194840_28/job-11194840-28-sub-114935/ds/inputs/data/qsiprep/qsiprep/sub-114935/ses-1/dwi/sub-114935_ses-1_acq-multiband_dir-AP_space-ACPC_desc-preproc_dwi.nii.gz	0.0	0.3948977887630462	0.1735566258430481	0.3946510851383209	0.3948977887630462	0.3946510851383209	0.1735566258430481	0.4630751311779022	0.4630750715732574	sub-114935	ses-1		dir-AP	acq-multiband	space-ACPC			DSIStudio	autotrackgqi
ProjectionBasalGanglia_ThalamicRadiationL	dki_kfa	DIPYDKI	/scratch/grmpy/SLURM_11194840_28/job-11194840-28-sub-114935/ds/inputs/data/qsiprep/qsiprep/sub-114935/ses-1/dwi/sub-114935_ses-1_acq-multiband_dir-AP_space-ACPC_desc-preproc_dwi.nii.gz	0.0015844512517164	0.4912177324295044	0.1412689387798309	0.4932649135589599	0.4919973015785217	0.493553876876831	0.140018031001091	0.5288848876953125	0.5291788578033447	sub-114935	ses-1		dir-AP	acq-multiband	space-ACPC			DSIStudio	autotrackgqi
ProjectionBasalGanglia_ThalamicRadiationL	dki_linearity	DIPYDKI	/scratch/grmpy/SLURM_11194840_28/job-11194840-28-sub-114935/ds/inputs/data/qsiprep/qsiprep/sub-114935/ses-1/dwi/sub-114935_ses-1_acq-multiband_dir-AP_space-ACPC_desc-preproc_dwi.nii.gz	0.0	0.1800974160432815	0.1244883611798286	0.1516690254211425	0.1800974160432815	0.1516690254211425	0.1244883611798286	0.2272944897413253	0.2272944748401641	sub-114935	ses-1		dir-AP	acq-multiband	space-ACPC			DSIStudio	autotrackgqi
ProjectionBasalGanglia_ThalamicRadiationL	dki_md	DIPYDKI	/scratch/grmpy/SLURM_11194840_28/job-11194840-28-sub-114935/ds/inputs/data/qsiprep/qsiprep/sub-114935/ses-1/dwi/sub-114935_ses-1_acq-multiband_dir-AP_space-ACPC_desc-preproc_dwi.nii.gz	0.0	0.0009217494516633	0.0001864277437562	0.0008935591904446	0.0009217494516633	0.0008935591904446	0.0001864277437562	0.0008945234003476	0.0008945232839323	sub-114935	ses-1		dir-AP	acq-multiband	space-ACPC			DSIStudio	autotrackgqi
ProjectionBasalGanglia_ThalamicRadiationL	dki_mk	DIPYDKI	/scratch/grmpy/SLURM_11194840_28/job-11194840-28-sub-114935/ds/inputs/data/qsiprep/qsiprep/sub-114935/ses-1/dwi/sub-114935_ses-1_acq-multiband_dir-AP_space-ACPC_desc-preproc_dwi.nii.gz	0.0	1.0306899649123171	0.2427483700009312	1.084304789887437	1.0306899649123171	1.084304789887437	0.2427483700009312	1.0997003377329857	1.0997002113030487	sub-114935	ses-1		dir-AP	acq-multiband	space-ACPC			DSIStudio	autotrackgqi
ProjectionBasalGanglia_ThalamicRadiationL	dki_mkt	DIPYDKI	/scratch/grmpy/SLURM_11194840_28/job-11194840-28-sub-114935/ds/inputs/data/qsiprep/qsiprep/sub-114935/ses-1/dwi/sub-114935_ses-1_acq-multiband_dir-AP_space-ACPC_desc-preproc_dwi.nii.gz	0.0	1.0050576073617137	0.2038422153349183	1.0557653059315015	1.0050576073617137	1.0557653059315015	0.2038422153349183	1.063125257457046	1.063125135343631	sub-114935	ses-1		dir-AP	acq-multiband	space-ACPC			DSIStudio	autotrackgqi
ProjectionBasalGanglia_ThalamicRadiationL	dki_planarity	DIPYDKI	/scratch/grmpy/SLURM_11194840_28/job-11194840-28-sub-114935/ds/inputs/data/qsiprep/qsiprep/sub-114935/ses-1/dwi/sub-114935_ses-1_acq-multiband_dir-AP_space-ACPC_desc-preproc_dwi.nii.gz	0.0	0.1974624991416931	0.1146533489227294	0.1800789684057235	0.1974624991416931	0.1800789684057235	0.1146533489227294	0.2065376490354538	0.2065376192331314	sub-114935	ses-1		dir-AP	acq-multiband	space-ACPC			DSIStudio	autotrackgqi
ProjectionBasalGanglia_ThalamicRadiationL	dki_rd	DIPYDKI	/scratch/grmpy/SLURM_11194840_28/job-11194840-28-sub-114935/ds/inputs/data/qsiprep/qsiprep/sub-114935/ses-1/dwi/sub-114935_ses-1_acq-multiband_dir-AP_space-ACPC_desc-preproc_dwi.nii.gz	0.0	0.000715205038432	0.0002220509632024	0.0006955958670005	0.000715205038432	0.0006955958670005	0.0002220509632024	0.0006460496224462	0.0006460495642386	sub-114935	ses-1		dir-AP	acq-multiband	space-ACPC			DSIStudio	autotrackgqi
ProjectionBasalGanglia_ThalamicRadiationL	dki_rk	DIPYDKI	/scratch/grmpy/SLURM_11194840_28/job-11194840-28-sub-114935/ds/inputs/data/qsiprep/qsiprep/sub-114935/ses-1/dwi/sub-114935_ses-1_acq-multiband_dir-AP_space-ACPC_desc-preproc_dwi.nii.gz	0.0	1.320886283419897	0.5349232452443332	1.31750359508427	1.320886283419897	1.31750359508427	0.5349232452443332	1.4874026150693516	1.4874024438564466	sub-114935	ses-1		dir-AP	acq-multiband	space-ACPC			DSIStudio	autotrackgqi
ProjectionBasalGanglia_ThalamicRadiationL	dki_sphericity	DIPYDKI	/scratch/grmpy/SLURM_11194840_28/job-11194840-28-sub-114935/ds/inputs/data/qsiprep/qsiprep/sub-114935/ses-1/dwi/sub-114935_ses-1_acq-multiband_dir-AP_space-ACPC_desc-preproc_dwi.nii.gz	0.0	0.6224400401115417	0.1661286205053329	0.6199673414230347	0.6224400401115417	0.6199673414230347	0.1661286205053329	0.5661678314208984	0.5661677718162537	sub-114935	ses-1		dir-AP	acq-multiband	space-ACPC			DSIStudio	autotrackgqi
ProjectionBrainstem_MedialForebrainBundleR	dki_ad	DIPYDKI	/scratch/grmpy/SLURM_11194840_28/job-11194840-28-sub-114935/ds/inputs/data/qsiprep/qsiprep/sub-114935/ses-1/dwi/sub-114935_ses-1_acq-multiband_dir-AP_space-ACPC_desc-preproc_dwi.nii.gz	0.0046320123520329	0.001869574189186	0.0010448143584653	0.0015571494586765	0.0018782743718475	0.0015602984931319	0.0010394111741334	0.0017669463995844	0.001769678434357	sub-114935	ses-1		dir-AP	acq-multiband	space-ACPC			DSIStudio	autotrackgqi
ProjectionBrainstem_MedialForebrainBundleR	dki_ak	DIPYDKI	/scratch/grmpy/SLURM_11194840_28/job-11194840-28-sub-114935/ds/inputs/data/qsiprep/qsiprep/sub-114935/ses-1/dwi/sub-114935_ses-1_acq-multiband_dir-AP_space-ACPC_desc-preproc_dwi.nii.gz	0.0097786927431806	0.8394176654153886	0.2231349885825577	0.8463925149437405	0.8477071330052495	0.8498420766364518	0.2079756328092084	0.844144311425249	0.8477187610682533	sub-114935	ses-1		dir-AP	acq-multiband	space-ACPC			DSIStudio	autotrackgqi
ProjectionBrainstem_MedialForebrainBundleR	dki_fa	DIPYDKI	/scratch/grmpy/SLURM_11194840_28/job-11194840-28-sub-114935/ds/inputs/data/qsiprep/qsiprep/sub-114935/ses-1/dwi/sub-114935_ses-1_acq-multiband_dir-AP_space-ACPC_desc-preproc_dwi.nii.gz	0.0061760164693772	0.3992402851581573	0.1700432449579239	0.3824471533298492	0.401721328496933	0.3845946788787842	0.1676237136125564	0.4481467604637146	0.449004977941513	sub-114935	ses-1		dir-AP	acq-multiband	space-ACPC			DSIStudio	autotrackgqi
ProjectionBrainstem_MedialForebrainBundleR	dki_kfa	DIPYDKI	/scratch/grmpy/SLURM_11194840_28/job-11194840-28-sub-114935/ds/inputs/data/qsiprep/qsiprep/sub-114935/ses-1/dwi/sub-114935_ses-1_acq-multiband_dir-AP_space-ACPC_desc-preproc_dwi.nii.gz	0.0077200205867215	0.4796294867992401	0.18414868414402	0.4791436493396759	0.4833610355854034	0.4811000823974609	0.1799190789461136	0.5268080830574036	0.5292090177536011	sub-114935	ses-1		dir-AP	acq-multiband	space-ACPC			DSIStudio	autotrackgqi
ProjectionBrainstem_MedialForebrainBundleR	dki_linearity	DIPYDKI	/scratch/grmpy/SLURM_11194840_28/job-11194840-28-sub-114935/ds/inputs/data/qsiprep/qsiprep/sub-114935/ses-1/dwi/sub-114935_ses-1_acq-multiband_dir-AP_space-ACPC_desc-preproc_dwi.nii.gz	0.0061760164693772	0.1899164170026779	0.1259938776493072	0.1641412526369094	0.1910966336727142	0.164893701672554	0.1254893392324447	0.224037230014801	0.2244662940502166	sub-114935	ses-1		dir-AP	acq-multiband	space-ACPC			DSIStudio	autotrackgqi
ProjectionBrainstem_MedialForebrainBundleR	dki_md	DIPYDKI	/scratch/grmpy/SLURM_11194840_28/job-11194840-28-sub-114935/ds/inputs/data/qsiprep/qsiprep/sub-114935/ses-1/dwi/sub-114935_ses-1_acq-multiband_dir-AP_space-ACPC_desc-preproc_dwi.nii.gz	0.0046320123520329	0.0013255197554826	0.0008799592033028	0.0010285099269822	0.0013316882541403	0.0010293454397469	0.0008773353183642	0.0011905570281669	0.0011923979036509	sub-114935	ses-1		dir-AP	acq-multiband	space-ACPC			DSIStudio	autotrackgqi
ProjectionBrainstem_MedialForebrainBundleR	dki_mk	DIPYDKI	/scratch/grmpy/SLURM_11194840_28/job-11194840-28-sub-114935/ds/inputs/data/qsiprep/qsiprep/sub-114935/ses-1/dwi/sub-114935_ses-1_acq-multiband_dir-AP_space-ACPC_desc-preproc_dwi.nii.gz	0.0097786927431806	0.9494822973951124	0.2999140697979254	1.0087232622284712	0.958858681828848	1.0110508859319904	0.2860875494602117	0.9370897295788018	0.9410577475979388	sub-114935	ses-1		dir-AP	acq-multiband	space-ACPC			DSIStudio	autotrackgqi
ProjectionBrainstem_MedialForebrainBundleR	dki_mkt	DIPYDKI	/scratch/grmpy/SLURM_11194840_28/job-11194840-28-sub-114935/ds/inputs/data/qsiprep/qsiprep/sub-114935/ses-1/dwi/sub-114935_ses-1_acq-multiband_dir-AP_space-ACPC_desc-preproc_dwi.nii.gz	0.0046320123520329	1.0095102530450897	0.4261677688483359	1.0370042342562942	1.014208077387078	1.0381589935228837	0.4215442704832746	1.014253832693051	1.0158220813536485	sub-114935	ses-1		dir-AP	acq-multiband	space-ACPC			DSIStudio	autotrackgqi
ProjectionBrainstem_MedialForebrainBundleR	dki_planarity	DIPYDKI	/scratch/grmpy/SLURM_11194840_28/job-11194840-28-sub-114935/ds/inputs/data/qsiprep/qsiprep/sub-114935/ses-1/dwi/sub-114935_ses-1_acq-multiband_dir-AP_space-ACPC_desc-preproc_dwi.nii.gz	0.0061760164693772	0.1839833259582519	0.1237939074635505	0.1566773802042007	0.1851266771554947	0.1577572524547577	0.1233227550983429	0.1974410116672516	0.1978191137313842	sub-114935	ses-1		dir-AP	acq-multiband	space-ACPC			DSIStudio	autotrackgqi
ProjectionBrainstem_MedialForebrainBundleR	dki_rd	DIPYDKI	/scratch/grmpy/SLURM_11194840_28/job-11194840-28-sub-114935/ds/inputs/data/qsiprep/qsiprep/sub-114935/ses-1/dwi/sub-114935_ses-1_acq-multiband_dir-AP_space-ACPC_desc-preproc_dwi.nii.gz	0.0046320123520329	0.0010534925386309	0.000821161782369	0.0008080611005425	0.0010583950206637	0.0008112862124107	0.0008199121220968	0.0009023623424582	0.0009037576382979	sub-114935	ses-1		dir-AP	acq-multiband	space-ACPC			DSIStudio	autotrackgqi
ProjectionBrainstem_MedialForebrainBundleR	dki_rk	DIPYDKI	/scratch/grmpy/SLURM_11194840_28/job-11194840-28-sub-114935/ds/inputs/data/qsiprep/qsiprep/sub-114935/ses-1/dwi/sub-114935_ses-1_acq-multiband_dir-AP_space-ACPC_desc-preproc_dwi.nii.gz	0.0097786927431806	1.0842993646162438	0.518068584074999	1.107165515516264	1.095007102624408	1.1120410343602476	0.5092351908289109	1.0865954922046843	1.0911965775434465	sub-114935	ses-1		dir-AP	acq-multiband	space-ACPC			DSIStudio	autotrackgqi
ProjectionBrainstem_MedialForebrainBundleR	dki_sphericity	DIPYDKI	/scratch/grmpy/SLURM_11194840_28/job-11194840-28-sub-114935/ds/inputs/data/qsiprep/qsiprep/sub-114935/ses-1/dwi/sub-114935_ses-1_acq-multiband_dir-AP_space-ACPC_desc-preproc_dwi.nii.gz	0.0046320123520329	0.621468186378479	0.1789211332798004	0.6577161550521851	0.6243602633476257	0.6587646007537842	0.1742299199104309	0.5769779682159424	0.5778700709342957	sub-114935	ses-1		dir-AP	acq-multiband	space-ACPC			DSIStudio	autotrackgqi
ProjectionBrainstem_CorticospinalTractR	dki_ad	DIPYDKI	/scratch/grmpy/SLURM_11194840_28/job-11194840-28-sub-114935/ds/inputs/data/qsiprep/qsiprep/sub-114935/ses-1/dwi/sub-114935_ses-1_acq-multiband_dir-AP_space-ACPC_desc-preproc_dwi.nii.gz	0.0	0.0015245872782543	0.0003735489153768	0.0014701439067721	0.0015245872782543	0.0014701439067721	0.0003735489153768	0.0015815913211554	0.0015815913211554	sub-114935	ses-1		dir-AP	acq-multiband	space-ACPC			DSIStudio	autotrackgqi
ProjectionBrainstem_CorticospinalTractR	dki_ak	DIPYDKI	/scratch/grmpy/SLURM_11194840_28/job-11194840-28-sub-114935/ds/inputs/data/qsiprep/qsiprep/sub-114935/ses-1/dwi/sub-114935_ses-1_acq-multiband_dir-AP_space-ACPC_desc-preproc_dwi.nii.gz	0.0017543859649122	0.8526406254864498	0.1738783553143355	0.8363695445614521	0.8541391151621729	0.8367435505372282	0.1703141173483818	0.8362299827196067	0.8393475906691962	sub-114935	ses-1		dir-AP	acq-multiband	space-ACPC			DSIStudio	autotrackgqi
ProjectionBrainstem_CorticospinalTractR	dki_fa	DIPYDKI	/scratch/grmpy/SLURM_11194840_28/job-11194840-28-sub-114935/ds/inputs/data/qsiprep/qsiprep/sub-114935/ses-1/dwi/sub-114935_ses-1_acq-multiband_dir-AP_space-ACPC_desc-preproc_dwi.nii.gz	0.0	0.5221421718597412	0.1660620719194412	0.5337452292442322	0.5221421718597412	0.5337452292442322	0.1660620719194412	0.5813993215560913	0.5813993215560913	sub-114935	ses-1		dir-AP	acq-multiband	space-ACPC			DSIStudio	autotrackgqi
ProjectionBrainstem_CorticospinalTractR	dki_kfa	DIPYDKI	/scratch/grmpy/SLURM_11194840_28/job-11194840-28-sub-114935/ds/inputs/data/qsiprep/qsiprep/sub-114935/ses-1/dwi/sub-114935_ses-1_acq-multiband_dir-AP_space-ACPC_desc-preproc_dwi.nii.gz	0.0	0.5625299215316772	0.1217703893780708	0.568311870098114	0.5625299215316772	0.568311870098114	0.1217703893780708	0.59271240234375	0.59271240234375	sub-114935	ses-1		dir-AP	acq-multiband	space-ACPC			DSIStudio	autotrackgqi
ProjectionBrainstem_CorticospinalTractR	dki_linearity	DIPYDKI	/scratch/grmpy/SLURM_11194840_28/job-11194840-28-sub-114935/ds/inputs/data/qsiprep/qsiprep/sub-114935/ses-1/dwi/sub-114935_ses-1_acq-multiband_dir-AP_space-ACPC_desc-preproc_dwi.nii.gz	0.0	0.26228067278862	0.1402753740549087	0.2554512917995453	0.26228067278862	0.2554512917995453	0.1402753740549087	0.3029482364654541	0.3029482364654541	sub-114935	ses-1		dir-AP	acq-multiband	space-ACPC			DSIStudio	autotrackgqi
ProjectionBrainstem_CorticospinalTractR	dki_md	DIPYDKI	/scratch/grmpy/SLURM_11194840_28/job-11194840-28-sub-114935/ds/inputs/data/qsiprep/qsiprep/sub-114935/ses-1/dwi/sub-114935_ses-1_acq-multiband_dir-AP_space-ACPC_desc-preproc_dwi.nii.gz	0.0	0.0009337055962532	0.0002436015201965	0.0008882894762791	0.0009337055962532	0.0008882894762791	0.0002436015201965	0.0009115768480114	0.0009115768480114	sub-114935	ses-1		dir-AP	acq-multiband	space-ACPC			DSIStudio	autotrackgqi
ProjectionBrainstem_CorticospinalTractR	dki_mk	DIPYDKI	/scratch/grmpy/SLURM_11194840_28/job-11194840-28-sub-114935/ds/inputs/data/qsiprep/qsiprep/sub-114935/ses-1/dwi/sub-114935_ses-1_acq-multiband_dir-AP_space-ACPC_desc-preproc_dwi.nii.gz	0.0017543859649122	1.157359905562517	0.2421450315757234	1.1914164812000911	1.1593939300011156	1.1916985673858322	0.2374426847916416	1.1907525886867254	1.195191917514402	sub-114935	ses-1		dir-AP	acq-multiband	space-ACPC			DSIStudio	autotrackgqi
ProjectionBrainstem_CorticospinalTractR	dki_mkt	DIPYDKI	/scratch/grmpy/SLURM_11194840_28/job-11194840-28-sub-114935/ds/inputs/data/qsiprep/qsiprep/sub-114935/ses-1/dwi/sub-114935_ses-1_acq-multiband_dir-AP_space-ACPC_desc-preproc_dwi.nii.gz	0.0	1.1400476598421403	0.1334748880865698	1.158664513735376	1.1400476598421403	1.158664513735376	0.1334748880865698	1.1717660397901493	1.1717660397901493	sub-114935	ses-1		dir-AP	acq-multiband	space-ACPC			DSIStudio	autotrackgqi
ProjectionBrainstem_CorticospinalTractR	dki_planarity	DIPYDKI	/scratch/grmpy/SLURM_11194840_28/job-11194840-28-sub-114935/ds/inputs/data/qsiprep/qsiprep/sub-114935/ses-1/dwi/sub-114935_ses-1_acq-multiband_dir-AP_space-ACPC_desc-preproc_dwi.nii.gz	0.0	0.2464264929294586	0.127411887049675	0.2361651957035064	0.2464264929294586	0.2361651957035064	0.127411887049675	0.2694518566131592	0.2694518566131592	sub-114935	ses-1		dir-AP	acq-multiband	space-ACPC			DSIStudio	autotrackgqi
ProjectionBrainstem_CorticospinalTractR	dki_rd	DIPYDKI	/scratch/grmpy/SLURM_11194840_28/job-11194840-28-sub-114935/ds/inputs/data/qsiprep/qsiprep/sub-114935/ses-1/dwi/sub-114935_ses-1_acq-multiband_dir-AP_space-ACPC_desc-preproc_dwi.nii.gz	0.0	0.0006382646388374	0.0002584966714493	0.0006020734435878	0.0006382646388374	0.0006020734435878	0.0002584966714493	0.0005765696405433	0.0005765696405433	sub-114935	ses-1		dir-AP	acq-multiband	space-ACPC			DSIStudio	autotrackgqi
ProjectionBrainstem_CorticospinalTractR	dki_rk	DIPYDKI	/scratch/grmpy/SLURM_11194840_28/job-11194840-28-sub-114935/ds/inputs/data/qsiprep/qsiprep/sub-114935/ses-1/dwi/sub-114935_ses-1_acq-multiband_dir-AP_space-ACPC_desc-preproc_dwi.nii.gz	0.0017543859649122	1.5667116398449552	0.5750548596766106	1.6599690379488456	1.5694650873666511	1.6600792283493673	0.5717935169560722	1.64944113471821	1.6555905329879934	sub-114935	ses-1		dir-AP	acq-multiband	space-ACPC			DSIStudio	autotrackgqi
ProjectionBrainstem_CorticospinalTractR	dki_sphericity	DIPYDKI	/scratch/grmpy/SLURM_11194840_28/job-11194840-28-sub-114935/ds/inputs/data/qsiprep/qsiprep/sub-114935/ses-1/dwi/sub-114935_ses-1_acq-multiband_dir-AP_space-ACPC_desc-preproc_dwi.nii.gz	0.0	0.4912927746772766	0.1756749898195266	0.4872928261756897	0.4912927746772766	0.4872928261756897	0.1756749898195266	0.4275999367237091	0.4275999367237091	sub-114935	ses-1		dir-AP	acq-multiband	space-ACPC			DSIStudio	autotrackgqi
Commissure_CorpusCallosum	dki_ad	DIPYDKI	/scratch/grmpy/SLURM_11194840_28/job-11194840-28-sub-114935/ds/inputs/data/qsiprep/qsiprep/sub-114935/ses-1/dwi/sub-114935_ses-1_acq-multiband_dir-AP_space-ACPC_desc-preproc_dwi.nii.gz	0.0	0.0014903340488672	0.0006156489253044	0.0013556260382756	0.0014903340488672	0.0013556260382756	0.0006156489253044	0.0016529784770682	0.0016529784770682	sub-114935	ses-1		dir-AP	acq-multiband	space-ACPC			DSIStudio	autotrackgqi
Commissure_CorpusCallosum	dki_ak	DIPYDKI	/scratch/grmpy/SLURM_11194840_28/job-11194840-28-sub-114935/ds/inputs/data/qsiprep/qsiprep/sub-114935/ses-1/dwi/sub-114935_ses-1_acq-multiband_dir-AP_space-ACPC_desc-preproc_dwi.nii.gz	0.0018138424821002	0.7562910193248833	0.159525061187556	0.7556288885117698	0.7576653048420192	0.7558267001704676	0.1563753167134984	0.749782611176226	0.752865789150474	sub-114935	ses-1		dir-AP	acq-multiband	space-ACPC			DSIStudio	autotrackgqi
Commissure_CorpusCallosum	dki_fa	DIPYDKI	/scratch/grmpy/SLURM_11194840_28/job-11194840-28-sub-114935/ds/inputs/data/qsiprep/qsiprep/sub-114935/ses-1/dwi/sub-114935_ses-1_acq-multiband_dir-AP_space-ACPC_desc-preproc_dwi.nii.gz	0.0	0.3834015130996704	0.2103248834609985	0.3595605194568634	0.3834015130996704	0.3595605194568634	0.2103248834609985	0.5226079225540161	0.5226079225540161	sub-114935	ses-1		dir-AP	acq-multiband	space-ACPC			DSIStudio	autotrackgqi
Commissure_CorpusCallosum	dki_kfa	DIPYDKI	/scratch/grmpy/SLURM_11194840_28/job-11194840-28-sub-114935/ds/inputs/data/qsiprep/qsiprep/sub-114935/ses-1/dwi/sub-114935_ses-1_acq-multiband_dir-AP_space-ACPC_desc-preproc_dwi.nii.gz	0.0014319809069212	0.4847233891487121	0.1611350774765014	0.4820909202098846	0.4854184985160827	0.4823458790779114	0.1602008938789367	0.5441038012504578	0.5443493127822876	sub-114935	ses-1		dir-AP	acq-multiband	space-ACPC			DSIStudio	autotrackgqi
Commissure_CorpusCallosum	dki_linearity	DIPYDKI	/scratch/grmpy/SLURM_11194840_28/job-11194840-28-sub-114935/ds/inputs/data/qsiprep/qsiprep/sub-114935/ses-1/dwi/sub-114935_ses-1_acq-multiband_dir-AP_space-ACPC_desc-preproc_dwi.nii.gz	0.0	0.1884671300649643	0.1647436469793319	0.134525790810585	0.1884671300649643	0.134525790810585	0.1647436469793319	0.2931250929832458	0.2931250929832458	sub-114935	ses-1		dir-AP	acq-multiband	space-ACPC			DSIStudio	autotrackgqi
Commissure_CorpusCallosum	dki_md	DIPYDKI	/scratch/grmpy/SLURM_11194840_28/job-11194840-28-sub-114935/ds/inputs/data/qsiprep/qsiprep/sub-114935/ses-1/dwi/sub-114935_ses-1_acq-multiband_dir-AP_space-ACPC_desc-preproc_dwi.nii.gz	0.0	0.0010372485266998	0.0004551099264062	0.0009229962597601	0.0010372485266998	0.0009229962597601	0.0004551099264062	0.0010018936591222	0.0010018936591222	sub-114935	ses-1		dir-AP	acq-multiband	space-ACPC			DSIStudio	autotrackgqi
Commissure_CorpusCallosum	dki_mk	DIPYDKI	/scratch/grmpy/SLURM_11194840_28/job-11194840-28-sub-114935/ds/inputs/data/qsiprep/qsiprep/sub-114935/ses-1/dwi/sub-114935_ses-1_acq-multiband_dir-AP_space-ACPC_desc-preproc_dwi.nii.gz	0.0018138424821002	0.9558340752813456	0.2939996904843235	0.9922172284043134	0.9575709581648904	0.9930409048403984	0.291426998147474	1.084217130786318	1.0886755354639592	sub-114935	ses-1		dir-AP	acq-multiband	space-ACPC			DSIStudio	autotrackgqi
Commissure_CorpusCallosum	dki_mkt	DIPYDKI	/scratch/grmpy/SLURM_11194840_28/job-11194840-28-sub-114935/ds/inputs/data/qsiprep/qsiprep/sub-114935/ses-1/dwi/sub-114935_ses-1_acq-multiband_dir-AP_space-ACPC_desc-preproc_dwi.nii.gz	0.0	0.9281514349328882	0.2218099585040412	0.9772548396500208	0.9281514349328882	0.9772548396500208	0.2218099585040412	1.0341071459399285	1.0341071459399285	sub-114935	ses-1		dir-AP	acq-multiband	space-ACPC			DSIStudio	autotrackgqi
Commissure_CorpusCallosum	dki_planarity	DIPYDKI	/scratch/grmpy/SLURM_11194840_28/job-11194840-28-sub-114935/ds/inputs/data/qsiprep/qsiprep/sub-114935/ses-1/dwi/sub-114935_ses-1_acq-multiband_dir-AP_space-ACPC_desc-preproc_dwi.nii.gz	9.54653937947494e-05	0.174031987786293	0.1150438115000724	0.1482037901878357	0.1740486025810241	0.1482121646404266	0.1150367334485054	0.1932871043682098	0.1932887583971023	sub-114935	ses-1		dir-AP	acq-multiband	space-ACPC			DSIStudio	autotrackgqi
Commissure_CorpusCallosum	dki_rd	DIPYDKI	/scratch/grmpy/SLURM_11194840_28/job-11194840-28-sub-114935/ds/inputs/data/qsiprep/qsiprep/sub-114935/ses-1/dwi/sub-114935_ses-1_acq-multiband_dir-AP_space-ACPC_desc-preproc_dwi.nii.gz	0.0	0.0008107057074084	0.0004468506085686	0.0007413362036459	0.0008107057074084	0.0007413362036459	0.0004468506085686	0.0006763511337339	0.0006763511337339	sub-114935	ses-1		dir-AP	acq-multiband	space-ACPC			DSIStudio	autotrackgqi
Commissure_CorpusCallosum	dki_rk	DIPYDKI	/scratch/grmpy/SLURM_11194840_28/job-11194840-28-sub-114935/ds/inputs/data/qsiprep/qsiprep/sub-114935/ses-1/dwi/sub-114935_ses-1_acq-multiband_dir-AP_space-ACPC_desc-preproc_dwi.nii.gz	0.0018138424821002	1.2700759202206704	0.7101823145389196	1.1883932439744471	1.2723838240542773	1.1902854833083891	0.7087586827560685	1.6453152079043825	1.6520809016182647	sub-114935	ses-1		dir-AP	acq-multiband	space-ACPC			DSIStudio	autotrackgqi
Commissure_CorpusCallosum	dki_sphericity	DIPYDKI	/scratch/grmpy/SLURM_11194840_28/job-11194840-28-sub-114935/ds/inputs/data/qsiprep/qsiprep/sub-114935/ses-1/dwi/sub-114935_ses-1_acq-multiband_dir-AP_space-ACPC_desc-preproc_dwi.nii.gz	0.0	0.6375008821487427	0.199819266796112	0.6593374609947205	0.6375008821487427	0.6593374609947205	0.199819266796112	0.5135877728462219	0.5135877728462219	sub-114935	ses-1		dir-AP	acq-multiband	space-ACPC			DSIStudio	autotrackgqi
Commissure_AnteriorCommissure	dki_ad	DIPYDKI	/scratch/grmpy/SLURM_11194840_28/job-11194840-28-sub-114935/ds/inputs/data/qsiprep/qsiprep/sub-114935/ses-1/dwi/sub-114935_ses-1_acq-multiband_dir-AP_space-ACPC_desc-preproc_dwi.nii.gz	0.0	0.0014297756133601	0.0003058826259803	0.0013807525392621	0.0014297756133601	0.0013807525392621	0.0003058826259803	0.0014251590473577	0.0014251590473577	sub-114935	ses-1		dir-AP	acq-multiband	space-ACPC			DSIStudio	autotrackgqi
Commissure_AnteriorCommissure	dki_ak	DIPYDKI	/scratch/grmpy/SLURM_11194840_28/job-11194840-28-sub-114935/ds/inputs/data/qsiprep/qsiprep/sub-114935/ses-1/dwi/sub-114935_ses-1_acq-multiband_dir-AP_space-ACPC_desc-preproc_dwi.nii.gz	0.0	0.7428789906045962	0.1854642336203059	0.7492297608149634	0.7428789906045962	0.7492297608149634	0.1854642336203059	0.7220291078011682	0.7220291078011682	sub-114935	ses-1		dir-AP	acq-multiband	space-ACPC			DSIStudio	autotrackgqi
Commissure_AnteriorCommissure	dki_fa	DIPYDKI	/scratch/grmpy/SLURM_11194840_28/job-11194840-28-sub-114935/ds/inputs/data/qsiprep/qsiprep/sub-114935/ses-1/dwi/sub-114935_ses-1_acq-multiband_dir-AP_space-ACPC_desc-preproc_dwi.nii.gz	0.0	0.3312104940414428	0.1246172711253166	0.3213177919387817	0.3312104940414428	0.3213177919387817	0.1246172711253166	0.3409385681152344	0.3409385681152344	sub-114935	ses-1		dir-AP	acq-multiband	space-ACPC			DSIStudio	autotrackgqi
Commissure_AnteriorCommissure	dki_kfa	DIPYDKI	/scratch/grmpy/SLURM_11194840_28/job-11194840-28-sub-114935/ds/inputs/data/qsiprep/qsiprep/sub-114935/ses-1/dwi/sub-114935_ses-1_acq-multiband_dir-AP_space-ACPC_desc-preproc_dwi.nii.gz	0.0032894736842105	0.5016432404518127	0.1381006091833114	0.495166540145874	0.5032988786697388	0.4966868758201599	0.1352829039096832	0.5034231543540955	0.5046820640563965	sub-114935	ses-1		dir-AP	acq-multiband	space-ACPC			DSIStudio	autotrackgqi
Commissure_AnteriorCommissure	dki_linearity	DIPYDKI	/scratch/grmpy/SLURM_11194840_28/job-11194840-28-sub-114935/ds/inputs/data/qsiprep/qsiprep/sub-114935/ses-1/dwi/sub-114935_ses-1_acq-multiband_dir-AP_space-ACPC_desc-preproc_dwi.nii.gz	0.0	0.1384038925170898	0.0857163146138191	0.1250547170639038	0.1384038925170898	0.1250547170639038	0.0857163146138191	0.1391748934984207	0.1391748934984207	sub-114935	ses-1		dir-AP	acq-multiband	space-ACPC			DSIStudio	autotrackgqi
Commissure_AnteriorCommissure	dki_md	DIPYDKI	/scratch/grmpy/SLURM_11194840_28/job-11194840-28-sub-114935/ds/inputs/data/qsiprep/qsiprep/sub-114935/ses-1/dwi/sub-114935_ses-1_acq-multiband_dir-AP_space-ACPC_desc-preproc_dwi.nii.gz	0.0	0.0010544727556407	0.0002344871609238	0.0010097615886479	0.0010544727556407	0.0010097615886479	0.0002344871609238	0.0010424586944282	0.0010424586944282	sub-114935	ses-1		dir-AP	acq-multiband	space-ACPC			DSIStudio	autotrackgqi
Commissure_AnteriorCommissure	dki_mk	DIPYDKI	/scratch/grmpy/SLURM_11194840_28/job-11194840-28-sub-114935/ds/inputs/data/qsiprep/qsiprep/sub-114935/ses-1/dwi/sub-114935_ses-1_acq-multiband_dir-AP_space-ACPC_desc-preproc_dwi.nii.gz	0.0	0.8537150264405898	0.2117344912329405	0.869230688551378	0.8537150264405898	0.869230688551378	0.2117344912329405	0.8579498171912966	0.8579498171912966	sub-114935	ses-1		dir-AP	acq-multiband	space-ACPC			DSIStudio	autotrackgqi
Commissure_AnteriorCommissure	dki_mkt	DIPYDKI	/scratch/grmpy/SLURM_11194840_28/job-11194840-28-sub-114935/ds/inputs/data/qsiprep/qsiprep/sub-114935/ses-1/dwi/sub-114935_ses-1_acq-multiband_dir-AP_space-ACPC_desc-preproc_dwi.nii.gz	0.0	0.8504823856362461	0.18609778651727	0.8722392365175327	0.8504823856362461	0.8722392365175327	0.18609778651727	0.8508213143815542	0.8508213143815542	sub-114935	ses-1		dir-AP	acq-multiband	space-ACPC			DSIStudio	autotrackgqi
Commissure_AnteriorCommissure	dki_planarity	DIPYDKI	/scratch/grmpy/SLURM_11194840_28/job-11194840-28-sub-114935/ds/inputs/data/qsiprep/qsiprep/sub-114935/ses-1/dwi/sub-114935_ses-1_acq-multiband_dir-AP_space-ACPC_desc-preproc_dwi.nii.gz	0.0	0.1757348775863647	0.0996301546692848	0.1605119854211807	0.1757348775863647	0.1605119854211807	0.0996301546692848	0.188441127538681	0.188441127538681	sub-114935	ses-1		dir-AP	acq-multiband	space-ACPC			DSIStudio	autotrackgqi
Commissure_AnteriorCommissure	dki_rd	DIPYDKI	/scratch/grmpy/SLURM_11194840_28/job-11194840-28-sub-114935/ds/inputs/data/qsiprep/qsiprep/sub-114935/ses-1/dwi/sub-114935_ses-1_acq-multiband_dir-AP_space-ACPC_desc-preproc_dwi.nii.gz	0.0	0.0008668213849887	0.0002405119303148	0.0008262955816462	0.0008668213849887	0.0008262955816462	0.0002405119303148	0.0008511085179634	0.0008511085179634	sub-114935	ses-1		dir-AP	acq-multiband	space-ACPC			DSIStudio	autotrackgqi
Commissure_AnteriorCommissure	dki_rk	DIPYDKI	/scratch/grmpy/SLURM_11194840_28/job-11194840-28-sub-114935/ds/inputs/data/qsiprep/qsiprep/sub-114935/ses-1/dwi/sub-114935_ses-1_acq-multiband_dir-AP_space-ACPC_desc-preproc_dwi.nii.gz	0.0	1.011853985330281	0.4274937575499569	0.9897465176131276	1.011853985330281	0.9897465176131276	0.4274937575499569	1.0351822111578464	1.0351822111578464	sub-114935	ses-1		dir-AP	acq-multiband	space-ACPC			DSIStudio	autotrackgqi
Commissure_AnteriorCommissure	dki_sphericity	DIPYDKI	/scratch/grmpy/SLURM_11194840_28/job-11194840-28-sub-114935/ds/inputs/data/qsiprep/qsiprep/sub-114935/ses-1/dwi/sub-114935_ses-1_acq-multiband_dir-AP_space-ACPC_desc-preproc_dwi.nii.gz	0.0	0.6858612895011902	0.1210498064756393	0.6971422433853149	0.6858612895011902	0.6971422433853149	0.1210498064756393	0.6723839640617371	0.6723839640617371	sub-114935	ses-1		dir-AP	acq-multiband	space-ACPC			DSIStudio	autotrackgqi
Cerebellum_CerebellumR	dki_ad	DIPYDKI	/scratch/grmpy/SLURM_11194840_28/job-11194840-28-sub-114935/ds/inputs/data/qsiprep/qsiprep/sub-114935/ses-1/dwi/sub-114935_ses-1_acq-multiband_dir-AP_space-ACPC_desc-preproc_dwi.nii.gz	0.0050348152115693	0.0011814162135124	0.0004206127196084	0.0010843990603461	0.0011873946059495	0.0010853451676666	0.000413172703702	0.0011397917987778	0.0011410037986934	sub-114935	ses-1		dir-AP	acq-multiband	space-ACPC			DSIStudio	autotrackgqi
Cerebellum_CerebellumR	dki_ak	DIPYDKI	/scratch/grmpy/SLURM_11194840_28/job-11194840-28-sub-114935/ds/inputs/data/qsiprep/qsiprep/sub-114935/ses-1/dwi/sub-114935_ses-1_acq-multiband_dir-AP_space-ACPC_desc-preproc_dwi.nii.gz	0.0050348152115693	0.948746929453649	0.1678290294364355	0.953570976080017	0.9535478667581626	0.9545175064787224	0.1540493127398637	0.952825861076688	0.953839044213284	sub-114935	ses-1		dir-AP	acq-multiband	space-ACPC			DSIStudio	autotrackgqi
Cerebellum_CerebellumR	dki_fa	DIPYDKI	/scratch/grmpy/SLURM_11194840_28/job-11194840-28-sub-114935/ds/inputs/data/qsiprep/qsiprep/sub-114935/ses-1/dwi/sub-114935_ses-1_acq-multiband_dir-AP_space-ACPC_desc-preproc_dwi.nii.gz	0.0050348152115693	0.255044549703598	0.102778211236	0.2424515783786773	0.2563351392745971	0.2431671321392059	0.1014198586344719	0.2570009529590606	0.2572742402553558	sub-114935	ses-1		dir-AP	acq-multiband	space-ACPC			DSIStudio	autotrackgqi
Cerebellum_CerebellumR	dki_kfa	DIPYDKI	/scratch/grmpy/SLURM_11194840_28/job-11194840-28-sub-114935/ds/inputs/data/qsiprep/qsiprep/sub-114935/ses-1/dwi/sub-114935_ses-1_acq-multiband_dir-AP_space-ACPC_desc-preproc_dwi.nii.gz	0.005570433851098	0.4002879559993744	0.1546248942613601	0.3881073594093323	0.4025302231311798	0.3890153765678406	0.1521190553903579	0.402425080537796	0.4029304683208465	sub-114935	ses-1		dir-AP	acq-multiband	space-ACPC			DSIStudio	autotrackgqi
Cerebellum_CerebellumR	dki_linearity	DIPYDKI	/scratch/grmpy/SLURM_11194840_28/job-11194840-28-sub-114935/ds/inputs/data/qsiprep/qsiprep/sub-114935/ses-1/dwi/sub-114935_ses-1_acq-multiband_dir-AP_space-ACPC_desc-preproc_dwi.nii.gz	0.0050348152115693	0.1115585193037986	0.0638205781579017	0.1044127643108367	0.112123042345047	0.1047012507915496	0.063485287129879	0.1153798848390579	0.115502581000328	sub-114935	ses-1		dir-AP	acq-multiband	space-ACPC			DSIStudio	autotrackgqi
Cerebellum_CerebellumR	dki_md	DIPYDKI	/scratch/grmpy/SLURM_11194840_28/job-11194840-28-sub-114935/ds/inputs/data/qsiprep/qsiprep/sub-114935/ses-1/dwi/sub-114935_ses-1_acq-multiband_dir-AP_space-ACPC_desc-preproc_dwi.nii.gz	0.0050348152115693	0.0009297020733356	0.000353342766175	0.0008391786832362	0.0009344066493213	0.0008399779908359	0.0003479754377622	0.0008928019669838	0.0008937512757256	sub-114935	ses-1		dir-AP	acq-multiband	space-ACPC			DSIStudio	autotrackgqi
Cerebellum_CerebellumR	dki_mk	DIPYDKI	/scratch/grmpy/SLURM_11194840_28/job-11194840-28-sub-114935/ds/inputs/data/qsiprep/qsiprep/sub-114935/ses-1/dwi/sub-114935_ses-1_acq-multiband_dir-AP_space-ACPC_desc-preproc_dwi.nii.gz	0.0050348152115693	1.004679637818208	0.1844687771517318	1.019304117707784	1.0097636110069952	1.020256295565413	0.1704913896838601	1.013053551611951	1.0141307776104147	sub-114935	ses-1		dir-AP	acq-multiband	space-ACPC			DSIStudio	autotrackgqi
Cerebellum_CerebellumR	dki_mkt	DIPYDKI	/scratch/grmpy/SLURM_11194840_28/job-11194840-28-sub-114935/ds/inputs/data/qsiprep/qsiprep/sub-114935/ses-1/dwi/sub-114935_ses-1_acq-multiband_dir-AP_space-ACPC_desc-preproc_dwi.nii.gz	0.0050348152115693	1.0198133811637369	0.166894915965884	1.0295731493194	1.0249739355257843	1.0304097715933944	0.1506832048305248	1.0271459951263051	1.0282382062739062	sub-114935	ses-1		dir-AP	acq-multiband	space-ACPC			DSIStudio	autotrackgqi
Cerebellum_CerebellumR	dki_planarity	DIPYDKI	/scratch/grmpy/SLURM_11194840_28/job-11194840-28-sub-114935/ds/inputs/data/qsiprep/qsiprep/sub-114935/ses-1/dwi/sub-114935_ses-1_acq-multiband_dir-AP_space-ACPC_desc-preproc_dwi.nii.gz	0.0050348152115693	0.1170359551906585	0.0817357078194618	0.0969542413949966	0.1176281943917274	0.0973841026425361	0.0815160721540451	0.1101952940225601	0.1103124618530273	sub-114935	ses-1		dir-AP	acq-multiband	space-ACPC			DSIStudio	autotrackgqi
Cerebellum_CerebellumR	dki_rd	DIPYDKI	/scratch/grmpy/SLURM_11194840_28/job-11194840-28-sub-114935/ds/inputs/data/qsiprep/qsiprep/sub-114935/ses-1/dwi/sub-114935_ses-1_acq-multiband_dir-AP_space-ACPC_desc-preproc_dwi.nii.gz	0.0050348152115693	0.0008038450032472	0.0003354995860718	0.0007176023791544	0.0008079126710072	0.0007182148983702	0.0003314260393381	0.0007693069055676	0.0007701249560341	sub-114935	ses-1		dir-AP	acq-multiband	space-ACPC			DSIStudio	autotrackgqi
Cerebellum_CerebellumR	dki_rk	DIPYDKI	/scratch/grmpy/SLURM_11194840_28/job-11194840-28-sub-114935/ds/inputs/data/qsiprep/qsiprep/sub-114935/ses-1/dwi/sub-114935_ses-1_acq-multiband_dir-AP_space-ACPC_desc-preproc_dwi.nii.gz	0.0050348152115693	1.0791069550833672	0.3162359064503019	1.0987794578912775	1.0845675522936296	1.1006673961812	0.3075529504267664	1.0966414303576273	1.0978075391439075	sub-114935	ses-1		dir-AP	acq-multiband	space-ACPC			DSIStudio	autotrackgqi
Cerebellum_CerebellumR	dki_sphericity	DIPYDKI	/scratch/grmpy/SLURM_11194840_28/job-11194840-28-sub-114935/ds/inputs/data/qsiprep/qsiprep/sub-114935/ses-1/dwi/sub-114935_ses-1_acq-multiband_dir-AP_space-ACPC_desc-preproc_dwi.nii.gz	0.0050348152115693	0.7663706541061401	0.1172887757420539	0.7912187576293945	0.7702487707138062	0.7916091084480286	0.1041114777326583	0.7733626365661621	0.7741850018501282	sub-114935	ses-1		dir-AP	acq-multiband	space-ACPC			DSIStudio	autotrackgqi
Cerebellum_SuperiorCerebellarPeduncle	dki_ad	DIPYDKI	/scratch/grmpy/SLURM_11194840_28/job-11194840-28-sub-114935/ds/inputs/data/qsiprep/qsiprep/sub-114935/ses-1/dwi/sub-114935_ses-1_acq-multiband_dir-AP_space-ACPC_desc-preproc_dwi.nii.gz	0.0	0.00170832965523	0.0010860637994483	0.0013608951121568	0.00170832965523	0.0013608951121568	0.0010860637994483	0.0018563971389085	0.0018563971389085	sub-114935	ses-1		dir-AP	acq-multiband	space-ACPC			DSIStudio	autotrackgqi
Cerebellum_SuperiorCerebellarPeduncle	dki_ak	DIPYDKI	/scratch/grmpy/SLURM_11194840_28/job-11194840-28-sub-114935/ds/inputs/data/qsiprep/qsiprep/sub-114935/ses-1/dwi/sub-114935_ses-1_acq-multiband_dir-AP_space-ACPC_desc-preproc_dwi.nii.gz	0.0015329586101175	0.8851554404045701	0.2256242155973258	0.894744529481051	0.8865144303335433	0.8951195725491915	0.22311360228179	0.8191563226954999	0.8208080934291269	sub-114935	ses-1		dir-AP	acq-multiband	space-ACPC			DSIStudio	autotrackgqi
Cerebellum_SuperiorCerebellarPeduncle	dki_fa	DIPYDKI	/scratch/grmpy/SLURM_11194840_28/job-11194840-28-sub-114935/ds/inputs/data/qsiprep/qsiprep/sub-114935/ses-1/dwi/sub-114935_ses-1_acq-multiband_dir-AP_space-ACPC_desc-preproc_dwi.nii.gz	0.0	0.3759049475193023	0.1603959500789642	0.3458866775035858	0.3759049475193023	0.3458866775035858	0.1603959500789642	0.4589865207672119	0.4589865207672119	sub-114935	ses-1		dir-AP	acq-multiband	space-ACPC			DSIStudio	autotrackgqi
Cerebellum_SuperiorCerebellarPeduncle	dki_kfa	DIPYDKI	/scratch/grmpy/SLURM_11194840_28/job-11194840-28-sub-114935/ds/inputs/data/qsiprep/qsiprep/sub-114935/ses-1/dwi/sub-114935_ses-1_acq-multiband_dir-AP_space-ACPC_desc-preproc_dwi.nii.gz	0.0053653551354113	0.491259753704071	0.1787814795970916	0.4867548942565918	0.4939097464084625	0.4876507520675659	0.1755744218826294	0.5406056642532349	0.5445055961608887	sub-114935	ses-1		dir-AP	acq-multiband	space-ACPC			DSIStudio	autotrackgqi
Cerebellum_SuperiorCerebellarPeduncle	dki_linearity	DIPYDKI	/scratch/grmpy/SLURM_11194840_28/job-11194840-28-sub-114935/ds/inputs/data/qsiprep/qsiprep/sub-114935/ses-1/dwi/sub-114935_ses-1_acq-multiband_dir-AP_space-ACPC_desc-preproc_dwi.nii.gz	0.0	0.1664170175790786	0.1230936422944068	0.1360132843255996	0.1664170175790786	0.1360132843255996	0.1230936422944068	0.2390168607234954	0.2390168607234954	sub-114935	ses-1		dir-AP	acq-multiband	space-ACPC			DSIStudio	autotrackgqi
Cerebellum_SuperiorCerebellarPeduncle	dki_md	DIPYDKI	/scratch/grmpy/SLURM_11194840_28/job-11194840-28-sub-114935/ds/inputs/data/qsiprep/qsiprep/sub-114935/ses-1/dwi/sub-114935_ses-1_acq-multiband_dir-AP_space-ACPC_desc-preproc_dwi.nii.gz	0.0	0.001233322895132	0.0008809132268652	0.0009470881195738	0.001233322895132	0.0009470881195738	0.0008809132268652	0.0012326181167736	0.0012326181167736	sub-114935	ses-1		dir-AP	acq-multiband	space-ACPC			DSIStudio	autotrackgqi
Cerebellum_SuperiorCerebellarPeduncle	dki_mk	DIPYDKI	/scratch/grmpy/SLURM_11194840_28/job-11194840-28-sub-114935/ds/inputs/data/qsiprep/qsiprep/sub-114935/ses-1/dwi/sub-114935_ses-1_acq-multiband_dir-AP_space-ACPC_desc-preproc_dwi.nii.gz	0.0015329586101175	0.9581912078545616	0.319661317992472	1.0134439331631944	0.9596623304868868	1.0138640331240605	0.3176923993447107	0.9432265425028252	0.9451284917248736	sub-114935	ses-1		dir-AP	acq-multiband	space-ACPC			DSIStudio	autotrackgqi
Cerebellum_SuperiorCerebellarPeduncle	dki_mkt	DIPYDKI	/scratch/grmpy/SLURM_11194840_28/job-11194840-28-sub-114935/ds/inputs/data/qsiprep/qsiprep/sub-114935/ses-1/dwi/sub-114935_ses-1_acq-multiband_dir-AP_space-ACPC_desc-preproc_dwi.nii.gz	0.0	1.0079797835777993	0.2448040864259867	1.0429670590349396	1.0079797835777993	1.0429670590349396	0.2448040864259867	0.984908744227701	0.984908744227701	sub-114935	ses-1		dir-AP	acq-multiband	space-ACPC			DSIStudio	autotrackgqi
Cerebellum_SuperiorCerebellarPeduncle	dki_planarity	DIPYDKI	/scratch/grmpy/SLURM_11194840_28/job-11194840-28-sub-114935/ds/inputs/data/qsiprep/qsiprep/sub-114935/ses-1/dwi/sub-114935_ses-1_acq-multiband_dir-AP_space-ACPC_desc-preproc_dwi.nii.gz	0.0	0.1960413008928299	0.1186368614435195	0.173107773065567	0.1960413008928299	0.173107773065567	0.1186368614435195	0.1942587494850158	0.1942587494850158	sub-114935	ses-1		dir-AP	acq-multiband	space-ACPC			DSIStudio	autotrackgqi
Cerebellum_SuperiorCerebellarPeduncle	dki_rd	DIPYDKI	/scratch/grmpy/SLURM_11194840_28/job-11194840-28-sub-114935/ds/inputs/data/qsiprep/qsiprep/sub-114935/ses-1/dwi/sub-114935_ses-1_acq-multiband_dir-AP_space-ACPC_desc-preproc_dwi.nii.gz	0.0	0.0009958195732906	0.0008021737448871	0.0007614739006385	0.0009958195732906	0.0007614739006385	0.0008021737448871	0.0009207286639139	0.0009207286639139	sub-114935	ses-1		dir-AP	acq-multiband	space-ACPC			DSIStudio	autotrackgqi
Cerebellum_SuperiorCerebellarPeduncle	dki_rk	DIPYDKI	/scratch/grmpy/SLURM_11194840_28/job-11194840-28-sub-114935/ds/inputs/data/qsiprep/qsiprep/sub-114935/ses-1/dwi/sub-114935_ses-1_acq-multiband_dir-AP_space-ACPC_desc-preproc_dwi.nii.gz	0.0015329586101175	1.049341618140397	0.560469974656342	1.069217293510469	1.0509526851078592	1.0702965579986146	0.5593887018160953	1.2063866758711606	1.2088192679391003	sub-114935	ses-1		dir-AP	acq-multiband	space-ACPC			DSIStudio	autotrackgqi
Cerebellum_SuperiorCerebellarPeduncle	dki_sphericity	DIPYDKI	/scratch/grmpy/SLURM_11194840_28/job-11194840-28-sub-114935/ds/inputs/data/qsiprep/qsiprep/sub-114935/ses-1/dwi/sub-114935_ses-1_acq-multiband_dir-AP_space-ACPC_desc-preproc_dwi.nii.gz	0.0	0.6375417709350586	0.1644937247037887	0.6696183681488037	0.6375417709350586	0.6696183681488037	0.1644937247037887	0.5667243599891663	0.5667243599891663	sub-114935	ses-1		dir-AP	acq-multiband	space-ACPC			DSIStudio	autotrackgqi
Cerebellum_InferiorCerebellarPeduncleL	dki_ad	DIPYDKI	/scratch/grmpy/SLURM_11194840_28/job-11194840-28-sub-114935/ds/inputs/data/qsiprep/qsiprep/sub-114935/ses-1/dwi/sub-114935_ses-1_acq-multiband_dir-AP_space-ACPC_desc-preproc_dwi.nii.gz	0.0012326656394453	0.0014609534991905	0.0009508088696748	0.001231916132383	0.0014627566561102	0.0012320607202127	0.0009500082815065	0.0014718791935592	0.0014719949103891	sub-114935	ses-1		dir-AP	acq-multiband	space-ACPC			DSIStudio	autotrackgqi
Cerebellum_InferiorCerebellarPeduncleL	dki_ak	DIPYDKI	/scratch/grmpy/SLURM_11194840_28/job-11194840-28-sub-114935/ds/inputs/data/qsiprep/qsiprep/sub-114935/ses-1/dwi/sub-114935_ses-1_acq-multiband_dir-AP_space-ACPC_desc-preproc_dwi.nii.gz	0.0049306625577812	0.926175004538356	0.2097709178289452	0.9363408202343938	0.9307642891690818	0.9378646339069048	0.1998758086744352	0.913255454054066	0.914102801165598	sub-114935	ses-1		dir-AP	acq-multiband	space-ACPC			DSIStudio	autotrackgqi
Cerebellum_InferiorCerebellarPeduncleL	dki_fa	DIPYDKI	/scratch/grmpy/SLURM_11194840_28/job-11194840-28-sub-114935/ds/inputs/data/qsiprep/qsiprep/sub-114935/ses-1/dwi/sub-114935_ses-1_acq-multiband_dir-AP_space-ACPC_desc-preproc_dwi.nii.gz	0.0046224961479198	0.3138259649276733	0.1382335871458053	0.290370911359787	0.3152833580970764	0.2912465631961822	0.1368859857320785	0.3759051263332367	0.376192569732666	sub-114935	ses-1		dir-AP	acq-multiband	space-ACPC			DSIStudio	autotrackgqi
Cerebellum_InferiorCerebellarPeduncleL	dki_kfa	DIPYDKI	/scratch/grmpy/SLURM_11194840_28/job-11194840-28-sub-114935/ds/inputs/data/qsiprep/qsiprep/sub-114935/ses-1/dwi/sub-114935_ses-1_acq-multiband_dir-AP_space-ACPC_desc-preproc_dwi.nii.gz	0.0021571648690292	0.4327081441879272	0.1518551707267761	0.432210236787796	0.4336435794830322	0.4328586757183075	0.150679126381874	0.4445667564868927	0.4446866810321808	sub-114935	ses-1		dir-AP	acq-multiband	space-ACPC			DSIStudio	autotrackgqi
Cerebellum_InferiorCerebellarPeduncleL	dki_linearity	DIPYDKI	/scratch/grmpy/SLURM_11194840_28/job-11194840-28-sub-114935/ds/inputs/data/qsiprep/qsiprep/sub-114935/ses-1/dwi/sub-114935_ses-1_acq-multiband_dir-AP_space-ACPC_desc-preproc_dwi.nii.gz	0.0046224961479198	0.1368097364902496	0.0939589515328407	0.1151805371046066	0.1374450623989105	0.1154362857341766	0.093712106347084	0.1767029464244842	0.1768380552530288	sub-114935	ses-1		dir-AP	acq-multiband	space-ACPC			DSIStudio	autotrackgqi
Cerebellum_InferiorCerebellarPeduncleL	dki_md	DIPYDKI	/scratch/grmpy/SLURM_11194840_28/job-11194840-28-sub-114935/ds/inputs/data/qsiprep/qsiprep/sub-114935/ses-1/dwi/sub-114935_ses-1_acq-multiband_dir-AP_space-ACPC_desc-preproc_dwi.nii.gz	0.0012326656394453	0.0010989203583449	0.0007856370066292	0.0008977683028206	0.0011002767132595	0.000897841528058	0.0007851719856262	0.001041518873535	0.0010416007135063	sub-114935	ses-1		dir-AP	acq-multiband	space-ACPC			DSIStudio	autotrackgqi
Cerebellum_InferiorCerebellarPeduncleL	dki_mk	DIPYDKI	/scratch/grmpy/SLURM_11194840_28/job-11194840-28-sub-114935/ds/inputs/data/qsiprep/qsiprep/sub-114935/ses-1/dwi/sub-114935_ses-1_acq-multiband_dir-AP_space-ACPC_desc-preproc_dwi.nii.gz	0.0049306625577812	1.0565692986027602	0.2271137003433518	1.0696976429774523	1.061804699277162	1.0710462811781936	0.2151214697630964	1.147121993985551	1.1481863300283246	sub-114935	ses-1		dir-AP	acq-multiband	space-ACPC			DSIStudio	autotrackgqi
Cerebellum_InferiorCerebellarPeduncleL	dki_mkt	DIPYDKI	/scratch/grmpy/SLURM_11194840_28/job-11194840-28-sub-114935/ds/inputs/data/qsiprep/qsiprep/sub-114935/ses-1/dwi/sub-114935_ses-1_acq-multiband_dir-AP_space-ACPC_desc-preproc_dwi.nii.gz	0.0012326656394453	1.094294286994706	0.5578377701014517	1.0821470134048083	1.0956448507552674	1.082319793972376	0.5568548262350018	1.137057313438746	1.1371467142841374	sub-114935	ses-1		dir-AP	acq-multiband	space-ACPC			DSIStudio	autotrackgqi
Cerebellum_InferiorCerebellarPeduncleL	dki_planarity	DIPYDKI	/scratch/grmpy/SLURM_11194840_28/job-11194840-28-sub-114935/ds/inputs/data/qsiprep/qsiprep/sub-114935/ses-1/dwi/sub-114935_ses-1_acq-multiband_dir-AP_space-ACPC_desc-preproc_dwi.nii.gz	0.0046224961479198	0.1551931351423263	0.095063678920269	0.1388998031616211	0.155913844704628	0.1396909058094024	0.0946926772594451	0.169204443693161	0.1693338304758072	sub-114935	ses-1		dir-AP	acq-multiband	space-ACPC			DSIStudio	autotrackgqi
Cerebellum_InferiorCerebellarPeduncleL	dki_rd	DIPYDKI	/scratch/grmpy/SLURM_11194840_28/job-11194840-28-sub-114935/ds/inputs/data/qsiprep/qsiprep/sub-114935/ses-1/dwi/sub-114935_ses-1_acq-multiband_dir-AP_space-ACPC_desc-preproc_dwi.nii.gz	0.0012326656394453	0.0009179039043374	0.000721804855857	0.0007363449549302	0.0009190367418341	0.0007365047349594	0.0007215290097519	0.000826338713523	0.0008264036732725	sub-114935	ses-1		dir-AP	acq-multiband	space-ACPC			DSIStudio	autotrackgqi
Cerebellum_InferiorCerebellarPeduncleL	dki_rk	DIPYDKI	/scratch/grmpy/SLURM_11194840_28/job-11194840-28-sub-114935/ds/inputs/data/qsiprep/qsiprep/sub-114935/ses-1/dwi/sub-114935_ses-1_acq-multiband_dir-AP_space-ACPC_desc-preproc_dwi.nii.gz	0.0049306625577812	1.1907159405445742	0.426958959880516	1.1456923120632	1.1966160505008188	1.147067764352306	0.4196868724500973	1.3898058618045934	1.3910953675600832	sub-114935	ses-1		dir-AP	acq-multiband	space-ACPC			DSIStudio	autotrackgqi
Cerebellum_InferiorCerebellarPeduncleL	dki_sphericity	DIPYDKI	/scratch/grmpy/SLURM_11194840_28/job-11194840-28-sub-114935/ds/inputs/data/qsiprep/qsiprep/sub-114935/ses-1/dwi/sub-114935_ses-1_acq-multiband_dir-AP_space-ACPC_desc-preproc_dwi.nii.gz	0.0012326656394453	0.7067644596099854	0.1339557021856308	0.7309107184410095	0.7076367139816284	0.7310399413108826	0.1317156851291656	0.6540139317512512	0.6540653705596924	sub-114935	ses-1		dir-AP	acq-multiband	space-ACPC			DSIStudio	autotrackgqi
Cerebellum_InferiorCerebellarPeduncleR	dki_ad	DIPYDKI	/scratch/grmpy/SLURM_11194840_28/job-11194840-28-sub-114935/ds/inputs/data/qsiprep/qsiprep/sub-114935/ses-1/dwi/sub-114935_ses-1_acq-multiband_dir-AP_space-ACPC_desc-preproc_dwi.nii.gz	0.0014920919128618	0.0014121610438451	0.0006820509443059	0.0012434194795787	0.0014142711879685	0.0012436162214726	0.0006803706637583	0.001476599718444	0.0014770644484087	sub-114935	ses-1		dir-AP	acq-multiband	space-ACPC			DSIStudio	autotrackgqi
Cerebellum_InferiorCerebellarPeduncleR	dki_ak	DIPYDKI	/scratch/grmpy/SLURM_11194840_28/job-11194840-28-sub-114935/ds/inputs/data/qsiprep/qsiprep/sub-114935/ses-1/dwi/sub-114935_ses-1_acq-multiband_dir-AP_space-ACPC_desc-preproc_dwi.nii.gz	0.0038794389734407	0.9303608486282372	0.1894999421143962	0.9441048193897376	0.9339841832693898	0.9449718019053016	0.18073722613103	0.9200932389585692	0.9209205039954486	sub-114935	ses-1		dir-AP	acq-multiband	space-ACPC			DSIStudio	autotrackgqi
Cerebellum_InferiorCerebellarPeduncleR	dki_fa	DIPYDKI	/scratch/grmpy/SLURM_11194840_28/job-11194840-28-sub-114935/ds/inputs/data/qsiprep/qsiprep/sub-114935/ses-1/dwi/sub-114935_ses-1_acq-multiband_dir-AP_space-ACPC_desc-preproc_dwi.nii.gz	0.0038794389734407	0.3282410502433777	0.1475672572851181	0.3045703470706939	0.3295194208621979	0.3049734234809875	0.146422877907753	0.3661417365074157	0.3664709329605102	sub-114935	ses-1		dir-AP	acq-multiband	space-ACPC			DSIStudio	autotrackgqi
Cerebellum_InferiorCerebellarPeduncleR	dki_kfa	DIPYDKI	/scratch/grmpy/SLURM_11194840_28/job-11194840-28-sub-114935/ds/inputs/data/qsiprep/qsiprep/sub-114935/ses-1/dwi/sub-114935_ses-1_acq-multiband_dir-AP_space-ACPC_desc-preproc_dwi.nii.gz	0.0023873470605789	0.4457257986068725	0.155094102025032	0.4440643489360809	0.4467924535274505	0.4445209801197052	0.1537373512983322	0.4413985908031463	0.44159135222435	sub-114935	ses-1		dir-AP	acq-multiband	space-ACPC			DSIStudio	autotrackgqi
Cerebellum_InferiorCerebellarPeduncleR	dki_linearity	DIPYDKI	/scratch/grmpy/SLURM_11194840_28/job-11194840-28-sub-114935/ds/inputs/data/qsiprep/qsiprep/sub-114935/ses-1/dwi/sub-114935_ses-1_acq-multiband_dir-AP_space-ACPC_desc-preproc_dwi.nii.gz	0.0038794389734407	0.143050730228424	0.1013313084840774	0.1193859130144119	0.1436078548431396	0.1197188347578048	0.1011336520314216	0.1663642525672912	0.1665138304233551	sub-114935	ses-1		dir-AP	acq-multiband	space-ACPC			DSIStudio	autotrackgqi
Cerebellum_InferiorCerebellarPeduncleR	dki_md	DIPYDKI	/scratch/grmpy/SLURM_11194840_28/job-11194840-28-sub-114935/ds/inputs/data/qsiprep/qsiprep/sub-114935/ses-1/dwi/sub-114935_ses-1_acq-multiband_dir-AP_space-ACPC_desc-preproc_dwi.nii.gz	0.0014920919128618	0.0010477303294464	0.0005771180731244	0.0008984065498225	0.0010492959991097	0.0008986655157059	0.0005761251668445	0.0010544789256528	0.0010548108257353	sub-114935	ses-1		dir-AP	acq-multiband	space-ACPC			DSIStudio	autotrackgqi
Cerebellum_InferiorCerebellarPeduncleR	dki_mk	DIPYDKI	/scratch/grmpy/SLURM_11194840_28/job-11194840-28-sub-114935/ds/inputs/data/qsiprep/qsiprep/sub-114935/ses-1/dwi/sub-114935_ses-1_acq-multiband_dir-AP_space-ACPC_desc-preproc_dwi.nii.gz	0.0038794389734407	1.0550912630251996	0.2139226907182941	1.0642147095052024	1.059200366206544	1.064704369705514	0.2039332730874078	1.1171550165498871	1.1181594614402175	sub-114935	ses-1		dir-AP	acq-multiband	space-ACPC			DSIStudio	autotrackgqi
Cerebellum_InferiorCerebellarPeduncleR	dki_mkt	DIPYDKI	/scratch/grmpy/SLURM_11194840_28/job-11194840-28-sub-114935/ds/inputs/data/qsiprep/qsiprep/sub-114935/ses-1/dwi/sub-114935_ses-1_acq-multiband_dir-AP_space-ACPC_desc-preproc_dwi.nii.gz	0.0014920919128618	1.0856315519548618	0.4723269805719374	1.07716411057423	1.0872538346087095	1.077303132315317	0.4708102758966958	1.1144412079121375	1.114791981707255	sub-114935	ses-1		dir-AP	acq-multiband	space-ACPC			DSIStudio	autotrackgqi
Cerebellum_InferiorCerebellarPeduncleR	dki_planarity	DIPYDKI	/scratch/grmpy/SLURM_11194840_28/job-11194840-28-sub-114935/ds/inputs/data/qsiprep/qsiprep/sub-114935/ses-1/dwi/sub-114935_ses-1_acq-multiband_dir-AP_space-ACPC_desc-preproc_dwi.nii.gz	0.0038794389734407	0.1658579260110855	0.1038373187184333	0.1468706429004669	0.1665038764476776	0.1473791152238845	0.1035211458802223	0.1750145554542541	0.1751718968153	sub-114935	ses-1		dir-AP	acq-multiband	space-ACPC			DSIStudio	autotrackgqi
Cerebellum_InferiorCerebellarPeduncleR	dki_rd	DIPYDKI	/scratch/grmpy/SLURM_11194840_28/job-11194840-28-sub-114935/ds/inputs/data/qsiprep/qsiprep/sub-114935/ses-1/dwi/sub-114935_ses-1_acq-multiband_dir-AP_space-ACPC_desc-preproc_dwi.nii.gz	0.0014920919128618	0.0008655150304548	0.0005503213615156	0.0007256165845319	0.0008668083464726	0.0007261462742462	0.0005497135571204	0.0008434185292571	0.0008436839561909	sub-114935	ses-1		dir-AP	acq-multiband	space-ACPC			DSIStudio	autotrackgqi
Cerebellum_InferiorCerebellarPeduncleR	dki_rk	DIPYDKI	/scratch/grmpy/SLURM_11194840_28/job-11194840-28-sub-114935/ds/inputs/data/qsiprep/qsiprep/sub-114935/ses-1/dwi/sub-114935_ses-1_acq-multiband_dir-AP_space-ACPC_desc-preproc_dwi.nii.gz	0.0038794389734407	1.1882578197586222	0.4255494426553806	1.1562137584562988	1.1928855464383292	1.157178838225252	0.4198538466814387	1.3296784485414412	1.3308739750049827	sub-114935	ses-1		dir-AP	acq-multiband	space-ACPC			DSIStudio	autotrackgqi
Cerebellum_InferiorCerebellarPeduncleR	dki_sphericity	DIPYDKI	/scratch/grmpy/SLURM_11194840_28/job-11194840-28-sub-114935/ds/inputs/data/qsiprep/qsiprep/sub-114935/ses-1/dwi/sub-114935_ses-1_acq-multiband_dir-AP_space-ACPC_desc-preproc_dwi.nii.gz	0.0014920919128618	0.6895992159843445	0.1463216990232467	0.7168187499046326	0.6906296610832214	0.7171036005020142	0.1439803838729858	0.6583065390586853	0.6585137844085693	sub-114935	ses-1		dir-AP	acq-multiband	space-ACPC			DSIStudio	autotrackgqi
Cerebellum_MiddleCerebellarPeduncle	dki_ad	DIPYDKI	/scratch/grmpy/SLURM_11194840_28/job-11194840-28-sub-114935/ds/inputs/data/qsiprep/qsiprep/sub-114935/ses-1/dwi/sub-114935_ses-1_acq-multiband_dir-AP_space-ACPC_desc-preproc_dwi.nii.gz	0.0	0.0014382899971678	0.0008543985313735	0.0012046761112287	0.0014382899971678	0.0012046761112287	0.0008543985313735	0.0016786467749625	0.0016786470077931	sub-114935	ses-1		dir-AP	acq-multiband	space-ACPC			DSIStudio	autotrackgqi
Cerebellum_MiddleCerebellarPeduncle	dki_ak	DIPYDKI	/scratch/grmpy/SLURM_11194840_28/job-11194840-28-sub-114935/ds/inputs/data/qsiprep/qsiprep/sub-114935/ses-1/dwi/sub-114935_ses-1_acq-multiband_dir-AP_space-ACPC_desc-preproc_dwi.nii.gz	0.0001787789398408	0.9401527814775388	0.1859080157604881	0.9492077512506109	0.9403208910495509	0.9492188888635386	0.1854990388291675	0.893123317552778	0.8933878680247528	sub-114935	ses-1		dir-AP	acq-multiband	space-ACPC			DSIStudio	autotrackgqi
Cerebellum_MiddleCerebellarPeduncle	dki_fa	DIPYDKI	/scratch/grmpy/SLURM_11194840_28/job-11194840-28-sub-114935/ds/inputs/data/qsiprep/qsiprep/sub-114935/ses-1/dwi/sub-114935_ses-1_acq-multiband_dir-AP_space-ACPC_desc-preproc_dwi.nii.gz	0.0	0.3441109955310821	0.1610854417085647	0.3045867681503296	0.3441109955310821	0.3045867681503296	0.1610854417085647	0.4130415916442871	0.4130416214466095	sub-114935	ses-1		dir-AP	acq-multiband	space-ACPC			DSIStudio	autotrackgqi
Cerebellum_MiddleCerebellarPeduncle	dki_kfa	DIPYDKI	/scratch/grmpy/SLURM_11194840_28/job-11194840-28-sub-114935/ds/inputs/data/qsiprep/qsiprep/sub-114935/ses-1/dwi/sub-114935_ses-1_acq-multiband_dir-AP_space-ACPC_desc-preproc_dwi.nii.gz	0.0001787789398408	0.4528504908084869	0.157507836818695	0.4474813640117645	0.4529314637184143	0.4474823474884033	0.1574054509401321	0.4666348695755005	0.466643214225769	sub-114935	ses-1		dir-AP	acq-multiband	space-ACPC			DSIStudio	autotrackgqi
Cerebellum_MiddleCerebellarPeduncle	dki_linearity	DIPYDKI	/scratch/grmpy/SLURM_11194840_28/job-11194840-28-sub-114935/ds/inputs/data/qsiprep/qsiprep/sub-114935/ses-1/dwi/sub-114935_ses-1_acq-multiband_dir-AP_space-ACPC_desc-preproc_dwi.nii.gz	0.0	0.1555190980434417	0.1142589449882507	0.1231060028076171	0.1555190980434417	0.1231060028076171	0.1142589449882507	0.1990648061037063	0.1990648210048675	sub-114935	ses-1		dir-AP	acq-multiband	space-ACPC			DSIStudio	autotrackgqi
Cerebellum_MiddleCerebellarPeduncle	dki_md	DIPYDKI	/scratch/grmpy/SLURM_11194840_28/job-11194840-28-sub-114935/ds/inputs/data/qsiprep/qsiprep/sub-114935/ses-1/dwi/sub-114935_ses-1_acq-multiband_dir-AP_space-ACPC_desc-preproc_dwi.nii.gz	0.0	0.0010489304549992	0.0006990685360506	0.0008678850717842	0.0010489304549992	0.0008678850717842	0.0006990685360506	0.001171639887616	0.0011716400040313	sub-114935	ses-1		dir-AP	acq-multiband	space-ACPC			DSIStudio	autotrackgqi
Cerebellum_MiddleCerebellarPeduncle	dki_mk	DIPYDKI	/scratch/grmpy/SLURM_11194840_28/job-11194840-28-sub-114935/ds/inputs/data/qsiprep/qsiprep/sub-114935/ses-1/dwi/sub-114935_ses-1_acq-multiband_dir-AP_space-ACPC_desc-preproc_dwi.nii.gz	0.0001787789398408	1.078487428787329	0.225566651999999	1.087403552627939	1.0786802741031605	1.0874190287085077	0.225125285144861	1.1306180756834956	1.13095297311165	sub-114935	ses-1		dir-AP	acq-multiband	space-ACPC			DSIStudio	autotrackgqi
Cerebellum_MiddleCerebellarPeduncle	dki_mkt	DIPYDKI	/scratch/grmpy/SLURM_11194840_28/job-11194840-28-sub-114935/ds/inputs/data/qsiprep/qsiprep/sub-114935/ses-1/dwi/sub-114935_ses-1_acq-multiband_dir-AP_space-ACPC_desc-preproc_dwi.nii.gz	0.0	1.0850746548654513	0.1833008941379659	1.104308514091361	1.0850746548654513	1.104308514091361	0.1833008941379659	1.1202065036644684	1.1202066004694478	sub-114935	ses-1		dir-AP	acq-multiband	space-ACPC			DSIStudio	autotrackgqi
Cerebellum_MiddleCerebellarPeduncle	dki_planarity	DIPYDKI	/scratch/grmpy/SLURM_11194840_28/job-11194840-28-sub-114935/ds/inputs/data/qsiprep/qsiprep/sub-114935/ses-1/dwi/sub-114935_ses-1_acq-multiband_dir-AP_space-ACPC_desc-preproc_dwi.nii.gz	0.0	0.1676928400993347	0.1088365241885185	0.1462416797876358	0.1676928400993347	0.1462416797876358	0.1088365241885185	0.1899684220552444	0.1899684369564056	sub-114935	ses-1		dir-AP	acq-multiband	space-ACPC			DSIStudio	autotrackgqi
Cerebellum_MiddleCerebellarPeduncle	dki_rd	DIPYDKI	/scratch/grmpy/SLURM_11194840_28/job-11194840-28-sub-114935/ds/inputs/data/qsiprep/qsiprep/sub-114935/ses-1/dwi/sub-114935_ses-1_acq-multiband_dir-AP_space-ACPC_desc-preproc_dwi.nii.gz	0.0	0.0008542507421225	0.0006480237352661	0.000702925666701	0.0008542507421225	0.000702925666701	0.0006480237352661	0.0009181363275274	0.0009181363857351	sub-114935	ses-1		dir-AP	acq-multiband	space-ACPC			DSIStudio	autotrackgqi
Cerebellum_MiddleCerebellarPeduncle	dki_rk	DIPYDKI	/scratch/grmpy/SLURM_11194840_28/job-11194840-28-sub-114935/ds/inputs/data/qsiprep/qsiprep/sub-114935/ses-1/dwi/sub-114935_ses-1_acq-multiband_dir-AP_space-ACPC_desc-preproc_dwi.nii.gz	0.0001787789398408	1.2547136301995527	0.4978235935451262	1.1890655452532215	1.2549379866823778	1.1890940257024374	0.4975852602579403	1.4348881593676652	1.4353131829599397	sub-114935	ses-1		dir-AP	acq-multiband	space-ACPC			DSIStudio	autotrackgqi
Cerebellum_MiddleCerebellarPeduncle	dki_sphericity	DIPYDKI	/scratch/grmpy/SLURM_11194840_28/job-11194840-28-sub-114935/ds/inputs/data/qsiprep/qsiprep/sub-114935/ses-1/dwi/sub-114935_ses-1_acq-multiband_dir-AP_space-ACPC_desc-preproc_dwi.nii.gz	0.0	0.6767880916595459	0.1600365787744522	0.7174273729324341	0.6767880916595459	0.7174273729324341	0.1600365787744522	0.6109668016433716	0.6109668016433716	sub-114935	ses-1		dir-AP	acq-multiband	space-ACPC			DSIStudio	autotrackgqi
Cerebellum_Vermis	dki_ad	DIPYDKI	/scratch/grmpy/SLURM_11194840_28/job-11194840-28-sub-114935/ds/inputs/data/qsiprep/qsiprep/sub-114935/ses-1/dwi/sub-114935_ses-1_acq-multiband_dir-AP_space-ACPC_desc-preproc_dwi.nii.gz	0.0017851346965271	0.0011675915447995	0.0003862601006403	0.0010686288587749	0.0011696795700117	0.0010689767077565	0.0003834336239378	0.0011017504148185	0.0011021147947758	sub-114935	ses-1		dir-AP	acq-multiband	space-ACPC			DSIStudio	autotrackgqi
Cerebellum_Vermis	dki_ak	DIPYDKI	/scratch/grmpy/SLURM_11194840_28/job-11194840-28-sub-114935/ds/inputs/data/qsiprep/qsiprep/sub-114935/ses-1/dwi/sub-114935_ses-1_acq-multiband_dir-AP_space-ACPC_desc-preproc_dwi.nii.gz	0.003245699448231	0.9668388175038368	0.172310322885509	0.9685189842058548	0.969987104112446	0.9689546165829848	0.163504529992592	0.956789049959873	0.9573450063657254	sub-114935	ses-1		dir-AP	acq-multiband	space-ACPC			DSIStudio	autotrackgqi
Cerebellum_Vermis	dki_fa	DIPYDKI	/scratch/grmpy/SLURM_11194840_28/job-11194840-28-sub-114935/ds/inputs/data/qsiprep/qsiprep/sub-114935/ses-1/dwi/sub-114935_ses-1_acq-multiband_dir-AP_space-ACPC_desc-preproc_dwi.nii.gz	0.0017851346965271	0.2589979767799377	0.0920028090476989	0.2478480637073516	0.2594611644744873	0.2479429990053177	0.0914301872253418	0.2526465654373169	0.252730131149292	sub-114935	ses-1		dir-AP	acq-multiband	space-ACPC			DSIStudio	autotrackgqi
Cerebellum_Vermis	dki_kfa	DIPYDKI	/scratch/grmpy/SLURM_11194840_28/job-11194840-28-sub-114935/ds/inputs/data/qsiprep/qsiprep/sub-114935/ses-1/dwi/sub-114935_ses-1_acq-multiband_dir-AP_space-ACPC_desc-preproc_dwi.nii.gz	0.0025965595585848	0.4295825362205505	0.1370518803596496	0.4219968616962433	0.4307008981704712	0.4224761128425598	0.1354638189077377	0.4296488165855407	0.429800808429718	sub-114935	ses-1		dir-AP	acq-multiband	space-ACPC			DSIStudio	autotrackgqi
Cerebellum_Vermis	dki_linearity	DIPYDKI	/scratch/grmpy/SLURM_11194840_28/job-11194840-28-sub-114935/ds/inputs/data/qsiprep/qsiprep/sub-114935/ses-1/dwi/sub-114935_ses-1_acq-multiband_dir-AP_space-ACPC_desc-preproc_dwi.nii.gz	0.0017851346965271	0.1074542328715324	0.0589118190109729	0.1028147190809249	0.1076463982462883	0.1029523387551307	0.0587888024747371	0.1080034598708152	0.1080391705036163	sub-114935	ses-1		dir-AP	acq-multiband	space-ACPC			DSIStudio	autotrackgqi
Cerebellum_Vermis	dki_md	DIPYDKI	/scratch/grmpy/SLURM_11194840_28/job-11194840-28-sub-114935/ds/inputs/data/qsiprep/qsiprep/sub-114935/ses-1/dwi/sub-114935_ses-1_acq-multiband_dir-AP_space-ACPC_desc-preproc_dwi.nii.gz	0.0017851346965271	0.0009146358352154	0.0002972858492285	0.0008367802365683	0.0009162714704871	0.0008370956638827	0.0002950223861262	0.0008658440783619	0.0008661304600536	sub-114935	ses-1		dir-AP	acq-multiband	space-ACPC			DSIStudio	autotrackgqi
Cerebellum_Vermis	dki_mk	DIPYDKI	/scratch/grmpy/SLURM_11194840_28/job-11194840-28-sub-114935/ds/inputs/data/qsiprep/qsiprep/sub-114935/ses-1/dwi/sub-114935_ses-1_acq-multiband_dir-AP_space-ACPC_desc-preproc_dwi.nii.gz	0.003245699448231	1.008678371630329	0.1646676024959544	1.0119788225880926	1.011962899053417	1.0126964392018534	0.1545312088203247	0.9972563784182812	0.9978358490382236	sub-114935	ses-1		dir-AP	acq-multiband	space-ACPC			DSIStudio	autotrackgqi
Cerebellum_Vermis	dki_mkt	DIPYDKI	/scratch/grmpy/SLURM_11194840_28/job-11194840-28-sub-114935/ds/inputs/data/qsiprep/qsiprep/sub-114935/ses-1/dwi/sub-114935_ses-1_acq-multiband_dir-AP_space-ACPC_desc-preproc_dwi.nii.gz	0.0017851346965271	1.029615602825572	0.1563193767226786	1.0293657548222508	1.03145689231201	1.0295519444377736	0.1502672150437429	1.015176232471104	1.0155119249613889	sub-114935	ses-1		dir-AP	acq-multiband	space-ACPC			DSIStudio	autotrackgqi
Cerebellum_Vermis	dki_planarity	DIPYDKI	/scratch/grmpy/SLURM_11194840_28/job-11194840-28-sub-114935/ds/inputs/data/qsiprep/qsiprep/sub-114935/ses-1/dwi/sub-114935_ses-1_acq-multiband_dir-AP_space-ACPC_desc-preproc_dwi.nii.gz	0.0024342745861733	0.1309593021869659	0.0859578847885131	0.1142207235097885	0.1312788724899292	0.1143709197640419	0.0858186185359954	0.1184974089264869	0.1185389757156372	sub-114935	ses-1		dir-AP	acq-multiband	space-ACPC			DSIStudio	autotrackgqi
Cerebellum_Vermis	dki_rd	DIPYDKI	/scratch/grmpy/SLURM_11194840_28/job-11194840-28-sub-114935/ds/inputs/data/qsiprep/qsiprep/sub-114935/ses-1/dwi/sub-114935_ses-1_acq-multiband_dir-AP_space-ACPC_desc-preproc_dwi.nii.gz	0.0017851346965271	0.000788157864008	0.0002677529118955	0.0007194802747108	0.0007895673625171	0.0007196294609457	0.0002659077581483	0.0007478909683413	0.0007481382926926	sub-114935	ses-1		dir-AP	acq-multiband	space-ACPC			DSIStudio	autotrackgqi
Cerebellum_Vermis	dki_rk	DIPYDKI	/scratch/grmpy/SLURM_11194840_28/job-11194840-28-sub-114935/ds/inputs/data/qsiprep/qsiprep/sub-114935/ses-1/dwi/sub-114935_ses-1_acq-multiband_dir-AP_space-ACPC_desc-preproc_dwi.nii.gz	0.003245699448231	1.0539881454664772	0.284028180880232	1.064042199823569	1.057420213670536	1.064753420504975	0.2780387723728987	1.050677486244031	1.05128799802829	sub-114935	ses-1		dir-AP	acq-multiband	space-ACPC			DSIStudio	autotrackgqi
Cerebellum_Vermis	dki_sphericity	DIPYDKI	/scratch/grmpy/SLURM_11194840_28/job-11194840-28-sub-114935/ds/inputs/data/qsiprep/qsiprep/sub-114935/ses-1/dwi/sub-114935_ses-1_acq-multiband_dir-AP_space-ACPC_desc-preproc_dwi.nii.gz	0.0017851346965271	0.7598013877868652	0.1038280576467514	0.780087947845459	0.761160135269165	0.7803604602813721	0.0988195389509201	0.7731685638427734	0.7734242677688599	sub-114935	ses-1		dir-AP	acq-multiband	space-ACPC			DSIStudio	autotrackgqi
Cerebellum_CerebellumL	dki_ad	DIPYDKI	/scratch/grmpy/SLURM_11194840_28/job-11194840-28-sub-114935/ds/inputs/data/qsiprep/qsiprep/sub-114935/ses-1/dwi/sub-114935_ses-1_acq-multiband_dir-AP_space-ACPC_desc-preproc_dwi.nii.gz	0.007262917617763	0.0011597309494391	0.0004079701611772	0.0010670502670109	0.0011682156473398	0.0010685158194974	0.0003971717669628	0.0011235550045967	0.0011251051910221	sub-114935	ses-1		dir-AP	acq-multiband	space-ACPC			DSIStudio	autotrackgqi
Cerebellum_CerebellumL	dki_ak	DIPYDKI	/scratch/grmpy/SLURM_11194840_28/job-11194840-28-sub-114935/ds/inputs/data/qsiprep/qsiprep/sub-114935/ses-1/dwi/sub-114935_ses-1_acq-multiband_dir-AP_space-ACPC_desc-preproc_dwi.nii.gz	0.007366673583731	0.9328869969372444	0.1827375083433225	0.94248329606792	0.939810272444984	0.9441231833312606	0.1647247778532323	0.948107458065612	0.9494194942444673	sub-114935	ses-1		dir-AP	acq-multiband	space-ACPC			DSIStudio	autotrackgqi
Cerebellum_CerebellumL	dki_fa	DIPYDKI	/scratch/grmpy/SLURM_11194840_28/job-11194840-28-sub-114935/ds/inputs/data/qsiprep/qsiprep/sub-114935/ses-1/dwi/sub-114935_ses-1_acq-multiband_dir-AP_space-ACPC_desc-preproc_dwi.nii.gz	0.007262917617763	0.2480631321668625	0.1035608276724815	0.2328908145427703	0.2498779743909835	0.2336573898792266	0.1017340645194053	0.2481561452150344	0.2484985142946243	sub-114935	ses-1		dir-AP	acq-multiband	space-ACPC			DSIStudio	autotrackgqi
Cerebellum_CerebellumL	dki_kfa	DIPYDKI	/scratch/grmpy/SLURM_11194840_28/job-11194840-28-sub-114935/ds/inputs/data/qsiprep/qsiprep/sub-114935/ses-1/dwi/sub-114935_ses-1_acq-multiband_dir-AP_space-ACPC_desc-preproc_dwi.nii.gz	0.0083004772774434	0.4055566787719726	0.1513293981552124	0.3964232802391052	0.4089511930942535	0.3978215456008911	0.1473230570554733	0.408963680267334	0.4097248613834381	sub-114935	ses-1		dir-AP	acq-multiband	space-ACPC			DSIStudio	autotrackgqi
Cerebellum_CerebellumL	dki_linearity	DIPYDKI	/scratch/grmpy/SLURM_11194840_28/job-11194840-28-sub-114935/ds/inputs/data/qsiprep/qsiprep/sub-114935/ses-1/dwi/sub-114935_ses-1_acq-multiband_dir-AP_space-ACPC_desc-preproc_dwi.nii.gz	0.007262917617763	0.1059593483805656	0.0643408298492431	0.0976120680570602	0.1067345514893531	0.0979310646653175	0.063931904733181	0.1053676009178161	0.1055129691958427	sub-114935	ses-1		dir-AP	acq-multiband	space-ACPC			DSIStudio	autotrackgqi
Cerebellum_CerebellumL	dki_md	DIPYDKI	/scratch/grmpy/SLURM_11194840_28/job-11194840-28-sub-114935/ds/inputs/data/qsiprep/qsiprep/sub-114935/ses-1/dwi/sub-114935_ses-1_acq-multiband_dir-AP_space-ACPC_desc-preproc_dwi.nii.gz	0.007262917617763	0.0009170503471978	0.0003392113721929	0.0008375968318432	0.0009237595368176	0.0008387643611058	0.0003312227199785	0.0008891592733561	0.0008903859998099	sub-114935	ses-1		dir-AP	acq-multiband	space-ACPC			DSIStudio	autotrackgqi
Cerebellum_CerebellumL	dki_mk	DIPYDKI	/scratch/grmpy/SLURM_11194840_28/job-11194840-28-sub-114935/ds/inputs/data/qsiprep/qsiprep/sub-114935/ses-1/dwi/sub-114935_ses-1_acq-multiband_dir-AP_space-ACPC_desc-preproc_dwi.nii.gz	0.007366673583731	0.989705974756423	0.1970102293419376	1.0078627002199898	0.99705092345588	1.00867279316733	0.1782632531973941	0.9988859050341288	1.0002682109619565	sub-114935	ses-1		dir-AP	acq-multiband	space-ACPC			DSIStudio	autotrackgqi
Cerebellum_CerebellumL	dki_mkt	DIPYDKI	/scratch/grmpy/SLURM_11194840_28/job-11194840-28-sub-114935/ds/inputs/data/qsiprep/qsiprep/sub-114935/ses-1/dwi/sub-114935_ses-1_acq-multiband_dir-AP_space-ACPC_desc-preproc_dwi.nii.gz	0.007262917617763	1.001066909091067	0.1818414982951281	1.0191308062526736	1.0083907681667752	1.020225704898087	0.1610060050628814	1.011735437720087	1.0131312915047526	sub-114935	ses-1		dir-AP	acq-multiband	space-ACPC			DSIStudio	autotrackgqi
Cerebellum_CerebellumL	dki_planarity	DIPYDKI	/scratch/grmpy/SLURM_11194840_28/job-11194840-28-sub-114935/ds/inputs/data/qsiprep/qsiprep/sub-114935/ses-1/dwi/sub-114935_ses-1_acq-multiband_dir-AP_space-ACPC_desc-preproc_dwi.nii.gz	0.007262917617763	0.1191444620490074	0.0785922035574913	0.102857694029808	0.1200161278247833	0.1035395413637161	0.0782132297754287	0.1188192144036293	0.1189831420779228	sub-114935	ses-1		dir-AP	acq-multiband	space-ACPC			DSIStudio	autotrackgqi
Cerebellum_CerebellumL	dki_rd	DIPYDKI	/scratch/grmpy/SLURM_11194840_28/job-11194840-28-sub-114935/ds/inputs/data/qsiprep/qsiprep/sub-114935/ses-1/dwi/sub-114935_ses-1_acq-multiband_dir-AP_space-ACPC_desc-preproc_dwi.nii.gz	0.007262917617763	0.0007957101333886	0.0003205547109246	0.0007217426318675	0.0008015315979719	0.0007226672023534	0.0003143898793496	0.0007719612913206	0.0007730263751	sub-114935	ses-1		dir-AP	acq-multiband	space-ACPC			DSIStudio	autotrackgqi
Cerebellum_CerebellumL	dki_rk	DIPYDKI	/scratch/grmpy/SLURM_11194840_28/job-11194840-28-sub-114935/ds/inputs/data/qsiprep/qsiprep/sub-114935/ses-1/dwi/sub-114935_ses-1_acq-multiband_dir-AP_space-ACPC_desc-preproc_dwi.nii.gz	0.007366673583731	1.0623979734838953	0.336568473790919	1.0730179712588328	1.0702823945267883	1.075239346674005	0.3250853088814114	1.0640213109779493	1.0654937544407732	sub-114935	ses-1		dir-AP	acq-multiband	space-ACPC			DSIStudio	autotrackgqi
Cerebellum_CerebellumL	dki_sphericity	DIPYDKI	/scratch/grmpy/SLURM_11194840_28/job-11194840-28-sub-114935/ds/inputs/data/qsiprep/qsiprep/sub-114935/ses-1/dwi/sub-114935_ses-1_acq-multiband_dir-AP_space-ACPC_desc-preproc_dwi.nii.gz	0.007262917617763	0.7676332592964172	0.1200036332011222	0.7923362255096436	0.7732492685317993	0.7931860685348511	0.1008148118853569	0.7744355201721191	0.775503933429718	sub-114935	ses-1		dir-AP	acq-multiband	space-ACPC			DSIStudio	autotrackgqi
CranialNerve_CNVIIL	dki_ad	DIPYDKI	/scratch/grmpy/SLURM_11194840_28/job-11194840-28-sub-114935/ds/inputs/data/qsiprep/qsiprep/sub-114935/ses-1/dwi/sub-114935_ses-1_acq-multiband_dir-AP_space-ACPC_desc-preproc_dwi.nii.gz	0.0110410094637223	0.0018519982695579	0.0012105337809771	0.0014348290860652	0.0018726745620369	0.0014418297214433	0.0012012626975774	0.0015799775719642	0.0015878349076956	sub-114935	ses-1		dir-AP	acq-multiband	space-ACPC			DSIStudio	autotrackgqi
CranialNerve_CNVIIL	dki_ak	DIPYDKI	/scratch/grmpy/SLURM_11194840_28/job-11194840-28-sub-114935/ds/inputs/data/qsiprep/qsiprep/sub-114935/ses-1/dwi/sub-114935_ses-1_acq-multiband_dir-AP_space-ACPC_desc-preproc_dwi.nii.gz	0.0126182965299684	0.8640995395945428	0.2292552046691143	0.8912760507091284	0.8751423452123644	0.8931491254956769	0.2087237148480175	0.9201738056069368	0.9250025357567032	sub-114935	ses-1		dir-AP	acq-multiband	space-ACPC			DSIStudio	autotrackgqi
CranialNerve_CNVIIL	dki_fa	DIPYDKI	/scratch/grmpy/SLURM_11194840_28/job-11194840-28-sub-114935/ds/inputs/data/qsiprep/qsiprep/sub-114935/ses-1/dwi/sub-114935_ses-1_acq-multiband_dir-AP_space-ACPC_desc-preproc_dwi.nii.gz	0.0110410094637223	0.3273678719997406	0.1639615595340728	0.3021845817565918	0.3310226798057556	0.3046351671218872	0.1611635684967041	0.3411438167095184	0.342840313911438	sub-114935	ses-1		dir-AP	acq-multiband	space-ACPC			DSIStudio	autotrackgqi
CranialNerve_CNVIIL	dki_kfa	DIPYDKI	/scratch/grmpy/SLURM_11194840_28/job-11194840-28-sub-114935/ds/inputs/data/qsiprep/qsiprep/sub-114935/ses-1/dwi/sub-114935_ses-1_acq-multiband_dir-AP_space-ACPC_desc-preproc_dwi.nii.gz	0.0110410094637223	0.4318016767501831	0.186003178358078	0.4523913264274597	0.4366224408149719	0.4546180963516235	0.1813245266675949	0.453879714012146	0.4561368227005005	sub-114935	ses-1		dir-AP	acq-multiband	space-ACPC			DSIStudio	autotrackgqi
CranialNerve_CNVIIL	dki_linearity	DIPYDKI	/scratch/grmpy/SLURM_11194840_28/job-11194840-28-sub-114935/ds/inputs/data/qsiprep/qsiprep/sub-114935/ses-1/dwi/sub-114935_ses-1_acq-multiband_dir-AP_space-ACPC_desc-preproc_dwi.nii.gz	0.0110410094637223	0.1484044045209884	0.111062966287136	0.1239944845438003	0.15006123483181	0.1254238933324813	0.1105625107884407	0.1517678201198578	0.1525225639343261	sub-114935	ses-1		dir-AP	acq-multiband	space-ACPC			DSIStudio	autotrackgqi
CranialNerve_CNVIIL	dki_md	DIPYDKI	/scratch/grmpy/SLURM_11194840_28/job-11194840-28-sub-114935/ds/inputs/data/qsiprep/qsiprep/sub-114935/ses-1/dwi/sub-114935_ses-1_acq-multiband_dir-AP_space-ACPC_desc-preproc_dwi.nii.gz	0.0110410094637223	0.0013995672343298	0.0010429659159854	0.0009737751679494	0.0014151923824101	0.0009766815928742	0.0010381761239841	0.0011719150934368	0.0011777430772781	sub-114935	ses-1		dir-AP	acq-multiband	space-ACPC			DSIStudio	autotrackgqi
CranialNerve_CNVIIL	dki_mk	DIPYDKI	/scratch/grmpy/SLURM_11194840_28/job-11194840-28-sub-114935/ds/inputs/data/qsiprep/qsiprep/sub-114935/ses-1/dwi/sub-114935_ses-1_acq-multiband_dir-AP_space-ACPC_desc-preproc_dwi.nii.gz	0.0126182965299684	0.9941165951674248	0.2680895059189451	1.0271418565379742	1.0068209606008742	1.0312508228504893	0.2449478588847242	1.0512681200383536	1.0567847842116014	sub-114935	ses-1		dir-AP	acq-multiband	space-ACPC			DSIStudio	autotrackgqi
CranialNerve_CNVIIL	dki_mkt	DIPYDKI	/scratch/grmpy/SLURM_11194840_28/job-11194840-28-sub-114935/ds/inputs/data/qsiprep/qsiprep/sub-114935/ses-1/dwi/sub-114935_ses-1_acq-multiband_dir-AP_space-ACPC_desc-preproc_dwi.nii.gz	0.0110410094637223	0.9992960129030146	0.2694965036046128	1.048785750387716	1.0104524277201137	1.0517400000712402	0.2493314701637808	1.0558744604814088	1.0611253093476485	sub-114935	ses-1		dir-AP	acq-multiband	space-ACPC			DSIStudio	autotrackgqi
CranialNerve_CNVIIL	dki_planarity	DIPYDKI	/scratch/grmpy/SLURM_11194840_28/job-11194840-28-sub-114935/ds/inputs/data/qsiprep/qsiprep/sub-114935/ses-1/dwi/sub-114935_ses-1_acq-multiband_dir-AP_space-ACPC_desc-preproc_dwi.nii.gz	0.0110410094637223	0.1567989885807037	0.0990810319781303	0.1406442523002624	0.1585495322942733	0.1415603458881378	0.0982298478484153	0.1681031584739685	0.1689391434192657	sub-114935	ses-1		dir-AP	acq-multiband	space-ACPC			DSIStudio	autotrackgqi
CranialNerve_CNVIIL	dki_rd	DIPYDKI	/scratch/grmpy/SLURM_11194840_28/job-11194840-28-sub-114935/ds/inputs/data/qsiprep/qsiprep/sub-114935/ses-1/dwi/sub-114935_ses-1_acq-multiband_dir-AP_space-ACPC_desc-preproc_dwi.nii.gz	0.0110410094637223	0.0011733516585081	0.0009803291177377	0.0007769170915707	0.0011864512925967	0.0007785967900417	0.0009778713574633	0.0009678837377578	0.0009726971038617	sub-114935	ses-1		dir-AP	acq-multiband	space-ACPC			DSIStudio	autotrackgqi
CranialNerve_CNVIIL	dki_rk	DIPYDKI	/scratch/grmpy/SLURM_11194840_28/job-11194840-28-sub-114935/ds/inputs/data/qsiprep/qsiprep/sub-114935/ses-1/dwi/sub-114935_ses-1_acq-multiband_dir-AP_space-ACPC_desc-preproc_dwi.nii.gz	0.0126182965299684	1.142308736487777	0.5287275896527791	1.068801578792022	1.156906931203276	1.0783193584603097	0.5159812709524345	1.185743291835737	1.191965631506267	sub-114935	ses-1		dir-AP	acq-multiband	space-ACPC			DSIStudio	autotrackgqi
CranialNerve_CNVIIL	dki_sphericity	DIPYDKI	/scratch/grmpy/SLURM_11194840_28/job-11194840-28-sub-114935/ds/inputs/data/qsiprep/qsiprep/sub-114935/ses-1/dwi/sub-114935_ses-1_acq-multiband_dir-AP_space-ACPC_desc-preproc_dwi.nii.gz	0.0110410094637223	0.6837555766105652	0.1686777472496032	0.7201148867607117	0.6913892030715942	0.7207702398300171	0.1532710641622543	0.6751806735992432	0.6785383224487305	sub-114935	ses-1		dir-AP	acq-multiband	space-ACPC			DSIStudio	autotrackgqi
CranialNerve_CNIIIL	dki_ad	DIPYDKI	/scratch/grmpy/SLURM_11194840_28/job-11194840-28-sub-114935/ds/inputs/data/qsiprep/qsiprep/sub-114935/ses-1/dwi/sub-114935_ses-1_acq-multiband_dir-AP_space-ACPC_desc-preproc_dwi.nii.gz	0.0	0.002160508884117	0.0015258394414559	0.0015895671676844	0.002160508884117	0.0015895671676844	0.0015258394414559	0.0018323498079553	0.0018323498079553	sub-114935	ses-1		dir-AP	acq-multiband	space-ACPC			DSIStudio	autotrackgqi
CranialNerve_CNIIIL	dki_ak	DIPYDKI	/scratch/grmpy/SLURM_11194840_28/job-11194840-28-sub-114935/ds/inputs/data/qsiprep/qsiprep/sub-114935/ses-1/dwi/sub-114935_ses-1_acq-multiband_dir-AP_space-ACPC_desc-preproc_dwi.nii.gz	0.0	0.8086243740421329	0.2349106662383267	0.8244870805674724	0.8086243740421329	0.8244870805674724	0.2349106662383267	0.8180129727324905	0.8180129727324905	sub-114935	ses-1		dir-AP	acq-multiband	space-ACPC			DSIStudio	autotrackgqi
CranialNerve_CNIIIL	dki_fa	DIPYDKI	/scratch/grmpy/SLURM_11194840_28/job-11194840-28-sub-114935/ds/inputs/data/qsiprep/qsiprep/sub-114935/ses-1/dwi/sub-114935_ses-1_acq-multiband_dir-AP_space-ACPC_desc-preproc_dwi.nii.gz	0.0	0.3837330043315887	0.1647130250930786	0.3647465705871582	0.3837330043315887	0.3647465705871582	0.1647130250930786	0.3749743103981018	0.3749743103981018	sub-114935	ses-1		dir-AP	acq-multiband	space-ACPC			DSIStudio	autotrackgqi
CranialNerve_CNIIIL	dki_kfa	DIPYDKI	/scratch/grmpy/SLURM_11194840_28/job-11194840-28-sub-114935/ds/inputs/data/qsiprep/qsiprep/sub-114935/ses-1/dwi/sub-114935_ses-1_acq-multiband_dir-AP_space-ACPC_desc-preproc_dwi.nii.gz	0.0102941176470588	0.4966764152050018	0.2181823551654815	0.5095001459121704	0.5018424391746521	0.5116338133811951	0.2133217006921768	0.5062010884284973	0.519027829170227	sub-114935	ses-1		dir-AP	acq-multiband	space-ACPC			DSIStudio	autotrackgqi
CranialNerve_CNIIIL	dki_linearity	DIPYDKI	/scratch/grmpy/SLURM_11194840_28/job-11194840-28-sub-114935/ds/inputs/data/qsiprep/qsiprep/sub-114935/ses-1/dwi/sub-114935_ses-1_acq-multiband_dir-AP_space-ACPC_desc-preproc_dwi.nii.gz	0.0	0.1638372093439102	0.116413690149784	0.1353119164705276	0.1638372093439102	0.1353119164705276	0.116413690149784	0.1542457640171051	0.1542457640171051	sub-114935	ses-1		dir-AP	acq-multiband	space-ACPC			DSIStudio	autotrackgqi
CranialNerve_CNIIIL	dki_md	DIPYDKI	/scratch/grmpy/SLURM_11194840_28/job-11194840-28-sub-114935/ds/inputs/data/qsiprep/qsiprep/sub-114935/ses-1/dwi/sub-114935_ses-1_acq-multiband_dir-AP_space-ACPC_desc-preproc_dwi.nii.gz	0.0	0.0015914405230432	0.0012757645454257	0.0010358709841966	0.0015914405230432	0.0010358709841966	0.0012757645454257	0.0013388723600655	0.0013388723600655	sub-114935	ses-1		dir-AP	acq-multiband	space-ACPC			DSIStudio	autotrackgqi
CranialNerve_CNIIIL	dki_mk	DIPYDKI	/scratch/grmpy/SLURM_11194840_28/job-11194840-28-sub-114935/ds/inputs/data/qsiprep/qsiprep/sub-114935/ses-1/dwi/sub-114935_ses-1_acq-multiband_dir-AP_space-ACPC_desc-preproc_dwi.nii.gz	0.0	0.8154728712335698	0.3628573098744572	0.8797185538023762	0.8154728712335698	0.8797185538023762	0.3628573098744572	0.7917306112217453	0.7917306112217453	sub-114935	ses-1		dir-AP	acq-multiband	space-ACPC			DSIStudio	autotrackgqi
CranialNerve_CNIIIL	dki_mkt	DIPYDKI	/scratch/grmpy/SLURM_11194840_28/job-11194840-28-sub-114935/ds/inputs/data/qsiprep/qsiprep/sub-114935/ses-1/dwi/sub-114935_ses-1_acq-multiband_dir-AP_space-ACPC_desc-preproc_dwi.nii.gz	0.0	0.8939970873054338	0.285117457281176	0.9390691287437772	0.8939970873054338	0.9390691287437772	0.285117457281176	0.8655202646198923	0.8655202646198923	sub-114935	ses-1		dir-AP	acq-multiband	space-ACPC			DSIStudio	autotrackgqi
CranialNerve_CNIIIL	dki_planarity	DIPYDKI	/scratch/grmpy/SLURM_11194840_28/job-11194840-28-sub-114935/ds/inputs/data/qsiprep/qsiprep/sub-114935/ses-1/dwi/sub-114935_ses-1_acq-multiband_dir-AP_space-ACPC_desc-preproc_dwi.nii.gz	0.0	0.2151549458503723	0.1288259178400039	0.184574693441391	0.2151549458503723	0.184574693441391	0.1288259178400039	0.2199877649545669	0.2199877649545669	sub-114935	ses-1		dir-AP	acq-multiband	space-ACPC			DSIStudio	autotrackgqi
CranialNerve_CNIIIL	dki_rd	DIPYDKI	/scratch/grmpy/SLURM_11194840_28/job-11194840-28-sub-114935/ds/inputs/data/qsiprep/qsiprep/sub-114935/ses-1/dwi/sub-114935_ses-1_acq-multiband_dir-AP_space-ACPC_desc-preproc_dwi.nii.gz	0.0	0.0013069064589217	0.0011720708571374	0.0008130737696774	0.0013069064589217	0.0008130737696774	0.0011720708571374	0.001092133577913	0.001092133577913	sub-114935	ses-1		dir-AP	acq-multiband	space-ACPC			DSIStudio	autotrackgqi
CranialNerve_CNIIIL	dki_rk	DIPYDKI	/scratch/grmpy/SLURM_11194840_28/job-11194840-28-sub-114935/ds/inputs/data/qsiprep/qsiprep/sub-114935/ses-1/dwi/sub-114935_ses-1_acq-multiband_dir-AP_space-ACPC_desc-preproc_dwi.nii.gz	0.0	0.8522046995629073	0.5716782261676155	0.8676421813828177	0.8522046995629073	0.8676421813828177	0.5716782261676155	0.8078118158312865	0.8078118158312865	sub-114935	ses-1		dir-AP	acq-multiband	space-ACPC			DSIStudio	autotrackgqi
CranialNerve_CNIIIL	dki_sphericity	DIPYDKI	/scratch/grmpy/SLURM_11194840_28/job-11194840-28-sub-114935/ds/inputs/data/qsiprep/qsiprep/sub-114935/ses-1/dwi/sub-114935_ses-1_acq-multiband_dir-AP_space-ACPC_desc-preproc_dwi.nii.gz	0.0	0.6210078597068787	0.1745217591524124	0.6528149843215942	0.6210078597068787	0.6528149843215942	0.1745217591524124	0.6257664561271667	0.6257664561271667	sub-114935	ses-1		dir-AP	acq-multiband	space-ACPC			DSIStudio	autotrackgqi
CranialNerve_CNVIIIL	dki_ad	DIPYDKI	/scratch/grmpy/SLURM_11194840_28/job-11194840-28-sub-114935/ds/inputs/data/qsiprep/qsiprep/sub-114935/ses-1/dwi/sub-114935_ses-1_acq-multiband_dir-AP_space-ACPC_desc-preproc_dwi.nii.gz	0.0052390307793058	0.0014959584223106	0.000804636219982	0.0012824679724872	0.0015038370620459	0.0012844665907323	0.0007993754697963	0.0016703872242942	0.0016771375667303	sub-114935	ses-1		dir-AP	acq-multiband	space-ACPC			DSIStudio	autotrackgqi
CranialNerve_CNVIIIL	dki_ak	DIPYDKI	/scratch/grmpy/SLURM_11194840_28/job-11194840-28-sub-114935/ds/inputs/data/qsiprep/qsiprep/sub-114935/ses-1/dwi/sub-114935_ses-1_acq-multiband_dir-AP_space-ACPC_desc-preproc_dwi.nii.gz	0.0052390307793058	0.9097211530614012	0.2099594770488191	0.9164521651385898	0.9145123112078734	0.9181482406741676	0.1998338743303155	0.8686768648404743	0.8721874555159377	sub-114935	ses-1		dir-AP	acq-multiband	space-ACPC			DSIStudio	autotrackgqi
CranialNerve_CNVIIIL	dki_fa	DIPYDKI	/scratch/grmpy/SLURM_11194840_28/job-11194840-28-sub-114935/ds/inputs/data/qsiprep/qsiprep/sub-114935/ses-1/dwi/sub-114935_ses-1_acq-multiband_dir-AP_space-ACPC_desc-preproc_dwi.nii.gz	0.0052390307793058	0.323026180267334	0.1529735773801803	0.2944577932357788	0.3247274458408355	0.2955805957317352	0.1515642255544662	0.3945203423500061	0.396114706993103	sub-114935	ses-1		dir-AP	acq-multiband	space-ACPC			DSIStudio	autotrackgqi
CranialNerve_CNVIIIL	dki_kfa	DIPYDKI	/scratch/grmpy/SLURM_11194840_28/job-11194840-28-sub-114935/ds/inputs/data/qsiprep/qsiprep/sub-114935/ses-1/dwi/sub-114935_ses-1_acq-multiband_dir-AP_space-ACPC_desc-preproc_dwi.nii.gz	0.0065487884741322	0.445976197719574	0.1669690907001495	0.45741868019104	0.4489160776138305	0.4588211178779602	0.1635319739580154	0.4695404767990112	0.4714992046356201	sub-114935	ses-1		dir-AP	acq-multiband	space-ACPC			DSIStudio	autotrackgqi
CranialNerve_CNVIIIL	dki_linearity	DIPYDKI	/scratch/grmpy/SLURM_11194840_28/job-11194840-28-sub-114935/ds/inputs/data/qsiprep/qsiprep/sub-114935/ses-1/dwi/sub-114935_ses-1_acq-multiband_dir-AP_space-ACPC_desc-preproc_dwi.nii.gz	0.0052390307793058	0.1405164748430252	0.1030137538909912	0.1110105216503143	0.1412565261125564	0.1117401644587516	0.102777361869812	0.1941492855548858	0.1949338912963867	sub-114935	ses-1		dir-AP	acq-multiband	space-ACPC			DSIStudio	autotrackgqi
CranialNerve_CNVIIIL	dki_md	DIPYDKI	/scratch/grmpy/SLURM_11194840_28/job-11194840-28-sub-114935/ds/inputs/data/qsiprep/qsiprep/sub-114935/ses-1/dwi/sub-114935_ses-1_acq-multiband_dir-AP_space-ACPC_desc-preproc_dwi.nii.gz	0.0052390307793058	0.0011184276081621	0.000673005299177	0.0009255108307115	0.0011243179906159	0.0009259866783395	0.0006698499200865	0.0011684802593663	0.0011732024140655	sub-114935	ses-1		dir-AP	acq-multiband	space-ACPC			DSIStudio	autotrackgqi
CranialNerve_CNVIIIL	dki_mk	DIPYDKI	/scratch/grmpy/SLURM_11194840_28/job-11194840-28-sub-114935/ds/inputs/data/qsiprep/qsiprep/sub-114935/ses-1/dwi/sub-114935_ses-1_acq-multiband_dir-AP_space-ACPC_desc-preproc_dwi.nii.gz	0.0052390307793058	1.0336034090326955	0.2380700559822084	1.0436818378103658	1.039047008290274	1.0446328860090182	0.2265385050342661	1.081311066271342	1.0856809773013318	sub-114935	ses-1		dir-AP	acq-multiband	space-ACPC			DSIStudio	autotrackgqi
CranialNerve_CNVIIIL	dki_mkt	DIPYDKI	/scratch/grmpy/SLURM_11194840_28/job-11194840-28-sub-114935/ds/inputs/data/qsiprep/qsiprep/sub-114935/ses-1/dwi/sub-114935_ses-1_acq-multiband_dir-AP_space-ACPC_desc-preproc_dwi.nii.gz	0.0052390307793058	1.0387566667668209	0.217874886934233	1.0563984599709986	1.0442274062889634	1.0579519893191311	0.2049555414905764	1.0676084219226083	1.0719229564508614	sub-114935	ses-1		dir-AP	acq-multiband	space-ACPC			DSIStudio	autotrackgqi
CranialNerve_CNVIIIL	dki_planarity	DIPYDKI	/scratch/grmpy/SLURM_11194840_28/job-11194840-28-sub-114935/ds/inputs/data/qsiprep/qsiprep/sub-114935/ses-1/dwi/sub-114935_ses-1_acq-multiband_dir-AP_space-ACPC_desc-preproc_dwi.nii.gz	0.0052390307793058	0.1643000841140747	0.1040067076683044	0.1409017294645309	0.1651653945446014	0.1418904662132263	0.1035926938056945	0.166330337524414	0.1670025289058685	sub-114935	ses-1		dir-AP	acq-multiband	space-ACPC			DSIStudio	autotrackgqi
CranialNerve_CNVIIIL	dki_rd	DIPYDKI	/scratch/grmpy/SLURM_11194840_28/job-11194840-28-sub-114935/ds/inputs/data/qsiprep/qsiprep/sub-114935/ses-1/dwi/sub-114935_ses-1_acq-multiband_dir-AP_space-ACPC_desc-preproc_dwi.nii.gz	0.0052390307793058	0.0009296622592955	0.0006316079525277	0.0007489263662137	0.0009345584549009	0.0007499244529753	0.0006296458304859	0.0009175267769023	0.0009212348377332	sub-114935	ses-1		dir-AP	acq-multiband	space-ACPC			DSIStudio	autotrackgqi
CranialNerve_CNVIIIL	dki_rk	DIPYDKI	/scratch/grmpy/SLURM_11194840_28/job-11194840-28-sub-114935/ds/inputs/data/qsiprep/qsiprep/sub-114935/ses-1/dwi/sub-114935_ses-1_acq-multiband_dir-AP_space-ACPC_desc-preproc_dwi.nii.gz	0.0052390307793058	1.1657662408402087	0.4652413817775589	1.0983542516287126	1.1719058918782086	1.1009831941499812	0.4586877022418882	1.3346545234328882	1.3400482731725938	sub-114935	ses-1		dir-AP	acq-multiband	space-ACPC			DSIStudio	autotrackgqi
CranialNerve_CNVIIIL	dki_sphericity	DIPYDKI	/scratch/grmpy/SLURM_11194840_28/job-11194840-28-sub-114935/ds/inputs/data/qsiprep/qsiprep/sub-114935/ses-1/dwi/sub-114935_ses-1_acq-multiband_dir-AP_space-ACPC_desc-preproc_dwi.nii.gz	0.0052390307793058	0.6899444460868835	0.1547944992780685	0.7216097116470337	0.6935781240463257	0.7217612862586975	0.1468580812215805	0.6354953050613403	0.6380635499954224	sub-114935	ses-1		dir-AP	acq-multiband	space-ACPC			DSIStudio	autotrackgqi
CranialNerve_CNVL	dki_ad	DIPYDKI	/scratch/grmpy/SLURM_11194840_28/job-11194840-28-sub-114935/ds/inputs/data/qsiprep/qsiprep/sub-114935/ses-1/dwi/sub-114935_ses-1_acq-multiband_dir-AP_space-ACPC_desc-preproc_dwi.nii.gz	0.0	0.0019474925938993	0.0012313835322856	0.0015380578115582	0.0019474925938993	0.0015380578115582	0.0012313835322856	0.0019594638142734	0.0019594638142734	sub-114935	ses-1		dir-AP	acq-multiband	space-ACPC			DSIStudio	autotrackgqi
CranialNerve_CNVL	dki_ak	DIPYDKI	/scratch/grmpy/SLURM_11194840_28/job-11194840-28-sub-114935/ds/inputs/data/qsiprep/qsiprep/sub-114935/ses-1/dwi/sub-114935_ses-1_acq-multiband_dir-AP_space-ACPC_desc-preproc_dwi.nii.gz	0.0009174311926605	0.8790086159375482	0.2398030542848654	0.8901006329272114	0.8798157863837719	0.890397844964267	0.2384284994144628	0.880501096965081	0.8805650265144171	sub-114935	ses-1		dir-AP	acq-multiband	space-ACPC			DSIStudio	autotrackgqi
CranialNerve_CNVL	dki_fa	DIPYDKI	/scratch/grmpy/SLURM_11194840_28/job-11194840-28-sub-114935/ds/inputs/data/qsiprep/qsiprep/sub-114935/ses-1/dwi/sub-114935_ses-1_acq-multiband_dir-AP_space-ACPC_desc-preproc_dwi.nii.gz	0.0009174311926605	0.3840660750865936	0.1843620836734771	0.3523653745651245	0.3844187557697296	0.3526500761508941	0.1840788125991821	0.4389732778072357	0.4390051662921905	sub-114935	ses-1		dir-AP	acq-multiband	space-ACPC			DSIStudio	autotrackgqi
CranialNerve_CNVL	dki_kfa	DIPYDKI	/scratch/grmpy/SLURM_11194840_28/job-11194840-28-sub-114935/ds/inputs/data/qsiprep/qsiprep/sub-114935/ses-1/dwi/sub-114935_ses-1_acq-multiband_dir-AP_space-ACPC_desc-preproc_dwi.nii.gz	0.0	0.4858120679855346	0.1915627717971801	0.4952385127544403	0.4858120679855346	0.4952385127544403	0.1915627717971801	0.515112042427063	0.515112042427063	sub-114935	ses-1		dir-AP	acq-multiband	space-ACPC			DSIStudio	autotrackgqi
CranialNerve_CNVL	dki_linearity	DIPYDKI	/scratch/grmpy/SLURM_11194840_28/job-11194840-28-sub-114935/ds/inputs/data/qsiprep/qsiprep/sub-114935/ses-1/dwi/sub-114935_ses-1_acq-multiband_dir-AP_space-ACPC_desc-preproc_dwi.nii.gz	0.0009174311926605	0.1820302307605743	0.13377046585083	0.1428827792406082	0.1821973770856857	0.1429014801979065	0.1337180435657501	0.2123692333698272	0.2123846709728241	sub-114935	ses-1		dir-AP	acq-multiband	space-ACPC			DSIStudio	autotrackgqi
CranialNerve_CNVL	dki_md	DIPYDKI	/scratch/grmpy/SLURM_11194840_28/job-11194840-28-sub-114935/ds/inputs/data/qsiprep/qsiprep/sub-114935/ses-1/dwi/sub-114935_ses-1_acq-multiband_dir-AP_space-ACPC_desc-preproc_dwi.nii.gz	0.0	0.0014091226039454	0.001065518008545	0.0009755479986779	0.0014091226039454	0.0009755479986779	0.001065518008545	0.0013537338236346	0.0013537338236346	sub-114935	ses-1		dir-AP	acq-multiband	space-ACPC			DSIStudio	autotrackgqi
CranialNerve_CNVL	dki_mk	DIPYDKI	/scratch/grmpy/SLURM_11194840_28/job-11194840-28-sub-114935/ds/inputs/data/qsiprep/qsiprep/sub-114935/ses-1/dwi/sub-114935_ses-1_acq-multiband_dir-AP_space-ACPC_desc-preproc_dwi.nii.gz	0.0009174311926605	0.992178690369098	0.3134471925514587	1.0324760219483822	0.9930897819121364	1.0334381508345976	0.3121451047427865	1.0613020650943683	1.0613791214579449	sub-114935	ses-1		dir-AP	acq-multiband	space-ACPC			DSIStudio	autotrackgqi
CranialNerve_CNVL	dki_mkt	DIPYDKI	/scratch/grmpy/SLURM_11194840_28/job-11194840-28-sub-114935/ds/inputs/data/qsiprep/qsiprep/sub-114935/ses-1/dwi/sub-114935_ses-1_acq-multiband_dir-AP_space-ACPC_desc-preproc_dwi.nii.gz	0.0	1.0339359414327982	0.3696906468344051	1.067773369558502	1.0339359414327982	1.067773369558502	0.3696906468344051	1.0697613219049928	1.0697613219049928	sub-114935	ses-1		dir-AP	acq-multiband	space-ACPC			DSIStudio	autotrackgqi
CranialNerve_CNVL	dki_planarity	DIPYDKI	/scratch/grmpy/SLURM_11194840_28/job-11194840-28-sub-114935/ds/inputs/data/qsiprep/qsiprep/sub-114935/ses-1/dwi/sub-114935_ses-1_acq-multiband_dir-AP_space-ACPC_desc-preproc_dwi.nii.gz	0.0009174311926605	0.1808986216783523	0.1132756620645523	0.1578412503004074	0.1810647398233413	0.157862514257431	0.1131948754191398	0.2036138772964477	0.203628659248352	sub-114935	ses-1		dir-AP	acq-multiband	space-ACPC			DSIStudio	autotrackgqi
CranialNerve_CNVL	dki_rd	DIPYDKI	/scratch/grmpy/SLURM_11194840_28/job-11194840-28-sub-114935/ds/inputs/data/qsiprep/qsiprep/sub-114935/ses-1/dwi/sub-114935_ses-1_acq-multiband_dir-AP_space-ACPC_desc-preproc_dwi.nii.gz	0.0	0.0011399375507608	0.0010087024420499	0.0007516582263633	0.0011399375507608	0.0007516582263633	0.0010087024420499	0.0010508688865229	0.0010508688865229	sub-114935	ses-1		dir-AP	acq-multiband	space-ACPC			DSIStudio	autotrackgqi
CranialNerve_CNVL	dki_rk	DIPYDKI	/scratch/grmpy/SLURM_11194840_28/job-11194840-28-sub-114935/ds/inputs/data/qsiprep/qsiprep/sub-114935/ses-1/dwi/sub-114935_ses-1_acq-multiband_dir-AP_space-ACPC_desc-preproc_dwi.nii.gz	0.0009174311926605	1.1582588133604332	0.6145676180397701	1.098514288790832	1.159322411903464	1.099024686079249	0.6138461772877923	1.3592210581068631	1.3593197448252965	sub-114935	ses-1		dir-AP	acq-multiband	space-ACPC			DSIStudio	autotrackgqi
CranialNerve_CNVL	dki_sphericity	DIPYDKI	/scratch/grmpy/SLURM_11194840_28/job-11194840-28-sub-114935/ds/inputs/data/qsiprep/qsiprep/sub-114935/ses-1/dwi/sub-114935_ses-1_acq-multiband_dir-AP_space-ACPC_desc-preproc_dwi.nii.gz	0.0	0.6370711922645569	0.1812210530042648	0.6730409264564514	0.6370711922645569	0.6730409264564514	0.1812210530042648	0.5840169191360474	0.5840169191360474	sub-114935	ses-1		dir-AP	acq-multiband	space-ACPC			DSIStudio	autotrackgqi
CranialNerve_CNIIR	dki_ad	DIPYDKI	/scratch/grmpy/SLURM_11194840_28/job-11194840-28-sub-114935/ds/inputs/data/qsiprep/qsiprep/sub-114935/ses-1/dwi/sub-114935_ses-1_acq-multiband_dir-AP_space-ACPC_desc-preproc_dwi.nii.gz	0.0	0.0022463875357061	0.0014611725928261	0.0017184260068461	0.0022463875357061	0.0017184260068461	0.0014611725928261	0.002441766206175	0.002441766206175	sub-114935	ses-1		dir-AP	acq-multiband	space-ACPC			DSIStudio	autotrackgqi
CranialNerve_CNIIR	dki_ak	DIPYDKI	/scratch/grmpy/SLURM_11194840_28/job-11194840-28-sub-114935/ds/inputs/data/qsiprep/qsiprep/sub-114935/ses-1/dwi/sub-114935_ses-1_acq-multiband_dir-AP_space-ACPC_desc-preproc_dwi.nii.gz	0.0007987220447284	0.6965602565307468	0.1827804834673936	0.6942244502250617	0.697117059293761	0.6943430726677563	0.181789037159683	0.6832912791737649	0.6832960837514849	sub-114935	ses-1		dir-AP	acq-multiband	space-ACPC			DSIStudio	autotrackgqi
CranialNerve_CNIIR	dki_fa	DIPYDKI	/scratch/grmpy/SLURM_11194840_28/job-11194840-28-sub-114935/ds/inputs/data/qsiprep/qsiprep/sub-114935/ses-1/dwi/sub-114935_ses-1_acq-multiband_dir-AP_space-ACPC_desc-preproc_dwi.nii.gz	0.0	0.3195853233337402	0.1671684384346008	0.2832234799861908	0.3195853233337402	0.2832234799861908	0.1671684384346008	0.3675821423530578	0.3675821423530578	sub-114935	ses-1		dir-AP	acq-multiband	space-ACPC			DSIStudio	autotrackgqi
CranialNerve_CNIIR	dki_kfa	DIPYDKI	/scratch/grmpy/SLURM_11194840_28/job-11194840-28-sub-114935/ds/inputs/data/qsiprep/qsiprep/sub-114935/ses-1/dwi/sub-114935_ses-1_acq-multiband_dir-AP_space-ACPC_desc-preproc_dwi.nii.gz	0.0039936102236421	0.4196889102458954	0.2117875218391418	0.4020613729953766	0.4213716983795166	0.4046884775161743	0.2105343490839004	0.4182791411876678	0.4184294939041137	sub-114935	ses-1		dir-AP	acq-multiband	space-ACPC			DSIStudio	autotrackgqi
CranialNerve_CNIIR	dki_linearity	DIPYDKI	/scratch/grmpy/SLURM_11194840_28/job-11194840-28-sub-114935/ds/inputs/data/qsiprep/qsiprep/sub-114935/ses-1/dwi/sub-114935_ses-1_acq-multiband_dir-AP_space-ACPC_desc-preproc_dwi.nii.gz	0.0	0.1515522003173828	0.1174821257591247	0.1194995194673538	0.1515522003173828	0.1194995194673538	0.1174821257591247	0.1909778267145156	0.1909778267145156	sub-114935	ses-1		dir-AP	acq-multiband	space-ACPC			DSIStudio	autotrackgqi
CranialNerve_CNIIR	dki_md	DIPYDKI	/scratch/grmpy/SLURM_11194840_28/job-11194840-28-sub-114935/ds/inputs/data/qsiprep/qsiprep/sub-114935/ses-1/dwi/sub-114935_ses-1_acq-multiband_dir-AP_space-ACPC_desc-preproc_dwi.nii.gz	0.0	0.0017299870960414	0.0012855560053139	0.0011539054103195	0.0017299870960414	0.0011539054103195	0.0012855560053139	0.001776176970452	0.001776176970452	sub-114935	ses-1		dir-AP	acq-multiband	space-ACPC			DSIStudio	autotrackgqi
CranialNerve_CNIIR	dki_mk	DIPYDKI	/scratch/grmpy/SLURM_11194840_28/job-11194840-28-sub-114935/ds/inputs/data/qsiprep/qsiprep/sub-114935/ses-1/dwi/sub-114935_ses-1_acq-multiband_dir-AP_space-ACPC_desc-preproc_dwi.nii.gz	0.0007987220447284	0.7890876426098223	0.2646320264693926	0.7898362682521655	0.7897184081115088	0.7899853984072535	0.2637953024781093	0.8431427520843876	0.8431486814430955	sub-114935	ses-1		dir-AP	acq-multiband	space-ACPC			DSIStudio	autotrackgqi
CranialNerve_CNIIR	dki_mkt	DIPYDKI	/scratch/grmpy/SLURM_11194840_28/job-11194840-28-sub-114935/ds/inputs/data/qsiprep/qsiprep/sub-114935/ses-1/dwi/sub-114935_ses-1_acq-multiband_dir-AP_space-ACPC_desc-preproc_dwi.nii.gz	0.0	0.799988469808626	0.2321935397516664	0.8002657014999907	0.799988469808626	0.8002657014999907	0.2321935397516664	0.8295779635987295	0.8295779635987295	sub-114935	ses-1		dir-AP	acq-multiband	space-ACPC			DSIStudio	autotrackgqi
CranialNerve_CNIIR	dki_planarity	DIPYDKI	/scratch/grmpy/SLURM_11194840_28/job-11194840-28-sub-114935/ds/inputs/data/qsiprep/qsiprep/sub-114935/ses-1/dwi/sub-114935_ses-1_acq-multiband_dir-AP_space-ACPC_desc-preproc_dwi.nii.gz	0.0	0.1372261196374893	0.0996176600456237	0.1145551055669784	0.1372261196374893	0.1145551055669784	0.0996176600456237	0.1231166124343872	0.1231166124343872	sub-114935	ses-1		dir-AP	acq-multiband	space-ACPC			DSIStudio	autotrackgqi
CranialNerve_CNIIR	dki_rd	DIPYDKI	/scratch/grmpy/SLURM_11194840_28/job-11194840-28-sub-114935/ds/inputs/data/qsiprep/qsiprep/sub-114935/ses-1/dwi/sub-114935_ses-1_acq-multiband_dir-AP_space-ACPC_desc-preproc_dwi.nii.gz	0.0	0.0014717869926244	0.0012172732967883	0.0009519082959741	0.0014717869926244	0.0009519082959741	0.0012172732967883	0.0014433822361752	0.0014433822361752	sub-114935	ses-1		dir-AP	acq-multiband	space-ACPC			DSIStudio	autotrackgqi
CranialNerve_CNIIR	dki_rk	DIPYDKI	/scratch/grmpy/SLURM_11194840_28/job-11194840-28-sub-114935/ds/inputs/data/qsiprep/qsiprep/sub-114935/ses-1/dwi/sub-114935_ses-1_acq-multiband_dir-AP_space-ACPC_desc-preproc_dwi.nii.gz	0.0007987220447284	0.8998958188988386	0.4803009670472466	0.8537348315891231	0.900615160081012	0.8537492108111228	0.479818270874284	1.0574305379585458	1.0574379752170189	sub-114935	ses-1		dir-AP	acq-multiband	space-ACPC			DSIStudio	autotrackgqi
CranialNerve_CNIIR	dki_sphericity	DIPYDKI	/scratch/grmpy/SLURM_11194840_28/job-11194840-28-sub-114935/ds/inputs/data/qsiprep/qsiprep/sub-114935/ses-1/dwi/sub-114935_ses-1_acq-multiband_dir-AP_space-ACPC_desc-preproc_dwi.nii.gz	0.0	0.7112216353416443	0.1573990881443023	0.7441030740737915	0.7112216353416443	0.7441030740737915	0.1573990881443023	0.6859055757522583	0.6859055757522583	sub-114935	ses-1		dir-AP	acq-multiband	space-ACPC			DSIStudio	autotrackgqi
CranialNerve_CNIIL	dki_ad	DIPYDKI	/scratch/grmpy/SLURM_11194840_28/job-11194840-28-sub-114935/ds/inputs/data/qsiprep/qsiprep/sub-114935/ses-1/dwi/sub-114935_ses-1_acq-multiband_dir-AP_space-ACPC_desc-preproc_dwi.nii.gz	0.0	0.0020440178923308	0.0012936914572492	0.0015793272759765	0.0020440178923308	0.0015793272759765	0.0012936914572492	0.0022341853473335	0.0022341853473335	sub-114935	ses-1		dir-AP	acq-multiband	space-ACPC			DSIStudio	autotrackgqi
CranialNerve_CNIIL	dki_ak	DIPYDKI	/scratch/grmpy/SLURM_11194840_28/job-11194840-28-sub-114935/ds/inputs/data/qsiprep/qsiprep/sub-114935/ses-1/dwi/sub-114935_ses-1_acq-multiband_dir-AP_space-ACPC_desc-preproc_dwi.nii.gz	0.0	0.7272685922614648	0.1773968622776874	0.7240882090136703	0.7272685922614648	0.7240882090136703	0.1773968622776874	0.7166031013237815	0.7166031013237815	sub-114935	ses-1		dir-AP	acq-multiband	space-ACPC			DSIStudio	autotrackgqi
CranialNerve_CNIIL	dki_fa	DIPYDKI	/scratch/grmpy/SLURM_11194840_28/job-11194840-28-sub-114935/ds/inputs/data/qsiprep/qsiprep/sub-114935/ses-1/dwi/sub-114935_ses-1_acq-multiband_dir-AP_space-ACPC_desc-preproc_dwi.nii.gz	0.0	0.3183024525642395	0.1746545881032943	0.2793234586715698	0.3183024525642395	0.2793234586715698	0.1746545881032943	0.3739819526672363	0.3739819526672363	sub-114935	ses-1		dir-AP	acq-multiband	space-ACPC			DSIStudio	autotrackgqi
CranialNerve_CNIIL	dki_kfa	DIPYDKI	/scratch/grmpy/SLURM_11194840_28/job-11194840-28-sub-114935/ds/inputs/data/qsiprep/qsiprep/sub-114935/ses-1/dwi/sub-114935_ses-1_acq-multiband_dir-AP_space-ACPC_desc-preproc_dwi.nii.gz	0.0035460992907801	0.449664294719696	0.2131538391113281	0.4586368203163147	0.4512645006179809	0.4588144719600677	0.2118351310491562	0.4579245746135711	0.4580801129341125	sub-114935	ses-1		dir-AP	acq-multiband	space-ACPC			DSIStudio	autotrackgqi
CranialNerve_CNIIL	dki_linearity	DIPYDKI	/scratch/grmpy/SLURM_11194840_28/job-11194840-28-sub-114935/ds/inputs/data/qsiprep/qsiprep/sub-114935/ses-1/dwi/sub-114935_ses-1_acq-multiband_dir-AP_space-ACPC_desc-preproc_dwi.nii.gz	0.0	0.1435083895921707	0.1182588413357734	0.107399120926857	0.1435083895921707	0.107399120926857	0.1182588413357734	0.1860817670822143	0.1860817670822143	sub-114935	ses-1		dir-AP	acq-multiband	space-ACPC			DSIStudio	autotrackgqi
CranialNerve_CNIIL	dki_md	DIPYDKI	/scratch/grmpy/SLURM_11194840_28/job-11194840-28-sub-114935/ds/inputs/data/qsiprep/qsiprep/sub-114935/ses-1/dwi/sub-114935_ses-1_acq-multiband_dir-AP_space-ACPC_desc-preproc_dwi.nii.gz	0.0	0.0015726862475275	0.0011383148375898	0.0010597938671708	0.0015726862475275	0.0010597938671708	0.0011383148375898	0.0015964016783982	0.0015964016783982	sub-114935	ses-1		dir-AP	acq-multiband	space-ACPC			DSIStudio	autotrackgqi
CranialNerve_CNIIL	dki_mk	DIPYDKI	/scratch/grmpy/SLURM_11194840_28/job-11194840-28-sub-114935/ds/inputs/data/qsiprep/qsiprep/sub-114935/ses-1/dwi/sub-114935_ses-1_acq-multiband_dir-AP_space-ACPC_desc-preproc_dwi.nii.gz	0.0	0.7730746772659317	0.2626102586821564	0.7844782646374389	0.7730746772659317	0.7844782646374389	0.2626102586821564	0.8186999797746487	0.8186999797746487	sub-114935	ses-1		dir-AP	acq-multiband	space-ACPC			DSIStudio	autotrackgqi
CranialNerve_CNIIL	dki_mkt	DIPYDKI	/scratch/grmpy/SLURM_11194840_28/job-11194840-28-sub-114935/ds/inputs/data/qsiprep/qsiprep/sub-114935/ses-1/dwi/sub-114935_ses-1_acq-multiband_dir-AP_space-ACPC_desc-preproc_dwi.nii.gz	0.0	0.7975090142270539	0.221814890122257	0.8042630045258163	0.7975090142270539	0.8042630045258163	0.221814890122257	0.8294457942734431	0.8294457942734431	sub-114935	ses-1		dir-AP	acq-multiband	space-ACPC			DSIStudio	autotrackgqi
CranialNerve_CNIIL	dki_planarity	DIPYDKI	/scratch/grmpy/SLURM_11194840_28/job-11194840-28-sub-114935/ds/inputs/data/qsiprep/qsiprep/sub-114935/ses-1/dwi/sub-114935_ses-1_acq-multiband_dir-AP_space-ACPC_desc-preproc_dwi.nii.gz	0.0	0.1549059301614761	0.1120210438966751	0.1273302137851715	0.1549059301614761	0.1273302137851715	0.1120210438966751	0.1505529135465622	0.1505529135465622	sub-114935	ses-1		dir-AP	acq-multiband	space-ACPC			DSIStudio	autotrackgqi
CranialNerve_CNIIL	dki_rd	DIPYDKI	/scratch/grmpy/SLURM_11194840_28/job-11194840-28-sub-114935/ds/inputs/data/qsiprep/qsiprep/sub-114935/ses-1/dwi/sub-114935_ses-1_acq-multiband_dir-AP_space-ACPC_desc-preproc_dwi.nii.gz	0.0	0.0013370203087106	0.001085739582777	0.0008731894195079	0.0013370203087106	0.0008731894195079	0.001085739582777	0.0012775097275152	0.0012775097275152	sub-114935	ses-1		dir-AP	acq-multiband	space-ACPC			DSIStudio	autotrackgqi
CranialNerve_CNIIL	dki_rk	DIPYDKI	/scratch/grmpy/SLURM_11194840_28/job-11194840-28-sub-114935/ds/inputs/data/qsiprep/qsiprep/sub-114935/ses-1/dwi/sub-114935_ses-1_acq-multiband_dir-AP_space-ACPC_desc-preproc_dwi.nii.gz	0.0	0.8628540033513259	0.4912026806234323	0.8071521768717349	0.8628540033513259	0.8071521768717349	0.4912026806234323	0.9953009958077644	0.9953009958077644	sub-114935	ses-1		dir-AP	acq-multiband	space-ACPC			DSIStudio	autotrackgqi
CranialNerve_CNIIL	dki_sphericity	DIPYDKI	/scratch/grmpy/SLURM_11194840_28/job-11194840-28-sub-114935/ds/inputs/data/qsiprep/qsiprep/sub-114935/ses-1/dwi/sub-114935_ses-1_acq-multiband_dir-AP_space-ACPC_desc-preproc_dwi.nii.gz	0.0	0.7015857100486755	0.1700012534856796	0.7472208738327026	0.7015857100486755	0.7472208738327026	0.1700012534856796	0.6633653044700623	0.6633653044700623	sub-114935	ses-1		dir-AP	acq-multiband	space-ACPC			DSIStudio	autotrackgqi
CranialNerve_CNVIIIR	dki_ad	DIPYDKI	/scratch/grmpy/SLURM_11194840_28/job-11194840-28-sub-114935/ds/inputs/data/qsiprep/qsiprep/sub-114935/ses-1/dwi/sub-114935_ses-1_acq-multiband_dir-AP_space-ACPC_desc-preproc_dwi.nii.gz	0.0011117287381878	0.0015734506305307	0.0008061975822784	0.0013511315919458	0.0015752018662169	0.001351368962787	0.0008049344760365	0.0016800017328932	0.0016803729813545	sub-114935	ses-1		dir-AP	acq-multiband	space-ACPC			DSIStudio	autotrackgqi
CranialNerve_CNVIIIR	dki_ak	DIPYDKI	/scratch/grmpy/SLURM_11194840_28/job-11194840-28-sub-114935/ds/inputs/data/qsiprep/qsiprep/sub-114935/ses-1/dwi/sub-114935_ses-1_acq-multiband_dir-AP_space-ACPC_desc-preproc_dwi.nii.gz	0.0011117287381878	0.9185273277521796	0.192803747822481	0.9304607550660874	0.9195496174881308	0.931019777359748	0.1904589500214508	0.8719948220032661	0.8721875879773059	sub-114935	ses-1		dir-AP	acq-multiband	space-ACPC			DSIStudio	autotrackgqi
CranialNerve_CNVIIIR	dki_fa	DIPYDKI	/scratch/grmpy/SLURM_11194840_28/job-11194840-28-sub-114935/ds/inputs/data/qsiprep/qsiprep/sub-114935/ses-1/dwi/sub-114935_ses-1_acq-multiband_dir-AP_space-ACPC_desc-preproc_dwi.nii.gz	0.0011117287381878	0.3412578999996185	0.1639678031206131	0.3087233006954193	0.3416377007961273	0.3090763688087463	0.1636630892753601	0.377176284790039	0.3772596716880798	sub-114935	ses-1		dir-AP	acq-multiband	space-ACPC			DSIStudio	autotrackgqi
CranialNerve_CNVIIIR	dki_kfa	DIPYDKI	/scratch/grmpy/SLURM_11194840_28/job-11194840-28-sub-114935/ds/inputs/data/qsiprep/qsiprep/sub-114935/ses-1/dwi/sub-114935_ses-1_acq-multiband_dir-AP_space-ACPC_desc-preproc_dwi.nii.gz	0.0027793218454697	0.4533987939357757	0.1636729389429092	0.4576207995414734	0.4546624422073364	0.4583660662174225	0.1621387004852295	0.4461964666843414	0.4463869333267212	sub-114935	ses-1		dir-AP	acq-multiband	space-ACPC			DSIStudio	autotrackgqi
CranialNerve_CNVIIIR	dki_linearity	DIPYDKI	/scratch/grmpy/SLURM_11194840_28/job-11194840-28-sub-114935/ds/inputs/data/qsiprep/qsiprep/sub-114935/ses-1/dwi/sub-114935_ses-1_acq-multiband_dir-AP_space-ACPC_desc-preproc_dwi.nii.gz	0.0011117287381878	0.1511634588241577	0.1180310472846031	0.1173108294606208	0.1513316929340362	0.1173800528049469	0.1179888620972633	0.1815874427556991	0.1816275864839553	sub-114935	ses-1		dir-AP	acq-multiband	space-ACPC			DSIStudio	autotrackgqi
CranialNerve_CNVIIIR	dki_md	DIPYDKI	/scratch/grmpy/SLURM_11194840_28/job-11194840-28-sub-114935/ds/inputs/data/qsiprep/qsiprep/sub-114935/ses-1/dwi/sub-114935_ses-1_acq-multiband_dir-AP_space-ACPC_desc-preproc_dwi.nii.gz	0.0011117287381878	0.0011623481987044	0.000681989302393	0.0009549706592224	0.0011636419221758	0.0009554176940582	0.0006812647916376	0.0011993783991783	0.0011996433604508	sub-114935	ses-1		dir-AP	acq-multiband	space-ACPC			DSIStudio	autotrackgqi
CranialNerve_CNVIIIR	dki_mk	DIPYDKI	/scratch/grmpy/SLURM_11194840_28/job-11194840-28-sub-114935/ds/inputs/data/qsiprep/qsiprep/sub-114935/ses-1/dwi/sub-114935_ses-1_acq-multiband_dir-AP_space-ACPC_desc-preproc_dwi.nii.gz	0.0011117287381878	1.0365999551746807	0.222743731369528	1.05836158373477	1.0377536557369231	1.0586792913619003	0.2201652389524524	1.0629821037567648	1.0632170899270172	sub-114935	ses-1		dir-AP	acq-multiband	space-ACPC			DSIStudio	autotrackgqi
CranialNerve_CNVIIIR	dki_mkt	DIPYDKI	/scratch/grmpy/SLURM_11194840_28/job-11194840-28-sub-114935/ds/inputs/data/qsiprep/qsiprep/sub-114935/ses-1/dwi/sub-114935_ses-1_acq-multiband_dir-AP_space-ACPC_desc-preproc_dwi.nii.gz	0.0011117287381878	1.0464807267988607	0.1862781685106824	1.0744483862079537	1.0476454243245132	1.0745650740463428	0.1830791781121723	1.05351044771274	1.0537433400835132	sub-114935	ses-1		dir-AP	acq-multiband	space-ACPC			DSIStudio	autotrackgqi
CranialNerve_CNVIIIR	dki_planarity	DIPYDKI	/scratch/grmpy/SLURM_11194840_28/job-11194840-28-sub-114935/ds/inputs/data/qsiprep/qsiprep/sub-114935/ses-1/dwi/sub-114935_ses-1_acq-multiband_dir-AP_space-ACPC_desc-preproc_dwi.nii.gz	0.0011117287381878	0.1724663525819778	0.1074233278632164	0.1514177024364471	0.1726582944393158	0.1514788419008255	0.1073288097977638	0.1642219722270965	0.1642582714557647	sub-114935	ses-1		dir-AP	acq-multiband	space-ACPC			DSIStudio	autotrackgqi
CranialNerve_CNVIIIR	dki_rd	DIPYDKI	/scratch/grmpy/SLURM_11194840_28/job-11194840-28-sub-114935/ds/inputs/data/qsiprep/qsiprep/sub-114935/ses-1/dwi/sub-114935_ses-1_acq-multiband_dir-AP_space-ACPC_desc-preproc_dwi.nii.gz	0.0011117287381878	0.0009567969245836	0.0006489534280262	0.0007645160076208	0.00095786183374	0.0007646373705938	0.0006485285121016	0.0009590665576979	0.0009592786664143	sub-114935	ses-1		dir-AP	acq-multiband	space-ACPC			DSIStudio	autotrackgqi
CranialNerve_CNVIIIR	dki_rk	DIPYDKI	/scratch/grmpy/SLURM_11194840_28/job-11194840-28-sub-114935/ds/inputs/data/qsiprep/qsiprep/sub-114935/ses-1/dwi/sub-114935_ses-1_acq-multiband_dir-AP_space-ACPC_desc-preproc_dwi.nii.gz	0.0011117287381878	1.1725434052194752	0.4692962369201057	1.1192599351966686	1.1738484062269536	1.1195113199384985	0.4679232876431188	1.2946997183255349	1.2949859285168783	sub-114935	ses-1		dir-AP	acq-multiband	space-ACPC			DSIStudio	autotrackgqi
CranialNerve_CNVIIIR	dki_sphericity	DIPYDKI	/scratch/grmpy/SLURM_11194840_28/job-11194840-28-sub-114935/ds/inputs/data/qsiprep/qsiprep/sub-114935/ses-1/dwi/sub-114935_ses-1_acq-multiband_dir-AP_space-ACPC_desc-preproc_dwi.nii.gz	0.0011117287381878	0.6752585172653198	0.1603167653083801	0.7068650126457214	0.676010012626648	0.7072399854660034	0.1588144153356552	0.6539695858955383	0.6541141271591187	sub-114935	ses-1		dir-AP	acq-multiband	space-ACPC			DSIStudio	autotrackgqi
CranialNerve_CNVR	dki_ad	DIPYDKI	/scratch/grmpy/SLURM_11194840_28/job-11194840-28-sub-114935/ds/inputs/data/qsiprep/qsiprep/sub-114935/ses-1/dwi/sub-114935_ses-1_acq-multiband_dir-AP_space-ACPC_desc-preproc_dwi.nii.gz	0.0018281535648994	0.0018625149969011	0.0010055889142677	0.0015401546843349	0.0018659261986613	0.0015423791483044	0.0010033423313871	0.0017903461121022	0.001790931331925	sub-114935	ses-1		dir-AP	acq-multiband	space-ACPC			DSIStudio	autotrackgqi
CranialNerve_CNVR	dki_ak	DIPYDKI	/scratch/grmpy/SLURM_11194840_28/job-11194840-28-sub-114935/ds/inputs/data/qsiprep/qsiprep/sub-114935/ses-1/dwi/sub-114935_ses-1_acq-multiband_dir-AP_space-ACPC_desc-preproc_dwi.nii.gz	0.0036563071297989	0.8687526761771682	0.205841746771957	0.880013444382719	0.8719407593924973	0.8807092211307157	0.1993652283608051	0.8654718235537131	0.8664912332644533	sub-114935	ses-1		dir-AP	acq-multiband	space-ACPC			DSIStudio	autotrackgqi
CranialNerve_CNVR	dki_fa	DIPYDKI	/scratch/grmpy/SLURM_11194840_28/job-11194840-28-sub-114935/ds/inputs/data/qsiprep/qsiprep/sub-114935/ses-1/dwi/sub-114935_ses-1_acq-multiband_dir-AP_space-ACPC_desc-preproc_dwi.nii.gz	0.0027422303473491	0.4074904024600982	0.1743721961975097	0.3896779417991638	0.4086109101772308	0.3903857767581939	0.1732957661151886	0.4497593343257904	0.449955403804779	sub-114935	ses-1		dir-AP	acq-multiband	space-ACPC			DSIStudio	autotrackgqi
CranialNerve_CNVR	dki_kfa	DIPYDKI	/scratch/grmpy/SLURM_11194840_28/job-11194840-28-sub-114935/ds/inputs/data/qsiprep/qsiprep/sub-114935/ses-1/dwi/sub-114935_ses-1_acq-multiband_dir-AP_space-ACPC_desc-preproc_dwi.nii.gz	0.0018281535648994	0.4844794869422912	0.17023965716362	0.4943129420280456	0.4853668212890625	0.4944886565208435	0.1691270023584365	0.5064891576766968	0.5066547393798828	sub-114935	ses-1		dir-AP	acq-multiband	space-ACPC			DSIStudio	autotrackgqi
CranialNerve_CNVR	dki_linearity	DIPYDKI	/scratch/grmpy/SLURM_11194840_28/job-11194840-28-sub-114935/ds/inputs/data/qsiprep/qsiprep/sub-114935/ses-1/dwi/sub-114935_ses-1_acq-multiband_dir-AP_space-ACPC_desc-preproc_dwi.nii.gz	0.0027422303473491	0.1965106427669525	0.1323372721672058	0.1640284657478332	0.1970509886741638	0.1642055362462997	0.1321167349815368	0.2233178913593292	0.2234152406454086	sub-114935	ses-1		dir-AP	acq-multiband	space-ACPC			DSIStudio	autotrackgqi
CranialNerve_CNVR	dki_md	DIPYDKI	/scratch/grmpy/SLURM_11194840_28/job-11194840-28-sub-114935/ds/inputs/data/qsiprep/qsiprep/sub-114935/ses-1/dwi/sub-114935_ses-1_acq-multiband_dir-AP_space-ACPC_desc-preproc_dwi.nii.gz	0.0018281535648994	0.0013059250777587	0.0008577148546464	0.0009767723968252	0.0013083169469609	0.0009769347961992	0.0008566755568608	0.0012061201268807	0.0012065144255757	sub-114935	ses-1		dir-AP	acq-multiband	space-ACPC			DSIStudio	autotrackgqi
CranialNerve_CNVR	dki_mk	DIPYDKI	/scratch/grmpy/SLURM_11194840_28/job-11194840-28-sub-114935/ds/inputs/data/qsiprep/qsiprep/sub-114935/ses-1/dwi/sub-114935_ses-1_acq-multiband_dir-AP_space-ACPC_desc-preproc_dwi.nii.gz	0.0036563071297989	1.0381624070383382	0.2658500585351626	1.071061788873533	1.0419721773393964	1.0714744763585098	0.2587777837566624	1.117838044418431	1.119154707155499	sub-114935	ses-1		dir-AP	acq-multiband	space-ACPC			DSIStudio	autotrackgqi
CranialNerve_CNVR	dki_mkt	DIPYDKI	/scratch/grmpy/SLURM_11194840_28/job-11194840-28-sub-114935/ds/inputs/data/qsiprep/qsiprep/sub-114935/ses-1/dwi/sub-114935_ses-1_acq-multiband_dir-AP_space-ACPC_desc-preproc_dwi.nii.gz	0.0018281535648994	1.0591129415138532	0.3377282430552201	1.0920655867063769	1.061052708806003	1.0926101591935955	0.334979212171286	1.099434256920783	1.0997936823702783	sub-114935	ses-1		dir-AP	acq-multiband	space-ACPC			DSIStudio	autotrackgqi
CranialNerve_CNVR	dki_planarity	DIPYDKI	/scratch/grmpy/SLURM_11194840_28/job-11194840-28-sub-114935/ds/inputs/data/qsiprep/qsiprep/sub-114935/ses-1/dwi/sub-114935_ses-1_acq-multiband_dir-AP_space-ACPC_desc-preproc_dwi.nii.gz	0.0027422303473491	0.1848838180303573	0.1125711873173713	0.1645355522632599	0.1853922009468078	0.1647150367498397	0.1123070195317268	0.1974597573280334	0.1975458562374115	sub-114935	ses-1		dir-AP	acq-multiband	space-ACPC			DSIStudio	autotrackgqi
CranialNerve_CNVR	dki_rd	DIPYDKI	/scratch/grmpy/SLURM_11194840_28/job-11194840-28-sub-114935/ds/inputs/data/qsiprep/qsiprep/sub-114935/ses-1/dwi/sub-114935_ses-1_acq-multiband_dir-AP_space-ACPC_desc-preproc_dwi.nii.gz	0.0018281535648994	0.0010276302928104	0.0008143350132741	0.0007546842098236	0.0010295123793184	0.0007552178576588	0.0008138908888213	0.0009140070760622	0.000914305972401	sub-114935	ses-1		dir-AP	acq-multiband	space-ACPC			DSIStudio	autotrackgqi
CranialNerve_CNVR	dki_rk	DIPYDKI	/scratch/grmpy/SLURM_11194840_28/job-11194840-28-sub-114935/ds/inputs/data/qsiprep/qsiprep/sub-114935/ses-1/dwi/sub-114935_ses-1_acq-multiband_dir-AP_space-ACPC_desc-preproc_dwi.nii.gz	0.0036563071297989	1.2480470246938271	0.5567834771292721	1.2070906666976442	1.2526270137752724	1.2081133486531772	0.5526377346951374	1.4698430937522042	1.4715743707066216	sub-114935	ses-1		dir-AP	acq-multiband	space-ACPC			DSIStudio	autotrackgqi
CranialNerve_CNVR	dki_sphericity	DIPYDKI	/scratch/grmpy/SLURM_11194840_28/job-11194840-28-sub-114935/ds/inputs/data/qsiprep/qsiprep/sub-114935/ses-1/dwi/sub-114935_ses-1_acq-multiband_dir-AP_space-ACPC_desc-preproc_dwi.nii.gz	0.0018281535648994	0.6167774200439453	0.1719741821289062	0.6421046257019043	0.6179070472717285	0.6421870589256287	0.1700919866561889	0.5788955688476562	0.5790847539901733	sub-114935	ses-1		dir-AP	acq-multiband	space-ACPC			DSIStudio	autotrackgqi
CranialNerve_CNIIIR	dki_ad	DIPYDKI	/scratch/grmpy/SLURM_11194840_28/job-11194840-28-sub-114935/ds/inputs/data/qsiprep/qsiprep/sub-114935/ses-1/dwi/sub-114935_ses-1_acq-multiband_dir-AP_space-ACPC_desc-preproc_dwi.nii.gz	0.0	0.0024011249188333	0.0016868103994056	0.0016241070115938	0.0024011249188333	0.0016241070115938	0.0016868103994056	0.0025058186147361	0.0025058186147361	sub-114935	ses-1		dir-AP	acq-multiband	space-ACPC			DSIStudio	autotrackgqi
CranialNerve_CNIIIR	dki_ak	DIPYDKI	/scratch/grmpy/SLURM_11194840_28/job-11194840-28-sub-114935/ds/inputs/data/qsiprep/qsiprep/sub-114935/ses-1/dwi/sub-114935_ses-1_acq-multiband_dir-AP_space-ACPC_desc-preproc_dwi.nii.gz	0.0015015015015015	0.7590188254617051	0.2422571022624503	0.7663527481564523	0.7601602071541287	0.7665536344374216	0.2406431466751375	0.7351167107207268	0.7354908280745067	sub-114935	ses-1		dir-AP	acq-multiband	space-ACPC			DSIStudio	autotrackgqi
CranialNerve_CNIIIR	dki_fa	DIPYDKI	/scratch/grmpy/SLURM_11194840_28/job-11194840-28-sub-114935/ds/inputs/data/qsiprep/qsiprep/sub-114935/ses-1/dwi/sub-114935_ses-1_acq-multiband_dir-AP_space-ACPC_desc-preproc_dwi.nii.gz	0.0	0.3545178472995758	0.1522928178310394	0.3311536312103271	0.3545178472995758	0.3311536312103271	0.1522928178310394	0.3540152311325073	0.3540152311325073	sub-114935	ses-1		dir-AP	acq-multiband	space-ACPC			DSIStudio	autotrackgqi
CranialNerve_CNIIIR	dki_kfa	DIPYDKI	/scratch/grmpy/SLURM_11194840_28/job-11194840-28-sub-114935/ds/inputs/data/qsiprep/qsiprep/sub-114935/ses-1/dwi/sub-114935_ses-1_acq-multiband_dir-AP_space-ACPC_desc-preproc_dwi.nii.gz	0.006006006006006	0.4541172683238983	0.2011353820562362	0.4609124064445495	0.4568611979484558	0.4615645706653595	0.1986109167337417	0.4490141272544861	0.452127456665039	sub-114935	ses-1		dir-AP	acq-multiband	space-ACPC			DSIStudio	autotrackgqi
CranialNerve_CNIIIR	dki_linearity	DIPYDKI	/scratch/grmpy/SLURM_11194840_28/job-11194840-28-sub-114935/ds/inputs/data/qsiprep/qsiprep/sub-114935/ses-1/dwi/sub-114935_ses-1_acq-multiband_dir-AP_space-ACPC_desc-preproc_dwi.nii.gz	0.0	0.1514619588851928	0.1030866056680679	0.1290158927440643	0.1514619588851928	0.1290158927440643	0.1030866056680679	0.1558442711830139	0.1558442711830139	sub-114935	ses-1		dir-AP	acq-multiband	space-ACPC			DSIStudio	autotrackgqi
CranialNerve_CNIIIR	dki_md	DIPYDKI	/scratch/grmpy/SLURM_11194840_28/job-11194840-28-sub-114935/ds/inputs/data/qsiprep/qsiprep/sub-114935/ses-1/dwi/sub-114935_ses-1_acq-multiband_dir-AP_space-ACPC_desc-preproc_dwi.nii.gz	0.0	0.0018184694927185	0.0014326954260468	0.0010867456439882	0.0018184694927185	0.0010867456439882	0.0014326954260468	0.0018854429945349	0.0018854429945349	sub-114935	ses-1		dir-AP	acq-multiband	space-ACPC			DSIStudio	autotrackgqi
CranialNerve_CNIIIR	dki_mk	DIPYDKI	/scratch/grmpy/SLURM_11194840_28/job-11194840-28-sub-114935/ds/inputs/data/qsiprep/qsiprep/sub-114935/ses-1/dwi/sub-114935_ses-1_acq-multiband_dir-AP_space-ACPC_desc-preproc_dwi.nii.gz	0.0015015015015015	0.8117642822194933	0.3012008064014128	0.8495664765456388	0.8129849803882444	0.8517713852558377	0.2997764841488003	0.7767531657258513	0.7771484727310352	sub-114935	ses-1		dir-AP	acq-multiband	space-ACPC			DSIStudio	autotrackgqi
CranialNerve_CNIIIR	dki_mkt	DIPYDKI	/scratch/grmpy/SLURM_11194840_28/job-11194840-28-sub-114935/ds/inputs/data/qsiprep/qsiprep/sub-114935/ses-1/dwi/sub-114935_ses-1_acq-multiband_dir-AP_space-ACPC_desc-preproc_dwi.nii.gz	0.0	0.8520467578454729	0.271490008910743	0.8824278357598547	0.8520467578454729	0.8824278357598547	0.271490008910743	0.819825240385041	0.819825240385041	sub-114935	ses-1		dir-AP	acq-multiband	space-ACPC			DSIStudio	autotrackgqi
CranialNerve_CNIIIR	dki_planarity	DIPYDKI	/scratch/grmpy/SLURM_11194840_28/job-11194840-28-sub-114935/ds/inputs/data/qsiprep/qsiprep/sub-114935/ses-1/dwi/sub-114935_ses-1_acq-multiband_dir-AP_space-ACPC_desc-preproc_dwi.nii.gz	0.0	0.1901611238718032	0.1205416470766067	0.1669159978628158	0.1901611238718032	0.1669159978628158	0.1205416470766067	0.1780557036399841	0.1780557036399841	sub-114935	ses-1		dir-AP	acq-multiband	space-ACPC			DSIStudio	autotrackgqi
CranialNerve_CNIIIR	dki_rd	DIPYDKI	/scratch/grmpy/SLURM_11194840_28/job-11194840-28-sub-114935/ds/inputs/data/qsiprep/qsiprep/sub-114935/ses-1/dwi/sub-114935_ses-1_acq-multiband_dir-AP_space-ACPC_desc-preproc_dwi.nii.gz	0.0	0.0015271418960765	0.0013230484910309	0.0008712793351151	0.0015271418960765	0.0008712793351151	0.0013230484910309	0.001575255068019	0.001575255068019	sub-114935	ses-1		dir-AP	acq-multiband	space-ACPC			DSIStudio	autotrackgqi
CranialNerve_CNIIIR	dki_rk	DIPYDKI	/scratch/grmpy/SLURM_11194840_28/job-11194840-28-sub-114935/ds/inputs/data/qsiprep/qsiprep/sub-114935/ses-1/dwi/sub-114935_ses-1_acq-multiband_dir-AP_space-ACPC_desc-preproc_dwi.nii.gz	0.0015015015015015	0.8891243699792117	0.4780406494651967	0.8696380500291754	0.890461399107	0.8707769648239371	0.4771539930836242	0.8260084366630454	0.8264288111189393	sub-114935	ses-1		dir-AP	acq-multiband	space-ACPC			DSIStudio	autotrackgqi
CranialNerve_CNIIIR	dki_sphericity	DIPYDKI	/scratch/grmpy/SLURM_11194840_28/job-11194840-28-sub-114935/ds/inputs/data/qsiprep/qsiprep/sub-114935/ses-1/dwi/sub-114935_ses-1_acq-multiband_dir-AP_space-ACPC_desc-preproc_dwi.nii.gz	0.0	0.658376932144165	0.1587166935205459	0.6863647699356079	0.658376932144165	0.6863647699356079	0.1587166935205459	0.666100025177002	0.666100025177002	sub-114935	ses-1		dir-AP	acq-multiband	space-ACPC			DSIStudio	autotrackgqi
CranialNerve_CNVIIR	dki_ad	DIPYDKI	/scratch/grmpy/SLURM_11194840_28/job-11194840-28-sub-114935/ds/inputs/data/qsiprep/qsiprep/sub-114935/ses-1/dwi/sub-114935_ses-1_acq-multiband_dir-AP_space-ACPC_desc-preproc_dwi.nii.gz	0.0024691358024691	0.0019826719071716	0.001234121271409	0.0015215455787256	0.0019875795114785	0.0015232593286782	0.0012316942447796	0.0017710584215819	0.0017713846173137	sub-114935	ses-1		dir-AP	acq-multiband	space-ACPC			DSIStudio	autotrackgqi
CranialNerve_CNVIIR	dki_ak	DIPYDKI	/scratch/grmpy/SLURM_11194840_28/job-11194840-28-sub-114935/ds/inputs/data/qsiprep/qsiprep/sub-114935/ses-1/dwi/sub-114935_ses-1_acq-multiband_dir-AP_space-ACPC_desc-preproc_dwi.nii.gz	0.0024691358024691	0.8499650859097785	0.2054973306120394	0.874232287786342	0.8520689598848027	0.8750674433560252	0.2013480439070773	0.8788823428462795	0.8790441882398203	sub-114935	ses-1		dir-AP	acq-multiband	space-ACPC			DSIStudio	autotrackgqi
CranialNerve_CNVIIR	dki_fa	DIPYDKI	/scratch/grmpy/SLURM_11194840_28/job-11194840-28-sub-114935/ds/inputs/data/qsiprep/qsiprep/sub-114935/ses-1/dwi/sub-114935_ses-1_acq-multiband_dir-AP_space-ACPC_desc-preproc_dwi.nii.gz	0.0024691358024691	0.3325784504413605	0.1672784984111786	0.3015949428081512	0.3334016799926758	0.3025676310062408	0.1666640192270279	0.3631365895271301	0.3632034957408905	sub-114935	ses-1		dir-AP	acq-multiband	space-ACPC			DSIStudio	autotrackgqi
CranialNerve_CNVIIR	dki_kfa	DIPYDKI	/scratch/grmpy/SLURM_11194840_28/job-11194840-28-sub-114935/ds/inputs/data/qsiprep/qsiprep/sub-114935/ses-1/dwi/sub-114935_ses-1_acq-multiband_dir-AP_space-ACPC_desc-preproc_dwi.nii.gz	0.0024691358024691	0.4083963334560394	0.1751807034015655	0.4173837006092071	0.4094071984291076	0.4178242683410644	0.1742136031389236	0.4428524971008301	0.4429340362548828	sub-114935	ses-1		dir-AP	acq-multiband	space-ACPC			DSIStudio	autotrackgqi
CranialNerve_CNVIIR	dki_linearity	DIPYDKI	/scratch/grmpy/SLURM_11194840_28/job-11194840-28-sub-114935/ds/inputs/data/qsiprep/qsiprep/sub-114935/ses-1/dwi/sub-114935_ses-1_acq-multiband_dir-AP_space-ACPC_desc-preproc_dwi.nii.gz	0.0024691358024691	0.1473288685083389	0.1169246807694435	0.1132811531424522	0.1476935446262359	0.1137633845210075	0.1168390288949012	0.1540576517581939	0.1540860086679458	sub-114935	ses-1		dir-AP	acq-multiband	space-ACPC			DSIStudio	autotrackgqi
CranialNerve_CNVIIR	dki_md	DIPYDKI	/scratch/grmpy/SLURM_11194840_28/job-11194840-28-sub-114935/ds/inputs/data/qsiprep/qsiprep/sub-114935/ses-1/dwi/sub-114935_ses-1_acq-multiband_dir-AP_space-ACPC_desc-preproc_dwi.nii.gz	0.0024691358024691	0.0015152163105085	0.0011162757873535	0.0010108911665156	0.0015189668629318	0.001016070600599	0.0011151048820465	0.0013141289819031	0.0013143710093572	sub-114935	ses-1		dir-AP	acq-multiband	space-ACPC			DSIStudio	autotrackgqi
CranialNerve_CNVIIR	dki_mk	DIPYDKI	/scratch/grmpy/SLURM_11194840_28/job-11194840-28-sub-114935/ds/inputs/data/qsiprep/qsiprep/sub-114935/ses-1/dwi/sub-114935_ses-1_acq-multiband_dir-AP_space-ACPC_desc-preproc_dwi.nii.gz	0.0024691358024691	0.993789946023018	0.2536923416951564	1.0376661604950623	0.9962498221270356	1.0383440299934668	0.2491354241167157	1.0393398196367911	1.0395312126857852	sub-114935	ses-1		dir-AP	acq-multiband	space-ACPC			DSIStudio	autotrackgqi
CranialNerve_CNVIIR	dki_mkt	DIPYDKI	/scratch/grmpy/SLURM_11194840_28/job-11194840-28-sub-114935/ds/inputs/data/qsiprep/qsiprep/sub-114935/ses-1/dwi/sub-114935_ses-1_acq-multiband_dir-AP_space-ACPC_desc-preproc_dwi.nii.gz	0.0024691358024691	0.9967115916133522	0.2276036590891758	1.0474726986572616	0.9991786995133852	1.0485061423616	0.2224108141901689	1.0413102734249855	1.0415020293605783	sub-114935	ses-1		dir-AP	acq-multiband	space-ACPC			DSIStudio	autotrackgqi
CranialNerve_CNVIIR	dki_planarity	DIPYDKI	/scratch/grmpy/SLURM_11194840_28/job-11194840-28-sub-114935/ds/inputs/data/qsiprep/qsiprep/sub-114935/ses-1/dwi/sub-114935_ses-1_acq-multiband_dir-AP_space-ACPC_desc-preproc_dwi.nii.gz	0.0024691358024691	0.1676369905471801	0.1061208769679069	0.1487167328596115	0.1680519431829452	0.1487509459257125	0.105923481285572	0.199937105178833	0.1999739408493042	sub-114935	ses-1		dir-AP	acq-multiband	space-ACPC			DSIStudio	autotrackgqi
CranialNerve_CNVIIR	dki_rd	DIPYDKI	/scratch/grmpy/SLURM_11194840_28/job-11194840-28-sub-114935/ds/inputs/data/qsiprep/qsiprep/sub-114935/ses-1/dwi/sub-114935_ses-1_acq-multiband_dir-AP_space-ACPC_desc-preproc_dwi.nii.gz	0.0024691358024691	0.001281488337554	0.001075301785022	0.0008424699190072	0.0012846604222431	0.0008430803427472	0.0010747376363724	0.0010856642620638	0.0010858641471713	sub-114935	ses-1		dir-AP	acq-multiband	space-ACPC			DSIStudio	autotrackgqi
CranialNerve_CNVIIR	dki_rk	DIPYDKI	/scratch/grmpy/SLURM_11194840_28/job-11194840-28-sub-114935/ds/inputs/data/qsiprep/qsiprep/sub-114935/ses-1/dwi/sub-114935_ses-1_acq-multiband_dir-AP_space-ACPC_desc-preproc_dwi.nii.gz	0.0024691358024691	1.1444624812924868	0.4628183910345484	1.1208772540444554	1.147295309216478	1.121862005867717	0.4598706046780264	1.2139856228835246	1.2142091768378909	sub-114935	ses-1		dir-AP	acq-multiband	space-ACPC			DSIStudio	autotrackgqi
CranialNerve_CNVIIR	dki_sphericity	DIPYDKI	/scratch/grmpy/SLURM_11194840_28/job-11194840-28-sub-114935/ds/inputs/data/qsiprep/qsiprep/sub-114935/ses-1/dwi/sub-114935_ses-1_acq-multiband_dir-AP_space-ACPC_desc-preproc_dwi.nii.gz	0.0024691358024691	0.6825650334358215	0.1638104319572448	0.7102710008621216	0.6842545866966248	0.7107685804367065	0.1604500412940979	0.6458210945129395	0.6459400057792664	sub-114935	ses-1		dir-AP	acq-multiband	space-ACPC			DSIStudio	autotrackgqi
